asset,t,day,drop,f1,x1,f2,x2,f4,x4,f8,x8,f24,x24,quote
AAVE,2021-01-12 05:00:00,2021-01-12,14.695,-1.666,-1.692,0.428,0.375,-1.674,-1.778,-11.226,-11.430,-0.452,-1.059,USD
AAVE,2021-01-16 00:00:00,2021-01-16,14.064,-3.193,-3.219,-0.877,-0.930,3.898,3.794,14.508,14.304,9.005,8.398,USD
AAVE,2021-01-22 04:00:00,2021-01-22,12.994,3.722,3.696,3.688,3.635,3.367,3.263,7.548,7.344,12.412,11.805,USD
AAVE,2021-01-24 20:00:00,2021-01-24,13.059,-1.770,-1.796,-6.634,-6.687,-7.372,-7.476,-4.544,-4.749,-13.910,-14.517,USD
AAVE,2021-01-26 18:00:00,2021-01-26,13.695,-1.662,-1.689,-3.540,-3.593,-0.947,-1.051,-11.598,-11.802,-4.036,-4.643,USD
AAVE,2021-02-03 23:00:00,2021-02-03,14.094,8.873,8.847,6.726,6.673,4.496,4.392,9.154,8.949,21.842,21.235,USD
AAVE,2021-02-23 23:00:00,2021-02-23,17.288,-0.902,-0.928,3.155,3.102,10.566,10.463,8.688,8.483,1.103,0.496,USD
AAVE,2021-02-28 21:00:00,2021-02-28,15.690,-1.475,-1.501,-3.000,-3.053,2.167,2.063,1.694,1.490,2.688,2.081,USD
AAVE,2021-04-18 07:00:00,2021-04-18,16.751,-5.183,-5.209,-6.998,-7.050,-11.595,-11.699,-6.000,-6.204,-0.882,-1.489,USD
AAVE,2021-04-26 01:00:00,2021-04-26,14.698,1.384,1.358,0.448,0.395,4.150,4.046,5.714,5.510,5.314,4.707,USD
AAVE,2021-05-13 03:00:00,2021-05-13,20.190,-1.472,-1.498,1.642,1.589,-2.442,-2.546,-8.531,-8.735,-13.319,-13.926,USD
AAVE,2021-05-17 07:00:00,2021-05-17,14.270,3.712,3.685,3.557,3.504,4.583,4.479,-3.559,-3.763,17.535,16.928,USD
AAVE,2021-05-19 16:00:00,2021-05-19,13.528,-2.786,-2.813,-9.032,-9.085,-12.939,-13.043,-27.151,-27.355,-9.106,-9.713,USD
AAVE,2021-05-23 20:00:00,2021-05-23,16.606,2.653,2.627,2.220,2.167,7.512,7.408,6.690,6.485,39.580,38.973,USD
AAVE,2021-05-31 08:00:00,2021-05-31,14.386,-0.781,-0.807,2.594,2.541,0.843,0.739,3.383,3.179,4.419,3.812,USD
AAVE,2021-06-22 16:00:00,2021-06-22,14.431,1.831,1.805,4.313,4.260,5.047,4.944,4.999,4.794,4.680,4.073,USD
AAVE,2021-07-03 10:00:00,2021-07-03,13.014,-0.637,-0.663,-0.668,-0.720,0.084,-0.020,-0.568,-0.773,5.348,4.741,USD
AAVE,2021-09-14 16:00:00,2021-09-14,12.120,-0.827,-0.853,-0.729,-0.782,-1.289,-1.393,-1.888,-2.092,0.651,0.044,USD
AAVE,2021-09-26 12:00:00,2021-09-26,14.384,0.058,0.032,0.837,0.784,-0.095,-0.199,0.728,0.524,-0.034,-0.641,USD
AAVE,2021-10-27 06:00:00,2021-10-27,13.982,-1.496,-1.522,10.673,10.620,-2.120,-2.224,-6.725,-6.929,-15.312,-15.919,USD
AAVE,2021-12-18 00:00:00,2021-12-18,19.225,-5.098,-5.124,-6.004,-6.057,-3.500,-3.604,-4.650,-4.854,-5.626,-6.233,USD
AAVE,2022-03-29 13:00:00,2022-03-29,13.124,1.283,1.292,-0.415,-0.395,5.932,5.972,3.400,3.484,10.308,10.548,USD
AAVE,2022-04-01 16:00:00,2022-04-01,12.554,3.114,3.123,3.341,3.361,-0.455,-0.415,-0.176,-0.092,-3.920,-3.681,USD
AAVE,2022-05-12 00:00:00,2022-05-12,12.025,-4.760,-4.751,-7.572,-7.553,-16.626,-16.586,-18.271,-18.188,-7.374,-7.134,USD
AAVE,2022-05-13 05:00:00,2022-05-13,12.789,0.951,0.961,-2.720,-2.701,-1.701,-1.661,1.332,1.415,-7.656,-7.417,USD
AAVE,2022-06-14 05:00:00,2022-06-14,15.359,0.161,0.170,2.042,2.062,-3.184,-3.144,-3.280,-3.197,-9.021,-8.781,USD
AAVE,2022-06-20 08:00:00,2022-06-20,14.082,1.250,1.259,4.194,4.214,1.626,1.666,1.986,2.069,17.377,17.617,USD
AAVE,2022-06-21 13:00:00,2022-06-21,16.484,-4.421,-4.411,-5.941,-5.922,-8.700,-8.660,-13.133,-13.050,-15.853,-15.613,USD
AAVE,2022-07-07 16:00:00,2022-07-07,13.862,-2.327,-2.318,-1.136,-1.116,-2.992,-2.952,-0.305,-0.221,-1.385,-1.146,USD
AAVE,2022-07-14 17:00:00,2022-07-14,13.941,1.561,1.571,1.138,1.157,-2.008,-1.968,4.406,4.489,-1.316,-1.077,USD
AAVE,2022-07-27 20:00:00,2022-07-27,13.429,-0.573,-0.564,0.265,0.285,-0.913,-0.873,-1.550,-1.467,8.017,8.256,USD
AAVE,2022-07-31 10:00:00,2022-07-31,13.219,-2.053,-2.043,-3.583,-3.564,-5.389,-5.349,-4.380,-4.297,-12.326,-12.086,USD
AAVE,2023-06-25 02:00:00,2023-06-25,12.353,3.383,3.370,4.730,4.703,12.890,12.839,13.908,13.808,5.043,4.746,USD
AAVE,2023-11-02 04:00:00,2023-11-02,13.301,-3.830,-3.842,-5.163,-5.190,-3.368,-3.419,-5.343,-5.443,-10.095,-10.392,USD
AAVE,2023-12-28 03:00:00,2023-12-28,12.126,0.366,0.354,0.772,0.746,-3.241,-3.292,-4.093,-4.193,-9.174,-9.471,USD
AAVE,2024-08-05 15:00:00,2024-08-05,14.316,-0.593,-0.611,-0.270,-0.304,-0.766,-0.835,3.290,3.154,11.196,10.769,USD
AAVE,2024-08-19 18:00:00,2024-08-19,12.647,-3.593,-3.610,-3.838,-3.872,-3.503,-3.572,0.531,0.395,1.780,1.353,USD
AAVE,2024-12-12 03:00:00,2024-12-12,13.918,-0.432,-0.449,2.319,2.284,2.890,2.821,5.505,5.369,10.171,9.744,USD
AAVE,2025-01-19 15:00:00,2025-01-19,12.373,3.260,3.263,4.808,4.814,3.121,3.131,-6.547,-6.526,4.820,4.897,USD
AAVE,2025-03-02 17:00:00,2025-03-02,15.642,-1.881,-1.878,-0.839,-0.834,1.782,1.792,-2.454,-2.432,-10.437,-10.360,USD
AAVE,2025-03-04 17:00:00,2025-03-04,12.244,3.914,3.916,1.812,1.817,1.502,1.512,0.354,0.375,4.408,4.484,USD
ADA,2018-11-25 21:00:00,2018-11-25,14.471,-2.825,-2.764,-2.332,-2.240,-2.519,-2.372,-0.808,-0.541,-9.146,-8.483,USD
ADA,2018-12-17 14:00:00,2018-12-17,14.848,-5.549,-5.488,-4.722,-4.630,-0.357,-0.209,-4.344,-4.077,-0.914,-0.251,USD
ADA,2018-12-28 18:00:00,2018-12-28,12.901,0.094,0.155,1.598,1.691,-1.012,-0.865,,,1.016,1.679,USD
ADA,2019-04-03 01:00:00,2019-04-03,12.281,3.254,3.249,-0.598,-0.606,-4.219,-4.232,-2.369,-2.392,-0.640,-0.707,USD
ADA,2020-03-13 05:00:00,2020-03-13,13.334,5.302,5.275,9.228,9.175,15.753,15.648,16.125,15.915,16.865,16.240,USD
ADA,2020-05-31 07:00:00,2020-05-31,12.169,-3.199,-3.225,-2.408,-2.461,-0.014,-0.120,-5.337,-5.547,-6.878,-7.503,USD
ADA,2020-07-08 03:00:00,2020-07-08,13.680,-3.075,-3.101,-2.134,-2.186,0.304,0.199,-0.687,-0.897,-7.848,-8.473,USD
ADA,2020-11-24 00:00:00,2020-11-24,13.316,-1.416,-1.442,0.392,0.339,6.826,6.720,4.390,4.180,1.179,0.554,USD
ADA,2020-11-28 13:00:00,2020-11-28,16.909,-1.217,-1.244,-0.477,-0.530,-2.754,-2.859,-2.464,-2.675,-0.456,-1.081,USD
ADA,2021-01-06 12:00:00,2021-01-06,12.777,-0.907,-0.942,-8.131,-8.198,-4.998,-5.130,-2.809,-3.067,0.469,-0.309,USD
ADA,2021-01-16 11:00:00,2021-01-16,12.243,0.949,0.914,-0.367,-0.434,0.645,0.513,-0.314,-0.572,6.347,5.570,USD
ADA,2021-01-22 04:00:00,2021-01-22,12.053,2.192,2.157,1.981,1.913,1.480,1.348,4.844,4.586,10.288,9.510,USD
ADA,2021-02-01 23:00:00,2021-02-01,12.113,0.567,0.532,0.234,0.167,0.051,-0.081,4.233,3.974,4.038,3.260,USD
ADA,2021-02-06 19:00:00,2021-02-06,13.626,3.010,2.975,6.711,6.644,2.875,2.743,4.090,3.832,-0.235,-1.013,USD
ADA,2021-02-20 02:00:00,2021-02-20,13.949,-2.962,-2.997,-2.399,-2.466,-0.694,-0.825,0.059,-0.199,5.279,4.501,USD
ADA,2021-02-22 21:00:00,2021-02-22,15.049,-2.663,-2.698,-1.493,-1.560,-4.667,-4.799,-10.314,-10.572,-15.844,-16.622,USD
ADA,2021-02-26 09:00:00,2021-02-26,12.087,-0.476,-0.511,-1.964,-2.032,-2.976,-3.108,5.568,5.309,26.605,25.827,USD
ADA,2021-02-28 21:00:00,2021-02-28,12.270,-3.763,-3.797,-2.280,-2.347,-3.984,-4.115,-5.872,-6.130,-2.100,-2.878,USD
ADA,2021-03-16 17:00:00,2021-03-16,17.134,2.014,1.979,1.208,1.141,1.533,1.401,1.224,0.966,1.799,1.021,USD
ADA,2021-04-23 11:00:00,2021-04-23,12.281,-4.786,-4.820,-5.556,-5.624,-2.444,-2.575,0.458,0.200,-0.890,-1.668,USD
ADA,2021-05-06 10:00:00,2021-05-06,12.104,2.576,2.541,0.713,0.646,0.786,0.654,-4.342,-4.601,1.249,0.472,USD
ADA,2021-05-19 16:00:00,2021-05-19,44.089,-0.917,-0.952,-8.470,-8.537,-14.753,-14.885,-21.160,-21.418,-0.355,-1.133,USD
ADA,2021-05-23 20:00:00,2021-05-23,13.909,5.580,5.545,2.169,2.102,3.561,3.430,6.336,6.077,22.144,21.367,USD
ADA,2021-05-30 06:00:00,2021-05-30,13.345,-0.540,-0.574,-1.002,-1.070,-0.371,-0.503,-1.270,-1.528,-1.860,-2.638,USD
ADA,2021-06-22 16:00:00,2021-06-22,16.867,-0.533,-0.568,-0.618,-0.685,-2.091,-2.223,-2.325,-2.583,2.916,2.138,USD
ADA,2021-08-13 02:00:00,2021-08-13,12.361,0.892,0.857,1.623,1.556,1.601,1.469,4.505,4.246,8.629,7.851,USD
ADA,2021-08-19 19:00:00,2021-08-19,12.479,-1.101,-1.136,-0.281,-0.349,1.875,1.743,0.077,-0.182,4.188,3.410,USD
ADA,2021-09-11 11:00:00,2021-09-11,12.045,0.757,0.722,-0.456,-0.523,0.449,0.317,-0.056,-0.315,-3.660,-4.437,USD
ADA,2022-05-13 02:00:00,2022-05-13,13.909,3.879,3.893,3.997,4.025,11.836,11.893,10.367,10.481,3.319,3.662,USD
ADA,2023-01-09 01:00:00,2023-01-09,15.775,-2.337,-2.350,-2.285,-2.312,-2.205,-2.257,-2.767,-2.872,-5.563,-5.878,USD
ADA,2023-07-13 17:00:00,2023-07-13,14.204,2.181,2.168,5.100,5.074,1.911,1.859,8.451,8.346,0.101,-0.214,USD
ADA,2024-11-09 23:00:00,2024-11-09,13.034,2.852,2.844,4.490,4.474,7.292,7.260,17.577,17.512,18.959,18.744,USD
ADA,2024-11-13 14:00:00,2024-11-13,12.404,-1.543,-1.551,-2.301,-2.317,-2.993,-3.025,-4.822,-4.886,-9.978,-10.194,USD
ADA,2024-11-23 00:00:00,2024-11-23,13.906,-0.244,-0.252,-3.682,-3.698,-3.666,-3.697,-2.128,-2.193,-3.752,-3.968,USD
ADA,2024-12-02 15:00:00,2024-12-02,12.705,0.312,0.304,-3.675,-3.691,0.764,0.733,-0.546,-0.610,-0.929,-1.144,USD
ADA,2024-12-20 15:00:00,2024-12-20,14.945,0.243,0.234,1.164,1.148,3.898,3.866,8.349,8.284,5.162,4.946,USD
ADA,2025-03-02 15:00:00,2025-03-02,30.832,19.913,19.918,18.859,18.869,20.227,20.246,30.978,31.013,10.376,10.487,USD
ADA,2025-03-04 17:00:00,2025-03-04,16.195,1.663,1.668,0.064,0.073,2.011,2.030,3.884,3.919,4.311,4.422,USD
ALGO,2020-02-20 16:00:00,2020-02-20,16.414,-4.071,-4.087,-8.510,-8.545,-7.038,-7.090,2.601,2.485,-0.982,-1.379,USD
ALGO,2020-03-12 15:00:00,2020-03-12,12.772,-3.773,-3.790,-0.048,-0.083,-2.600,-2.652,-25.931,-26.047,-22.512,-22.909,USD
ALGO,2020-03-13 21:00:00,2020-03-13,13.265,-0.501,-0.518,-0.244,-0.279,1.735,1.682,3.373,3.257,-0.096,-0.494,USD
ALGO,2020-07-16 17:00:00,2020-07-16,22.741,3.171,3.154,4.894,4.859,3.726,3.674,4.469,4.353,2.761,2.363,USD
ALGO,2020-08-13 14:00:00,2020-08-13,13.554,-1.481,-1.497,-3.479,-3.514,5.793,5.741,1.599,1.483,12.921,12.524,USD
ALGO,2020-09-09 19:00:00,2020-09-09,14.533,-2.915,-2.932,-1.868,-1.903,-2.591,-2.643,-0.494,-0.610,-4.353,-4.750,USD
ALGO,2020-11-25 00:00:00,2020-11-25,17.053,-2.719,-2.736,-8.025,-8.059,-11.369,-11.421,-4.397,-4.513,-14.917,-15.314,USD
ALGO,2021-01-01 14:00:00,2021-01-01,15.865,-4.350,-4.383,-3.283,-3.346,-6.837,-6.959,-5.095,-5.333,-0.660,-1.325,USD
ALGO,2021-01-26 19:00:00,2021-01-26,12.386,-4.232,-4.264,-3.832,-3.895,-3.001,-3.122,-6.053,-6.291,-12.010,-12.675,USD
ALGO,2021-02-11 05:00:00,2021-02-11,13.755,-2.238,-2.271,-3.956,-4.020,-2.301,-2.422,2.398,2.160,1.160,0.495,USD
ALGO,2021-02-12 08:00:00,2021-02-12,13.218,0.903,0.871,3.395,3.332,4.158,4.037,27.393,27.155,15.235,14.570,USD
ALGO,2021-02-23 12:00:00,2021-02-23,14.012,2.245,2.213,0.387,0.324,4.830,4.709,-1.498,-1.736,16.344,15.679,USD
ALGO,2021-04-18 15:00:00,2021-04-18,12.481,1.371,1.338,-0.171,-0.234,2.119,1.997,0.576,0.338,-8.656,-9.320,USD
ALGO,2021-05-19 16:00:00,2021-05-19,22.502,-0.539,-0.571,-4.545,-4.609,-6.248,-6.369,-16.980,-17.218,-0.807,-1.471,USD
ALGO,2021-05-25 15:00:00,2021-05-25,12.225,-0.554,-0.587,0.416,0.353,-2.838,-2.959,-0.106,-0.344,1.921,1.256,USD
ALGO,2021-06-22 17:00:00,2021-06-22,15.850,0.464,0.431,-2.597,-2.660,-4.560,-4.681,0.980,0.742,4.711,4.046,USD
ALGO,2021-09-08 04:00:00,2021-09-08,24.196,-3.533,-3.566,-6.944,-7.007,0.377,0.255,5.869,5.631,29.881,29.216,USD
ALGO,2021-09-09 14:00:00,2021-09-09,14.730,1.672,1.640,6.430,6.367,5.259,5.138,0.365,0.127,-16.109,-16.774,USD
ALGO,2021-09-11 02:00:00,2021-09-11,12.722,3.106,3.074,1.407,1.344,-2.021,-2.142,-2.192,-2.430,-8.540,-9.205,USD
ALGO,2021-09-12 16:00:00,2021-09-12,13.130,-0.851,-0.884,0.420,0.356,-6.000,-6.122,1.918,1.680,-5.373,-6.038,USD
ALGO,2021-11-10 16:00:00,2021-11-10,14.518,-1.744,-1.776,-2.027,-2.090,-6.978,-7.100,-13.180,-13.418,-9.149,-9.814,USD
ALGO,2021-11-18 04:00:00,2021-11-18,21.809,2.348,2.315,-4.324,-4.387,-7.659,-7.780,-6.969,-7.207,-12.602,-13.267,USD
ALGO,2022-05-03 03:00:00,2022-05-03,16.326,-0.141,-0.122,2.303,2.342,1.949,2.028,-2.194,-2.034,-4.801,-4.316,USD
ALGO,2022-05-12 00:00:00,2022-05-12,13.632,-2.596,-2.577,-8.759,-8.720,-16.932,-16.853,-18.773,-18.612,-8.933,-8.448,USD
ALGO,2022-05-13 02:00:00,2022-05-13,12.572,2.317,2.337,2.964,3.003,5.253,5.332,5.770,5.931,1.578,2.064,USD
ALGO,2022-11-10 14:00:00,2022-11-10,13.549,-1.849,-1.830,-1.472,-1.433,-5.393,-5.313,-1.868,-1.707,-8.426,-7.941,USD
ALGO,2024-04-24 05:00:00,2024-04-24,19.099,-1.504,-1.514,-0.185,-0.205,-8.708,-8.747,-8.902,-8.982,-15.706,-15.972,USD
ALGO,2024-08-05 16:00:00,2024-08-05,13.886,0.804,0.794,-3.109,-3.128,-1.358,-1.396,2.367,2.287,3.064,2.798,USD
ALGO,2024-11-15 17:00:00,2024-11-15,13.825,-3.894,-3.905,-1.697,-1.717,-0.457,-0.495,0.521,0.441,4.083,3.816,USD
ALGO,2024-11-18 03:00:00,2024-11-18,12.010,-1.836,-1.846,0.466,0.447,2.258,2.220,3.807,3.727,3.637,3.371,USD
ALGO,2024-11-23 01:00:00,2024-11-23,14.413,-4.507,-4.517,1.739,1.720,9.950,9.912,1.507,1.427,2.405,2.139,USD
ALGO,2024-11-29 00:00:00,2024-11-29,14.040,0.064,0.054,2.655,2.635,0.330,0.292,-0.887,-0.967,23.884,23.618,USD
ALGO,2024-12-01 11:00:00,2024-12-01,18.346,-5.491,-5.501,-5.673,-5.693,-5.485,-5.523,-2.449,-2.530,-8.736,-9.003,USD
ALGO,2024-12-10 21:00:00,2024-12-10,12.135,0.713,0.703,1.458,1.439,-3.725,-3.764,-1.324,-1.404,8.713,8.447,USD
ALGO,2024-12-20 15:00:00,2024-12-20,15.037,-0.635,-0.646,0.525,0.506,3.128,3.090,6.302,6.222,3.962,3.696,USD
ALGO,2025-01-15 15:00:00,2025-01-15,13.514,-1.130,-1.123,-0.714,-0.699,0.577,0.607,0.968,1.027,7.307,7.486,USD
ALGO,2025-01-20 08:00:00,2025-01-20,13.625,-0.337,-0.330,-1.739,-1.725,-2.752,-2.722,-3.069,-3.010,-10.818,-10.639,USD
ALGO,2025-03-02 16:00:00,2025-03-02,18.932,-1.418,-1.410,-1.818,-1.803,-2.455,-2.425,-0.332,-0.273,-9.797,-9.618,USD
ALGO,2025-04-09 17:00:00,2025-04-09,12.525,-1.091,-1.084,0.382,0.397,2.558,2.588,0.028,0.087,-2.327,-2.148,USD
ALGO,2026-05-30 01:00:00,2026-05-30,14.401,-1.263,-1.260,-0.751,-0.745,-4.124,-4.112,-3.292,-3.267,-8.040,-7.961,USD
ARB,2023-03-23 21:00:00,2023-03-23,17.905,-8.166,-8.174,-13.146,-13.163,-5.896,-5.925,-8.567,-8.620,-18.641,-18.789,USD
ARB,2023-04-14 01:00:00,2023-04-14,12.768,-2.008,-2.016,-1.711,-1.727,0.788,0.758,0.207,0.154,6.352,6.203,USD
ARB,2023-12-22 08:00:00,2023-12-22,14.386,-0.778,-0.787,-0.446,-0.462,0.393,0.363,1.164,1.111,1.814,1.665,USD
ARB,2024-01-04 15:00:00,2024-01-04,12.293,-1.404,-1.399,-1.350,-1.341,0.826,0.843,-2.671,-2.635,-9.203,-9.110,USD
ARB,2024-01-10 00:00:00,2024-01-10,18.510,-1.125,-1.121,-3.079,-3.070,-0.021,-0.003,-1.934,-1.897,22.653,22.746,USD
ARB,2024-05-20 21:00:00,2024-05-20,12.324,-1.448,-1.444,0.071,0.080,3.181,3.198,1.004,1.040,4.682,4.775,USD
ARB,2024-11-21 13:00:00,2024-11-21,15.136,0.038,0.042,-1.392,-1.383,-1.154,-1.136,-1.016,-0.980,-1.530,-1.437,USD
ARB,2025-06-29 22:00:00,2025-06-29,12.021,-3.393,-3.384,-3.893,-3.874,-6.155,-6.117,-6.128,-6.056,-9.153,-8.945,USD
ARB,2025-08-22 16:00:00,2025-08-22,17.453,1.066,1.075,3.519,3.538,6.150,6.187,3.075,3.147,4.426,4.634,USD
ATOM,2019-04-23 00:00:00,2019-04-23,21.845,4.511,4.501,14.646,14.614,14.648,14.583,13.442,13.309,-4.159,-4.436,USD
ATOM,2019-04-24 22:00:00,2019-04-24,13.155,-0.569,-0.578,4.286,4.254,8.329,8.263,-5.294,-5.427,-10.540,-10.817,USD
ATOM,2019-04-28 08:00:00,2019-04-28,15.363,6.439,6.429,8.382,8.350,9.638,9.573,20.929,20.797,-2.914,-3.191,USD
ATOM,2019-05-12 20:00:00,2019-05-12,13.396,-4.998,-5.008,-8.163,-8.195,-8.425,-8.490,-6.811,-6.944,-6.380,-6.657,USD
ATOM,2019-05-30 09:00:00,2019-05-30,15.433,1.679,1.669,2.402,2.370,2.407,2.341,-4.447,-4.580,-7.555,-7.832,USD
ATOM,2019-08-10 10:00:00,2019-08-10,15.466,-14.700,-14.710,-15.657,-15.689,-13.686,-13.752,-12.566,-12.698,-10.566,-10.843,USD
ATOM,2019-09-09 11:00:00,2019-09-09,13.578,1.289,1.279,2.103,2.070,0.485,0.420,1.664,1.531,-0.775,-1.052,USD
ATOM,2019-09-12 15:00:00,2019-09-12,17.990,-4.202,-4.212,-3.364,-3.396,-1.972,-2.038,1.583,1.450,3.569,3.291,USD
ATOM,2020-03-13 05:00:00,2020-03-13,23.015,2.469,2.457,9.273,9.252,14.362,14.320,13.759,13.682,10.185,9.923,USD
ATOM,2020-08-13 18:00:00,2020-08-13,16.772,-2.940,-2.952,-6.337,-6.358,-5.149,-5.192,-2.475,-2.552,-6.646,-6.907,USD
ATOM,2020-08-23 02:00:00,2020-08-23,12.698,-0.872,-0.884,3.269,3.248,1.661,1.618,-1.655,-1.732,14.500,14.238,USD
ATOM,2021-01-15 01:00:00,2021-01-15,25.017,0.218,0.182,-3.531,-3.603,-5.443,-5.583,3.592,3.319,2.903,2.096,USD
ATOM,2021-01-16 10:00:00,2021-01-16,13.617,-2.811,-2.847,-3.868,-3.940,-2.169,-2.310,-2.997,-3.270,-5.935,-6.742,USD
ATOM,2021-01-28 11:00:00,2021-01-28,15.919,-2.270,-2.306,-3.141,-3.213,-2.552,-2.693,-2.185,-2.459,-3.695,-4.503,USD
ATOM,2021-02-05 17:00:00,2021-02-05,29.291,-8.574,-8.610,-5.566,-5.638,-6.252,-6.393,-5.395,-5.668,-7.046,-7.854,USD
ATOM,2021-02-07 08:00:00,2021-02-07,12.145,2.425,2.388,1.644,1.573,3.348,3.207,-1.805,-2.079,10.924,10.116,USD
ATOM,2021-02-12 06:00:00,2021-02-12,12.086,-0.764,-0.800,-1.549,-1.620,1.321,1.180,-0.726,-0.999,3.580,2.773,USD
ATOM,2021-02-15 07:00:00,2021-02-15,17.913,0.332,0.296,0.935,0.863,0.405,0.264,5.316,5.043,20.613,19.806,USD
ATOM,2021-02-22 21:00:00,2021-02-22,12.726,-1.602,-1.638,0.914,0.842,2.380,2.240,-6.803,-7.077,-4.872,-5.680,USD
ATOM,2021-04-14 23:00:00,2021-04-14,12.870,-0.161,-0.197,1.257,1.185,1.281,1.140,-0.869,-1.143,2.637,1.830,USD
ATOM,2021-05-07 15:00:00,2021-05-07,16.793,-1.985,-2.022,-2.032,-2.104,-2.795,-2.936,-5.195,-5.469,-9.317,-10.124,USD
ATOM,2021-05-19 16:00:00,2021-05-19,43.056,-1.870,-1.907,-6.925,-6.997,-9.887,-10.028,-21.813,-22.087,-2.587,-3.395,USD
ATOM,2021-05-23 20:00:00,2021-05-23,21.606,3.452,3.415,0.323,0.251,0.569,0.428,1.357,1.083,23.967,23.159,USD
ATOM,2021-06-03 04:00:00,2021-06-03,13.327,-0.858,-0.894,-0.625,-0.697,-2.022,-2.163,-1.884,-2.157,-5.046,-5.854,USD
ATOM,2021-06-22 17:00:00,2021-06-22,16.832,0.071,0.035,-4.076,-4.148,-4.729,-4.870,3.371,3.098,6.622,5.814,USD
ATOM,2021-08-19 00:00:00,2021-08-19,13.720,3.303,3.267,2.730,2.658,2.996,2.856,-2.088,-2.362,-1.785,-2.593,USD
ATOM,2021-08-21 12:00:00,2021-08-21,19.361,-0.985,-1.021,-0.414,-0.486,-0.496,-0.637,-5.825,-6.099,-3.341,-4.149,USD
ATOM,2021-08-30 19:00:00,2021-08-30,12.617,2.761,2.724,1.821,1.750,-3.146,-3.287,2.924,2.651,1.086,0.278,USD
ATOM,2021-09-10 18:00:00,2021-09-10,13.638,3.355,3.319,-3.257,-3.329,-1.141,-1.282,4.876,4.603,-1.336,-2.144,USD
ATOM,2021-09-13 15:00:00,2021-09-13,16.799,-0.601,-0.637,-1.436,-1.508,-3.402,-3.543,-6.146,-6.419,-10.953,-11.761,USD
ATOM,2021-09-19 15:00:00,2021-09-19,13.737,-0.201,-0.237,-1.739,-1.811,-2.229,-2.370,1.725,1.452,-12.836,-13.644,USD
ATOM,2021-09-22 17:00:00,2021-09-22,14.315,-1.200,-1.236,1.693,1.621,3.333,3.192,8.738,8.464,14.054,13.246,USD
ATOM,2022-01-23 08:00:00,2022-01-23,12.009,-1.235,-1.229,-0.770,-0.757,-2.277,-2.249,-4.797,-4.738,-6.678,-6.496,USD
ATOM,2022-01-24 16:00:00,2022-01-24,12.065,4.568,4.574,4.038,4.051,7.570,7.598,3.603,3.661,7.574,7.756,USD
ATOM,2022-05-10 06:00:00,2022-05-10,16.839,-4.033,-4.027,-1.391,-1.378,-3.482,-3.454,-4.262,-4.203,-17.629,-17.447,USD
ATOM,2022-05-11 16:00:00,2022-05-11,15.027,-1.159,-1.153,-0.364,-0.351,-8.985,-8.957,-0.460,-0.402,-8.755,-8.572,USD
ATOM,2022-05-13 04:00:00,2022-05-13,12.116,1.567,1.573,5.682,5.696,3.350,3.378,6.793,6.852,-1.114,-0.932,USD
ATOM,2022-06-14 05:00:00,2022-06-14,12.382,0.347,0.353,-0.012,0.001,-3.642,-3.614,-3.036,-2.978,-5.585,-5.402,USD
ATOM,2022-09-09 09:00:00,2022-09-09,12.486,-0.421,-0.415,-1.056,-1.043,2.058,2.086,-0.621,-0.563,0.419,0.601,USD
ATOM,2023-12-12 13:00:00,2023-12-12,12.974,-2.166,-2.170,-0.326,-0.335,-5.189,-5.205,-5.082,-5.114,-7.427,-7.520,USD
ATOM,2024-11-24 03:00:00,2024-11-24,12.943,0.081,0.083,-1.346,-1.340,-2.614,-2.602,-5.698,-5.675,-8.501,-8.448,USD
ATOM,2024-12-20 15:00:00,2024-12-20,13.185,0.145,0.148,2.214,2.220,3.557,3.569,4.239,4.262,0.846,0.899,USD
AVAX,2022-05-11 16:00:00,2022-05-11,13.231,-1.543,-1.526,-1.228,-1.192,-11.181,-11.107,1.921,2.073,3.150,3.602,USD
AVAX,2022-05-13 04:00:00,2022-05-13,12.134,0.899,0.917,1.451,1.487,0.464,0.538,4.091,4.242,-9.312,-8.860,USD
AVAX,2022-06-14 05:00:00,2022-06-14,13.446,1.846,1.864,2.025,2.062,-2.382,-2.308,-1.608,-1.456,-8.577,-8.124,USD
AVAX,2022-06-15 20:00:00,2022-06-15,12.459,2.726,2.744,3.828,3.865,5.162,5.237,2.726,2.878,-5.800,-5.348,USD
AVAX,2022-06-20 11:00:00,2022-06-20,12.341,-1.359,-1.341,-2.548,-2.512,-1.755,-1.681,-5.096,-4.945,-0.566,-0.114,USD
AVAX,2023-01-11 19:00:00,2023-01-11,17.377,-1.439,-1.458,0.069,0.031,8.636,8.561,9.253,9.101,5.003,4.544,USD
AVAX,2023-11-12 08:00:00,2023-11-12,12.637,-0.593,-0.612,-0.971,-1.009,-0.863,-0.938,-2.211,-2.363,-1.402,-1.862,USD
AVAX,2023-12-06 00:00:00,2023-12-06,12.841,-0.340,-0.359,-0.113,-0.151,-0.076,-0.151,-1.285,-1.437,-1.437,-1.896,USD
AVAX,2024-03-12 15:00:00,2024-03-12,12.814,-2.131,-2.134,1.241,1.235,5.299,5.287,2.928,2.901,-0.797,-0.894,USD
AVAX,2024-12-20 15:00:00,2024-12-20,12.827,0.632,0.628,2.000,1.994,2.921,2.909,4.842,4.816,1.526,1.429,USD
AVAX,2025-03-02 18:00:00,2025-03-02,12.114,1.274,1.281,1.397,1.412,1.191,1.222,0.205,0.266,-9.162,-8.988,USD
AVAX,2025-04-09 17:00:00,2025-04-09,14.147,-3.138,-3.131,-1.436,-1.421,-0.691,-0.661,-3.085,-3.025,-4.734,-4.560,USD
BCH,2018-01-17 19:00:00,2018-01-17,12.703,3.711,3.731,11.259,11.300,10.636,10.721,14.190,14.356,17.806,18.271,USD
BCH,2018-02-02 15:00:00,2018-02-02,16.527,3.767,3.787,-2.575,-2.534,-3.667,-3.581,-1.683,-1.517,2.167,2.631,USD
BCH,2018-02-06 14:00:00,2018-02-06,12.185,2.349,2.369,-0.884,-0.842,-0.638,-0.552,6.186,6.352,12.293,12.758,USD
BCH,2018-02-08 10:00:00,2018-02-08,26.583,-3.864,-3.844,0.191,0.233,-3.115,-3.030,3.011,3.178,5.736,6.201,USD
BCH,2018-04-21 15:00:00,2018-04-21,12.109,-2.766,-2.746,,,-3.311,-3.225,-2.204,-2.038,4.860,5.325,USD
BCH,2018-05-12 12:00:00,2018-05-12,14.986,-3.169,-3.149,-3.176,-3.134,-6.708,-6.623,-3.640,-3.474,-1.951,-1.486,USD
BCH,2018-06-24 19:00:00,2018-06-24,12.369,1.235,1.255,1.049,1.090,-0.837,-0.751,-1.607,-1.441,0.611,1.076,USD
BCH,2018-06-30 01:00:00,2018-06-30,12.075,-0.581,-0.561,-0.845,-0.804,0.145,0.231,-0.502,-0.336,-3.129,-2.664,USD
BCH,2018-09-26 15:00:00,2018-09-26,16.611,-0.899,-0.879,-0.535,-0.494,-1.969,-1.884,-1.874,-1.708,6.444,6.908,USD
BCH,2018-11-17 21:00:00,2018-11-17,20.641,-8.704,-8.684,-5.260,-5.219,-6.860,-6.775,-6.047,-5.880,-10.900,-10.435,USD
BCH,2018-11-20 15:00:00,2018-11-20,14.566,0.037,0.057,-4.647,-4.605,-2.119,-2.033,-5.204,-5.038,-7.026,-6.561,USD
BCH,2018-12-18 16:00:00,2018-12-18,20.492,-2.818,-2.798,-5.345,-5.304,-5.053,-4.968,-0.194,-0.028,28.183,28.648,USD
BCH,2018-12-19 17:00:00,2018-12-19,15.008,-2.482,-2.462,-2.837,-2.795,-10.709,-10.624,-4.113,-3.947,27.518,27.983,USD
BCH,2018-12-21 00:00:00,2018-12-21,22.777,5.064,5.084,3.975,4.017,-0.663,-0.577,6.152,6.319,-5.111,-4.646,USD
BCH,2018-12-28 16:00:00,2018-12-28,16.610,0.117,0.137,0.701,0.742,0.525,0.611,-0.701,-0.534,-4.495,-4.030,USD
BCH,2019-04-02 13:00:00,2019-04-02,13.162,-3.089,-3.100,-2.124,-2.145,3.282,3.243,7.143,7.072,38.176,37.953,USD
BCH,2019-04-03 16:00:00,2019-04-03,16.423,-2.959,-2.969,-2.451,-2.472,2.301,2.263,-6.665,-6.735,-16.736,-16.959,USD
BCH,2019-10-25 16:00:00,2019-10-25,13.448,3.805,3.794,3.925,3.903,1.642,1.604,6.928,6.858,-0.881,-1.104,USD
BCH,2020-01-14 14:00:00,2020-01-14,15.255,3.050,3.036,1.342,1.316,-0.732,-0.779,3.172,3.080,3.141,2.865,USD
BCH,2020-03-13 02:00:00,2020-03-13,14.090,-0.750,-0.763,-18.200,-18.226,-10.150,-10.198,-12.850,-12.941,-10.700,-10.976,USD
BCH,2020-03-16 14:00:00,2020-03-16,13.161,3.717,3.704,1.619,1.593,5.156,5.108,-0.959,-1.051,7.854,7.577,USD
BCH,2020-03-19 16:00:00,2020-03-19,14.710,0.715,0.702,-1.653,-1.679,0.760,0.712,-0.089,-0.181,3.307,3.030,USD
BCH,2021-01-09 18:00:00,2021-01-09,13.236,5.355,5.342,5.277,5.254,5.185,5.139,11.026,10.938,14.746,14.469,USD
BCH,2021-02-13 17:00:00,2021-02-13,12.876,-0.875,-0.887,2.436,2.413,0.273,0.227,8.616,8.528,7.601,7.324,USD
BCH,2021-04-16 16:00:00,2021-04-16,24.110,-1.452,-1.464,-1.018,-1.041,-3.023,-3.069,0.320,0.232,-5.194,-5.471,USD
BCH,2021-05-05 02:00:00,2021-05-05,12.263,-0.952,-0.965,-3.171,-3.195,-2.767,-2.813,6.984,6.896,24.527,24.249,USD
BCH,2021-05-06 10:00:00,2021-05-06,12.644,-1.664,-1.676,-2.051,-2.075,-1.798,-1.844,-0.897,-0.985,-2.565,-2.842,USD
BCH,2021-05-08 02:00:00,2021-05-08,12.526,-1.543,-1.556,-3.223,-3.247,-4.503,-4.549,-2.049,-2.137,-3.014,-3.291,USD
BCH,2021-05-19 16:00:00,2021-05-19,31.104,-6.090,-6.102,-12.159,-12.183,-10.152,-10.198,-23.453,-23.541,-5.919,-6.196,USD
BCH,2021-06-22 17:00:00,2021-06-22,12.839,0.441,0.428,-1.821,-1.845,-2.065,-2.111,5.217,5.129,4.483,4.206,USD
BCH,2022-05-12 12:00:00,2022-05-12,14.928,-2.624,-2.611,1.513,1.539,12.103,12.155,-0.347,-0.241,8.770,9.088,USD
BCH,2022-05-14 20:00:00,2022-05-14,12.511,5.704,5.717,-3.350,-3.325,-3.896,-3.844,-4.846,-4.741,-2.175,-1.857,USD
BCH,2023-01-12 16:00:00,2023-01-12,13.034,0.170,0.155,-1.124,-1.154,-1.140,-1.200,-3.234,-3.352,-0.695,-1.055,USD
BCH,2023-06-21 05:00:00,2023-06-21,17.326,2.123,2.108,1.395,1.365,-0.536,-0.596,1.073,0.955,4.437,4.077,USD
BCH,2023-06-23 15:00:00,2023-06-23,16.568,3.577,3.562,14.094,14.064,8.543,8.484,8.257,8.139,11.429,11.069,USD
BCH,2023-06-25 00:00:00,2023-06-25,12.962,0.529,0.513,-3.840,-3.870,-3.017,-3.077,-5.707,-5.825,-9.571,-9.930,USD
BCH,2023-06-26 13:00:00,2023-06-26,16.524,-1.922,-1.938,-0.013,-0.044,-3.423,-3.482,-0.004,-0.122,4.339,3.979,USD
BCH,2023-06-30 02:00:00,2023-06-30,23.872,-1.255,-1.270,-2.665,-2.695,-1.080,-1.140,0.563,0.445,-2.793,-3.153,USD
BCH,2023-08-29 16:00:00,2023-08-29,14.252,1.272,1.256,1.054,1.023,0.372,0.313,1.285,1.167,-3.002,-3.362,USD
BCH,2024-03-02 01:00:00,2024-03-02,16.732,5.314,5.303,9.447,9.427,10.257,10.216,10.390,10.307,35.778,35.523,USD
BCH,2024-03-03 02:00:00,2024-03-03,12.921,0.310,0.299,-2.170,-2.190,-3.565,-3.606,-4.762,-4.845,-8.437,-8.691,USD
BCH,2024-03-31 20:00:00,2024-03-31,12.353,-0.384,-0.394,0.024,0.003,0.535,0.494,2.708,2.625,-4.567,-4.821,USD
BCH,2024-11-21 05:00:00,2024-11-21,16.018,1.780,1.770,2.083,2.063,0.208,0.167,-4.112,-4.195,-2.896,-3.151,USD
BCH,2025-04-09 18:00:00,2025-04-09,13.075,-0.534,-0.542,-0.324,-0.338,-0.460,-0.488,-3.271,-3.329,-6.980,-7.141,USD
BCH,2025-05-08 01:00:00,2025-05-08,13.168,-1.857,-1.864,0.514,0.500,2.212,2.184,1.813,1.755,2.515,2.354,USD
BTC,2018-01-17 21:00:00,2018-01-17,14.883,-3.385,-3.374,-3.064,-3.042,0.363,0.409,-3.810,-3.720,0.692,0.947,USD
BTC,2018-02-02 15:00:00,2018-02-02,12.923,0.757,0.768,-3.140,-3.117,-4.762,-4.716,-2.331,-2.242,1.870,2.125,USD
BTC,2018-02-06 14:00:00,2018-02-06,12.677,1.354,1.365,-0.901,-0.879,-0.684,-0.638,5.919,6.009,15.224,15.479,USD
BTC,2018-04-12 11:00:00,2018-04-12,13.541,-0.684,-0.673,-0.751,-0.728,-1.734,-1.687,-0.957,-0.868,4.354,4.609,USD
BTC,2019-04-02 04:00:00,2019-04-02,12.660,1.530,1.520,0.985,0.963,0.565,0.523,2.969,2.886,5.204,4.952,USD
BTC,2019-07-18 16:00:00,2019-07-18,12.062,0.263,0.252,0.012,-0.009,1.048,1.005,1.618,1.534,-1.256,-1.508,USD
BTC,2019-10-25 18:00:00,2019-10-25,12.566,0.089,0.078,-0.768,-0.789,-0.420,-0.463,11.984,11.901,5.277,5.025,USD
BTC,2020-03-13 05:00:00,2020-03-13,17.458,5.549,5.530,9.483,9.445,16.207,16.132,14.093,13.944,9.952,9.501,USD
BTC,2020-03-15 21:00:00,2020-03-15,12.344,-9.983,-10.002,-10.074,-10.112,-11.005,-11.080,-13.322,-13.471,-15.966,-16.417,USD
BTC,2021-01-29 10:00:00,2021-01-29,12.878,1.132,1.122,3.406,3.386,1.056,1.017,-4.042,-4.117,-6.466,-6.689,USD
BTC,2021-05-19 16:00:00,2021-05-19,16.912,-0.729,-0.739,-4.151,-4.171,-3.695,-3.733,-9.791,-9.866,-0.893,-1.117,USD
BTC,2021-06-22 17:00:00,2021-06-22,12.224,0.707,0.697,-1.047,-1.066,-0.925,-0.964,3.860,3.784,2.551,2.327,USD
CRV,2020-09-19 16:00:00,2020-09-19,12.993,6.366,6.364,3.901,3.912,8.761,8.781,5.613,5.639,-6.913,-6.868,USD
CRV,2020-10-08 15:00:00,2020-10-08,14.669,-0.541,-0.542,-0.360,-0.350,-0.360,-0.341,1.081,1.108,10.811,10.856,USD
CRV,2020-10-26 13:00:00,2020-10-26,13.833,-1.266,-1.268,-5.570,-5.559,0.000,0.020,6.582,6.609,22.025,22.071,USD
CRV,2020-10-27 13:00:00,2020-10-27,21.411,-0.207,-0.209,4.357,4.368,3.320,3.339,8.506,8.533,7.884,7.929,USD
CRV,2020-10-29 01:00:00,2020-10-29,13.319,-2.312,-2.314,-0.963,-0.953,-6.358,-6.339,-9.249,-9.222,-12.909,-12.864,USD
CRV,2020-11-07 01:00:00,2020-11-07,13.242,-2.621,-2.623,-5.242,-5.231,-4.234,-4.214,-1.210,-1.183,-9.274,-9.229,USD
CRV,2020-11-10 20:00:00,2020-11-10,18.712,-2.373,-2.375,-0.339,-0.328,-2.373,-2.353,1.525,1.552,-5.763,-5.717,USD
CRV,2020-11-14 20:00:00,2020-11-14,12.578,1.241,1.239,1.379,1.390,3.310,3.330,0.000,0.026,8.690,8.735,USD
CRV,2020-12-30 02:00:00,2020-12-30,14.925,1.670,1.668,9.647,9.658,4.082,4.101,0.371,0.398,-0.371,-0.326,USD
CRV,2021-01-04 00:00:00,2021-01-04,13.086,3.143,3.095,-0.429,-0.524,2.714,2.531,-6.714,-7.058,-1.286,-2.320,USD
CRV,2021-01-15 00:00:00,2021-01-15,16.459,-3.682,-3.729,1.188,1.092,3.325,3.142,8.907,8.564,42.993,41.959,USD
CRV,2021-01-16 00:00:00,2021-01-16,16.893,1.163,1.115,-5.399,-5.494,-2.741,-2.924,-6.395,-6.739,-4.900,-5.934,USD
CRV,2021-01-17 01:00:00,2021-01-17,30.199,-4.236,-4.284,-1.319,-1.415,-5.556,-5.739,-2.153,-2.497,13.681,12.647,USD
CRV,2021-01-20 15:00:00,2021-01-20,14.685,6.098,6.050,4.268,4.173,6.572,6.388,10.772,10.429,19.851,18.817,USD
CRV,2021-01-21 15:00:00,2021-01-21,14.350,1.696,1.648,4.635,4.540,2.600,2.417,-6.501,-6.845,12.663,11.629,USD
CRV,2021-01-28 15:00:00,2021-01-28,12.907,-0.604,-0.652,-0.093,-0.189,-1.208,-1.392,-3.485,-3.829,,,USD
CRV,2021-01-30 14:00:00,2021-01-30,12.786,-1.367,-1.415,13.895,13.799,9.484,9.300,7.411,7.067,8.513,7.480,USD
CRV,2021-02-20 03:00:00,2021-02-20,12.211,-1.994,-2.042,-2.940,-3.036,-2.298,-2.482,3.413,3.070,-0.845,-1.879,USD
CRV,2021-02-23 15:00:00,2021-02-23,12.595,-2.391,-2.438,-7.082,-7.177,-13.442,-13.625,-4.962,-5.305,-1.173,-2.207,USD
CRV,2021-03-16 15:00:00,2021-03-16,13.980,0.000,-0.048,-3.476,-3.571,-0.599,-0.783,4.115,3.771,-4.754,-5.788,USD
CRV,2021-03-23 16:00:00,2021-03-23,14.956,11.990,11.942,11.334,11.238,10.313,10.130,1.968,1.624,2.150,1.116,USD
CRV,2021-03-28 01:00:00,2021-03-28,13.290,-4.537,-4.585,-4.119,-4.215,-6.328,-6.512,-7.313,-7.657,-4.657,-5.691,USD
CRV,2021-03-29 02:00:00,2021-03-29,12.975,2.261,2.214,1.755,1.660,3.362,3.179,0.000,-0.344,0.327,-0.707,USD
CRV,2021-04-15 12:00:00,2021-04-15,12.381,5.097,5.049,5.442,5.346,0.717,0.533,2.602,2.258,5.256,4.222,USD
CRV,2021-04-26 01:00:00,2021-04-26,13.030,-0.592,-0.640,0.000,-0.096,3.198,3.014,3.711,3.367,12.752,11.718,USD
CRV,2021-05-07 11:00:00,2021-05-07,12.200,2.614,2.566,1.307,1.211,1.669,1.485,3.337,2.993,2.280,1.246,USD
CRV,2021-05-13 03:00:00,2021-05-13,20.812,-2.930,-2.978,-3.157,-3.253,-4.294,-4.478,-6.188,-6.532,-15.080,-16.113,USD
CRV,2021-05-19 16:00:00,2021-05-19,33.409,-1.712,-1.760,-9.075,-9.171,-11.601,-11.785,-25.385,-25.729,-8.904,-9.938,USD
CRV,2021-05-22 10:00:00,2021-05-22,15.971,0.730,0.683,0.209,0.113,-2.973,-3.157,-9.494,-9.838,-22.692,-23.726,USD
CRV,2021-05-23 20:00:00,2021-05-23,13.112,1.546,1.498,0.464,0.368,3.709,3.526,0.541,0.197,23.879,22.846,USD
CRV,2021-05-26 03:00:00,2021-05-26,12.594,-0.554,-0.601,-2.547,-2.643,1.883,1.699,-1.495,-1.839,-7.309,-8.343,USD
CRV,2021-05-29 21:00:00,2021-05-29,12.284,-1.833,-1.881,2.898,2.802,-2.661,-2.845,5.086,4.742,1.478,0.445,USD
CRV,2021-06-03 04:00:00,2021-06-03,15.195,-0.225,-0.273,0.676,0.581,-1.090,-1.273,-5.750,-6.093,-11.312,-12.345,USD
CRV,2021-06-04 15:00:00,2021-06-04,14.368,1.580,1.532,3.121,3.026,1.965,1.782,3.584,3.240,1.233,0.199,USD
CRV,2021-06-09 17:00:00,2021-06-09,12.825,-1.431,-1.479,-1.868,-1.964,-0.835,-1.018,-1.630,-1.973,-10.016,-11.050,USD
CRV,2021-06-22 17:00:00,2021-06-22,16.816,0.765,0.717,-0.209,-0.304,-2.921,-3.104,4.590,4.246,8.136,7.102,USD
CRV,2021-09-16 04:00:00,2021-09-16,12.427,-0.820,-0.868,-1.124,-1.219,-2.946,-3.129,-2.095,-2.439,-6.499,-7.533,USD
CRV,2021-09-26 11:00:00,2021-09-26,14.238,1.042,0.994,1.167,1.072,2.793,2.609,2.126,1.782,12.130,11.096,USD
CRV,2021-10-25 03:00:00,2021-10-25,13.864,4.226,4.179,5.082,4.986,4.931,4.747,7.421,7.078,24.277,23.243,USD
CRV,2021-10-28 02:00:00,2021-10-28,19.792,-4.565,-4.613,-4.528,-4.623,-8.741,-8.925,-8.446,-8.789,-10.996,-12.030,USD
CRV,2021-11-24 17:00:00,2021-11-24,12.606,4.636,4.588,4.135,4.040,12.906,12.723,10.425,10.081,20.889,19.855,USD
CRV,2021-12-15 21:00:00,2021-12-15,13.869,-2.079,-2.127,-1.066,-1.162,0.080,-0.104,-0.080,-0.424,5.251,4.217,USD
CRV,2022-01-03 13:00:00,2022-01-03,13.061,-3.164,-3.149,-3.627,-3.594,-4.224,-4.157,-6.657,-6.526,-2.672,-2.266,USD
CRV,2022-01-24 20:00:00,2022-01-24,13.991,-1.321,-1.306,-2.434,-2.402,-4.694,-4.627,-3.999,-3.868,6.050,6.455,USD
CRV,2022-04-22 20:00:00,2022-04-22,12.969,-1.817,-1.802,-3.170,-3.137,-4.175,-4.108,-3.788,-3.658,3.595,4.000,USD
CRV,2022-05-13 05:00:00,2022-05-13,14.383,-0.592,-0.577,-4.213,-4.181,1.119,1.186,-2.567,-2.437,-10.467,-10.062,USD
CRV,2022-06-14 05:00:00,2022-06-14,14.774,-0.542,-0.527,-1.626,-1.594,-5.014,-4.947,-1.084,-0.954,-9.485,-9.080,USD
CRV,2022-07-01 17:00:00,2022-07-01,18.524,-3.663,-3.648,-5.739,-5.706,-6.838,-6.771,-6.838,-6.707,-7.204,-6.799,USD
CRV,2022-07-28 16:00:00,2022-07-28,13.323,3.213,3.228,1.982,2.015,4.785,4.851,7.314,7.444,-3.008,-2.602,USD
CRV,2022-11-10 14:00:00,2022-11-10,15.987,-0.985,-0.969,-0.422,-0.390,-3.657,-3.590,-1.969,-1.839,-8.158,-7.752,USD
CRV,2022-11-22 12:00:00,2022-11-22,23.918,8.640,8.655,7.721,7.753,13.051,13.118,13.419,13.549,12.684,13.089,USD
CRV,2022-11-23 18:00:00,2022-11-23,12.701,-2.140,-2.125,0.999,1.031,-2.140,-2.073,-4.280,-4.149,-2.568,-2.163,USD
CRV,2023-01-09 02:00:00,2023-01-09,12.191,0.157,0.149,-1.417,-1.433,-0.945,-0.975,-0.157,-0.219,1.102,0.937,USD
CRV,2023-01-13 22:00:00,2023-01-13,12.935,-0.985,-0.994,0.739,0.723,1.847,1.818,2.586,2.524,0.616,0.451,USD
CRV,2023-02-01 21:00:00,2023-02-01,13.021,-0.090,-0.098,0.180,0.164,3.060,3.031,2.880,2.818,-5.131,-5.296,USD
CRV,2023-02-13 14:00:00,2023-02-13,12.144,-0.293,-0.301,-1.366,-1.382,4.488,4.458,1.366,1.304,5.756,5.591,USD
CRV,2023-08-01 07:00:00,2023-08-01,14.683,3.287,3.279,3.460,3.445,4.152,4.123,2.941,2.879,-2.076,-2.241,USD
CRV,2024-03-06 10:00:00,2024-03-06,15.177,-1.478,-1.491,-3.571,-3.597,0.000,-0.053,-2.340,-2.442,-1.970,-2.286,USD
CRV,2024-06-18 21:00:00,2024-06-18,12.628,0.303,0.290,1.212,1.187,3.939,3.887,7.576,7.473,-0.606,-0.922,USD
CRV,2024-08-05 15:00:00,2024-08-05,13.757,-0.930,-0.943,0.000,-0.025,-3.721,-3.774,-2.326,-2.428,6.512,6.196,USD
CRV,2024-11-16 16:00:00,2024-11-16,17.974,0.554,0.541,-0.554,-0.579,-6.371,-6.424,-6.371,-6.474,-9.141,-9.457,USD
CRV,2024-11-21 13:00:00,2024-11-21,13.388,-0.964,-0.977,-2.169,-2.194,-3.614,-3.667,-2.410,-2.512,2.169,1.853,USD
CRV,2024-11-30 20:00:00,2024-11-30,13.176,0.299,0.285,2.090,2.064,-0.448,-0.500,-1.791,-1.893,0.299,-0.017,USD
CRV,2024-12-03 11:00:00,2024-12-03,13.542,7.569,7.556,3.440,3.415,3.670,3.617,-2.408,-2.511,25.344,25.028,USD
CRV,2024-12-05 07:00:00,2024-12-05,12.098,-3.394,-3.407,-5.048,-5.073,-3.742,-3.795,-4.091,-4.193,-6.440,-6.756,USD
CRV,2024-12-06 13:00:00,2024-12-06,17.146,-0.554,-0.567,-8.228,-8.253,-3.006,-3.059,-2.294,-2.397,-5.380,-5.695,USD
CRV,2024-12-23 22:00:00,2024-12-23,14.068,-2.261,-2.274,-4.111,-4.136,-4.830,-4.883,-5.447,-5.549,5.447,5.131,USD
CRV,2025-01-20 07:00:00,2025-01-20,13.530,0.325,0.327,-1.192,-1.187,-0.325,-0.315,-2.600,-2.579,-10.618,-10.552,USD
CRV,2025-03-02 17:00:00,2025-03-02,15.258,1.018,1.021,3.055,3.060,1.426,1.436,0.000,0.021,-3.259,-3.194,USD
CRV,2025-07-16 22:00:00,2025-07-16,12.924,-1.560,-1.558,-1.592,-1.587,0.716,0.726,4.168,4.188,5.717,5.782,USD
CRV,2025-10-12 16:00:00,2025-10-12,12.881,3.380,3.383,1.377,1.382,3.076,3.087,-0.501,-0.480,5.688,5.753,USD
CRV,2025-11-07 16:00:00,2025-11-07,12.907,2.718,2.720,3.029,3.034,3.091,3.102,-0.892,-0.871,-2.863,-2.798,USD
CRV,2026-06-11 03:00:00,2026-06-11,12.101,3.093,3.104,2.315,2.338,3.346,3.392,4.318,4.411,12.062,12.359,USD
DOGE,2020-02-08 21:00:00,2020-02-08,12.291,0.978,0.956,0.438,0.400,4.080,3.998,8.936,8.791,0.800,0.255,USD
DOGE,2020-03-12 17:00:00,2020-03-12,16.805,2.231,2.209,-3.597,-3.635,-7.699,-7.782,-24.495,-24.639,-11.973,-12.518,USD
DOGE,2020-07-08 00:00:00,2020-07-08,15.629,16.096,16.074,41.156,41.117,33.723,33.640,26.142,25.998,47.793,47.248,USD
DOGE,2020-07-18 01:00:00,2020-07-18,14.274,-0.258,-0.280,-1.324,-1.362,-1.179,-1.262,-0.333,-0.478,4.577,4.032,USD
DOGE,2020-08-01 09:00:00,2020-08-01,14.098,-2.414,-2.436,-0.739,-0.777,-4.265,-4.347,-1.977,-2.121,-8.830,-9.375,USD
DOGE,2020-11-24 00:00:00,2020-11-24,14.064,-2.967,-2.989,-4.871,-4.910,-1.411,-1.493,8.605,8.460,9.000,8.454,USD
DOGE,2020-12-20 09:00:00,2020-12-20,16.991,-6.766,-6.788,-5.902,-5.941,-7.913,-7.995,-3.764,-3.908,8.631,8.086,USD
DOGE,2020-12-21 16:00:00,2020-12-21,15.209,-3.503,-3.525,-3.084,-3.123,-5.544,-5.627,-5.576,-5.721,-9.638,-10.183,USD
DOGE,2021-01-02 00:00:00,2021-01-02,14.438,-0.963,-1.036,12.136,11.992,33.442,33.161,17.219,16.645,62.752,60.578,USD
DOGE,2021-01-03 04:00:00,2021-01-03,13.073,13.820,13.747,17.942,17.798,8.981,8.700,22.999,22.425,0.561,-1.613,USD
DOGE,2021-01-04 15:00:00,2021-01-04,15.454,-4.036,-4.109,-10.022,-10.166,-4.734,-5.015,-4.694,-5.268,-8.483,-10.656,USD
DOGE,2021-01-11 23:00:00,2021-01-11,13.961,-3.193,-3.266,-5.723,-5.867,-2.130,-2.411,2.076,1.502,-7.962,-10.135,USD
DOGE,2021-01-28 04:00:00,2021-01-28,54.604,5.805,5.732,-8.335,-8.479,-0.430,-0.711,0.491,-0.083,449.594,447.420,USD
DOGE,2021-01-29 04:00:00,2021-01-29,45.667,9.167,9.094,-16.919,-17.063,-31.769,-32.050,-3.398,-3.972,-46.577,-48.751,USD
DOGE,2021-01-30 09:00:00,2021-01-30,14.941,-8.920,-8.993,-10.118,-10.262,-5.404,-5.686,-21.059,-21.633,-23.135,-25.308,USD
DOGE,2021-01-31 17:00:00,2021-01-31,18.583,16.012,15.939,19.058,18.914,6.584,6.302,13.085,12.511,13.476,11.303,USD
DOGE,2021-02-03 21:00:00,2021-02-03,14.455,-1.482,-1.555,1.774,1.630,0.664,0.382,7.433,6.859,37.787,35.613,USD
DOGE,2021-02-07 16:00:00,2021-02-07,13.824,2.834,2.761,6.038,5.894,6.899,6.618,1.850,1.276,18.442,16.269,USD
DOGE,2021-02-18 17:00:00,2021-02-18,14.348,-5.594,-5.667,-1.405,-1.549,-0.707,-0.988,-3.643,-4.217,-7.809,-9.982,USD
DOGE,2021-02-24 06:00:00,2021-02-24,12.115,-1.661,-1.734,-1.835,-1.979,-3.588,-3.870,4.239,3.665,1.215,-0.959,USD
DOGE,2021-04-01 10:00:00,2021-04-01,16.320,6.249,6.176,-0.358,-0.502,-3.872,-4.153,-6.281,-6.855,-5.201,-7.374,USD
DOGE,2021-04-11 10:00:00,2021-04-11,13.373,-1.420,-1.493,-4.048,-4.192,-4.420,-4.702,-0.981,-1.555,-7.849,-10.022,USD
DOGE,2021-04-13 16:00:00,2021-04-13,20.418,-1.582,-1.655,-4.875,-5.019,-1.263,-1.545,13.455,12.881,40.620,38.446,USD
DOGE,2021-04-15 00:00:00,2021-04-15,14.545,-1.258,-1.331,-0.710,-0.854,7.119,6.837,1.967,1.393,74.270,72.097,USD
DOGE,2021-04-16 00:00:00,2021-04-16,18.821,4.000,3.927,21.333,21.189,2.760,2.479,15.983,15.409,56.000,53.827,USD
DOGE,2021-04-17 19:00:00,2021-04-17,20.829,-4.786,-4.859,-6.677,-6.820,-11.134,-11.415,-14.321,-14.895,3.711,1.538,USD
DOGE,2021-04-19 09:00:00,2021-04-19,23.031,3.939,3.866,-2.028,-2.172,-9.361,-9.642,-4.339,-4.913,-4.974,-7.148,USD
DOGE,2021-04-23 08:00:00,2021-04-23,15.573,-0.409,-0.482,1.869,1.725,-6.444,-6.725,-1.330,-1.904,19.493,17.319,USD
DOGE,2021-04-24 08:00:00,2021-04-24,14.708,-2.148,-2.221,-9.633,-9.777,-3.139,-3.421,-5.082,-5.656,-3.384,-5.557,USD
DOGE,2021-04-26 01:00:00,2021-04-26,14.673,-2.002,-2.075,-1.439,-1.583,-1.597,-1.878,-1.349,-1.923,-0.430,-2.603,USD
DOGE,2021-04-28 08:00:00,2021-04-28,14.072,4.405,4.332,6.213,6.069,4.581,4.300,2.439,1.865,1.486,-0.687,USD
DOGE,2021-05-04 13:00:00,2021-05-04,18.097,-7.939,-8.012,-8.530,-8.674,-1.540,-1.822,-7.307,-7.881,14.574,12.401,USD
DOGE,2021-05-07 06:00:00,2021-05-07,14.648,4.189,4.116,3.005,2.862,1.794,1.512,-0.882,-1.456,15.518,13.344,USD
DOGE,2021-05-09 16:00:00,2021-05-09,18.702,5.512,5.439,8.495,8.351,11.567,11.286,9.515,8.941,-2.942,-5.116,USD
DOGE,2021-05-13 03:00:00,2021-05-13,12.124,0.010,-0.063,0.468,0.324,-1.964,-2.245,-8.541,-9.114,13.562,11.388,USD
DOGE,2021-05-14 06:00:00,2021-05-14,12.290,-1.807,-1.880,-4.630,-4.774,-4.823,-5.104,-0.743,-1.317,-5.163,-7.336,USD
DOGE,2021-05-19 16:00:00,2021-05-19,41.464,-3.937,-4.010,-10.270,-10.414,-12.770,-13.051,-21.966,-22.540,-1.858,-4.032,USD
DOGE,2021-06-01 22:00:00,2021-06-01,14.311,-0.420,-0.493,-3.357,-3.501,-1.816,-2.097,1.904,1.330,13.975,11.801,USD
DOGE,2021-06-22 02:00:00,2021-06-22,22.997,0.629,0.557,-1.705,-1.849,-1.355,-1.636,-7.536,-8.110,3.293,1.120,USD
DOGE,2021-06-23 02:00:00,2021-06-23,12.207,-2.174,-2.247,-1.781,-1.925,0.818,0.536,2.404,1.830,4.925,2.752,USD
DOGE,2021-07-17 19:00:00,2021-07-17,16.748,-6.387,-6.460,-7.292,-7.436,-7.334,-7.616,-5.763,-6.337,-8.969,-11.142,USD
DOGE,2021-07-26 03:00:00,2021-07-26,13.334,0.911,0.838,0.843,0.699,-2.325,-2.607,-0.897,-1.471,-11.508,-13.681,USD
DOGE,2021-10-28 05:00:00,2021-10-28,14.150,7.566,7.493,20.386,20.242,9.401,9.119,11.444,10.870,6.184,4.011,USD
DOGE,2021-12-14 10:00:00,2021-12-14,20.178,12.280,12.207,7.587,7.443,1.974,1.692,-4.629,-5.203,-4.289,-6.463,USD
DOGE,2022-01-14 06:00:00,2022-01-14,12.673,-2.192,-2.189,-3.289,-3.282,-3.720,-3.705,-2.734,-2.703,-4.916,-4.828,USD
DOGE,2022-04-25 11:00:00,2022-04-25,12.605,0.063,0.067,-0.531,-0.524,-0.514,-0.499,16.184,16.215,14.194,14.283,USD
DOGE,2022-05-13 03:00:00,2022-05-13,13.155,-1.595,-1.592,-1.023,-1.016,-3.119,-3.104,-0.205,-0.174,-3.693,-3.605,USD
DOGE,2022-06-14 05:00:00,2022-06-14,14.452,-0.318,-0.315,0.019,0.026,-3.346,-3.331,-2.408,-2.377,-9.798,-9.710,USD
DOGE,2022-10-29 08:00:00,2022-10-29,19.594,4.804,4.807,0.413,0.420,5.389,5.405,30.794,30.825,24.838,24.926,USD
DOGE,2022-11-01 04:00:00,2022-11-01,12.821,3.376,3.380,4.383,4.390,4.004,4.019,0.066,0.097,1.762,1.850,USD
DOGE,2022-11-10 14:00:00,2022-11-10,15.136,-1.137,-1.134,-2.456,-2.448,-4.288,-4.272,-2.945,-2.913,-10.183,-10.095,USD
DOGE,2022-11-12 10:00:00,2022-11-12,13.472,2.696,2.700,0.803,0.811,0.970,0.985,-1.079,-1.048,-4.989,-4.901,USD
DOGE,2023-04-03 17:00:00,2023-04-03,20.916,6.162,6.156,2.714,2.703,-1.194,-1.216,3.275,3.232,1.648,1.522,USD
DOGE,2024-02-28 16:00:00,2024-02-28,20.506,-7.708,-7.729,-7.840,-7.880,-3.512,-3.589,-4.520,-4.678,8.511,8.010,USD
DOGE,2024-03-04 16:00:00,2024-03-04,12.673,-4.831,-4.851,-4.123,-4.163,-3.512,-3.590,8.614,8.457,-9.091,-9.592,USD
DOGE,2024-03-06 06:00:00,2024-03-06,13.578,1.133,1.113,2.621,2.581,1.450,1.372,-4.307,-4.465,-10.248,-10.749,USD
DOGE,2024-03-20 20:00:00,2024-03-20,13.610,1.792,1.772,2.875,2.835,2.889,2.811,1.800,1.642,3.800,3.299,USD
DOGE,2024-08-05 14:00:00,2024-08-05,12.779,1.910,1.890,2.010,1.971,-0.665,-0.743,2.494,2.336,4.352,3.851,USD
DOGE,2024-11-06 02:00:00,2024-11-06,16.900,5.721,5.701,2.742,2.702,1.646,1.569,1.390,1.232,0.195,-0.306,USD
DOGE,2024-11-10 18:00:00,2024-11-10,15.046,-2.408,-2.428,-6.981,-7.021,-0.055,-0.133,6.354,6.197,16.958,16.456,USD
DOGE,2024-11-12 00:00:00,2024-11-12,13.267,-2.488,-2.508,-2.869,-2.908,7.550,7.472,18.977,18.820,10.729,10.228,USD
DOGE,2024-11-23 05:00:00,2024-11-23,13.875,0.201,0.181,-1.100,-1.140,-0.240,-0.318,-0.191,-0.348,-6.707,-7.208,USD
DOGE,2024-12-20 15:00:00,2024-12-20,14.378,1.001,0.981,2.660,2.620,4.089,4.011,4.269,4.112,7.278,6.777,USD
DOGE,2025-01-21 11:00:00,2025-01-21,12.170,-1.211,-1.205,-3.862,-3.848,-1.137,-1.110,0.169,0.221,-4.466,-4.320,USD
DOGE,2025-03-02 17:00:00,2025-03-02,12.857,-1.390,-1.384,0.538,0.552,1.496,1.523,0.066,0.118,-6.663,-6.517,USD
DOGE,2025-08-22 17:00:00,2025-08-22,12.104,0.190,0.197,0.433,0.446,1.548,1.575,-1.052,-1.000,-0.458,-0.312,USD
DOT,2020-08-22 07:00:00,2020-08-22,14.481,8.512,8.465,13.826,13.742,10.294,10.129,15.150,14.823,24.117,23.106,USD
DOT,2020-08-25 19:00:00,2020-08-25,12.887,5.229,5.182,-0.030,-0.113,2.506,2.342,0.227,-0.100,16.447,15.436,USD
DOT,2020-09-06 07:00:00,2020-09-06,13.561,0.936,0.890,0.038,-0.045,8.540,8.376,3.078,2.751,1.357,0.346,USD
DOT,2020-12-29 19:00:00,2020-12-29,12.875,-1.148,-1.195,-0.432,-0.516,4.627,4.463,4.198,3.871,1.795,0.784,USD
DOT,2021-01-13 16:00:00,2021-01-13,12.466,2.834,2.808,-0.534,-0.586,0.853,0.753,10.929,10.737,20.085,19.497,USD
DOT,2021-01-14 23:00:00,2021-01-14,13.775,0.024,-0.002,-0.538,-0.590,-3.794,-3.893,-1.231,-1.424,-8.849,-9.437,USD
DOT,2021-01-16 00:00:00,2021-01-16,13.224,-1.857,-1.884,-5.867,-5.918,-3.614,-3.713,-0.260,-0.452,18.878,18.290,USD
DOT,2021-01-20 19:00:00,2021-01-20,18.456,-2.163,-2.189,0.622,0.570,0.944,0.845,-2.944,-3.137,-7.228,-7.817,USD
DOT,2021-02-23 15:00:00,2021-02-23,12.664,-1.652,-1.678,-4.570,-4.622,-8.435,-8.534,2.291,2.098,1.909,1.321,USD
DOT,2021-05-13 04:00:00,2021-05-13,12.757,-2.769,-2.795,0.796,0.745,-6.185,-6.284,-1.108,-1.301,-1.287,-1.876,USD
DOT,2021-05-19 16:00:00,2021-05-19,18.906,1.299,1.273,-3.619,-3.671,-7.719,-7.818,-21.269,-21.461,-4.131,-4.720,USD
DOT,2021-05-22 00:00:00,2021-05-22,15.362,-1.545,-1.571,-4.846,-4.898,-11.230,-11.330,-6.332,-6.524,-4.766,-5.354,USD
DOT,2021-05-23 20:00:00,2021-05-23,17.766,0.142,0.115,-0.969,-1.021,1.674,1.575,1.512,1.319,29.834,29.245,USD
DOT,2021-06-14 16:00:00,2021-06-14,13.009,2.157,2.131,-1.238,-1.290,1.805,1.706,3.225,3.032,-0.850,-1.439,USD
DOT,2021-06-22 16:00:00,2021-06-22,14.590,-0.509,-0.536,1.431,1.379,-0.804,-0.904,-0.098,-0.291,3.943,3.354,USD
DOT,2021-10-13 18:00:00,2021-10-13,18.176,2.963,2.936,0.184,0.133,3.925,3.826,0.079,-0.114,-2.442,-3.031,USD
DOT,2021-12-15 20:00:00,2021-12-15,12.150,-1.923,-1.950,-3.513,-3.564,-0.225,-0.324,-2.220,-2.413,-4.191,-4.779,USD
DOT,2022-05-12 00:00:00,2022-05-12,13.149,-2.719,-2.703,-7.335,-7.303,-14.330,-14.267,-15.666,-15.538,-2.832,-2.449,USD
DOT,2022-05-13 02:00:00,2022-05-13,12.147,2.585,2.600,3.045,3.076,6.909,6.972,15.092,15.219,13.571,13.954,USD
DOT,2022-06-15 20:00:00,2022-06-15,13.374,2.207,2.222,2.545,2.576,3.697,3.761,0.807,0.935,-8.490,-8.107,USD
DOT,2023-01-14 06:00:00,2023-01-14,12.211,-1.896,-1.906,-0.523,-0.543,-4.657,-4.696,-4.286,-4.364,-7.590,-7.825,USD
DOT,2024-03-06 07:00:00,2024-03-06,12.563,-1.988,-1.989,-3.343,-3.345,-1.040,-1.045,-2.531,-2.542,1.616,1.568,USD
DOT,2024-11-24 00:00:00,2024-11-24,13.854,-1.786,-1.787,-2.675,-2.677,-5.655,-5.660,-8.816,-8.826,-10.909,-10.957,USD
DOT,2024-12-02 21:00:00,2024-12-02,12.627,-1.055,-1.057,1.183,1.180,1.415,1.410,3.076,3.065,-1.453,-1.501,USD
DOT,2024-12-04 12:00:00,2024-12-04,12.782,0.399,0.397,-2.629,-2.632,-8.480,-8.485,-4.446,-4.457,-3.270,-3.317,USD
DOT,2024-12-20 15:00:00,2024-12-20,12.745,1.910,1.908,4.074,4.072,4.879,4.874,6.609,6.598,3.921,3.873,USD
DOT,2025-11-07 16:00:00,2025-11-07,13.619,3.098,3.109,4.425,4.447,3.166,3.209,2.853,2.940,1.510,1.762,USD
DOT,2026-02-25 14:00:00,2026-02-25,13.312,0.737,0.752,2.470,2.500,4.689,4.747,10.141,10.256,5.605,5.982,USD
ENA,2024-08-05 14:00:00,2024-08-05,15.237,0.519,0.507,1.222,1.192,-4.889,-4.946,-1.630,-1.779,6.370,5.887,USD
ENA,2024-09-26 11:00:00,2024-09-26,15.722,-6.780,-6.791,-6.780,-6.810,-2.959,-3.016,-1.291,-1.441,-6.511,-6.994,USD
ENA,2024-10-11 16:00:00,2024-10-11,22.143,-3.428,-3.439,-1.917,-1.948,-1.830,-1.887,-0.552,-0.701,-3.457,-3.941,USD
ENA,2024-10-14 06:00:00,2024-10-14,14.197,-2.179,-2.190,-1.956,-1.986,-0.347,-0.404,6.736,6.587,9.361,8.877,USD
ENA,2024-11-07 00:00:00,2024-11-07,15.623,-0.972,-0.983,-0.615,-0.645,-0.357,-0.414,6.746,6.597,0.060,-0.424,USD
ENA,2024-11-13 14:00:00,2024-11-13,15.807,-4.607,-4.618,-6.530,-6.560,-7.600,-7.657,-8.097,-8.246,-15.914,-16.398,USD
ENA,2024-11-21 14:00:00,2024-11-21,14.914,-1.735,-1.746,2.568,2.538,-1.021,-1.078,-0.799,-0.949,-0.663,-1.147,USD
ENA,2024-11-27 20:00:00,2024-11-27,12.679,-1.543,-1.554,-3.619,-3.649,-1.202,-1.259,3.346,3.196,-4.820,-5.304,USD
ENA,2024-12-14 22:00:00,2024-12-14,21.530,-1.484,-1.495,3.923,3.893,-2.144,-2.201,-0.035,-0.184,7.751,7.267,USD
ENA,2024-12-16 00:00:00,2024-12-16,12.140,-1.373,-1.384,-0.921,-0.951,-3.031,-3.087,-5.493,-5.643,-10.158,-10.642,USD
ENA,2024-12-20 15:00:00,2024-12-20,17.588,0.894,0.883,6.480,6.450,19.678,19.621,17.690,17.541,6.977,6.493,USD
ENA,2025-01-03 14:00:00,2025-01-03,14.502,0.126,0.132,0.419,0.433,3.168,3.198,1.953,2.016,8.164,8.334,USD
ENA,2025-01-06 14:00:00,2025-01-06,12.251,-8.570,-8.564,-9.490,-9.476,-10.922,-10.892,-12.472,-12.410,-15.188,-15.018,USD
ENA,2025-01-15 14:00:00,2025-01-15,12.230,0.724,0.730,2.953,2.967,3.406,3.436,8.872,8.934,1.030,1.200,USD
ENA,2025-01-20 08:00:00,2025-01-20,13.795,-2.733,-2.727,-5.338,-5.325,-7.061,-7.031,2.350,2.413,-9.219,-9.049,USD
ENA,2025-01-24 06:00:00,2025-01-24,12.269,-1.668,-1.662,-2.524,-2.510,-1.075,-1.045,-0.285,-0.223,-7.867,-7.697,USD
ENA,2025-03-02 17:00:00,2025-03-02,13.012,-2.638,-2.632,4.248,4.261,2.057,2.087,1.118,1.180,-11.759,-11.589,USD
ENA,2025-03-06 03:00:00,2025-03-06,12.718,4.906,4.912,5.345,5.358,3.873,3.903,5.319,5.382,-2.943,-2.773,USD
ENA,2025-04-09 19:00:00,2025-04-09,12.098,1.123,1.129,0.468,0.481,-1.310,-1.280,-5.115,-5.053,-6.893,-6.723,USD
ENA,2025-05-13 16:00:00,2025-05-13,13.123,-0.023,-0.017,-0.363,-0.350,1.680,1.710,2.701,2.764,-8.445,-8.275,USD
ENA,2025-07-11 04:00:00,2025-07-11,13.376,0.056,0.062,-2.837,-2.824,3.904,3.934,-0.927,-0.864,-7.331,-7.161,USD
ENA,2025-07-21 14:00:00,2025-07-21,17.409,-10.388,-10.382,-8.490,-8.477,-8.931,-8.901,-13.659,-13.596,-11.727,-11.557,USD
ENA,2025-07-25 09:00:00,2025-07-25,12.387,1.986,1.992,1.592,1.606,2.702,2.732,-3.865,-3.802,5.493,5.663,USD
ENA,2025-08-22 15:00:00,2025-08-22,13.548,0.041,0.047,1.157,1.171,2.067,2.096,3.665,3.728,1.392,1.562,USD
ENA,2025-11-07 17:00:00,2025-11-07,12.888,-0.782,-0.776,-1.768,-1.754,-0.782,-0.753,-5.158,-5.095,-8.548,-8.378,USD
ENA,2026-06-03 07:00:00,2026-06-03,13.511,0.000,0.017,-1.073,-1.038,0.780,0.852,12.683,12.828,-0.585,-0.149,USD
ETH,2018-01-17 19:00:00,2018-01-17,18.191,6.748,6.761,13.548,13.575,9.262,9.318,9.920,10.032,15.592,15.912,USD
ETH,2018-02-02 15:00:00,2018-02-02,18.667,-0.151,-0.138,-5.782,-5.755,-7.818,-7.761,-5.105,-4.993,-0.933,-0.613,USD
ETH,2018-02-06 12:00:00,2018-02-06,13.538,10.146,10.159,10.756,10.783,9.385,9.441,15.698,15.810,28.032,28.352,USD
ETH,2018-03-18 21:00:00,2018-03-18,13.169,-3.949,-3.936,-2.700,-2.673,-3.198,-3.142,-1.129,-1.017,-1.293,-0.972,USD
ETH,2018-06-14 19:00:00,2018-06-14,12.486,-0.367,-0.354,-0.872,-0.845,-0.276,-0.220,-1.691,-1.579,-4.784,-4.464,USD
ETH,2018-12-07 19:00:00,2018-12-07,13.951,-5.826,-5.812,-2.928,-2.901,-3.936,-3.879,-1.776,-1.664,-9.138,-8.818,USD
ETH,2018-12-24 01:00:00,2018-12-24,13.461,1.127,1.140,1.710,1.737,0.597,0.654,-0.109,0.003,-11.117,-10.797,USD
ETH,2018-12-28 16:00:00,2018-12-28,14.328,0.799,0.812,1.063,1.090,2.013,2.070,3.619,3.731,1.599,1.919,USD
ETH,2020-03-13 03:00:00,2020-03-13,21.622,-15.011,-15.036,-11.776,-11.826,-3.515,-3.612,-2.487,-2.680,0.763,0.179,USD
ETH,2021-01-03 16:00:00,2021-01-03,12.270,-0.043,-0.068,-1.799,-1.850,1.370,1.270,4.543,4.346,8.195,7.599,USD
ETH,2021-05-19 16:00:00,2021-05-19,22.509,-3.158,-3.183,-8.973,-9.024,-11.709,-11.809,-21.893,-22.090,-5.524,-6.119,USD
ETH,2021-05-23 20:00:00,2021-05-23,12.091,1.385,1.359,-0.231,-0.282,3.417,3.316,1.830,1.632,26.824,26.228,USD
ETH,2022-11-10 14:00:00,2022-11-10,12.469,0.070,0.078,0.014,0.032,-3.681,-3.646,0.187,0.258,-4.565,-4.357,USD
ETH,2024-05-20 21:00:00,2024-05-20,15.959,-0.922,-0.928,0.392,0.380,1.035,1.010,-0.004,-0.054,2.856,2.698,USD
ETH,2025-03-02 17:00:00,2025-03-02,12.242,-0.358,-0.360,0.209,0.206,1.767,1.760,-0.890,-0.905,-8.250,-8.296,USD
FET,2022-06-15 21:00:00,2022-06-15,14.301,3.056,3.091,2.579,2.602,-0.860,-0.799,-3.629,-3.511,-17.765,-17.575,USD
FET,2022-06-19 00:00:00,2022-06-19,12.979,-4.439,-4.404,-2.742,-2.719,-4.569,-4.508,-4.308,-4.189,-0.261,-0.071,USD
FET,2022-09-02 10:00:00,2022-09-02,30.863,-21.727,-21.692,-22.377,-22.354,-20.984,-20.923,-23.120,-23.001,,,USD
FET,2022-09-07 09:00:00,2022-09-07,12.999,12.301,12.336,4.670,4.692,4.442,4.503,7.859,7.977,6.378,6.568,USD
FET,2022-11-23 13:00:00,2022-11-23,15.254,0.294,0.329,-1.912,-1.889,-1.176,-1.116,-4.265,-4.146,-5.882,-5.693,USD
FET,2022-12-07 20:00:00,2022-12-07,16.738,2.083,2.118,-3.309,-3.286,-1.225,-1.165,0.000,0.119,10.662,10.852,USD
FET,2022-12-09 04:00:00,2022-12-09,14.270,-2.146,-2.111,-0.585,-0.563,10.049,10.110,8.000,8.119,3.610,3.800,USD
FET,2022-12-11 08:00:00,2022-12-11,13.430,-3.097,-3.062,-5.829,-5.806,-4.827,-4.766,-5.920,-5.801,-7.650,-7.461,USD
FET,2022-12-14 09:00:00,2022-12-14,22.860,-6.878,-6.843,-5.467,-5.445,-9.171,-9.110,-5.644,-5.525,,,USD
FET,2022-12-21 18:00:00,2022-12-21,14.837,-1.786,-1.751,0.945,0.968,-2.311,-2.250,-0.525,-0.407,-4.307,-4.117,USD
FET,2023-01-04 11:00:00,2023-01-04,12.634,-3.020,-3.054,-3.710,-3.773,-0.518,-0.644,-3.796,-4.046,-6.126,-6.873,USD
FET,2023-01-07 16:00:00,2023-01-07,12.903,-2.990,-3.024,-0.266,-0.328,7.176,7.050,3.189,2.939,1.927,1.180,USD
FET,2023-01-10 19:00:00,2023-01-10,17.750,-0.159,-0.193,-1.115,-1.177,0.212,0.086,1.699,1.448,-7.325,-8.072,USD
FET,2023-01-13 06:00:00,2023-01-13,13.755,-2.929,-2.963,-3.766,-3.828,-2.929,-3.055,3.724,3.474,5.063,4.316,USD
FET,2023-02-03 15:00:00,2023-02-03,13.492,0.530,0.496,-1.248,-1.311,-1.778,-1.905,3.058,2.808,1.217,0.470,USD
FET,2023-02-05 13:00:00,2023-02-05,12.609,4.249,4.215,3.394,3.331,4.596,4.470,18.707,18.456,17.076,16.329,USD
FET,2023-02-07 02:00:00,2023-02-07,12.537,0.162,0.128,3.558,3.496,11.787,11.661,10.655,10.405,17.125,16.378,USD
FET,2023-03-12 23:00:00,2023-03-12,17.978,1.433,1.399,1.797,1.735,-1.641,-1.767,-1.433,-1.683,1.563,0.816,USD
FET,2023-03-14 15:00:00,2023-03-14,15.697,-0.512,-0.546,4.982,4.920,4.226,4.100,0.022,-0.228,-9.275,-10.022,USD
FET,2024-02-20 22:00:00,2024-02-20,12.535,0.505,0.490,3.996,3.965,-2.832,-2.891,-5.722,-5.838,7.610,7.236,USD
FET,2024-02-21 22:00:00,2024-02-21,16.474,1.445,1.429,-1.622,-1.652,-5.530,-5.589,1.950,1.833,-0.186,-0.560,USD
FET,2024-02-28 14:00:00,2024-02-28,17.865,-2.596,-2.612,-1.466,-1.496,-3.765,-3.823,0.443,0.326,11.202,10.828,USD
FET,2024-03-01 02:00:00,2024-03-01,12.911,1.621,1.605,0.572,0.541,-1.590,-1.648,4.210,4.093,2.783,2.409,USD
FET,2024-03-02 16:00:00,2024-03-02,12.136,-0.220,-0.236,-0.335,-0.365,2.323,2.264,-1.186,-1.303,2.608,2.234,USD
FET,2024-03-05 23:00:00,2024-03-05,15.098,0.471,0.455,6.064,6.034,-0.184,-0.243,15.233,15.116,39.880,39.506,USD
FET,2024-03-07 00:00:00,2024-03-07,17.716,2.524,2.508,-3.080,-3.110,-0.194,-0.253,1.912,1.795,-3.267,-3.641,USD
FET,2024-03-08 16:00:00,2024-03-08,12.018,1.430,1.414,1.292,1.262,-2.074,-2.133,-3.621,-3.738,6.867,6.493,USD
FET,2024-03-15 12:00:00,2024-03-15,12.510,1.613,1.597,0.630,0.600,-0.828,-0.887,-4.251,-4.368,-7.372,-7.746,USD
FET,2024-03-17 10:00:00,2024-03-17,14.337,-1.605,-1.621,-4.306,-4.337,4.851,4.792,4.895,4.779,-2.987,-3.361,USD
FET,2024-06-24 21:00:00,2024-06-24,14.511,0.000,-0.016,-0.135,-0.165,1.231,1.172,2.058,1.941,-3.779,-4.153,USD
FET,2024-11-28 18:00:00,2024-11-28,13.000,-1.022,-1.038,0.632,0.602,1.754,1.695,-5.599,-5.715,-2.835,-3.209,USD
FET,2024-12-20 15:00:00,2024-12-20,13.919,0.474,0.458,2.515,2.485,4.200,4.141,6.746,6.629,1.560,1.186,USD
FET,2025-02-03 07:00:00,2025-02-03,12.882,-2.720,-2.706,-0.843,-0.816,1.469,1.524,8.746,8.854,5.019,5.328,USD
FET,2025-04-24 14:00:00,2025-04-24,13.631,-0.143,-0.129,0.086,0.113,-0.415,-0.360,0.586,0.694,0.815,1.124,USD
FET,2025-10-11 03:00:00,2025-10-11,12.042,1.031,1.045,0.619,0.646,1.186,1.241,6.778,6.886,-5.722,-5.413,USD
FET,2025-10-19 15:00:00,2025-10-19,12.645,-2.798,-2.784,-1.266,-1.238,-1.666,-1.610,-3.264,-3.157,-5.463,-5.154,USD
FET,2025-11-07 14:00:00,2025-11-07,14.431,8.384,8.398,14.724,14.751,37.185,37.240,27.028,27.136,26.585,26.893,USD
FET,2025-11-18 16:00:00,2025-11-18,13.379,-1.227,-1.213,-2.706,-2.679,-3.965,-3.910,-6.860,-6.752,-7.332,-7.023,USD
FET,2025-11-19 23:00:00,2025-11-19,13.842,-2.729,-2.715,-1.364,-1.337,-3.911,-3.856,-2.547,-2.439,-4.609,-4.300,USD
FET,2025-12-02 15:00:00,2025-12-02,15.009,0.986,1.000,0.000,0.027,-1.024,-0.969,-2.921,-2.813,-0.569,-0.260,USD
FET,2026-05-29 17:00:00,2026-05-29,12.866,-3.774,-3.777,-3.927,-3.932,-7.663,-7.672,-6.367,-6.385,3.164,3.128,USD
FIL,2020-10-15 22:00:00,2020-10-15,13.825,-1.606,-1.570,13.964,14.050,7.639,7.809,1.107,1.449,-32.968,-31.975,USD
FIL,2020-10-17 03:00:00,2020-10-17,12.174,-6.136,-6.101,-7.594,-7.508,-9.951,-9.781,-11.386,-11.043,-20.388,-19.395,USD
FIL,2020-10-19 19:00:00,2020-10-19,26.338,-5.245,-5.210,-11.661,-11.575,-17.419,-17.248,-19.270,-18.927,-25.853,-24.861,USD
FIL,2020-10-23 23:00:00,2020-10-23,13.284,1.498,1.533,0.280,0.366,-2.991,-2.820,-0.540,-0.197,7.472,8.464,USD
FIL,2020-10-25 03:00:00,2020-10-25,12.106,13.969,14.005,11.573,11.659,14.927,15.098,3.830,4.172,32.142,33.135,USD
FIL,2020-11-25 12:00:00,2020-11-25,12.910,-3.191,-3.156,-1.068,-0.982,-1.735,-1.564,-7.807,-7.465,-11.857,-10.864,USD
FIL,2020-12-31 17:00:00,2020-12-31,14.849,-0.868,-0.833,0.184,0.270,-3.693,-3.523,-4.322,-3.979,-11.164,-10.172,USD
FIL,2021-02-09 00:00:00,2021-02-09,18.017,4.488,4.474,4.236,4.207,2.548,2.493,2.572,2.459,42.918,42.536,USD
FIL,2021-02-20 00:00:00,2021-02-20,13.595,-3.702,-3.716,-3.571,-3.600,-2.103,-2.158,-5.744,-5.856,-9.406,-9.788,USD
FIL,2021-03-14 02:00:00,2021-03-14,15.202,-1.728,-1.742,-3.157,-3.186,-1.908,-1.963,-6.249,-6.361,-1.849,-2.231,USD
FIL,2021-03-17 16:00:00,2021-03-17,16.198,2.091,2.077,0.663,0.634,2.469,2.414,6.090,5.978,-1.312,-1.694,USD
FIL,2021-03-23 15:00:00,2021-03-23,13.081,-0.914,-0.928,-1.790,-1.819,-0.598,-0.654,-1.231,-1.344,10.601,10.219,USD
FIL,2021-03-26 16:00:00,2021-03-26,14.850,0.062,0.047,-1.855,-1.883,-3.957,-4.013,5.896,5.783,17.036,16.654,USD
FIL,2021-03-30 15:00:00,2021-03-30,15.704,1.179,1.164,-0.697,-0.726,2.014,1.958,3.258,3.145,27.519,27.137,USD
FIL,2021-03-31 15:00:00,2021-03-31,19.898,4.021,4.006,-0.478,-0.507,-1.399,-1.454,3.200,3.087,24.203,23.821,USD
FIL,2021-05-13 04:00:00,2021-05-13,12.949,1.798,1.784,1.971,1.942,-3.829,-3.885,-2.023,-2.136,-2.356,-2.738,USD
FIL,2021-05-19 16:00:00,2021-05-19,16.239,-2.060,-2.074,-8.695,-8.724,-9.728,-9.784,-16.341,-16.453,13.253,12.871,USD
FIL,2021-06-03 16:00:00,2021-06-03,15.123,-0.881,-0.896,-0.087,-0.116,2.581,2.526,1.326,1.213,4.864,4.482,USD
FIL,2021-06-22 17:00:00,2021-06-22,12.043,-0.256,-0.270,-2.911,-2.939,-2.464,-2.519,3.275,3.163,11.115,10.733,USD
FIL,2021-09-05 18:00:00,2021-09-05,12.933,-1.645,-1.659,0.424,0.395,-5.599,-5.654,-3.113,-3.226,-7.471,-7.853,USD
FIL,2022-03-27 16:00:00,2022-03-27,13.983,0.837,0.858,1.710,1.753,1.517,1.603,11.229,11.400,16.643,17.147,USD
FIL,2022-05-12 10:00:00,2022-05-12,18.527,-1.606,-1.584,-1.385,-1.342,0.061,0.148,-3.948,-3.776,9.452,9.956,USD
FIL,2022-07-30 08:00:00,2022-07-30,12.987,0.421,0.443,0.285,0.329,0.435,0.521,12.351,12.522,10.503,11.006,USD
FIL,2022-07-31 12:00:00,2022-07-31,13.230,1.021,1.042,1.868,1.911,9.773,9.859,13.552,13.724,-0.880,-0.376,USD
FIL,2022-08-06 05:00:00,2022-08-06,12.240,0.813,0.835,0.054,0.097,0.640,0.726,0.824,0.996,-3.328,-2.824,USD
FIL,2023-01-14 01:00:00,2023-01-14,12.462,-2.681,-2.696,-3.128,-3.157,-2.748,-2.808,-6.412,-6.531,3.575,3.222,USD
FIL,2023-02-17 03:00:00,2023-02-17,19.815,0.139,0.124,1.048,1.019,-0.724,-0.784,5.302,5.183,18.434,18.082,USD
FIL,2023-02-19 06:00:00,2023-02-19,13.668,-1.669,-1.684,-2.132,-2.161,3.847,3.787,4.884,4.766,-4.275,-4.628,USD
FIL,2023-03-13 00:00:00,2023-03-13,15.023,-2.406,-2.421,-1.457,-1.486,-0.311,-0.371,-0.769,-0.888,3.650,3.297,USD
FIL,2023-03-14 13:00:00,2023-03-14,12.112,1.440,1.425,6.086,6.057,3.036,2.976,-4.547,-4.665,-8.780,-9.132,USD
FIL,2023-07-03 02:00:00,2023-07-03,13.560,1.477,1.462,2.761,2.731,1.134,1.074,1.798,1.679,-0.449,-0.802,USD
FIL,2023-12-16 18:00:00,2023-12-16,15.556,-5.164,-5.179,-3.556,-3.586,-6.739,-6.799,-9.224,-9.342,-8.509,-8.862,USD
FIL,2024-03-08 18:00:00,2024-03-08,12.560,2.337,2.336,2.836,2.833,3.054,3.050,0.499,0.490,-3.299,-3.331,USD
FIL,2025-09-01 08:00:00,2025-09-01,12.455,-2.908,-2.900,-4.422,-4.405,-6.135,-6.101,-7.928,-7.858,-9.681,-9.512,USD
FIL,2025-11-06 18:00:00,2025-11-06,19.120,8.298,8.307,7.753,7.770,16.596,16.630,26.287,26.357,100.363,100.533,USD
FIL,2025-11-07 18:00:00,2025-11-07,44.897,-1.058,-1.049,2.570,2.587,2.025,2.060,-0.816,-0.746,-12.938,-12.769,USD
FIL,2026-01-01 14:00:00,2026-01-01,13.661,1.756,1.764,2.161,2.178,2.566,2.602,1.080,1.152,-2.903,-2.637,USD
FIL,2026-02-25 15:00:00,2026-02-25,15.601,2.343,2.352,0.469,0.486,3.280,3.316,-0.375,-0.303,-4.592,-4.326,USD
FIL,2026-05-06 03:00:00,2026-05-06,14.784,2.594,2.603,0.089,0.107,-4.204,-4.168,-1.252,-1.181,-4.114,-3.848,USD
FIL,2026-05-08 15:00:00,2026-05-08,12.545,-2.486,-2.477,-2.967,-2.950,-3.368,-3.332,3.288,3.359,-3.448,-3.182,USD
ICP,2022-05-12 16:00:00,2022-05-12,13.732,-3.327,-3.315,-8.669,-8.643,-6.018,-5.957,-5.121,-4.996,12.932,13.293,USD
ICP,2022-06-02 18:00:00,2022-06-02,13.700,-2.037,-2.025,2.898,2.924,3.040,3.100,0.109,0.234,-11.472,-11.111,USD
ICP,2022-07-08 20:00:00,2022-07-08,15.431,-1.387,-1.374,-2.510,-2.484,-2.884,-2.824,-4.133,-4.007,-3.065,-2.704,USD
ICP,2022-07-29 23:00:00,2022-07-29,12.901,5.769,5.782,6.998,7.023,15.310,15.371,4.578,4.703,2.605,2.967,USD
ICP,2023-02-17 03:00:00,2023-02-17,12.008,-2.808,-2.828,-1.667,-1.706,-1.441,-1.518,-0.375,-0.527,12.673,12.215,USD
ICP,2023-12-16 04:00:00,2023-12-16,20.707,2.561,2.540,-1.630,-1.669,3.663,3.586,5.305,5.153,26.260,25.803,USD
ICP,2023-12-22 05:00:00,2023-12-22,13.889,-5.389,-5.409,-5.710,-5.749,-8.310,-8.386,-8.792,-8.944,-14.086,-14.543,USD
ICP,2023-12-31 01:00:00,2023-12-31,13.636,-1.046,-1.066,-4.162,-4.201,-1.385,-1.461,2.654,2.502,5.062,4.604,USD
ICP,2024-01-02 18:00:00,2024-01-02,13.522,-2.354,-2.355,-4.950,-4.950,-3.233,-3.234,-5.634,-5.642,-2.877,-2.928,USD
ICP,2024-01-08 11:00:00,2024-01-08,12.742,4.285,4.284,5.627,5.626,8.181,8.180,10.049,10.040,5.319,5.268,USD
ICP,2024-03-05 04:00:00,2024-03-05,15.847,3.112,3.111,2.126,2.126,4.278,4.277,3.293,3.284,-8.789,-8.840,USD
ICP,2024-12-20 15:00:00,2024-12-20,13.125,-0.119,-0.120,1.301,1.301,3.109,3.108,4.887,4.879,3.854,3.803,USD
ICP,2025-11-01 12:00:00,2025-11-01,13.344,-1.622,-1.614,-4.614,-4.598,,,,,7.830,8.041,USD
ICP,2025-11-02 13:00:00,2025-11-02,15.087,-2.836,-2.828,-0.672,-0.655,0.025,0.057,1.343,1.410,-2.587,-2.376,USD
ICP,2025-11-04 02:00:00,2025-11-04,15.756,8.446,8.454,15.917,15.933,13.523,13.555,15.673,15.740,13.523,13.734,USD
ICP,2025-11-05 22:00:00,2025-11-05,13.530,0.438,0.446,-1.296,-1.280,-3.871,-3.839,0.168,0.235,11.732,11.943,USD
ICP,2025-11-07 05:00:00,2025-11-07,20.064,-1.343,-1.335,8.324,8.340,5.790,5.822,-4.168,-4.102,16.382,16.593,USD
ICP,2025-11-08 05:00:00,2025-11-08,12.919,4.779,4.787,0.501,0.517,-7.664,-7.631,-7.784,-7.717,-15.828,-15.617,USD
ICP,2025-11-17 18:00:00,2025-11-17,15.004,-2.151,-2.142,-4.247,-4.231,-2.652,-2.620,1.900,1.966,-8.996,-8.785,USD
ICP,2025-12-20 22:00:00,2025-12-20,13.318,-0.145,-0.137,-3.656,-3.640,-5.485,-5.452,-6.239,-6.172,-11.172,-10.961,USD
ICP,2026-03-11 08:00:00,2026-03-11,12.604,-1.001,-0.999,2.298,2.302,1.927,1.935,-2.557,-2.542,-4.299,-4.238,USD
ICP,2026-05-09 01:00:00,2026-05-09,13.547,-4.084,-4.083,-5.545,-5.541,-5.619,-5.611,-9.505,-9.489,-12.153,-12.092,USD
INJ,2021-08-11 07:00:00,2021-08-11,41.339,-30.392,-30.402,-29.480,-29.492,-28.080,-28.092,-26.640,-26.704,-29.264,-29.486,USD
INJ,2021-08-21 13:00:00,2021-08-21,18.417,-3.043,-3.053,-2.386,-2.397,0.489,0.477,-1.782,-1.846,-3.273,-3.494,USD
INJ,2021-09-01 18:00:00,2021-09-01,14.222,-3.133,-3.144,-3.306,-3.317,0.480,0.467,-0.525,-0.589,-3.336,-3.558,USD
INJ,2021-09-12 05:00:00,2021-09-12,15.562,-5.194,-5.205,-4.842,-4.853,-5.893,-5.905,-6.193,-6.257,-13.917,-14.138,USD
INJ,2021-09-26 09:00:00,2021-09-26,17.715,9.289,9.279,4.987,4.975,0.109,0.097,3.301,3.237,5.829,5.608,USD
INJ,2021-11-15 09:00:00,2021-11-15,13.206,-0.995,-1.005,5.167,5.156,-1.810,-1.822,-4.763,-4.828,-10.633,-10.855,USD
INJ,2021-12-10 08:00:00,2021-12-10,22.246,-2.743,-2.753,-3.590,-3.602,-5.231,-5.243,-12.584,-12.648,-12.056,-12.277,USD
INJ,2022-02-11 17:00:00,2022-02-11,33.211,-9.359,-9.350,-0.763,-0.757,36.198,36.232,23.466,23.512,18.504,18.746,USD
INJ,2022-02-19 19:00:00,2022-02-19,25.851,0.514,0.522,4.852,4.859,0.469,0.503,-0.741,-0.694,-14.072,-13.830,USD
INJ,2022-02-22 16:00:00,2022-02-22,20.366,-4.226,-4.217,-3.073,-3.067,-9.805,-9.771,-8.702,-8.656,-3.725,-3.483,USD
INJ,2022-03-13 13:00:00,2022-03-13,15.983,-8.382,-8.374,-10.780,-10.773,-9.745,-9.711,-10.624,-10.578,-9.900,-9.658,USD
INJ,2022-05-03 20:00:00,2022-05-03,32.752,-5.760,-5.752,-6.607,-6.601,-11.626,-11.592,-10.949,-10.902,-10.017,-9.775,USD
INJ,2022-05-13 03:00:00,2022-05-13,13.322,-1.073,-1.065,2.000,2.007,2.293,2.327,5.122,5.169,0.732,0.974,USD
INJ,2022-05-17 06:00:00,2022-05-17,14.496,-1.796,-1.788,-1.540,-1.533,-3.550,-3.516,-3.593,-3.546,-3.593,-3.351,USD
INJ,2022-06-09 17:00:00,2022-06-09,16.347,-6.512,-6.504,-7.493,-7.487,-9.902,-9.868,-10.660,-10.614,-11.017,-10.775,USD
INJ,2022-06-14 17:00:00,2022-06-14,12.509,16.611,16.619,4.555,4.561,-1.474,-1.440,-6.832,-6.785,-8.573,-8.331,USD
INJ,2022-08-10 13:00:00,2022-08-10,25.429,-4.687,-4.678,-0.685,-0.678,-5.108,-5.074,-5.213,-5.167,15.745,15.987,USD
INJ,2022-08-11 13:00:00,2022-08-11,12.372,-0.182,-0.173,-2.821,-2.814,-4.368,-4.334,-4.049,-4.003,-10.919,-10.677,USD
INJ,2022-08-16 07:00:00,2022-08-16,17.831,-3.368,-3.360,-5.740,-5.733,-4.791,-4.757,-7.068,-7.022,-3.510,-3.268,USD
INJ,2022-09-11 13:00:00,2022-09-11,12.315,-3.163,-3.154,-5.061,-5.054,-2.741,-2.707,-0.369,-0.322,-0.053,0.189,USD
INJ,2022-10-31 11:00:00,2022-10-31,13.929,-0.792,-0.784,-6.453,-6.446,-4.377,-4.343,-7.358,-7.312,-9.132,-8.890,USD
INJ,2023-01-22 10:00:00,2023-01-22,14.117,-0.345,-0.389,-1.873,-1.967,7.738,7.546,2.612,2.236,0.542,-0.582,USD
INJ,2023-01-25 14:00:00,2023-01-25,28.863,-7.244,-7.288,-7.494,-7.588,-8.909,-9.101,-6.828,-7.204,3.289,2.165,USD
INJ,2023-01-31 17:00:00,2023-01-31,12.139,1.063,1.019,1.063,0.969,-0.580,-0.772,1.836,1.460,2.996,1.872,USD
INJ,2023-02-01 19:00:00,2023-02-01,15.135,0.027,-0.017,4.842,4.748,4.463,4.271,3.029,2.653,-0.974,-2.098,USD
INJ,2023-02-04 12:00:00,2023-02-04,12.778,-0.914,-0.958,-2.454,-2.548,-5.413,-5.604,-5.389,-5.765,-13.183,-14.307,USD
INJ,2023-02-07 06:00:00,2023-02-07,15.159,-4.865,-4.910,-3.433,-3.527,-0.395,-0.587,-2.223,-2.599,2.816,1.691,USD
INJ,2023-03-12 23:00:00,2023-03-12,15.755,1.852,1.808,1.718,1.624,0.752,0.560,2.523,2.147,10.470,9.345,USD
INJ,2023-04-14 14:00:00,2023-04-14,17.851,-2.742,-2.786,-0.036,-0.130,2.327,2.135,1.626,1.250,-7.028,-8.152,USD
INJ,2023-04-25 21:00:00,2023-04-25,14.700,-0.136,-0.180,2.230,2.137,1.220,1.028,0.456,0.080,6.272,5.148,USD
INJ,2023-10-24 11:00:00,2023-10-24,12.429,-1.480,-1.524,-3.632,-3.726,-7.826,-8.018,-6.687,-7.063,-3.347,-4.472,USD
INJ,2023-12-13 20:00:00,2023-12-13,13.966,-0.003,-0.048,-0.502,-0.596,5.740,5.548,7.078,6.702,6.276,5.152,USD
INJ,2023-12-18 22:00:00,2023-12-18,12.983,0.879,0.835,0.958,0.864,3.047,2.856,4.586,4.210,0.260,-0.864,USD
INJ,2024-02-29 00:00:00,2024-02-29,12.905,-3.435,-3.435,-4.565,-4.565,-5.461,-5.459,0.587,0.596,-6.913,-6.894,USD
INJ,2024-06-12 15:00:00,2024-06-12,14.465,-1.468,-1.469,-1.717,-1.717,-7.633,-7.631,-3.907,-3.898,-10.717,-10.698,USD
INJ,2024-08-05 16:00:00,2024-08-05,13.319,2.213,2.212,-1.989,-1.989,-1.509,-1.507,4.444,4.453,5.953,5.972,USD
INJ,2024-08-08 23:00:00,2024-08-08,14.700,-0.305,-0.305,-1.067,-1.067,-2.466,-2.464,-3.691,-3.682,-1.138,-1.119,USD
INJ,2024-12-20 15:00:00,2024-12-20,12.628,1.153,1.153,2.672,2.672,5.882,5.884,6.349,6.357,1.221,1.239,USD
INJ,2024-12-23 22:00:00,2024-12-23,13.256,-2.781,-2.781,-3.164,-3.164,-5.099,-5.097,-5.368,-5.360,-1.948,-1.929,USD
INJ,2025-01-20 08:00:00,2025-01-20,13.090,-1.165,-1.154,-0.808,-0.786,-1.191,-1.147,-4.010,-3.926,-11.532,-11.282,USD
INJ,2025-03-02 17:00:00,2025-03-02,12.309,-1.830,-1.819,-0.133,-0.111,0.203,0.247,-2.531,-2.447,-6.458,-6.209,USD
INJ,2025-08-22 16:00:00,2025-08-22,12.032,0.553,0.564,1.167,1.189,2.088,2.131,0.948,1.033,-1.754,-1.504,USD
INJ,2025-10-12 17:00:00,2025-10-12,12.727,-0.581,-0.570,0.623,0.645,-0.083,-0.040,-0.924,-0.839,3.289,3.539,USD
INJ,2025-11-07 17:00:00,2025-11-07,13.380,2.341,2.352,2.087,2.109,6.115,6.158,9.192,9.276,-1.151,-0.901,USD
INJ,2026-02-19 01:00:00,2026-02-19,18.521,-6.551,-6.559,-3.460,-3.475,-5.048,-5.078,-8.820,-8.879,-8.225,-8.388,USD
INJ,2026-05-13 09:00:00,2026-05-13,12.133,0.442,0.434,0.459,0.444,-1.597,-1.627,-10.124,-10.183,-13.436,-13.600,USD
JUP,2024-03-01 03:00:00,2024-03-01,14.079,1.672,1.662,-1.060,-1.080,-4.139,-4.181,1.028,0.944,-3.024,-3.301,USD
JUP,2024-03-15 01:00:00,2024-03-15,12.961,-3.055,-3.065,-4.484,-4.504,-6.771,-6.813,-7.659,-7.743,25.699,25.422,USD
JUP,2024-03-16 02:00:00,2024-03-16,14.765,0.344,0.334,0.809,0.788,10.985,10.943,10.229,10.145,-0.231,-0.508,USD
JUP,2024-03-18 12:00:00,2024-03-18,16.684,-4.313,-4.323,-3.515,-3.536,-7.564,-7.606,-8.890,-8.974,-21.708,-21.985,USD
JUP,2024-03-20 20:00:00,2024-03-20,12.751,4.440,4.431,3.311,3.291,5.936,5.895,4.049,3.966,-3.733,-4.010,USD
JUP,2024-04-14 00:00:00,2024-04-14,13.488,1.624,1.614,-0.879,-0.899,,,,,13.304,13.027,USD
JUP,2024-08-05 16:00:00,2024-08-05,12.017,1.793,1.783,-2.688,-2.709,-1.047,-1.089,4.323,4.239,13.171,12.894,USD
JUP,2024-11-17 04:00:00,2024-11-17,13.241,-0.407,-0.417,-0.793,-0.814,-2.696,-2.737,-6.390,-6.474,-6.684,-6.961,USD
JUP,2024-12-20 15:00:00,2024-12-20,12.557,0.268,0.258,1.400,1.380,3.008,2.966,4.463,4.379,0.544,0.267,USD
JUP,2025-01-18 10:00:00,2025-01-18,22.514,-7.586,-7.577,-2.913,-2.893,-6.113,-6.072,2.994,3.073,11.735,11.979,USD
JUP,2025-01-26 12:00:00,2025-01-26,29.652,1.585,1.594,-2.140,-2.120,0.012,0.052,-4.672,-4.592,-12.005,-11.760,USD
JUP,2026-05-08 18:00:00,2026-05-08,14.204,-0.894,-0.902,-0.910,-0.926,1.932,1.899,2.599,2.533,4.728,4.559,USD
KAS,2024-12-20 15:00:00,2024-12-20,13.873,-1.467,-1.433,-0.255,-0.188,-1.451,-1.320,-1.579,-1.320,-3.676,-2.961,USD
KAS,2025-02-03 05:00:00,2025-02-03,25.037,0.365,0.369,1.035,1.044,-3.549,-3.531,-5.600,-5.562,-1.824,-1.703,USD
KAS,2025-03-02 16:00:00,2025-03-02,16.175,0.952,0.956,-1.872,-1.863,-2.233,-2.215,-3.317,-3.278,-8.330,-8.209,USD
KAS,2025-03-11 16:00:00,2025-03-11,18.203,-2.942,-2.938,0.509,0.517,-4.194,-4.175,-2.145,-2.107,-5.995,-5.874,USD
KAS,2025-04-09 19:00:00,2025-04-09,13.834,1.699,1.703,1.080,1.089,-2.001,-1.983,-3.485,-3.446,-0.619,-0.498,USD
KAS,2025-10-11 04:00:00,2025-10-11,15.130,-3.378,-3.374,-2.364,-2.356,0.386,0.404,-5.324,-5.286,-8.268,-8.147,USD
KAS,2025-11-06 23:00:00,2025-11-06,12.862,6.599,6.603,3.133,3.142,1.899,1.918,1.253,1.292,2.115,2.236,USD
KAS,2025-11-25 08:00:00,2025-11-25,12.252,-2.559,-2.555,-6.436,-6.427,-6.737,-6.719,-4.573,-4.534,-4.253,-4.132,USD
KAS,2025-11-26 19:00:00,2025-11-26,15.599,-0.171,-0.167,-2.354,-2.345,-0.836,-0.818,1.399,1.437,2.218,2.338,USD
LINK,2019-10-08 11:00:00,2019-10-08,12.440,-1.635,-1.647,-1.688,-1.702,-1.571,-1.622,-1.286,-1.393,11.723,11.498,USD
LINK,2020-03-12 17:00:00,2020-03-12,13.542,-3.593,-3.624,-1.840,-1.902,-8.477,-8.595,-37.331,-37.569,-15.912,-16.644,USD
LINK,2020-03-13 22:00:00,2020-03-13,23.300,-2.515,-2.546,-3.019,-3.081,-0.812,-0.930,-4.707,-4.945,-12.638,-13.369,USD
LINK,2020-03-15 21:00:00,2020-03-15,14.051,-12.252,-12.283,-12.978,-13.040,-16.325,-16.443,-22.114,-22.352,-27.163,-27.894,USD
LINK,2020-03-17 02:00:00,2020-03-17,13.912,-1.336,-1.367,-1.744,-1.806,1.423,1.305,0.140,-0.098,-1.533,-2.265,USD
LINK,2020-03-19 12:00:00,2020-03-19,12.870,-1.972,-2.003,-2.120,-2.182,2.381,2.263,1.819,1.581,9.380,8.648,USD
LINK,2020-03-23 12:00:00,2020-03-23,13.597,-2.550,-2.580,-3.407,-3.469,-0.649,-0.768,-0.236,-0.474,3.954,3.223,USD
LINK,2020-07-13 00:00:00,2020-07-13,14.720,-0.104,-0.135,0.509,0.447,0.162,0.043,-1.469,-1.707,-8.996,-9.727,USD
LINK,2020-08-02 08:00:00,2020-08-02,12.963,1.243,1.212,0.048,-0.015,-6.587,-6.705,-1.189,-1.427,-1.701,-2.432,USD
LINK,2020-08-08 18:00:00,2020-08-08,22.125,-0.505,-0.535,-2.705,-2.767,-2.954,-3.072,-6.366,-6.604,5.269,4.537,USD
LINK,2020-08-12 16:00:00,2020-08-12,13.227,-1.085,-1.116,-4.017,-4.079,-1.656,-1.774,1.288,1.050,9.958,9.227,USD
LINK,2020-09-06 08:00:00,2020-09-06,16.829,-0.846,-0.876,-0.440,-0.502,1.843,1.724,3.237,2.999,7.978,7.247,USD
LINK,2020-12-27 15:00:00,2020-12-27,20.869,-2.278,-2.309,-2.205,-2.267,-1.328,-1.446,-5.901,-6.139,-4.659,-5.390,USD
LINK,2021-01-06 13:00:00,2021-01-06,13.120,-2.848,-2.867,-1.066,-1.102,2.958,2.888,0.542,0.404,1.097,0.699,USD
LINK,2021-01-15 13:00:00,2021-01-15,12.057,-2.946,-2.965,-9.154,-9.190,-7.679,-7.749,-2.140,-2.278,6.792,6.395,USD
LINK,2021-02-23 12:00:00,2021-02-23,16.935,3.443,3.424,-2.368,-2.404,-2.811,-2.881,-6.291,-6.428,7.119,6.722,USD
LINK,2021-04-18 15:00:00,2021-04-18,14.449,-0.134,-0.153,-0.980,-1.017,2.170,2.100,3.956,3.818,-6.365,-6.762,USD
LINK,2021-05-04 20:00:00,2021-05-04,12.345,-1.719,-1.737,-0.389,-0.426,2.044,1.974,0.369,0.231,0.445,0.047,USD
LINK,2021-05-19 16:00:00,2021-05-19,30.766,-2.110,-2.128,-7.272,-7.308,-12.448,-12.518,-25.005,-25.143,-6.796,-7.193,USD
LINK,2021-05-23 20:00:00,2021-05-23,18.756,2.594,2.576,1.169,1.133,4.743,4.673,8.332,8.195,31.686,31.289,USD
LINK,2021-05-26 01:00:00,2021-05-26,13.131,0.269,0.250,2.865,2.828,1.432,1.362,7.513,7.376,4.049,3.651,USD
LINK,2021-06-22 17:00:00,2021-06-22,16.214,0.704,0.686,-3.080,-3.117,-4.585,-4.655,2.776,2.639,3.407,3.010,USD
LINK,2021-07-26 01:00:00,2021-07-26,12.388,-0.145,-0.163,1.132,1.095,3.757,3.687,3.233,3.096,-3.102,-3.499,USD
LINK,2021-07-30 17:00:00,2021-07-30,12.564,1.222,1.204,0.975,0.939,4.635,4.565,3.488,3.350,-0.249,-0.646,USD
LINK,2022-06-07 21:00:00,2022-06-07,12.999,-0.971,-0.963,-0.699,-0.682,-0.676,-0.643,-2.955,-2.888,1.224,1.429,USD
LINK,2022-06-14 05:00:00,2022-06-14,17.594,0.353,0.361,0.354,0.370,-3.682,-3.649,-0.025,0.043,-1.023,-0.818,USD
LINK,2022-06-15 20:00:00,2022-06-15,12.534,1.864,1.871,2.946,2.963,4.476,4.509,-0.088,-0.021,-4.753,-4.547,USD
LINK,2022-11-10 15:00:00,2022-11-10,12.886,0.132,0.140,-3.521,-3.504,-1.691,-1.658,-1.334,-1.267,-7.250,-7.045,USD
LINK,2023-07-20 09:00:00,2023-07-20,14.960,-0.311,-0.326,2.689,2.660,2.132,2.073,0.190,0.074,0.044,-0.303,USD
LINK,2023-10-23 01:00:00,2023-10-23,14.910,-1.555,-1.570,-1.201,-1.231,-2.457,-2.515,-7.738,-7.854,-4.483,-4.831,USD
LINK,2023-10-25 01:00:00,2023-10-25,13.194,-2.166,-2.181,-1.744,-1.774,-1.372,-1.430,-4.289,-4.405,-4.210,-4.558,USD
LINK,2024-05-16 21:00:00,2024-05-16,14.400,-0.302,-0.309,-1.820,-1.834,0.105,0.076,0.041,-0.019,1.934,1.741,USD
LINK,2024-08-05 16:00:00,2024-08-05,14.075,0.639,0.631,-3.055,-3.070,0.070,0.040,5.824,5.764,9.305,9.112,USD
LINK,2024-12-02 20:00:00,2024-12-02,16.487,-1.094,-1.102,-2.871,-2.886,-1.840,-1.870,-3.330,-3.391,-1.094,-1.288,USD
LINK,2024-12-12 03:00:00,2024-12-12,12.105,4.461,4.453,5.831,5.816,6.579,6.549,2.996,2.935,11.664,11.471,USD
LINK,2024-12-20 15:00:00,2024-12-20,13.359,-0.496,-0.504,1.141,1.127,2.531,2.501,3.023,2.963,0.672,0.478,USD
LINK,2025-01-19 15:00:00,2025-01-19,13.365,2.732,2.733,4.492,4.494,2.412,2.415,-4.226,-4.221,1.900,1.919,USD
LINK,2025-03-02 16:00:00,2025-03-02,12.725,2.753,2.753,0.764,0.765,2.857,2.860,3.349,3.355,-2.759,-2.740,USD
LINK,2025-08-12 15:00:00,2025-08-12,12.770,-1.489,-1.488,-1.375,-1.374,-2.487,-2.484,-1.708,-1.703,-1.699,-1.681,USD
LINK,2025-08-22 16:00:00,2025-08-22,12.202,-1.370,-1.370,-1.555,-1.554,-1.307,-1.304,-3.093,-3.088,-5.212,-5.193,USD
LTC,2018-01-06 02:00:00,2018-01-06,15.429,4.088,4.103,0.750,0.781,2.315,2.381,3.496,3.628,0.944,1.330,USD
LTC,2018-01-17 01:00:00,2018-01-17,12.462,-7.315,-7.300,-6.186,-6.154,-5.911,-5.845,-11.413,-11.280,-0.243,0.143,USD
LTC,2018-02-02 13:00:00,2018-02-02,13.934,-4.204,-4.189,-1.743,-1.712,-6.789,-6.723,-7.133,-7.000,6.869,7.256,USD
LTC,2018-02-03 14:00:00,2018-02-03,12.700,-3.039,-3.024,-0.508,-0.476,6.619,6.685,4.900,5.033,4.230,4.616,USD
LTC,2018-02-06 14:00:00,2018-02-06,15.886,1.911,1.926,-1.414,-1.383,-0.818,-0.752,7.813,7.946,16.284,16.671,USD
LTC,2018-02-14 02:00:00,2018-02-14,14.969,-1.176,-1.161,-1.767,-1.736,0.159,0.225,4.229,4.361,25.827,26.214,USD
LTC,2018-11-25 21:00:00,2018-11-25,15.156,-3.410,-3.395,-3.155,-3.124,-2.294,-2.229,-1.115,-0.983,-7.712,-7.326,USD
LTC,2018-12-28 18:00:00,2018-12-28,13.317,-1.381,-1.366,-1.043,-1.012,-3.191,-3.125,-1.074,-0.941,-4.050,-3.664,USD
LTC,2019-02-08 16:00:00,2019-02-08,16.546,-1.039,-1.048,-2.678,-2.696,-5.171,-5.205,-2.770,-2.839,-1.016,-1.229,USD
LTC,2019-04-03 00:00:00,2019-04-03,14.196,-0.456,-0.465,1.500,1.482,-4.968,-5.002,-2.244,-2.313,4.992,4.778,USD
LTC,2019-07-17 14:00:00,2019-07-17,13.619,0.056,0.046,2.577,2.559,2.633,2.598,1.611,1.542,7.954,7.740,USD
LTC,2019-07-18 16:00:00,2019-07-18,12.346,0.257,0.248,-1.000,-1.018,-0.663,-0.698,-0.238,-0.307,-5.039,-5.253,USD
LTC,2020-03-13 05:00:00,2020-03-13,20.396,6.938,6.919,9.713,9.676,15.392,15.319,20.781,20.637,17.038,16.607,USD
LTC,2020-07-27 20:00:00,2020-07-27,12.269,-1.684,-1.703,0.659,0.622,-1.611,-1.684,-1.940,-2.084,3.807,3.376,USD
LTC,2021-02-25 13:00:00,2021-02-25,14.105,-2.238,-2.251,0.410,0.387,-4.896,-4.939,-7.905,-7.986,-16.225,-16.465,USD
LTC,2021-04-16 16:00:00,2021-04-16,12.331,-2.195,-2.208,-0.834,-0.857,-0.422,-0.464,4.008,3.927,0.200,-0.040,USD
LTC,2021-05-04 11:00:00,2021-05-04,12.259,1.466,1.454,1.513,1.491,-6.742,-6.785,-3.382,-3.463,6.267,6.028,USD
LTC,2021-05-19 16:00:00,2021-05-19,28.410,-4.924,-4.936,-9.345,-9.368,-9.906,-9.948,-21.043,-21.123,-6.625,-6.864,USD
LTC,2021-06-22 17:00:00,2021-06-22,13.187,1.082,1.069,-1.197,-1.220,-1.379,-1.421,5.128,5.047,5.904,5.665,USD
LTC,2021-09-13 13:00:00,2021-09-13,25.247,-17.781,-17.794,-16.932,-16.955,-17.652,-17.694,-16.457,-16.537,-16.950,-17.190,USD
LTC,2022-11-10 14:00:00,2022-11-10,12.955,-0.202,-0.197,-0.202,-0.193,-2.301,-2.284,1.293,1.327,1.998,2.098,USD
LTC,2022-11-22 14:00:00,2022-11-22,12.844,0.818,0.822,-0.474,-0.466,-1.105,-1.089,-0.043,-0.009,13.090,13.190,USD
LTC,2023-06-30 03:00:00,2023-06-30,13.053,-0.313,-0.316,-1.618,-1.624,-0.699,-0.711,5.220,5.197,11.630,11.560,USD
LTC,2024-12-01 22:00:00,2024-12-01,12.271,-0.167,-0.174,7.303,7.289,2.818,2.790,2.309,2.252,13.939,13.765,USD
LTC,2025-01-16 01:00:00,2025-01-16,12.322,0.303,0.302,0.017,0.016,0.640,0.638,-0.867,-0.870,6.137,6.122,USD
LTC,2025-11-07 16:00:00,2025-11-07,19.312,0.542,0.541,-2.149,-2.150,-2.033,-2.034,-2.943,-2.946,-3.959,-3.975,USD
MATIC,2021-05-18 02:00:00,2021-05-18,17.809,3.774,3.749,3.189,3.140,5.865,5.770,9.385,9.202,10.066,9.559,USD
MATIC,2021-05-19 06:00:00,2021-05-19,12.293,1.210,1.185,-1.284,-1.333,-7.786,-7.881,-5.346,-5.528,-16.787,-17.294,USD
MATIC,2021-05-20 06:00:00,2021-05-20,24.484,-4.491,-4.516,-2.631,-2.680,-3.501,-3.596,-0.910,-1.093,-11.009,-11.516,USD
MATIC,2021-05-23 20:00:00,2021-05-23,13.644,12.607,12.582,10.073,10.024,21.198,21.103,38.402,38.219,93.363,92.856,USD
MATIC,2021-05-25 15:00:00,2021-05-25,13.551,-3.329,-3.354,-4.677,-4.727,-6.865,-6.960,7.978,7.795,22.396,21.888,USD
MATIC,2021-05-28 15:00:00,2021-05-28,15.463,-5.940,-5.965,-4.356,-4.405,-2.854,-2.949,-6.326,-6.508,-16.103,-16.610,USD
MATIC,2021-05-30 05:00:00,2021-05-30,20.195,-0.830,-0.855,-0.156,-0.205,-0.944,-1.039,-3.252,-3.435,-4.445,-4.953,USD
MATIC,2021-06-22 17:00:00,2021-06-22,19.144,0.909,0.884,-4.555,-4.605,-6.136,-6.231,3.258,3.075,2.551,2.044,USD
MATIC,2021-07-21 04:00:00,2021-07-21,12.147,1.883,1.857,5.369,5.320,6.523,6.428,7.716,7.533,17.155,16.648,USD
MATIC,2021-10-15 05:00:00,2021-10-15,12.202,3.198,3.173,6.911,6.862,18.051,17.956,8.206,8.024,13.000,12.493,USD
MATIC,2021-12-02 00:00:00,2021-12-02,12.746,-0.005,-0.030,-4.194,-4.244,-5.121,-5.216,-4.993,-5.176,-0.447,-0.955,USD
MATIC,2021-12-06 16:00:00,2021-12-06,13.094,3.827,3.802,4.141,4.092,2.898,2.803,12.556,12.373,18.736,18.228,USD
MATIC,2021-12-15 19:00:00,2021-12-15,12.393,4.537,4.512,3.600,3.551,2.803,2.708,3.141,2.958,2.363,1.856,USD
MATIC,2022-05-12 16:00:00,2022-05-12,15.670,-7.324,-7.317,-11.212,-11.198,-9.690,-9.663,-6.404,-6.351,3.978,4.127,USD
MATIC,2022-06-23 22:00:00,2022-06-23,12.470,1.172,1.178,6.833,6.846,9.969,9.996,5.895,5.949,9.266,9.414,USD
MATIC,2022-07-18 05:00:00,2022-07-18,17.555,-0.972,-0.965,0.536,0.549,1.530,1.557,1.899,1.953,1.955,2.103,USD
MATIC,2022-11-04 03:00:00,2022-11-04,18.372,0.195,0.202,-0.826,-0.813,1.164,1.191,-0.542,-0.488,7.258,7.407,USD
MATIC,2022-11-10 05:00:00,2022-11-10,13.321,-2.131,-2.125,-1.773,-1.760,-2.575,-2.548,13.612,13.666,14.572,14.720,USD
MATIC,2024-09-13 12:00:00,2024-09-13,12.292,1.695,1.700,0.706,0.717,-1.601,-1.579,-0.847,-0.804,-3.437,-3.329,USD
MATIC,2024-11-18 16:00:00,2024-11-18,12.047,-2.420,-2.415,-3.620,-3.609,-4.519,-4.497,-3.320,-3.277,-4.969,-4.861,USD
MATIC,2024-12-20 15:00:00,2024-12-20,13.411,-0.043,-0.037,1.957,1.968,3.956,3.978,6.083,6.126,2.616,2.724,USD
NEAR,2022-06-16 20:00:00,2022-06-16,34.401,-34.586,-34.581,-29.596,-29.574,,,-29.495,-29.384,-27.636,-27.255,USD
NEAR,2022-06-20 11:00:00,2022-06-20,12.024,-3.181,-3.176,-4.481,-4.459,-6.390,-6.351,-6.086,-5.974,4.011,4.392,USD
NEAR,2022-06-23 00:00:00,2022-06-23,30.091,,,-20.801,-20.779,-14.046,-14.007,-18.612,-18.500,-16.166,-15.785,USD
NEAR,2023-01-11 20:00:00,2023-01-11,14.038,-1.068,-1.088,1.911,1.873,3.373,3.297,1.574,1.435,5.003,4.579,USD
NEAR,2023-06-26 06:00:00,2023-06-26,13.793,2.579,2.559,0.193,0.155,1.289,1.214,2.515,2.376,-5.803,-6.227,USD
NEAR,2023-12-21 08:00:00,2023-12-21,15.507,0.245,0.225,0.520,0.481,4.343,4.267,3.547,3.409,1.223,0.799,USD
NEAR,2023-12-24 01:00:00,2023-12-24,12.060,-1.747,-1.767,1.140,1.101,-2.102,-2.177,-4.052,-4.190,-1.899,-2.323,USD
NEAR,2024-03-06 16:00:00,2024-03-06,19.986,1.880,1.870,4.305,4.287,0.677,0.640,11.788,11.711,4.155,3.904,USD
NEAR,2024-03-11 03:00:00,2024-03-11,12.617,1.698,1.689,5.766,5.747,1.579,1.542,4.350,4.274,2.160,1.909,USD
NEAR,2024-04-14 00:00:00,2024-04-14,13.278,0.985,0.975,-0.217,-0.235,,,,,9.121,8.870,USD
NEAR,2024-12-20 15:00:00,2024-12-20,12.511,0.020,0.010,1.762,1.743,3.700,3.663,4.796,4.720,1.116,0.865,USD
NEAR,2025-02-03 06:00:00,2025-02-03,12.012,3.424,3.432,0.901,0.917,3.905,3.936,4.416,4.478,4.386,4.567,USD
NEAR,2025-04-09 17:00:00,2025-04-09,12.040,-2.018,-2.010,-2.863,-2.847,-0.188,-0.157,-3.426,-3.364,-6.945,-6.764,USD
NEAR,2025-11-07 16:00:00,2025-11-07,19.014,3.261,3.269,2.455,2.470,0.660,0.691,-3.518,-3.456,1.136,1.317,USD
NEAR,2026-05-23 16:00:00,2026-05-23,14.529,-2.681,-2.690,-0.394,-0.412,-0.361,-0.397,-0.569,-0.644,0.726,0.492,USD
NEAR,2026-05-25 16:00:00,2026-05-25,12.105,-1.719,-1.729,-2.284,-2.302,-1.129,-1.166,-2.176,-2.251,-1.691,-1.924,USD
ONDO,2024-04-11 21:00:00,2024-04-11,110.525,-48.513,-48.539,-48.437,-48.479,-49.468,-49.546,-47.948,-48.070,-55.625,-55.968,USD
ONDO,2024-04-13 05:00:00,2024-04-13,17.221,0.566,0.540,3.499,3.457,5.456,5.379,11.237,11.116,,,USD
ONDO,2024-04-15 06:00:00,2024-04-15,14.069,1.027,1.001,-3.289,-3.331,-1.984,-2.061,-8.686,-8.807,-17.412,-17.756,USD
ONDO,2024-05-23 23:00:00,2024-05-23,13.894,5.710,5.684,6.709,6.666,1.663,1.586,-0.529,-0.650,6.207,5.864,USD
ONDO,2024-08-05 14:00:00,2024-08-05,18.247,12.294,12.268,11.921,11.879,7.032,6.955,13.739,13.618,14.287,13.944,USD
ONDO,2024-11-11 00:00:00,2024-11-11,14.621,-2.068,-2.094,-1.088,-1.130,-2.969,-3.046,-2.266,-2.387,4.731,4.387,USD
ONDO,2024-12-02 23:00:00,2024-12-02,19.342,5.081,5.054,13.807,13.765,14.720,14.642,13.936,13.815,10.243,9.900,USD
ONDO,2024-12-04 03:00:00,2024-12-04,15.850,-1.314,-1.340,-2.423,-2.465,-5.196,-5.274,-5.114,-5.235,-9.149,-9.493,USD
ONDO,2024-12-10 06:00:00,2024-12-10,13.955,-1.200,-1.226,-0.659,-0.701,0.236,0.158,-1.532,-1.653,2.336,1.992,USD
ONDO,2024-12-16 00:00:00,2024-12-16,13.867,-0.952,-0.978,-4.906,-4.948,-1.889,-1.966,-2.998,-3.119,-7.009,-7.353,USD
ONDO,2024-12-20 15:00:00,2024-12-20,16.089,0.977,0.951,2.311,2.269,3.741,3.664,4.659,4.538,0.850,0.506,USD
ONDO,2025-01-18 00:00:00,2025-01-18,13.763,-4.074,-4.065,-5.457,-5.438,-6.234,-6.197,-8.611,-8.536,-9.056,-8.826,USD
ONDO,2025-02-03 08:00:00,2025-02-03,12.438,0.745,0.755,2.590,2.609,-1.709,-1.671,13.183,13.258,5.906,6.136,USD
ONDO,2025-03-02 17:00:00,2025-03-02,17.742,-1.367,-1.358,0.671,0.690,2.844,2.882,-2.413,-2.338,-7.014,-6.784,USD
ONDO,2025-04-09 17:00:00,2025-04-09,17.457,-1.546,-1.537,-0.018,0.000,1.207,1.244,0.304,0.379,-7.059,-6.829,USD
ONDO,2025-04-24 15:00:00,2025-04-24,14.246,-1.149,-1.140,-3.215,-3.197,-1.830,-1.792,-3.141,-3.066,-1.027,-0.796,USD
ONDO,2026-05-08 16:00:00,2026-05-08,13.138,-0.898,-0.900,-0.493,-0.496,-2.192,-2.198,4.162,4.147,-6.765,-6.793,USD
PENGU,2025-02-01 02:00:00,2025-02-01,14.103,-3.134,-3.139,-6.268,-6.276,-9.758,-9.772,-13.956,-13.992,-18.746,-18.872,USD
PENGU,2025-02-03 08:00:00,2025-02-03,12.488,2.151,2.147,2.582,2.574,-0.344,-0.359,12.995,12.959,6.454,6.329,USD
PENGU,2025-02-28 14:00:00,2025-02-28,13.987,1.491,1.487,4.817,4.809,6.307,6.293,4.587,4.552,1.491,1.365,USD
PENGU,2025-04-11 17:00:00,2025-04-11,16.743,-1.375,-1.380,-3.143,-3.151,-5.108,-5.123,-6.287,-6.322,5.894,5.768,USD
PENGU,2025-04-22 14:00:00,2025-04-22,16.441,-1.495,-1.499,0.166,0.158,0.332,0.317,10.133,10.097,15.116,14.990,USD
PENGU,2025-04-25 01:00:00,2025-04-25,14.392,-2.464,-2.469,-1.167,-1.175,8.949,8.935,10.636,10.600,16.213,16.087,USD
PENGU,2025-04-27 09:00:00,2025-04-27,12.500,-4.949,-4.953,-1.494,-1.502,-2.614,-2.629,2.148,2.112,21.289,21.163,USD
PENGU,2025-05-02 15:00:00,2025-05-02,16.058,1.988,1.984,1.243,1.235,-1.491,-1.506,-1.823,-1.858,-7.622,-7.748,USD
PENGU,2025-05-08 06:00:00,2025-05-08,13.254,0.075,0.071,5.626,5.619,7.427,7.412,2.476,2.440,16.414,16.288,USD
PENGU,2025-07-02 05:00:00,2025-07-02,13.103,-1.583,-1.587,-12.696,-12.703,-8.953,-8.967,-9.628,-9.663,-5.118,-5.243,USD
PENGU,2025-07-10 04:00:00,2025-07-10,12.473,2.412,2.407,7.791,7.783,13.330,13.315,12.327,12.292,23.022,22.896,USD
PENGU,2025-07-11 04:00:00,2025-07-11,12.041,-2.417,-2.421,-0.591,-0.599,-2.892,-2.906,-0.615,-0.650,10.495,10.370,USD
PENGU,2025-07-13 10:00:00,2025-07-13,14.045,9.381,9.377,7.845,7.837,12.406,12.392,16.090,16.054,7.435,7.309,USD
PENGU,2025-07-15 12:00:00,2025-07-15,17.721,-3.888,-3.892,-5.018,-5.026,-3.153,-3.168,-10.294,-10.329,-2.872,-2.998,USD
PENGU,2025-07-21 06:00:00,2025-07-21,18.842,0.341,0.336,5.372,5.364,6.164,6.150,2.701,2.665,0.971,0.845,USD
PENGU,2025-07-22 13:00:00,2025-07-22,13.335,-3.242,-3.246,-0.885,-0.893,1.129,1.114,1.661,1.625,0.626,0.500,USD
PENGU,2025-08-22 15:00:00,2025-08-22,12.855,1.471,1.466,1.931,1.923,1.614,1.599,8.183,8.148,5.257,5.131,USD
PENGU,2025-10-12 15:00:00,2025-10-12,13.510,3.985,3.980,4.384,4.376,5.044,5.029,2.834,2.798,2.874,2.748,USD
PENGU,2025-12-02 15:00:00,2025-12-02,20.856,1.999,1.994,3.085,3.077,-0.315,-0.330,1.567,1.532,-3.475,-3.600,USD
PENGU,2025-12-09 18:00:00,2025-12-09,14.245,-2.385,-2.390,-3.369,-3.377,-2.736,-2.751,-5.411,-5.447,-5.937,-6.063,USD
PEPE,2023-05-20 17:00:00,2023-05-20,16.604,-1.612,-1.619,-5.911,-5.921,-5.105,-5.120,-8.060,-8.094,-13.810,-13.940,USD
PEPE,2023-06-06 14:00:00,2023-06-06,14.230,3.952,3.945,1.718,1.708,0.945,0.930,3.093,3.059,-8.333,-8.464,USD
PEPE,2023-06-21 15:00:00,2023-06-21,15.996,3.952,3.944,10.806,10.797,12.903,12.888,11.452,11.418,23.871,23.741,USD
PEPE,2023-06-23 16:00:00,2023-06-23,13.655,-1.001,-1.008,-2.945,-2.954,-1.413,-1.428,-5.359,-5.393,-10.071,-10.201,USD
PEPE,2023-09-22 15:00:00,2023-09-22,12.419,0.717,0.710,2.009,1.999,1.148,1.133,2.152,2.118,-4.448,-4.578,USD
PEPE,2023-10-23 23:00:00,2023-10-23,29.231,-1.290,-1.297,3.274,3.264,-1.786,-1.801,-9.127,-9.161,-8.433,-8.563,USD
PEPE,2023-10-25 12:00:00,2023-10-25,20.708,-1.293,-1.300,5.517,5.507,-2.586,-2.601,1.897,1.863,3.879,3.749,USD
PEPE,2023-10-26 20:00:00,2023-10-26,13.679,-5.830,-5.837,-4.783,-4.793,-6.054,-6.069,-9.567,-9.600,-12.481,-12.612,USD
PEPE,2023-11-09 14:00:00,2023-11-09,13.480,-2.693,-2.701,-12.017,-12.026,-13.191,-13.205,-10.981,-11.015,-13.812,-13.942,USD
PEPE,2023-12-04 06:00:00,2023-12-04,16.680,-1.982,-1.989,1.557,1.547,-2.335,-2.350,-11.607,-11.640,-1.557,-1.687,USD
PEPE,2023-12-05 13:00:00,2023-12-05,16.329,-0.807,-0.815,-3.789,-3.799,-3.168,-3.183,-0.559,-0.593,-3.727,-3.857,USD
PEPE,2023-12-22 11:00:00,2023-12-22,15.972,0.000,-0.007,4.749,4.739,1.085,1.071,1.221,1.187,-0.746,-0.877,USD
PEPE,2024-02-23 10:00:00,2024-02-23,14.679,-2.909,-2.954,-6.691,-6.779,-8.000,-8.177,-9.964,-10.317,-11.636,-12.757,USD
PEPE,2024-02-26 15:00:00,2024-02-26,12.713,-2.773,-2.817,-3.151,-3.239,7.246,7.070,13.800,13.447,32.136,31.016,USD
PEPE,2024-02-27 18:00:00,2024-02-27,26.907,-1.696,-1.741,-5.605,-5.693,-2.471,-2.647,2.876,2.523,10.693,9.573,USD
PEPE,2024-03-01 08:00:00,2024-03-01,21.223,-3.830,-3.875,-2.492,-2.581,-3.951,-4.128,17.660,17.307,42.766,41.646,USD
PEPE,2024-03-02 08:00:00,2024-03-02,14.143,-6.195,-6.240,-5.088,-5.177,-7.537,-7.713,-13.285,-13.638,-6.685,-7.805,USD
PEPE,2024-03-03 10:00:00,2024-03-03,25.685,3.036,2.991,3.951,3.862,-1.576,-1.753,9.868,9.515,37.836,36.716,USD
PEPE,2024-03-05 01:00:00,2024-03-05,15.861,-4.516,-4.561,-7.270,-7.359,-13.075,-13.251,-14.553,-14.906,-28.680,-29.800,USD
PEPE,2024-03-06 05:00:00,2024-03-06,20.272,0.827,0.782,4.465,4.377,5.871,5.694,6.905,6.552,-11.218,-12.338,USD
PEPE,2024-03-08 02:00:00,2024-03-08,18.774,-1.390,-1.435,-2.467,-2.556,0.163,-0.014,5.411,5.058,16.370,15.250,USD
PEPE,2024-03-14 03:00:00,2024-03-14,13.463,-1.006,-1.051,3.320,3.232,2.998,2.821,-2.158,-2.511,-7.813,-8.933,USD
PEPE,2024-03-20 19:00:00,2024-03-20,12.151,1.843,1.798,4.193,4.104,3.748,3.571,0.025,-0.328,-2.870,-3.990,USD
PEPE,2024-03-25 15:00:00,2024-03-25,12.012,-0.239,-0.284,0.215,0.127,0.180,0.003,-3.088,-3.441,-3.136,-4.256,USD
PEPE,2024-04-23 14:00:00,2024-04-23,12.392,-1.116,-1.160,0.376,0.288,0.428,0.251,-0.623,-0.976,-3.256,-4.376,USD
PEPE,2024-05-01 18:00:00,2024-05-01,12.070,-3.542,-3.587,-1.915,-2.004,0.648,0.471,-3.053,-3.406,10.338,9.218,USD
PEPE,2024-05-13 16:00:00,2024-05-13,14.328,-4.614,-4.659,-5.663,-5.751,-5.477,-5.654,-7.315,-7.668,-4.484,-5.604,USD
PEPE,2024-05-20 20:00:00,2024-05-20,13.541,0.064,0.020,-0.881,-0.970,1.680,1.503,1.900,1.547,16.443,15.323,USD
PEPE,2024-05-21 23:00:00,2024-05-21,12.121,0.382,0.338,-0.173,-0.262,1.155,0.978,-1.147,-1.500,-3.348,-4.469,USD
PEPE,2024-07-16 01:00:00,2024-07-16,13.366,-0.702,-0.746,0.498,0.409,-3.541,-3.718,-2.505,-2.858,2.538,1.417,USD
PEPE,2024-08-05 14:00:00,2024-08-05,14.596,1.980,1.936,2.365,2.276,-0.641,-0.818,2.750,2.397,12.039,10.919,USD
PEPE,2024-11-12 06:00:00,2024-11-12,12.944,1.368,1.323,3.745,3.657,-8.122,-8.298,-8.101,-8.454,-10.731,-11.851,USD
PEPE,2024-11-13 13:00:00,2024-11-13,36.338,4.059,4.014,9.310,9.221,10.721,10.544,5.324,4.971,20.911,19.791,USD
PEPE,2024-12-07 19:00:00,2024-12-07,16.848,-1.498,-1.542,-1.426,-1.515,-5.991,-6.168,-2.109,-2.462,0.034,-1.086,USD
PEPE,2024-12-20 15:00:00,2024-12-20,13.009,0.269,0.225,1.133,1.044,3.802,3.626,8.174,7.821,9.429,8.309,USD
PEPE,2025-03-02 18:00:00,2025-03-02,15.153,1.045,1.057,1.918,1.941,0.987,1.033,-2.159,-2.069,-12.734,-12.490,USD
PEPE,2025-05-09 08:00:00,2025-05-09,22.914,-0.650,-0.639,-1.630,-1.607,-4.687,-4.641,-10.233,-10.144,-0.957,-0.713,USD
PEPE,2025-08-22 17:00:00,2025-08-22,13.138,0.682,0.693,0.478,0.501,1.664,1.710,0.097,0.187,-0.345,-0.102,USD
PEPE,2026-02-14 16:00:00,2026-02-14,12.446,2.642,2.650,4.919,4.936,8.404,8.437,9.383,9.448,4.919,5.138,USD
POL,2024-03-29 17:00:00,2024-03-29,13.241,,,,,-11.920,-12.004,,,,,USD
POL,2024-05-21 00:00:00,2024-05-21,55.008,,,-3.940,-3.979,-3.940,-4.023,,,,,USD
POL,2024-08-17 19:00:00,2024-08-17,18.663,,,-13.718,-13.757,,,,,,,USD
POL,2024-08-28 17:00:00,2024-08-28,12.313,-17.639,-17.594,-14.877,-14.916,-14.740,-14.824,,,,,USD
POL,2024-09-13 13:00:00,2024-09-13,13.283,-1.163,-1.119,-2.704,-2.744,-3.093,-3.177,-3.267,-6.558,-5.280,-5.460,USD
POL,2024-12-20 15:00:00,2024-12-20,13.829,-0.324,-0.279,1.518,1.479,3.674,3.590,5.722,2.430,2.226,2.046,USD
POL,2025-02-03 06:00:00,2025-02-03,12.247,2.552,2.566,0.059,0.085,3.765,3.818,2.615,2.722,3.598,3.921,USD
POL,2025-04-24 13:00:00,2025-04-24,12.481,-2.376,-2.363,-4.198,-4.172,-5.684,-5.631,-4.389,-4.281,-7.170,-6.846,USD
RENDER,2024-12-05 03:00:00,2024-12-05,24.942,-10.705,-10.725,-10.088,-10.126,-9.627,-9.698,-6.605,-6.740,-2.810,-3.201,USD
RENDER,2024-12-20 15:00:00,2024-12-20,15.165,1.112,1.091,3.663,3.624,4.931,4.860,5.045,4.911,4.076,3.685,USD
RENDER,2025-02-03 06:00:00,2025-02-03,12.130,4.007,4.018,2.545,2.569,6.269,6.318,5.397,5.496,9.922,10.220,USD
RENDER,2025-03-02 17:00:00,2025-03-02,13.660,-0.560,-0.549,1.330,1.354,3.314,3.363,1.797,1.895,-3.431,-3.133,USD
RENDER,2025-04-09 17:00:00,2025-04-09,14.807,-2.297,-2.285,0.029,0.053,0.824,0.874,-1.708,-1.609,-2.473,-2.176,USD
RENDER,2025-10-11 01:00:00,2025-10-11,14.222,6.355,6.367,5.880,5.904,6.658,6.707,11.933,12.031,0.476,0.773,USD
RENDER,2025-10-12 17:00:00,2025-10-12,15.212,-1.545,-1.533,1.839,1.863,0.552,0.601,1.361,1.459,7.135,7.433,USD
RENDER,2025-11-07 15:00:00,2025-11-07,15.097,5.022,5.033,10.260,10.284,13.723,13.772,5.628,5.726,-0.909,-0.611,USD
SEI,2023-08-16 00:00:00,2023-08-16,12.722,162.972,162.879,87.765,87.589,71.613,71.275,26.176,25.600,1.085,-0.302,USD
SEI,2023-08-17 01:00:00,2023-08-17,12.214,-9.178,-9.271,-7.738,-7.914,-7.326,-7.664,-12.642,-13.218,-23.602,-24.990,USD
SEI,2023-08-18 06:00:00,2023-08-18,14.885,0.088,-0.005,-4.812,-4.988,-5.680,-6.018,-7.558,-8.133,-6.314,-7.701,USD
SEI,2023-08-29 16:00:00,2023-08-29,14.901,-0.999,-1.092,1.723,1.547,1.332,0.994,6.191,5.616,10.876,9.489,USD
SEI,2023-10-18 17:00:00,2023-10-18,13.029,-3.049,-3.141,-3.346,-3.522,-7.603,-7.941,-12.267,-12.842,-12.853,-14.240,USD
SEI,2023-11-13 08:00:00,2023-11-13,16.839,-4.044,-4.137,-3.243,-3.419,-6.557,-6.895,-3.456,-4.032,3.023,1.636,USD
SEI,2023-11-15 14:00:00,2023-11-15,12.519,-5.599,-5.692,-4.665,-4.841,-5.057,-5.395,-3.520,-4.096,-4.581,-5.968,USD
SEI,2023-11-23 02:00:00,2023-11-23,16.068,-3.847,-3.939,-2.864,-3.041,2.550,2.212,-1.805,-2.380,-3.164,-4.552,USD
SEI,2023-11-24 07:00:00,2023-11-24,13.038,5.480,5.387,5.971,5.794,6.656,6.318,6.143,5.567,3.405,2.018,USD
SEI,2023-11-28 14:00:00,2023-11-28,16.889,3.332,3.240,11.710,11.534,12.027,11.689,11.038,10.462,4.334,2.946,USD
SEI,2023-12-18 18:00:00,2023-12-18,17.891,-2.302,-2.395,-1.507,-1.683,8.786,8.448,17.865,17.289,34.783,33.395,USD
SEI,2023-12-26 19:00:00,2023-12-26,15.109,-1.857,-1.950,-2.686,-2.862,-0.354,-0.692,-2.041,-2.617,-11.795,-13.182,USD
SEI,2023-12-29 09:00:00,2023-12-29,17.205,-2.545,-2.638,2.950,2.774,2.816,2.478,1.503,0.927,0.522,-0.865,USD
SEI,2023-12-30 19:00:00,2023-12-30,12.888,-1.695,-1.788,-0.346,-0.522,-4.639,-4.977,-5.039,-5.615,-4.306,-5.693,USD
SEI,2024-01-03 15:00:00,2024-01-03,19.658,-2.992,-2.996,-2.282,-2.288,-1.268,-1.279,-6.717,-6.741,-1.694,-1.768,USD
SEI,2024-01-10 22:00:00,2024-01-10,14.116,-3.739,-3.743,-2.745,-2.751,-3.620,-3.631,-7.334,-7.358,-3.165,-3.240,USD
SEI,2024-03-07 22:00:00,2024-03-07,13.203,0.282,0.279,0.950,0.944,-1.887,-1.898,-0.613,-0.638,-1.152,-1.227,USD
SEI,2024-03-15 21:00:00,2024-03-15,16.782,0.163,0.159,2.034,2.028,8.508,8.497,5.090,5.066,-13.655,-13.730,USD
SEI,2024-07-08 09:00:00,2024-07-08,12.017,-0.424,-0.428,2.720,2.715,1.577,1.567,-1.191,-1.215,3.740,3.666,USD
SEI,2024-08-09 00:00:00,2024-08-09,13.702,0.097,0.093,-2.994,-3.000,-5.409,-5.420,-3.071,-3.096,-4.357,-4.431,USD
SEI,2024-09-19 00:00:00,2024-09-19,16.322,2.223,2.219,0.886,0.880,0.573,0.562,-2.769,-2.794,-0.850,-0.925,USD
SEI,2024-09-24 22:00:00,2024-09-24,12.324,-0.037,-0.041,4.672,4.666,5.278,5.268,4.568,4.544,5.581,5.506,USD
SEI,2024-09-29 16:00:00,2024-09-29,12.661,3.083,3.079,-0.752,-0.758,-0.038,-0.049,-4.337,-4.362,-7.540,-7.615,USD
SEI,2024-11-16 05:00:00,2024-11-16,12.158,-3.029,-3.033,-2.907,-2.913,-1.911,-1.922,0.596,0.571,-1.207,-1.281,USD
SEI,2024-11-24 16:00:00,2024-11-24,12.961,3.475,3.471,7.510,7.505,2.975,2.965,7.928,7.903,4.906,4.832,USD
SEI,2024-12-20 15:00:00,2024-12-20,12.221,0.484,0.480,1.574,1.568,3.318,3.308,4.657,4.632,2.946,2.871,USD
SEI,2025-06-23 20:00:00,2025-06-23,13.630,2.505,2.513,4.608,4.625,12.286,12.320,18.905,18.973,23.624,23.816,USD
SEI,2025-06-25 01:00:00,2025-06-25,15.561,0.541,0.550,-1.823,-1.806,-7.248,-7.214,-8.126,-8.058,-15.744,-15.552,USD
SEI,2025-06-27 04:00:00,2025-06-27,15.620,-0.343,-0.335,1.165,1.182,1.116,1.150,0.870,0.937,-1.140,-0.948,USD
SEI,2025-08-22 16:00:00,2025-08-22,12.711,0.650,0.658,1.037,1.055,1.903,1.937,0.400,0.467,-0.416,-0.224,USD
SEI,2025-10-12 17:00:00,2025-10-12,12.037,-0.130,-0.121,1.509,1.526,-0.385,-0.350,-0.385,-0.318,1.180,1.372,USD
SEI,2025-12-02 15:00:00,2025-12-02,13.464,-0.654,-0.646,0.206,0.223,-0.988,-0.954,-1.962,-1.895,-2.538,-2.346,USD
SEI,2026-05-10 18:00:00,2026-05-10,12.939,-0.581,-0.564,-2.516,-2.483,-1.380,-1.315,-4.903,-4.773,-2.954,-2.566,USD
SHIB,2022-01-12 14:00:00,2022-01-12,12.124,-2.773,-2.764,-0.686,-0.667,-1.620,-1.583,0.249,0.326,0.249,0.481,USD
SHIB,2022-01-23 00:00:00,2022-01-23,13.283,-0.531,-0.522,-4.602,-4.583,-1.195,-1.157,1.327,1.404,-1.726,-1.494,USD
SHIB,2022-01-24 20:00:00,2022-01-24,12.634,-3.134,-3.124,-4.632,-4.614,-5.904,-5.866,-7.766,-7.689,-4.950,-4.718,USD
SHIB,2022-02-06 19:00:00,2022-02-06,15.201,3.030,3.039,7.403,7.422,9.321,9.359,10.549,10.625,26.045,26.277,USD
SHIB,2022-04-12 12:00:00,2022-04-12,16.587,4.006,4.015,-0.487,-0.468,1.760,1.797,-2.246,-2.170,-3.669,-3.437,USD
SHIB,2022-05-10 05:00:00,2022-05-10,15.522,0.238,0.247,-2.854,-2.835,-2.556,-2.519,2.794,2.871,-5.172,-4.941,USD
SHIB,2022-05-12 00:00:00,2022-05-12,13.141,-3.739,-3.730,-8.194,-8.176,-18.059,-18.021,-17.820,-17.744,-7.478,-7.246,USD
SHIB,2022-05-13 02:00:00,2022-05-13,16.431,5.434,5.443,6.813,6.831,9.570,9.608,9.002,9.079,5.191,5.422,USD
SHIB,2022-06-21 10:00:00,2022-06-21,12.576,-3.008,-2.999,1.826,1.844,13.319,13.357,17.830,17.907,10.526,10.758,USD
SHIB,2022-06-22 11:00:00,2022-06-22,12.381,-3.484,-3.475,-2.072,-2.053,-7.062,-7.025,-7.062,-6.986,-5.273,-5.041,USD
SHIB,2022-08-14 05:00:00,2022-08-14,13.228,2.782,2.791,1.182,1.201,8.136,8.174,6.815,6.891,13.700,13.931,USD
SHIB,2022-10-28 16:00:00,2022-10-28,12.256,-4.301,-4.292,-4.549,-4.531,-2.151,-2.113,-2.812,-2.736,15.798,16.030,USD
SHIB,2023-01-18 01:00:00,2023-01-18,12.782,5.000,4.994,5.000,4.988,5.833,5.809,0.750,0.704,-8.333,-8.466,USD
SHIB,2023-02-04 00:00:00,2023-02-04,14.848,-2.166,-2.173,-0.349,-0.362,-1.677,-1.701,-1.747,-1.793,0.349,0.217,USD
SHIB,2024-02-29 04:00:00,2024-02-29,16.768,-0.149,-0.164,5.655,5.624,1.786,1.726,0.223,0.104,-4.390,-4.788,USD
SHIB,2024-03-01 21:00:00,2024-03-01,12.766,0.852,0.837,2.800,2.769,21.242,21.182,23.676,23.557,34.510,34.112,USD
SHIB,2024-03-04 06:00:00,2024-03-04,19.490,-1.915,-1.930,-0.184,-0.215,-4.271,-4.331,0.331,0.212,48.380,47.982,USD
SHIB,2024-03-05 23:00:00,2024-03-05,27.329,-7.485,-7.501,-9.668,-9.699,-8.903,-8.963,3.771,3.652,-5.642,-6.040,USD
SHIB,2024-03-08 02:00:00,2024-03-08,12.601,-1.007,-1.022,-3.539,-3.569,-2.532,-2.591,0.115,-0.004,2.675,2.277,USD
SHIB,2024-08-05 14:00:00,2024-08-05,12.511,5.163,5.147,6.831,6.800,1.430,1.370,6.672,6.553,8.022,7.624,USD
SHIB,2024-11-10 01:00:00,2024-11-10,13.374,-0.760,-0.775,0.268,0.238,0.492,0.432,1.475,1.356,22.699,22.301,USD
SHIB,2024-12-20 15:00:00,2024-12-20,12.581,0.907,0.892,1.576,1.546,3.582,3.522,7.259,7.140,6.686,6.288,USD
SOL,2021-06-22 15:00:00,2021-06-22,16.599,9.179,9.138,7.235,7.151,4.201,4.030,1.828,1.490,15.130,14.106,USD
SOL,2021-08-16 04:00:00,2021-08-16,12.534,0.356,0.314,1.778,1.695,-1.374,-1.545,3.961,3.623,14.775,13.751,USD
SOL,2021-08-30 18:00:00,2021-08-30,13.334,-5.559,-5.601,-4.413,-4.496,-3.241,-3.412,-1.474,-1.812,-4.611,-5.636,USD
SOL,2021-09-08 18:00:00,2021-09-08,16.939,6.399,6.357,3.273,3.190,4.655,4.484,14.201,13.864,3.738,2.713,USD
SOL,2021-12-15 20:00:00,2021-12-15,12.130,-1.062,-1.103,-2.693,-2.777,-0.658,-0.829,-2.196,-2.534,1.316,0.292,USD
SOL,2022-05-12 00:00:00,2022-05-12,17.864,-5.708,-5.684,-6.286,-6.239,-15.484,-15.389,-16.448,-16.253,-10.220,-9.639,USD
SOL,2022-05-13 03:00:00,2022-05-13,13.264,-0.556,-0.532,3.474,3.521,-2.958,-2.862,5.141,5.336,2.580,3.161,USD
SOL,2022-06-14 05:00:00,2022-06-14,15.695,0.823,0.847,2.107,2.155,-3.062,-2.967,-1.218,-1.023,-7.606,-7.026,USD
SOL,2022-06-18 23:00:00,2022-06-18,13.721,-3.165,-3.142,-5.610,-5.562,-5.578,-5.483,-8.743,-8.548,7.020,7.600,USD
SOL,2022-06-20 11:00:00,2022-06-20,12.426,-1.544,-1.520,-2.729,-2.682,-2.839,-2.744,-5.099,-4.904,2.398,2.978,USD
SOL,2022-11-10 13:00:00,2022-11-10,23.197,-4.076,-4.052,1.263,1.310,-3.674,-3.579,3.731,3.926,0.287,0.867,USD
SOL,2022-11-14 06:00:00,2022-11-14,15.317,0.000,0.023,0.206,0.254,-0.619,-0.524,-2.753,-2.558,-2.271,-1.691,USD
SOL,2022-12-30 00:00:00,2022-12-30,19.952,-2.218,-2.194,-3.528,-3.481,-2.722,-2.626,-7.964,-7.769,0.504,1.084,USD
SOL,2023-01-02 08:00:00,2023-01-02,12.237,-0.268,-0.300,-1.162,-1.226,-0.804,-0.932,-0.715,-0.971,5.094,4.309,USD
SOL,2023-01-09 01:00:00,2023-01-09,12.682,3.234,3.202,3.687,3.623,4.075,3.947,5.692,5.436,4.916,4.132,USD
SOL,2023-01-14 00:00:00,2023-01-14,16.077,4.900,4.868,11.300,11.236,11.700,11.572,18.000,17.744,17.100,16.316,USD
SOL,2023-07-13 16:00:00,2023-07-13,13.289,2.844,2.812,0.513,0.449,0.790,0.662,15.442,15.186,8.294,7.509,USD
SOL,2023-11-01 17:00:00,2023-11-01,12.091,-1.303,-1.335,-5.618,-5.682,-2.000,-2.128,-5.910,-6.166,-9.551,-10.335,USD
SOL,2023-11-11 14:00:00,2023-11-11,12.373,-1.932,-1.964,-1.240,-1.303,-5.844,-5.971,-6.343,-6.599,-5.103,-5.887,USD
SOL,2024-08-05 15:00:00,2024-08-05,12.448,0.774,0.763,3.174,3.153,-1.303,-1.345,-0.498,-0.583,11.906,11.649,USD
SOL,2025-03-02 16:00:00,2025-03-02,20.769,-0.574,-0.573,-1.996,-1.994,2.037,2.041,0.998,1.004,-8.442,-8.426,USD
SOL,2025-04-09 17:00:00,2025-04-09,12.504,-1.433,-1.432,-0.327,-0.325,0.109,0.113,-1.961,-1.956,-7.468,-7.452,USD
SPX,2024-12-20 15:00:00,2024-12-20,14.544,5.728,5.679,8.261,8.166,7.067,6.880,11.633,11.221,26.896,25.476,USD
SPX,2025-01-02 21:00:00,2025-01-02,21.632,0.335,0.325,2.821,2.800,5.564,5.524,2.442,2.359,12.539,12.295,USD
SPX,2025-01-05 22:00:00,2025-01-05,15.987,-2.360,-2.371,-5.463,-5.483,-5.528,-5.568,0.530,0.447,-0.498,-0.742,USD
SPX,2025-01-14 14:00:00,2025-01-14,15.577,-2.329,-2.340,-2.667,-2.687,-4.355,-4.395,-6.406,-6.489,-10.845,-11.089,USD
SPX,2025-01-15 16:00:00,2025-01-15,14.127,-2.387,-2.398,1.795,1.774,3.377,3.336,0.379,0.296,-5.819,-6.063,USD
SPX,2025-01-17 11:00:00,2025-01-17,15.604,-2.938,-2.949,2.006,1.986,9.462,9.422,17.471,17.388,11.295,11.050,USD
SPX,2025-01-19 16:00:00,2025-01-19,14.251,-0.652,-0.663,7.421,7.400,9.659,9.618,-3.707,-3.790,0.350,0.106,USD
SPX,2025-01-21 17:00:00,2025-01-21,13.261,-0.950,-0.961,-1.756,-1.776,-4.606,-4.646,-10.077,-10.160,-5.595,-5.839,USD
SPX,2025-01-27 14:00:00,2025-01-27,14.161,-1.930,-1.940,-3.548,-3.568,-6.482,-6.523,1.601,1.517,0.871,0.627,USD
SPX,2025-02-03 08:00:00,2025-02-03,16.539,-0.643,-0.654,4.336,4.315,-1.449,-1.490,9.503,9.420,-0.239,-0.484,USD
SPX,2025-02-06 20:00:00,2025-02-06,15.454,-0.829,-0.840,-2.174,-2.194,-2.580,-2.621,-0.563,-0.646,-7.944,-8.188,USD
SPX,2025-02-11 06:00:00,2025-02-11,12.161,2.408,2.397,0.612,0.591,0.382,0.342,-4.217,-4.300,-10.702,-10.946,USD
SPX,2025-02-12 19:00:00,2025-02-12,15.979,-1.341,-1.352,-1.289,-1.310,0.742,0.702,1.953,1.870,-5.834,-6.078,USD
SPX,2025-02-20 11:00:00,2025-02-20,12.945,-1.881,-1.892,-3.396,-3.417,-7.767,-7.808,-3.775,-3.859,3.681,3.437,USD
SPX,2025-03-02 16:00:00,2025-03-02,16.185,4.493,4.482,3.658,3.637,9.955,9.914,5.896,5.813,-1.169,-1.413,USD
SPX,2025-03-11 18:00:00,2025-03-11,13.858,8.610,8.599,5.221,5.201,7.953,7.912,6.397,6.314,16.113,15.869,USD
SPX,2025-03-15 11:00:00,2025-03-15,14.443,-0.532,-0.543,5.018,4.997,4.410,4.369,0.304,0.221,2.255,2.011,USD
SPX,2025-03-19 11:00:00,2025-03-19,14.807,-5.995,-6.006,-1.242,-1.262,4.132,4.091,1.648,1.565,3.535,3.291,USD
SPX,2025-03-21 21:00:00,2025-03-21,12.682,-1.294,-1.305,-1.235,-1.256,-3.686,-3.727,-3.922,-4.005,-2.922,-3.166,USD
SPX,2025-03-24 04:00:00,2025-03-24,13.145,1.382,1.371,0.305,0.285,-0.145,-0.185,2.796,2.713,-4.564,-4.808,USD
SPX,2025-04-01 09:00:00,2025-04-01,15.560,-4.799,-4.810,-6.803,-6.823,-7.137,-7.177,-6.838,-6.921,-9.123,-9.367,USD
SPX,2025-04-07 10:00:00,2025-04-07,24.437,-3.602,-3.613,-1.445,-1.465,4.294,4.253,-0.672,-0.755,-9.544,-9.788,USD
SPX,2025-04-09 17:00:00,2025-04-09,18.144,-5.297,-5.307,-2.168,-2.188,-0.654,-0.695,-2.106,-2.190,-5.112,-5.357,USD
SPX,2025-04-12 14:00:00,2025-04-12,15.764,-5.220,-5.231,-5.814,-5.834,-4.714,-4.754,-0.506,-0.590,-8.589,-8.833,USD
SPX,2025-04-25 11:00:00,2025-04-25,12.918,-2.187,-2.198,-2.266,-2.286,0.504,0.463,-5.350,-5.433,-8.859,-9.103,USD
SPX,2025-05-09 07:00:00,2025-05-09,13.450,-3.306,-3.317,-3.080,-3.101,-3.787,-3.827,-6.783,-6.866,7.800,7.556,USD
SPX,2025-05-22 02:00:00,2025-05-22,14.020,-0.517,-0.528,1.001,0.981,-0.866,-0.907,2.936,2.853,1.069,0.825,USD
SPX,2025-06-02 23:00:00,2025-06-02,15.601,0.475,0.464,2.535,2.515,-5.229,-5.270,-3.759,-3.842,-3.777,-4.021,USD
SPX,2025-06-11 14:00:00,2025-06-11,13.226,-2.628,-2.639,-4.101,-4.121,-4.089,-4.130,-7.885,-7.968,-1.766,-2.010,USD
SPX,2025-06-13 23:00:00,2025-06-13,14.568,-0.251,-0.262,-2.757,-2.778,-4.264,-4.305,-6.281,-6.364,-8.323,-8.567,USD
SPX,2025-06-16 07:00:00,2025-06-16,12.929,-1.116,-1.127,-0.303,-0.323,-2.564,-2.604,-7.799,-7.882,-13.348,-13.592,USD
SPX,2025-06-23 18:00:00,2025-06-23,12.099,0.828,0.817,-1.081,-1.102,3.750,3.709,0.887,0.804,9.940,9.696,USD
SPX,2025-07-16 08:00:00,2025-07-16,14.836,2.024,2.013,-1.486,-1.507,1.109,1.068,3.848,3.765,1.414,1.170,USD
SPX,2025-08-22 14:00:00,2025-08-22,14.346,-1.524,-1.535,2.268,2.248,3.479,3.439,4.043,3.960,-4.300,-4.544,USD
SPX,2025-09-17 22:00:00,2025-09-17,14.021,1.271,1.260,0.525,0.505,0.387,0.346,-1.665,-1.748,-1.043,-1.287,USD
SPX,2025-10-01 11:00:00,2025-10-01,12.372,-0.745,-0.756,0.217,0.196,6.551,6.510,4.345,4.262,14.978,14.734,USD
SPX,2025-10-12 15:00:00,2025-10-12,13.036,6.610,6.599,6.273,6.252,8.485,8.444,13.719,13.636,4.044,3.800,USD
SPX,2025-11-07 16:00:00,2025-11-07,13.829,7.544,7.533,7.631,7.611,9.803,9.763,2.085,2.002,-5.285,-5.529,USD
SPX,2025-11-19 22:00:00,2025-11-19,14.571,5.850,5.839,2.798,2.777,5.923,5.882,4.815,4.731,-5.124,-5.368,USD
SPX,2025-12-07 18:00:00,2025-12-07,12.369,-0.636,-0.647,-0.311,-0.331,-5.311,-5.352,-2.722,-2.806,-3.521,-3.765,USD
SPX,2026-04-22 05:00:00,2026-04-22,12.095,-1.824,-1.825,-3.544,-3.546,-2.215,-2.218,-0.313,-0.316,-1.616,-1.606,USD
SPX,2026-06-16 02:00:00,2026-06-16,13.308,4.238,4.237,-1.046,-1.048,-1.099,-1.101,0.575,0.573,18.729,18.738,USD
SPX,2026-06-17 02:00:00,2026-06-17,16.355,4.098,4.097,5.596,5.595,3.195,3.192,-2.710,-2.713,-5.926,-5.917,USD
SUI,2023-12-19 18:00:00,2023-12-19,13.801,-1.597,-1.594,-3.166,-3.160,-4.664,-4.660,-6.502,-6.483,-2.163,-2.135,USD
SUI,2024-01-11 10:00:00,2024-01-11,13.374,-0.137,-0.164,3.030,2.976,0.909,0.802,5.913,5.701,11.327,10.655,USD
SUI,2024-01-26 18:00:00,2024-01-26,12.203,1.709,1.682,-0.239,-0.293,0.858,0.751,0.922,0.710,-2.406,-3.078,USD
SUI,2024-03-16 01:00:00,2024-03-16,12.452,1.549,1.522,0.296,0.242,-1.722,-1.829,3.222,3.010,-4.512,-5.184,USD
SUI,2024-03-20 21:00:00,2024-03-20,13.235,-0.953,-0.981,-0.443,-0.496,4.074,3.967,3.972,3.760,3.671,2.999,USD
SUI,2024-08-05 15:00:00,2024-08-05,14.981,-1.991,-2.018,-1.448,-1.502,-4.072,-4.179,-3.275,-3.487,8.415,7.743,USD
SUI,2024-08-12 11:00:00,2024-08-12,16.240,1.992,1.964,-2.821,-2.875,3.326,3.219,-4.088,-4.300,-6.099,-6.772,USD
SUI,2024-08-23 18:00:00,2024-08-23,12.784,-0.346,-0.373,0.622,0.568,-0.079,-0.186,-1.234,-1.446,1.758,1.085,USD
SUI,2024-11-06 02:00:00,2024-11-06,12.116,2.868,2.840,3.148,3.094,2.254,2.147,3.875,3.663,5.839,5.167,USD
SUI,2024-11-09 22:00:00,2024-11-09,15.501,-2.630,-2.658,-3.633,-3.687,-0.344,-0.451,-0.138,-0.350,7.837,7.165,USD
SUI,2024-12-05 14:00:00,2024-12-05,12.782,0.342,0.314,-3.220,-3.274,-2.160,-2.267,-2.259,-2.471,-3.096,-3.768,USD
SUI,2024-12-20 14:00:00,2024-12-20,14.148,3.174,3.146,7.820,7.766,7.916,7.809,9.875,9.663,10.813,10.141,USD
SUI,2025-02-03 05:00:00,2025-02-03,12.994,-0.640,-0.634,3.950,3.962,0.591,0.616,0.845,0.892,10.775,10.912,USD
SUI,2025-04-09 17:00:00,2025-04-09,15.749,-1.499,-1.493,0.254,0.266,0.907,0.932,-3.020,-2.972,-7.850,-7.713,USD
SUI,2025-12-02 15:00:00,2025-12-02,15.944,-0.885,-0.879,-0.779,-0.767,0.000,0.024,1.565,1.612,5.598,5.735,USD
SUI,2026-05-10 16:00:00,2026-05-10,13.188,4.365,4.378,8.401,8.426,5.653,5.702,4.844,4.942,1.233,1.536,USD
TAO,2024-07-03 07:00:00,2024-07-03,12.222,-2.947,-2.970,-7.984,-8.039,-5.097,-5.188,-6.734,-6.915,-1.588,-2.119,USD
TAO,2024-07-04 16:00:00,2024-07-04,12.552,0.339,0.317,10.170,10.115,-3.390,-3.481,-1.490,-1.671,-13.458,-13.988,USD
TAO,2024-07-07 14:00:00,2024-07-07,23.683,-6.909,-6.931,-6.967,-7.022,-5.401,-5.492,-23.653,-23.833,-15.985,-16.516,USD
TAO,2024-07-08 21:00:00,2024-07-08,36.368,-4.714,-4.736,-2.491,-2.546,-8.317,-8.408,-17.612,-17.793,3.455,2.924,USD
TAO,2024-07-09 21:00:00,2024-07-09,13.454,-10.680,-10.703,-8.248,-8.303,-0.554,-0.645,-3.188,-3.369,-3.188,-3.719,USD
TAO,2024-08-05 15:00:00,2024-08-05,13.643,3.172,3.150,3.716,3.661,1.620,1.529,5.757,5.576,21.870,21.339,USD
TAO,2024-09-20 04:00:00,2024-09-20,13.771,-1.677,-1.699,-1.631,-1.686,-2.740,-2.831,-0.859,-1.040,-7.346,-7.877,USD
TAO,2024-09-23 03:00:00,2024-09-23,13.620,4.795,4.773,7.908,7.853,4.803,4.712,1.228,1.048,0.870,0.339,USD
TAO,2024-10-07 00:00:00,2024-10-07,16.571,-2.799,-2.822,-3.959,-4.014,-5.760,-5.851,-6.387,-6.567,-8.147,-8.678,USD
TAO,2024-12-20 15:00:00,2024-12-20,12.736,1.494,1.472,4.406,4.351,5.255,5.164,4.421,4.240,3.615,3.084,USD
TAO,2025-01-27 14:00:00,2025-01-27,21.654,-1.931,-1.931,-5.269,-5.267,-8.487,-8.484,-5.641,-5.634,-5.284,-5.256,USD
TAO,2025-02-03 05:00:00,2025-02-03,12.419,3.761,3.761,5.792,5.793,2.829,2.833,-0.058,-0.050,15.175,15.203,USD
TAO,2025-04-09 18:00:00,2025-04-09,12.332,2.291,2.291,4.599,4.601,4.419,4.423,3.263,3.270,3.252,3.280,USD
TAO,2025-10-12 15:00:00,2025-10-12,17.905,-0.350,-0.349,2.157,2.159,6.205,6.208,3.942,3.950,13.708,13.736,USD
TAO,2026-03-19 23:00:00,2026-03-19,12.475,-1.515,-1.519,-1.540,-1.547,1.472,1.458,7.301,7.272,-4.432,-4.520,USD
TAO,2026-06-13 09:00:00,2026-06-13,14.175,0.025,0.021,0.329,0.322,4.506,4.493,7.091,7.062,9.335,9.247,USD
TON,2024-11-23 16:00:00,2024-11-23,12.846,-0.598,-0.593,-2.497,-2.498,-4.106,-4.118,-1.118,-1.152,-5.745,-5.858,USD
TON,2025-02-03 06:00:00,2025-02-03,12.591,4.285,4.295,3.449,3.470,5.928,5.970,5.740,5.823,2.829,3.083,USD
TON,2025-03-15 14:00:00,2025-03-15,13.177,1.384,1.394,3.761,3.781,1.745,1.786,6.709,6.792,1.775,2.029,USD
TON,2025-05-28 11:00:00,2025-05-28,13.775,4.437,4.448,0.206,0.227,0.793,0.835,-0.029,0.053,-1.440,-1.186,USD
TON,2026-05-04 23:00:00,2026-05-04,14.612,7.432,7.430,6.888,6.884,5.136,5.128,9.426,9.408,18.127,18.050,USD
TON,2026-05-07 04:00:00,2026-05-07,15.281,-1.031,-1.033,2.239,2.235,-4.655,-4.664,-16.276,-16.293,-3.838,-3.915,USD
TON,2026-05-25 16:00:00,2026-05-25,14.798,-1.347,-1.349,-1.491,-1.495,-5.387,-5.395,-7.648,-7.666,-7.359,-7.436,USD
TON,2026-06-01 16:00:00,2026-06-01,15.499,-2.764,-2.766,-1.560,-1.565,-3.834,-3.842,-8.114,-8.132,-13.375,-13.452,USD
TRUMP,2025-01-19 03:00:00,2025-01-19,19.972,28.477,28.486,5.078,5.096,36.111,36.147,114.270,114.328,29.345,29.765,USD
TRUMP,2025-01-20 04:00:00,2025-01-20,12.908,13.016,13.025,14.406,14.423,13.417,13.453,-5.439,-5.381,-35.377,-34.958,USD
TRUMP,2025-01-21 08:00:00,2025-01-21,19.897,-3.788,-3.779,-2.798,-2.781,-5.019,-4.983,-3.206,-3.148,3.592,4.011,USD
TRUMP,2025-02-14 09:00:00,2025-02-14,13.978,1.380,1.389,1.086,1.104,1.700,1.736,24.412,24.470,9.204,9.624,USD
TRUMP,2025-02-28 16:00:00,2025-02-28,12.252,-0.235,-0.226,2.568,2.586,3.382,3.419,-0.368,-0.310,2.701,3.121,USD
TRUMP,2025-03-02 19:00:00,2025-03-02,13.807,6.567,6.576,2.849,2.867,3.650,3.687,-3.406,-3.348,-22.086,-21.667,USD
TRUMP,2025-04-23 16:00:00,2025-04-23,37.461,-1.079,-1.070,1.591,1.608,5.440,5.476,0.916,0.973,-4.400,-3.980,USD
TRUMP,2025-05-09 02:00:00,2025-05-09,12.268,-0.642,-0.633,-0.951,-0.934,0.065,0.101,2.999,3.056,4.757,5.177,USD
TRUMP,2025-10-27 16:00:00,2025-10-27,17.479,5.187,5.196,7.944,7.962,-0.546,-0.510,-4.136,-4.078,-3.890,-3.471,USD
TRUMP,2026-03-13 06:00:00,2026-03-13,13.944,6.001,6.021,10.789,10.829,20.189,20.268,15.933,16.090,20.603,21.076,USD
TRUMP,2026-06-12 09:00:00,2026-06-12,13.244,3.221,3.241,5.203,5.243,1.635,1.714,3.419,3.576,7.730,8.204,USD
TRX,2020-03-13 09:00:00,2020-03-13,13.467,-0.925,-0.928,,,3.336,3.311,-4.006,-4.062,-1.584,-1.854,USD
TRX,2020-08-16 15:00:00,2020-08-16,12.031,-0.603,-0.606,-1.363,-1.384,3.325,3.300,2.842,2.786,5.967,5.698,USD
TRX,2020-08-31 17:00:00,2020-08-31,12.051,-1.883,-1.886,-1.211,-1.233,-1.589,-1.615,1.465,1.408,12.638,12.368,USD
TRX,2020-09-03 17:00:00,2020-09-03,12.088,7.868,7.865,4.956,4.935,-2.382,-2.408,-7.875,-7.931,-20.415,-20.685,USD
TRX,2020-10-20 15:00:00,2020-10-20,13.017,-8.474,-8.477,-8.797,-8.819,-9.125,-9.151,-9.724,-9.780,-5.283,-5.553,USD
TRX,2020-11-24 04:00:00,2020-11-24,13.273,1.592,1.589,-4.446,-4.467,-1.766,-1.791,-12.892,-12.948,-9.668,-9.938,USD
TRX,2021-01-29 13:00:00,2021-01-29,34.985,-9.216,-9.239,-8.642,-8.686,-18.054,-18.136,-19.279,-19.440,-23.552,-24.047,USD
TRX,2021-02-09 16:00:00,2021-02-09,12.512,-2.484,-2.507,-4.135,-4.179,-2.798,-2.880,-7.186,-7.348,-10.998,-11.493,USD
TRX,2021-02-11 22:00:00,2021-02-11,12.183,3.205,3.183,2.309,2.266,-0.847,-0.928,-1.357,-1.519,1.797,1.302,USD
TRX,2021-03-26 11:00:00,2021-03-26,12.234,-3.806,-3.829,-3.591,-3.634,-4.917,-4.998,-3.582,-3.743,-2.923,-3.418,USD
TRX,2021-03-31 16:00:00,2021-03-31,15.161,-2.805,-2.827,-0.339,-0.383,7.447,7.365,2.806,2.645,1.225,0.730,USD
TRX,2021-04-03 10:00:00,2021-04-03,12.426,2.199,2.176,1.431,1.387,5.695,5.613,2.866,2.705,19.288,18.793,USD
TRX,2021-04-05 01:00:00,2021-04-05,12.268,-3.519,-3.541,0.960,0.916,-2.295,-2.376,0.207,0.045,-2.383,-2.878,USD
TRX,2021-04-16 16:00:00,2021-04-16,12.597,-1.196,-1.219,-1.942,-1.986,-1.755,-1.837,2.785,2.623,-4.084,-4.579,USD
TRX,2021-04-23 11:00:00,2021-04-23,13.758,-4.274,-4.297,-4.483,-4.527,-1.708,-1.790,-0.028,-0.189,1.122,0.627,USD
TRX,2021-05-07 00:00:00,2021-05-07,13.855,1.033,1.011,-3.240,-3.283,-5.769,-5.851,-1.363,-1.524,-10.875,-11.370,USD
TRX,2021-05-19 16:00:00,2021-05-19,27.709,-0.312,-0.335,-2.648,-2.691,-4.595,-4.676,-13.679,-13.841,-0.701,-1.196,USD
TRX,2021-06-24 01:00:00,2021-06-24,17.872,-0.200,-0.222,-0.229,-0.273,0.192,0.110,0.054,-0.107,3.524,3.029,USD
TRX,2021-09-12 10:00:00,2021-09-12,15.668,0.868,0.846,-0.425,-0.469,1.408,1.326,1.578,1.417,-7.982,-8.477,USD
TRX,2022-04-21 13:00:00,2022-04-21,15.433,1.311,1.312,-1.460,-1.459,-0.598,-0.596,-1.211,-1.205,-7.413,-7.383,USD
TRX,2022-05-11 14:00:00,2022-05-11,13.511,-2.917,-2.917,-5.471,-5.471,-5.614,-5.613,-4.528,-4.522,-7.916,-7.886,USD
TRX,2022-06-15 11:00:00,2022-06-15,13.801,3.505,3.506,7.476,7.476,1.055,1.056,9.629,9.635,9.596,9.625,USD
TRX,2023-07-22 03:00:00,2023-07-22,12.799,-2.095,-2.104,-2.513,-2.531,-4.182,-4.217,-5.284,-5.355,-7.760,-7.971,USD
TRX,2024-12-03 16:00:00,2024-12-03,16.124,1.889,1.878,-0.202,-0.225,14.060,14.013,42.708,42.612,20.364,20.058,USD
UNI,2020-11-05 13:00:00,2020-11-05,13.659,7.084,7.044,12.360,12.270,9.770,9.590,6.839,6.491,28.969,27.979,USD
UNI,2020-11-07 01:00:00,2020-11-07,15.597,-5.281,-5.321,-6.065,-6.155,-5.554,-5.734,-1.976,-2.324,-12.470,-13.461,USD
UNI,2020-11-19 15:00:00,2020-11-19,14.624,-0.523,-0.563,0.052,-0.038,-3.007,-3.187,-2.144,-2.492,-0.366,-1.357,USD
UNI,2020-12-30 16:00:00,2020-12-30,12.428,5.005,4.965,1.433,1.343,2.381,2.200,-1.215,-1.563,17.371,16.381,USD
UNI,2021-01-12 17:00:00,2021-01-12,13.162,0.631,0.604,0.858,0.805,-0.070,-0.174,-4.099,-4.305,7.795,7.169,USD
UNI,2021-01-16 15:00:00,2021-01-16,14.213,-4.066,-4.092,-6.160,-6.213,-3.741,-3.845,-5.824,-6.030,-4.458,-5.083,USD
UNI,2021-01-18 09:00:00,2021-01-18,12.497,-1.106,-1.132,-1.757,-1.810,-4.010,-4.114,-6.541,-6.747,-4.619,-5.245,USD
UNI,2021-01-26 00:00:00,2021-01-26,13.741,0.742,0.716,-2.515,-2.568,-2.866,-2.970,-0.968,-1.174,6.802,6.176,USD
UNI,2021-01-30 16:00:00,2021-01-30,14.241,0.358,0.332,-2.938,-2.991,1.843,1.739,4.184,3.979,1.588,0.962,USD
UNI,2021-02-01 19:00:00,2021-02-01,12.599,-2.430,-2.456,-4.406,-4.459,-1.010,-1.114,-6.425,-6.631,-7.585,-8.211,USD
UNI,2021-02-20 06:00:00,2021-02-20,12.239,-2.488,-2.514,5.984,5.931,11.258,11.154,15.624,15.418,23.948,23.323,USD
UNI,2021-02-23 15:00:00,2021-02-23,13.019,-1.805,-1.831,-3.665,-3.718,-10.308,-10.412,5.465,5.259,11.473,10.847,USD
UNI,2021-03-04 07:00:00,2021-03-04,13.025,1.319,1.293,-0.780,-0.833,0.783,0.679,3.346,3.141,-1.698,-2.324,USD
UNI,2021-04-21 15:00:00,2021-04-21,15.751,0.735,0.709,-1.683,-1.736,-1.402,-1.506,-5.870,-6.076,3.803,3.177,USD
UNI,2021-04-26 01:00:00,2021-04-26,12.335,-1.009,-1.035,-0.875,-0.928,1.445,1.340,0.363,0.157,5.393,4.767,USD
UNI,2021-05-19 16:00:00,2021-05-19,35.570,-0.738,-0.764,-6.451,-6.504,-7.765,-7.870,-23.293,-23.498,-5.933,-6.559,USD
UNI,2021-05-23 20:00:00,2021-05-23,14.247,3.775,3.749,1.373,1.320,4.694,4.590,6.165,5.959,52.044,51.418,USD
UNI,2021-05-24 20:00:00,2021-05-24,12.155,-2.301,-2.327,-2.434,-2.487,5.260,5.155,-1.608,-1.814,-3.398,-4.023,USD
UNI,2021-06-22 16:00:00,2021-06-22,14.073,-0.078,-0.104,2.500,2.447,2.157,2.053,3.023,2.817,7.482,6.856,USD
UNI,2021-09-26 09:00:00,2021-09-26,16.794,1.313,1.287,3.284,3.231,6.069,5.965,9.538,9.332,10.593,9.968,USD
UNI,2022-05-12 10:00:00,2022-05-12,14.099,-0.883,-0.876,0.044,0.058,1.500,1.527,2.868,2.924,15.909,16.075,USD
UNI,2022-06-14 05:00:00,2022-06-14,12.019,0.918,0.925,0.682,0.696,-3.620,-3.593,-2.912,-2.856,-5.115,-4.949,USD
UNI,2022-06-15 20:00:00,2022-06-15,14.359,2.416,2.423,2.440,2.454,2.961,2.988,-0.190,-0.134,-8.008,-7.841,USD
UNI,2022-06-21 15:00:00,2022-06-21,12.557,0.040,0.047,-0.383,-0.369,-3.947,-3.920,-4.048,-3.992,2.819,2.985,USD
UNI,2022-07-14 18:00:00,2022-07-14,13.029,-1.225,-1.219,-0.755,-0.742,-1.710,-1.683,0.698,0.754,0.171,0.337,USD
UNI,2022-07-27 18:00:00,2022-07-27,13.563,0.936,0.942,0.988,1.001,4.301,4.329,9.019,9.074,20.858,21.024,USD
UNI,2023-11-01 18:00:00,2023-11-01,13.812,2.653,2.646,3.502,3.487,3.328,3.299,4.110,4.053,0.979,0.812,USD
UNI,2023-12-26 13:00:00,2023-12-26,13.532,-0.079,-0.085,-4.632,-4.646,-5.665,-5.694,-2.564,-2.622,-5.626,-5.792,USD
UNI,2024-02-23 14:00:00,2024-02-23,57.057,2.032,2.018,1.620,1.593,-3.723,-3.777,-0.779,-0.887,0.734,0.390,USD
UNI,2024-03-06 05:00:00,2024-03-06,12.859,2.444,2.430,2.284,2.257,7.601,7.547,9.532,9.424,3.219,2.875,USD
UNI,2024-05-20 20:00:00,2024-05-20,14.848,5.515,5.502,2.490,2.463,4.120,4.066,2.132,2.024,6.844,6.500,USD
UNI,2024-05-24 20:00:00,2024-05-24,13.160,-2.254,-2.267,-2.088,-2.115,0.546,0.493,6.166,6.058,7.893,7.549,USD
UNI,2024-06-04 17:00:00,2024-06-04,13.469,6.200,6.187,5.222,5.195,5.834,5.781,4.499,4.391,2.341,1.997,USD
UNI,2024-11-06 03:00:00,2024-11-06,14.520,3.227,3.214,8.699,8.672,7.474,7.420,9.949,9.841,12.084,11.741,USD
UNI,2024-12-02 14:00:00,2024-12-02,12.022,0.500,0.486,-1.753,-1.780,-2.225,-2.279,-3.169,-3.277,-2.479,-2.822,USD
UNI,2025-02-03 06:00:00,2025-02-03,15.661,4.880,4.883,3.152,3.159,3.567,3.579,9.278,9.301,3.500,3.579,USD
UNI,2025-05-29 02:00:00,2025-05-29,13.323,-0.491,-0.488,-3.769,-3.762,-5.109,-5.097,-5.162,-5.139,-13.270,-13.191,USD
UNI,2025-06-10 11:00:00,2025-06-10,12.118,0.863,0.866,2.102,2.108,2.489,2.501,3.490,3.513,2.202,2.280,USD
UNI,2025-07-18 01:00:00,2025-07-18,12.115,0.435,0.438,1.769,1.775,6.500,6.512,9.289,9.312,0.040,0.119,USD
UNI,2025-11-10 21:00:00,2025-11-10,22.819,11.895,11.898,8.808,8.815,11.617,11.629,1.718,1.741,-3.644,-3.565,USD
UNI,2026-02-11 14:00:00,2026-02-11,22.442,-3.635,-3.623,-4.973,-4.948,-11.336,-11.285,-13.103,-13.002,-15.021,-14.718,USD
VIRTUAL,2025-02-21 09:00:00,2025-02-21,12.949,-0.383,-0.387,0.922,0.915,1.852,1.843,-5.330,-5.352,-4.712,-4.813,USD
VIRTUAL,2025-03-02 18:00:00,2025-03-02,14.623,2.075,2.071,3.227,3.220,2.829,2.820,-2.228,-2.250,-16.256,-16.357,USD
VIRTUAL,2025-04-11 10:00:00,2025-04-11,12.526,-1.519,-1.523,1.167,1.160,-2.037,-2.047,-1.574,-1.597,0.815,0.714,USD
VIRTUAL,2025-04-23 03:00:00,2025-04-23,12.471,1.070,1.066,1.779,1.772,-1.006,-1.015,1.135,1.112,-11.385,-11.486,USD
VIRTUAL,2025-04-25 08:00:00,2025-04-25,12.823,4.489,4.485,3.701,3.694,5.766,5.757,9.742,9.720,29.453,29.352,USD
VIRTUAL,2025-04-28 06:00:00,2025-04-28,16.276,0.972,0.968,1.339,1.332,2.360,2.350,-2.782,-2.805,15.735,15.634,USD
VIRTUAL,2025-04-30 23:00:00,2025-04-30,15.208,3.781,3.777,8.468,8.461,5.140,5.131,6.280,6.257,6.435,6.334,USD
VIRTUAL,2025-05-08 20:00:00,2025-05-08,18.419,-1.903,-1.907,-1.865,-1.872,-2.313,-2.322,-2.491,-2.514,-5.551,-5.652,USD
VIRTUAL,2025-05-18 15:00:00,2025-05-18,13.190,0.914,0.910,-3.061,-3.068,-6.939,-6.949,-1.477,-1.500,-7.653,-7.754,USD
VIRTUAL,2025-05-26 01:00:00,2025-05-26,13.528,-0.493,-0.497,-0.950,-0.957,1.208,1.198,1.102,1.079,-4.066,-4.167,USD
VIRTUAL,2025-06-23 20:00:00,2025-06-23,17.971,-1.850,-1.854,5.426,5.419,3.917,3.907,3.483,3.461,-1.033,-1.134,USD
VIRTUAL,2025-08-22 16:00:00,2025-08-22,15.048,2.019,2.015,1.321,1.314,0.964,0.955,0.509,0.486,-3.408,-3.509,USD
VIRTUAL,2025-10-12 17:00:00,2025-10-12,14.350,-0.644,-0.648,2.626,2.619,0.076,0.066,0.215,0.192,9.506,9.405,USD
VIRTUAL,2025-10-24 08:00:00,2025-10-24,15.428,-7.543,-7.547,-5.974,-5.981,-2.002,-2.012,-4.675,-4.698,27.489,27.388,USD
VIRTUAL,2025-10-25 14:00:00,2025-10-25,14.986,0.105,0.101,-1.165,-1.172,-1.684,-1.693,-4.277,-4.299,-6.719,-6.820,USD
VIRTUAL,2025-10-26 21:00:00,2025-10-26,12.698,3.661,3.657,5.745,5.738,10.961,10.951,8.290,8.268,-0.223,-0.324,USD
VIRTUAL,2025-10-28 10:00:00,2025-10-28,13.450,-0.715,-0.719,-8.501,-8.508,-7.893,-7.902,-4.056,-4.079,-5.460,-5.561,USD
VIRTUAL,2025-11-01 01:00:00,2025-11-01,14.097,3.804,3.800,12.375,12.368,13.900,13.891,12.056,12.033,15.151,15.050,USD
VIRTUAL,2025-11-07 05:00:00,2025-11-07,12.262,-2.079,-2.083,0.475,0.468,-1.849,-1.858,-0.898,-0.921,8.339,8.238,USD
VIRTUAL,2025-11-10 00:00:00,2025-11-10,14.566,-1.529,-1.533,-3.439,-3.446,-4.775,-4.784,-5.842,-5.865,-9.387,-9.488,USD
VIRTUAL,2026-01-05 01:00:00,2026-01-05,12.006,4.327,4.326,3.520,3.516,2.712,2.706,4.178,4.166,8.436,8.404,USD
VIRTUAL,2026-03-02 16:00:00,2026-03-02,12.428,-1.603,-1.605,0.603,0.599,-1.270,-1.276,-1.770,-1.782,-5.258,-5.289,USD
XLM,2018-02-17 03:00:00,2018-02-17,30.556,2.623,2.627,0.107,0.119,2.127,2.162,1.489,1.567,-4.255,-4.018,USD
XLM,2018-03-18 21:00:00,2018-03-18,20.164,-4.010,-4.006,-0.273,-0.261,2.360,2.395,0.804,0.883,6.806,7.043,USD
XLM,2018-06-30 01:00:00,2018-06-30,13.556,-1.651,-1.647,-1.596,-1.584,-0.809,-0.774,-0.463,-0.385,-5.074,-4.837,USD
XLM,2018-07-13 23:00:00,2018-07-13,12.707,-2.165,-2.162,-3.129,-3.117,-5.252,-5.217,-2.956,-2.878,0.726,0.963,USD
XLM,2018-09-20 22:00:00,2018-09-20,15.228,-5.198,-5.194,-3.752,-3.740,-1.081,-1.046,-2.461,-2.383,2.149,2.386,USD
XLM,2018-09-23 10:00:00,2018-09-23,12.867,-3.271,-3.267,-4.850,-4.837,-5.116,-5.081,-5.918,-5.840,-12.076,-11.839,USD
XLM,2018-11-25 21:00:00,2018-11-25,15.583,-0.250,-0.247,1.504,1.516,-1.529,-1.495,0.392,0.470,-11.188,-10.951,USD
XLM,2019-05-14 04:00:00,2019-05-14,15.384,-2.748,-2.743,-2.292,-2.282,-6.148,-6.129,-2.493,-2.447,4.491,4.636,USD
XLM,2019-05-16 00:00:00,2019-05-16,16.046,5.206,5.211,10.007,10.017,-1.923,-1.904,-0.179,-0.132,-6.433,-6.288,USD
XLM,2019-07-12 07:00:00,2019-07-12,13.267,-0.468,-0.463,-1.135,-1.125,-1.145,-1.126,-1.707,-1.661,-2.652,-2.508,USD
XLM,2019-09-18 14:00:00,2019-09-18,15.103,-3.828,-3.823,-5.758,-5.748,-1.076,-1.057,3.570,3.616,-0.539,-0.394,USD
XLM,2019-11-04 23:00:00,2019-11-04,14.008,6.673,6.678,5.388,5.398,4.891,4.910,-0.169,-0.122,3.583,3.728,USD
XLM,2020-03-12 15:00:00,2020-03-12,12.315,-0.018,-0.039,1.938,1.899,3.346,3.269,-15.592,-15.745,-7.851,-8.328,USD
XLM,2020-03-13 22:00:00,2020-03-13,15.500,-0.675,-0.696,-1.717,-1.757,0.045,-0.032,-2.663,-2.815,-7.308,-7.785,USD
XLM,2020-07-09 05:00:00,2020-07-09,13.076,-0.070,-0.091,-1.853,-1.893,-2.320,-2.397,-1.274,-1.427,-9.707,-10.184,USD
XLM,2020-11-23 22:00:00,2020-11-23,12.718,1.477,1.456,15.532,15.492,21.385,21.308,25.681,25.528,39.724,39.247,USD
XLM,2020-11-25 01:00:00,2020-11-25,14.675,-2.052,-2.073,-4.171,-4.211,-4.103,-4.179,2.595,2.443,-2.508,-2.985,USD
XLM,2020-12-24 11:00:00,2020-12-24,13.006,-1.784,-1.805,0.989,0.950,1.683,1.606,-1.149,-1.302,8.076,7.599,USD
XLM,2021-01-04 15:00:00,2021-01-04,15.330,-0.058,-0.080,-2.758,-2.799,0.695,0.616,5.957,5.801,22.589,22.128,USD
XLM,2021-01-05 16:00:00,2021-01-05,19.157,-2.198,-2.220,-2.695,-2.736,-4.784,-4.863,4.989,4.833,55.556,55.096,USD
XLM,2021-01-06 23:00:00,2021-01-06,20.523,14.565,14.543,9.427,9.386,9.301,9.222,2.049,1.892,-8.849,-9.310,USD
XLM,2021-01-08 07:00:00,2021-01-08,14.105,-2.011,-2.033,-2.151,-2.192,-6.039,-6.119,-9.833,-9.990,-11.936,-12.397,USD
XLM,2021-01-11 23:00:00,2021-01-11,18.331,-3.173,-3.195,-3.226,-3.268,9.714,9.635,10.302,10.145,2.801,2.341,USD
XLM,2021-01-29 04:00:00,2021-01-29,20.207,-6.839,-6.861,-12.480,-12.521,-14.812,-14.891,-13.849,-14.006,-21.289,-21.749,USD
XLM,2021-02-01 10:00:00,2021-02-01,14.037,-8.987,-9.009,-8.395,-8.436,-13.776,-13.855,-11.169,-11.326,-8.834,-9.295,USD
XLM,2021-02-13 02:00:00,2021-02-13,13.687,-0.963,-0.985,-1.161,-1.202,-2.303,-2.382,-9.739,-9.895,-5.310,-5.770,USD
XLM,2021-02-27 12:00:00,2021-02-27,14.089,-3.400,-3.422,-4.757,-4.798,-5.483,-5.563,-2.055,-2.212,-13.618,-14.078,USD
XLM,2021-05-06 00:00:00,2021-05-06,13.180,-3.301,-3.322,-2.949,-2.990,-5.174,-5.253,-6.641,-6.798,-0.880,-1.340,USD
XLM,2021-05-10 09:00:00,2021-05-10,12.362,-1.976,-1.998,-2.119,-2.160,-4.818,-4.897,-6.410,-6.566,-15.782,-16.242,USD
XLM,2021-05-19 16:00:00,2021-05-19,50.953,-4.981,-5.002,-9.082,-9.123,-8.981,-9.060,-20.097,-20.254,-6.403,-6.864,USD
XLM,2021-05-23 20:00:00,2021-05-23,16.739,0.931,0.910,2.207,2.166,5.654,5.575,21.133,20.977,26.902,26.441,USD
XLM,2021-06-22 16:00:00,2021-06-22,14.849,1.035,1.014,1.492,1.451,0.571,0.491,1.406,1.250,7.844,7.384,USD
XLM,2022-11-10 14:00:00,2022-11-10,12.567,-0.148,-0.136,-0.647,-0.624,-2.748,-2.702,-2.318,-2.225,-5.700,-5.418,USD
XLM,2023-07-13 16:00:00,2023-07-13,17.797,19.238,19.229,35.817,35.798,36.445,36.406,29.712,29.633,17.840,17.603,USD
XLM,2023-07-19 18:00:00,2023-07-19,15.802,-2.407,-2.417,-2.753,-2.773,-3.841,-3.880,6.959,6.881,1.224,0.987,USD
XLM,2024-08-05 16:00:00,2024-08-05,13.451,0.645,0.629,-2.330,-2.361,0.239,0.178,4.067,3.942,5.064,4.639,USD
XLM,2024-11-12 08:00:00,2024-11-12,13.275,-6.179,-6.194,-8.804,-8.835,-9.530,-9.592,-6.415,-6.539,-4.293,-4.718,USD
XLM,2024-11-16 14:00:00,2024-11-16,21.408,-11.342,-11.357,-7.713,-7.744,-3.048,-3.110,8.497,8.373,2.697,2.272,USD
XLM,2024-11-18 01:00:00,2024-11-18,16.374,-4.071,-4.087,-5.876,-5.907,-1.064,-1.126,2.750,2.625,6.094,5.669,USD
XLM,2024-11-22 00:00:00,2024-11-22,12.309,2.580,2.564,0.867,0.836,4.573,4.511,4.124,3.999,46.861,46.436,USD
XLM,2024-11-23 00:00:00,2024-11-23,14.543,13.145,13.129,5.349,5.318,5.110,5.048,12.524,12.400,27.182,26.757,USD
XLM,2024-11-24 02:00:00,2024-11-24,17.432,1.089,1.074,-0.706,-0.737,-4.407,-4.469,-1.714,-1.838,-14.117,-14.542,USD
XLM,2024-11-27 08:00:00,2024-11-27,15.160,2.492,2.476,1.996,1.965,-3.064,-3.126,-0.302,-0.427,-3.716,-4.141,USD
XLM,2024-12-02 15:00:00,2024-12-02,13.438,-2.793,-2.809,-7.810,-7.841,-5.875,-5.937,-6.728,-6.852,-11.489,-11.914,USD
XLM,2024-12-10 21:00:00,2024-12-10,18.140,-0.015,-0.030,1.361,1.330,-6.268,-6.330,-4.077,-4.202,3.241,2.817,USD
XLM,2024-12-20 15:00:00,2024-12-20,13.192,1.433,1.417,2.897,2.866,5.133,5.071,5.925,5.801,2.624,2.199,USD
XLM,2025-01-01 18:00:00,2025-01-01,13.504,1.441,1.443,0.972,0.975,1.158,1.164,2.431,2.444,3.527,3.590,USD
XLM,2025-03-02 16:00:00,2025-03-02,12.939,-2.786,-2.785,-4.389,-4.386,-3.565,-3.559,-0.759,-0.746,-11.096,-11.032,USD
XLM,2025-07-11 15:00:00,2025-07-11,15.681,1.101,1.103,0.833,0.836,4.437,4.443,-2.159,-2.146,2.313,2.377,USD
XLM,2026-05-28 12:00:00,2026-05-28,12.310,4.057,4.054,2.829,2.824,6.614,6.605,8.290,8.272,7.483,7.445,USD
XLM,2026-05-29 20:00:00,2026-05-29,14.803,-0.581,-0.584,6.108,6.103,11.173,11.165,9.648,9.630,0.234,0.196,USD
XLM,2026-05-31 11:00:00,2026-05-31,14.308,-2.005,-2.008,-2.659,-2.663,-7.233,-7.241,-7.894,-7.912,-1.212,-1.250,USD
XLM,2026-06-15 13:00:00,2026-06-15,12.603,0.286,0.283,5.136,5.131,6.720,6.711,1.991,1.973,4.701,4.663,USD
XMR,2018-01-13 15:00:00,2018-01-13,13.333,2.662,2.677,3.429,3.460,2.608,2.670,2.032,2.150,-6.865,-6.512,USD
XMR,2018-01-17 19:00:00,2018-01-17,16.516,5.078,5.093,12.306,12.337,13.244,13.306,18.004,18.122,21.030,21.383,USD
XMR,2018-02-02 13:00:00,2018-02-02,13.361,-1.523,-1.507,2.786,2.818,-0.064,-0.002,-3.007,-2.889,4.703,5.056,USD
XMR,2018-02-06 12:00:00,2018-02-06,16.006,4.702,4.717,5.763,5.794,3.832,3.894,17.050,17.168,29.283,29.636,USD
XMR,2018-03-18 23:00:00,2018-03-18,14.608,2.414,2.430,-0.067,-0.036,-3.364,-3.301,1.489,1.607,4.742,5.095,USD
XMR,2018-04-18 06:00:00,2018-04-18,15.263,-0.378,-0.362,-1.402,-1.371,-1.850,-1.787,-4.520,-4.402,0.920,1.273,USD
XMR,2018-11-25 21:00:00,2018-11-25,12.032,-1.274,-1.258,-1.962,-1.931,-0.809,-0.747,0.688,0.806,-10.275,-9.922,USD
XMR,2020-03-13 03:00:00,2020-03-13,13.370,-11.985,-12.004,-9.419,-9.457,-0.027,-0.103,0.710,0.557,2.648,2.207,USD
XMR,2020-12-12 03:00:00,2020-12-12,17.206,-11.873,-11.893,-12.443,-12.482,-11.046,-11.122,-12.593,-12.746,-13.486,-13.927,USD
XMR,2021-01-10 16:00:00,2021-01-10,12.155,-0.546,-0.560,-2.480,-2.508,-5.313,-5.365,0.944,0.846,-15.872,-16.170,USD
XMR,2021-02-13 18:00:00,2021-02-13,13.078,-3.147,-3.161,-1.402,-1.429,-0.347,-0.398,-4.193,-4.291,-4.503,-4.801,USD
XMR,2021-04-19 19:00:00,2021-04-19,12.697,4.922,4.908,1.276,1.248,2.336,2.285,-2.913,-3.011,15.601,15.303,USD
XMR,2021-05-19 16:00:00,2021-05-19,38.478,-2.161,-2.176,-9.338,-9.365,-10.042,-10.093,-20.769,-20.868,2.034,1.736,USD
XMR,2021-05-23 20:00:00,2021-05-23,17.214,2.190,2.175,4.047,4.020,3.088,3.037,2.148,2.050,16.290,15.993,USD
XMR,2021-06-22 17:00:00,2021-06-22,12.306,0.405,0.391,-0.599,-0.626,-2.076,-2.127,3.249,3.150,1.125,0.827,USD
XMR,2022-03-08 23:00:00,2022-03-08,20.357,-1.023,-1.022,-1.269,-1.267,-0.364,-0.361,-2.709,-2.701,-7.213,-7.181,USD
XMR,2024-02-07 02:00:00,2024-02-07,12.346,-0.261,-0.266,2.341,2.331,8.034,8.014,8.126,8.087,6.274,6.166,USD
XMR,2024-12-03 22:00:00,2024-12-03,15.106,-0.903,-0.908,-1.948,-1.957,-4.750,-4.770,-2.977,-3.016,-5.610,-5.718,USD
XMR,2025-04-28 01:00:00,2025-04-28,15.361,-0.452,-0.465,-1.170,-1.196,15.189,15.138,1.242,1.141,1.686,1.409,USD
XMR,2025-11-09 03:00:00,2025-11-09,13.740,9.951,9.938,5.226,5.200,-0.582,-0.634,10.784,10.682,1.634,1.357,USD
XMR,2026-01-12 00:00:00,2026-01-12,12.584,1.254,1.257,0.504,0.510,-2.234,-2.221,-1.450,-1.422,8.712,8.782,USD
XRP,2018-01-08 18:00:00,2018-01-08,19.454,1.182,1.191,-1.764,-1.745,-6.388,-6.343,-3.079,-2.994,-11.273,-11.065,USD
XRP,2018-01-17 01:00:00,2018-01-17,14.286,-8.333,-8.325,-6.667,-6.647,-4.584,-4.539,-10.040,-9.955,20.833,21.042,USD
XRP,2018-01-18 02:00:00,2018-01-18,20.574,-4.152,-4.144,-7.448,-7.428,-4.161,-4.116,-2.368,-2.283,4.929,5.137,USD
XRP,2018-01-23 16:00:00,2018-01-23,16.556,-4.594,-4.586,-4.389,-4.369,-4.246,-4.201,-9.615,-9.530,-6.488,-6.279,USD
XRP,2018-02-02 13:00:00,2018-02-02,20.809,-7.070,-7.061,0.839,0.859,-5.326,-5.281,-7.283,-7.198,7.284,7.492,USD
XRP,2018-02-06 14:00:00,2018-02-06,13.764,1.897,1.905,-1.408,-1.389,0.000,0.045,5.252,5.337,11.268,11.476,USD
XRP,2018-02-09 14:00:00,2018-02-09,14.734,-2.075,-2.067,-1.260,-1.241,-0.362,-0.317,-0.510,-0.425,20.975,21.183,USD
XRP,2018-03-18 21:00:00,2018-03-18,19.937,-4.637,-4.629,-3.899,-3.880,-1.297,-1.252,-1.872,-1.787,-0.169,0.039,USD
XRP,2018-04-12 13:00:00,2018-04-12,12.370,-2.033,-2.025,-0.790,-0.770,-0.788,-0.743,14.829,14.914,17.868,18.076,USD
XRP,2018-09-18 11:00:00,2018-09-18,13.618,-1.826,-1.817,4.548,4.568,3.395,3.440,0.340,0.424,0.798,1.006,USD
XRP,2018-09-20 13:00:00,2018-09-20,14.818,-2.318,-2.310,-0.829,-0.809,-1.545,-1.500,18.560,18.645,57.490,57.698,USD
XRP,2018-09-21 13:00:00,2018-09-21,24.013,19.404,19.412,-2.344,-2.325,-0.316,-0.271,-7.446,-7.361,-1.120,-0.912,USD
XRP,2018-09-25 22:00:00,2018-09-25,12.050,4.920,4.928,3.242,3.262,-2.080,-2.035,3.392,3.477,4.680,4.888,USD
XRP,2018-10-15 06:00:00,2018-10-15,14.703,-5.759,-5.751,-5.490,-5.470,-3.980,-3.935,-6.912,-6.828,-2.090,-1.881,USD
XRP,2018-11-25 21:00:00,2018-11-25,14.672,-2.149,-2.141,-1.827,-1.807,-2.133,-2.088,-2.155,-2.070,-7.712,-7.504,USD
XRP,2018-12-24 08:00:00,2018-12-24,13.149,-1.405,-1.397,-3.360,-3.340,-3.405,-3.360,-6.177,-6.092,-15.030,-14.822,USD
XRP,2019-05-14 02:00:00,2019-05-14,13.169,0.011,0.014,6.880,6.887,4.669,4.683,3.665,3.696,18.645,18.736,USD
XRP,2020-03-12 14:00:00,2020-03-12,13.008,0.683,0.674,-0.055,-0.073,-0.476,-0.510,-5.118,-5.185,-5.490,-5.717,USD
XRP,2020-03-13 22:00:00,2020-03-13,12.703,-0.062,-0.072,-1.509,-1.527,-1.016,-1.051,-2.363,-2.430,-7.799,-8.025,USD
XRP,2020-11-21 08:00:00,2020-11-21,13.379,-3.887,-3.897,-3.686,-3.704,3.217,3.182,8.385,8.318,14.404,14.178,USD
XRP,2020-11-23 14:00:00,2020-11-23,16.432,-2.477,-2.487,-0.643,-0.662,-2.308,-2.342,11.442,11.375,19.117,18.890,USD
XRP,2020-11-26 20:00:00,2020-11-26,13.318,-4.379,-4.389,-1.561,-1.579,2.951,2.916,-0.290,-0.358,2.951,2.724,USD
XRP,2020-11-28 15:00:00,2020-11-28,12.047,-1.516,-1.526,-0.756,-0.774,1.076,1.041,-0.662,-0.729,-2.025,-2.251,USD
XRP,2020-12-16 14:00:00,2020-12-16,12.097,-1.510,-1.519,3.554,3.535,-0.180,-0.214,5.645,5.577,17.304,17.077,USD
XRP,2020-12-17 16:00:00,2020-12-17,14.513,-6.859,-6.868,-4.260,-4.279,-8.449,-8.484,-11.952,-12.019,-12.507,-12.734,USD
XRP,2020-12-24 01:00:00,2020-12-24,15.055,-9.004,-9.014,-10.359,-10.377,-11.479,-11.513,-10.124,-10.191,15.262,15.036,USD
XRP,2020-12-25 01:00:00,2020-12-25,28.067,-0.840,-0.850,-5.381,-5.399,-4.641,-4.676,2.772,2.705,-11.341,-11.567,USD
XRP,2020-12-29 17:00:00,2020-12-29,16.789,2.033,2.023,-4.234,-4.252,-5.951,-5.986,-7.617,-7.684,-5.144,-5.371,USD
XRP,2021-01-07 04:00:00,2021-01-07,16.251,-2.048,-2.076,1.336,1.280,0.623,0.514,15.469,15.257,6.674,6.041,USD
XRP,2021-01-29 05:00:00,2021-01-29,12.037,-6.172,-6.200,-7.631,-7.687,-5.878,-5.988,-2.493,-2.705,-2.736,-3.369,USD
XRP,2021-01-30 10:00:00,2021-01-30,14.120,-4.763,-4.792,-5.294,-5.350,4.052,3.943,15.895,15.683,49.649,49.016,USD
XRP,2021-01-31 10:00:00,2021-01-31,16.650,-1.403,-1.432,-2.231,-2.287,-5.751,-5.860,-11.237,-11.449,45.520,44.887,USD
XRP,2021-02-01 10:00:00,2021-02-01,24.768,-15.073,-15.102,-19.574,-19.630,-40.258,-40.367,-46.742,-46.954,-47.118,-47.751,USD
XRP,2021-02-22 05:00:00,2021-02-22,21.104,-9.615,-9.644,-8.321,-8.377,-13.927,-14.036,-13.292,-13.504,-19.706,-20.339,USD
XRP,2021-02-23 12:00:00,2021-02-23,14.301,0.723,0.695,-3.247,-3.303,-1.978,-2.087,-0.316,-0.528,4.241,3.608,USD
XRP,2021-03-16 06:00:00,2021-03-16,13.410,-2.902,-2.930,-2.885,-2.941,-4.154,-4.263,-4.625,-4.837,-5.309,-5.942,USD
XRP,2021-04-05 04:00:00,2021-04-05,13.379,-2.990,-3.018,-5.315,-5.371,-1.391,-1.500,-0.475,-0.687,27.046,26.413,USD
XRP,2021-04-06 09:00:00,2021-04-06,16.164,0.451,0.422,-1.853,-1.909,-6.103,-6.212,-5.222,-5.434,-8.015,-8.648,USD
XRP,2021-04-10 15:00:00,2021-04-10,12.014,-1.622,-1.651,-2.583,-2.639,-0.845,-0.954,5.098,4.886,5.215,4.582,USD
XRP,2021-04-13 07:00:00,2021-04-13,13.425,-2.548,-2.577,-1.663,-1.719,4.085,3.976,8.770,8.559,16.215,15.582,USD
XRP,2021-04-16 17:00:00,2021-04-16,12.437,-0.995,-1.024,-3.097,-3.152,-2.264,-2.374,-3.830,-4.042,-8.216,-8.849,USD
XRP,2021-04-18 15:00:00,2021-04-18,12.304,0.322,0.293,-2.906,-2.962,-1.239,-1.348,5.988,5.776,-3.291,-3.924,USD
XRP,2021-04-26 01:00:00,2021-04-26,15.089,-0.533,-0.562,-0.551,-0.607,1.957,1.848,4.129,3.917,26.244,25.611,USD
XRP,2021-04-30 06:00:00,2021-04-30,13.377,-0.606,-0.635,-2.433,-2.489,-3.488,-3.597,-2.937,-3.149,-0.052,-0.685,USD
XRP,2021-05-20 04:00:00,2021-05-20,14.101,1.951,1.922,1.986,1.930,3.227,3.117,8.815,8.603,0.066,-0.567,USD
XRP,2021-05-23 21:00:00,2021-05-23,13.121,-1.391,-1.419,0.821,0.765,-1.220,-1.330,3.816,3.604,16.966,16.333,USD
XRP,2021-05-31 08:00:00,2021-05-31,12.225,-0.612,-0.641,2.248,2.192,0.188,0.079,0.434,0.223,1.473,0.840,USD
XRP,2021-06-22 17:00:00,2021-06-22,12.002,0.026,-0.003,-2.369,-2.425,-5.305,-5.414,1.607,1.395,7.908,7.275,USD
XRP,2021-07-28 07:00:00,2021-07-28,13.381,-0.003,-0.031,1.416,1.360,0.501,0.392,-2.193,-2.405,-2.997,-3.630,USD
XRP,2021-08-11 19:00:00,2021-08-11,13.493,-2.727,-2.756,-2.912,-2.967,-4.785,-4.894,-3.919,-4.131,-8.938,-9.571,USD
XRP,2022-05-12 00:00:00,2022-05-12,13.836,-3.647,-3.641,-6.759,-6.747,-14.727,-14.702,-13.917,-13.867,-6.887,-6.737,USD
XRP,2022-05-13 03:00:00,2022-05-13,15.746,-1.055,-1.049,1.305,1.317,-3.010,-2.986,2.079,2.129,-2.265,-2.116,USD
XRP,2022-09-23 22:00:00,2022-09-23,15.231,-3.973,-3.967,-3.684,-3.672,-5.442,-5.418,-4.702,-4.652,-7.725,-7.575,USD
XRP,2022-09-29 21:00:00,2022-09-29,15.148,-4.465,-4.459,-2.532,-2.520,-4.605,-4.581,-2.400,-2.350,-3.532,-3.383,USD
XRP,2023-07-13 15:00:00,2023-07-13,24.678,3.924,3.914,26.988,26.968,39.320,39.279,38.134,38.050,31.869,31.618,USD
XRP,2024-03-11 16:00:00,2024-03-11,15.143,1.819,1.801,1.385,1.349,0.220,0.149,-2.429,-2.572,-5.449,-5.904,USD
XRP,2024-08-07 20:00:00,2024-08-07,19.215,4.332,4.313,2.033,1.997,-3.095,-3.167,-0.799,-0.942,1.940,1.485,USD
XRP,2024-11-12 08:00:00,2024-11-12,13.282,-5.480,-5.498,-7.800,-7.836,-6.302,-6.374,-0.274,-0.417,-3.553,-4.008,USD
XRP,2024-11-16 14:00:00,2024-11-16,12.072,-7.241,-7.259,-4.403,-4.439,-1.706,-1.778,-7.445,-7.588,-7.437,-7.892,USD
XRP,2024-11-22 01:00:00,2024-11-22,13.248,0.667,0.649,2.640,2.604,3.881,3.809,2.672,2.528,17.823,17.369,USD
XRP,2024-12-01 20:00:00,2024-12-01,13.538,0.101,0.083,0.020,-0.016,11.608,11.537,12.308,12.164,25.545,25.090,USD
XRP,2024-12-10 21:00:00,2024-12-10,21.562,-0.692,-0.710,1.015,0.979,-4.756,-4.828,-0.839,-0.982,3.438,2.984,USD
XRP,2024-12-20 15:00:00,2024-12-20,12.644,0.406,0.388,2.153,2.117,2.848,2.776,2.938,2.795,2.009,1.554,USD
XRP,2025-02-03 17:00:00,2025-02-03,14.556,0.143,0.140,2.684,2.680,0.793,0.784,2.742,2.724,-1.983,-2.029,USD
XRP,2025-03-02 15:00:00,2025-03-02,14.095,9.912,9.910,10.709,10.705,10.739,10.730,13.244,13.226,0.018,-0.028,USD
XRP,2025-04-09 17:00:00,2025-04-09,13.462,-3.209,-3.211,-1.492,-1.496,0.404,0.395,-2.584,-2.602,-6.229,-6.275,USD
ADA,2018-11-20 16:00:00,2018-11-20,15.471,-10.108,-10.054,-9.176,-9.094,-17.428,-17.294,-17.914,-17.672,-12.830,-12.225,EUR
ADA,2018-11-25 21:00:00,2018-11-25,12.500,-2.274,-2.220,-1.671,-1.588,-1.731,-1.597,0.084,0.326,-8.861,-8.256,EUR
ADA,2018-12-28 18:00:00,2018-12-28,12.556,0.335,0.388,0.063,0.146,-0.732,-0.598,,,1.434,2.040,EUR
ADA,2019-04-03 02:00:00,2019-04-03,13.823,-3.489,-3.493,-8.977,-8.987,-5.783,-5.799,-5.606,-5.631,-4.673,-4.737,EUR
ADA,2020-03-13 05:00:00,2020-03-13,13.250,7.723,7.698,12.444,12.395,22.065,21.967,20.809,20.613,19.835,19.236,EUR
ADA,2020-05-31 07:00:00,2020-05-31,12.372,-2.985,-3.010,-2.465,-2.514,0.171,0.074,-5.418,-5.615,-6.922,-7.522,EUR
ADA,2020-07-08 03:00:00,2020-07-08,13.340,-3.379,-3.404,-2.054,-2.104,0.112,0.015,-0.818,-1.015,-8.298,-8.897,EUR
ADA,2020-11-24 00:00:00,2020-11-24,13.251,-1.570,-1.595,0.254,0.204,6.645,6.547,4.064,3.868,0.633,0.034,EUR
ADA,2020-11-28 13:00:00,2020-11-28,16.887,-0.994,-1.019,-0.142,-0.191,-2.480,-2.578,-2.004,-2.201,-0.169,-0.768,EUR
ADA,2021-01-06 12:00:00,2021-01-06,13.015,-0.866,-0.902,-8.119,-8.188,-4.834,-4.969,-3.299,-3.563,0.787,-0.007,EUR
ADA,2021-01-12 06:00:00,2021-01-12,12.154,1.334,1.298,-3.507,-3.577,-6.383,-6.518,-8.133,-8.397,-6.553,-7.347,EUR
ADA,2021-01-16 12:00:00,2021-01-16,12.415,-1.490,-1.525,-1.176,-1.245,-3.021,-3.156,-0.908,-1.172,3.010,2.216,EUR
ADA,2021-02-01 23:00:00,2021-02-01,12.123,0.412,0.377,-0.076,-0.145,-0.071,-0.207,4.313,4.049,4.127,3.333,EUR
ADA,2021-02-06 19:00:00,2021-02-06,13.665,3.039,3.004,6.217,6.148,2.731,2.596,4.032,3.768,-0.454,-1.247,EUR
ADA,2021-02-20 01:00:00,2021-02-20,12.020,1.525,1.489,-1.847,-1.917,0.789,0.653,-0.069,-0.333,6.653,5.860,EUR
ADA,2021-02-22 21:00:00,2021-02-22,14.897,-2.492,-2.527,-1.425,-1.494,-4.786,-4.921,-10.415,-10.679,-15.912,-16.706,EUR
ADA,2021-02-26 09:00:00,2021-02-26,12.608,-0.604,-0.639,-1.974,-2.044,-3.121,-3.256,5.551,5.287,27.444,26.651,EUR
ADA,2021-02-28 21:00:00,2021-02-28,12.224,-3.881,-3.917,-2.444,-2.514,-4.193,-4.329,-5.665,-5.929,-1.900,-2.694,EUR
ADA,2021-03-16 17:00:00,2021-03-16,16.372,2.460,2.425,1.591,1.522,2.036,1.901,1.784,1.519,2.316,1.522,EUR
ADA,2021-04-23 11:00:00,2021-04-23,12.760,-4.922,-4.958,-5.515,-5.584,-2.852,-2.987,0.063,-0.201,-0.800,-1.593,EUR
ADA,2021-05-19 16:00:00,2021-05-19,41.490,-0.639,-0.674,-7.942,-8.011,-14.608,-14.743,-21.374,-21.638,-0.323,-1.117,EUR
ADA,2021-05-23 20:00:00,2021-05-23,14.198,5.550,5.515,1.964,1.895,3.075,2.939,6.337,6.073,21.693,20.899,EUR
ADA,2021-05-30 06:00:00,2021-05-30,13.411,-0.751,-0.787,-1.195,-1.264,-0.705,-0.840,-1.592,-1.856,-2.587,-3.380,EUR
ADA,2021-06-22 16:00:00,2021-06-22,16.406,-0.530,-0.566,-0.685,-0.754,-2.206,-2.342,-2.136,-2.400,2.778,1.985,EUR
ADA,2021-08-13 02:00:00,2021-08-13,12.171,1.080,1.044,1.639,1.569,1.816,1.680,4.583,4.319,8.139,7.345,EUR
ADA,2021-08-19 19:00:00,2021-08-19,12.653,-1.194,-1.229,-0.239,-0.308,1.766,1.631,0.040,-0.224,4.100,3.307,EUR
ADA,2021-09-11 11:00:00,2021-09-11,12.284,0.592,0.557,-0.686,-0.755,0.263,0.128,-0.277,-0.541,-3.788,-4.582,EUR
ADA,2022-05-13 02:00:00,2022-05-13,13.881,4.008,4.022,4.029,4.057,12.004,12.059,10.563,10.674,3.133,3.466,EUR
ADA,2022-05-31 07:00:00,2022-05-31,12.099,2.584,2.598,0.164,0.191,0.239,0.294,-2.937,-2.826,-7.344,-7.011,EUR
ADA,2023-01-09 01:00:00,2023-01-09,15.835,-2.660,-2.673,-2.447,-2.473,-2.567,-2.618,-3.071,-3.173,-6.293,-6.599,EUR
ADA,2023-07-13 17:00:00,2023-07-13,14.138,1.930,1.917,4.653,4.627,1.472,1.422,8.036,7.934,-0.328,-0.633,EUR
ADA,2024-11-09 23:00:00,2024-11-09,13.067,2.859,2.850,4.045,4.028,7.227,7.192,17.255,17.186,18.409,18.178,EUR
ADA,2024-11-13 14:00:00,2024-11-13,12.499,-1.614,-1.623,-2.304,-2.322,-2.767,-2.802,-4.545,-4.615,-9.410,-9.642,EUR
ADA,2024-11-23 00:00:00,2024-11-23,13.615,-0.235,-0.244,-3.753,-3.770,-3.545,-3.580,-2.031,-2.100,-3.699,-3.930,EUR
ADA,2024-12-02 15:00:00,2024-12-02,13.212,0.179,0.170,-4.088,-4.105,0.604,0.570,-0.838,-0.908,-1.249,-1.480,EUR
ADA,2024-12-20 15:00:00,2024-12-20,14.658,0.100,0.091,0.936,0.919,3.602,3.568,8.132,8.062,4.918,4.687,EUR
ADA,2025-03-02 15:00:00,2025-03-02,30.528,19.573,19.580,18.792,18.805,20.313,20.337,30.787,30.834,9.389,9.537,EUR
ADA,2025-03-04 17:00:00,2025-03-04,16.345,1.102,1.108,-0.434,-0.422,1.235,1.259,3.263,3.310,1.927,2.075,EUR
ADA,2025-04-09 17:00:00,2025-04-09,12.459,-1.384,-1.377,-0.343,-0.331,1.340,1.364,-2.362,-2.315,-8.723,-8.575,EUR
BCH,2018-01-17 19:00:00,2018-01-17,12.499,4.581,4.601,13.346,13.387,12.407,12.489,15.939,16.100,21.056,21.500,EUR
BCH,2018-02-02 15:00:00,2018-02-02,18.281,2.692,2.711,-2.329,-2.289,-3.137,-3.054,-1.377,-1.216,3.261,3.705,EUR
BCH,2018-02-06 14:00:00,2018-02-06,15.073,3.019,3.039,-0.346,-0.306,-0.305,-0.222,5.331,5.491,14.013,14.457,EUR
BCH,2018-02-08 10:00:00,2018-02-08,27.602,-3.981,-3.961,0.262,0.303,-3.398,-3.316,3.068,3.228,4.854,5.299,EUR
BCH,2018-04-21 15:00:00,2018-04-21,12.035,-2.354,-2.334,,,-2.996,-2.913,-1.324,-1.164,5.213,5.658,EUR
BCH,2018-05-12 12:00:00,2018-05-12,15.646,-3.467,-3.447,-3.860,-3.819,-7.086,-7.003,-3.611,-3.450,-1.862,-1.417,EUR
BCH,2018-06-24 19:00:00,2018-06-24,12.162,1.114,1.134,0.232,0.273,-0.696,-0.614,-1.609,-1.448,0.170,0.614,EUR
BCH,2018-09-26 15:00:00,2018-09-26,16.728,-0.761,-0.741,-0.918,-0.877,-2.105,-2.023,-2.329,-2.168,6.717,7.162,EUR
BCH,2018-11-17 21:00:00,2018-11-17,19.918,-7.527,-7.507,-4.168,-4.127,-6.687,-6.605,-5.101,-4.941,-11.104,-10.660,EUR
BCH,2018-11-20 15:00:00,2018-11-20,19.403,-3.333,-3.313,-7.458,-7.418,-5.417,-5.334,-7.083,-6.923,-8.333,-7.889,EUR
BCH,2018-11-26 11:00:00,2018-11-26,12.244,-2.399,-2.379,-9.766,-9.725,-9.480,-9.398,-9.823,-9.662,-15.363,-14.918,EUR
BCH,2018-12-18 16:00:00,2018-12-18,20.584,-3.194,-3.174,-5.507,-5.466,-5.066,-4.984,-0.330,-0.170,28.634,29.079,EUR
BCH,2018-12-19 17:00:00,2018-12-19,13.590,-2.829,-2.809,-2.506,-2.465,-10.428,-10.346,-3.880,-3.720,26.839,27.283,EUR
BCH,2018-12-21 00:00:00,2018-12-21,21.278,4.943,4.963,4.020,4.060,-0.272,-0.189,7.007,7.168,-3.857,-3.412,EUR
BCH,2018-12-28 16:00:00,2018-12-28,17.003,-0.066,-0.046,0.531,0.572,0.133,0.215,-1.062,-0.901,-4.645,-4.201,EUR
BCH,2019-04-02 13:00:00,2019-04-02,13.035,-2.924,-2.934,-2.382,-2.403,3.411,3.371,7.147,7.074,38.008,37.783,EUR
BCH,2019-04-03 16:00:00,2019-04-03,15.914,-3.592,-3.602,-2.585,-2.606,2.417,2.377,-6.814,-6.887,-16.650,-16.874,EUR
BCH,2019-04-06 16:00:00,2019-04-06,12.029,-1.143,-1.154,-0.520,-0.540,-4.607,-4.647,-6.893,-6.965,-2.251,-2.476,EUR
BCH,2019-10-25 16:00:00,2019-10-25,13.602,3.681,3.670,3.548,3.527,1.286,1.246,6.741,6.668,-1.463,-1.688,EUR
BCH,2020-01-14 14:00:00,2020-01-14,15.240,3.730,3.718,1.255,1.232,-0.848,-0.890,2.984,2.902,2.882,2.631,EUR
BCH,2020-03-13 03:00:00,2020-03-13,34.493,-18.448,-18.460,-15.636,-15.659,-6.637,-6.679,-13.386,-13.468,-8.605,-8.856,EUR
BCH,2020-03-16 14:00:00,2020-03-16,12.828,3.590,3.579,1.529,1.506,4.854,4.811,-1.396,-1.478,9.441,9.191,EUR
BCH,2020-03-19 16:00:00,2020-03-19,15.604,1.046,1.034,-1.854,-1.877,0.665,0.623,0.285,0.203,3.137,2.886,EUR
BCH,2021-01-09 18:00:00,2021-01-09,12.839,5.295,5.282,5.137,5.112,3.352,3.303,8.491,8.398,14.351,14.060,EUR
BCH,2021-02-13 17:00:00,2021-02-13,12.757,-1.012,-1.026,2.884,2.859,0.248,0.200,8.244,8.151,7.518,7.227,EUR
BCH,2021-04-16 16:00:00,2021-04-16,24.144,-1.750,-1.763,-1.210,-1.235,-3.199,-3.248,0.115,0.022,-4.672,-4.963,EUR
BCH,2021-05-05 02:00:00,2021-05-05,12.112,-0.969,-0.982,-2.953,-2.978,-2.460,-2.508,6.978,6.885,24.315,24.024,EUR
BCH,2021-05-06 10:00:00,2021-05-06,12.233,-1.674,-1.687,-2.143,-2.168,-1.854,-1.902,-0.779,-0.872,-2.647,-2.937,EUR
BCH,2021-05-08 02:00:00,2021-05-08,12.743,-1.472,-1.485,-3.462,-3.487,-4.660,-4.709,-1.994,-2.087,-2.988,-3.279,EUR
BCH,2021-05-19 16:00:00,2021-05-19,22.089,-6.875,-6.888,-12.104,-12.129,-10.057,-10.105,-23.896,-23.989,-6.207,-6.498,EUR
BCH,2021-06-22 17:00:00,2021-06-22,12.727,0.668,0.655,-1.611,-1.636,-2.179,-2.228,5.689,5.596,4.324,4.034,EUR
BCH,2022-05-12 12:00:00,2022-05-12,14.571,-2.238,-2.226,2.009,2.033,13.112,13.161,0.336,0.436,9.745,10.053,EUR
BCH,2022-05-14 20:00:00,2022-05-14,12.564,6.082,6.094,-2.874,-2.850,-3.872,-3.823,-4.678,-4.578,-2.397,-2.089,EUR
BCH,2023-01-12 16:00:00,2023-01-12,12.392,-0.175,-0.190,-1.479,-1.508,-1.383,-1.440,-3.500,-3.614,-0.184,-0.534,EUR
BCH,2023-06-21 05:00:00,2023-06-21,17.851,1.426,1.412,0.951,0.922,-0.909,-0.966,0.517,0.403,3.069,2.719,EUR
BCH,2023-06-23 15:00:00,2023-06-23,16.764,3.855,3.840,14.800,14.771,8.627,8.570,8.634,8.520,11.499,11.148,EUR
BCH,2023-06-25 00:00:00,2023-06-25,12.770,0.520,0.505,-3.921,-3.950,-3.268,-3.325,-5.710,-5.824,-9.972,-10.323,EUR
BCH,2023-06-26 13:00:00,2023-06-26,16.747,-1.658,-1.672,-0.010,-0.039,-3.585,-3.642,0.132,0.018,4.100,3.749,EUR
BCH,2023-06-30 02:00:00,2023-06-30,22.607,-0.567,-0.582,-1.604,-1.633,-0.321,-0.379,1.560,1.446,-2.662,-3.012,EUR
BCH,2023-08-29 16:00:00,2023-08-29,13.483,1.140,1.125,0.676,0.647,0.113,0.056,1.248,1.134,-3.508,-3.859,EUR
BCH,2024-03-02 01:00:00,2024-03-02,16.619,5.273,5.262,9.550,9.528,10.130,10.087,10.407,10.320,35.661,35.391,EUR
BCH,2024-03-03 02:00:00,2024-03-03,12.736,0.446,0.435,-2.102,-2.123,-3.503,-3.546,-4.589,-4.676,-8.335,-8.605,EUR
BCH,2024-03-31 20:00:00,2024-03-31,12.434,-0.532,-0.543,-0.130,-0.152,0.124,0.080,2.640,2.554,-4.327,-4.597,EUR
BCH,2024-11-21 05:00:00,2024-11-21,16.128,1.775,1.763,2.273,2.251,0.260,0.217,-3.996,-4.083,-2.264,-2.534,EUR
BCH,2025-04-09 18:00:00,2025-04-09,13.945,-0.461,-0.467,-0.224,-0.235,-0.529,-0.550,-3.276,-3.320,-9.339,-9.465,EUR
BCH,2025-05-08 01:00:00,2025-05-08,12.937,-1.667,-1.672,0.385,0.374,2.554,2.532,2.221,2.177,3.627,3.501,EUR
BTC,2018-01-17 21:00:00,2018-01-17,16.850,-3.659,-3.649,-2.631,-2.609,0.997,1.040,-3.842,-3.757,1.844,2.083,EUR
BTC,2018-02-02 15:00:00,2018-02-02,14.843,1.088,1.098,-3.525,-3.504,-4.721,-4.678,-2.511,-2.426,2.162,2.401,EUR
BTC,2018-02-06 14:00:00,2018-02-06,15.273,2.451,2.462,-1.156,-1.135,-0.318,-0.275,6.570,6.655,16.162,16.402,EUR
BTC,2018-04-12 11:00:00,2018-04-12,13.808,-0.720,-0.710,-0.795,-0.774,-1.500,-1.456,-1.080,-0.995,4.653,4.892,EUR
BTC,2019-04-02 04:00:00,2019-04-02,12.173,1.400,1.389,1.177,1.154,1.023,0.980,3.333,3.248,5.450,5.195,EUR
BTC,2019-10-25 18:00:00,2019-10-25,12.349,0.116,0.105,-0.699,-0.721,-0.352,-0.395,10.690,10.605,4.833,4.579,EUR
BTC,2020-03-13 05:00:00,2020-03-13,17.084,5.625,5.607,10.402,10.366,20.489,20.419,15.197,15.057,11.050,10.625,EUR
BTC,2020-03-16 15:00:00,2020-03-16,13.012,-2.984,-3.002,-1.670,-1.705,-4.262,-4.333,-2.756,-2.896,6.141,5.716,EUR
BTC,2021-01-03 00:00:00,2021-01-03,14.919,0.379,0.368,0.608,0.586,0.793,0.751,4.814,4.732,-0.787,-1.027,EUR
BTC,2021-01-29 10:00:00,2021-01-29,12.442,1.283,1.272,3.075,3.053,0.972,0.930,-4.042,-4.123,-6.188,-6.428,EUR
BTC,2021-05-19 16:00:00,2021-05-19,19.459,-0.845,-0.856,-3.991,-4.012,-3.487,-3.529,-9.818,-9.899,-0.838,-1.079,EUR
BTC,2021-06-22 17:00:00,2021-06-22,12.021,0.702,0.691,-1.138,-1.159,-1.020,-1.062,3.886,3.805,2.473,2.233,EUR
DOGE,2019-12-24 08:00:00,2019-12-24,15.810,-14.511,-14.400,-14.538,-14.183,-14.857,-15.393,-16.780,-16.469,-15.784,-15.082,EUR
DOGE,2020-01-14 17:00:00,2020-01-14,14.982,-9.541,-9.560,-8.114,-8.145,-9.180,-9.257,-6.099,-6.248,-4.029,-4.494,EUR
DOGE,2020-03-13 09:00:00,2020-03-13,59.440,-12.480,-12.500,-11.408,-11.440,-11.180,-11.258,-16.026,-16.175,-10.884,-11.349,EUR
DOGE,2020-07-08 00:00:00,2020-07-08,16.353,12.225,12.205,39.115,39.084,32.879,32.801,25.361,25.212,44.920,44.455,EUR
DOGE,2020-07-18 01:00:00,2020-07-18,13.778,-1.029,-1.049,-2.858,-2.889,-2.802,-2.880,-1.727,-1.875,3.615,3.149,EUR
DOGE,2020-08-01 08:00:00,2020-08-01,12.246,2.177,2.158,-0.161,-0.193,1.935,1.858,-0.719,-0.868,-7.103,-7.569,EUR
DOGE,2020-11-24 05:00:00,2020-11-24,12.659,-3.685,-3.705,-3.201,-3.232,-8.580,-8.657,-7.670,-7.819,-4.954,-5.420,EUR
DOGE,2020-12-17 14:00:00,2020-12-17,12.547,-2.615,-2.634,-0.938,-0.969,-0.565,-0.643,-4.708,-4.856,-3.450,-3.916,EUR
DOGE,2020-12-20 09:00:00,2020-12-20,18.905,-7.259,-7.279,-5.694,-5.726,-7.456,-7.534,-4.193,-4.341,10.790,10.325,EUR
DOGE,2020-12-21 16:00:00,2020-12-21,15.087,-4.744,-4.763,-4.172,-4.203,-5.976,-6.053,-6.516,-6.664,-9.236,-9.702,EUR
DOGE,2021-01-02 00:00:00,2021-01-02,12.473,-0.630,-0.705,9.508,9.362,33.568,33.284,16.244,15.665,60.071,57.892,EUR
DOGE,2021-01-03 00:00:00,2021-01-03,16.759,2.454,2.378,5.217,5.071,12.793,12.509,22.335,21.757,4.773,2.593,EUR
DOGE,2021-01-04 02:00:00,2021-01-04,12.049,-0.880,-0.955,-4.402,-4.548,-12.568,-12.851,-21.347,-21.925,-11.011,-13.190,EUR
DOGE,2021-01-11 23:00:00,2021-01-11,15.250,-3.968,-4.044,-6.192,-6.338,-3.086,-3.369,1.628,1.050,-9.385,-11.565,EUR
DOGE,2021-01-14 15:00:00,2021-01-14,12.469,-2.727,-2.802,-4.556,-4.702,-0.637,-0.921,-2.401,-2.979,-9.094,-11.274,EUR
DOGE,2021-01-28 04:00:00,2021-01-28,55.330,5.370,5.294,-8.791,-8.937,-0.488,-0.772,0.442,-0.136,425.767,423.588,EUR
DOGE,2021-01-29 04:00:00,2021-01-29,41.934,13.818,13.743,-12.696,-12.842,-29.753,-30.037,-0.645,-1.223,-45.364,-47.544,EUR
DOGE,2021-01-30 09:00:00,2021-01-30,15.482,-9.356,-9.432,-10.928,-11.074,-5.873,-6.157,-22.156,-22.735,-23.846,-26.026,EUR
DOGE,2021-01-31 17:00:00,2021-01-31,18.453,16.160,16.085,18.890,18.744,7.153,6.870,12.988,12.410,13.815,11.636,EUR
DOGE,2021-02-03 21:00:00,2021-02-03,13.565,-1.103,-1.179,2.062,1.916,1.192,0.909,7.896,7.318,39.018,36.838,EUR
DOGE,2021-02-07 16:00:00,2021-02-07,14.011,2.460,2.384,5.783,5.637,6.480,6.196,1.757,1.178,17.899,15.719,EUR
DOGE,2021-02-18 17:00:00,2021-02-18,14.020,-5.584,-5.660,-1.448,-1.594,-0.716,-1.000,-3.709,-4.287,-8.349,-10.528,EUR
DOGE,2021-02-24 06:00:00,2021-02-24,12.048,-1.832,-1.907,-1.815,-1.961,-3.409,-3.692,4.465,3.887,0.994,-1.186,EUR
DOGE,2021-04-01 10:00:00,2021-04-01,16.236,6.305,6.229,-0.495,-0.641,-3.976,-4.259,-6.840,-7.418,-5.638,-7.818,EUR
DOGE,2021-04-11 10:00:00,2021-04-11,13.831,-1.291,-1.366,-3.809,-3.955,-4.323,-4.606,-0.913,-1.491,-7.745,-9.924,EUR
DOGE,2021-04-13 16:00:00,2021-04-13,18.237,-0.195,-0.271,-3.828,-3.974,0.054,-0.230,14.895,14.316,42.236,40.056,EUR
DOGE,2021-04-15 00:00:00,2021-04-15,14.137,-0.966,-1.042,-0.462,-0.608,7.339,7.055,1.987,1.408,74.586,72.407,EUR
DOGE,2021-04-16 00:00:00,2021-04-16,18.756,4.691,4.616,21.309,21.163,2.865,2.581,15.802,15.223,55.943,53.763,EUR
DOGE,2021-04-17 19:00:00,2021-04-17,21.456,-5.019,-5.094,-6.849,-6.995,-10.776,-11.059,-12.929,-13.507,3.316,1.137,EUR
DOGE,2021-04-19 09:00:00,2021-04-19,22.366,3.944,3.869,-2.539,-2.685,-9.771,-10.055,-4.334,-4.913,-5.552,-7.732,EUR
DOGE,2021-04-23 08:00:00,2021-04-23,15.873,-0.319,-0.394,1.843,1.697,-6.951,-7.235,-1.319,-1.897,19.987,17.807,EUR
DOGE,2021-04-24 08:00:00,2021-04-24,14.880,-1.817,-1.892,-9.524,-9.670,-3.330,-3.614,-5.576,-6.155,-3.658,-5.837,EUR
DOGE,2021-04-26 01:00:00,2021-04-26,14.416,-1.811,-1.887,-1.291,-1.437,-1.227,-1.511,-1.166,-1.745,-0.111,-2.291,EUR
DOGE,2021-04-28 08:00:00,2021-04-28,13.717,4.817,4.741,6.459,6.313,4.876,4.592,2.430,1.851,1.190,-0.990,EUR
DOGE,2021-05-04 13:00:00,2021-05-04,17.777,-8.031,-8.106,-8.040,-8.186,-1.244,-1.527,-7.094,-7.673,14.801,12.622,EUR
DOGE,2021-05-07 06:00:00,2021-05-07,14.900,3.579,3.504,2.542,2.396,1.518,1.235,-1.699,-2.278,14.236,12.057,EUR
DOGE,2021-05-09 16:00:00,2021-05-09,18.956,5.273,5.197,8.200,8.054,11.389,11.105,8.979,8.400,-3.719,-5.899,EUR
DOGE,2021-05-13 22:00:00,2021-05-13,28.031,0.902,0.826,-1.397,-1.543,1.763,1.479,13.597,13.019,14.552,12.372,EUR
DOGE,2021-05-19 16:00:00,2021-05-19,41.491,-3.548,-3.623,-9.656,-9.803,-12.098,-12.381,-21.604,-22.183,-1.147,-3.326,EUR
DOGE,2021-06-01 22:00:00,2021-06-01,14.307,-0.410,-0.485,-3.092,-3.238,-2.019,-2.303,2.229,1.651,14.166,11.986,EUR
DOGE,2021-06-22 02:00:00,2021-06-22,22.912,0.438,0.363,-1.583,-1.729,-1.472,-1.755,-6.936,-7.515,3.260,1.080,EUR
DOGE,2021-06-23 02:00:00,2021-06-23,12.440,-2.292,-2.367,-1.444,-1.591,0.548,0.264,2.320,1.741,5.138,2.958,EUR
DOGE,2021-07-17 19:00:00,2021-07-17,16.867,-6.299,-6.374,-7.470,-7.616,-7.265,-7.548,-6.003,-6.581,-8.971,-11.151,EUR
DOGE,2021-07-26 03:00:00,2021-07-26,13.359,0.946,0.871,0.888,0.742,-2.390,-2.673,-0.893,-1.472,-11.445,-13.624,EUR
DOGE,2021-10-28 05:00:00,2021-10-28,13.944,7.822,7.746,20.600,20.454,9.803,9.519,11.092,10.513,5.527,3.347,EUR
DOGE,2021-12-14 10:00:00,2021-12-14,19.406,12.711,12.636,7.564,7.418,2.175,1.891,-4.080,-4.658,-3.809,-5.989,EUR
DOGE,2022-01-14 06:00:00,2022-01-14,12.545,-1.820,-1.817,-3.185,-3.179,-3.509,-3.496,-2.425,-2.398,-4.180,-4.105,EUR
DOGE,2022-04-25 11:00:00,2022-04-25,12.297,0.220,0.223,-0.148,-0.141,0.085,0.098,16.807,16.834,15.116,15.192,EUR
DOGE,2022-05-13 03:00:00,2022-05-13,13.548,-2.104,-2.102,-1.397,-1.391,-3.613,-3.600,-0.391,-0.364,-4.238,-4.163,EUR
DOGE,2022-06-14 05:00:00,2022-06-14,14.443,-0.386,-0.383,-0.234,-0.228,-3.459,-3.446,-2.992,-2.965,-10.079,-10.004,EUR
DOGE,2022-10-29 08:00:00,2022-10-29,19.697,4.869,4.872,0.772,0.778,5.445,5.458,30.762,30.789,24.908,24.984,EUR
DOGE,2022-11-01 04:00:00,2022-11-01,12.930,2.818,2.821,3.785,3.791,3.578,3.591,-0.483,-0.456,1.845,1.921,EUR
DOGE,2022-11-10 14:00:00,2022-11-10,12.486,-1.191,-1.188,-2.298,-2.292,-4.154,-4.141,-3.028,-3.001,-11.069,-10.994,EUR
DOGE,2022-11-12 10:00:00,2022-11-12,13.801,2.623,2.626,0.689,0.696,0.639,0.652,-1.471,-1.444,-5.556,-5.480,EUR
DOGE,2023-04-03 17:00:00,2023-04-03,21.079,5.577,5.572,2.268,2.257,-1.706,-1.727,2.864,2.824,0.759,0.642,EUR
DOGE,2024-02-28 16:00:00,2024-02-28,20.447,-7.900,-7.921,-7.699,-7.740,-3.873,-3.954,-4.726,-4.887,8.755,8.238,EUR
DOGE,2024-03-04 16:00:00,2024-03-04,12.205,-4.504,-4.525,-3.716,-3.757,-3.150,-3.230,8.994,8.833,-9.034,-9.551,EUR
DOGE,2024-03-06 00:00:00,2024-03-06,12.287,-2.032,-2.053,-4.090,-4.131,5.339,5.258,11.545,11.384,3.429,2.912,EUR
DOGE,2024-03-20 20:00:00,2024-03-20,13.081,1.911,1.890,2.818,2.777,2.751,2.670,1.650,1.489,4.084,3.567,EUR
DOGE,2024-08-05 14:00:00,2024-08-05,12.616,2.132,2.111,2.390,2.349,-0.231,-0.312,3.104,2.943,5.148,4.631,EUR
DOGE,2024-11-06 02:00:00,2024-11-06,18.819,5.774,5.753,2.618,2.577,2.098,2.017,1.471,1.310,-0.029,-0.546,EUR
DOGE,2024-11-10 18:00:00,2024-11-10,14.539,-1.889,-1.910,-6.837,-6.878,0.753,0.673,6.999,6.838,17.577,17.060,EUR
DOGE,2024-11-12 00:00:00,2024-11-12,12.692,-2.397,-2.418,-3.675,-3.716,7.521,7.440,19.352,19.191,11.851,11.335,EUR
DOGE,2024-11-23 05:00:00,2024-11-23,14.084,0.038,0.018,-1.267,-1.308,-0.495,-0.576,-0.208,-0.369,-6.838,-7.355,EUR
DOGE,2024-12-20 15:00:00,2024-12-20,14.250,1.586,1.565,2.819,2.778,3.928,3.847,4.461,4.300,7.413,6.896,EUR
DOGE,2025-01-21 11:00:00,2025-01-21,12.489,-1.285,-1.277,-4.022,-4.006,-1.585,-1.552,-0.531,-0.468,-5.371,-5.189,EUR
DOGE,2025-03-02 17:00:00,2025-03-02,13.099,-1.742,-1.734,0.431,0.446,1.045,1.078,-0.612,-0.549,-7.835,-7.652,EUR
DOT,2020-08-22 07:00:00,2020-08-22,14.495,8.267,8.224,12.930,12.850,10.003,9.843,14.147,13.829,24.870,23.886,EUR
DOT,2020-08-25 19:00:00,2020-08-25,12.665,5.262,5.219,-0.085,-0.164,0.832,0.671,0.494,0.176,16.112,15.127,EUR
DOT,2020-09-06 07:00:00,2020-09-06,14.072,0.461,0.418,-0.429,-0.509,8.464,8.303,2.885,2.567,1.363,0.378,EUR
DOT,2020-12-29 19:00:00,2020-12-29,12.927,-1.328,-1.371,-0.761,-0.840,3.955,3.794,4.099,3.781,1.408,0.423,EUR
DOT,2021-01-03 00:00:00,2021-01-03,14.797,-2.040,-2.067,0.180,0.126,-1.290,-1.392,0.369,0.170,10.595,9.991,EUR
DOT,2021-01-13 16:00:00,2021-01-13,12.303,2.995,2.968,-0.517,-0.570,0.903,0.800,11.052,10.853,20.221,19.617,EUR
DOT,2021-01-14 23:00:00,2021-01-14,13.713,0.000,-0.028,-0.398,-0.451,-3.582,-3.685,-0.882,-1.080,-7.870,-8.473,EUR
DOT,2021-01-16 00:00:00,2021-01-16,12.442,-1.258,-1.285,-5.538,-5.592,-2.832,-2.935,-0.018,-0.216,19.371,18.767,EUR
DOT,2021-01-20 19:00:00,2021-01-20,18.861,-2.061,-2.089,0.527,0.473,0.072,-0.030,-3.179,-3.378,-7.614,-8.218,EUR
DOT,2021-02-23 15:00:00,2021-02-23,12.396,-1.286,-1.313,-4.343,-4.396,-8.082,-8.184,2.315,2.116,2.348,1.744,EUR
DOT,2021-05-13 04:00:00,2021-05-13,12.334,-2.852,-2.879,0.717,0.664,-6.309,-6.411,-1.155,-1.354,-1.573,-2.177,EUR
DOT,2021-05-19 16:00:00,2021-05-19,21.907,0.833,0.806,-3.882,-3.936,-8.116,-8.219,-21.321,-21.520,-4.583,-5.187,EUR
DOT,2021-05-22 00:00:00,2021-05-22,15.699,-1.660,-1.687,-4.876,-4.930,-10.826,-10.928,-6.190,-6.389,-4.975,-5.578,EUR
DOT,2021-05-23 20:00:00,2021-05-23,17.589,0.501,0.474,-0.400,-0.453,1.633,1.531,1.549,1.350,29.551,28.948,EUR
DOT,2021-06-14 16:00:00,2021-06-14,12.495,2.217,2.190,-0.931,-0.984,2.112,2.010,3.380,3.182,-0.492,-1.095,EUR
DOT,2021-06-22 16:00:00,2021-06-22,14.406,-0.830,-0.858,1.257,1.203,-1.093,-1.196,-0.846,-1.045,3.638,3.035,EUR
DOT,2021-10-13 18:00:00,2021-10-13,17.948,2.777,2.749,0.042,-0.011,3.955,3.853,0.137,-0.062,-2.510,-3.113,EUR
DOT,2022-05-12 00:00:00,2022-05-12,12.644,-2.595,-2.579,-6.839,-6.808,-13.800,-13.738,-14.900,-14.776,-1.263,-0.892,EUR
DOT,2022-05-13 02:00:00,2022-05-13,12.303,2.539,2.554,2.969,3.000,6.836,6.897,14.927,15.050,13.273,13.644,EUR
DOT,2022-05-27 09:00:00,2022-05-27,12.238,0.336,0.351,-0.133,-0.102,0.803,0.864,-4.522,-4.399,-3.766,-3.395,EUR
DOT,2022-06-15 20:00:00,2022-06-15,12.728,2.318,2.333,2.557,2.587,3.636,3.698,0.856,0.980,-9.397,-9.026,EUR
DOT,2023-01-14 06:00:00,2023-01-14,12.383,-1.984,-1.994,-0.605,-0.624,-4.938,-4.977,-4.540,-4.616,-8.021,-8.248,EUR
DOT,2024-03-06 07:00:00,2024-03-06,12.395,-2.117,-2.119,-3.471,-3.474,-1.264,-1.270,-2.916,-2.931,1.279,1.217,EUR
DOT,2024-11-24 00:00:00,2024-11-24,14.178,-1.853,-1.855,-2.750,-2.754,-5.661,-5.667,-8.784,-8.799,-10.780,-10.842,EUR
DOT,2024-12-02 21:00:00,2024-12-02,12.694,-0.863,-0.865,0.857,0.853,1.680,1.674,3.047,3.032,-1.492,-1.554,EUR
DOT,2024-12-04 12:00:00,2024-12-04,12.749,0.548,0.546,-2.743,-2.747,-8.701,-8.707,-4.643,-4.658,-3.946,-4.008,EUR
DOT,2024-12-20 15:00:00,2024-12-20,12.988,1.452,1.450,3.640,3.637,4.468,4.461,6.189,6.175,3.602,3.540,EUR
DOT,2025-11-07 16:00:00,2025-11-07,13.367,2.778,2.790,4.275,4.300,3.247,3.296,2.856,2.954,1.341,1.628,EUR
DOT,2026-02-25 14:00:00,2026-02-25,13.292,0.767,0.780,2.268,2.296,4.537,4.593,9.840,9.950,5.358,5.721,EUR
ETH,2018-01-17 19:00:00,2018-01-17,20.411,7.169,7.181,15.200,15.226,10.896,10.950,11.133,11.240,18.307,18.607,EUR
ETH,2018-02-02 13:00:00,2018-02-02,15.647,-6.884,-6.872,-1.420,-1.394,-6.740,-6.686,-8.653,-8.547,0.908,1.209,EUR
ETH,2018-02-06 12:00:00,2018-02-06,12.792,11.497,11.510,13.911,13.936,11.798,11.852,18.712,18.819,32.791,33.091,EUR
ETH,2018-03-18 21:00:00,2018-03-18,13.382,-4.167,-4.154,-2.622,-2.596,-3.224,-3.171,-0.844,-0.738,-2.207,-1.906,EUR
ETH,2018-06-14 19:00:00,2018-06-14,12.730,-0.076,-0.063,-0.409,-0.384,0.320,0.374,-1.342,-1.235,-4.613,-4.312,EUR
ETH,2018-11-20 15:00:00,2018-11-20,12.243,-0.836,-0.823,-6.632,-6.606,-6.465,-6.411,-10.661,-10.554,-6.330,-6.029,EUR
ETH,2018-12-07 19:00:00,2018-12-07,13.658,-6.002,-5.990,-3.302,-3.276,-3.950,-3.897,-1.981,-1.875,-9.316,-9.016,EUR
ETH,2018-12-24 01:00:00,2018-12-24,13.626,0.445,0.458,1.020,1.046,0.046,0.100,-0.691,-0.584,-11.900,-11.599,EUR
ETH,2018-12-28 16:00:00,2018-12-28,14.339,0.600,0.613,0.815,0.841,1.733,1.786,3.294,3.400,1.553,1.853,EUR
ETH,2020-03-13 03:00:00,2020-03-13,21.185,-14.994,-15.018,-11.461,-11.508,-2.218,-2.311,0.169,-0.015,2.277,1.720,EUR
ETH,2021-05-19 16:00:00,2021-05-19,23.999,-3.289,-3.315,-8.662,-8.715,-11.509,-11.612,-21.962,-22.165,-5.564,-6.175,EUR
ETH,2024-05-20 21:00:00,2024-05-20,15.834,-0.833,-0.840,0.291,0.277,0.852,0.825,-0.356,-0.411,2.704,2.531,EUR
ETH,2025-03-02 17:00:00,2025-03-02,12.241,-0.452,-0.452,0.197,0.197,1.561,1.560,-1.391,-1.394,-9.311,-9.322,EUR
ETH,2025-04-09 20:00:00,2025-04-09,12.226,-0.201,-0.201,-0.319,-0.319,-2.043,-2.043,-3.665,-3.669,-10.691,-10.701,EUR
LINK,2019-09-25 23:00:00,2019-09-25,15.248,-4.436,-4.448,,,,,1.106,0.979,-12.352,-12.525,EUR
LINK,2019-10-03 00:00:00,2019-10-03,13.152,-8.272,-8.284,-11.690,-11.723,-11.204,-11.279,-10.234,-10.361,-14.258,-14.431,EUR
LINK,2020-03-12 17:00:00,2020-03-12,18.130,-4.533,-4.563,-3.293,-3.351,-10.227,-10.342,-37.750,-37.981,-15.085,-15.796,EUR
LINK,2020-03-13 22:00:00,2020-03-13,21.578,-3.663,-3.693,-3.232,-3.291,-1.915,-2.030,-5.099,-5.330,-12.855,-13.566,EUR
LINK,2020-03-16 14:00:00,2020-03-16,14.711,3.482,3.453,-1.673,-1.732,2.242,2.127,-5.163,-5.394,7.492,6.782,EUR
LINK,2020-03-19 12:00:00,2020-03-19,13.510,-2.060,-2.089,-2.162,-2.220,3.412,3.296,2.728,2.497,10.113,9.403,EUR
LINK,2020-03-23 12:00:00,2020-03-23,12.908,-2.652,-2.682,-4.608,-4.667,-1.052,-1.168,-1.117,-1.347,3.560,2.849,EUR
LINK,2020-07-13 00:00:00,2020-07-13,14.331,-0.516,-0.546,0.386,0.328,-0.436,-0.551,-1.420,-1.651,-9.383,-10.093,EUR
LINK,2020-08-02 08:00:00,2020-08-02,13.279,1.421,1.392,0.349,0.291,-6.738,-6.854,-1.145,-1.376,-1.827,-2.538,EUR
LINK,2020-08-08 18:00:00,2020-08-08,21.898,-0.323,-0.353,-2.819,-2.877,-2.781,-2.896,-5.900,-6.131,5.356,4.645,EUR
LINK,2020-08-12 16:00:00,2020-08-12,12.948,-0.978,-1.008,-3.980,-4.038,-1.837,-1.952,0.948,0.717,9.361,8.650,EUR
LINK,2020-09-06 08:00:00,2020-09-06,17.675,-1.417,-1.447,-0.313,-0.371,1.141,1.026,2.719,2.488,7.084,6.374,EUR
LINK,2020-12-27 15:00:00,2020-12-27,19.391,-1.811,-1.840,-2.406,-2.464,-0.819,-0.935,-5.448,-5.679,-3.087,-3.797,EUR
LINK,2021-01-06 13:00:00,2021-01-06,13.260,-3.071,-3.091,-1.087,-1.125,2.950,2.877,0.285,0.142,1.278,0.866,EUR
LINK,2021-01-16 00:00:00,2021-01-16,12.642,-2.332,-2.351,-2.162,-2.200,-0.088,-0.160,-0.259,-0.402,-7.052,-7.464,EUR
LINK,2021-02-23 12:00:00,2021-02-23,17.052,3.566,3.547,-2.024,-2.062,-2.441,-2.514,-6.340,-6.483,7.194,6.782,EUR
LINK,2021-04-18 15:00:00,2021-04-18,14.559,0.132,0.113,-1.158,-1.196,2.193,2.121,4.016,3.873,-6.987,-7.399,EUR
LINK,2021-05-04 20:00:00,2021-05-04,12.436,-1.473,-1.492,-0.595,-0.632,2.012,1.939,0.272,0.129,0.290,-0.121,EUR
LINK,2021-05-19 16:00:00,2021-05-19,31.712,-2.240,-2.260,-7.139,-7.177,-11.988,-12.060,-24.717,-24.860,-6.656,-7.068,EUR
LINK,2021-05-23 20:00:00,2021-05-23,18.084,2.681,2.662,1.540,1.502,4.203,4.130,8.810,8.666,31.755,31.343,EUR
LINK,2021-05-26 01:00:00,2021-05-26,13.131,0.243,0.224,2.895,2.857,1.551,1.479,7.485,7.342,4.553,4.142,EUR
LINK,2021-06-22 17:00:00,2021-06-22,15.637,0.769,0.750,-2.959,-2.997,-4.686,-4.758,2.913,2.770,3.432,3.021,EUR
LINK,2021-07-26 01:00:00,2021-07-26,12.368,0.011,-0.008,0.653,0.615,3.708,3.635,3.232,3.089,-3.617,-4.028,EUR
LINK,2021-07-30 17:00:00,2021-07-30,12.764,1.063,1.044,0.782,0.744,4.152,4.079,3.241,3.098,-0.434,-0.846,EUR
LINK,2022-06-07 21:00:00,2022-06-07,13.244,-1.032,-1.025,-1.004,-0.989,-0.657,-0.626,-2.975,-2.912,0.775,0.970,EUR
LINK,2022-06-14 05:00:00,2022-06-14,16.801,0.057,0.065,0.154,0.169,-3.407,-3.376,0.015,0.079,-1.250,-1.056,EUR
LINK,2022-06-15 20:00:00,2022-06-15,12.738,1.563,1.570,2.638,2.653,3.947,3.977,-0.387,-0.323,-6.083,-5.888,EUR
LINK,2023-07-20 09:00:00,2023-07-20,15.003,-0.073,-0.088,2.728,2.700,2.475,2.420,0.945,0.834,0.745,0.408,EUR
LINK,2023-10-23 01:00:00,2023-10-23,15.157,-1.584,-1.599,-1.069,-1.097,-2.459,-2.514,-7.876,-7.987,-5.575,-5.912,EUR
LINK,2023-10-25 01:00:00,2023-10-25,13.361,-2.448,-2.462,-2.194,-2.222,-1.688,-1.743,-4.319,-4.430,-4.357,-4.694,EUR
LINK,2024-05-16 21:00:00,2024-05-16,14.548,-0.338,-0.347,-1.771,-1.788,0.177,0.145,-0.288,-0.354,1.988,1.776,EUR
LINK,2024-08-05 16:00:00,2024-08-05,14.466,0.716,0.707,-2.932,-2.949,0.096,0.064,6.021,5.955,9.424,9.212,EUR
LINK,2024-12-02 20:00:00,2024-12-02,16.639,-1.211,-1.220,-3.133,-3.149,-1.877,-1.909,-3.293,-3.358,-1.323,-1.536,EUR
LINK,2024-12-12 04:00:00,2024-12-12,16.596,1.436,1.427,2.030,2.013,1.363,1.330,-1.559,-1.625,4.571,4.358,EUR
LINK,2024-12-20 15:00:00,2024-12-20,13.756,-1.040,-1.048,0.649,0.632,1.839,1.806,2.515,2.449,0.275,0.062,EUR
LINK,2025-01-19 15:00:00,2025-01-19,13.461,3.051,3.053,4.446,4.450,2.400,2.410,-4.853,-4.834,0.544,0.602,EUR
LINK,2025-03-02 16:00:00,2025-03-02,13.158,2.551,2.552,0.620,0.624,2.477,2.487,2.526,2.544,-4.161,-4.103,EUR
LINK,2025-08-12 15:00:00,2025-08-12,12.330,-1.489,-1.487,-1.414,-1.410,-2.587,-2.577,-1.870,-1.852,-2.062,-2.004,EUR
LTC,2018-01-06 02:00:00,2018-01-06,12.864,4.422,4.436,1.075,1.105,2.482,2.545,4.938,5.065,-0.224,0.144,EUR
LTC,2018-01-17 01:00:00,2018-01-17,12.047,-6.052,-6.038,-5.366,-5.336,-4.334,-4.270,-10.283,-10.156,1.917,2.285,EUR
LTC,2018-02-02 13:00:00,2018-02-02,20.629,-7.950,-7.936,-3.273,-3.243,-8.457,-8.393,-8.528,-8.401,5.193,5.561,EUR
LTC,2018-02-03 14:00:00,2018-02-03,12.263,-2.074,-2.060,0.276,0.306,5.989,6.052,5.135,5.263,4.609,4.977,EUR
LTC,2018-02-06 14:00:00,2018-02-06,18.539,2.682,2.697,-0.938,-0.909,-0.948,-0.884,8.910,9.037,17.915,18.283,EUR
LTC,2018-02-14 02:00:00,2018-02-14,14.344,-0.869,-0.855,-1.568,-1.538,0.577,0.641,6.659,6.786,26.061,26.429,EUR
LTC,2018-03-30 05:00:00,2018-03-30,12.683,-4.596,-4.582,-1.984,-1.954,-4.783,-4.719,-5.598,-5.471,-5.048,-4.680,EUR
LTC,2018-11-20 15:00:00,2018-11-20,12.815,-0.647,-0.633,-6.796,-6.766,-5.437,-5.373,-8.188,-8.061,-5.275,-4.907,EUR
LTC,2018-11-25 21:00:00,2018-11-25,14.724,-3.651,-3.637,-3.037,-3.007,-1.808,-1.744,-0.976,-0.849,-7.628,-7.260,EUR
LTC,2018-12-28 18:00:00,2018-12-28,13.606,-1.501,-1.487,-1.501,-1.472,-3.422,-3.358,-1.816,-1.689,-4.155,-3.787,EUR
LTC,2019-02-08 16:00:00,2019-02-08,16.870,-0.811,-0.820,-2.406,-2.424,-5.152,-5.188,-2.877,-2.947,-0.889,-1.108,EUR
LTC,2019-04-03 00:00:00,2019-04-03,13.987,-0.405,-0.414,1.456,1.438,-4.733,-4.769,-1.996,-2.066,4.787,4.568,EUR
LTC,2019-07-17 14:00:00,2019-07-17,14.128,-0.385,-0.395,2.585,2.567,2.622,2.586,1.317,1.247,8.079,7.860,EUR
LTC,2019-07-18 17:00:00,2019-07-18,12.313,-1.365,-1.374,-1.309,-1.327,-1.975,-2.011,-2.386,-2.456,-4.305,-4.524,EUR
LTC,2020-03-13 05:00:00,2020-03-13,20.190,6.871,6.853,10.252,10.217,18.094,18.025,22.878,22.743,18.561,18.158,EUR
LTC,2020-07-27 20:00:00,2020-07-27,12.406,-1.872,-1.889,0.280,0.245,-1.936,-2.005,-1.571,-1.705,4.152,3.749,EUR
LTC,2021-01-11 23:00:00,2021-01-11,12.220,-3.403,-3.416,-4.345,-4.369,1.143,1.098,4.302,4.216,-4.616,-4.869,EUR
LTC,2021-02-25 13:00:00,2021-02-25,13.891,-2.167,-2.180,0.229,0.205,-5.021,-5.066,-7.580,-7.666,-15.450,-15.703,EUR
LTC,2021-04-16 16:00:00,2021-04-16,12.612,-2.181,-2.194,-0.705,-0.729,-0.647,-0.692,3.830,3.744,0.782,0.529,EUR
LTC,2021-05-04 11:00:00,2021-05-04,12.270,1.406,1.393,1.515,1.491,-6.413,-6.458,-3.189,-3.275,6.156,5.903,EUR
LTC,2021-05-19 16:00:00,2021-05-19,20.807,-4.807,-4.820,-8.830,-8.853,-9.591,-9.636,-20.849,-20.934,-6.159,-6.412,EUR
LTC,2021-06-22 17:00:00,2021-06-22,13.000,0.896,0.883,-1.486,-1.510,-1.535,-1.580,5.029,4.943,5.413,5.160,EUR
LTC,2021-09-13 13:00:00,2021-09-13,25.245,-17.870,-17.883,-17.142,-17.166,-17.859,-17.903,-16.821,-16.907,-17.397,-17.650,EUR
LTC,2022-11-22 13:00:00,2022-11-22,12.000,1.435,1.438,1.987,1.995,-0.254,-0.239,0.030,0.060,13.060,13.150,EUR
LTC,2023-06-30 03:00:00,2023-06-30,12.657,-0.114,-0.117,-1.424,-1.430,-0.330,-0.341,5.754,5.735,11.737,11.677,EUR
LTC,2024-12-01 22:00:00,2024-12-01,12.467,-0.115,-0.123,7.716,7.701,3.316,3.285,2.672,2.609,14.982,14.791,EUR
LTC,2025-01-16 01:00:00,2025-01-16,12.039,0.504,0.505,0.252,0.254,1.086,1.090,-0.539,-0.530,6.194,6.214,EUR
LTC,2025-11-07 16:00:00,2025-11-07,18.928,0.606,0.606,-1.974,-1.972,-1.795,-1.790,-2.624,-2.616,-3.780,-3.759,EUR
MATIC,2021-05-18 02:00:00,2021-05-18,17.095,3.741,3.714,4.144,4.091,6.702,6.603,9.192,9.001,10.561,10.030,EUR
MATIC,2021-05-19 08:00:00,2021-05-19,23.491,-0.122,-0.148,-6.540,-6.593,-29.020,-29.120,-12.285,-12.475,-17.223,-17.753,EUR
MATIC,2021-05-20 08:00:00,2021-05-20,13.445,-2.144,-2.170,-1.666,-1.718,7.736,7.637,-6.260,-6.450,-13.021,-13.552,EUR
MATIC,2021-05-22 00:00:00,2021-05-22,12.199,3.299,3.272,-0.896,-0.949,-12.141,-12.240,-9.120,-9.310,-18.493,-19.023,EUR
MATIC,2021-05-23 20:00:00,2021-05-23,15.951,12.276,12.249,11.471,11.418,20.785,20.686,37.672,37.482,91.868,91.338,EUR
MATIC,2021-05-25 15:00:00,2021-05-25,15.088,-3.857,-3.883,-5.294,-5.347,-8.006,-8.105,8.122,7.932,22.336,21.806,EUR
MATIC,2021-05-28 15:00:00,2021-05-28,14.187,-5.761,-5.787,-4.424,-4.476,-2.134,-2.233,-6.419,-6.610,-15.336,-15.867,EUR
MATIC,2021-05-30 05:00:00,2021-05-30,20.159,-0.687,-0.714,0.050,-0.002,-0.719,-0.818,-3.210,-3.401,-4.825,-5.355,EUR
MATIC,2021-06-22 17:00:00,2021-06-22,19.382,0.936,0.910,-4.787,-4.840,-5.829,-5.928,3.157,2.966,2.136,1.606,EUR
MATIC,2021-07-21 06:00:00,2021-07-21,13.632,-1.372,-1.399,0.516,0.464,3.896,3.796,9.975,9.785,12.041,11.511,EUR
MATIC,2021-10-15 06:00:00,2021-10-15,14.538,3.089,3.062,8.416,8.364,6.707,6.608,1.236,1.045,7.831,7.300,EUR
MATIC,2021-12-02 00:00:00,2021-12-02,12.110,0.192,0.165,-3.960,-4.012,-4.788,-4.887,-4.990,-5.180,-0.181,-0.711,EUR
MATIC,2021-12-06 16:00:00,2021-12-06,13.088,3.858,3.831,3.924,3.872,2.866,2.767,12.616,12.425,18.962,18.432,EUR
MATIC,2021-12-15 19:00:00,2021-12-15,12.203,4.442,4.415,3.282,3.230,2.439,2.340,2.428,2.237,1.633,1.103,EUR
MATIC,2022-05-12 00:00:00,2022-05-12,12.515,-3.813,-3.807,-8.365,-8.352,-16.338,-16.312,-21.191,-21.140,-10.625,-10.487,EUR
MATIC,2022-05-13 03:00:00,2022-05-13,15.425,1.234,1.240,2.333,2.345,-1.595,-1.570,4.921,4.972,-0.226,-0.087,EUR
MATIC,2022-06-23 22:00:00,2022-06-23,12.284,1.024,1.030,6.864,6.876,10.163,10.188,5.954,6.004,9.044,9.183,EUR
MATIC,2022-07-14 00:00:00,2022-07-14,12.564,-1.231,-1.225,0.374,0.386,-0.234,-0.208,-3.305,-3.254,9.634,9.772,EUR
MATIC,2022-07-18 05:00:00,2022-07-18,18.495,-1.747,-1.741,-0.582,-0.570,0.213,0.238,0.493,0.543,0.739,0.878,EUR
MATIC,2022-11-04 03:00:00,2022-11-04,17.680,0.035,0.041,-0.427,-0.414,1.585,1.610,-0.409,-0.359,5.600,5.739,EUR
MATIC,2022-11-10 05:00:00,2022-11-10,13.234,-1.798,-1.792,-1.396,-1.384,-2.020,-1.995,12.861,12.911,12.649,12.788,EUR
MATIC,2024-09-13 12:00:00,2024-09-13,12.170,1.595,1.599,0.732,0.742,-1.333,-1.313,-0.575,-0.536,-3.163,-3.076,EUR
MATIC,2024-12-20 15:00:00,2024-12-20,13.605,-0.857,-0.853,1.165,1.174,3.604,3.624,4.878,4.917,1.714,1.801,EUR
PEPE,2023-05-16 21:00:00,2023-05-16,26.838,-17.047,-17.048,-15.758,-15.765,-20.218,-20.236,-23.092,-23.120,-26.313,-26.449,EUR
PEPE,2023-05-20 17:00:00,2023-05-20,16.155,-0.528,-0.529,-4.871,-4.877,-2.876,-2.894,-6.690,-6.718,-13.263,-13.399,EUR
PEPE,2023-06-06 14:00:00,2023-06-06,14.316,3.407,3.406,2.118,2.111,1.473,1.455,3.131,3.103,-8.379,-8.516,EUR
PEPE,2023-06-21 15:00:00,2023-06-21,15.612,4.413,4.412,11.827,11.821,12.357,12.339,10.944,10.917,24.537,24.400,EUR
PEPE,2023-06-23 16:00:00,2023-06-23,13.504,-0.900,-0.901,-2.701,-2.707,-1.029,-1.047,-5.595,-5.622,-10.418,-10.554,EUR
PEPE,2023-10-23 23:00:00,2023-10-23,27.310,-0.427,-0.428,3.842,3.836,-1.387,-1.405,-8.431,-8.459,-6.830,-6.967,EUR
PEPE,2023-10-25 12:00:00,2023-10-25,23.214,-2.083,-2.084,4.801,4.794,-3.170,-3.188,1.359,1.331,3.804,3.668,EUR
PEPE,2023-10-26 20:00:00,2023-10-26,13.530,-5.446,-5.447,-4.972,-4.979,-6.156,-6.174,-9.787,-9.814,-13.575,-13.712,EUR
PEPE,2023-11-09 14:00:00,2023-11-09,12.615,-2.003,-2.004,-11.647,-11.653,-12.760,-12.778,-10.979,-11.007,-13.205,-13.341,EUR
PEPE,2023-12-04 06:00:00,2023-12-04,16.429,-2.224,-2.225,1.457,1.451,-3.067,-3.085,-11.733,-11.761,-1.764,-1.900,EUR
PEPE,2023-12-05 13:00:00,2023-12-05,17.231,-1.007,-1.008,-3.960,-3.966,-3.423,-3.441,-0.671,-0.699,-3.691,-3.828,EUR
PEPE,2023-12-22 11:00:00,2023-12-22,15.431,-0.672,-0.673,4.630,4.624,1.718,1.700,1.568,1.541,-0.448,-0.584,EUR
PEPE,2024-02-23 10:00:00,2024-02-23,15.141,-2.835,-2.879,-6.772,-6.861,-8.189,-8.368,-10.000,-10.363,-11.024,-12.171,EUR
PEPE,2024-02-26 15:00:00,2024-02-26,12.210,-1.860,-1.904,-2.410,-2.499,7.713,7.535,14.187,13.824,32.989,31.841,EUR
PEPE,2024-02-27 18:00:00,2024-02-27,27.097,-1.720,-1.765,-5.520,-5.609,-2.440,-2.619,3.240,2.877,10.280,9.132,EUR
PEPE,2024-03-01 08:00:00,2024-03-01,20.104,-2.884,-2.928,-1.094,-1.183,-2.552,-2.731,18.760,18.397,42.990,41.842,EUR
PEPE,2024-03-02 08:00:00,2024-03-02,13.407,-5.888,-5.933,-4.729,-4.818,-7.070,-7.249,-12.796,-13.159,-5.957,-7.105,EUR
PEPE,2024-03-03 10:00:00,2024-03-03,25.756,3.016,2.972,3.923,3.834,-1.624,-1.803,9.892,9.529,36.870,35.722,EUR
PEPE,2024-03-05 01:00:00,2024-03-05,15.979,-5.954,-5.999,-7.580,-7.669,-13.611,-13.790,-14.712,-15.075,-29.373,-30.520,EUR
PEPE,2024-03-06 05:00:00,2024-03-06,21.247,0.658,0.613,4.426,4.337,5.757,5.578,6.414,6.051,-11.394,-12.541,EUR
PEPE,2024-03-08 02:00:00,2024-03-08,19.062,-1.245,-1.290,-2.723,-2.812,-0.082,-0.261,5.323,4.960,16.420,15.273,EUR
PEPE,2024-03-14 03:00:00,2024-03-14,13.031,-0.365,-0.410,3.596,3.507,3.371,3.192,-1.664,-2.027,-7.181,-8.329,EUR
PEPE,2024-03-20 20:00:00,2024-03-20,16.809,2.345,2.301,1.232,1.143,0.331,0.152,-1.736,-2.099,-3.829,-4.977,EUR
PEPE,2024-04-23 15:00:00,2024-04-23,12.372,1.527,1.482,1.023,0.934,2.185,2.006,0.490,0.127,-4.370,-5.518,EUR
PEPE,2024-05-13 16:00:00,2024-05-13,14.574,-4.748,-4.792,-5.789,-5.878,-5.439,-5.617,-7.362,-7.725,-4.768,-5.915,EUR
PEPE,2024-05-20 20:00:00,2024-05-20,13.246,0.050,0.005,-0.720,-0.809,1.699,1.521,1.969,1.606,16.675,15.527,EUR
PEPE,2024-05-21 23:00:00,2024-05-21,12.311,0.330,0.285,-0.361,-0.450,1.114,0.935,-1.059,-1.423,-3.021,-4.169,EUR
PEPE,2024-07-16 01:00:00,2024-07-16,13.438,-0.649,-0.694,0.569,0.480,-3.566,-3.745,-2.739,-3.103,2.401,1.254,EUR
PEPE,2024-08-05 14:00:00,2024-08-05,14.245,2.344,2.299,2.719,2.630,-0.109,-0.288,3.125,2.762,12.734,11.587,EUR
PEPE,2024-11-06 03:00:00,2024-11-06,12.200,-0.682,-0.727,0.136,0.048,-0.899,-1.077,0.933,0.569,11.670,10.522,EUR
PEPE,2024-11-12 06:00:00,2024-11-12,13.852,1.802,1.757,4.003,3.914,-8.624,-8.802,-7.357,-7.721,-9.928,-11.075,EUR
PEPE,2024-11-13 13:00:00,2024-11-13,36.393,4.195,4.150,9.399,9.310,11.641,11.462,5.703,5.340,22.266,21.118,EUR
PEPE,2024-12-07 19:00:00,2024-12-07,16.741,-1.239,-1.283,-1.311,-1.399,-5.982,-6.160,-1.990,-2.353,-0.008,-1.156,EUR
PEPE,2024-12-20 15:00:00,2024-12-20,13.099,-0.038,-0.083,0.585,0.496,3.555,3.377,8.096,7.733,9.178,8.030,EUR
PEPE,2025-03-02 18:00:00,2025-03-02,14.536,1.277,1.290,2.077,2.103,1.194,1.246,-2.352,-2.250,-13.598,-13.317,EUR
PEPE,2025-05-09 08:00:00,2025-05-09,22.737,-0.605,-0.593,-1.816,-1.790,-4.659,-4.607,-10.166,-10.064,-1.152,-0.871,EUR
PEPE,2026-02-14 16:00:00,2026-02-14,12.511,2.618,2.626,4.966,4.982,8.421,8.452,9.339,9.400,4.912,5.117,EUR
PEPE,2026-03-16 07:00:00,2026-03-16,12.257,-3.205,-3.197,-0.482,-0.467,-1.900,-1.869,-3.744,-3.683,-5.842,-5.637,EUR
SOL,2021-06-22 15:00:00,2021-06-22,16.604,8.044,8.002,7.397,7.312,2.635,2.465,4.346,4.004,12.853,11.815,EUR
SOL,2021-08-16 04:00:00,2021-08-16,12.422,0.382,0.340,2.141,2.056,-1.568,-1.738,4.206,3.864,15.217,14.179,EUR
SOL,2021-08-30 18:00:00,2021-08-30,13.852,-5.891,-5.933,-4.633,-4.718,-3.326,-3.496,-1.957,-2.299,-4.958,-5.995,EUR
SOL,2021-09-08 18:00:00,2021-09-08,17.087,6.329,6.287,3.252,3.167,4.645,4.475,14.194,13.852,3.561,2.524,EUR
SOL,2022-05-12 00:00:00,2022-05-12,17.827,-6.493,-6.470,-6.472,-6.426,-16.242,-16.148,-16.060,-15.867,-9.587,-9.014,EUR
SOL,2022-05-13 03:00:00,2022-05-13,13.241,-0.474,-0.451,3.588,3.635,-3.052,-2.958,5.300,5.493,2.495,3.068,EUR
SOL,2022-06-14 05:00:00,2022-06-14,15.208,0.722,0.745,1.822,1.868,-2.991,-2.897,-1.203,-1.011,-7.803,-7.230,EUR
SOL,2022-06-18 23:00:00,2022-06-18,13.602,-3.257,-3.234,-5.329,-5.283,-5.789,-5.695,-8.618,-8.426,7.401,7.974,EUR
SOL,2022-06-20 11:00:00,2022-06-20,12.467,-1.509,-1.486,-2.670,-2.623,-2.873,-2.779,-4.933,-4.741,2.147,2.720,EUR
SOL,2022-11-10 13:00:00,2022-11-10,20.632,-4.305,-4.282,1.280,1.326,-4.072,-3.978,2.734,2.927,-1.745,-1.172,EUR
SOL,2022-11-14 06:00:00,2022-11-14,15.340,0.071,0.094,0.213,0.260,-0.213,-0.119,-2.560,-2.368,-2.632,-2.059,EUR
SOL,2022-12-30 00:00:00,2022-12-30,20.000,-2.258,-2.235,-3.871,-3.825,-2.796,-2.702,-7.849,-7.657,0.108,0.680,EUR
SOL,2023-01-02 08:00:00,2023-01-02,12.352,-0.191,-0.223,-1.052,-1.115,-0.669,-0.795,-0.382,-0.635,6.405,5.631,EUR
SOL,2023-01-09 01:00:00,2023-01-09,12.500,3.244,3.212,3.658,3.594,3.934,3.808,5.590,5.337,4.279,3.504,EUR
SOL,2023-01-14 00:00:00,2023-01-14,15.776,4.615,4.583,11.401,11.337,11.889,11.763,18.187,17.934,17.210,16.435,EUR
SOL,2023-07-13 16:00:00,2023-07-13,13.213,2.608,2.577,0.707,0.644,0.531,0.404,15.473,15.220,7.958,7.183,EUR
SOL,2023-11-01 17:00:00,2023-11-01,12.171,-1.350,-1.382,-5.781,-5.844,-2.203,-2.329,-6.231,-6.483,-10.187,-10.962,EUR
SOL,2023-11-11 14:00:00,2023-11-11,12.519,-1.872,-1.903,-1.271,-1.334,-5.752,-5.878,-6.319,-6.571,-5.185,-5.960,EUR
SOL,2024-08-05 15:00:00,2024-08-05,12.533,0.746,0.735,3.187,3.164,-1.350,-1.395,-0.503,-0.593,12.202,11.929,EUR
SOL,2024-11-06 03:00:00,2024-11-06,12.779,-0.163,-0.174,0.023,0.001,-0.442,-0.487,1.326,1.236,2.297,2.023,EUR
SOL,2025-03-02 16:00:00,2025-03-02,20.799,-0.589,-0.587,-2.296,-2.291,1.911,1.921,0.547,0.564,-9.688,-9.636,EUR
SOL,2025-04-09 17:00:00,2025-04-09,13.260,-1.370,-1.368,0.009,0.014,0.441,0.451,-1.913,-1.895,-9.298,-9.247,EUR
TAO,2024-07-02 20:00:00,2024-07-02,138.294,-57.461,-57.518,-56.781,-56.873,-57.755,-57.875,-58.897,-59.134,-55.000,-55.699,EUR
TAO,2024-07-05 12:00:00,2024-07-05,18.887,-14.438,-14.495,-11.221,-11.313,-5.165,-5.284,-3.113,-3.350,-4.762,-5.461,EUR
TAO,2024-07-06 16:00:00,2024-07-06,13.504,-3.824,-3.881,-3.824,-3.916,-6.171,-6.290,-4.178,-4.415,13.093,12.395,EUR
TAO,2024-07-07 17:00:00,2024-07-07,17.329,0.269,0.212,-0.037,-0.129,-17.532,-17.652,-20.071,-20.308,,,EUR
TAO,2024-07-09 16:00:00,2024-07-09,14.350,-21.350,-21.408,-3.538,-3.631,-2.830,-2.950,-15.443,-15.680,1.383,0.684,EUR
TAO,2024-07-10 16:00:00,2024-07-10,12.150,-5.289,-5.347,-5.355,-5.448,3.507,3.387,,,-9.097,-9.795,EUR
TAO,2024-08-05 15:00:00,2024-08-05,13.482,2.546,2.489,4.130,4.038,1.398,1.279,5.953,5.717,20.826,20.127,EUR
TAO,2024-09-20 04:00:00,2024-09-20,13.617,-2.988,-3.045,-1.253,-1.346,-2.603,-2.723,-0.998,-1.235,-7.268,-7.966,EUR
TAO,2024-09-23 03:00:00,2024-09-23,12.584,6.303,6.246,8.714,8.622,6.692,6.572,2.249,2.013,3.261,2.562,EUR
TAO,2024-10-07 00:00:00,2024-10-07,16.369,-2.541,-2.599,-3.771,-3.864,-5.470,-5.590,-5.967,-6.204,-8.374,-9.072,EUR
TAO,2024-11-06 02:00:00,2024-11-06,12.260,-0.641,-0.698,-1.177,-1.270,-0.203,-0.322,3.661,3.424,7.466,6.767,EUR
TAO,2024-12-20 15:00:00,2024-12-20,12.652,1.567,1.510,4.240,4.148,5.120,5.001,4.006,3.769,2.923,2.225,EUR
TAO,2025-01-19 15:00:00,2025-01-19,13.095,-1.820,-1.818,-1.441,-1.437,-4.321,-4.315,-9.322,-9.309,-10.266,-10.200,EUR
TAO,2025-01-27 14:00:00,2025-01-27,21.811,-2.218,-2.216,-5.262,-5.258,-8.353,-8.347,-5.411,-5.399,-4.792,-4.726,EUR
TAO,2025-02-03 05:00:00,2025-02-03,12.630,4.070,4.071,6.092,6.096,3.046,3.052,-0.258,-0.245,14.791,14.858,EUR
TAO,2025-04-09 18:00:00,2025-04-09,14.102,1.703,1.704,3.544,3.548,3.442,3.448,2.387,2.400,-0.627,-0.561,EUR
TAO,2025-10-12 15:00:00,2025-10-12,17.149,-0.666,-0.664,2.270,2.274,6.096,6.102,2.994,3.007,12.904,12.970,EUR
TAO,2026-03-19 23:00:00,2026-03-19,12.834,-1.806,-1.810,-1.573,-1.582,1.556,1.540,7.065,7.031,-4.590,-4.694,EUR
TAO,2026-06-13 09:00:00,2026-06-13,14.591,-0.103,-0.107,0.058,0.050,4.225,4.209,6.800,6.766,9.331,9.227,EUR
TON,2024-11-23 16:00:00,2024-11-23,13.444,-1.326,-1.322,-2.971,-2.989,-4.855,-4.893,-0.495,-0.623,-6.213,-6.597,EUR
TON,2025-02-03 06:00:00,2025-02-03,12.760,4.405,4.417,3.607,3.630,5.865,5.909,4.598,4.691,2.313,2.609,EUR
TON,2025-03-15 14:00:00,2025-03-15,12.667,1.907,1.918,4.471,4.494,2.170,2.214,7.265,7.358,2.465,2.762,EUR
TON,2025-05-28 11:00:00,2025-05-28,14.064,4.653,4.664,0.432,0.455,0.964,1.008,0.233,0.325,-1.030,-0.734,EUR
TON,2026-05-04 23:00:00,2026-05-04,14.668,7.491,7.488,6.643,6.637,4.876,4.865,9.611,9.588,17.880,17.787,EUR
TON,2026-05-07 04:00:00,2026-05-07,15.496,-1.042,-1.045,2.292,2.286,-5.167,-5.178,-16.500,-16.523,-3.792,-3.885,EUR
TON,2026-05-25 16:00:00,2026-05-25,14.994,-1.063,-1.066,-1.735,-1.741,-5.372,-5.383,-8.002,-8.026,-7.219,-7.312,EUR
TON,2026-06-01 16:00:00,2026-06-01,15.352,-2.796,-2.799,-1.502,-1.508,-3.884,-3.895,-7.820,-7.843,-13.309,-13.402,EUR
TRX,2020-03-12 17:00:00,2020-03-12,14.931,-5.413,-5.423,-6.310,-6.330,-11.597,-11.633,-24.051,-24.116,-12.221,-12.454,EUR
TRX,2020-09-03 17:00:00,2020-09-03,12.135,7.748,7.738,5.085,5.065,-2.937,-2.973,-8.526,-8.590,-20.786,-21.018,EUR
TRX,2020-10-20 15:00:00,2020-10-20,12.667,-8.352,-8.362,-8.727,-8.747,-9.057,-9.093,-9.618,-9.682,-5.836,-6.069,EUR
TRX,2020-11-24 04:00:00,2020-11-24,13.574,1.632,1.622,-4.755,-4.776,-1.793,-1.829,-13.681,-13.745,-9.732,-9.965,EUR
TRX,2021-01-29 13:00:00,2021-01-29,34.815,-11.233,-11.256,-12.662,-12.706,-18.423,-18.508,-18.953,-19.120,-23.309,-23.820,EUR
TRX,2021-02-09 16:00:00,2021-02-09,12.455,-2.171,-2.194,-4.113,-4.158,-2.784,-2.868,-7.313,-7.480,-10.794,-11.305,EUR
TRX,2021-02-11 22:00:00,2021-02-11,12.297,3.079,3.056,1.717,1.672,-0.928,-1.012,-1.347,-1.515,1.859,1.348,EUR
TRX,2021-03-26 11:00:00,2021-03-26,12.627,-4.045,-4.068,-4.024,-4.069,-5.375,-5.459,-3.661,-3.828,-3.360,-3.871,EUR
TRX,2021-03-31 16:00:00,2021-03-31,14.510,-2.815,-2.838,-0.301,-0.346,7.886,7.802,2.993,2.826,1.042,0.531,EUR
TRX,2021-04-03 11:00:00,2021-04-03,12.407,-0.743,-0.766,6.948,6.903,5.188,5.104,4.564,4.397,15.128,14.617,EUR
TRX,2021-04-05 01:00:00,2021-04-05,12.240,-3.466,-3.489,0.880,0.835,-2.311,-2.396,0.295,0.128,-3.020,-3.531,EUR
TRX,2021-04-16 16:00:00,2021-04-16,12.414,-0.994,-1.017,-1.561,-1.606,-1.639,-1.723,3.109,2.941,-3.327,-3.838,EUR
TRX,2021-04-23 11:00:00,2021-04-23,13.842,-4.158,-4.181,-4.573,-4.618,-1.675,-1.759,-0.211,-0.379,1.574,1.063,EUR
TRX,2021-05-07 00:00:00,2021-05-07,13.901,0.558,0.535,-3.413,-3.458,-5.583,-5.668,-1.608,-1.775,-11.755,-12.266,EUR
TRX,2021-05-19 16:00:00,2021-05-19,26.310,-0.306,-0.329,-2.411,-2.456,-4.327,-4.412,-13.408,-13.576,-0.737,-1.248,EUR
TRX,2021-06-24 00:00:00,2021-06-24,12.517,6.083,6.060,6.169,6.125,4.671,4.586,6.980,6.812,9.047,8.536,EUR
TRX,2021-09-12 10:00:00,2021-09-12,15.604,1.244,1.221,-0.148,-0.193,1.515,1.431,1.659,1.492,-7.516,-8.027,EUR
TRX,2022-04-21 13:00:00,2022-04-21,15.506,1.796,1.796,-0.852,-0.853,-0.154,-0.155,-0.846,-0.845,-6.602,-6.586,EUR
TRX,2022-05-11 14:00:00,2022-05-11,13.267,-2.415,-2.415,-4.931,-4.931,-4.948,-4.949,-3.907,-3.905,-6.388,-6.371,EUR
TRX,2022-06-15 11:00:00,2022-06-15,13.582,3.669,3.669,7.843,7.842,1.984,1.983,9.700,9.702,10.412,10.428,EUR
TRX,2023-07-22 03:00:00,2023-07-22,12.825,-2.012,-2.020,-2.306,-2.323,-4.189,-4.224,-5.401,-5.469,-7.666,-7.869,EUR
TRX,2024-12-03 16:00:00,2024-12-03,15.494,2.253,2.241,0.221,0.197,14.458,14.408,43.293,43.192,20.721,20.399,EUR
XLM,2018-02-18 13:00:00,2018-02-18,13.182,-0.940,-0.931,-1.740,-1.722,-2.811,-2.775,-4.818,-4.739,-2.276,-2.055,EUR
XLM,2018-03-18 21:00:00,2018-03-18,20.862,-1.882,-1.873,-1.167,-1.149,-1.056,-1.019,1.111,1.190,6.111,6.332,EUR
XLM,2018-03-20 19:00:00,2018-03-20,12.087,-1.010,-1.001,-1.067,-1.049,-4.230,-4.193,-5.042,-4.963,-8.372,-8.151,EUR
XLM,2018-05-29 11:00:00,2018-05-29,12.723,-0.726,-0.717,-1.196,-1.178,-1.653,-1.617,-0.274,-0.195,-0.311,-0.090,EUR
XLM,2018-06-30 01:00:00,2018-06-30,12.477,-1.178,-1.169,-0.920,-0.902,-0.246,-0.209,1.251,1.330,-3.615,-3.394,EUR
XLM,2018-07-13 23:00:00,2018-07-13,12.304,-2.062,-2.053,-2.713,-2.695,-3.815,-3.778,-2.382,-2.303,1.245,1.466,EUR
XLM,2018-09-20 22:00:00,2018-09-20,13.881,-3.874,-3.865,-2.688,-2.670,-0.498,-0.462,-1.808,-1.729,3.542,3.763,EUR
XLM,2018-11-25 21:00:00,2018-11-25,14.527,-0.135,-0.126,1.990,2.008,-0.993,-0.956,0.037,0.116,-10.341,-10.120,EUR
XLM,2019-05-14 04:00:00,2019-05-14,14.836,-2.453,-2.449,-1.789,-1.779,-5.749,-5.728,-1.387,-1.344,5.352,5.487,EUR
XLM,2019-05-16 00:00:00,2019-05-16,15.314,5.599,5.604,11.436,11.446,-0.826,-0.806,0.597,0.639,-5.893,-5.758,EUR
XLM,2019-07-12 07:00:00,2019-07-12,13.607,-0.568,-0.563,-0.420,-0.410,-1.333,-1.312,-2.161,-2.119,-2.989,-2.854,EUR
XLM,2019-07-18 09:00:00,2019-07-18,12.126,-4.074,-4.069,-4.392,-4.382,-8.685,-8.664,-4.954,-4.912,-4.738,-4.603,EUR
XLM,2019-09-18 14:00:00,2019-09-18,14.259,-3.462,-3.458,-5.625,-5.615,-0.627,-0.606,4.499,4.542,-0.361,-0.226,EUR
XLM,2019-11-04 23:00:00,2019-11-04,13.691,7.437,7.442,5.685,5.696,5.688,5.709,-0.152,-0.109,4.649,4.784,EUR
XLM,2020-03-12 15:00:00,2020-03-12,13.208,0.321,0.301,2.193,2.156,2.857,2.785,-15.960,-16.104,-6.376,-6.820,EUR
XLM,2020-03-13 22:00:00,2020-03-13,14.368,-1.025,-1.045,-1.165,-1.202,0.486,0.414,-2.121,-2.265,-7.835,-8.280,EUR
XLM,2020-07-09 05:00:00,2020-07-09,12.903,0.108,0.088,-1.891,-1.928,-1.977,-2.050,-0.940,-1.084,-8.969,-9.413,EUR
XLM,2020-11-23 22:00:00,2020-11-23,12.765,1.489,1.469,14.727,14.690,21.807,21.734,25.489,25.345,39.324,38.879,EUR
XLM,2020-11-25 01:00:00,2020-11-25,15.032,-1.745,-1.765,-4.806,-4.844,-3.837,-3.909,2.441,2.297,-2.885,-3.330,EUR
XLM,2020-11-26 12:00:00,2020-11-26,12.119,-7.148,-7.168,-8.967,-9.004,-10.747,-10.820,-2.913,-3.057,8.842,8.397,EUR
XLM,2020-11-28 00:00:00,2020-11-28,12.045,-3.023,-3.043,-3.045,-3.082,-5.477,-5.550,-8.579,-8.723,-11.231,-11.676,EUR
XLM,2020-12-24 11:00:00,2020-12-24,13.609,-1.831,-1.851,1.078,1.041,1.615,1.542,-1.281,-1.425,7.891,7.446,EUR
XLM,2021-01-04 15:00:00,2021-01-04,15.232,0.656,0.633,-2.054,-2.097,1.190,1.108,6.176,6.014,23.101,22.624,EUR
XLM,2021-01-05 16:00:00,2021-01-05,18.790,-2.178,-2.200,-2.477,-2.520,-4.652,-4.733,4.829,4.666,55.900,55.422,EUR
XLM,2021-01-06 23:00:00,2021-01-06,19.578,14.575,14.552,9.364,9.322,9.203,9.121,2.732,2.570,-8.788,-9.265,EUR
XLM,2021-01-08 07:00:00,2021-01-08,14.836,-2.002,-2.025,-2.543,-2.586,-6.016,-6.098,-10.050,-10.213,-12.067,-12.544,EUR
XLM,2021-01-11 23:00:00,2021-01-11,18.657,-4.077,-4.100,-3.641,-3.684,9.771,9.689,10.201,10.038,2.532,2.054,EUR
XLM,2021-01-29 04:00:00,2021-01-29,19.643,-6.817,-6.840,-11.894,-11.936,-14.998,-15.080,-13.966,-14.129,-21.233,-21.710,EUR
XLM,2021-02-01 10:00:00,2021-02-01,14.237,-8.158,-8.181,-8.225,-8.267,-13.588,-13.670,-10.883,-11.046,-8.566,-9.044,EUR
XLM,2021-02-13 02:00:00,2021-02-13,13.827,-1.137,-1.160,-1.259,-1.301,-2.126,-2.208,-9.729,-9.891,-5.347,-5.824,EUR
XLM,2021-02-27 12:00:00,2021-02-27,13.962,-3.509,-3.532,-4.692,-4.735,-5.465,-5.546,-1.955,-2.117,-13.691,-14.168,EUR
XLM,2021-05-06 00:00:00,2021-05-06,12.824,-3.058,-3.080,-2.738,-2.780,-4.993,-5.075,-6.662,-6.824,-0.846,-1.324,EUR
XLM,2021-05-10 09:00:00,2021-05-10,12.396,-1.994,-2.017,-2.129,-2.171,-5.016,-5.098,-6.407,-6.569,-15.817,-16.294,EUR
XLM,2021-05-19 16:00:00,2021-05-19,49.332,-4.949,-4.971,-8.665,-8.708,-8.488,-8.570,-20.052,-20.214,-6.336,-6.814,EUR
XLM,2021-05-23 20:00:00,2021-05-23,16.992,0.534,0.511,2.205,2.163,5.044,4.962,20.780,20.618,25.987,25.510,EUR
XLM,2021-06-22 16:00:00,2021-06-22,14.541,1.022,1.000,1.565,1.523,0.343,0.261,1.299,1.136,7.696,7.219,EUR
XLM,2023-07-13 16:00:00,2023-07-13,17.615,19.117,19.109,34.997,34.979,36.035,35.997,29.259,29.183,17.568,17.339,EUR
XLM,2023-07-19 18:00:00,2023-07-19,15.903,-2.739,-2.748,-3.040,-3.059,-4.091,-4.130,6.623,6.547,1.715,1.487,EUR
XLM,2024-08-05 16:00:00,2024-08-05,13.932,1.216,1.199,-2.026,-2.059,0.146,0.082,3.828,3.699,5.363,4.915,EUR
XLM,2024-11-12 08:00:00,2024-11-12,13.336,-5.766,-5.782,-9.048,-9.080,-8.579,-8.642,-5.477,-5.607,-3.188,-3.636,EUR
XLM,2024-11-16 14:00:00,2024-11-16,20.857,-11.611,-11.627,-7.426,-7.458,-2.995,-3.059,8.618,8.489,2.516,2.068,EUR
XLM,2024-11-18 01:00:00,2024-11-18,16.250,-3.701,-3.718,-5.455,-5.487,-0.899,-0.963,2.514,2.385,5.545,5.097,EUR
XLM,2024-11-22 00:00:00,2024-11-22,12.217,2.296,2.280,0.627,0.594,4.333,4.270,4.488,4.359,48.312,47.863,EUR
XLM,2024-11-23 00:00:00,2024-11-23,15.161,12.291,12.274,4.309,4.277,4.350,4.286,11.541,11.412,26.373,25.924,EUR
XLM,2024-11-24 02:00:00,2024-11-24,16.997,1.552,1.535,-0.193,-0.225,-3.516,-3.580,-0.962,-1.091,-13.846,-14.295,EUR
XLM,2024-11-27 08:00:00,2024-11-27,15.457,2.384,2.367,1.731,1.698,-3.197,-3.261,-1.108,-1.237,-4.157,-4.605,EUR
XLM,2024-12-02 15:00:00,2024-12-02,14.253,-3.047,-3.063,-8.172,-8.204,-6.186,-6.250,-7.734,-7.863,-12.121,-12.569,EUR
XLM,2024-12-10 21:00:00,2024-12-10,17.669,0.486,0.469,1.456,1.423,-6.254,-6.318,-3.614,-3.743,3.678,3.229,EUR
XLM,2024-12-20 15:00:00,2024-12-20,13.364,1.152,1.135,2.636,2.604,4.930,4.866,5.598,5.469,2.324,1.875,EUR
XLM,2025-01-01 18:00:00,2025-01-01,13.728,1.186,1.189,0.814,0.820,0.835,0.847,1.951,1.975,4.399,4.497,EUR
XLM,2025-03-02 16:00:00,2025-03-02,13.242,-3.276,-3.273,-4.939,-4.933,-3.739,-3.728,-1.504,-1.479,-12.469,-12.371,EUR
XLM,2025-07-11 15:00:00,2025-07-11,15.275,1.360,1.363,1.094,1.100,4.614,4.626,-2.096,-2.071,2.339,2.437,EUR
XLM,2026-05-28 12:00:00,2026-05-28,12.362,3.786,3.783,2.539,2.533,5.948,5.937,7.979,7.956,7.283,7.231,EUR
XLM,2026-05-29 20:00:00,2026-05-29,14.957,-0.302,-0.305,6.158,6.152,11.417,11.406,9.655,9.632,0.273,0.221,EUR
XLM,2026-05-31 11:00:00,2026-05-31,14.555,-2.126,-2.129,-2.893,-2.899,-7.286,-7.297,-8.094,-8.117,-1.336,-1.389,EUR
XLM,2026-06-15 13:00:00,2026-06-15,12.523,0.244,0.241,5.579,5.572,6.675,6.664,2.090,2.067,5.001,4.949,EUR
XMR,2018-01-17 19:00:00,2018-01-17,16.152,5.898,5.911,13.910,13.936,14.452,14.509,19.222,19.336,23.463,23.798,EUR
XMR,2018-02-02 13:00:00,2018-02-02,18.672,-2.708,-2.696,1.552,1.578,-0.521,-0.464,-3.771,-3.657,5.052,5.387,EUR
XMR,2018-02-06 12:00:00,2018-02-06,13.217,7.262,7.274,9.487,9.513,6.756,6.813,21.957,22.071,35.052,35.387,EUR
XMR,2018-03-18 23:00:00,2018-03-18,14.804,2.691,2.704,0.627,0.653,-2.538,-2.481,1.828,1.942,4.058,4.393,EUR
XMR,2018-04-18 06:00:00,2018-04-18,15.304,-0.162,-0.149,-1.094,-1.068,-1.870,-1.813,-4.349,-4.235,0.771,1.106,EUR
XMR,2018-06-30 01:00:00,2018-06-30,12.685,-2.927,-2.914,-3.438,-3.412,-2.706,-2.650,0.053,0.167,-1.710,-1.375,EUR
XMR,2020-03-13 03:00:00,2020-03-13,13.015,-12.067,-12.086,-8.086,-8.123,1.623,1.549,4.135,3.992,4.839,4.431,EUR
XMR,2020-12-12 03:00:00,2020-12-12,16.051,-10.132,-10.151,-10.993,-11.030,-9.801,-9.876,-11.382,-11.526,-12.463,-12.871,EUR
XMR,2021-01-03 00:00:00,2021-01-03,12.918,-0.682,-0.696,-0.871,-0.900,-2.511,-2.564,-4.667,-4.772,-3.805,-4.119,EUR
XMR,2021-01-10 16:00:00,2021-01-10,12.377,-0.197,-0.212,-2.824,-2.852,-5.662,-5.716,0.465,0.360,-15.570,-15.884,EUR
XMR,2021-02-13 18:00:00,2021-02-13,12.930,-3.085,-3.099,-1.413,-1.441,-0.449,-0.503,-4.093,-4.197,-4.572,-4.886,EUR
XMR,2021-04-19 19:00:00,2021-04-19,12.566,4.643,4.628,1.228,1.199,2.208,2.154,-3.339,-3.444,15.548,15.234,EUR
XMR,2021-05-07 03:00:00,2021-05-07,12.298,0.755,0.740,4.123,4.095,1.985,1.931,4.230,4.126,1.436,1.122,EUR
XMR,2021-05-19 16:00:00,2021-05-19,28.339,-2.678,-2.692,-9.388,-9.417,-11.130,-11.184,-20.586,-20.690,2.957,2.643,EUR
XMR,2021-05-23 20:00:00,2021-05-23,17.409,2.132,2.117,3.805,3.776,2.647,2.593,1.835,1.731,15.936,15.621,EUR
XMR,2022-03-08 23:00:00,2022-03-08,20.479,-1.066,-1.066,-1.682,-1.682,-0.643,-0.642,-3.069,-3.065,-8.622,-8.603,EUR
XMR,2024-02-07 03:00:00,2024-02-07,12.830,2.652,2.650,2.952,2.944,8.283,8.265,8.356,8.313,4.805,4.717,EUR
XMR,2024-12-03 22:00:00,2024-12-03,15.623,-2.973,-2.976,0.453,0.445,-3.672,-3.691,-3.636,-3.680,-5.051,-5.139,EUR
XMR,2025-04-28 01:00:00,2025-04-28,15.255,-0.009,-0.016,-1.972,-1.986,15.996,15.982,1.324,1.282,1.282,0.994,EUR
XMR,2025-08-22 16:00:00,2025-08-22,12.960,-8.930,-8.938,-9.306,-9.320,-7.502,-7.517,-9.088,-9.131,,,EUR
XMR,2025-11-09 03:00:00,2025-11-09,12.501,10.170,10.163,6.207,6.193,-0.193,-0.207,11.254,11.212,1.606,1.319,EUR
XMR,2026-01-12 00:00:00,2026-01-12,12.679,1.618,1.628,0.546,0.571,-2.253,-2.219,-1.877,-1.813,8.643,8.803,EUR
XRP,2018-01-08 18:00:00,2018-01-08,18.822,-0.417,-0.409,-2.609,-2.591,-6.490,-6.449,-5.695,-5.616,-12.580,-12.392,EUR
XRP,2018-01-10 11:00:00,2018-01-10,16.037,-6.433,-6.425,-3.895,-3.877,1.016,1.057,-1.508,-1.429,,,EUR
XRP,2018-01-17 01:00:00,2018-01-17,13.599,-7.874,-7.867,-6.842,-6.824,-3.789,-3.747,-9.913,-9.834,22.744,22.932,EUR
XRP,2018-01-18 02:00:00,2018-01-18,22.632,-4.820,-4.812,-8.821,-8.803,-4.828,-4.787,-2.408,-2.330,4.205,4.393,EUR
XRP,2018-01-23 16:00:00,2018-01-23,15.968,-4.265,-4.257,-4.173,-4.155,-4.268,-4.227,-9.778,-9.699,-6.922,-6.734,EUR
XRP,2018-02-02 13:00:00,2018-02-02,28.105,-9.412,-9.405,-1.204,-1.186,-8.355,-8.313,-8.596,-8.517,5.481,5.669,EUR
XRP,2018-02-06 14:00:00,2018-02-06,17.757,2.438,2.445,-1.482,-1.464,-0.523,-0.482,5.318,5.397,12.087,12.275,EUR
XRP,2018-02-09 14:00:00,2018-02-09,15.153,-2.820,-2.812,-1.493,-1.475,-0.776,-0.735,-0.943,-0.864,20.488,20.676,EUR
XRP,2018-03-18 21:00:00,2018-03-18,18.840,-3.624,-3.616,-3.000,-2.982,-0.917,-0.876,-0.550,-0.472,0.185,0.373,EUR
XRP,2018-04-12 13:00:00,2018-04-12,12.299,-2.049,-2.042,-0.928,-0.911,-0.617,-0.576,15.117,15.196,17.855,18.043,EUR
XRP,2018-09-18 11:00:00,2018-09-18,13.317,-1.673,-1.665,4.464,4.481,3.923,3.965,0.896,0.975,0.964,1.152,EUR
XRP,2018-09-20 13:00:00,2018-09-20,14.118,-2.091,-2.084,-0.723,-0.706,-1.579,-1.537,19.299,19.378,57.233,57.421,EUR
XRP,2018-09-21 13:00:00,2018-09-21,24.341,16.594,16.602,-2.076,-2.058,0.346,0.387,-7.200,-7.121,-1.224,-1.036,EUR
XRP,2018-09-25 22:00:00,2018-09-25,12.375,4.663,4.670,2.802,2.820,-2.282,-2.241,3.606,3.685,4.342,4.530,EUR
XRP,2018-10-15 06:00:00,2018-10-15,14.308,-6.107,-6.100,-5.210,-5.193,-4.364,-4.322,-7.448,-7.369,-2.746,-2.558,EUR
XRP,2018-11-25 21:00:00,2018-11-25,13.825,-1.144,-1.136,-1.013,-0.995,-1.290,-1.248,-1.521,-1.442,-7.346,-7.158,EUR
XRP,2018-12-24 08:00:00,2018-12-24,13.122,-1.324,-1.317,-3.118,-3.100,-3.375,-3.334,-6.439,-6.360,-14.970,-14.782,EUR
XRP,2019-05-14 02:00:00,2019-05-14,12.769,-0.037,-0.034,6.958,6.964,5.231,5.244,4.409,4.438,19.358,19.447,EUR
XRP,2020-03-13 05:00:00,2020-03-13,13.868,4.012,4.004,10.823,10.807,18.118,18.088,16.223,16.165,12.290,12.090,EUR
XRP,2020-11-21 08:00:00,2020-11-21,13.490,-3.894,-3.902,-3.559,-3.574,3.434,3.405,8.614,8.556,14.365,14.165,EUR
XRP,2020-11-23 14:00:00,2020-11-23,16.448,-1.963,-1.971,-0.260,-0.276,-2.077,-2.106,11.468,11.410,19.418,19.218,EUR
XRP,2020-11-26 20:00:00,2020-11-26,13.227,-4.619,-4.627,-1.603,-1.619,2.933,2.903,-0.223,-0.281,2.606,2.407,EUR
XRP,2020-11-28 15:00:00,2020-11-28,12.246,-1.828,-1.836,-0.831,-0.847,0.829,0.799,-1.088,-1.145,-2.273,-2.473,EUR
XRP,2020-12-16 16:00:00,2020-12-16,15.758,-2.766,-2.774,-3.660,-3.676,-1.763,-1.793,7.230,7.173,21.237,21.038,EUR
XRP,2020-12-17 16:00:00,2020-12-17,14.189,-6.837,-6.845,-4.080,-4.096,-8.365,-8.395,-11.684,-11.742,-12.072,-12.272,EUR
XRP,2020-12-24 01:00:00,2020-12-24,14.647,-8.806,-8.815,-9.979,-9.995,-11.241,-11.270,-9.778,-9.835,15.601,15.402,EUR
XRP,2020-12-25 01:00:00,2020-12-25,28.101,-0.959,-0.967,-5.735,-5.751,-4.891,-4.921,2.528,2.470,-11.735,-11.935,EUR
XRP,2020-12-29 17:00:00,2020-12-29,17.166,2.035,2.027,-4.576,-4.592,-6.353,-6.382,-7.956,-8.013,-5.562,-5.762,EUR
XRP,2021-01-07 04:00:00,2021-01-07,16.286,-1.966,-1.995,1.758,1.700,1.749,1.637,17.005,16.787,7.988,7.339,EUR
XRP,2021-01-29 05:00:00,2021-01-29,12.002,-6.167,-6.196,-7.253,-7.310,-6.102,-6.215,-3.289,-3.507,-2.886,-3.535,EUR
XRP,2021-01-30 10:00:00,2021-01-30,14.236,-4.792,-4.822,-5.497,-5.555,3.691,3.579,15.793,15.575,49.357,48.708,EUR
XRP,2021-01-31 10:00:00,2021-01-31,16.549,-1.143,-1.173,-2.155,-2.213,-5.478,-5.590,-10.985,-11.204,46.228,45.579,EUR
XRP,2021-02-01 10:00:00,2021-02-01,25.379,-15.574,-15.603,-19.939,-19.997,-39.877,-39.989,-46.704,-46.922,-46.975,-47.624,EUR
XRP,2021-02-22 05:00:00,2021-02-22,21.319,-9.438,-9.467,-8.322,-8.380,-13.816,-13.928,-13.430,-13.648,-19.987,-20.636,EUR
XRP,2021-02-23 12:00:00,2021-02-23,13.205,1.224,1.195,-2.314,-2.371,-1.336,-1.449,0.078,-0.140,4.633,3.984,EUR
XRP,2021-03-16 06:00:00,2021-03-16,13.589,-2.864,-2.894,-2.823,-2.881,-4.390,-4.503,-4.564,-4.782,-5.109,-5.758,EUR
XRP,2021-04-05 04:00:00,2021-04-05,13.834,-3.049,-3.079,-5.473,-5.530,-1.561,-1.674,-0.912,-1.130,25.785,25.136,EUR
XRP,2021-04-06 09:00:00,2021-04-06,16.295,0.639,0.610,-1.839,-1.897,-6.459,-6.572,-5.304,-5.522,-8.667,-9.316,EUR
XRP,2021-04-10 15:00:00,2021-04-10,12.380,-1.738,-1.767,-2.961,-3.018,-0.671,-0.783,5.244,5.026,5.549,4.900,EUR
XRP,2021-04-13 07:00:00,2021-04-13,13.561,-2.545,-2.575,-1.396,-1.453,4.192,4.080,8.548,8.330,16.023,15.374,EUR
XRP,2021-04-16 17:00:00,2021-04-16,12.329,-0.877,-0.906,-3.086,-3.144,-2.322,-2.434,-4.159,-4.377,-7.541,-8.190,EUR
XRP,2021-04-18 15:00:00,2021-04-18,12.354,0.370,0.341,-3.018,-3.076,-1.239,-1.351,5.902,5.684,-3.838,-4.487,EUR
XRP,2021-04-26 01:00:00,2021-04-26,14.497,-0.355,-0.384,-0.051,-0.109,2.361,2.249,4.405,4.187,26.813,26.164,EUR
XRP,2021-04-30 06:00:00,2021-04-30,12.769,-0.351,-0.381,-1.927,-1.984,-2.616,-2.728,-2.275,-2.493,0.543,-0.106,EUR
XRP,2021-05-19 16:00:00,2021-05-19,15.767,-0.151,-0.181,-6.689,-6.747,-11.137,-11.250,-22.301,-22.519,-7.618,-8.267,EUR
XRP,2021-05-23 21:00:00,2021-05-23,13.329,-1.604,-1.634,0.364,0.307,-1.119,-1.232,3.487,3.268,16.492,15.843,EUR
XRP,2021-07-28 07:00:00,2021-07-28,13.971,-0.576,-0.605,0.891,0.834,0.147,0.035,-2.566,-2.784,-3.897,-4.547,EUR
XRP,2021-08-11 19:00:00,2021-08-11,13.874,-2.826,-2.855,-3.122,-3.180,-4.922,-5.035,-4.062,-4.280,-9.161,-9.810,EUR
XRP,2022-05-12 00:00:00,2022-05-12,13.427,-3.483,-3.478,-6.659,-6.647,-14.629,-14.606,-13.262,-13.216,-5.622,-5.483,EUR
XRP,2022-05-13 03:00:00,2022-05-13,15.289,-0.591,-0.586,1.908,1.919,-2.818,-2.796,2.574,2.620,-1.969,-1.830,EUR
XRP,2022-09-23 22:00:00,2022-09-23,14.919,-3.896,-3.891,-3.633,-3.622,-5.618,-5.596,-4.726,-4.680,-7.913,-7.774,EUR
XRP,2022-09-29 21:00:00,2022-09-29,14.733,-4.278,-4.273,-2.861,-2.850,-4.503,-4.480,-2.369,-2.323,-3.122,-2.983,EUR
XRP,2023-03-21 16:00:00,2023-03-21,12.006,2.671,2.661,1.746,1.726,10.690,10.650,4.125,4.044,-1.758,-2.000,EUR
XRP,2023-07-13 15:00:00,2023-07-13,23.909,4.207,4.197,27.140,27.121,39.543,39.503,37.948,37.867,31.698,31.457,EUR
XRP,2024-03-11 16:00:00,2024-03-11,15.176,1.798,1.779,1.445,1.407,0.226,0.151,-2.580,-2.729,-5.412,-5.884,EUR
XRP,2024-08-07 20:00:00,2024-08-07,19.533,4.237,4.218,1.772,1.735,-3.393,-3.467,-1.087,-1.236,1.749,1.277,EUR
XRP,2024-11-12 08:00:00,2024-11-12,13.014,-5.009,-5.027,-7.737,-7.775,-5.437,-5.512,0.930,0.781,-2.032,-2.504,EUR
XRP,2024-11-15 14:00:00,2024-11-15,12.053,-4.679,-4.698,-3.137,-3.174,-3.065,-3.140,-1.355,-1.503,31.020,30.548,EUR
XRP,2024-11-22 01:00:00,2024-11-22,13.396,0.662,0.644,2.345,2.308,3.986,3.911,3.225,3.076,18.056,17.584,EUR
XRP,2024-12-01 20:00:00,2024-12-01,13.357,0.214,0.196,0.153,0.115,12.202,12.128,13.049,12.900,26.565,26.093,EUR
XRP,2024-12-10 21:00:00,2024-12-10,21.241,-0.402,-0.421,1.120,1.082,-4.731,-4.805,-0.688,-0.836,3.653,3.181,EUR
XRP,2024-12-20 15:00:00,2024-12-20,12.661,0.136,0.117,1.729,1.692,2.491,2.416,2.681,2.533,1.751,1.279,EUR
XRP,2025-02-03 17:00:00,2025-02-03,14.375,0.048,0.047,2.605,2.603,0.136,0.132,2.323,2.317,-2.954,-2.964,EUR
XRP,2025-03-02 15:00:00,2025-03-02,14.409,9.680,9.679,10.418,10.416,10.318,10.315,12.387,12.380,-1.275,-1.285,EUR
XRP,2025-04-09 17:00:00,2025-04-09,14.020,-3.183,-3.184,-1.283,-1.285,0.520,0.516,-2.608,-2.615,-8.129,-8.139,EUR
