time,open,high,low,close,vwap,volume,count
1790463900,136.07,136.07,136.07,136.07,136.07,0.05,1
1790464200,136.07,136.07,136.07,136.07,0.00,0.0,0
1790464500,136.82,136.82,136.82,136.82,136.82,0.05,1
1790464800,136.82,136.82,136.82,136.82,0.00,0.0,0
1790465100,136.11,136.11,135.92,135.92,135.93,17.36368452,6
1790465400,135.92,135.92,135.92,135.92,0.00,0.0,0
1790465700,136.38,136.38,136.38,136.38,136.38,0.41647968,1
1790466000,136.44,136.44,136.44,136.44,136.44,2.57,1
1790466300,136.56,136.76,136.56,136.74,136.73,81.40351463,28
1790466600,136.92,136.98,136.92,136.98,136.94,7.38114983,8
1790466900,136.63,136.63,136.63,136.63,136.63,0.1,1
1790467200,136.61,136.61,136.49,136.49,136.59,1.9329,5
1790467500,136.45,136.45,136.45,136.45,136.45,0.41634224,1
1790467800,136.09,136.09,135.94,135.94,135.99,0.3,3
1790468100,135.77,135.77,135.77,135.77,135.77,0.5,1
1790468400,135.76,135.76,135.6,135.72,135.71,5.6179869,9
1790468700,135.72,135.72,135.72,135.72,0.00,0.0,0
1790469000,136.45,136.46,136.25,136.25,136.44,6.15411743,7
1790469300,136.09,136.18,136.09,136.18,136.17,2.27024526,4
1790469600,135.9,135.9,135.87,135.87,135.88,0.3,3
1790469900,135.9,135.9,135.9,135.9,135.90,0.25,2
1790470200,135.9,135.9,135.9,135.9,0.00,0.0,0
1790470500,136.2,136.36,136.2,136.36,136.29,5.49022125,3
1790470800,136.1,136.17,136.1,136.17,136.14,1.63221541,3
1790471100,136.17,136.17,136.17,136.17,0.00,0.0,0
1790471400,137.0,137.16,136.83,137.16,136.99,21.9720221,10
1790471700,136.91,137.11,136.23,136.23,136.93,13.14125082,29
1790472000,136.24,136.26,136.04,136.04,136.06,6.11620478,10
1790472300,136.02,136.26,135.86,136.08,136.04,16.88865535,21
1790472600,135.97,136.05,135.89,135.89,135.96,7.34886993,8
1790472900,136.01,136.01,135.84,135.85,135.90,9.61163788,8
1790473200,136.25,136.28,136.21,136.22,136.25,18.99704547,6
1790473500,136.19,136.19,136.16,136.16,136.17,6.0758094,2
1790473800,136.38,136.46,136.38,136.45,136.39,35.76935822,7
1790474100,136.72,136.72,136.61,136.61,136.65,8.73445804,3
1790474400,136.52,136.53,136.27,136.27,136.48,7.42274628,6
1790474700,136.24,136.59,136.22,136.49,136.47,37.65926037,16
1790475000,136.68,136.75,136.54,136.68,136.67,21.73703028,12
1790475300,136.94,136.94,136.94,136.94,136.94,0.08762961,1
1790475600,137.06,137.33,137.06,137.31,137.29,19.41397667,6
1790475900,137.29,137.29,137.18,137.18,137.23,1.0,2
1790476200,137.18,137.18,137.18,137.18,0.00,0.0,0
1790476500,137.03,137.03,137.02,137.02,137.02,1.0,2
1790476800,136.82,136.82,136.82,136.82,136.82,0.39297032,1
1790477100,136.78,136.78,136.52,136.52,136.77,5.92535817,2
1790477400,136.76,136.76,136.76,136.76,136.76,0.5,1
1790477700,136.43,136.43,136.18,136.18,136.32,0.85597003,2
1790478000,136.22,136.22,136.22,136.22,136.22,0.3998722,1
1790478300,136.47,136.47,136.45,136.45,136.46,1.0,2
1790478600,136.41,136.5,136.35,136.5,136.37,40.48580161,7
1790478900,136.5,136.5,136.5,136.5,0.00,0.0,0
1790479200,136.5,136.5,136.5,136.5,0.00,0.0,0
1790479500,136.29,136.29,136.29,136.29,136.29,2.57,1
1790479800,136.26,136.26,136.26,136.26,136.26,2.57,3
1790480100,136.42,136.42,136.42,136.42,136.42,0.4781,1
1790480400,136.24,136.24,136.05,136.11,136.11,1.25469245,4
1790480700,136.11,136.11,136.11,136.11,0.00,0.0,0
1790481000,136.11,136.11,136.11,136.11,0.00,0.0,0
1790481300,136.11,136.11,136.11,136.11,0.00,0.0,0
1790481600,135.81,135.89,135.81,135.86,135.85,7.09104596,9
1790481900,135.86,135.86,135.86,135.86,0.00,0.0,0
1790482200,135.86,135.86,135.86,135.86,0.00,0.0,0
1790482500,135.86,135.86,135.86,135.86,0.00,0.0,0
1790482800,136.36,136.45,136.3,136.3,136.40,23.41254096,16
1790483100,136.3,136.3,136.3,136.3,0.00,0.0,0
1790483400,135.72,135.74,135.72,135.74,135.73,2.86862542,5
1790483700,135.78,135.78,135.78,135.78,135.78,2.5123,1
1790484000,135.29,135.29,135.29,135.29,135.29,0.3097,1
1790484300,135.56,135.65,135.56,135.65,135.59,8.72853855,7
1790484600,135.53,135.58,135.53,135.58,135.53,1.50733787,2
1790484900,136.01,136.01,136.01,136.01,136.01,0.2,1
1790485200,136.01,136.01,136.01,136.01,0.00,0.0,0
1790485500,136.01,136.01,136.01,136.01,0.00,0.0,0
1790485800,136.49,136.49,136.43,136.43,136.43,37.08883525,7
1790486100,136.52,136.81,136.52,136.81,136.75,70.31667704,9
1790486400,136.81,136.81,136.81,136.81,0.00,0.0,0
1790486700,137.09,137.58,136.56,136.71,136.82,70.99201113,39
1790487000,136.36,136.36,136.36,136.36,136.36,3.23497338,1
1790487300,136.5,137.12,136.5,136.77,136.82,58.43668151,16
1790487600,136.92,137.09,136.81,136.92,136.96,23.79377229,13
1790487900,137.12,137.12,137.12,137.12,137.12,0.41349975,1
1790488200,137.34,137.34,137.31,137.31,137.32,2.65748048,4
1790488500,137.37,137.54,137.37,137.49,137.43,0.21273422,4
1790488800,137.56,138.0,137.56,138.0,137.89,12.47039388,11
1790489100,137.97,138.06,137.4,137.4,137.70,6.12342447,10
1790489400,137.38,137.66,136.96,137.5,137.37,21.38498605,73
1790489700,137.29,137.71,137.25,137.58,137.60,61.68258485,29
1790490000,137.7,137.7,137.07,137.07,137.35,75.10644514,42
1790490300,137.06,137.15,136.94,136.95,137.07,27.1195685,14
1790490600,137.03,137.05,136.64,136.64,136.97,4.36577512,16
1790490900,137.09,137.28,137.09,137.11,137.21,4.04738512,7
1790491200,137.41,137.41,137.02,137.02,137.28,1.177278,6
1790491500,136.93,137.06,136.92,136.92,137.03,58.35834613,12
1790491800,136.91,137.04,136.67,136.75,136.83,11.66134429,16
1790492100,136.75,136.95,136.7,136.7,136.94,13.36311664,3
1790492400,136.46,136.85,136.45,136.78,136.47,3.79903685,5
1790492700,136.75,136.75,136.69,136.69,136.71,0.3,3
1790493000,136.82,137.08,136.38,136.38,136.87,8.34679451,19
1790493300,136.68,136.68,136.31,136.33,136.48,8.26628984,12
1790493600,136.56,136.73,136.25,136.57,136.37,100.68716909,53
1790493900,136.57,136.57,136.4,136.4,136.56,3.26444374,11
1790494200,136.9,137.67,136.9,137.67,137.05,12.04096702,30
1790494500,137.67,137.67,137.34,137.44,137.51,1.39325731,6
1790494800,137.45,137.63,137.4,137.56,137.51,6.6534449,23
1790495100,137.64,137.84,137.5,137.7,137.77,13.9627787,15
1790495400,137.82,137.85,137.63,137.63,137.82,7.26206944,12
1790495700,137.83,138.28,137.74,138.28,137.93,62.70099618,24
1790496000,138.16,138.16,137.73,137.74,137.92,14.78888804,16
1790496300,137.71,137.71,137.39,137.39,137.51,1.1,11
1790496600,137.44,137.52,137.25,137.51,137.47,5.61931835,6
1790496900,137.53,137.53,137.24,137.24,137.42,0.81207245,5
1790497200,137.3,137.58,137.3,137.4,137.44,11.83674591,11
1790497500,137.4,137.4,137.4,137.4,0.00,0.0,0
1790497800,137.14,137.74,137.14,137.74,137.58,10.08879016,7
1790498100,137.39,137.67,137.39,137.67,137.65,10.939088,3
1790498400,137.66,137.67,137.46,137.46,137.48,6.86176345,6
1790498700,137.43,137.45,137.32,137.45,137.42,3.74463589,6
1790499000,137.3,137.37,137.11,137.18,137.27,21.30199053,9
1790499300,137.1,137.1,136.94,136.96,136.99,5.15108358,21
1790499600,136.8,136.8,136.58,136.8,136.71,44.84286363,14
1790499900,136.39,136.39,136.39,136.39,136.39,0.1,1
1790500200,136.31,136.48,136.17,136.36,136.35,36.18625024,22
1790500500,136.7,136.88,136.61,136.61,136.77,8.5372,9
1790500800,137.04,137.04,136.95,136.95,137.03,5.04052752,3
1790501100,136.88,136.88,136.72,136.83,136.81,2.3662534,6
1790501400,136.77,136.77,136.77,136.77,136.77,0.1,1
1790501700,136.96,137.26,136.96,137.26,137.24,0.79557078,2
1790502000,137.26,137.26,137.26,137.26,0.00,0.0,0
1790502300,137.32,137.48,137.31,137.31,137.36,18.44042528,17
1790502600,137.18,137.18,137.0,137.0,137.04,3.97345515,6
1790502900,136.99,137.17,136.96,137.09,137.04,11.25065006,16
1790503200,136.87,137.09,136.87,136.94,137.00,1.35570199,6
1790503500,136.84,136.98,136.84,136.98,136.93,5.31755755,10
1790503800,137.05,137.15,137.01,137.15,137.04,11.1039,7
1790504100,137.03,137.05,136.98,137.05,137.02,15.47444432,13
1790504400,137.05,137.05,137.05,137.05,0.00,0.0,0
1790504700,136.89,136.97,136.82,136.82,136.91,6.96541573,8
1790505000,136.87,136.87,136.81,136.81,136.86,1.662223,2
1790505300,136.83,136.83,136.7,136.7,136.76,0.1,2
1790505600,136.6,136.6,136.6,136.6,136.60,2.57,1
1790505900,136.79,136.79,136.79,136.79,136.79,0.05,1
1790506200,137.02,137.02,136.79,136.79,136.96,1.23672363,3
1790506500,136.69,136.69,136.64,136.64,136.65,19.77517363,7
1790506800,136.64,136.64,136.64,136.64,0.00,0.0,0
1790507100,136.56,136.56,136.56,136.56,136.56,0.3,1
1790507400,136.56,136.56,136.56,136.56,0.00,0.0,0
1790507700,136.52,136.52,136.52,136.52,136.52,0.1,1
1790508000,136.59,136.8,136.56,136.72,136.62,1.9897082,7
1790508300,137.11,137.11,137.03,137.03,137.09,2.19061323,3
1790508600,137.03,137.22,137.03,137.22,137.12,2.01358472,3
1790508900,137.31,137.31,137.19,137.25,137.27,0.79034939,3
1790509200,137.22,137.28,137.22,137.28,137.26,0.40278925,2
1790509500,137.2,137.2,137.07,137.08,137.11,26.8023315,20
1790509800,137.09,137.39,137.09,137.34,137.10,7.35915407,4
1790510100,137.31,137.45,137.17,137.17,137.43,6.26711162,12
1790510400,137.19,137.28,137.16,137.16,137.22,0.40847902,3
1790510700,137.76,137.9,137.76,137.81,137.80,4.69694362,8
1790511000,137.58,137.61,137.58,137.61,137.60,22.27088,10
1790511300,137.57,137.57,137.51,137.51,137.55,0.40207094,2
1790511600,137.63,137.7,137.57,137.57,137.66,4.8046363,7
1790511900,137.29,137.29,136.94,136.94,136.95,7.01989631,4
1790512200,136.94,136.94,136.94,136.94,0.00,0.0,0
1790512500,137.4,137.41,137.25,137.27,137.30,9.73884932,9
1790512800,137.11,137.11,137.09,137.09,137.10,0.2,2
1790513100,136.79,136.79,136.79,136.79,136.79,7.31047591,1
1790513400,136.83,136.83,136.83,136.83,136.83,1.0,2
1790513700,136.66,136.66,136.1,136.17,136.31,153.07101015,34
1790514000,136.08,136.09,135.42,135.61,136.02,923.04287291,90
1790514300,135.61,135.84,135.55,135.62,135.69,24.56310412,18
1790514600,135.69,135.83,134.87,134.87,135.28,80.33636901,21
1790514900,134.99,135.41,134.99,135.37,135.36,35.6489546,7
1790515200,135.53,135.66,135.53,135.65,135.64,2.6405,4
1790515500,135.65,135.65,135.65,135.65,0.00,0.0,0
1790515800,135.87,136.31,135.87,136.31,136.16,48.44264482,23
1790516100,136.1,136.19,135.66,135.66,136.03,8.49896458,13
1790516400,135.64,135.64,135.52,135.6,135.59,1.03539342,4
1790516700,135.28,135.55,135.28,135.33,135.38,13.25842799,7
1790517000,135.33,135.33,135.33,135.33,0.00,0.0,0
1790517300,135.78,135.98,135.71,135.98,135.92,2.25551515,6
1790517600,135.92,135.94,135.69,135.69,135.83,4.42017464,10
1790517900,135.79,135.81,135.79,135.81,135.79,8.94182933,3
1790518200,136.09,136.09,135.94,135.94,136.07,4.66194263,5
1790518500,135.93,136.07,135.8,135.8,135.89,30.72299133,12
1790518800,135.48,135.48,135.1,135.1,135.34,26.18558394,12
1790519100,135.03,135.43,134.69,134.69,135.05,18.07755078,9
1790519400,134.76,135.22,134.74,135.02,135.02,32.01376989,13
1790519700,134.76,134.87,134.76,134.83,134.81,25.62922497,9
1790520000,134.83,135.09,134.76,135.09,134.96,14.48893665,11
1790520300,135.05,135.05,134.45,134.74,134.60,35.40834597,23
1790520600,134.83,135.05,134.66,134.75,134.79,25.95985736,19
1790520900,134.7,134.73,134.55,134.55,134.64,15.28648327,8
1790521200,134.27,134.54,133.7,133.7,134.33,70.13996411,38
1790521500,133.55,134.05,133.44,134.05,133.50,88.17303072,23
1790521800,134.02,134.09,133.98,133.98,134.05,0.87900835,4
1790522100,134.73,134.73,134.49,134.49,134.72,16.04722247,3
1790522400,134.45,134.56,134.45,134.49,134.52,22.80029613,7
1790522700,134.49,134.61,134.15,134.59,134.30,46.66085476,16
1790523000,134.51,134.79,134.33,134.51,134.73,28.41349797,9
1790523300,134.58,134.58,134.48,134.48,134.52,0.17430524,2
1790523600,134.44,134.47,134.23,134.23,134.44,3.4,6
1790523900,134.63,134.63,134.63,134.63,134.63,0.643179,1
1790524200,134.93,134.93,134.63,134.75,134.65,37.594247,8
1790524500,134.88,134.88,134.79,134.79,134.82,0.29624713,3
1790524800,135.06,135.06,134.87,134.89,134.88,1.30463843,5
1790525100,135.09,135.09,135.08,135.08,135.08,1.88366485,2
1790525400,135.69,135.69,135.63,135.63,135.63,5.157112,2
1790525700,135.94,135.94,135.68,135.68,135.82,0.47430524,6
1790526000,135.99,136.15,135.96,136.15,136.11,9.52117836,10
1790526300,136.16,136.16,135.84,135.85,135.88,12.47004287,11
1790526600,135.53,135.72,135.47,135.65,135.63,5.63379411,10
1790526900,135.61,135.67,135.54,135.67,135.57,17.38012868,11
1790527200,135.66,135.66,135.45,135.45,135.61,0.51795621,2
1790527500,135.44,135.44,135.44,135.44,135.44,0.22241337,1
1790527800,135.52,135.52,135.42,135.51,135.49,1.56469893,3
1790528100,135.55,135.65,135.55,135.65,135.62,2.34813725,2
1790528400,135.66,135.69,135.64,135.69,135.67,5.50966444,12
1790528700,135.7,135.73,135.52,135.53,135.66,12.82447096,9
1790529000,135.53,135.53,135.53,135.53,0.00,0.0,0
1790529300,136.08,136.08,135.89,135.89,136.06,2.6260786,5
1790529600,135.99,136.01,135.82,135.82,135.98,1.98393886,6
1790529900,135.82,135.82,135.82,135.82,0.00,0.0,0
1790530200,135.77,136.22,135.69,136.04,136.05,21.0994675,21
1790530500,136.26,136.26,136.02,136.04,136.03,55.33496126,14
1790530800,136.04,136.04,136.04,136.04,0.00,0.0,0
1790531100,136.04,136.04,136.04,136.04,0.00,0.0,0
1790531400,136.04,136.04,136.04,136.04,0.00,0.0,0
1790531700,136.04,136.04,136.04,136.04,0.00,0.0,0
1790532000,136.23,136.23,136.0,136.0,136.14,6.4866,9
1790532300,135.97,136.0,135.95,135.95,135.96,35.37238876,7
1790532600,136.36,136.38,136.24,136.24,136.36,2.97336739,10
1790532900,136.72,136.72,136.72,136.72,136.72,0.08777062,1
1790533200,136.63,136.92,136.63,136.67,136.81,34.79373985,9
1790533500,136.62,136.62,136.62,136.62,136.62,0.1,1
1790533800,136.79,136.79,136.57,136.57,136.71,13.35307501,23
1790534100,136.63,136.63,136.47,136.59,136.59,1.56760184,6
1790534400,136.4,136.4,136.35,136.35,136.37,0.2,2
1790534700,136.68,136.92,136.64,136.77,136.88,29.63083717,16
1790535000,136.72,136.9,136.72,136.78,136.86,2.37984715,6
1790535300,136.99,137.04,136.82,136.83,136.98,3.12825711,9
1790535600,137.04,137.04,136.52,136.53,136.85,4.06541694,10
1790535900,136.53,136.53,136.53,136.53,0.00,0.0,0
1790536200,136.73,136.73,136.67,136.67,136.70,0.2828421,2
1790536500,136.96,136.97,136.96,136.97,136.96,1.14805238,4
1790536800,136.55,136.55,136.5,136.5,136.52,0.2,2
1790537100,136.18,136.21,136.01,136.01,136.14,0.35030829,3
1790537400,136.02,136.17,135.96,136.17,136.13,24.00202724,9
1790537700,136.03,136.37,136.03,136.37,136.28,8.40962396,11
1790538000,136.32,136.32,136.04,136.04,136.29,11.53507791,11
1790538300,135.99,135.99,135.99,135.99,135.99,5.81117809,1
1790538600,136.02,136.03,136.02,136.03,136.02,0.90482718,2
1790538900,135.85,135.87,135.85,135.87,135.85,16.27135604,8
1790539200,135.84,135.84,135.84,135.84,135.84,1.64344293,1
1790539500,136.16,136.22,136.16,136.22,136.18,7.55355,3
1790539800,136.22,136.22,136.22,136.22,0.00,0.0,0
1790540100,136.22,136.22,136.22,136.22,0.00,0.0,0
1790540400,136.09,136.09,135.78,135.78,135.97,1.50948049,4
1790540700,135.71,135.71,135.71,135.71,135.71,0.1,1
1790541000,135.71,135.71,135.71,135.71,0.00,0.0,0
1790541300,135.71,135.71,135.71,135.71,0.00,0.0,0
1790541600,135.93,135.93,135.93,135.93,135.93,0.18391819,1
1790541900,135.97,135.97,135.58,135.58,135.92,7.0710142,4
1790542200,135.48,135.48,135.41,135.44,135.41,5.84187555,4
1790542500,135.38,135.58,135.38,135.58,135.54,0.51763426,3
1790542800,135.68,135.87,135.57,135.76,135.71,17.64240461,9
1790543100,135.72,135.72,135.7,135.7,135.70,2.26030242,2
1790543400,135.7,135.7,135.7,135.7,0.00,0.0,0
1790543700,136.29,136.3,135.92,135.92,136.23,43.49305268,29
1790544000,135.9,135.9,135.9,135.9,135.90,0.1,1
1790544300,135.82,135.82,135.66,135.66,135.73,0.6,6
1790544600,135.61,135.61,135.51,135.51,135.52,0.51770452,2
1790544900,135.47,135.47,135.07,135.25,135.23,57.19153365,10
1790545200,135.39,135.39,135.39,135.39,135.39,2.57,1
1790545500,135.47,135.61,135.47,135.61,135.53,5.66653221,16
1790545800,135.61,135.61,135.61,135.61,0.00,0.0,0
1790546100,135.85,135.96,135.85,135.96,135.90,6.1153604,3
1790546400,135.98,135.98,134.86,134.86,135.86,3.0395303,3
1790546700,135.08,135.16,134.85,134.86,134.95,2.17904387,7
1790547000,134.86,134.86,134.86,134.86,0.00,0.0,0
1790547300,134.67,134.95,134.65,134.94,134.78,7.37858352,7
1790547600,135.89,135.89,135.89,135.89,135.89,0.05,1
1790547900,136.11,136.11,136.11,136.11,136.11,0.17707809,1
1790548200,135.37,135.37,135.37,135.37,135.37,0.11748023,1
1790548500,134.76,135.13,134.76,135.06,135.03,4.19497256,4
1790548800,134.87,134.87,134.73,134.73,134.80,0.27030422,3
1790549100,134.73,134.73,134.73,134.73,0.00,0.0,0
1790549400,135.39,135.46,135.39,135.46,135.45,18.27848774,3
1790549700,135.46,135.46,135.46,135.46,0.00,0.0,0
1790550000,135.89,136.14,135.89,135.94,135.98,132.45686779,47
1790550300,135.94,135.94,135.94,135.94,0.00,0.0,0
1790550600,135.27,135.32,135.19,135.19,135.25,12.7032074,5
1790550900,135.27,135.67,135.26,135.64,135.57,5.26383685,8
1790551200,135.83,135.83,135.73,135.74,135.78,12.54261176,6
1790551500,135.89,135.89,135.87,135.87,135.87,3.16553205,3
1790551800,135.91,135.92,135.91,135.91,135.91,2.39961166,5
1790552100,135.81,135.81,135.67,135.67,135.78,8.87504846,10
1790552400,135.67,135.67,135.67,135.67,0.00,0.0,0
1790552700,136.04,136.35,136.04,136.34,136.29,7.22237071,6
1790553000,136.37,136.6,136.37,136.42,136.48,54.45500347,26
1790553300,136.19,136.19,135.77,135.77,135.82,7.60520896,9
1790553600,135.75,135.75,135.6,135.65,135.66,0.3,3
1790553900,135.5,135.5,135.48,135.48,135.49,0.1,2
1790554200,135.5,135.5,135.49,135.49,135.49,0.1,2
1790554500,136.24,136.26,136.1,136.16,136.24,23.92514482,17
1790554800,136.49,137.2,136.48,136.99,137.17,68.68726313,27
1790555100,136.72,136.82,136.42,136.68,136.78,4.016,11
1790555400,136.38,136.42,135.35,135.51,136.16,4.66094033,38
1790555700,135.21,135.31,135.01,135.01,135.27,3.6,12
1790556000,135.0,135.0,134.86,134.86,134.93,0.6,8
1790556300,134.86,134.86,134.86,134.86,0.00,0.0,0
1790556600,134.86,134.86,134.86,134.86,0.00,0.0,0
1790556900,135.23,135.23,135.05,135.07,135.22,6.20364195,3
1790557200,134.98,134.98,134.64,134.64,134.75,1.30754391,3
1790557500,134.52,135.48,134.52,134.96,135.17,0.96029875,8
1790557800,134.89,134.9,134.89,134.9,134.89,0.47715553,3
1790558100,134.49,134.75,134.0,134.61,134.53,83.11258245,26
1790558400,134.87,134.93,134.87,134.93,134.89,17.56394763,3
1790558700,135.17,135.17,135.11,135.15,135.11,16.9797122,10
1790559000,135.04,135.2,134.99,135.17,135.11,24.00035896,8
1790559300,134.78,134.78,134.78,134.78,134.78,2.57,1
1790559600,134.78,134.78,134.78,134.78,0.00,0.0,0
1790559900,134.41,134.48,133.9,133.91,134.16,7.4987686,9
1790560200,133.5,134.18,133.5,134.14,134.13,43.1192903,8
1790560500,134.01,134.33,134.0,134.17,134.22,34.97220713,9
1790560800,133.46,133.64,133.46,133.63,133.62,15.32047677,9
1790561100,133.63,133.63,133.63,133.63,0.00,0.0,0
1790561400,134.8,134.82,134.8,134.82,134.80,0.11420973,2
1790561700,134.31,134.31,134.31,134.31,134.31,0.0806,1
1790562000,134.57,134.57,133.34,133.81,133.78,277.70129721,63
1790562300,133.86,133.86,133.86,133.86,133.86,10.496,5
1790562600,133.46,133.5,132.45,132.45,132.88,37.49718713,24
1790562900,132.45,132.45,132.45,132.45,0.00,0.0,0
1790563200,132.96,133.17,132.74,133.1,132.98,145.16610416,27
1790563500,133.15,133.15,132.57,132.67,132.63,53.48696274,28
1790563800,132.7,132.7,132.7,132.7,132.70,0.0806,1
1790564100,132.7,132.7,132.7,132.7,0.00,0.0,0
1790564400,133.16,133.16,133.16,133.16,133.16,0.11909507,1
1790564700,133.16,133.16,133.16,133.16,0.00,0.0,0
1790565000,132.79,132.8,132.79,132.8,132.79,0.1076,2
1790565300,132.59,133.05,132.56,133.05,132.77,5.60696885,10
1790565600,133.05,133.05,133.05,133.05,0.00,0.0,0
1790565900,132.41,132.47,131.98,132.03,132.23,34.71867773,22
1790566200,132.12,132.19,131.69,132.03,131.93,35.89966131,25
1790566500,132.13,132.76,132.13,132.76,132.44,5.68558547,6
1790566800,132.79,132.84,132.77,132.77,132.81,5.93252858,4
1790567100,132.68,132.68,132.56,132.56,132.67,13.67061849,4
1790567400,132.51,132.53,132.3,132.3,132.46,1.25679123,5
1790567700,132.3,132.3,132.3,132.3,0.00,0.0,0
1790568000,132.03,132.04,131.21,131.21,131.59,22.56673657,8
1790568300,131.56,131.56,131.56,131.56,131.56,0.15973852,1
1790568600,131.56,131.56,131.56,131.56,0.00,0.0,0
1790568900,131.56,131.56,131.56,131.56,0.00,0.0,0
1790569200,131.56,131.56,131.56,131.56,0.00,0.0,0
1790569500,131.56,131.56,131.56,131.56,0.00,0.0,0
1790569800,131.56,131.56,131.56,131.56,0.00,0.0,0
1790570100,131.71,131.71,131.71,131.71,131.71,0.0806,1
1790570400,131.71,131.71,131.71,131.71,0.00,0.0,0
1790570700,131.88,131.88,131.53,131.53,131.81,134.62685548,28
1790571000,131.7,131.71,131.7,131.71,131.70,1.97870948,2
1790571300,131.83,131.98,131.82,131.98,131.87,1.06084237,14
1790571600,132.2,132.2,132.18,132.18,132.18,1.0,3
1790571900,131.88,131.93,131.88,131.92,131.92,13.98772022,3
1790572200,131.77,131.77,131.51,131.53,131.57,2.30582048,7
1790572500,131.53,131.53,131.53,131.53,131.53,0.43105451,1
1790572800,131.36,131.36,131.34,131.34,131.34,0.76161462,4
1790573100,131.5,131.5,131.39,131.39,131.48,9.38748545,7
1790573400,131.0,131.0,130.72,130.73,130.93,9.98431651,4
1790573700,130.44,130.51,130.37,130.44,130.44,31.88935238,19
1790574000,130.45,131.19,130.45,131.19,131.01,20.98309789,4
1790574300,131.61,131.75,131.43,131.43,131.55,1.93149661,4
1790574600,131.43,131.43,131.43,131.43,0.00,0.0,0
1790574900,131.75,131.78,131.75,131.78,131.76,6.25942365,2
1790575200,131.97,132.09,131.97,132.09,132.05,10.45849641,6
1790575500,131.93,132.26,131.92,132.13,132.20,9.68210874,10
1790575800,132.35,132.35,132.33,132.33,132.34,15.60162094,5
1790576100,131.61,131.61,131.61,131.61,131.61,7.59820683,1
1790576400,131.55,131.55,131.27,131.29,131.38,36.40569766,14
1790576700,131.0,131.25,130.95,131.25,130.99,6.14748507,6
1790577000,131.17,131.23,131.17,131.23,131.19,8.13461268,2
1790577300,131.29,131.29,130.64,130.66,130.69,21.13826303,13
1790577600,130.68,131.31,130.68,131.06,130.92,52.35814263,21
1790577900,130.96,131.25,130.96,131.2,131.22,6.89060232,3
1790578200,130.86,130.86,130.77,130.77,130.82,9.19094967,5
1790578500,130.94,131.0,130.92,131.0,130.96,8.37466409,6
1790578800,130.97,131.6,130.84,131.15,131.21,42.76869275,16
1790579100,131.0,131.11,130.94,130.94,130.99,22.90712028,12
1790579400,130.97,130.97,130.77,130.77,130.89,5.27181947,4
1790579700,130.62,130.68,130.62,130.68,130.64,10.42544492,3
1790580000,130.65,130.65,130.13,130.13,130.54,20.05465519,8
1790580300,130.0,130.0,130.0,130.0,130.00,6.97928432,5
1790580600,130.02,130.03,129.52,129.66,129.79,44.36426867,19
1790580900,129.72,130.04,129.72,130.04,129.94,45.16977092,12
1790581200,129.91,130.13,129.64,129.64,129.97,30.11509533,8
1790581500,129.74,129.9,129.46,129.49,129.70,103.04607088,32
1790581800,129.66,129.66,129.45,129.45,129.52,0.80566504,5
1790582100,129.78,129.78,129.43,129.57,129.53,66.51579608,16
1790582400,129.24,129.56,129.12,129.48,129.33,35.98260447,20
1790582700,129.48,129.48,129.48,129.48,0.00,0.0,0
1790583000,129.48,129.48,129.48,129.48,0.00,0.0,0
1790583300,130.4,130.4,130.4,130.4,130.40,0.07668712,1
1790583600,129.94,129.94,129.94,129.94,129.94,0.29697704,1
1790583900,130.21,130.21,129.89,129.89,130.15,21.90425044,7
1790584200,130.06,130.34,130.06,130.34,130.06,5.40311041,3
1790584500,130.08,130.08,129.9,129.9,129.96,19.73181244,6
1790584800,129.85,130.0,129.63,129.63,129.81,18.61443349,9
1790585100,129.73,129.78,129.61,129.61,129.68,35.71880305,10
1790585400,129.95,130.11,129.95,130.02,130.02,14.28961344,3
1790585700,129.9,129.9,129.87,129.87,129.89,4.95247771,2
1790586000,129.59,129.59,128.92,129.03,129.01,14.72800564,16
1790586300,128.91,129.2,128.8,128.8,129.05,16.95040147,17
1790586600,129.32,129.52,129.31,129.51,129.34,2.82664872,9
1790586900,130.2,130.34,129.89,130.15,130.24,27.99101851,13
1790587200,130.09,130.09,129.6,129.6,129.86,40.9634816,26
1790587500,129.67,129.71,129.22,129.46,129.46,17.511745,18
1790587800,129.48,129.61,129.24,129.24,129.51,4.39111202,20
1790588100,129.24,129.28,129.05,129.05,129.10,18.26114008,7
1790588400,129.0,129.17,128.76,128.76,128.96,15.32200642,26
1790588700,128.77,128.87,128.7,128.86,128.81,4.936628,6
1790589000,129.26,129.28,128.65,128.65,129.18,8.472119,30
1790589300,128.67,128.85,128.62,128.75,128.72,11.16631648,10
1790589600,128.96,129.76,128.96,129.71,129.64,12.62921846,13
1790589900,129.6,129.66,129.26,129.42,129.54,297.10547235,92
1790590200,129.4,129.45,129.06,129.21,129.36,166.32006115,52
1790590500,129.5,129.6,129.45,129.59,129.52,27.66198215,15
1790590800,129.42,129.74,129.4,129.74,129.55,26.41499253,11
1790591100,129.75,129.89,129.64,129.64,129.79,21.7141966,25
1790591400,129.75,130.0,129.75,130.0,129.96,42.7228215,7
1790591700,130.0,130.3,130.0,130.27,130.21,42.39347865,12
1790592000,130.29,130.34,130.29,130.34,130.33,17.01959986,3
1790592300,130.47,130.48,130.11,130.11,130.29,33.90247079,25
1790592600,130.26,130.56,130.26,130.46,130.43,13.94136334,13
1790592900,130.2,130.2,130.01,130.03,130.03,13.0842495,8
1790593200,130.28,130.43,130.22,130.32,130.34,17.09598987,11
1790593500,130.41,130.5,130.32,130.37,130.39,22.35553045,9
1790593800,130.16,130.17,130.1,130.1,130.14,1.38543,4
1790594100,130.19,130.52,130.04,130.04,130.35,64.30908545,27
1790594400,130.13,130.41,130.03,130.39,130.18,44.99596443,16
1790594700,130.25,130.25,130.09,130.09,130.16,1.0806,3
1790595000,130.12,130.28,130.1,130.2,130.22,25.35163616,13
1790595300,130.36,130.36,130.12,130.31,130.19,402.68161481,41
1790595600,130.26,130.49,130.26,130.49,130.30,52.06284795,4
1790595900,130.29,130.29,130.04,130.04,130.23,9.83832269,7
1790596200,130.11,130.11,129.94,129.94,130.06,0.82820549,5
1790596500,129.81,130.05,129.78,130.04,129.83,30.75879976,10
1790596800,130.0,130.22,129.83,130.22,129.93,23.51120319,31
1790597100,130.59,131.35,130.59,131.35,130.89,23.97592538,22
1790597400,131.38,131.41,130.9,130.9,131.00,234.1120346,42
1790597700,131.15,132.04,130.98,132.01,131.87,6.83286246,13
1790598000,132.14,132.19,131.62,131.62,131.93,3.89226558,13
1790598300,131.6,131.73,131.6,131.62,131.60,1.5532,3
1790598600,131.62,131.62,131.62,131.62,0.00,0.0,0
1790598900,131.93,131.98,131.59,131.6,131.71,4.10283892,8
1790599200,131.59,131.63,131.41,131.41,131.53,12.38604912,13
1790599500,132.21,132.27,132.0,132.02,132.01,8.37285706,5
1790599800,132.22,132.4,132.22,132.4,132.39,13.70691198,6
1790600100,132.41,132.52,132.36,132.37,132.45,17.65362158,31
1790600400,132.31,132.34,131.9,131.9,132.17,23.2887957,15
1790600700,131.9,131.9,131.9,131.9,0.00,0.0,0
1790601000,131.83,132.15,131.73,132.13,131.82,1.2306,7
1790601300,132.19,132.37,131.79,131.89,132.19,14.90086685,11
1790601600,132.35,132.35,132.03,132.3,132.15,16.25523222,5
1790601900,132.42,132.43,132.36,132.41,132.40,13.56522737,13
1790602200,132.67,132.76,131.96,132.03,132.27,21.18926553,19
1790602500,131.73,132.72,131.73,132.72,131.99,34.36524253,11
1790602800,132.48,132.55,132.4,132.55,132.42,131.1221625,19
1790603100,132.57,132.62,132.04,132.04,132.34,20.86369268,11
1790603400,131.67,132.11,131.48,132.11,131.70,5.11647166,7
1790603700,132.05,132.21,131.74,131.74,131.93,11.32093182,11
1790604000,131.15,131.19,131.01,131.1,131.09,2.91510595,6
1790604300,130.85,131.23,130.49,130.91,130.70,36.33275198,24
1790604600,130.84,130.88,130.41,130.41,130.83,17.92905771,18
1790604900,130.33,130.33,129.98,130.14,130.14,8.979228,28
1790605200,130.4,130.63,130.38,130.61,130.57,6.8178561,15
1790605500,130.5,130.5,129.0,129.0,129.39,32.86388737,14
1790605800,129.25,129.54,128.67,129.41,129.18,545.14693781,112
1790606100,129.37,129.75,129.27,129.47,129.44,90.088815,33
1790606400,128.97,129.01,127.88,128.31,128.09,56.29841622,24
1790606700,128.12,128.23,127.5,128.23,127.96,193.27815063,55
1790607000,128.21,128.22,126.88,127.46,127.21,221.00586585,84
1790607300,127.48,127.65,127.23,127.65,127.39,13.58398552,10
1790607600,127.79,127.79,127.79,127.79,127.79,0.0806,1
1790607900,128.42,128.43,128.1,128.1,128.36,0.424718,5
1790608200,127.59,127.75,127.57,127.75,127.59,3.65092035,5
1790608500,127.4,127.4,127.01,127.1,127.09,57.08971372,33
1790608800,127.32,127.44,126.92,127.0,127.19,18.95176366,16
1790609100,127.61,128.24,127.58,128.18,127.82,56.67263914,21
1790609400,128.0,128.12,127.98,127.98,128.01,4.51948979,8
1790609700,128.45,128.45,128.3,128.3,128.38,0.65512804,5
1790610000,128.61,128.61,128.08,128.08,128.12,2.62532788,4
1790610300,128.59,128.59,128.58,128.58,128.58,0.25177825,2
1790610600,128.58,128.58,128.58,128.58,0.00,0.0,0
1790610900,128.69,128.69,128.57,128.57,128.62,0.7501971,3
1790611200,128.29,128.29,128.29,128.29,128.29,0.2957331,1
1790611500,128.13,128.74,128.13,128.74,128.62,0.87063728,3
1790611800,128.82,128.82,128.78,128.78,128.78,4.0,4
1790612100,128.67,129.72,128.67,129.65,129.17,101.41184226,65
1790612400,129.68,130.49,129.59,130.49,129.91,20.58874665,41
1790612700,130.44,130.97,130.39,130.8,130.77,103.73089388,36
1790613000,130.7,130.72,130.47,130.47,130.60,1.05674671,9
1790613300,130.61,130.61,130.15,130.22,130.28,17.72526395,36
1790613600,129.8,129.81,129.7,129.7,129.73,3.59497546,6
1790613900,129.45,129.46,129.37,129.41,129.43,0.57945237,5
1790614200,129.39,129.58,129.39,129.58,129.39,9.57756852,4
1790614500,129.58,129.58,129.58,129.58,0.00,0.0,0
1790614800,129.49,129.75,129.39,129.39,129.45,28.3469383,28
1790615100,129.46,129.47,129.0,129.0,129.01,8.11208157,15
1790615400,129.17,131.62,129.17,131.62,129.69,76.35901108,46
1790615700,131.48,131.57,131.11,131.11,131.45,0.96714019,4
1790616000,131.0,131.07,131.0,131.04,131.00,20.83271832,7
1790616300,130.97,131.01,130.9,130.9,130.94,9.0386018,7
1790616600,130.54,130.64,130.52,130.64,130.56,12.87131012,10
1790616900,130.54,130.54,130.54,130.54,130.54,0.2685897,1
1790617200,130.55,130.55,130.51,130.51,130.51,9.16790589,4
1790617500,130.46,130.63,130.44,130.51,130.50,5.99382999,36
1790617800,130.51,130.51,130.51,130.51,0.00,0.0,0
1790618100,130.2,130.48,130.2,130.43,130.33,4.03348968,6
1790618400,130.33,130.33,130.16,130.16,130.32,12.21525588,3
1790618700,131.05,131.21,130.92,130.92,131.15,22.64866862,13
1790619000,130.89,131.58,130.88,131.48,131.30,233.50887114,46
1790619300,131.49,131.49,131.35,131.36,131.46,14.48551664,8
1790619600,131.25,131.25,131.2,131.2,131.21,35.3364,9
1790619900,131.44,131.5,131.44,131.5,131.48,0.91253321,5
1790620200,131.3,131.37,131.3,131.37,131.36,13.32431664,3
1790620500,131.1,131.1,131.1,131.1,131.10,0.457,1
1790620800,131.1,131.1,131.1,131.1,0.00,0.0,0
1790621100,130.96,130.96,130.9,130.9,130.90,9.5592,14
1790621400,131.28,131.3,131.28,131.3,131.29,3.6553,4
1790621700,131.39,131.45,131.39,131.45,131.43,27.94618498,6
1790622000,131.11,131.11,130.72,130.73,130.77,22.47757809,10
1790622300,130.17,130.27,130.17,130.26,130.21,1.43643475,3
1790622600,130.15,130.37,130.15,130.36,130.16,12.2,7
1790622900,130.36,130.36,130.36,130.36,0.00,0.0,0
1790623200,130.0,130.13,130.0,130.13,130.00,4.28408336,3
1790623500,129.91,129.93,129.91,129.93,129.92,0.77,3
1790623800,129.71,129.71,129.62,129.62,129.65,1.22224437,6
1790624100,129.62,129.62,129.62,129.62,0.00,0.0,0
1790624400,128.63,129.14,128.63,129.14,128.93,18.94303732,12
1790624700,128.87,128.87,128.84,128.84,128.84,2.75637619,2
1790625000,129.23,129.23,129.23,129.23,129.23,6.43039541,1
1790625300,129.22,129.22,129.16,129.16,129.16,13.32431664,3
1790625600,128.97,129.27,128.68,129.19,129.03,102.1951307,23
1790625900,129.84,130.31,129.83,130.31,129.94,0.22088122,3
1790626200,130.03,130.03,129.88,129.88,129.95,1.23482273,3
1790626500,129.87,129.87,129.87,129.87,129.87,0.5,1
1790626800,130.13,130.21,130.09,130.09,130.12,25.54986784,7
1790627100,130.41,130.41,130.1,130.29,130.16,175.33489919,68
1790627400,130.3,130.3,130.19,130.19,130.28,5.6174385,3
1790627700,130.07,130.15,130.07,130.09,130.09,2.82695718,3
1790628000,130.14,130.16,129.79,129.79,130.15,15.97381332,3
1790628300,129.79,129.79,129.79,129.79,0.00,0.0,0
1790628600,129.75,129.77,129.75,129.77,129.76,2.0,2
1790628900,129.98,129.98,129.88,129.88,129.96,2.43641521,6
1790629200,130.26,130.51,130.17,130.42,130.40,31.76833157,15
1790629500,130.21,130.22,130.21,130.22,130.21,0.76675357,2
1790629800,130.22,130.22,130.22,130.22,0.00,0.0,0
1790630100,130.22,130.22,130.22,130.22,0.00,0.0,0
1790630400,129.39,129.45,129.35,129.41,129.37,45.71719044,7
1790630700,129.22,129.22,129.11,129.19,129.17,0.34793202,3
1790631000,129.2,129.24,129.1,129.23,129.17,19.38381397,5
1790631300,129.32,129.32,129.32,129.32,129.32,5.29215513,1
1790631600,128.91,128.91,128.91,128.91,128.91,0.7459175,1
1790631900,128.79,128.79,128.76,128.76,128.77,3.0,3
1790632200,128.71,128.74,128.5,128.62,128.60,16.89023018,9
1790632500,128.53,128.53,128.31,128.31,128.48,22.2163614,7
1790632800,128.44,128.44,127.89,127.89,127.96,1.6143277,5
1790633100,127.9,127.9,127.9,127.9,127.90,0.83487099,1
1790633400,128.05,128.08,127.96,127.96,128.04,22.26301845,3
1790633700,128.12,128.5,128.06,128.5,128.33,18.36277118,6
1790634000,128.42,128.42,128.39,128.39,128.40,4.0,2
1790634300,128.39,128.39,128.39,128.39,0.00,0.0,0
1790634600,128.69,128.69,128.68,128.68,128.68,6.0233,6
1790634900,129.33,129.45,129.33,129.45,129.34,2.1110063,2
1790635200,129.47,129.47,129.47,129.47,129.47,1.9147143,1
1790635500,129.47,129.49,129.37,129.42,129.42,22.47930984,9
1790635800,129.4,129.4,129.4,129.4,129.40,2.0,1
1790636100,129.9,129.9,129.72,129.72,129.78,10.40194228,3
1790636400,130.24,130.24,130.24,130.24,130.24,1.91950784,1
1790636700,130.1,130.11,130.01,130.01,130.03,30.58633099,8
1790637000,129.95,129.95,129.92,129.93,129.93,38.6016,14
1790637300,130.1,130.1,130.1,130.1,130.10,4.8701382,1
1790637600,130.37,130.43,130.32,130.41,130.38,12.78595598,4
1790637900,130.8,130.85,130.8,130.85,130.83,0.56078676,4
1790638200,130.85,130.85,130.85,130.85,0.00,0.0,0
1790638500,131.02,131.02,130.96,130.96,131.00,17.26929476,8
1790638800,131.08,131.21,131.03,131.03,131.13,24.17357801,10
1790639100,130.96,131.16,130.96,131.16,131.04,0.2112,3
1790639400,131.16,131.16,131.16,131.16,0.00,0.0,0
1790639700,131.38,131.59,131.38,131.42,131.51,19.70046605,9
1790640000,131.39,131.5,131.38,131.39,131.42,30.93650347,9
1790640300,131.73,131.73,131.73,131.73,131.73,3.89848749,1
1790640600,131.71,131.82,131.71,131.82,131.77,0.15,3
1790640900,131.62,131.62,131.47,131.47,131.48,11.71792714,4
1790641200,131.38,131.38,131.38,131.38,131.38,3.6940351,3
1790641500,131.0,131.42,131.0,131.39,131.25,34.78782554,11
1790641800,131.53,131.77,131.3,131.75,131.66,21.20801164,11
1790642100,131.73,131.99,131.73,131.78,131.79,6.32467413,4
1790642400,131.45,131.45,131.45,131.45,131.45,3.57519275,1
1790642700,131.35,131.35,131.04,131.04,131.05,28.83882024,5
1790643000,131.04,131.04,131.04,131.04,0.00,0.0,0
1790643300,130.75,130.76,130.14,130.57,130.58,25.88240737,13
1790643600,131.04,131.57,131.04,131.43,131.14,92.29082018,14
1790643900,131.31,131.32,130.58,130.58,130.66,3.7369514,5
1790644200,130.56,130.56,130.48,130.48,130.53,0.72104151,2
1790644500,130.5,130.5,130.1,130.1,130.36,31.19870474,18
1790644800,129.95,130.35,129.95,130.35,130.17,13.9060971,8
1790645100,130.11,130.12,129.54,129.54,129.65,6.89989248,5
1790645400,129.81,129.81,129.15,129.65,129.64,3.90650516,5
1790645700,129.0,129.37,128.94,129.2,129.21,29.14857149,14
1790646000,128.98,129.7,128.85,129.7,129.24,8.28982679,10
1790646300,129.79,129.92,129.79,129.92,129.86,0.415787,2
1790646600,129.92,129.92,129.92,129.92,0.00,0.0,0
1790646900,129.9,129.9,129.9,129.9,129.90,3.8248,6
1790647200,130.46,130.46,129.56,129.58,130.01,82.66524607,22
1790647500,129.58,129.65,129.23,129.23,129.57,11.64970366,11
1790647800,129.9,129.9,129.9,129.9,129.90,0.187604,1
1790648100,129.9,129.9,129.9,129.9,0.00,0.0,0
1790648400,129.9,129.9,129.9,129.9,0.00,0.0,0
1790648700,129.9,129.9,129.9,129.9,0.00,0.0,0
1790649000,128.72,128.72,128.72,128.72,128.72,0.38844002,1
1790649300,129.15,129.15,129.15,129.15,129.15,0.2992,1
1790649600,129.15,129.15,129.15,129.15,0.00,0.0,0
1790649900,129.45,129.45,129.18,129.18,129.20,9.1712182,7
1790650200,128.81,128.81,128.62,128.62,128.70,5.79974994,4
1790650500,128.62,128.62,128.62,128.62,0.00,0.0,0
1790650800,130.03,130.03,129.95,129.95,129.99,0.387765,2
1790651100,129.63,129.63,129.63,129.63,129.63,0.280578,1
1790651400,129.63,129.63,129.63,129.63,0.00,0.0,0
1790651700,129.63,129.63,129.63,129.63,0.00,0.0,0
1790652000,129.63,129.63,129.63,129.63,0.00,0.0,0
1790652300,130.45,130.45,130.41,130.41,130.42,16.52443248,8
1790652600,130.62,130.69,130.62,130.66,130.62,8.28031044,3
1790652900,130.66,130.66,130.66,130.66,0.00,0.0,0
1790653200,130.66,130.66,130.66,130.66,0.00,0.0,0
1790653500,130.66,130.66,130.66,130.66,0.00,0.0,0
1790653800,130.28,130.28,130.17,130.17,130.21,0.42090957,2
1790654100,129.85,129.85,129.8,129.8,129.81,15.20421494,5
1790654400,130.03,130.03,129.73,129.73,129.92,0.33602706,3
1790654700,129.58,129.64,129.58,129.64,129.62,62.07152389,18
1790655000,130.36,130.41,130.36,130.41,130.37,11.406,8
1790655300,130.41,130.41,130.41,130.41,0.00,0.0,0
1790655600,131.04,131.58,131.04,131.42,131.42,19.29516572,13
1790655900,131.23,131.23,131.23,131.23,131.23,3.38616704,1
1790656200,130.79,130.79,130.7,130.7,130.78,13.21311664,3
1790656500,130.75,130.81,130.52,130.81,130.60,30.43511664,12
1790656800,131.05,131.13,130.71,130.86,130.85,59.69927589,10
1790657100,130.59,130.59,130.32,130.32,130.49,0.44143263,2
1790657400,130.32,130.32,130.32,130.32,0.00,0.0,0
1790657700,130.32,130.32,130.32,130.32,0.00,0.0,0
1790658000,132.03,132.04,132.03,132.04,132.03,2.73749674,3
1790658300,131.38,131.38,131.38,131.38,131.38,3.47027711,1
1790658600,131.63,131.64,131.45,131.45,131.56,25.15658414,6
1790658900,131.51,131.91,131.26,131.68,131.70,101.8024918,16
1790659200,132.34,132.34,132.34,132.34,132.34,0.182261,1
1790659500,132.34,132.34,132.34,132.34,0.00,0.0,0
1790659800,132.34,132.34,132.34,132.34,0.00,0.0,0
1790660100,131.8,131.96,131.8,131.96,131.92,15.52244648,5
1790660400,132.03,133.76,132.03,133.76,133.32,151.73545256,34
1790660700,133.84,135.39,133.84,135.39,134.51,135.48390044,29
1790661000,135.7,135.88,135.04,135.88,135.42,37.71668484,23
1790661300,135.76,135.76,135.51,135.58,135.65,1.54001048,6
1790661600,135.77,136.23,135.77,136.1,136.06,100.46403372,32
1790661900,136.04,136.24,135.64,136.24,135.94,21.88265136,6
1790662200,136.59,137.03,136.57,136.88,136.90,90.8018152,30
1790662500,136.0,136.0,135.62,135.62,135.83,18.59038157,5
1790662800,137.2,137.48,137.08,137.15,137.26,3.29471872,7
1790663100,136.23,136.35,136.1,136.17,136.18,9.51002741,7
1790663400,136.45,136.65,136.45,136.65,136.63,6.48926839,5
1790663700,136.65,136.65,136.65,136.65,0.00,0.0,0
1790664000,137.1,138.07,137.1,137.52,137.77,6.20051446,18
1790664300,137.42,137.43,136.83,136.83,136.95,45.60382906,18
1790664600,136.5,137.46,136.5,137.46,136.82,14.59128913,4
1790664900,138.01,138.68,138.0,138.22,138.40,9.90525388,21
1790665200,137.32,137.43,137.11,137.43,137.33,7.19785981,6
1790665500,137.2,137.89,137.2,137.85,137.49,93.31169875,17
1790665800,138.88,139.12,138.74,138.89,138.88,64.45480339,17
1790666100,138.28,139.21,138.27,139.15,138.97,437.32338899,76
1790666400,139.47,140.27,139.2,140.07,139.88,216.98114544,82
1790666700,140.06,140.66,140.05,140.54,140.51,16.99617075,20
1790667000,140.64,141.35,140.64,141.35,140.91,75.19857329,38
1790667300,141.4,143.38,141.4,143.36,142.40,356.16017697,56
1790667600,143.47,144.97,143.28,144.84,143.84,824.65594782,154
1790667900,144.79,146.42,144.35,146.01,145.48,273.4610727,100
1790668200,145.93,145.95,144.76,144.76,145.71,1193.65939936,217
1790668500,144.75,144.75,143.75,144.35,144.18,505.00818768,121
1790668800,144.57,146.14,144.28,146.14,145.60,984.64661117,121
1790669100,146.25,146.76,144.97,145.73,145.28,493.66190216,58
1790669400,145.93,146.32,145.62,145.62,145.98,701.17861202,74
1790669700,145.6,145.9,145.28,145.32,145.67,118.60538093,169
1790670000,145.23,147.04,145.15,147.02,145.92,1471.48113454,328
1790670300,147.18,147.96,146.83,147.36,147.09,132.83113271,50
1790670600,147.27,147.27,145.96,146.56,146.31,105.29377636,33
1790670900,146.35,146.35,144.94,146.17,145.86,66.34428018,21
1790671200,146.1,146.29,145.79,145.79,146.11,48.24857691,20
1790671500,145.82,146.33,145.63,146.31,145.82,46.8886073,29
1790671800,146.77,147.42,146.77,146.99,146.94,156.11895839,57
1790672100,147.32,147.82,147.31,147.68,147.64,404.01071598,42
1790672400,147.65,147.97,147.12,147.23,147.47,15.70191996,117
1790672700,147.89,147.92,147.11,147.31,147.53,54.07421971,287
1790673000,147.34,147.76,147.28,147.7,147.47,69.77768681,123
1790673300,147.75,148.11,147.18,147.21,147.54,84.582937,85
1790673600,147.23,147.39,147.15,147.29,147.22,60.42376783,40
1790673900,147.28,147.56,146.98,147.56,147.14,76.98500544,30
1790674200,147.33,148.13,147.33,148.13,147.83,5.41332194,20
1790674500,147.86,148.63,147.61,148.03,148.46,1506.86822326,238
1790674800,148.05,148.2,147.34,147.34,147.79,247.25674813,82
1790675100,147.3,147.8,147.3,147.34,147.47,46.77865531,34
1790675400,147.26,147.26,146.62,146.87,146.76,64.97041723,32
1790675700,146.29,146.46,145.73,145.94,146.06,42.26272317,31
1790676000,146.43,146.88,146.2,146.88,146.61,75.69251485,36
1790676300,146.94,147.51,146.87,147.51,147.02,13.26436745,27
1790676600,147.49,147.5,146.91,146.91,147.27,25.25812332,32
1790676900,146.91,146.96,145.87,146.01,146.14,25.75298942,43
1790677200,146.07,146.33,145.86,146.04,146.19,35.69943421,96
1790677500,146.04,146.58,146.0,146.46,146.19,4.65833035,45
1790677800,146.39,146.54,146.24,146.41,146.42,3.76925413,6
1790678100,146.61,147.26,146.61,147.04,147.12,75.0734905,40
1790678400,147.26,147.26,146.41,146.49,146.96,61.91479288,108
1790678700,146.48,146.66,146.29,146.33,146.52,77.33372137,202
1790679000,146.5,148.2,146.5,147.98,147.08,56.69313074,73
1790679300,148.06,148.81,148.01,148.01,148.58,92.5727225,27
1790679600,148.29,148.34,147.31,147.32,147.97,7.09423844,36
1790679900,147.41,147.77,147.35,147.47,147.46,15.38843065,26
1790680200,147.61,147.7,146.93,147.15,147.26,193.34070377,45
1790680500,147.08,147.42,146.58,147.42,146.87,11.90210454,14
1790680800,147.34,147.53,147.26,147.28,147.32,8.37434254,14
1790681100,147.53,148.04,147.53,148.02,147.68,115.01047701,25
1790681400,148.32,152.0,148.32,152.0,149.20,1241.77504974,171
1790681700,151.62,151.62,150.41,150.77,150.79,302.07019454,36
1790682000,150.63,151.86,150.63,151.83,151.48,440.29455677,81
1790682300,151.59,152.08,151.41,151.7,151.71,285.12641234,44
1790682600,151.56,151.8,151.24,151.38,151.47,27.93579164,31
1790682900,151.67,151.67,150.93,150.93,151.50,42.39625498,25
1790683200,150.99,151.5,150.99,151.13,151.23,66.10607517,25
1790683500,150.79,151.05,150.49,150.99,150.76,307.38577306,73
1790683800,150.94,150.94,150.64,150.79,150.72,8.28733782,24
1790684100,152.28,153.46,152.28,152.85,152.77,301.31312523,205
1790684400,152.94,153.21,152.32,152.64,152.67,170.82460963,340
1790684700,152.77,153.1,152.55,152.77,152.85,32.4242501,60
1790685000,153.13,153.69,152.93,153.27,153.19,46.37923781,41
1790685300,153.16,153.32,152.15,152.16,152.59,72.44989997,48
1790685600,152.42,152.83,152.16,152.83,152.42,51.57487819,41
1790685900,152.47,152.64,151.69,151.74,152.32,10.960925,15
1790686200,151.76,152.48,151.76,152.48,152.44,16.49520537,11
1790686500,152.72,153.23,152.64,153.23,152.68,61.51591856,19
1790686800,153.46,153.46,153.08,153.44,153.32,46.65013289,16
1790687100,153.6,153.6,153.31,153.32,153.44,1.834198,6
1790687400,153.38,154.0,153.26,154.0,153.77,33.291698,12
1790687700,153.26,154.14,153.26,154.14,153.65,40.34275194,12
1790688000,154.2,154.41,154.03,154.19,154.26,8.47610125,9
1790688300,154.01,154.31,153.87,154.3,154.10,6.5164433,18
1790688600,153.96,153.96,152.56,152.84,153.18,236.20495638,63
1790688900,152.17,153.35,152.09,153.01,152.57,249.76627453,55
1790689200,152.98,152.98,152.08,152.72,152.46,38.01542881,25
1790689500,152.38,152.4,151.77,152.0,151.99,61.59643544,25
1790689800,152.1,152.97,151.95,152.95,152.26,223.04527311,79
1790690100,153.03,153.24,152.64,152.91,152.96,10.97956752,35
1790690400,152.98,153.24,152.09,152.44,152.33,35.98819461,23
1790690700,152.48,152.8,152.32,152.36,152.48,47.36818572,38
1790691000,152.38,152.82,152.34,152.34,152.59,148.59685792,66
1790691300,152.4,153.45,152.26,153.35,152.96,73.33561714,45
1790691600,153.35,153.5,152.85,153.12,153.41,350.3080568,43
1790691900,153.35,154.01,153.35,153.96,153.89,48.76617788,21
1790692200,154.03,154.61,153.83,154.31,154.11,338.17444042,59
1790692500,154.31,154.72,153.82,154.26,154.25,13.41661777,25
1790692800,154.8,155.34,154.6,154.69,155.01,489.4989939,103
1790693100,154.71,154.99,154.2,154.2,154.28,20.47342936,16
1790693400,154.21,154.84,154.11,154.25,154.56,15.57411708,7
1790693700,154.32,154.32,153.58,153.68,153.86,281.38087753,44
1790694000,153.82,153.82,152.05,152.54,153.15,183.85700353,33
1790694300,152.4,152.75,151.97,152.75,152.32,582.62669984,42
1790694600,153.27,153.27,152.37,152.51,153.05,235.75850753,25
1790694900,152.55,153.33,152.33,152.33,152.51,61.35540814,19
1790695200,152.2,152.2,150.35,150.91,151.00,996.53172324,86
1790695500,150.99,150.99,149.46,150.72,150.50,729.74219432,117
1790695800,150.57,151.12,150.11,150.53,150.26,33.45255513,23
1790696100,150.28,150.91,150.28,150.83,150.64,3.44044684,12
1790696400,151.3,151.55,150.36,151.01,150.93,171.63820843,30
1790696700,151.01,151.62,150.67,151.61,151.10,191.44150425,81
1790697000,151.25,151.25,149.92,149.92,150.70,20.5033029,10
1790697300,149.98,150.69,149.22,149.52,149.77,173.1559288,42
1790697600,150.05,150.28,149.47,149.88,149.83,181.46990323,38
1790697900,149.86,150.16,149.49,149.49,149.77,65.13168613,22
1790698200,149.87,150.26,149.25,149.28,149.87,6.87287311,16
1790698500,149.5,149.86,148.33,148.89,149.31,260.35917881,53
1790698800,148.89,148.89,148.89,148.89,0.00,0.0,0
1790699100,149.92,150.36,149.92,150.36,150.27,1.66495385,3
1790699400,149.92,149.92,149.76,149.76,149.76,8.25770344,3
1790699700,149.95,149.95,149.82,149.85,149.89,13.10952647,20
1790700000,149.04,149.07,148.9,149.07,148.94,11.62065314,6
1790700300,149.12,149.19,149.12,149.19,149.14,30.14375065,4
1790700600,149.35,149.41,148.33,148.33,149.11,135.87055618,20
1790700900,148.31,148.44,148.19,148.19,148.29,21.23554372,6
1790701200,148.37,148.37,147.99,148.19,148.17,187.1623373,58
1790701500,148.34,148.56,148.04,148.17,148.34,15.02139971,16
1790701800,147.89,148.03,147.67,148.03,147.72,59.7367643,12
1790702100,148.05,148.05,147.3,147.7,147.59,40.64502662,19
1790702400,147.71,147.71,147.55,147.55,147.59,1.87451502,4
1790702700,148.17,148.17,147.84,147.84,148.04,64.09536958,20
1790703000,147.75,147.76,146.83,147.14,147.40,128.93805558,32
1790703300,147.16,147.23,147.0,147.15,147.12,89.63577312,22
1790703600,146.93,147.03,146.93,147.02,146.99,7.00146912,4
1790703900,147.19,147.19,146.39,146.5,146.74,250.51421175,47
1790704200,146.42,146.6,145.98,146.57,146.23,82.8874284,26
1790704500,146.46,146.54,146.42,146.53,146.48,2.47839714,8
1790704800,146.96,147.68,146.96,147.56,147.38,21.31769127,25
1790705100,147.9,147.9,147.42,147.42,147.59,1.4719607,7
1790705400,147.32,147.39,147.31,147.39,147.36,2.37491081,3
1790705700,147.59,148.35,147.54,147.63,147.90,11.21162095,19
1790706000,147.64,148.31,147.58,147.98,147.68,14.72882475,18
1790706300,148.03,148.09,146.94,146.94,147.76,2.43531953,11
1790706600,147.0,147.42,146.89,147.35,147.10,121.59902715,28
1790706900,147.41,147.8,147.35,147.35,147.42,12.86077208,11
1790707200,146.81,147.0,146.27,146.27,146.51,6.18028181,10
1790707500,146.31,146.31,145.12,145.38,145.44,208.52405444,85
1790707800,145.3,146.15,145.3,146.06,145.99,27.74951655,18
1790708100,146.0,146.13,145.84,146.03,145.91,12.58956636,14
1790708400,146.14,146.44,145.91,146.35,146.10,101.93786079,16
1790708700,146.43,146.81,146.11,146.11,146.69,50.16749461,11
1790709000,145.3,145.46,145.29,145.46,145.40,22.25,5
1790709300,145.45,145.45,145.3,145.32,145.41,40.11851728,10
1790709600,145.42,145.93,145.42,145.93,145.85,38.84376686,9
1790709900,146.17,146.76,146.17,146.75,146.35,58.25189143,10
1790710200,146.79,146.79,146.49,146.49,146.77,30.88328366,13
1790710500,146.46,146.47,146.46,146.46,146.46,3.05945756,5
1790710800,146.35,146.35,146.29,146.32,146.31,26.24047432,7
1790711100,145.83,146.3,145.82,146.04,146.09,10.36314138,7
1790711400,146.04,146.04,145.74,146.01,145.84,14.12742228,10
1790711700,145.88,145.88,145.88,145.88,145.88,2.35503309,1
1790712000,145.87,145.87,145.84,145.84,145.84,2.11464207,3
1790712300,145.84,145.84,145.84,145.84,0.00,0.0,0
1790712600,145.84,145.84,145.84,145.84,0.00,0.0,0
1790712900,146.33,146.33,146.33,146.33,146.33,5.0,1
1790713200,146.49,146.49,146.49,146.49,146.49,0.05,1
1790713500,146.49,146.49,146.49,146.49,0.00,0.0,0
1790713800,146.71,146.71,146.71,146.71,146.71,2.04485039,1
1790714100,146.52,146.52,146.52,146.52,146.52,2.57,1
1790714400,146.67,146.72,146.55,146.55,146.59,31.88560613,8
1790714700,146.28,146.41,146.2,146.41,146.27,9.13187425,27
1790715000,146.5,146.52,146.42,146.42,146.48,2.70116618,4
1790715300,146.41,146.67,146.41,146.49,146.50,9.88534436,16
1790715600,146.37,146.37,146.15,146.23,146.26,41.2084712,10
1790715900,146.28,146.51,146.16,146.51,146.26,56.16043506,14
1790716200,146.48,146.64,146.44,146.64,146.53,3.77107613,4
1790716500,146.6,146.83,146.37,146.37,146.40,14.29266389,8
1790716800,146.13,146.33,146.13,146.33,146.21,21.52435387,5
1790717100,146.39,146.39,146.39,146.39,146.39,0.38863063,1
1790717400,146.54,146.61,146.54,146.61,146.57,0.27275124,2
1790717700,146.61,146.61,146.61,146.61,0.00,0.0,0
1790718000,146.5,146.5,146.5,146.5,146.50,3.41296928,1
1790718300,146.26,146.35,146.26,146.35,146.30,0.429446,2
1790718600,146.76,146.76,146.7,146.7,146.72,0.36500891,2
1790718900,146.7,146.7,146.7,146.7,0.00,0.0,0
1790719200,147.31,147.31,147.23,147.23,147.25,1.71479201,3
1790719500,146.65,146.99,146.65,146.67,146.96,5.54641156,4
1790719800,146.85,147.22,146.73,146.85,146.80,7.42972397,11
1790720100,146.83,147.05,146.79,146.99,146.94,115.46749504,25
1790720400,146.85,146.9,146.5,146.88,146.66,67.51061708,20
1790720700,146.79,146.79,146.45,146.5,146.45,18.974702,7
1790721000,146.5,146.5,146.5,146.5,0.00,0.0,0
1790721300,146.74,146.93,146.74,146.93,146.91,1.6422,5
1790721600,146.93,146.93,146.93,146.93,0.00,0.0,0
1790721900,147.12,147.12,147.12,147.12,147.12,5.0371,3
1790722200,146.93,146.94,146.93,146.94,146.93,0.16850901,2
1790722500,146.39,146.46,146.24,146.46,146.41,6.05265745,11
1790722800,146.26,146.29,146.26,146.29,146.28,1.5924,3
1790723100,146.56,146.93,146.56,146.89,146.81,63.89434766,19
1790723400,147.08,147.08,147.08,147.08,147.08,2.57,1
1790723700,146.89,146.89,146.88,146.88,146.88,18.14398747,2
1790724000,146.84,146.84,146.84,146.84,146.84,0.17025333,1
1790724300,146.72,146.72,146.66,146.66,146.69,8.16363254,5
1790724600,146.43,146.43,146.12,146.12,146.15,3.00693601,4
1790724900,146.36,146.36,146.24,146.24,146.29,28.85477626,12
1790725200,146.07,146.07,145.38,145.38,145.69,10.33845684,18
1790725500,145.59,145.59,145.53,145.53,145.53,0.870054,2
1790725800,145.65,145.65,145.65,145.65,145.65,0.0711,1
1790726100,145.65,145.65,145.65,145.65,0.00,0.0,0
1790726400,145.62,146.36,145.62,146.33,146.02,25.82148341,14
1790726700,145.72,145.72,145.7,145.7,145.70,1.71691504,3
1790727000,145.09,145.09,144.27,144.51,144.72,217.96824353,61
1790727300,144.54,144.54,143.62,143.65,143.81,173.49879836,39
1790727600,143.46,143.57,143.12,143.12,143.35,22.70892003,13
1790727900,143.14,143.33,143.04,143.33,143.20,57.1932655,10
1790728200,143.56,143.81,143.56,143.81,143.80,3.08357623,4
1790728500,143.76,143.77,143.46,143.46,143.69,25.77297315,6
1790728800,143.44,143.44,143.39,143.4,143.39,13.35784675,3
1790729100,142.99,142.99,142.62,142.64,142.79,221.59445887,29
1790729400,142.64,142.64,142.64,142.64,0.00,0.0,0
1790729700,143.11,143.14,143.11,143.14,143.12,10.20259578,5
1790730000,143.51,143.51,143.51,143.51,143.51,0.0711,1
1790730300,143.51,143.51,143.51,143.51,0.00,0.0,0
1790730600,143.51,143.51,143.51,143.51,0.00,0.0,0
1790730900,143.51,143.51,143.51,143.51,0.00,0.0,0
1790731200,142.85,142.96,142.85,142.96,142.90,0.2133,3
1790731500,143.35,143.35,143.35,143.35,143.35,1.74398325,1
1790731800,143.35,143.35,143.35,143.35,0.00,0.0,0
1790732100,142.39,142.39,142.29,142.29,142.32,50.82949521,8
1790732400,142.57,142.57,141.34,142.4,141.96,398.76816117,69
1790732700,142.66,142.66,142.48,142.48,142.53,2.66323222,4
1790733000,142.63,142.78,142.52,142.7,142.58,19.29894343,14
1790733300,142.45,142.45,141.46,142.11,141.91,393.35817077,74
1790733600,142.1,142.1,142.09,142.09,142.09,2.480586,2
1790733900,142.15,142.15,142.06,142.06,142.08,26.48924152,6
1790734200,142.06,142.06,142.06,142.06,0.00,0.0,0
1790734500,141.28,141.32,141.28,141.32,141.28,9.45310811,2
1790734800,141.32,141.32,141.32,141.32,0.00,0.0,0
1790735100,141.0,141.0,140.64,140.64,140.83,60.31191027,10
1790735400,140.64,140.64,140.64,140.64,0.00,0.0,0
1790735700,141.05,141.05,141.05,141.05,141.05,7.87810811,1
1790736000,141.05,141.05,141.05,141.05,0.00,0.0,0
1790736300,141.18,141.42,141.18,141.39,141.32,26.58618084,7
1790736600,141.43,141.59,141.43,141.59,141.55,5.06464423,6
1790736900,141.3,141.3,141.27,141.3,141.27,53.26725167,4
1790737200,141.5,141.5,140.82,140.98,141.03,31.46962782,9
1790737500,140.92,140.92,140.86,140.86,140.91,1.87591577,4
1790737800,140.81,141.13,140.81,141.13,140.89,3.58257209,7
1790738100,141.19,141.2,140.73,140.73,141.07,17.83311715,13
1790738400,141.15,141.35,141.15,141.35,141.21,4.97085064,7
1790738700,141.26,141.39,141.1,141.16,141.25,45.13685486,25
1790739000,140.84,140.84,140.32,140.5,140.53,672.69296008,68
1790739300,140.62,140.68,140.32,140.44,140.48,649.66092122,67
1790739600,140.51,140.74,140.51,140.74,140.68,9.79570789,6
1790739900,140.47,140.72,140.47,140.72,140.68,19.56148391,4
1790740200,140.51,140.51,140.49,140.5,140.50,2.05785584,3
1790740500,140.63,140.73,140.62,140.62,140.65,3.34668401,11
1790740800,140.79,141.51,140.71,141.51,141.31,81.97946523,23
1790741100,141.51,141.51,141.51,141.51,0.00,0.0,0
1790741400,140.89,141.08,140.88,140.97,140.90,4.24220517,12
1790741700,141.35,141.52,141.35,141.52,141.43,5.2349,3
1790742000,141.52,141.52,141.52,141.52,0.00,0.0,0
1790742300,141.5,141.5,141.44,141.45,141.49,11.1,3
1790742600,141.17,141.17,141.17,141.17,141.17,0.05,1
1790742900,141.45,141.91,141.45,141.83,141.48,2.8098,4
1790743200,142.1,142.1,142.1,142.1,142.10,0.05,1
1790743500,142.13,142.13,142.12,142.12,142.12,140.77678018,7
1790743800,141.81,141.82,141.81,141.81,141.81,0.86019409,5
1790744100,142.07,142.07,142.03,142.03,142.05,7.54,2
1790744400,142.01,142.93,142.01,142.28,142.58,215.20083119,46
1790744700,142.33,142.66,142.15,142.15,142.24,117.66494956,22
1790745000,141.9,142.16,141.9,141.9,141.96,42.81122008,16
1790745300,141.93,141.94,141.83,141.83,141.88,23.45002448,5
1790745600,142.34,142.34,142.34,142.34,142.34,0.30546272,1
1790745900,143.06,143.28,143.06,143.28,143.16,81.13957623,23
1790746200,143.3,143.41,143.3,143.41,143.37,6.82884219,4
1790746500,143.25,143.49,143.24,143.24,143.35,33.6128716,10
1790746800,143.1,143.41,143.07,143.35,143.28,44.57997524,18
1790747100,143.33,143.36,143.21,143.21,143.25,9.7550451,8
1790747400,143.36,143.71,143.19,143.19,143.49,0.37855064,5
1790747700,143.12,143.69,143.12,143.69,143.67,15.08284549,7
1790748000,143.66,143.66,143.17,143.41,143.50,10.52162582,9
1790748300,143.62,143.62,143.05,143.05,143.37,9.42329921,12
1790748600,143.25,143.25,142.68,142.69,142.72,29.63675697,6
1790748900,142.76,142.76,142.5,142.57,142.71,51.50787865,12
1790749200,142.44,142.44,142.2,142.29,142.27,34.17258637,8
1790749500,142.0,142.39,141.82,142.39,142.02,88.73783388,12
1790749800,142.05,142.05,142.05,142.05,142.05,6.6903514,1
1790750100,142.04,142.04,141.36,141.67,141.76,19.50035893,13
1790750400,141.42,141.42,141.23,141.23,141.39,2.7598,3
1790750700,141.15,141.15,140.6,140.6,140.87,34.47679833,15
1790751000,140.89,140.89,140.34,140.77,140.55,306.99902823,58
1790751300,141.12,141.12,140.57,140.57,140.86,32.00752488,8
1790751600,140.41,140.6,140.41,140.6,140.52,4.79938878,4
1790751900,140.4,140.4,140.34,140.37,140.36,27.78186212,7
1790752200,140.32,140.36,139.68,139.68,140.10,40.41621935,24
1790752500,140.13,140.13,140.13,140.13,140.13,0.0949,1
1790752800,140.13,140.13,140.13,140.13,0.00,0.0,0
1790753100,140.67,140.67,140.52,140.52,140.60,11.77346659,2
1790753400,140.36,140.56,140.24,140.56,140.33,5.33720727,7
1790753700,140.59,140.61,140.59,140.61,140.60,10.66845446,3
1790754000,140.67,140.83,140.51,140.72,140.60,31.61918047,14
1790754300,140.95,140.96,140.73,140.73,140.78,17.55880227,11
1790754600,140.85,141.09,140.76,140.76,140.98,10.9589393,11
1790754900,140.51,140.6,140.4,140.4,140.46,26.91181253,22
1790755200,140.34,140.35,140.19,140.35,140.31,3.227563,3
1790755500,140.17,140.17,139.81,139.81,139.89,49.20747102,23
1790755800,139.93,140.27,139.92,140.26,140.01,13.09842435,40
1790756100,140.41,141.2,140.41,140.72,140.96,8.59136754,16
1790756400,140.81,141.32,140.74,141.12,141.14,9.86539379,24
1790756700,141.14,141.23,140.96,140.96,141.12,0.919173,8
1790757000,140.63,140.63,140.38,140.46,140.46,12.558086,5
1790757300,140.4,140.73,140.34,140.73,140.62,3.2798,10
1790757600,140.47,140.54,140.46,140.54,140.48,16.04217485,6
1790757900,140.81,141.49,140.58,141.41,141.02,697.60887141,94
1790758200,141.5,141.63,140.65,141.18,140.95,705.81044153,118
1790758500,141.17,141.26,141.09,141.09,141.15,74.41479586,26
1790758800,141.07,141.46,141.02,141.45,141.20,73.90282357,62
1790759100,141.44,141.44,141.19,141.27,141.33,9.10689726,38
1790759400,141.39,141.52,141.32,141.32,141.42,7.83998205,9
1790759700,141.33,141.35,141.19,141.24,141.26,19.49571134,16
1790760000,141.2,141.61,141.2,141.61,141.42,19.67920733,16
1790760300,141.69,141.75,141.51,141.51,141.60,0.999724,7
1790760600,141.7,142.34,141.7,142.34,141.83,5.98871727,12
1790760900,141.66,141.66,141.48,141.48,141.51,14.12961298,3
1790761200,141.49,141.49,141.41,141.41,141.44,7.808453,3
1790761500,141.49,141.49,141.46,141.46,141.46,35.0,6
1790761800,141.64,141.67,141.46,141.49,141.48,6.7364766,9
1790762100,141.56,141.56,141.49,141.49,141.51,0.371384,3
1790762400,141.65,141.73,141.42,141.56,141.60,2.14610043,16
1790762700,141.94,141.94,141.54,141.54,141.64,12.78612919,4
1790554800,136.49,137.2,136.48,136.99,137.17,68.68726313,27
1790555100,136.72,136.82,136.42,136.68,136.78,4.016,11
1790555400,136.38,136.42,135.35,135.51,136.16,4.66094033,38
1790555700,135.21,135.31,135.01,135.01,135.27,3.6,12
1790556000,135.0,135.0,134.86,134.86,134.93,0.6,8
1790556300,134.86,134.86,134.86,134.86,0.00,0.0,0
1790556600,134.86,134.86,134.86,134.86,0.00,0.0,0
1790556900,135.23,135.23,135.05,135.07,135.22,6.20364195,3
1790557200,134.98,134.98,134.64,134.64,134.75,1.30754391,3
1790557500,134.52,135.48,134.52,134.96,135.17,0.96029875,8
1790557800,134.89,134.9,134.89,134.9,134.89,0.47715553,3
1790558100,134.49,134.75,134.0,134.61,134.53,83.11258245,26
1790558400,134.87,134.93,134.87,134.93,134.89,17.56394763,3
1790558700,135.17,135.17,135.11,135.15,135.11,16.9797122,10
1790559000,135.04,135.2,134.99,135.17,135.11,24.00035896,8
1790559300,134.78,134.78,134.78,134.78,134.78,2.57,1
1790559600,134.78,134.78,134.78,134.78,0.00,0.0,0
1790559900,134.41,134.48,133.9,133.91,134.16,7.4987686,9
1790560200,133.5,134.18,133.5,134.14,134.13,43.1192903,8
1790560500,134.01,134.33,134.0,134.17,134.22,34.97220713,9
1790560800,133.46,133.64,133.46,133.63,133.62,15.32047677,9
1790561100,133.63,133.63,133.63,133.63,0.00,0.0,0
1790561400,134.8,134.82,134.8,134.82,134.80,0.11420973,2
1790561700,134.31,134.31,134.31,134.31,134.31,0.0806,1
1790562000,134.57,134.57,133.34,133.81,133.78,277.70129721,63
1790562300,133.86,133.86,133.86,133.86,133.86,10.496,5
1790562600,133.46,133.5,132.45,132.45,132.88,37.49718713,24
1790562900,132.45,132.45,132.45,132.45,0.00,0.0,0
1790563200,132.96,133.17,132.74,133.1,132.98,145.16610416,27
1790563500,133.15,133.15,132.57,132.67,132.63,53.48696274,28
1790563800,132.7,132.7,132.7,132.7,132.70,0.0806,1
1790564100,132.7,132.7,132.7,132.7,0.00,0.0,0
1790564400,133.16,133.16,133.16,133.16,133.16,0.11909507,1
1790564700,133.16,133.16,133.16,133.16,0.00,0.0,0
1790565000,132.79,132.8,132.79,132.8,132.79,0.1076,2
1790565300,132.59,133.05,132.56,133.05,132.77,5.60696885,10
1790565600,133.05,133.05,133.05,133.05,0.00,0.0,0
1790565900,132.41,132.47,131.98,132.03,132.23,34.71867773,22
1790566200,132.12,132.19,131.69,132.03,131.93,35.89966131,25
1790566500,132.13,132.76,132.13,132.76,132.44,5.68558547,6
1790566800,132.79,132.84,132.77,132.77,132.81,5.93252858,4
1790567100,132.68,132.68,132.56,132.56,132.67,13.67061849,4
1790567400,132.51,132.53,132.3,132.3,132.46,1.25679123,5
1790567700,132.3,132.3,132.3,132.3,0.00,0.0,0
1790568000,132.03,132.04,131.21,131.21,131.59,22.56673657,8
1790568300,131.56,131.56,131.56,131.56,131.56,0.15973852,1
1790568600,131.56,131.56,131.56,131.56,0.00,0.0,0
1790568900,131.56,131.56,131.56,131.56,0.00,0.0,0
1790569200,131.56,131.56,131.56,131.56,0.00,0.0,0
1790569500,131.56,131.56,131.56,131.56,0.00,0.0,0
1790569800,131.56,131.56,131.56,131.56,0.00,0.0,0
1790570100,131.71,131.71,131.71,131.71,131.71,0.0806,1
1790570400,131.71,131.71,131.71,131.71,0.00,0.0,0
1790570700,131.88,131.88,131.53,131.53,131.81,134.62685548,28
1790571000,131.7,131.71,131.7,131.71,131.70,1.97870948,2
1790571300,131.83,131.98,131.82,131.98,131.87,1.06084237,14
1790571600,132.2,132.2,132.18,132.18,132.18,1.0,3
1790571900,131.88,131.93,131.88,131.92,131.92,13.98772022,3
1790572200,131.77,131.77,131.51,131.53,131.57,2.30582048,7
1790572500,131.53,131.53,131.53,131.53,131.53,0.43105451,1
1790572800,131.36,131.36,131.34,131.34,131.34,0.76161462,4
1790573100,131.5,131.5,131.39,131.39,131.48,9.38748545,7
1790573400,131.0,131.0,130.72,130.73,130.93,9.98431651,4
1790573700,130.44,130.51,130.37,130.44,130.44,31.88935238,19
1790574000,130.45,131.19,130.45,131.19,131.01,20.98309789,4
1790574300,131.61,131.75,131.43,131.43,131.55,1.93149661,4
1790574600,131.43,131.43,131.43,131.43,0.00,0.0,0
1790574900,131.75,131.78,131.75,131.78,131.76,6.25942365,2
1790575200,131.97,132.09,131.97,132.09,132.05,10.45849641,6
1790575500,131.93,132.26,131.92,132.13,132.20,9.68210874,10
1790575800,132.35,132.35,132.33,132.33,132.34,15.60162094,5
1790576100,131.61,131.61,131.61,131.61,131.61,7.59820683,1
1790576400,131.55,131.55,131.27,131.29,131.38,36.40569766,14
1790576700,131.0,131.25,130.95,131.25,130.99,6.14748507,6
1790577000,131.17,131.23,131.17,131.23,131.19,8.13461268,2
1790577300,131.29,131.29,130.64,130.66,130.69,21.13826303,13
1790577600,130.68,131.31,130.68,131.06,130.92,52.35814263,21
1790577900,130.96,131.25,130.96,131.2,131.22,6.89060232,3
1790578200,130.86,130.86,130.77,130.77,130.82,9.19094967,5
1790578500,130.94,131.0,130.92,131.0,130.96,8.37466409,6
1790578800,130.97,131.6,130.84,131.15,131.21,42.76869275,16
1790579100,131.0,131.11,130.94,130.94,130.99,22.90712028,12
1790579400,130.97,130.97,130.77,130.77,130.89,5.27181947,4
1790579700,130.62,130.68,130.62,130.68,130.64,10.42544492,3
1790580000,130.65,130.65,130.13,130.13,130.54,20.05465519,8
1790580300,130.0,130.0,130.0,130.0,130.00,6.97928432,5
1790580600,130.02,130.03,129.52,129.66,129.79,44.36426867,19
1790580900,129.72,130.04,129.72,130.04,129.94,45.16977092,12
1790581200,129.91,130.13,129.64,129.64,129.97,30.11509533,8
1790581500,129.74,129.9,129.46,129.49,129.70,103.04607088,32
1790581800,129.66,129.66,129.45,129.45,129.52,0.80566504,5
1790582100,129.78,129.78,129.43,129.57,129.53,66.51579608,16
1790582400,129.24,129.56,129.12,129.48,129.33,35.98260447,20
1790582700,129.48,129.48,129.48,129.48,0.00,0.0,0
1790583000,129.48,129.48,129.48,129.48,0.00,0.0,0
1790583300,130.4,130.4,130.4,130.4,130.40,0.07668712,1
1790583600,129.94,129.94,129.94,129.94,129.94,0.29697704,1
1790583900,130.21,130.21,129.89,129.89,130.15,21.90425044,7
1790584200,130.06,130.34,130.06,130.34,130.06,5.40311041,3
1790584500,130.08,130.08,129.9,129.9,129.96,19.73181244,6
1790584800,129.85,130.0,129.63,129.63,129.81,18.61443349,9
1790585100,129.73,129.78,129.61,129.61,129.68,35.71880305,10
1790585400,129.95,130.11,129.95,130.02,130.02,14.28961344,3
1790585700,129.9,129.9,129.87,129.87,129.89,4.95247771,2
1790586000,129.59,129.59,128.92,129.03,129.01,14.72800564,16
1790586300,128.91,129.2,128.8,128.8,129.05,16.95040147,17
1790586600,129.32,129.52,129.31,129.51,129.34,2.82664872,9
1790586900,130.2,130.34,129.89,130.15,130.24,27.99101851,13
1790587200,130.09,130.09,129.6,129.6,129.86,40.9634816,26
1790587500,129.67,129.71,129.22,129.46,129.46,17.511745,18
1790587800,129.48,129.61,129.24,129.24,129.51,4.39111202,20
1790588100,129.24,129.28,129.05,129.05,129.10,18.26114008,7
1790588400,129.0,129.17,128.76,128.76,128.96,15.32200642,26
1790588700,128.77,128.87,128.7,128.86,128.81,4.936628,6
1790589000,129.26,129.28,128.65,128.65,129.18,8.472119,30
1790589300,128.67,128.85,128.62,128.75,128.72,11.16631648,10
1790589600,128.96,129.76,128.96,129.71,129.64,12.62921846,13
1790589900,129.6,129.66,129.26,129.42,129.54,297.10547235,92
1790590200,129.4,129.45,129.06,129.21,129.36,166.32006115,52
1790590500,129.5,129.6,129.45,129.59,129.52,27.66198215,15
1790590800,129.42,129.74,129.4,129.74,129.55,26.41499253,11
1790591100,129.75,129.89,129.64,129.64,129.79,21.7141966,25
1790591400,129.75,130.0,129.75,130.0,129.96,42.7228215,7
1790591700,130.0,130.3,130.0,130.27,130.21,42.39347865,12
1790592000,130.29,130.34,130.29,130.34,130.33,17.01959986,3
1790592300,130.47,130.48,130.11,130.11,130.29,33.90247079,25
1790592600,130.26,130.56,130.26,130.46,130.43,13.94136334,13
1790592900,130.2,130.2,130.01,130.03,130.03,13.0842495,8
1790593200,130.28,130.43,130.22,130.32,130.34,17.09598987,11
1790593500,130.41,130.5,130.32,130.37,130.39,22.35553045,9
1790593800,130.16,130.17,130.1,130.1,130.14,1.38543,4
1790594100,130.19,130.52,130.04,130.04,130.35,64.30908545,27
1790594400,130.13,130.41,130.03,130.39,130.18,44.99596443,16
1790594700,130.25,130.25,130.09,130.09,130.16,1.0806,3
1790595000,130.12,130.28,130.1,130.2,130.22,25.35163616,13
1790595300,130.36,130.36,130.12,130.31,130.19,402.68161481,41
1790595600,130.26,130.49,130.26,130.49,130.30,52.06284795,4
1790595900,130.29,130.29,130.04,130.04,130.23,9.83832269,7
1790596200,130.11,130.11,129.94,129.94,130.06,0.82820549,5
1790596500,129.81,130.05,129.78,130.04,129.83,30.75879976,10
1790596800,130.0,130.22,129.83,130.22,129.93,23.51120319,31
1790597100,130.59,131.35,130.59,131.35,130.89,23.97592538,22
1790597400,131.38,131.41,130.9,130.9,131.00,234.1120346,42
1790597700,131.15,132.04,130.98,132.01,131.87,6.83286246,13
1790598000,132.14,132.19,131.62,131.62,131.93,3.89226558,13
1790598300,131.6,131.73,131.6,131.62,131.60,1.5532,3
1790598600,131.62,131.62,131.62,131.62,0.00,0.0,0
1790598900,131.93,131.98,131.59,131.6,131.71,4.10283892,8
1790599200,131.59,131.63,131.41,131.41,131.53,12.38604912,13
1790599500,132.21,132.27,132.0,132.02,132.01,8.37285706,5
1790599800,132.22,132.4,132.22,132.4,132.39,13.70691198,6
1790600100,132.41,132.52,132.36,132.37,132.45,17.65362158,31
1790600400,132.31,132.34,131.9,131.9,132.17,23.2887957,15
1790600700,131.9,131.9,131.9,131.9,0.00,0.0,0
1790601000,131.83,132.15,131.73,132.13,131.82,1.2306,7
1790601300,132.19,132.37,131.79,131.89,132.19,14.90086685,11
1790601600,132.35,132.35,132.03,132.3,132.15,16.25523222,5
1790601900,132.42,132.43,132.36,132.41,132.40,13.56522737,13
1790602200,132.67,132.76,131.96,132.03,132.27,21.18926553,19
1790602500,131.73,132.72,131.73,132.72,131.99,34.36524253,11
1790602800,132.48,132.55,132.4,132.55,132.42,131.1221625,19
1790603100,132.57,132.62,132.04,132.04,132.34,20.86369268,11
1790603400,131.67,132.11,131.48,132.11,131.70,5.11647166,7
1790603700,132.05,132.21,131.74,131.74,131.93,11.32093182,11
1790604000,131.15,131.19,131.01,131.1,131.09,2.91510595,6
1790604300,130.85,131.23,130.49,130.91,130.70,36.33275198,24
1790604600,130.84,130.88,130.41,130.41,130.83,17.92905771,18
1790604900,130.33,130.33,129.98,130.14,130.14,8.979228,28
1790605200,130.4,130.63,130.38,130.61,130.57,6.8178561,15
1790605500,130.5,130.5,129.0,129.0,129.39,32.86388737,14
1790605800,129.25,129.54,128.67,129.41,129.18,545.14693781,112
1790606100,129.37,129.75,129.27,129.47,129.44,90.088815,33
1790606400,128.97,129.01,127.88,128.31,128.09,56.29841622,24
1790606700,128.12,128.23,127.5,128.23,127.96,193.27815063,55
1790607000,128.21,128.22,126.88,127.46,127.21,221.00586585,84
1790607300,127.48,127.65,127.23,127.65,127.39,13.58398552,10
1790607600,127.79,127.79,127.79,127.79,127.79,0.0806,1
1790607900,128.42,128.43,128.1,128.1,128.36,0.424718,5
1790608200,127.59,127.75,127.57,127.75,127.59,3.65092035,5
1790608500,127.4,127.4,127.01,127.1,127.09,57.08971372,33
1790608800,127.32,127.44,126.92,127.0,127.19,18.95176366,16
1790609100,127.61,128.24,127.58,128.18,127.82,56.67263914,21
1790609400,128.0,128.12,127.98,127.98,128.01,4.51948979,8
1790609700,128.45,128.45,128.3,128.3,128.38,0.65512804,5
1790610000,128.61,128.61,128.08,128.08,128.12,2.62532788,4
1790610300,128.59,128.59,128.58,128.58,128.58,0.25177825,2
1790610600,128.58,128.58,128.58,128.58,0.00,0.0,0
1790610900,128.69,128.69,128.57,128.57,128.62,0.7501971,3
1790611200,128.29,128.29,128.29,128.29,128.29,0.2957331,1
1790611500,128.13,128.74,128.13,128.74,128.62,0.87063728,3
1790611800,128.82,128.82,128.78,128.78,128.78,4.0,4
1790612100,128.67,129.72,128.67,129.65,129.17,101.41184226,65
1790612400,129.68,130.49,129.59,130.49,129.91,20.58874665,41
1790612700,130.44,130.97,130.39,130.8,130.77,103.73089388,36
1790613000,130.7,130.72,130.47,130.47,130.60,1.05674671,9
1790613300,130.61,130.61,130.15,130.22,130.28,17.72526395,36
1790613600,129.8,129.81,129.7,129.7,129.73,3.59497546,6
1790613900,129.45,129.46,129.37,129.41,129.43,0.57945237,5
1790614200,129.39,129.58,129.39,129.58,129.39,9.57756852,4
1790614500,129.58,129.58,129.58,129.58,0.00,0.0,0
1790614800,129.49,129.75,129.39,129.39,129.45,28.3469383,28
1790615100,129.46,129.47,129.0,129.0,129.01,8.11208157,15
1790615400,129.17,131.62,129.17,131.62,129.69,76.35901108,46
1790615700,131.48,131.57,131.11,131.11,131.45,0.96714019,4
1790616000,131.0,131.07,131.0,131.04,131.00,20.83271832,7
1790616300,130.97,131.01,130.9,130.9,130.94,9.0386018,7
1790616600,130.54,130.64,130.52,130.64,130.56,12.87131012,10
1790616900,130.54,130.54,130.54,130.54,130.54,0.2685897,1
1790617200,130.55,130.55,130.51,130.51,130.51,9.16790589,4
1790617500,130.46,130.63,130.44,130.51,130.50,5.99382999,36
1790617800,130.51,130.51,130.51,130.51,0.00,0.0,0
1790618100,130.2,130.48,130.2,130.43,130.33,4.03348968,6
1790618400,130.33,130.33,130.16,130.16,130.32,12.21525588,3
1790618700,131.05,131.21,130.92,130.92,131.15,22.64866862,13
1790619000,130.89,131.58,130.88,131.48,131.30,233.50887114,46
1790619300,131.49,131.49,131.35,131.36,131.46,14.48551664,8
1790619600,131.25,131.25,131.2,131.2,131.21,35.3364,9
1790619900,131.44,131.5,131.44,131.5,131.48,0.91253321,5
1790620200,131.3,131.37,131.3,131.37,131.36,13.32431664,3
1790620500,131.1,131.1,131.1,131.1,131.10,0.457,1
1790620800,131.1,131.1,131.1,131.1,0.00,0.0,0
1790621100,130.96,130.96,130.9,130.9,130.90,9.5592,14
1790621400,131.28,131.3,131.28,131.3,131.29,3.6553,4
1790621700,131.39,131.45,131.39,131.45,131.43,27.94618498,6
1790622000,131.11,131.11,130.72,130.73,130.77,22.47757809,10
1790622300,130.17,130.27,130.17,130.26,130.21,1.43643475,3
1790622600,130.15,130.37,130.15,130.36,130.16,12.2,7
1790622900,130.36,130.36,130.36,130.36,0.00,0.0,0
1790623200,130.0,130.13,130.0,130.13,130.00,4.28408336,3
1790623500,129.91,129.93,129.91,129.93,129.92,0.77,3
1790623800,129.71,129.71,129.62,129.62,129.65,1.22224437,6
1790624100,129.62,129.62,129.62,129.62,0.00,0.0,0
1790624400,128.63,129.14,128.63,129.14,128.93,18.94303732,12
1790624700,128.87,128.87,128.84,128.84,128.84,2.75637619,2
1790625000,129.23,129.23,129.23,129.23,129.23,6.43039541,1
1790625300,129.22,129.22,129.16,129.16,129.16,13.32431664,3
1790625600,128.97,129.27,128.68,129.19,129.03,102.1951307,23
1790625900,129.84,130.31,129.83,130.31,129.94,0.22088122,3
1790626200,130.03,130.03,129.88,129.88,129.95,1.23482273,3
1790626500,129.87,129.87,129.87,129.87,129.87,0.5,1
1790626800,130.13,130.21,130.09,130.09,130.12,25.54986784,7
1790627100,130.41,130.41,130.1,130.29,130.16,175.33489919,68
1790627400,130.3,130.3,130.19,130.19,130.28,5.6174385,3
1790627700,130.07,130.15,130.07,130.09,130.09,2.82695718,3
1790628000,130.14,130.16,129.79,129.79,130.15,15.97381332,3
1790628300,129.79,129.79,129.79,129.79,0.00,0.0,0
1790628600,129.75,129.77,129.75,129.77,129.76,2.0,2
1790628900,129.98,129.98,129.88,129.88,129.96,2.43641521,6
1790629200,130.26,130.51,130.17,130.42,130.40,31.76833157,15
1790629500,130.21,130.22,130.21,130.22,130.21,0.76675357,2
1790629800,130.22,130.22,130.22,130.22,0.00,0.0,0
1790630100,130.22,130.22,130.22,130.22,0.00,0.0,0
1790630400,129.39,129.45,129.35,129.41,129.37,45.71719044,7
1790630700,129.22,129.22,129.11,129.19,129.17,0.34793202,3
1790631000,129.2,129.24,129.1,129.23,129.17,19.38381397,5
1790631300,129.32,129.32,129.32,129.32,129.32,5.29215513,1
1790631600,128.91,128.91,128.91,128.91,128.91,0.7459175,1
1790631900,128.79,128.79,128.76,128.76,128.77,3.0,3
1790632200,128.71,128.74,128.5,128.62,128.60,16.89023018,9
1790632500,128.53,128.53,128.31,128.31,128.48,22.2163614,7
1790632800,128.44,128.44,127.89,127.89,127.96,1.6143277,5
1790633100,127.9,127.9,127.9,127.9,127.90,0.83487099,1
1790633400,128.05,128.08,127.96,127.96,128.04,22.26301845,3
1790633700,128.12,128.5,128.06,128.5,128.33,18.36277118,6
1790634000,128.42,128.42,128.39,128.39,128.40,4.0,2
1790634300,128.39,128.39,128.39,128.39,0.00,0.0,0
1790634600,128.69,128.69,128.68,128.68,128.68,6.0233,6
1790634900,129.33,129.45,129.33,129.45,129.34,2.1110063,2
1790635200,129.47,129.47,129.47,129.47,129.47,1.9147143,1
1790635500,129.47,129.49,129.37,129.42,129.42,22.47930984,9
1790635800,129.4,129.4,129.4,129.4,129.40,2.0,1
1790636100,129.9,129.9,129.72,129.72,129.78,10.40194228,3
1790636400,130.24,130.24,130.24,130.24,130.24,1.91950784,1
1790636700,130.1,130.11,130.01,130.01,130.03,30.58633099,8
1790637000,129.95,129.95,129.92,129.93,129.93,38.6016,14
1790637300,130.1,130.1,130.1,130.1,130.10,4.8701382,1
1790637600,130.37,130.43,130.32,130.41,130.38,12.78595598,4
1790637900,130.8,130.85,130.8,130.85,130.83,0.56078676,4
1790638200,130.85,130.85,130.85,130.85,0.00,0.0,0
1790638500,131.02,131.02,130.96,130.96,131.00,17.26929476,8
1790638800,131.08,131.21,131.03,131.03,131.13,24.17357801,10
1790639100,130.96,131.16,130.96,131.16,131.04,0.2112,3
1790639400,131.16,131.16,131.16,131.16,0.00,0.0,0
1790639700,131.38,131.59,131.38,131.42,131.51,19.70046605,9
1790640000,131.39,131.5,131.38,131.39,131.42,30.93650347,9
1790640300,131.73,131.73,131.73,131.73,131.73,3.89848749,1
1790640600,131.71,131.82,131.71,131.82,131.77,0.15,3
1790640900,131.62,131.62,131.47,131.47,131.48,11.71792714,4
1790641200,131.38,131.38,131.38,131.38,131.38,3.6940351,3
1790641500,131.0,131.42,131.0,131.39,131.25,34.78782554,11
1790641800,131.53,131.77,131.3,131.75,131.66,21.20801164,11
1790642100,131.73,131.99,131.73,131.78,131.79,6.32467413,4
1790642400,131.45,131.45,131.45,131.45,131.45,3.57519275,1
1790642700,131.35,131.35,131.04,131.04,131.05,28.83882024,5
1790643000,131.04,131.04,131.04,131.04,0.00,0.0,0
1790643300,130.75,130.76,130.14,130.57,130.58,25.88240737,13
1790643600,131.04,131.57,131.04,131.43,131.14,92.29082018,14
1790643900,131.31,131.32,130.58,130.58,130.66,3.7369514,5
1790644200,130.56,130.56,130.48,130.48,130.53,0.72104151,2
1790644500,130.5,130.5,130.1,130.1,130.36,31.19870474,18
1790644800,129.95,130.35,129.95,130.35,130.17,13.9060971,8
1790645100,130.11,130.12,129.54,129.54,129.65,6.89989248,5
1790645400,129.81,129.81,129.15,129.65,129.64,3.90650516,5
1790645700,129.0,129.37,128.94,129.2,129.21,29.14857149,14
1790646000,128.98,129.7,128.85,129.7,129.24,8.28982679,10
1790646300,129.79,129.92,129.79,129.92,129.86,0.415787,2
1790646600,129.92,129.92,129.92,129.92,0.00,0.0,0
1790646900,129.9,129.9,129.9,129.9,129.90,3.8248,6
1790647200,130.46,130.46,129.56,129.58,130.01,82.66524607,22
1790647500,129.58,129.65,129.23,129.23,129.57,11.64970366,11
1790647800,129.9,129.9,129.9,129.9,129.90,0.187604,1
1790648100,129.9,129.9,129.9,129.9,0.00,0.0,0
1790648400,129.9,129.9,129.9,129.9,0.00,0.0,0
1790648700,129.9,129.9,129.9,129.9,0.00,0.0,0
1790649000,128.72,128.72,128.72,128.72,128.72,0.38844002,1
1790649300,129.15,129.15,129.15,129.15,129.15,0.2992,1
1790649600,129.15,129.15,129.15,129.15,0.00,0.0,0
1790649900,129.45,129.45,129.18,129.18,129.20,9.1712182,7
1790650200,128.81,128.81,128.62,128.62,128.70,5.79974994,4
1790650500,128.62,128.62,128.62,128.62,0.00,0.0,0
1790650800,130.03,130.03,129.95,129.95,129.99,0.387765,2
1790651100,129.63,129.63,129.63,129.63,129.63,0.280578,1
1790651400,129.63,129.63,129.63,129.63,0.00,0.0,0
1790651700,129.63,129.63,129.63,129.63,0.00,0.0,0
1790652000,129.63,129.63,129.63,129.63,0.00,0.0,0
1790652300,130.45,130.45,130.41,130.41,130.42,16.52443248,8
1790652600,130.62,130.69,130.62,130.66,130.62,8.28031044,3
1790652900,130.66,130.66,130.66,130.66,0.00,0.0,0
1790653200,130.66,130.66,130.66,130.66,0.00,0.0,0
1790653500,130.66,130.66,130.66,130.66,0.00,0.0,0
1790653800,130.28,130.28,130.17,130.17,130.21,0.42090957,2
1790654100,129.85,129.85,129.8,129.8,129.81,15.20421494,5
1790654400,130.03,130.03,129.73,129.73,129.92,0.33602706,3
1790654700,129.58,129.64,129.58,129.64,129.62,62.07152389,18
1790655000,130.36,130.41,130.36,130.41,130.37,11.406,8
1790655300,130.41,130.41,130.41,130.41,0.00,0.0,0
1790655600,131.04,131.58,131.04,131.42,131.42,19.29516572,13
1790655900,131.23,131.23,131.23,131.23,131.23,3.38616704,1
1790656200,130.79,130.79,130.7,130.7,130.78,13.21311664,3
1790656500,130.75,130.81,130.52,130.81,130.60,30.43511664,12
1790656800,131.05,131.13,130.71,130.86,130.85,59.69927589,10
1790657100,130.59,130.59,130.32,130.32,130.49,0.44143263,2
1790657400,130.32,130.32,130.32,130.32,0.00,0.0,0
1790657700,130.32,130.32,130.32,130.32,0.00,0.0,0
1790658000,132.03,132.04,132.03,132.04,132.03,2.73749674,3
1790658300,131.38,131.38,131.38,131.38,131.38,3.47027711,1
1790658600,131.63,131.64,131.45,131.45,131.56,25.15658414,6
1790658900,131.51,131.91,131.26,131.68,131.70,101.8024918,16
1790659200,132.34,132.34,132.34,132.34,132.34,0.182261,1
1790659500,132.34,132.34,132.34,132.34,0.00,0.0,0
1790659800,132.34,132.34,132.34,132.34,0.00,0.0,0
1790660100,131.8,131.96,131.8,131.96,131.92,15.52244648,5
1790660400,132.03,133.76,132.03,133.76,133.32,151.73545256,34
1790660700,133.84,135.39,133.84,135.39,134.51,135.48390044,29
1790661000,135.7,135.88,135.04,135.88,135.42,37.71668484,23
1790661300,135.76,135.76,135.51,135.58,135.65,1.54001048,6
1790661600,135.77,136.23,135.77,136.1,136.06,100.46403372,32
1790661900,136.04,136.24,135.64,136.24,135.94,21.88265136,6
1790662200,136.59,137.03,136.57,136.88,136.90,90.8018152,30
1790662500,136.0,136.0,135.62,135.62,135.83,18.59038157,5
1790662800,137.2,137.48,137.08,137.15,137.26,3.29471872,7
1790663100,136.23,136.35,136.1,136.17,136.18,9.51002741,7
1790663400,136.45,136.65,136.45,136.65,136.63,6.48926839,5
1790663700,136.65,136.65,136.65,136.65,0.00,0.0,0
1790664000,137.1,138.07,137.1,137.52,137.77,6.20051446,18
1790664300,137.42,137.43,136.83,136.83,136.95,45.60382906,18
1790664600,136.5,137.46,136.5,137.46,136.82,14.59128913,4
1790664900,138.01,138.68,138.0,138.22,138.40,9.90525388,21
1790665200,137.32,137.43,137.11,137.43,137.33,7.19785981,6
1790665500,137.2,137.89,137.2,137.85,137.49,93.31169875,17
1790665800,138.88,139.12,138.74,138.89,138.88,64.45480339,17
1790666100,138.28,139.21,138.27,139.15,138.97,437.32338899,76
1790666400,139.47,140.27,139.2,140.07,139.88,216.98114544,82
1790666700,140.06,140.66,140.05,140.54,140.51,16.99617075,20
1790667000,140.64,141.35,140.64,141.35,140.91,75.19857329,38
1790667300,141.4,143.38,141.4,143.36,142.40,356.16017697,56
1790667600,143.47,144.97,143.28,144.84,143.84,824.65594782,154
1790667900,144.79,146.42,144.35,146.01,145.48,273.4610727,100
1790668200,145.93,145.95,144.76,144.76,145.71,1193.65939936,217
1790668500,144.75,144.75,143.75,144.35,144.18,505.00818768,121
1790668800,144.57,146.14,144.28,146.14,145.60,984.64661117,121
1790669100,146.25,146.76,144.97,145.73,145.28,493.66190216,58
1790669400,145.93,146.32,145.62,145.62,145.98,701.17861202,74
1790669700,145.6,145.9,145.28,145.32,145.67,118.60538093,169
1790670000,145.23,147.04,145.15,147.02,145.92,1471.48113454,328
1790670300,147.18,147.96,146.83,147.36,147.09,132.83113271,50
1790670600,147.27,147.27,145.96,146.56,146.31,105.29377636,33
1790670900,146.35,146.35,144.94,146.17,145.86,66.34428018,21
1790671200,146.1,146.29,145.79,145.79,146.11,48.24857691,20
1790671500,145.82,146.33,145.63,146.31,145.82,46.8886073,29
1790671800,146.77,147.42,146.77,146.99,146.94,156.11895839,57
1790672100,147.32,147.82,147.31,147.68,147.64,404.01071598,42
1790672400,147.65,147.97,147.12,147.23,147.47,15.70191996,117
1790672700,147.89,147.92,147.11,147.31,147.53,54.07421971,287
1790673000,147.34,147.76,147.28,147.7,147.47,69.77768681,123
1790673300,147.75,148.11,147.18,147.21,147.54,84.582937,85
1790673600,147.23,147.39,147.15,147.29,147.22,60.42376783,40
1790673900,147.28,147.56,146.98,147.56,147.14,76.98500544,30
1790674200,147.33,148.13,147.33,148.13,147.83,5.41332194,20
1790674500,147.86,148.63,147.61,148.03,148.46,1506.86822326,238
1790674800,148.05,148.2,147.34,147.34,147.79,247.25674813,82
1790675100,147.3,147.8,147.3,147.34,147.47,46.77865531,34
1790675400,147.26,147.26,146.62,146.87,146.76,64.97041723,32
1790675700,146.29,146.46,145.73,145.94,146.06,42.26272317,31
1790676000,146.43,146.88,146.2,146.88,146.61,75.69251485,36
1790676300,146.94,147.51,146.87,147.51,147.02,13.26436745,27
1790676600,147.49,147.5,146.91,146.91,147.27,25.25812332,32
1790676900,146.91,146.96,145.87,146.01,146.14,25.75298942,43
1790677200,146.07,146.33,145.86,146.04,146.19,35.69943421,96
1790677500,146.04,146.58,146.0,146.46,146.19,4.65833035,45
1790677800,146.39,146.54,146.24,146.41,146.42,3.76925413,6
1790678100,146.61,147.26,146.61,147.04,147.12,75.0734905,40
1790678400,147.26,147.26,146.41,146.49,146.96,61.91479288,108
1790678700,146.48,146.66,146.29,146.33,146.52,77.33372137,202
1790679000,146.5,148.2,146.5,147.98,147.08,56.69313074,73
1790679300,148.06,148.81,148.01,148.01,148.58,92.5727225,27
1790679600,148.29,148.34,147.31,147.32,147.97,7.09423844,36
1790679900,147.41,147.77,147.35,147.47,147.46,15.38843065,26
1790680200,147.61,147.7,146.93,147.15,147.26,193.34070377,45
1790680500,147.08,147.42,146.58,147.42,146.87,11.90210454,14
1790680800,147.34,147.53,147.26,147.28,147.32,8.37434254,14
1790681100,147.53,148.04,147.53,148.02,147.68,115.01047701,25
1790681400,148.32,152.0,148.32,152.0,149.20,1241.77504974,171
1790681700,151.62,151.62,150.41,150.77,150.79,302.07019454,36
1790682000,150.63,151.86,150.63,151.83,151.48,440.29455677,81
1790682300,151.59,152.08,151.41,151.7,151.71,285.12641234,44
1790682600,151.56,151.8,151.24,151.38,151.47,27.93579164,31
1790682900,151.67,151.67,150.93,150.93,151.50,42.39625498,25
1790683200,150.99,151.5,150.99,151.13,151.23,66.10607517,25
1790683500,150.79,151.05,150.49,150.99,150.76,307.38577306,73
1790683800,150.94,150.94,150.64,150.79,150.72,8.28733782,24
1790684100,152.28,153.46,152.28,152.85,152.77,301.31312523,205
1790684400,152.94,153.21,152.32,152.64,152.67,170.82460963,340
1790684700,152.77,153.1,152.55,152.77,152.85,32.4242501,60
1790685000,153.13,153.69,152.93,153.27,153.19,46.37923781,41
1790685300,153.16,153.32,152.15,152.16,152.59,72.44989997,48
1790685600,152.42,152.83,152.16,152.83,152.42,51.57487819,41
1790685900,152.47,152.64,151.69,151.74,152.32,10.960925,15
1790686200,151.76,152.48,151.76,152.48,152.44,16.49520537,11
1790686500,152.72,153.23,152.64,153.23,152.68,61.51591856,19
1790686800,153.46,153.46,153.08,153.44,153.32,46.65013289,16
1790687100,153.6,153.6,153.31,153.32,153.44,1.834198,6
1790687400,153.38,154.0,153.26,154.0,153.77,33.291698,12
1790687700,153.26,154.14,153.26,154.14,153.65,40.34275194,12
1790688000,154.2,154.41,154.03,154.19,154.26,8.47610125,9
1790688300,154.01,154.31,153.87,154.3,154.10,6.5164433,18
1790688600,153.96,153.96,152.56,152.84,153.18,236.20495638,63
1790688900,152.17,153.35,152.09,153.01,152.57,249.76627453,55
1790689200,152.98,152.98,152.08,152.72,152.46,38.01542881,25
1790689500,152.38,152.4,151.77,152.0,151.99,61.59643544,25
1790689800,152.1,152.97,151.95,152.95,152.26,223.04527311,79
1790690100,153.03,153.24,152.64,152.91,152.96,10.97956752,35
1790690400,152.98,153.24,152.09,152.44,152.33,35.98819461,23
1790690700,152.48,152.8,152.32,152.36,152.48,47.36818572,38
1790691000,152.38,152.82,152.34,152.34,152.59,148.59685792,66
1790691300,152.4,153.45,152.26,153.35,152.96,73.33561714,45
1790691600,153.35,153.5,152.85,153.12,153.41,350.3080568,43
1790691900,153.35,154.01,153.35,153.96,153.89,48.76617788,21
1790692200,154.03,154.61,153.83,154.31,154.11,338.17444042,59
1790692500,154.31,154.72,153.82,154.26,154.25,13.41661777,25
1790692800,154.8,155.34,154.6,154.69,155.01,489.4989939,103
1790693100,154.71,154.99,154.2,154.2,154.28,20.47342936,16
1790693400,154.21,154.84,154.11,154.25,154.56,15.57411708,7
1790693700,154.32,154.32,153.58,153.68,153.86,281.38087753,44
1790694000,153.82,153.82,152.05,152.54,153.15,183.85700353,33
1790694300,152.4,152.75,151.97,152.75,152.32,582.62669984,42
1790694600,153.27,153.27,152.37,152.51,153.05,235.75850753,25
1790694900,152.55,153.33,152.33,152.33,152.51,61.35540814,19
1790695200,152.2,152.2,150.35,150.91,151.00,996.53172324,86
1790695500,150.99,150.99,149.46,150.72,150.50,729.74219432,117
1790695800,150.57,151.12,150.11,150.53,150.26,33.45255513,23
1790696100,150.28,150.91,150.28,150.83,150.64,3.44044684,12
1790696400,151.3,151.55,150.36,151.01,150.93,171.63820843,30
1790696700,151.01,151.62,150.67,151.61,151.10,191.44150425,81
1790697000,151.25,151.25,149.92,149.92,150.70,20.5033029,10
1790697300,149.98,150.69,149.22,149.52,149.77,173.1559288,42
1790697600,150.05,150.28,149.47,149.88,149.83,181.46990323,38
1790697900,149.86,150.16,149.49,149.49,149.77,65.13168613,22
1790698200,149.87,150.26,149.25,149.28,149.87,6.87287311,16
1790698500,149.5,149.86,148.33,148.89,149.31,260.35917881,53
1790698800,148.89,148.89,148.89,148.89,0.00,0.0,0
1790699100,149.92,150.36,149.92,150.36,150.27,1.66495385,3
1790699400,149.92,149.92,149.76,149.76,149.76,8.25770344,3
1790699700,149.95,149.95,149.82,149.85,149.89,13.10952647,20
1790700000,149.04,149.07,148.9,149.07,148.94,11.62065314,6
1790700300,149.12,149.19,149.12,149.19,149.14,30.14375065,4
1790700600,149.35,149.41,148.33,148.33,149.11,135.87055618,20
1790700900,148.31,148.44,148.19,148.19,148.29,21.23554372,6
1790701200,148.37,148.37,147.99,148.19,148.17,187.1623373,58
1790701500,148.34,148.56,148.04,148.17,148.34,15.02139971,16
1790701800,147.89,148.03,147.67,148.03,147.72,59.7367643,12
1790702100,148.05,148.05,147.3,147.7,147.59,40.64502662,19
1790702400,147.71,147.71,147.55,147.55,147.59,1.87451502,4
1790702700,148.17,148.17,147.84,147.84,148.04,64.09536958,20
1790703000,147.75,147.76,146.83,147.14,147.40,128.93805558,32
1790703300,147.16,147.23,147.0,147.15,147.12,89.63577312,22
1790703600,146.93,147.03,146.93,147.02,146.99,7.00146912,4
1790703900,147.19,147.19,146.39,146.5,146.74,250.51421175,47
1790704200,146.42,146.6,145.98,146.57,146.23,82.8874284,26
1790704500,146.46,146.54,146.42,146.53,146.48,2.47839714,8
1790704800,146.96,147.68,146.96,147.56,147.38,21.31769127,25
1790705100,147.9,147.9,147.42,147.42,147.59,1.4719607,7
1790705400,147.32,147.39,147.31,147.39,147.36,2.37491081,3
1790705700,147.59,148.35,147.54,147.63,147.90,11.21162095,19
1790706000,147.64,148.31,147.58,147.98,147.68,14.72882475,18
1790706300,148.03,148.09,146.94,146.94,147.76,2.43531953,11
1790706600,147.0,147.42,146.89,147.35,147.10,121.59902715,28
1790706900,147.41,147.8,147.35,147.35,147.42,12.86077208,11
1790707200,146.81,147.0,146.27,146.27,146.51,6.18028181,10
1790707500,146.31,146.31,145.12,145.38,145.44,208.52405444,85
1790707800,145.3,146.15,145.3,146.06,145.99,27.74951655,18
1790708100,146.0,146.13,145.84,146.03,145.91,12.58956636,14
1790708400,146.14,146.44,145.91,146.35,146.10,101.93786079,16
1790708700,146.43,146.81,146.11,146.11,146.69,50.16749461,11
1790709000,145.3,145.46,145.29,145.46,145.40,22.25,5
1790709300,145.45,145.45,145.3,145.32,145.41,40.11851728,10
1790709600,145.42,145.93,145.42,145.93,145.85,38.84376686,9
1790709900,146.17,146.76,146.17,146.75,146.35,58.25189143,10
1790710200,146.79,146.79,146.49,146.49,146.77,30.88328366,13
1790710500,146.46,146.47,146.46,146.46,146.46,3.05945756,5
1790710800,146.35,146.35,146.29,146.32,146.31,26.24047432,7
1790711100,145.83,146.3,145.82,146.04,146.09,10.36314138,7
1790711400,146.04,146.04,145.74,146.01,145.84,14.12742228,10
1790711700,145.88,145.88,145.88,145.88,145.88,2.35503309,1
1790712000,145.87,145.87,145.84,145.84,145.84,2.11464207,3
1790712300,145.84,145.84,145.84,145.84,0.00,0.0,0
1790712600,145.84,145.84,145.84,145.84,0.00,0.0,0
1790712900,146.33,146.33,146.33,146.33,146.33,5.0,1
1790713200,146.49,146.49,146.49,146.49,146.49,0.05,1
1790713500,146.49,146.49,146.49,146.49,0.00,0.0,0
1790713800,146.71,146.71,146.71,146.71,146.71,2.04485039,1
1790714100,146.52,146.52,146.52,146.52,146.52,2.57,1
1790714400,146.67,146.72,146.55,146.55,146.59,31.88560613,8
1790714700,146.28,146.41,146.2,146.41,146.27,9.13187425,27
1790715000,146.5,146.52,146.42,146.42,146.48,2.70116618,4
1790715300,146.41,146.67,146.41,146.49,146.50,9.88534436,16
1790715600,146.37,146.37,146.15,146.23,146.26,41.2084712,10
1790715900,146.28,146.51,146.16,146.51,146.26,56.16043506,14
1790716200,146.48,146.64,146.44,146.64,146.53,3.77107613,4
1790716500,146.6,146.83,146.37,146.37,146.40,14.29266389,8
1790716800,146.13,146.33,146.13,146.33,146.21,21.52435387,5
1790717100,146.39,146.39,146.39,146.39,146.39,0.38863063,1
1790717400,146.54,146.61,146.54,146.61,146.57,0.27275124,2
1790717700,146.61,146.61,146.61,146.61,0.00,0.0,0
1790718000,146.5,146.5,146.5,146.5,146.50,3.41296928,1
1790718300,146.26,146.35,146.26,146.35,146.30,0.429446,2
1790718600,146.76,146.76,146.7,146.7,146.72,0.36500891,2
1790718900,146.7,146.7,146.7,146.7,0.00,0.0,0
1790719200,147.31,147.31,147.23,147.23,147.25,1.71479201,3
1790719500,146.65,146.99,146.65,146.67,146.96,5.54641156,4
1790719800,146.85,147.22,146.73,146.85,146.80,7.42972397,11
1790720100,146.83,147.05,146.79,146.99,146.94,115.46749504,25
1790720400,146.85,146.9,146.5,146.88,146.66,67.51061708,20
1790720700,146.79,146.79,146.45,146.5,146.45,18.974702,7
1790721000,146.5,146.5,146.5,146.5,0.00,0.0,0
1790721300,146.74,146.93,146.74,146.93,146.91,1.6422,5
1790721600,146.93,146.93,146.93,146.93,0.00,0.0,0
1790721900,147.12,147.12,147.12,147.12,147.12,5.0371,3
1790722200,146.93,146.94,146.93,146.94,146.93,0.16850901,2
1790722500,146.39,146.46,146.24,146.46,146.41,6.05265745,11
1790722800,146.26,146.29,146.26,146.29,146.28,1.5924,3
1790723100,146.56,146.93,146.56,146.89,146.81,63.89434766,19
1790723400,147.08,147.08,147.08,147.08,147.08,2.57,1
1790723700,146.89,146.89,146.88,146.88,146.88,18.14398747,2
1790724000,146.84,146.84,146.84,146.84,146.84,0.17025333,1
1790724300,146.72,146.72,146.66,146.66,146.69,8.16363254,5
1790724600,146.43,146.43,146.12,146.12,146.15,3.00693601,4
1790724900,146.36,146.36,146.24,146.24,146.29,28.85477626,12
1790725200,146.07,146.07,145.38,145.38,145.69,10.33845684,18
1790725500,145.59,145.59,145.53,145.53,145.53,0.870054,2
1790725800,145.65,145.65,145.65,145.65,145.65,0.0711,1
1790726100,145.65,145.65,145.65,145.65,0.00,0.0,0
1790726400,145.62,146.36,145.62,146.33,146.02,25.82148341,14
1790726700,145.72,145.72,145.7,145.7,145.70,1.71691504,3
1790727000,145.09,145.09,144.27,144.51,144.72,217.96824353,61
1790727300,144.54,144.54,143.62,143.65,143.81,173.49879836,39
1790727600,143.46,143.57,143.12,143.12,143.35,22.70892003,13
1790727900,143.14,143.33,143.04,143.33,143.20,57.1932655,10
1790728200,143.56,143.81,143.56,143.81,143.80,3.08357623,4
1790728500,143.76,143.77,143.46,143.46,143.69,25.77297315,6
1790728800,143.44,143.44,143.39,143.4,143.39,13.35784675,3
1790729100,142.99,142.99,142.62,142.64,142.79,221.59445887,29
1790729400,142.64,142.64,142.64,142.64,0.00,0.0,0
1790729700,143.11,143.14,143.11,143.14,143.12,10.20259578,5
1790730000,143.51,143.51,143.51,143.51,143.51,0.0711,1
1790730300,143.51,143.51,143.51,143.51,0.00,0.0,0
1790730600,143.51,143.51,143.51,143.51,0.00,0.0,0
1790730900,143.51,143.51,143.51,143.51,0.00,0.0,0
1790731200,142.85,142.96,142.85,142.96,142.90,0.2133,3
1790731500,143.35,143.35,143.35,143.35,143.35,1.74398325,1
1790731800,143.35,143.35,143.35,143.35,0.00,0.0,0
1790732100,142.39,142.39,142.29,142.29,142.32,50.82949521,8
1790732400,142.57,142.57,141.34,142.4,141.96,398.76816117,69
1790732700,142.66,142.66,142.48,142.48,142.53,2.66323222,4
1790733000,142.63,142.78,142.52,142.7,142.58,19.29894343,14
1790733300,142.45,142.45,141.46,142.11,141.91,393.35817077,74
1790733600,142.1,142.1,142.09,142.09,142.09,2.480586,2
1790733900,142.15,142.15,142.06,142.06,142.08,26.48924152,6
1790734200,142.06,142.06,142.06,142.06,0.00,0.0,0
1790734500,141.28,141.32,141.28,141.32,141.28,9.45310811,2
1790734800,141.32,141.32,141.32,141.32,0.00,0.0,0
1790735100,141.0,141.0,140.64,140.64,140.83,60.31191027,10
1790735400,140.64,140.64,140.64,140.64,0.00,0.0,0
1790735700,141.05,141.05,141.05,141.05,141.05,7.87810811,1
1790736000,141.05,141.05,141.05,141.05,0.00,0.0,0
1790736300,141.18,141.42,141.18,141.39,141.32,26.58618084,7
1790736600,141.43,141.59,141.43,141.59,141.55,5.06464423,6
1790736900,141.3,141.3,141.27,141.3,141.27,53.26725167,4
1790737200,141.5,141.5,140.82,140.98,141.03,31.46962782,9
1790737500,140.92,140.92,140.86,140.86,140.91,1.87591577,4
1790737800,140.81,141.13,140.81,141.13,140.89,3.58257209,7
1790738100,141.19,141.2,140.73,140.73,141.07,17.83311715,13
1790738400,141.15,141.35,141.15,141.35,141.21,4.97085064,7
1790738700,141.26,141.39,141.1,141.16,141.25,45.13685486,25
1790739000,140.84,140.84,140.32,140.5,140.53,672.69296008,68
1790739300,140.62,140.68,140.32,140.44,140.48,649.66092122,67
1790739600,140.51,140.74,140.51,140.74,140.68,9.79570789,6
1790739900,140.47,140.72,140.47,140.72,140.68,19.56148391,4
1790740200,140.51,140.51,140.49,140.5,140.50,2.05785584,3
1790740500,140.63,140.73,140.62,140.62,140.65,3.34668401,11
1790740800,140.79,141.51,140.71,141.51,141.31,81.97946523,23
1790741100,141.51,141.51,141.51,141.51,0.00,0.0,0
1790741400,140.89,141.08,140.88,140.97,140.90,4.24220517,12
1790741700,141.35,141.52,141.35,141.52,141.43,5.2349,3
1790742000,141.52,141.52,141.52,141.52,0.00,0.0,0
1790742300,141.5,141.5,141.44,141.45,141.49,11.1,3
1790742600,141.17,141.17,141.17,141.17,141.17,0.05,1
1790742900,141.45,141.91,141.45,141.83,141.48,2.8098,4
1790743200,142.1,142.1,142.1,142.1,142.10,0.05,1
1790743500,142.13,142.13,142.12,142.12,142.12,140.77678018,7
1790743800,141.81,141.82,141.81,141.81,141.81,0.86019409,5
1790744100,142.07,142.07,142.03,142.03,142.05,7.54,2
1790744400,142.01,142.93,142.01,142.28,142.58,215.20083119,46
1790744700,142.33,142.66,142.15,142.15,142.24,117.66494956,22
1790745000,141.9,142.16,141.9,141.9,141.96,42.81122008,16
1790745300,141.93,141.94,141.83,141.83,141.88,23.45002448,5
1790745600,142.34,142.34,142.34,142.34,142.34,0.30546272,1
1790745900,143.06,143.28,143.06,143.28,143.16,81.13957623,23
1790746200,143.3,143.41,143.3,143.41,143.37,6.82884219,4
1790746500,143.25,143.49,143.24,143.24,143.35,33.6128716,10
1790746800,143.1,143.41,143.07,143.35,143.28,44.57997524,18
1790747100,143.33,143.36,143.21,143.21,143.25,9.7550451,8
1790747400,143.36,143.71,143.19,143.19,143.49,0.37855064,5
1790747700,143.12,143.69,143.12,143.69,143.67,15.08284549,7
1790748000,143.66,143.66,143.17,143.41,143.50,10.52162582,9
1790748300,143.62,143.62,143.05,143.05,143.37,9.42329921,12
1790748600,143.25,143.25,142.68,142.69,142.72,29.63675697,6
1790748900,142.76,142.76,142.5,142.57,142.71,51.50787865,12
1790749200,142.44,142.44,142.2,142.29,142.27,34.17258637,8
1790749500,142.0,142.39,141.82,142.39,142.02,88.73783388,12
1790749800,142.05,142.05,142.05,142.05,142.05,6.6903514,1
1790750100,142.04,142.04,141.36,141.67,141.76,19.50035893,13
1790750400,141.42,141.42,141.23,141.23,141.39,2.7598,3
1790750700,141.15,141.15,140.6,140.6,140.87,34.47679833,15
1790751000,140.89,140.89,140.34,140.77,140.55,306.99902823,58
1790751300,141.12,141.12,140.57,140.57,140.86,32.00752488,8
1790751600,140.41,140.6,140.41,140.6,140.52,4.79938878,4
1790751900,140.4,140.4,140.34,140.37,140.36,27.78186212,7
1790752200,140.32,140.36,139.68,139.68,140.10,40.41621935,24
1790752500,140.13,140.13,140.13,140.13,140.13,0.0949,1
1790752800,140.13,140.13,140.13,140.13,0.00,0.0,0
1790753100,140.67,140.67,140.52,140.52,140.60,11.77346659,2
1790753400,140.36,140.56,140.24,140.56,140.33,5.33720727,7
1790753700,140.59,140.61,140.59,140.61,140.60,10.66845446,3
1790754000,140.67,140.83,140.51,140.72,140.60,31.61918047,14
1790754300,140.95,140.96,140.73,140.73,140.78,17.55880227,11
1790754600,140.85,141.09,140.76,140.76,140.98,10.9589393,11
1790754900,140.51,140.6,140.4,140.4,140.46,26.91181253,22
1790755200,140.34,140.35,140.19,140.35,140.31,3.227563,3
1790755500,140.17,140.17,139.81,139.81,139.89,49.20747102,23
1790755800,139.93,140.27,139.92,140.26,140.01,13.09842435,40
1790756100,140.41,141.2,140.41,140.72,140.96,8.59136754,16
1790756400,140.81,141.32,140.74,141.12,141.14,9.86539379,24
1790756700,141.14,141.23,140.96,140.96,141.12,0.919173,8
1790757000,140.63,140.63,140.38,140.46,140.46,12.558086,5
1790757300,140.4,140.73,140.34,140.73,140.62,3.2798,10
1790757600,140.47,140.54,140.46,140.54,140.48,16.04217485,6
1790757900,140.81,141.49,140.58,141.41,141.02,697.60887141,94
1790758200,141.5,141.63,140.65,141.18,140.95,705.81044153,118
1790758500,141.17,141.26,141.09,141.09,141.15,74.41479586,26
1790758800,141.07,141.46,141.02,141.45,141.20,73.90282357,62
1790759100,141.44,141.44,141.19,141.27,141.33,9.10689726,38
1790759400,141.39,141.52,141.32,141.32,141.42,7.83998205,9
1790759700,141.33,141.35,141.19,141.24,141.26,19.49571134,16
1790760000,141.2,141.61,141.2,141.61,141.42,19.67920733,16
1790760300,141.69,141.75,141.51,141.51,141.60,0.999724,7
1790760600,141.7,142.34,141.7,142.34,141.83,5.98871727,12
1790760900,141.66,141.66,141.48,141.48,141.51,14.12961298,3
1790761200,141.49,141.49,141.41,141.41,141.44,7.808453,3
1790761500,141.49,141.49,141.46,141.46,141.46,35.0,6
1790761800,141.64,141.67,141.46,141.49,141.48,6.7364766,9
1790762100,141.56,141.56,141.49,141.49,141.51,0.371384,3
1790762400,141.65,141.73,141.42,141.56,141.60,2.14610043,16
1790762700,141.94,141.94,141.54,141.54,141.64,12.78612919,4
1790763000,141.47,141.66,141.47,141.66,141.56,50.82696275,11
1790763300,141.5,141.69,141.5,141.56,141.59,11.8575815,17
1790763600,141.56,141.89,141.56,141.77,141.74,9.67607739,5
1790763900,141.83,141.91,141.59,141.59,141.70,38.73590183,11
1790764200,141.7,141.7,141.7,141.7,141.70,0.40148203,1
1790764500,142.31,142.31,142.09,142.09,142.16,15.4996405,10
1790764800,141.96,141.96,141.86,141.86,141.90,0.561115,5
1790765100,141.84,141.84,141.4,141.4,141.54,4.4139722,9
1790765400,141.41,141.45,141.4,141.45,141.40,0.71683849,7
1790765700,141.5,141.5,140.96,140.96,141.13,17.76829045,13
1790766000,140.89,140.97,140.61,140.97,140.77,13.22777845,9
1790766300,141.0,141.09,140.98,141.09,141.04,14.88542224,9
1790766600,140.74,140.77,140.74,140.75,140.76,10.151633,6
1790766900,141.3,141.3,141.01,141.06,141.22,12.17758661,14
1790767200,140.91,141.52,140.9,141.48,141.13,11.31316543,10
1790767500,141.48,141.48,141.48,141.48,0.00,0.0,0
1790767800,141.28,141.28,141.02,141.02,141.17,0.35167548,2
1790768100,141.14,141.49,141.14,141.49,141.41,7.55407031,6
1790768400,141.56,141.73,141.55,141.56,141.66,6.43522914,13
1790768700,141.72,141.91,141.61,141.91,141.67,68.42742333,10
1790769000,142.03,142.8,142.03,142.8,142.27,31.41396751,20
1790769300,142.63,142.64,142.46,142.56,142.53,60.0825464,29
1790769600,142.91,143.26,142.91,143.01,142.92,13.14945315,6
1790769900,142.39,142.4,142.24,142.36,142.34,1.06908712,9
1790770200,142.36,142.36,142.08,142.08,142.20,0.71305184,3
1790770500,142.07,142.08,141.6,141.64,142.00,2.07162885,6
1790770800,141.74,142.07,141.55,141.92,141.78,4.22950341,18
1790771100,142.08,142.4,142.08,142.4,142.32,20.6621659,11
1790771400,142.92,145.79,142.9,144.73,145.08,122.86834064,76
1790771700,145.67,145.93,144.03,144.26,144.49,317.91754334,84
1790772000,144.05,144.98,143.91,144.98,144.39,417.57360009,105
1790772300,144.98,145.68,144.35,145.35,144.79,100.41438234,37
1790772600,145.27,145.37,144.86,145.2,145.09,38.81028082,25
1790772900,145.03,145.24,144.38,144.39,144.93,91.06353479,43
1790773200,144.21,144.25,144.19,144.25,144.19,3.22446852,4
1790773500,144.69,144.82,144.69,144.82,144.76,1.4056758,2
1790773800,144.29,145.18,143.96,144.93,144.70,104.68189599,27
1790774100,144.7,144.7,144.65,144.66,144.65,53.58543459,10
1790774400,144.53,144.53,144.53,144.53,144.53,0.05,1
1790774700,144.84,144.99,144.21,144.21,144.77,9.963001,19
1790775000,144.39,144.51,144.28,144.5,144.34,18.0912054,12
1790775300,143.84,143.84,142.14,142.16,142.70,112.21638781,31
1790775600,142.39,142.84,141.55,142.8,142.35,47.00887457,16
1790775900,142.65,142.99,142.61,142.79,142.67,48.81834221,11
1790776200,142.78,142.82,142.7,142.78,142.73,36.36257987,7
1790776500,142.99,142.99,142.61,142.74,142.79,19.14211934,8
1790776800,142.51,142.51,142.15,142.35,142.41,1.46726649,8
1790777100,143.14,143.14,142.53,142.53,143.03,21.3027301,4
1790777400,142.36,142.38,141.23,141.98,141.80,597.67814036,110
1790777700,141.97,141.97,141.0,141.2,141.43,160.26411374,31
1790778000,141.2,141.28,139.92,140.61,140.51,36.08931059,26
1790778300,140.81,140.81,139.81,140.31,140.19,5.537966,6
1790778600,140.33,140.7,140.02,140.16,140.40,35.87926975,45
1790778900,140.29,140.29,139.69,140.29,139.93,205.94346013,45
1790779200,139.6,140.21,139.53,140.21,140.08,2.43705574,8
1790779500,140.1,140.1,140.1,140.1,140.10,0.06652391,2
1790779800,140.43,140.82,140.42,140.58,140.62,16.67523411,12
1790780100,140.49,140.5,140.49,140.5,140.49,5.3323911,2
1790780400,140.71,140.71,140.49,140.49,140.56,0.1449,2
1790780700,140.64,140.74,140.64,140.74,140.73,12.05725387,2
1790781000,140.71,140.71,140.26,140.26,140.37,24.67953579,8
1790781300,140.19,140.19,139.04,139.04,139.61,30.26108415,8
1790781600,139.08,140.25,139.02,140.04,139.37,77.94882442,16
1790781900,139.72,139.72,139.49,139.68,139.70,12.66435301,3
1790782200,140.78,140.78,140.78,140.78,140.78,1.7757657,1
1790782500,140.73,140.78,140.73,140.78,140.75,2.27619893,5
1790782800,140.66,140.66,140.66,140.66,140.66,0.5,1
1790783100,141.12,141.12,141.12,141.12,141.12,0.05,1
1790783400,141.08,141.08,140.93,140.93,141.00,3.88550563,3
1790783700,140.97,140.99,140.93,140.93,140.98,1.05,4
1790784000,141.01,141.43,141.01,141.43,141.21,1.30524828,6
1790784300,141.47,141.64,141.47,141.48,141.59,85.30096673,18
1790784600,141.57,141.59,141.57,141.58,141.58,0.3138,3
1790784900,141.58,141.63,141.48,141.63,141.54,0.2,4
1790785200,141.74,141.8,141.54,141.54,141.78,6.1,9
1790785500,141.53,141.53,141.36,141.36,141.49,0.51057159,2
1790785800,141.16,141.26,141.0,141.21,141.17,29.14257667,9
1790786100,141.06,141.06,141.0,141.0,141.00,5.16572522,3
1790786400,141.69,141.69,141.69,141.69,141.69,0.05,1
1790786700,142.11,142.28,142.0,142.1,142.09,549.17217455,57
1790787000,142.43,142.53,142.35,142.53,142.42,547.85068351,56
1790787300,142.48,142.48,142.48,142.48,142.48,0.08261574,1
1790787600,142.48,142.48,142.48,142.48,0.00,0.0,0
1790787900,142.17,142.49,142.17,142.49,142.38,0.51942562,3
1790788200,142.6,142.62,142.6,142.62,142.61,0.70119317,3
1790788500,142.14,142.25,142.1,142.18,142.16,14.7869376,11
1790788800,141.7,141.99,141.58,141.66,141.87,32.45571229,24
1790789100,141.78,142.13,141.78,142.13,142.12,7.26316932,9
1790789400,141.73,141.74,141.69,141.69,141.71,1.4486,4
1790789700,141.02,141.41,141.02,141.36,141.35,6.47906189,8
1790790000,140.74,140.9,140.68,140.9,140.78,0.38172449,5
1790790300,141.35,141.4,141.07,141.07,141.25,6.12954203,13
1790790600,141.22,141.29,140.84,140.85,140.96,3.4774524,9
1790790900,140.6,140.98,140.6,140.92,140.82,1.9422062,7
1790791200,140.95,140.99,140.62,140.73,140.89,18.00490509,11
1790791500,140.66,140.66,140.6,140.6,140.64,15.03829021,4
1790791800,140.72,140.72,140.51,140.51,140.61,15.89262959,13
1790792100,140.0,140.26,140.0,140.24,140.22,10.84018028,12
1790792400,140.27,140.35,140.06,140.35,140.27,10.26974407,11
1790792700,140.04,140.14,140.04,140.14,140.04,12.01235387,2
1790793000,140.24,140.43,140.1,140.22,140.15,4.29511834,12
1790793300,139.97,139.97,139.78,139.78,139.80,5.5630177,8
1790793600,139.65,139.86,139.51,139.82,139.62,50.64206813,31
1790793900,139.75,139.82,139.75,139.8,139.79,0.20176424,4
1790794200,139.83,139.83,139.83,139.83,139.83,0.0949,1
1790794500,139.83,139.83,139.83,139.83,0.00,0.0,0
1790794800,140.0,140.0,139.83,139.83,139.90,37.47029006,5
1790795100,139.8,139.82,139.77,139.79,139.80,3.84331535,5
1790795400,139.82,139.96,139.39,139.39,139.79,70.57967915,24
1790795700,139.41,139.47,139.0,139.47,139.31,33.05998724,16
1790796000,139.58,139.58,139.39,139.39,139.57,1.63057785,2
1790796300,139.47,139.51,139.47,139.5,139.47,5.49227713,3
1790796600,139.85,140.0,139.85,139.92,139.99,16.17289235,5
1790796900,140.07,140.07,140.02,140.02,140.04,18.14871928,9
1790797200,140.12,140.15,140.12,140.15,140.14,1.0,3
1790797500,140.01,140.11,139.93,140.02,139.96,9.4035928,10
1790797800,139.82,139.82,139.21,139.21,139.62,44.37821347,20
1790798100,139.66,139.66,139.43,139.43,139.57,4.42368759,4
1790798400,139.43,139.43,139.43,139.43,0.00,0.0,0
1790798700,139.77,139.81,139.54,139.81,139.65,7.42553412,12
1790799000,139.81,139.81,139.81,139.81,0.00,0.0,0
1790799300,139.95,140.03,139.92,139.96,139.95,46.62514797,20
1790799600,140.58,140.58,140.46,140.54,140.46,20.24107532,5
1790799900,140.43,140.43,140.43,140.43,140.43,0.0949,1
1790800200,140.08,140.17,139.82,140.12,139.87,85.95796237,22
1790800500,140.07,140.25,140.05,140.16,140.14,19.55682029,13
1790800800,140.16,140.16,140.16,140.16,0.00,0.0,0
1790801100,140.16,140.16,140.16,140.16,0.00,0.0,0
1790801400,140.16,140.16,140.16,140.16,140.16,0.42084758,1
1790801700,140.16,140.16,140.16,140.16,0.00,0.0,0
1790802000,140.3,140.37,140.13,140.15,140.32,23.41826175,14
1790802300,140.15,140.15,139.98,139.98,140.04,0.47357956,2
1790802600,140.07,140.14,139.97,140.04,140.05,19.95981757,13
1790802900,139.9,140.01,139.9,140.01,139.97,4.50368141,5
1790803200,140.01,140.01,140.01,140.01,0.00,0.0,0
1790803500,139.83,139.85,139.75,139.83,139.80,8.8550731,8
1790803800,140.19,140.19,140.11,140.11,140.15,0.34683418,2
1790804100,140.05,140.05,140.05,140.05,140.05,0.21350452,2
1790804400,140.05,140.05,140.05,140.05,0.00,0.0,0
1790804700,140.05,140.05,140.05,140.05,0.00,0.0,0
1790805000,140.05,140.05,140.05,140.05,0.00,0.0,0
1790805300,139.79,139.96,139.77,139.95,139.94,4.81309092,4
1790805600,139.78,139.78,139.78,139.78,139.78,0.13592788,1
1790805900,139.78,139.78,139.78,139.78,0.00,0.0,0
1790806200,139.78,139.78,139.78,139.78,0.00,0.0,0
1790806500,139.78,139.78,139.78,139.78,0.00,0.0,0
1790806800,140.4,140.4,140.4,140.4,140.40,0.5492,1
1790807100,140.57,140.57,140.57,140.57,140.57,0.1129518,2
1790807400,140.57,140.57,140.57,140.57,0.00,0.0,0
1790807700,140.57,140.57,140.57,140.57,0.00,0.0,0
1790808000,140.57,140.57,140.57,140.57,0.00,0.0,0
1790808300,140.85,140.85,140.85,140.85,140.85,6.75652987,1
1790808600,140.85,140.85,140.85,140.85,0.00,0.0,0
1790808900,140.85,140.85,140.85,140.85,140.85,0.25,1
1790809200,141.16,141.21,141.12,141.21,141.14,5.01846273,6
1790809500,141.21,141.21,141.21,141.21,0.00,0.0,0
1790809800,140.9,141.0,140.83,140.9,140.91,26.27970375,10
1790810100,140.82,141.04,140.7,141.02,140.97,46.95544146,19
1790810400,141.26,141.26,141.1,141.1,141.18,2.5723474,3
1790810700,141.08,141.08,140.97,140.97,141.06,2.01633115,4
1790811000,140.97,140.97,140.97,140.97,0.00,0.0,0
1790811300,140.76,140.96,140.72,140.93,140.78,25.17584602,13
1790811600,140.97,141.08,140.91,140.91,140.99,25.85338292,9
1790811900,140.91,140.91,140.91,140.91,0.00,0.0,0
1790812200,140.91,140.91,140.91,140.91,0.00,0.0,0
1790812500,140.72,140.72,140.71,140.71,140.71,1.56874023,3
1790812800,140.78,140.82,140.71,140.71,140.78,64.07116635,6
1790813100,140.54,140.54,140.54,140.54,140.54,6.77921673,1
1790813400,140.46,140.61,140.46,140.61,140.50,9.30280709,2
1790813700,140.24,140.24,139.62,140.18,139.83,856.14899877,41
1790814000,140.3,140.4,140.25,140.31,140.31,38.56315267,12
1790814300,140.44,140.48,140.44,140.48,140.45,10.057,4
1790814600,140.27,140.27,140.02,140.12,140.13,99.13327333,16
1790814900,140.11,140.43,139.97,140.35,140.09,154.45097173,21
1790815200,140.46,140.7,140.46,140.57,140.58,9.33910238,3
1790815500,140.68,140.7,140.54,140.62,140.66,5.70114402,6
1790815800,140.6,140.6,140.6,140.6,140.60,3.55413635,2
1790816100,140.64,140.64,140.64,140.64,140.64,5.015,1
1790816400,140.69,140.69,140.69,140.69,140.69,1.77695642,3
1790816700,140.77,140.78,140.77,140.78,140.77,2.906,4
1790817000,140.94,140.95,140.94,140.94,140.94,5.71932817,3
1790817300,140.93,140.93,140.93,140.93,140.93,5.005,1
1790817600,140.93,140.93,140.93,140.93,0.00,0.0,0
1790817900,142.21,142.38,142.21,142.37,142.21,6.89828291,5
1790818200,142.21,142.74,142.21,142.35,142.65,2.10098327,16
1790818500,142.14,142.22,141.92,141.92,142.16,2.66816813,7
1790818800,142.09,142.34,142.09,142.34,142.26,26.85168339,18
1790819100,142.22,142.29,141.97,142.03,142.13,2.9,58
1790819400,142.21,142.21,142.18,142.18,142.19,10.15723163,5
1790819700,142.18,142.18,142.18,142.18,0.00,0.0,0
1790820000,142.18,142.18,142.18,142.18,0.00,0.0,0
1790820300,142.18,142.18,142.18,142.18,0.00,0.0,0
1790820600,142.53,142.53,142.53,142.53,142.53,8.081,5
1790820900,142.16,142.19,141.87,141.87,142.14,7.52213041,9
1790821200,142.04,142.07,141.94,141.94,141.96,23.17729149,7
1790821500,141.94,141.94,141.94,141.94,0.00,0.0,0
1790821800,143.1,143.24,143.1,143.24,143.14,1.05133951,2
1790822100,143.64,143.64,143.64,143.64,143.64,1.13086872,1
1790822400,143.08,143.5,143.08,143.5,143.43,5.077,4
1790822700,143.59,143.69,143.35,143.43,143.64,5.96808027,10
1790823000,143.54,143.54,143.44,143.49,143.51,1.27825978,4
1790823300,143.49,143.49,143.49,143.49,0.00,0.0,0
1790823600,143.79,144.81,143.79,144.76,144.70,16.18568047,12
1790823900,144.19,144.32,144.18,144.32,144.26,14.19778814,16
1790824200,144.86,144.92,144.78,144.78,144.88,6.05578489,10
1790824500,144.67,145.27,144.49,144.51,144.63,29.97293156,15
1790824800,144.41,144.64,144.41,144.64,144.62,4.72662142,5
1790825100,144.32,144.66,144.29,144.57,144.49,5.2433639,4
1790825400,144.57,145.72,144.35,145.72,145.36,754.78767393,63
1790825700,145.04,145.98,145.03,145.79,145.47,796.10066381,65
1790826000,145.72,147.03,145.52,146.61,146.46,64.44655851,24
1790826300,146.59,146.61,145.87,145.87,146.29,40.57269835,14
1790826600,146.26,146.34,145.81,146.08,145.95,61.47508756,12
1790826900,145.97,146.25,145.81,146.25,146.01,41.32732772,15
1790827200,146.3,146.42,146.0,146.0,146.25,70.02432341,12
1790827500,145.99,145.99,145.99,145.99,145.99,0.39478028,1
1790827800,146.41,147.33,146.41,147.03,146.64,20.78287915,8
1790828100,147.21,147.21,146.99,146.99,147.11,4.44072793,7
1790828400,147.57,148.4,147.57,148.4,147.81,550.88252834,44
1790828700,148.12,148.58,148.0,148.34,148.10,11.26410905,11
1790829000,148.27,148.27,147.47,147.47,147.87,22.90635684,11
1790829300,147.34,147.54,147.04,147.04,147.42,103.17181682,24
1790829600,146.94,147.11,146.69,146.82,146.86,59.23823788,84
1790829900,146.85,147.41,146.37,146.44,146.96,58.75520165,35
1790830200,146.52,147.17,146.52,146.89,146.89,218.8488915,34
1790830500,146.85,147.06,146.46,146.46,146.56,19.88526194,5
1790830800,146.46,146.46,146.46,146.46,0.00,0.0,0
1790831100,146.72,146.72,146.72,146.72,146.72,4.81,1
1790831400,146.9,146.9,146.9,146.9,146.90,0.07264312,1
1790831700,147.25,147.56,146.65,147.56,147.00,711.77346032,162
1790832000,147.56,147.56,147.56,147.56,0.00,0.0,0
1790832300,147.56,147.56,147.56,147.56,0.00,0.0,0
1790832600,147.19,147.19,147.19,147.19,147.19,0.71371428,2
1790832900,147.19,147.19,147.19,147.19,0.00,0.0,0
1790833200,147.19,147.19,147.19,147.19,0.00,0.0,0
1790833500,147.74,147.74,147.74,147.74,147.74,35.1716376,4
1790833800,148.19,148.4,148.19,148.4,148.19,13.69155315,12
1790834100,148.28,148.28,148.28,148.28,148.28,0.33719989,1
1790834400,148.55,148.55,148.5,148.53,148.50,3.70636428,3
1790834700,148.3,148.3,148.3,148.3,148.30,0.1029,1
1790835000,147.88,148.32,147.88,148.31,147.95,7.58750553,6
1790835300,148.16,148.31,148.0,148.31,148.07,1.723367,8
1790835600,148.34,148.63,148.34,148.63,148.40,0.56877788,6
1790835900,148.69,148.69,148.62,148.62,148.64,0.23589872,2
1790836200,148.8,148.98,148.23,148.31,148.35,72.1899935,28
1790836500,148.77,149.0,148.18,148.18,148.82,217.41564668,46
1790836800,148.15,148.27,148.15,148.25,148.24,6.191979,7
1790837100,148.15,148.15,148.15,148.15,148.15,4.87195933,25
1790837400,148.16,148.24,148.16,148.16,148.19,2.54613336,4
1790837700,148.43,148.48,148.43,148.47,148.44,2.98607757,6
1790838000,148.47,148.47,148.47,148.47,0.00,0.0,0
1790838300,148.47,148.47,148.47,148.47,0.00,0.0,0
1790838600,148.98,148.98,148.56,148.6,148.88,0.91460393,4
1790838900,148.04,148.25,147.85,147.85,147.93,33.43442774,7
1790839200,147.13,147.13,146.73,146.73,146.79,2.03684852,2
1790839500,146.04,146.04,144.99,145.68,145.41,50.17845101,7
1790839800,146.05,146.74,146.05,146.74,146.17,11.41298559,5
1790840100,146.32,146.32,146.22,146.22,146.27,0.85306955,2
1790840400,145.94,145.94,145.94,145.94,145.94,0.37444206,1
1790840700,146.0,146.53,145.95,146.53,146.35,75.43151665,14
1790841000,145.79,145.79,145.68,145.68,145.71,40.66966979,4
1790841300,145.41,145.56,145.41,145.48,145.49,27.62750687,3
1790841600,145.48,145.48,145.48,145.48,0.00,0.0,0
1790841900,145.84,145.84,145.78,145.78,145.79,3.415638,4
1790842200,145.87,145.87,145.1,145.1,145.20,35.31652974,7
1790842500,145.44,146.47,145.43,146.21,145.68,43.1619467,18
1790842800,146.33,146.34,146.33,146.34,146.33,10.14884165,2
1790843100,146.52,147.24,146.48,146.48,146.75,291.65494818,68
1790843400,146.36,146.37,145.79,145.89,146.09,38.56651963,14
1790843700,146.56,146.56,146.5,146.5,146.52,1.213866,2
1790844000,147.05,147.1,146.8,146.8,146.93,32.19562792,20
1790844300,146.9,146.9,146.89,146.9,146.89,1289.91715474,111
1790844600,146.76,146.81,146.76,146.81,146.80,12.030283,2
1790844900,146.72,147.09,146.72,146.8,146.90,13.65449915,4
1790845200,146.05,146.25,146.05,146.25,146.05,12.51518487,7
1790845500,146.09,146.19,145.84,146.17,146.03,2.82446972,10
1790845800,146.27,146.49,145.98,146.1,146.24,11.32922946,23
1790846100,145.88,145.88,145.6,145.77,145.73,1.06506807,4
1790846400,145.76,146.15,145.76,146.14,145.93,16.31455449,11
1790846700,145.89,146.04,145.89,145.93,145.98,0.51043764,7
1790847000,146.1,147.0,145.86,146.25,146.49,1518.13897797,138
1790847300,146.45,146.9,146.3,146.71,146.66,780.52880204,89
1790847600,146.61,146.61,146.39,146.39,146.43,7.47924496,5
1790847900,146.36,146.36,146.13,146.13,146.13,25.42811493,5
1790848200,146.04,146.04,145.65,145.71,145.89,23.79579011,10
1790848500,145.75,146.0,145.5,146.0,145.76,23.65975131,7
1790848800,145.76,145.76,144.79,144.79,145.22,53.01866356,13
1790849100,144.51,145.24,144.51,145.24,145.06,9.37662758,3
1790849400,145.24,145.24,145.24,145.24,0.00,0.0,0
1790849700,145.32,145.43,145.14,145.43,145.24,16.1648315,6
1790850000,145.27,145.51,145.24,145.32,145.41,23.31038251,14
1790850300,145.2,145.28,144.97,145.16,145.21,30.70813681,17
1790850600,145.34,145.36,145.34,145.36,145.35,0.5263,2
1790850900,145.45,145.79,145.45,145.79,145.57,17.55991371,3
1790851200,145.74,145.74,145.73,145.73,145.73,1.71540709,2
1790851500,146.34,146.34,146.31,146.31,146.32,11.1,6
1790851800,146.42,146.42,146.08,146.4,146.20,108.64315802,21
1790852100,146.31,146.32,145.83,146.08,145.95,105.34998427,23
1790852400,145.51,145.52,145.22,145.37,145.34,39.56376723,19
1790852700,145.25,145.25,145.25,145.25,145.25,0.43657831,1
1790853000,145.25,145.25,145.25,145.25,0.00,0.0,0
1790853300,145.79,146.29,145.74,146.17,146.05,198.44388021,29
1790853600,146.16,146.53,146.08,146.08,146.13,56.54239285,16
1790853900,146.17,146.51,146.17,146.51,146.21,3.78706308,3
1790854200,146.43,146.64,146.15,146.16,146.50,7.44388082,6
1790854500,146.89,146.99,146.89,146.99,146.97,6.46718644,3
1790854800,146.82,146.82,146.58,146.65,146.71,8.49216643,10
1790855100,146.89,147.09,146.81,146.85,146.92,10.13067375,20
1790855400,146.91,147.38,146.67,146.76,146.96,60.35659027,24
1790855700,146.93,147.04,146.79,146.79,146.94,15.13594818,14
1790856000,146.79,146.79,146.79,146.79,0.00,0.0,0
1790856300,146.8,146.8,146.67,146.67,146.78,10.44747023,7
1790856600,146.83,146.83,146.59,146.69,146.69,1.59363385,5
1790856900,146.7,146.7,146.37,146.37,146.38,7.21665009,5
1790857200,146.36,146.36,146.26,146.26,146.35,2.81890016,2
1790857500,145.11,145.77,145.11,145.32,145.25,31.01233829,10
1790857800,145.25,145.25,145.18,145.2,145.20,5.56262926,3
1790858100,145.55,145.55,145.33,145.33,145.34,1.49110825,2
1790858400,145.69,145.77,145.69,145.77,145.76,1.42202442,3
1790858700,145.49,145.49,145.1,145.1,145.11,22.34230518,5
1790859000,145.3,145.37,145.0,145.0,145.09,104.38830709,15
1790859300,145.21,145.22,144.33,144.33,144.65,58.17935475,29
1790859600,144.48,144.48,144.29,144.29,144.39,6.96225479,3
1790859900,144.0,144.56,144.0,144.41,144.52,18.16732398,9
1790860200,143.83,144.3,143.83,144.2,144.13,129.41071579,28
1790860500,144.22,144.27,144.08,144.09,144.17,26.83310907,13
1790860800,144.38,144.38,144.33,144.33,144.35,0.705489,2
1790861100,144.39,144.42,144.35,144.38,144.36,4.32208836,6
1790861400,144.17,145.08,143.98,145.07,144.18,44.3924248,10
1790861700,144.76,145.61,144.76,145.25,145.52,34.1994026,14
1790862000,145.17,145.62,145.14,145.49,145.22,8.88301109,10
1790862300,145.72,145.84,145.6,145.76,145.71,1.84587336,9
1790862600,145.28,146.65,145.28,146.57,146.08,1027.66344863,130
1790862900,146.65,147.1,146.38,146.86,146.82,167.98021357,52
1790863200,147.13,147.13,146.21,146.79,146.65,91.98513927,39
1790863500,146.79,151.12,146.55,151.1,149.33,1164.24127233,201
1790863800,150.97,151.09,148.73,148.73,149.93,515.64224746,110
1790864100,149.06,149.79,148.47,149.62,149.22,185.06677823,51
1790864400,149.34,151.31,149.19,150.74,150.30,3489.35538117,382
1790864700,150.81,151.06,150.3,150.4,150.74,401.78658709,71
1790865000,150.39,150.48,150.07,150.46,150.28,167.34176159,31
1790865300,150.88,151.15,149.93,149.93,150.41,1659.81287477,74
1790865600,149.68,149.68,147.44,147.59,148.59,106.67614818,21
1790865900,148.05,148.27,146.86,146.97,147.01,459.66184491,32
1790866200,146.9,147.37,146.35,147.34,146.93,702.25873504,57
1790866500,147.53,148.0,147.15,147.43,147.40,113.14375439,27
1790866800,147.45,148.52,147.44,148.52,148.00,72.26438732,16
1790867100,148.95,148.95,146.95,146.95,148.10,62.91911029,10
1790867400,147.08,147.43,146.88,147.19,147.02,390.88121927,64
1790867700,147.84,149.22,147.84,149.22,149.16,66.17946616,16
1790868000,149.4,149.57,149.11,149.21,149.37,48.59096803,13
1790868300,149.31,149.37,148.64,148.64,148.84,14.88233808,10
1790868600,148.18,148.88,148.05,148.81,148.37,78.94580907,9
1790868900,149.3,149.3,149.3,149.3,149.30,4.05665266,1
1790869200,149.18,149.26,148.86,148.99,149.11,15.43538969,7
1790869500,149.24,150.0,149.18,149.99,149.63,60.2507759,27
1790869800,149.8,150.12,149.41,149.53,149.54,61.40098795,16
1790870100,149.71,149.85,149.71,149.82,149.73,58.34381317,11
1790870400,149.73,149.93,148.84,149.21,149.24,116.51292357,27
1790870700,149.21,149.21,149.21,149.21,0.00,0.0,0
1790871000,149.04,149.08,147.99,148.07,148.42,31.65033728,24
1790871300,148.5,149.08,148.18,148.63,148.84,316.73893233,46
1790871600,148.45,148.91,148.44,148.91,148.55,84.95015351,8
1790871900,148.61,148.69,148.61,148.64,148.64,1.53179544,7
1790872200,149.02,149.99,149.02,149.99,149.34,45.1217162,6
1790872500,149.42,149.42,148.87,148.87,149.40,29.66258696,3
1790872800,148.87,148.87,148.87,148.87,0.00,0.0,0
1790873100,149.09,149.25,148.53,148.53,149.19,27.0251556,7
1790873400,148.8,148.8,148.62,148.62,148.79,33.65972457,7
1790873700,147.72,147.72,147.72,147.72,147.72,11.96235387,1
1790874000,148.18,148.3,146.83,147.99,148.05,60.45790788,21
1790874300,148.22,148.22,148.22,148.22,148.22,2.1056,2
1790874600,148.0,148.0,147.53,147.53,147.65,16.886,13
1790874900,148.02,148.75,148.02,148.75,148.35,24.64797144,18
1790875200,148.89,150.15,148.77,149.81,149.70,361.6512847,29
1790875500,149.72,149.79,149.48,149.55,149.67,128.26793898,17
1790875800,149.54,150.14,149.54,149.7,149.76,91.72948079,10
1790876100,150.03,150.53,150.03,150.53,150.22,22.75970364,15
1790876400,150.79,151.2,150.78,151.2,151.07,197.41462376,22
1790876700,151.26,152.26,151.03,151.86,151.55,339.96029566,75
1790877000,152.0,152.4,151.57,152.03,152.04,46.46390045,18
1790877300,151.88,152.35,151.88,152.21,152.19,49.92689654,16
1790877600,152.01,152.01,151.02,151.41,151.54,53.44104721,35
1790877900,151.13,151.13,150.76,150.76,150.97,30.86718849,9
1790878200,150.69,150.92,150.56,150.56,150.78,41.47938358,28
1790878500,150.38,150.5,150.35,150.5,150.48,5.10947197,3
1790878800,150.35,150.69,150.35,150.48,150.47,119.75634388,20
1790879100,150.27,150.28,150.27,150.28,150.27,0.13295847,2
1790879400,150.16,150.16,150.16,150.16,150.16,0.06659563,1
1790879700,150.63,151.15,150.24,151.15,150.97,39.83523306,7
1790880000,149.86,149.86,149.86,149.86,149.86,1.33457894,1
1790880300,149.46,149.46,149.32,149.32,149.40,50.59392863,6
1790880600,148.74,148.97,148.43,148.91,148.73,79.89042739,19
1790880900,149.15,149.5,149.15,149.5,149.42,3.72855082,3
1790881200,149.32,149.49,149.04,149.27,149.21,48.10238157,17
1790881500,149.12,149.12,149.12,149.12,149.12,0.11001594,2
1790881800,149.24,149.25,149.15,149.15,149.19,17.9526,5
1790882100,148.82,148.82,148.82,148.82,148.82,1.0,1
1790882400,148.86,148.86,148.59,148.59,148.70,0.15694381,2
1790882700,148.52,148.52,148.28,148.33,148.47,3.62603696,4
1790883000,148.21,148.72,148.21,148.72,148.33,0.6086,4
1790883300,149.01,149.04,148.77,149.04,148.85,11.3431225,7
1790883600,149.2,149.29,149.19,149.29,149.20,0.56953218,4
1790883900,149.52,149.68,149.52,149.68,149.60,0.1143521,2
1790884200,150.25,150.73,150.25,150.73,150.54,8.68451213,7
1790884500,150.28,150.28,150.14,150.14,150.14,6.39,12
1790884800,151.04,151.14,150.97,150.97,151.06,15.62725838,4
1790885100,151.46,151.81,151.37,151.81,151.54,8.29151861,7
1790885400,152.16,152.31,151.48,151.48,152.02,86.68538591,18
1790885700,151.57,151.57,151.21,151.21,151.29,21.81986947,7
1790886000,151.31,151.58,150.95,150.95,151.32,104.1335533,13
1790886300,150.82,151.17,150.82,151.04,151.08,19.12931488,3
1790886600,151.22,151.32,151.02,151.16,151.23,82.14051301,9
1790886900,151.31,151.44,151.16,151.19,151.21,15.94883313,8
1790887200,151.27,151.29,150.68,151.17,151.07,30.99065199,15
1790887500,151.15,151.27,151.04,151.27,151.15,19.03150501,3
1790887800,151.27,151.27,151.27,151.27,0.00,0.0,0
1790888100,151.16,151.16,151.16,151.16,151.16,0.25800476,1
1790888400,151.12,151.12,151.12,151.12,151.12,1.17005226,1
1790888700,151.37,151.39,151.37,151.39,151.38,6.39092707,3
1790889000,151.35,151.35,150.95,150.95,150.98,7.01808995,2
1790889300,150.78,151.11,150.65,151.07,150.82,26.87170185,9
1790889600,151.58,151.58,151.23,151.23,151.31,3.92033644,4
1790889900,151.28,151.28,151.28,151.28,151.28,0.11327506,1
1790890200,150.8,151.05,150.8,151.05,150.82,181.11830029,4
1790890500,150.72,151.16,150.71,150.71,150.99,54.55131711,15
1790890800,150.57,150.71,150.47,150.69,150.69,37.69868492,12
1790891100,150.37,151.04,150.37,151.0,150.94,210.42478331,16
1790891400,150.8,150.8,150.8,150.8,150.80,0.58508619,2
1790891700,150.8,150.8,150.8,150.8,0.00,0.0,0
1790892000,150.67,152.11,150.67,152.11,150.91,0.79855201,2
1790892300,152.57,152.94,152.01,152.08,152.67,4.72443192,11
1790892600,152.14,152.88,152.14,152.51,152.31,23.12359707,5
1790892900,151.94,152.12,151.91,152.11,152.02,3.1842148,25
1790893200,152.17,152.18,152.11,152.11,152.17,2.68255404,8
1790893500,152.22,152.24,152.22,152.24,152.23,0.79912,2
1790893800,152.24,152.24,152.24,152.24,0.00,0.0,0
1790894100,152.79,152.84,152.69,152.7,152.71,2.66523497,7
1790894400,152.5,152.5,152.0,152.0,152.10,435.22719491,106
1790894700,151.77,151.86,151.75,151.86,151.76,8.31464634,7
1790895000,152.33,152.95,152.33,152.95,152.48,0.95348233,5
1790895300,152.79,152.79,152.68,152.68,152.69,1.73231157,7
1790895600,152.68,152.68,152.68,152.68,0.00,0.0,0
1790895900,153.28,153.28,153.06,153.06,153.23,1.13500372,2
1790896200,152.65,152.65,152.38,152.51,152.50,10.43398814,18
1790896500,152.51,152.51,152.51,152.51,0.00,0.0,0
1790896800,152.75,154.11,152.75,154.11,153.50,42.68242973,20
1790897100,153.42,153.63,153.32,153.51,153.58,35.18234341,17
1790897400,153.83,153.83,153.83,153.83,153.83,0.05246051,1
1790897700,153.83,153.83,153.83,153.83,0.00,0.0,0
1790898000,153.45,153.47,153.45,153.47,153.46,6.51635128,3
1790898300,152.72,152.83,152.47,152.47,152.62,23.23125852,10
1790898600,152.96,152.96,152.82,152.82,152.94,4.24812235,2
1790898900,152.45,152.45,152.43,152.43,152.43,6.38644939,2
1790899200,152.32,152.32,151.98,151.98,152.29,4.97525631,7
1790899500,152.24,152.25,151.85,151.85,152.09,5.49821481,8
1790899800,152.15,152.31,151.92,152.28,152.27,58.84009029,21
1790900100,152.35,152.93,152.32,152.93,152.64,69.3888217,16
1790900400,153.24,153.38,153.23,153.38,153.26,3.05729796,4
1790900700,153.38,153.38,153.38,153.38,0.00,0.0,0
1790901000,153.64,153.81,153.63,153.81,153.63,9.24290192,6
1790901300,153.8,153.8,153.8,153.8,153.80,0.0949,1
1790901600,154.57,155.34,154.27,154.85,154.96,357.54301451,87
1790901900,155.25,155.64,155.24,155.59,155.47,13.00597034,30
1790902200,155.38,155.4,154.81,154.81,155.04,40.8248452,12
1790902500,154.15,154.17,153.72,153.72,153.82,29.29555246,6
1790902800,153.75,153.75,153.23,153.23,153.48,12.60143823,4
1790903100,152.89,154.75,152.64,154.61,153.56,467.0547962,108
1790903400,154.73,154.91,154.51,154.51,154.82,53.62180477,22
1790903700,154.68,154.86,154.58,154.58,154.64,19.71163824,10
1790904000,154.52,155.21,154.48,155.21,154.58,9.31357523,16
1790904300,155.47,156.3,155.35,155.92,155.84,184.50972489,64
1790904600,156.04,158.22,156.04,158.0,157.36,281.33482775,102
1790904900,158.0,158.15,155.46,155.64,157.26,514.71833577,96
1790905200,155.53,155.53,154.76,154.76,155.18,77.8476149,14
1790905500,154.55,155.57,154.55,155.57,155.19,84.46819575,22
1790905800,155.8,156.65,155.8,156.65,155.83,28.79555683,8
1790906100,156.72,156.88,156.68,156.68,156.78,17.91222139,10
1790906400,156.75,156.75,156.1,156.1,156.65,1.87605614,2
1790906700,156.03,156.11,155.77,155.77,155.95,28.40999188,11
1790907000,155.8,155.8,155.8,155.8,155.80,0.05,1
1790907300,156.06,156.3,156.06,156.3,156.10,4.331,5
1790907600,155.93,156.08,155.85,155.85,155.92,4.31482314,8
1790907900,155.31,155.52,155.31,155.31,155.32,1.89999621,6
1790908200,155.14,155.86,155.14,155.86,155.15,18.78045105,5
1790908500,155.72,155.72,155.33,155.71,155.45,35.00407295,15
1790908800,156.01,156.03,156.01,156.03,156.02,0.5625,2
1790909100,156.03,156.03,156.03,156.03,0.00,0.0,0
1790909400,156.01,156.01,156.01,156.01,156.01,0.0949,1
1790909700,155.93,155.93,155.93,155.93,155.93,10.2421,2
1790910000,156.03,156.29,156.03,156.12,156.14,50.159051,20
1790910300,156.56,156.56,155.47,155.48,156.36,54.30529617,12
1790910600,154.85,155.3,154.71,155.11,154.92,171.543866,30
1790910900,154.91,155.47,154.86,154.86,155.21,207.94603556,55
1790911200,154.7,154.7,154.4,154.4,154.63,0.4318579,4
1790911500,155.21,155.67,155.21,155.59,155.38,63.10629065,21
1790911800,155.52,155.52,155.52,155.52,155.52,0.05287329,1
1790912100,155.76,156.1,155.76,156.1,156.09,23.59110958,5
1790912400,156.96,156.96,156.96,156.96,156.96,9.06663076,1
1790912700,156.96,156.98,155.44,155.44,155.85,153.83630852,50
1790913000,155.84,155.84,155.23,155.34,155.55,364.46513586,80
1790913300,156.57,157.11,156.57,157.11,156.71,62.94869707,7
1790913600,156.69,157.13,156.67,156.88,156.87,9.43903946,5
1790913900,156.72,156.72,156.69,156.7,156.70,1.03110409,4
1790914200,156.76,157.79,156.75,157.79,157.45,34.17186673,5
1790914500,157.52,157.6,157.0,157.34,157.42,165.39465459,37
1790914800,157.55,158.71,157.53,158.53,158.25,361.63292901,71
1790915100,159.0,162.39,159.0,161.59,161.27,248.13974001,82
1790915400,161.04,161.82,161.03,161.13,161.36,125.56119376,41
1790915700,161.28,161.99,161.28,161.98,161.63,181.71941683,108
1790916000,162.4,163.15,162.3,163.13,162.76,98.31812698,44
1790916300,162.98,163.74,162.98,163.25,163.30,6.4944213,18
1790916600,163.28,166.34,163.03,165.45,164.86,473.24782049,117
1790916900,164.72,165.67,164.66,165.5,164.71,227.06376916,29
1790917200,166.0,166.41,165.65,165.65,165.93,94.29484846,31
1790917500,165.67,165.67,163.38,163.7,163.64,407.24176887,62
1790917800,163.48,163.48,163.18,163.35,163.41,22.16706431,8
1790918100,163.09,163.09,162.58,162.64,162.83,5.23318253,8
1790918400,162.57,163.23,162.4,163.09,162.73,84.55867573,70
1790918700,162.62,162.64,162.35,162.35,162.56,0.76686682,6
1790919000,162.65,162.65,161.8,161.89,162.15,4.42124617,12
