time,open,high,low,close,vwap,volume,count
1790463900,0.222028,0.222402,0.222028,0.222402,0.222149,13126.57151184,14
1790464200,0.222495,0.222495,0.222495,0.222495,0.222495,800.0,1
1790464500,0.222387,0.222576,0.222227,0.222576,0.222462,7626.66307215,9
1790464800,0.222537,0.222539,0.22229,0.22229,0.222461,17801.9915965,18
1790465100,0.222367,0.222432,0.222327,0.222409,0.222367,14934.98799949,11
1790465400,0.222463,0.222463,0.222447,0.222461,0.222458,4853.76002696,4
1790465700,0.222626,0.22286,0.222626,0.22286,0.222782,29862.13107077,24
1790466000,0.222737,0.222864,0.222652,0.222652,0.222773,11422.38877305,7
1790466300,0.222662,0.223221,0.222662,0.22322,0.223047,11257.85277937,16
1790466600,0.223368,0.223628,0.223368,0.22349,0.223558,17776.83173232,13
1790466900,0.223355,0.223362,0.223287,0.223287,0.223320,5251.73843431,8
1790467200,0.223127,0.223127,0.22259,0.222618,0.222822,20820.90358261,11
1790467500,0.222331,0.222414,0.221896,0.222414,0.222167,44792.94417238,24
1790467800,0.222306,0.222351,0.222077,0.222077,0.222225,9892.55334986,9
1790468100,0.221744,0.221744,0.221744,0.221744,0.221744,1980.2041613,1
1790468400,0.222112,0.222112,0.222112,0.222112,0.222112,1976.9143703,1
1790468700,0.221844,0.221959,0.221652,0.221652,0.221782,16448.75097925,20
1790469000,0.221933,0.221936,0.221688,0.221936,0.221758,39278.03485268,31
1790469300,0.222118,0.222118,0.221983,0.221983,0.222094,114.82388824,2
1790469600,0.22178,0.221927,0.221592,0.221732,0.221836,73212.9820824,30
1790469900,0.221973,0.221973,0.221212,0.221212,0.221477,17943.7508699,13
1790470200,0.221,0.22115,0.221,0.22115,0.221011,10939.6588284,5
1790470500,0.221092,0.221168,0.22093,0.221168,0.221001,5323.39247347,4
1790470800,0.221114,0.221114,0.220691,0.220762,0.220904,11025.33318247,16
1790471100,0.22076,0.221117,0.220516,0.221095,0.220793,20190.74066532,18
1790471400,0.221179,0.221586,0.221179,0.221489,0.221443,24511.35845793,13
1790471700,0.221484,0.221669,0.220638,0.220704,0.221183,41364.27868162,22
1790472000,0.2205,0.2205,0.220206,0.220228,0.220397,18560.00832805,11
1790472300,0.220332,0.220341,0.220332,0.220335,0.220336,4392.80510464,5
1790472600,0.220367,0.220678,0.220367,0.220574,0.220573,2879.06868294,4
1790472900,0.220508,0.220596,0.220508,0.220596,0.220576,4780.99816489,3
1790473200,0.220656,0.220676,0.220656,0.220676,0.220661,2789.7046988,2
1790473500,0.221285,0.221352,0.221115,0.221352,0.221225,19856.8951942,6
1790473800,0.221644,0.222076,0.221644,0.222076,0.221712,9848.6098399,7
1790474100,0.22219,0.222201,0.221607,0.221664,0.221667,6912.2095966,8
1790474400,0.221954,0.222172,0.221765,0.221927,0.221932,55788.09249916,29
1790474700,0.221925,0.222506,0.221734,0.222408,0.222071,17956.77830502,19
1790475000,0.222339,0.222594,0.222134,0.222245,0.222377,37079.03466733,22
1790475300,0.222395,0.222407,0.222395,0.222407,0.222400,3987.58315783,3
1790475600,0.222418,0.222576,0.222372,0.222496,0.222502,55845.68798279,10
1790475900,0.222238,0.222238,0.222136,0.222136,0.222220,6130.72598325,7
1790476200,0.222067,0.222067,0.222067,0.222067,0.222067,27.00975051,1
1790476500,0.222072,0.222072,0.222042,0.222042,0.222051,2905.344542,2
1790476800,0.221965,0.221965,0.221854,0.221905,0.221884,6811.96801827,7
1790477100,0.221559,0.221599,0.221545,0.221597,0.221587,12945.74914102,9
1790477400,0.221597,0.221597,0.221597,0.221597,0.000000,0.0,0
1790477700,0.221461,0.221531,0.221228,0.221369,0.221393,13558.45961983,10
1790478000,0.22136,0.221599,0.22136,0.221567,0.221558,7437.89390127,6
1790478300,0.221736,0.221736,0.221642,0.221642,0.221734,2375.26534619,3
1790478600,0.221451,0.221604,0.22135,0.221604,0.221396,17466.576918,7
1790478900,0.221502,0.22151,0.221502,0.22151,0.221504,2880.0,2
1790479200,0.221328,0.221328,0.221193,0.221193,0.221280,9456.5669591,8
1790479500,0.221193,0.221193,0.221193,0.221193,0.000000,0.0,0
1790479800,0.22105,0.221166,0.22105,0.221166,0.221088,5957.02329345,3
1790480100,0.221181,0.221454,0.221033,0.221454,0.221133,73646.6490696,22
1790480400,0.221422,0.221512,0.221389,0.221398,0.221439,12578.99079666,13
1790480700,0.221225,0.221274,0.221225,0.221274,0.221228,2141.0469717,2
1790481000,0.221145,0.221245,0.221145,0.221237,0.221178,1249.04130182,3
1790481300,0.221237,0.221237,0.221237,0.221237,0.000000,0.0,0
1790481600,0.220964,0.221285,0.220537,0.220537,0.220883,55717.79742265,28
1790481900,0.220494,0.220647,0.220494,0.220647,0.220533,4073.79206124,3
1790482200,0.22135,0.22135,0.22135,0.22135,0.221350,112.9387059,1
1790482500,0.221463,0.221558,0.221432,0.221432,0.221488,13066.47698403,13
1790482800,0.221083,0.221348,0.221083,0.221265,0.221245,16256.09251035,16
1790483100,0.221051,0.221068,0.220991,0.220991,0.221051,4473.8846488,3
1790483400,0.220584,0.220584,0.220418,0.220418,0.220545,2590.5069181,2
1790483700,0.220313,0.220313,0.22,0.22,0.220079,20384.71527755,9
1790484000,0.220078,0.220119,0.219985,0.220003,0.220058,6767.98851773,8
1790484300,0.219965,0.220028,0.2195,0.219932,0.219889,131397.89804508,46
1790484600,0.219932,0.219932,0.219932,0.219932,0.000000,0.0,0
1790484900,0.219987,0.22005,0.219987,0.22005,0.220047,63142.13920228,10
1790485200,0.219995,0.220561,0.21999,0.220561,0.220243,5900.0045574,9
1790485500,0.220978,0.221413,0.220978,0.221289,0.221226,13102.35833105,9
1790485800,0.221482,0.221482,0.221198,0.221229,0.221444,2345.43696088,4
1790486100,0.221507,0.221507,0.221507,0.221507,0.221507,156.621,1
1790486400,0.221553,0.222056,0.221538,0.221864,0.221768,19394.43023413,20
1790486700,0.221855,0.221907,0.221749,0.221749,0.221808,15021.29878893,13
1790487000,0.221736,0.221999,0.221499,0.221999,0.221708,32991.18206822,27
1790487300,0.222007,0.223277,0.222007,0.222303,0.222547,32559.65514714,25
1790487600,0.222001,0.222132,0.221918,0.222132,0.221984,21996.4235178,17
1790487900,0.222365,0.22276,0.222365,0.222655,0.222529,6319.75342466,8
1790488200,0.222661,0.222671,0.222385,0.222457,0.222449,8128.5905323,12
1790488500,0.222498,0.222498,0.222286,0.222286,0.222375,12457.82627934,11
1790488800,0.222329,0.222563,0.222329,0.222385,0.222414,8564.87130425,7
1790489100,0.222359,0.222779,0.222359,0.222725,0.222654,15062.23977979,14
1790489400,0.223045,0.224053,0.222994,0.224023,0.223529,29737.65502612,30
1790489700,0.224006,0.224057,0.2235,0.224029,0.223832,29540.76693789,26
1790490000,0.223983,0.224198,0.223626,0.224163,0.223826,32812.30082769,30
1790490300,0.224301,0.224792,0.224301,0.22446,0.224469,29261.74352147,10
1790490600,0.2242,0.2242,0.223381,0.2234,0.223654,35780.88748543,19
1790490900,0.224048,0.224347,0.224048,0.224347,0.224051,1981.951455,2
1790491200,0.224348,0.224622,0.224146,0.224569,0.224292,16808.80809791,14
1790491500,0.224569,0.224985,0.224569,0.224741,0.224907,45686.06722413,26
1790491800,0.224741,0.224741,0.224741,0.224741,0.000000,0.0,0
1790492100,0.224593,0.224607,0.224327,0.22442,0.224465,7889.72050128,6
1790492400,0.224192,0.22458,0.224192,0.22458,0.224500,7313.23946136,5
1790492700,0.224458,0.224458,0.223832,0.224286,0.224184,14132.80211182,14
1790493000,0.224493,0.22467,0.224424,0.224522,0.224516,16440.66364899,18
1790493300,0.224528,0.224711,0.224297,0.224711,0.224492,28744.92430694,26
1790493600,0.224962,0.225518,0.224962,0.225504,0.225089,95309.98376117,49
1790493900,0.225494,0.226198,0.225494,0.226104,0.225770,73338.06940134,46
1790494200,0.226188,0.226513,0.22593,0.226513,0.226250,40711.53213826,27
1790494500,0.226599,0.226599,0.225868,0.22643,0.226182,90324.89502063,31
1790494800,0.226196,0.226196,0.225686,0.225977,0.225864,14177.97378839,17
1790495100,0.225756,0.226245,0.225756,0.226245,0.225997,14122.40019405,19
1790495400,0.226496,0.226835,0.226241,0.226388,0.226712,28589.31774931,11
1790495700,0.226267,0.226689,0.226267,0.226568,0.226488,22691.37540212,26
1790496000,0.226456,0.22653,0.226211,0.226225,0.226347,23490.74641244,25
1790496300,0.226109,0.226132,0.225897,0.225917,0.225971,16064.90901748,14
1790496600,0.225991,0.226145,0.225863,0.226145,0.225979,16736.45903624,13
1790496900,0.22635,0.226676,0.22586,0.226369,0.226294,43957.46487506,27
1790497200,0.226429,0.227107,0.226198,0.226198,0.226632,106544.75932451,69
1790497500,0.226086,0.226603,0.226052,0.226569,0.226271,18630.62897528,12
1790497800,0.226096,0.227025,0.226096,0.226826,0.226634,7682.46308549,11
1790498100,0.226766,0.226772,0.226356,0.226363,0.226663,27695.95464125,23
1790498400,0.225854,0.225854,0.225303,0.225452,0.225537,29755.61048467,31
1790498700,0.225471,0.225698,0.225367,0.225698,0.225468,27935.94397925,26
1790499000,0.225528,0.225722,0.225412,0.22554,0.225563,7611.37592862,13
1790499300,0.22541,0.22541,0.224808,0.225073,0.224987,42561.15490281,28
1790499600,0.224826,0.224855,0.224509,0.224756,0.224649,14750.17953718,19
1790499900,0.224754,0.224754,0.223912,0.223917,0.224328,10813.60166184,17
1790500200,0.223956,0.224386,0.223851,0.224386,0.224130,26793.44262828,26
1790500500,0.224085,0.224114,0.223866,0.224114,0.223991,15739.51598406,12
1790500800,0.224232,0.224607,0.224232,0.224367,0.224383,18538.68945196,15
1790501100,0.224441,0.224441,0.224441,0.224441,0.224441,39.13055101,1
1790501400,0.224201,0.225076,0.224201,0.224883,0.225020,36949.37884639,16
1790501700,0.224652,0.225249,0.224531,0.225249,0.224892,6479.28605368,7
1790502000,0.225364,0.225419,0.225266,0.225266,0.225380,13756.87332535,14
1790502300,0.225454,0.225601,0.22523,0.225257,0.225476,36949.82675124,23
1790502600,0.224989,0.225232,0.224989,0.225085,0.225165,13418.58621039,15
1790502900,0.225155,0.225376,0.225155,0.225173,0.225239,15646.51841276,12
1790503200,0.2251,0.2251,0.224793,0.224855,0.224945,18287.57403903,23
1790503500,0.22492,0.225064,0.224764,0.225064,0.224966,18965.47185115,11
1790503800,0.225254,0.225824,0.225254,0.225763,0.225623,32396.78373275,32
1790504100,0.225913,0.225913,0.225622,0.225649,0.225696,14634.19408442,16
1790504400,0.22574,0.225828,0.22565,0.225828,0.225789,45247.47034327,19
1790504700,0.225166,0.225338,0.225166,0.225327,0.225254,21973.93585438,19
1790505000,0.225338,0.225445,0.225338,0.22538,0.225422,6565.54636911,7
1790505300,0.225179,0.225179,0.225082,0.225087,0.225135,6781.84816793,5
1790505600,0.225087,0.225087,0.225087,0.225087,0.000000,0.0,0
1790505900,0.225026,0.225499,0.225026,0.22541,0.225243,5336.03520076,4
1790506200,0.224913,0.224913,0.224648,0.224648,0.224694,39522.53293954,18
1790506500,0.224726,0.22486,0.224689,0.22486,0.224775,11906.12178602,9
1790506800,0.224749,0.224793,0.224332,0.224332,0.224488,52719.81941768,24
1790507100,0.224483,0.224663,0.224483,0.224663,0.224660,2352.11163559,2
1790507400,0.224897,0.224897,0.224872,0.224872,0.224877,889.48487245,5
1790507700,0.224907,0.224999,0.224624,0.224867,0.224807,42134.75818574,21
1790508000,0.224962,0.22508,0.22491,0.22508,0.225022,22436.2136488,23
1790508300,0.225295,0.225802,0.225295,0.225747,0.225649,33499.65417035,29
1790508600,0.225631,0.225631,0.225631,0.225631,0.225631,33.7059659,1
1790508900,0.225286,0.225463,0.225195,0.225463,0.225251,14344.63109472,10
1790509200,0.225129,0.225129,0.224693,0.225008,0.224804,29274.12783854,19
1790509500,0.224999,0.224999,0.224978,0.224978,0.224998,722.19649865,2
1790509800,0.224998,0.225689,0.224998,0.225633,0.225274,9606.51824739,17
1790510100,0.225681,0.225789,0.225532,0.225626,0.225691,18826.82325444,35
1790510400,0.225574,0.225707,0.225547,0.225684,0.225641,9729.0013524,8
1790510700,0.226057,0.226198,0.226032,0.226032,0.226122,20880.43209175,17
1790511000,0.225848,0.225926,0.225848,0.225926,0.225887,5141.2730548,4
1790511300,0.225593,0.225735,0.225593,0.225735,0.225657,5803.07525004,7
1790511600,0.225485,0.225485,0.225485,0.225485,0.225485,44.34884804,1
1790511900,0.225468,0.225857,0.225468,0.225857,0.225601,8020.65502458,10
1790512200,0.225862,0.226078,0.225862,0.226078,0.226007,3028.97633414,4
1790512500,0.22614,0.226974,0.22614,0.226974,0.226536,13806.66151637,16
1790512800,0.227026,0.227901,0.227026,0.227901,0.227639,43470.13951003,52
1790513100,0.227948,0.227948,0.227037,0.227335,0.227542,19066.81362897,22
1790513400,0.227326,0.227326,0.226688,0.226719,0.227018,82483.7603113,34
1790513700,0.226353,0.226353,0.225029,0.225142,0.225714,74968.68980463,53
1790514000,0.224923,0.224923,0.223001,0.224087,0.223889,242144.84147752,116
1790514300,0.224031,0.224279,0.223382,0.224118,0.223641,52799.59325502,40
1790514600,0.224052,0.224108,0.222688,0.222743,0.222920,128780.09028084,54
1790514900,0.22317,0.223867,0.22317,0.223861,0.223473,91380.87526708,45
1790515200,0.223709,0.224147,0.223709,0.22414,0.224104,12782.02529329,9
1790515500,0.2241,0.224816,0.2241,0.224727,0.224434,31903.90390041,32
1790515800,0.224917,0.225692,0.224917,0.225397,0.225454,26658.50533093,29
1790516100,0.224984,0.224986,0.224056,0.224326,0.224438,8970.38713549,9
1790516400,0.224142,0.224195,0.224142,0.224195,0.224145,2116.44503964,3
1790516700,0.223557,0.224801,0.223557,0.224801,0.223644,6275.8072301,7
1790517000,0.224962,0.224962,0.224647,0.224678,0.224700,2590.42182629,12
1790517300,0.224528,0.225194,0.224528,0.225194,0.225049,14035.29127589,10
1790517600,0.225333,0.225484,0.224355,0.224442,0.224661,13249.27159361,16
1790517900,0.224154,0.225048,0.224154,0.225048,0.224604,6607.94308674,9
1790518200,0.22512,0.225162,0.22453,0.224574,0.224785,29164.40156782,32
1790518500,0.224915,0.224994,0.224836,0.224836,0.224916,3968.109422,5
1790518800,0.224105,0.224434,0.223463,0.223463,0.223625,14220.60829592,16
1790519100,0.223652,0.223652,0.222727,0.22284,0.223169,30362.05615898,23
1790519400,0.222967,0.223906,0.222894,0.2237,0.223587,7115.27661902,10
1790519700,0.223711,0.223711,0.222811,0.22286,0.222927,55508.09239778,44
1790520000,0.222867,0.223534,0.222664,0.223534,0.222912,19817.4172976,38
1790520300,0.223327,0.223537,0.222131,0.222899,0.223175,81585.1385162,48
1790520600,0.223019,0.223429,0.222931,0.222936,0.223078,41438.46521634,33
1790520900,0.22279,0.223058,0.222514,0.222518,0.222766,16427.10949855,18
1790521200,0.222651,0.222651,0.221527,0.2216,0.222032,64116.36517893,47
1790521500,0.2215,0.222403,0.221276,0.22238,0.221586,74584.13112885,36
1790521800,0.222263,0.222263,0.221917,0.222122,0.222116,11110.19683826,13
1790522100,0.222172,0.222484,0.222117,0.222484,0.222310,284.31191131,3
1790522400,0.222453,0.222601,0.222258,0.222427,0.222522,36123.68228805,23
1790522700,0.222388,0.222388,0.221303,0.222348,0.221872,24524.58426122,31
1790523000,0.222315,0.222899,0.222113,0.222339,0.222473,31913.40227039,23
1790523300,0.222283,0.222283,0.222218,0.222229,0.222247,4855.6599763,4
1790523600,0.222318,0.222421,0.222176,0.222313,0.222291,6215.97746244,11
1790523900,0.222114,0.223155,0.222114,0.223147,0.222889,11364.37283961,10
1790524200,0.222927,0.222965,0.222863,0.222863,0.222896,7122.49915132,7
1790524500,0.22306,0.223501,0.22306,0.223342,0.223110,2433.105804,5
1790524800,0.22319,0.223618,0.22318,0.223248,0.223376,23499.92751399,21
1790525100,0.223741,0.224241,0.223702,0.224241,0.223978,14949.86086825,12
1790525400,0.224191,0.224298,0.224122,0.224291,0.224185,2484.73190148,5
1790525700,0.224424,0.224799,0.224185,0.224799,0.224410,11153.73783604,13
1790526000,0.224741,0.224783,0.223916,0.223916,0.224467,26126.66516146,21
1790526300,0.223872,0.223872,0.223476,0.223509,0.223622,7337.66416636,8
1790526600,0.223161,0.223275,0.222745,0.223275,0.222939,29634.3126047,21
1790526900,0.22359,0.223846,0.223008,0.22362,0.223428,43854.97950109,28
1790527200,0.223566,0.223656,0.223027,0.223027,0.223455,15270.79371921,17
1790527500,0.223083,0.223347,0.223077,0.223151,0.223218,12366.44667297,18
1790527800,0.223116,0.223163,0.222791,0.222791,0.223117,9473.24944901,14
1790528100,0.222791,0.222791,0.222791,0.222791,0.000000,0.0,0
1790528400,0.222997,0.223475,0.222905,0.223402,0.223029,13222.31765485,13
1790528700,0.223439,0.223439,0.222593,0.223158,0.223109,34532.59206249,29
1790529000,0.223122,0.223122,0.223121,0.223121,0.223121,2115.5618,3
1790529300,0.223388,0.223459,0.223328,0.223402,0.223394,13576.89024877,16
1790529600,0.223444,0.223574,0.223179,0.223179,0.223544,8602.10438595,5
1790529900,0.223066,0.223071,0.223066,0.223071,0.223068,1793.16869057,3
1790530200,0.222819,0.223152,0.222757,0.222858,0.222895,23422.03692337,20
1790530500,0.223072,0.223341,0.222866,0.222866,0.223163,15018.82602839,12
1790530800,0.222823,0.223093,0.222823,0.222967,0.222995,34342.33394282,16
1790531100,0.223854,0.223871,0.223854,0.223871,0.223863,470.14739417,2
1790531400,0.223878,0.223987,0.223725,0.22378,0.223835,11185.88647717,20
1790531700,0.223792,0.223824,0.223658,0.223824,0.223728,8863.60553205,14
1790532000,0.223684,0.223684,0.223231,0.223236,0.223456,20436.71674719,23
1790532300,0.223265,0.223842,0.223265,0.223842,0.223836,4388.62483066,4
1790532600,0.22387,0.224625,0.22387,0.224549,0.224447,27644.4628293,26
1790532900,0.224636,0.225,0.224636,0.224931,0.224960,40505.02094904,21
1790533200,0.225073,0.225353,0.224919,0.225123,0.225179,79818.6874661,41
1790533500,0.225076,0.225703,0.22504,0.22566,0.225501,15963.57148144,21
1790533800,0.22573,0.22573,0.225077,0.225077,0.225569,263678.10047341,97
1790534100,0.225027,0.225143,0.224774,0.22489,0.224926,52011.56746684,40
1790534400,0.224962,0.225163,0.224876,0.225087,0.225057,19441.1512154,21
1790534700,0.225191,0.225317,0.225063,0.225064,0.225178,58511.05520371,34
1790535000,0.22518,0.225408,0.225047,0.225238,0.225276,41270.32266514,27
1790535300,0.225586,0.226,0.225445,0.226,0.225798,53512.50406506,38
1790535600,0.225966,0.225966,0.225031,0.2252,0.225505,21576.03618705,18
1790535900,0.225084,0.225114,0.22501,0.22501,0.225077,7036.28732627,8
1790536200,0.225078,0.225293,0.225078,0.225293,0.225208,9039.95493433,9
1790536500,0.225602,0.225903,0.225592,0.225903,0.225745,11401.25742584,10
1790536800,0.225041,0.22545,0.22496,0.22545,0.224984,2772.4684459,4
1790537100,0.225464,0.225464,0.224477,0.224621,0.224901,21046.80484924,20
1790537400,0.224657,0.224806,0.224186,0.224428,0.224516,50894.68307001,21
1790537700,0.224385,0.224658,0.224385,0.224658,0.224519,14531.22138713,11
1790538000,0.224765,0.224765,0.22434,0.22434,0.224459,5560.44793914,6
1790538300,0.224506,0.224506,0.224506,0.224506,0.224506,128.125,1
1790538600,0.22409,0.22411,0.224041,0.224041,0.224078,11207.64925424,10
1790538900,0.224166,0.224216,0.22412,0.224216,0.224168,3837.27262988,6
1790539200,0.224245,0.224864,0.224201,0.224864,0.224482,12380.7730189,11
1790539500,0.224745,0.224969,0.22463,0.224969,0.224718,16864.55449866,17
1790539800,0.22497,0.225132,0.224969,0.225085,0.225056,3830.4158595,5
1790540100,0.225054,0.225054,0.224778,0.224887,0.224977,1878.62833551,3
1790540400,0.224829,0.224829,0.22376,0.223877,0.224555,60884.54354764,28
1790540700,0.223708,0.223714,0.223465,0.223714,0.223530,40488.25050416,25
1790541000,0.223739,0.224319,0.223739,0.224319,0.223968,19331.95937708,16
1790541300,0.22427,0.224629,0.224196,0.224426,0.224379,14200.01994042,23
1790541600,0.224434,0.224545,0.224371,0.224371,0.224502,20676.46723757,16
1790541900,0.224476,0.22458,0.223865,0.223886,0.224109,20084.57259429,28
1790542200,0.224006,0.224006,0.223475,0.223475,0.223665,10006.98305667,11
1790542500,0.223517,0.223707,0.223417,0.223707,0.223546,30458.22785801,29
1790542800,0.22384,0.223861,0.223604,0.223861,0.223821,53500.37858749,15
1790543100,0.224332,0.224461,0.224279,0.224352,0.224362,29391.04428469,18
1790543400,0.224496,0.225,0.224496,0.225,0.224865,16687.64467757,12
1790543700,0.22508,0.225526,0.225058,0.225449,0.225345,86198.86528907,26
1790544000,0.225175,0.225426,0.225008,0.225426,0.225172,9149.15893865,12
1790544300,0.225365,0.225365,0.22466,0.22466,0.225100,3348.74265039,5
1790544600,0.224578,0.224578,0.224113,0.224159,0.224311,19028.72576811,12
1790544900,0.22403,0.22403,0.223,0.223626,0.223420,29223.43832432,18
1790545200,0.223611,0.224083,0.223611,0.223967,0.223917,11693.5011994,12
1790545500,0.223808,0.224313,0.223808,0.224313,0.223936,14879.6731977,12
1790545800,0.224303,0.225028,0.224303,0.225028,0.224623,2030.04779422,5
1790546100,0.224951,0.225058,0.224713,0.225058,0.224892,27121.33789598,21
1790546400,0.2246,0.2246,0.222618,0.2227,0.223766,22490.23096165,21
1790546700,0.222851,0.223284,0.221852,0.222351,0.222535,30004.77850004,28
1790547000,0.222209,0.222258,0.221527,0.22161,0.221988,10285.01492857,11
1790547300,0.22145,0.222106,0.221294,0.222101,0.221546,19076.1053196,22
1790547600,0.222606,0.223018,0.222595,0.223018,0.222790,5086.36457456,5
1790547900,0.223742,0.223876,0.223474,0.22363,0.223628,8254.29840064,15
1790548200,0.223338,0.223347,0.221893,0.221893,0.222362,8265.74140274,9
1790548500,0.221533,0.222096,0.221438,0.221967,0.221740,35967.67951396,29
1790548800,0.221594,0.221676,0.221526,0.221557,0.221576,6800.50773687,8
1790549100,0.22118,0.221262,0.220926,0.221242,0.221168,21593.4281067,19
1790549400,0.221401,0.222131,0.221401,0.222114,0.221731,55228.47210375,14
1790549700,0.222126,0.2222,0.221923,0.2222,0.222122,6781.1373676,7
1790550000,0.222232,0.2234,0.222232,0.223266,0.222446,41025.62770865,21
1790550300,0.22298,0.22298,0.222304,0.222304,0.222584,2562.04747824,7
1790550600,0.222142,0.22268,0.222021,0.222137,0.222332,23827.9129415,20
1790550900,0.222148,0.223061,0.222148,0.223008,0.222614,9782.70779978,9
1790551200,0.223233,0.223405,0.223038,0.223088,0.223125,8505.95634712,10
1790551500,0.223363,0.223584,0.223258,0.22355,0.223442,7402.42787989,7
1790551800,0.223129,0.223332,0.222942,0.222942,0.223214,19643.16365011,13
1790552100,0.222897,0.223151,0.222575,0.223053,0.222922,17978.37873663,13
1790552400,0.223267,0.223267,0.222695,0.222695,0.222927,11786.94975052,6
1790552700,0.223198,0.224356,0.223198,0.224342,0.223602,74423.71532944,17
1790553000,0.22437,0.224919,0.224354,0.224507,0.224562,21343.52828507,21
1790553300,0.224675,0.224879,0.224024,0.224146,0.224173,47788.9131163,19
1790553600,0.224078,0.224675,0.223961,0.224121,0.224141,30463.10555668,19
1790553900,0.223739,0.22375,0.222909,0.22294,0.223281,21465.54847884,12
1790554200,0.222749,0.223665,0.222749,0.223665,0.223236,14174.60425388,12
1790554500,0.223685,0.225433,0.223685,0.225433,0.224452,14117.4252101,18
1790554800,0.2254,0.226685,0.2254,0.226242,0.226291,37638.73398762,30
1790555100,0.226657,0.226657,0.225564,0.226455,0.226280,16197.34879992,15
1790555400,0.226276,0.226276,0.223899,0.223983,0.224894,26634.40231131,23
1790555700,0.224104,0.224319,0.223469,0.223524,0.223670,17754.80254381,13
1790556000,0.223083,0.223348,0.223055,0.223348,0.223156,7611.7332565,6
1790556300,0.224573,0.225624,0.224573,0.225624,0.225313,11848.19180985,10
1790556600,0.225759,0.22651,0.225341,0.225526,0.225947,19627.58257908,17
1790556900,0.224891,0.224891,0.224195,0.224195,0.224656,6787.34611217,5
1790557200,0.223753,0.224573,0.223465,0.224573,0.223966,20749.87818276,22
1790557500,0.224693,0.225531,0.223141,0.224961,0.224935,37762.47158392,16
1790557800,0.224398,0.224683,0.223409,0.223577,0.224445,35750.46176242,18
1790558100,0.223009,0.22426,0.223009,0.224228,0.223647,36143.81029553,34
1790558400,0.224244,0.225604,0.224244,0.224466,0.224879,24930.90735254,12
1790558700,0.224465,0.225797,0.224465,0.225403,0.225235,11939.6450013,11
1790559000,0.225165,0.225366,0.225165,0.225332,0.225306,6764.7302366,8
1790559300,0.224917,0.224917,0.224917,0.224917,0.224917,255.3278,1
1790559600,0.224082,0.224902,0.223911,0.223911,0.224212,9797.88375512,8
1790559900,0.224254,0.224306,0.222223,0.222223,0.223380,26830.34784277,20
1790560200,0.222138,0.224135,0.222138,0.224135,0.223325,35949.43966627,31
1790560500,0.224037,0.224747,0.223217,0.223271,0.223808,30907.71661607,26
1790560800,0.223096,0.223096,0.2216,0.222391,0.222167,34269.9167856,40
1790561100,0.222912,0.223701,0.222157,0.223319,0.223215,31130.22639018,28
1790561400,0.223746,0.225096,0.223746,0.225086,0.224629,16145.55101678,18
1790561700,0.224333,0.224723,0.223624,0.223696,0.224163,8775.30374722,14
1790562000,0.223797,0.223797,0.223141,0.223776,0.223398,21784.38474986,19
1790562300,0.224244,0.224488,0.223304,0.223304,0.223909,15958.23258298,11
1790562600,0.223403,0.223403,0.222382,0.222382,0.222802,19544.325749,13
1790562900,0.222335,0.223468,0.222335,0.222576,0.222985,173361.86281529,38
1790563200,0.222663,0.223314,0.222519,0.222762,0.222582,144123.46765613,22
1790563500,0.222963,0.222963,0.221737,0.221774,0.222469,12622.05263904,13
1790563800,0.221661,0.222317,0.221527,0.222162,0.222110,19501.67660607,19
1790564100,0.221785,0.221785,0.221073,0.221073,0.221398,20148.31100424,18
1790564400,0.221848,0.222364,0.221848,0.222103,0.222091,11786.47217917,9
1790564700,0.221493,0.221742,0.221252,0.221252,0.221581,25289.37263957,15
1790565000,0.221828,0.221958,0.221101,0.221892,0.221672,39707.70095807,23
1790565300,0.221828,0.22263,0.221716,0.222329,0.222307,13975.10840949,12
1790565600,0.222419,0.222615,0.221701,0.221724,0.222142,20903.1554322,17
1790565900,0.221172,0.221172,0.219967,0.220238,0.220135,186529.74511437,50
1790566200,0.220398,0.220398,0.218936,0.219579,0.219441,65660.80293825,44
1790566500,0.21968,0.221178,0.21968,0.220736,0.220015,57383.08820228,32
1790566800,0.221015,0.221813,0.221015,0.221444,0.221614,5215.55178619,8
1790567100,0.22085,0.221564,0.22085,0.221313,0.221219,11802.64155084,11
1790567400,0.221061,0.221061,0.220397,0.220397,0.220591,6892.6775991,6
1790567700,0.220096,0.220247,0.219611,0.21968,0.219922,39667.79386425,16
1790568000,0.219646,0.219788,0.217546,0.217546,0.218633,84075.89577492,63
1790568300,0.217421,0.218525,0.216291,0.218114,0.217378,166175.72711806,86
1790568600,0.217923,0.218405,0.217815,0.218392,0.218036,30434.78798961,18
1790568900,0.218421,0.219476,0.218176,0.219472,0.218585,9987.1263781,14
1790569200,0.219657,0.220072,0.219621,0.219922,0.219829,44203.59942919,16
1790569500,0.219782,0.219782,0.219118,0.219134,0.219455,12694.80886698,9
1790569800,0.21884,0.218984,0.218201,0.218375,0.218515,41268.71360613,21
1790570100,0.218482,0.218924,0.218352,0.218688,0.218628,56124.0455703,29
1790570400,0.2185,0.219229,0.21841,0.218947,0.218770,20717.42577974,14
1790570700,0.218679,0.218718,0.218004,0.218134,0.218220,119283.24701789,46
1790571000,0.21867,0.219032,0.21867,0.219032,0.218781,3152.4292954,3
1790571300,0.218953,0.21938,0.218953,0.219267,0.219123,21672.81609375,10
1790571600,0.219354,0.220156,0.2185,0.2185,0.219196,18467.38261896,13
1790571900,0.218446,0.218882,0.218242,0.218242,0.218523,20349.83986359,18
1790572200,0.218215,0.218215,0.21688,0.21719,0.217538,43029.46206992,40
1790572500,0.217518,0.217518,0.216636,0.216795,0.216901,24178.58667691,16
1790572800,0.216967,0.216987,0.216105,0.216105,0.216639,30085.71997313,31
1790573100,0.216251,0.216607,0.216,0.216111,0.216335,39377.9899344,37
1790573400,0.215828,0.215828,0.214096,0.214269,0.215000,245563.12261579,96
1790573700,0.214448,0.214891,0.214396,0.2146,0.214571,28934.97913119,25
1790574000,0.214828,0.216623,0.214828,0.216623,0.215467,122033.28403822,38
1790574300,0.217149,0.217149,0.216146,0.216225,0.216308,214038.97209315,30
1790574600,0.21599,0.2161,0.215483,0.216084,0.215704,171882.77940316,25
1790574900,0.216072,0.216959,0.216029,0.216837,0.216683,18710.36540972,18
1790575200,0.216815,0.21696,0.216455,0.216587,0.216699,47134.18381096,33
1790575500,0.216703,0.217696,0.216703,0.217696,0.217306,39761.84171677,15
1790575800,0.217966,0.218307,0.217626,0.217626,0.218059,52868.73214076,26
1790576100,0.217563,0.217563,0.216596,0.216749,0.217110,38061.15105179,19
1790576400,0.216551,0.216609,0.216086,0.216086,0.216400,61144.30093574,29
1790576700,0.216036,0.216305,0.21579,0.2158,0.215853,39641.47714038,14
1790577000,0.215523,0.216303,0.215523,0.216137,0.215949,29695.91176087,30
1790577300,0.216268,0.216397,0.215714,0.215748,0.216021,31805.27154376,13
1790577600,0.215842,0.216621,0.21579,0.216614,0.216488,75016.77369168,25
1790577900,0.216188,0.216433,0.215659,0.215707,0.216047,20446.73208238,13
1790578200,0.21545,0.215463,0.215293,0.215463,0.215370,8151.12401458,7
1790578500,0.2152,0.2152,0.215015,0.215118,0.215101,9587.37442508,7
1790578800,0.215479,0.216719,0.215479,0.216379,0.216450,19240.11594305,14
1790579100,0.216207,0.216235,0.215504,0.215713,0.215804,30778.70808701,19
1790579400,0.215635,0.215761,0.21517,0.21517,0.215344,6370.34536937,6
1790579700,0.215349,0.215757,0.215136,0.215253,0.215370,10158.63506204,11
1790580000,0.215415,0.215415,0.213922,0.213922,0.214963,113367.79083443,77
1790580300,0.213909,0.214102,0.213791,0.213826,0.213931,12215.6644503,14
1790580600,0.213717,0.214075,0.2132,0.2132,0.213486,50533.66755973,37
1790580900,0.213782,0.214182,0.213782,0.213821,0.214021,4527.73623553,9
1790581200,0.21366,0.214361,0.213531,0.213548,0.213865,20984.38299166,22
1790581500,0.213456,0.21386,0.21327,0.21327,0.213690,45203.09067621,24
1790581800,0.213168,0.213554,0.21305,0.2132,0.213194,59342.19469812,30
1790582100,0.213548,0.2141,0.212774,0.212774,0.213215,91860.71998272,36
1790582400,0.213031,0.214326,0.212569,0.213903,0.213372,49452.59405939,29
1790582700,0.213499,0.214191,0.213334,0.214177,0.213748,24698.79748413,18
1790583000,0.214271,0.214721,0.213968,0.214721,0.214268,34173.77877481,15
1790583300,0.214783,0.215162,0.214604,0.214617,0.214902,18218.62311434,11
1790583600,0.214626,0.214866,0.213829,0.213829,0.214363,102899.64598215,38
1790583900,0.213978,0.214772,0.213978,0.214333,0.214282,25283.6472809,20
1790584200,0.214584,0.214661,0.214498,0.214507,0.214549,16040.53428364,16
1790584500,0.214521,0.214699,0.214013,0.214334,0.214222,89482.10919864,28
1790584800,0.214415,0.214455,0.213849,0.214047,0.214143,9447.43550136,14
1790585100,0.214319,0.214723,0.214268,0.214399,0.214374,25896.58443816,21
1790585400,0.214342,0.215854,0.214342,0.215718,0.215189,24533.77443095,16
1790585700,0.215323,0.215505,0.215166,0.215171,0.215340,11365.88883558,9
1790586000,0.215249,0.2155,0.213288,0.213602,0.214683,235621.82428052,56
1790586300,0.213699,0.213699,0.212948,0.212948,0.213090,139516.87463306,42
1790586600,0.212967,0.214973,0.212898,0.21496,0.213672,88414.6364237,38
1790586900,0.214835,0.216048,0.214835,0.215529,0.215051,228079.19016838,43
1790587200,0.215371,0.215921,0.215021,0.215187,0.215337,39599.17547709,34
1790587500,0.215111,0.215181,0.214572,0.214912,0.214955,20010.01674988,19
1790587800,0.214871,0.215055,0.214379,0.214379,0.214702,19387.63623758,16
1790588100,0.214137,0.214417,0.21379,0.213945,0.214003,111329.91990423,20
1790588400,0.2138,0.213876,0.213216,0.213247,0.213621,34782.20609038,20
1790588700,0.213569,0.213785,0.213186,0.21376,0.213480,26806.83405564,17
1790589000,0.213946,0.2142,0.213329,0.213329,0.213932,27037.49084071,17
1790589300,0.213205,0.213365,0.213205,0.213363,0.213284,12190.1072837,6
1790589600,0.214257,0.215282,0.214257,0.21499,0.214935,73271.52201586,33
1790589900,0.215017,0.215027,0.214163,0.214214,0.214524,56614.21387909,26
1790590200,0.214307,0.214362,0.214111,0.214362,0.214285,22881.85643068,11
1790590500,0.214801,0.215024,0.214608,0.214608,0.214984,106165.61914876,12
1790590800,0.214317,0.215163,0.214302,0.215163,0.214476,5203.11863555,8
1790591100,0.215379,0.215557,0.21522,0.215328,0.215390,14639.81128659,13
1790591400,0.215181,0.216031,0.215138,0.216031,0.215314,21152.3557458,20
1790591700,0.21612,0.217249,0.21612,0.216828,0.216745,61336.30221229,44
1790592000,0.217075,0.217156,0.216,0.216447,0.216195,503405.71405077,87
1790592300,0.216533,0.216575,0.216048,0.216048,0.216279,246408.3957412,50
1790592600,0.216036,0.216596,0.21595,0.216007,0.216201,21101.58891576,19
1790592900,0.215817,0.21599,0.215669,0.215669,0.215818,16829.60671371,9
1790593200,0.215953,0.216553,0.215588,0.215588,0.215984,50611.20412434,19
1790593500,0.215997,0.216389,0.21582,0.216089,0.216221,69730.08378148,38
1790593800,0.216129,0.216129,0.2157,0.215758,0.215784,31426.68406459,21
1790594100,0.215777,0.216237,0.215542,0.215542,0.216042,129849.43664496,39
1790594400,0.215666,0.21609,0.215485,0.216053,0.215796,26480.61307831,13
1790594700,0.215911,0.215924,0.215894,0.215894,0.215905,4785.21985286,3
1790595000,0.215642,0.21582,0.215642,0.215802,0.215780,15484.76100568,15
1790595300,0.215962,0.216136,0.215863,0.216134,0.215967,25742.79749046,16
1790595600,0.21609,0.216098,0.215889,0.215985,0.216016,14832.97744386,10
1790595900,0.215901,0.215901,0.215672,0.215759,0.215773,10524.3834987,9
1790596200,0.215777,0.216023,0.215504,0.21551,0.215759,33869.83284749,23
1790596500,0.21558,0.216095,0.21558,0.216072,0.216056,10820.40225929,14
1790596800,0.216045,0.216587,0.215534,0.216587,0.215944,96128.57746879,49
1790597100,0.216828,0.219762,0.216828,0.219762,0.219151,70172.23765471,36
1790597400,0.219843,0.220227,0.219081,0.220227,0.219686,164083.11440745,75
1790597700,0.219926,0.222426,0.219719,0.222241,0.221846,135628.6343395,69
1790598000,0.222551,0.223651,0.221925,0.222265,0.222937,504207.38724135,89
1790598300,0.222279,0.22244,0.221481,0.221495,0.222075,164573.43860183,65
1790598600,0.221411,0.222271,0.221099,0.222271,0.221640,82540.02620778,33
1790598900,0.222398,0.222631,0.221209,0.221209,0.221987,72972.21521019,46
1790599200,0.221251,0.221251,0.22049,0.221048,0.220747,41777.04352873,35
1790599500,0.221564,0.222307,0.221176,0.221647,0.221698,57983.63530378,30
1790599800,0.221532,0.222079,0.221167,0.222038,0.221624,98801.02224058,39
1790600100,0.222136,0.222381,0.221723,0.221874,0.222310,423387.86058338,251
1790600400,0.221727,0.221727,0.220352,0.220704,0.221149,37655.4339294,45
1790600700,0.220478,0.220663,0.2195,0.2195,0.219855,173463.58326249,68
1790601000,0.219261,0.219912,0.21909,0.219912,0.219581,41529.63911637,25
1790601300,0.220186,0.220327,0.219542,0.219733,0.220032,28215.84335343,18
1790601600,0.21969,0.219876,0.219369,0.219437,0.219695,70876.6523282,23
1790601900,0.219694,0.22025,0.219688,0.219894,0.220017,40061.65859216,23
1790602200,0.22024,0.220448,0.218893,0.219361,0.219511,122295.88192556,46
1790602500,0.219832,0.221272,0.218638,0.221122,0.219488,209721.14867397,52
1790602800,0.22103,0.221097,0.220363,0.220697,0.220808,44043.38000143,33
1790603100,0.220687,0.220687,0.219668,0.219668,0.220356,28290.46542252,26
1790603400,0.219448,0.219918,0.218811,0.219918,0.219328,27318.16572851,18
1790603700,0.219595,0.219712,0.21927,0.21927,0.219621,24033.00675462,14
1790604000,0.219098,0.219098,0.216891,0.216891,0.217503,400653.91979784,113
1790604300,0.217224,0.218318,0.216813,0.217557,0.217345,124465.81073855,45
1790604600,0.21744,0.217838,0.216659,0.21685,0.217377,44131.51644105,27
1790604900,0.216809,0.216861,0.215455,0.216137,0.216116,274471.5014113,68
1790605200,0.216131,0.217244,0.216131,0.216796,0.216809,24603.19669409,17
1790605500,0.217227,0.217227,0.213129,0.213943,0.215009,403347.69952863,117
1790605800,0.214066,0.214718,0.213852,0.214509,0.214341,63820.26695722,34
1790606100,0.214522,0.215328,0.214027,0.215256,0.214875,237342.95570281,49
1790606400,0.215044,0.21516,0.212239,0.213067,0.213169,208589.8130169,76
1790606700,0.213188,0.213665,0.212538,0.212906,0.213021,97234.77205327,47
1790607000,0.212944,0.213487,0.211,0.212464,0.211745,337810.3400908,100
1790607300,0.211565,0.212516,0.211543,0.211902,0.212099,66309.12239401,37
1790607600,0.211958,0.213287,0.211958,0.212583,0.212687,37064.50566544,22
1790607900,0.212564,0.213485,0.212035,0.213485,0.212592,36301.4571021,30
1790608200,0.213563,0.213698,0.211723,0.211897,0.213284,129215.97911272,34
1790608500,0.211746,0.212008,0.210752,0.211316,0.211117,130739.99166313,37
1790608800,0.211512,0.212866,0.211376,0.212866,0.211950,48736.37741755,21
1790609100,0.213072,0.213838,0.213047,0.213141,0.213262,26143.21768754,26
1790609400,0.213086,0.213256,0.212607,0.213119,0.212891,38461.67191764,22
1790609700,0.213182,0.214715,0.213182,0.214344,0.214087,39736.46473821,35
1790610000,0.214434,0.214803,0.21409,0.214099,0.214329,22129.20427985,22
1790610300,0.214158,0.214981,0.214043,0.214526,0.214592,131428.07518744,42
1790610600,0.215149,0.215149,0.214433,0.214945,0.214809,15444.73850548,13
1790610900,0.214986,0.2153,0.214985,0.2153,0.215023,455031.26377697,363
1790611200,0.2153,0.215554,0.214049,0.214635,0.214336,1345504.21317684,169
1790611500,0.214647,0.215618,0.214456,0.215393,0.215090,67343.38894853,32
1790611800,0.215498,0.215651,0.214921,0.215033,0.215268,32884.79381117,24
1790612100,0.214986,0.2169,0.214823,0.216247,0.215987,242394.60304707,91
1790612400,0.21697,0.218192,0.21697,0.2181,0.217686,333164.45708834,97
1790612700,0.218163,0.2192,0.217986,0.2192,0.218589,382752.94010486,116
1790613000,0.218602,0.218602,0.217613,0.217973,0.218106,31189.090187,41
1790613300,0.218033,0.218033,0.216355,0.216355,0.216753,130518.40874289,52
1790613600,0.216414,0.216499,0.215702,0.216032,0.216042,40629.62005814,25
1790613900,0.216059,0.216302,0.215392,0.215392,0.215977,47474.73749361,30
1790614200,0.215341,0.2163,0.215341,0.216178,0.216194,596030.60238831,183
1790614500,0.216163,0.216723,0.21605,0.216533,0.216241,104920.38639544,43
1790614800,0.216556,0.216556,0.215395,0.215597,0.215975,97596.9667346,62
1790615100,0.215467,0.215467,0.214832,0.214842,0.215261,23086.95444666,22
1790615400,0.214707,0.219558,0.214707,0.219558,0.216774,218829.13561385,116
1790615700,0.219762,0.219762,0.217903,0.218013,0.218844,34814.76942732,26
1790616000,0.218078,0.218795,0.218058,0.218462,0.218530,87463.6211281,37
1790616300,0.218371,0.218511,0.217517,0.218051,0.218051,42939.03336214,26
1790616600,0.218219,0.218799,0.218067,0.218067,0.218466,18622.40252602,15
1790616900,0.217826,0.218274,0.217506,0.218274,0.217889,18042.55219239,14
1790617200,0.2182,0.218596,0.218063,0.218361,0.218316,35512.37393175,10
1790617500,0.218411,0.218642,0.217879,0.217992,0.218096,54018.7133055,23
1790617800,0.21802,0.218032,0.21763,0.217901,0.217881,21683.95040721,15
1790618100,0.2178,0.218676,0.2178,0.218531,0.218040,41513.99854904,20
1790618400,0.218304,0.219744,0.218044,0.219744,0.218818,28820.48076171,21
1790618700,0.219762,0.219846,0.219295,0.219728,0.219580,21491.13989159,18
1790619000,0.219605,0.220238,0.219605,0.220002,0.219929,115078.93635411,33
1790619300,0.219989,0.220471,0.219723,0.219723,0.220019,108090.30516276,44
1790619600,0.219733,0.220076,0.219284,0.219618,0.219476,99504.13044881,38
1790619900,0.22,0.22007,0.219241,0.219325,0.219415,44451.48834128,29
1790620200,0.219334,0.219548,0.218263,0.218947,0.218622,230510.10841989,60
1790620500,0.219303,0.219303,0.218369,0.21854,0.218659,67030.57393814,19
1790620800,0.21844,0.218899,0.218129,0.218899,0.218307,75939.57522718,31
1790621100,0.218757,0.219171,0.218656,0.219171,0.218997,33868.05503414,14
1790621400,0.219233,0.21968,0.219233,0.219458,0.219532,11038.85827099,11
1790621700,0.219447,0.219533,0.219355,0.219441,0.219447,14319.80549184,11
1790622000,0.219281,0.219281,0.218311,0.218311,0.218732,36815.91901984,17
1790622300,0.218209,0.218315,0.216437,0.216606,0.217103,294192.94274011,77
1790622600,0.216616,0.217667,0.216567,0.217205,0.216994,50237.81028075,28
1790622900,0.217158,0.217337,0.21681,0.217013,0.217005,72418.92017722,18
1790623200,0.217026,0.217026,0.216424,0.216424,0.216563,42607.47371966,19
1790623500,0.216531,0.216689,0.216176,0.216176,0.216321,39699.81842522,15
1790623800,0.216447,0.216447,0.215283,0.215653,0.215721,148447.93868619,61
1790624100,0.215465,0.215465,0.214197,0.214315,0.214915,187140.89731698,76
1790624400,0.214123,0.21468,0.213568,0.21455,0.214309,41932.48904606,34
1790624700,0.214673,0.214673,0.213936,0.214077,0.214323,85029.91305423,30
1790625000,0.214011,0.214918,0.214011,0.214677,0.214603,26942.73851059,20
1790625300,0.214452,0.214623,0.2141,0.2141,0.214478,5359.29829852,5
1790625600,0.214293,0.214916,0.213292,0.214916,0.213970,25736.90908704,28
1790625900,0.215346,0.215978,0.215073,0.215978,0.215489,28875.9990411,17
1790626200,0.215973,0.215973,0.215286,0.215557,0.215801,23159.66903685,16
1790626500,0.215395,0.215409,0.214945,0.21538,0.215176,10873.3437236,8
1790626800,0.215812,0.216291,0.215716,0.216291,0.215824,17066.99709004,13
1790627100,0.216365,0.216384,0.216072,0.216322,0.216272,19884.18107229,17
1790627400,0.215905,0.216178,0.215905,0.216115,0.216109,14519.60582299,11
1790627700,0.215856,0.215901,0.215779,0.215901,0.215852,5322.33967448,6
1790628000,0.216059,0.216324,0.215704,0.21577,0.216072,11654.42201702,18
1790628300,0.215673,0.21609,0.215625,0.215667,0.215901,12770.96728487,13
1790628600,0.215784,0.216032,0.215457,0.216021,0.215681,19545.56290565,20
1790628900,0.215714,0.216449,0.215714,0.216178,0.216227,57175.66659376,25
1790629200,0.216373,0.217684,0.216373,0.217684,0.217247,21851.21059184,26
1790629500,0.217602,0.217602,0.216612,0.217075,0.217007,11330.00688952,13
1790629800,0.217236,0.217236,0.216627,0.216627,0.216870,8687.31188873,11
1790630100,0.21623,0.216366,0.216142,0.216142,0.216263,11719.83898921,9
1790630400,0.216155,0.216155,0.21571,0.21571,0.215969,14231.5635794,8
1790630700,0.215579,0.215614,0.215194,0.2155,0.215493,65218.90370004,15
1790631000,0.215683,0.215687,0.215271,0.215687,0.215504,57016.19396368,7
1790631300,0.215809,0.215809,0.215519,0.215557,0.215619,10157.95777014,5
1790631600,0.21529,0.21529,0.214949,0.215237,0.215014,115044.67005044,21
1790631900,0.215141,0.215165,0.214449,0.214527,0.214518,108588.45720731,18
1790632200,0.214461,0.214743,0.214032,0.214185,0.214318,14868.88561184,9
1790632500,0.214202,0.214547,0.214202,0.214309,0.214373,9125.6549012,6
1790632800,0.214,0.214,0.213129,0.213757,0.213732,219239.31110988,42
1790633100,0.213571,0.213632,0.213,0.213632,0.213055,48573.81765664,12
1790633400,0.21345,0.213939,0.21344,0.213642,0.213814,25346.1176262,11
1790633700,0.213603,0.214254,0.213516,0.214254,0.214127,5164.45600326,7
1790634000,0.214249,0.214249,0.213903,0.213926,0.213986,21648.20612249,13
1790634300,0.213976,0.214277,0.213843,0.213875,0.214027,15129.23763565,16
1790634600,0.213955,0.214337,0.213955,0.214142,0.214295,8659.63609917,9
1790634900,0.214968,0.215391,0.2149,0.215391,0.215207,5020.32245105,6
1790635200,0.215317,0.215633,0.215317,0.215633,0.215513,217538.04442222,34
1790635500,0.215633,0.21588,0.215561,0.215728,0.215844,301368.60700981,33
1790635800,0.215731,0.215813,0.215731,0.215813,0.215750,5260.73436631,6
1790636100,0.215898,0.216011,0.215898,0.216011,0.215934,8255.63135028,4
1790636400,0.21582,0.216811,0.21582,0.216745,0.216477,16579.73294099,20
1790636700,0.216538,0.21655,0.215972,0.216092,0.216193,10569.08111008,11
1790637000,0.216051,0.216054,0.215847,0.215895,0.215913,12453.30801417,10
1790637300,0.216075,0.216708,0.216075,0.216708,0.216427,8469.55251532,10
1790637600,0.216747,0.217,0.216659,0.217,0.216880,12253.95582837,23
1790637900,0.217016,0.217401,0.217016,0.217233,0.217203,11730.29964234,16
1790638200,0.217046,0.217046,0.217009,0.217009,0.217021,3123.15150385,5
1790638500,0.216958,0.217007,0.216894,0.216931,0.216978,5260.79023444,8
1790638800,0.216898,0.217101,0.216892,0.216938,0.217007,5313.78231253,9
1790639100,0.217028,0.217127,0.216921,0.217127,0.216962,1483.5313865,5
1790639400,0.217188,0.217551,0.217184,0.217495,0.217369,9009.39971497,11
1790639700,0.217418,0.21747,0.217354,0.217394,0.217385,8111.03999604,8
1790640000,0.217333,0.217641,0.217105,0.217641,0.217326,2079.15811646,6
1790640300,0.217642,0.218368,0.217412,0.218368,0.218028,11717.2648696,26
1790640600,0.218074,0.218523,0.218074,0.218523,0.218247,5900.56805168,10
1790640900,0.218558,0.218558,0.217447,0.217558,0.217935,51540.33090024,34
1790641200,0.21756,0.217694,0.217263,0.217265,0.217512,190130.17928022,43
1790641500,0.217367,0.218553,0.217367,0.218221,0.218048,20031.83150208,23
1790641800,0.217826,0.21945,0.217826,0.219379,0.218925,15608.74258712,18
1790642100,0.219372,0.220044,0.219366,0.219838,0.219739,87433.41336678,59
1790642400,0.21977,0.219838,0.219518,0.219518,0.219599,14015.98341613,11
1790642700,0.218908,0.218914,0.218034,0.218034,0.218639,7853.35246487,13
1790643000,0.217899,0.217899,0.217112,0.217114,0.217481,5098.54650179,7
1790643300,0.217664,0.217664,0.21629,0.216536,0.216625,276112.75943991,94
1790643600,0.216517,0.217497,0.216274,0.216876,0.217103,22187.25263052,16
1790643900,0.216453,0.216586,0.215395,0.215395,0.215954,19415.73731408,20
1790644200,0.21503,0.215261,0.214748,0.214919,0.214956,19594.81916867,14
1790644500,0.215201,0.215201,0.213606,0.213606,0.214396,20887.3210308,25
1790644800,0.214167,0.215266,0.214154,0.21487,0.214771,4381.1827959,16
1790645100,0.214853,0.214853,0.213229,0.213229,0.214011,14190.0647615,12
1790645400,0.213,0.213486,0.212173,0.213108,0.212701,219145.46224171,52
1790645700,0.212896,0.212906,0.211837,0.212152,0.212166,162707.16001958,46
1790646000,0.212203,0.213326,0.212063,0.213326,0.212475,33609.59641149,37
1790646300,0.213194,0.214294,0.213187,0.213285,0.213644,23366.93049413,21
1790646600,0.213183,0.213763,0.212709,0.213763,0.212939,59038.71041083,20
1790646900,0.213683,0.213683,0.213016,0.213257,0.213280,25995.14077767,20
1790647200,0.213741,0.213741,0.212944,0.212944,0.213372,5635.34868242,5
1790647500,0.212625,0.212773,0.211841,0.211841,0.212391,7516.64376525,7
1790647800,0.211773,0.21297,0.2115,0.212222,0.212015,58290.91835791,38
1790648100,0.212269,0.213043,0.212269,0.212547,0.212455,8045.07251909,13
1790648400,0.213257,0.213257,0.211341,0.2118,0.211641,103458.08125506,39
1790648700,0.211828,0.211828,0.211153,0.211224,0.211358,9882.9536986,12
1790649000,0.211336,0.211411,0.210113,0.210197,0.210753,274925.06209656,124
1790649300,0.210414,0.211697,0.210314,0.211548,0.210693,36902.60622693,43
1790649600,0.211166,0.211684,0.211166,0.211684,0.211337,47170.77500413,27
1790649900,0.212325,0.212406,0.211741,0.211767,0.212125,12814.84021727,10
1790650200,0.211412,0.211593,0.210981,0.211435,0.211289,31711.33478791,22
1790650500,0.211241,0.211471,0.211241,0.211455,0.211376,8768.542608,7
1790650800,0.211842,0.21215,0.211353,0.211353,0.211765,12127.99187566,16
1790651100,0.211359,0.211359,0.210876,0.211131,0.211094,36195.94636335,36
1790651400,0.211156,0.21136,0.211056,0.21136,0.211109,9728.52761139,14
1790651700,0.211157,0.212325,0.210832,0.212325,0.211212,41844.31712216,31
1790652000,0.21294,0.213673,0.212924,0.213673,0.213082,12527.31403607,16
1790652300,0.213764,0.213764,0.2135,0.21359,0.213669,6356.27222459,8
1790652600,0.2136,0.214203,0.212996,0.214203,0.213588,10623.68622285,15
1790652900,0.214148,0.214347,0.213893,0.214347,0.214123,9823.3952424,9
1790653200,0.213928,0.213961,0.213801,0.21386,0.213869,12017.238184,9
1790653500,0.21369,0.213825,0.21369,0.213825,0.213690,2900.0,2
1790653800,0.213752,0.214123,0.213658,0.213658,0.213989,8058.1900918,12
1790654100,0.213692,0.213712,0.213423,0.213515,0.213606,5712.086692,5
1790654400,0.2136,0.213734,0.212668,0.212896,0.213338,1684133.21608033,292
1790654700,0.212848,0.21312,0.212495,0.21312,0.212731,50324.45388159,30
1790655000,0.213093,0.213986,0.213062,0.21391,0.213694,40707.37389121,32
1790655300,0.214153,0.214715,0.213784,0.213865,0.214152,52754.63207378,34
1790655600,0.214612,0.214904,0.214501,0.214904,0.214744,4397.33007235,4
1790655900,0.214446,0.214446,0.214191,0.214191,0.214298,12435.49004031,13
1790656200,0.213911,0.213926,0.2136,0.213659,0.213678,124852.6450992,64
1790656500,0.21331,0.214211,0.21331,0.21418,0.213869,8699.45782375,12
1790656800,0.214057,0.214057,0.213573,0.213621,0.213819,175071.39032655,37
1790657100,0.213518,0.213518,0.212649,0.212928,0.212978,114255.02171301,48
1790657400,0.212668,0.213889,0.212668,0.213836,0.213708,100551.62871261,58
1790657700,0.213786,0.214152,0.213616,0.213848,0.213687,27724.56427673,17
1790658000,0.213865,0.214667,0.213865,0.214667,0.214358,5351.52885851,10
1790658300,0.214312,0.214412,0.213446,0.213527,0.214279,28301.66712584,14
1790658600,0.213583,0.214099,0.21347,0.214099,0.213546,10219.04405514,10
1790658900,0.214099,0.214971,0.214099,0.214971,0.214507,6379.61055496,7
1790659200,0.214826,0.214826,0.214659,0.214753,0.214797,4907.44540742,7
1790659500,0.215276,0.215352,0.21475,0.215022,0.215048,12568.61358202,15
1790659800,0.2145,0.2145,0.213,0.213,0.213752,412327.57746471,50
1790660100,0.212715,0.213237,0.21235,0.213237,0.212558,132236.60590826,44
1790660400,0.213591,0.214567,0.213591,0.214567,0.214219,17164.4190032,20
1790660700,0.21461,0.215576,0.213974,0.215576,0.214577,22232.6674892,18
1790661000,0.21558,0.21574,0.215274,0.215482,0.215479,11606.63810815,14
1790661300,0.215767,0.215767,0.215431,0.21561,0.215544,111760.83589682,58
1790661600,0.215854,0.215879,0.215542,0.215858,0.215592,109328.48858362,39
1790661900,0.215604,0.217,0.215588,0.217,0.216339,15904.69612234,21
1790662200,0.216987,0.217987,0.216987,0.217987,0.217352,130275.7305113,45
1790662500,0.217877,0.217877,0.216679,0.217119,0.217746,121591.85944264,40
1790662800,0.217718,0.21786,0.216918,0.216918,0.217395,31775.75867425,17
1790663100,0.21706,0.217271,0.217047,0.217164,0.217164,5188.4916938,7
1790663400,0.217851,0.217851,0.217628,0.217628,0.217849,100305.0066635,44
1790663700,0.217673,0.217856,0.217254,0.217519,0.217356,52220.71197865,32
1790664000,0.217764,0.217854,0.217456,0.217647,0.217584,23684.67812318,24
1790664300,0.217888,0.217888,0.217607,0.217888,0.217698,11740.37770434,6
1790664600,0.217837,0.219268,0.217837,0.219268,0.218840,81781.61424111,36
1790664900,0.219403,0.219403,0.219111,0.219117,0.219230,45987.42272734,34
1790665200,0.219096,0.219096,0.218387,0.218752,0.218731,21982.28683602,17
1790665500,0.218991,0.2197,0.218971,0.2197,0.219142,23314.82315933,25
1790665800,0.219642,0.219762,0.219341,0.219762,0.219531,17846.46988702,16
1790666100,0.219923,0.220713,0.219722,0.220316,0.220589,543189.22824642,161
1790666400,0.220369,0.220664,0.219975,0.220664,0.220218,30286.72928351,35
1790666700,0.220791,0.221178,0.220665,0.220944,0.220830,47340.90967614,40
1790667000,0.220751,0.221094,0.220265,0.221094,0.220590,16084.6316959,25
1790667300,0.220895,0.222341,0.220895,0.222263,0.222215,554018.73483691,191
1790667600,0.221859,0.221972,0.220985,0.221442,0.221223,442728.83683958,126
1790667900,0.22126,0.221884,0.221072,0.221475,0.221525,116413.63146911,81
1790668200,0.221407,0.221806,0.221405,0.221682,0.221657,32137.20742553,37
1790668500,0.221775,0.222013,0.221505,0.222013,0.221727,20969.99367489,18
1790668800,0.222147,0.222819,0.22203,0.222089,0.222497,83942.58466636,51
1790669100,0.221963,0.222032,0.221372,0.221715,0.221787,19391.45988723,21
1790669400,0.221733,0.222104,0.22139,0.222007,0.221906,50582.04514731,45
1790669700,0.222184,0.22263,0.222184,0.222301,0.222423,19101.30384038,21
1790670000,0.222726,0.224366,0.222726,0.223589,0.223501,79368.14740175,89
1790670300,0.223571,0.224055,0.223501,0.223501,0.223669,54686.64383038,26
1790670600,0.223264,0.223265,0.222185,0.222509,0.222530,54957.73669119,22
1790670900,0.222553,0.222553,0.221284,0.221966,0.221509,224242.97259907,61
1790671200,0.221878,0.222,0.221187,0.221822,0.221597,40249.10443968,32
1790671500,0.221652,0.222235,0.221538,0.222174,0.221886,24896.49078449,33
1790671800,0.222254,0.222424,0.222174,0.222269,0.222293,15465.09508871,16
1790672100,0.222281,0.222833,0.222256,0.222832,0.222571,28864.94961638,28
1790672400,0.222062,0.22278,0.221783,0.22221,0.222155,19929.87084118,23
1790672700,0.222328,0.22235,0.221846,0.221993,0.222186,10863.96479917,7
1790673000,0.221972,0.221972,0.221552,0.22174,0.221764,14881.75494358,18
1790673300,0.221849,0.22262,0.221849,0.222612,0.222371,21707.471083,27
1790673600,0.222503,0.222851,0.222263,0.222851,0.222533,61765.95308181,50
1790673900,0.222918,0.223004,0.222485,0.222489,0.222724,48887.70108452,38
1790674200,0.222277,0.223636,0.222277,0.223465,0.223354,70006.16607739,45
1790674500,0.223356,0.223882,0.223222,0.223576,0.223590,88719.01679248,70
1790674800,0.223601,0.223601,0.222988,0.223428,0.223343,38366.60487669,24
1790675100,0.2236,0.224211,0.223536,0.224211,0.223847,29237.31475813,26
1790675400,0.2243,0.224393,0.223674,0.2242,0.224194,37964.17104938,29
1790675700,0.224264,0.224539,0.22381,0.223904,0.224241,289794.80911221,57
1790676000,0.22369,0.22369,0.223222,0.22339,0.223415,16318.77539247,17
1790676300,0.223255,0.223498,0.223071,0.223452,0.223232,23007.9850836,18
1790676600,0.22348,0.223588,0.223309,0.223381,0.223432,2421.55802913,9
1790676900,0.223,0.223,0.22235,0.222404,0.222770,17957.48701688,20
1790677200,0.222239,0.222419,0.221943,0.221943,0.222236,12708.46136968,12
1790677500,0.221944,0.222164,0.221944,0.222004,0.222084,20537.86524099,22
1790677800,0.221529,0.221664,0.22114,0.22114,0.221273,26280.65127199,21
1790678100,0.221343,0.221343,0.220445,0.220648,0.220722,150854.98782545,89
1790678400,0.220671,0.221128,0.220356,0.22078,0.220592,36180.96250835,32
1790678700,0.220826,0.221142,0.220731,0.220967,0.220947,8258.45302169,12
1790679000,0.22114,0.221429,0.221091,0.221429,0.221202,10314.66007573,9
1790679300,0.221634,0.221664,0.22137,0.221522,0.221572,4155.61770746,7
1790679600,0.221581,0.221641,0.221203,0.221203,0.221384,19153.71099733,20
1790679900,0.22096,0.221612,0.22096,0.221149,0.221141,5465.64853348,7
1790680200,0.221218,0.221218,0.220961,0.220994,0.221070,19019.9082088,21
1790680500,0.220803,0.221417,0.220803,0.221298,0.221135,7370.81128458,6
1790680800,0.221125,0.221419,0.221125,0.221419,0.221301,14886.13782488,11
1790681100,0.221533,0.221533,0.221179,0.221207,0.221458,11268.60228587,12
1790681400,0.221141,0.222938,0.221141,0.222938,0.221542,16141.32442262,22
1790681700,0.223114,0.223649,0.223014,0.223285,0.223256,24852.46418515,29
1790682000,0.223298,0.223676,0.223157,0.223676,0.223377,10920.42317735,19
1790682300,0.223742,0.224226,0.223667,0.224162,0.223899,22830.06895186,27
1790682600,0.224118,0.224197,0.223014,0.223375,0.223635,41250.60428228,31
1790682900,0.223709,0.223886,0.223576,0.223576,0.223759,24870.36883545,27
1790683200,0.223549,0.224067,0.223549,0.223975,0.223903,14323.33423849,15
1790683500,0.223583,0.223583,0.223034,0.223093,0.223268,21715.26528653,19
1790683800,0.223119,0.223119,0.222411,0.222411,0.222891,37159.965816,26
1790684100,0.222774,0.223174,0.22234,0.222362,0.222941,41339.18135855,30
1790684400,0.222227,0.222227,0.221947,0.222073,0.222101,31784.68041087,30
1790684700,0.221833,0.22249,0.221833,0.221929,0.222064,24408.34683926,29
1790685000,0.222039,0.222861,0.221755,0.222861,0.221960,263923.8334755,65
1790685300,0.223232,0.22372,0.223078,0.223207,0.223439,82385.28149155,52
1790685600,0.223032,0.223032,0.222684,0.222902,0.222889,32974.40050193,22
1790685900,0.222996,0.223153,0.222406,0.222501,0.222675,54869.92276427,46
1790686200,0.222487,0.222767,0.222299,0.222756,0.222531,14475.52516192,14
1790686500,0.222684,0.222684,0.222481,0.22249,0.222621,30365.96668096,22
1790686800,0.222562,0.222668,0.222033,0.222033,0.222234,131490.81087603,48
1790687100,0.222579,0.22307,0.222334,0.22306,0.222792,24417.80182047,24
1790687400,0.223164,0.223164,0.222645,0.222809,0.222836,33018.92464609,31
1790687700,0.222654,0.22343,0.222473,0.223364,0.222921,5287.75203169,10
1790688000,0.223337,0.223337,0.222737,0.222803,0.223018,9562.02620985,19
1790688300,0.222803,0.223212,0.222414,0.222784,0.222887,33719.47033262,32
1790688600,0.222796,0.222884,0.221123,0.221255,0.221683,59330.66766807,57
1790688900,0.221775,0.222323,0.221028,0.222187,0.222078,82722.85983138,46
1790689200,0.22229,0.22269,0.221882,0.221922,0.222181,31640.21157876,36
1790689500,0.222045,0.222048,0.221534,0.221766,0.221741,27258.74659902,38
1790689800,0.221872,0.222832,0.221833,0.222832,0.222208,36869.60184091,20
1790690100,0.222735,0.222826,0.222067,0.222067,0.222581,18653.11138942,25
1790690400,0.222411,0.222411,0.221121,0.221178,0.221726,10072.78765539,10
1790690700,0.22148,0.22148,0.220518,0.2209,0.220969,87708.27787935,54
1790691000,0.220956,0.221204,0.220767,0.2209,0.220918,50749.83421865,37
1790691300,0.220935,0.221934,0.220534,0.22183,0.220966,100048.42355828,42
1790691600,0.221974,0.222173,0.221036,0.221036,0.221784,26910.24407689,21
1790691900,0.221477,0.222103,0.221477,0.221826,0.221989,18340.22565783,14
1790692200,0.221685,0.22275,0.221685,0.222637,0.222242,36734.18046812,31
1790692500,0.222524,0.222939,0.221834,0.222884,0.222466,44074.25167361,25
1790692800,0.223022,0.2237,0.222841,0.222841,0.223243,302423.56456156,116
1790693100,0.222999,0.223742,0.222668,0.222668,0.222996,65287.53264241,37
1790693400,0.222342,0.222952,0.221995,0.222753,0.222578,47797.18079203,26
1790693700,0.222573,0.223011,0.222432,0.222432,0.222796,17435.89176678,10
1790694000,0.222199,0.222246,0.220974,0.221075,0.221582,61126.95735853,42
1790694300,0.221045,0.221068,0.219534,0.220785,0.219940,210561.04262571,87
1790694600,0.221212,0.221212,0.218756,0.219084,0.219117,144692.71947384,71
1790694900,0.219476,0.220178,0.21856,0.218937,0.218974,73978.04259902,66
1790695200,0.21894,0.219033,0.216453,0.216985,0.217700,281558.04796102,163
1790695500,0.216688,0.216999,0.215152,0.216,0.216037,329458.32775095,192
1790695800,0.216045,0.217213,0.215925,0.21671,0.216578,55041.6624225,55
1790696100,0.2165,0.216891,0.2165,0.21674,0.216713,31604.03228388,34
1790696400,0.216813,0.217385,0.21643,0.21648,0.216991,53663.69228236,35
1790696700,0.217036,0.217236,0.21587,0.217195,0.216209,129251.93483662,68
1790697000,0.217008,0.217008,0.214766,0.214766,0.215212,131587.47202974,58
1790697300,0.215291,0.215877,0.214745,0.215168,0.215147,83839.83655322,60
1790697600,0.215407,0.216112,0.215407,0.215453,0.215789,20229.66431422,17
1790697900,0.21536,0.215904,0.21527,0.215691,0.215581,124571.47443531,70
1790698200,0.215786,0.216235,0.215751,0.215827,0.215914,21521.26430937,19
1790698500,0.215812,0.216281,0.215511,0.215809,0.215879,14907.79723571,24
1790698800,0.215912,0.216309,0.215912,0.215959,0.216103,96228.34093081,24
1790699100,0.215988,0.21648,0.215988,0.216374,0.216277,13014.38761575,12
1790699400,0.216157,0.216158,0.215092,0.215092,0.215769,134212.22927679,40
1790699700,0.21568,0.216065,0.215404,0.215404,0.215748,55841.88821446,32
1790700000,0.215137,0.215303,0.213729,0.213938,0.214422,202595.16181905,108
1790700300,0.213881,0.214201,0.21288,0.212882,0.213288,185943.5473316,109
1790700600,0.213261,0.214438,0.21267,0.21275,0.214128,336918.58484417,76
1790700900,0.212569,0.213705,0.212526,0.213705,0.212770,32518.93581911,33
1790701200,0.213832,0.21393,0.21349,0.21393,0.213528,311479.44027949,233
1790701500,0.214117,0.2145,0.214082,0.214183,0.214409,32634.39288969,16
1790701800,0.213897,0.214055,0.213689,0.214027,0.213857,11063.0052503,12
1790702100,0.213948,0.213957,0.213006,0.213408,0.213298,17273.55526547,23
1790702400,0.213295,0.213447,0.21269,0.213429,0.212793,105650.88123439,89
1790702700,0.213458,0.21375,0.213278,0.21375,0.213728,297172.08943487,285
1790703000,0.213797,0.2139,0.213409,0.213749,0.213681,90794.05288414,49
1790703300,0.213492,0.213597,0.213386,0.21351,0.213468,15240.09893478,10
1790703600,0.213544,0.213802,0.213345,0.213345,0.213640,29460.54623917,20
1790703900,0.213451,0.213457,0.212685,0.212685,0.213208,37793.21576977,23
1790704200,0.212443,0.213252,0.212,0.212909,0.212420,37944.22538601,49
1790704500,0.212705,0.213229,0.212705,0.213229,0.212888,30054.59693283,20
1790704800,0.21343,0.214687,0.21343,0.214205,0.214031,49368.53103001,57
1790705100,0.214444,0.214711,0.214105,0.214125,0.214553,310960.85107134,118
1790705400,0.213968,0.214499,0.213772,0.214372,0.214160,19692.95883957,17
1790705700,0.21437,0.215028,0.21437,0.215028,0.214658,117044.86096706,30
1790706000,0.215117,0.2155,0.214929,0.215412,0.215465,350132.63698459,47
1790706300,0.215278,0.215347,0.214758,0.215347,0.214878,257637.84212447,67
1790706600,0.21473,0.215562,0.214434,0.215562,0.214763,79909.58607908,55
1790706900,0.215607,0.215854,0.215355,0.215717,0.215707,253087.09569625,338
1790707200,0.215717,0.216475,0.215717,0.21641,0.216187,595059.24699837,558
1790707500,0.216049,0.216221,0.2158,0.215873,0.216196,35721.55745608,18
1790707800,0.215643,0.216248,0.215643,0.215944,0.215841,3547.004229,3
1790708100,0.215879,0.216154,0.215806,0.216154,0.215974,33630.68016139,18
1790708400,0.216023,0.216475,0.216023,0.216475,0.216341,10647.91596631,10
1790708700,0.216493,0.216493,0.215833,0.216224,0.216067,28723.43636915,24
1790709000,0.216015,0.216085,0.21583,0.21583,0.216011,9185.53243877,8
1790709300,0.215776,0.21619,0.215706,0.215864,0.215951,580673.62012435,149
1790709600,0.216012,0.216193,0.21589,0.216173,0.215982,31463.18021123,20
1790709900,0.216343,0.216356,0.215556,0.215798,0.215896,106895.72739483,54
1790710200,0.215728,0.216195,0.215528,0.216003,0.215919,27859.24900112,24
1790710500,0.215981,0.216224,0.21584,0.216224,0.216041,17056.9926015,18
1790710800,0.216332,0.216332,0.21514,0.215278,0.215399,229288.80099584,74
1790711100,0.215273,0.215765,0.214857,0.21502,0.215158,137780.0130526,79
1790711400,0.215043,0.215061,0.214277,0.214462,0.214443,117364.00401416,52
1790711700,0.214401,0.214401,0.214,0.214371,0.214108,60912.28140188,27
1790712000,0.214684,0.214684,0.214147,0.214503,0.214218,14921.32235868,13
1790712300,0.214411,0.21551,0.214411,0.215142,0.215168,14634.78429994,20
1790712600,0.214699,0.215179,0.214699,0.214969,0.215022,40732.89401877,31
1790712900,0.215005,0.215649,0.215005,0.215649,0.215335,17861.28756665,15
1790713200,0.216142,0.21623,0.215914,0.21623,0.216111,30462.17565366,21
1790713500,0.216335,0.21671,0.216335,0.216478,0.216532,4672.35087606,7
1790713800,0.21616,0.216251,0.215972,0.215972,0.216149,7824.8524378,6
1790714100,0.216088,0.216088,0.215975,0.215975,0.216046,606.5903619,3
1790714400,0.216186,0.216197,0.215734,0.215773,0.215899,73534.09174447,32
1790714700,0.215799,0.215949,0.215513,0.215949,0.215568,26799.70969122,8
1790715000,0.216044,0.216064,0.215912,0.216064,0.215991,13628.33665463,16
1790715300,0.21594,0.216068,0.215795,0.215795,0.215884,26732.48046847,13
1790715600,0.215746,0.215832,0.215038,0.215347,0.215418,70019.59792704,43
1790715900,0.215547,0.216324,0.215538,0.215884,0.215879,21565.21797092,21
1790716200,0.216,0.216181,0.216,0.216098,0.216125,13288.14075234,15
1790716500,0.216217,0.216217,0.215586,0.215586,0.216072,39890.78193315,21
1790716800,0.215313,0.215429,0.214935,0.214935,0.215206,15089.41108007,15
1790717100,0.215001,0.215152,0.214482,0.215152,0.214680,100215.05735986,31
1790717400,0.215222,0.21538,0.214788,0.215307,0.215160,49243.31189676,22
1790717700,0.215117,0.215392,0.215117,0.215392,0.215344,3654.7655542,4
1790718000,0.215455,0.215455,0.21531,0.21531,0.215451,2092.21785968,2
1790718300,0.214905,0.215268,0.214418,0.215257,0.214622,12410.69891868,9
1790718600,0.21535,0.21538,0.215281,0.21538,0.215317,3942.929338,5
1790718900,0.215415,0.215444,0.215237,0.215419,0.215328,11287.27142214,6
1790719200,0.21568,0.216172,0.215578,0.215969,0.215961,50201.0638904,12
1790719500,0.215783,0.216071,0.215783,0.216071,0.215885,834659.5602524,122
1790719800,0.216065,0.216751,0.216065,0.216751,0.216087,4982.05962633,5
1790720100,0.216182,0.216337,0.215623,0.216337,0.215958,64210.53171054,39
1790720400,0.21625,0.21625,0.215701,0.216097,0.215964,8916.50527909,7
1790720700,0.216208,0.216325,0.21598,0.21598,0.216145,8433.81914554,5
1790721000,0.215666,0.215666,0.215511,0.215511,0.215606,6089.4101996,3
1790721300,0.215606,0.216041,0.215606,0.216041,0.215751,6432.3298554,4
1790721600,0.215954,0.216238,0.215954,0.216205,0.216159,3004.3574528,6
1790721900,0.216238,0.216238,0.215882,0.215955,0.215938,14589.05295721,7
1790722200,0.216095,0.216134,0.215998,0.216126,0.216085,12244.91670676,7
1790722500,0.215931,0.215931,0.215931,0.215931,0.215931,803.720478,1
1790722800,0.215722,0.216013,0.215707,0.216013,0.215788,11485.50724548,8
1790723100,0.216239,0.217311,0.216239,0.216935,0.217007,64962.69644122,40
1790723400,0.217158,0.217485,0.217083,0.217434,0.217199,7456.28110735,5
1790723700,0.217389,0.217436,0.217065,0.217078,0.217231,17438.99368473,9
1790724000,0.216846,0.216846,0.216678,0.216733,0.216800,6595.75023355,5
1790724300,0.21651,0.216735,0.216332,0.216332,0.216511,9673.88546258,10
1790724600,0.215946,0.215988,0.215694,0.215694,0.215934,7024.39679292,7
1790724900,0.215634,0.215772,0.215626,0.215772,0.215724,35571.31169642,13
1790725200,0.215504,0.215504,0.214923,0.214923,0.215223,8194.87253229,6
1790725500,0.214923,0.214923,0.214923,0.214923,0.000000,0.0,0
1790725800,0.215377,0.215377,0.215377,0.215377,0.215377,28.97983321,1
1790726100,0.215458,0.215458,0.215458,0.215458,0.215458,2046.311833,1
1790726400,0.215592,0.215651,0.215406,0.215406,0.215580,15597.05626753,12
1790726700,0.215375,0.215446,0.214758,0.214824,0.215011,11556.05478527,7
1790727000,0.214265,0.214265,0.213946,0.214009,0.214026,13516.63897317,10
1790727300,0.214064,0.214123,0.213717,0.213717,0.214016,6363.60600949,5
1790727600,0.213657,0.213707,0.213431,0.213707,0.213538,12881.13191267,11
1790727900,0.213768,0.214418,0.213768,0.214418,0.213907,10661.66067027,6
1790728200,0.214446,0.215081,0.214348,0.215081,0.214666,9988.18247416,8
1790728500,0.214977,0.214982,0.214645,0.214673,0.214668,971.875,6
1790728800,0.214724,0.215226,0.21462,0.21462,0.214998,10117.90535183,10
1790729100,0.214321,0.214337,0.214321,0.214337,0.214325,2857.6997022,5
1790729400,0.214409,0.214566,0.214283,0.214457,0.214406,9034.44683475,6
1790729700,0.215153,0.215507,0.215153,0.215507,0.215348,6258.50006954,4
1790730000,0.215429,0.216404,0.215429,0.216239,0.215912,14288.45543797,13
1790730300,0.216066,0.216684,0.215986,0.216684,0.216301,5410.8660467,4
1790730600,0.216561,0.216718,0.216415,0.216476,0.216589,12532.1832871,11
1790730900,0.216685,0.216685,0.216148,0.216388,0.216252,49952.13010589,15
1790731200,0.216447,0.217149,0.216447,0.217149,0.217101,4491.62079245,6
1790731500,0.217149,0.217328,0.216618,0.216618,0.217057,9034.93989671,7
1790731800,0.216383,0.216538,0.216383,0.216538,0.216460,4073.8385453,2
1790732100,0.216048,0.216221,0.21565,0.21565,0.215977,55470.18240056,14
1790732400,0.215995,0.216134,0.215935,0.216134,0.215998,4676.7803373,5
1790732700,0.216542,0.216542,0.216422,0.216422,0.216423,2057.8961541,2
1790733000,0.216864,0.217084,0.216433,0.216433,0.216808,9632.20162668,8
1790733300,0.216406,0.216406,0.216231,0.216313,0.216236,2179.02439475,6
1790733600,0.21632,0.216615,0.21622,0.21622,0.216414,13216.50232317,15
1790733900,0.216687,0.217318,0.216632,0.217001,0.216862,19417.337804,16
1790734200,0.216907,0.216907,0.216461,0.216826,0.216609,20500.77331473,17
1790734500,0.216133,0.216339,0.216133,0.21629,0.216298,2744.364094,4
1790734800,0.215964,0.216668,0.215964,0.216668,0.216402,9952.97389493,7
1790735100,0.216136,0.216217,0.215886,0.215886,0.216117,5527.80990901,5
1790735400,0.215955,0.216133,0.2157,0.216133,0.215925,4911.9564447,3
1790735700,0.215826,0.215985,0.215826,0.215951,0.215943,4955.4489705,3
1790736000,0.216795,0.216959,0.21666,0.216684,0.216850,30248.34667852,27
1790736300,0.216582,0.217293,0.216582,0.217293,0.217278,4077.75801246,3
1790736600,0.216948,0.217159,0.216767,0.216861,0.216933,32757.26276273,21
1790736900,0.21642,0.21642,0.216333,0.216333,0.216376,4075.5922892,4
1790737200,0.216675,0.216782,0.216245,0.21658,0.216571,14723.48836145,7
1790737500,0.216445,0.216454,0.216154,0.216154,0.216360,8299.78655915,5
1790737800,0.216023,0.216023,0.215963,0.215963,0.215992,4083.06377191,2
1790738100,0.215911,0.215911,0.214581,0.214597,0.214860,12836.4578713,10
1790738400,0.214628,0.215291,0.214628,0.21507,0.215057,12756.62991586,11
1790738700,0.215165,0.21531,0.214879,0.21529,0.215213,14615.33559001,9
1790739000,0.215305,0.215305,0.21486,0.214941,0.215187,6586.80283012,10
1790739300,0.215207,0.216134,0.215106,0.216134,0.215389,8192.45115025,6
1790739600,0.216009,0.216009,0.215634,0.215634,0.215834,16376.8647732,10
1790739900,0.215389,0.215512,0.215205,0.215304,0.215346,11446.1912314,8
1790740200,0.215247,0.215288,0.2147,0.215,0.214858,413948.7088812,49
1790740500,0.214949,0.214949,0.214707,0.214947,0.214754,231369.33929085,38
1790740800,0.214982,0.216272,0.214982,0.216114,0.215725,27351.32943137,20
1790741100,0.216266,0.216476,0.215823,0.21583,0.216240,40559.39635646,28
1790741400,0.215837,0.216163,0.215837,0.216119,0.216115,5156.40956139,7
1790741700,0.216576,0.216576,0.216374,0.216374,0.216444,13847.62943554,5
1790742000,0.216183,0.216484,0.216183,0.216475,0.216332,10655.62122036,8
1790742300,0.216541,0.216727,0.216541,0.216727,0.216648,26570.71253433,8
1790742600,0.216354,0.216354,0.215907,0.215907,0.216150,12338.71840281,7
1790742900,0.215826,0.216226,0.215826,0.216185,0.215998,17738.39549999,14
1790743200,0.216185,0.216185,0.216185,0.216185,0.216185,2041.2883,1
1790743500,0.216211,0.216289,0.216211,0.216274,0.216277,4310.13245827,4
1790743800,0.215757,0.215757,0.215433,0.215446,0.215629,12119.10853105,6
1790744100,0.215389,0.215389,0.215317,0.215317,0.215324,22452.7475567,4
1790744400,0.215431,0.216147,0.215431,0.21569,0.216002,8773.03946509,8
1790744700,0.215546,0.21585,0.215546,0.215656,0.215734,6187.58567018,4
1790745000,0.215522,0.215592,0.215383,0.215383,0.215512,11903.06012636,7
1790745300,0.215084,0.215612,0.215008,0.215572,0.215124,51797.30069823,13
1790745600,0.215414,0.215804,0.215406,0.215688,0.215660,12036.2425746,9
1790745900,0.2157,0.2157,0.21561,0.21561,0.215663,5045.8785649,2
1790746200,0.216652,0.216955,0.216341,0.216341,0.216683,21391.29404636,11
1790746500,0.216636,0.217081,0.216528,0.217081,0.216795,45122.54875876,21
1790746800,0.216846,0.21741,0.216615,0.217312,0.216959,7198.76545314,10
1790747100,0.217226,0.217615,0.217142,0.217142,0.217590,7235.6055285,6
1790747400,0.217155,0.217155,0.216595,0.216608,0.216785,6102.1516176,3
1790747700,0.216373,0.216619,0.216252,0.216619,0.216392,16987.38864421,12
1790748000,0.216656,0.217083,0.216515,0.216515,0.216807,6118.02509781,4
1790748300,0.216857,0.216857,0.21625,0.21625,0.216652,10164.98608922,5
1790748600,0.215639,0.215639,0.215078,0.215078,0.215314,37507.23691026,10
1790748900,0.215144,0.215501,0.215144,0.215501,0.215268,8808.36903269,9
1790749200,0.215256,0.215256,0.214395,0.214395,0.214610,86867.12377558,31
1790749500,0.214037,0.214383,0.213627,0.214359,0.213844,220291.08399056,82
1790749800,0.214419,0.214787,0.214015,0.214172,0.214496,38952.02128765,29
1790750100,0.214228,0.214494,0.214157,0.214171,0.214305,17625.67132884,14
1790750400,0.214023,0.214526,0.213858,0.214526,0.214195,20139.09029324,15
1790750700,0.21444,0.21444,0.213273,0.213403,0.213479,41257.56832336,17
1790751000,0.213717,0.214153,0.213509,0.214015,0.213854,16178.92046446,8
1790751300,0.214366,0.214867,0.213582,0.213582,0.214041,43607.09248192,23
1790751600,0.213326,0.21421,0.213326,0.21421,0.213685,22772.1562895,15
1790751900,0.213762,0.213762,0.213011,0.213245,0.213269,58209.10546154,49
1790752200,0.213474,0.213602,0.213076,0.213095,0.213195,25381.34987601,16
1790752500,0.213698,0.214109,0.213698,0.214109,0.213898,10786.99073375,9
1790752800,0.214946,0.215253,0.214559,0.215105,0.214985,31956.98223603,23
1790753100,0.215143,0.215332,0.214559,0.214559,0.215158,26908.40007313,19
1790753400,0.214742,0.214956,0.214649,0.214916,0.214887,18361.63181239,10
1790753700,0.215803,0.215854,0.21532,0.215854,0.215527,14534.53054427,10
1790754000,0.21578,0.216123,0.21565,0.215912,0.215933,24511.7505935,21
1790754300,0.215834,0.216134,0.215747,0.216134,0.215899,47550.56589781,25
1790754600,0.216296,0.216296,0.21609,0.216109,0.216171,15893.9775175,10
1790754900,0.21579,0.21579,0.215359,0.215393,0.215447,4469.23264016,7
1790755200,0.215488,0.215488,0.214966,0.214966,0.215232,21648.9207463,16
1790755500,0.215133,0.215133,0.214875,0.214937,0.215062,6171.55068558,4
1790755800,0.214512,0.214512,0.214396,0.214396,0.214466,7900.02905352,8
1790756100,0.214745,0.215811,0.214745,0.215343,0.215256,21570.6477298,11
1790756400,0.215112,0.216034,0.215005,0.215289,0.215654,103416.13030102,34
1790756700,0.215236,0.215651,0.215236,0.21534,0.215336,4154.63461818,7
1790757000,0.215183,0.215183,0.21446,0.214498,0.214711,7693.28270633,7
1790757300,0.214621,0.215177,0.214568,0.215115,0.214846,11007.73347294,10
1790757600,0.215139,0.215139,0.214689,0.214726,0.214864,6765.81591777,5
1790757900,0.214997,0.215874,0.214997,0.215495,0.215536,40673.87397565,17
1790758200,0.215717,0.215858,0.2153,0.215535,0.215691,15322.39080838,20
1790758500,0.2155,0.215582,0.215472,0.215495,0.215508,10925.59346387,8
1790758800,0.215852,0.216475,0.215583,0.216475,0.215983,11847.19867686,10
1790759100,0.2165,0.216749,0.21628,0.216406,0.216448,35184.64646127,23
1790759400,0.216745,0.216891,0.216691,0.216832,0.216768,11490.76442293,13
1790759700,0.216818,0.216818,0.216692,0.216692,0.216749,14279.50174043,14
1790760000,0.216574,0.217149,0.216518,0.217149,0.216759,35575.33640247,28
1790760300,0.217519,0.217601,0.217146,0.217265,0.217317,22086.655374,17
1790760600,0.217539,0.219657,0.217484,0.219427,0.218621,148636.61154837,63
1790760900,0.219106,0.219488,0.218805,0.218805,0.219184,74040.64738879,24
1790761200,0.21877,0.21877,0.218364,0.218392,0.218479,17640.39266302,16
1790761500,0.218241,0.218241,0.218047,0.218055,0.218140,15042.21146627,12
1790761800,0.218258,0.218304,0.217796,0.218058,0.218133,81531.12654659,22
1790762100,0.217962,0.217962,0.217874,0.217874,0.217887,13167.12071275,5
1790762400,0.218073,0.21818,0.21783,0.218036,0.218069,20298.02017619,15
1790762700,0.218306,0.218474,0.218279,0.218352,0.218377,52535.53881778,19
1790554800,0.2254,0.226685,0.2254,0.226242,0.226291,37638.73398762,30
1790555100,0.226657,0.226657,0.225564,0.226455,0.226280,16197.34879992,15
1790555400,0.226276,0.226276,0.223899,0.223983,0.224894,26634.40231131,23
1790555700,0.224104,0.224319,0.223469,0.223524,0.223670,17754.80254381,13
1790556000,0.223083,0.223348,0.223055,0.223348,0.223156,7611.7332565,6
1790556300,0.224573,0.225624,0.224573,0.225624,0.225313,11848.19180985,10
1790556600,0.225759,0.22651,0.225341,0.225526,0.225947,19627.58257908,17
1790556900,0.224891,0.224891,0.224195,0.224195,0.224656,6787.34611217,5
1790557200,0.223753,0.224573,0.223465,0.224573,0.223966,20749.87818276,22
1790557500,0.224693,0.225531,0.223141,0.224961,0.224935,37762.47158392,16
1790557800,0.224398,0.224683,0.223409,0.223577,0.224445,35750.46176242,18
1790558100,0.223009,0.22426,0.223009,0.224228,0.223647,36143.81029553,34
1790558400,0.224244,0.225604,0.224244,0.224466,0.224879,24930.90735254,12
1790558700,0.224465,0.225797,0.224465,0.225403,0.225235,11939.6450013,11
1790559000,0.225165,0.225366,0.225165,0.225332,0.225306,6764.7302366,8
1790559300,0.224917,0.224917,0.224917,0.224917,0.224917,255.3278,1
1790559600,0.224082,0.224902,0.223911,0.223911,0.224212,9797.88375512,8
1790559900,0.224254,0.224306,0.222223,0.222223,0.223380,26830.34784277,20
1790560200,0.222138,0.224135,0.222138,0.224135,0.223325,35949.43966627,31
1790560500,0.224037,0.224747,0.223217,0.223271,0.223808,30907.71661607,26
1790560800,0.223096,0.223096,0.2216,0.222391,0.222167,34269.9167856,40
1790561100,0.222912,0.223701,0.222157,0.223319,0.223215,31130.22639018,28
1790561400,0.223746,0.225096,0.223746,0.225086,0.224629,16145.55101678,18
1790561700,0.224333,0.224723,0.223624,0.223696,0.224163,8775.30374722,14
1790562000,0.223797,0.223797,0.223141,0.223776,0.223398,21784.38474986,19
1790562300,0.224244,0.224488,0.223304,0.223304,0.223909,15958.23258298,11
1790562600,0.223403,0.223403,0.222382,0.222382,0.222802,19544.325749,13
1790562900,0.222335,0.223468,0.222335,0.222576,0.222985,173361.86281529,38
1790563200,0.222663,0.223314,0.222519,0.222762,0.222582,144123.46765613,22
1790563500,0.222963,0.222963,0.221737,0.221774,0.222469,12622.05263904,13
1790563800,0.221661,0.222317,0.221527,0.222162,0.222110,19501.67660607,19
1790564100,0.221785,0.221785,0.221073,0.221073,0.221398,20148.31100424,18
1790564400,0.221848,0.222364,0.221848,0.222103,0.222091,11786.47217917,9
1790564700,0.221493,0.221742,0.221252,0.221252,0.221581,25289.37263957,15
1790565000,0.221828,0.221958,0.221101,0.221892,0.221672,39707.70095807,23
1790565300,0.221828,0.22263,0.221716,0.222329,0.222307,13975.10840949,12
1790565600,0.222419,0.222615,0.221701,0.221724,0.222142,20903.1554322,17
1790565900,0.221172,0.221172,0.219967,0.220238,0.220135,186529.74511437,50
1790566200,0.220398,0.220398,0.218936,0.219579,0.219441,65660.80293825,44
1790566500,0.21968,0.221178,0.21968,0.220736,0.220015,57383.08820228,32
1790566800,0.221015,0.221813,0.221015,0.221444,0.221614,5215.55178619,8
1790567100,0.22085,0.221564,0.22085,0.221313,0.221219,11802.64155084,11
1790567400,0.221061,0.221061,0.220397,0.220397,0.220591,6892.6775991,6
1790567700,0.220096,0.220247,0.219611,0.21968,0.219922,39667.79386425,16
1790568000,0.219646,0.219788,0.217546,0.217546,0.218633,84075.89577492,63
1790568300,0.217421,0.218525,0.216291,0.218114,0.217378,166175.72711806,86
1790568600,0.217923,0.218405,0.217815,0.218392,0.218036,30434.78798961,18
1790568900,0.218421,0.219476,0.218176,0.219472,0.218585,9987.1263781,14
1790569200,0.219657,0.220072,0.219621,0.219922,0.219829,44203.59942919,16
1790569500,0.219782,0.219782,0.219118,0.219134,0.219455,12694.80886698,9
1790569800,0.21884,0.218984,0.218201,0.218375,0.218515,41268.71360613,21
1790570100,0.218482,0.218924,0.218352,0.218688,0.218628,56124.0455703,29
1790570400,0.2185,0.219229,0.21841,0.218947,0.218770,20717.42577974,14
1790570700,0.218679,0.218718,0.218004,0.218134,0.218220,119283.24701789,46
1790571000,0.21867,0.219032,0.21867,0.219032,0.218781,3152.4292954,3
1790571300,0.218953,0.21938,0.218953,0.219267,0.219123,21672.81609375,10
1790571600,0.219354,0.220156,0.2185,0.2185,0.219196,18467.38261896,13
1790571900,0.218446,0.218882,0.218242,0.218242,0.218523,20349.83986359,18
1790572200,0.218215,0.218215,0.21688,0.21719,0.217538,43029.46206992,40
1790572500,0.217518,0.217518,0.216636,0.216795,0.216901,24178.58667691,16
1790572800,0.216967,0.216987,0.216105,0.216105,0.216639,30085.71997313,31
1790573100,0.216251,0.216607,0.216,0.216111,0.216335,39377.9899344,37
1790573400,0.215828,0.215828,0.214096,0.214269,0.215000,245563.12261579,96
1790573700,0.214448,0.214891,0.214396,0.2146,0.214571,28934.97913119,25
1790574000,0.214828,0.216623,0.214828,0.216623,0.215467,122033.28403822,38
1790574300,0.217149,0.217149,0.216146,0.216225,0.216308,214038.97209315,30
1790574600,0.21599,0.2161,0.215483,0.216084,0.215704,171882.77940316,25
1790574900,0.216072,0.216959,0.216029,0.216837,0.216683,18710.36540972,18
1790575200,0.216815,0.21696,0.216455,0.216587,0.216699,47134.18381096,33
1790575500,0.216703,0.217696,0.216703,0.217696,0.217306,39761.84171677,15
1790575800,0.217966,0.218307,0.217626,0.217626,0.218059,52868.73214076,26
1790576100,0.217563,0.217563,0.216596,0.216749,0.217110,38061.15105179,19
1790576400,0.216551,0.216609,0.216086,0.216086,0.216400,61144.30093574,29
1790576700,0.216036,0.216305,0.21579,0.2158,0.215853,39641.47714038,14
1790577000,0.215523,0.216303,0.215523,0.216137,0.215949,29695.91176087,30
1790577300,0.216268,0.216397,0.215714,0.215748,0.216021,31805.27154376,13
1790577600,0.215842,0.216621,0.21579,0.216614,0.216488,75016.77369168,25
1790577900,0.216188,0.216433,0.215659,0.215707,0.216047,20446.73208238,13
1790578200,0.21545,0.215463,0.215293,0.215463,0.215370,8151.12401458,7
1790578500,0.2152,0.2152,0.215015,0.215118,0.215101,9587.37442508,7
1790578800,0.215479,0.216719,0.215479,0.216379,0.216450,19240.11594305,14
1790579100,0.216207,0.216235,0.215504,0.215713,0.215804,30778.70808701,19
1790579400,0.215635,0.215761,0.21517,0.21517,0.215344,6370.34536937,6
1790579700,0.215349,0.215757,0.215136,0.215253,0.215370,10158.63506204,11
1790580000,0.215415,0.215415,0.213922,0.213922,0.214963,113367.79083443,77
1790580300,0.213909,0.214102,0.213791,0.213826,0.213931,12215.6644503,14
1790580600,0.213717,0.214075,0.2132,0.2132,0.213486,50533.66755973,37
1790580900,0.213782,0.214182,0.213782,0.213821,0.214021,4527.73623553,9
1790581200,0.21366,0.214361,0.213531,0.213548,0.213865,20984.38299166,22
1790581500,0.213456,0.21386,0.21327,0.21327,0.213690,45203.09067621,24
1790581800,0.213168,0.213554,0.21305,0.2132,0.213194,59342.19469812,30
1790582100,0.213548,0.2141,0.212774,0.212774,0.213215,91860.71998272,36
1790582400,0.213031,0.214326,0.212569,0.213903,0.213372,49452.59405939,29
1790582700,0.213499,0.214191,0.213334,0.214177,0.213748,24698.79748413,18
1790583000,0.214271,0.214721,0.213968,0.214721,0.214268,34173.77877481,15
1790583300,0.214783,0.215162,0.214604,0.214617,0.214902,18218.62311434,11
1790583600,0.214626,0.214866,0.213829,0.213829,0.214363,102899.64598215,38
1790583900,0.213978,0.214772,0.213978,0.214333,0.214282,25283.6472809,20
1790584200,0.214584,0.214661,0.214498,0.214507,0.214549,16040.53428364,16
1790584500,0.214521,0.214699,0.214013,0.214334,0.214222,89482.10919864,28
1790584800,0.214415,0.214455,0.213849,0.214047,0.214143,9447.43550136,14
1790585100,0.214319,0.214723,0.214268,0.214399,0.214374,25896.58443816,21
1790585400,0.214342,0.215854,0.214342,0.215718,0.215189,24533.77443095,16
1790585700,0.215323,0.215505,0.215166,0.215171,0.215340,11365.88883558,9
1790586000,0.215249,0.2155,0.213288,0.213602,0.214683,235621.82428052,56
1790586300,0.213699,0.213699,0.212948,0.212948,0.213090,139516.87463306,42
1790586600,0.212967,0.214973,0.212898,0.21496,0.213672,88414.6364237,38
1790586900,0.214835,0.216048,0.214835,0.215529,0.215051,228079.19016838,43
1790587200,0.215371,0.215921,0.215021,0.215187,0.215337,39599.17547709,34
1790587500,0.215111,0.215181,0.214572,0.214912,0.214955,20010.01674988,19
1790587800,0.214871,0.215055,0.214379,0.214379,0.214702,19387.63623758,16
1790588100,0.214137,0.214417,0.21379,0.213945,0.214003,111329.91990423,20
1790588400,0.2138,0.213876,0.213216,0.213247,0.213621,34782.20609038,20
1790588700,0.213569,0.213785,0.213186,0.21376,0.213480,26806.83405564,17
1790589000,0.213946,0.2142,0.213329,0.213329,0.213932,27037.49084071,17
1790589300,0.213205,0.213365,0.213205,0.213363,0.213284,12190.1072837,6
1790589600,0.214257,0.215282,0.214257,0.21499,0.214935,73271.52201586,33
1790589900,0.215017,0.215027,0.214163,0.214214,0.214524,56614.21387909,26
1790590200,0.214307,0.214362,0.214111,0.214362,0.214285,22881.85643068,11
1790590500,0.214801,0.215024,0.214608,0.214608,0.214984,106165.61914876,12
1790590800,0.214317,0.215163,0.214302,0.215163,0.214476,5203.11863555,8
1790591100,0.215379,0.215557,0.21522,0.215328,0.215390,14639.81128659,13
1790591400,0.215181,0.216031,0.215138,0.216031,0.215314,21152.3557458,20
1790591700,0.21612,0.217249,0.21612,0.216828,0.216745,61336.30221229,44
1790592000,0.217075,0.217156,0.216,0.216447,0.216195,503405.71405077,87
1790592300,0.216533,0.216575,0.216048,0.216048,0.216279,246408.3957412,50
1790592600,0.216036,0.216596,0.21595,0.216007,0.216201,21101.58891576,19
1790592900,0.215817,0.21599,0.215669,0.215669,0.215818,16829.60671371,9
1790593200,0.215953,0.216553,0.215588,0.215588,0.215984,50611.20412434,19
1790593500,0.215997,0.216389,0.21582,0.216089,0.216221,69730.08378148,38
1790593800,0.216129,0.216129,0.2157,0.215758,0.215784,31426.68406459,21
1790594100,0.215777,0.216237,0.215542,0.215542,0.216042,129849.43664496,39
1790594400,0.215666,0.21609,0.215485,0.216053,0.215796,26480.61307831,13
1790594700,0.215911,0.215924,0.215894,0.215894,0.215905,4785.21985286,3
1790595000,0.215642,0.21582,0.215642,0.215802,0.215780,15484.76100568,15
1790595300,0.215962,0.216136,0.215863,0.216134,0.215967,25742.79749046,16
1790595600,0.21609,0.216098,0.215889,0.215985,0.216016,14832.97744386,10
1790595900,0.215901,0.215901,0.215672,0.215759,0.215773,10524.3834987,9
1790596200,0.215777,0.216023,0.215504,0.21551,0.215759,33869.83284749,23
1790596500,0.21558,0.216095,0.21558,0.216072,0.216056,10820.40225929,14
1790596800,0.216045,0.216587,0.215534,0.216587,0.215944,96128.57746879,49
1790597100,0.216828,0.219762,0.216828,0.219762,0.219151,70172.23765471,36
1790597400,0.219843,0.220227,0.219081,0.220227,0.219686,164083.11440745,75
1790597700,0.219926,0.222426,0.219719,0.222241,0.221846,135628.6343395,69
1790598000,0.222551,0.223651,0.221925,0.222265,0.222937,504207.38724135,89
1790598300,0.222279,0.22244,0.221481,0.221495,0.222075,164573.43860183,65
1790598600,0.221411,0.222271,0.221099,0.222271,0.221640,82540.02620778,33
1790598900,0.222398,0.222631,0.221209,0.221209,0.221987,72972.21521019,46
1790599200,0.221251,0.221251,0.22049,0.221048,0.220747,41777.04352873,35
1790599500,0.221564,0.222307,0.221176,0.221647,0.221698,57983.63530378,30
1790599800,0.221532,0.222079,0.221167,0.222038,0.221624,98801.02224058,39
1790600100,0.222136,0.222381,0.221723,0.221874,0.222310,423387.86058338,251
1790600400,0.221727,0.221727,0.220352,0.220704,0.221149,37655.4339294,45
1790600700,0.220478,0.220663,0.2195,0.2195,0.219855,173463.58326249,68
1790601000,0.219261,0.219912,0.21909,0.219912,0.219581,41529.63911637,25
1790601300,0.220186,0.220327,0.219542,0.219733,0.220032,28215.84335343,18
1790601600,0.21969,0.219876,0.219369,0.219437,0.219695,70876.6523282,23
1790601900,0.219694,0.22025,0.219688,0.219894,0.220017,40061.65859216,23
1790602200,0.22024,0.220448,0.218893,0.219361,0.219511,122295.88192556,46
1790602500,0.219832,0.221272,0.218638,0.221122,0.219488,209721.14867397,52
1790602800,0.22103,0.221097,0.220363,0.220697,0.220808,44043.38000143,33
1790603100,0.220687,0.220687,0.219668,0.219668,0.220356,28290.46542252,26
1790603400,0.219448,0.219918,0.218811,0.219918,0.219328,27318.16572851,18
1790603700,0.219595,0.219712,0.21927,0.21927,0.219621,24033.00675462,14
1790604000,0.219098,0.219098,0.216891,0.216891,0.217503,400653.91979784,113
1790604300,0.217224,0.218318,0.216813,0.217557,0.217345,124465.81073855,45
1790604600,0.21744,0.217838,0.216659,0.21685,0.217377,44131.51644105,27
1790604900,0.216809,0.216861,0.215455,0.216137,0.216116,274471.5014113,68
1790605200,0.216131,0.217244,0.216131,0.216796,0.216809,24603.19669409,17
1790605500,0.217227,0.217227,0.213129,0.213943,0.215009,403347.69952863,117
1790605800,0.214066,0.214718,0.213852,0.214509,0.214341,63820.26695722,34
1790606100,0.214522,0.215328,0.214027,0.215256,0.214875,237342.95570281,49
1790606400,0.215044,0.21516,0.212239,0.213067,0.213169,208589.8130169,76
1790606700,0.213188,0.213665,0.212538,0.212906,0.213021,97234.77205327,47
1790607000,0.212944,0.213487,0.211,0.212464,0.211745,337810.3400908,100
1790607300,0.211565,0.212516,0.211543,0.211902,0.212099,66309.12239401,37
1790607600,0.211958,0.213287,0.211958,0.212583,0.212687,37064.50566544,22
1790607900,0.212564,0.213485,0.212035,0.213485,0.212592,36301.4571021,30
1790608200,0.213563,0.213698,0.211723,0.211897,0.213284,129215.97911272,34
1790608500,0.211746,0.212008,0.210752,0.211316,0.211117,130739.99166313,37
1790608800,0.211512,0.212866,0.211376,0.212866,0.211950,48736.37741755,21
1790609100,0.213072,0.213838,0.213047,0.213141,0.213262,26143.21768754,26
1790609400,0.213086,0.213256,0.212607,0.213119,0.212891,38461.67191764,22
1790609700,0.213182,0.214715,0.213182,0.214344,0.214087,39736.46473821,35
1790610000,0.214434,0.214803,0.21409,0.214099,0.214329,22129.20427985,22
1790610300,0.214158,0.214981,0.214043,0.214526,0.214592,131428.07518744,42
1790610600,0.215149,0.215149,0.214433,0.214945,0.214809,15444.73850548,13
1790610900,0.214986,0.2153,0.214985,0.2153,0.215023,455031.26377697,363
1790611200,0.2153,0.215554,0.214049,0.214635,0.214336,1345504.21317684,169
1790611500,0.214647,0.215618,0.214456,0.215393,0.215090,67343.38894853,32
1790611800,0.215498,0.215651,0.214921,0.215033,0.215268,32884.79381117,24
1790612100,0.214986,0.2169,0.214823,0.216247,0.215987,242394.60304707,91
1790612400,0.21697,0.218192,0.21697,0.2181,0.217686,333164.45708834,97
1790612700,0.218163,0.2192,0.217986,0.2192,0.218589,382752.94010486,116
1790613000,0.218602,0.218602,0.217613,0.217973,0.218106,31189.090187,41
1790613300,0.218033,0.218033,0.216355,0.216355,0.216753,130518.40874289,52
1790613600,0.216414,0.216499,0.215702,0.216032,0.216042,40629.62005814,25
1790613900,0.216059,0.216302,0.215392,0.215392,0.215977,47474.73749361,30
1790614200,0.215341,0.2163,0.215341,0.216178,0.216194,596030.60238831,183
1790614500,0.216163,0.216723,0.21605,0.216533,0.216241,104920.38639544,43
1790614800,0.216556,0.216556,0.215395,0.215597,0.215975,97596.9667346,62
1790615100,0.215467,0.215467,0.214832,0.214842,0.215261,23086.95444666,22
1790615400,0.214707,0.219558,0.214707,0.219558,0.216774,218829.13561385,116
1790615700,0.219762,0.219762,0.217903,0.218013,0.218844,34814.76942732,26
1790616000,0.218078,0.218795,0.218058,0.218462,0.218530,87463.6211281,37
1790616300,0.218371,0.218511,0.217517,0.218051,0.218051,42939.03336214,26
1790616600,0.218219,0.218799,0.218067,0.218067,0.218466,18622.40252602,15
1790616900,0.217826,0.218274,0.217506,0.218274,0.217889,18042.55219239,14
1790617200,0.2182,0.218596,0.218063,0.218361,0.218316,35512.37393175,10
1790617500,0.218411,0.218642,0.217879,0.217992,0.218096,54018.7133055,23
1790617800,0.21802,0.218032,0.21763,0.217901,0.217881,21683.95040721,15
1790618100,0.2178,0.218676,0.2178,0.218531,0.218040,41513.99854904,20
1790618400,0.218304,0.219744,0.218044,0.219744,0.218818,28820.48076171,21
1790618700,0.219762,0.219846,0.219295,0.219728,0.219580,21491.13989159,18
1790619000,0.219605,0.220238,0.219605,0.220002,0.219929,115078.93635411,33
1790619300,0.219989,0.220471,0.219723,0.219723,0.220019,108090.30516276,44
1790619600,0.219733,0.220076,0.219284,0.219618,0.219476,99504.13044881,38
1790619900,0.22,0.22007,0.219241,0.219325,0.219415,44451.48834128,29
1790620200,0.219334,0.219548,0.218263,0.218947,0.218622,230510.10841989,60
1790620500,0.219303,0.219303,0.218369,0.21854,0.218659,67030.57393814,19
1790620800,0.21844,0.218899,0.218129,0.218899,0.218307,75939.57522718,31
1790621100,0.218757,0.219171,0.218656,0.219171,0.218997,33868.05503414,14
1790621400,0.219233,0.21968,0.219233,0.219458,0.219532,11038.85827099,11
1790621700,0.219447,0.219533,0.219355,0.219441,0.219447,14319.80549184,11
1790622000,0.219281,0.219281,0.218311,0.218311,0.218732,36815.91901984,17
1790622300,0.218209,0.218315,0.216437,0.216606,0.217103,294192.94274011,77
1790622600,0.216616,0.217667,0.216567,0.217205,0.216994,50237.81028075,28
1790622900,0.217158,0.217337,0.21681,0.217013,0.217005,72418.92017722,18
1790623200,0.217026,0.217026,0.216424,0.216424,0.216563,42607.47371966,19
1790623500,0.216531,0.216689,0.216176,0.216176,0.216321,39699.81842522,15
1790623800,0.216447,0.216447,0.215283,0.215653,0.215721,148447.93868619,61
1790624100,0.215465,0.215465,0.214197,0.214315,0.214915,187140.89731698,76
1790624400,0.214123,0.21468,0.213568,0.21455,0.214309,41932.48904606,34
1790624700,0.214673,0.214673,0.213936,0.214077,0.214323,85029.91305423,30
1790625000,0.214011,0.214918,0.214011,0.214677,0.214603,26942.73851059,20
1790625300,0.214452,0.214623,0.2141,0.2141,0.214478,5359.29829852,5
1790625600,0.214293,0.214916,0.213292,0.214916,0.213970,25736.90908704,28
1790625900,0.215346,0.215978,0.215073,0.215978,0.215489,28875.9990411,17
1790626200,0.215973,0.215973,0.215286,0.215557,0.215801,23159.66903685,16
1790626500,0.215395,0.215409,0.214945,0.21538,0.215176,10873.3437236,8
1790626800,0.215812,0.216291,0.215716,0.216291,0.215824,17066.99709004,13
1790627100,0.216365,0.216384,0.216072,0.216322,0.216272,19884.18107229,17
1790627400,0.215905,0.216178,0.215905,0.216115,0.216109,14519.60582299,11
1790627700,0.215856,0.215901,0.215779,0.215901,0.215852,5322.33967448,6
1790628000,0.216059,0.216324,0.215704,0.21577,0.216072,11654.42201702,18
1790628300,0.215673,0.21609,0.215625,0.215667,0.215901,12770.96728487,13
1790628600,0.215784,0.216032,0.215457,0.216021,0.215681,19545.56290565,20
1790628900,0.215714,0.216449,0.215714,0.216178,0.216227,57175.66659376,25
1790629200,0.216373,0.217684,0.216373,0.217684,0.217247,21851.21059184,26
1790629500,0.217602,0.217602,0.216612,0.217075,0.217007,11330.00688952,13
1790629800,0.217236,0.217236,0.216627,0.216627,0.216870,8687.31188873,11
1790630100,0.21623,0.216366,0.216142,0.216142,0.216263,11719.83898921,9
1790630400,0.216155,0.216155,0.21571,0.21571,0.215969,14231.5635794,8
1790630700,0.215579,0.215614,0.215194,0.2155,0.215493,65218.90370004,15
1790631000,0.215683,0.215687,0.215271,0.215687,0.215504,57016.19396368,7
1790631300,0.215809,0.215809,0.215519,0.215557,0.215619,10157.95777014,5
1790631600,0.21529,0.21529,0.214949,0.215237,0.215014,115044.67005044,21
1790631900,0.215141,0.215165,0.214449,0.214527,0.214518,108588.45720731,18
1790632200,0.214461,0.214743,0.214032,0.214185,0.214318,14868.88561184,9
1790632500,0.214202,0.214547,0.214202,0.214309,0.214373,9125.6549012,6
1790632800,0.214,0.214,0.213129,0.213757,0.213732,219239.31110988,42
1790633100,0.213571,0.213632,0.213,0.213632,0.213055,48573.81765664,12
1790633400,0.21345,0.213939,0.21344,0.213642,0.213814,25346.1176262,11
1790633700,0.213603,0.214254,0.213516,0.214254,0.214127,5164.45600326,7
1790634000,0.214249,0.214249,0.213903,0.213926,0.213986,21648.20612249,13
1790634300,0.213976,0.214277,0.213843,0.213875,0.214027,15129.23763565,16
1790634600,0.213955,0.214337,0.213955,0.214142,0.214295,8659.63609917,9
1790634900,0.214968,0.215391,0.2149,0.215391,0.215207,5020.32245105,6
1790635200,0.215317,0.215633,0.215317,0.215633,0.215513,217538.04442222,34
1790635500,0.215633,0.21588,0.215561,0.215728,0.215844,301368.60700981,33
1790635800,0.215731,0.215813,0.215731,0.215813,0.215750,5260.73436631,6
1790636100,0.215898,0.216011,0.215898,0.216011,0.215934,8255.63135028,4
1790636400,0.21582,0.216811,0.21582,0.216745,0.216477,16579.73294099,20
1790636700,0.216538,0.21655,0.215972,0.216092,0.216193,10569.08111008,11
1790637000,0.216051,0.216054,0.215847,0.215895,0.215913,12453.30801417,10
1790637300,0.216075,0.216708,0.216075,0.216708,0.216427,8469.55251532,10
1790637600,0.216747,0.217,0.216659,0.217,0.216880,12253.95582837,23
1790637900,0.217016,0.217401,0.217016,0.217233,0.217203,11730.29964234,16
1790638200,0.217046,0.217046,0.217009,0.217009,0.217021,3123.15150385,5
1790638500,0.216958,0.217007,0.216894,0.216931,0.216978,5260.79023444,8
1790638800,0.216898,0.217101,0.216892,0.216938,0.217007,5313.78231253,9
1790639100,0.217028,0.217127,0.216921,0.217127,0.216962,1483.5313865,5
1790639400,0.217188,0.217551,0.217184,0.217495,0.217369,9009.39971497,11
1790639700,0.217418,0.21747,0.217354,0.217394,0.217385,8111.03999604,8
1790640000,0.217333,0.217641,0.217105,0.217641,0.217326,2079.15811646,6
1790640300,0.217642,0.218368,0.217412,0.218368,0.218028,11717.2648696,26
1790640600,0.218074,0.218523,0.218074,0.218523,0.218247,5900.56805168,10
1790640900,0.218558,0.218558,0.217447,0.217558,0.217935,51540.33090024,34
1790641200,0.21756,0.217694,0.217263,0.217265,0.217512,190130.17928022,43
1790641500,0.217367,0.218553,0.217367,0.218221,0.218048,20031.83150208,23
1790641800,0.217826,0.21945,0.217826,0.219379,0.218925,15608.74258712,18
1790642100,0.219372,0.220044,0.219366,0.219838,0.219739,87433.41336678,59
1790642400,0.21977,0.219838,0.219518,0.219518,0.219599,14015.98341613,11
1790642700,0.218908,0.218914,0.218034,0.218034,0.218639,7853.35246487,13
1790643000,0.217899,0.217899,0.217112,0.217114,0.217481,5098.54650179,7
1790643300,0.217664,0.217664,0.21629,0.216536,0.216625,276112.75943991,94
1790643600,0.216517,0.217497,0.216274,0.216876,0.217103,22187.25263052,16
1790643900,0.216453,0.216586,0.215395,0.215395,0.215954,19415.73731408,20
1790644200,0.21503,0.215261,0.214748,0.214919,0.214956,19594.81916867,14
1790644500,0.215201,0.215201,0.213606,0.213606,0.214396,20887.3210308,25
1790644800,0.214167,0.215266,0.214154,0.21487,0.214771,4381.1827959,16
1790645100,0.214853,0.214853,0.213229,0.213229,0.214011,14190.0647615,12
1790645400,0.213,0.213486,0.212173,0.213108,0.212701,219145.46224171,52
1790645700,0.212896,0.212906,0.211837,0.212152,0.212166,162707.16001958,46
1790646000,0.212203,0.213326,0.212063,0.213326,0.212475,33609.59641149,37
1790646300,0.213194,0.214294,0.213187,0.213285,0.213644,23366.93049413,21
1790646600,0.213183,0.213763,0.212709,0.213763,0.212939,59038.71041083,20
1790646900,0.213683,0.213683,0.213016,0.213257,0.213280,25995.14077767,20
1790647200,0.213741,0.213741,0.212944,0.212944,0.213372,5635.34868242,5
1790647500,0.212625,0.212773,0.211841,0.211841,0.212391,7516.64376525,7
1790647800,0.211773,0.21297,0.2115,0.212222,0.212015,58290.91835791,38
1790648100,0.212269,0.213043,0.212269,0.212547,0.212455,8045.07251909,13
1790648400,0.213257,0.213257,0.211341,0.2118,0.211641,103458.08125506,39
1790648700,0.211828,0.211828,0.211153,0.211224,0.211358,9882.9536986,12
1790649000,0.211336,0.211411,0.210113,0.210197,0.210753,274925.06209656,124
1790649300,0.210414,0.211697,0.210314,0.211548,0.210693,36902.60622693,43
1790649600,0.211166,0.211684,0.211166,0.211684,0.211337,47170.77500413,27
1790649900,0.212325,0.212406,0.211741,0.211767,0.212125,12814.84021727,10
1790650200,0.211412,0.211593,0.210981,0.211435,0.211289,31711.33478791,22
1790650500,0.211241,0.211471,0.211241,0.211455,0.211376,8768.542608,7
1790650800,0.211842,0.21215,0.211353,0.211353,0.211765,12127.99187566,16
1790651100,0.211359,0.211359,0.210876,0.211131,0.211094,36195.94636335,36
1790651400,0.211156,0.21136,0.211056,0.21136,0.211109,9728.52761139,14
1790651700,0.211157,0.212325,0.210832,0.212325,0.211212,41844.31712216,31
1790652000,0.21294,0.213673,0.212924,0.213673,0.213082,12527.31403607,16
1790652300,0.213764,0.213764,0.2135,0.21359,0.213669,6356.27222459,8
1790652600,0.2136,0.214203,0.212996,0.214203,0.213588,10623.68622285,15
1790652900,0.214148,0.214347,0.213893,0.214347,0.214123,9823.3952424,9
1790653200,0.213928,0.213961,0.213801,0.21386,0.213869,12017.238184,9
1790653500,0.21369,0.213825,0.21369,0.213825,0.213690,2900.0,2
1790653800,0.213752,0.214123,0.213658,0.213658,0.213989,8058.1900918,12
1790654100,0.213692,0.213712,0.213423,0.213515,0.213606,5712.086692,5
1790654400,0.2136,0.213734,0.212668,0.212896,0.213338,1684133.21608033,292
1790654700,0.212848,0.21312,0.212495,0.21312,0.212731,50324.45388159,30
1790655000,0.213093,0.213986,0.213062,0.21391,0.213694,40707.37389121,32
1790655300,0.214153,0.214715,0.213784,0.213865,0.214152,52754.63207378,34
1790655600,0.214612,0.214904,0.214501,0.214904,0.214744,4397.33007235,4
1790655900,0.214446,0.214446,0.214191,0.214191,0.214298,12435.49004031,13
1790656200,0.213911,0.213926,0.2136,0.213659,0.213678,124852.6450992,64
1790656500,0.21331,0.214211,0.21331,0.21418,0.213869,8699.45782375,12
1790656800,0.214057,0.214057,0.213573,0.213621,0.213819,175071.39032655,37
1790657100,0.213518,0.213518,0.212649,0.212928,0.212978,114255.02171301,48
1790657400,0.212668,0.213889,0.212668,0.213836,0.213708,100551.62871261,58
1790657700,0.213786,0.214152,0.213616,0.213848,0.213687,27724.56427673,17
1790658000,0.213865,0.214667,0.213865,0.214667,0.214358,5351.52885851,10
1790658300,0.214312,0.214412,0.213446,0.213527,0.214279,28301.66712584,14
1790658600,0.213583,0.214099,0.21347,0.214099,0.213546,10219.04405514,10
1790658900,0.214099,0.214971,0.214099,0.214971,0.214507,6379.61055496,7
1790659200,0.214826,0.214826,0.214659,0.214753,0.214797,4907.44540742,7
1790659500,0.215276,0.215352,0.21475,0.215022,0.215048,12568.61358202,15
1790659800,0.2145,0.2145,0.213,0.213,0.213752,412327.57746471,50
1790660100,0.212715,0.213237,0.21235,0.213237,0.212558,132236.60590826,44
1790660400,0.213591,0.214567,0.213591,0.214567,0.214219,17164.4190032,20
1790660700,0.21461,0.215576,0.213974,0.215576,0.214577,22232.6674892,18
1790661000,0.21558,0.21574,0.215274,0.215482,0.215479,11606.63810815,14
1790661300,0.215767,0.215767,0.215431,0.21561,0.215544,111760.83589682,58
1790661600,0.215854,0.215879,0.215542,0.215858,0.215592,109328.48858362,39
1790661900,0.215604,0.217,0.215588,0.217,0.216339,15904.69612234,21
1790662200,0.216987,0.217987,0.216987,0.217987,0.217352,130275.7305113,45
1790662500,0.217877,0.217877,0.216679,0.217119,0.217746,121591.85944264,40
1790662800,0.217718,0.21786,0.216918,0.216918,0.217395,31775.75867425,17
1790663100,0.21706,0.217271,0.217047,0.217164,0.217164,5188.4916938,7
1790663400,0.217851,0.217851,0.217628,0.217628,0.217849,100305.0066635,44
1790663700,0.217673,0.217856,0.217254,0.217519,0.217356,52220.71197865,32
1790664000,0.217764,0.217854,0.217456,0.217647,0.217584,23684.67812318,24
1790664300,0.217888,0.217888,0.217607,0.217888,0.217698,11740.37770434,6
1790664600,0.217837,0.219268,0.217837,0.219268,0.218840,81781.61424111,36
1790664900,0.219403,0.219403,0.219111,0.219117,0.219230,45987.42272734,34
1790665200,0.219096,0.219096,0.218387,0.218752,0.218731,21982.28683602,17
1790665500,0.218991,0.2197,0.218971,0.2197,0.219142,23314.82315933,25
1790665800,0.219642,0.219762,0.219341,0.219762,0.219531,17846.46988702,16
1790666100,0.219923,0.220713,0.219722,0.220316,0.220589,543189.22824642,161
1790666400,0.220369,0.220664,0.219975,0.220664,0.220218,30286.72928351,35
1790666700,0.220791,0.221178,0.220665,0.220944,0.220830,47340.90967614,40
1790667000,0.220751,0.221094,0.220265,0.221094,0.220590,16084.6316959,25
1790667300,0.220895,0.222341,0.220895,0.222263,0.222215,554018.73483691,191
1790667600,0.221859,0.221972,0.220985,0.221442,0.221223,442728.83683958,126
1790667900,0.22126,0.221884,0.221072,0.221475,0.221525,116413.63146911,81
1790668200,0.221407,0.221806,0.221405,0.221682,0.221657,32137.20742553,37
1790668500,0.221775,0.222013,0.221505,0.222013,0.221727,20969.99367489,18
1790668800,0.222147,0.222819,0.22203,0.222089,0.222497,83942.58466636,51
1790669100,0.221963,0.222032,0.221372,0.221715,0.221787,19391.45988723,21
1790669400,0.221733,0.222104,0.22139,0.222007,0.221906,50582.04514731,45
1790669700,0.222184,0.22263,0.222184,0.222301,0.222423,19101.30384038,21
1790670000,0.222726,0.224366,0.222726,0.223589,0.223501,79368.14740175,89
1790670300,0.223571,0.224055,0.223501,0.223501,0.223669,54686.64383038,26
1790670600,0.223264,0.223265,0.222185,0.222509,0.222530,54957.73669119,22
1790670900,0.222553,0.222553,0.221284,0.221966,0.221509,224242.97259907,61
1790671200,0.221878,0.222,0.221187,0.221822,0.221597,40249.10443968,32
1790671500,0.221652,0.222235,0.221538,0.222174,0.221886,24896.49078449,33
1790671800,0.222254,0.222424,0.222174,0.222269,0.222293,15465.09508871,16
1790672100,0.222281,0.222833,0.222256,0.222832,0.222571,28864.94961638,28
1790672400,0.222062,0.22278,0.221783,0.22221,0.222155,19929.87084118,23
1790672700,0.222328,0.22235,0.221846,0.221993,0.222186,10863.96479917,7
1790673000,0.221972,0.221972,0.221552,0.22174,0.221764,14881.75494358,18
1790673300,0.221849,0.22262,0.221849,0.222612,0.222371,21707.471083,27
1790673600,0.222503,0.222851,0.222263,0.222851,0.222533,61765.95308181,50
1790673900,0.222918,0.223004,0.222485,0.222489,0.222724,48887.70108452,38
1790674200,0.222277,0.223636,0.222277,0.223465,0.223354,70006.16607739,45
1790674500,0.223356,0.223882,0.223222,0.223576,0.223590,88719.01679248,70
1790674800,0.223601,0.223601,0.222988,0.223428,0.223343,38366.60487669,24
1790675100,0.2236,0.224211,0.223536,0.224211,0.223847,29237.31475813,26
1790675400,0.2243,0.224393,0.223674,0.2242,0.224194,37964.17104938,29
1790675700,0.224264,0.224539,0.22381,0.223904,0.224241,289794.80911221,57
1790676000,0.22369,0.22369,0.223222,0.22339,0.223415,16318.77539247,17
1790676300,0.223255,0.223498,0.223071,0.223452,0.223232,23007.9850836,18
1790676600,0.22348,0.223588,0.223309,0.223381,0.223432,2421.55802913,9
1790676900,0.223,0.223,0.22235,0.222404,0.222770,17957.48701688,20
1790677200,0.222239,0.222419,0.221943,0.221943,0.222236,12708.46136968,12
1790677500,0.221944,0.222164,0.221944,0.222004,0.222084,20537.86524099,22
1790677800,0.221529,0.221664,0.22114,0.22114,0.221273,26280.65127199,21
1790678100,0.221343,0.221343,0.220445,0.220648,0.220722,150854.98782545,89
1790678400,0.220671,0.221128,0.220356,0.22078,0.220592,36180.96250835,32
1790678700,0.220826,0.221142,0.220731,0.220967,0.220947,8258.45302169,12
1790679000,0.22114,0.221429,0.221091,0.221429,0.221202,10314.66007573,9
1790679300,0.221634,0.221664,0.22137,0.221522,0.221572,4155.61770746,7
1790679600,0.221581,0.221641,0.221203,0.221203,0.221384,19153.71099733,20
1790679900,0.22096,0.221612,0.22096,0.221149,0.221141,5465.64853348,7
1790680200,0.221218,0.221218,0.220961,0.220994,0.221070,19019.9082088,21
1790680500,0.220803,0.221417,0.220803,0.221298,0.221135,7370.81128458,6
1790680800,0.221125,0.221419,0.221125,0.221419,0.221301,14886.13782488,11
1790681100,0.221533,0.221533,0.221179,0.221207,0.221458,11268.60228587,12
1790681400,0.221141,0.222938,0.221141,0.222938,0.221542,16141.32442262,22
1790681700,0.223114,0.223649,0.223014,0.223285,0.223256,24852.46418515,29
1790682000,0.223298,0.223676,0.223157,0.223676,0.223377,10920.42317735,19
1790682300,0.223742,0.224226,0.223667,0.224162,0.223899,22830.06895186,27
1790682600,0.224118,0.224197,0.223014,0.223375,0.223635,41250.60428228,31
1790682900,0.223709,0.223886,0.223576,0.223576,0.223759,24870.36883545,27
1790683200,0.223549,0.224067,0.223549,0.223975,0.223903,14323.33423849,15
1790683500,0.223583,0.223583,0.223034,0.223093,0.223268,21715.26528653,19
1790683800,0.223119,0.223119,0.222411,0.222411,0.222891,37159.965816,26
1790684100,0.222774,0.223174,0.22234,0.222362,0.222941,41339.18135855,30
1790684400,0.222227,0.222227,0.221947,0.222073,0.222101,31784.68041087,30
1790684700,0.221833,0.22249,0.221833,0.221929,0.222064,24408.34683926,29
1790685000,0.222039,0.222861,0.221755,0.222861,0.221960,263923.8334755,65
1790685300,0.223232,0.22372,0.223078,0.223207,0.223439,82385.28149155,52
1790685600,0.223032,0.223032,0.222684,0.222902,0.222889,32974.40050193,22
1790685900,0.222996,0.223153,0.222406,0.222501,0.222675,54869.92276427,46
1790686200,0.222487,0.222767,0.222299,0.222756,0.222531,14475.52516192,14
1790686500,0.222684,0.222684,0.222481,0.22249,0.222621,30365.96668096,22
1790686800,0.222562,0.222668,0.222033,0.222033,0.222234,131490.81087603,48
1790687100,0.222579,0.22307,0.222334,0.22306,0.222792,24417.80182047,24
1790687400,0.223164,0.223164,0.222645,0.222809,0.222836,33018.92464609,31
1790687700,0.222654,0.22343,0.222473,0.223364,0.222921,5287.75203169,10
1790688000,0.223337,0.223337,0.222737,0.222803,0.223018,9562.02620985,19
1790688300,0.222803,0.223212,0.222414,0.222784,0.222887,33719.47033262,32
1790688600,0.222796,0.222884,0.221123,0.221255,0.221683,59330.66766807,57
1790688900,0.221775,0.222323,0.221028,0.222187,0.222078,82722.85983138,46
1790689200,0.22229,0.22269,0.221882,0.221922,0.222181,31640.21157876,36
1790689500,0.222045,0.222048,0.221534,0.221766,0.221741,27258.74659902,38
1790689800,0.221872,0.222832,0.221833,0.222832,0.222208,36869.60184091,20
1790690100,0.222735,0.222826,0.222067,0.222067,0.222581,18653.11138942,25
1790690400,0.222411,0.222411,0.221121,0.221178,0.221726,10072.78765539,10
1790690700,0.22148,0.22148,0.220518,0.2209,0.220969,87708.27787935,54
1790691000,0.220956,0.221204,0.220767,0.2209,0.220918,50749.83421865,37
1790691300,0.220935,0.221934,0.220534,0.22183,0.220966,100048.42355828,42
1790691600,0.221974,0.222173,0.221036,0.221036,0.221784,26910.24407689,21
1790691900,0.221477,0.222103,0.221477,0.221826,0.221989,18340.22565783,14
1790692200,0.221685,0.22275,0.221685,0.222637,0.222242,36734.18046812,31
1790692500,0.222524,0.222939,0.221834,0.222884,0.222466,44074.25167361,25
1790692800,0.223022,0.2237,0.222841,0.222841,0.223243,302423.56456156,116
1790693100,0.222999,0.223742,0.222668,0.222668,0.222996,65287.53264241,37
1790693400,0.222342,0.222952,0.221995,0.222753,0.222578,47797.18079203,26
1790693700,0.222573,0.223011,0.222432,0.222432,0.222796,17435.89176678,10
1790694000,0.222199,0.222246,0.220974,0.221075,0.221582,61126.95735853,42
1790694300,0.221045,0.221068,0.219534,0.220785,0.219940,210561.04262571,87
1790694600,0.221212,0.221212,0.218756,0.219084,0.219117,144692.71947384,71
1790694900,0.219476,0.220178,0.21856,0.218937,0.218974,73978.04259902,66
1790695200,0.21894,0.219033,0.216453,0.216985,0.217700,281558.04796102,163
1790695500,0.216688,0.216999,0.215152,0.216,0.216037,329458.32775095,192
1790695800,0.216045,0.217213,0.215925,0.21671,0.216578,55041.6624225,55
1790696100,0.2165,0.216891,0.2165,0.21674,0.216713,31604.03228388,34
1790696400,0.216813,0.217385,0.21643,0.21648,0.216991,53663.69228236,35
1790696700,0.217036,0.217236,0.21587,0.217195,0.216209,129251.93483662,68
1790697000,0.217008,0.217008,0.214766,0.214766,0.215212,131587.47202974,58
1790697300,0.215291,0.215877,0.214745,0.215168,0.215147,83839.83655322,60
1790697600,0.215407,0.216112,0.215407,0.215453,0.215789,20229.66431422,17
1790697900,0.21536,0.215904,0.21527,0.215691,0.215581,124571.47443531,70
1790698200,0.215786,0.216235,0.215751,0.215827,0.215914,21521.26430937,19
1790698500,0.215812,0.216281,0.215511,0.215809,0.215879,14907.79723571,24
1790698800,0.215912,0.216309,0.215912,0.215959,0.216103,96228.34093081,24
1790699100,0.215988,0.21648,0.215988,0.216374,0.216277,13014.38761575,12
1790699400,0.216157,0.216158,0.215092,0.215092,0.215769,134212.22927679,40
1790699700,0.21568,0.216065,0.215404,0.215404,0.215748,55841.88821446,32
1790700000,0.215137,0.215303,0.213729,0.213938,0.214422,202595.16181905,108
1790700300,0.213881,0.214201,0.21288,0.212882,0.213288,185943.5473316,109
1790700600,0.213261,0.214438,0.21267,0.21275,0.214128,336918.58484417,76
1790700900,0.212569,0.213705,0.212526,0.213705,0.212770,32518.93581911,33
1790701200,0.213832,0.21393,0.21349,0.21393,0.213528,311479.44027949,233
1790701500,0.214117,0.2145,0.214082,0.214183,0.214409,32634.39288969,16
1790701800,0.213897,0.214055,0.213689,0.214027,0.213857,11063.0052503,12
1790702100,0.213948,0.213957,0.213006,0.213408,0.213298,17273.55526547,23
1790702400,0.213295,0.213447,0.21269,0.213429,0.212793,105650.88123439,89
1790702700,0.213458,0.21375,0.213278,0.21375,0.213728,297172.08943487,285
1790703000,0.213797,0.2139,0.213409,0.213749,0.213681,90794.05288414,49
1790703300,0.213492,0.213597,0.213386,0.21351,0.213468,15240.09893478,10
1790703600,0.213544,0.213802,0.213345,0.213345,0.213640,29460.54623917,20
1790703900,0.213451,0.213457,0.212685,0.212685,0.213208,37793.21576977,23
1790704200,0.212443,0.213252,0.212,0.212909,0.212420,37944.22538601,49
1790704500,0.212705,0.213229,0.212705,0.213229,0.212888,30054.59693283,20
1790704800,0.21343,0.214687,0.21343,0.214205,0.214031,49368.53103001,57
1790705100,0.214444,0.214711,0.214105,0.214125,0.214553,310960.85107134,118
1790705400,0.213968,0.214499,0.213772,0.214372,0.214160,19692.95883957,17
1790705700,0.21437,0.215028,0.21437,0.215028,0.214658,117044.86096706,30
1790706000,0.215117,0.2155,0.214929,0.215412,0.215465,350132.63698459,47
1790706300,0.215278,0.215347,0.214758,0.215347,0.214878,257637.84212447,67
1790706600,0.21473,0.215562,0.214434,0.215562,0.214763,79909.58607908,55
1790706900,0.215607,0.215854,0.215355,0.215717,0.215707,253087.09569625,338
1790707200,0.215717,0.216475,0.215717,0.21641,0.216187,595059.24699837,558
1790707500,0.216049,0.216221,0.2158,0.215873,0.216196,35721.55745608,18
1790707800,0.215643,0.216248,0.215643,0.215944,0.215841,3547.004229,3
1790708100,0.215879,0.216154,0.215806,0.216154,0.215974,33630.68016139,18
1790708400,0.216023,0.216475,0.216023,0.216475,0.216341,10647.91596631,10
1790708700,0.216493,0.216493,0.215833,0.216224,0.216067,28723.43636915,24
1790709000,0.216015,0.216085,0.21583,0.21583,0.216011,9185.53243877,8
1790709300,0.215776,0.21619,0.215706,0.215864,0.215951,580673.62012435,149
1790709600,0.216012,0.216193,0.21589,0.216173,0.215982,31463.18021123,20
1790709900,0.216343,0.216356,0.215556,0.215798,0.215896,106895.72739483,54
1790710200,0.215728,0.216195,0.215528,0.216003,0.215919,27859.24900112,24
1790710500,0.215981,0.216224,0.21584,0.216224,0.216041,17056.9926015,18
1790710800,0.216332,0.216332,0.21514,0.215278,0.215399,229288.80099584,74
1790711100,0.215273,0.215765,0.214857,0.21502,0.215158,137780.0130526,79
1790711400,0.215043,0.215061,0.214277,0.214462,0.214443,117364.00401416,52
1790711700,0.214401,0.214401,0.214,0.214371,0.214108,60912.28140188,27
1790712000,0.214684,0.214684,0.214147,0.214503,0.214218,14921.32235868,13
1790712300,0.214411,0.21551,0.214411,0.215142,0.215168,14634.78429994,20
1790712600,0.214699,0.215179,0.214699,0.214969,0.215022,40732.89401877,31
1790712900,0.215005,0.215649,0.215005,0.215649,0.215335,17861.28756665,15
1790713200,0.216142,0.21623,0.215914,0.21623,0.216111,30462.17565366,21
1790713500,0.216335,0.21671,0.216335,0.216478,0.216532,4672.35087606,7
1790713800,0.21616,0.216251,0.215972,0.215972,0.216149,7824.8524378,6
1790714100,0.216088,0.216088,0.215975,0.215975,0.216046,606.5903619,3
1790714400,0.216186,0.216197,0.215734,0.215773,0.215899,73534.09174447,32
1790714700,0.215799,0.215949,0.215513,0.215949,0.215568,26799.70969122,8
1790715000,0.216044,0.216064,0.215912,0.216064,0.215991,13628.33665463,16
1790715300,0.21594,0.216068,0.215795,0.215795,0.215884,26732.48046847,13
1790715600,0.215746,0.215832,0.215038,0.215347,0.215418,70019.59792704,43
1790715900,0.215547,0.216324,0.215538,0.215884,0.215879,21565.21797092,21
1790716200,0.216,0.216181,0.216,0.216098,0.216125,13288.14075234,15
1790716500,0.216217,0.216217,0.215586,0.215586,0.216072,39890.78193315,21
1790716800,0.215313,0.215429,0.214935,0.214935,0.215206,15089.41108007,15
1790717100,0.215001,0.215152,0.214482,0.215152,0.214680,100215.05735986,31
1790717400,0.215222,0.21538,0.214788,0.215307,0.215160,49243.31189676,22
1790717700,0.215117,0.215392,0.215117,0.215392,0.215344,3654.7655542,4
1790718000,0.215455,0.215455,0.21531,0.21531,0.215451,2092.21785968,2
1790718300,0.214905,0.215268,0.214418,0.215257,0.214622,12410.69891868,9
1790718600,0.21535,0.21538,0.215281,0.21538,0.215317,3942.929338,5
1790718900,0.215415,0.215444,0.215237,0.215419,0.215328,11287.27142214,6
1790719200,0.21568,0.216172,0.215578,0.215969,0.215961,50201.0638904,12
1790719500,0.215783,0.216071,0.215783,0.216071,0.215885,834659.5602524,122
1790719800,0.216065,0.216751,0.216065,0.216751,0.216087,4982.05962633,5
1790720100,0.216182,0.216337,0.215623,0.216337,0.215958,64210.53171054,39
1790720400,0.21625,0.21625,0.215701,0.216097,0.215964,8916.50527909,7
1790720700,0.216208,0.216325,0.21598,0.21598,0.216145,8433.81914554,5
1790721000,0.215666,0.215666,0.215511,0.215511,0.215606,6089.4101996,3
1790721300,0.215606,0.216041,0.215606,0.216041,0.215751,6432.3298554,4
1790721600,0.215954,0.216238,0.215954,0.216205,0.216159,3004.3574528,6
1790721900,0.216238,0.216238,0.215882,0.215955,0.215938,14589.05295721,7
1790722200,0.216095,0.216134,0.215998,0.216126,0.216085,12244.91670676,7
1790722500,0.215931,0.215931,0.215931,0.215931,0.215931,803.720478,1
1790722800,0.215722,0.216013,0.215707,0.216013,0.215788,11485.50724548,8
1790723100,0.216239,0.217311,0.216239,0.216935,0.217007,64962.69644122,40
1790723400,0.217158,0.217485,0.217083,0.217434,0.217199,7456.28110735,5
1790723700,0.217389,0.217436,0.217065,0.217078,0.217231,17438.99368473,9
1790724000,0.216846,0.216846,0.216678,0.216733,0.216800,6595.75023355,5
1790724300,0.21651,0.216735,0.216332,0.216332,0.216511,9673.88546258,10
1790724600,0.215946,0.215988,0.215694,0.215694,0.215934,7024.39679292,7
1790724900,0.215634,0.215772,0.215626,0.215772,0.215724,35571.31169642,13
1790725200,0.215504,0.215504,0.214923,0.214923,0.215223,8194.87253229,6
1790725500,0.214923,0.214923,0.214923,0.214923,0.000000,0.0,0
1790725800,0.215377,0.215377,0.215377,0.215377,0.215377,28.97983321,1
1790726100,0.215458,0.215458,0.215458,0.215458,0.215458,2046.311833,1
1790726400,0.215592,0.215651,0.215406,0.215406,0.215580,15597.05626753,12
1790726700,0.215375,0.215446,0.214758,0.214824,0.215011,11556.05478527,7
1790727000,0.214265,0.214265,0.213946,0.214009,0.214026,13516.63897317,10
1790727300,0.214064,0.214123,0.213717,0.213717,0.214016,6363.60600949,5
1790727600,0.213657,0.213707,0.213431,0.213707,0.213538,12881.13191267,11
1790727900,0.213768,0.214418,0.213768,0.214418,0.213907,10661.66067027,6
1790728200,0.214446,0.215081,0.214348,0.215081,0.214666,9988.18247416,8
1790728500,0.214977,0.214982,0.214645,0.214673,0.214668,971.875,6
1790728800,0.214724,0.215226,0.21462,0.21462,0.214998,10117.90535183,10
1790729100,0.214321,0.214337,0.214321,0.214337,0.214325,2857.6997022,5
1790729400,0.214409,0.214566,0.214283,0.214457,0.214406,9034.44683475,6
1790729700,0.215153,0.215507,0.215153,0.215507,0.215348,6258.50006954,4
1790730000,0.215429,0.216404,0.215429,0.216239,0.215912,14288.45543797,13
1790730300,0.216066,0.216684,0.215986,0.216684,0.216301,5410.8660467,4
1790730600,0.216561,0.216718,0.216415,0.216476,0.216589,12532.1832871,11
1790730900,0.216685,0.216685,0.216148,0.216388,0.216252,49952.13010589,15
1790731200,0.216447,0.217149,0.216447,0.217149,0.217101,4491.62079245,6
1790731500,0.217149,0.217328,0.216618,0.216618,0.217057,9034.93989671,7
1790731800,0.216383,0.216538,0.216383,0.216538,0.216460,4073.8385453,2
1790732100,0.216048,0.216221,0.21565,0.21565,0.215977,55470.18240056,14
1790732400,0.215995,0.216134,0.215935,0.216134,0.215998,4676.7803373,5
1790732700,0.216542,0.216542,0.216422,0.216422,0.216423,2057.8961541,2
1790733000,0.216864,0.217084,0.216433,0.216433,0.216808,9632.20162668,8
1790733300,0.216406,0.216406,0.216231,0.216313,0.216236,2179.02439475,6
1790733600,0.21632,0.216615,0.21622,0.21622,0.216414,13216.50232317,15
1790733900,0.216687,0.217318,0.216632,0.217001,0.216862,19417.337804,16
1790734200,0.216907,0.216907,0.216461,0.216826,0.216609,20500.77331473,17
1790734500,0.216133,0.216339,0.216133,0.21629,0.216298,2744.364094,4
1790734800,0.215964,0.216668,0.215964,0.216668,0.216402,9952.97389493,7
1790735100,0.216136,0.216217,0.215886,0.215886,0.216117,5527.80990901,5
1790735400,0.215955,0.216133,0.2157,0.216133,0.215925,4911.9564447,3
1790735700,0.215826,0.215985,0.215826,0.215951,0.215943,4955.4489705,3
1790736000,0.216795,0.216959,0.21666,0.216684,0.216850,30248.34667852,27
1790736300,0.216582,0.217293,0.216582,0.217293,0.217278,4077.75801246,3
1790736600,0.216948,0.217159,0.216767,0.216861,0.216933,32757.26276273,21
1790736900,0.21642,0.21642,0.216333,0.216333,0.216376,4075.5922892,4
1790737200,0.216675,0.216782,0.216245,0.21658,0.216571,14723.48836145,7
1790737500,0.216445,0.216454,0.216154,0.216154,0.216360,8299.78655915,5
1790737800,0.216023,0.216023,0.215963,0.215963,0.215992,4083.06377191,2
1790738100,0.215911,0.215911,0.214581,0.214597,0.214860,12836.4578713,10
1790738400,0.214628,0.215291,0.214628,0.21507,0.215057,12756.62991586,11
1790738700,0.215165,0.21531,0.214879,0.21529,0.215213,14615.33559001,9
1790739000,0.215305,0.215305,0.21486,0.214941,0.215187,6586.80283012,10
1790739300,0.215207,0.216134,0.215106,0.216134,0.215389,8192.45115025,6
1790739600,0.216009,0.216009,0.215634,0.215634,0.215834,16376.8647732,10
1790739900,0.215389,0.215512,0.215205,0.215304,0.215346,11446.1912314,8
1790740200,0.215247,0.215288,0.2147,0.215,0.214858,413948.7088812,49
1790740500,0.214949,0.214949,0.214707,0.214947,0.214754,231369.33929085,38
1790740800,0.214982,0.216272,0.214982,0.216114,0.215725,27351.32943137,20
1790741100,0.216266,0.216476,0.215823,0.21583,0.216240,40559.39635646,28
1790741400,0.215837,0.216163,0.215837,0.216119,0.216115,5156.40956139,7
1790741700,0.216576,0.216576,0.216374,0.216374,0.216444,13847.62943554,5
1790742000,0.216183,0.216484,0.216183,0.216475,0.216332,10655.62122036,8
1790742300,0.216541,0.216727,0.216541,0.216727,0.216648,26570.71253433,8
1790742600,0.216354,0.216354,0.215907,0.215907,0.216150,12338.71840281,7
1790742900,0.215826,0.216226,0.215826,0.216185,0.215998,17738.39549999,14
1790743200,0.216185,0.216185,0.216185,0.216185,0.216185,2041.2883,1
1790743500,0.216211,0.216289,0.216211,0.216274,0.216277,4310.13245827,4
1790743800,0.215757,0.215757,0.215433,0.215446,0.215629,12119.10853105,6
1790744100,0.215389,0.215389,0.215317,0.215317,0.215324,22452.7475567,4
1790744400,0.215431,0.216147,0.215431,0.21569,0.216002,8773.03946509,8
1790744700,0.215546,0.21585,0.215546,0.215656,0.215734,6187.58567018,4
1790745000,0.215522,0.215592,0.215383,0.215383,0.215512,11903.06012636,7
1790745300,0.215084,0.215612,0.215008,0.215572,0.215124,51797.30069823,13
1790745600,0.215414,0.215804,0.215406,0.215688,0.215660,12036.2425746,9
1790745900,0.2157,0.2157,0.21561,0.21561,0.215663,5045.8785649,2
1790746200,0.216652,0.216955,0.216341,0.216341,0.216683,21391.29404636,11
1790746500,0.216636,0.217081,0.216528,0.217081,0.216795,45122.54875876,21
1790746800,0.216846,0.21741,0.216615,0.217312,0.216959,7198.76545314,10
1790747100,0.217226,0.217615,0.217142,0.217142,0.217590,7235.6055285,6
1790747400,0.217155,0.217155,0.216595,0.216608,0.216785,6102.1516176,3
1790747700,0.216373,0.216619,0.216252,0.216619,0.216392,16987.38864421,12
1790748000,0.216656,0.217083,0.216515,0.216515,0.216807,6118.02509781,4
1790748300,0.216857,0.216857,0.21625,0.21625,0.216652,10164.98608922,5
1790748600,0.215639,0.215639,0.215078,0.215078,0.215314,37507.23691026,10
1790748900,0.215144,0.215501,0.215144,0.215501,0.215268,8808.36903269,9
1790749200,0.215256,0.215256,0.214395,0.214395,0.214610,86867.12377558,31
1790749500,0.214037,0.214383,0.213627,0.214359,0.213844,220291.08399056,82
1790749800,0.214419,0.214787,0.214015,0.214172,0.214496,38952.02128765,29
1790750100,0.214228,0.214494,0.214157,0.214171,0.214305,17625.67132884,14
1790750400,0.214023,0.214526,0.213858,0.214526,0.214195,20139.09029324,15
1790750700,0.21444,0.21444,0.213273,0.213403,0.213479,41257.56832336,17
1790751000,0.213717,0.214153,0.213509,0.214015,0.213854,16178.92046446,8
1790751300,0.214366,0.214867,0.213582,0.213582,0.214041,43607.09248192,23
1790751600,0.213326,0.21421,0.213326,0.21421,0.213685,22772.1562895,15
1790751900,0.213762,0.213762,0.213011,0.213245,0.213269,58209.10546154,49
1790752200,0.213474,0.213602,0.213076,0.213095,0.213195,25381.34987601,16
1790752500,0.213698,0.214109,0.213698,0.214109,0.213898,10786.99073375,9
1790752800,0.214946,0.215253,0.214559,0.215105,0.214985,31956.98223603,23
1790753100,0.215143,0.215332,0.214559,0.214559,0.215158,26908.40007313,19
1790753400,0.214742,0.214956,0.214649,0.214916,0.214887,18361.63181239,10
1790753700,0.215803,0.215854,0.21532,0.215854,0.215527,14534.53054427,10
1790754000,0.21578,0.216123,0.21565,0.215912,0.215933,24511.7505935,21
1790754300,0.215834,0.216134,0.215747,0.216134,0.215899,47550.56589781,25
1790754600,0.216296,0.216296,0.21609,0.216109,0.216171,15893.9775175,10
1790754900,0.21579,0.21579,0.215359,0.215393,0.215447,4469.23264016,7
1790755200,0.215488,0.215488,0.214966,0.214966,0.215232,21648.9207463,16
1790755500,0.215133,0.215133,0.214875,0.214937,0.215062,6171.55068558,4
1790755800,0.214512,0.214512,0.214396,0.214396,0.214466,7900.02905352,8
1790756100,0.214745,0.215811,0.214745,0.215343,0.215256,21570.6477298,11
1790756400,0.215112,0.216034,0.215005,0.215289,0.215654,103416.13030102,34
1790756700,0.215236,0.215651,0.215236,0.21534,0.215336,4154.63461818,7
1790757000,0.215183,0.215183,0.21446,0.214498,0.214711,7693.28270633,7
1790757300,0.214621,0.215177,0.214568,0.215115,0.214846,11007.73347294,10
1790757600,0.215139,0.215139,0.214689,0.214726,0.214864,6765.81591777,5
1790757900,0.214997,0.215874,0.214997,0.215495,0.215536,40673.87397565,17
1790758200,0.215717,0.215858,0.2153,0.215535,0.215691,15322.39080838,20
1790758500,0.2155,0.215582,0.215472,0.215495,0.215508,10925.59346387,8
1790758800,0.215852,0.216475,0.215583,0.216475,0.215983,11847.19867686,10
1790759100,0.2165,0.216749,0.21628,0.216406,0.216448,35184.64646127,23
1790759400,0.216745,0.216891,0.216691,0.216832,0.216768,11490.76442293,13
1790759700,0.216818,0.216818,0.216692,0.216692,0.216749,14279.50174043,14
1790760000,0.216574,0.217149,0.216518,0.217149,0.216759,35575.33640247,28
1790760300,0.217519,0.217601,0.217146,0.217265,0.217317,22086.655374,17
1790760600,0.217539,0.219657,0.217484,0.219427,0.218621,148636.61154837,63
1790760900,0.219106,0.219488,0.218805,0.218805,0.219184,74040.64738879,24
1790761200,0.21877,0.21877,0.218364,0.218392,0.218479,17640.39266302,16
1790761500,0.218241,0.218241,0.218047,0.218055,0.218140,15042.21146627,12
1790761800,0.218258,0.218304,0.217796,0.218058,0.218133,81531.12654659,22
1790762100,0.217962,0.217962,0.217874,0.217874,0.217887,13167.12071275,5
1790762400,0.218073,0.21818,0.21783,0.218036,0.218069,20298.02017619,15
1790762700,0.218306,0.218474,0.218279,0.218352,0.218377,52535.53881778,19
1790763000,0.218114,0.218114,0.217887,0.217888,0.218010,10488.33092343,9
1790763300,0.217387,0.217774,0.217387,0.217681,0.217559,19419.63575432,12
1790763600,0.218037,0.218198,0.217888,0.218145,0.218130,31530.94347219,11
1790763900,0.218381,0.218655,0.218111,0.218111,0.218486,40347.91490922,15
1790764200,0.218512,0.219033,0.218454,0.218752,0.218906,61771.06682012,21
1790764500,0.218831,0.219027,0.218745,0.218815,0.218988,201897.2884264,37
1790764800,0.218819,0.218999,0.21877,0.218911,0.218904,12294.31660759,13
1790765100,0.21876,0.21876,0.218405,0.218542,0.218571,12775.72330991,10
1790765400,0.218596,0.218985,0.218596,0.218887,0.218721,48172.34063511,25
1790765700,0.218836,0.218836,0.218565,0.218749,0.218685,20334.9805448,15
1790766000,0.21864,0.21864,0.217945,0.218286,0.218187,37997.07290087,10
1790766300,0.2175,0.21775,0.217227,0.21775,0.217310,37550.54674091,11
1790766600,0.217285,0.218167,0.217211,0.218167,0.217272,87617.5235592,18
1790766900,0.218104,0.218104,0.217788,0.217788,0.217816,252.50590367,2
1790767200,0.217623,0.218501,0.217623,0.218228,0.218147,4794.33264248,5
1790767500,0.218174,0.218373,0.218174,0.218373,0.218209,5067.47491768,4
1790767800,0.218048,0.218048,0.217914,0.217914,0.218013,3093.0730848,2
1790768100,0.218372,0.218372,0.218372,0.218372,0.218372,103.33848833,1
1790768400,0.218673,0.21908,0.218616,0.21908,0.218700,82484.17375695,13
1790768700,0.219353,0.219353,0.218814,0.218987,0.218917,91868.07898152,24
1790769000,0.218783,0.218981,0.218783,0.21884,0.218839,51189.86270784,19
1790769300,0.218509,0.218671,0.218509,0.218671,0.218606,1285.19623849,3
1790769600,0.218855,0.219457,0.218855,0.218997,0.219168,26292.81745177,11
1790769900,0.219091,0.219091,0.21839,0.218545,0.219050,3167.769199,5
1790770200,0.218241,0.218777,0.218241,0.218738,0.218737,21567.68155632,7
1790770500,0.218331,0.218331,0.217482,0.21769,0.217566,52039.84866153,21
1790770800,0.217482,0.218023,0.217164,0.218005,0.217630,25513.63231979,20
1790771100,0.218116,0.218116,0.217471,0.217471,0.217730,6821.06736392,8
1790771400,0.217808,0.221263,0.217726,0.221064,0.219431,179164.21982219,96
1790771700,0.221145,0.222159,0.220698,0.222153,0.221561,243221.5418041,64
1790772000,0.222211,0.222408,0.221401,0.221913,0.222105,178766.78963073,68
1790772300,0.22196,0.222664,0.221108,0.22248,0.222361,384293.60859155,87
1790772600,0.22267,0.224146,0.22267,0.224107,0.223294,361264.84527827,86
1790772900,0.22405,0.22441,0.223,0.223139,0.223700,69234.92827689,37
1790773200,0.223327,0.2237,0.222548,0.2237,0.222872,357735.35667137,79
1790773500,0.22349,0.224295,0.223177,0.224189,0.223777,323562.40670582,75
1790773800,0.224167,0.224167,0.223527,0.223772,0.224040,185332.98458458,56
1790774100,0.223716,0.224081,0.223441,0.223456,0.223949,75497.83705064,32
1790774400,0.223788,0.224036,0.223639,0.224036,0.223856,15062.5088189,9
1790774700,0.2242,0.224436,0.2236,0.2243,0.224230,60116.94894684,17
1790775000,0.224265,0.225964,0.224156,0.224524,0.225386,317930.52037853,76
1790775300,0.224385,0.224385,0.219446,0.220075,0.221315,1044845.9011415,208
1790775600,0.220416,0.221388,0.218986,0.220838,0.219932,156438.62818412,58
1790775900,0.221576,0.221742,0.22079,0.221418,0.221502,153752.35923009,59
1790776200,0.221336,0.221423,0.220654,0.221055,0.221085,58815.75340876,31
1790776500,0.22112,0.221291,0.220828,0.221149,0.221009,93597.56663142,46
1790776800,0.221435,0.222,0.220414,0.221382,0.221450,97064.98533703,39
1790777100,0.222034,0.222103,0.220765,0.221043,0.221060,76328.07334689,30
1790777400,0.220734,0.221045,0.219759,0.220497,0.220030,122960.84059698,31
1790777700,0.220124,0.220124,0.218681,0.219241,0.219231,132989.02042798,37
1790778000,0.219236,0.219455,0.215441,0.216769,0.217303,440088.48652668,152
1790778300,0.216895,0.217305,0.215551,0.215981,0.215947,127383.12207423,57
1790778600,0.215882,0.2165,0.214443,0.21545,0.215448,358830.15529282,126
1790778900,0.215589,0.215991,0.215098,0.215512,0.215489,101500.71782212,57
1790779200,0.215417,0.215686,0.21452,0.215197,0.215058,117217.5351259,44
1790779500,0.214982,0.215895,0.214717,0.215738,0.215457,129859.72916426,46
1790779800,0.215873,0.216587,0.2157,0.21604,0.215931,104093.62236788,44
1790780100,0.216309,0.216676,0.215498,0.215522,0.216061,74903.54794453,37
1790780400,0.215931,0.21603,0.215612,0.215983,0.215854,12743.24285637,12
1790780700,0.216389,0.216436,0.21575,0.216436,0.216136,115267.7776526,42
1790781000,0.216485,0.216678,0.216076,0.216085,0.216237,129954.09575877,30
1790781300,0.215952,0.216128,0.21465,0.21493,0.215464,82512.4823565,49
1790781600,0.214959,0.215768,0.214391,0.214391,0.215267,153062.75343678,44
1790781900,0.214391,0.214986,0.213933,0.214947,0.214488,91592.42977248,57
1790782200,0.215417,0.2167,0.215411,0.216349,0.216486,99312.41718966,39
1790782500,0.216206,0.216516,0.215753,0.216516,0.216444,355418.18568347,153
1790782800,0.216594,0.216737,0.216088,0.21616,0.216389,45792.70394406,26
1790783100,0.216204,0.217499,0.216204,0.217389,0.216992,42757.04420958,27
1790783400,0.217672,0.217745,0.217356,0.217745,0.217642,47828.26739499,33
1790783700,0.217401,0.217718,0.217392,0.217718,0.217566,20821.32229053,14
1790784000,0.217716,0.218518,0.217559,0.218518,0.217977,67137.59852787,52
1790784300,0.218468,0.219323,0.218441,0.21915,0.218831,417176.0518768,89
1790784600,0.219261,0.219611,0.219068,0.21959,0.219137,135083.40426919,89
1790784900,0.219068,0.219255,0.218783,0.218982,0.219039,66612.85111567,26
1790785200,0.219041,0.219289,0.219041,0.219155,0.219122,19432.25364496,13
1790785500,0.219155,0.219155,0.218553,0.218658,0.218741,13743.78406936,14
1790785800,0.218606,0.218606,0.217944,0.218517,0.218324,17919.85549881,17
1790786100,0.218281,0.218899,0.217729,0.218899,0.218272,382754.84896162,66
1790786400,0.219065,0.220134,0.218848,0.219898,0.219463,46125.12699573,35
1790786700,0.219818,0.220296,0.219489,0.219807,0.220023,78893.85803077,47
1790787000,0.220121,0.220142,0.219901,0.219983,0.220012,22215.19157498,11
1790787300,0.219754,0.220116,0.219734,0.219921,0.219801,6970.01389709,7
1790787600,0.219865,0.219934,0.219417,0.219417,0.219789,33166.38297522,22
1790787900,0.219481,0.220309,0.219481,0.219767,0.219923,87718.15658659,29
1790788200,0.219958,0.219966,0.219459,0.219659,0.219658,25202.49314186,23
1790788500,0.21917,0.21917,0.218521,0.219069,0.218842,31373.57141116,21
1790788800,0.218582,0.218927,0.218057,0.218096,0.218187,44685.18954223,18
1790789100,0.21845,0.218674,0.217395,0.218674,0.217722,102044.08165984,43
1790789400,0.218573,0.218573,0.217582,0.217582,0.217895,56854.14068131,50
1790789700,0.217439,0.217588,0.216375,0.217588,0.217011,157976.74950334,48
1790790000,0.21732,0.21732,0.216789,0.2172,0.217161,75308.21012599,32
1790790300,0.216658,0.217954,0.216481,0.217852,0.217041,42599.95699095,29
1790790600,0.217836,0.218175,0.216728,0.216728,0.217547,19511.4294213,22
1790790900,0.216857,0.2173,0.216761,0.217207,0.217157,18687.39027801,16
1790791200,0.217143,0.217453,0.216157,0.216824,0.216494,71497.51393401,52
1790791500,0.216519,0.216745,0.215864,0.216745,0.216118,61103.53574753,31
1790791800,0.216678,0.216934,0.216648,0.216648,0.216731,16281.90766739,8
1790792100,0.216272,0.21645,0.215751,0.216357,0.216042,38505.4744401,23
1790792400,0.216294,0.216409,0.215976,0.216086,0.216128,19151.68107505,13
1790792700,0.215826,0.216151,0.215596,0.216151,0.215820,53039.3843425,27
1790793000,0.216174,0.216723,0.215202,0.21557,0.215938,110418.95737079,53
1790793300,0.215429,0.215429,0.214458,0.214458,0.215005,149794.23388041,57
1790793600,0.214651,0.214867,0.214243,0.214243,0.214534,93659.5483768,49
1790793900,0.214496,0.214527,0.213984,0.214362,0.214215,64088.01142509,35
1790794200,0.214612,0.215261,0.214612,0.2149,0.214896,60338.26331944,30
1790794500,0.214952,0.215969,0.214952,0.215969,0.215662,339420.90304297,43
1790794800,0.215187,0.215334,0.214922,0.215112,0.215150,16502.19198757,13
1790795100,0.215465,0.215465,0.215045,0.215091,0.215218,25572.03206136,15
1790795400,0.214981,0.214981,0.213786,0.214285,0.213971,141671.93793606,50
1790795700,0.213968,0.214096,0.21291,0.213967,0.213378,203995.05586083,85
1790796000,0.213962,0.214236,0.21345,0.213671,0.213825,23626.70583669,20
1790796300,0.213499,0.214375,0.213499,0.214191,0.214103,23066.76806246,15
1790796600,0.214108,0.214671,0.214108,0.214607,0.214483,18568.27575546,14
1790796900,0.214859,0.215248,0.214818,0.215231,0.215213,148850.22391079,34
1790797200,0.214834,0.214834,0.214666,0.214793,0.214734,23519.22210727,14
1790797500,0.214795,0.215001,0.214551,0.214551,0.214819,10846.62815155,8
1790797800,0.21436,0.21436,0.213062,0.2133,0.213361,174699.4109817,40
1790798100,0.213204,0.214154,0.213204,0.214154,0.213925,38463.42335749,25
1790798400,0.214214,0.21474,0.214,0.214315,0.214546,89896.2429077,43
1790798700,0.214642,0.214866,0.214424,0.214477,0.214736,17907.32653927,14
1790799000,0.214555,0.214822,0.2144,0.214822,0.214641,5169.98537914,12
1790799300,0.215011,0.215451,0.215011,0.215451,0.215291,31403.80150199,16
1790799600,0.215642,0.216227,0.215594,0.216166,0.215807,15423.1972307,12
1790799900,0.216263,0.216608,0.216263,0.216323,0.216385,35260.98162859,19
1790800200,0.216055,0.216055,0.215541,0.21588,0.215786,30290.72495037,22
1790800500,0.215848,0.216125,0.215733,0.216079,0.215961,21647.33510774,16
1790800800,0.215955,0.215955,0.215389,0.21569,0.215580,4621.27465402,4
1790801100,0.215542,0.21574,0.215542,0.215603,0.215642,10937.51223838,8
1790801400,0.215524,0.216001,0.215524,0.215834,0.215804,9206.92943264,11
1790801700,0.21551,0.215834,0.215456,0.215834,0.215613,9387.72472902,6
1790802000,0.216052,0.21641,0.215735,0.216372,0.216216,18256.35353199,14
1790802300,0.21609,0.21609,0.215796,0.215796,0.216072,4106.21556334,4
1790802600,0.215767,0.215957,0.215503,0.215689,0.215714,37272.77920009,23
1790802900,0.215836,0.216161,0.21555,0.216015,0.216075,76362.06813444,23
1790803200,0.216083,0.216136,0.215876,0.215876,0.215982,3476.05683845,3
1790803500,0.215481,0.215866,0.215481,0.215842,0.215624,14921.28066441,11
1790803800,0.21568,0.215798,0.21532,0.215798,0.215575,12945.36282051,12
1790804100,0.215925,0.215974,0.215916,0.215974,0.215949,10442.65509793,6
1790804400,0.215897,0.216399,0.215853,0.216399,0.216068,16529.70384033,10
1790804700,0.216091,0.216115,0.216004,0.216033,0.216052,9730.87273978,9
1790805000,0.215813,0.215813,0.215351,0.215351,0.215596,12979.23334387,12
1790805300,0.215261,0.215577,0.215261,0.215577,0.215497,42858.44675256,18
1790805600,0.215856,0.215856,0.21503,0.215071,0.215105,10526.26701206,10
1790805900,0.214813,0.214867,0.21456,0.214809,0.214664,7186.288294,9
1790806200,0.2149,0.21554,0.2149,0.215496,0.215347,14740.40408168,13
1790806500,0.215858,0.216242,0.215844,0.216224,0.215936,5667.21897988,13
1790806800,0.21625,0.216595,0.21625,0.216595,0.216505,11425.77139887,6
1790807100,0.216554,0.217284,0.216554,0.217284,0.216966,22307.45671574,22
1790807400,0.217375,0.217818,0.217375,0.217816,0.217500,124095.15386782,46
1790807700,0.217847,0.218313,0.217844,0.218236,0.218012,21445.98600775,16
1790808000,0.218187,0.218622,0.218162,0.218622,0.218390,45560.87055844,37
1790808300,0.218627,0.218807,0.218034,0.21827,0.218685,71110.91808698,31
1790808600,0.218546,0.218971,0.2184,0.218949,0.218817,45693.13813637,25
1790808900,0.218978,0.219144,0.218731,0.219113,0.218942,49918.71887518,22
1790809200,0.218555,0.21957,0.218555,0.219336,0.219388,336933.55709921,93
1790809500,0.219186,0.219186,0.218121,0.218411,0.218492,27545.67526266,22
1790809800,0.218349,0.2185,0.218031,0.218054,0.218228,66808.95552984,50
1790810100,0.21807,0.218492,0.217903,0.218471,0.218311,24208.03348975,22
1790810400,0.218492,0.219092,0.218464,0.218668,0.218746,32565.38781347,18
1790810700,0.218567,0.218567,0.218359,0.218359,0.218503,6296.11936272,5
1790811000,0.218395,0.218408,0.217586,0.217737,0.217772,20232.637353,21
1790811300,0.218353,0.218353,0.217933,0.218154,0.218034,22340.7976957,24
1790811600,0.218259,0.218569,0.217948,0.217948,0.218154,25271.180697,19
1790811900,0.217771,0.217844,0.217724,0.217725,0.217752,4395.60562654,5
1790812200,0.217783,0.217783,0.217605,0.217661,0.217652,17274.90140406,15
1790812500,0.217599,0.217755,0.217599,0.217685,0.217628,42586.05047397,12
1790812800,0.217584,0.217645,0.216934,0.216987,0.217129,16252.60208455,18
1790813100,0.216998,0.217467,0.216998,0.217037,0.217146,15742.1866799,10
1790813400,0.216945,0.217204,0.216746,0.21718,0.216967,18232.62890256,19
1790813700,0.216808,0.216998,0.216808,0.216864,0.216887,29841.52673993,6
1790814000,0.217045,0.217487,0.217045,0.217269,0.217376,12576.03797183,9
1790814300,0.217378,0.217378,0.217346,0.217346,0.217355,4791.03004757,5
1790814600,0.216943,0.217,0.216625,0.216634,0.216745,5938.01932258,4
1790814900,0.21664,0.217,0.216403,0.217,0.216561,103273.69736501,17
1790815200,0.217,0.217,0.217,0.217,0.000000,0.0,0
1790815500,0.217299,0.217624,0.217299,0.217624,0.217493,11025.69177511,10
1790815800,0.217071,0.217071,0.217071,0.217071,0.217071,199.3359,1
1790816100,0.217158,0.21731,0.217158,0.217298,0.217234,8123.13533305,5
1790816400,0.217465,0.218087,0.217452,0.217452,0.217667,16125.00641393,12
1790816700,0.217588,0.218423,0.217588,0.218423,0.217896,16850.83300186,11
1790817000,0.218397,0.218743,0.21837,0.21864,0.218703,297450.78879793,52
1790817300,0.21864,0.219248,0.218368,0.219206,0.219083,1142872.20614895,140
1790817600,0.219206,0.219669,0.219206,0.219669,0.219430,258025.26511816,34
1790817900,0.219762,0.219902,0.219211,0.219212,0.219640,8782.77625144,19
1790818200,0.219124,0.219125,0.218498,0.218802,0.218808,14274.77605772,17
1790818500,0.218802,0.218802,0.218802,0.218802,0.000000,0.0,0
1790818800,0.218502,0.218502,0.218502,0.218502,0.218502,2019.0648324,1
1790819100,0.218238,0.21827,0.218238,0.21827,0.218253,4242.43573066,3
1790819400,0.218161,0.218391,0.218,0.218391,0.218199,18404.75696419,21
1790819700,0.218298,0.218749,0.218209,0.218209,0.218414,4865.23785792,9
1790820000,0.218395,0.218568,0.217818,0.217818,0.218138,4633.69805912,11
1790820300,0.218222,0.218463,0.217711,0.218463,0.218243,8905.6478907,10
1790820600,0.2189,0.21891,0.218558,0.218558,0.218731,4278.9377719,6
1790820900,0.218244,0.218468,0.21821,0.218468,0.218341,36452.57797893,21
1790821200,0.217587,0.218047,0.21754,0.218047,0.217796,19895.3634823,16
1790821500,0.218047,0.218047,0.218047,0.218047,0.000000,0.0,0
1790821800,0.218831,0.219293,0.218715,0.219233,0.218962,12000.00821036,11
1790822100,0.219246,0.219365,0.218714,0.21875,0.219244,59731.51258511,16
1790822400,0.218971,0.218971,0.218971,0.218971,0.218971,76.97483842,1
1790822700,0.218681,0.218762,0.218681,0.218762,0.218760,2046.8147267,2
1790823000,0.218765,0.2197,0.218765,0.2197,0.219166,11803.05316958,7
1790823300,0.2197,0.219965,0.2197,0.2199,0.219777,27206.43207681,20
1790823600,0.219921,0.220272,0.219277,0.219318,0.219987,26086.63866953,34
1790823900,0.218885,0.219413,0.218885,0.219188,0.219078,14475.87221257,13
1790824200,0.219397,0.219605,0.219394,0.219394,0.219410,2445.28570619,6
1790824500,0.219558,0.219572,0.219489,0.219572,0.219531,8284.15987155,9
1790824800,0.219389,0.219513,0.219043,0.219513,0.219272,13611.31268044,12
1790825100,0.219557,0.219961,0.219541,0.219961,0.219871,10367.80347952,3
1790825400,0.219544,0.21992,0.219544,0.21992,0.219736,913.95174734,3
1790825700,0.220231,0.220445,0.22006,0.220445,0.220266,12684.39903066,19
1790826000,0.220576,0.221368,0.220576,0.221368,0.220840,16154.76515478,26
1790826300,0.221203,0.221213,0.220573,0.220624,0.220891,23131.27563138,16
1790826600,0.220481,0.221524,0.220418,0.221183,0.221135,48732.38417331,44
1790826900,0.22151,0.22164,0.221309,0.221487,0.221519,110034.9600752,40
1790827200,0.221532,0.221751,0.221292,0.221292,0.221612,5495.50861973,8
1790827500,0.221223,0.22138,0.221003,0.221215,0.221205,20479.25781376,24
1790827800,0.22119,0.22119,0.220846,0.220846,0.221055,8186.8503563,6
1790828100,0.220825,0.220943,0.220547,0.22077,0.220715,13177.23822313,10
1790828400,0.221045,0.221852,0.221042,0.221852,0.221523,21484.54013541,14
1790828700,0.221996,0.22227,0.221958,0.22227,0.222005,47134.32665158,17
1790829000,0.221799,0.222043,0.221799,0.221956,0.221969,21898.80302435,14
1790829300,0.221783,0.222679,0.221783,0.222493,0.222304,43737.56520965,39
1790829600,0.22239,0.22239,0.221895,0.222382,0.222195,64387.62598886,46
1790829900,0.221988,0.223837,0.221988,0.223813,0.223143,53513.88042059,69
1790830200,0.223764,0.224419,0.2233,0.223499,0.223992,171743.38488574,80
1790830500,0.223482,0.223494,0.22292,0.222993,0.223104,24085.56522957,31
1790830800,0.22298,0.223396,0.222656,0.223256,0.222792,77160.51976626,34
1790831100,0.223331,0.22353,0.223137,0.223289,0.223323,17109.2178241,13
1790831400,0.223211,0.223443,0.223087,0.223141,0.223250,43852.39092403,26
1790831700,0.223135,0.223206,0.222998,0.223137,0.223107,16283.30022732,15
1790832000,0.223113,0.223113,0.222769,0.222954,0.222963,6885.00557796,8
1790832300,0.222856,0.223,0.222794,0.223,0.222893,14941.84529241,8
1790832600,0.223294,0.224105,0.223294,0.22407,0.223685,12879.2191494,9
1790832900,0.224075,0.224075,0.223713,0.224044,0.223931,3472.512455,7
1790833200,0.223606,0.223725,0.223392,0.223622,0.223594,29636.27821128,23
1790833500,0.223707,0.224,0.223531,0.224,0.223654,29484.2724338,15
1790833800,0.224127,0.224127,0.223811,0.223811,0.223914,13138.14626955,16
1790834100,0.223617,0.223705,0.22329,0.223705,0.223475,28622.97792888,25
1790834400,0.223767,0.223839,0.223171,0.223689,0.223463,68365.46426865,31
1790834700,0.223329,0.223329,0.223127,0.223127,0.223205,10793.55676955,6
1790835000,0.223029,0.223358,0.222847,0.223234,0.223045,103160.0576038,44
1790835300,0.22337,0.223577,0.223243,0.223332,0.223379,24973.13083367,19
1790835600,0.22337,0.223729,0.223333,0.223729,0.223416,12148.77552454,15
1790835900,0.223574,0.224051,0.223574,0.224051,0.223738,16425.27860723,16
1790836200,0.224247,0.224247,0.223094,0.223361,0.223284,44853.5574436,33
1790836500,0.223547,0.22377,0.2232,0.2232,0.223289,267062.76518769,45
1790836800,0.223295,0.223495,0.2232,0.223318,0.223260,421582.9642029,50
1790837100,0.223407,0.224202,0.223245,0.223962,0.223798,42283.0136189,24
1790837400,0.224412,0.22466,0.224142,0.224296,0.224444,99335.97515976,43
1790837700,0.224194,0.224249,0.224001,0.224111,0.224079,25415.94493556,21
1790838000,0.223848,0.223917,0.223814,0.223814,0.223855,20199.3359,12
1790838300,0.224121,0.224211,0.224037,0.224211,0.224139,42300.42237,10
1790838600,0.224329,0.224329,0.222926,0.222926,0.223269,151156.26276989,88
1790838900,0.223205,0.223604,0.222208,0.222345,0.222678,219371.22838632,106
1790839200,0.222257,0.222351,0.220278,0.220311,0.221434,340458.17653833,167
1790839500,0.22023,0.220254,0.218729,0.219301,0.219270,318552.41202121,179
1790839800,0.219437,0.221081,0.219437,0.220893,0.220913,304409.43025539,53
1790840100,0.220994,0.220994,0.220068,0.220489,0.220489,81982.24266826,28
1790840400,0.220329,0.220537,0.219502,0.220351,0.220232,16564.58062368,23
1790840700,0.220183,0.220798,0.220183,0.220259,0.220376,14362.85993262,16
1790841000,0.220334,0.220441,0.220106,0.220203,0.220268,16922.42078551,16
1790841300,0.22013,0.220391,0.219387,0.219651,0.220017,19187.31163963,22
1790841600,0.22,0.220209,0.219567,0.219918,0.219893,25937.31951824,26
1790841900,0.220009,0.220009,0.218656,0.218656,0.219299,5810.71361451,17
1790842200,0.219035,0.219265,0.218128,0.218133,0.218491,140128.75482289,67
1790842500,0.218374,0.218799,0.217756,0.218429,0.218155,91120.08321873,65
1790842800,0.217925,0.218274,0.217694,0.218246,0.217904,52819.51573788,30
1790843100,0.218504,0.218854,0.218466,0.21855,0.218627,17585.41750409,13
1790843400,0.217902,0.218278,0.217078,0.217567,0.217433,82629.82824312,44
1790843700,0.217579,0.218457,0.216896,0.218457,0.217596,86102.66011444,55
1790844000,0.218502,0.218502,0.217622,0.217622,0.217978,29055.59123196,20
1790844300,0.21755,0.217838,0.217521,0.217748,0.217666,62411.75552173,60
1790844600,0.217673,0.21794,0.21724,0.217841,0.217714,53681.57566484,30
1790844900,0.217956,0.218531,0.217956,0.21828,0.218237,196996.05989613,68
1790845200,0.21829,0.218375,0.217997,0.217997,0.218207,7540.71057731,6
1790845500,0.218162,0.218573,0.217981,0.21855,0.218192,54720.11051845,39
1790845800,0.218531,0.219046,0.218445,0.218776,0.218805,55874.63926485,47
1790846100,0.218657,0.218802,0.218058,0.218058,0.218239,62520.11882211,28
1790846400,0.218183,0.218428,0.218083,0.218151,0.218283,14273.25832035,17
1790846700,0.218349,0.218767,0.218349,0.218501,0.218579,25623.07749039,25
1790847000,0.2187,0.219367,0.2187,0.219308,0.219105,77976.47632009,61
1790847300,0.21933,0.21939,0.218914,0.219164,0.219235,26414.35860426,23
1790847600,0.219096,0.219096,0.218849,0.218849,0.218908,17129.25957175,8
1790847900,0.218832,0.218994,0.218743,0.218867,0.218861,100935.8418171,27
1790848200,0.218618,0.218763,0.21826,0.218338,0.218393,23308.37152797,22
1790848500,0.218158,0.218562,0.218016,0.218562,0.218189,9671.89803716,14
1790848800,0.21862,0.218695,0.215966,0.215966,0.216822,123331.93490547,95
1790849100,0.216107,0.21735,0.215451,0.21716,0.216003,136808.52559705,103
1790849400,0.217066,0.217147,0.217066,0.217147,0.217069,481.59514697,2
1790849700,0.217166,0.217555,0.216738,0.216803,0.216990,42918.22146273,29
1790850000,0.216823,0.217261,0.216823,0.217219,0.217113,16381.96198686,14
1790850300,0.21728,0.217342,0.217044,0.217318,0.217243,14680.0858815,18
1790850600,0.217456,0.217982,0.217456,0.217743,0.217746,15684.62946383,17
1790850900,0.217922,0.218038,0.217856,0.217865,0.217929,7188.54216599,9
1790851200,0.21798,0.218924,0.217862,0.218924,0.218773,111888.57466791,44
1790851500,0.218613,0.219353,0.218603,0.218901,0.218890,63666.18238827,16
1790851800,0.218823,0.219118,0.218691,0.219118,0.218824,32320.52290682,18
1790852100,0.219449,0.219617,0.219002,0.219144,0.219204,48342.52583886,25
1790852400,0.219157,0.219157,0.218247,0.218607,0.218561,67064.02095525,30
1790852700,0.218499,0.21885,0.218368,0.218662,0.218677,20152.01110342,22
1790853000,0.218588,0.219122,0.218512,0.219109,0.218910,13145.23339795,16
1790853300,0.219021,0.219151,0.218897,0.218897,0.219033,15420.94362039,13
1790853600,0.219069,0.219303,0.218864,0.218864,0.219021,18406.44384026,13
1790853900,0.218903,0.21905,0.218849,0.21905,0.218996,33916.06028268,18
1790854200,0.219234,0.219404,0.218864,0.218903,0.219095,18736.72735946,15
1790854500,0.218933,0.219927,0.218933,0.219883,0.219553,24433.37491797,22
1790854800,0.219749,0.220001,0.219721,0.219917,0.219836,9277.50425486,15
1790855100,0.220059,0.22038,0.219729,0.219739,0.219963,27685.37478113,31
1790855400,0.219639,0.220533,0.219639,0.220053,0.220060,62568.33209835,38
1790855700,0.220014,0.220406,0.220014,0.220299,0.220283,22788.8735752,11
1790856000,0.220153,0.220373,0.220152,0.220152,0.220172,2447.9194039,4
1790856300,0.220077,0.220476,0.220077,0.220476,0.220262,5862.19034478,10
1790856600,0.220539,0.220731,0.220539,0.220696,0.220693,16328.71082196,16
1790856900,0.220603,0.220635,0.220178,0.220635,0.220410,20955.96173284,24
1790857200,0.220287,0.220287,0.219983,0.219983,0.220155,26747.44514769,17
1790857500,0.220071,0.2206,0.219853,0.22004,0.220300,80283.29016016,37
1790857800,0.220143,0.220388,0.219777,0.220377,0.220090,15097.43624591,15
1790858100,0.219918,0.22002,0.219822,0.22002,0.219884,106695.91837627,21
1790858400,0.220592,0.220592,0.219781,0.219818,0.219964,12239.40289835,13
1790858700,0.219624,0.219979,0.219624,0.219968,0.219835,10072.5939581,6
1790859000,0.219681,0.219848,0.21916,0.21916,0.219633,3918.89766272,10
1790859300,0.219102,0.219475,0.218946,0.219286,0.219153,5201.72721762,23
1790859600,0.219261,0.219261,0.218089,0.218089,0.219068,9373.83760005,18
1790859900,0.21803,0.218256,0.217587,0.217711,0.217732,60824.62607529,32
1790860200,0.217268,0.21771,0.217213,0.2173,0.217349,43125.18185697,22
1790860500,0.217187,0.217453,0.216876,0.217404,0.217221,23678.13964402,24
1790860800,0.217559,0.217747,0.217017,0.2173,0.217375,36261.9745478,14
1790861100,0.217463,0.217478,0.217,0.217133,0.217077,58642.62249347,24
1790861400,0.217797,0.219365,0.217506,0.218363,0.218315,64846.00035856,58
1790861700,0.218764,0.219816,0.218563,0.219305,0.218794,96520.43240135,65
1790862000,0.219163,0.219467,0.219011,0.219011,0.219314,27903.6408093,13
1790862300,0.219684,0.219769,0.218721,0.218736,0.219420,26855.64632629,23
1790862600,0.218768,0.219345,0.218768,0.219345,0.219159,17110.81161686,12
1790862900,0.219179,0.219179,0.218961,0.219012,0.219067,7075.49929569,5
1790863200,0.2189,0.2189,0.217,0.217439,0.217426,98183.87290197,97
1790863500,0.217146,0.218541,0.217146,0.218541,0.217759,17595.8517884,29
1790863800,0.218668,0.218668,0.216742,0.216742,0.217224,218674.73693008,47
1790864100,0.217299,0.217912,0.217033,0.217743,0.217520,16798.93331078,25
1790864400,0.217795,0.217896,0.217043,0.217487,0.217198,54457.2171435,29
1790864700,0.218249,0.218864,0.217789,0.218673,0.218038,52948.86348364,33
1790865000,0.218265,0.219149,0.218202,0.219149,0.218805,46792.79651618,34
1790865300,0.219142,0.219656,0.218873,0.218976,0.219283,84263.3365329,51
1790865600,0.218871,0.218871,0.218217,0.2183,0.218360,8880.06901969,10
1790865900,0.218216,0.21872,0.216858,0.217378,0.218000,16186.98660368,24
1790866200,0.217313,0.217543,0.216269,0.217018,0.216489,144125.17966497,74
1790866500,0.216901,0.217794,0.216859,0.217794,0.217368,20000.68411638,26
1790866800,0.217418,0.218248,0.217162,0.218181,0.218068,77824.96095631,42
1790867100,0.218198,0.218542,0.216173,0.216173,0.217034,157583.6801646,64
1790867400,0.21588,0.217239,0.215606,0.217239,0.216109,61425.74999986,52
1790867700,0.217776,0.219296,0.217721,0.219296,0.218609,25458.98408636,34
1790868000,0.219536,0.219536,0.218747,0.21876,0.219112,44017.64909136,31
1790868300,0.218709,0.21917,0.218465,0.218465,0.218730,18694.66726142,14
1790868600,0.218126,0.218239,0.21732,0.217764,0.218009,9916.7451617,16
1790868900,0.21768,0.218327,0.217468,0.218327,0.217833,15869.11936638,17
1790869200,0.218082,0.218094,0.21722,0.217559,0.217586,28694.05842172,20
1790869500,0.21782,0.21948,0.217575,0.21948,0.218096,74309.19179317,49
1790869800,0.219066,0.219337,0.218752,0.219281,0.218976,30998.64899457,33
1790870100,0.219062,0.219762,0.219062,0.21946,0.219468,16000.3500146,15
1790870400,0.219419,0.219856,0.219226,0.219856,0.219475,13843.7458282,17
1790870700,0.219621,0.220054,0.219544,0.219609,0.219809,10041.29273671,13
1790871000,0.219346,0.219524,0.218951,0.219278,0.219130,14786.46746183,19
1790871300,0.21943,0.219475,0.218887,0.2192,0.219328,22590.84112177,33
1790871600,0.219176,0.219176,0.218594,0.219045,0.218778,16375.61719587,21
1790871900,0.21913,0.219315,0.21906,0.21908,0.219179,9553.8438228,7
1790872200,0.219293,0.220427,0.219293,0.220373,0.219986,7802.23232968,12
1790872500,0.220481,0.221014,0.218685,0.21874,0.220125,49503.53195659,49
1790872800,0.219083,0.2192,0.218553,0.219011,0.218796,19416.52233452,19
1790873100,0.219333,0.219601,0.218668,0.218668,0.219425,38852.24708298,24
1790873400,0.218549,0.219009,0.218365,0.218365,0.218602,23964.53131127,29
1790873700,0.218227,0.218227,0.217729,0.218154,0.218103,11743.66532043,12
1790874000,0.218402,0.219866,0.218402,0.219866,0.219558,34838.2149698,24
1790874300,0.219945,0.220342,0.219939,0.220064,0.220090,27133.16321212,19
1790874600,0.220175,0.220763,0.220082,0.220752,0.220357,12277.39300156,15
1790874900,0.220735,0.22251,0.220735,0.222497,0.221869,165971.71269897,105
1790875200,0.222643,0.222888,0.222054,0.2225,0.222507,103138.04325056,70
1790875500,0.2225,0.223257,0.222398,0.223257,0.222738,342801.98269163,76
1790875800,0.223368,0.223843,0.222338,0.22265,0.222539,398539.95065737,99
1790876100,0.222637,0.223314,0.222414,0.222987,0.222823,22838.6479765,21
1790876400,0.222966,0.223934,0.222965,0.223934,0.223567,236797.58554193,42
1790876700,0.224,0.224005,0.223296,0.223556,0.223876,123388.98668201,44
1790877000,0.223371,0.22371,0.222726,0.222812,0.223255,26477.37102406,27
1790877300,0.222845,0.223118,0.222208,0.222991,0.222571,51099.72037909,53
1790877600,0.222836,0.222967,0.222356,0.222614,0.222535,48523.9543779,40
1790877900,0.222549,0.222684,0.222041,0.222684,0.222301,4220.08040796,13
1790878200,0.222607,0.22299,0.222364,0.222502,0.222777,61491.79145924,38
1790878500,0.222685,0.223,0.222512,0.222603,0.222800,15937.14642703,9
1790878800,0.222219,0.222517,0.222183,0.222396,0.222305,16131.75115218,15
1790879100,0.2222,0.222311,0.221716,0.221716,0.221948,15707.08013015,17
1790879400,0.221684,0.222291,0.221418,0.222291,0.221912,9328.97081519,21
1790879700,0.22245,0.223369,0.222063,0.222925,0.222923,26769.67104766,19
1790880000,0.222871,0.222871,0.221824,0.222048,0.222143,12307.5318194,14
1790880300,0.222037,0.222184,0.221,0.221045,0.221747,63632.68229061,41
1790880600,0.220973,0.221154,0.220837,0.220877,0.220969,11296.39388404,15
1790880900,0.221047,0.221296,0.220822,0.221097,0.221105,18564.01175087,18
1790881200,0.221148,0.221148,0.220509,0.220856,0.220609,46059.81725695,21
1790881500,0.220979,0.22182,0.220979,0.22182,0.221414,11877.75474646,16
1790881800,0.221913,0.221913,0.221263,0.221299,0.221540,5630.064608,7
1790882100,0.221354,0.221513,0.220915,0.221066,0.221115,2669.61748892,4
1790882400,0.22089,0.220894,0.219796,0.220011,0.220167,75549.73960208,45
1790882700,0.219931,0.219982,0.218815,0.218815,0.219239,88839.74003995,58
1790883000,0.219094,0.219986,0.219094,0.219678,0.219735,28384.42696776,27
1790883300,0.219673,0.219692,0.219123,0.219431,0.219425,7412.62065868,10
1790883600,0.219362,0.21963,0.219188,0.219537,0.219459,13297.15467546,19
1790883900,0.219467,0.220274,0.219467,0.220136,0.219967,21471.41995408,18
1790884200,0.22025,0.221081,0.22025,0.22049,0.220777,26651.11065959,28
1790884500,0.220336,0.220842,0.220196,0.220652,0.220557,20880.31751962,30
1790884800,0.221173,0.221356,0.220901,0.221286,0.221091,4644.21919473,14
1790885100,0.221311,0.221353,0.220803,0.220803,0.221073,13911.88726984,21
1790885400,0.22088,0.221018,0.220688,0.221018,0.220941,5258.4858703,4
1790885700,0.220978,0.221058,0.220628,0.220628,0.220954,17757.70854523,19
1790886000,0.220812,0.220951,0.220561,0.220574,0.220781,20164.44118974,16
1790886300,0.220623,0.220686,0.220392,0.220651,0.220515,4823.38310542,8
