time,open,high,low,close,vwap,volume,count
1790463900,293.96,293.96,293.96,293.96,0.00,0.0,0
1790464200,293.96,293.96,293.96,293.96,0.00,0.0,0
1790464500,294.07,294.07,294.05,294.05,294.06,0.06776226,2
1790464800,294.05,294.05,294.05,294.05,0.00,0.0,0
1790465100,294.05,294.05,294.05,294.05,0.00,0.0,0
1790465400,294.07,294.1,294.07,294.1,294.09,0.16544264,2
1790465700,294.1,294.1,294.1,294.1,0.00,0.0,0
1790466000,294.3,294.7,294.29,294.56,294.51,3.74483368,17
1790466300,294.56,294.56,294.56,294.56,0.00,0.0,0
1790466600,294.86,294.88,294.86,294.88,294.87,1.69560756,2
1790466900,295.17,295.19,295.17,295.19,295.18,0.07873578,2
1790467200,294.96,294.98,294.96,294.98,294.97,1.69503274,2
1790467500,294.98,294.98,294.98,294.98,0.00,0.0,0
1790467800,294.98,294.98,294.98,294.98,0.00,0.0,0
1790468100,294.42,294.43,294.42,294.43,294.42,0.1625561,2
1790468400,294.43,294.43,294.43,294.43,0.00,0.0,0
1790468700,293.67,293.67,293.67,293.67,293.67,1.39542334,1
1790469000,293.77,293.77,293.77,293.77,293.77,0.31,1
1790469300,293.77,293.77,293.77,293.77,0.00,0.0,0
1790469600,294.19,294.19,294.19,294.19,294.19,0.03648985,1
1790469900,293.88,293.88,293.88,293.88,293.88,2.3395712,1
1790470200,294.23,294.23,294.23,294.23,294.23,0.01533063,1
1790470500,294.23,294.23,294.23,294.23,0.00,0.0,0
1790470800,294.23,294.23,294.23,294.23,0.00,0.0,0
1790471100,294.23,294.23,294.23,294.23,0.00,0.0,0
1790471400,294.23,294.23,294.23,294.23,0.00,0.0,0
1790471700,294.23,294.23,294.23,294.23,0.00,0.0,0
1790472000,292.74,292.74,292.73,292.73,292.73,3.00004,2
1790472300,292.73,292.73,292.69,292.69,292.71,6.93515587,4
1790472600,293.28,293.28,293.28,293.28,293.28,2.05291262,1
1790472900,293.28,293.28,293.28,293.28,0.00,0.0,0
1790473200,293.28,293.28,293.28,293.28,0.00,0.0,0
1790473500,294.13,294.15,294.13,294.15,294.14,0.76596698,2
1790473800,293.67,294.05,293.67,294.05,293.68,1.57782774,3
1790474100,294.52,294.52,294.52,294.52,294.52,0.0379,1
1790474400,294.52,294.52,294.52,294.52,0.00,0.0,0
1790474700,294.74,294.77,294.74,294.77,294.76,0.98326167,2
1790475000,294.55,294.59,294.55,294.59,294.58,2.05291262,4
1790475300,294.59,294.59,294.59,294.59,0.00,0.0,0
1790475600,294.59,294.59,294.59,294.59,0.00,0.0,0
1790475900,294.59,294.59,294.59,294.59,0.00,0.0,0
1790476200,294.0,294.0,292.45,292.45,293.73,4.22699816,5
1790476500,292.46,292.46,291.3,291.3,291.91,22.8268225,19
1790476800,291.84,291.91,291.84,291.91,291.88,0.93390567,2
1790477100,292.4,292.54,291.91,292.24,292.23,12.68970366,13
1790477400,292.9,292.9,292.9,292.9,292.90,0.01611505,1
1790477700,292.9,292.9,292.9,292.9,0.00,0.0,0
1790478000,292.23,292.44,292.23,292.25,292.29,0.07785841,3
1790478300,292.17,293.11,292.17,292.67,293.02,69.4418952,29
1790478600,292.77,293.17,292.77,292.95,292.83,3.71041145,6
1790478900,292.98,292.98,292.9,292.9,292.91,2.01682334,2
1790479200,292.34,292.35,292.34,292.35,292.34,0.06039233,2
1790479500,292.35,292.35,292.35,292.35,0.00,0.0,0
1790479800,292.35,292.35,292.35,292.35,0.00,0.0,0
1790480100,291.74,291.78,291.74,291.78,291.77,0.17137961,3
1790480400,291.78,291.78,291.78,291.78,0.00,0.0,0
1790480700,291.78,291.78,291.78,291.78,0.00,0.0,0
1790481000,291.7,291.7,291.7,291.7,291.70,4.46002742,5
1790481300,291.46,291.46,291.39,291.39,291.39,1.69188274,2
1790481600,291.0,291.36,290.79,291.36,290.90,4.10964627,10
1790481900,291.33,291.33,291.33,291.33,291.33,0.98037844,1
1790482200,291.33,291.33,291.33,291.33,0.00,0.0,0
1790482500,291.33,291.33,291.33,291.33,0.00,0.0,0
1790482800,291.63,291.63,291.63,291.63,291.63,0.03011268,1
1790483100,291.44,291.44,291.44,291.44,291.44,0.0379,1
1790483400,291.44,291.44,291.44,291.44,0.00,0.0,0
1790483700,291.44,291.44,291.44,291.44,0.00,0.0,0
1790484000,291.44,291.44,291.44,291.44,0.00,0.0,0
1790484300,290.8,290.8,290.72,290.73,290.73,1.05551869,4
1790484600,290.71,290.71,290.71,290.71,290.71,0.01,1
1790484900,290.71,290.71,290.71,290.71,0.00,0.0,0
1790485200,290.98,291.0,290.98,291.0,290.99,0.19399899,2
1790485500,291.0,291.0,291.0,291.0,0.00,0.0,0
1790485800,291.0,291.0,291.0,291.0,0.00,0.0,0
1790486100,291.0,291.0,291.0,291.0,0.00,0.0,0
1790486400,291.0,291.0,291.0,291.0,0.00,0.0,0
1790486700,291.35,291.35,291.35,291.35,291.35,0.95755017,1
1790487000,291.37,292.52,291.35,291.53,292.03,213.47063924,53
1790487300,291.78,293.28,291.78,291.8,292.89,339.17917318,66
1790487600,291.9,291.9,291.4,291.5,291.60,21.72305072,9
1790487900,291.46,291.7,291.17,291.17,291.29,38.1985208,15
1790488200,291.12,291.12,290.97,290.97,291.04,4.72369405,2
1790488500,291.2,291.59,291.2,291.59,291.34,6.86277657,4
1790488800,291.63,291.63,291.63,291.63,291.63,2.22336969,1
1790489100,291.47,299.8,291.47,298.05,296.06,378.18651808,156
1790489400,297.98,301.1,297.92,300.64,300.07,137.60229197,101
1790489700,299.2,300.47,298.02,299.72,299.21,93.25699774,53
1790490000,300.61,300.62,299.71,299.72,300.47,21.68650226,19
1790490300,299.48,300.19,299.48,299.71,299.86,10.36846107,13
1790490600,299.63,299.63,298.86,299.15,299.17,18.98054782,24
1790490900,299.54,300.12,299.24,300.12,299.89,7.56137757,11
1790491200,300.13,300.13,299.34,299.75,299.51,10.32319031,10
1790491500,300.13,300.14,300.02,300.02,300.12,0.10906258,3
1790491800,299.85,301.01,299.73,300.99,300.56,12.58510064,31
1790492100,301.7,302.5,301.64,301.88,301.94,2.8506349,22
1790492400,301.65,303.2,301.45,302.63,302.07,21.70806494,19
1790492700,302.46,302.46,300.81,301.57,301.40,14.2349809,13
1790493000,301.1,301.21,300.88,301.05,301.00,9.70936556,14
1790493300,301.85,302.39,301.48,301.8,302.26,72.20143157,25
1790493600,301.94,301.94,301.58,301.81,301.73,10.68120906,11
1790493900,301.72,301.72,301.72,301.72,301.72,1.240976,1
1790494200,301.78,301.98,301.66,301.66,301.88,10.61370794,12
1790494500,301.66,301.66,301.66,301.66,0.00,0.0,0
1790494800,301.66,301.66,301.66,301.66,0.00,0.0,0
1790495100,301.84,302.45,301.84,302.27,302.32,7.23981366,14
1790495400,302.57,303.32,302.57,303.32,303.20,4.1476425,4
1790495700,303.66,304.1,303.62,303.76,303.77,3.06637951,18
1790496000,303.45,305.16,303.3,304.43,304.29,37.02114569,53
1790496300,304.85,304.85,302.89,303.17,303.55,0.21048785,9
1790496600,303.21,303.21,302.83,302.83,303.00,3.99770683,13
1790496900,303.01,303.01,303.0,303.0,303.00,0.90742859,2
1790497200,302.65,303.34,302.23,302.68,302.61,23.67154013,22
1790497500,302.18,302.18,302.0,302.0,302.12,0.23478169,3
1790497800,302.43,302.68,302.43,302.68,302.62,34.7363276,13
1790498100,301.66,301.66,301.64,301.64,301.64,1.5962747,2
1790498400,301.6,301.77,301.38,301.39,301.48,65.53643535,27
1790498700,301.39,301.39,301.39,301.39,0.00,0.0,0
1790499000,301.39,301.39,301.39,301.39,0.00,0.0,0
1790499300,301.0,301.0,299.9,299.9,300.40,6.73856992,11
1790499600,299.6,299.6,299.21,299.42,299.39,2.9849914,4
1790499900,299.25,299.35,297.98,297.98,299.08,655.23429904,131
1790500200,297.94,298.46,297.58,298.3,297.86,49.77392497,24
1790500500,298.02,298.1,297.92,297.95,297.95,2.42349261,6
1790500800,297.37,297.37,297.3,297.3,297.33,0.51947399,3
1790501100,297.66,298.39,297.66,298.39,298.19,0.76273772,5
1790501400,298.47,299.12,298.25,299.02,298.84,13.02880706,27
1790501700,298.89,299.11,298.45,299.11,298.79,0.21694499,4
1790502000,299.17,299.17,299.16,299.16,299.16,0.92022937,3
1790502300,299.36,299.37,299.31,299.31,299.33,0.07410739,3
1790502600,299.33,299.33,299.15,299.28,299.30,1.12476999,4
1790502900,299.28,299.28,299.28,299.28,0.00,0.0,0
1790503200,298.8,299.45,298.74,299.14,298.76,3.67273607,7
1790503500,298.55,298.64,298.55,298.56,298.59,3.18250231,5
1790503800,299.3,299.3,299.24,299.24,299.24,5.23972882,3
1790504100,299.44,299.44,298.97,299.01,299.15,3.2480195,4
1790504400,298.86,299.34,298.84,299.34,299.07,0.15007545,4
1790504700,299.34,299.34,299.34,299.34,0.00,0.0,0
1790505000,299.34,299.34,299.34,299.34,0.00,0.0,0
1790505300,299.34,299.34,299.34,299.34,0.00,0.0,0
1790505600,298.03,298.06,297.88,297.88,298.01,1.32207589,3
1790505900,297.76,298.48,297.59,298.48,297.67,6.75697545,10
1790506200,298.66,298.67,298.06,298.06,298.61,0.35254107,3
1790506500,298.06,298.06,298.06,298.06,0.00,0.0,0
1790506800,297.39,297.39,296.51,296.51,296.67,2.88632321,14
1790507100,296.7,297.05,296.7,296.76,296.90,7.17364483,11
1790507400,297.03,297.19,297.03,297.19,297.11,1.134114,2
1790507700,296.8,296.81,296.8,296.81,296.80,0.10637808,2
1790508000,296.76,297.18,296.76,297.18,296.96,1.305885,3
1790508300,297.35,297.35,297.35,297.35,297.35,0.441266,1
1790508600,297.35,297.35,297.35,297.35,0.00,0.0,0
1790508900,297.52,297.55,297.33,297.42,297.36,6.79487545,9
1790509200,297.06,297.06,296.95,296.95,297.02,5.17060832,6
1790509500,296.95,296.95,296.95,296.95,0.00,0.0,0
1790509800,297.19,298.47,297.18,298.47,298.44,5.11425591,8
1790510100,297.66,297.69,297.66,297.69,297.67,0.10061893,3
1790510400,298.25,298.26,298.25,298.26,298.25,0.10217104,2
1790510700,298.33,298.44,298.33,298.44,298.33,6.06187977,2
1790511000,298.12,298.12,298.12,298.12,298.12,7.13980655,1
1790511300,298.12,298.12,298.12,298.12,0.00,0.0,0
1790511600,297.39,297.39,297.39,297.39,297.39,0.02368138,1
1790511900,297.39,297.39,297.39,297.39,0.00,0.0,0
1790512200,297.31,297.5,297.29,297.5,297.36,0.59673192,4
1790512500,298.41,298.41,298.02,298.02,298.04,28.47527836,6
1790512800,298.02,298.02,298.02,298.02,0.00,0.0,0
1790513100,298.0,298.0,298.0,298.0,298.00,2.65281824,1
1790513400,297.92,298.07,297.67,297.68,297.76,5.26127452,5
1790513700,297.59,297.59,296.93,296.93,297.58,3.78521204,3
1790514000,295.84,295.85,294.1,294.64,294.51,177.74714399,65
1790514300,294.78,295.19,294.78,295.19,294.98,0.03053772,2
1790514600,294.63,294.63,293.9,293.9,294.24,8.85258166,11
1790514900,294.08,294.6,294.08,294.4,294.57,78.71259622,39
1790515200,294.49,294.49,294.49,294.49,294.49,0.01529467,1
1790515500,294.67,295.23,294.67,295.23,294.77,0.45266006,5
1790515800,295.9,296.83,295.9,296.83,295.91,1.75086421,2
1790516100,295.67,295.67,295.08,295.08,295.65,9.12537251,8
1790516400,294.97,294.97,294.97,294.97,294.97,0.04451211,1
1790516700,294.97,294.97,294.97,294.97,0.00,0.0,0
1790517000,294.97,294.97,294.97,294.97,0.00,0.0,0
1790517300,294.97,294.97,294.97,294.97,0.00,0.0,0
1790517600,294.97,294.97,294.97,294.97,0.00,0.0,0
1790517900,294.97,294.97,294.97,294.97,0.00,0.0,0
1790518200,295.89,295.89,295.81,295.81,295.84,3.16212281,3
1790518500,295.68,295.68,295.68,295.68,295.68,0.01732501,1
1790518800,293.62,293.62,293.34,293.34,293.56,9.82034326,8
1790519100,293.36,293.36,292.8,293.17,293.07,3.17054372,6
1790519400,292.74,292.89,292.09,292.74,292.61,5.83024274,14
1790519700,292.57,292.57,291.5,291.94,292.05,35.57549115,15
1790520000,291.74,293.16,291.74,293.16,292.60,11.77206963,19
1790520300,293.16,293.16,292.1,292.1,292.11,17.18378198,5
1790520600,292.1,292.1,292.1,292.1,0.00,0.0,0
1790520900,292.1,292.1,292.1,292.1,292.10,0.0379,1
1790521200,291.63,291.74,289.6,289.6,290.19,289.31655817,68
1790521500,289.51,289.51,287.88,289.2,288.86,76.61224954,41
1790521800,289.69,291.45,288.79,289.22,290.58,582.71787722,105
1790522100,289.52,290.07,289.24,290.07,289.56,42.31016943,16
1790522400,290.03,290.07,289.64,289.64,289.88,11.1515479,13
1790522700,289.68,289.87,288.96,289.87,289.37,14.42785656,15
1790523000,290.27,290.27,289.9,289.9,290.07,25.80314169,11
1790523300,290.12,290.12,289.84,289.86,290.09,6.52300745,6
1790523600,289.81,289.81,289.81,289.81,289.81,1.90796969,1
1790523900,289.78,290.58,289.58,290.21,290.09,15.57621161,21
1790524200,290.51,291.24,290.51,290.61,290.69,100.2992783,47
1790524500,290.77,291.11,290.65,290.97,290.84,15.59398629,10
1790524800,290.99,291.44,290.84,291.28,291.02,4.7288195,9
1790525100,291.28,291.28,291.28,291.28,0.00,0.0,0
1790525400,291.28,291.28,291.28,291.28,0.00,0.0,0
1790525700,291.28,291.28,291.28,291.28,0.00,0.0,0
1790526000,293.26,293.26,293.26,293.26,293.26,0.01533611,1
1790526300,293.36,293.36,292.95,292.95,293.17,0.0342267,2
1790526600,292.85,292.85,292.69,292.69,292.76,0.03072117,2
1790526900,293.2,293.33,293.14,293.33,293.19,0.10112697,4
1790527200,293.52,293.85,293.33,293.33,293.51,4.71062228,12
1790527500,293.41,293.99,293.41,293.99,293.64,0.72611615,6
1790527800,293.55,293.64,293.32,293.47,293.44,1.75905744,8
1790528100,293.47,293.47,293.47,293.47,0.00,0.0,0
1790528400,293.4,293.4,293.4,293.4,293.40,0.6117,3
1790528700,293.68,293.82,293.29,293.29,293.42,2.51447267,7
1790529000,294.0,294.2,293.59,294.2,293.83,16.22483465,24
1790529300,294.2,294.2,294.2,294.2,0.00,0.0,0
1790529600,294.2,294.2,294.2,294.2,0.00,0.0,0
1790529900,293.98,293.98,293.98,293.98,293.98,1.70908449,1
1790530200,293.98,293.98,293.98,293.98,0.00,0.0,0
1790530500,294.32,294.32,294.01,294.02,294.30,1.79144706,6
1790530800,294.17,294.24,294.17,294.24,294.21,2.35880824,2
1790531100,294.85,294.88,294.85,294.88,294.85,0.673339,2
1790531400,295.2,295.2,295.12,295.13,295.16,0.36674083,3
1790531700,295.13,295.13,295.13,295.13,0.00,0.0,0
1790532000,295.13,295.13,295.13,295.13,0.00,0.0,0
1790532300,295.13,295.13,295.13,295.13,0.00,0.0,0
1790532600,295.7,295.83,295.7,295.83,295.82,3.46561111,2
1790532900,295.99,295.99,295.72,295.72,295.94,0.25554352,3
1790533200,296.12,296.12,295.42,295.42,296.01,14.80492035,14
1790533500,295.36,295.41,295.36,295.38,295.38,6.24799133,7
1790533800,295.38,295.38,295.38,295.38,0.00,0.0,0
1790534100,295.38,295.38,295.38,295.38,0.00,0.0,0
1790534400,295.38,295.38,295.38,295.38,0.00,0.0,0
1790534700,295.14,295.15,295.14,295.15,295.14,2.14249446,3
1790535000,295.06,295.06,294.91,294.91,295.05,4.52028652,3
1790535300,295.12,295.12,295.12,295.12,295.12,0.0379,1
1790535600,294.88,294.88,294.88,294.88,294.88,0.0379,1
1790535900,294.88,294.88,294.88,294.88,0.00,0.0,0
1790536200,295.03,295.03,295.03,295.03,295.03,0.03443502,1
1790536500,295.16,295.17,294.95,294.95,295.06,0.30231531,4
1790536800,294.95,294.95,294.95,294.95,0.00,0.0,0
1790537100,294.95,294.95,294.95,294.95,0.00,0.0,0
1790537400,294.13,294.13,293.94,293.94,294.02,8.24653233,4
1790537700,293.81,294.25,293.81,294.25,294.23,0.52748037,3
1790538000,294.1,294.1,294.1,294.1,294.10,1.0205,1
1790538300,294.1,294.1,294.1,294.1,0.00,0.0,0
1790538600,294.1,294.1,294.1,294.1,0.00,0.0,0
1790538900,294.1,294.1,294.1,294.1,0.00,0.0,0
1790539200,294.19,294.19,293.85,294.17,294.03,76.15702753,33
1790539500,293.92,293.92,293.92,293.92,293.92,0.393943,2
1790539800,294.43,294.43,294.41,294.41,294.41,0.33635113,2
1790540100,294.22,294.37,294.07,294.25,294.21,5.8702116,16
1790540400,293.56,293.56,293.56,293.56,293.56,1.40220222,1
1790540700,292.89,293.05,292.58,293.0,292.84,68.00922655,28
1790541000,293.51,293.6,293.51,293.6,293.55,0.903824,2
1790541300,293.79,293.79,293.79,293.79,293.79,0.01527314,1
1790541600,293.41,293.41,293.4,293.4,293.40,0.20168195,2
1790541900,293.4,293.4,293.4,293.4,0.00,0.0,0
1790542200,293.4,293.4,293.4,293.4,0.00,0.0,0
1790542500,293.4,293.4,293.4,293.4,0.00,0.0,0
1790542800,293.27,293.27,293.27,293.27,293.27,0.559172,1
1790543100,293.27,293.27,293.27,293.27,0.00,0.0,0
1790543400,293.27,293.27,293.27,293.27,0.00,0.0,0
1790543700,294.46,294.55,294.3,294.55,294.35,0.29295923,4
1790544000,294.55,294.55,294.55,294.55,0.00,0.0,0
1790544300,293.59,293.59,293.59,293.59,293.59,0.34000749,1
1790544600,293.59,293.59,293.59,293.59,0.00,0.0,0
1790544900,293.08,293.08,290.86,291.3,292.17,362.18586412,50
1790545200,292.32,292.37,292.32,292.37,292.34,2.61555237,2
1790545500,292.63,292.63,292.52,292.52,292.57,15.21587805,2
1790545800,292.52,292.52,292.52,292.52,0.00,0.0,0
1790546100,292.58,292.58,292.57,292.57,292.57,1.30893615,2
1790546400,290.95,291.51,290.91,291.51,290.91,5.69730076,4
1790546700,291.46,291.46,290.9,290.9,290.96,29.07611656,5
1790547000,290.78,290.92,290.03,290.28,290.75,16.50581698,11
1790547300,290.21,291.3,290.04,291.3,290.50,26.18025156,13
1790547600,290.92,290.92,290.92,290.92,290.92,0.0355,1
1790547900,292.27,292.27,291.99,291.99,292.14,1.89239967,8
1790548200,291.62,291.62,290.75,290.76,290.79,1.246872,16
1790548500,290.66,290.77,290.49,290.77,290.62,0.21953845,6
1790548800,290.78,290.78,290.13,290.13,290.16,1.376692,4
1790549100,290.3,290.3,290.18,290.18,290.26,0.04926567,2
1790549400,290.18,290.18,290.18,290.18,0.00,0.0,0
1790549700,290.18,290.18,290.18,290.18,0.00,0.0,0
1790550000,291.34,292.25,291.34,292.25,291.52,6.14401897,4
1790550300,292.25,292.25,292.25,292.25,0.00,0.0,0
1790550600,291.33,291.33,291.03,291.03,291.17,2.50455121,4
1790550900,291.31,291.31,291.31,291.31,291.31,1.19249696,1
1790551200,291.31,291.31,291.31,291.31,0.00,0.0,0
1790551500,291.31,291.31,291.31,291.31,0.00,0.0,0
1790551800,291.31,291.31,291.31,291.31,0.00,0.0,0
1790552100,291.61,291.61,291.61,291.61,291.61,0.2109,1
1790552400,292.16,292.16,292.16,292.16,292.16,0.01580662,1
1790552700,292.16,292.16,292.16,292.16,0.00,0.0,0
1790553000,292.66,292.66,292.66,292.66,292.66,0.164355,1
1790553300,292.45,292.45,292.28,292.28,292.43,21.97901165,5
1790553600,291.78,291.78,291.47,291.47,291.77,8.06922966,4
1790553900,291.38,291.39,290.67,290.67,291.04,151.03028037,45
1790554200,290.77,291.03,290.2,290.9,290.21,12.00774771,13
1790554500,290.9,290.9,290.9,290.9,0.00,0.0,0
1790554800,292.2,292.77,292.2,292.77,292.76,5.9557533,3
1790555100,293.16,293.19,292.23,292.23,293.11,0.46819296,4
1790555400,291.99,291.99,289.58,289.58,290.58,16.59768047,12
1790555700,289.58,289.58,289.58,289.58,0.00,0.0,0
1790556000,288.9,289.16,288.9,289.16,288.94,2.85996276,7
1790556300,289.26,290.8,289.26,290.67,290.61,0.40900712,5
1790556600,290.67,290.67,290.67,290.67,0.00,0.0,0
1790556900,290.67,290.67,290.67,290.67,0.00,0.0,0
1790557200,288.5,288.8,288.5,288.8,288.50,10.57861351,5
1790557500,288.54,289.17,288.53,289.17,288.53,4.81141628,4
1790557800,288.0,288.0,288.0,288.0,288.00,24.90702152,3
1790558100,288.31,288.35,286.31,287.63,287.15,202.78842569,42
1790558400,287.89,289.0,287.89,288.48,288.82,9.85174441,11
1790558700,288.73,288.73,288.73,288.73,288.73,0.0102,1
1790559000,289.22,289.22,289.22,289.22,289.22,0.0102,1
1790559300,287.49,287.96,287.49,287.96,287.94,0.4102,3
1790559600,287.98,287.98,287.98,287.98,287.98,0.0102,1
1790559900,287.54,287.54,285.8,285.8,286.47,23.87650678,9
1790560200,285.42,286.79,285.2,286.68,285.38,11.27757963,11
1790560500,286.79,286.79,286.79,286.79,286.79,0.0102,1
1790560800,285.64,285.73,284.79,285.59,285.20,25.50186515,22
1790561100,286.02,286.71,285.59,286.71,286.08,0.68564752,5
1790561400,287.55,287.59,287.55,287.59,287.58,4.60892856,3
1790561700,287.59,287.59,287.59,287.59,0.00,0.0,0
1790562000,287.01,287.01,286.55,286.95,286.84,6.44625225,4
1790562300,286.97,286.97,286.33,286.46,286.43,23.95572958,11
1790562600,286.46,286.46,286.46,286.46,0.00,0.0,0
1790562900,285.92,285.92,285.19,285.19,285.19,5.91885719,4
1790563200,285.3,285.3,285.16,285.16,285.23,0.02,2
1790563500,285.4,285.4,275.8,276.11,280.37,255.28747022,260
1790563800,275.88,277.24,274.05,275.47,276.55,445.42560427,117
1790564100,276.17,276.56,275.77,276.08,276.33,35.87882431,17
1790564400,276.4,277.54,276.03,277.2,276.81,90.29158789,19
1790564700,277.43,277.43,276.87,276.87,277.21,3.64395729,5
1790565000,277.15,277.31,276.47,276.47,277.25,12.17674917,5
1790565300,276.12,276.52,276.12,276.51,276.50,2.97288085,5
1790565600,275.64,276.15,275.52,276.15,276.08,0.91115995,5
1790565900,275.57,275.76,274.97,274.97,275.48,45.50086914,9
1790566200,275.04,275.04,275.04,275.04,275.04,0.0102,1
1790566500,275.54,276.81,275.54,276.81,276.21,0.0306,3
1790566800,276.94,277.41,276.94,277.41,277.40,5.89885719,3
1790567100,278.07,278.08,278.07,278.08,278.07,1.79810548,2
1790567400,277.63,277.63,277.63,277.63,277.63,1.08084738,1
1790567700,277.64,277.64,277.6,277.6,277.60,14.6814523,6
1790568000,277.4,277.4,277.4,277.4,277.40,1.5,1
1790568300,276.54,276.6,276.54,276.6,276.57,0.0204,2
1790568600,276.6,276.6,276.6,276.6,0.00,0.0,0
1790568900,277.37,277.37,277.37,277.37,277.37,0.0102,1
1790569200,278.45,278.45,277.97,277.97,278.01,6.46488249,3
1790569500,278.19,278.19,278.03,278.03,278.03,1.54689179,2
1790569800,278.03,278.03,278.03,278.03,0.00,0.0,0
1790570100,278.26,278.26,277.99,277.99,278.08,2.59130909,2
1790570400,277.99,277.99,277.99,277.99,0.00,0.0,0
1790570700,277.99,277.99,277.99,277.99,0.00,0.0,0
1790571000,278.32,278.32,278.32,278.32,278.32,0.31,1
1790571300,278.32,278.32,278.32,278.32,0.00,0.0,0
1790571600,278.32,278.32,278.32,278.32,0.00,0.0,0
1790571900,277.75,278.34,277.75,278.32,278.11,232.85867446,99
1790572200,276.72,277.58,276.72,277.58,277.01,0.589325,2
1790572500,277.58,277.58,277.58,277.58,0.00,0.0,0
1790572800,276.81,276.81,276.8,276.8,276.80,10.02074527,2
1790573100,276.53,276.54,276.49,276.54,276.50,0.21324296,5
1790573400,275.7,275.74,275.57,275.73,275.66,16.96408923,7
1790573700,275.81,276.47,275.0,275.0,275.89,35.309823,13
1790574000,275.68,276.76,267.92,271.67,272.42,169.62191992,143
1790574300,272.25,272.67,269.52,270.29,270.56,84.83460759,60
1790574600,270.29,271.31,270.29,271.31,270.51,7.44636618,12
1790574900,271.63,272.37,271.63,272.27,271.90,2.80315462,7
1790575200,272.07,272.55,271.92,271.92,272.27,6.67003535,8
1790575500,272.4,273.14,272.4,272.69,272.95,8.68094333,12
1790575800,272.8,272.81,272.8,272.81,272.80,0.05131895,2
1790576100,272.81,272.81,272.81,272.81,0.00,0.0,0
1790576400,271.66,271.66,271.16,271.46,271.18,4.96143311,6
1790576700,270.85,270.85,270.84,270.84,270.84,3.0,2
1790577000,271.09,271.26,271.09,271.26,271.09,0.8538,2
1790577300,271.53,271.53,270.71,270.71,270.73,0.40690995,2
1790577600,270.95,271.43,270.4,271.43,271.36,54.03296195,14
1790577900,271.14,271.14,270.42,270.8,270.77,47.03551424,19
1790578200,270.88,270.95,270.88,270.95,270.91,0.73819632,2
1790578500,270.98,271.06,270.88,270.88,271.00,7.08378367,5
1790578800,271.03,272.21,271.03,272.03,271.54,10.8601333,11
1790579100,272.03,272.03,272.03,272.03,0.00,0.0,0
1790579400,271.0,271.0,270.45,270.49,270.58,5.98609691,7
1790579700,270.3,270.44,269.94,270.44,269.96,10.8334079,6
1790580000,269.89,269.89,269.89,269.89,269.89,0.12914355,1
1790580300,270.1,270.1,269.28,269.64,269.57,2.85782178,4
1790580600,270.36,270.36,270.25,270.25,270.32,0.07431861,2
1790580900,270.29,270.29,270.29,270.29,270.29,0.0102,1
1790581200,270.02,270.02,269.91,269.91,269.91,4.09483842,3
1790581500,270.51,270.86,270.14,270.14,270.51,36.99333041,9
1790581800,270.14,270.14,270.14,270.14,0.00,0.0,0
1790582100,270.13,270.13,270.13,270.13,270.13,0.102482,1
1790582400,270.13,270.13,270.13,270.13,0.00,0.0,0
1790582700,270.55,270.64,270.55,270.64,270.63,6.61710096,2
1790583000,271.1,271.1,271.1,271.1,271.10,0.133294,1
1790583300,270.83,270.83,270.83,270.83,270.83,2.05291262,1
1790583600,270.06,270.06,270.0,270.0,270.00,1.4978991,3
1790583900,269.94,270.17,269.86,270.17,270.06,3.060079,16
1790584200,270.17,270.47,270.17,270.47,270.44,7.55245348,10
1790584500,270.04,270.15,270.04,270.15,270.14,6.93375848,2
1790584800,269.54,269.54,269.22,269.22,269.38,13.08635496,2
1790585100,268.7,268.7,268.7,268.7,268.70,0.03759878,1
1790585400,268.63,269.25,268.63,269.25,268.64,8.97121324,8
1790585700,269.25,269.83,269.25,269.58,269.58,208.08598805,55
1790586000,269.88,270.03,269.3,269.94,269.69,50.04769696,9
1790586300,270.59,270.9,270.55,270.9,270.57,5.88133713,7
1790586600,270.69,270.84,270.63,270.84,270.71,0.06309174,3
1790586900,272.35,272.35,272.35,272.35,272.35,0.0102,1
1790587200,272.33,272.33,271.72,271.72,271.79,2.98710115,5
1790587500,271.53,271.53,271.53,271.53,271.53,0.0102,1
1790587800,271.25,271.25,271.25,271.25,271.25,0.31,1
1790588100,270.81,270.81,270.26,270.51,270.33,11.91436887,4
1790588400,269.58,269.58,269.58,269.58,269.58,2.05291262,1
1790588700,269.58,269.58,269.58,269.58,0.00,0.0,0
1790589000,269.31,269.63,269.31,269.63,269.44,35.5364689,11
1790589300,269.63,269.63,269.63,269.63,0.00,0.0,0
1790589600,269.83,271.3,269.83,271.3,270.98,9.52339538,6
1790589900,271.11,271.11,271.11,271.11,271.11,0.0102,1
1790590200,270.83,270.83,270.83,270.83,270.83,0.08598384,1
1790590500,270.83,270.83,270.83,270.83,0.00,0.0,0
1790590800,270.76,270.82,270.76,270.82,270.81,0.20006806,2
1790591100,270.66,270.66,270.66,270.66,270.66,1.5153,2
1790591400,271.8,271.8,271.8,271.8,271.80,2.23300221,2
1790591700,271.89,272.19,271.89,272.19,271.97,12.74333467,12
1790592000,272.67,272.67,272.67,272.67,272.67,0.046831,1
1790592300,272.13,272.13,271.87,271.87,272.09,0.14889114,2
1790592600,271.87,271.87,271.87,271.87,0.00,0.0,0
1790592900,271.75,271.75,271.75,271.75,271.75,2.17002205,1
1790593200,272.53,272.74,272.47,272.47,272.51,3.23379566,3
1790593500,272.58,272.58,272.58,272.58,272.58,0.11005943,1
1790593800,272.58,272.58,272.58,272.58,0.00,0.0,0
1790594100,273.03,273.51,272.76,272.76,273.21,1.242346,5
1790594400,272.43,272.43,272.43,272.43,272.43,2.11137329,1
1790594700,272.68,272.68,272.68,272.68,272.68,0.08396972,1
1790595000,272.68,272.68,272.68,272.68,0.00,0.0,0
1790595300,272.82,272.82,272.82,272.82,272.82,0.18393249,1
1790595600,272.99,272.99,272.99,272.99,272.99,1.006054,1
1790595900,272.98,272.98,272.42,272.63,272.77,2.97946418,6
1790596200,272.79,272.79,272.79,272.79,272.79,1.717174,1
1790596500,272.53,272.53,272.53,272.53,272.53,6.54317748,1
1790596800,273.34,273.34,273.34,273.34,273.34,0.0102,1
1790597100,274.02,275.8,274.02,275.8,274.89,1.37679558,10
1790597400,275.78,275.78,274.81,274.81,275.35,0.0306,3
1790597700,275.83,275.83,275.83,275.83,275.83,0.0102,1
1790598000,276.05,276.05,275.0,275.0,275.45,14.78369218,14
1790598300,274.95,275.46,274.62,275.46,274.88,9.9365681,5
1790598600,276.09,276.09,275.75,275.75,275.90,5.09901169,5
1790598900,275.8,275.86,275.8,275.86,275.84,10.64900272,3
1790599200,275.8,275.8,274.85,275.51,275.28,91.6446835,22
1790599500,276.5,276.79,275.81,276.64,276.36,35.13814887,25
1790599800,276.79,276.82,276.37,276.82,276.58,45.75770487,29
1790600100,277.1,277.83,276.44,276.57,277.38,44.1052686,36
1790600400,276.35,276.35,275.43,275.43,276.15,11.22508951,40
1790600700,275.42,275.82,275.36,275.42,275.42,12.34682243,23
1790601000,275.25,275.41,275.24,275.38,275.35,10.18426335,8
1790601300,275.3,275.3,275.25,275.25,275.29,1.84260391,2
1790601600,274.84,274.84,274.84,274.84,274.84,8.274,2
1790601900,275.46,275.46,275.22,275.35,275.35,8.40189121,9
1790602200,275.95,275.95,274.4,275.2,274.90,21.88929045,15
1790602500,275.21,276.06,274.3,276.06,275.09,17.1208226,22
1790602800,275.92,275.92,275.37,275.46,275.47,21.25742717,6
1790603100,275.93,276.2,275.39,275.39,275.93,10.75987448,11
1790603400,275.22,275.78,274.73,275.78,275.41,16.59458364,14
1790603700,276.06,276.79,275.49,276.35,276.19,8.66087943,14
1790604000,276.07,276.07,274.76,274.76,275.20,7.76186105,15
1790604300,274.6,275.64,274.55,275.44,275.28,7.34482644,14
1790604600,275.1,275.35,274.75,274.75,274.97,10.37351623,9
1790604900,274.47,274.47,273.67,273.77,274.12,9.24304547,8
1790605200,273.77,275.02,273.77,274.5,274.66,4.718562,21
1790605500,274.58,274.6,272.24,272.24,273.33,41.52781246,18
1790605800,272.74,273.72,272.46,273.72,272.65,18.20476267,20
1790606100,273.47,274.08,273.34,273.72,273.72,11.87863282,17
1790606400,273.7,273.82,271.77,271.89,272.28,35.50772732,21
1790606700,272.06,272.67,271.14,272.07,271.59,119.05663992,28
1790607000,272.12,272.41,270.46,272.07,270.94,82.64267926,28
1790607300,271.86,272.48,271.72,271.72,272.27,0.89303683,5
1790607600,271.72,272.43,271.72,272.33,272.15,1.88699641,13
1790607900,271.89,272.56,271.54,272.56,271.92,2.75555412,17
1790608200,272.38,272.38,271.15,271.58,271.62,1.769469,17
1790608500,271.49,271.49,269.88,270.5,270.25,34.25245698,17
1790608800,270.49,271.12,270.36,271.02,270.60,8.42491437,10
1790609100,271.22,272.13,270.72,272.13,270.81,5.77103852,7
1790609400,271.69,271.69,271.04,271.58,271.47,0.54206966,8
1790609700,271.49,272.98,271.41,272.82,272.22,1.42926887,15
1790610000,273.33,273.33,272.27,272.27,273.14,0.127132,4
1790610300,272.27,272.27,272.27,272.27,0.00,0.0,0
1790610600,272.65,272.65,272.34,272.59,272.59,7.98122611,6
1790610900,272.63,272.63,272.63,272.63,272.63,0.0102,1
1790611200,272.3,272.3,271.57,271.57,271.99,0.0306,3
1790611500,271.57,271.57,271.57,271.57,0.00,0.0,0
1790611800,272.35,272.35,272.26,272.26,272.29,8.39378497,3
1790612100,272.82,274.46,272.72,273.45,273.14,11.94338118,22
1790612400,274.44,274.59,274.2,274.59,274.49,11.64552056,12
1790612700,274.23,275.69,274.23,275.69,274.85,1.66313435,9
1790613000,275.08,275.08,274.39,274.39,274.98,0.81564658,5
1790613300,274.49,274.49,274.3,274.3,274.40,3.82325725,4
1790613600,273.62,273.62,272.91,272.91,273.34,12.03442906,6
1790613900,272.99,273.22,272.73,272.73,272.93,5.6464329,5
1790614200,272.48,272.98,272.48,272.98,272.54,7.50948748,2
1790614500,273.18,273.18,272.49,272.49,272.92,4.76366371,3
1790614800,271.69,272.37,271.69,272.14,272.24,10.52907274,12
1790615100,271.67,271.67,271.28,271.28,271.44,1.027802,3
1790615400,270.81,273.81,270.81,273.81,271.49,29.06078649,22
1790615700,274.21,274.82,272.86,272.86,273.78,11.87854554,11
1790616000,272.88,272.88,272.88,272.88,272.88,1.717174,1
1790616300,272.88,272.88,272.88,272.88,0.00,0.0,0
1790616600,273.43,273.43,272.92,272.92,273.40,0.407896,4
1790616900,272.9,272.92,272.83,272.87,272.86,13.62503194,5
1790617200,272.87,272.87,272.87,272.87,0.00,0.0,0
1790617500,273.41,273.41,272.98,272.98,273.15,1.83317777,5
1790617800,272.98,272.98,272.98,272.98,0.00,0.0,0
1790618100,272.98,272.98,272.98,272.98,0.00,0.0,0
1790618400,273.37,273.37,273.37,273.37,273.37,0.0102,1
1790618700,273.6,273.6,273.35,273.35,273.54,3.43945187,2
1790619000,273.35,273.35,273.35,273.35,0.00,0.0,0
1790619300,273.96,273.96,273.96,273.96,273.96,0.01,1
1790619600,273.39,273.52,273.35,273.35,273.41,6.45203642,4
1790619900,273.72,273.85,273.54,273.58,273.62,1.14450277,5
1790620200,273.57,273.57,272.66,273.14,273.38,8.887105,9
1790620500,273.12,273.12,273.12,273.12,273.12,1.42205165,2
1790620800,272.64,272.69,272.36,272.36,272.62,11.85720108,13
1790621100,272.54,272.63,272.41,272.63,272.52,4.10055265,4
1790621400,272.58,272.58,272.58,272.58,272.58,9.04638872,1
1790621700,273.25,273.4,273.25,273.4,273.39,12.23973443,6
1790622000,273.28,273.28,273.28,273.28,273.28,4.38257482,2
1790622300,271.62,271.62,271.43,271.43,271.55,2.68940063,2
1790622600,271.11,271.58,271.02,271.58,271.43,9.18447736,3
1790622900,271.9,272.19,271.9,272.19,271.90,0.9879686,2
1790623200,271.69,271.81,271.69,271.81,271.75,20.0,7
1790623500,271.81,271.81,271.81,271.81,0.00,0.0,0
1790623800,271.19,271.19,270.22,270.22,270.72,28.62513591,9
1790624100,269.35,269.35,269.23,269.23,269.32,0.39280173,2
1790624400,269.28,269.28,269.28,269.28,269.28,0.0102,1
1790624700,269.28,269.28,269.28,269.28,0.00,0.0,0
1790625000,270.05,270.33,270.05,270.33,270.25,0.039,2
1790625300,269.73,269.91,269.73,269.91,269.89,0.45537702,2
1790625600,269.62,270.42,269.62,270.42,270.02,0.0204,2
1790625900,271.07,271.68,271.07,271.68,271.64,1.95972872,3
1790626200,271.39,271.39,270.98,270.98,271.26,0.97112334,3
1790626500,270.98,270.98,270.98,270.98,0.00,0.0,0
1790626800,270.98,270.98,270.98,270.98,0.00,0.0,0
1790627100,271.5,271.5,271.46,271.46,271.49,7.36845796,5
1790627400,271.57,271.57,271.57,271.57,271.57,0.143357,1
1790627700,271.68,271.68,271.34,271.47,271.59,0.66948464,5
1790628000,271.48,271.48,271.18,271.18,271.44,0.090204,3
1790628300,271.18,271.18,271.18,271.18,0.00,0.0,0
1790628600,271.18,271.18,271.18,271.18,0.00,0.0,0
1790628900,271.18,271.18,271.18,271.18,0.00,0.0,0
1790629200,271.02,271.02,271.02,271.02,271.02,0.186483,1
1790629500,272.0,272.17,271.55,271.82,271.94,6.46933571,4
1790629800,271.78,271.78,271.78,271.78,271.78,0.05156137,1
1790630100,271.78,271.78,271.78,271.78,0.00,0.0,0
1790630400,270.89,270.89,270.89,270.89,270.89,0.03328054,1
1790630700,270.79,270.79,270.79,270.79,270.79,0.548205,1
1790631000,270.79,270.79,270.79,270.79,0.00,0.0,0
1790631300,270.79,270.79,270.79,270.79,0.00,0.0,0
1790631600,270.79,270.79,270.79,270.79,0.00,0.0,0
1790631900,270.0,270.0,269.93,269.93,269.93,3.95912685,3
1790632200,269.93,269.93,269.93,269.93,0.00,0.0,0
1790632500,269.93,269.93,269.93,269.93,0.00,0.0,0
1790632800,270.07,270.25,270.07,270.25,270.07,0.33590444,3
1790633100,269.75,270.26,269.68,270.26,269.84,0.59734498,4
1790633400,269.77,269.77,269.77,269.77,269.77,0.01,1
1790633700,270.11,270.11,270.06,270.06,270.08,7.20232166,5
1790634000,270.32,270.32,270.19,270.19,270.30,0.755405,2
1790634300,270.6,270.71,270.6,270.71,270.68,7.45858326,7
1790634600,270.97,270.99,270.78,270.78,270.81,0.7958973,5
1790634900,272.46,272.46,272.46,272.46,272.46,1.378882,1
1790635200,272.27,272.27,272.27,272.27,272.27,1.32802317,2
1790635500,272.47,272.58,272.33,272.58,272.51,0.19503702,5
1790635800,272.51,272.54,272.43,272.43,272.48,0.19433189,6
1790636100,272.41,272.6,272.41,272.6,272.55,0.06406778,3
1790636400,273.02,273.03,273.02,273.03,273.02,0.19467878,2
1790636700,273.36,273.36,273.04,273.04,273.20,0.0204,2
1790637000,273.14,273.14,272.94,272.94,273.13,0.505493,2
1790637300,272.94,272.94,272.94,272.94,0.00,0.0,0
1790637600,272.7,272.88,272.7,272.88,272.85,0.08518873,3
1790637900,273.08,273.09,272.94,272.95,272.94,1.82892231,5
1790638200,273.24,273.24,272.49,272.49,273.23,6.55317748,2
1790638500,272.49,272.49,272.49,272.49,0.00,0.0,0
1790638800,272.67,272.67,272.67,272.67,272.67,0.01,1
1790639100,272.62,272.74,272.62,272.65,272.72,1.62541939,4
1790639400,273.26,273.26,273.11,273.11,273.11,2.15024263,3
1790639700,273.11,273.11,273.11,273.11,0.00,0.0,0
1790640000,272.62,273.08,272.55,273.08,272.59,6.84928947,8
1790640300,273.08,273.08,273.08,273.08,0.00,0.0,0
1790640600,272.95,273.13,272.95,273.13,273.12,0.83598728,3
1790640900,272.17,272.43,272.17,272.39,272.28,3.63975513,5
1790641200,272.18,272.18,272.17,272.17,272.17,0.86498036,2
1790641500,272.07,272.87,272.07,272.87,272.66,6.53954897,7
1790641800,272.81,272.81,272.77,272.77,272.77,9.37479768,5
1790642100,272.77,272.77,272.77,272.77,0.00,0.0,0
1790642400,272.77,272.77,272.77,272.77,0.00,0.0,0
1790642700,272.77,272.77,272.77,272.77,0.00,0.0,0
1790643000,271.37,271.37,271.26,271.26,271.33,1.177053,2
1790643300,271.71,271.71,271.7,271.7,271.70,0.072916,2
1790643600,271.02,271.89,271.01,271.89,271.38,1.70166141,7
1790643900,270.69,270.69,270.69,270.69,270.69,0.15130304,1
1790644200,270.69,270.69,270.69,270.69,0.00,0.0,0
1790644500,268.5,268.5,268.33,268.33,268.42,0.79421875,8
1790644800,268.55,269.9,268.55,269.9,268.55,6.82118403,5
1790645100,269.42,269.75,267.26,267.26,267.96,4.01303005,10
1790645400,267.94,268.04,266.47,268.01,266.61,94.29166308,29
1790645700,268.03,268.04,266.63,267.3,267.39,22.49548818,12
1790646000,267.18,267.75,266.36,267.72,267.18,228.38895364,52
1790646300,267.79,268.56,267.79,268.0,268.23,34.76130808,23
1790646600,267.3,269.04,267.3,268.48,268.11,19.81454904,16
1790646900,268.54,268.69,268.21,268.55,268.43,15.96891894,12
1790647200,268.49,268.64,267.95,268.53,268.18,9.68564508,14
1790647500,267.88,268.14,267.64,267.64,267.82,2.86038776,8
1790647800,267.71,268.14,267.71,268.05,268.04,2.07331262,3
1790648100,268.44,268.47,268.44,268.47,268.45,0.0956,3
1790648400,268.38,268.38,266.26,267.08,267.28,0.0408,4
1790648700,267.08,267.08,267.08,267.08,0.00,0.0,0
1790649000,267.24,267.24,266.73,266.73,267.02,3.37578269,3
1790649300,266.61,267.21,266.61,267.21,267.14,0.10296214,3
1790649600,267.23,267.23,267.23,267.23,267.23,6.54317748,1
1790649900,267.23,267.23,267.23,267.23,0.00,0.0,0
1790650200,267.23,267.23,267.23,267.23,0.00,0.0,0
1790650500,267.23,267.23,267.23,267.23,0.00,0.0,0
1790650800,267.11,267.66,266.85,266.85,267.32,6.52080484,8
1790651100,266.85,266.85,266.85,266.85,0.00,0.0,0
1790651400,266.85,266.85,266.85,266.85,0.00,0.0,0
1790651700,267.64,267.64,267.64,267.64,267.64,0.0102,1
1790652000,268.51,268.51,268.51,268.51,268.51,0.0102,1
1790652300,269.07,269.28,269.07,269.28,269.17,0.0204,2
1790652600,269.36,269.47,269.36,269.47,269.45,6.63877748,6
1790652900,269.76,269.76,269.51,269.51,269.54,0.209222,5
1790653200,269.63,269.63,269.21,269.21,269.53,0.04721597,2
1790653500,269.21,269.21,269.21,269.21,0.00,0.0,0
1790653800,269.21,269.21,269.21,269.21,0.00,0.0,0
1790654100,268.34,268.34,268.03,268.19,268.30,2.17916431,7
1790654400,268.18,268.18,268.18,268.18,268.18,0.14469045,1
1790654700,267.87,267.87,267.24,267.24,267.25,7.24576883,3
1790655000,268.36,268.36,268.21,268.21,268.23,0.05606356,2
1790655300,269.09,269.1,269.09,269.1,269.09,0.36822901,2
1790655600,269.1,269.1,269.1,269.1,0.00,0.0,0
1790655900,269.1,269.1,269.1,269.1,0.00,0.0,0
1790656200,269.1,269.1,269.1,269.1,0.00,0.0,0
1790656500,269.1,269.1,269.1,269.1,0.00,0.0,0
1790656800,269.4,269.41,269.4,269.41,269.40,0.125,2
1790657100,268.57,268.59,268.57,268.59,268.58,6.58587748,2
1790657400,268.59,268.59,268.59,268.59,0.00,0.0,0
1790657700,268.59,268.59,268.59,268.59,0.00,0.0,0
1790658000,269.3,269.3,269.3,269.3,269.30,0.0102,1
1790658300,269.61,269.61,269.0,269.12,269.11,8.76607608,9
1790658600,269.12,269.12,269.12,269.12,0.00,0.0,0
1790658900,269.12,269.12,269.12,269.12,0.00,0.0,0
1790659200,269.12,269.12,269.12,269.12,0.00,0.0,0
1790659500,269.12,269.12,269.12,269.12,0.00,0.0,0
1790659800,268.05,268.05,268.0,268.0,268.00,1.6102,2
1790660100,267.71,268.33,267.71,268.24,268.29,20.0102,10
1790660400,268.24,268.24,268.24,268.24,0.00,0.0,0
1790660700,268.24,268.24,268.24,268.24,0.00,0.0,0
1790661000,268.24,268.24,268.24,268.24,0.00,0.0,0
1790661300,268.24,268.24,268.24,268.24,0.00,0.0,0
1790661600,270.54,270.54,270.49,270.49,270.53,155.45775506,17
1790661900,270.45,271.33,270.43,271.33,270.83,3.32756455,6
1790662200,271.33,271.33,271.33,271.33,0.00,0.0,0
1790662500,271.5,271.59,271.05,271.05,271.05,3.92657523,19
1790662800,271.17,272.83,271.02,272.07,272.05,98.3516883,24
1790663100,271.4,272.32,271.4,272.32,271.59,4.99382225,7
1790663400,272.63,272.63,272.21,272.21,272.37,6.65917748,6
1790663700,272.06,272.48,272.06,272.48,272.19,9.26133522,6
1790664000,272.67,273.49,272.67,273.12,273.13,1.69266923,18
1790664300,273.37,273.37,273.27,273.27,273.36,0.21206274,2
1790664600,273.7,273.7,273.7,273.7,273.70,0.20687615,1
1790664900,273.81,273.81,273.43,273.43,273.62,0.0204,2
1790665200,273.37,273.37,272.93,272.93,273.36,15.7104,6
1790665500,273.33,273.35,273.11,273.15,273.14,78.83578946,15
1790665800,273.11,273.5,273.11,273.5,273.13,9.81226573,6
1790666100,273.56,273.81,273.43,273.81,273.73,31.60976483,4
1790666400,274.4,274.61,273.87,273.87,274.59,4.45377032,6
1790666700,274.13,274.13,273.11,273.11,273.62,5.91186401,14
1790667000,273.5,273.5,273.5,273.5,273.50,0.140651,1
1790667300,273.34,273.7,273.34,273.7,273.46,0.124054,2
1790667600,274.16,274.41,274.06,274.06,274.29,22.27706443,14
1790667900,274.25,274.34,274.25,274.34,274.30,0.5146666,4
1790668200,274.43,274.43,274.23,274.23,274.40,0.15871083,2
1790668500,274.23,274.23,274.23,274.23,0.00,0.0,0
1790668800,274.13,274.13,274.13,274.13,274.13,0.02470577,1
1790669100,274.13,274.13,274.13,274.13,0.00,0.0,0
1790669400,273.81,274.54,273.79,274.54,274.44,2.28499555,4
1790669700,274.54,274.95,274.54,274.73,274.62,1.32539127,4
1790670000,275.8,275.81,275.06,275.06,275.50,0.11803882,9
1790670300,275.42,275.42,275.42,275.42,275.42,0.0102,1
1790670600,274.85,274.85,274.13,274.13,274.63,0.10291399,4
1790670900,273.23,273.76,273.23,273.76,273.23,1.82292188,2
1790671200,274.02,274.02,273.2,273.2,274.01,1.78609235,4
1790671500,273.75,273.77,273.68,273.68,273.70,0.15866349,3
1790671800,274.07,274.07,274.07,274.07,274.07,0.07501733,1
1790672100,274.07,274.07,274.07,274.07,0.00,0.0,0
1790672400,274.07,274.07,274.07,274.07,0.00,0.0,0
1790672700,273.53,273.86,273.45,273.86,273.56,12.58657541,10
1790673000,273.4,273.4,273.4,273.4,273.40,10.0,1
1790673300,273.89,273.89,273.89,273.89,273.89,0.0427,1
1790673600,273.82,273.82,273.82,273.82,273.82,0.01410805,1
1790673900,274.15,274.4,274.15,274.28,274.37,13.40053637,7
1790674200,275.05,275.05,275.03,275.03,275.04,0.0331,2
1790674500,274.98,275.57,274.97,275.52,275.07,37.41487867,26
1790674800,275.52,275.52,275.52,275.52,0.00,0.0,0
1790675100,276.02,276.05,276.02,276.02,276.02,0.53967219,3
1790675400,276.02,276.02,276.02,276.02,0.00,0.0,0
1790675700,275.81,275.81,275.51,275.51,275.70,13.22535083,8
1790676000,275.4,275.4,275.4,275.4,275.40,0.038314,1
1790676300,275.62,275.62,275.61,275.61,275.61,0.03662072,2
1790676600,276.24,276.24,276.24,276.24,276.24,0.6539,3
1790676900,276.24,276.24,276.24,276.24,0.00,0.0,0
1790677200,275.31,275.81,275.31,275.81,275.54,30.46102842,14
1790677500,275.81,275.81,275.81,275.81,0.00,0.0,0
1790677800,275.16,275.2,275.16,275.2,275.16,0.539642,2
1790678100,274.79,274.79,274.7,274.7,274.70,0.842005,4
1790678400,275.06,275.08,274.72,274.72,274.95,0.12972633,3
1790678700,274.72,274.72,274.72,274.72,0.00,0.0,0
1790679000,275.03,275.23,275.03,275.16,275.14,0.14041404,4
1790679300,275.02,275.18,274.93,274.93,275.16,1.1264331,5
1790679600,274.7,274.7,274.7,274.7,274.70,0.03677493,1
1790679900,274.7,274.7,274.7,274.7,0.00,0.0,0
1790680200,274.7,274.7,274.7,274.7,0.00,0.0,0
1790680500,274.7,274.7,274.7,274.7,0.00,0.0,0
1790680800,274.7,274.7,274.7,274.7,0.00,0.0,0
1790681100,274.7,274.7,274.7,274.7,0.00,0.0,0
1790681400,276.1,276.1,276.1,276.1,276.10,0.1,1
1790681700,276.13,276.13,275.7,275.7,275.70,2.0529,3
1790682000,275.7,275.7,275.7,275.7,0.00,0.0,0
1790682300,275.63,275.63,275.63,275.63,275.63,22.361,1
1790682600,276.32,276.32,275.57,276.14,276.08,8.35143051,7
1790682900,276.26,276.27,276.26,276.27,276.26,0.14526492,3
1790683200,276.27,276.27,276.27,276.27,0.00,0.0,0
1790683500,275.35,275.35,275.34,275.34,275.34,1.45707486,2
1790683800,275.34,275.34,275.34,275.34,0.00,0.0,0
1790684100,275.91,275.91,275.91,275.91,275.91,0.0102,1
1790684400,275.04,275.18,275.04,275.16,275.16,0.798092,3
1790684700,275.16,275.16,275.16,275.16,0.00,0.0,0
1790685000,275.16,275.16,275.15,275.15,275.15,7.31146249,2
1790685300,276.34,276.35,276.34,276.35,276.34,0.9994945,2
1790685600,275.9,275.9,275.9,275.9,275.90,0.0102,1
1790685900,275.9,275.9,275.9,275.9,0.00,0.0,0
1790686200,275.9,275.9,275.9,275.9,0.00,0.0,0
1790686500,275.9,275.9,275.9,275.9,0.00,0.0,0
1790686800,275.9,275.9,275.9,275.9,0.00,0.0,0
1790687100,276.3,276.3,276.3,276.3,276.30,0.0427,1
1790687400,276.3,276.3,276.3,276.3,0.00,0.0,0
1790687700,276.3,276.3,276.3,276.3,0.00,0.0,0
1790688000,276.3,276.3,276.3,276.3,0.00,0.0,0
1790688300,276.3,276.3,276.3,276.3,0.00,0.0,0
1790688600,274.55,274.55,273.94,274.2,274.19,1.80687209,5
1790688900,274.23,274.3,274.23,274.3,274.23,6.86773648,2
1790689200,274.17,274.32,274.15,274.31,274.30,5.40954014,5
1790689500,274.3,274.3,274.14,274.14,274.14,0.7695,2
1790689800,274.29,274.74,274.22,274.73,274.55,0.28736294,6
1790690100,275.31,275.31,274.49,274.49,275.17,52.80000248,7
1790690400,273.78,273.78,273.5,273.77,273.68,8.28859175,10
1790690700,273.55,274.05,273.55,274.05,273.84,4.16013256,3
1790691000,273.75,273.75,273.75,273.75,273.75,1.11280112,1
1790691300,273.38,273.86,273.38,273.86,273.66,13.46492262,7
1790691600,274.09,274.09,274.09,274.09,274.09,0.0102,1
1790691900,274.35,275.12,274.35,275.12,274.42,7.31787303,3
1790692200,275.12,275.12,275.12,275.12,0.00,0.0,0
1790692500,275.12,275.12,275.12,275.12,0.00,0.0,0
1790692800,275.11,275.11,275.11,275.11,275.11,0.36347975,1
1790693100,275.11,275.11,275.11,275.11,0.00,0.0,0
1790693400,275.11,275.11,275.11,275.11,0.00,0.0,0
1790693700,274.8,274.93,274.8,274.93,274.89,7.54849309,3
1790694000,273.82,273.82,273.82,273.82,273.82,0.0102,1
1790694300,272.99,272.99,272.1,272.1,272.64,9.26322911,7
1790694600,273.18,273.18,273.18,273.18,273.18,0.0102,1
1790694900,272.86,272.86,271.71,271.71,271.84,4.88594218,9
1790695200,270.9,270.9,270.1,270.1,270.62,0.316045,2
1790695500,269.99,270.41,269.52,270.32,270.03,0.0718,7
1790695800,270.24,270.74,270.24,270.74,270.49,0.0204,2
1790696100,270.74,270.74,270.74,270.74,0.00,0.0,0
1790696400,270.74,270.74,270.74,270.74,0.00,0.0,0
1790696700,271.16,271.77,271.15,271.77,271.29,73.50140304,20
1790697000,271.51,271.51,271.51,271.51,271.51,0.0102,1
1790697300,271.51,271.51,271.51,271.51,0.00,0.0,0
1790697600,271.13,271.13,270.75,271.02,270.75,13.19616647,4
1790697900,271.15,271.15,270.99,270.99,271.05,27.14532109,7
1790698200,271.83,271.83,271.83,271.83,271.83,0.0427,1
1790698500,271.79,272.13,271.79,272.04,272.11,0.949086,5
1790698800,272.19,272.19,272.19,272.19,272.19,0.02939015,1
1790699100,272.19,272.19,272.19,272.19,0.00,0.0,0
1790699400,271.91,271.91,271.27,271.27,271.52,13.9490715,18
1790699700,271.83,272.02,271.83,272.02,271.96,26.30854231,13
1790700000,271.22,271.22,270.97,270.97,271.20,10.90199714,4
1790700300,270.3,271.1,270.0,270.0,270.34,12.18533984,10
1790700600,270.0,270.0,270.0,270.0,0.00,0.0,0
1790700900,270.17,270.83,270.17,270.83,270.17,0.825741,4
1790701200,271.11,271.11,270.3,270.91,270.69,5.05268457,10
1790701500,270.91,270.91,270.91,270.91,0.00,0.0,0
1790701800,271.16,271.16,271.16,271.16,271.16,0.05437277,1
1790702100,270.69,270.69,270.69,270.69,270.69,0.0427,1
1790702400,270.69,270.69,270.69,270.69,0.00,0.0,0
1790702700,270.69,270.69,270.69,270.69,0.00,0.0,0
1790703000,270.54,270.54,270.52,270.52,270.53,0.075115,2
1790703300,270.49,270.5,270.49,270.5,270.49,0.07911949,2
1790703600,270.9,270.9,268.47,269.08,269.47,227.41853086,107
1790703900,269.15,269.27,269.15,269.27,269.20,1.96936472,2
1790704200,268.19,268.38,268.1,268.38,268.14,0.24190849,4
1790704500,268.72,269.17,268.72,269.17,268.72,6.55337748,2
1790704800,269.61,270.01,269.6,269.6,269.66,0.718741,4
1790705100,270.4,270.41,269.83,269.83,270.38,3.46032415,3
1790705400,269.83,269.83,269.83,269.83,0.00,0.0,0
1790705700,270.67,270.67,270.36,270.36,270.42,1.33247305,4
1790706000,270.35,270.75,270.33,270.75,270.52,1.022648,9
1790706300,270.75,270.75,270.75,270.75,0.00,0.0,0
1790706600,270.69,270.93,270.69,270.93,270.79,0.20336121,5
1790706900,270.83,270.99,270.81,270.81,270.89,0.732229,5
1790707200,271.38,271.38,271.26,271.26,271.27,3.05001513,3
1790707500,271.18,271.18,271.07,271.08,271.10,0.24742952,4
1790707800,271.15,271.15,271.15,271.15,271.15,0.02,1
1790708100,270.97,270.97,270.97,270.97,270.97,0.0427,1
1790708400,270.97,270.97,270.97,270.97,0.00,0.0,0
1790708700,270.97,270.97,270.97,270.97,0.00,0.0,0
1790709000,271.59,271.59,271.59,271.59,271.59,0.072923,2
1790709300,271.59,271.59,271.59,271.59,0.00,0.0,0
1790709600,271.8,271.8,271.8,271.8,271.80,0.01795764,1
1790709900,272.1,272.1,271.79,271.79,271.81,1.31005152,4
1790710200,271.86,272.43,271.86,272.43,272.41,0.9026827,4
1790710500,272.2,272.2,272.2,272.2,272.20,0.0857544,1
1790710800,271.94,272.08,271.91,271.95,272.02,2.71531443,8
1790711100,271.13,271.13,271.13,271.13,271.13,0.644,1
1790711400,271.13,271.13,271.13,271.13,0.00,0.0,0
1790711700,271.13,271.13,271.13,271.13,0.00,0.0,0
1790712000,270.8,270.8,270.8,270.8,270.80,0.02111494,1
1790712300,270.63,270.63,270.63,270.63,270.63,0.341046,1
1790712600,271.32,271.32,271.3,271.3,271.30,0.39999999,4
1790712900,271.3,271.3,271.3,271.3,0.00,0.0,0
1790713200,271.3,271.3,271.3,271.3,0.00,0.0,0
1790713500,271.3,271.3,271.3,271.3,0.00,0.0,0
1790713800,272.09,272.18,272.09,272.17,272.17,0.38647072,3
1790714100,272.17,272.17,272.17,272.17,0.00,0.0,0
1790714400,272.62,272.62,272.62,272.62,272.62,12.15765461,3
1790714700,272.62,272.62,272.62,272.62,0.00,0.0,0
1790715000,271.95,272.11,271.93,271.99,272.02,0.94637754,10
1790715300,272.01,272.01,272.01,272.01,272.01,0.40514135,1
1790715600,271.76,272.07,271.76,271.86,271.86,3.63567238,7
1790715900,272.03,272.03,271.89,271.89,271.91,0.39336169,3
1790716200,271.89,271.89,271.89,271.89,0.00,0.0,0
1790716500,272.54,272.57,272.38,272.4,272.44,10.26263257,7
1790716800,271.82,272.1,271.77,271.77,271.91,0.89480723,6
1790717100,271.68,271.81,271.4,271.4,271.44,1.90878026,6
1790717400,271.4,271.4,271.4,271.4,0.00,0.0,0
1790717700,271.4,271.4,271.4,271.4,0.00,0.0,0
1790718000,272.42,272.45,272.42,272.45,272.42,0.31375727,4
1790718300,272.59,274.17,272.58,273.67,273.73,233.16839225,51
1790718600,273.01,273.96,273.01,273.35,273.55,71.35902965,18
1790718900,273.47,273.68,271.85,271.85,272.88,32.31910832,13
1790719200,271.91,272.78,271.87,272.78,271.90,9.65743972,6
1790719500,272.79,272.84,272.51,272.51,272.53,9.65377154,32
1790719800,272.87,272.87,272.87,272.87,272.87,1.70138029,1
1790720100,272.43,272.43,272.14,272.27,272.28,3.67112326,8
1790720400,272.27,272.27,272.27,272.27,0.00,0.0,0
1790720700,272.27,272.27,272.27,272.27,0.00,0.0,0
1790721000,272.2,272.21,272.1,272.21,272.19,1.65375301,3
1790721300,272.21,272.21,272.21,272.21,0.00,0.0,0
1790721600,272.21,272.21,272.21,272.21,0.00,0.0,0
1790721900,272.21,272.21,272.21,272.21,272.21,0.01,1
1790722200,272.21,272.21,272.21,272.21,0.00,0.0,0
1790722500,272.21,272.21,272.21,272.21,0.00,0.0,0
1790722800,272.21,272.21,272.21,272.21,0.00,0.0,0
1790723100,272.62,272.86,272.62,272.86,272.85,1.65235676,3
1790723400,273.09,273.09,273.09,273.09,273.09,0.06879647,1
1790723700,273.09,273.09,273.09,273.09,0.00,0.0,0
1790724000,273.09,273.09,273.09,273.09,0.00,0.0,0
1790724300,273.09,273.09,273.09,273.09,0.00,0.0,0
1790724600,271.54,271.54,271.4,271.4,271.46,7.56271804,4
1790724900,271.4,271.4,271.4,271.4,0.00,0.0,0
1790725200,271.79,271.79,271.79,271.79,271.79,0.01,1
1790725500,271.79,271.79,271.79,271.79,0.00,0.0,0
1790725800,271.79,271.79,271.79,271.79,0.00,0.0,0
1790726100,271.47,271.51,271.47,271.51,271.48,0.07053999,2
1790726400,271.51,271.51,271.51,271.51,0.00,0.0,0
1790726700,271.51,271.51,271.51,271.51,0.00,0.0,0
1790727000,271.51,271.51,271.51,271.51,0.00,0.0,0
1790727300,271.51,271.51,271.51,271.51,0.00,0.0,0
1790727600,271.51,271.51,271.51,271.51,0.00,0.0,0
1790727900,271.24,271.26,271.24,271.26,271.25,0.19512195,2
1790728200,271.26,271.26,271.26,271.26,0.00,0.0,0
1790728500,271.26,271.26,271.26,271.26,0.00,0.0,0
1790728800,271.26,271.26,271.26,271.26,0.00,0.0,0
1790729100,271.26,271.26,271.26,271.26,0.00,0.0,0
1790729400,271.26,271.26,271.26,271.26,0.00,0.0,0
1790729700,271.26,271.26,271.26,271.26,0.00,0.0,0
1790730000,271.26,271.26,271.26,271.26,0.00,0.0,0
1790730300,271.26,271.26,271.26,271.26,0.00,0.0,0
1790730600,271.26,271.26,271.26,271.26,0.00,0.0,0
1790730900,271.26,271.26,271.26,271.26,0.00,0.0,0
1790731200,271.26,271.26,271.26,271.26,0.00,0.0,0
1790731500,271.26,271.26,271.26,271.26,0.00,0.0,0
1790731800,271.51,271.88,271.4,271.4,271.59,4.533296,5
1790732100,271.24,271.24,271.24,271.24,271.24,1.56870102,1
1790732400,271.38,271.46,271.3,271.46,271.38,0.04,4
1790732700,271.65,271.74,271.55,271.74,271.64,0.05,5
1790733000,271.87,271.87,271.87,271.87,271.87,0.01,1
1790733300,271.87,271.87,271.87,271.87,0.00,0.0,0
1790733600,271.68,271.68,271.41,271.57,271.42,0.2871,3
1790733900,271.84,271.84,271.84,271.84,271.84,0.04,4
1790734200,271.84,271.84,271.84,271.84,0.00,0.0,0
1790734500,271.84,271.84,271.84,271.84,0.00,0.0,0
1790734800,271.27,271.27,271.27,271.27,271.27,1.5477871,1
1790735100,270.54,270.54,270.35,270.35,270.47,5.62342312,4
1790735400,270.3,270.3,270.3,270.3,270.30,4.8,3
1790735700,270.3,270.3,270.3,270.3,0.00,0.0,0
1790736000,270.83,270.83,270.83,270.83,270.83,1.62436774,1
1790736300,270.83,270.83,270.83,270.83,0.00,0.0,0
1790736600,271.22,271.22,271.22,271.22,271.22,2.5784,3
1790736900,271.22,271.22,271.22,271.22,0.00,0.0,0
1790737200,271.22,271.22,271.22,271.22,0.00,0.0,0
1790737500,270.51,270.51,270.37,270.38,270.44,8.71169567,4
1790737800,270.33,270.41,270.23,270.41,270.34,11.5505503,10
1790738100,269.55,269.6,269.55,269.6,269.58,9.4096502,5
1790738400,269.72,269.72,269.72,269.72,269.72,0.0102,1
1790738700,269.72,269.72,269.72,269.72,0.00,0.0,0
1790739000,269.72,269.72,269.72,269.72,0.00,0.0,0
1790739300,269.9,269.9,269.9,269.9,269.90,1.59430445,1
1790739600,269.9,269.9,269.9,269.9,0.00,0.0,0
1790739900,269.9,269.9,269.9,269.9,0.00,0.0,0
1790740200,269.9,269.9,269.9,269.9,0.00,0.0,0
1790740500,269.9,269.9,269.9,269.9,0.00,0.0,0
1790740800,269.9,269.9,269.9,269.9,0.00,0.0,0
1790741100,269.9,269.9,269.9,269.9,0.00,0.0,0
1790741400,269.9,269.9,269.9,269.9,0.00,0.0,0
1790741700,270.71,270.71,270.71,270.71,270.71,1.7171749,1
1790742000,270.25,270.25,270.25,270.25,270.25,7.29416095,1
1790742300,270.46,270.47,270.46,270.47,270.46,2.66001262,2
1790742600,270.47,270.47,270.47,270.47,0.00,0.0,0
1790742900,270.34,270.53,270.34,270.53,270.47,9.40133759,5
1790743200,270.53,270.53,270.53,270.53,0.00,0.0,0
1790743500,270.53,270.53,270.53,270.53,0.00,0.0,0
1790743800,270.53,270.53,270.53,270.53,0.00,0.0,0
1790744100,270.53,270.53,270.53,270.53,0.00,0.0,0
1790744400,270.53,270.53,270.53,270.53,0.00,0.0,0
1790744700,270.53,270.53,270.53,270.53,0.00,0.0,0
1790745000,270.77,270.77,270.69,270.69,270.72,9.84557872,5
1790745300,270.39,270.54,270.38,270.54,270.51,1.9639714,3
1790745600,270.54,270.54,270.54,270.54,0.00,0.0,0
1790745900,270.77,270.84,270.77,270.84,270.80,3.13478338,6
1790746200,271.64,271.64,271.64,271.64,271.64,1.53611711,1
1790746500,271.63,271.69,271.57,271.57,271.62,4.78339259,9
1790746800,271.72,271.73,271.72,271.73,271.72,0.51396828,2
1790747100,271.73,271.73,271.73,271.73,0.00,0.0,0
1790747400,272.07,272.1,271.76,271.76,272.07,0.24933155,3
1790747700,271.62,271.62,271.62,271.62,271.62,1.49543111,1
1790748000,271.72,271.72,271.21,271.21,271.51,3.18579028,3
1790748300,271.28,271.28,270.41,270.56,270.61,51.66924587,17
1790748600,270.3,270.31,270.0,270.0,270.21,6.85805311,7
1790748900,269.4,269.4,269.22,269.22,269.35,7.63938842,4
1790749200,269.22,269.22,269.22,269.22,0.00,0.0,0
1790749500,268.6,268.6,268.6,268.6,268.60,1.6,1
1790749800,268.95,268.95,268.95,268.95,268.95,0.02363609,1
1790750100,268.95,268.95,268.95,268.95,0.00,0.0,0
1790750400,269.52,269.52,269.52,269.52,269.52,0.0102,1
1790750700,269.29,269.29,269.29,269.29,269.29,2.34511594,1
1790751000,269.29,269.29,269.29,269.29,0.00,0.0,0
1790751300,269.79,269.8,269.79,269.8,269.79,0.15412142,2
1790751600,269.8,269.8,269.8,269.8,0.00,0.0,0
1790751900,269.8,269.8,269.8,269.8,0.00,0.0,0
1790752200,269.8,269.8,269.8,269.8,0.00,0.0,0
1790752500,269.8,269.8,269.8,269.8,0.00,0.0,0
1790752800,269.8,269.8,269.8,269.8,0.00,0.0,0
1790753100,271.23,271.23,271.0,271.0,271.04,3.97663041,4
1790753400,271.0,271.0,271.0,271.0,0.00,0.0,0
1790753700,271.0,271.0,271.0,271.0,0.00,0.0,0
1790754000,271.48,271.48,271.41,271.41,271.41,1.401769,2
1790754300,271.41,271.41,271.41,271.41,0.00,0.0,0
1790754600,272.08,272.08,271.75,271.75,271.98,0.50329649,3
1790754900,271.38,271.4,271.38,271.4,271.39,0.663562,2
1790755200,271.31,271.31,270.99,271.0,271.28,1.07708159,3
1790755500,271.0,271.0,271.0,271.0,0.00,0.0,0
1790755800,271.0,271.0,271.0,271.0,0.00,0.0,0
1790756100,270.91,271.01,270.83,270.83,270.88,0.79986657,3
1790756400,270.61,271.22,270.57,270.57,270.87,18.04115627,13
1790756700,270.69,270.69,270.69,270.69,270.69,0.717535,1
1790757000,270.22,270.78,269.9,270.59,270.32,4.686191,7
1790757300,270.41,270.48,270.41,270.48,270.41,0.341781,2
1790757600,271.13,271.13,271.13,271.13,271.13,0.01,1
1790757900,271.13,271.13,271.13,271.13,0.00,0.0,0
1790758200,271.87,271.87,271.87,271.87,271.87,0.190265,1
1790758500,271.48,271.48,271.47,271.47,271.47,0.02908178,2
1790758800,271.82,271.82,271.82,271.82,271.82,0.01454089,1
1790759100,272.14,272.14,272.14,272.14,272.14,0.687423,1
1790759400,272.2,272.2,272.2,272.2,272.20,1.6,1
1790759700,272.2,272.24,272.2,272.24,272.20,3.320056,2
1790760000,272.18,272.18,272.18,272.18,272.18,2.58301404,1
1790760300,272.99,272.99,272.4,272.4,272.59,0.8502727,3
1790760600,272.71,273.9,272.39,273.65,273.56,7.88487062,7
1790760900,273.31,273.31,272.9,272.91,273.14,1.485557,9
1790761200,272.6,272.6,272.51,272.52,272.56,0.70519704,6
1790761500,272.69,273.19,272.69,273.19,273.17,8.87223772,3
1790761800,273.08,273.08,272.78,272.78,272.97,0.451123,2
1790762100,272.83,272.83,272.77,272.77,272.78,0.576061,6
1790762400,272.65,273.07,272.65,273.01,272.93,1.95904373,11
1790762700,273.33,273.36,273.33,273.34,273.35,8.09681391,8
1790554800,292.2,292.77,292.2,292.77,292.76,5.9557533,3
1790555100,293.16,293.19,292.23,292.23,293.11,0.46819296,4
1790555400,291.99,291.99,289.58,289.58,290.58,16.59768047,12
1790555700,289.58,289.58,289.58,289.58,0.00,0.0,0
1790556000,288.9,289.16,288.9,289.16,288.94,2.85996276,7
1790556300,289.26,290.8,289.26,290.67,290.61,0.40900712,5
1790556600,290.67,290.67,290.67,290.67,0.00,0.0,0
1790556900,290.67,290.67,290.67,290.67,0.00,0.0,0
1790557200,288.5,288.8,288.5,288.8,288.50,10.57861351,5
1790557500,288.54,289.17,288.53,289.17,288.53,4.81141628,4
1790557800,288.0,288.0,288.0,288.0,288.00,24.90702152,3
1790558100,288.31,288.35,286.31,287.63,287.15,202.78842569,42
1790558400,287.89,289.0,287.89,288.48,288.82,9.85174441,11
1790558700,288.73,288.73,288.73,288.73,288.73,0.0102,1
1790559000,289.22,289.22,289.22,289.22,289.22,0.0102,1
1790559300,287.49,287.96,287.49,287.96,287.94,0.4102,3
1790559600,287.98,287.98,287.98,287.98,287.98,0.0102,1
1790559900,287.54,287.54,285.8,285.8,286.47,23.87650678,9
1790560200,285.42,286.79,285.2,286.68,285.38,11.27757963,11
1790560500,286.79,286.79,286.79,286.79,286.79,0.0102,1
1790560800,285.64,285.73,284.79,285.59,285.20,25.50186515,22
1790561100,286.02,286.71,285.59,286.71,286.08,0.68564752,5
1790561400,287.55,287.59,287.55,287.59,287.58,4.60892856,3
1790561700,287.59,287.59,287.59,287.59,0.00,0.0,0
1790562000,287.01,287.01,286.55,286.95,286.84,6.44625225,4
1790562300,286.97,286.97,286.33,286.46,286.43,23.95572958,11
1790562600,286.46,286.46,286.46,286.46,0.00,0.0,0
1790562900,285.92,285.92,285.19,285.19,285.19,5.91885719,4
1790563200,285.3,285.3,285.16,285.16,285.23,0.02,2
1790563500,285.4,285.4,275.8,276.11,280.37,255.28747022,260
1790563800,275.88,277.24,274.05,275.47,276.55,445.42560427,117
1790564100,276.17,276.56,275.77,276.08,276.33,35.87882431,17
1790564400,276.4,277.54,276.03,277.2,276.81,90.29158789,19
1790564700,277.43,277.43,276.87,276.87,277.21,3.64395729,5
1790565000,277.15,277.31,276.47,276.47,277.25,12.17674917,5
1790565300,276.12,276.52,276.12,276.51,276.50,2.97288085,5
1790565600,275.64,276.15,275.52,276.15,276.08,0.91115995,5
1790565900,275.57,275.76,274.97,274.97,275.48,45.50086914,9
1790566200,275.04,275.04,275.04,275.04,275.04,0.0102,1
1790566500,275.54,276.81,275.54,276.81,276.21,0.0306,3
1790566800,276.94,277.41,276.94,277.41,277.40,5.89885719,3
1790567100,278.07,278.08,278.07,278.08,278.07,1.79810548,2
1790567400,277.63,277.63,277.63,277.63,277.63,1.08084738,1
1790567700,277.64,277.64,277.6,277.6,277.60,14.6814523,6
1790568000,277.4,277.4,277.4,277.4,277.40,1.5,1
1790568300,276.54,276.6,276.54,276.6,276.57,0.0204,2
1790568600,276.6,276.6,276.6,276.6,0.00,0.0,0
1790568900,277.37,277.37,277.37,277.37,277.37,0.0102,1
1790569200,278.45,278.45,277.97,277.97,278.01,6.46488249,3
1790569500,278.19,278.19,278.03,278.03,278.03,1.54689179,2
1790569800,278.03,278.03,278.03,278.03,0.00,0.0,0
1790570100,278.26,278.26,277.99,277.99,278.08,2.59130909,2
1790570400,277.99,277.99,277.99,277.99,0.00,0.0,0
1790570700,277.99,277.99,277.99,277.99,0.00,0.0,0
1790571000,278.32,278.32,278.32,278.32,278.32,0.31,1
1790571300,278.32,278.32,278.32,278.32,0.00,0.0,0
1790571600,278.32,278.32,278.32,278.32,0.00,0.0,0
1790571900,277.75,278.34,277.75,278.32,278.11,232.85867446,99
1790572200,276.72,277.58,276.72,277.58,277.01,0.589325,2
1790572500,277.58,277.58,277.58,277.58,0.00,0.0,0
1790572800,276.81,276.81,276.8,276.8,276.80,10.02074527,2
1790573100,276.53,276.54,276.49,276.54,276.50,0.21324296,5
1790573400,275.7,275.74,275.57,275.73,275.66,16.96408923,7
1790573700,275.81,276.47,275.0,275.0,275.89,35.309823,13
1790574000,275.68,276.76,267.92,271.67,272.42,169.62191992,143
1790574300,272.25,272.67,269.52,270.29,270.56,84.83460759,60
1790574600,270.29,271.31,270.29,271.31,270.51,7.44636618,12
1790574900,271.63,272.37,271.63,272.27,271.90,2.80315462,7
1790575200,272.07,272.55,271.92,271.92,272.27,6.67003535,8
1790575500,272.4,273.14,272.4,272.69,272.95,8.68094333,12
1790575800,272.8,272.81,272.8,272.81,272.80,0.05131895,2
1790576100,272.81,272.81,272.81,272.81,0.00,0.0,0
1790576400,271.66,271.66,271.16,271.46,271.18,4.96143311,6
1790576700,270.85,270.85,270.84,270.84,270.84,3.0,2
1790577000,271.09,271.26,271.09,271.26,271.09,0.8538,2
1790577300,271.53,271.53,270.71,270.71,270.73,0.40690995,2
1790577600,270.95,271.43,270.4,271.43,271.36,54.03296195,14
1790577900,271.14,271.14,270.42,270.8,270.77,47.03551424,19
1790578200,270.88,270.95,270.88,270.95,270.91,0.73819632,2
1790578500,270.98,271.06,270.88,270.88,271.00,7.08378367,5
1790578800,271.03,272.21,271.03,272.03,271.54,10.8601333,11
1790579100,272.03,272.03,272.03,272.03,0.00,0.0,0
1790579400,271.0,271.0,270.45,270.49,270.58,5.98609691,7
1790579700,270.3,270.44,269.94,270.44,269.96,10.8334079,6
1790580000,269.89,269.89,269.89,269.89,269.89,0.12914355,1
1790580300,270.1,270.1,269.28,269.64,269.57,2.85782178,4
1790580600,270.36,270.36,270.25,270.25,270.32,0.07431861,2
1790580900,270.29,270.29,270.29,270.29,270.29,0.0102,1
1790581200,270.02,270.02,269.91,269.91,269.91,4.09483842,3
1790581500,270.51,270.86,270.14,270.14,270.51,36.99333041,9
1790581800,270.14,270.14,270.14,270.14,0.00,0.0,0
1790582100,270.13,270.13,270.13,270.13,270.13,0.102482,1
1790582400,270.13,270.13,270.13,270.13,0.00,0.0,0
1790582700,270.55,270.64,270.55,270.64,270.63,6.61710096,2
1790583000,271.1,271.1,271.1,271.1,271.10,0.133294,1
1790583300,270.83,270.83,270.83,270.83,270.83,2.05291262,1
1790583600,270.06,270.06,270.0,270.0,270.00,1.4978991,3
1790583900,269.94,270.17,269.86,270.17,270.06,3.060079,16
1790584200,270.17,270.47,270.17,270.47,270.44,7.55245348,10
1790584500,270.04,270.15,270.04,270.15,270.14,6.93375848,2
1790584800,269.54,269.54,269.22,269.22,269.38,13.08635496,2
1790585100,268.7,268.7,268.7,268.7,268.70,0.03759878,1
1790585400,268.63,269.25,268.63,269.25,268.64,8.97121324,8
1790585700,269.25,269.83,269.25,269.58,269.58,208.08598805,55
1790586000,269.88,270.03,269.3,269.94,269.69,50.04769696,9
1790586300,270.59,270.9,270.55,270.9,270.57,5.88133713,7
1790586600,270.69,270.84,270.63,270.84,270.71,0.06309174,3
1790586900,272.35,272.35,272.35,272.35,272.35,0.0102,1
1790587200,272.33,272.33,271.72,271.72,271.79,2.98710115,5
1790587500,271.53,271.53,271.53,271.53,271.53,0.0102,1
1790587800,271.25,271.25,271.25,271.25,271.25,0.31,1
1790588100,270.81,270.81,270.26,270.51,270.33,11.91436887,4
1790588400,269.58,269.58,269.58,269.58,269.58,2.05291262,1
1790588700,269.58,269.58,269.58,269.58,0.00,0.0,0
1790589000,269.31,269.63,269.31,269.63,269.44,35.5364689,11
1790589300,269.63,269.63,269.63,269.63,0.00,0.0,0
1790589600,269.83,271.3,269.83,271.3,270.98,9.52339538,6
1790589900,271.11,271.11,271.11,271.11,271.11,0.0102,1
1790590200,270.83,270.83,270.83,270.83,270.83,0.08598384,1
1790590500,270.83,270.83,270.83,270.83,0.00,0.0,0
1790590800,270.76,270.82,270.76,270.82,270.81,0.20006806,2
1790591100,270.66,270.66,270.66,270.66,270.66,1.5153,2
1790591400,271.8,271.8,271.8,271.8,271.80,2.23300221,2
1790591700,271.89,272.19,271.89,272.19,271.97,12.74333467,12
1790592000,272.67,272.67,272.67,272.67,272.67,0.046831,1
1790592300,272.13,272.13,271.87,271.87,272.09,0.14889114,2
1790592600,271.87,271.87,271.87,271.87,0.00,0.0,0
1790592900,271.75,271.75,271.75,271.75,271.75,2.17002205,1
1790593200,272.53,272.74,272.47,272.47,272.51,3.23379566,3
1790593500,272.58,272.58,272.58,272.58,272.58,0.11005943,1
1790593800,272.58,272.58,272.58,272.58,0.00,0.0,0
1790594100,273.03,273.51,272.76,272.76,273.21,1.242346,5
1790594400,272.43,272.43,272.43,272.43,272.43,2.11137329,1
1790594700,272.68,272.68,272.68,272.68,272.68,0.08396972,1
1790595000,272.68,272.68,272.68,272.68,0.00,0.0,0
1790595300,272.82,272.82,272.82,272.82,272.82,0.18393249,1
1790595600,272.99,272.99,272.99,272.99,272.99,1.006054,1
1790595900,272.98,272.98,272.42,272.63,272.77,2.97946418,6
1790596200,272.79,272.79,272.79,272.79,272.79,1.717174,1
1790596500,272.53,272.53,272.53,272.53,272.53,6.54317748,1
1790596800,273.34,273.34,273.34,273.34,273.34,0.0102,1
1790597100,274.02,275.8,274.02,275.8,274.89,1.37679558,10
1790597400,275.78,275.78,274.81,274.81,275.35,0.0306,3
1790597700,275.83,275.83,275.83,275.83,275.83,0.0102,1
1790598000,276.05,276.05,275.0,275.0,275.45,14.78369218,14
1790598300,274.95,275.46,274.62,275.46,274.88,9.9365681,5
1790598600,276.09,276.09,275.75,275.75,275.90,5.09901169,5
1790598900,275.8,275.86,275.8,275.86,275.84,10.64900272,3
1790599200,275.8,275.8,274.85,275.51,275.28,91.6446835,22
1790599500,276.5,276.79,275.81,276.64,276.36,35.13814887,25
1790599800,276.79,276.82,276.37,276.82,276.58,45.75770487,29
1790600100,277.1,277.83,276.44,276.57,277.38,44.1052686,36
1790600400,276.35,276.35,275.43,275.43,276.15,11.22508951,40
1790600700,275.42,275.82,275.36,275.42,275.42,12.34682243,23
1790601000,275.25,275.41,275.24,275.38,275.35,10.18426335,8
1790601300,275.3,275.3,275.25,275.25,275.29,1.84260391,2
1790601600,274.84,274.84,274.84,274.84,274.84,8.274,2
1790601900,275.46,275.46,275.22,275.35,275.35,8.40189121,9
1790602200,275.95,275.95,274.4,275.2,274.90,21.88929045,15
1790602500,275.21,276.06,274.3,276.06,275.09,17.1208226,22
1790602800,275.92,275.92,275.37,275.46,275.47,21.25742717,6
1790603100,275.93,276.2,275.39,275.39,275.93,10.75987448,11
1790603400,275.22,275.78,274.73,275.78,275.41,16.59458364,14
1790603700,276.06,276.79,275.49,276.35,276.19,8.66087943,14
1790604000,276.07,276.07,274.76,274.76,275.20,7.76186105,15
1790604300,274.6,275.64,274.55,275.44,275.28,7.34482644,14
1790604600,275.1,275.35,274.75,274.75,274.97,10.37351623,9
1790604900,274.47,274.47,273.67,273.77,274.12,9.24304547,8
1790605200,273.77,275.02,273.77,274.5,274.66,4.718562,21
1790605500,274.58,274.6,272.24,272.24,273.33,41.52781246,18
1790605800,272.74,273.72,272.46,273.72,272.65,18.20476267,20
1790606100,273.47,274.08,273.34,273.72,273.72,11.87863282,17
1790606400,273.7,273.82,271.77,271.89,272.28,35.50772732,21
1790606700,272.06,272.67,271.14,272.07,271.59,119.05663992,28
1790607000,272.12,272.41,270.46,272.07,270.94,82.64267926,28
1790607300,271.86,272.48,271.72,271.72,272.27,0.89303683,5
1790607600,271.72,272.43,271.72,272.33,272.15,1.88699641,13
1790607900,271.89,272.56,271.54,272.56,271.92,2.75555412,17
1790608200,272.38,272.38,271.15,271.58,271.62,1.769469,17
1790608500,271.49,271.49,269.88,270.5,270.25,34.25245698,17
1790608800,270.49,271.12,270.36,271.02,270.60,8.42491437,10
1790609100,271.22,272.13,270.72,272.13,270.81,5.77103852,7
1790609400,271.69,271.69,271.04,271.58,271.47,0.54206966,8
1790609700,271.49,272.98,271.41,272.82,272.22,1.42926887,15
1790610000,273.33,273.33,272.27,272.27,273.14,0.127132,4
1790610300,272.27,272.27,272.27,272.27,0.00,0.0,0
1790610600,272.65,272.65,272.34,272.59,272.59,7.98122611,6
1790610900,272.63,272.63,272.63,272.63,272.63,0.0102,1
1790611200,272.3,272.3,271.57,271.57,271.99,0.0306,3
1790611500,271.57,271.57,271.57,271.57,0.00,0.0,0
1790611800,272.35,272.35,272.26,272.26,272.29,8.39378497,3
1790612100,272.82,274.46,272.72,273.45,273.14,11.94338118,22
1790612400,274.44,274.59,274.2,274.59,274.49,11.64552056,12
1790612700,274.23,275.69,274.23,275.69,274.85,1.66313435,9
1790613000,275.08,275.08,274.39,274.39,274.98,0.81564658,5
1790613300,274.49,274.49,274.3,274.3,274.40,3.82325725,4
1790613600,273.62,273.62,272.91,272.91,273.34,12.03442906,6
1790613900,272.99,273.22,272.73,272.73,272.93,5.6464329,5
1790614200,272.48,272.98,272.48,272.98,272.54,7.50948748,2
1790614500,273.18,273.18,272.49,272.49,272.92,4.76366371,3
1790614800,271.69,272.37,271.69,272.14,272.24,10.52907274,12
1790615100,271.67,271.67,271.28,271.28,271.44,1.027802,3
1790615400,270.81,273.81,270.81,273.81,271.49,29.06078649,22
1790615700,274.21,274.82,272.86,272.86,273.78,11.87854554,11
1790616000,272.88,272.88,272.88,272.88,272.88,1.717174,1
1790616300,272.88,272.88,272.88,272.88,0.00,0.0,0
1790616600,273.43,273.43,272.92,272.92,273.40,0.407896,4
1790616900,272.9,272.92,272.83,272.87,272.86,13.62503194,5
1790617200,272.87,272.87,272.87,272.87,0.00,0.0,0
1790617500,273.41,273.41,272.98,272.98,273.15,1.83317777,5
1790617800,272.98,272.98,272.98,272.98,0.00,0.0,0
1790618100,272.98,272.98,272.98,272.98,0.00,0.0,0
1790618400,273.37,273.37,273.37,273.37,273.37,0.0102,1
1790618700,273.6,273.6,273.35,273.35,273.54,3.43945187,2
1790619000,273.35,273.35,273.35,273.35,0.00,0.0,0
1790619300,273.96,273.96,273.96,273.96,273.96,0.01,1
1790619600,273.39,273.52,273.35,273.35,273.41,6.45203642,4
1790619900,273.72,273.85,273.54,273.58,273.62,1.14450277,5
1790620200,273.57,273.57,272.66,273.14,273.38,8.887105,9
1790620500,273.12,273.12,273.12,273.12,273.12,1.42205165,2
1790620800,272.64,272.69,272.36,272.36,272.62,11.85720108,13
1790621100,272.54,272.63,272.41,272.63,272.52,4.10055265,4
1790621400,272.58,272.58,272.58,272.58,272.58,9.04638872,1
1790621700,273.25,273.4,273.25,273.4,273.39,12.23973443,6
1790622000,273.28,273.28,273.28,273.28,273.28,4.38257482,2
1790622300,271.62,271.62,271.43,271.43,271.55,2.68940063,2
1790622600,271.11,271.58,271.02,271.58,271.43,9.18447736,3
1790622900,271.9,272.19,271.9,272.19,271.90,0.9879686,2
1790623200,271.69,271.81,271.69,271.81,271.75,20.0,7
1790623500,271.81,271.81,271.81,271.81,0.00,0.0,0
1790623800,271.19,271.19,270.22,270.22,270.72,28.62513591,9
1790624100,269.35,269.35,269.23,269.23,269.32,0.39280173,2
1790624400,269.28,269.28,269.28,269.28,269.28,0.0102,1
1790624700,269.28,269.28,269.28,269.28,0.00,0.0,0
1790625000,270.05,270.33,270.05,270.33,270.25,0.039,2
1790625300,269.73,269.91,269.73,269.91,269.89,0.45537702,2
1790625600,269.62,270.42,269.62,270.42,270.02,0.0204,2
1790625900,271.07,271.68,271.07,271.68,271.64,1.95972872,3
1790626200,271.39,271.39,270.98,270.98,271.26,0.97112334,3
1790626500,270.98,270.98,270.98,270.98,0.00,0.0,0
1790626800,270.98,270.98,270.98,270.98,0.00,0.0,0
1790627100,271.5,271.5,271.46,271.46,271.49,7.36845796,5
1790627400,271.57,271.57,271.57,271.57,271.57,0.143357,1
1790627700,271.68,271.68,271.34,271.47,271.59,0.66948464,5
1790628000,271.48,271.48,271.18,271.18,271.44,0.090204,3
1790628300,271.18,271.18,271.18,271.18,0.00,0.0,0
1790628600,271.18,271.18,271.18,271.18,0.00,0.0,0
1790628900,271.18,271.18,271.18,271.18,0.00,0.0,0
1790629200,271.02,271.02,271.02,271.02,271.02,0.186483,1
1790629500,272.0,272.17,271.55,271.82,271.94,6.46933571,4
1790629800,271.78,271.78,271.78,271.78,271.78,0.05156137,1
1790630100,271.78,271.78,271.78,271.78,0.00,0.0,0
1790630400,270.89,270.89,270.89,270.89,270.89,0.03328054,1
1790630700,270.79,270.79,270.79,270.79,270.79,0.548205,1
1790631000,270.79,270.79,270.79,270.79,0.00,0.0,0
1790631300,270.79,270.79,270.79,270.79,0.00,0.0,0
1790631600,270.79,270.79,270.79,270.79,0.00,0.0,0
1790631900,270.0,270.0,269.93,269.93,269.93,3.95912685,3
1790632200,269.93,269.93,269.93,269.93,0.00,0.0,0
1790632500,269.93,269.93,269.93,269.93,0.00,0.0,0
1790632800,270.07,270.25,270.07,270.25,270.07,0.33590444,3
1790633100,269.75,270.26,269.68,270.26,269.84,0.59734498,4
1790633400,269.77,269.77,269.77,269.77,269.77,0.01,1
1790633700,270.11,270.11,270.06,270.06,270.08,7.20232166,5
1790634000,270.32,270.32,270.19,270.19,270.30,0.755405,2
1790634300,270.6,270.71,270.6,270.71,270.68,7.45858326,7
1790634600,270.97,270.99,270.78,270.78,270.81,0.7958973,5
1790634900,272.46,272.46,272.46,272.46,272.46,1.378882,1
1790635200,272.27,272.27,272.27,272.27,272.27,1.32802317,2
1790635500,272.47,272.58,272.33,272.58,272.51,0.19503702,5
1790635800,272.51,272.54,272.43,272.43,272.48,0.19433189,6
1790636100,272.41,272.6,272.41,272.6,272.55,0.06406778,3
1790636400,273.02,273.03,273.02,273.03,273.02,0.19467878,2
1790636700,273.36,273.36,273.04,273.04,273.20,0.0204,2
1790637000,273.14,273.14,272.94,272.94,273.13,0.505493,2
1790637300,272.94,272.94,272.94,272.94,0.00,0.0,0
1790637600,272.7,272.88,272.7,272.88,272.85,0.08518873,3
1790637900,273.08,273.09,272.94,272.95,272.94,1.82892231,5
1790638200,273.24,273.24,272.49,272.49,273.23,6.55317748,2
1790638500,272.49,272.49,272.49,272.49,0.00,0.0,0
1790638800,272.67,272.67,272.67,272.67,272.67,0.01,1
1790639100,272.62,272.74,272.62,272.65,272.72,1.62541939,4
1790639400,273.26,273.26,273.11,273.11,273.11,2.15024263,3
1790639700,273.11,273.11,273.11,273.11,0.00,0.0,0
1790640000,272.62,273.08,272.55,273.08,272.59,6.84928947,8
1790640300,273.08,273.08,273.08,273.08,0.00,0.0,0
1790640600,272.95,273.13,272.95,273.13,273.12,0.83598728,3
1790640900,272.17,272.43,272.17,272.39,272.28,3.63975513,5
1790641200,272.18,272.18,272.17,272.17,272.17,0.86498036,2
1790641500,272.07,272.87,272.07,272.87,272.66,6.53954897,7
1790641800,272.81,272.81,272.77,272.77,272.77,9.37479768,5
1790642100,272.77,272.77,272.77,272.77,0.00,0.0,0
1790642400,272.77,272.77,272.77,272.77,0.00,0.0,0
1790642700,272.77,272.77,272.77,272.77,0.00,0.0,0
1790643000,271.37,271.37,271.26,271.26,271.33,1.177053,2
1790643300,271.71,271.71,271.7,271.7,271.70,0.072916,2
1790643600,271.02,271.89,271.01,271.89,271.38,1.70166141,7
1790643900,270.69,270.69,270.69,270.69,270.69,0.15130304,1
1790644200,270.69,270.69,270.69,270.69,0.00,0.0,0
1790644500,268.5,268.5,268.33,268.33,268.42,0.79421875,8
1790644800,268.55,269.9,268.55,269.9,268.55,6.82118403,5
1790645100,269.42,269.75,267.26,267.26,267.96,4.01303005,10
1790645400,267.94,268.04,266.47,268.01,266.61,94.29166308,29
1790645700,268.03,268.04,266.63,267.3,267.39,22.49548818,12
1790646000,267.18,267.75,266.36,267.72,267.18,228.38895364,52
1790646300,267.79,268.56,267.79,268.0,268.23,34.76130808,23
1790646600,267.3,269.04,267.3,268.48,268.11,19.81454904,16
1790646900,268.54,268.69,268.21,268.55,268.43,15.96891894,12
1790647200,268.49,268.64,267.95,268.53,268.18,9.68564508,14
1790647500,267.88,268.14,267.64,267.64,267.82,2.86038776,8
1790647800,267.71,268.14,267.71,268.05,268.04,2.07331262,3
1790648100,268.44,268.47,268.44,268.47,268.45,0.0956,3
1790648400,268.38,268.38,266.26,267.08,267.28,0.0408,4
1790648700,267.08,267.08,267.08,267.08,0.00,0.0,0
1790649000,267.24,267.24,266.73,266.73,267.02,3.37578269,3
1790649300,266.61,267.21,266.61,267.21,267.14,0.10296214,3
1790649600,267.23,267.23,267.23,267.23,267.23,6.54317748,1
1790649900,267.23,267.23,267.23,267.23,0.00,0.0,0
1790650200,267.23,267.23,267.23,267.23,0.00,0.0,0
1790650500,267.23,267.23,267.23,267.23,0.00,0.0,0
1790650800,267.11,267.66,266.85,266.85,267.32,6.52080484,8
1790651100,266.85,266.85,266.85,266.85,0.00,0.0,0
1790651400,266.85,266.85,266.85,266.85,0.00,0.0,0
1790651700,267.64,267.64,267.64,267.64,267.64,0.0102,1
1790652000,268.51,268.51,268.51,268.51,268.51,0.0102,1
1790652300,269.07,269.28,269.07,269.28,269.17,0.0204,2
1790652600,269.36,269.47,269.36,269.47,269.45,6.63877748,6
1790652900,269.76,269.76,269.51,269.51,269.54,0.209222,5
1790653200,269.63,269.63,269.21,269.21,269.53,0.04721597,2
1790653500,269.21,269.21,269.21,269.21,0.00,0.0,0
1790653800,269.21,269.21,269.21,269.21,0.00,0.0,0
1790654100,268.34,268.34,268.03,268.19,268.30,2.17916431,7
1790654400,268.18,268.18,268.18,268.18,268.18,0.14469045,1
1790654700,267.87,267.87,267.24,267.24,267.25,7.24576883,3
1790655000,268.36,268.36,268.21,268.21,268.23,0.05606356,2
1790655300,269.09,269.1,269.09,269.1,269.09,0.36822901,2
1790655600,269.1,269.1,269.1,269.1,0.00,0.0,0
1790655900,269.1,269.1,269.1,269.1,0.00,0.0,0
1790656200,269.1,269.1,269.1,269.1,0.00,0.0,0
1790656500,269.1,269.1,269.1,269.1,0.00,0.0,0
1790656800,269.4,269.41,269.4,269.41,269.40,0.125,2
1790657100,268.57,268.59,268.57,268.59,268.58,6.58587748,2
1790657400,268.59,268.59,268.59,268.59,0.00,0.0,0
1790657700,268.59,268.59,268.59,268.59,0.00,0.0,0
1790658000,269.3,269.3,269.3,269.3,269.30,0.0102,1
1790658300,269.61,269.61,269.0,269.12,269.11,8.76607608,9
1790658600,269.12,269.12,269.12,269.12,0.00,0.0,0
1790658900,269.12,269.12,269.12,269.12,0.00,0.0,0
1790659200,269.12,269.12,269.12,269.12,0.00,0.0,0
1790659500,269.12,269.12,269.12,269.12,0.00,0.0,0
1790659800,268.05,268.05,268.0,268.0,268.00,1.6102,2
1790660100,267.71,268.33,267.71,268.24,268.29,20.0102,10
1790660400,268.24,268.24,268.24,268.24,0.00,0.0,0
1790660700,268.24,268.24,268.24,268.24,0.00,0.0,0
1790661000,268.24,268.24,268.24,268.24,0.00,0.0,0
1790661300,268.24,268.24,268.24,268.24,0.00,0.0,0
1790661600,270.54,270.54,270.49,270.49,270.53,155.45775506,17
1790661900,270.45,271.33,270.43,271.33,270.83,3.32756455,6
1790662200,271.33,271.33,271.33,271.33,0.00,0.0,0
1790662500,271.5,271.59,271.05,271.05,271.05,3.92657523,19
1790662800,271.17,272.83,271.02,272.07,272.05,98.3516883,24
1790663100,271.4,272.32,271.4,272.32,271.59,4.99382225,7
1790663400,272.63,272.63,272.21,272.21,272.37,6.65917748,6
1790663700,272.06,272.48,272.06,272.48,272.19,9.26133522,6
1790664000,272.67,273.49,272.67,273.12,273.13,1.69266923,18
1790664300,273.37,273.37,273.27,273.27,273.36,0.21206274,2
1790664600,273.7,273.7,273.7,273.7,273.70,0.20687615,1
1790664900,273.81,273.81,273.43,273.43,273.62,0.0204,2
1790665200,273.37,273.37,272.93,272.93,273.36,15.7104,6
1790665500,273.33,273.35,273.11,273.15,273.14,78.83578946,15
1790665800,273.11,273.5,273.11,273.5,273.13,9.81226573,6
1790666100,273.56,273.81,273.43,273.81,273.73,31.60976483,4
1790666400,274.4,274.61,273.87,273.87,274.59,4.45377032,6
1790666700,274.13,274.13,273.11,273.11,273.62,5.91186401,14
1790667000,273.5,273.5,273.5,273.5,273.50,0.140651,1
1790667300,273.34,273.7,273.34,273.7,273.46,0.124054,2
1790667600,274.16,274.41,274.06,274.06,274.29,22.27706443,14
1790667900,274.25,274.34,274.25,274.34,274.30,0.5146666,4
1790668200,274.43,274.43,274.23,274.23,274.40,0.15871083,2
1790668500,274.23,274.23,274.23,274.23,0.00,0.0,0
1790668800,274.13,274.13,274.13,274.13,274.13,0.02470577,1
1790669100,274.13,274.13,274.13,274.13,0.00,0.0,0
1790669400,273.81,274.54,273.79,274.54,274.44,2.28499555,4
1790669700,274.54,274.95,274.54,274.73,274.62,1.32539127,4
1790670000,275.8,275.81,275.06,275.06,275.50,0.11803882,9
1790670300,275.42,275.42,275.42,275.42,275.42,0.0102,1
1790670600,274.85,274.85,274.13,274.13,274.63,0.10291399,4
1790670900,273.23,273.76,273.23,273.76,273.23,1.82292188,2
1790671200,274.02,274.02,273.2,273.2,274.01,1.78609235,4
1790671500,273.75,273.77,273.68,273.68,273.70,0.15866349,3
1790671800,274.07,274.07,274.07,274.07,274.07,0.07501733,1
1790672100,274.07,274.07,274.07,274.07,0.00,0.0,0
1790672400,274.07,274.07,274.07,274.07,0.00,0.0,0
1790672700,273.53,273.86,273.45,273.86,273.56,12.58657541,10
1790673000,273.4,273.4,273.4,273.4,273.40,10.0,1
1790673300,273.89,273.89,273.89,273.89,273.89,0.0427,1
1790673600,273.82,273.82,273.82,273.82,273.82,0.01410805,1
1790673900,274.15,274.4,274.15,274.28,274.37,13.40053637,7
1790674200,275.05,275.05,275.03,275.03,275.04,0.0331,2
1790674500,274.98,275.57,274.97,275.52,275.07,37.41487867,26
1790674800,275.52,275.52,275.52,275.52,0.00,0.0,0
1790675100,276.02,276.05,276.02,276.02,276.02,0.53967219,3
1790675400,276.02,276.02,276.02,276.02,0.00,0.0,0
1790675700,275.81,275.81,275.51,275.51,275.70,13.22535083,8
1790676000,275.4,275.4,275.4,275.4,275.40,0.038314,1
1790676300,275.62,275.62,275.61,275.61,275.61,0.03662072,2
1790676600,276.24,276.24,276.24,276.24,276.24,0.6539,3
1790676900,276.24,276.24,276.24,276.24,0.00,0.0,0
1790677200,275.31,275.81,275.31,275.81,275.54,30.46102842,14
1790677500,275.81,275.81,275.81,275.81,0.00,0.0,0
1790677800,275.16,275.2,275.16,275.2,275.16,0.539642,2
1790678100,274.79,274.79,274.7,274.7,274.70,0.842005,4
1790678400,275.06,275.08,274.72,274.72,274.95,0.12972633,3
1790678700,274.72,274.72,274.72,274.72,0.00,0.0,0
1790679000,275.03,275.23,275.03,275.16,275.14,0.14041404,4
1790679300,275.02,275.18,274.93,274.93,275.16,1.1264331,5
1790679600,274.7,274.7,274.7,274.7,274.70,0.03677493,1
1790679900,274.7,274.7,274.7,274.7,0.00,0.0,0
1790680200,274.7,274.7,274.7,274.7,0.00,0.0,0
1790680500,274.7,274.7,274.7,274.7,0.00,0.0,0
1790680800,274.7,274.7,274.7,274.7,0.00,0.0,0
1790681100,274.7,274.7,274.7,274.7,0.00,0.0,0
1790681400,276.1,276.1,276.1,276.1,276.10,0.1,1
1790681700,276.13,276.13,275.7,275.7,275.70,2.0529,3
1790682000,275.7,275.7,275.7,275.7,0.00,0.0,0
1790682300,275.63,275.63,275.63,275.63,275.63,22.361,1
1790682600,276.32,276.32,275.57,276.14,276.08,8.35143051,7
1790682900,276.26,276.27,276.26,276.27,276.26,0.14526492,3
1790683200,276.27,276.27,276.27,276.27,0.00,0.0,0
1790683500,275.35,275.35,275.34,275.34,275.34,1.45707486,2
1790683800,275.34,275.34,275.34,275.34,0.00,0.0,0
1790684100,275.91,275.91,275.91,275.91,275.91,0.0102,1
1790684400,275.04,275.18,275.04,275.16,275.16,0.798092,3
1790684700,275.16,275.16,275.16,275.16,0.00,0.0,0
1790685000,275.16,275.16,275.15,275.15,275.15,7.31146249,2
1790685300,276.34,276.35,276.34,276.35,276.34,0.9994945,2
1790685600,275.9,275.9,275.9,275.9,275.90,0.0102,1
1790685900,275.9,275.9,275.9,275.9,0.00,0.0,0
1790686200,275.9,275.9,275.9,275.9,0.00,0.0,0
1790686500,275.9,275.9,275.9,275.9,0.00,0.0,0
1790686800,275.9,275.9,275.9,275.9,0.00,0.0,0
1790687100,276.3,276.3,276.3,276.3,276.30,0.0427,1
1790687400,276.3,276.3,276.3,276.3,0.00,0.0,0
1790687700,276.3,276.3,276.3,276.3,0.00,0.0,0
1790688000,276.3,276.3,276.3,276.3,0.00,0.0,0
1790688300,276.3,276.3,276.3,276.3,0.00,0.0,0
1790688600,274.55,274.55,273.94,274.2,274.19,1.80687209,5
1790688900,274.23,274.3,274.23,274.3,274.23,6.86773648,2
1790689200,274.17,274.32,274.15,274.31,274.30,5.40954014,5
1790689500,274.3,274.3,274.14,274.14,274.14,0.7695,2
1790689800,274.29,274.74,274.22,274.73,274.55,0.28736294,6
1790690100,275.31,275.31,274.49,274.49,275.17,52.80000248,7
1790690400,273.78,273.78,273.5,273.77,273.68,8.28859175,10
1790690700,273.55,274.05,273.55,274.05,273.84,4.16013256,3
1790691000,273.75,273.75,273.75,273.75,273.75,1.11280112,1
1790691300,273.38,273.86,273.38,273.86,273.66,13.46492262,7
1790691600,274.09,274.09,274.09,274.09,274.09,0.0102,1
1790691900,274.35,275.12,274.35,275.12,274.42,7.31787303,3
1790692200,275.12,275.12,275.12,275.12,0.00,0.0,0
1790692500,275.12,275.12,275.12,275.12,0.00,0.0,0
1790692800,275.11,275.11,275.11,275.11,275.11,0.36347975,1
1790693100,275.11,275.11,275.11,275.11,0.00,0.0,0
1790693400,275.11,275.11,275.11,275.11,0.00,0.0,0
1790693700,274.8,274.93,274.8,274.93,274.89,7.54849309,3
1790694000,273.82,273.82,273.82,273.82,273.82,0.0102,1
1790694300,272.99,272.99,272.1,272.1,272.64,9.26322911,7
1790694600,273.18,273.18,273.18,273.18,273.18,0.0102,1
1790694900,272.86,272.86,271.71,271.71,271.84,4.88594218,9
1790695200,270.9,270.9,270.1,270.1,270.62,0.316045,2
1790695500,269.99,270.41,269.52,270.32,270.03,0.0718,7
1790695800,270.24,270.74,270.24,270.74,270.49,0.0204,2
1790696100,270.74,270.74,270.74,270.74,0.00,0.0,0
1790696400,270.74,270.74,270.74,270.74,0.00,0.0,0
1790696700,271.16,271.77,271.15,271.77,271.29,73.50140304,20
1790697000,271.51,271.51,271.51,271.51,271.51,0.0102,1
1790697300,271.51,271.51,271.51,271.51,0.00,0.0,0
1790697600,271.13,271.13,270.75,271.02,270.75,13.19616647,4
1790697900,271.15,271.15,270.99,270.99,271.05,27.14532109,7
1790698200,271.83,271.83,271.83,271.83,271.83,0.0427,1
1790698500,271.79,272.13,271.79,272.04,272.11,0.949086,5
1790698800,272.19,272.19,272.19,272.19,272.19,0.02939015,1
1790699100,272.19,272.19,272.19,272.19,0.00,0.0,0
1790699400,271.91,271.91,271.27,271.27,271.52,13.9490715,18
1790699700,271.83,272.02,271.83,272.02,271.96,26.30854231,13
1790700000,271.22,271.22,270.97,270.97,271.20,10.90199714,4
1790700300,270.3,271.1,270.0,270.0,270.34,12.18533984,10
1790700600,270.0,270.0,270.0,270.0,0.00,0.0,0
1790700900,270.17,270.83,270.17,270.83,270.17,0.825741,4
1790701200,271.11,271.11,270.3,270.91,270.69,5.05268457,10
1790701500,270.91,270.91,270.91,270.91,0.00,0.0,0
1790701800,271.16,271.16,271.16,271.16,271.16,0.05437277,1
1790702100,270.69,270.69,270.69,270.69,270.69,0.0427,1
1790702400,270.69,270.69,270.69,270.69,0.00,0.0,0
1790702700,270.69,270.69,270.69,270.69,0.00,0.0,0
1790703000,270.54,270.54,270.52,270.52,270.53,0.075115,2
1790703300,270.49,270.5,270.49,270.5,270.49,0.07911949,2
1790703600,270.9,270.9,268.47,269.08,269.47,227.41853086,107
1790703900,269.15,269.27,269.15,269.27,269.20,1.96936472,2
1790704200,268.19,268.38,268.1,268.38,268.14,0.24190849,4
1790704500,268.72,269.17,268.72,269.17,268.72,6.55337748,2
1790704800,269.61,270.01,269.6,269.6,269.66,0.718741,4
1790705100,270.4,270.41,269.83,269.83,270.38,3.46032415,3
1790705400,269.83,269.83,269.83,269.83,0.00,0.0,0
1790705700,270.67,270.67,270.36,270.36,270.42,1.33247305,4
1790706000,270.35,270.75,270.33,270.75,270.52,1.022648,9
1790706300,270.75,270.75,270.75,270.75,0.00,0.0,0
1790706600,270.69,270.93,270.69,270.93,270.79,0.20336121,5
1790706900,270.83,270.99,270.81,270.81,270.89,0.732229,5
1790707200,271.38,271.38,271.26,271.26,271.27,3.05001513,3
1790707500,271.18,271.18,271.07,271.08,271.10,0.24742952,4
1790707800,271.15,271.15,271.15,271.15,271.15,0.02,1
1790708100,270.97,270.97,270.97,270.97,270.97,0.0427,1
1790708400,270.97,270.97,270.97,270.97,0.00,0.0,0
1790708700,270.97,270.97,270.97,270.97,0.00,0.0,0
1790709000,271.59,271.59,271.59,271.59,271.59,0.072923,2
1790709300,271.59,271.59,271.59,271.59,0.00,0.0,0
1790709600,271.8,271.8,271.8,271.8,271.80,0.01795764,1
1790709900,272.1,272.1,271.79,271.79,271.81,1.31005152,4
1790710200,271.86,272.43,271.86,272.43,272.41,0.9026827,4
1790710500,272.2,272.2,272.2,272.2,272.20,0.0857544,1
1790710800,271.94,272.08,271.91,271.95,272.02,2.71531443,8
1790711100,271.13,271.13,271.13,271.13,271.13,0.644,1
1790711400,271.13,271.13,271.13,271.13,0.00,0.0,0
1790711700,271.13,271.13,271.13,271.13,0.00,0.0,0
1790712000,270.8,270.8,270.8,270.8,270.80,0.02111494,1
1790712300,270.63,270.63,270.63,270.63,270.63,0.341046,1
1790712600,271.32,271.32,271.3,271.3,271.30,0.39999999,4
1790712900,271.3,271.3,271.3,271.3,0.00,0.0,0
1790713200,271.3,271.3,271.3,271.3,0.00,0.0,0
1790713500,271.3,271.3,271.3,271.3,0.00,0.0,0
1790713800,272.09,272.18,272.09,272.17,272.17,0.38647072,3
1790714100,272.17,272.17,272.17,272.17,0.00,0.0,0
1790714400,272.62,272.62,272.62,272.62,272.62,12.15765461,3
1790714700,272.62,272.62,272.62,272.62,0.00,0.0,0
1790715000,271.95,272.11,271.93,271.99,272.02,0.94637754,10
1790715300,272.01,272.01,272.01,272.01,272.01,0.40514135,1
1790715600,271.76,272.07,271.76,271.86,271.86,3.63567238,7
1790715900,272.03,272.03,271.89,271.89,271.91,0.39336169,3
1790716200,271.89,271.89,271.89,271.89,0.00,0.0,0
1790716500,272.54,272.57,272.38,272.4,272.44,10.26263257,7
1790716800,271.82,272.1,271.77,271.77,271.91,0.89480723,6
1790717100,271.68,271.81,271.4,271.4,271.44,1.90878026,6
1790717400,271.4,271.4,271.4,271.4,0.00,0.0,0
1790717700,271.4,271.4,271.4,271.4,0.00,0.0,0
1790718000,272.42,272.45,272.42,272.45,272.42,0.31375727,4
1790718300,272.59,274.17,272.58,273.67,273.73,233.16839225,51
1790718600,273.01,273.96,273.01,273.35,273.55,71.35902965,18
1790718900,273.47,273.68,271.85,271.85,272.88,32.31910832,13
1790719200,271.91,272.78,271.87,272.78,271.90,9.65743972,6
1790719500,272.79,272.84,272.51,272.51,272.53,9.65377154,32
1790719800,272.87,272.87,272.87,272.87,272.87,1.70138029,1
1790720100,272.43,272.43,272.14,272.27,272.28,3.67112326,8
1790720400,272.27,272.27,272.27,272.27,0.00,0.0,0
1790720700,272.27,272.27,272.27,272.27,0.00,0.0,0
1790721000,272.2,272.21,272.1,272.21,272.19,1.65375301,3
1790721300,272.21,272.21,272.21,272.21,0.00,0.0,0
1790721600,272.21,272.21,272.21,272.21,0.00,0.0,0
1790721900,272.21,272.21,272.21,272.21,272.21,0.01,1
1790722200,272.21,272.21,272.21,272.21,0.00,0.0,0
1790722500,272.21,272.21,272.21,272.21,0.00,0.0,0
1790722800,272.21,272.21,272.21,272.21,0.00,0.0,0
1790723100,272.62,272.86,272.62,272.86,272.85,1.65235676,3
1790723400,273.09,273.09,273.09,273.09,273.09,0.06879647,1
1790723700,273.09,273.09,273.09,273.09,0.00,0.0,0
1790724000,273.09,273.09,273.09,273.09,0.00,0.0,0
1790724300,273.09,273.09,273.09,273.09,0.00,0.0,0
1790724600,271.54,271.54,271.4,271.4,271.46,7.56271804,4
1790724900,271.4,271.4,271.4,271.4,0.00,0.0,0
1790725200,271.79,271.79,271.79,271.79,271.79,0.01,1
1790725500,271.79,271.79,271.79,271.79,0.00,0.0,0
1790725800,271.79,271.79,271.79,271.79,0.00,0.0,0
1790726100,271.47,271.51,271.47,271.51,271.48,0.07053999,2
1790726400,271.51,271.51,271.51,271.51,0.00,0.0,0
1790726700,271.51,271.51,271.51,271.51,0.00,0.0,0
1790727000,271.51,271.51,271.51,271.51,0.00,0.0,0
1790727300,271.51,271.51,271.51,271.51,0.00,0.0,0
1790727600,271.51,271.51,271.51,271.51,0.00,0.0,0
1790727900,271.24,271.26,271.24,271.26,271.25,0.19512195,2
1790728200,271.26,271.26,271.26,271.26,0.00,0.0,0
1790728500,271.26,271.26,271.26,271.26,0.00,0.0,0
1790728800,271.26,271.26,271.26,271.26,0.00,0.0,0
1790729100,271.26,271.26,271.26,271.26,0.00,0.0,0
1790729400,271.26,271.26,271.26,271.26,0.00,0.0,0
1790729700,271.26,271.26,271.26,271.26,0.00,0.0,0
1790730000,271.26,271.26,271.26,271.26,0.00,0.0,0
1790730300,271.26,271.26,271.26,271.26,0.00,0.0,0
1790730600,271.26,271.26,271.26,271.26,0.00,0.0,0
1790730900,271.26,271.26,271.26,271.26,0.00,0.0,0
1790731200,271.26,271.26,271.26,271.26,0.00,0.0,0
1790731500,271.26,271.26,271.26,271.26,0.00,0.0,0
1790731800,271.51,271.88,271.4,271.4,271.59,4.533296,5
1790732100,271.24,271.24,271.24,271.24,271.24,1.56870102,1
1790732400,271.38,271.46,271.3,271.46,271.38,0.04,4
1790732700,271.65,271.74,271.55,271.74,271.64,0.05,5
1790733000,271.87,271.87,271.87,271.87,271.87,0.01,1
1790733300,271.87,271.87,271.87,271.87,0.00,0.0,0
1790733600,271.68,271.68,271.41,271.57,271.42,0.2871,3
1790733900,271.84,271.84,271.84,271.84,271.84,0.04,4
1790734200,271.84,271.84,271.84,271.84,0.00,0.0,0
1790734500,271.84,271.84,271.84,271.84,0.00,0.0,0
1790734800,271.27,271.27,271.27,271.27,271.27,1.5477871,1
1790735100,270.54,270.54,270.35,270.35,270.47,5.62342312,4
1790735400,270.3,270.3,270.3,270.3,270.30,4.8,3
1790735700,270.3,270.3,270.3,270.3,0.00,0.0,0
1790736000,270.83,270.83,270.83,270.83,270.83,1.62436774,1
1790736300,270.83,270.83,270.83,270.83,0.00,0.0,0
1790736600,271.22,271.22,271.22,271.22,271.22,2.5784,3
1790736900,271.22,271.22,271.22,271.22,0.00,0.0,0
1790737200,271.22,271.22,271.22,271.22,0.00,0.0,0
1790737500,270.51,270.51,270.37,270.38,270.44,8.71169567,4
1790737800,270.33,270.41,270.23,270.41,270.34,11.5505503,10
1790738100,269.55,269.6,269.55,269.6,269.58,9.4096502,5
1790738400,269.72,269.72,269.72,269.72,269.72,0.0102,1
1790738700,269.72,269.72,269.72,269.72,0.00,0.0,0
1790739000,269.72,269.72,269.72,269.72,0.00,0.0,0
1790739300,269.9,269.9,269.9,269.9,269.90,1.59430445,1
1790739600,269.9,269.9,269.9,269.9,0.00,0.0,0
1790739900,269.9,269.9,269.9,269.9,0.00,0.0,0
1790740200,269.9,269.9,269.9,269.9,0.00,0.0,0
1790740500,269.9,269.9,269.9,269.9,0.00,0.0,0
1790740800,269.9,269.9,269.9,269.9,0.00,0.0,0
1790741100,269.9,269.9,269.9,269.9,0.00,0.0,0
1790741400,269.9,269.9,269.9,269.9,0.00,0.0,0
1790741700,270.71,270.71,270.71,270.71,270.71,1.7171749,1
1790742000,270.25,270.25,270.25,270.25,270.25,7.29416095,1
1790742300,270.46,270.47,270.46,270.47,270.46,2.66001262,2
1790742600,270.47,270.47,270.47,270.47,0.00,0.0,0
1790742900,270.34,270.53,270.34,270.53,270.47,9.40133759,5
1790743200,270.53,270.53,270.53,270.53,0.00,0.0,0
1790743500,270.53,270.53,270.53,270.53,0.00,0.0,0
1790743800,270.53,270.53,270.53,270.53,0.00,0.0,0
1790744100,270.53,270.53,270.53,270.53,0.00,0.0,0
1790744400,270.53,270.53,270.53,270.53,0.00,0.0,0
1790744700,270.53,270.53,270.53,270.53,0.00,0.0,0
1790745000,270.77,270.77,270.69,270.69,270.72,9.84557872,5
1790745300,270.39,270.54,270.38,270.54,270.51,1.9639714,3
1790745600,270.54,270.54,270.54,270.54,0.00,0.0,0
1790745900,270.77,270.84,270.77,270.84,270.80,3.13478338,6
1790746200,271.64,271.64,271.64,271.64,271.64,1.53611711,1
1790746500,271.63,271.69,271.57,271.57,271.62,4.78339259,9
1790746800,271.72,271.73,271.72,271.73,271.72,0.51396828,2
1790747100,271.73,271.73,271.73,271.73,0.00,0.0,0
1790747400,272.07,272.1,271.76,271.76,272.07,0.24933155,3
1790747700,271.62,271.62,271.62,271.62,271.62,1.49543111,1
1790748000,271.72,271.72,271.21,271.21,271.51,3.18579028,3
1790748300,271.28,271.28,270.41,270.56,270.61,51.66924587,17
1790748600,270.3,270.31,270.0,270.0,270.21,6.85805311,7
1790748900,269.4,269.4,269.22,269.22,269.35,7.63938842,4
1790749200,269.22,269.22,269.22,269.22,0.00,0.0,0
1790749500,268.6,268.6,268.6,268.6,268.60,1.6,1
1790749800,268.95,268.95,268.95,268.95,268.95,0.02363609,1
1790750100,268.95,268.95,268.95,268.95,0.00,0.0,0
1790750400,269.52,269.52,269.52,269.52,269.52,0.0102,1
1790750700,269.29,269.29,269.29,269.29,269.29,2.34511594,1
1790751000,269.29,269.29,269.29,269.29,0.00,0.0,0
1790751300,269.79,269.8,269.79,269.8,269.79,0.15412142,2
1790751600,269.8,269.8,269.8,269.8,0.00,0.0,0
1790751900,269.8,269.8,269.8,269.8,0.00,0.0,0
1790752200,269.8,269.8,269.8,269.8,0.00,0.0,0
1790752500,269.8,269.8,269.8,269.8,0.00,0.0,0
1790752800,269.8,269.8,269.8,269.8,0.00,0.0,0
1790753100,271.23,271.23,271.0,271.0,271.04,3.97663041,4
1790753400,271.0,271.0,271.0,271.0,0.00,0.0,0
1790753700,271.0,271.0,271.0,271.0,0.00,0.0,0
1790754000,271.48,271.48,271.41,271.41,271.41,1.401769,2
1790754300,271.41,271.41,271.41,271.41,0.00,0.0,0
1790754600,272.08,272.08,271.75,271.75,271.98,0.50329649,3
1790754900,271.38,271.4,271.38,271.4,271.39,0.663562,2
1790755200,271.31,271.31,270.99,271.0,271.28,1.07708159,3
1790755500,271.0,271.0,271.0,271.0,0.00,0.0,0
1790755800,271.0,271.0,271.0,271.0,0.00,0.0,0
1790756100,270.91,271.01,270.83,270.83,270.88,0.79986657,3
1790756400,270.61,271.22,270.57,270.57,270.87,18.04115627,13
1790756700,270.69,270.69,270.69,270.69,270.69,0.717535,1
1790757000,270.22,270.78,269.9,270.59,270.32,4.686191,7
1790757300,270.41,270.48,270.41,270.48,270.41,0.341781,2
1790757600,271.13,271.13,271.13,271.13,271.13,0.01,1
1790757900,271.13,271.13,271.13,271.13,0.00,0.0,0
1790758200,271.87,271.87,271.87,271.87,271.87,0.190265,1
1790758500,271.48,271.48,271.47,271.47,271.47,0.02908178,2
1790758800,271.82,271.82,271.82,271.82,271.82,0.01454089,1
1790759100,272.14,272.14,272.14,272.14,272.14,0.687423,1
1790759400,272.2,272.2,272.2,272.2,272.20,1.6,1
1790759700,272.2,272.24,272.2,272.24,272.20,3.320056,2
1790760000,272.18,272.18,272.18,272.18,272.18,2.58301404,1
1790760300,272.99,272.99,272.4,272.4,272.59,0.8502727,3
1790760600,272.71,273.9,272.39,273.65,273.56,7.88487062,7
1790760900,273.31,273.31,272.9,272.91,273.14,1.485557,9
1790761200,272.6,272.6,272.51,272.52,272.56,0.70519704,6
1790761500,272.69,273.19,272.69,273.19,273.17,8.87223772,3
1790761800,273.08,273.08,272.78,272.78,272.97,0.451123,2
1790762100,272.83,272.83,272.77,272.77,272.78,0.576061,6
1790762400,272.65,273.07,272.65,273.01,272.93,1.95904373,11
1790762700,273.33,273.36,273.33,273.34,273.35,8.09681391,8
1790763000,273.06,273.06,273.06,273.06,273.06,0.618584,1
1790763300,273.02,273.02,272.82,272.82,272.94,0.755274,2
1790763600,273.36,273.36,273.36,273.36,273.36,0.366145,1
1790763900,273.47,273.47,273.31,273.31,273.31,14.86417748,3
1790764200,273.59,274.24,273.59,274.17,274.21,7.24998172,6
1790764500,273.94,274.2,273.94,274.2,274.10,1.860393,4
1790764800,274.03,274.03,274.03,274.03,274.03,0.084306,1
1790765100,274.03,274.03,274.03,274.03,0.00,0.0,0
1790765400,274.25,274.27,274.25,274.27,274.26,0.49814179,2
1790765700,274.19,274.19,274.19,274.19,274.19,0.02162671,1
1790766000,274.18,274.18,273.15,273.22,273.34,3.53928014,7
1790766300,273.23,273.25,273.15,273.25,273.24,11.39534027,5
1790766600,273.25,273.25,273.25,273.25,0.00,0.0,0
1790766900,273.25,273.25,273.25,273.25,0.00,0.0,0
1790767200,273.25,273.25,273.25,273.25,0.00,0.0,0
1790767500,273.67,273.67,273.67,273.67,273.67,0.10107,1
1790767800,273.67,273.67,273.67,273.67,0.00,0.0,0
1790768100,273.36,273.51,273.16,273.5,273.25,1.8421382,16
1790768400,273.88,274.17,273.53,273.98,273.94,11.47360709,27
1790768700,273.95,273.95,273.52,273.71,273.82,13.58255996,6
1790769000,273.71,273.71,273.71,273.71,0.00,0.0,0
1790769300,273.22,273.64,273.22,273.64,273.60,0.12197334,2
1790769600,273.74,273.74,273.74,273.74,273.74,0.167897,1
1790769900,273.28,273.28,273.28,273.28,273.28,0.01609866,1
1790770200,273.39,273.39,273.39,273.39,273.39,0.13565582,1
1790770500,273.87,273.87,272.38,272.38,272.40,1.1134091,3
1790770800,272.66,272.66,272.66,272.66,272.66,0.16271834,1
1790771100,272.66,272.66,272.66,272.66,0.00,0.0,0
1790771400,273.02,275.03,273.02,274.25,274.67,9.33052626,14
1790771700,275.2,275.27,274.28,274.28,274.29,1.75070348,4
1790772000,275.6,275.85,275.46,275.46,275.60,2.18944393,4
1790772300,275.86,276.5,275.34,276.1,275.57,9.28878765,41
1790772600,276.47,277.24,276.47,277.03,276.99,37.11676357,12
1790772900,277.2,277.2,276.96,277.06,277.18,1.14527997,6
1790773200,276.97,276.97,276.28,276.4,276.86,8.02317414,30
1790773500,276.63,276.9,276.6,276.9,276.71,4.70293309,11
1790773800,277.02,279.9,277.02,277.68,278.30,514.77843793,105
1790774100,277.69,277.69,277.05,277.05,277.38,21.47661694,7
1790774400,277.08,277.38,277.08,277.12,277.21,22.5220951,8
1790774700,277.5,278.0,277.5,278.0,277.60,3.97820046,2
1790775000,278.17,278.36,278.15,278.15,278.33,30.42195014,9
1790775300,277.13,277.13,273.33,273.33,274.77,17.34222802,16
1790775600,273.7,273.7,271.09,272.47,272.39,65.60421232,19
1790775900,272.19,272.97,272.19,272.41,272.51,37.04414428,8
1790776200,272.87,272.87,272.15,272.26,272.51,11.3306326,8
1790776500,272.08,272.74,272.01,272.74,272.03,8.97042364,5
1790776800,271.82,273.08,271.82,272.74,272.36,23.47313387,14
1790777100,272.75,272.75,271.56,271.79,271.99,61.43228343,13
1790777400,271.82,271.87,270.89,271.66,271.43,27.86073335,13
1790777700,271.05,271.05,270.55,270.55,270.60,4.71822879,4
1790778000,270.1,270.1,268.1,268.85,269.34,25.78003883,22
1790778300,269.45,269.49,268.79,268.79,269.02,24.40322684,10
1790778600,268.54,268.85,268.0,268.67,268.20,12.82267793,12
1790778900,268.75,268.82,268.75,268.82,268.81,0.32676227,2
1790779200,267.3,268.32,267.19,268.32,267.19,8.65789094,5
1790779500,268.16,268.83,268.16,268.81,268.40,52.04255429,17
1790779800,268.86,269.24,268.71,269.24,268.94,7.07008191,7
1790780100,269.35,269.35,268.9,268.9,269.10,6.74823324,5
1790780400,268.99,269.09,268.5,269.08,268.85,5.26886439,7
1790780700,269.28,269.28,269.28,269.28,269.28,0.10814023,1
1790781000,269.45,269.45,268.91,268.91,269.10,6.27065487,3
1790781300,268.85,268.85,268.85,268.85,268.85,0.01082429,1
1790781600,269.18,269.18,269.12,269.12,269.16,1.79637163,3
1790781900,268.2,268.79,268.2,268.67,268.65,35.56683529,19
1790782200,268.77,269.95,268.77,269.95,268.85,2.99486758,4
1790782500,269.28,269.28,269.28,269.28,269.28,0.52060457,1
1790782800,270.2,270.2,269.86,269.95,269.95,6.79905033,3
1790783100,270.16,270.44,270.16,270.44,270.32,65.95768744,13
1790783400,270.44,270.44,270.44,270.44,0.00,0.0,0
1790783700,270.44,270.44,270.44,270.44,0.00,0.0,0
1790784000,271.02,271.62,271.02,271.62,271.61,7.41909138,2
1790784300,272.0,272.1,272.0,272.1,272.00,1.7,2
1790784600,272.34,272.43,272.25,272.25,272.37,3.48561634,5
1790784900,272.36,272.36,272.36,272.36,272.36,0.01650709,1
1790785200,272.54,272.54,272.54,272.54,272.54,1.65623119,1
1790785500,272.45,272.45,272.45,272.45,272.45,0.01649953,1
1790785800,272.45,272.45,272.45,272.45,0.00,0.0,0
1790786100,272.33,272.33,272.31,272.31,272.31,3.35132521,2
1790786400,272.31,272.31,272.31,272.31,0.00,0.0,0
1790786700,273.7,273.7,273.7,273.7,273.70,0.20687615,1
1790787000,273.79,273.79,273.6,273.6,273.69,0.03314425,2
1790787300,273.65,273.65,273.65,273.65,273.65,0.18274853,1
1790787600,273.65,273.65,273.65,273.65,0.00,0.0,0
1790787900,273.74,274.1,273.74,273.81,273.89,0.23290413,3
1790788200,273.63,273.63,273.38,273.54,273.45,55.24840732,15
1790788500,273.25,273.25,272.62,272.66,272.66,3.80301418,4
1790788800,273.19,273.19,272.75,272.75,273.18,3.23479937,2
1790789100,272.4,272.68,271.58,272.68,271.79,45.9373288,18
1790789400,272.58,272.58,272.27,272.27,272.42,4.4327702,4
1790789700,271.48,271.93,271.48,271.93,271.48,1.33980874,2
1790790000,271.81,271.81,271.32,271.41,271.63,81.42316433,19
1790790300,272.19,272.19,272.19,272.19,272.19,0.01656147,1
1790790600,271.77,271.78,271.77,271.78,271.77,0.1428741,2
1790790900,271.78,271.78,271.78,271.78,0.00,0.0,0
1790791200,270.9,271.37,270.9,271.37,271.05,1.93983334,7
1790791500,270.94,270.94,270.94,270.94,270.94,7.26351187,1
1790791800,270.94,270.94,270.94,270.94,0.00,0.0,0
1790792100,270.65,270.65,270.65,270.65,270.65,0.18274853,1
1790792400,270.65,270.65,270.65,270.65,0.00,0.0,0
1790792700,270.65,270.65,270.65,270.65,0.00,0.0,0
1790793000,271.73,271.73,271.73,271.73,271.73,0.3562,1
1790793300,270.87,270.87,270.87,270.87,270.87,0.18400618,1
1790793600,270.3,270.34,270.18,270.18,270.20,14.39914735,9
1790793900,270.23,270.23,270.1,270.1,270.18,0.29400618,2
1790794200,270.6,270.6,270.6,270.6,270.60,0.01665864,1
1790794500,271.0,271.0,271.0,271.0,271.00,18.35803592,3
1790794800,270.74,270.74,270.74,270.74,270.74,0.03951233,1
1790795100,271.01,271.01,270.68,271.01,270.93,23.53441325,12
1790795400,270.2,270.2,270.2,270.2,270.20,1.6,5
1790795700,270.2,270.2,270.2,270.2,0.00,0.0,0
1790796000,270.2,270.2,270.2,270.2,0.00,0.0,0
1790796300,270.2,270.2,270.2,270.2,0.00,0.0,0
1790796600,270.2,270.2,270.2,270.2,0.00,0.0,0
1790796900,270.2,270.2,270.2,270.2,0.00,0.0,0
1790797200,270.42,270.43,270.39,270.39,270.40,0.20137494,5
1790797500,270.29,270.29,270.29,270.29,270.29,0.7124,1
1790797800,270.29,270.29,270.29,270.29,0.00,0.0,0
1790798100,269.35,269.35,269.35,269.35,269.35,0.01673826,1
1790798400,269.35,269.35,269.35,269.35,269.35,0.05809489,1
1790798700,269.47,269.98,269.47,269.98,269.85,38.45518915,13
1790799000,269.98,269.98,269.98,269.98,0.00,0.0,0
1790799300,270.28,270.28,270.27,270.27,270.27,5.10674155,3
1790799600,270.27,270.27,270.27,270.27,0.00,0.0,0
1790799900,270.27,270.27,270.27,270.27,0.00,0.0,0
1790800200,271.35,271.35,270.72,270.72,270.92,2.69657026,5
1790800500,270.81,270.81,270.53,270.53,270.76,2.0094749,2
1790800800,270.53,270.53,270.53,270.53,0.00,0.0,0
1790801100,270.53,270.53,270.53,270.53,0.00,0.0,0
1790801400,270.53,270.53,270.53,270.53,0.00,0.0,0
1790801700,270.53,270.53,270.53,270.53,0.00,0.0,0
1790802000,270.46,270.46,270.46,270.46,270.46,0.04772023,1
1790802300,270.46,270.46,270.46,270.46,0.00,0.0,0
1790802600,269.69,269.98,269.69,269.98,269.92,20.0,7
1790802900,269.7,269.7,269.7,269.7,269.70,0.17168663,1
1790803200,269.7,269.7,269.7,269.7,0.00,0.0,0
1790803500,269.7,269.7,269.7,269.7,0.00,0.0,0
1790803800,269.7,269.7,269.7,269.7,0.00,0.0,0
1790804100,269.7,269.7,269.7,269.7,0.00,0.0,0
1790804400,269.7,269.7,269.7,269.7,0.00,0.0,0
1790804700,269.54,269.54,269.54,269.54,269.54,2.386145,1
1790805000,269.0,269.0,269.0,269.0,269.00,1.6,1
1790805300,269.05,269.06,269.05,269.06,269.05,1.0,2
1790805600,268.7,268.7,268.5,268.54,268.60,20.33109005,15
1790805900,268.1,268.18,268.1,268.18,268.17,0.84196674,2
1790806200,268.18,268.18,268.18,268.18,0.00,0.0,0
1790806500,268.18,268.18,268.18,268.18,0.00,0.0,0
1790806800,269.15,269.16,269.15,269.16,269.15,3.82698752,3
1790807100,269.94,269.95,269.94,269.95,269.94,0.06970649,2
1790807400,269.95,269.95,269.95,269.95,0.00,0.0,0
1790807700,270.47,270.47,270.45,270.45,270.46,0.07495102,2
1790808000,270.45,270.45,270.45,270.45,0.00,0.0,0
1790808300,270.45,270.45,270.45,270.45,0.00,0.0,0
1790808600,270.56,270.56,270.56,270.56,270.56,9.36413342,2
1790808900,270.69,270.7,270.52,270.61,270.64,13.20015496,4
1790809200,270.61,270.61,270.61,270.61,0.00,0.0,0
1790809500,270.61,270.61,270.61,270.61,0.00,0.0,0
1790809800,270.61,270.61,270.61,270.61,0.00,0.0,0
1790810100,270.1,270.6,270.1,270.6,270.57,2.45891594,3
1790810400,270.82,270.82,270.78,270.78,270.81,23.78269796,2
1790810700,270.78,270.78,270.78,270.78,0.00,0.0,0
1790811000,269.84,269.85,269.84,269.85,269.84,3.4343498,2
1790811300,269.85,269.85,269.85,269.85,0.00,0.0,0
1790811600,269.85,269.85,269.85,269.85,0.00,0.0,0
1790811900,269.9,269.98,269.9,269.98,269.95,0.17812404,3
1790812200,270.01,270.01,270.01,270.01,270.01,6.54317748,1
1790812500,270.01,270.01,270.01,270.01,0.00,0.0,0
1790812800,270.01,270.01,270.01,270.01,0.00,0.0,0
1790813100,269.84,269.92,269.84,269.92,269.87,0.1707,3
1790813400,269.92,269.92,269.92,269.92,0.00,0.0,0
1790813700,269.91,269.91,269.91,269.91,269.91,2.34511594,1
1790814000,269.91,269.91,269.91,269.91,0.00,0.0,0
1790814300,269.91,269.91,269.91,269.91,0.00,0.0,0
1790814600,269.91,269.91,269.91,269.91,0.00,0.0,0
1790814900,269.91,269.91,269.91,269.91,0.00,0.0,0
1790815200,270.49,270.52,270.49,270.52,270.51,5.1136,2
1790815500,270.52,270.52,270.52,270.52,0.00,0.0,0
1790815800,270.52,270.52,270.52,270.52,0.00,0.0,0
1790816100,270.52,270.52,270.52,270.52,0.00,0.0,0
1790816400,270.52,270.52,270.52,270.52,0.00,0.0,0
1790816700,270.21,270.92,270.13,270.83,270.32,5.31926503,157
1790817000,270.82,270.98,270.82,270.9,270.89,1.16231128,104
1790817300,270.7,271.28,270.7,271.16,270.85,2.51191681,12
1790817600,271.51,271.73,271.4,271.73,271.50,1.07677917,86
1790817900,271.75,272.0,271.75,271.93,271.99,8.23820399,12
1790818200,271.01,271.01,270.67,270.67,270.75,0.13668811,13
1790818500,270.23,270.34,270.21,270.32,270.27,0.04,4
1790818800,270.42,270.49,270.38,270.45,270.43,0.15,15
1790819100,270.18,270.25,270.14,270.14,270.14,6.62007748,4
1790819400,270.01,270.01,270.0,270.0,270.00,0.04703703,2
1790819700,270.0,270.0,270.0,270.0,0.00,0.0,0
1790820000,270.0,270.0,270.0,270.0,0.00,0.0,0
1790820300,270.0,270.0,270.0,270.0,0.00,0.0,0
1790820600,270.0,270.0,270.0,270.0,0.00,0.0,0
1790820900,270.0,270.0,270.0,270.0,0.00,0.0,0
1790821200,270.0,270.0,270.0,270.0,0.00,0.0,0
1790821500,269.47,269.47,269.47,269.47,269.47,0.08227261,1
1790821800,269.47,269.47,269.47,269.47,0.00,0.0,0
1790822100,270.51,270.53,270.51,270.53,270.52,0.18570756,2
1790822400,269.72,269.72,269.72,269.72,269.72,1.7171749,1
1790822700,269.72,269.72,269.72,269.72,0.00,0.0,0
1790823000,269.72,269.72,269.72,269.72,0.00,0.0,0
1790823300,269.72,269.72,269.72,269.72,0.00,0.0,0
1790823600,269.72,269.72,269.72,269.72,0.00,0.0,0
1790823900,269.72,269.72,269.72,269.72,0.00,0.0,0
1790824200,269.72,269.72,269.72,269.72,0.00,0.0,0
1790824500,269.72,269.72,269.72,269.72,0.00,0.0,0
1790824800,269.72,269.72,269.72,269.72,0.00,0.0,0
1790825100,269.72,269.72,269.72,269.72,0.00,0.0,0
1790825400,271.04,271.04,271.04,271.04,271.04,0.3689476,1
1790825700,271.04,271.04,271.04,271.04,0.00,0.0,0
1790826000,271.04,271.04,271.04,271.04,0.00,0.0,0
1790826300,271.75,271.75,271.75,271.75,271.75,0.07313926,2
1790826600,271.75,271.75,271.75,271.75,0.00,0.0,0
1790826900,271.75,271.75,271.75,271.75,0.00,0.0,0
1790827200,271.94,272.01,271.62,271.62,271.82,42.44202551,17
1790827500,271.45,271.45,271.12,271.12,271.12,4.17362181,3
1790827800,271.12,271.12,271.12,271.12,0.00,0.0,0
1790828100,271.12,271.12,271.12,271.12,0.00,0.0,0
1790828400,271.12,271.12,271.12,271.12,0.00,0.0,0
1790828700,271.67,271.67,271.67,271.67,271.67,0.0569,1
1790829000,271.67,271.67,271.67,271.67,0.00,0.0,0
1790829300,271.37,271.38,271.37,271.38,271.37,0.218996,2
1790829600,271.26,271.27,271.26,271.27,271.26,0.08942501,2
1790829900,272.43,272.64,272.02,272.64,272.52,9.00841563,15
1790830200,272.64,272.64,272.64,272.64,0.00,0.0,0
1790830500,272.64,272.64,272.64,272.64,0.00,0.0,0
1790830800,272.64,272.64,272.64,272.64,0.00,0.0,0
1790831100,272.64,272.64,272.64,272.64,0.00,0.0,0
1790831400,272.48,272.56,272.48,272.56,272.55,1.73651869,2
1790831700,272.58,272.58,272.55,272.55,272.56,0.1138,2
1790832000,272.55,272.55,272.55,272.55,0.00,0.0,0
1790832300,272.28,272.28,272.28,272.28,272.28,0.0569,1
1790832600,272.43,272.52,272.43,272.5,272.47,10.40938114,13
1790832900,272.77,273.04,272.76,273.04,272.92,0.487685,5
1790833200,272.81,272.81,272.77,272.77,272.78,6.22900346,6
1790833500,272.77,272.88,272.77,272.88,272.85,0.31593889,2
1790833800,272.88,272.88,272.88,272.88,0.00,0.0,0
1790834100,272.88,273.05,272.87,273.05,272.91,1.201524,5
1790834400,272.51,272.72,272.31,272.69,272.38,38.74037205,23
1790834700,272.65,272.65,272.49,272.5,272.60,2.27238898,6
1790835000,272.49,272.78,272.4,272.58,272.53,1.92889481,11
1790835300,272.56,272.56,272.36,272.42,272.42,3.28440272,5
1790835600,272.42,272.42,272.42,272.42,0.00,0.0,0
1790835900,272.79,272.82,272.76,272.82,272.79,0.29963295,4
1790836200,272.82,272.82,272.82,272.82,0.00,0.0,0
1790836500,272.34,272.41,272.19,272.19,272.31,1.770039,7
1790836800,272.14,272.14,272.14,272.14,272.14,0.089384,2
1790837100,272.14,272.14,272.14,272.14,0.00,0.0,0
1790837400,272.87,272.96,272.71,272.96,272.84,1.080478,6
1790837700,272.96,272.96,272.96,272.96,0.00,0.0,0
1790838000,272.96,272.96,272.96,272.96,0.00,0.0,0
1790838300,272.96,272.96,272.96,272.96,0.00,0.0,0
1790838600,272.96,272.96,272.96,272.96,0.00,0.0,0
1790838900,271.9,271.9,271.7,271.7,271.89,7.49949307,3
1790839200,270.2,270.2,270.0,270.0,270.06,10.6074074,4
1790839500,269.58,269.67,268.8,268.96,269.01,7.06939999,16
1790839800,269.37,271.32,269.37,271.3,271.21,84.49993482,19
1790840100,271.26,271.26,270.68,270.68,270.95,15.06586144,34
1790840400,270.43,270.62,270.32,270.62,270.45,6.4620022,17
1790840700,270.55,270.55,270.55,270.55,270.55,6.54317748,1
1790841000,270.55,270.55,270.55,270.55,0.00,0.0,0
1790841300,270.55,270.55,270.55,270.55,0.00,0.0,0
1790841600,270.35,270.35,270.35,270.35,270.35,0.04824091,1
1790841900,270.51,270.52,269.97,269.97,269.98,3.42316412,8
1790842200,269.97,269.97,269.97,269.97,0.00,0.0,0
1790842500,271.01,271.01,271.01,271.01,271.01,0.01664139,1
1790842800,270.65,270.65,270.65,270.65,270.65,0.01855557,1
1790843100,271.56,271.56,271.56,271.56,271.56,0.4513,2
1790843400,271.56,271.56,271.56,271.56,0.00,0.0,0
1790843700,271.24,271.26,271.24,271.26,271.24,8.3990567,4
1790844000,271.77,271.89,271.69,271.7,271.69,33.37070048,10
1790844300,271.65,271.65,271.39,271.39,271.57,31.61482073,8
1790844600,271.39,271.39,271.39,271.39,0.00,0.0,0
1790844900,271.39,271.39,271.39,271.39,0.00,0.0,0
1790845200,272.19,272.19,272.19,272.19,272.19,0.406751,1
1790845500,272.26,272.29,272.26,272.29,272.26,3.6795398,3
1790845800,272.49,272.64,272.43,272.45,272.54,0.650221,5
1790846100,272.38,272.41,272.38,272.41,272.40,1.601034,5
1790846400,272.37,272.38,272.27,272.38,272.30,1.3280862,3
1790846700,272.64,272.67,272.57,272.57,272.57,2.08323143,5
1790847000,272.56,272.56,272.56,272.56,272.56,1.7171749,1
1790847300,272.69,272.75,272.56,272.58,272.66,0.883579,5
1790847600,272.58,272.58,272.58,272.58,0.00,0.0,0
1790847900,272.29,272.29,272.29,272.29,272.29,0.0593387,1
1790848200,272.31,272.31,272.31,272.31,272.31,0.164664,1
1790848500,272.12,272.56,272.12,272.56,272.28,0.57741555,7
1790848800,272.03,272.03,271.58,271.58,272.01,1.22035178,3
1790849100,271.01,271.01,271.01,271.01,271.01,0.01663339,1
1790849400,271.01,271.01,271.01,271.01,0.00,0.0,0
1790849700,271.01,271.01,271.01,271.01,0.00,0.0,0
1790850000,270.82,271.19,270.8,271.19,270.96,4.81922084,7
1790850300,271.19,271.51,270.98,271.51,271.29,0.59871231,5
1790850600,271.51,271.51,271.51,271.51,0.00,0.0,0
1790850900,272.24,272.46,272.24,272.46,272.34,0.678099,2
1790851200,272.85,272.85,272.77,272.77,272.79,0.741946,2
1790851500,272.65,272.65,272.63,272.63,272.63,2.21411869,2
1790851800,273.05,273.5,273.05,273.5,273.43,16.1277944,13
1790852100,273.79,273.79,273.79,273.79,273.79,0.09164895,2
1790852400,273.06,273.06,272.75,273.05,272.83,3.821453,10
1790852700,273.52,273.52,273.33,273.33,273.41,1.64632406,3
1790853000,273.15,273.16,273.1,273.1,273.15,1.07929561,3
1790853300,273.1,273.1,273.1,273.1,0.00,0.0,0
1790853600,273.02,273.02,273.02,273.02,273.02,2.365323,1
1790853900,273.09,273.17,273.09,273.17,273.12,2.966809,2
1790854200,273.44,273.45,273.44,273.45,273.44,1.029288,2
1790854500,273.49,273.49,273.49,273.49,273.49,0.0416,1
1790854800,273.82,274.52,273.82,274.15,274.17,3.30372091,21
1790855100,274.59,274.85,273.87,273.87,274.51,13.77149,40
1790855400,274.05,274.05,273.64,273.77,273.71,16.95223996,20
1790855700,273.57,274.01,273.55,274.01,273.81,10.46856338,12
1790856000,274.16,274.18,273.81,273.81,273.98,0.178379,4
1790856300,273.64,273.64,273.63,273.63,273.63,1.0694,3
1790856600,273.9,274.1,273.83,274.07,273.97,1.215139,12
1790856900,274.07,274.07,274.07,274.07,0.00,0.0,0
1790857200,273.71,274.02,273.71,273.82,273.73,3.586975,4
1790857500,273.87,274.02,273.72,273.74,273.78,5.67329964,13
1790857800,273.48,274.08,273.14,274.08,273.43,1.92211745,9
1790858100,273.97,274.18,273.74,274.18,273.95,1.01391,7
1790858400,274.23,274.23,274.13,274.13,274.17,0.508972,3
1790858700,273.98,273.99,273.98,273.99,273.98,0.11042244,2
1790859000,273.31,273.42,273.24,273.24,273.36,0.6082215,4
1790859300,273.47,273.48,273.23,273.23,273.37,1.07008536,5
1790859600,273.48,273.48,272.14,272.14,272.42,5.114474,9
1790859900,271.97,272.21,271.97,272.21,272.09,0.70558187,2
1790860200,271.69,272.09,271.25,272.09,271.46,1.453544,9
1790860500,271.83,271.84,271.67,271.76,271.72,0.725868,4
1790860800,272.1,272.1,272.1,272.1,272.10,0.073459,2
1790861100,271.81,271.83,271.51,271.51,271.53,1.9856599,7
1790861400,272.09,272.93,271.68,272.43,272.17,1.74193219,17
1790861700,272.59,272.9,272.59,272.89,272.83,0.813902,3
1790862000,272.68,272.88,272.68,272.88,272.87,0.38228483,2
1790862300,273.22,273.22,272.3,272.3,273.00,5.13640795,19
1790862600,272.3,272.3,272.3,272.3,0.00,0.0,0
1790862900,273.2,273.2,272.37,272.57,272.75,1.097641,13
1790863200,272.2,272.2,271.48,271.62,271.67,2.09436132,6
1790863500,271.45,272.48,271.45,272.48,271.85,1.92935575,7
1790863800,272.47,272.47,272.47,272.47,272.47,0.294829,1
1790864100,271.42,271.81,271.42,271.74,271.66,7.20098648,15
1790864400,272.36,272.36,271.76,271.76,272.31,0.96169535,3
1790864700,272.18,272.55,272.18,272.46,272.40,0.245653,5
1790865000,272.13,272.27,272.13,272.27,272.16,0.594007,3
1790865300,272.27,272.27,272.27,272.27,0.00,0.0,0
1790865600,271.49,271.66,271.49,271.57,271.60,0.26121998,3
1790865900,271.75,271.83,271.31,271.31,271.77,1.10801919,6
1790866200,271.42,271.42,271.36,271.37,271.39,0.147026,4
1790866500,271.2,271.94,271.2,271.94,271.33,0.45532931,5
1790866800,271.7,272.48,271.7,272.48,271.88,56.06453439,11
1790867100,272.47,272.47,270.91,270.91,271.73,2.09224962,11
1790867400,270.55,271.74,270.55,271.73,271.48,1.22150241,5
1790867700,272.91,273.6,272.91,273.6,273.09,0.44000457,3
1790868000,273.63,274.03,273.63,273.8,273.95,0.22376903,3
1790868300,273.55,273.71,273.45,273.45,273.60,0.88098603,6
1790868600,273.36,273.36,272.54,273.2,272.72,62.67341188,11
1790868900,272.79,273.28,272.72,273.28,272.86,1.52156379,7
1790869200,272.92,272.98,272.31,272.31,272.89,0.40106509,5
1790869500,273.32,273.85,273.32,273.85,273.33,3.48404632,7
1790869800,274.08,274.11,273.5,273.96,273.99,76.83441479,10
1790870100,273.99,274.25,273.96,273.97,274.11,23.0492977,14
1790870400,274.03,274.49,274.01,274.33,274.14,4.01506716,8
1790870700,274.02,274.02,273.65,273.65,273.89,1.49575637,6
1790871000,273.45,273.45,273.45,273.45,273.45,0.3375,1
1790871300,273.89,274.21,273.51,273.84,273.77,0.914719,9
1790871600,273.07,273.37,272.95,273.26,273.24,1.46337812,6
1790871900,273.26,273.26,273.26,273.26,0.00,0.0,0
1790872200,273.26,273.26,273.26,273.26,0.00,0.0,0
1790872500,274.67,274.67,272.9,273.07,273.74,3.64403821,19
1790872800,272.81,272.81,272.81,272.81,272.81,0.97943,1
1790873100,272.81,272.81,272.81,272.81,0.00,0.0,0
1790873400,272.92,272.92,272.82,272.82,272.88,0.08848773,2
1790873700,271.88,272.16,268.71,270.46,270.16,174.64943661,96
1790874000,270.83,272.67,270.83,272.67,272.12,24.40381411,19
1790874300,272.84,272.88,272.4,272.4,272.73,6.14935562,5
1790874600,272.38,272.81,272.32,272.81,272.35,4.55729256,6
1790874900,272.74,273.55,272.74,273.53,273.02,16.33399693,18
1790875200,274.1,274.26,273.87,273.87,274.15,4.82019739,6
1790875500,274.14,274.31,274.1,274.25,274.18,10.37907748,7
1790875800,274.34,274.35,273.91,273.91,274.33,1.34152865,5
1790876100,273.82,273.82,273.8,273.8,273.80,0.44372353,2
1790876400,274.4,275.48,274.4,275.48,274.56,35.96244612,11
1790876700,275.12,275.12,274.68,274.68,274.76,0.15937475,4
1790877000,275.07,275.13,274.65,274.65,274.93,0.93083654,7
1790877300,273.68,273.93,273.68,273.93,273.79,0.03080872,2
1790877600,274.4,274.4,274.04,274.16,274.24,0.76598126,4
1790877900,273.71,273.81,273.48,273.81,273.62,1.22275389,5
1790878200,273.81,273.81,273.81,273.81,0.00,0.0,0
1790878500,273.32,273.35,273.21,273.21,273.31,6.62335352,11
1790878800,273.57,273.72,273.33,273.37,273.47,3.43844358,22
1790879100,273.51,273.53,273.2,273.2,273.42,0.35531977,5
1790879400,273.2,273.2,273.2,273.2,0.00,0.0,0
1790879700,273.68,274.89,273.68,274.89,274.18,5.44701187,10
1790880000,274.24,274.24,274.05,274.05,274.09,0.414207,3
1790880300,274.07,274.07,274.07,274.07,274.07,0.204259,1
1790880600,273.15,273.28,273.15,273.28,273.19,0.167436,2
1790880900,273.28,273.28,273.28,273.28,0.00,0.0,0
1790881200,273.34,273.59,273.32,273.5,273.42,0.604822,8
1790881500,274.0,274.04,273.98,274.03,274.00,5.201526,8
1790881800,274.03,274.03,274.03,274.03,0.00,0.0,0
1790882100,273.45,273.45,273.45,273.45,273.45,0.01642575,1
1790882400,273.58,273.58,273.58,273.58,273.58,0.082482,2
1790882700,272.58,272.67,272.16,272.16,272.30,5.8725803,3
1790883000,272.4,272.4,272.4,272.4,272.40,3.22956998,5
1790883300,272.4,272.4,272.4,272.4,0.00,0.0,0
1790883600,272.2,272.64,272.2,272.56,272.53,4.40120013,20
1790883900,273.25,273.25,273.25,273.25,273.25,0.137883,1
1790884200,273.96,274.01,273.96,274.01,273.97,0.235621,5
1790884500,274.06,274.06,274.02,274.02,274.04,0.1138,2
1790884800,273.97,273.97,273.97,273.97,273.97,1.717174,1
1790885100,273.97,273.97,273.97,273.97,0.00,0.0,0
1790885400,273.91,274.28,273.91,274.19,273.92,3.43638635,6
1790885700,273.93,273.93,273.91,273.91,273.91,0.973977,2
1790886000,274.41,274.41,274.21,274.33,274.35,8.0073976,9
1790886300,274.33,274.33,274.33,274.33,0.00,0.0,0
1790886600,274.33,274.33,274.33,274.33,0.00,0.0,0
1790886900,274.33,274.33,274.33,274.33,0.00,0.0,0
1790887200,274.11,274.51,274.03,274.51,274.06,3.59068493,12
1790887500,274.63,274.64,274.47,274.48,274.49,0.815969,5
1790887800,275.44,275.56,275.44,275.56,275.48,0.49721872,2
1790888100,275.47,275.47,275.45,275.45,275.45,1.7740749,2
1790888400,275.45,275.45,275.45,275.45,0.00,0.0,0
1790888700,275.78,276.08,275.78,275.98,275.97,0.55133446,6
1790889000,275.64,275.64,275.6,275.6,275.60,3.25832964,2
1790889300,275.6,275.6,275.6,275.6,0.00,0.0,0
1790889600,275.38,275.38,275.38,275.38,275.38,3.19770209,1
1790889900,274.77,274.85,274.77,274.85,274.78,2.8496215,3
1790890200,274.21,274.24,274.21,274.24,274.22,2.75833205,2
1790890500,273.3,273.3,273.3,273.3,273.30,0.209603,1
1790890800,273.54,273.54,273.54,273.54,273.54,0.154389,1
1790891100,273.73,274.25,273.73,274.25,274.05,0.15929542,3
1790891400,274.02,274.02,274.02,274.02,274.02,0.4852,1
1790891700,274.12,274.49,273.99,274.49,274.03,1.07307053,3
1790892000,274.97,274.97,274.94,274.94,274.94,12.95337559,4
1790892300,274.94,274.94,274.94,274.94,0.00,0.0,0
1790892600,275.01,275.02,275.01,275.02,275.01,0.11920125,2
1790892900,274.67,275.12,274.63,274.63,274.64,8.8979558,11
1790893200,274.52,274.52,274.52,274.52,274.52,6.54317748,1
1790893500,274.52,274.52,274.52,274.52,0.00,0.0,0
1790893800,274.9,274.9,274.72,274.72,274.75,2.1969929,4
1790894100,275.26,275.26,275.17,275.17,275.19,0.16396133,2
1790894400,275.17,275.17,275.17,275.17,0.00,0.0,0
1790894700,275.17,275.17,275.17,275.17,0.00,0.0,0
1790895000,274.58,274.99,274.58,274.99,274.70,0.627795,4
1790895300,275.21,275.26,275.21,275.26,275.24,0.435833,2
1790895600,275.26,275.26,275.26,275.26,0.00,0.0,0
1790895900,275.26,275.26,275.26,275.26,0.00,0.0,0
1790896200,274.92,275.19,274.75,275.19,274.82,11.32063099,14
1790896500,274.38,274.84,274.38,274.84,274.75,0.96889855,4
1790896800,274.84,274.84,274.84,274.84,0.00,0.0,0
1790897100,274.84,274.84,274.84,274.84,0.00,0.0,0
1790897400,274.84,274.84,274.84,274.84,0.00,0.0,0
1790897700,274.91,274.91,274.91,274.91,274.91,0.02759989,1
1790898000,274.91,274.91,274.91,274.91,0.00,0.0,0
1790898300,274.6,274.6,274.6,274.6,274.60,0.62,3
1790898600,274.98,275.32,274.98,275.32,275.14,0.91839116,3
1790898900,275.32,275.32,275.32,275.32,0.00,0.0,0
1790899200,274.87,274.9,271.04,271.45,272.58,222.94790801,99
1790899500,271.65,272.37,271.65,271.9,272.02,44.40820731,30
1790899800,272.03,272.41,271.77,272.01,272.18,28.85650869,17
1790900100,272.33,272.81,271.98,271.99,272.21,5.92930233,16
1790900400,271.99,271.99,271.99,271.99,0.00,0.0,0
1790900700,271.9,271.91,271.9,271.91,271.90,0.05812969,2
1790901000,271.9,271.9,271.9,271.9,271.90,1.44615499,1
1790901300,271.85,271.94,271.85,271.94,271.85,1.48445904,2
1790901600,271.83,271.83,270.85,271.16,271.30,73.35250086,31
1790901900,271.3,271.3,271.3,271.3,271.30,1.7171749,1
1790902200,270.92,270.92,270.92,270.92,270.92,3.24984532,1
1790902500,270.92,270.92,270.92,270.92,0.00,0.0,0
1790902800,270.92,270.92,270.92,270.92,0.00,0.0,0
1790903100,270.76,270.76,270.76,270.76,270.76,0.17004,2
1790903400,270.5,270.54,270.33,270.42,270.44,8.2061126,13
1790903700,270.53,271.18,270.53,271.17,270.72,13.27438974,14
1790904000,271.0,271.25,270.49,271.25,270.68,9.65213667,16
1790904300,271.46,271.49,271.38,271.49,271.43,0.382398,3
1790904600,271.36,271.9,271.36,271.66,271.73,3.64131214,8
1790904900,271.55,271.73,271.52,271.73,271.70,3.74132669,3
1790905200,271.99,271.99,271.99,271.99,271.99,0.21471,2
1790905500,272.16,272.34,272.16,272.34,272.20,0.537842,2
1790905800,272.35,273.17,272.35,273.17,272.62,1.34408888,5
1790906100,273.17,273.17,273.17,273.17,0.00,0.0,0
1790906400,273.17,273.17,273.17,273.17,0.00,0.0,0
1790906700,273.17,273.17,273.17,273.17,0.00,0.0,0
1790907000,274.14,274.14,274.0,274.0,274.00,7.5458003,3
1790907300,274.33,274.33,274.1,274.1,274.10,7.56474856,2
1790907600,274.0,274.05,273.78,273.8,273.79,7.23587814,8
1790907900,273.7,273.7,273.7,273.7,273.70,0.16080383,1
1790908200,274.44,274.44,274.44,274.44,274.44,0.16187321,1
1790908500,274.44,274.44,274.44,274.44,0.00,0.0,0
1790908800,274.44,274.44,274.44,274.44,0.00,0.0,0
1790909100,274.44,274.44,274.44,274.44,0.00,0.0,0
1790909400,274.44,274.44,274.44,274.44,0.00,0.0,0
1790909700,274.44,274.44,274.44,274.44,0.00,0.0,0
1790910000,274.99,274.99,274.99,274.99,274.99,0.081249,1
1790910300,275.08,275.08,273.89,273.89,274.21,6.74069625,7
1790910600,273.89,273.89,273.89,273.89,0.00,0.0,0
1790910900,273.57,273.57,273.57,273.57,273.57,0.18218918,1
1790911200,273.83,273.88,273.83,273.88,273.85,0.182189,2
1790911500,273.88,273.88,273.88,273.88,0.00,0.0,0
1790911800,273.79,273.8,273.79,273.8,273.79,3.56479626,2
1790912100,274.41,274.92,273.4,273.4,274.69,170.96024439,20
1790912400,273.74,273.74,273.74,273.74,273.74,0.24494257,1
1790912700,274.43,274.43,274.24,274.24,274.41,2.23772801,3
1790913000,274.14,274.29,274.14,274.29,274.23,30.89900262,10
1790913300,274.29,274.29,274.29,274.29,0.00,0.0,0
1790913600,274.29,274.29,274.29,274.29,0.00,0.0,0
1790913900,275.46,275.46,275.46,275.46,275.46,0.1823287,1
1790914200,275.38,275.38,275.38,275.38,275.38,0.10324839,1
1790914500,275.38,275.38,275.38,275.38,0.00,0.0,0
1790914800,275.88,278.1,275.88,278.1,276.48,41.2610344,21
1790915100,278.3,278.62,278.19,278.62,278.42,7.52226708,8
1790915400,278.9,280.42,278.28,278.28,279.81,30.80755472,21
1790915700,278.52,278.54,278.37,278.54,278.39,3.56341348,4
1790916000,279.15,279.15,278.87,278.88,279.12,4.02383684,5
1790916300,278.75,278.75,278.51,278.7,278.70,0.48193897,3
1790916600,279.0,279.75,279.0,279.75,279.37,4.29977403,5
1790916900,279.52,280.35,279.5,280.28,280.07,31.8510897,13
1790917200,280.06,280.34,279.54,279.82,279.92,0.62676402,6
1790917500,279.42,279.61,278.75,278.75,278.86,13.52584255,11
1790917800,278.7,279.15,278.7,279.15,279.07,15.83963361,8
1790918100,279.37,279.37,278.82,278.89,278.92,1.1060241,4
1790918400,278.89,278.89,278.89,278.89,0.00,0.0,0
