time,open,high,low,close,vwap,volume,count
1790463900,0.0848132,0.0848155,0.0847756,0.0847756,0.0847949,394.45892353,3
1790464200,0.0848547,0.0848547,0.0848547,0.0848547,0.0848547,192.2167,1
1790464500,0.0848561,0.0848561,0.0848561,0.0848561,0.0848561,2989.58,1
1790464800,0.0848802,0.084925,0.0848802,0.084925,0.0848818,5192.2167,2
1790465100,0.0847882,0.0847949,0.0847882,0.0847949,0.0847923,15594.2614619,3
1790465400,0.0848215,0.0848947,0.0848214,0.0848947,0.0848225,12276.2167,3
1790465700,0.0849201,0.0849425,0.0849201,0.0849215,0.0849276,19775.33401309,6
1790466000,0.0849344,0.0849344,0.0848977,0.0848977,0.0849160,12084.0,2
1790466300,0.0849095,0.0849095,0.0849095,0.0849095,0.0849095,10981.4574555,1
1790466600,0.0850204,0.0850204,0.0850052,0.0850052,0.0850056,6212.81033163,3
1790466900,0.0849932,0.0849932,0.0849932,0.0849932,0.0849932,161.03924687,1
1790467200,0.0849542,0.0849733,0.0848413,0.0848413,0.0848994,17746.1986511,4
1790467500,0.0847587,0.0847587,0.0847587,0.0847587,0.0847587,377.54236438,1
1790467800,0.0847587,0.0847587,0.0847587,0.0847587,0.0000000,0.0,0
1790468100,0.0847065,0.0847176,0.0847065,0.0847176,0.0847124,25442.1809333,2
1790468400,0.0847412,0.0847412,0.0847412,0.0847412,0.0847412,9117.0744548,1
1790468700,0.0847558,0.0847558,0.0847301,0.0847301,0.0847339,1878.04193975,2
1790469000,0.0847301,0.0847301,0.0847301,0.0847301,0.0000000,0.0,0
1790469300,0.0847393,0.084744,0.0847393,0.084744,0.0847416,253.2412024,2
1790469600,0.084787,0.084787,0.084787,0.084787,0.0847870,12403.7822347,1
1790469900,0.0846553,0.0846553,0.0846553,0.0846553,0.0846553,5000.0,1
1790470200,0.0845215,0.0845215,0.0844595,0.0844595,0.0844730,277517.45252548,11
1790470500,0.0845512,0.0845512,0.0845512,0.0845512,0.0845512,12636.34068245,1
1790470800,0.0845116,0.0845116,0.0845113,0.0845113,0.0845114,20000.0,4
1790471100,0.0845081,0.0845699,0.0845081,0.0845699,0.0845460,15666.8803059,2
1790471400,0.084607,0.0846962,0.084607,0.0846311,0.0846665,40450.6563363,8
1790471700,0.0846565,0.0846832,0.0845937,0.0845937,0.0846478,33402.0622904,7
1790472000,0.0845937,0.0845937,0.0845937,0.0845937,0.0000000,0.0,0
1790472300,0.0845937,0.0845937,0.0845937,0.0845937,0.0000000,0.0,0
1790472600,0.0844682,0.0844703,0.0844575,0.0844703,0.0844679,15916.35002833,5
1790472900,0.0844145,0.0844231,0.0844145,0.0844231,0.0844154,10315.9723329,2
1790473200,0.0846725,0.0846725,0.0846725,0.0846725,0.0846725,10589.0547533,1
1790473500,0.0846725,0.0846725,0.0846725,0.0846725,0.0000000,0.0,0
1790473800,0.084851,0.0849408,0.084851,0.0849408,0.0848662,45076.54829059,3
1790474100,0.0849408,0.0849408,0.0849408,0.0849408,0.0000000,0.0,0
1790474400,0.0849408,0.0849408,0.0849408,0.0849408,0.0000000,0.0,0
1790474700,0.0848032,0.0849507,0.084712,0.0849507,0.0848689,17377.24545097,4
1790475000,0.0849243,0.0849243,0.0848022,0.0848849,0.0848579,41698.45369914,6
1790475300,0.0848779,0.0848779,0.0848769,0.0848769,0.0848769,12853.3104898,2
1790475600,0.084953,0.084953,0.0849524,0.0849524,0.0849529,14322.8838772,2
1790475900,0.0848423,0.0848461,0.0848423,0.0848461,0.0848460,90729.53442362,7
1790476200,0.0848111,0.0848111,0.0848111,0.0848111,0.0848111,174.09947678,1
1790476500,0.0848111,0.0848111,0.0848111,0.0848111,0.0000000,0.0,0
1790476800,0.0848111,0.0848111,0.0848111,0.0848111,0.0000000,0.0,0
1790477100,0.0847459,0.0847459,0.0846807,0.0846807,0.0847393,1658.08569131,3
1790477400,0.0846807,0.0846807,0.0846807,0.0846807,0.0000000,0.0,0
1790477700,0.0846807,0.0846807,0.0846807,0.0846807,0.0000000,0.0,0
1790478000,0.0846807,0.0846807,0.0846807,0.0846807,0.0000000,0.0,0
1790478300,0.0846812,0.0846812,0.0846744,0.0846744,0.0846770,18110.3264434,2
1790478600,0.0846744,0.0846744,0.0846744,0.0846744,0.0000000,0.0,0
1790478900,0.0846134,0.0846134,0.0846134,0.0846134,0.0846134,683.99234319,1
1790479200,0.0845268,0.0845268,0.084461,0.084461,0.0845189,498.1604584,2
1790479500,0.084461,0.084461,0.084461,0.084461,0.0000000,0.0,0
1790479800,0.084461,0.084461,0.084461,0.084461,0.0000000,0.0,0
1790480100,0.0844878,0.0844878,0.0844253,0.0844253,0.0844426,143686.332585,12
1790480400,0.0844754,0.0844754,0.0844754,0.0844754,0.0844754,295.93188359,1
1790480700,0.0844478,0.0844478,0.0844478,0.0844478,0.0844478,6988.0797594,1
1790481000,0.0844319,0.0844319,0.0844319,0.0844319,0.0844319,6042.0,1
1790481300,0.0843886,0.0844343,0.0843886,0.0844343,0.0844186,303.20735676,2
1790481600,0.0843684,0.0843684,0.0841843,0.0842108,0.0842379,73682.27747751,12
1790481900,0.0841849,0.0842448,0.0841849,0.0842448,0.0842191,469.15862122,3
1790482200,0.0842448,0.0842448,0.0842448,0.0842448,0.0000000,0.0,0
1790482500,0.0844741,0.0844741,0.0843533,0.0843533,0.0844324,80691.17950726,8
1790482800,0.0843143,0.0843878,0.0842982,0.0843759,0.0843677,76249.97007785,7
1790483100,0.0842891,0.0842891,0.0842196,0.0842196,0.0842582,21864.6284598,2
1790483400,0.0841501,0.0841501,0.0841276,0.0841276,0.0841460,726.95810507,3
1790483700,0.0841218,0.0841218,0.08395,0.08395,0.0839764,73077.83970067,9
1790484000,0.08395,0.08395,0.08395,0.08395,0.0000000,0.0,0
1790484300,0.083893,0.0839481,0.0837599,0.0839481,0.0838733,428305.14457588,34
1790484600,0.083916,0.083916,0.083916,0.083916,0.0839160,12201.1992564,1
1790484900,0.0838954,0.0838991,0.0838954,0.0838991,0.0838977,297.42,2
1790485200,0.0840594,0.0841041,0.0840594,0.0840613,0.0840644,10653.07594558,3
1790485500,0.0840613,0.0840613,0.0840613,0.0840613,0.0000000,0.0,0
1790485800,0.0840613,0.0840613,0.0840613,0.0840613,0.0000000,0.0,0
1790486100,0.0842483,0.0842784,0.0842483,0.0842784,0.0842498,2491.48009751,2
1790486400,0.0842409,0.0842409,0.0842409,0.0842409,0.0842409,8051.6646768,1
1790486700,0.0843015,0.0843018,0.0843015,0.0843018,0.0843015,90.65692432,2
1790487000,0.0842098,0.0843501,0.0842098,0.0843448,0.0842895,25559.111052,4
1790487300,0.0843682,0.0847055,0.0843535,0.0845659,0.0845391,24802.06127664,11
1790487600,0.084602,0.084602,0.0845172,0.0845783,0.0845645,19118.34344469,4
1790487900,0.0845783,0.0845783,0.0845783,0.0845783,0.0000000,0.0,0
1790488200,0.0845783,0.0845783,0.0845783,0.0845783,0.0000000,0.0,0
1790488500,0.0846112,0.0846112,0.0846112,0.0846112,0.0846112,37400.07470269,3
1790488800,0.0846113,0.0846561,0.0846113,0.0846561,0.0846502,1545.04607326,3
1790489100,0.0846561,0.0846561,0.0846561,0.0846561,0.0000000,0.0,0
1790489400,0.0848974,0.0851721,0.084864,0.0851721,0.0850451,7430.59447747,11
1790489700,0.0851077,0.0851077,0.0849984,0.085102,0.0850562,44985.16130504,6
1790490000,0.0851137,0.0851137,0.0851137,0.0851137,0.0851137,9399.19190448,1
1790490300,0.0850867,0.0852052,0.0850867,0.0851974,0.0851970,20188.67942462,3
1790490600,0.0850725,0.0850725,0.0849204,0.0849204,0.0850046,26920.51245823,5
1790490900,0.0850967,0.0850968,0.0850967,0.0850968,0.0850967,14000.0,2
1790491200,0.0850565,0.0850565,0.0850493,0.0850493,0.0850500,457.70902891,2
1790491500,0.0852052,0.0852052,0.0852052,0.0852052,0.0852052,6.945e-05,1
1790491800,0.08521,0.08521,0.0851432,0.0851675,0.0852093,21426.72234193,5
1790492100,0.0851574,0.0851709,0.0851391,0.0851391,0.0851448,14653.26258371,7
1790492400,0.0851391,0.0851391,0.0851391,0.0851391,0.0000000,0.0,0
1790492700,0.0852765,0.0852765,0.0850411,0.0850411,0.0851121,89049.59245791,9
1790493000,0.0851348,0.0851857,0.0851,0.0851857,0.0851261,1791.92972406,4
1790493300,0.0851619,0.0851905,0.0851547,0.0851905,0.0851894,3034.44486589,3
1790493600,0.0852649,0.0853103,0.0852649,0.0853103,0.0852935,22220.68305649,3
1790493900,0.0853331,0.0854096,0.0852842,0.0854096,0.0853151,21193.58923605,6
1790494200,0.0853713,0.0856628,0.0853713,0.0856628,0.0855797,30497.52933184,9
1790494500,0.0857,0.0857734,0.0855318,0.0857357,0.0857026,272624.61750566,18
1790494800,0.0856954,0.085799,0.0856456,0.0857828,0.0857082,25745.50435738,8
1790495100,0.0857535,0.0858699,0.0857492,0.085844,0.0857692,29074.31160618,5
1790495400,0.0859346,0.0860657,0.0859346,0.0860335,0.0859843,143823.85253507,16
1790495700,0.0860438,0.0861803,0.0860438,0.0861662,0.0860970,39291.04158478,8
1790496000,0.0860979,0.0861879,0.0860979,0.0861408,0.0861690,63698.32760479,9
1790496300,0.0861525,0.0861525,0.0860309,0.0860309,0.0860686,161.1111,2
1790496600,0.0860662,0.086122,0.0860148,0.0860826,0.0860650,24270.21961821,6
1790496900,0.0860875,0.0861945,0.0860875,0.0861195,0.0861302,89479.09737689,10
1790497200,0.0859227,0.086007,0.0858687,0.0858687,0.0859606,31456.36436609,7
1790497500,0.0858057,0.0858695,0.0858057,0.0858578,0.0858559,8008.65116338,4
1790497800,0.0859427,0.0864734,0.0859427,0.0864518,0.0862867,73399.88772147,17
1790498100,0.0864242,0.0864242,0.0864146,0.0864146,0.0864146,12680.6547677,2
1790498400,0.0861225,0.0861738,0.0861211,0.0861211,0.0861635,145787.41997956,10
1790498700,0.0860477,0.0860619,0.0860477,0.0860619,0.0860601,30913.73942887,4
1790499000,0.0860776,0.0861254,0.0860776,0.086086,0.0861021,58083.22264515,7
1790499300,0.0860498,0.0860498,0.0860158,0.0860274,0.0860418,22784.04868461,7
1790499600,0.0859,0.0859913,0.0858265,0.0858265,0.0859323,32112.1066768,5
1790499900,0.0855739,0.0855739,0.0855301,0.0855308,0.0855325,14130.1611235,3
1790500200,0.0854357,0.0856344,0.085391,0.0856344,0.0855934,84519.95177539,12
1790500500,0.0855661,0.0855661,0.0854755,0.0854755,0.0854769,5078.43045198,2
1790500800,0.085464,0.0855439,0.0854464,0.0855439,0.0855027,18755.0226074,4
1790501100,0.0856201,0.0857024,0.0856006,0.0856006,0.0856564,27655.9531954,6
1790501400,0.0856555,0.0857899,0.0856555,0.0857455,0.0857235,32947.91695471,6
1790501700,0.0856557,0.0857607,0.0856172,0.0857607,0.0856920,44998.30935642,6
1790502000,0.0858369,0.0858727,0.0857886,0.0857886,0.0858256,29048.8722806,5
1790502300,0.0859396,0.086001,0.085926,0.0859834,0.0859581,35878.56134082,7
1790502600,0.0860557,0.0860753,0.0860134,0.0860276,0.0860480,24985.68324346,5
1790502900,0.0859754,0.0860385,0.0859754,0.0860385,0.0860140,27227.93662988,4
1790503200,0.0860616,0.086073,0.0859547,0.0859547,0.0860098,79292.83358359,8
1790503500,0.0859745,0.0860425,0.0859534,0.0860376,0.0859978,84629.65746367,8
1790503800,0.0860063,0.0860735,0.085994,0.0860735,0.0860175,50841.76949816,7
1790504100,0.0861433,0.0861433,0.0861433,0.0861433,0.0861433,10182.106286,1
1790504400,0.0861723,0.08619,0.0861295,0.08619,0.0861450,238717.31220317,28
1790504700,0.0860046,0.0860046,0.0860002,0.0860018,0.0860044,6965.64217478,3
1790505000,0.0859782,0.0859782,0.0859782,0.0859782,0.0859782,19618.97944098,1
1790505300,0.0859284,0.0859284,0.0859067,0.0859067,0.0859071,11862.24367263,2
1790505600,0.0858163,0.0858163,0.0858163,0.0858163,0.0858163,435.90729411,1
1790505900,0.0859655,0.0859655,0.0859655,0.0859655,0.0859655,3530.0,1
1790506200,0.0859499,0.0859499,0.0858018,0.0858018,0.0858276,120741.53952152,27
1790506500,0.0858018,0.0858268,0.0857563,0.0857608,0.0858035,146074.58606191,17
1790506800,0.0857519,0.0857519,0.0856314,0.0856314,0.0856784,159211.04914938,16
1790507100,0.0857159,0.0858464,0.0857159,0.0858464,0.0857668,10956.19549932,8
1790507400,0.085872,0.0859765,0.0858719,0.0859765,0.0858926,10794.978095,5
1790507700,0.0858688,0.085883,0.0857723,0.0857723,0.0858761,21218.69210799,4
1790508000,0.0857515,0.0857646,0.0857462,0.0857646,0.0857642,62331.94905723,7
1790508300,0.0858731,0.0861425,0.0858731,0.0860699,0.0859838,351037.39919841,28
1790508600,0.0859903,0.0859903,0.0859281,0.0859862,0.0859582,48848.12607678,11
1790508900,0.0857921,0.0857921,0.0857858,0.0857858,0.0857878,440.80253328,3
1790509200,0.0858232,0.0858627,0.0858232,0.0858627,0.0858530,4187.82137969,3
1790509500,0.0858777,0.0858777,0.0858777,0.0858777,0.0858777,4000.0,1
1790509800,0.0858517,0.08598,0.0858517,0.08598,0.0858730,3493.27341943,2
1790510100,0.0860999,0.0861186,0.0860172,0.0860172,0.0860772,22414.49770609,4
1790510400,0.0860458,0.0862117,0.0860458,0.0862117,0.0861183,450.76587294,2
1790510700,0.0863997,0.0863997,0.0862547,0.0862547,0.0863002,24925.44508443,6
1790511000,0.0862547,0.0862547,0.0862547,0.0862547,0.0000000,0.0,0
1790511300,0.0862317,0.0862317,0.0862317,0.0862317,0.0862317,127.50518714,1
1790511600,0.0862281,0.0862281,0.0862281,0.0862281,0.0862281,12982.7590768,1
1790511900,0.086253,0.086281,0.086253,0.086281,0.0862534,9435.60831265,3
1790512200,0.0862805,0.0865,0.0862805,0.0865,0.0864226,19994.98476374,6
1790512500,0.0865067,0.086859,0.0865067,0.0868322,0.0867625,54835.42839553,14
1790512800,0.0867066,0.0868303,0.0867066,0.0867407,0.0867318,14266.94307092,5
1790513100,0.0866901,0.086772,0.086678,0.086772,0.0867243,132572.44924591,9
1790513400,0.0867668,0.0868,0.0867347,0.0867475,0.0867865,191570.19510656,18
1790513700,0.0866983,0.0866983,0.0863163,0.0863163,0.0865960,89001.06657642,7
1790514000,0.0862,0.0862,0.0852482,0.0856107,0.0855091,469718.98143841,41
1790514300,0.0854346,0.0856036,0.0853107,0.0856036,0.0854058,262441.21328089,16
1790514600,0.0854734,0.0855872,0.0851948,0.0851948,0.0855212,267747.86450618,31
1790514900,0.0852457,0.0854654,0.0852457,0.0854654,0.0853762,34307.8417331,5
1790515200,0.0855458,0.0855458,0.0855458,0.0855458,0.0855458,50.0,1
1790515500,0.0855458,0.0855458,0.0855458,0.0855458,0.0000000,0.0,0
1790515800,0.0858534,0.0860486,0.0858394,0.0859672,0.0858720,148133.53156495,15
1790516100,0.0856681,0.0856681,0.085495,0.0856167,0.0855699,98507.85143952,8
1790516400,0.0855229,0.0855283,0.0853767,0.0853767,0.0854120,12088.74212219,5
1790516700,0.0853914,0.0856244,0.0853887,0.0856244,0.0854876,4176.85927087,3
1790517000,0.0856641,0.0856641,0.0856516,0.085652,0.0856569,54262.37615244,10
1790517300,0.0858794,0.0859473,0.0858794,0.0859473,0.0859172,14027.1169865,3
1790517600,0.0859686,0.086002,0.0857575,0.0857575,0.0858474,17397.29088338,5
1790517900,0.085744,0.0860088,0.085744,0.0859554,0.0858514,23904.24850097,7
1790518200,0.0860212,0.0860212,0.0858914,0.0858914,0.0859097,54212.93653359,8
1790518500,0.0859374,0.0859374,0.0859374,0.0859374,0.0859374,58.18188588,1
1790518800,0.0855791,0.0855791,0.0854079,0.0854079,0.0854918,174042.30437988,14
1790519100,0.0854496,0.085523,0.0850419,0.0851263,0.0852197,352771.72718302,40
1790519400,0.0851661,0.0853701,0.0851044,0.0853701,0.0852418,27883.79200221,9
1790519700,0.0852833,0.0853699,0.0849708,0.0850578,0.0851951,85640.93777329,11
1790520000,0.0850201,0.0852059,0.0849356,0.0851958,0.0851609,1534.25306054,8
1790520300,0.0851654,0.0852237,0.0846726,0.0848946,0.0847401,293824.28050228,30
1790520600,0.0851616,0.0851616,0.084982,0.085012,0.0850359,28148.93238692,20
1790520900,0.0850442,0.0850442,0.0849256,0.0849544,0.0850074,59253.35350077,11
1790521200,0.0848227,0.0849191,0.0846404,0.0846543,0.0847853,126956.02823386,22
1790521500,0.0846445,0.0849783,0.0845119,0.0849783,0.0847078,280255.55489735,47
1790521800,0.0848507,0.0848507,0.0847234,0.0847995,0.0848271,35773.35801904,9
1790522100,0.0847685,0.0850737,0.0847685,0.0849259,0.0849508,140793.915474,28
1790522400,0.0849524,0.0850245,0.0849039,0.0849039,0.0849468,130128.62706187,24
1790522700,0.08489,0.0850056,0.0846897,0.0850056,0.0848348,80612.31811736,10
1790523000,0.0850254,0.0851863,0.0850254,0.0850347,0.0850832,33391.3868676,5
1790523300,0.0849911,0.0850631,0.0849911,0.0850631,0.0850305,197222.5881578,13
1790523600,0.0849449,0.0850028,0.0849115,0.0849115,0.0849378,74389.070911,7
1790523900,0.0849115,0.0849115,0.0849115,0.0849115,0.0000000,0.0,0
1790524200,0.0850462,0.0850462,0.084945,0.084963,0.0849790,210512.2291437,18
1790524500,0.0850334,0.0851838,0.0850334,0.0851838,0.0850531,12574.16611222,5
1790524800,0.085205,0.0852897,0.0851283,0.0851283,0.0852460,14174.73518056,3
1790525100,0.0853475,0.0853819,0.0853475,0.0853819,0.0853768,12603.67005954,4
1790525400,0.0853945,0.0854144,0.0853865,0.0854144,0.0854033,16200.95377391,3
1790525700,0.0854739,0.0855072,0.0853308,0.0855072,0.0854081,44308.54385109,7
1790526000,0.0855437,0.0855482,0.0855437,0.0855482,0.0855471,13112.913658,2
1790526300,0.085342,0.085342,0.0851897,0.0852163,0.0852301,25840.02305641,6
1790526600,0.0851632,0.0851853,0.0850815,0.0851853,0.0851555,98925.33516212,10
1790526900,0.0851603,0.0851603,0.085052,0.0850837,0.0851238,4515.03550053,12
1790527200,0.0851025,0.0851025,0.0850416,0.0850431,0.0850671,51573.21391628,5
1790527500,0.0850724,0.0850724,0.085003,0.085003,0.0850572,48409.3415799,3
1790527800,0.0849085,0.0849856,0.0849085,0.0849856,0.0849389,57965.98471229,6
1790528100,0.0848966,0.0849162,0.0848966,0.0849162,0.0849160,10928.69118285,2
1790528400,0.0849043,0.0849098,0.0848842,0.0849098,0.0849045,22487.77016,3
1790528700,0.0850693,0.0850693,0.0849296,0.0849296,0.0849776,27629.08553687,10
1790529000,0.0849296,0.0849296,0.0849296,0.0849296,0.0000000,0.0,0
1790529300,0.0851279,0.0851279,0.085075,0.085075,0.0850824,13081.32259298,3
1790529600,0.0851293,0.085156,0.0851293,0.085156,0.0851518,18178.47789,2
1790529900,0.085156,0.085156,0.085156,0.085156,0.0000000,0.0,0
1790530200,0.0849734,0.0850137,0.08496,0.0850137,0.0849920,39369.60596379,7
1790530500,0.0851169,0.0851169,0.085011,0.0850519,0.0850412,82098.13814543,8
1790530800,0.0850336,0.0850336,0.0850336,0.0850336,0.0850336,10718.9722568,2
1790531100,0.0850526,0.0850526,0.0850506,0.0850506,0.0850512,394.11260212,2
1790531400,0.0852164,0.0852164,0.0852083,0.0852083,0.0852154,1015.9096071,2
1790531700,0.0852351,0.0852403,0.0852351,0.0852403,0.0852400,3374.13668944,2
1790532000,0.0851912,0.0851958,0.0851102,0.0851102,0.0851423,15336.79107624,7
1790532300,0.0851227,0.0851508,0.0851227,0.0851508,0.0851236,4137.669473,2
1790532600,0.0853335,0.0853701,0.0853335,0.0853701,0.0853635,17864.445185,2
1790532900,0.0856673,0.0856673,0.0856248,0.0856248,0.0856347,26854.85034205,3
1790533200,0.0856925,0.0858166,0.0856174,0.0856987,0.0856498,290220.47686373,16
1790533500,0.0856566,0.0856566,0.0856566,0.0856566,0.0856566,1342.7831255,1
1790533800,0.0856645,0.0856965,0.0855799,0.0855799,0.0856727,9397.15661204,5
1790534100,0.0855719,0.0855759,0.0855719,0.0855759,0.0855755,1164.81872448,2
1790534400,0.0855289,0.0855984,0.0855289,0.0855984,0.0855878,49426.5395006,6
1790534700,0.0855765,0.0856702,0.0855765,0.0856702,0.0856404,34703.29066066,6
1790535000,0.0857846,0.0857846,0.0857846,0.0857846,0.0857846,85.84478624,1
1790535300,0.085818,0.0858421,0.085818,0.0858421,0.0858248,14948.2255147,2
1790535600,0.0859017,0.0859295,0.0856177,0.0856177,0.0858879,182975.53071283,10
1790535900,0.0855855,0.08562,0.0855855,0.08562,0.0856176,8743.74979963,2
1790536200,0.0856658,0.0856658,0.085574,0.0855829,0.0855804,15882.16234434,6
1790536500,0.0856683,0.0857137,0.0856683,0.0856911,0.0856858,98507.33320009,10
1790536800,0.0855042,0.0855042,0.0855042,0.0855042,0.0855042,6519.11,1
1790537100,0.0855326,0.0855326,0.0855145,0.0855145,0.0855289,1460.17734534,2
1790537400,0.085477,0.0854804,0.0853574,0.0853574,0.0853747,23362.16204988,6
1790537700,0.0853435,0.0855054,0.0853435,0.0854754,0.0854492,128532.9500382,9
1790538000,0.0854759,0.0854759,0.0854206,0.0854206,0.0854404,44843.0191507,4
1790538300,0.0854652,0.0855108,0.0854264,0.0854264,0.0854602,32879.55246846,5
1790538600,0.0854264,0.0854264,0.0854264,0.0854264,0.0000000,0.0,0
1790538900,0.0853082,0.0853129,0.0853082,0.0853129,0.0853090,14868.8346514,2
1790539200,0.0853455,0.0855075,0.0853455,0.0854774,0.0854484,30002.79389722,6
1790539500,0.085551,0.085551,0.0854339,0.0855172,0.0855034,28899.6191207,5
1790539800,0.0856626,0.0856636,0.0856501,0.0856636,0.0856620,11400.43628528,4
1790540100,0.085683,0.085683,0.0856308,0.0856308,0.0856747,12250.8656417,2
1790540400,0.0855676,0.0855676,0.0850984,0.0852046,0.0851781,284729.6765218,34
1790540700,0.0851286,0.0851286,0.0850624,0.0851032,0.0850840,23873.25508348,9
1790541000,0.0851458,0.0851458,0.08511,0.08511,0.0851277,7136.70893263,2
1790541300,0.0852207,0.0852207,0.0852035,0.0852071,0.0852097,31701.0719121,5
1790541600,0.0852617,0.0852617,0.0852617,0.0852617,0.0852617,12895.6491099,1
1790541900,0.0854091,0.0854188,0.0852629,0.0854188,0.0853743,22500.29450189,4
1790542200,0.0852188,0.0852565,0.0850695,0.0850696,0.0851155,35113.82261075,12
1790542500,0.0850438,0.0851661,0.0850438,0.0851391,0.0851240,27287.82840284,4
1790542800,0.0852103,0.0852934,0.0851505,0.0852934,0.0851981,122149.82389207,21
1790543100,0.0853074,0.0853519,0.0853074,0.0853519,0.0853269,21114.91489457,6
1790543400,0.0854695,0.0854695,0.0854695,0.0854695,0.0854695,19618.9794409,1
1790543700,0.0855845,0.085644,0.0854678,0.0855268,0.0855554,361120.43353932,24
1790544000,0.0855129,0.0855148,0.085444,0.085474,0.0854655,33894.98346183,6
1790544300,0.0854399,0.0854399,0.0854189,0.0854189,0.0854379,6016.96031366,2
1790544600,0.0853491,0.0853491,0.0852805,0.0852883,0.0852949,54513.90959379,6
1790544900,0.0850025,0.0850025,0.0848205,0.0849776,0.0849127,78027.085786,13
1790545200,0.0850607,0.0850607,0.0850607,0.0850607,0.0850607,20202.0324534,2
1790545500,0.0853,0.0853314,0.0852871,0.0852871,0.0852880,25789.41870143,8
1790545800,0.0853077,0.0855695,0.0853077,0.0855695,0.0854076,48181.06964932,12
1790546100,0.0855695,0.0855695,0.0855695,0.0855695,0.0000000,0.0,0
1790546400,0.0856029,0.0856029,0.0847799,0.0848048,0.0850093,53644.92114018,10
1790546700,0.0848815,0.0849039,0.0845212,0.0846146,0.0847240,63368.04494888,18
1790547000,0.0846114,0.0846114,0.0841715,0.0842393,0.0843137,70600.65242645,37
1790547300,0.0841166,0.0843499,0.0840574,0.0843413,0.0840992,234609.24134723,21
1790547600,0.0845559,0.0847643,0.0845559,0.0847643,0.0846738,355.02427969,4
1790547900,0.084848,0.084848,0.084848,0.084848,0.0848480,117.85781633,2
1790548200,0.0845849,0.0845871,0.0843188,0.0843188,0.0845730,2014.74588109,3
1790548500,0.084172,0.0842729,0.0841194,0.0842532,0.0842182,34601.4367057,9
1790548800,0.0842355,0.0842355,0.0841596,0.0841596,0.0841975,100.0,2
1790549100,0.0841335,0.0841335,0.0839955,0.0841125,0.0841004,6793.40694583,8
1790549400,0.0841798,0.0843199,0.0841798,0.0843199,0.0842662,38901.90959514,8
1790549700,0.084227,0.0842773,0.084227,0.0842722,0.0842670,17347.8066067,3
1790550000,0.0843193,0.0845321,0.0843193,0.0844673,0.0843630,200626.17033969,17
1790550300,0.0844691,0.0844691,0.0842693,0.0842693,0.0843300,6890.09745958,4
1790550600,0.0843121,0.0844079,0.0843121,0.0843656,0.0843761,24547.4394187,8
1790550900,0.0845304,0.0845304,0.0844585,0.0844596,0.0845212,15505.51173609,5
1790551200,0.0846228,0.0846228,0.0845788,0.0845904,0.0846070,19553.87908523,6
1790551500,0.0846664,0.0847302,0.084635,0.084635,0.0846907,118482.12241837,14
1790551800,0.0845849,0.0847665,0.0845849,0.0846665,0.0846984,108091.25865873,22
1790552100,0.0846062,0.0847031,0.0845535,0.0846936,0.0845948,26217.2665859,9
1790552400,0.0847352,0.0847352,0.0846193,0.0846271,0.0846395,13090.92152341,6
1790552700,0.0845645,0.0848292,0.0845623,0.0848292,0.0847199,78772.16871252,13
1790553000,0.0850296,0.0853193,0.0850296,0.0853193,0.0851144,298298.90176166,31
1790553300,0.085323,0.085323,0.0850911,0.0851195,0.0852250,34958.81114468,20
1790553600,0.0851412,0.0851846,0.085133,0.085133,0.0851652,39447.01059565,6
1790553900,0.0847683,0.0847683,0.0847683,0.0847683,0.0847683,12939.7913085,1
1790554200,0.0847368,0.0848458,0.0847368,0.0848458,0.0848296,14750.32483439,3
1790554500,0.0854135,0.0855072,0.0854135,0.0855072,0.0854944,1506.98294784,4
1790554800,0.0856089,0.0859124,0.0856089,0.0858217,0.0857913,59486.90372097,32
1790555100,0.0857335,0.085882,0.0857144,0.0857144,0.0857527,4241.4899708,8
1790555400,0.0854868,0.0857308,0.0850283,0.0850283,0.0852090,37196.2918275,16
1790555700,0.0850352,0.0850352,0.0848078,0.0848138,0.0848825,29726.47879953,8
1790556000,0.0848138,0.0848138,0.0848138,0.0848138,0.0000000,0.0,0
1790556300,0.0851927,0.085572,0.0851927,0.085572,0.0855564,55011.37625053,9
1790556600,0.0856767,0.0857994,0.0854851,0.0854851,0.0855032,7475.2620115,5
1790556900,0.0852344,0.0852344,0.0849055,0.0849399,0.0850140,43211.67442171,10
1790557200,0.0848175,0.0848944,0.0846776,0.0846924,0.0847470,81057.10783779,31
1790557500,0.0847208,0.0852341,0.0844849,0.0851939,0.0849516,87932.58130685,20
1790557800,0.0846965,0.0848483,0.0846965,0.0847795,0.0847909,21218.85706107,11
1790558100,0.0843752,0.0846889,0.084328,0.0844042,0.0844366,86033.49710031,23
1790558400,0.084675,0.0850796,0.0845828,0.0850536,0.0848667,44838.8582493,11
1790558700,0.0847949,0.08525,0.0847482,0.08525,0.0850865,14400.83930793,6
1790559000,0.0852982,0.0853077,0.0849324,0.0850704,0.0850909,58218.89522217,24
1790559300,0.0849389,0.0849389,0.0848731,0.0848731,0.0849355,3719.8437,2
1790559600,0.0845809,0.0848101,0.0844929,0.0845057,0.0845284,10908.64439086,7
1790559900,0.0844786,0.0846077,0.0838032,0.0838819,0.0839936,258380.00242996,74
1790560200,0.083957,0.084452,0.083713,0.0843762,0.0840911,168686.64495405,65
1790560500,0.0842246,0.0844903,0.0838615,0.0838631,0.0841397,158963.50677378,31
1790560800,0.0837514,0.0838434,0.0832236,0.0835552,0.0835457,415398.23948772,92
1790561100,0.0837346,0.083912,0.0834721,0.083912,0.0835918,132881.17758033,28
1790561400,0.0839177,0.0843113,0.0839177,0.0843113,0.0840703,24861.01614522,13
1790561700,0.0839865,0.0840144,0.0838029,0.0838029,0.0839468,41895.7437605,6
1790562000,0.0839035,0.0839546,0.0837679,0.0839319,0.0838659,111153.09882623,18
1790562300,0.0838277,0.0841014,0.0838277,0.0839113,0.0839327,80937.87376957,6
1790562600,0.0834682,0.0834682,0.0834682,0.0834682,0.0834682,119.80615807,1
1790562900,0.0834418,0.0834599,0.0833231,0.0833231,0.0834169,4501.22282755,4
1790563200,0.0833719,0.0835148,0.0833719,0.083439,0.0834705,51801.64628188,8
1790563500,0.0834521,0.0834805,0.0831999,0.083258,0.0832829,32329.62462681,22
1790563800,0.0833384,0.0833486,0.0833384,0.0833486,0.0833444,21137.7485102,2
1790564100,0.083213,0.083213,0.0831603,0.0831603,0.0831866,379.6874,2
1790564400,0.0832391,0.083397,0.0832219,0.0832219,0.0832578,9948.71516637,4
1790564700,0.0833986,0.0833986,0.083262,0.0833315,0.0833803,13330.2126397,4
1790565000,0.0831908,0.08327,0.0831908,0.08327,0.0832696,127546.06301131,8
1790565300,0.0831683,0.0834182,0.0831574,0.0834182,0.0833993,14390.9381102,4
1790565600,0.0834652,0.083478,0.0832016,0.0832016,0.0833672,1061.4095352,6
1790565900,0.083133,0.083133,0.082455,0.0825712,0.0827957,901582.12570853,126
1790566200,0.0824998,0.0825438,0.082179,0.0823276,0.0824153,171242.87112964,31
1790566500,0.0825318,0.0828943,0.0825318,0.0828943,0.0828496,46074.36277512,12
1790566800,0.082895,0.0830338,0.082895,0.0830338,0.0829872,817.9406643,4
1790567100,0.0828916,0.0829648,0.0828916,0.0829263,0.0828986,52357.65980495,6
1790567400,0.0828465,0.0828501,0.0828451,0.0828501,0.0828466,5193.89348385,5
1790567700,0.0827535,0.0827535,0.0827535,0.0827535,0.0827535,383.37024356,2
1790568000,0.0823127,0.0823127,0.0820237,0.0820484,0.0821610,102769.06178494,45
1790568300,0.0820372,0.0824121,0.0819917,0.0821754,0.0822352,294816.87446604,72
1790568600,0.0822152,0.0824926,0.0822152,0.0824926,0.0822910,51804.48144018,15
1790568900,0.0824788,0.0825316,0.0822264,0.0823193,0.0823474,143833.37593168,22
1790569200,0.0828005,0.0829426,0.0828005,0.0829426,0.0828839,110765.92479272,18
1790569500,0.0828445,0.0828445,0.0828445,0.0828445,0.0828445,126.80863746,1
1790569800,0.0827389,0.0827389,0.0826674,0.0826674,0.0826953,5095.5129234,9
1790570100,0.0826674,0.0826674,0.0826674,0.0826674,0.0000000,0.0,0
1790570400,0.0828316,0.0829463,0.0828316,0.0829463,0.0828733,525.4037,3
1790570700,0.0829463,0.0829463,0.0829463,0.0829463,0.0000000,0.0,0
1790571000,0.0829161,0.082966,0.0829161,0.082966,0.0829166,10340.73784883,3
1790571300,0.0829662,0.0829662,0.0829519,0.0829519,0.0829653,5207.7,2
1790571600,0.0831397,0.0831397,0.0827712,0.0827712,0.0829804,31314.5165721,3
1790571900,0.0828038,0.0829022,0.0828038,0.0828085,0.0828602,41222.86772564,9
1790572200,0.082633,0.082633,0.0823305,0.08244,0.0824001,109747.91300933,22
1790572500,0.0824872,0.0824872,0.0824518,0.0824518,0.0824801,10861.7246221,4
1790572800,0.0823614,0.0823614,0.0822536,0.0822545,0.0822782,15984.13581997,6
1790573100,0.0822489,0.082298,0.0821146,0.0821146,0.0822287,18387.73253021,7
1790573400,0.0820417,0.0820417,0.0814437,0.0814928,0.0816600,693334.93571988,127
1790573700,0.0815465,0.081597,0.0813257,0.081431,0.0814867,58930.67867411,18
1790574000,0.0814867,0.0821362,0.0814867,0.0821362,0.0820047,24955.93315371,11
1790574300,0.0821617,0.0822322,0.0819188,0.0819321,0.0821461,45746.14039178,18
1790574600,0.0818089,0.0818849,0.0817774,0.0818575,0.0818266,59731.4804279,9
1790574900,0.0820234,0.0820234,0.0820234,0.0820234,0.0820234,189.8437,1
1790575200,0.08199,0.0821062,0.0819885,0.0819885,0.0820418,26854.0706619,8
1790575500,0.0820112,0.0823336,0.0820112,0.0822858,0.0822087,55054.83065981,25
1790575800,0.0822932,0.0824341,0.0822932,0.0823823,0.0823800,11131.05838379,8
1790576100,0.0822533,0.0822533,0.081995,0.0819981,0.0821348,56056.80416737,7
1790576400,0.081968,0.081968,0.081757,0.081757,0.0819216,25487.72370004,8
1790576700,0.0817317,0.0817317,0.0817317,0.0817317,0.0817317,650.0,1
1790577000,0.0816509,0.0817808,0.0816509,0.0817808,0.0816746,13097.95358283,3
1790577300,0.0819488,0.0819577,0.0816861,0.0817041,0.0818215,10613.4438718,11
1790577600,0.0817087,0.0819241,0.0817087,0.0819241,0.0819134,6340.4153,4
1790577900,0.08185,0.0819026,0.0817044,0.0817275,0.0817688,57348.80494417,13
1790578200,0.0816967,0.0817974,0.0816967,0.0817974,0.0817687,622.13538872,5
1790578500,0.0816831,0.0817617,0.0816421,0.0816421,0.0817355,183060.81771144,17
1790578800,0.08181,0.0819995,0.08181,0.0819995,0.0819646,9865.84549054,5
1790579100,0.0819171,0.0819171,0.0816514,0.0816865,0.0817727,242688.5548054,37
1790579400,0.0816911,0.0816911,0.0815985,0.0815985,0.0816523,6813.74652598,7
1790579700,0.0817296,0.0817296,0.0816755,0.0816755,0.0817292,14328.28348674,5
1790580000,0.0817191,0.0817191,0.08134,0.08134,0.0814409,21383.321625,10
1790580300,0.0813988,0.0814706,0.0813988,0.0814706,0.0814373,5146.9867947,7
1790580600,0.0815271,0.0815271,0.0812457,0.0814559,0.0812957,154825.09859349,25
1790580900,0.0814706,0.0816153,0.0814706,0.0815493,0.0814753,11201.70011529,8
1790581200,0.0815516,0.0816364,0.0814205,0.0814205,0.0814407,15954.22159618,10
1790581500,0.0814715,0.0814878,0.0814675,0.0814675,0.0814763,65902.10247297,7
1790581800,0.0814389,0.0814389,0.0812163,0.0813481,0.0812809,25264.62601664,11
1790582100,0.0813796,0.0813796,0.0813179,0.0813207,0.0813657,8185.59142521,4
1790582400,0.0812377,0.0816858,0.0812377,0.081511,0.0813865,21273.52505249,8
1790582700,0.0814608,0.0816302,0.0814504,0.0816174,0.0815861,36273.32672785,5
1790583000,0.0816649,0.0818094,0.0816649,0.0818094,0.0816890,7315.78291232,5
1790583300,0.0817928,0.0818389,0.0817216,0.0817216,0.0817636,1552.05162427,9
1790583600,0.0817138,0.0817138,0.0816025,0.0816384,0.0816605,14707.80893932,9
1790583900,0.0815628,0.0816729,0.0815628,0.0815924,0.0816223,20051.08093295,8
1790584200,0.0815924,0.0815924,0.0815924,0.0815924,0.0000000,0.0,0
1790584500,0.0816594,0.0816594,0.081441,0.0814882,0.0815282,5646.31938714,9
1790584800,0.0814886,0.0815688,0.0814457,0.0814513,0.0815279,23942.70417744,6
1790585100,0.0814949,0.0816323,0.0814671,0.0816323,0.0815036,14618.11680974,10
1790585400,0.0815753,0.0819371,0.0815753,0.0818388,0.0818326,73749.81784302,16
1790585700,0.081804,0.081804,0.0817338,0.0817338,0.0817730,44271.73947686,13
1790586000,0.0818239,0.0818239,0.0811055,0.0812866,0.0812342,108726.06866034,51
1790586300,0.0813095,0.0813095,0.0809971,0.0810962,0.0810990,623156.70395931,96
1790586600,0.0811932,0.0812593,0.0811932,0.0812593,0.0812136,461.82683366,4
1790586900,0.0816707,0.0818992,0.0815169,0.0816622,0.0818128,20420.25467513,11
1790587200,0.0817872,0.0818136,0.0817314,0.0817314,0.0818015,25047.9319703,4
1790587500,0.0816245,0.0816245,0.0814201,0.081431,0.0816047,18388.15809075,6
1790587800,0.0814812,0.0815046,0.0813752,0.0813752,0.0814880,5253.82788949,7
1790588100,0.0811608,0.0811608,0.0811608,0.0811608,0.0811608,13277.30646974,1
1790588400,0.0811689,0.0811724,0.081155,0.0811723,0.0811687,18690.51958033,6
1790588700,0.0811668,0.0811668,0.0811612,0.0811612,0.0811616,2233.0321058,2
1790589000,0.0812127,0.0812998,0.0810263,0.081049,0.0810930,89778.59018501,15
1790589300,0.0811477,0.0811844,0.0811477,0.0811844,0.0811726,73579.85880136,12
1790589600,0.0814003,0.0817599,0.0814003,0.0817599,0.0814628,4051.1845075,6
1790589900,0.081579,0.0815995,0.0814303,0.0814303,0.0815287,16289.63788524,10
1790590200,0.081458,0.0815708,0.081458,0.0815063,0.0815162,22707.9247367,5
1790590500,0.0817271,0.0817271,0.0816377,0.0816676,0.0816743,3271.13029762,7
1790590800,0.0816676,0.0816676,0.0816676,0.0816676,0.0000000,0.0,0
1790591100,0.0816543,0.0816973,0.0816543,0.0816973,0.0816726,27890.32837484,7
1790591400,0.0816884,0.0818533,0.0816383,0.0818533,0.0817193,28282.4829707,9
1790591700,0.081931,0.0820556,0.081931,0.0820204,0.0820196,75069.67557331,20
1790592000,0.0820524,0.0820524,0.0819889,0.0819889,0.0820236,24904.9992196,2
1790592300,0.0819666,0.0819666,0.081888,0.081888,0.0819619,23427.21754304,7
1790592600,0.0819004,0.0819873,0.0819004,0.0819031,0.0819365,576.78278033,4
1790592900,0.081854,0.081854,0.0818102,0.0818102,0.0818234,8569.20692656,4
1790593200,0.081863,0.0819673,0.0818573,0.0818812,0.0819051,24401.34317635,13
1790593500,0.0819096,0.0819951,0.081886,0.0819491,0.0819395,54078.83792036,6
1790593800,0.0818573,0.0818573,0.0818048,0.0818475,0.0818489,7998.20292081,7
1790594100,0.0819252,0.0820167,0.0818498,0.0818498,0.0819741,203901.02200144,22
1790594400,0.0818799,0.0819085,0.0817775,0.0819085,0.0818387,100928.10038314,23
1790594700,0.0818922,0.0819047,0.0818922,0.0819047,0.0818984,12084.0,2
1790595000,0.0819047,0.0819047,0.0819047,0.0819047,0.0000000,0.0,0
1790595300,0.0819484,0.0819484,0.0819463,0.0819463,0.0819474,473.6718199,3
1790595600,0.081991,0.0820942,0.0819714,0.0819905,0.0819855,22045.60211616,16
1790595900,0.0819922,0.0820081,0.0818299,0.0818643,0.0818604,34227.69141211,14
1790596200,0.081854,0.081854,0.0818181,0.0818181,0.0818278,898.55,3
1790596500,0.0818072,0.0819518,0.0818072,0.0819148,0.0819014,135403.19346445,18
1790596800,0.0818,0.0819703,0.0816929,0.0819561,0.0818937,18156.93399576,29
1790597100,0.0820861,0.0828663,0.0820861,0.0828663,0.0826699,851901.20224909,99
1790597400,0.0828731,0.082982,0.082533,0.0825487,0.0828273,336259.56978919,32
1790597700,0.0826383,0.0830096,0.0825733,0.0830096,0.0828044,43035.95063345,28
1790598000,0.0829656,0.083055,0.0828283,0.0828522,0.0829401,33105.78112259,7
1790598300,0.0828407,0.0829346,0.0827065,0.0828202,0.0828437,76875.20540905,18
1790598600,0.0828,0.0828507,0.0827521,0.0828507,0.0827703,55412.15033658,9
1790598900,0.0830491,0.0830491,0.0827065,0.0827065,0.0828218,83758.20029946,7
1790599200,0.0826032,0.0826535,0.0825875,0.0826467,0.0826042,63770.54779305,11
1790599500,0.0830968,0.0830968,0.0828656,0.0829741,0.0829755,51653.10121386,5
1790599800,0.082851,0.0831675,0.082851,0.0831675,0.0829740,40662.38736629,7
1790600100,0.0832463,0.0833167,0.0830883,0.0831121,0.0831490,285482.22999789,25
1790600400,0.0829173,0.0829175,0.0828394,0.0828394,0.0828653,9057.04507493,3
1790600700,0.0827173,0.0828048,0.0826993,0.0826993,0.0827277,33548.95245175,7
1790601000,0.0826581,0.0826581,0.0826581,0.0826581,0.0826581,9929.9716495,1
1790601300,0.0828505,0.0828731,0.0826139,0.0826654,0.0826860,46226.30566003,13
1790601600,0.0826464,0.0826568,0.0826464,0.0826561,0.0826554,62454.99733325,3
1790601900,0.0827014,0.0828178,0.0827014,0.0828152,0.0827273,6849.51579393,4
1790602200,0.0828605,0.0828605,0.0825595,0.0826905,0.0826878,65272.19111402,28
1790602500,0.0828318,0.0831336,0.0826102,0.0831124,0.0827386,49015.49722422,15
1790602800,0.0829521,0.0831239,0.0829521,0.0829579,0.0830926,88409.62731302,20
1790603100,0.0830541,0.0830837,0.0828996,0.0829,0.0830044,88404.02533445,12
1790603400,0.0826592,0.082715,0.0825533,0.082715,0.0826462,23507.94783449,6
1790603700,0.0830643,0.0830643,0.0827588,0.0827588,0.0828421,1349.0202,3
1790604000,0.0826819,0.0826819,0.0822591,0.0824182,0.0823265,171393.16685372,19
1790604300,0.0822948,0.0825119,0.0821643,0.0824909,0.0822785,63403.8336087,11
1790604600,0.0822767,0.0823428,0.0820501,0.0820501,0.0821545,16203.5009772,6
1790604900,0.0820536,0.0820536,0.0817747,0.0818666,0.0818960,138790.70815276,32
1790605200,0.0818462,0.0822758,0.0818462,0.0820946,0.0821478,6571.62840834,13
1790605500,0.0822261,0.0822261,0.080925,0.0809649,0.0812956,72404.17653453,32
1790605800,0.0812669,0.0815058,0.081154,0.0814396,0.0813521,133818.70211125,49
1790606100,0.0814646,0.0816484,0.0813933,0.0815813,0.0815287,29496.43461714,13
1790606400,0.0815619,0.0815619,0.080795,0.080927,0.0810690,214882.529741,76
1790606700,0.0810487,0.0813096,0.0809444,0.0809854,0.0810711,101603.11890804,21
1790607000,0.0812165,0.0812458,0.0806024,0.0811463,0.0808055,357717.35320852,96
1790607300,0.0811059,0.0811928,0.0809555,0.0811395,0.0810762,77561.35680629,21
1790607600,0.0812268,0.08151,0.0812268,0.0813026,0.0813305,35304.5690527,12
1790607900,0.0813615,0.0817,0.0812761,0.0817,0.0813542,193043.62290014,12
1790608200,0.0817023,0.0817023,0.0811722,0.0813244,0.0813256,48987.2869426,11
1790608500,0.0811594,0.0812379,0.0809243,0.0810887,0.0810266,21564.61402427,13
1790608800,0.0810899,0.0814523,0.0809423,0.0813926,0.0811157,93208.07669239,31
1790609100,0.0813818,0.0816454,0.0812968,0.0815863,0.0813626,107513.00797193,18
1790609400,0.0815141,0.0815813,0.0814019,0.081535,0.0815174,189592.06114437,28
1790609700,0.0817909,0.0820043,0.0817909,0.0818176,0.0818696,39899.35228805,16
1790610000,0.0818998,0.0819297,0.0817937,0.0818427,0.0818331,53218.33817845,20
1790610300,0.0820923,0.0821005,0.0820923,0.0821005,0.0820964,379.6874,2
1790610600,0.0820547,0.0821525,0.0819958,0.0821524,0.0820156,28583.72238006,11
1790610900,0.0820835,0.0821162,0.0820835,0.0821162,0.0820850,1275.97079166,2
1790611200,0.0821,0.0821,0.0819727,0.0819727,0.0820445,9171.38647097,3
1790611500,0.0819172,0.082301,0.0819172,0.0821382,0.0821353,77456.74482482,15
1790611800,0.0823218,0.0823218,0.082273,0.082273,0.0823085,11033.75679125,2
1790612100,0.0823093,0.082959,0.0823093,0.0827674,0.0825919,288747.70108754,69
1790612400,0.0828497,0.0834349,0.0828355,0.083387,0.0832249,322550.50363916,61
1790612700,0.0833898,0.0834568,0.0832476,0.0832476,0.0833965,38203.35193629,13
1790613000,0.0833904,0.0833988,0.0832089,0.0832644,0.0832317,36659.51627392,11
1790613300,0.0832878,0.0832878,0.0830489,0.0830489,0.0831291,99505.37121232,18
1790613600,0.0830132,0.0830132,0.0830132,0.0830132,0.0830132,7508.8681885,1
1790613900,0.0828829,0.0828829,0.0826005,0.0826005,0.0826856,72281.96098543,11
1790614200,0.0825768,0.0826927,0.0825638,0.0826497,0.0826394,606.75031733,6
1790614500,0.0828527,0.0828741,0.0828391,0.0828391,0.0828550,1446.882183,3
1790614800,0.0828147,0.083042,0.0826903,0.0827299,0.0828655,30226.99935451,17
1790615100,0.0827468,0.0827468,0.0823831,0.0823831,0.0825852,99914.92271638,11
1790615400,0.0823499,0.0835999,0.0823499,0.0835236,0.0829292,221908.21695837,58
1790615700,0.0837345,0.083749,0.0832751,0.0832751,0.0835728,84000.03687176,21
1790616000,0.0832751,0.0832751,0.0832751,0.0832751,0.0000000,0.0,0
1790616300,0.0830882,0.0830882,0.0829903,0.0829903,0.0830441,30246.87899612,17
1790616600,0.0831431,0.0831431,0.0831418,0.0831418,0.0831420,945.8920805,2
1790616900,0.0831357,0.0831357,0.0831274,0.0831274,0.0831315,379.6874,2
1790617200,0.0831881,0.0831881,0.0831881,0.0831881,0.0831881,11644.6889367,1
1790617500,0.0831898,0.0831898,0.0831379,0.0831379,0.0831619,18227.1334612,2
1790617800,0.0831389,0.0831473,0.0831384,0.0831384,0.0831398,1228.22800579,3
1790618100,0.0830753,0.0830847,0.0830753,0.0830847,0.0830840,6611.65147364,3
1790618400,0.0829723,0.0832759,0.0829723,0.0832759,0.0832745,300457.48343737,16
1790618700,0.0833958,0.0833965,0.0832382,0.0832382,0.0833078,18564.56164102,10
1790619000,0.0833986,0.0833986,0.0833986,0.0833986,0.0833986,2861.94237265,1
1790619300,0.0834185,0.0834651,0.0833824,0.0833824,0.0834223,3351.2398017,6
1790619600,0.0833227,0.0833238,0.0833227,0.0833238,0.0833227,14238.260423,2
1790619900,0.083331,0.083331,0.0833254,0.0833268,0.0833270,4288.36122578,3
1790620200,0.0832232,0.0832658,0.0830362,0.0831833,0.0831817,70970.41221467,14
1790620500,0.0832375,0.0833254,0.0831612,0.0832268,0.0832030,8966.52088179,11
1790620800,0.0832264,0.0832264,0.0832014,0.0832014,0.0832210,11790.23399185,4
1790621100,0.0833032,0.0835501,0.0832932,0.0835501,0.0833893,14787.09894575,13
1790621400,0.0835104,0.0836437,0.0834877,0.0834877,0.0835791,20145.88232471,4
1790621700,0.0834877,0.0834877,0.0834877,0.0834877,0.0000000,0.0,0
1790622000,0.0835047,0.0835047,0.0831083,0.0831083,0.0832477,38909.95797391,12
1790622300,0.0829661,0.0829661,0.0826979,0.0826979,0.0827999,25670.40757787,7
1790622600,0.0826776,0.0826926,0.0826303,0.0826463,0.0826528,179379.05066434,19
1790622900,0.0827184,0.0827184,0.0827184,0.0827184,0.0827184,1353.1524,1
1790623200,0.0826801,0.082722,0.0826302,0.082722,0.0827018,18619.02605137,4
1790623500,0.0826319,0.0826319,0.0825474,0.0825474,0.0826084,790.22343942,5
1790623800,0.0825363,0.0825523,0.0823431,0.0823974,0.0824076,14751.81682959,15
1790624100,0.0823089,0.0823089,0.0819178,0.0819972,0.0820083,775310.61714787,42
1790624400,0.0818328,0.0821191,0.0818137,0.0820647,0.0820869,21239.127654,5
1790624700,0.0820609,0.0821991,0.0819329,0.0819329,0.0819826,15370.7418957,17
1790625000,0.0820001,0.082255,0.0819841,0.0821371,0.0821040,23136.35254315,7
1790625300,0.0820933,0.0820933,0.0820489,0.0820489,0.0820734,1297.83813352,2
1790625600,0.0821756,0.0822028,0.0818889,0.0821818,0.0821014,521112.01480625,56
1790625900,0.0825188,0.0825649,0.0825188,0.0825649,0.0825621,45270.73663743,4
1790626200,0.0826008,0.0826082,0.0825058,0.0825448,0.0825664,13898.3765613,12
1790626500,0.082499,0.082499,0.0824273,0.0824292,0.0824299,22838.54849845,4
1790626800,0.082711,0.082711,0.082711,0.082711,0.0827110,1135.0737798,1
1790627100,0.0827687,0.0827687,0.0826953,0.0826953,0.0827152,7163.1505091,14
1790627400,0.0826556,0.0827763,0.0826556,0.0827334,0.0827337,3212.14564595,7
1790627700,0.0826976,0.0827198,0.08266,0.0826909,0.0826948,12836.90779649,6
1790628000,0.0825797,0.0825797,0.0825797,0.0825797,0.0825797,107.40329198,1
1790628300,0.0824926,0.0825222,0.0824926,0.0825222,0.0825202,11118.95586327,2
1790628600,0.0824672,0.0824672,0.0824672,0.0824672,0.0824672,302.94878226,1
1790628900,0.0825204,0.0825993,0.0825204,0.0825993,0.0825209,26933.76006372,2
1790629200,0.0826446,0.0828891,0.0826446,0.0828627,0.0828220,78474.79192242,24
1790629500,0.0828832,0.0828832,0.0826289,0.0826289,0.0826840,47751.87481109,2
1790629800,0.0826059,0.0826059,0.0826059,0.0826059,0.0826059,9580.63834,1
1790630100,0.0826183,0.0826183,0.0823882,0.0825459,0.0824992,13880.87313027,7
1790630400,0.0825341,0.0825341,0.0824497,0.0824497,0.0824818,24316.7430914,4
1790630700,0.0823862,0.0824263,0.0823701,0.0823862,0.0823858,99622.0,10
1790631000,0.0823978,0.0823978,0.0823451,0.0823451,0.0823777,31670.3461892,2
1790631300,0.0823875,0.0823875,0.082305,0.082305,0.0823124,10822.62727242,4
1790631600,0.0821301,0.0821521,0.0821301,0.0821521,0.0821355,8042.0,2
1790631900,0.0821521,0.0821521,0.0821521,0.0821521,0.0000000,0.0,0
1790632200,0.0821352,0.0821352,0.0819238,0.0819238,0.0819777,55643.3211392,11
1790632500,0.0819345,0.0819998,0.0819345,0.0819634,0.0819662,27330.8140799,3
1790632800,0.0817747,0.0817747,0.0815568,0.0816589,0.0817181,16305.05856044,11
1790633100,0.081395,0.0814687,0.0813258,0.0814687,0.0813868,16746.66997341,8
1790633400,0.0815356,0.0815356,0.0815153,0.0815153,0.0815213,109700.08690903,3
1790633700,0.0816644,0.0816653,0.0816644,0.0816653,0.0816645,230.98192448,2
1790634000,0.0816653,0.0816653,0.0816653,0.0816653,0.0000000,0.0,0
1790634300,0.0815973,0.0816696,0.0815973,0.0816696,0.0815995,8509.3770476,3
1790634600,0.0815894,0.0817071,0.0815894,0.0817071,0.0817033,10015.3302492,2
1790634900,0.0817191,0.082035,0.0817191,0.082035,0.0818895,468.889862,3
1790635200,0.0821446,0.0821446,0.0821264,0.0821284,0.0821286,9838.0334131,3
1790635500,0.0821788,0.0821958,0.0821493,0.0821493,0.0821794,24779.6035047,6
1790635800,0.0821826,0.0822155,0.0821826,0.0822155,0.0821961,24155.2990838,2
1790636100,0.0821944,0.082249,0.0821864,0.0822326,0.0821934,18723.10595034,6
1790636400,0.0822217,0.082545,0.0822217,0.0825265,0.0823056,24247.16825897,9
1790636700,0.0824085,0.0824085,0.0822961,0.0822961,0.0822969,8546.6877413,3
1790637000,0.082234,0.082234,0.082187,0.082187,0.0821913,536.694976,2
1790637300,0.0823237,0.0823762,0.0823237,0.0823537,0.0823457,31533.0408201,5
1790637600,0.0824197,0.0824197,0.0823168,0.0823933,0.0823590,118620.96027306,13
1790637900,0.0823933,0.0823933,0.0823933,0.0823933,0.0000000,0.0,0
1790638200,0.0824728,0.0824864,0.0824331,0.0824331,0.0824662,12251.12968712,7
1790638500,0.0824562,0.0824917,0.0824562,0.0824917,0.0824734,35555.0693731,3
1790638800,0.0824946,0.082524,0.0824946,0.082524,0.0825124,33669.6121794,7
1790639100,0.0824476,0.0825905,0.0824476,0.0825905,0.0825001,641.12019848,3
1790639400,0.0825355,0.0825604,0.0825355,0.0825556,0.0825492,3146.65381573,6
1790639700,0.0826021,0.0826304,0.0825697,0.082615,0.0826053,61025.69724787,11
1790640000,0.082615,0.082615,0.082615,0.082615,0.0000000,0.0,0
1790640300,0.0827059,0.0827059,0.0827059,0.0827059,0.0827059,86.04195552,1
1790640600,0.0826944,0.0828663,0.0826944,0.0828663,0.0828440,1911.2351368,3
1790640900,0.0826137,0.0826137,0.0825853,0.0825897,0.0825893,10960.43819954,3
1790641200,0.0825962,0.0825962,0.0825962,0.0825962,0.0825962,1290.37,1
1790641500,0.0827681,0.0827927,0.0827681,0.0827852,0.0827814,4439.29117246,4
1790641800,0.082887,0.082959,0.082887,0.082959,0.0829263,759.06932419,3
1790642100,0.0831,0.0831212,0.0830477,0.0831212,0.0831020,9270.98613102,6
1790642400,0.0829935,0.0829935,0.0829873,0.0829873,0.0829884,11465.0562636,2
1790642700,0.0828452,0.0828452,0.0828452,0.0828452,0.0828452,2216.539563,1
1790643000,0.0824567,0.0824567,0.082446,0.082446,0.0824515,27333.1888816,2
1790643300,0.0824734,0.0824734,0.0824336,0.0824632,0.0824541,19636.7195602,3
1790643600,0.0823561,0.0823946,0.0823529,0.082355,0.0823721,45423.73821629,5
1790643900,0.0823332,0.0823332,0.0820482,0.0820482,0.0821544,801.58013083,4
1790644200,0.0820408,0.0820408,0.081927,0.081927,0.0819612,23842.37416292,6
1790644500,0.0818137,0.0818206,0.0815985,0.0815985,0.0817650,26405.95003104,5
1790644800,0.0818068,0.0818878,0.0818068,0.081886,0.0818259,22320.14052923,5
1790645100,0.081701,0.081701,0.0812782,0.0812782,0.0813659,877.02973975,4
1790645400,0.081401,0.081401,0.0811,0.0811247,0.0812281,35092.5083523,7
1790645700,0.0809487,0.0811891,0.0808931,0.0811891,0.0810221,59188.16366146,12
1790646000,0.0811114,0.0814819,0.0811114,0.081302,0.0812836,51241.67396878,5
1790646300,0.0813844,0.0817501,0.0813844,0.0814767,0.0814493,36050.32590915,8
1790646600,0.0813989,0.0815639,0.0812682,0.0815387,0.0813521,47690.88536037,9
1790646900,0.081563,0.0816193,0.081563,0.0815899,0.0815922,200.0,4
1790647200,0.0815375,0.0815375,0.0815041,0.0815266,0.0815228,75050.0,5
1790647500,0.0814315,0.0814315,0.081169,0.081169,0.0813626,23703.79477965,7
1790647800,0.081077,0.081077,0.0809326,0.0809326,0.0810579,14763.83995221,4
1790648100,0.0814283,0.0814283,0.0814077,0.0814077,0.0814133,335.19774416,2
1790648400,0.0810399,0.0811938,0.0810399,0.0811938,0.0810540,78971.36396174,7
1790648700,0.0810573,0.0810573,0.0810573,0.0810573,0.0810573,108.53200961,1
1790649000,0.0808407,0.0808889,0.0808117,0.0808117,0.0808575,19210.05954,3
1790649300,0.0808172,0.0810794,0.0808043,0.0810794,0.0809522,21998.60357198,6
1790649600,0.081152,0.0812633,0.081152,0.0812552,0.0812076,15744.6267883,4
1790649900,0.0812815,0.0813793,0.0812815,0.0813084,0.0813016,16814.9623246,4
1790650200,0.0811807,0.0811807,0.0811807,0.0811807,0.0811807,50.0,1
1790650500,0.0810744,0.081168,0.0810744,0.081168,0.0811267,23457.26050254,5
1790650800,0.081299,0.0814296,0.0811328,0.0811328,0.0813052,11012.41504049,5
1790651100,0.0811527,0.0812423,0.0811527,0.0812423,0.0811531,9984.74803258,2
1790651400,0.0811158,0.0812027,0.0811158,0.0811522,0.0811523,8678.84113857,4
1790651700,0.0811255,0.0813775,0.0811255,0.0813109,0.0812838,29218.54733371,10
1790652000,0.0815938,0.0817764,0.0815938,0.0817764,0.0816520,20609.0725629,5
1790652300,0.0819724,0.0820043,0.0819724,0.0819996,0.0820029,1967.01361648,5
1790652600,0.081892,0.0820715,0.081892,0.0820715,0.0818935,14263.07500933,2
1790652900,0.0820749,0.0821119,0.0820125,0.0820125,0.0820568,182.59596657,3
1790653200,0.0819775,0.0820502,0.0819775,0.0820502,0.0820135,24967.1885094,2
1790653500,0.081982,0.081982,0.081982,0.081982,0.0819820,50.0,1
1790653800,0.0819919,0.0819919,0.0819919,0.0819919,0.0819919,585.49437681,1
1790654100,0.0819333,0.0819333,0.0819333,0.0819333,0.0819333,12169.0886575,1
1790654400,0.0819738,0.0819738,0.081826,0.081826,0.0818668,675.79901484,2
1790654700,0.0817038,0.0817038,0.0816166,0.0816166,0.0817019,5107.8623573,2
1790655000,0.0816166,0.0816166,0.0816166,0.0816166,0.0000000,0.0,0
1790655300,0.0816166,0.0816166,0.0816166,0.0816166,0.0000000,0.0,0
1790655600,0.0820339,0.082068,0.0820311,0.082068,0.0820669,10301.66592752,3
1790655900,0.0821142,0.0821142,0.0821142,0.0821142,0.0821142,50.0,1
1790656200,0.0820545,0.0820545,0.0819077,0.0819077,0.0820525,12158.8635904,3
1790656500,0.0817694,0.0817694,0.0817694,0.0817694,0.0817694,8505.4137667,1
1790656800,0.0818861,0.0819304,0.0818774,0.0818774,0.0819106,63652.56402003,6
1790657100,0.0818774,0.0818774,0.0818774,0.0818774,0.0000000,0.0,0
1790657400,0.0818774,0.0818774,0.0818774,0.0818774,0.0000000,0.0,0
1790657700,0.0818774,0.0818774,0.0818774,0.0818774,0.0000000,0.0,0
1790658000,0.082112,0.082112,0.0820333,0.0820333,0.0821005,679.43894276,2
1790658300,0.0820333,0.0820333,0.0820333,0.0820333,0.0000000,0.0,0
1790658600,0.0820987,0.0820987,0.0820987,0.0820987,0.0820987,9697.9364656,1
1790658900,0.0820576,0.0820576,0.0820576,0.0820576,0.0820576,406.69978695,1
1790659200,0.0822046,0.0823896,0.0821891,0.0823896,0.0823301,18483.52617731,6
1790659500,0.0823803,0.0823803,0.0823552,0.0823607,0.0823605,69629.71349055,7
1790659800,0.0821258,0.0821258,0.0820005,0.0820005,0.0820074,10583.4234803,2
1790660100,0.0816859,0.0816859,0.0816203,0.0816203,0.0816247,12728.59939218,2
1790660400,0.0821062,0.0821062,0.0821062,0.0821062,0.0821062,1096.875,1
1790660700,0.0821378,0.0822886,0.0820961,0.0822875,0.0821344,83980.93101473,12
1790661000,0.0824341,0.0824758,0.0824341,0.0824519,0.0824586,22758.0743733,4
1790661300,0.0825754,0.0826165,0.0825754,0.0826165,0.0826156,12488.66421747,3
1790661600,0.082677,0.082677,0.0826686,0.08267,0.0826689,14214.8966107,3
1790661900,0.082822,0.082959,0.0827946,0.082959,0.0828266,9516.9894132,4
1790662200,0.0830234,0.0832463,0.0830234,0.0832463,0.0831288,139503.22907123,12
1790662500,0.0830079,0.0830835,0.0828275,0.0828754,0.0830206,146692.51150948,11
1790662800,0.0829598,0.0829598,0.0829598,0.0829598,0.0829598,13389.020402,1
1790663100,0.0829785,0.0829894,0.0829055,0.0829055,0.0829348,19966.78882444,3
1790663400,0.0829055,0.0829055,0.0829055,0.0829055,0.0000000,0.0,0
1790663700,0.0830708,0.0830708,0.0830013,0.0830013,0.0830189,1382.31378684,2
1790664000,0.0830223,0.0830223,0.0830223,0.0830223,0.0830223,4000.0,1
1790664300,0.083076,0.083076,0.083076,0.083076,0.0830760,2400.57351247,1
1790664600,0.0832393,0.0834048,0.0832393,0.0833797,0.0833429,67323.09049253,7
1790664900,0.083399,0.0834568,0.0833767,0.0833767,0.0833992,819.93754893,3
1790665200,0.0832222,0.0833029,0.0832222,0.0833029,0.0832834,47580.98976732,3
1790665500,0.0834486,0.0835679,0.0834486,0.0835679,0.0835080,20167.6484067,3
1790665800,0.0834788,0.0835352,0.0834788,0.0835352,0.0835139,25688.39870207,3
1790666100,0.0835665,0.0835665,0.0834618,0.0834618,0.0834885,116591.24957253,8
1790666400,0.0835533,0.0835533,0.0835533,0.0835533,0.0835533,358.90490934,1
1790666700,0.0835739,0.0835739,0.0835679,0.0835679,0.0835682,9736.5406073,2
1790667000,0.0835147,0.0837574,0.0833976,0.0837076,0.0834809,121619.12365476,15
1790667300,0.0837073,0.08383,0.0837003,0.08383,0.0837201,730.24375886,3
1790667600,0.083815,0.083815,0.0837661,0.0837661,0.0837933,604.6207569,2
1790667900,0.0836989,0.0837394,0.0836989,0.0837261,0.0837301,33382.6448272,10
1790668200,0.0837701,0.0837701,0.0836981,0.0836981,0.0837469,24521.24979361,5
1790668500,0.0838291,0.0838291,0.0836799,0.0836799,0.0837659,31033.53986483,5
1790668800,0.08365,0.08365,0.08365,0.08365,0.0836500,298.8643156,1
1790669100,0.0835225,0.0835225,0.0834405,0.0834704,0.0834854,97045.31450191,11
1790669400,0.0834982,0.0836586,0.0834982,0.083645,0.0836288,14313.12382756,4
1790669700,0.0836362,0.083761,0.0836362,0.0836994,0.0837104,54226.35264016,9
1790670000,0.0837352,0.0840372,0.0837352,0.0837904,0.0838712,37861.43960262,9
1790670300,0.0839755,0.0839755,0.0838079,0.0838079,0.0838591,16255.92607933,5
1790670600,0.0837923,0.0837923,0.0834699,0.0834794,0.0836015,28097.9527887,9
1790670900,0.0835106,0.083511,0.083312,0.083511,0.0833922,34163.30989567,11
1790671200,0.0835065,0.0835303,0.083474,0.083474,0.0834893,18282.67121981,4
1790671500,0.0834942,0.0836556,0.0834942,0.0836556,0.0836334,14563.27997587,3
1790671800,0.083618,0.083618,0.083618,0.083618,0.0836180,6727.694834,1
1790672100,0.0836906,0.0837112,0.0836906,0.0837112,0.0836929,4877.4050388,2
1790672400,0.0837816,0.0837816,0.0837816,0.0837816,0.0837816,5535.80788,1
1790672700,0.0836032,0.0836032,0.0836032,0.0836032,0.0836032,3841.248876,1
1790673000,0.0835498,0.0837021,0.0835498,0.0836945,0.0835916,42765.33799946,8
1790673300,0.0837738,0.0838117,0.0837738,0.0838117,0.0837991,1785.14941425,2
1790673600,0.0838398,0.0838966,0.0836973,0.0836973,0.0837446,232625.28297307,10
1790673900,0.0838069,0.0838934,0.0838069,0.083825,0.0838096,46773.486346,4
1790674200,0.0839981,0.0840109,0.0839981,0.0840109,0.0840087,1013.48027053,2
1790674500,0.0840397,0.0841575,0.0839711,0.0841575,0.0840598,35552.67768142,9
1790674800,0.0841764,0.0841764,0.084056,0.084085,0.0840842,6250.20930958,3
1790675100,0.08407,0.0842978,0.0840186,0.0842978,0.0841171,19293.99480306,7
1790675400,0.0843457,0.0845772,0.0843377,0.0843701,0.0844115,142451.41589325,26
1790675700,0.0843573,0.0843573,0.0842582,0.084311,0.0842914,71894.00078272,5
1790676000,0.0841846,0.0843043,0.084177,0.0842598,0.0841934,48124.13171753,4
1790676300,0.0841733,0.0841733,0.0841733,0.0841733,0.0841733,13430.1961288,1
1790676600,0.0842602,0.084304,0.0842348,0.0842522,0.0842663,18127.96576407,7
1790676900,0.0841209,0.0841209,0.083999,0.083999,0.0840838,10776.8500016,7
1790677200,0.0839707,0.0839789,0.0839281,0.0839292,0.0839428,38312.40644145,5
1790677500,0.0839685,0.0839685,0.0839434,0.0839434,0.0839477,5276.42380587,4
1790677800,0.0838825,0.0838864,0.0838517,0.0838517,0.0838689,636.42681936,4
1790678100,0.0837819,0.0837819,0.0837142,0.0837142,0.0837338,8269.21986981,4
1790678400,0.0836717,0.0836717,0.0836717,0.0836717,0.0836717,11457.9773576,1
1790678700,0.0837251,0.0837251,0.0836659,0.0836659,0.0837154,13370.4436685,3
1790679000,0.0836852,0.0837268,0.0836852,0.0837268,0.0837235,2777.39542084,2
1790679300,0.0837607,0.0837607,0.0836926,0.0837048,0.0837437,9656.5829813,4
1790679600,0.0837121,0.0838473,0.0837121,0.0837161,0.0837650,21434.68339653,7
1790679900,0.083903,0.083903,0.0837449,0.0837449,0.0838162,4375.0078821,4
1790680200,0.0837288,0.0837334,0.0837288,0.0837334,0.0837331,3031.89162179,2
1790680500,0.08367,0.08375,0.0836589,0.08375,0.0836868,15427.21285704,5
1790680800,0.08375,0.08375,0.08375,0.08375,0.0000000,0.0,0
1790681100,0.0837737,0.0837737,0.0837314,0.0837314,0.0837699,2636.26492118,2
1790681400,0.0838443,0.0838443,0.0838443,0.0838443,0.0838443,3269.38354,1
1790681700,0.0841183,0.0841443,0.0841183,0.0841443,0.0841203,5592.74494606,2
1790682000,0.0841602,0.0841602,0.0841126,0.0841507,0.0841424,11257.36869195,6
1790682300,0.0843271,0.0843557,0.0843271,0.084341,0.0843442,11233.88292707,3
1790682600,0.0844827,0.0845424,0.0842451,0.0843635,0.0844536,26882.56855768,10
1790682900,0.0843669,0.0844707,0.0843669,0.0844165,0.0844108,29172.81848894,6
1790683200,0.0842969,0.0844447,0.0842693,0.0843489,0.0843629,102999.73167999,18
1790683500,0.0842681,0.0842732,0.0842,0.0842732,0.0842330,42328.491614,6
1790683800,0.084282,0.0843313,0.084282,0.0843313,0.0843256,21453.942014,3
1790684100,0.0845072,0.084648,0.0843179,0.0843179,0.0844108,38868.26402341,9
1790684400,0.0843997,0.0843997,0.0842398,0.0842466,0.0843210,42497.99575157,6
1790684700,0.0842123,0.0842123,0.0842123,0.0842123,0.0842123,2266.40055248,1
1790685000,0.0844454,0.0844944,0.0844454,0.084466,0.0844673,29950.81138467,6
1790685300,0.0847527,0.0848517,0.0847527,0.0848395,0.0848208,46170.66822553,5
1790685600,0.0847361,0.0847361,0.0846962,0.0846962,0.0847261,12570.11019926,3
1790685900,0.0847531,0.0847531,0.0845299,0.0845299,0.0845906,16092.79116373,6
1790686200,0.084563,0.0845762,0.0844572,0.0845345,0.0845087,27563.78620294,10
1790686500,0.0845496,0.0845754,0.0845496,0.0845542,0.0845567,14829.7735128,3
1790686800,0.0845214,0.0845214,0.0844461,0.0844461,0.0845060,581.85314138,2
1790687100,0.0845102,0.0845403,0.0845102,0.0845403,0.0845214,8462.44897299,3
1790687400,0.0848338,0.0848642,0.0846781,0.0846781,0.0847504,96640.33099542,7
1790687700,0.0845729,0.0848717,0.0845729,0.0848717,0.0846582,33316.11110441,4
1790688000,0.0847283,0.0847283,0.0846918,0.0847045,0.0847094,217473.35132185,12
1790688300,0.0845756,0.0847918,0.0845755,0.0847626,0.0847577,7662.590227,5
1790688600,0.0845979,0.0846102,0.0843687,0.0844172,0.0845045,46730.69436088,11
1790688900,0.0843684,0.0846244,0.0842072,0.084491,0.0843442,267126.36384831,27
1790689200,0.0845804,0.0845804,0.0845053,0.0845053,0.0845713,14714.31353854,2
1790689500,0.0844748,0.0844748,0.0843351,0.0844217,0.0843744,108380.07609399,10
1790689800,0.0844842,0.0846713,0.0844842,0.0846381,0.0846013,31958.74945641,3
1790690100,0.0846316,0.0846316,0.0843794,0.0843794,0.0844228,300582.86561,15
1790690400,0.0844952,0.0844952,0.084138,0.0841877,0.0842022,38896.82513191,7
1790690700,0.0841028,0.0841531,0.0839152,0.0841237,0.0840810,104168.51498488,13
1790691000,0.0840195,0.0840195,0.0840195,0.0840195,0.0840195,7035.7089318,1
1790691300,0.0839452,0.0842774,0.0838699,0.0842774,0.0840414,35063.75696141,10
1790691600,0.0843254,0.0843254,0.0839763,0.0839838,0.0841742,58362.82214091,11
1790691900,0.0841952,0.0842807,0.0841952,0.0842807,0.0842182,416.75523385,2
1790692200,0.0843172,0.0843808,0.0843172,0.0843808,0.0843198,13464.00143685,2
1790692500,0.0842895,0.0843629,0.0840659,0.0843629,0.0841926,25303.4878172,5
1790692800,0.0844675,0.0844852,0.0844135,0.0844135,0.0844509,52148.60268619,9
1790693100,0.0844053,0.0846454,0.0844053,0.0844926,0.0845441,86440.59098739,10
1790693400,0.0843942,0.0844169,0.0842959,0.0844169,0.0843082,22712.31638747,4
1790693700,0.0844679,0.0844679,0.0844073,0.0844073,0.0844144,13173.52845059,3
1790694000,0.0840315,0.0840858,0.0837599,0.0837599,0.0840408,283821.1525393,25
1790694300,0.0836039,0.0836039,0.083497,0.083497,0.0835404,40581.81091909,6
1790694600,0.0838945,0.0838945,0.0833683,0.0833683,0.0836885,19448.62023788,7
1790694900,0.0835152,0.0836865,0.0832952,0.0832952,0.0836373,95681.69817082,12
1790695200,0.0833397,0.0833397,0.0827595,0.0827595,0.0830978,230181.4642213,47
1790695500,0.0826249,0.0826249,0.0823638,0.0825407,0.0825104,84855.12861404,15
1790695800,0.0825655,0.0829547,0.0825655,0.082858,0.0827706,80036.1252547,16
1790696100,0.0826722,0.0828795,0.0826722,0.082875,0.0827897,33045.20782419,31
1790696400,0.0829594,0.0830852,0.0828305,0.0828305,0.0830546,116127.96492448,12
1790696700,0.0829699,0.0830218,0.0826572,0.0830218,0.0828690,149436.94513968,27
1790697000,0.0830329,0.0830329,0.0825354,0.0825354,0.0828730,30527.122603,6
1790697300,0.0827033,0.0827423,0.0826125,0.0826494,0.0826896,22247.95094408,5
1790697600,0.0826728,0.0828965,0.0826728,0.0828418,0.0827027,31741.93982098,15
1790697900,0.0827693,0.0828928,0.0827693,0.082853,0.0828723,95187.43722951,14
1790698200,0.083,0.0830677,0.0829849,0.0829849,0.0830069,63957.01481457,3
1790698500,0.0829535,0.0831836,0.0829126,0.0830799,0.0830548,76865.14663259,11
1790698800,0.0831922,0.0831922,0.0831001,0.0831001,0.0831753,4207.214253,2
1790699100,0.0831776,0.0831776,0.0831776,0.0831776,0.0831776,86.41761791,1
1790699400,0.0828439,0.0828439,0.0828439,0.0828439,0.0828439,10549.4035727,3
1790699700,0.0829916,0.0831585,0.0829916,0.0831396,0.0831163,9790.73170715,6
1790700000,0.0828433,0.0828433,0.0825646,0.0825892,0.0826645,44986.29042455,7
1790700300,0.0826138,0.0826163,0.0823046,0.0823133,0.0824867,54753.43328012,7
1790700600,0.0823754,0.0825706,0.0821313,0.0821313,0.0822340,8684.08924793,4
1790700900,0.082062,0.0822774,0.0820285,0.0822774,0.0821282,15514.93649713,4
1790701200,0.0824637,0.0824637,0.0824637,0.0824637,0.0824637,11957.214615,1
1790701500,0.0825441,0.0827653,0.0825441,0.082734,0.0826800,36927.68904369,6
1790701800,0.082676,0.0827189,0.0825661,0.0826038,0.0826847,99815.26860768,12
1790702100,0.0826504,0.0826504,0.0823812,0.0823875,0.0825313,24698.44938989,4
1790702400,0.0822004,0.0822949,0.0821448,0.0822949,0.0821854,31747.666107,6
1790702700,0.0822521,0.0823535,0.0822521,0.0823535,0.0823252,19315.1841067,4
1790703000,0.0824,0.0825157,0.0824,0.0825108,0.0824509,49617.35366097,7
1790703300,0.0823705,0.0823705,0.0823202,0.0823202,0.0823438,106.14137384,2
1790703600,0.0823966,0.082525,0.0823966,0.0824376,0.0824563,42114.43696257,9
1790703900,0.0823706,0.0824145,0.0822245,0.0822245,0.0822418,15354.37379844,7
1790704200,0.0820802,0.082299,0.0820263,0.082299,0.0821594,13716.10990147,15
1790704500,0.0822312,0.0822937,0.0822106,0.0822937,0.0822928,123593.12409579,6
1790704800,0.0823802,0.0825676,0.0823802,0.0825535,0.0824587,52990.59233526,12
1790705100,0.0826142,0.082707,0.082414,0.0824623,0.0825225,33187.99220221,6
1790705400,0.0824347,0.0824347,0.0824347,0.0824347,0.0824347,91.29981144,1
1790705700,0.0827317,0.0827317,0.0826254,0.0826539,0.0827139,12976.2244597,14
1790706000,0.0828066,0.0829078,0.0828066,0.0829078,0.0828438,3291.02230756,6
1790706300,0.0829116,0.0829116,0.0828463,0.0828929,0.0828901,36575.09326256,6
1790706600,0.0828739,0.0828898,0.0828739,0.0828898,0.0828810,19074.3950617,3
1790706900,0.0828642,0.0829299,0.0828642,0.0829299,0.0829161,8784.584493,3
1790707200,0.0829211,0.0831743,0.0829211,0.0831079,0.0830567,67158.00074091,13
1790707500,0.0830994,0.0830994,0.0829928,0.0829928,0.0830934,1764.819829,2
1790707800,0.0830066,0.0830116,0.0830066,0.0830116,0.0830076,12948.58195329,2
1790708100,0.0829677,0.0830406,0.0829641,0.0830199,0.0830020,8963.90472538,5
1790708400,0.0830559,0.0830559,0.0830559,0.0830559,0.0830559,2452.249994,1
1790708700,0.0832053,0.0832053,0.0831636,0.0831636,0.0831711,16906.80325654,3
1790709000,0.0831013,0.0831013,0.0830499,0.0830499,0.0830668,490.0531318,2
1790709300,0.0829605,0.083135,0.0829605,0.0831063,0.0831149,7614.32415239,5
1790709600,0.0830099,0.0830313,0.0829966,0.0830177,0.0830237,9945.550401,4
1790709900,0.0831329,0.0831379,0.0831329,0.0831379,0.0831376,1173.52195511,2
1790710200,0.0829907,0.0830242,0.0829907,0.0830242,0.0830197,12106.002967,2
1790710500,0.0830074,0.0830074,0.0829962,0.0829962,0.0829970,3188.593101,2
1790710800,0.0830348,0.0830348,0.0826071,0.0826833,0.0827701,36222.76217213,12
1790711100,0.0825277,0.0827197,0.0824828,0.0826277,0.0826227,73874.61105314,11
1790711400,0.0826192,0.0826192,0.0825693,0.0825929,0.0825920,19518.55738142,4
1790711700,0.0825111,0.0825371,0.0825111,0.0825371,0.0825334,66040.63740661,7
1790712000,0.0826911,0.0826911,0.0824579,0.0825501,0.0825508,11034.6251335,3
1790712300,0.0825501,0.0825501,0.0825501,0.0825501,0.0000000,0.0,0
1790712600,0.0825795,0.0825795,0.0824769,0.0825549,0.0824865,21662.94845939,3
1790712900,0.0828195,0.0828195,0.0828195,0.0828195,0.0828195,50.0,1
1790713200,0.082998,0.0830281,0.082998,0.0830281,0.0830277,10639.30026831,2
1790713500,0.0831638,0.0831638,0.0830522,0.0830522,0.0831435,14548.37593978,5
1790713800,0.0829728,0.0830673,0.0829103,0.0829126,0.0829482,34326.24670342,7
1790714100,0.0829813,0.0829894,0.0829813,0.0829894,0.0829813,9928.8070794,2
1790714400,0.0829859,0.0830126,0.0829842,0.0830117,0.0830052,5099.9245014,4
1790714700,0.0829071,0.0829662,0.0829071,0.0829662,0.0829521,6554.064911,2
1790715000,0.0829537,0.0829636,0.0829058,0.0829328,0.0829296,18860.42066006,6
1790715300,0.0828962,0.0829629,0.0828962,0.0829184,0.0829405,11097.5333953,6
1790715600,0.0828798,0.0829675,0.0827115,0.0828183,0.0828488,134119.19766471,17
1790715900,0.0828634,0.0829519,0.0828634,0.0829158,0.0829443,151758.10271257,13
1790716200,0.0829987,0.0830647,0.0829954,0.0830505,0.0830353,26123.8889057,5
1790716500,0.0830416,0.0830416,0.0829173,0.0829173,0.0829533,32745.55908504,8
1790716800,0.0827958,0.0827958,0.0827958,0.0827958,0.0827958,1973.004665,1
1790717100,0.0826649,0.0826649,0.0826124,0.0826124,0.0826373,28184.59993279,9
1790717400,0.0827832,0.0828483,0.08271,0.0828293,0.0827771,11667.6646346,9
1790717700,0.0828041,0.0828476,0.0827859,0.0828476,0.0828087,13700.65633412,5
1790718000,0.0828607,0.0828607,0.0828033,0.0828033,0.0828199,12277.27917205,4
1790718300,0.0827084,0.0828624,0.0827084,0.0828624,0.0828103,31171.44083863,5
1790718600,0.0828974,0.0829733,0.0828974,0.0829733,0.0829709,2724.92702354,3
1790718900,0.0829733,0.0829733,0.0829733,0.0829733,0.0000000,0.0,0
1790719200,0.083104,0.08321,0.0830473,0.08321,0.0831066,10114.75294354,4
1790719500,0.0831134,0.0831392,0.0830656,0.0830656,0.0830982,7873.688711,5
1790719800,0.0831122,0.0832209,0.0830819,0.0832209,0.0832055,6460.54487844,5
1790720100,0.0830919,0.0831086,0.0829356,0.0831086,0.0830497,28878.2423446,21
1790720400,0.0829782,0.0830693,0.0829515,0.0830693,0.0830309,5479.18585555,8
1790720700,0.0831043,0.0831043,0.0829603,0.0829603,0.0830147,2639.257794,2
1790721000,0.0828969,0.0829102,0.0827407,0.0828554,0.0828298,39700.39222763,7
1790721300,0.0829572,0.0829572,0.0829572,0.0829572,0.0829572,1085.213328,1
1790721600,0.0830119,0.0830119,0.0830119,0.0830119,0.0830119,1913.094912,1
1790721900,0.0829991,0.0829991,0.0828985,0.0829288,0.0829312,34861.20236142,10
1790722200,0.0829069,0.0829448,0.0829051,0.0829448,0.0829189,7646.94795009,5
1790722500,0.0829545,0.0829545,0.0829545,0.0829545,0.0829545,1277.282553,1
1790722800,0.0828837,0.0829601,0.0828837,0.0829601,0.0829388,5476.0914039,6
1790723100,0.0831699,0.0832438,0.0831233,0.0831299,0.0831683,5840.0152392,7
1790723400,0.0832168,0.0832912,0.0832168,0.0832912,0.0832345,10896.529484,4
1790723700,0.0832308,0.0832308,0.083181,0.083181,0.0831862,2371.03984733,3
1790724000,0.0831193,0.0831193,0.0830197,0.0830197,0.0831005,17933.4143819,5
1790724300,0.0830197,0.0830197,0.0830197,0.0830197,0.0000000,0.0,0
1790724600,0.0829598,0.0829598,0.0828417,0.0828417,0.0829148,4061.15341,3
1790724900,0.082785,0.0828565,0.082785,0.0828565,0.0828150,39860.019813,11
1790725200,0.082677,0.082677,0.0825513,0.0826087,0.0826388,25083.06605596,12
1790725500,0.0826578,0.0827595,0.0826578,0.0827595,0.0827323,15004.12050329,2
1790725800,0.0828419,0.0828419,0.0827333,0.0827333,0.0827631,6186.422665,5
1790726100,0.0827718,0.0827718,0.082755,0.082755,0.0827676,3452.455646,6
1790726400,0.082755,0.082755,0.082755,0.082755,0.0000000,0.0,0
1790726700,0.0827624,0.0828389,0.0826229,0.0826229,0.0827169,3913.91311292,6
1790727000,0.0825416,0.0825416,0.0824745,0.0824745,0.0824962,8270.85931,6
1790727300,0.0825143,0.0825143,0.0824089,0.0824089,0.0824309,12523.613047,3
1790727600,0.0823962,0.0824039,0.0823712,0.0823712,0.0823741,5891.08761833,3
1790727900,0.0824036,0.0825732,0.0823527,0.0825726,0.0823948,26467.4475802,6
1790728200,0.082642,0.0826421,0.082642,0.0826421,0.0826420,5310.472359,2
1790728500,0.0824549,0.0824755,0.0824466,0.0824466,0.0824528,20361.64882666,5
1790728800,0.0825603,0.0826106,0.0825539,0.0826083,0.0826048,7263.133019,6
1790729100,0.082405,0.0824372,0.0823855,0.0824174,0.0824144,12054.01751895,8
1790729400,0.0824235,0.0824235,0.0824008,0.0824008,0.0824010,4386.509828,2
1790729700,0.0824275,0.0824604,0.0824275,0.0824604,0.0824449,9154.94036906,6
1790730000,0.0826148,0.0826148,0.0826148,0.0826148,0.0826148,2572.782962,1
1790730300,0.0826816,0.0826817,0.0826816,0.0826817,0.0826816,4794.400835,2
1790730600,0.0828028,0.082903,0.0828028,0.082903,0.0828537,14292.02858658,4
1790730900,0.0829312,0.0829312,0.0829312,0.0829312,0.0829312,5342.570308,1
1790731200,0.0829577,0.0830896,0.0829577,0.0830744,0.0830717,22190.0615931,5
1790731500,0.0831489,0.08316,0.0829549,0.0829549,0.0830876,8174.15070844,7
1790731800,0.082826,0.082826,0.0826833,0.0827419,0.0827118,25770.97991365,9
1790732100,0.0826672,0.0827062,0.0826672,0.0827062,0.0826825,7632.416946,2
1790732400,0.0827079,0.0829254,0.0827079,0.0829254,0.0828944,44043.629022,12
1790732700,0.0829191,0.0829418,0.0829191,0.0829418,0.0829341,15068.13969059,6
1790733000,0.082971,0.0830206,0.0828829,0.0828831,0.0829715,4824.39158902,4
1790733300,0.0828954,0.0828954,0.0828585,0.0828585,0.0828939,4487.987966,2
1790733600,0.0829218,0.083058,0.0829218,0.0829713,0.0829544,5569.1210167,4
1790733900,0.0830777,0.0831227,0.0830523,0.0830523,0.0830971,17243.0530522,4
1790734200,0.0829829,0.0830089,0.0829829,0.0830089,0.0829970,6564.780869,2
1790734500,0.0830006,0.0830006,0.0827898,0.0827898,0.0829287,6899.160659,2
1790734800,0.0828395,0.0828395,0.0828395,0.0828395,0.0828395,4088.467624,1
1790735100,0.082753,0.082753,0.082689,0.082689,0.0827048,15801.204664,6
1790735400,0.0827383,0.0827384,0.0826001,0.0826001,0.0827182,16170.9364124,3
1790735700,0.0826288,0.0827302,0.0826288,0.0827302,0.0826963,8689.486645,4
1790736000,0.0827949,0.0827949,0.0827949,0.0827949,0.0827949,9020.5476017,1
1790736300,0.082795,0.0829321,0.082795,0.0828462,0.0828183,6223.292834,3
1790736600,0.0828361,0.0828361,0.0828361,0.0828361,0.0828361,4079.801363,1
1790736900,0.0828107,0.0828107,0.0827254,0.0827254,0.0827523,16856.3315457,5
1790737200,0.0825676,0.0826029,0.0825676,0.0826006,0.0825809,6928.60544138,4
1790737500,0.082554,0.082554,0.0824958,0.0825078,0.0825064,8702.361971,4
1790737800,0.0824368,0.0824416,0.0824368,0.0824416,0.0824402,1402.3435,9
1790738100,0.0824594,0.0824606,0.0820813,0.0820813,0.0822820,10841.008337,15
1790738400,0.0821686,0.0823758,0.0821678,0.0823149,0.0823101,14179.8990472,8
1790738700,0.0823142,0.082346,0.0821994,0.082346,0.0823043,1986.263318,5
1790739000,0.082305,0.0823913,0.0822153,0.0823913,0.0823193,215780.37795523,24
1790739300,0.0825038,0.0826014,0.0823594,0.0826014,0.0824939,29263.1023441,7
1790739600,0.0827054,0.0827161,0.0826366,0.0826366,0.0826792,7057.57147745,6
1790739900,0.0825586,0.0825586,0.0824817,0.0824817,0.0825049,90227.026437,12
1790740200,0.0824903,0.0824903,0.0824408,0.082449,0.0824844,2466.9582,3
1790740500,0.0823605,0.0823605,0.0823438,0.0823563,0.0823563,3184.12043477,4
1790740800,0.0825709,0.0826423,0.0825589,0.0826385,0.0825952,11320.308949,11
1790741100,0.082505,0.082505,0.082505,0.082505,0.0825050,240.4687,1
1790741400,0.082423,0.0825864,0.082423,0.0824955,0.0825231,5178.126743,10
1790741700,0.0826586,0.0827663,0.0826586,0.0826631,0.0827049,5142.44226096,5
1790742000,0.082733,0.082733,0.082733,0.082733,0.0827330,240.4687,1
1790742300,0.0827354,0.0828313,0.0827354,0.0828306,0.0828276,3222.65702,4
1790742600,0.0825753,0.0826213,0.0825727,0.0825812,0.0826084,52489.34002281,15
1790742900,0.0825696,0.0827868,0.0825301,0.0826954,0.0826147,54475.73696165,23
1790743200,0.0826795,0.0826795,0.0826297,0.0826627,0.0826547,3389.354001,10
1790743500,0.0826285,0.0826463,0.0826285,0.0826408,0.0826385,1308.036806,6
1790743800,0.08252,0.08252,0.0824206,0.0824206,0.0824433,2318.25565,5
1790744100,0.0824114,0.0824409,0.0823439,0.0823439,0.0823681,24796.4209318,11
1790744400,0.0823903,0.082635,0.0823903,0.0825347,0.0825549,3175.784368,6
1790744700,0.0824841,0.0826028,0.0824689,0.0824689,0.0825007,19924.20270951,4
1790745000,0.0823943,0.0824623,0.0823836,0.0823836,0.0824225,5102.903368,4
1790745300,0.0823882,0.0824014,0.0823232,0.0823919,0.0823623,9291.94556624,9
1790745600,0.082524,0.0826738,0.0825113,0.0826188,0.0826471,146059.45300913,27
1790745900,0.0827215,0.0827215,0.0825355,0.08262,0.0826108,15560.41215631,6
1790746200,0.0826759,0.0829615,0.0826759,0.0827948,0.0828931,20522.71239799,16
1790746500,0.0827903,0.0829419,0.0827755,0.0827802,0.0828773,56383.38883262,14
1790746800,0.0828121,0.0829606,0.0828121,0.0829519,0.0828958,7333.11634524,8
1790747100,0.0829263,0.0829459,0.0828618,0.0828618,0.0828934,5118.125369,9
1790747400,0.0829013,0.0829013,0.082875,0.082875,0.0828881,4000.0,2
1790747700,0.0827198,0.0827753,0.0826504,0.0827753,0.0827489,13245.58262364,9
1790748000,0.0827823,0.0828155,0.0827823,0.082801,0.0827878,8296.943179,3
1790748300,0.0827884,0.0827965,0.0825836,0.0825836,0.0826278,17373.1359277,7
1790748600,0.0826169,0.0826169,0.0826169,0.0826169,0.0826169,1392.918154,1
1790748900,0.0825521,0.0825894,0.0824617,0.0825623,0.0824789,12091.40683495,6
1790749200,0.0825045,0.0825045,0.0823483,0.0823483,0.0823988,18552.04372874,8
1790749500,0.0821994,0.0822719,0.0821516,0.0822671,0.0821720,22989.03421187,10
1790749800,0.0822121,0.0822153,0.0820883,0.082133,0.0822099,9528.23895224,4
1790750100,0.0820944,0.0821251,0.0820944,0.0821251,0.0820982,2290.4687,3
1790750400,0.08203,0.0822426,0.082,0.0821304,0.0821173,28787.14411671,15
1790750700,0.0819951,0.0819951,0.081834,0.081834,0.0818600,4859.77393259,5
1790751000,0.0819261,0.0820316,0.0818827,0.0820254,0.0819586,1995.01017163,7
1790751300,0.0820643,0.0821711,0.0819003,0.0819003,0.0820966,7349.59948904,6
1790751600,0.0818909,0.0821215,0.0818909,0.0820636,0.0819262,7320.986555,6
1790751900,0.0819863,0.0820347,0.0818845,0.0820335,0.0819613,12503.07139772,10
1790752200,0.082063,0.082063,0.082063,0.082063,0.0820630,610.0,1
1790752500,0.0819853,0.0822844,0.0819853,0.0822844,0.0820270,2771.4061,5
1790752800,0.082464,0.082464,0.0824246,0.0824246,0.0824288,2240.4687,2
1790753100,0.0827562,0.0827562,0.0825188,0.0825478,0.0826248,48485.91585714,14
1790753400,0.0824794,0.0824874,0.082464,0.082464,0.0824848,1555.05269924,3
1790753700,0.0827028,0.0827039,0.0826388,0.0826388,0.0826844,4361.118609,4
1790754000,0.0827061,0.0827061,0.0827061,0.0827061,0.0827061,87.08908939,1
1790754300,0.0827737,0.0828401,0.0827737,0.0828401,0.0828344,7251.03257812,5
1790754600,0.0828663,0.0828663,0.0827624,0.0827624,0.0828461,26753.57438397,15
1790754900,0.0827114,0.0827114,0.082612,0.082612,0.0826263,2894.90974,4
1790755200,0.0826084,0.0826084,0.0825037,0.0825037,0.0825837,24845.1958263,3
1790755500,0.0823422,0.0823422,0.0823422,0.0823422,0.0823422,240.4687,1
1790755800,0.0823422,0.0823422,0.0823422,0.0823422,0.0000000,0.0,0
1790756100,0.0823014,0.082508,0.0823014,0.0825002,0.0824549,8338.21116744,8
1790756400,0.0826104,0.0826185,0.082512,0.082512,0.0825373,10316.69563746,9
1790756700,0.0825201,0.0825201,0.0824643,0.0824643,0.0825104,290.4687,2
1790757000,0.0823617,0.0823617,0.0822337,0.0822737,0.0822850,27204.83649846,5
1790757300,0.0822341,0.0822341,0.0822134,0.0822134,0.0822141,1799.11703929,3
1790757600,0.0822526,0.0822586,0.0822444,0.0822586,0.0822568,14044.1999088,4
1790757900,0.0824341,0.0825548,0.0824341,0.0825493,0.0824436,9127.14967322,3
1790758200,0.0825109,0.0825109,0.08241,0.0824328,0.0824628,2665.72569635,5
1790758500,0.082428,0.082428,0.082428,0.082428,0.0824280,914.17,1
1790758800,0.0824409,0.0824963,0.0824409,0.0824963,0.0824686,480.9374,2
1790759100,0.0825757,0.0825979,0.0825757,0.0825979,0.0825894,628.61283344,2
1790759400,0.0826611,0.0826725,0.0826611,0.0826725,0.0826652,821.4061,5
1790759700,0.0827186,0.0827807,0.0827186,0.0827807,0.0827518,780.9374,4
1790760000,0.0827202,0.0827751,0.0827069,0.0827196,0.0827305,1335.21553166,5
1790760300,0.0828913,0.0828913,0.0828913,0.0828913,0.0828913,241.01443191,1
1790760600,0.0829531,0.0833332,0.0828623,0.0832,0.0830043,89279.58182539,26
1790760900,0.0832,0.0832,0.0832,0.0832,0.0000000,0.0,0
1790761200,0.0830756,0.0830756,0.0829942,0.0830656,0.0830370,65213.7919824,12
1790761500,0.0830701,0.0831246,0.0830701,0.0830953,0.0830992,6278.3997,6
1790761800,0.0830977,0.0830977,0.082978,0.083043,0.0830279,26671.49923872,7
1790762100,0.0830241,0.0830241,0.0829872,0.0830025,0.0830030,2808.189914,3
1790762400,0.0830226,0.0830841,0.0829329,0.0830036,0.0829375,13988.63940109,5
1790762700,0.0830097,0.0832855,0.0830097,0.083207,0.0831270,271509.23584703,61
1790554800,0.0856089,0.0859124,0.0856089,0.0858217,0.0857913,59486.90372097,32
1790555100,0.0857335,0.085882,0.0857144,0.0857144,0.0857527,4241.4899708,8
1790555400,0.0854868,0.0857308,0.0850283,0.0850283,0.0852090,37196.2918275,16
1790555700,0.0850352,0.0850352,0.0848078,0.0848138,0.0848825,29726.47879953,8
1790556000,0.0848138,0.0848138,0.0848138,0.0848138,0.0000000,0.0,0
1790556300,0.0851927,0.085572,0.0851927,0.085572,0.0855564,55011.37625053,9
1790556600,0.0856767,0.0857994,0.0854851,0.0854851,0.0855032,7475.2620115,5
1790556900,0.0852344,0.0852344,0.0849055,0.0849399,0.0850140,43211.67442171,10
1790557200,0.0848175,0.0848944,0.0846776,0.0846924,0.0847470,81057.10783779,31
1790557500,0.0847208,0.0852341,0.0844849,0.0851939,0.0849516,87932.58130685,20
1790557800,0.0846965,0.0848483,0.0846965,0.0847795,0.0847909,21218.85706107,11
1790558100,0.0843752,0.0846889,0.084328,0.0844042,0.0844366,86033.49710031,23
1790558400,0.084675,0.0850796,0.0845828,0.0850536,0.0848667,44838.8582493,11
1790558700,0.0847949,0.08525,0.0847482,0.08525,0.0850865,14400.83930793,6
1790559000,0.0852982,0.0853077,0.0849324,0.0850704,0.0850909,58218.89522217,24
1790559300,0.0849389,0.0849389,0.0848731,0.0848731,0.0849355,3719.8437,2
1790559600,0.0845809,0.0848101,0.0844929,0.0845057,0.0845284,10908.64439086,7
1790559900,0.0844786,0.0846077,0.0838032,0.0838819,0.0839936,258380.00242996,74
1790560200,0.083957,0.084452,0.083713,0.0843762,0.0840911,168686.64495405,65
1790560500,0.0842246,0.0844903,0.0838615,0.0838631,0.0841397,158963.50677378,31
1790560800,0.0837514,0.0838434,0.0832236,0.0835552,0.0835457,415398.23948772,92
1790561100,0.0837346,0.083912,0.0834721,0.083912,0.0835918,132881.17758033,28
1790561400,0.0839177,0.0843113,0.0839177,0.0843113,0.0840703,24861.01614522,13
1790561700,0.0839865,0.0840144,0.0838029,0.0838029,0.0839468,41895.7437605,6
1790562000,0.0839035,0.0839546,0.0837679,0.0839319,0.0838659,111153.09882623,18
1790562300,0.0838277,0.0841014,0.0838277,0.0839113,0.0839327,80937.87376957,6
1790562600,0.0834682,0.0834682,0.0834682,0.0834682,0.0834682,119.80615807,1
1790562900,0.0834418,0.0834599,0.0833231,0.0833231,0.0834169,4501.22282755,4
1790563200,0.0833719,0.0835148,0.0833719,0.083439,0.0834705,51801.64628188,8
1790563500,0.0834521,0.0834805,0.0831999,0.083258,0.0832829,32329.62462681,22
1790563800,0.0833384,0.0833486,0.0833384,0.0833486,0.0833444,21137.7485102,2
1790564100,0.083213,0.083213,0.0831603,0.0831603,0.0831866,379.6874,2
1790564400,0.0832391,0.083397,0.0832219,0.0832219,0.0832578,9948.71516637,4
1790564700,0.0833986,0.0833986,0.083262,0.0833315,0.0833803,13330.2126397,4
1790565000,0.0831908,0.08327,0.0831908,0.08327,0.0832696,127546.06301131,8
1790565300,0.0831683,0.0834182,0.0831574,0.0834182,0.0833993,14390.9381102,4
1790565600,0.0834652,0.083478,0.0832016,0.0832016,0.0833672,1061.4095352,6
1790565900,0.083133,0.083133,0.082455,0.0825712,0.0827957,901582.12570853,126
1790566200,0.0824998,0.0825438,0.082179,0.0823276,0.0824153,171242.87112964,31
1790566500,0.0825318,0.0828943,0.0825318,0.0828943,0.0828496,46074.36277512,12
1790566800,0.082895,0.0830338,0.082895,0.0830338,0.0829872,817.9406643,4
1790567100,0.0828916,0.0829648,0.0828916,0.0829263,0.0828986,52357.65980495,6
1790567400,0.0828465,0.0828501,0.0828451,0.0828501,0.0828466,5193.89348385,5
1790567700,0.0827535,0.0827535,0.0827535,0.0827535,0.0827535,383.37024356,2
1790568000,0.0823127,0.0823127,0.0820237,0.0820484,0.0821610,102769.06178494,45
1790568300,0.0820372,0.0824121,0.0819917,0.0821754,0.0822352,294816.87446604,72
1790568600,0.0822152,0.0824926,0.0822152,0.0824926,0.0822910,51804.48144018,15
1790568900,0.0824788,0.0825316,0.0822264,0.0823193,0.0823474,143833.37593168,22
1790569200,0.0828005,0.0829426,0.0828005,0.0829426,0.0828839,110765.92479272,18
1790569500,0.0828445,0.0828445,0.0828445,0.0828445,0.0828445,126.80863746,1
1790569800,0.0827389,0.0827389,0.0826674,0.0826674,0.0826953,5095.5129234,9
1790570100,0.0826674,0.0826674,0.0826674,0.0826674,0.0000000,0.0,0
1790570400,0.0828316,0.0829463,0.0828316,0.0829463,0.0828733,525.4037,3
1790570700,0.0829463,0.0829463,0.0829463,0.0829463,0.0000000,0.0,0
1790571000,0.0829161,0.082966,0.0829161,0.082966,0.0829166,10340.73784883,3
1790571300,0.0829662,0.0829662,0.0829519,0.0829519,0.0829653,5207.7,2
1790571600,0.0831397,0.0831397,0.0827712,0.0827712,0.0829804,31314.5165721,3
1790571900,0.0828038,0.0829022,0.0828038,0.0828085,0.0828602,41222.86772564,9
1790572200,0.082633,0.082633,0.0823305,0.08244,0.0824001,109747.91300933,22
1790572500,0.0824872,0.0824872,0.0824518,0.0824518,0.0824801,10861.7246221,4
1790572800,0.0823614,0.0823614,0.0822536,0.0822545,0.0822782,15984.13581997,6
1790573100,0.0822489,0.082298,0.0821146,0.0821146,0.0822287,18387.73253021,7
1790573400,0.0820417,0.0820417,0.0814437,0.0814928,0.0816600,693334.93571988,127
1790573700,0.0815465,0.081597,0.0813257,0.081431,0.0814867,58930.67867411,18
1790574000,0.0814867,0.0821362,0.0814867,0.0821362,0.0820047,24955.93315371,11
1790574300,0.0821617,0.0822322,0.0819188,0.0819321,0.0821461,45746.14039178,18
1790574600,0.0818089,0.0818849,0.0817774,0.0818575,0.0818266,59731.4804279,9
1790574900,0.0820234,0.0820234,0.0820234,0.0820234,0.0820234,189.8437,1
1790575200,0.08199,0.0821062,0.0819885,0.0819885,0.0820418,26854.0706619,8
1790575500,0.0820112,0.0823336,0.0820112,0.0822858,0.0822087,55054.83065981,25
1790575800,0.0822932,0.0824341,0.0822932,0.0823823,0.0823800,11131.05838379,8
1790576100,0.0822533,0.0822533,0.081995,0.0819981,0.0821348,56056.80416737,7
1790576400,0.081968,0.081968,0.081757,0.081757,0.0819216,25487.72370004,8
1790576700,0.0817317,0.0817317,0.0817317,0.0817317,0.0817317,650.0,1
1790577000,0.0816509,0.0817808,0.0816509,0.0817808,0.0816746,13097.95358283,3
1790577300,0.0819488,0.0819577,0.0816861,0.0817041,0.0818215,10613.4438718,11
1790577600,0.0817087,0.0819241,0.0817087,0.0819241,0.0819134,6340.4153,4
1790577900,0.08185,0.0819026,0.0817044,0.0817275,0.0817688,57348.80494417,13
1790578200,0.0816967,0.0817974,0.0816967,0.0817974,0.0817687,622.13538872,5
1790578500,0.0816831,0.0817617,0.0816421,0.0816421,0.0817355,183060.81771144,17
1790578800,0.08181,0.0819995,0.08181,0.0819995,0.0819646,9865.84549054,5
1790579100,0.0819171,0.0819171,0.0816514,0.0816865,0.0817727,242688.5548054,37
1790579400,0.0816911,0.0816911,0.0815985,0.0815985,0.0816523,6813.74652598,7
1790579700,0.0817296,0.0817296,0.0816755,0.0816755,0.0817292,14328.28348674,5
1790580000,0.0817191,0.0817191,0.08134,0.08134,0.0814409,21383.321625,10
1790580300,0.0813988,0.0814706,0.0813988,0.0814706,0.0814373,5146.9867947,7
1790580600,0.0815271,0.0815271,0.0812457,0.0814559,0.0812957,154825.09859349,25
1790580900,0.0814706,0.0816153,0.0814706,0.0815493,0.0814753,11201.70011529,8
1790581200,0.0815516,0.0816364,0.0814205,0.0814205,0.0814407,15954.22159618,10
1790581500,0.0814715,0.0814878,0.0814675,0.0814675,0.0814763,65902.10247297,7
1790581800,0.0814389,0.0814389,0.0812163,0.0813481,0.0812809,25264.62601664,11
1790582100,0.0813796,0.0813796,0.0813179,0.0813207,0.0813657,8185.59142521,4
1790582400,0.0812377,0.0816858,0.0812377,0.081511,0.0813865,21273.52505249,8
1790582700,0.0814608,0.0816302,0.0814504,0.0816174,0.0815861,36273.32672785,5
1790583000,0.0816649,0.0818094,0.0816649,0.0818094,0.0816890,7315.78291232,5
1790583300,0.0817928,0.0818389,0.0817216,0.0817216,0.0817636,1552.05162427,9
1790583600,0.0817138,0.0817138,0.0816025,0.0816384,0.0816605,14707.80893932,9
1790583900,0.0815628,0.0816729,0.0815628,0.0815924,0.0816223,20051.08093295,8
1790584200,0.0815924,0.0815924,0.0815924,0.0815924,0.0000000,0.0,0
1790584500,0.0816594,0.0816594,0.081441,0.0814882,0.0815282,5646.31938714,9
1790584800,0.0814886,0.0815688,0.0814457,0.0814513,0.0815279,23942.70417744,6
1790585100,0.0814949,0.0816323,0.0814671,0.0816323,0.0815036,14618.11680974,10
1790585400,0.0815753,0.0819371,0.0815753,0.0818388,0.0818326,73749.81784302,16
1790585700,0.081804,0.081804,0.0817338,0.0817338,0.0817730,44271.73947686,13
1790586000,0.0818239,0.0818239,0.0811055,0.0812866,0.0812342,108726.06866034,51
1790586300,0.0813095,0.0813095,0.0809971,0.0810962,0.0810990,623156.70395931,96
1790586600,0.0811932,0.0812593,0.0811932,0.0812593,0.0812136,461.82683366,4
1790586900,0.0816707,0.0818992,0.0815169,0.0816622,0.0818128,20420.25467513,11
1790587200,0.0817872,0.0818136,0.0817314,0.0817314,0.0818015,25047.9319703,4
1790587500,0.0816245,0.0816245,0.0814201,0.081431,0.0816047,18388.15809075,6
1790587800,0.0814812,0.0815046,0.0813752,0.0813752,0.0814880,5253.82788949,7
1790588100,0.0811608,0.0811608,0.0811608,0.0811608,0.0811608,13277.30646974,1
1790588400,0.0811689,0.0811724,0.081155,0.0811723,0.0811687,18690.51958033,6
1790588700,0.0811668,0.0811668,0.0811612,0.0811612,0.0811616,2233.0321058,2
1790589000,0.0812127,0.0812998,0.0810263,0.081049,0.0810930,89778.59018501,15
1790589300,0.0811477,0.0811844,0.0811477,0.0811844,0.0811726,73579.85880136,12
1790589600,0.0814003,0.0817599,0.0814003,0.0817599,0.0814628,4051.1845075,6
1790589900,0.081579,0.0815995,0.0814303,0.0814303,0.0815287,16289.63788524,10
1790590200,0.081458,0.0815708,0.081458,0.0815063,0.0815162,22707.9247367,5
1790590500,0.0817271,0.0817271,0.0816377,0.0816676,0.0816743,3271.13029762,7
1790590800,0.0816676,0.0816676,0.0816676,0.0816676,0.0000000,0.0,0
1790591100,0.0816543,0.0816973,0.0816543,0.0816973,0.0816726,27890.32837484,7
1790591400,0.0816884,0.0818533,0.0816383,0.0818533,0.0817193,28282.4829707,9
1790591700,0.081931,0.0820556,0.081931,0.0820204,0.0820196,75069.67557331,20
1790592000,0.0820524,0.0820524,0.0819889,0.0819889,0.0820236,24904.9992196,2
1790592300,0.0819666,0.0819666,0.081888,0.081888,0.0819619,23427.21754304,7
1790592600,0.0819004,0.0819873,0.0819004,0.0819031,0.0819365,576.78278033,4
1790592900,0.081854,0.081854,0.0818102,0.0818102,0.0818234,8569.20692656,4
1790593200,0.081863,0.0819673,0.0818573,0.0818812,0.0819051,24401.34317635,13
1790593500,0.0819096,0.0819951,0.081886,0.0819491,0.0819395,54078.83792036,6
1790593800,0.0818573,0.0818573,0.0818048,0.0818475,0.0818489,7998.20292081,7
1790594100,0.0819252,0.0820167,0.0818498,0.0818498,0.0819741,203901.02200144,22
1790594400,0.0818799,0.0819085,0.0817775,0.0819085,0.0818387,100928.10038314,23
1790594700,0.0818922,0.0819047,0.0818922,0.0819047,0.0818984,12084.0,2
1790595000,0.0819047,0.0819047,0.0819047,0.0819047,0.0000000,0.0,0
1790595300,0.0819484,0.0819484,0.0819463,0.0819463,0.0819474,473.6718199,3
1790595600,0.081991,0.0820942,0.0819714,0.0819905,0.0819855,22045.60211616,16
1790595900,0.0819922,0.0820081,0.0818299,0.0818643,0.0818604,34227.69141211,14
1790596200,0.081854,0.081854,0.0818181,0.0818181,0.0818278,898.55,3
1790596500,0.0818072,0.0819518,0.0818072,0.0819148,0.0819014,135403.19346445,18
1790596800,0.0818,0.0819703,0.0816929,0.0819561,0.0818937,18156.93399576,29
1790597100,0.0820861,0.0828663,0.0820861,0.0828663,0.0826699,851901.20224909,99
1790597400,0.0828731,0.082982,0.082533,0.0825487,0.0828273,336259.56978919,32
1790597700,0.0826383,0.0830096,0.0825733,0.0830096,0.0828044,43035.95063345,28
1790598000,0.0829656,0.083055,0.0828283,0.0828522,0.0829401,33105.78112259,7
1790598300,0.0828407,0.0829346,0.0827065,0.0828202,0.0828437,76875.20540905,18
1790598600,0.0828,0.0828507,0.0827521,0.0828507,0.0827703,55412.15033658,9
1790598900,0.0830491,0.0830491,0.0827065,0.0827065,0.0828218,83758.20029946,7
1790599200,0.0826032,0.0826535,0.0825875,0.0826467,0.0826042,63770.54779305,11
1790599500,0.0830968,0.0830968,0.0828656,0.0829741,0.0829755,51653.10121386,5
1790599800,0.082851,0.0831675,0.082851,0.0831675,0.0829740,40662.38736629,7
1790600100,0.0832463,0.0833167,0.0830883,0.0831121,0.0831490,285482.22999789,25
1790600400,0.0829173,0.0829175,0.0828394,0.0828394,0.0828653,9057.04507493,3
1790600700,0.0827173,0.0828048,0.0826993,0.0826993,0.0827277,33548.95245175,7
1790601000,0.0826581,0.0826581,0.0826581,0.0826581,0.0826581,9929.9716495,1
1790601300,0.0828505,0.0828731,0.0826139,0.0826654,0.0826860,46226.30566003,13
1790601600,0.0826464,0.0826568,0.0826464,0.0826561,0.0826554,62454.99733325,3
1790601900,0.0827014,0.0828178,0.0827014,0.0828152,0.0827273,6849.51579393,4
1790602200,0.0828605,0.0828605,0.0825595,0.0826905,0.0826878,65272.19111402,28
1790602500,0.0828318,0.0831336,0.0826102,0.0831124,0.0827386,49015.49722422,15
1790602800,0.0829521,0.0831239,0.0829521,0.0829579,0.0830926,88409.62731302,20
1790603100,0.0830541,0.0830837,0.0828996,0.0829,0.0830044,88404.02533445,12
1790603400,0.0826592,0.082715,0.0825533,0.082715,0.0826462,23507.94783449,6
1790603700,0.0830643,0.0830643,0.0827588,0.0827588,0.0828421,1349.0202,3
1790604000,0.0826819,0.0826819,0.0822591,0.0824182,0.0823265,171393.16685372,19
1790604300,0.0822948,0.0825119,0.0821643,0.0824909,0.0822785,63403.8336087,11
1790604600,0.0822767,0.0823428,0.0820501,0.0820501,0.0821545,16203.5009772,6
1790604900,0.0820536,0.0820536,0.0817747,0.0818666,0.0818960,138790.70815276,32
1790605200,0.0818462,0.0822758,0.0818462,0.0820946,0.0821478,6571.62840834,13
1790605500,0.0822261,0.0822261,0.080925,0.0809649,0.0812956,72404.17653453,32
1790605800,0.0812669,0.0815058,0.081154,0.0814396,0.0813521,133818.70211125,49
1790606100,0.0814646,0.0816484,0.0813933,0.0815813,0.0815287,29496.43461714,13
1790606400,0.0815619,0.0815619,0.080795,0.080927,0.0810690,214882.529741,76
1790606700,0.0810487,0.0813096,0.0809444,0.0809854,0.0810711,101603.11890804,21
1790607000,0.0812165,0.0812458,0.0806024,0.0811463,0.0808055,357717.35320852,96
1790607300,0.0811059,0.0811928,0.0809555,0.0811395,0.0810762,77561.35680629,21
1790607600,0.0812268,0.08151,0.0812268,0.0813026,0.0813305,35304.5690527,12
1790607900,0.0813615,0.0817,0.0812761,0.0817,0.0813542,193043.62290014,12
1790608200,0.0817023,0.0817023,0.0811722,0.0813244,0.0813256,48987.2869426,11
1790608500,0.0811594,0.0812379,0.0809243,0.0810887,0.0810266,21564.61402427,13
1790608800,0.0810899,0.0814523,0.0809423,0.0813926,0.0811157,93208.07669239,31
1790609100,0.0813818,0.0816454,0.0812968,0.0815863,0.0813626,107513.00797193,18
1790609400,0.0815141,0.0815813,0.0814019,0.081535,0.0815174,189592.06114437,28
1790609700,0.0817909,0.0820043,0.0817909,0.0818176,0.0818696,39899.35228805,16
1790610000,0.0818998,0.0819297,0.0817937,0.0818427,0.0818331,53218.33817845,20
1790610300,0.0820923,0.0821005,0.0820923,0.0821005,0.0820964,379.6874,2
1790610600,0.0820547,0.0821525,0.0819958,0.0821524,0.0820156,28583.72238006,11
1790610900,0.0820835,0.0821162,0.0820835,0.0821162,0.0820850,1275.97079166,2
1790611200,0.0821,0.0821,0.0819727,0.0819727,0.0820445,9171.38647097,3
1790611500,0.0819172,0.082301,0.0819172,0.0821382,0.0821353,77456.74482482,15
1790611800,0.0823218,0.0823218,0.082273,0.082273,0.0823085,11033.75679125,2
1790612100,0.0823093,0.082959,0.0823093,0.0827674,0.0825919,288747.70108754,69
1790612400,0.0828497,0.0834349,0.0828355,0.083387,0.0832249,322550.50363916,61
1790612700,0.0833898,0.0834568,0.0832476,0.0832476,0.0833965,38203.35193629,13
1790613000,0.0833904,0.0833988,0.0832089,0.0832644,0.0832317,36659.51627392,11
1790613300,0.0832878,0.0832878,0.0830489,0.0830489,0.0831291,99505.37121232,18
1790613600,0.0830132,0.0830132,0.0830132,0.0830132,0.0830132,7508.8681885,1
1790613900,0.0828829,0.0828829,0.0826005,0.0826005,0.0826856,72281.96098543,11
1790614200,0.0825768,0.0826927,0.0825638,0.0826497,0.0826394,606.75031733,6
1790614500,0.0828527,0.0828741,0.0828391,0.0828391,0.0828550,1446.882183,3
1790614800,0.0828147,0.083042,0.0826903,0.0827299,0.0828655,30226.99935451,17
1790615100,0.0827468,0.0827468,0.0823831,0.0823831,0.0825852,99914.92271638,11
1790615400,0.0823499,0.0835999,0.0823499,0.0835236,0.0829292,221908.21695837,58
1790615700,0.0837345,0.083749,0.0832751,0.0832751,0.0835728,84000.03687176,21
1790616000,0.0832751,0.0832751,0.0832751,0.0832751,0.0000000,0.0,0
1790616300,0.0830882,0.0830882,0.0829903,0.0829903,0.0830441,30246.87899612,17
1790616600,0.0831431,0.0831431,0.0831418,0.0831418,0.0831420,945.8920805,2
1790616900,0.0831357,0.0831357,0.0831274,0.0831274,0.0831315,379.6874,2
1790617200,0.0831881,0.0831881,0.0831881,0.0831881,0.0831881,11644.6889367,1
1790617500,0.0831898,0.0831898,0.0831379,0.0831379,0.0831619,18227.1334612,2
1790617800,0.0831389,0.0831473,0.0831384,0.0831384,0.0831398,1228.22800579,3
1790618100,0.0830753,0.0830847,0.0830753,0.0830847,0.0830840,6611.65147364,3
1790618400,0.0829723,0.0832759,0.0829723,0.0832759,0.0832745,300457.48343737,16
1790618700,0.0833958,0.0833965,0.0832382,0.0832382,0.0833078,18564.56164102,10
1790619000,0.0833986,0.0833986,0.0833986,0.0833986,0.0833986,2861.94237265,1
1790619300,0.0834185,0.0834651,0.0833824,0.0833824,0.0834223,3351.2398017,6
1790619600,0.0833227,0.0833238,0.0833227,0.0833238,0.0833227,14238.260423,2
1790619900,0.083331,0.083331,0.0833254,0.0833268,0.0833270,4288.36122578,3
1790620200,0.0832232,0.0832658,0.0830362,0.0831833,0.0831817,70970.41221467,14
1790620500,0.0832375,0.0833254,0.0831612,0.0832268,0.0832030,8966.52088179,11
1790620800,0.0832264,0.0832264,0.0832014,0.0832014,0.0832210,11790.23399185,4
1790621100,0.0833032,0.0835501,0.0832932,0.0835501,0.0833893,14787.09894575,13
1790621400,0.0835104,0.0836437,0.0834877,0.0834877,0.0835791,20145.88232471,4
1790621700,0.0834877,0.0834877,0.0834877,0.0834877,0.0000000,0.0,0
1790622000,0.0835047,0.0835047,0.0831083,0.0831083,0.0832477,38909.95797391,12
1790622300,0.0829661,0.0829661,0.0826979,0.0826979,0.0827999,25670.40757787,7
1790622600,0.0826776,0.0826926,0.0826303,0.0826463,0.0826528,179379.05066434,19
1790622900,0.0827184,0.0827184,0.0827184,0.0827184,0.0827184,1353.1524,1
1790623200,0.0826801,0.082722,0.0826302,0.082722,0.0827018,18619.02605137,4
1790623500,0.0826319,0.0826319,0.0825474,0.0825474,0.0826084,790.22343942,5
1790623800,0.0825363,0.0825523,0.0823431,0.0823974,0.0824076,14751.81682959,15
1790624100,0.0823089,0.0823089,0.0819178,0.0819972,0.0820083,775310.61714787,42
1790624400,0.0818328,0.0821191,0.0818137,0.0820647,0.0820869,21239.127654,5
1790624700,0.0820609,0.0821991,0.0819329,0.0819329,0.0819826,15370.7418957,17
1790625000,0.0820001,0.082255,0.0819841,0.0821371,0.0821040,23136.35254315,7
1790625300,0.0820933,0.0820933,0.0820489,0.0820489,0.0820734,1297.83813352,2
1790625600,0.0821756,0.0822028,0.0818889,0.0821818,0.0821014,521112.01480625,56
1790625900,0.0825188,0.0825649,0.0825188,0.0825649,0.0825621,45270.73663743,4
1790626200,0.0826008,0.0826082,0.0825058,0.0825448,0.0825664,13898.3765613,12
1790626500,0.082499,0.082499,0.0824273,0.0824292,0.0824299,22838.54849845,4
1790626800,0.082711,0.082711,0.082711,0.082711,0.0827110,1135.0737798,1
1790627100,0.0827687,0.0827687,0.0826953,0.0826953,0.0827152,7163.1505091,14
1790627400,0.0826556,0.0827763,0.0826556,0.0827334,0.0827337,3212.14564595,7
1790627700,0.0826976,0.0827198,0.08266,0.0826909,0.0826948,12836.90779649,6
1790628000,0.0825797,0.0825797,0.0825797,0.0825797,0.0825797,107.40329198,1
1790628300,0.0824926,0.0825222,0.0824926,0.0825222,0.0825202,11118.95586327,2
1790628600,0.0824672,0.0824672,0.0824672,0.0824672,0.0824672,302.94878226,1
1790628900,0.0825204,0.0825993,0.0825204,0.0825993,0.0825209,26933.76006372,2
1790629200,0.0826446,0.0828891,0.0826446,0.0828627,0.0828220,78474.79192242,24
1790629500,0.0828832,0.0828832,0.0826289,0.0826289,0.0826840,47751.87481109,2
1790629800,0.0826059,0.0826059,0.0826059,0.0826059,0.0826059,9580.63834,1
1790630100,0.0826183,0.0826183,0.0823882,0.0825459,0.0824992,13880.87313027,7
1790630400,0.0825341,0.0825341,0.0824497,0.0824497,0.0824818,24316.7430914,4
1790630700,0.0823862,0.0824263,0.0823701,0.0823862,0.0823858,99622.0,10
1790631000,0.0823978,0.0823978,0.0823451,0.0823451,0.0823777,31670.3461892,2
1790631300,0.0823875,0.0823875,0.082305,0.082305,0.0823124,10822.62727242,4
1790631600,0.0821301,0.0821521,0.0821301,0.0821521,0.0821355,8042.0,2
1790631900,0.0821521,0.0821521,0.0821521,0.0821521,0.0000000,0.0,0
1790632200,0.0821352,0.0821352,0.0819238,0.0819238,0.0819777,55643.3211392,11
1790632500,0.0819345,0.0819998,0.0819345,0.0819634,0.0819662,27330.8140799,3
1790632800,0.0817747,0.0817747,0.0815568,0.0816589,0.0817181,16305.05856044,11
1790633100,0.081395,0.0814687,0.0813258,0.0814687,0.0813868,16746.66997341,8
1790633400,0.0815356,0.0815356,0.0815153,0.0815153,0.0815213,109700.08690903,3
1790633700,0.0816644,0.0816653,0.0816644,0.0816653,0.0816645,230.98192448,2
1790634000,0.0816653,0.0816653,0.0816653,0.0816653,0.0000000,0.0,0
1790634300,0.0815973,0.0816696,0.0815973,0.0816696,0.0815995,8509.3770476,3
1790634600,0.0815894,0.0817071,0.0815894,0.0817071,0.0817033,10015.3302492,2
1790634900,0.0817191,0.082035,0.0817191,0.082035,0.0818895,468.889862,3
1790635200,0.0821446,0.0821446,0.0821264,0.0821284,0.0821286,9838.0334131,3
1790635500,0.0821788,0.0821958,0.0821493,0.0821493,0.0821794,24779.6035047,6
1790635800,0.0821826,0.0822155,0.0821826,0.0822155,0.0821961,24155.2990838,2
1790636100,0.0821944,0.082249,0.0821864,0.0822326,0.0821934,18723.10595034,6
1790636400,0.0822217,0.082545,0.0822217,0.0825265,0.0823056,24247.16825897,9
1790636700,0.0824085,0.0824085,0.0822961,0.0822961,0.0822969,8546.6877413,3
1790637000,0.082234,0.082234,0.082187,0.082187,0.0821913,536.694976,2
1790637300,0.0823237,0.0823762,0.0823237,0.0823537,0.0823457,31533.0408201,5
1790637600,0.0824197,0.0824197,0.0823168,0.0823933,0.0823590,118620.96027306,13
1790637900,0.0823933,0.0823933,0.0823933,0.0823933,0.0000000,0.0,0
1790638200,0.0824728,0.0824864,0.0824331,0.0824331,0.0824662,12251.12968712,7
1790638500,0.0824562,0.0824917,0.0824562,0.0824917,0.0824734,35555.0693731,3
1790638800,0.0824946,0.082524,0.0824946,0.082524,0.0825124,33669.6121794,7
1790639100,0.0824476,0.0825905,0.0824476,0.0825905,0.0825001,641.12019848,3
1790639400,0.0825355,0.0825604,0.0825355,0.0825556,0.0825492,3146.65381573,6
1790639700,0.0826021,0.0826304,0.0825697,0.082615,0.0826053,61025.69724787,11
1790640000,0.082615,0.082615,0.082615,0.082615,0.0000000,0.0,0
1790640300,0.0827059,0.0827059,0.0827059,0.0827059,0.0827059,86.04195552,1
1790640600,0.0826944,0.0828663,0.0826944,0.0828663,0.0828440,1911.2351368,3
1790640900,0.0826137,0.0826137,0.0825853,0.0825897,0.0825893,10960.43819954,3
1790641200,0.0825962,0.0825962,0.0825962,0.0825962,0.0825962,1290.37,1
1790641500,0.0827681,0.0827927,0.0827681,0.0827852,0.0827814,4439.29117246,4
1790641800,0.082887,0.082959,0.082887,0.082959,0.0829263,759.06932419,3
1790642100,0.0831,0.0831212,0.0830477,0.0831212,0.0831020,9270.98613102,6
1790642400,0.0829935,0.0829935,0.0829873,0.0829873,0.0829884,11465.0562636,2
1790642700,0.0828452,0.0828452,0.0828452,0.0828452,0.0828452,2216.539563,1
1790643000,0.0824567,0.0824567,0.082446,0.082446,0.0824515,27333.1888816,2
1790643300,0.0824734,0.0824734,0.0824336,0.0824632,0.0824541,19636.7195602,3
1790643600,0.0823561,0.0823946,0.0823529,0.082355,0.0823721,45423.73821629,5
1790643900,0.0823332,0.0823332,0.0820482,0.0820482,0.0821544,801.58013083,4
1790644200,0.0820408,0.0820408,0.081927,0.081927,0.0819612,23842.37416292,6
1790644500,0.0818137,0.0818206,0.0815985,0.0815985,0.0817650,26405.95003104,5
1790644800,0.0818068,0.0818878,0.0818068,0.081886,0.0818259,22320.14052923,5
1790645100,0.081701,0.081701,0.0812782,0.0812782,0.0813659,877.02973975,4
1790645400,0.081401,0.081401,0.0811,0.0811247,0.0812281,35092.5083523,7
1790645700,0.0809487,0.0811891,0.0808931,0.0811891,0.0810221,59188.16366146,12
1790646000,0.0811114,0.0814819,0.0811114,0.081302,0.0812836,51241.67396878,5
1790646300,0.0813844,0.0817501,0.0813844,0.0814767,0.0814493,36050.32590915,8
1790646600,0.0813989,0.0815639,0.0812682,0.0815387,0.0813521,47690.88536037,9
1790646900,0.081563,0.0816193,0.081563,0.0815899,0.0815922,200.0,4
1790647200,0.0815375,0.0815375,0.0815041,0.0815266,0.0815228,75050.0,5
1790647500,0.0814315,0.0814315,0.081169,0.081169,0.0813626,23703.79477965,7
1790647800,0.081077,0.081077,0.0809326,0.0809326,0.0810579,14763.83995221,4
1790648100,0.0814283,0.0814283,0.0814077,0.0814077,0.0814133,335.19774416,2
1790648400,0.0810399,0.0811938,0.0810399,0.0811938,0.0810540,78971.36396174,7
1790648700,0.0810573,0.0810573,0.0810573,0.0810573,0.0810573,108.53200961,1
1790649000,0.0808407,0.0808889,0.0808117,0.0808117,0.0808575,19210.05954,3
1790649300,0.0808172,0.0810794,0.0808043,0.0810794,0.0809522,21998.60357198,6
1790649600,0.081152,0.0812633,0.081152,0.0812552,0.0812076,15744.6267883,4
1790649900,0.0812815,0.0813793,0.0812815,0.0813084,0.0813016,16814.9623246,4
1790650200,0.0811807,0.0811807,0.0811807,0.0811807,0.0811807,50.0,1
1790650500,0.0810744,0.081168,0.0810744,0.081168,0.0811267,23457.26050254,5
1790650800,0.081299,0.0814296,0.0811328,0.0811328,0.0813052,11012.41504049,5
1790651100,0.0811527,0.0812423,0.0811527,0.0812423,0.0811531,9984.74803258,2
1790651400,0.0811158,0.0812027,0.0811158,0.0811522,0.0811523,8678.84113857,4
1790651700,0.0811255,0.0813775,0.0811255,0.0813109,0.0812838,29218.54733371,10
1790652000,0.0815938,0.0817764,0.0815938,0.0817764,0.0816520,20609.0725629,5
1790652300,0.0819724,0.0820043,0.0819724,0.0819996,0.0820029,1967.01361648,5
1790652600,0.081892,0.0820715,0.081892,0.0820715,0.0818935,14263.07500933,2
1790652900,0.0820749,0.0821119,0.0820125,0.0820125,0.0820568,182.59596657,3
1790653200,0.0819775,0.0820502,0.0819775,0.0820502,0.0820135,24967.1885094,2
1790653500,0.081982,0.081982,0.081982,0.081982,0.0819820,50.0,1
1790653800,0.0819919,0.0819919,0.0819919,0.0819919,0.0819919,585.49437681,1
1790654100,0.0819333,0.0819333,0.0819333,0.0819333,0.0819333,12169.0886575,1
1790654400,0.0819738,0.0819738,0.081826,0.081826,0.0818668,675.79901484,2
1790654700,0.0817038,0.0817038,0.0816166,0.0816166,0.0817019,5107.8623573,2
1790655000,0.0816166,0.0816166,0.0816166,0.0816166,0.0000000,0.0,0
1790655300,0.0816166,0.0816166,0.0816166,0.0816166,0.0000000,0.0,0
1790655600,0.0820339,0.082068,0.0820311,0.082068,0.0820669,10301.66592752,3
1790655900,0.0821142,0.0821142,0.0821142,0.0821142,0.0821142,50.0,1
1790656200,0.0820545,0.0820545,0.0819077,0.0819077,0.0820525,12158.8635904,3
1790656500,0.0817694,0.0817694,0.0817694,0.0817694,0.0817694,8505.4137667,1
1790656800,0.0818861,0.0819304,0.0818774,0.0818774,0.0819106,63652.56402003,6
1790657100,0.0818774,0.0818774,0.0818774,0.0818774,0.0000000,0.0,0
1790657400,0.0818774,0.0818774,0.0818774,0.0818774,0.0000000,0.0,0
1790657700,0.0818774,0.0818774,0.0818774,0.0818774,0.0000000,0.0,0
1790658000,0.082112,0.082112,0.0820333,0.0820333,0.0821005,679.43894276,2
1790658300,0.0820333,0.0820333,0.0820333,0.0820333,0.0000000,0.0,0
1790658600,0.0820987,0.0820987,0.0820987,0.0820987,0.0820987,9697.9364656,1
1790658900,0.0820576,0.0820576,0.0820576,0.0820576,0.0820576,406.69978695,1
1790659200,0.0822046,0.0823896,0.0821891,0.0823896,0.0823301,18483.52617731,6
1790659500,0.0823803,0.0823803,0.0823552,0.0823607,0.0823605,69629.71349055,7
1790659800,0.0821258,0.0821258,0.0820005,0.0820005,0.0820074,10583.4234803,2
1790660100,0.0816859,0.0816859,0.0816203,0.0816203,0.0816247,12728.59939218,2
1790660400,0.0821062,0.0821062,0.0821062,0.0821062,0.0821062,1096.875,1
1790660700,0.0821378,0.0822886,0.0820961,0.0822875,0.0821344,83980.93101473,12
1790661000,0.0824341,0.0824758,0.0824341,0.0824519,0.0824586,22758.0743733,4
1790661300,0.0825754,0.0826165,0.0825754,0.0826165,0.0826156,12488.66421747,3
1790661600,0.082677,0.082677,0.0826686,0.08267,0.0826689,14214.8966107,3
1790661900,0.082822,0.082959,0.0827946,0.082959,0.0828266,9516.9894132,4
1790662200,0.0830234,0.0832463,0.0830234,0.0832463,0.0831288,139503.22907123,12
1790662500,0.0830079,0.0830835,0.0828275,0.0828754,0.0830206,146692.51150948,11
1790662800,0.0829598,0.0829598,0.0829598,0.0829598,0.0829598,13389.020402,1
1790663100,0.0829785,0.0829894,0.0829055,0.0829055,0.0829348,19966.78882444,3
1790663400,0.0829055,0.0829055,0.0829055,0.0829055,0.0000000,0.0,0
1790663700,0.0830708,0.0830708,0.0830013,0.0830013,0.0830189,1382.31378684,2
1790664000,0.0830223,0.0830223,0.0830223,0.0830223,0.0830223,4000.0,1
1790664300,0.083076,0.083076,0.083076,0.083076,0.0830760,2400.57351247,1
1790664600,0.0832393,0.0834048,0.0832393,0.0833797,0.0833429,67323.09049253,7
1790664900,0.083399,0.0834568,0.0833767,0.0833767,0.0833992,819.93754893,3
1790665200,0.0832222,0.0833029,0.0832222,0.0833029,0.0832834,47580.98976732,3
1790665500,0.0834486,0.0835679,0.0834486,0.0835679,0.0835080,20167.6484067,3
1790665800,0.0834788,0.0835352,0.0834788,0.0835352,0.0835139,25688.39870207,3
1790666100,0.0835665,0.0835665,0.0834618,0.0834618,0.0834885,116591.24957253,8
1790666400,0.0835533,0.0835533,0.0835533,0.0835533,0.0835533,358.90490934,1
1790666700,0.0835739,0.0835739,0.0835679,0.0835679,0.0835682,9736.5406073,2
1790667000,0.0835147,0.0837574,0.0833976,0.0837076,0.0834809,121619.12365476,15
1790667300,0.0837073,0.08383,0.0837003,0.08383,0.0837201,730.24375886,3
1790667600,0.083815,0.083815,0.0837661,0.0837661,0.0837933,604.6207569,2
1790667900,0.0836989,0.0837394,0.0836989,0.0837261,0.0837301,33382.6448272,10
1790668200,0.0837701,0.0837701,0.0836981,0.0836981,0.0837469,24521.24979361,5
1790668500,0.0838291,0.0838291,0.0836799,0.0836799,0.0837659,31033.53986483,5
1790668800,0.08365,0.08365,0.08365,0.08365,0.0836500,298.8643156,1
1790669100,0.0835225,0.0835225,0.0834405,0.0834704,0.0834854,97045.31450191,11
1790669400,0.0834982,0.0836586,0.0834982,0.083645,0.0836288,14313.12382756,4
1790669700,0.0836362,0.083761,0.0836362,0.0836994,0.0837104,54226.35264016,9
1790670000,0.0837352,0.0840372,0.0837352,0.0837904,0.0838712,37861.43960262,9
1790670300,0.0839755,0.0839755,0.0838079,0.0838079,0.0838591,16255.92607933,5
1790670600,0.0837923,0.0837923,0.0834699,0.0834794,0.0836015,28097.9527887,9
1790670900,0.0835106,0.083511,0.083312,0.083511,0.0833922,34163.30989567,11
1790671200,0.0835065,0.0835303,0.083474,0.083474,0.0834893,18282.67121981,4
1790671500,0.0834942,0.0836556,0.0834942,0.0836556,0.0836334,14563.27997587,3
1790671800,0.083618,0.083618,0.083618,0.083618,0.0836180,6727.694834,1
1790672100,0.0836906,0.0837112,0.0836906,0.0837112,0.0836929,4877.4050388,2
1790672400,0.0837816,0.0837816,0.0837816,0.0837816,0.0837816,5535.80788,1
1790672700,0.0836032,0.0836032,0.0836032,0.0836032,0.0836032,3841.248876,1
1790673000,0.0835498,0.0837021,0.0835498,0.0836945,0.0835916,42765.33799946,8
1790673300,0.0837738,0.0838117,0.0837738,0.0838117,0.0837991,1785.14941425,2
1790673600,0.0838398,0.0838966,0.0836973,0.0836973,0.0837446,232625.28297307,10
1790673900,0.0838069,0.0838934,0.0838069,0.083825,0.0838096,46773.486346,4
1790674200,0.0839981,0.0840109,0.0839981,0.0840109,0.0840087,1013.48027053,2
1790674500,0.0840397,0.0841575,0.0839711,0.0841575,0.0840598,35552.67768142,9
1790674800,0.0841764,0.0841764,0.084056,0.084085,0.0840842,6250.20930958,3
1790675100,0.08407,0.0842978,0.0840186,0.0842978,0.0841171,19293.99480306,7
1790675400,0.0843457,0.0845772,0.0843377,0.0843701,0.0844115,142451.41589325,26
1790675700,0.0843573,0.0843573,0.0842582,0.084311,0.0842914,71894.00078272,5
1790676000,0.0841846,0.0843043,0.084177,0.0842598,0.0841934,48124.13171753,4
1790676300,0.0841733,0.0841733,0.0841733,0.0841733,0.0841733,13430.1961288,1
1790676600,0.0842602,0.084304,0.0842348,0.0842522,0.0842663,18127.96576407,7
1790676900,0.0841209,0.0841209,0.083999,0.083999,0.0840838,10776.8500016,7
1790677200,0.0839707,0.0839789,0.0839281,0.0839292,0.0839428,38312.40644145,5
1790677500,0.0839685,0.0839685,0.0839434,0.0839434,0.0839477,5276.42380587,4
1790677800,0.0838825,0.0838864,0.0838517,0.0838517,0.0838689,636.42681936,4
1790678100,0.0837819,0.0837819,0.0837142,0.0837142,0.0837338,8269.21986981,4
1790678400,0.0836717,0.0836717,0.0836717,0.0836717,0.0836717,11457.9773576,1
1790678700,0.0837251,0.0837251,0.0836659,0.0836659,0.0837154,13370.4436685,3
1790679000,0.0836852,0.0837268,0.0836852,0.0837268,0.0837235,2777.39542084,2
1790679300,0.0837607,0.0837607,0.0836926,0.0837048,0.0837437,9656.5829813,4
1790679600,0.0837121,0.0838473,0.0837121,0.0837161,0.0837650,21434.68339653,7
1790679900,0.083903,0.083903,0.0837449,0.0837449,0.0838162,4375.0078821,4
1790680200,0.0837288,0.0837334,0.0837288,0.0837334,0.0837331,3031.89162179,2
1790680500,0.08367,0.08375,0.0836589,0.08375,0.0836868,15427.21285704,5
1790680800,0.08375,0.08375,0.08375,0.08375,0.0000000,0.0,0
1790681100,0.0837737,0.0837737,0.0837314,0.0837314,0.0837699,2636.26492118,2
1790681400,0.0838443,0.0838443,0.0838443,0.0838443,0.0838443,3269.38354,1
1790681700,0.0841183,0.0841443,0.0841183,0.0841443,0.0841203,5592.74494606,2
1790682000,0.0841602,0.0841602,0.0841126,0.0841507,0.0841424,11257.36869195,6
1790682300,0.0843271,0.0843557,0.0843271,0.084341,0.0843442,11233.88292707,3
1790682600,0.0844827,0.0845424,0.0842451,0.0843635,0.0844536,26882.56855768,10
1790682900,0.0843669,0.0844707,0.0843669,0.0844165,0.0844108,29172.81848894,6
1790683200,0.0842969,0.0844447,0.0842693,0.0843489,0.0843629,102999.73167999,18
1790683500,0.0842681,0.0842732,0.0842,0.0842732,0.0842330,42328.491614,6
1790683800,0.084282,0.0843313,0.084282,0.0843313,0.0843256,21453.942014,3
1790684100,0.0845072,0.084648,0.0843179,0.0843179,0.0844108,38868.26402341,9
1790684400,0.0843997,0.0843997,0.0842398,0.0842466,0.0843210,42497.99575157,6
1790684700,0.0842123,0.0842123,0.0842123,0.0842123,0.0842123,2266.40055248,1
1790685000,0.0844454,0.0844944,0.0844454,0.084466,0.0844673,29950.81138467,6
1790685300,0.0847527,0.0848517,0.0847527,0.0848395,0.0848208,46170.66822553,5
1790685600,0.0847361,0.0847361,0.0846962,0.0846962,0.0847261,12570.11019926,3
1790685900,0.0847531,0.0847531,0.0845299,0.0845299,0.0845906,16092.79116373,6
1790686200,0.084563,0.0845762,0.0844572,0.0845345,0.0845087,27563.78620294,10
1790686500,0.0845496,0.0845754,0.0845496,0.0845542,0.0845567,14829.7735128,3
1790686800,0.0845214,0.0845214,0.0844461,0.0844461,0.0845060,581.85314138,2
1790687100,0.0845102,0.0845403,0.0845102,0.0845403,0.0845214,8462.44897299,3
1790687400,0.0848338,0.0848642,0.0846781,0.0846781,0.0847504,96640.33099542,7
1790687700,0.0845729,0.0848717,0.0845729,0.0848717,0.0846582,33316.11110441,4
1790688000,0.0847283,0.0847283,0.0846918,0.0847045,0.0847094,217473.35132185,12
1790688300,0.0845756,0.0847918,0.0845755,0.0847626,0.0847577,7662.590227,5
1790688600,0.0845979,0.0846102,0.0843687,0.0844172,0.0845045,46730.69436088,11
1790688900,0.0843684,0.0846244,0.0842072,0.084491,0.0843442,267126.36384831,27
1790689200,0.0845804,0.0845804,0.0845053,0.0845053,0.0845713,14714.31353854,2
1790689500,0.0844748,0.0844748,0.0843351,0.0844217,0.0843744,108380.07609399,10
1790689800,0.0844842,0.0846713,0.0844842,0.0846381,0.0846013,31958.74945641,3
1790690100,0.0846316,0.0846316,0.0843794,0.0843794,0.0844228,300582.86561,15
1790690400,0.0844952,0.0844952,0.084138,0.0841877,0.0842022,38896.82513191,7
1790690700,0.0841028,0.0841531,0.0839152,0.0841237,0.0840810,104168.51498488,13
1790691000,0.0840195,0.0840195,0.0840195,0.0840195,0.0840195,7035.7089318,1
1790691300,0.0839452,0.0842774,0.0838699,0.0842774,0.0840414,35063.75696141,10
1790691600,0.0843254,0.0843254,0.0839763,0.0839838,0.0841742,58362.82214091,11
1790691900,0.0841952,0.0842807,0.0841952,0.0842807,0.0842182,416.75523385,2
1790692200,0.0843172,0.0843808,0.0843172,0.0843808,0.0843198,13464.00143685,2
1790692500,0.0842895,0.0843629,0.0840659,0.0843629,0.0841926,25303.4878172,5
1790692800,0.0844675,0.0844852,0.0844135,0.0844135,0.0844509,52148.60268619,9
1790693100,0.0844053,0.0846454,0.0844053,0.0844926,0.0845441,86440.59098739,10
1790693400,0.0843942,0.0844169,0.0842959,0.0844169,0.0843082,22712.31638747,4
1790693700,0.0844679,0.0844679,0.0844073,0.0844073,0.0844144,13173.52845059,3
1790694000,0.0840315,0.0840858,0.0837599,0.0837599,0.0840408,283821.1525393,25
1790694300,0.0836039,0.0836039,0.083497,0.083497,0.0835404,40581.81091909,6
1790694600,0.0838945,0.0838945,0.0833683,0.0833683,0.0836885,19448.62023788,7
1790694900,0.0835152,0.0836865,0.0832952,0.0832952,0.0836373,95681.69817082,12
1790695200,0.0833397,0.0833397,0.0827595,0.0827595,0.0830978,230181.4642213,47
1790695500,0.0826249,0.0826249,0.0823638,0.0825407,0.0825104,84855.12861404,15
1790695800,0.0825655,0.0829547,0.0825655,0.082858,0.0827706,80036.1252547,16
1790696100,0.0826722,0.0828795,0.0826722,0.082875,0.0827897,33045.20782419,31
1790696400,0.0829594,0.0830852,0.0828305,0.0828305,0.0830546,116127.96492448,12
1790696700,0.0829699,0.0830218,0.0826572,0.0830218,0.0828690,149436.94513968,27
1790697000,0.0830329,0.0830329,0.0825354,0.0825354,0.0828730,30527.122603,6
1790697300,0.0827033,0.0827423,0.0826125,0.0826494,0.0826896,22247.95094408,5
1790697600,0.0826728,0.0828965,0.0826728,0.0828418,0.0827027,31741.93982098,15
1790697900,0.0827693,0.0828928,0.0827693,0.082853,0.0828723,95187.43722951,14
1790698200,0.083,0.0830677,0.0829849,0.0829849,0.0830069,63957.01481457,3
1790698500,0.0829535,0.0831836,0.0829126,0.0830799,0.0830548,76865.14663259,11
1790698800,0.0831922,0.0831922,0.0831001,0.0831001,0.0831753,4207.214253,2
1790699100,0.0831776,0.0831776,0.0831776,0.0831776,0.0831776,86.41761791,1
1790699400,0.0828439,0.0828439,0.0828439,0.0828439,0.0828439,10549.4035727,3
1790699700,0.0829916,0.0831585,0.0829916,0.0831396,0.0831163,9790.73170715,6
1790700000,0.0828433,0.0828433,0.0825646,0.0825892,0.0826645,44986.29042455,7
1790700300,0.0826138,0.0826163,0.0823046,0.0823133,0.0824867,54753.43328012,7
1790700600,0.0823754,0.0825706,0.0821313,0.0821313,0.0822340,8684.08924793,4
1790700900,0.082062,0.0822774,0.0820285,0.0822774,0.0821282,15514.93649713,4
1790701200,0.0824637,0.0824637,0.0824637,0.0824637,0.0824637,11957.214615,1
1790701500,0.0825441,0.0827653,0.0825441,0.082734,0.0826800,36927.68904369,6
1790701800,0.082676,0.0827189,0.0825661,0.0826038,0.0826847,99815.26860768,12
1790702100,0.0826504,0.0826504,0.0823812,0.0823875,0.0825313,24698.44938989,4
1790702400,0.0822004,0.0822949,0.0821448,0.0822949,0.0821854,31747.666107,6
1790702700,0.0822521,0.0823535,0.0822521,0.0823535,0.0823252,19315.1841067,4
1790703000,0.0824,0.0825157,0.0824,0.0825108,0.0824509,49617.35366097,7
1790703300,0.0823705,0.0823705,0.0823202,0.0823202,0.0823438,106.14137384,2
1790703600,0.0823966,0.082525,0.0823966,0.0824376,0.0824563,42114.43696257,9
1790703900,0.0823706,0.0824145,0.0822245,0.0822245,0.0822418,15354.37379844,7
1790704200,0.0820802,0.082299,0.0820263,0.082299,0.0821594,13716.10990147,15
1790704500,0.0822312,0.0822937,0.0822106,0.0822937,0.0822928,123593.12409579,6
1790704800,0.0823802,0.0825676,0.0823802,0.0825535,0.0824587,52990.59233526,12
1790705100,0.0826142,0.082707,0.082414,0.0824623,0.0825225,33187.99220221,6
1790705400,0.0824347,0.0824347,0.0824347,0.0824347,0.0824347,91.29981144,1
1790705700,0.0827317,0.0827317,0.0826254,0.0826539,0.0827139,12976.2244597,14
1790706000,0.0828066,0.0829078,0.0828066,0.0829078,0.0828438,3291.02230756,6
1790706300,0.0829116,0.0829116,0.0828463,0.0828929,0.0828901,36575.09326256,6
1790706600,0.0828739,0.0828898,0.0828739,0.0828898,0.0828810,19074.3950617,3
1790706900,0.0828642,0.0829299,0.0828642,0.0829299,0.0829161,8784.584493,3
1790707200,0.0829211,0.0831743,0.0829211,0.0831079,0.0830567,67158.00074091,13
1790707500,0.0830994,0.0830994,0.0829928,0.0829928,0.0830934,1764.819829,2
1790707800,0.0830066,0.0830116,0.0830066,0.0830116,0.0830076,12948.58195329,2
1790708100,0.0829677,0.0830406,0.0829641,0.0830199,0.0830020,8963.90472538,5
1790708400,0.0830559,0.0830559,0.0830559,0.0830559,0.0830559,2452.249994,1
1790708700,0.0832053,0.0832053,0.0831636,0.0831636,0.0831711,16906.80325654,3
1790709000,0.0831013,0.0831013,0.0830499,0.0830499,0.0830668,490.0531318,2
1790709300,0.0829605,0.083135,0.0829605,0.0831063,0.0831149,7614.32415239,5
1790709600,0.0830099,0.0830313,0.0829966,0.0830177,0.0830237,9945.550401,4
1790709900,0.0831329,0.0831379,0.0831329,0.0831379,0.0831376,1173.52195511,2
1790710200,0.0829907,0.0830242,0.0829907,0.0830242,0.0830197,12106.002967,2
1790710500,0.0830074,0.0830074,0.0829962,0.0829962,0.0829970,3188.593101,2
1790710800,0.0830348,0.0830348,0.0826071,0.0826833,0.0827701,36222.76217213,12
1790711100,0.0825277,0.0827197,0.0824828,0.0826277,0.0826227,73874.61105314,11
1790711400,0.0826192,0.0826192,0.0825693,0.0825929,0.0825920,19518.55738142,4
1790711700,0.0825111,0.0825371,0.0825111,0.0825371,0.0825334,66040.63740661,7
1790712000,0.0826911,0.0826911,0.0824579,0.0825501,0.0825508,11034.6251335,3
1790712300,0.0825501,0.0825501,0.0825501,0.0825501,0.0000000,0.0,0
1790712600,0.0825795,0.0825795,0.0824769,0.0825549,0.0824865,21662.94845939,3
1790712900,0.0828195,0.0828195,0.0828195,0.0828195,0.0828195,50.0,1
1790713200,0.082998,0.0830281,0.082998,0.0830281,0.0830277,10639.30026831,2
1790713500,0.0831638,0.0831638,0.0830522,0.0830522,0.0831435,14548.37593978,5
1790713800,0.0829728,0.0830673,0.0829103,0.0829126,0.0829482,34326.24670342,7
1790714100,0.0829813,0.0829894,0.0829813,0.0829894,0.0829813,9928.8070794,2
1790714400,0.0829859,0.0830126,0.0829842,0.0830117,0.0830052,5099.9245014,4
1790714700,0.0829071,0.0829662,0.0829071,0.0829662,0.0829521,6554.064911,2
1790715000,0.0829537,0.0829636,0.0829058,0.0829328,0.0829296,18860.42066006,6
1790715300,0.0828962,0.0829629,0.0828962,0.0829184,0.0829405,11097.5333953,6
1790715600,0.0828798,0.0829675,0.0827115,0.0828183,0.0828488,134119.19766471,17
1790715900,0.0828634,0.0829519,0.0828634,0.0829158,0.0829443,151758.10271257,13
1790716200,0.0829987,0.0830647,0.0829954,0.0830505,0.0830353,26123.8889057,5
1790716500,0.0830416,0.0830416,0.0829173,0.0829173,0.0829533,32745.55908504,8
1790716800,0.0827958,0.0827958,0.0827958,0.0827958,0.0827958,1973.004665,1
1790717100,0.0826649,0.0826649,0.0826124,0.0826124,0.0826373,28184.59993279,9
1790717400,0.0827832,0.0828483,0.08271,0.0828293,0.0827771,11667.6646346,9
1790717700,0.0828041,0.0828476,0.0827859,0.0828476,0.0828087,13700.65633412,5
1790718000,0.0828607,0.0828607,0.0828033,0.0828033,0.0828199,12277.27917205,4
1790718300,0.0827084,0.0828624,0.0827084,0.0828624,0.0828103,31171.44083863,5
1790718600,0.0828974,0.0829733,0.0828974,0.0829733,0.0829709,2724.92702354,3
1790718900,0.0829733,0.0829733,0.0829733,0.0829733,0.0000000,0.0,0
1790719200,0.083104,0.08321,0.0830473,0.08321,0.0831066,10114.75294354,4
1790719500,0.0831134,0.0831392,0.0830656,0.0830656,0.0830982,7873.688711,5
1790719800,0.0831122,0.0832209,0.0830819,0.0832209,0.0832055,6460.54487844,5
1790720100,0.0830919,0.0831086,0.0829356,0.0831086,0.0830497,28878.2423446,21
1790720400,0.0829782,0.0830693,0.0829515,0.0830693,0.0830309,5479.18585555,8
1790720700,0.0831043,0.0831043,0.0829603,0.0829603,0.0830147,2639.257794,2
1790721000,0.0828969,0.0829102,0.0827407,0.0828554,0.0828298,39700.39222763,7
1790721300,0.0829572,0.0829572,0.0829572,0.0829572,0.0829572,1085.213328,1
1790721600,0.0830119,0.0830119,0.0830119,0.0830119,0.0830119,1913.094912,1
1790721900,0.0829991,0.0829991,0.0828985,0.0829288,0.0829312,34861.20236142,10
1790722200,0.0829069,0.0829448,0.0829051,0.0829448,0.0829189,7646.94795009,5
1790722500,0.0829545,0.0829545,0.0829545,0.0829545,0.0829545,1277.282553,1
1790722800,0.0828837,0.0829601,0.0828837,0.0829601,0.0829388,5476.0914039,6
1790723100,0.0831699,0.0832438,0.0831233,0.0831299,0.0831683,5840.0152392,7
1790723400,0.0832168,0.0832912,0.0832168,0.0832912,0.0832345,10896.529484,4
1790723700,0.0832308,0.0832308,0.083181,0.083181,0.0831862,2371.03984733,3
1790724000,0.0831193,0.0831193,0.0830197,0.0830197,0.0831005,17933.4143819,5
1790724300,0.0830197,0.0830197,0.0830197,0.0830197,0.0000000,0.0,0
1790724600,0.0829598,0.0829598,0.0828417,0.0828417,0.0829148,4061.15341,3
1790724900,0.082785,0.0828565,0.082785,0.0828565,0.0828150,39860.019813,11
1790725200,0.082677,0.082677,0.0825513,0.0826087,0.0826388,25083.06605596,12
1790725500,0.0826578,0.0827595,0.0826578,0.0827595,0.0827323,15004.12050329,2
1790725800,0.0828419,0.0828419,0.0827333,0.0827333,0.0827631,6186.422665,5
1790726100,0.0827718,0.0827718,0.082755,0.082755,0.0827676,3452.455646,6
1790726400,0.082755,0.082755,0.082755,0.082755,0.0000000,0.0,0
1790726700,0.0827624,0.0828389,0.0826229,0.0826229,0.0827169,3913.91311292,6
1790727000,0.0825416,0.0825416,0.0824745,0.0824745,0.0824962,8270.85931,6
1790727300,0.0825143,0.0825143,0.0824089,0.0824089,0.0824309,12523.613047,3
1790727600,0.0823962,0.0824039,0.0823712,0.0823712,0.0823741,5891.08761833,3
1790727900,0.0824036,0.0825732,0.0823527,0.0825726,0.0823948,26467.4475802,6
1790728200,0.082642,0.0826421,0.082642,0.0826421,0.0826420,5310.472359,2
1790728500,0.0824549,0.0824755,0.0824466,0.0824466,0.0824528,20361.64882666,5
1790728800,0.0825603,0.0826106,0.0825539,0.0826083,0.0826048,7263.133019,6
1790729100,0.082405,0.0824372,0.0823855,0.0824174,0.0824144,12054.01751895,8
1790729400,0.0824235,0.0824235,0.0824008,0.0824008,0.0824010,4386.509828,2
1790729700,0.0824275,0.0824604,0.0824275,0.0824604,0.0824449,9154.94036906,6
1790730000,0.0826148,0.0826148,0.0826148,0.0826148,0.0826148,2572.782962,1
1790730300,0.0826816,0.0826817,0.0826816,0.0826817,0.0826816,4794.400835,2
1790730600,0.0828028,0.082903,0.0828028,0.082903,0.0828537,14292.02858658,4
1790730900,0.0829312,0.0829312,0.0829312,0.0829312,0.0829312,5342.570308,1
1790731200,0.0829577,0.0830896,0.0829577,0.0830744,0.0830717,22190.0615931,5
1790731500,0.0831489,0.08316,0.0829549,0.0829549,0.0830876,8174.15070844,7
1790731800,0.082826,0.082826,0.0826833,0.0827419,0.0827118,25770.97991365,9
1790732100,0.0826672,0.0827062,0.0826672,0.0827062,0.0826825,7632.416946,2
1790732400,0.0827079,0.0829254,0.0827079,0.0829254,0.0828944,44043.629022,12
1790732700,0.0829191,0.0829418,0.0829191,0.0829418,0.0829341,15068.13969059,6
1790733000,0.082971,0.0830206,0.0828829,0.0828831,0.0829715,4824.39158902,4
1790733300,0.0828954,0.0828954,0.0828585,0.0828585,0.0828939,4487.987966,2
1790733600,0.0829218,0.083058,0.0829218,0.0829713,0.0829544,5569.1210167,4
1790733900,0.0830777,0.0831227,0.0830523,0.0830523,0.0830971,17243.0530522,4
1790734200,0.0829829,0.0830089,0.0829829,0.0830089,0.0829970,6564.780869,2
1790734500,0.0830006,0.0830006,0.0827898,0.0827898,0.0829287,6899.160659,2
1790734800,0.0828395,0.0828395,0.0828395,0.0828395,0.0828395,4088.467624,1
1790735100,0.082753,0.082753,0.082689,0.082689,0.0827048,15801.204664,6
1790735400,0.0827383,0.0827384,0.0826001,0.0826001,0.0827182,16170.9364124,3
1790735700,0.0826288,0.0827302,0.0826288,0.0827302,0.0826963,8689.486645,4
1790736000,0.0827949,0.0827949,0.0827949,0.0827949,0.0827949,9020.5476017,1
1790736300,0.082795,0.0829321,0.082795,0.0828462,0.0828183,6223.292834,3
1790736600,0.0828361,0.0828361,0.0828361,0.0828361,0.0828361,4079.801363,1
1790736900,0.0828107,0.0828107,0.0827254,0.0827254,0.0827523,16856.3315457,5
1790737200,0.0825676,0.0826029,0.0825676,0.0826006,0.0825809,6928.60544138,4
1790737500,0.082554,0.082554,0.0824958,0.0825078,0.0825064,8702.361971,4
1790737800,0.0824368,0.0824416,0.0824368,0.0824416,0.0824402,1402.3435,9
1790738100,0.0824594,0.0824606,0.0820813,0.0820813,0.0822820,10841.008337,15
1790738400,0.0821686,0.0823758,0.0821678,0.0823149,0.0823101,14179.8990472,8
1790738700,0.0823142,0.082346,0.0821994,0.082346,0.0823043,1986.263318,5
1790739000,0.082305,0.0823913,0.0822153,0.0823913,0.0823193,215780.37795523,24
1790739300,0.0825038,0.0826014,0.0823594,0.0826014,0.0824939,29263.1023441,7
1790739600,0.0827054,0.0827161,0.0826366,0.0826366,0.0826792,7057.57147745,6
1790739900,0.0825586,0.0825586,0.0824817,0.0824817,0.0825049,90227.026437,12
1790740200,0.0824903,0.0824903,0.0824408,0.082449,0.0824844,2466.9582,3
1790740500,0.0823605,0.0823605,0.0823438,0.0823563,0.0823563,3184.12043477,4
1790740800,0.0825709,0.0826423,0.0825589,0.0826385,0.0825952,11320.308949,11
1790741100,0.082505,0.082505,0.082505,0.082505,0.0825050,240.4687,1
1790741400,0.082423,0.0825864,0.082423,0.0824955,0.0825231,5178.126743,10
1790741700,0.0826586,0.0827663,0.0826586,0.0826631,0.0827049,5142.44226096,5
1790742000,0.082733,0.082733,0.082733,0.082733,0.0827330,240.4687,1
1790742300,0.0827354,0.0828313,0.0827354,0.0828306,0.0828276,3222.65702,4
1790742600,0.0825753,0.0826213,0.0825727,0.0825812,0.0826084,52489.34002281,15
1790742900,0.0825696,0.0827868,0.0825301,0.0826954,0.0826147,54475.73696165,23
1790743200,0.0826795,0.0826795,0.0826297,0.0826627,0.0826547,3389.354001,10
1790743500,0.0826285,0.0826463,0.0826285,0.0826408,0.0826385,1308.036806,6
1790743800,0.08252,0.08252,0.0824206,0.0824206,0.0824433,2318.25565,5
1790744100,0.0824114,0.0824409,0.0823439,0.0823439,0.0823681,24796.4209318,11
1790744400,0.0823903,0.082635,0.0823903,0.0825347,0.0825549,3175.784368,6
1790744700,0.0824841,0.0826028,0.0824689,0.0824689,0.0825007,19924.20270951,4
1790745000,0.0823943,0.0824623,0.0823836,0.0823836,0.0824225,5102.903368,4
1790745300,0.0823882,0.0824014,0.0823232,0.0823919,0.0823623,9291.94556624,9
1790745600,0.082524,0.0826738,0.0825113,0.0826188,0.0826471,146059.45300913,27
1790745900,0.0827215,0.0827215,0.0825355,0.08262,0.0826108,15560.41215631,6
1790746200,0.0826759,0.0829615,0.0826759,0.0827948,0.0828931,20522.71239799,16
1790746500,0.0827903,0.0829419,0.0827755,0.0827802,0.0828773,56383.38883262,14
1790746800,0.0828121,0.0829606,0.0828121,0.0829519,0.0828958,7333.11634524,8
1790747100,0.0829263,0.0829459,0.0828618,0.0828618,0.0828934,5118.125369,9
1790747400,0.0829013,0.0829013,0.082875,0.082875,0.0828881,4000.0,2
1790747700,0.0827198,0.0827753,0.0826504,0.0827753,0.0827489,13245.58262364,9
1790748000,0.0827823,0.0828155,0.0827823,0.082801,0.0827878,8296.943179,3
1790748300,0.0827884,0.0827965,0.0825836,0.0825836,0.0826278,17373.1359277,7
1790748600,0.0826169,0.0826169,0.0826169,0.0826169,0.0826169,1392.918154,1
1790748900,0.0825521,0.0825894,0.0824617,0.0825623,0.0824789,12091.40683495,6
1790749200,0.0825045,0.0825045,0.0823483,0.0823483,0.0823988,18552.04372874,8
1790749500,0.0821994,0.0822719,0.0821516,0.0822671,0.0821720,22989.03421187,10
1790749800,0.0822121,0.0822153,0.0820883,0.082133,0.0822099,9528.23895224,4
1790750100,0.0820944,0.0821251,0.0820944,0.0821251,0.0820982,2290.4687,3
1790750400,0.08203,0.0822426,0.082,0.0821304,0.0821173,28787.14411671,15
1790750700,0.0819951,0.0819951,0.081834,0.081834,0.0818600,4859.77393259,5
1790751000,0.0819261,0.0820316,0.0818827,0.0820254,0.0819586,1995.01017163,7
1790751300,0.0820643,0.0821711,0.0819003,0.0819003,0.0820966,7349.59948904,6
1790751600,0.0818909,0.0821215,0.0818909,0.0820636,0.0819262,7320.986555,6
1790751900,0.0819863,0.0820347,0.0818845,0.0820335,0.0819613,12503.07139772,10
1790752200,0.082063,0.082063,0.082063,0.082063,0.0820630,610.0,1
1790752500,0.0819853,0.0822844,0.0819853,0.0822844,0.0820270,2771.4061,5
1790752800,0.082464,0.082464,0.0824246,0.0824246,0.0824288,2240.4687,2
1790753100,0.0827562,0.0827562,0.0825188,0.0825478,0.0826248,48485.91585714,14
1790753400,0.0824794,0.0824874,0.082464,0.082464,0.0824848,1555.05269924,3
1790753700,0.0827028,0.0827039,0.0826388,0.0826388,0.0826844,4361.118609,4
1790754000,0.0827061,0.0827061,0.0827061,0.0827061,0.0827061,87.08908939,1
1790754300,0.0827737,0.0828401,0.0827737,0.0828401,0.0828344,7251.03257812,5
1790754600,0.0828663,0.0828663,0.0827624,0.0827624,0.0828461,26753.57438397,15
1790754900,0.0827114,0.0827114,0.082612,0.082612,0.0826263,2894.90974,4
1790755200,0.0826084,0.0826084,0.0825037,0.0825037,0.0825837,24845.1958263,3
1790755500,0.0823422,0.0823422,0.0823422,0.0823422,0.0823422,240.4687,1
1790755800,0.0823422,0.0823422,0.0823422,0.0823422,0.0000000,0.0,0
1790756100,0.0823014,0.082508,0.0823014,0.0825002,0.0824549,8338.21116744,8
1790756400,0.0826104,0.0826185,0.082512,0.082512,0.0825373,10316.69563746,9
1790756700,0.0825201,0.0825201,0.0824643,0.0824643,0.0825104,290.4687,2
1790757000,0.0823617,0.0823617,0.0822337,0.0822737,0.0822850,27204.83649846,5
1790757300,0.0822341,0.0822341,0.0822134,0.0822134,0.0822141,1799.11703929,3
1790757600,0.0822526,0.0822586,0.0822444,0.0822586,0.0822568,14044.1999088,4
1790757900,0.0824341,0.0825548,0.0824341,0.0825493,0.0824436,9127.14967322,3
1790758200,0.0825109,0.0825109,0.08241,0.0824328,0.0824628,2665.72569635,5
1790758500,0.082428,0.082428,0.082428,0.082428,0.0824280,914.17,1
1790758800,0.0824409,0.0824963,0.0824409,0.0824963,0.0824686,480.9374,2
1790759100,0.0825757,0.0825979,0.0825757,0.0825979,0.0825894,628.61283344,2
1790759400,0.0826611,0.0826725,0.0826611,0.0826725,0.0826652,821.4061,5
1790759700,0.0827186,0.0827807,0.0827186,0.0827807,0.0827518,780.9374,4
1790760000,0.0827202,0.0827751,0.0827069,0.0827196,0.0827305,1335.21553166,5
1790760300,0.0828913,0.0828913,0.0828913,0.0828913,0.0828913,241.01443191,1
1790760600,0.0829531,0.0833332,0.0828623,0.0832,0.0830043,89279.58182539,26
1790760900,0.0832,0.0832,0.0832,0.0832,0.0000000,0.0,0
1790761200,0.0830756,0.0830756,0.0829942,0.0830656,0.0830370,65213.7919824,12
1790761500,0.0830701,0.0831246,0.0830701,0.0830953,0.0830992,6278.3997,6
1790761800,0.0830977,0.0830977,0.082978,0.083043,0.0830279,26671.49923872,7
1790762100,0.0830241,0.0830241,0.0829872,0.0830025,0.0830030,2808.189914,3
1790762400,0.0830226,0.0830841,0.0829329,0.0830036,0.0829375,13988.63940109,5
1790762700,0.0830097,0.0832855,0.0830097,0.083207,0.0831270,271509.23584703,61
1790763000,0.0831594,0.0831594,0.0830642,0.0831106,0.0830826,5286.8748,6
1790763300,0.083035,0.0832909,0.083035,0.0832909,0.0831973,34377.15745665,28
1790763600,0.0833076,0.0835629,0.0832912,0.0834826,0.0834849,145966.79901643,36
1790763900,0.0835985,0.0836128,0.0834383,0.0834855,0.0835555,47671.92818677,22
1790764200,0.0835277,0.0836215,0.0835277,0.0835588,0.0835906,13127.4802491,5
1790764500,0.0836353,0.083704,0.083557,0.083704,0.0836306,138492.08071693,24
1790764800,0.0837375,0.0837887,0.0837375,0.0837887,0.0837486,21238.56291287,5
1790765100,0.0838,0.0838149,0.0837826,0.0837826,0.0838069,1789.25241229,3
1790765400,0.0838066,0.0838095,0.0838066,0.0838095,0.0838070,350.15166409,3
1790765700,0.0837348,0.0839732,0.0837348,0.0839635,0.0838514,224793.54860352,35
1790766000,0.0839258,0.0839358,0.0837325,0.0838071,0.0838457,211778.55352729,58
1790766300,0.0837894,0.0837993,0.0836563,0.0837712,0.0837285,46375.66289729,19
1790766600,0.0837212,0.0838611,0.0836364,0.0838109,0.0836952,96899.08731936,22
1790766900,0.0837927,0.0838494,0.0837927,0.0838412,0.0838392,9820.01785977,4
1790767200,0.0837887,0.0840398,0.0837585,0.084023,0.0838985,40249.91145284,13
1790767500,0.0839429,0.0839465,0.0839429,0.0839465,0.0839463,5956.18478063,2
1790767800,0.0838727,0.0839127,0.0838727,0.0839005,0.0839038,17979.07181843,8
1790768100,0.0839443,0.0841118,0.0839443,0.0841118,0.0840703,4884.03504401,4
1790768400,0.0841646,0.0850356,0.084154,0.0848884,0.0845178,106305.40546993,48
1790768700,0.084701,0.0848474,0.0844132,0.0844132,0.0846378,146770.82510818,40
1790769000,0.0844249,0.0844557,0.0844166,0.0844508,0.0844219,2258.68902686,4
1790769300,0.084389,0.0843973,0.0843066,0.0843791,0.0843488,63699.10680221,15
1790769600,0.0843963,0.0845597,0.0843963,0.0845204,0.0845104,610027.05276633,90
1790769900,0.0844697,0.0844852,0.0843224,0.0844045,0.0844136,553929.47039999,72
1790770200,0.0844066,0.0844824,0.0843464,0.0844576,0.0844414,200116.22829958,31
1790770500,0.0843203,0.0843203,0.0842305,0.0842305,0.0842388,21618.9794409,2
1790770800,0.0841851,0.084289,0.084143,0.0842562,0.0842319,153990.66411764,22
1790771100,0.0843322,0.0843574,0.0840777,0.0843574,0.0841219,8572.15941273,8
1790771400,0.0841794,0.0857,0.0841794,0.0854251,0.0846334,2821332.47442127,191
1790771700,0.0858074,0.0859015,0.0851356,0.0855759,0.0853681,441169.04115797,75
1790772000,0.0857251,0.0859289,0.0855041,0.0855938,0.0857984,620518.7315125,82
1790772300,0.0856931,0.0858359,0.0853493,0.0856277,0.0854571,486176.16611029,105
1790772600,0.0855939,0.085958,0.0855939,0.085958,0.0858193,137119.6258909,22
1790772900,0.0859431,0.0859431,0.0856143,0.0856228,0.0858057,282240.29966809,33
1790773200,0.0856374,0.0856374,0.0853783,0.085551,0.0854807,397246.3259389,33
1790773500,0.0855534,0.0857716,0.0855534,0.0857716,0.0856386,21756.86764776,8
1790773800,0.085783,0.0858947,0.0857346,0.0858223,0.0857939,205623.56510112,41
1790774100,0.0858693,0.0860215,0.0858243,0.0858243,0.0858790,472447.39841423,57
1790774400,0.0857019,0.0858099,0.085697,0.0857876,0.0857267,92649.07964879,20
1790774700,0.0858088,0.0859709,0.085648,0.0857002,0.0859383,73366.32910265,17
1790775000,0.0858508,0.0862634,0.085762,0.085762,0.0858797,624841.44001087,86
1790775300,0.085339,0.0853425,0.0844293,0.0845643,0.0847671,564151.29607502,162
1790775600,0.0845195,0.084843,0.0841658,0.0847407,0.0844354,322953.54733669,70
1790775900,0.084867,0.0850667,0.0848336,0.0849709,0.0849383,78181.37410541,30
1790776200,0.0848878,0.0849325,0.0845764,0.0847827,0.0847616,180941.52601525,26
1790776500,0.084552,0.0846708,0.0844545,0.0846651,0.0845604,50052.71580947,26
1790776800,0.0846304,0.0846873,0.0842931,0.0846873,0.0844077,72681.99031476,26
1790777100,0.0847395,0.0848749,0.0845374,0.0845449,0.0846778,44873.98577322,18
1790777400,0.0842891,0.084671,0.0841695,0.0843906,0.0842983,8405.49808699,14
1790777700,0.08447,0.0845038,0.083991,0.0840816,0.0841394,93475.64711383,34
1790778000,0.0840524,0.0842555,0.0832952,0.0837098,0.0836704,435127.21629768,111
1790778300,0.0837553,0.0837923,0.0832318,0.0834243,0.0836349,73432.41753136,26
1790778600,0.0833919,0.083669,0.0831191,0.0833506,0.0834675,235530.41948583,79
1790778900,0.0832819,0.0834548,0.0830002,0.0833095,0.0831410,2731135.14887099,321
1790779200,0.0833315,0.0833822,0.08302,0.0831307,0.0831801,146728.99541241,47
1790779500,0.0831332,0.0834421,0.0830723,0.0833492,0.0832303,113453.60649472,21
1790779800,0.0833197,0.0836057,0.0833197,0.083534,0.0834649,30979.97846828,18
1790780100,0.0835297,0.0835923,0.0833731,0.0833901,0.0835294,30269.20209127,15
1790780400,0.0834124,0.0836419,0.0833899,0.0836419,0.0834948,29459.34522644,12
1790780700,0.0837012,0.0837012,0.0835252,0.0836941,0.0835460,60425.60505445,19
1790781000,0.0837969,0.0839898,0.0836282,0.0836827,0.0837268,156715.71301128,41
1790781300,0.0835756,0.0836433,0.0833962,0.0833962,0.0835729,22925.52135241,11
1790781600,0.0831903,0.0835383,0.0831682,0.0831801,0.0832866,67548.05445854,37
1790781900,0.0829638,0.0832527,0.0829249,0.0832527,0.0830640,43560.989396,19
1790782200,0.0836087,0.0838992,0.0836087,0.0837392,0.0837808,37090.18894443,18
1790782500,0.0837193,0.0839301,0.083647,0.0839301,0.0838305,15647.7292593,11
1790782800,0.0839602,0.0839991,0.0837174,0.0837174,0.0839465,124167.39983162,41
1790783100,0.0837869,0.0840876,0.0837869,0.0840876,0.0838577,8894.55883857,3
1790783400,0.0841482,0.0842266,0.0840601,0.0840898,0.0841455,9770.76090113,9
1790783700,0.084029,0.084029,0.084029,0.084029,0.0840290,10382.2626386,1
1790784000,0.084016,0.084271,0.0839782,0.084271,0.0841100,21736.75165351,11
1790784300,0.0842835,0.0844284,0.0842835,0.0844284,0.0844241,8377.45881975,3
1790784600,0.0844195,0.0844244,0.0843166,0.0843166,0.0843671,10639.29487851,4
1790784900,0.0842141,0.0842141,0.0841597,0.0841597,0.0842010,316.2054795,2
1790785200,0.0841753,0.0841856,0.0841629,0.0841629,0.0841746,6778.9771977,7
1790785500,0.0841431,0.0841431,0.0839429,0.0839429,0.0839866,16442.05548105,6
1790785800,0.0838325,0.0838598,0.0836619,0.0838598,0.0837225,57848.09014829,35
1790786100,0.0837267,0.0837894,0.0837267,0.0837894,0.0837699,583.43516589,2
1790786400,0.0838279,0.0839182,0.0838279,0.0839182,0.0838891,6206.7623705,2
1790786700,0.0839806,0.0841507,0.0839267,0.0839267,0.0840286,77902.62270137,19
1790787000,0.0840351,0.0840602,0.0839801,0.0840207,0.0840156,13121.99373465,12
1790787300,0.0839432,0.083954,0.0839432,0.083954,0.0839492,587.50982302,2
1790787600,0.0839706,0.0839898,0.083886,0.0838954,0.0839362,29439.36064838,21
1790787900,0.0839207,0.0841672,0.0839207,0.0840019,0.0840215,18580.8956184,23
1790788200,0.0839222,0.0839222,0.0838323,0.0838657,0.0838651,9428.63276513,5
1790788500,0.0837563,0.0837797,0.0837135,0.0837135,0.0837376,4336.06317639,4
1790788800,0.0835577,0.083603,0.0835195,0.0835195,0.0835670,13154.27252596,6
1790789100,0.0834858,0.0836061,0.08331,0.0836061,0.0834762,4863.20110912,10
1790789400,0.0834376,0.0834529,0.083365,0.08338,0.0833873,3539.787615,5
1790789700,0.0832704,0.0832932,0.0831946,0.0831971,0.0832264,2462.19794488,6
1790790000,0.083188,0.0832707,0.083188,0.0832568,0.0832154,14066.96977977,13
1790790300,0.0831839,0.0833831,0.0831839,0.083219,0.0833283,13810.21393028,18
1790790600,0.0834105,0.0834167,0.0832462,0.0832462,0.0833047,1680.9374,7
1790790900,0.0831768,0.083228,0.0831768,0.083228,0.0832000,13973.10628514,13
1790791200,0.0833105,0.0833257,0.0830371,0.0832589,0.0831218,38972.88362774,22
1790791500,0.0831388,0.08322,0.0829069,0.08322,0.0831161,13542.18843385,7
1790791800,0.0832775,0.0832775,0.083218,0.083218,0.0832491,17443.17391168,8
1790792100,0.0832,0.0832,0.0832,0.0832,0.0832000,50.0,1
1790792400,0.0832001,0.0832001,0.0830981,0.0830981,0.0831005,11612.77621678,4
1790792700,0.082973,0.0830133,0.082953,0.0830086,0.0830052,17209.41539299,7
1790793000,0.0830528,0.0831763,0.08288,0.08288,0.0829776,19233.5805587,9
1790793300,0.0828238,0.0828395,0.0827364,0.0827619,0.0827712,148534.26808569,30
1790793600,0.0827473,0.0828905,0.0827473,0.0828226,0.0828168,67680.63846551,21
1790793900,0.0827564,0.0827645,0.0826866,0.0826866,0.0827391,28553.1623596,13
1790794200,0.0827758,0.0829703,0.0827758,0.0829703,0.0829545,9000.91944927,8
1790794500,0.0829536,0.0829537,0.0829536,0.0829537,0.0829536,55466.6424747,4
1790794800,0.0830693,0.0831113,0.0829875,0.0831029,0.0830626,15501.44669266,8
1790795100,0.0831545,0.0831545,0.0831545,0.0831545,0.0831545,15509.4871685,1
1790795400,0.0829995,0.0829995,0.0828074,0.0828174,0.0828404,33432.67518741,23
1790795700,0.0828469,0.0828657,0.0825916,0.0828657,0.0827131,29729.89585213,25
1790796000,0.0828644,0.0829587,0.0827614,0.0827614,0.0829202,19395.42653481,4
1790796300,0.0828341,0.0828341,0.0828341,0.0828341,0.0828341,50.0,1
1790796600,0.0830596,0.0831391,0.0830265,0.0831391,0.0830345,13104.52286105,5
1790796900,0.08321,0.0832813,0.0832075,0.0832813,0.0832246,2407.36024534,6
1790797200,0.0831795,0.0831795,0.0831533,0.0831533,0.0831740,564.00923674,4
1790797500,0.0831404,0.0831959,0.0830525,0.0831196,0.0831279,38069.96497409,12
1790797800,0.0830059,0.0830059,0.082727,0.082727,0.0828404,68184.1506421,14
1790798100,0.0829361,0.0829616,0.0829072,0.0829616,0.0829204,12530.9662061,3
1790798400,0.0831864,0.0831864,0.0829594,0.0831115,0.0831536,22315.13925064,9
1790798700,0.083234,0.083234,0.0830558,0.0831202,0.0831243,18875.04126278,18
1790799000,0.0832278,0.0832289,0.0832278,0.0832289,0.0832284,574.43609023,2
1790799300,0.0833318,0.0833526,0.0833318,0.0833526,0.0833482,18530.9662061,4
1790799600,0.0834096,0.0834096,0.0834096,0.0834096,0.0834096,107.89853222,1
1790799900,0.0835744,0.0836311,0.0835612,0.0835612,0.0835676,695679.31906223,39
1790800200,0.083414,0.0834751,0.083414,0.0834751,0.0834609,18926.8155867,4
1790800500,0.0834632,0.0834632,0.0833672,0.0834543,0.0834387,27187.79288184,5
1790800800,0.0833481,0.0833481,0.0833481,0.0833481,0.0833481,8516.31867342,1
1790801100,0.083349,0.0833752,0.0833044,0.0833044,0.0833486,115428.32051346,17
1790801400,0.0833619,0.0833619,0.0833477,0.0833477,0.0833482,6282.4687,2
1790801700,0.0832705,0.0832768,0.083206,0.0832768,0.0832478,1336.45592018,4
1790802000,0.0833458,0.0834278,0.0833256,0.0834235,0.0833487,10663.88508061,9
1790802300,0.0833649,0.0833649,0.0832506,0.0832506,0.0832758,452.4201273,2
1790802600,0.0833519,0.0834194,0.0833044,0.0833044,0.0833749,33563.02133548,12
1790802900,0.083198,0.0833168,0.0831822,0.0833168,0.0832212,1064.42137798,3
1790803200,0.0833056,0.0833056,0.0832944,0.0832944,0.0832992,849.53585128,2
1790803500,0.0831606,0.0832483,0.0831176,0.0832483,0.0831787,56354.4729362,5
1790803800,0.0832,0.0832489,0.0832,0.0832489,0.0832249,19618.50533818,2
1790804100,0.0832938,0.0833122,0.0832843,0.0832843,0.0832958,19892.05576819,5
1790804400,0.083275,0.083275,0.083275,0.083275,0.0832750,12120.2868206,1
1790804700,0.0831747,0.0832094,0.0831747,0.0832094,0.0831754,9119.59082936,2
1790805000,0.0832094,0.0832094,0.0832094,0.0832094,0.0000000,0.0,0
1790805300,0.0832094,0.0832094,0.0832094,0.0832094,0.0000000,0.0,0
1790805600,0.0830586,0.0830586,0.0830586,0.0830586,0.0830586,50.0,1
1790805900,0.0830586,0.0830586,0.0830586,0.0830586,0.0000000,0.0,0
1790806200,0.082893,0.0829983,0.082893,0.0829983,0.0828948,13478.28072623,2
1790806500,0.0831091,0.0831091,0.0831091,0.0831091,0.0831091,137.1690946,1
1790806800,0.0831091,0.0831091,0.0831091,0.0831091,0.0000000,0.0,0
1790807100,0.083177,0.0832829,0.083177,0.0832829,0.0831811,9033.48902416,2
1790807400,0.0832829,0.0832829,0.0832829,0.0832829,0.0000000,0.0,0
1790807700,0.0835338,0.0835437,0.0835338,0.0835437,0.0835342,11047.20164426,2
1790808000,0.0835571,0.0835571,0.0835225,0.0835225,0.0835441,21352.307834,2
1790808300,0.0834443,0.0834443,0.0834443,0.0834443,0.0834443,12015.0813764,1
1790808600,0.0834214,0.0834214,0.0834214,0.0834214,0.0834214,9476.05381858,1
1790808900,0.0834851,0.0834851,0.0834851,0.0834851,0.0834851,12368.847326,2
1790809200,0.083399,0.0836388,0.0833963,0.08352,0.0834882,32956.6611985,14
1790809500,0.0835097,0.0835097,0.0832569,0.0832569,0.0833521,60016.44661753,9
1790809800,0.0832943,0.0833939,0.0832654,0.0833939,0.0833122,50362.0654512,5
1790810100,0.0834488,0.0834488,0.0833563,0.0833563,0.0834241,14021.52684395,4
1790810400,0.0835642,0.0835829,0.083531,0.0835384,0.0835586,3705.38641803,4
1790810700,0.0835384,0.0835384,0.0835384,0.0835384,0.0000000,0.0,0
1790811000,0.0834392,0.0834392,0.0832454,0.0832792,0.0832520,3107.25366365,4
1790811300,0.0834497,0.0835268,0.0834497,0.0834845,0.0835026,87268.29307857,8
1790811600,0.0835249,0.0835249,0.0835163,0.0835163,0.0835223,12060.96620614,2
1790811900,0.0833856,0.0833856,0.0833856,0.0833856,0.0833856,1042.82420154,1
1790812200,0.083375,0.083375,0.083375,0.083375,0.0833750,452.00716731,1
1790812500,0.0834008,0.0834008,0.0834008,0.0834008,0.0834008,183.00198743,1
1790812800,0.0834394,0.0834394,0.0834014,0.0834014,0.0834391,19734.25196019,2
1790813100,0.0834014,0.0834014,0.0834014,0.0834014,0.0000000,0.0,0
1790813400,0.083345,0.0833451,0.083345,0.0833451,0.0833450,582.45428443,2
1790813700,0.0832217,0.0832299,0.0832022,0.0832022,0.0832277,12337.08818845,5
1790814000,0.0833932,0.0833932,0.0832864,0.0832864,0.0833561,21203.2238422,3
1790814300,0.0832864,0.0832864,0.0832864,0.0832864,0.0000000,0.0,0
1790814600,0.0832148,0.0832148,0.0832148,0.0832148,0.0832148,51.55332945,1
1790814900,0.0832148,0.0832148,0.0832148,0.0832148,0.0000000,0.0,0
1790815200,0.0833173,0.0833921,0.0833173,0.0833921,0.0833201,3875.77779553,4
1790815500,0.0833943,0.0833943,0.0833943,0.0833943,0.0833943,131.63,1
1790815800,0.0833943,0.0833943,0.0833943,0.0833943,0.0000000,0.0,0
1790816100,0.083381,0.08339,0.083381,0.08339,0.0833859,18302.2702045,2
1790816400,0.0834117,0.0834986,0.0834117,0.0834986,0.0834981,9819.1284409,2
1790816700,0.0835161,0.0835161,0.0835161,0.0835161,0.0835161,9393.1624377,1
1790817000,0.0835161,0.0835161,0.0835161,0.0835161,0.0000000,0.0,0
1790817300,0.0835164,0.0837797,0.0835164,0.0837797,0.0836591,78190.77986544,10
1790817600,0.0839576,0.0839615,0.0839576,0.0839615,0.0839611,526.7037076,2
1790817900,0.0840818,0.0840818,0.0838935,0.0839188,0.0839516,40397.2555719,5
1790818200,0.083754,0.0838375,0.0836737,0.0837718,0.0837240,22225.82748522,10
1790818500,0.0836395,0.0836395,0.0836015,0.0836015,0.0836060,17551.03906679,4
1790818800,0.0836699,0.0836699,0.0836436,0.0836436,0.0836546,72669.00087892,5
1790819100,0.0837019,0.0837019,0.0835477,0.0835477,0.0836514,88308.19203485,6
1790819400,0.0835023,0.0835611,0.0835023,0.0835611,0.0835317,20909.331569,2
1790819700,0.0835611,0.0835611,0.0835611,0.0835611,0.0000000,0.0,0
1790820000,0.0837016,0.0837016,0.0837016,0.0837016,0.0837016,8501.9980618,1
1790820300,0.083808,0.083808,0.083808,0.083808,0.0838080,481.59823384,1
1790820600,0.083808,0.083808,0.083808,0.083808,0.0000000,0.0,0
1790820900,0.0837251,0.0837251,0.0836984,0.0836984,0.0837117,27459.4673425,2
1790821200,0.0836508,0.0836508,0.0836508,0.0836508,0.0836508,7844.1432954,1
1790821500,0.0835565,0.0835565,0.0835565,0.0835565,0.0835565,14001.6837929,1
1790821800,0.0835565,0.0835565,0.0835565,0.0835565,0.0000000,0.0,0
1790822100,0.0835565,0.0835565,0.0835565,0.0835565,0.0000000,0.0,0
1790822400,0.0837172,0.0837172,0.0837172,0.0837172,0.0837172,11559.3383529,1
1790822700,0.083757,0.083757,0.083757,0.083757,0.0837570,3345.29281125,1
1790823000,0.083757,0.083757,0.083757,0.083757,0.0000000,0.0,0
1790823300,0.0841118,0.0841431,0.084051,0.0840911,0.0840654,14375.7903682,4
1790823600,0.0840563,0.0841764,0.0840563,0.0841764,0.0840684,13427.7315842,3
1790823900,0.0837497,0.0838163,0.0837497,0.0838163,0.0838049,72469.18759251,6
1790824200,0.0838338,0.0839909,0.0838338,0.0839314,0.0839147,19660.99107332,4
1790824500,0.0839339,0.0839908,0.0839339,0.0839618,0.0839601,849.91681373,3
1790824800,0.0839364,0.0839364,0.0839084,0.0839084,0.0839087,10676.95636377,2
1790825100,0.0839119,0.0840016,0.0839119,0.0840016,0.0839583,26476.7199609,2
1790825400,0.0839165,0.0839165,0.0839165,0.0839165,0.0839165,205.16035743,1
1790825700,0.0842264,0.0843092,0.0841986,0.0841986,0.0842560,29951.00935911,4
1790826000,0.0842917,0.0844612,0.0842917,0.0844268,0.0843807,55807.08847486,11
1790826300,0.0844268,0.0844268,0.0844268,0.0844268,0.0000000,0.0,0
