time,open,high,low,close,vwap,volume,count
1790463900,1.0915,1.0931,1.0914,1.0926,1.0920,1878.04749244,26
1790464200,1.0927,1.0933,1.0927,1.0927,1.0929,659.56575025,4
1790464500,1.0918,1.0918,1.0918,1.0918,1.0918,60.9735,1
1790464800,1.0923,1.0924,1.0923,1.0924,1.0923,2007.28843183,6
1790465100,1.0881,1.0889,1.0881,1.0889,1.0885,200.0,2
1790465400,1.0889,1.0889,1.0889,1.0889,0.0000,0.0,0
1790465700,1.0883,1.0891,1.0883,1.0887,1.0889,883.0267753,4
1790466000,1.0881,1.0886,1.0875,1.0875,1.0882,19.5,5
1790466300,1.0881,1.0916,1.0881,1.0916,1.0882,3513.54543104,7
1790466600,1.0914,1.0925,1.0906,1.0925,1.0912,1275.66433963,74
1790466900,1.0926,1.0928,1.0926,1.0928,1.0926,108.48636398,2
1790467200,1.0904,1.0904,1.0865,1.0871,1.0883,1706.41850707,10
1790467500,1.0863,1.0863,1.0835,1.0835,1.0844,321.56670635,3
1790467800,1.084,1.0842,1.0839,1.084,1.0840,253.9,6
1790468100,1.0834,1.085,1.0834,1.085,1.0846,144.0,4
1790468400,1.085,1.085,1.085,1.085,0.0000,0.0,0
1790468700,1.0857,1.0882,1.0857,1.0874,1.0872,5085.5834396,28
1790469000,1.0875,1.0875,1.0875,1.0875,1.0875,100.0,1
1790469300,1.0852,1.0852,1.0852,1.0852,1.0852,4.73664266,1
1790469600,1.0852,1.0852,1.0852,1.0852,0.0000,0.0,0
1790469900,1.0866,1.0889,1.0856,1.0864,1.0872,11239.08410673,26
1790470200,1.0863,1.0874,1.0862,1.0874,1.0866,500.0,6
1790470500,1.0861,1.0878,1.0861,1.0878,1.0870,935.45110533,2
1790470800,1.0878,1.0878,1.0878,1.0878,0.0000,0.0,0
1790471100,1.0853,1.0856,1.0853,1.0856,1.0854,200.0,2
1790471400,1.0871,1.0909,1.0871,1.0909,1.0882,5361.06129413,15
1790471700,1.0923,1.0931,1.0904,1.0904,1.0908,5498.80756407,17
1790472000,1.0863,1.0864,1.0841,1.0848,1.0855,3314.56479934,15
1790472300,1.0833,1.0834,1.081,1.0834,1.0816,5685.33871376,14
1790472600,1.0851,1.0869,1.0845,1.0845,1.0848,3698.27875014,9
1790472900,1.086,1.086,1.086,1.086,1.0860,327.2911671,1
1790473200,1.0885,1.0885,1.0885,1.0885,1.0885,100.0,1
1790473500,1.0904,1.0904,1.0877,1.0877,1.0878,135.60290207,2
1790473800,1.0871,1.0887,1.0864,1.0875,1.0874,2906.16970386,16
1790474100,1.0875,1.0899,1.0875,1.0879,1.0886,8485.77088027,23
1790474400,1.089,1.089,1.0885,1.0889,1.0888,735.85535061,5
1790474700,1.086,1.0889,1.086,1.0889,1.0871,1990.94575668,4
1790475000,1.0892,1.0897,1.0885,1.0885,1.0893,1513.38477578,9
1790475300,1.0895,1.0895,1.0895,1.0895,1.0895,100.0,1
1790475600,1.0906,1.0921,1.0906,1.0921,1.0907,108.03973995,2
1790475900,1.0898,1.09,1.088,1.0886,1.0895,724.1309226,4
1790476200,1.0866,1.0866,1.0866,1.0866,1.0866,327.2911671,1
1790476500,1.0881,1.0881,1.0881,1.0881,1.0881,3.9,1
1790476800,1.0881,1.0881,1.0881,1.0881,0.0000,0.0,0
1790477100,1.0881,1.0881,1.0881,1.0881,0.0000,0.0,0
1790477400,1.0881,1.0881,1.0881,1.0881,0.0000,0.0,0
1790477700,1.0836,1.0836,1.0823,1.0823,1.0825,989.6284348,5
1790478000,1.0822,1.0836,1.0822,1.0832,1.0827,929.67496631,8
1790478300,1.0842,1.0842,1.0842,1.0842,1.0842,392.2787,2
1790478600,1.084,1.084,1.084,1.084,1.0840,100.0,1
1790478900,1.084,1.084,1.084,1.084,0.0000,0.0,0
1790479200,1.0874,1.0879,1.0874,1.0879,1.0878,551.57618657,4
1790479500,1.0867,1.0867,1.0867,1.0867,1.0867,690.9874,2
1790479800,1.0869,1.088,1.0868,1.0868,1.0868,166.37614974,4
1790480100,1.0868,1.0868,1.0868,1.0868,0.0000,0.0,0
1790480400,1.0872,1.0872,1.0868,1.0868,1.0870,674.5223914,7
1790480700,1.0868,1.0868,1.0868,1.0868,0.0000,0.0,0
1790481000,1.0861,1.0861,1.0861,1.0861,1.0861,100.0,1
1790481300,1.0869,1.0869,1.0869,1.0869,1.0869,100.0,1
1790481600,1.0822,1.0822,1.0809,1.081,1.0815,625.51133413,9
1790481900,1.0817,1.0829,1.0817,1.0829,1.0823,855.8514901,4
1790482200,1.0844,1.0869,1.0844,1.0856,1.0854,393.9193824,4
1790482500,1.085,1.085,1.085,1.085,1.0850,4.60574797,1
1790482800,1.084,1.085,1.084,1.0849,1.0846,1830.88365341,12
1790483100,1.0784,1.0784,1.0783,1.0783,1.0783,1114.2482688,2
1790483400,1.0794,1.0806,1.0794,1.0806,1.0802,615.52746619,5
1790483700,1.0808,1.0808,1.0808,1.0808,1.0808,55.269663,1
1790484000,1.0808,1.0808,1.0808,1.0808,0.0000,0.0,0
1790484300,1.0775,1.0792,1.0775,1.0781,1.0782,1755.0095004,14
1790484600,1.0776,1.0786,1.0776,1.0786,1.0781,908.14163551,3
1790484900,1.0775,1.0775,1.0775,1.0775,1.0775,6.43062645,1
1790485200,1.08,1.08,1.0797,1.0797,1.0797,598.95270123,2
1790485500,1.0814,1.0834,1.0812,1.0834,1.0816,1672.99735488,7
1790485800,1.082,1.082,1.082,1.082,1.0820,92.42144177,1
1790486100,1.082,1.082,1.082,1.082,0.0000,0.0,0
1790486400,1.082,1.082,1.082,1.082,0.0000,0.0,0
1790486700,1.082,1.082,1.082,1.082,0.0000,0.0,0
1790487000,1.0811,1.0813,1.0811,1.0813,1.0811,281.25,5
1790487300,1.0834,1.0882,1.0834,1.0882,1.0865,25566.54305746,34
1790487600,1.0852,1.0852,1.0822,1.0822,1.0824,4214.30229224,6
1790487900,1.0822,1.0863,1.0822,1.0856,1.0832,1311.34342917,12
1790488200,1.085,1.085,1.0846,1.0846,1.0848,11.07,2
1790488500,1.0862,1.0862,1.085,1.085,1.0850,1460.15381347,2
1790488800,1.0851,1.0858,1.0851,1.0858,1.0852,612.12217209,5
1790489100,1.085,1.0859,1.085,1.0859,1.0852,27.64213082,3
1790489400,1.086,1.0864,1.086,1.0863,1.0860,462.05147404,4
1790489700,1.0873,1.0889,1.0873,1.0889,1.0877,1847.5441079,5
1790490000,1.089,1.0893,1.0875,1.0875,1.0879,1710.0623634,7
1790490300,1.087,1.0888,1.0857,1.0882,1.0870,14551.93819009,33
1790490600,1.0886,1.0887,1.0855,1.0855,1.0875,3066.87787064,16
1790490900,1.0873,1.1014,1.0873,1.092,1.0962,37845.93589081,113
1790491200,1.0928,1.117,1.0923,1.1126,1.1070,58179.38400925,118
1790491500,1.109,1.1145,1.1079,1.1108,1.1120,14245.53339264,48
1790491800,1.109,1.1101,1.108,1.1101,1.1095,1383.23880947,7
1790492100,1.1103,1.116,1.11,1.1121,1.1131,25988.11762229,69
1790492400,1.1103,1.1103,1.1056,1.1056,1.1082,11908.2334033,29
1790492700,1.1049,1.1064,1.1042,1.1052,1.1057,5416.63705122,19
1790493000,1.107,1.1109,1.1065,1.1065,1.1075,1453.69461036,19
1790493300,1.105,1.105,1.1038,1.1046,1.1040,1532.38357777,6
1790493600,1.1061,1.1066,1.1061,1.1061,1.1064,3638.64359115,9
1790493900,1.1102,1.1118,1.1097,1.1113,1.1105,485.928515,8
1790494200,1.1112,1.1152,1.1112,1.1152,1.1131,4809.38161389,16
1790494500,1.1142,1.1199,1.1133,1.1193,1.1183,1876.93259025,11
1790494800,1.1183,1.1183,1.1166,1.117,1.1182,3704.80393706,9
1790495100,1.1179,1.1204,1.1179,1.12,1.1200,3532.16379692,11
1790495400,1.1215,1.1217,1.1215,1.1217,1.1216,583.56525871,6
1790495700,1.1188,1.1188,1.1188,1.1188,1.1188,100.0,1
1790496000,1.1168,1.1179,1.1164,1.1177,1.1167,3426.58653798,8
1790496300,1.1189,1.119,1.1143,1.1183,1.1166,6689.60059604,30
1790496600,1.1129,1.1142,1.1118,1.1142,1.1125,646.40155134,9
1790496900,1.1142,1.1142,1.1142,1.1142,0.0000,0.0,0
1790497200,1.1132,1.1132,1.1069,1.1078,1.1081,2553.57384783,10
1790497500,1.1075,1.1075,1.1075,1.1075,1.1075,128.3613166,1
1790497800,1.1081,1.1092,1.1081,1.1092,1.1088,2410.8650774,6
1790498100,1.1082,1.1082,1.103,1.103,1.1059,3722.65087835,14
1790498400,1.1028,1.1028,1.1009,1.101,1.1014,1009.16684769,6
1790498700,1.1013,1.1013,1.1013,1.1013,1.1013,130.0,1
1790499000,1.1011,1.1011,1.1011,1.1011,1.1011,327.2911671,1
1790499300,1.1,1.1,1.0984,1.0995,1.0991,4466.70113312,23
1790499600,1.0991,1.0998,1.0972,1.0982,1.0978,26004.27785129,35
1790499900,1.0985,1.0985,1.0948,1.0949,1.0952,1394.02933116,7
1790500200,1.0921,1.0949,1.0914,1.0947,1.0940,1992.56880652,19
1790500500,1.0956,1.0959,1.0937,1.095,1.0948,1864.7414166,11
1790500800,1.0941,1.0958,1.0938,1.0958,1.0941,1330.30498903,9
1790501100,1.0967,1.0967,1.0951,1.0951,1.0959,1148.24527642,4
1790501400,1.0982,1.0993,1.0982,1.0991,1.0991,1330.3828081,8
1790501700,1.0984,1.1002,1.0981,1.1002,1.0986,2087.16024974,7
1790502000,1.1012,1.1032,1.1012,1.1019,1.1019,4878.5908677,16
1790502300,1.101,1.1014,1.0993,1.0993,1.1007,1991.2151292,15
1790502600,1.0993,1.0994,1.0984,1.0984,1.0988,401.73251673,13
1790502900,1.0988,1.0998,1.0988,1.0998,1.0994,2514.26274231,8
1790503200,1.0992,1.1,1.0966,1.0966,1.0984,4356.54176712,17
1790503500,1.097,1.0971,1.096,1.0968,1.0962,607.62718238,7
1790503800,1.0974,1.0983,1.0974,1.0983,1.0978,912.5402731,5
1790504100,1.0979,1.0979,1.097,1.0979,1.0978,115.76651429,3
1790504400,1.0992,1.1001,1.0992,1.1001,1.0999,472.6344401,4
1790504700,1.1003,1.1003,1.0977,1.0977,1.0989,935.82042661,10
1790505000,1.0974,1.0985,1.0974,1.0985,1.0974,384.6378969,2
1790505300,1.0995,1.0999,1.0992,1.0995,1.0994,4239.82255156,12
1790505600,1.0993,1.0993,1.0993,1.0993,1.0993,55.4252,1
1790505900,1.098,1.0982,1.098,1.0982,1.0981,280.5107726,2
1790506200,1.0985,1.0985,1.096,1.096,1.0960,438.31780721,2
1790506500,1.0959,1.0963,1.0959,1.0963,1.0959,1633.97262137,6
1790506800,1.0952,1.0952,1.0952,1.0952,1.0952,91.30752374,1
1790507100,1.0956,1.0956,1.0945,1.0945,1.0948,143.08385785,2
1790507400,1.0945,1.0945,1.0945,1.0945,0.0000,0.0,0
1790507700,1.0934,1.0934,1.0931,1.0931,1.0933,328.68642517,2
1790508000,1.092,1.0939,1.092,1.0926,1.0933,2223.15133771,27
1790508300,1.0937,1.0943,1.0937,1.0943,1.0942,1437.15723088,4
1790508600,1.0938,1.0967,1.0938,1.0952,1.0952,1216.5301233,4
1790508900,1.0959,1.0959,1.0942,1.0947,1.0946,1536.57213033,6
1790509200,1.0953,1.0953,1.0937,1.0937,1.0938,352.43806779,6
1790509500,1.0937,1.0937,1.0937,1.0937,0.0000,0.0,0
1790509800,1.0949,1.0954,1.0949,1.0954,1.0949,874.5325235,5
1790510100,1.0961,1.0961,1.0952,1.0953,1.0954,2575.3816289,7
1790510400,1.0945,1.0953,1.0945,1.0953,1.0946,578.0744967,4
1790510700,1.0953,1.0953,1.0953,1.0953,0.0000,0.0,0
1790511000,1.0977,1.0978,1.0973,1.0978,1.0977,667.70072641,3
1790511300,1.0996,1.1005,1.0996,1.1005,1.1002,10229.68811272,12
1790511600,1.0972,1.0995,1.0949,1.0949,1.0978,9305.87079044,24
1790511900,1.0942,1.0966,1.094,1.0966,1.0944,2783.7062979,20
1790512200,1.0966,1.0975,1.0966,1.0966,1.0968,240.37833197,3
1790512500,1.0975,1.0994,1.0975,1.0994,1.0981,446.53620515,6
1790512800,1.0993,1.101,1.0986,1.0989,1.0992,1511.95453808,15
1790513100,1.0987,1.0987,1.0986,1.0986,1.0986,1636.45583555,6
1790513400,1.0976,1.0978,1.0976,1.0978,1.0976,345.58079367,3
1790513700,1.094,1.094,1.094,1.094,1.0940,2552.3214725,1
1790514000,1.09,1.09,1.0833,1.0858,1.0886,15999.95396883,40
1790514300,1.0862,1.0874,1.0861,1.0861,1.0866,2971.19354153,13
1790514600,1.0853,1.0853,1.08,1.08,1.0841,3275.24425739,12
1790514900,1.0809,1.0853,1.0805,1.0853,1.0811,2118.00870734,10
1790515200,1.0846,1.0863,1.0845,1.0863,1.0845,1690.31676037,5
1790515500,1.0862,1.0886,1.0861,1.0886,1.0867,3844.10422049,12
1790515800,1.0887,1.0917,1.0887,1.0914,1.0907,409.47787079,8
1790516100,1.0885,1.0885,1.0847,1.0847,1.0858,2388.92458785,9
1790516400,1.0849,1.0853,1.0847,1.0847,1.0847,149.34593076,3
1790516700,1.0818,1.0865,1.0818,1.0862,1.0840,1843.96904462,8
1790517000,1.0863,1.0863,1.0857,1.0857,1.0862,142.89965908,3
1790517300,1.0856,1.0882,1.0855,1.0882,1.0871,526.73437176,10
1790517600,1.0904,1.0911,1.0884,1.0888,1.0891,1277.69087525,15
1790517900,1.0875,1.0892,1.0874,1.0878,1.0879,479.02309416,8
1790518200,1.0878,1.0887,1.0862,1.0862,1.0870,2184.50558469,10
1790518500,1.0874,1.0887,1.0874,1.0881,1.0879,37.09170779,5
1790518800,1.0866,1.0882,1.0844,1.0844,1.0872,7339.56872848,16
1790519100,1.0843,1.0873,1.0842,1.0853,1.0864,143.99946946,7
1790519400,1.0845,1.0878,1.0845,1.0872,1.0860,1645.78507703,11
1790519700,1.083,1.0835,1.0815,1.0819,1.0826,1564.96547779,5
1790520000,1.0843,1.0843,1.0835,1.0839,1.0838,450.08622628,6
1790520300,1.0839,1.0845,1.0798,1.0818,1.0805,2698.83225495,13
1790520600,1.0835,1.0835,1.0828,1.0828,1.0833,711.3568068,6
1790520900,1.0818,1.082,1.0818,1.082,1.0818,533.463845,4
1790521200,1.0811,1.0811,1.0737,1.0743,1.0767,6386.41454409,28
1790521500,1.073,1.0768,1.073,1.0748,1.0744,4547.13855845,24
1790521800,1.0754,1.0767,1.0754,1.0767,1.0761,59.741461,3
1790522100,1.0767,1.0777,1.0765,1.0777,1.0768,608.15812984,11
1790522400,1.0741,1.0759,1.0738,1.0738,1.0744,1434.71022341,15
1790522700,1.0742,1.0767,1.0712,1.0766,1.0725,6891.56666494,27
1790523000,1.0753,1.0774,1.0747,1.0759,1.0760,2308.40748258,22
1790523300,1.0763,1.0763,1.076,1.076,1.0760,68.81311936,2
1790523600,1.0767,1.0767,1.075,1.075,1.0754,60.67432161,2
1790523900,1.076,1.079,1.076,1.079,1.0769,837.86300347,6
1790524200,1.0788,1.0801,1.0788,1.0801,1.0794,1059.7740489,4
1790524500,1.0808,1.081,1.0807,1.0807,1.0809,2185.81029133,9
1790524800,1.0822,1.0822,1.08,1.08,1.0805,78.50652,2
1790525100,1.0832,1.0872,1.0832,1.0872,1.0837,990.75333514,8
1790525400,1.0876,1.0884,1.0876,1.0884,1.0880,108.31032774,4
1790525700,1.0866,1.0894,1.0865,1.0894,1.0892,580.2930176,4
1790526000,1.0916,1.0924,1.0901,1.0904,1.0917,1969.4679413,8
1790526300,1.0901,1.0901,1.0901,1.0901,1.0901,66.658896,1
1790526600,1.0857,1.0865,1.0855,1.0865,1.0862,1051.89654836,13
1790526900,1.087,1.0878,1.0866,1.087,1.0873,1455.08903685,12
1790527200,1.087,1.0875,1.0857,1.0867,1.0863,495.98819609,6
1790527500,1.0867,1.0867,1.0867,1.0867,0.0000,0.0,0
1790527800,1.0873,1.0874,1.0873,1.0874,1.0873,489.3490289,2
1790528100,1.0874,1.0874,1.0872,1.0872,1.0873,27.5221346,2
1790528400,1.0881,1.0915,1.0874,1.0915,1.0887,684.73968847,10
1790528700,1.0911,1.0911,1.089,1.0906,1.0909,497.30909434,11
1790529000,1.0933,1.0953,1.0933,1.0948,1.0947,2185.77189494,7
1790529300,1.0954,1.0954,1.0936,1.0936,1.0942,1543.94742166,9
1790529600,1.0942,1.0951,1.0942,1.0951,1.0944,95.25694116,2
1790529900,1.0951,1.0951,1.0951,1.0951,0.0000,0.0,0
1790530200,1.0918,1.0919,1.0918,1.0918,1.0918,1117.2191482,6
1790530500,1.0936,1.0936,1.0933,1.0933,1.0934,1497.14237101,8
1790530800,1.0905,1.0908,1.0884,1.0891,1.0895,435.68082699,10
1790531100,1.0899,1.0941,1.0899,1.0941,1.0903,441.52504185,6
1790531400,1.0944,1.0954,1.0942,1.0954,1.0948,732.505502,5
1790531700,1.0969,1.0969,1.0962,1.0963,1.0965,1416.48224016,8
1790532000,1.0964,1.0976,1.0964,1.0976,1.0972,2235.81416895,12
1790532300,1.0996,1.1017,1.0996,1.1017,1.1001,568.333232,7
1790532600,1.1024,1.1065,1.1024,1.1058,1.1050,4560.84174222,25
1790532900,1.1058,1.1059,1.1039,1.1049,1.1047,1717.51620893,15
1790533200,1.1041,1.1121,1.1041,1.1083,1.1094,15351.49466079,44
1790533500,1.1085,1.1102,1.1084,1.1086,1.1091,3657.75987248,20
1790533800,1.1083,1.1087,1.1059,1.1059,1.1080,1252.74694626,9
1790534100,1.1059,1.1059,1.1059,1.1059,0.0000,0.0,0
1790534400,1.1051,1.1054,1.1049,1.1049,1.1053,1686.81974424,4
1790534700,1.1065,1.1096,1.1056,1.1096,1.1077,3962.53557582,13
1790535000,1.1093,1.1093,1.1075,1.1081,1.1082,8053.4683153,27
1790535300,1.1073,1.1074,1.106,1.1072,1.1068,637.87213247,10
1790535600,1.1064,1.1064,1.102,1.1021,1.1031,1726.12828263,13
1790535900,1.1021,1.1021,1.1021,1.1021,0.0000,0.0,0
1790536200,1.1031,1.1044,1.1028,1.1044,1.1031,3543.496,11
1790536500,1.1059,1.1067,1.1059,1.1067,1.1063,1538.90672825,11
1790536800,1.1067,1.1067,1.1067,1.1067,0.0000,0.0,0
1790537100,1.1088,1.1101,1.105,1.1069,1.1080,4371.99054718,33
1790537400,1.108,1.1097,1.108,1.1097,1.1088,321.2211,5
1790537700,1.1106,1.1151,1.1106,1.1151,1.1124,2859.78842786,25
1790538000,1.1138,1.1149,1.1123,1.1124,1.1134,3265.45758396,26
1790538300,1.1113,1.1166,1.1113,1.1164,1.1131,3230.25921113,17
1790538600,1.1146,1.1153,1.1145,1.1146,1.1146,2607.28401498,8
1790538900,1.1148,1.1148,1.1123,1.113,1.1130,6421.86510898,27
1790539200,1.112,1.1147,1.112,1.1141,1.1142,2151.44302834,22
1790539500,1.1142,1.1142,1.1095,1.111,1.1104,3513.34648953,19
1790539800,1.1123,1.1123,1.1123,1.1123,1.1123,62.86979226,1
1790540100,1.1128,1.1136,1.1116,1.1124,1.1128,515.39032651,10
1790540400,1.112,1.1142,1.1091,1.1142,1.1107,2047.79379127,12
1790540700,1.1146,1.1159,1.1118,1.1154,1.1151,9226.67861783,37
1790541000,1.117,1.117,1.1129,1.1134,1.1146,1632.2911671,7
1790541300,1.1142,1.1142,1.1142,1.1142,1.1142,130.0,1
1790541600,1.1108,1.1151,1.1104,1.1151,1.1107,8071.65329496,15
1790541900,1.1161,1.1161,1.1134,1.1134,1.1137,3098.02848501,22
1790542200,1.1116,1.1116,1.1081,1.1081,1.1097,457.68216211,5
1790542500,1.1093,1.1095,1.1089,1.1089,1.1092,2066.222655,8
1790542800,1.1102,1.1145,1.108,1.1133,1.1123,6220.30014014,29
1790543100,1.115,1.1167,1.1146,1.1165,1.1154,9265.65665625,37
1790543400,1.1179,1.118,1.117,1.117,1.1173,274.65120681,4
1790543700,1.1189,1.1189,1.1164,1.1164,1.1180,1697.82219372,18
1790544000,1.114,1.1179,1.1139,1.1174,1.1163,2971.02156158,16
1790544300,1.1166,1.1181,1.1069,1.107,1.1129,85099.4150789,70
1790544600,1.1059,1.108,1.1059,1.1072,1.1074,2944.10013355,14
1790544900,1.1037,1.1056,1.1014,1.1054,1.1023,3715.27452932,10
1790545200,1.1041,1.1041,1.1041,1.1041,1.1041,226.4198123,1
1790545500,1.1047,1.1047,1.1046,1.1046,1.1046,356.30578437,2
1790545800,1.1061,1.1066,1.1061,1.1064,1.1062,167.45709125,5
1790546100,1.1064,1.1064,1.1064,1.1064,0.0000,0.0,0
1790546400,1.1064,1.1064,1.0937,1.0956,1.1017,173.8723634,7
1790546700,1.0937,1.0937,1.0934,1.0937,1.0936,239.4921,5
1790547000,1.0909,1.0909,1.09,1.09,1.0907,199.831493,3
1790547300,1.0894,1.0926,1.0879,1.0926,1.0909,1308.23533895,10
1790547600,1.0925,1.096,1.0925,1.096,1.0938,2443.48229968,8
1790547900,1.096,1.096,1.096,1.096,0.0000,0.0,0
1790548200,1.0939,1.0939,1.0938,1.0938,1.0938,9.8418971,2
1790548500,1.0932,1.0984,1.0931,1.0984,1.0949,3560.74159988,16
1790548800,1.0986,1.0986,1.0982,1.0982,1.0984,851.1721422,5
1790549100,1.0977,1.0978,1.0975,1.0975,1.0976,25.87149202,3
1790549400,1.0993,1.1002,1.0993,1.1002,1.0998,350.42356677,4
1790549700,1.0998,1.0998,1.0993,1.0993,1.0995,1214.86180455,11
1790550000,1.0989,1.1081,1.0989,1.1081,1.1047,1104.32847639,13
1790550300,1.1092,1.111,1.1092,1.111,1.1109,1864.59754017,2
1790550600,1.1015,1.1024,1.1015,1.1024,1.1018,300.0,3
1790550900,1.107,1.107,1.107,1.107,1.1070,56.25,1
1790551200,1.1097,1.1107,1.1093,1.1097,1.1099,1917.85919079,13
1790551500,1.1096,1.1115,1.1095,1.1115,1.1103,2243.02330796,12
1790551800,1.1125,1.1137,1.1082,1.1092,1.1103,3857.33425613,30
1790552100,1.1099,1.1099,1.1082,1.1082,1.1088,1630.51010903,13
1790552400,1.1107,1.1107,1.1082,1.1082,1.1086,282.64310434,5
1790552700,1.1099,1.1147,1.1092,1.1143,1.1119,1199.45598688,12
1790553000,1.1149,1.1199,1.1128,1.1199,1.1153,1658.26074298,26
1790553300,1.12,1.12,1.1141,1.1141,1.1179,6032.26060227,19
1790553600,1.1141,1.1202,1.1141,1.1158,1.1170,1844.48662135,12
1790553900,1.1175,1.1185,1.1165,1.1165,1.1179,316.2528218,10
1790554200,1.1144,1.1162,1.1141,1.1162,1.1148,1428.9337692,10
1790554500,1.1195,1.1196,1.1156,1.1156,1.1171,159.3434953,5
1790554800,1.1174,1.1236,1.1174,1.1231,1.1219,3204.16576997,27
1790555100,1.1206,1.1247,1.1197,1.1197,1.1221,1316.83553349,12
1790555400,1.1188,1.1188,1.1061,1.108,1.1124,5301.20376098,50
1790555700,1.108,1.108,1.1028,1.1051,1.1039,741.58231773,12
1790556000,1.1029,1.1083,1.1027,1.1075,1.1072,2122.24347671,15
1790556300,1.1101,1.1139,1.11,1.1106,1.1112,5018.12542239,32
1790556600,1.1122,1.1157,1.1122,1.113,1.1141,2103.95480811,17
1790556900,1.1064,1.1065,1.1038,1.1063,1.1052,4837.43890796,26
1790557200,1.1076,1.1076,1.1037,1.1054,1.1063,6463.00181057,33
1790557500,1.1017,1.1164,1.1014,1.1124,1.1101,2445.11616426,25
1790557800,1.1091,1.11,1.1091,1.11,1.1094,649.46783714,2
1790558100,1.1036,1.1044,1.0987,1.0987,1.1014,2124.95754054,16
1790558400,1.1017,1.1081,1.1017,1.1037,1.1053,2258.19808319,8
1790558700,1.1037,1.1037,1.1037,1.1037,0.0000,0.0,0
1790559000,1.1037,1.1037,1.1037,1.1037,0.0000,0.0,0
1790559300,1.1013,1.1013,1.0995,1.0995,1.1008,946.2222096,3
1790559600,1.0998,1.0998,1.0979,1.0979,1.0993,1523.09831731,7
1790559900,1.0983,1.0994,1.0926,1.0926,1.0964,2542.27278764,14
1790560200,1.0943,1.1038,1.0943,1.1038,1.0984,1366.9542119,14
1790560500,1.1019,1.1038,1.0945,1.0945,1.1017,1537.42596978,12
1790560800,1.0937,1.0946,1.0894,1.0938,1.0914,2108.9575069,21
1790561100,1.0956,1.1003,1.0949,1.1002,1.0969,2761.18610177,18
1790561400,1.1,1.1081,1.1,1.1081,1.1009,8415.44456001,66
1790561700,1.1077,1.1077,1.1041,1.1041,1.1061,227.59842046,4
1790562000,1.1031,1.1052,1.1022,1.1042,1.1036,2772.5681835,10
1790562300,1.1019,1.1019,1.1019,1.1019,1.1019,347.4576,2
1790562600,1.102,1.102,1.0985,1.0985,1.0995,449.2832671,4
1790562900,1.0999,1.1012,1.0999,1.1012,1.1001,432.80228301,5
1790563200,1.1012,1.1012,1.1012,1.1012,0.0000,0.0,0
1790563500,1.1018,1.1018,1.0954,1.0956,1.0968,1830.16727384,12
1790563800,1.096,1.0964,1.0926,1.0952,1.0942,6375.58951421,33
1790564100,1.0976,1.0976,1.0947,1.0962,1.0968,155.65766387,5
1790564400,1.0965,1.0984,1.0918,1.0929,1.0959,5006.72186902,31
1790564700,1.0943,1.0943,1.0943,1.0943,1.0943,228.45654756,1
1790565000,1.0914,1.0914,1.0865,1.0897,1.0893,6945.05210919,48
1790565300,1.0894,1.0967,1.0894,1.0953,1.0946,1540.46972944,22
1790565600,1.0946,1.0947,1.0872,1.088,1.0884,3510.5474945,33
1790565900,1.085,1.0862,1.0785,1.0791,1.0842,13426.94144189,52
1790566200,1.0796,1.0796,1.0745,1.0765,1.0760,13113.86395559,51
1790566500,1.0846,1.087,1.0841,1.085,1.0859,649.15210948,7
1790566800,1.0878,1.0889,1.0861,1.0886,1.0873,1676.53669391,14
1790567100,1.0836,1.0876,1.0834,1.0876,1.0842,1709.36264262,8
1790567400,1.0854,1.0854,1.0824,1.0825,1.0834,4733.21414324,17
1790567700,1.0825,1.0825,1.0791,1.0791,1.0820,475.4213679,2
1790568000,1.0795,1.0798,1.072,1.0734,1.0784,2412.80089318,19
1790568300,1.0744,1.0815,1.0744,1.0763,1.0799,1309.36390585,21
1790568600,1.0765,1.0803,1.0764,1.0803,1.0786,1073.84975219,18
1790568900,1.0807,1.0884,1.0787,1.0884,1.0832,822.19036825,9
1790569200,1.0903,1.0912,1.0853,1.0912,1.0883,1255.26238447,24
1790569500,1.0916,1.0916,1.0854,1.0854,1.0864,1328.60387517,23
1790569800,1.0859,1.087,1.0856,1.0867,1.0861,1852.0417735,10
1790570100,1.0857,1.0861,1.0857,1.0861,1.0858,169.034317,2
1790570400,1.0887,1.0948,1.0887,1.0948,1.0929,849.71660244,9
1790570700,1.0914,1.0914,1.0906,1.0912,1.0908,303.024252,7
1790571000,1.0903,1.0975,1.0903,1.0967,1.0922,312.883076,7
1790571300,1.0935,1.0965,1.0934,1.095,1.0953,1608.6426691,12
1790571600,1.1009,1.1009,1.0932,1.0937,1.0949,1224.42541088,18
1790571900,1.0931,1.0944,1.0872,1.0877,1.0917,2007.70275753,20
1790572200,1.0875,1.0876,1.0804,1.0827,1.0824,2439.07950082,25
1790572500,1.0851,1.0856,1.0801,1.0813,1.0818,1625.75053594,15
1790572800,1.0797,1.0804,1.0774,1.0804,1.0785,6366.9134279,45
1790573100,1.0789,1.0803,1.0695,1.0695,1.0781,16978.80740053,75
1790573400,1.069,1.0704,1.0617,1.0617,1.0658,20381.79556121,86
1790573700,1.0633,1.0666,1.06,1.0621,1.0641,12865.59692357,61
1790574000,1.0633,1.0739,1.0633,1.0739,1.0680,5238.02519537,33
1790574300,1.075,1.0789,1.0749,1.0783,1.0753,1638.6086227,10
1790574600,1.0776,1.0776,1.077,1.077,1.0774,156.606347,4
1790574900,1.0769,1.0868,1.0768,1.0868,1.0807,894.58523475,15
1790575200,1.0876,1.091,1.0852,1.0852,1.0889,3848.08967359,23
1790575500,1.0847,1.0881,1.0842,1.0873,1.0868,4376.72303612,25
1790575800,1.0893,1.0931,1.0893,1.0911,1.0914,1156.22415715,14
1790576100,1.0899,1.0899,1.0825,1.0826,1.0847,1085.01412857,8
1790576400,1.0828,1.0833,1.0767,1.0767,1.0818,1403.71648671,15
1790576700,1.0783,1.0802,1.0779,1.0784,1.0788,346.60808663,7
1790577000,1.0793,1.0825,1.0791,1.0817,1.0804,4782.80028678,19
1790577300,1.081,1.0839,1.0774,1.0774,1.0814,11303.1685303,45
1790577600,1.0781,1.0851,1.0778,1.0822,1.0820,3978.20414582,28
1790577900,1.0828,1.0835,1.0763,1.0778,1.0817,753.9712093,10
1790578200,1.0775,1.0775,1.0751,1.076,1.0754,823.43857509,9
1790578500,1.0755,1.0777,1.0753,1.0776,1.0765,649.863005,8
1790578800,1.0803,1.0871,1.0803,1.084,1.0857,660.25129879,12
1790579100,1.0807,1.082,1.0792,1.0804,1.0796,1302.66424336,19
1790579400,1.0802,1.0802,1.076,1.0766,1.0768,4392.28381577,17
1790579700,1.0771,1.0771,1.0745,1.0762,1.0759,689.44124924,8
1790580000,1.0759,1.0759,1.0683,1.0685,1.0704,1813.92659596,19
1790580300,1.0658,1.0679,1.0658,1.0666,1.0671,987.6766832,6
1790580600,1.068,1.068,1.0641,1.0641,1.0667,1471.8140059,15
1790580900,1.0676,1.07,1.0657,1.0657,1.0667,965.75544899,14
1790581200,1.0692,1.0692,1.0649,1.0662,1.0669,4581.86920519,20
1790581500,1.065,1.0656,1.0622,1.0622,1.0634,1592.04975339,12
1790581800,1.0597,1.0647,1.0576,1.0608,1.0606,19860.97578082,113
1790582100,1.0608,1.0635,1.055,1.0554,1.0571,6563.94688319,49
1790582400,1.0548,1.0639,1.0548,1.0594,1.0596,6967.52688009,43
1790582700,1.0588,1.0644,1.0588,1.0644,1.0611,349.32874956,6
1790583000,1.0645,1.0671,1.0645,1.0671,1.0657,815.98632793,6
1790583300,1.0701,1.0724,1.0693,1.0693,1.0704,573.418904,7
1790583600,1.0676,1.0677,1.0636,1.0636,1.0666,8247.94531331,31
1790583900,1.0646,1.0668,1.0634,1.064,1.0641,4646.25695575,20
1790584200,1.0644,1.0644,1.0614,1.0614,1.0622,1681.57350123,12
1790584500,1.0619,1.062,1.0581,1.0585,1.0591,2941.61474893,39
1790584800,1.0595,1.0613,1.059,1.059,1.0603,1040.2968075,10
1790585100,1.0598,1.0624,1.0598,1.0614,1.0620,1522.03864702,7
1790585400,1.0614,1.063,1.0603,1.063,1.0622,6037.23905357,26
1790585700,1.06,1.0609,1.0599,1.0607,1.0606,242.7255776,5
1790586000,1.0619,1.0622,1.0463,1.0494,1.0507,24432.34570813,120
1790586300,1.0503,1.0503,1.0469,1.0469,1.0492,746.80741847,12
1790586600,1.0495,1.0555,1.0495,1.0541,1.0543,2902.4521302,12
1790586900,1.0545,1.0616,1.0545,1.0614,1.0605,9010.30891263,38
1790587200,1.0585,1.0587,1.0563,1.0564,1.0568,3192.13712586,13
1790587500,1.0562,1.0562,1.0525,1.0533,1.0541,3920.94626247,16
1790587800,1.0516,1.0516,1.0479,1.0479,1.0493,648.81534768,8
1790588100,1.0486,1.0487,1.0461,1.0461,1.0464,388.6020929,11
1790588400,1.046,1.0465,1.0409,1.0409,1.0451,20032.12372532,41
1790588700,1.0412,1.0453,1.0412,1.0446,1.0446,884.41510001,14
1790589000,1.0462,1.0463,1.0453,1.0463,1.0461,135.97643935,6
1790589300,1.0426,1.0445,1.0425,1.0443,1.0431,3824.33974522,23
1790589600,1.0444,1.053,1.0444,1.0517,1.0459,1455.60941197,18
1790589900,1.0517,1.0517,1.0517,1.0517,0.0000,0.0,0
1790590200,1.0442,1.0453,1.0438,1.0453,1.0443,2491.91121316,16
1790590500,1.0457,1.0478,1.0457,1.0477,1.0467,1622.95017209,17
1790590800,1.0459,1.0475,1.0459,1.0475,1.0467,66.46300194,6
1790591100,1.0486,1.0521,1.0486,1.0503,1.0510,1156.35469812,18
1790591400,1.048,1.0526,1.0475,1.0526,1.0507,91.40912115,5
1790591700,1.0541,1.0555,1.0538,1.0555,1.0554,4114.6655411,8
1790592000,1.0555,1.056,1.0555,1.0558,1.0558,1238.66825079,8
1790592300,1.0557,1.056,1.0543,1.0544,1.0556,3090.46746029,15
1790592600,1.0533,1.0541,1.0521,1.0521,1.0526,509.55578843,9
1790592900,1.0512,1.0523,1.0512,1.0523,1.0519,1851.12963876,13
1790593200,1.0526,1.0558,1.0511,1.0512,1.0536,2078.16475504,21
1790593500,1.0521,1.0537,1.0521,1.0537,1.0527,1051.13258232,7
1790593800,1.0522,1.0522,1.0514,1.0514,1.0517,45.67619309,4
1790594100,1.0527,1.0553,1.0517,1.0525,1.0540,6006.5768505,35
1790594400,1.0525,1.056,1.0517,1.055,1.0522,3479.60248439,20
1790594700,1.0532,1.0545,1.0523,1.0531,1.0534,363.97341767,12
1790595000,1.0528,1.0545,1.0522,1.0545,1.0528,213.38340177,3
1790595300,1.0545,1.0545,1.0545,1.0545,0.0000,0.0,0
1790595600,1.0533,1.0533,1.0526,1.0528,1.0529,465.17860456,6
1790595900,1.0529,1.0529,1.0513,1.0513,1.0522,739.45032299,16
1790596200,1.0513,1.0513,1.0492,1.0493,1.0501,939.36396892,11
1790596500,1.0521,1.0521,1.0521,1.0521,1.0521,100.0,1
1790596800,1.0521,1.0541,1.0487,1.0533,1.0529,13357.5842996,46
1790597100,1.0571,1.0621,1.0571,1.0614,1.0614,3920.73896272,16
1790597400,1.0598,1.0598,1.0595,1.0595,1.0595,401.90566591,2
1790597700,1.0618,1.0683,1.0618,1.0683,1.0649,2906.24870782,18
1790598000,1.0726,1.0729,1.0713,1.0729,1.0726,704.19743727,5
1790598300,1.0742,1.075,1.0718,1.0724,1.0732,2888.96966744,23
1790598600,1.0737,1.0737,1.0711,1.0726,1.0726,3088.67316212,20
1790598900,1.0751,1.0751,1.0699,1.07,1.0722,1680.8830097,17
1790599200,1.0702,1.0702,1.068,1.0691,1.0681,3130.55830664,13
1790599500,1.0708,1.0749,1.0558,1.056,1.0651,15991.19584759,71
1790599800,1.0547,1.0556,1.0514,1.0546,1.0540,15869.23756428,67
1790600100,1.0543,1.0544,1.0428,1.0475,1.0473,19453.52156242,48
1790600400,1.0496,1.0497,1.0381,1.0416,1.0432,13472.72104963,49
1790600700,1.0415,1.0419,1.0363,1.038,1.0384,10437.50888861,63
1790601000,1.0367,1.1289,1.0358,1.0443,1.0456,311995.80049856,438
1790601300,1.0443,1.0446,1.039,1.0431,1.0403,12973.67299239,53
1790601600,1.0432,1.0439,1.0411,1.0427,1.0426,13916.20410819,42
1790601900,1.0446,1.0463,1.0442,1.0463,1.0451,6272.03183117,22
1790602200,1.0483,1.0484,1.0436,1.0464,1.0464,3442.39137958,27
1790602500,1.0448,1.0506,1.0424,1.0502,1.0454,4832.47595811,23
1790602800,1.0476,1.0506,1.0476,1.0506,1.0492,2158.20293124,12
1790603100,1.0511,1.0532,1.0511,1.0521,1.0516,2653.58296901,18
1790603400,1.047,1.0528,1.0462,1.0528,1.0479,867.64648826,7
1790603700,1.0529,1.0538,1.0527,1.0533,1.0528,1243.49609373,18
1790604000,1.0468,1.0468,1.0417,1.0417,1.0444,1734.45638709,21
1790604300,1.0381,1.0428,1.0376,1.0428,1.0410,1572.55073908,12
1790604600,1.0397,1.0404,1.0358,1.0358,1.0387,2617.98325466,18
1790604900,1.035,1.038,1.0331,1.0332,1.0343,1075.01243507,16
1790605200,1.0383,1.0396,1.0377,1.0384,1.0384,1783.1331278,13
1790605500,1.0368,1.0372,1.0248,1.0248,1.0320,17270.88839421,57
1790605800,1.0316,1.0316,1.0298,1.0305,1.0303,258.4763,5
1790606100,1.0322,1.0351,1.0295,1.0331,1.0322,6553.75978327,25
1790606400,1.0284,1.0284,1.02,1.0213,1.0216,13046.53065595,60
1790606700,1.0226,1.0253,1.0188,1.0188,1.0208,8617.66236982,24
1790607000,1.0177,1.0199,1.0166,1.0199,1.0177,1003.63211401,19
1790607300,1.0195,1.023,1.0189,1.022,1.0210,2299.60481537,15
1790607600,1.0229,1.0234,1.0218,1.0227,1.0227,768.71664218,10
1790607900,1.0232,1.0233,1.0204,1.0204,1.0219,703.213221,6
1790608200,1.0238,1.0238,1.0188,1.0188,1.0227,94.1053917,2
1790608500,1.0158,1.0173,1.0126,1.014,1.0144,4380.2864502,22
1790608800,1.0148,1.0196,1.0148,1.0196,1.0176,2106.8768174,19
1790609100,1.0188,1.023,1.0188,1.0225,1.0210,1670.50713092,14
1790609400,1.0204,1.0259,1.0204,1.0243,1.0246,29035.75605762,46
1790609700,1.0247,1.0301,1.0247,1.0301,1.0270,6416.19643975,31
1790610000,1.0265,1.0265,1.0264,1.0264,1.0264,448.09812662,3
1790610300,1.0227,1.0262,1.0227,1.0232,1.0233,3891.62661276,17
1790610600,1.0245,1.0245,1.0245,1.0245,1.0245,327.2911671,1
1790610900,1.027,1.0276,1.0263,1.0272,1.0269,939.4268452,8
1790611200,1.0282,1.0283,1.0235,1.0235,1.0261,1098.75534479,9
1790611500,1.0241,1.0284,1.0238,1.0284,1.0243,620.0417853,3
1790611800,1.0293,1.0293,1.029,1.029,1.0291,106.383766,2
1790612100,1.0301,1.0345,1.0301,1.0345,1.0320,2328.34625735,27
1790612400,1.0381,1.0442,1.0366,1.0442,1.0398,4216.76902326,27
1790612700,1.0443,1.048,1.0443,1.048,1.0454,1275.78407611,15
1790613000,1.0449,1.0449,1.0449,1.0449,1.0449,194.34017,1
1790613300,1.0447,1.0462,1.0431,1.0431,1.0454,2029.23562693,11
1790613600,1.0432,1.0432,1.0385,1.039,1.0402,864.95907377,10
1790613900,1.04,1.0411,1.04,1.0409,1.0405,1151.23489695,6
1790614200,1.0387,1.0405,1.038,1.04,1.0394,798.42534328,9
1790614500,1.0409,1.0409,1.0407,1.0407,1.0407,693.1765493,3
1790614800,1.0382,1.0392,1.0348,1.0348,1.0367,3361.41944382,24
1790615100,1.0326,1.0335,1.0313,1.0316,1.0318,758.0113587,8
1790615400,1.0313,1.0545,1.0313,1.0543,1.0390,13466.41905258,60
1790615700,1.0554,1.0554,1.0445,1.045,1.0483,4972.72927315,16
1790616000,1.0442,1.0467,1.0433,1.0452,1.0445,3650.58771875,28
1790616300,1.0448,1.047,1.0422,1.0422,1.0452,3281.20647867,22
1790616600,1.0444,1.0466,1.0444,1.0446,1.0462,477.62992074,6
1790616900,1.0461,1.0461,1.0461,1.0461,1.0461,122.525906,1
1790617200,1.0461,1.0461,1.0449,1.0449,1.0453,247.76005349,5
1790617500,1.0459,1.0459,1.0437,1.0439,1.0446,1719.93581827,17
1790617800,1.0421,1.0422,1.0407,1.0422,1.0413,1520.78412223,10
1790618100,1.0411,1.0456,1.0406,1.0456,1.0442,1786.0691261,17
1790618400,1.0445,1.0519,1.0411,1.0493,1.0489,5614.94365965,26
1790618700,1.0499,1.0499,1.0473,1.0473,1.0484,399.4921,4
1790619000,1.0516,1.0574,1.0515,1.0559,1.0547,9277.23433319,50
1790619300,1.0554,1.056,1.0493,1.0493,1.0528,1211.98681266,10
1790619600,1.0489,1.0511,1.0484,1.0511,1.0490,4548.6008978,14
1790619900,1.0491,1.0503,1.0474,1.0495,1.0479,4741.0730757,19
1790620200,1.049,1.049,1.049,1.049,1.0490,57.15654232,3
1790620500,1.0462,1.0463,1.0453,1.0453,1.0461,1404.09273326,11
1790620800,1.0431,1.0431,1.0428,1.0428,1.0428,47.77830864,3
1790621100,1.0429,1.0454,1.0428,1.0445,1.0448,3319.75251145,14
1790621400,1.0448,1.0451,1.0434,1.045,1.0445,2130.29728623,13
1790621700,1.0451,1.0456,1.0451,1.0456,1.0454,2280.90717536,9
1790622000,1.0445,1.0445,1.0389,1.0389,1.0402,2246.16012035,23
1790622300,1.0376,1.0379,1.032,1.0323,1.0362,9271.71183036,24
1790622600,1.0311,1.0311,1.031,1.031,1.0310,20.0,3
1790622900,1.0301,1.0316,1.0296,1.0316,1.0307,263.14336141,12
1790623200,1.0311,1.0313,1.0311,1.0312,1.0311,905.4768364,3
1790623500,1.0304,1.0309,1.0286,1.0286,1.0304,11721.30525197,21
1790623800,1.0287,1.0296,1.0279,1.028,1.0287,1810.92353235,11
1790624100,1.0275,1.0275,1.0208,1.0209,1.0249,1230.77621449,12
1790624400,1.02,1.023,1.0191,1.023,1.0204,3168.10751527,5
1790624700,1.0239,1.0239,1.0221,1.0222,1.0234,376.01429076,7
1790625000,1.0213,1.0235,1.0212,1.0235,1.0227,438.35847495,8
1790625300,1.024,1.0247,1.0236,1.024,1.0239,1455.09960084,15
1790625600,1.0256,1.0292,1.0256,1.0292,1.0261,2729.86207,11
1790625900,1.0292,1.0292,1.0292,1.0292,0.0000,0.0,0
1790626200,1.034,1.0359,1.0327,1.034,1.0348,2626.36695715,23
1790626500,1.0325,1.0344,1.0325,1.0343,1.0333,548.42313406,6
1790626800,1.0361,1.0361,1.0361,1.0361,1.0361,9.4921,1
1790627100,1.0369,1.0371,1.0354,1.0369,1.0364,1587.82568366,17
1790627400,1.0367,1.0367,1.035,1.0361,1.0355,955.994099,5
1790627700,1.0354,1.0356,1.0354,1.0356,1.0355,200.0,2
1790628000,1.0355,1.0355,1.0306,1.0306,1.0330,683.93299399,5
1790628300,1.0306,1.0306,1.0306,1.0306,0.0000,0.0,0
1790628600,1.0304,1.0307,1.03,1.0306,1.0301,931.86773495,6
1790628900,1.033,1.035,1.0328,1.035,1.0340,60.211436,4
1790629200,1.0366,1.0393,1.0365,1.0366,1.0380,2487.82987103,17
1790629500,1.0367,1.0382,1.0367,1.0381,1.0368,718.43531977,6
1790629800,1.0363,1.0363,1.0353,1.0353,1.0362,182.82801416,3
1790630100,1.0334,1.0336,1.0325,1.0329,1.0332,2610.9422881,16
1790630400,1.0323,1.0323,1.031,1.031,1.0318,93.015039,5
1790630700,1.0313,1.0313,1.0294,1.0294,1.0303,278.4024301,6
1790631000,1.0299,1.0302,1.0287,1.0297,1.0299,1610.325378,5
1790631300,1.0321,1.0321,1.0265,1.0265,1.0283,2121.67535496,8
1790631600,1.0262,1.0269,1.026,1.0261,1.0264,1735.7157936,8
1790631900,1.0263,1.0264,1.0224,1.0224,1.0255,249.227624,7
1790632200,1.0228,1.0231,1.0228,1.0231,1.0230,2400.3293629,5
1790632500,1.0236,1.0236,1.0236,1.0236,1.0236,19.503857,1
1790632800,1.0249,1.0249,1.0193,1.024,1.0218,2662.03785164,16
1790633100,1.0233,1.0233,1.0213,1.0214,1.0218,1751.80763493,3
1790633400,1.0214,1.0214,1.0214,1.0214,0.0000,0.0,0
1790633700,1.0235,1.0235,1.0235,1.0235,1.0235,678.52225241,2
1790634000,1.0237,1.0248,1.0237,1.0248,1.0241,229.354256,4
1790634300,1.0248,1.025,1.0239,1.0239,1.0248,489.5737499,4
1790634600,1.024,1.0248,1.024,1.0244,1.0247,908.31301123,9
1790634900,1.029,1.0295,1.0288,1.0295,1.0289,322.09449416,7
1790635200,1.0295,1.0295,1.0295,1.0295,0.0000,0.0,0
1790635500,1.0295,1.0295,1.0295,1.0295,0.0000,0.0,0
1790635800,1.0295,1.0295,1.0295,1.0295,0.0000,0.0,0
1790636100,1.0295,1.0295,1.0295,1.0295,0.0000,0.0,0
1790636400,1.031,1.0322,1.031,1.0322,1.0315,239.61027584,3
1790636700,1.0322,1.0322,1.0322,1.0322,0.0000,0.0,0
1790637000,1.0334,1.0334,1.0334,1.0334,1.0334,5.13,1
1790637300,1.0339,1.0363,1.0339,1.0363,1.0354,342.089586,5
1790637600,1.0363,1.0363,1.0363,1.0363,0.0000,0.0,0
1790637900,1.0363,1.0363,1.0363,1.0363,0.0000,0.0,0
1790638200,1.0382,1.0382,1.0382,1.0382,1.0382,100.0,1
1790638500,1.0382,1.0382,1.0382,1.0382,0.0000,0.0,0
1790638800,1.0369,1.0369,1.0369,1.0369,1.0369,4.93655435,1
1790639100,1.0375,1.0375,1.037,1.037,1.0372,75.362948,2
1790639400,1.037,1.037,1.037,1.037,0.0000,0.0,0
1790639700,1.0384,1.0384,1.0384,1.0384,1.0384,12.13405239,2
1790640000,1.0395,1.0407,1.0387,1.0402,1.0389,1644.92289468,8
1790640300,1.0402,1.0427,1.0399,1.0427,1.0406,3037.53400686,15
1790640600,1.0405,1.0405,1.0405,1.0405,1.0405,100.0,1
1790640900,1.0379,1.0379,1.0351,1.0351,1.0360,400.5850582,3
1790641200,1.0346,1.0348,1.034,1.034,1.0345,671.53722259,3
1790641500,1.0362,1.0362,1.0362,1.0362,1.0362,9.0093418,2
1790641800,1.036,1.0403,1.036,1.0402,1.0393,1563.107131,5
1790642100,1.0403,1.0413,1.0396,1.0397,1.0401,3061.2728567,7
1790642400,1.0397,1.0397,1.0397,1.0397,0.0000,0.0,0
1790642700,1.037,1.0373,1.035,1.035,1.0364,894.6403721,4
1790643000,1.0303,1.0303,1.0303,1.0303,1.0303,435.9654631,1
1790643300,1.0303,1.0303,1.0303,1.0303,0.0000,0.0,0
1790643600,1.0325,1.0325,1.0325,1.0325,1.0325,436.6769602,1
1790643900,1.0255,1.0255,1.0247,1.0252,1.0250,1364.10287021,8
1790644200,1.0228,1.0239,1.0223,1.0223,1.0232,1041.84217456,5
1790644500,1.0226,1.0226,1.015,1.015,1.0174,2377.58376586,9
1790644800,1.0165,1.0233,1.0165,1.0206,1.0202,4939.9332104,15
1790645100,1.0184,1.0184,1.0135,1.0141,1.0166,1305.18172062,6
1790645400,1.0126,1.0132,1.0091,1.0123,1.0101,7212.57052661,25
1790645700,1.0118,1.0118,1.0038,1.0095,1.0072,1743.12921986,15
1790646000,1.0072,1.0148,1.0072,1.0148,1.0129,902.29273637,9
1790646300,1.0154,1.0182,1.0154,1.0164,1.0164,1153.44256638,5
1790646600,1.0143,1.0143,1.013,1.013,1.0136,8.10408227,2
1790646900,1.0187,1.0187,1.016,1.0162,1.0169,2028.8400876,6
1790647200,1.0141,1.0159,1.0132,1.0153,1.0143,867.7371771,11
1790647500,1.012,1.0134,1.011,1.011,1.0121,1182.59228173,6
1790647800,1.01,1.013,1.0076,1.0115,1.0098,779.670906,10
1790648100,1.0117,1.0141,1.0117,1.0141,1.0134,774.2515429,6
1790648400,1.0176,1.0176,1.0098,1.0098,1.0134,1019.6612121,4
1790648700,1.0127,1.0127,1.0074,1.008,1.0096,1119.3903508,6
1790649000,1.0076,1.0076,1.004,1.0041,1.0052,713.890397,6
1790649300,1.0044,1.0112,1.0044,1.0102,1.0080,8043.47806909,29
1790649600,1.0111,1.0111,1.0091,1.0091,1.0100,1270.46969973,8
1790649900,1.0106,1.014,1.0106,1.012,1.0122,752.791741,8
1790650200,1.0097,1.0097,1.008,1.0089,1.0091,1080.49992304,6
1790650500,1.0114,1.0114,1.0114,1.0114,1.0114,247.18212378,1
1790650800,1.0168,1.0168,1.014,1.014,1.0156,3913.25016633,10
1790651100,1.0123,1.0126,1.0112,1.0112,1.0124,1113.4419085,5
1790651400,1.0105,1.0121,1.0104,1.0121,1.0114,1153.4948939,11
1790651700,1.0128,1.0169,1.0122,1.0169,1.0132,1083.3965839,4
1790652000,1.0168,1.0219,1.0168,1.0215,1.0200,2958.57317299,15
1790652300,1.0208,1.0249,1.0198,1.0249,1.0225,718.4250142,5
1790652600,1.0239,1.0239,1.0239,1.0239,1.0239,100.0,1
1790652900,1.0243,1.0243,1.0243,1.0243,1.0243,411.58304522,1
1790653200,1.0223,1.0223,1.0205,1.0205,1.0216,405.5555821,4
1790653500,1.0205,1.0205,1.0205,1.0205,0.0000,0.0,0
1790653800,1.0189,1.019,1.017,1.017,1.0183,500.8520515,11
1790654100,1.016,1.0171,1.0155,1.0165,1.0163,4412.94127692,14
1790654400,1.0188,1.0188,1.0166,1.0166,1.0181,82.25781339,2
1790654700,1.0166,1.0166,1.0166,1.0166,0.0000,0.0,0
1790655000,1.0205,1.0226,1.0205,1.0226,1.0213,1908.70596809,7
1790655300,1.0228,1.0234,1.022,1.0228,1.0224,2550.60821294,17
1790655600,1.0255,1.0262,1.0255,1.0262,1.0255,560.93382332,2
1790655900,1.0224,1.0224,1.0208,1.0209,1.0212,891.01592617,5
1790656200,1.0199,1.0207,1.0199,1.0207,1.0199,312.91214483,2
1790656500,1.0183,1.0231,1.0183,1.0231,1.0211,1377.56943883,8
1790656800,1.0223,1.0223,1.0217,1.022,1.0220,2909.40997933,11
1790657100,1.0172,1.0182,1.0146,1.016,1.0164,2650.46990515,11
1790657400,1.0195,1.0201,1.0186,1.0196,1.0189,3992.60431236,12
1790657700,1.0196,1.0196,1.0196,1.0196,1.0196,90.0468018,2
1790658000,1.019,1.0191,1.019,1.0191,1.0190,17.9676,2
1790658300,1.0124,1.0136,1.0124,1.0136,1.0131,224.40984189,4
1790658600,1.0133,1.0157,1.0133,1.0157,1.0146,917.1127503,4
1790658900,1.0148,1.0215,1.0148,1.0215,1.0186,322.30741422,9
1790659200,1.0208,1.0221,1.0202,1.0221,1.0206,3672.6357143,8
1790659500,1.0232,1.0232,1.0215,1.0215,1.0215,126.425906,2
1790659800,1.0157,1.0164,1.0137,1.0137,1.0156,3191.42328167,13
1790660100,1.0128,1.0159,1.0126,1.0153,1.0148,14711.08036132,40
1790660400,1.0209,1.0227,1.0209,1.0227,1.0215,503.0829901,4
1790660700,1.0226,1.0226,1.0212,1.0224,1.0217,1630.29434097,7
1790661000,1.0224,1.0224,1.0224,1.0224,0.0000,0.0,0
1790661300,1.0264,1.0269,1.0258,1.0258,1.0264,2296.54163358,14
1790661600,1.026,1.0261,1.0239,1.0239,1.0254,1412.51160034,9
1790661900,1.0236,1.0297,1.0234,1.0297,1.0274,1254.27903807,11
1790662200,1.03,1.0315,1.0295,1.0296,1.0303,2114.87236563,8
1790662500,1.0309,1.0309,1.028,1.028,1.0300,1707.6091095,5
1790662800,1.0282,1.0294,1.0268,1.0269,1.0289,12294.40587257,19
1790663100,1.027,1.0271,1.0252,1.0256,1.0260,722.73138783,5
1790663400,1.0259,1.0312,1.0259,1.0292,1.0285,6242.34141352,13
1790663700,1.028,1.029,1.0267,1.0279,1.0283,3376.66729018,13
1790664000,1.029,1.0292,1.0276,1.0283,1.0288,1995.75011237,7
1790664300,1.029,1.029,1.0289,1.0289,1.0289,652.73663117,2
1790664600,1.0287,1.0357,1.0287,1.0357,1.0335,6703.75343418,18
1790664900,1.035,1.035,1.0325,1.0325,1.0331,447.89657177,3
1790665200,1.0325,1.0325,1.0289,1.0309,1.0313,1785.06772217,11
1790665500,1.0303,1.0328,1.0298,1.0328,1.0326,5178.1957474,9
1790665800,1.0355,1.0378,1.0345,1.0369,1.0361,4441.5648085,14
1790666100,1.0371,1.0394,1.0371,1.0373,1.0376,1472.19748844,23
1790666400,1.0403,1.0426,1.0402,1.0426,1.0419,746.51608647,6
1790666700,1.0421,1.0454,1.0421,1.0452,1.0441,726.2004,17
1790667000,1.0452,1.0536,1.0439,1.0507,1.0504,17411.44154567,30
1790667300,1.053,1.0564,1.051,1.0564,1.0521,6881.53513843,18
1790667600,1.0573,1.0573,1.0539,1.0563,1.0551,3214.55345817,14
1790667900,1.0565,1.0613,1.0565,1.0585,1.0582,5135.3500355,15
1790668200,1.0579,1.0604,1.0579,1.0585,1.0597,504.34621628,5
1790668500,1.0571,1.0574,1.0561,1.0574,1.0571,7437.25807779,16
1790668800,1.0584,1.0594,1.0571,1.0571,1.0591,470.35995545,6
1790669100,1.0565,1.0591,1.055,1.0571,1.0557,8022.39681308,59
1790669400,1.0565,1.0579,1.0548,1.0563,1.0564,6623.36875806,48
1790669700,1.0545,1.0591,1.0545,1.0574,1.0575,4755.92534046,15
1790670000,1.0583,1.0639,1.0561,1.0578,1.0580,7584.14684156,25
1790670300,1.0581,1.0588,1.058,1.0583,1.0582,296.32693208,8
1790670600,1.0562,1.0562,1.0514,1.0518,1.0519,462.90171559,4
1790670900,1.0527,1.0527,1.0496,1.0506,1.0503,3037.08473256,9
1790671200,1.0491,1.0491,1.0484,1.0484,1.0484,413.24669372,2
1790671500,1.0476,1.0488,1.0474,1.0474,1.0479,393.9,4
1790671800,1.048,1.048,1.0473,1.0473,1.0476,231.94244491,6
1790672100,1.0472,1.0501,1.0472,1.0496,1.0488,1857.0709786,11
1790672400,1.0493,1.0506,1.0487,1.0502,1.0493,342.4494913,10
1790672700,1.0502,1.0502,1.0502,1.0502,0.0000,0.0,0
1790673000,1.0506,1.0507,1.0488,1.0501,1.0499,641.41723726,7
1790673300,1.0522,1.0522,1.0522,1.0522,1.0522,100.0,1
1790673600,1.0544,1.0546,1.0534,1.0546,1.0543,557.75059016,4
1790673900,1.0557,1.0584,1.0557,1.0584,1.0568,237.66593919,4
1790674200,1.0623,1.0634,1.0623,1.0634,1.0624,591.05522858,4
1790674500,1.0645,1.0697,1.0645,1.0697,1.0691,3145.28556716,21
1790674800,1.0689,1.0711,1.0689,1.0711,1.0710,447.03305129,8
1790675100,1.0698,1.0759,1.0692,1.0692,1.0736,9274.9945059,24
1790675400,1.068,1.0702,1.068,1.0697,1.0691,2201.88302182,9
1790675700,1.0727,1.0733,1.0712,1.0723,1.0722,3515.80024023,13
1790676000,1.072,1.072,1.0714,1.0717,1.0716,633.5411671,5
1790676300,1.072,1.072,1.072,1.072,1.0720,1200.0,1
1790676600,1.072,1.0723,1.0716,1.0716,1.0721,400.09734426,4
1790676900,1.0699,1.0699,1.0676,1.0676,1.0687,782.04393505,3
1790677200,1.0671,1.0671,1.0655,1.0655,1.0662,100.31616604,4
1790677500,1.0643,1.0643,1.0631,1.0631,1.0634,642.94341041,5
1790677800,1.0625,1.0626,1.0615,1.0615,1.0624,1092.50093126,3
1790678100,1.0615,1.0615,1.0615,1.0615,0.0000,0.0,0
1790678400,1.0609,1.0609,1.0587,1.0587,1.0605,574.771513,2
1790678700,1.061,1.0611,1.0605,1.0605,1.0609,165.9375,3
1790679000,1.0609,1.0631,1.0609,1.0631,1.0624,1116.78363376,11
1790679300,1.0649,1.065,1.0633,1.0636,1.0644,3944.50607614,25
1790679600,1.065,1.0651,1.0636,1.0642,1.0643,1231.86458446,14
1790679900,1.0659,1.0669,1.065,1.065,1.0656,2885.43095215,16
1790680200,1.0621,1.0627,1.062,1.0627,1.0624,1844.75436021,8
1790680500,1.063,1.0655,1.0629,1.0655,1.0640,916.26887501,5
1790680800,1.0632,1.0638,1.0632,1.0638,1.0634,193.05750041,4
1790681100,1.0636,1.0636,1.0624,1.0631,1.0635,558.93861783,6
1790681400,1.0637,1.0698,1.0637,1.0697,1.0675,2273.64591966,10
1790681700,1.0727,1.0741,1.0724,1.0733,1.0735,1525.01989343,7
1790682000,1.074,1.075,1.0732,1.075,1.0745,1928.045134,12
1790682300,1.0739,1.0817,1.0739,1.0817,1.0798,1219.23968961,14
1790682600,1.0835,1.0878,1.083,1.0878,1.0843,1234.918967,21
1790682900,1.0867,1.0869,1.0774,1.0781,1.0800,14254.28983447,58
1790683200,1.078,1.078,1.0722,1.0723,1.0743,3721.76571356,28
1790683500,1.0698,1.072,1.0698,1.0719,1.0712,561.29306206,21
1790683800,1.0729,1.0729,1.0718,1.0727,1.0728,573.39966556,8
1790684100,1.0769,1.0769,1.0747,1.0747,1.0756,852.842071,4
1790684400,1.0726,1.0728,1.0682,1.0687,1.0704,5020.89826323,19
1790684700,1.0685,1.0714,1.0685,1.071,1.0708,254.65115757,5
1790685000,1.0712,1.0719,1.0707,1.0719,1.0709,202.65640979,5
1790685300,1.0734,1.0734,1.0722,1.0722,1.0726,278.951771,2
1790685600,1.0712,1.0712,1.0712,1.0712,1.0712,25.0,1
1790685900,1.0676,1.0693,1.0671,1.0693,1.0686,2998.54869557,8
1790686200,1.0683,1.0684,1.0668,1.0684,1.0681,205.058292,5
1790686500,1.0675,1.0675,1.0667,1.0667,1.0672,133.34181,3
1790686800,1.0651,1.0667,1.0644,1.0655,1.0646,3649.09057006,15
1790687100,1.0657,1.068,1.0657,1.0677,1.0672,595.4483154,3
1790687400,1.0675,1.0675,1.0675,1.0675,1.0675,816.3652238,2
1790687700,1.0675,1.0675,1.0675,1.0675,0.0000,0.0,0
1790688000,1.0707,1.071,1.0707,1.071,1.0709,234.736135,4
1790688300,1.0696,1.0696,1.0696,1.0696,1.0696,1236.1879484,1
1790688600,1.065,1.065,1.0613,1.0636,1.0639,517.98019649,6
1790688900,1.0643,1.0669,1.0643,1.0669,1.0643,419.64424121,6
1790689200,1.0671,1.0671,1.0643,1.0643,1.0657,846.03016512,7
1790689500,1.0638,1.0638,1.0621,1.0629,1.0628,1766.09622297,8
1790689800,1.0629,1.0662,1.0629,1.0662,1.0652,140.705871,3
1790690100,1.0662,1.0662,1.0662,1.0662,0.0000,0.0,0
1790690400,1.0677,1.0677,1.0606,1.0615,1.0624,5721.27072796,20
1790690700,1.0628,1.0634,1.0623,1.0623,1.0628,4465.71838141,9
1790691000,1.0618,1.0618,1.0601,1.0608,1.0608,628.25871273,10
1790691300,1.0612,1.0687,1.061,1.0687,1.0626,1165.13742862,3
1790691600,1.0694,1.0694,1.0648,1.0649,1.0669,1879.85818659,20
1790691900,1.0678,1.0678,1.0678,1.0678,1.0678,26.494437,1
1790692200,1.0696,1.0735,1.0696,1.0727,1.0709,208.6138029,6
1790692500,1.0709,1.0746,1.0709,1.0746,1.0716,169.908271,6
1790692800,1.0769,1.078,1.0765,1.0766,1.0770,1471.58926301,7
1790693100,1.0782,1.0815,1.0718,1.0718,1.0773,13158.99219439,36
1790693400,1.072,1.0752,1.0719,1.0726,1.0735,2729.8728845,10
1790693700,1.0746,1.0762,1.0744,1.0744,1.0757,608.94055982,14
1790694000,1.0693,1.0703,1.0693,1.0703,1.0695,315.76781165,2
1790694300,1.0666,1.0693,1.0641,1.0657,1.0659,4555.91205187,18
1790694600,1.0691,1.0692,1.061,1.061,1.0625,10248.96359463,18
1790694900,1.0647,1.0656,1.062,1.062,1.0638,1303.103171,5
1790695200,1.0611,1.0611,1.0503,1.0503,1.0591,4500.45452777,15
1790695500,1.0479,1.049,1.0461,1.0483,1.0475,10800.95569437,23
1790695800,1.0485,1.0498,1.0485,1.0498,1.0494,2195.6540019,3
1790696100,1.0485,1.0499,1.0485,1.0495,1.0487,2466.32648202,7
1790696400,1.0519,1.052,1.0479,1.0491,1.0494,2950.23583114,21
1790696700,1.0485,1.054,1.0465,1.0537,1.0489,6538.18690344,29
1790697000,1.0531,1.0531,1.0413,1.0432,1.0459,2811.94508681,12
1790697300,1.0457,1.0457,1.0416,1.0436,1.0440,4546.61421963,11
1790697600,1.0438,1.0489,1.0438,1.0489,1.0480,700.126042,9
1790697900,1.0497,1.0497,1.0483,1.0484,1.0485,715.989344,6
1790698200,1.0499,1.0499,1.0499,1.0499,1.0499,369.96442793,3
1790698500,1.0458,1.0473,1.0456,1.0469,1.0460,1416.6088083,8
1790698800,1.0484,1.0491,1.0461,1.0461,1.0478,287.32090444,8
1790699100,1.0469,1.0473,1.0467,1.0473,1.0469,731.26518653,8
1790699400,1.0419,1.0438,1.0406,1.0422,1.0417,8724.35353602,32
1790699700,1.0441,1.0453,1.0432,1.0437,1.0440,7570.08247643,24
1790700000,1.0408,1.0408,1.0376,1.0376,1.0392,1635.58774471,14
1790700300,1.0345,1.0361,1.0331,1.0341,1.0337,6082.95990251,15
1790700600,1.0357,1.0357,1.0339,1.0339,1.0353,3170.89416682,16
1790700900,1.0342,1.0365,1.0334,1.0365,1.0341,767.2029401,5
1790701200,1.0379,1.0379,1.0334,1.0358,1.0360,2033.9986748,18
1790701500,1.0369,1.0393,1.0369,1.0388,1.0387,1511.2642902,9
1790701800,1.0385,1.0385,1.0372,1.0381,1.0380,2071.75565808,16
1790702100,1.036,1.036,1.0334,1.0356,1.0352,1978.41800334,17
1790702400,1.0332,1.0339,1.03,1.0339,1.0329,1737.68230638,8
1790702700,1.0346,1.0348,1.0335,1.0346,1.0342,1161.08281421,9
1790703000,1.036,1.0366,1.0341,1.0356,1.0353,1253.35390914,10
1790703300,1.0311,1.0311,1.031,1.031,1.0310,200.0,2
1790703600,1.0309,1.0331,1.0309,1.0323,1.0325,1144.14781693,6
1790703900,1.0332,1.0332,1.0295,1.0295,1.0323,3534.03603087,8
1790704200,1.0278,1.0278,1.024,1.0248,1.0252,1045.81835384,7
1790704500,1.0274,1.0284,1.0274,1.0284,1.0278,26.95537808,2
1790704800,1.0298,1.0337,1.0298,1.0298,1.0299,413.59065,5
1790705100,1.0342,1.0342,1.0342,1.0342,1.0342,88.40649778,1
1790705400,1.0343,1.0369,1.0343,1.0369,1.0350,49.81086953,2
1790705700,1.0407,1.0407,1.0407,1.0407,1.0407,56.54513208,1
1790706000,1.0426,1.0426,1.0426,1.0426,1.0426,249.4315496,1
1790706300,1.0427,1.0427,1.0412,1.0412,1.0422,492.68838505,4
1790706600,1.0409,1.0423,1.0403,1.0416,1.0413,2020.56025281,13
1790706900,1.0425,1.0463,1.0425,1.0462,1.0453,916.64877015,6
1790707200,1.0511,1.0511,1.0511,1.0511,1.0511,16.77523969,2
1790707500,1.0495,1.0495,1.0484,1.0484,1.0494,164.5218,3
1790707800,1.0483,1.0499,1.0477,1.0499,1.0483,7312.08610034,5
1790708100,1.0478,1.0478,1.0472,1.0476,1.0474,4811.66518,10
1790708400,1.0476,1.0476,1.0476,1.0476,0.0000,0.0,0
1790708700,1.0476,1.0476,1.0476,1.0476,0.0000,0.0,0
1790709000,1.0507,1.0507,1.0503,1.0505,1.0504,1675.83993426,4
1790709300,1.0499,1.0512,1.0497,1.0512,1.0500,1993.40091549,8
1790709600,1.0509,1.0509,1.05,1.05,1.0500,339.36668963,2
1790709900,1.0508,1.051,1.0508,1.051,1.0508,74.129021,2
1790710200,1.0501,1.0555,1.0501,1.0555,1.0523,2500.98493488,11
1790710500,1.0536,1.0561,1.0535,1.0561,1.0552,492.44376711,4
1790710800,1.0548,1.0548,1.0517,1.0517,1.0542,784.44039033,5
1790711100,1.0503,1.0526,1.0503,1.0526,1.0509,2942.08981389,9
1790711400,1.0526,1.0526,1.0526,1.0526,0.0000,0.0,0
1790711700,1.0494,1.0494,1.0494,1.0494,1.0494,368.49070606,3
1790712000,1.0491,1.0491,1.0481,1.0481,1.0489,385.4726161,2
1790712300,1.0474,1.0542,1.0473,1.0503,1.0488,5017.05287172,20
1790712600,1.0462,1.0465,1.0435,1.0456,1.0453,6221.62587321,13
1790712900,1.0462,1.0533,1.0462,1.0532,1.0517,1446.34792855,7
1790713200,1.0548,1.0551,1.0547,1.0551,1.0550,48.647713,3
1790713500,1.0627,1.0627,1.0624,1.0624,1.0626,230.827633,3
1790713800,1.0601,1.0601,1.0562,1.0571,1.0577,1078.40232067,9
1790714100,1.0549,1.0592,1.0549,1.0559,1.0573,2783.28754103,8
1790714400,1.0557,1.0592,1.0557,1.0566,1.0570,3278.2202527,15
1790714700,1.0539,1.0545,1.0531,1.0545,1.0534,611.1860145,3
1790715000,1.0542,1.0542,1.0542,1.0542,1.0542,130.0,1
1790715300,1.0562,1.0572,1.0556,1.0564,1.0563,2351.02697961,15
1790715600,1.0554,1.0554,1.0514,1.0531,1.0522,4705.8786099,14
1790715900,1.0535,1.0568,1.0535,1.054,1.0549,1966.07177981,13
1790716200,1.0552,1.0568,1.0552,1.0568,1.0561,2455.04010689,7
1790716500,1.0564,1.0564,1.0547,1.055,1.0554,2893.03568303,16
1790716800,1.0523,1.0526,1.0497,1.0497,1.0522,791.2600085,4
1790717100,1.0487,1.0487,1.0461,1.0477,1.0478,1110.98628858,6
1790717400,1.0508,1.0511,1.0487,1.0508,1.0499,2166.53637331,10
1790717700,1.051,1.0541,1.0507,1.0541,1.0523,327.48456204,6
1790718000,1.0538,1.0538,1.0538,1.0538,1.0538,130.0,1
1790718300,1.052,1.0524,1.052,1.0524,1.0522,1567.111616,4
1790718600,1.0532,1.0553,1.0532,1.0553,1.0532,256.53091546,2
1790718900,1.0553,1.0553,1.0553,1.0553,0.0000,0.0,0
1790719200,1.0554,1.0589,1.0554,1.0589,1.0588,3794.58982018,2
1790719500,1.0589,1.0589,1.0589,1.0589,0.0000,0.0,0
1790719800,1.056,1.0572,1.056,1.0572,1.0562,128.682698,4
1790720100,1.0555,1.0555,1.0518,1.0518,1.0522,1088.7816807,9
1790720400,1.0526,1.0528,1.0518,1.0518,1.0518,415.9826119,3
1790720700,1.055,1.055,1.0535,1.0535,1.0539,2622.55293533,14
1790721000,1.0535,1.0535,1.0535,1.0535,0.0000,0.0,0
1790721300,1.0535,1.0535,1.0535,1.0535,0.0000,0.0,0
1790721600,1.0538,1.0538,1.0532,1.0533,1.0533,171.35371051,3
1790721900,1.0544,1.0546,1.0532,1.0535,1.0537,753.64662117,8
1790722200,1.0535,1.0535,1.0535,1.0535,0.0000,0.0,0
1790722500,1.0535,1.0535,1.0525,1.0525,1.0532,129.9001,2
1790722800,1.052,1.052,1.052,1.052,1.0520,104.8039448,1
1790723100,1.0553,1.0601,1.0553,1.059,1.0586,5962.05598878,28
1790723400,1.0614,1.0625,1.0599,1.0599,1.0622,4717.10102106,16
1790723700,1.0599,1.0599,1.0599,1.0599,0.0000,0.0,0
1790724000,1.0599,1.0599,1.0599,1.0599,0.0000,0.0,0
1790724300,1.0547,1.0553,1.0547,1.0553,1.0550,200.0,2
1790724600,1.0553,1.0553,1.0553,1.0553,0.0000,0.0,0
1790724900,1.0511,1.0511,1.0511,1.0511,1.0511,100.0,1
1790725200,1.0485,1.0485,1.0477,1.0477,1.0477,397.15829415,2
1790725500,1.0477,1.0477,1.0477,1.0477,0.0000,0.0,0
1790725800,1.0509,1.0509,1.05,1.05,1.0504,52.903268,3
1790726100,1.05,1.05,1.05,1.05,0.0000,0.0,0
1790726400,1.05,1.05,1.05,1.05,0.0000,0.0,0
1790726700,1.05,1.05,1.05,1.05,0.0000,0.0,0
1790727000,1.048,1.0484,1.0479,1.0484,1.0481,1181.5459823,4
1790727300,1.0484,1.0484,1.0483,1.0483,1.0483,19.9334,2
1790727600,1.0475,1.0476,1.0475,1.0475,1.0475,599.66381,4
1790727900,1.0482,1.0512,1.0481,1.0505,1.0499,1175.2459,11
1790728200,1.054,1.0557,1.054,1.0557,1.0552,539.75871385,5
1790728500,1.0525,1.0538,1.0524,1.0538,1.0532,256.2526,4
1790728800,1.0537,1.0575,1.0536,1.0566,1.0551,211.705326,6
1790729100,1.0561,1.0566,1.0548,1.0554,1.0558,505.468591,14
1790729400,1.0562,1.0573,1.0551,1.0551,1.0558,423.599246,4
1790729700,1.0558,1.0587,1.0558,1.0587,1.0569,214.812206,3
1790730000,1.0609,1.0663,1.0609,1.0663,1.0643,336.877378,6
1790730300,1.0663,1.0684,1.0654,1.0684,1.0674,413.70967796,8
1790730600,1.0688,1.069,1.0679,1.0679,1.0685,259.43441111,3
1790730900,1.069,1.072,1.0687,1.072,1.0704,522.18065223,11
1790731200,1.0708,1.0743,1.07,1.0743,1.0723,1075.32424173,12
1790731500,1.0701,1.0701,1.0701,1.0701,1.0701,100.0,1
1790731800,1.0696,1.0707,1.0663,1.0664,1.0675,2502.0054115,21
1790732100,1.0639,1.0651,1.0631,1.0651,1.0640,211.5604302,7
1790732400,1.0655,1.0684,1.0646,1.0684,1.0663,882.816855,14
1790732700,1.0684,1.0703,1.0678,1.0678,1.0688,639.9667,8
1790733000,1.0695,1.07,1.0692,1.0696,1.0693,808.59366233,4
1790733300,1.0695,1.0696,1.0686,1.0693,1.0692,416.140847,8
1790733600,1.0673,1.0699,1.0672,1.0672,1.0681,1174.86098193,13
1790733900,1.0683,1.0717,1.0677,1.0701,1.0707,2881.67177556,18
1790734200,1.0651,1.0651,1.0649,1.0649,1.0649,1878.11062072,5
1790734500,1.0636,1.0636,1.0636,1.0636,1.0636,59.0625,1
1790734800,1.0622,1.0622,1.0622,1.0622,1.0622,36.565848,1
1790735100,1.0606,1.0606,1.0583,1.0584,1.0588,517.0475,10
1790735400,1.0597,1.0605,1.0596,1.0605,1.0596,241.632128,4
1790735700,1.0607,1.0619,1.0597,1.0619,1.0603,1066.4453897,11
1790736000,1.063,1.0653,1.063,1.0652,1.0649,3567.21151845,19
1790736300,1.0652,1.0678,1.0652,1.0678,1.0659,427.381493,3
1790736600,1.0721,1.0731,1.0705,1.0725,1.0724,1745.74665237,19
1790736900,1.0705,1.0705,1.0701,1.0701,1.0703,200.0,2
1790737200,1.0664,1.0664,1.0631,1.0652,1.0640,395.02111632,5
1790737500,1.0652,1.0652,1.0652,1.0652,0.0000,0.0,0
1790737800,1.0648,1.0648,1.0648,1.0648,1.0648,50.43921,1
1790738100,1.0613,1.0613,1.0613,1.0613,1.0613,100.0,2
1790738400,1.0585,1.0632,1.0585,1.0632,1.0615,365.1350544,2
1790738700,1.0607,1.0607,1.0601,1.0601,1.0605,236.60315064,3
1790739000,1.0593,1.0593,1.0578,1.0578,1.0591,117.59933611,2
1790739300,1.0598,1.0654,1.0598,1.0654,1.0636,584.90903853,7
1790739600,1.0676,1.0676,1.0656,1.0656,1.0660,188.81266714,12
1790739900,1.0656,1.0656,1.0656,1.0656,0.0000,0.0,0
1790740200,1.0639,1.0639,1.0595,1.0616,1.0615,1251.03113025,11
1790740500,1.0614,1.0614,1.059,1.0607,1.0604,2001.7992747,21
1790740800,1.0618,1.0683,1.0618,1.0662,1.0656,1248.2819934,19
1790741100,1.0668,1.0698,1.0667,1.068,1.0681,1382.59150499,13
1790741400,1.0656,1.0686,1.0656,1.0667,1.0681,2157.77193077,10
1790741700,1.0677,1.0701,1.0677,1.069,1.0693,773.238,5
1790742000,1.069,1.0722,1.069,1.0722,1.0705,941.9170666,6
1790742300,1.0744,1.0753,1.0708,1.0708,1.0743,1033.9586552,7
1790742600,1.0691,1.0694,1.0691,1.0694,1.0692,109.149518,3
1790742900,1.0673,1.0688,1.0673,1.0675,1.0679,2562.63414545,19
1790743200,1.0701,1.0701,1.0701,1.0701,1.0701,18.691541,1
1790743500,1.0677,1.0677,1.0676,1.0676,1.0676,71.216704,2
1790743800,1.0672,1.0672,1.0669,1.0669,1.0670,51.578,3
1790744100,1.0649,1.0649,1.0649,1.0649,1.0649,60.852352,2
1790744400,1.066,1.0716,1.066,1.0676,1.0704,1047.2243158,10
1790744700,1.0671,1.0671,1.0661,1.0661,1.0661,450.29901199,3
1790745000,1.0664,1.0664,1.0638,1.0638,1.0648,350.50189,6
1790745300,1.0625,1.0666,1.0616,1.0666,1.0631,2677.50410515,12
1790745600,1.0678,1.0681,1.0678,1.0681,1.0678,340.5801671,3
1790745900,1.0671,1.0678,1.0663,1.0676,1.0674,942.98069817,9
1790746200,1.068,1.0715,1.0679,1.0708,1.0708,1144.0903272,10
1790746500,1.0678,1.0683,1.0678,1.0683,1.0678,469.07425739,6
1790746800,1.0671,1.0672,1.0671,1.0672,1.0671,200.0,2
1790747100,1.0676,1.0695,1.0664,1.0664,1.0683,193.800863,4
1790747400,1.0664,1.0664,1.0664,1.0664,0.0000,0.0,0
1790747700,1.0642,1.0663,1.0567,1.0629,1.0609,297824.25919477,295
1790748000,1.0634,1.0658,1.0621,1.0647,1.0638,13427.22379373,71
1790748300,1.0651,1.0656,1.062,1.062,1.0639,3077.07841421,23
1790748600,1.0617,1.0617,1.058,1.058,1.0597,1890.55661175,15
1790748900,1.0596,1.0617,1.0588,1.0617,1.0600,1314.35240204,12
1790749200,1.0599,1.0599,1.0565,1.0565,1.0591,381.68853248,6
1790749500,1.055,1.0551,1.0534,1.0543,1.0545,1933.13807101,12
1790749800,1.0544,1.0544,1.0511,1.0519,1.0529,1133.58026168,9
1790750100,1.0522,1.0524,1.0503,1.051,1.0512,2030.99919735,17
1790750400,1.0492,1.0524,1.049,1.0521,1.0513,2751.18619152,15
1790750700,1.0518,1.0524,1.05,1.0502,1.0511,1516.2662532,16
1790751000,1.0504,1.0538,1.0498,1.053,1.0510,591.86386436,13
1790751300,1.0546,1.0558,1.0523,1.0523,1.0553,645.03825038,12
1790751600,1.0496,1.0526,1.0495,1.0526,1.0500,820.7197926,6
1790751900,1.052,1.052,1.0494,1.0506,1.0502,977.26038255,14
1790752200,1.0487,1.0487,1.0476,1.0476,1.0481,378.55604268,5
1790752500,1.0482,1.0567,1.0481,1.0566,1.0535,804.78423256,13
1790752800,1.0596,1.0612,1.0575,1.0604,1.0601,1137.46018854,22
1790753100,1.0605,1.0633,1.0583,1.0583,1.0612,1779.16977936,8
1790753400,1.0572,1.0587,1.0572,1.0587,1.0581,122.651727,2
1790753700,1.0587,1.0587,1.0587,1.0587,0.0000,0.0,0
1790754000,1.0644,1.0654,1.0644,1.0654,1.0648,982.49372648,7
1790754300,1.0651,1.0652,1.0631,1.0631,1.0644,2625.39761063,17
1790754600,1.0656,1.0656,1.0628,1.0628,1.0647,116.55042457,3
1790754900,1.0603,1.0607,1.0595,1.0607,1.0601,286.89219319,6
1790755200,1.0609,1.0624,1.0592,1.0598,1.0610,893.76701305,9
1790755500,1.0566,1.0567,1.0566,1.0566,1.0566,472.4676566,5
1790755800,1.0562,1.0581,1.0556,1.0567,1.0571,1063.53285162,14
1790756100,1.0608,1.0626,1.0608,1.0626,1.0610,453.636708,4
1790756400,1.0621,1.0686,1.0621,1.0654,1.0661,2294.41839435,21
1790756700,1.0671,1.0675,1.0671,1.0675,1.0674,421.86907278,4
1790757000,1.0655,1.0655,1.0625,1.0626,1.0627,692.3103946,7
1790757300,1.0617,1.0659,1.0617,1.0659,1.0632,811.67543267,6
1790757600,1.0659,1.0659,1.0659,1.0659,0.0000,0.0,0
1790757900,1.066,1.0723,1.0649,1.0723,1.0712,215.022681,5
1790758200,1.0751,1.0815,1.0751,1.0815,1.0791,4277.27292509,37
1790758500,1.0834,1.0844,1.0786,1.0786,1.0828,4104.40648576,37
1790758800,1.0796,1.0862,1.0796,1.0855,1.0832,1748.75286472,11
1790759100,1.0857,1.0873,1.0845,1.0873,1.0851,1704.21827902,22
1790759400,1.0872,1.0921,1.0872,1.0909,1.0889,1060.0397187,19
1790759700,1.0901,1.095,1.0899,1.0899,1.0936,25985.54120136,69
1790760000,1.0898,1.0909,1.087,1.087,1.0886,957.60008061,11
1790760300,1.0854,1.0889,1.0852,1.0889,1.0872,22304.54156092,55
1790760600,1.0889,1.0996,1.0887,1.0982,1.0943,23257.99199435,73
1790760900,1.0967,1.1,1.0953,1.0953,1.0962,2611.22679073,31
1790761200,1.0952,1.0952,1.0922,1.0942,1.0933,3927.66523866,19
1790761500,1.0941,1.0945,1.0941,1.0945,1.0944,497.280089,5
1790761800,1.0945,1.0975,1.0936,1.094,1.0955,546.09407149,9
1790762100,1.0953,1.0953,1.0944,1.0946,1.0945,618.5796356,5
1790762400,1.0951,1.0958,1.0887,1.0887,1.0908,1244.94085437,12
1790762700,1.0901,1.0901,1.0866,1.0866,1.0885,487.45638462,5
1790554800,1.1174,1.1236,1.1174,1.1231,1.1219,3204.16576997,27
1790555100,1.1206,1.1247,1.1197,1.1197,1.1221,1316.83553349,12
1790555400,1.1188,1.1188,1.1061,1.108,1.1124,5301.20376098,50
1790555700,1.108,1.108,1.1028,1.1051,1.1039,741.58231773,12
1790556000,1.1029,1.1083,1.1027,1.1075,1.1072,2122.24347671,15
1790556300,1.1101,1.1139,1.11,1.1106,1.1112,5018.12542239,32
1790556600,1.1122,1.1157,1.1122,1.113,1.1141,2103.95480811,17
1790556900,1.1064,1.1065,1.1038,1.1063,1.1052,4837.43890796,26
1790557200,1.1076,1.1076,1.1037,1.1054,1.1063,6463.00181057,33
1790557500,1.1017,1.1164,1.1014,1.1124,1.1101,2445.11616426,25
1790557800,1.1091,1.11,1.1091,1.11,1.1094,649.46783714,2
1790558100,1.1036,1.1044,1.0987,1.0987,1.1014,2124.95754054,16
1790558400,1.1017,1.1081,1.1017,1.1037,1.1053,2258.19808319,8
1790558700,1.1037,1.1037,1.1037,1.1037,0.0000,0.0,0
1790559000,1.1037,1.1037,1.1037,1.1037,0.0000,0.0,0
1790559300,1.1013,1.1013,1.0995,1.0995,1.1008,946.2222096,3
1790559600,1.0998,1.0998,1.0979,1.0979,1.0993,1523.09831731,7
1790559900,1.0983,1.0994,1.0926,1.0926,1.0964,2542.27278764,14
1790560200,1.0943,1.1038,1.0943,1.1038,1.0984,1366.9542119,14
1790560500,1.1019,1.1038,1.0945,1.0945,1.1017,1537.42596978,12
1790560800,1.0937,1.0946,1.0894,1.0938,1.0914,2108.9575069,21
1790561100,1.0956,1.1003,1.0949,1.1002,1.0969,2761.18610177,18
1790561400,1.1,1.1081,1.1,1.1081,1.1009,8415.44456001,66
1790561700,1.1077,1.1077,1.1041,1.1041,1.1061,227.59842046,4
1790562000,1.1031,1.1052,1.1022,1.1042,1.1036,2772.5681835,10
1790562300,1.1019,1.1019,1.1019,1.1019,1.1019,347.4576,2
1790562600,1.102,1.102,1.0985,1.0985,1.0995,449.2832671,4
1790562900,1.0999,1.1012,1.0999,1.1012,1.1001,432.80228301,5
1790563200,1.1012,1.1012,1.1012,1.1012,0.0000,0.0,0
1790563500,1.1018,1.1018,1.0954,1.0956,1.0968,1830.16727384,12
1790563800,1.096,1.0964,1.0926,1.0952,1.0942,6375.58951421,33
1790564100,1.0976,1.0976,1.0947,1.0962,1.0968,155.65766387,5
1790564400,1.0965,1.0984,1.0918,1.0929,1.0959,5006.72186902,31
1790564700,1.0943,1.0943,1.0943,1.0943,1.0943,228.45654756,1
1790565000,1.0914,1.0914,1.0865,1.0897,1.0893,6945.05210919,48
1790565300,1.0894,1.0967,1.0894,1.0953,1.0946,1540.46972944,22
1790565600,1.0946,1.0947,1.0872,1.088,1.0884,3510.5474945,33
1790565900,1.085,1.0862,1.0785,1.0791,1.0842,13426.94144189,52
1790566200,1.0796,1.0796,1.0745,1.0765,1.0760,13113.86395559,51
1790566500,1.0846,1.087,1.0841,1.085,1.0859,649.15210948,7
1790566800,1.0878,1.0889,1.0861,1.0886,1.0873,1676.53669391,14
1790567100,1.0836,1.0876,1.0834,1.0876,1.0842,1709.36264262,8
1790567400,1.0854,1.0854,1.0824,1.0825,1.0834,4733.21414324,17
1790567700,1.0825,1.0825,1.0791,1.0791,1.0820,475.4213679,2
1790568000,1.0795,1.0798,1.072,1.0734,1.0784,2412.80089318,19
1790568300,1.0744,1.0815,1.0744,1.0763,1.0799,1309.36390585,21
1790568600,1.0765,1.0803,1.0764,1.0803,1.0786,1073.84975219,18
1790568900,1.0807,1.0884,1.0787,1.0884,1.0832,822.19036825,9
1790569200,1.0903,1.0912,1.0853,1.0912,1.0883,1255.26238447,24
1790569500,1.0916,1.0916,1.0854,1.0854,1.0864,1328.60387517,23
1790569800,1.0859,1.087,1.0856,1.0867,1.0861,1852.0417735,10
1790570100,1.0857,1.0861,1.0857,1.0861,1.0858,169.034317,2
1790570400,1.0887,1.0948,1.0887,1.0948,1.0929,849.71660244,9
1790570700,1.0914,1.0914,1.0906,1.0912,1.0908,303.024252,7
1790571000,1.0903,1.0975,1.0903,1.0967,1.0922,312.883076,7
1790571300,1.0935,1.0965,1.0934,1.095,1.0953,1608.6426691,12
1790571600,1.1009,1.1009,1.0932,1.0937,1.0949,1224.42541088,18
1790571900,1.0931,1.0944,1.0872,1.0877,1.0917,2007.70275753,20
1790572200,1.0875,1.0876,1.0804,1.0827,1.0824,2439.07950082,25
1790572500,1.0851,1.0856,1.0801,1.0813,1.0818,1625.75053594,15
1790572800,1.0797,1.0804,1.0774,1.0804,1.0785,6366.9134279,45
1790573100,1.0789,1.0803,1.0695,1.0695,1.0781,16978.80740053,75
1790573400,1.069,1.0704,1.0617,1.0617,1.0658,20381.79556121,86
1790573700,1.0633,1.0666,1.06,1.0621,1.0641,12865.59692357,61
1790574000,1.0633,1.0739,1.0633,1.0739,1.0680,5238.02519537,33
1790574300,1.075,1.0789,1.0749,1.0783,1.0753,1638.6086227,10
1790574600,1.0776,1.0776,1.077,1.077,1.0774,156.606347,4
1790574900,1.0769,1.0868,1.0768,1.0868,1.0807,894.58523475,15
1790575200,1.0876,1.091,1.0852,1.0852,1.0889,3848.08967359,23
1790575500,1.0847,1.0881,1.0842,1.0873,1.0868,4376.72303612,25
1790575800,1.0893,1.0931,1.0893,1.0911,1.0914,1156.22415715,14
1790576100,1.0899,1.0899,1.0825,1.0826,1.0847,1085.01412857,8
1790576400,1.0828,1.0833,1.0767,1.0767,1.0818,1403.71648671,15
1790576700,1.0783,1.0802,1.0779,1.0784,1.0788,346.60808663,7
1790577000,1.0793,1.0825,1.0791,1.0817,1.0804,4782.80028678,19
1790577300,1.081,1.0839,1.0774,1.0774,1.0814,11303.1685303,45
1790577600,1.0781,1.0851,1.0778,1.0822,1.0820,3978.20414582,28
1790577900,1.0828,1.0835,1.0763,1.0778,1.0817,753.9712093,10
1790578200,1.0775,1.0775,1.0751,1.076,1.0754,823.43857509,9
1790578500,1.0755,1.0777,1.0753,1.0776,1.0765,649.863005,8
1790578800,1.0803,1.0871,1.0803,1.084,1.0857,660.25129879,12
1790579100,1.0807,1.082,1.0792,1.0804,1.0796,1302.66424336,19
1790579400,1.0802,1.0802,1.076,1.0766,1.0768,4392.28381577,17
1790579700,1.0771,1.0771,1.0745,1.0762,1.0759,689.44124924,8
1790580000,1.0759,1.0759,1.0683,1.0685,1.0704,1813.92659596,19
1790580300,1.0658,1.0679,1.0658,1.0666,1.0671,987.6766832,6
1790580600,1.068,1.068,1.0641,1.0641,1.0667,1471.8140059,15
1790580900,1.0676,1.07,1.0657,1.0657,1.0667,965.75544899,14
1790581200,1.0692,1.0692,1.0649,1.0662,1.0669,4581.86920519,20
1790581500,1.065,1.0656,1.0622,1.0622,1.0634,1592.04975339,12
1790581800,1.0597,1.0647,1.0576,1.0608,1.0606,19860.97578082,113
1790582100,1.0608,1.0635,1.055,1.0554,1.0571,6563.94688319,49
1790582400,1.0548,1.0639,1.0548,1.0594,1.0596,6967.52688009,43
1790582700,1.0588,1.0644,1.0588,1.0644,1.0611,349.32874956,6
1790583000,1.0645,1.0671,1.0645,1.0671,1.0657,815.98632793,6
1790583300,1.0701,1.0724,1.0693,1.0693,1.0704,573.418904,7
1790583600,1.0676,1.0677,1.0636,1.0636,1.0666,8247.94531331,31
1790583900,1.0646,1.0668,1.0634,1.064,1.0641,4646.25695575,20
1790584200,1.0644,1.0644,1.0614,1.0614,1.0622,1681.57350123,12
1790584500,1.0619,1.062,1.0581,1.0585,1.0591,2941.61474893,39
1790584800,1.0595,1.0613,1.059,1.059,1.0603,1040.2968075,10
1790585100,1.0598,1.0624,1.0598,1.0614,1.0620,1522.03864702,7
1790585400,1.0614,1.063,1.0603,1.063,1.0622,6037.23905357,26
1790585700,1.06,1.0609,1.0599,1.0607,1.0606,242.7255776,5
1790586000,1.0619,1.0622,1.0463,1.0494,1.0507,24432.34570813,120
1790586300,1.0503,1.0503,1.0469,1.0469,1.0492,746.80741847,12
1790586600,1.0495,1.0555,1.0495,1.0541,1.0543,2902.4521302,12
1790586900,1.0545,1.0616,1.0545,1.0614,1.0605,9010.30891263,38
1790587200,1.0585,1.0587,1.0563,1.0564,1.0568,3192.13712586,13
1790587500,1.0562,1.0562,1.0525,1.0533,1.0541,3920.94626247,16
1790587800,1.0516,1.0516,1.0479,1.0479,1.0493,648.81534768,8
1790588100,1.0486,1.0487,1.0461,1.0461,1.0464,388.6020929,11
1790588400,1.046,1.0465,1.0409,1.0409,1.0451,20032.12372532,41
1790588700,1.0412,1.0453,1.0412,1.0446,1.0446,884.41510001,14
1790589000,1.0462,1.0463,1.0453,1.0463,1.0461,135.97643935,6
1790589300,1.0426,1.0445,1.0425,1.0443,1.0431,3824.33974522,23
1790589600,1.0444,1.053,1.0444,1.0517,1.0459,1455.60941197,18
1790589900,1.0517,1.0517,1.0517,1.0517,0.0000,0.0,0
1790590200,1.0442,1.0453,1.0438,1.0453,1.0443,2491.91121316,16
1790590500,1.0457,1.0478,1.0457,1.0477,1.0467,1622.95017209,17
1790590800,1.0459,1.0475,1.0459,1.0475,1.0467,66.46300194,6
1790591100,1.0486,1.0521,1.0486,1.0503,1.0510,1156.35469812,18
1790591400,1.048,1.0526,1.0475,1.0526,1.0507,91.40912115,5
1790591700,1.0541,1.0555,1.0538,1.0555,1.0554,4114.6655411,8
1790592000,1.0555,1.056,1.0555,1.0558,1.0558,1238.66825079,8
1790592300,1.0557,1.056,1.0543,1.0544,1.0556,3090.46746029,15
1790592600,1.0533,1.0541,1.0521,1.0521,1.0526,509.55578843,9
1790592900,1.0512,1.0523,1.0512,1.0523,1.0519,1851.12963876,13
1790593200,1.0526,1.0558,1.0511,1.0512,1.0536,2078.16475504,21
1790593500,1.0521,1.0537,1.0521,1.0537,1.0527,1051.13258232,7
1790593800,1.0522,1.0522,1.0514,1.0514,1.0517,45.67619309,4
1790594100,1.0527,1.0553,1.0517,1.0525,1.0540,6006.5768505,35
1790594400,1.0525,1.056,1.0517,1.055,1.0522,3479.60248439,20
1790594700,1.0532,1.0545,1.0523,1.0531,1.0534,363.97341767,12
1790595000,1.0528,1.0545,1.0522,1.0545,1.0528,213.38340177,3
1790595300,1.0545,1.0545,1.0545,1.0545,0.0000,0.0,0
1790595600,1.0533,1.0533,1.0526,1.0528,1.0529,465.17860456,6
1790595900,1.0529,1.0529,1.0513,1.0513,1.0522,739.45032299,16
1790596200,1.0513,1.0513,1.0492,1.0493,1.0501,939.36396892,11
1790596500,1.0521,1.0521,1.0521,1.0521,1.0521,100.0,1
1790596800,1.0521,1.0541,1.0487,1.0533,1.0529,13357.5842996,46
1790597100,1.0571,1.0621,1.0571,1.0614,1.0614,3920.73896272,16
1790597400,1.0598,1.0598,1.0595,1.0595,1.0595,401.90566591,2
1790597700,1.0618,1.0683,1.0618,1.0683,1.0649,2906.24870782,18
1790598000,1.0726,1.0729,1.0713,1.0729,1.0726,704.19743727,5
1790598300,1.0742,1.075,1.0718,1.0724,1.0732,2888.96966744,23
1790598600,1.0737,1.0737,1.0711,1.0726,1.0726,3088.67316212,20
1790598900,1.0751,1.0751,1.0699,1.07,1.0722,1680.8830097,17
1790599200,1.0702,1.0702,1.068,1.0691,1.0681,3130.55830664,13
1790599500,1.0708,1.0749,1.0558,1.056,1.0651,15991.19584759,71
1790599800,1.0547,1.0556,1.0514,1.0546,1.0540,15869.23756428,67
1790600100,1.0543,1.0544,1.0428,1.0475,1.0473,19453.52156242,48
1790600400,1.0496,1.0497,1.0381,1.0416,1.0432,13472.72104963,49
1790600700,1.0415,1.0419,1.0363,1.038,1.0384,10437.50888861,63
1790601000,1.0367,1.1289,1.0358,1.0443,1.0456,311995.80049856,438
1790601300,1.0443,1.0446,1.039,1.0431,1.0403,12973.67299239,53
1790601600,1.0432,1.0439,1.0411,1.0427,1.0426,13916.20410819,42
1790601900,1.0446,1.0463,1.0442,1.0463,1.0451,6272.03183117,22
1790602200,1.0483,1.0484,1.0436,1.0464,1.0464,3442.39137958,27
1790602500,1.0448,1.0506,1.0424,1.0502,1.0454,4832.47595811,23
1790602800,1.0476,1.0506,1.0476,1.0506,1.0492,2158.20293124,12
1790603100,1.0511,1.0532,1.0511,1.0521,1.0516,2653.58296901,18
1790603400,1.047,1.0528,1.0462,1.0528,1.0479,867.64648826,7
1790603700,1.0529,1.0538,1.0527,1.0533,1.0528,1243.49609373,18
1790604000,1.0468,1.0468,1.0417,1.0417,1.0444,1734.45638709,21
1790604300,1.0381,1.0428,1.0376,1.0428,1.0410,1572.55073908,12
1790604600,1.0397,1.0404,1.0358,1.0358,1.0387,2617.98325466,18
1790604900,1.035,1.038,1.0331,1.0332,1.0343,1075.01243507,16
1790605200,1.0383,1.0396,1.0377,1.0384,1.0384,1783.1331278,13
1790605500,1.0368,1.0372,1.0248,1.0248,1.0320,17270.88839421,57
1790605800,1.0316,1.0316,1.0298,1.0305,1.0303,258.4763,5
1790606100,1.0322,1.0351,1.0295,1.0331,1.0322,6553.75978327,25
1790606400,1.0284,1.0284,1.02,1.0213,1.0216,13046.53065595,60
1790606700,1.0226,1.0253,1.0188,1.0188,1.0208,8617.66236982,24
1790607000,1.0177,1.0199,1.0166,1.0199,1.0177,1003.63211401,19
1790607300,1.0195,1.023,1.0189,1.022,1.0210,2299.60481537,15
1790607600,1.0229,1.0234,1.0218,1.0227,1.0227,768.71664218,10
1790607900,1.0232,1.0233,1.0204,1.0204,1.0219,703.213221,6
1790608200,1.0238,1.0238,1.0188,1.0188,1.0227,94.1053917,2
1790608500,1.0158,1.0173,1.0126,1.014,1.0144,4380.2864502,22
1790608800,1.0148,1.0196,1.0148,1.0196,1.0176,2106.8768174,19
1790609100,1.0188,1.023,1.0188,1.0225,1.0210,1670.50713092,14
1790609400,1.0204,1.0259,1.0204,1.0243,1.0246,29035.75605762,46
1790609700,1.0247,1.0301,1.0247,1.0301,1.0270,6416.19643975,31
1790610000,1.0265,1.0265,1.0264,1.0264,1.0264,448.09812662,3
1790610300,1.0227,1.0262,1.0227,1.0232,1.0233,3891.62661276,17
1790610600,1.0245,1.0245,1.0245,1.0245,1.0245,327.2911671,1
1790610900,1.027,1.0276,1.0263,1.0272,1.0269,939.4268452,8
1790611200,1.0282,1.0283,1.0235,1.0235,1.0261,1098.75534479,9
1790611500,1.0241,1.0284,1.0238,1.0284,1.0243,620.0417853,3
1790611800,1.0293,1.0293,1.029,1.029,1.0291,106.383766,2
1790612100,1.0301,1.0345,1.0301,1.0345,1.0320,2328.34625735,27
1790612400,1.0381,1.0442,1.0366,1.0442,1.0398,4216.76902326,27
1790612700,1.0443,1.048,1.0443,1.048,1.0454,1275.78407611,15
1790613000,1.0449,1.0449,1.0449,1.0449,1.0449,194.34017,1
1790613300,1.0447,1.0462,1.0431,1.0431,1.0454,2029.23562693,11
1790613600,1.0432,1.0432,1.0385,1.039,1.0402,864.95907377,10
1790613900,1.04,1.0411,1.04,1.0409,1.0405,1151.23489695,6
1790614200,1.0387,1.0405,1.038,1.04,1.0394,798.42534328,9
1790614500,1.0409,1.0409,1.0407,1.0407,1.0407,693.1765493,3
1790614800,1.0382,1.0392,1.0348,1.0348,1.0367,3361.41944382,24
1790615100,1.0326,1.0335,1.0313,1.0316,1.0318,758.0113587,8
1790615400,1.0313,1.0545,1.0313,1.0543,1.0390,13466.41905258,60
1790615700,1.0554,1.0554,1.0445,1.045,1.0483,4972.72927315,16
1790616000,1.0442,1.0467,1.0433,1.0452,1.0445,3650.58771875,28
1790616300,1.0448,1.047,1.0422,1.0422,1.0452,3281.20647867,22
1790616600,1.0444,1.0466,1.0444,1.0446,1.0462,477.62992074,6
1790616900,1.0461,1.0461,1.0461,1.0461,1.0461,122.525906,1
1790617200,1.0461,1.0461,1.0449,1.0449,1.0453,247.76005349,5
1790617500,1.0459,1.0459,1.0437,1.0439,1.0446,1719.93581827,17
1790617800,1.0421,1.0422,1.0407,1.0422,1.0413,1520.78412223,10
1790618100,1.0411,1.0456,1.0406,1.0456,1.0442,1786.0691261,17
1790618400,1.0445,1.0519,1.0411,1.0493,1.0489,5614.94365965,26
1790618700,1.0499,1.0499,1.0473,1.0473,1.0484,399.4921,4
1790619000,1.0516,1.0574,1.0515,1.0559,1.0547,9277.23433319,50
1790619300,1.0554,1.056,1.0493,1.0493,1.0528,1211.98681266,10
1790619600,1.0489,1.0511,1.0484,1.0511,1.0490,4548.6008978,14
1790619900,1.0491,1.0503,1.0474,1.0495,1.0479,4741.0730757,19
1790620200,1.049,1.049,1.049,1.049,1.0490,57.15654232,3
1790620500,1.0462,1.0463,1.0453,1.0453,1.0461,1404.09273326,11
1790620800,1.0431,1.0431,1.0428,1.0428,1.0428,47.77830864,3
1790621100,1.0429,1.0454,1.0428,1.0445,1.0448,3319.75251145,14
1790621400,1.0448,1.0451,1.0434,1.045,1.0445,2130.29728623,13
1790621700,1.0451,1.0456,1.0451,1.0456,1.0454,2280.90717536,9
1790622000,1.0445,1.0445,1.0389,1.0389,1.0402,2246.16012035,23
1790622300,1.0376,1.0379,1.032,1.0323,1.0362,9271.71183036,24
1790622600,1.0311,1.0311,1.031,1.031,1.0310,20.0,3
1790622900,1.0301,1.0316,1.0296,1.0316,1.0307,263.14336141,12
1790623200,1.0311,1.0313,1.0311,1.0312,1.0311,905.4768364,3
1790623500,1.0304,1.0309,1.0286,1.0286,1.0304,11721.30525197,21
1790623800,1.0287,1.0296,1.0279,1.028,1.0287,1810.92353235,11
1790624100,1.0275,1.0275,1.0208,1.0209,1.0249,1230.77621449,12
1790624400,1.02,1.023,1.0191,1.023,1.0204,3168.10751527,5
1790624700,1.0239,1.0239,1.0221,1.0222,1.0234,376.01429076,7
1790625000,1.0213,1.0235,1.0212,1.0235,1.0227,438.35847495,8
1790625300,1.024,1.0247,1.0236,1.024,1.0239,1455.09960084,15
1790625600,1.0256,1.0292,1.0256,1.0292,1.0261,2729.86207,11
1790625900,1.0292,1.0292,1.0292,1.0292,0.0000,0.0,0
1790626200,1.034,1.0359,1.0327,1.034,1.0348,2626.36695715,23
1790626500,1.0325,1.0344,1.0325,1.0343,1.0333,548.42313406,6
1790626800,1.0361,1.0361,1.0361,1.0361,1.0361,9.4921,1
1790627100,1.0369,1.0371,1.0354,1.0369,1.0364,1587.82568366,17
1790627400,1.0367,1.0367,1.035,1.0361,1.0355,955.994099,5
1790627700,1.0354,1.0356,1.0354,1.0356,1.0355,200.0,2
1790628000,1.0355,1.0355,1.0306,1.0306,1.0330,683.93299399,5
1790628300,1.0306,1.0306,1.0306,1.0306,0.0000,0.0,0
1790628600,1.0304,1.0307,1.03,1.0306,1.0301,931.86773495,6
1790628900,1.033,1.035,1.0328,1.035,1.0340,60.211436,4
1790629200,1.0366,1.0393,1.0365,1.0366,1.0380,2487.82987103,17
1790629500,1.0367,1.0382,1.0367,1.0381,1.0368,718.43531977,6
1790629800,1.0363,1.0363,1.0353,1.0353,1.0362,182.82801416,3
1790630100,1.0334,1.0336,1.0325,1.0329,1.0332,2610.9422881,16
1790630400,1.0323,1.0323,1.031,1.031,1.0318,93.015039,5
1790630700,1.0313,1.0313,1.0294,1.0294,1.0303,278.4024301,6
1790631000,1.0299,1.0302,1.0287,1.0297,1.0299,1610.325378,5
1790631300,1.0321,1.0321,1.0265,1.0265,1.0283,2121.67535496,8
1790631600,1.0262,1.0269,1.026,1.0261,1.0264,1735.7157936,8
1790631900,1.0263,1.0264,1.0224,1.0224,1.0255,249.227624,7
1790632200,1.0228,1.0231,1.0228,1.0231,1.0230,2400.3293629,5
1790632500,1.0236,1.0236,1.0236,1.0236,1.0236,19.503857,1
1790632800,1.0249,1.0249,1.0193,1.024,1.0218,2662.03785164,16
1790633100,1.0233,1.0233,1.0213,1.0214,1.0218,1751.80763493,3
1790633400,1.0214,1.0214,1.0214,1.0214,0.0000,0.0,0
1790633700,1.0235,1.0235,1.0235,1.0235,1.0235,678.52225241,2
1790634000,1.0237,1.0248,1.0237,1.0248,1.0241,229.354256,4
1790634300,1.0248,1.025,1.0239,1.0239,1.0248,489.5737499,4
1790634600,1.024,1.0248,1.024,1.0244,1.0247,908.31301123,9
1790634900,1.029,1.0295,1.0288,1.0295,1.0289,322.09449416,7
1790635200,1.0295,1.0295,1.0295,1.0295,0.0000,0.0,0
1790635500,1.0295,1.0295,1.0295,1.0295,0.0000,0.0,0
1790635800,1.0295,1.0295,1.0295,1.0295,0.0000,0.0,0
1790636100,1.0295,1.0295,1.0295,1.0295,0.0000,0.0,0
1790636400,1.031,1.0322,1.031,1.0322,1.0315,239.61027584,3
1790636700,1.0322,1.0322,1.0322,1.0322,0.0000,0.0,0
1790637000,1.0334,1.0334,1.0334,1.0334,1.0334,5.13,1
1790637300,1.0339,1.0363,1.0339,1.0363,1.0354,342.089586,5
1790637600,1.0363,1.0363,1.0363,1.0363,0.0000,0.0,0
1790637900,1.0363,1.0363,1.0363,1.0363,0.0000,0.0,0
1790638200,1.0382,1.0382,1.0382,1.0382,1.0382,100.0,1
1790638500,1.0382,1.0382,1.0382,1.0382,0.0000,0.0,0
1790638800,1.0369,1.0369,1.0369,1.0369,1.0369,4.93655435,1
1790639100,1.0375,1.0375,1.037,1.037,1.0372,75.362948,2
1790639400,1.037,1.037,1.037,1.037,0.0000,0.0,0
1790639700,1.0384,1.0384,1.0384,1.0384,1.0384,12.13405239,2
1790640000,1.0395,1.0407,1.0387,1.0402,1.0389,1644.92289468,8
1790640300,1.0402,1.0427,1.0399,1.0427,1.0406,3037.53400686,15
1790640600,1.0405,1.0405,1.0405,1.0405,1.0405,100.0,1
1790640900,1.0379,1.0379,1.0351,1.0351,1.0360,400.5850582,3
1790641200,1.0346,1.0348,1.034,1.034,1.0345,671.53722259,3
1790641500,1.0362,1.0362,1.0362,1.0362,1.0362,9.0093418,2
1790641800,1.036,1.0403,1.036,1.0402,1.0393,1563.107131,5
1790642100,1.0403,1.0413,1.0396,1.0397,1.0401,3061.2728567,7
1790642400,1.0397,1.0397,1.0397,1.0397,0.0000,0.0,0
1790642700,1.037,1.0373,1.035,1.035,1.0364,894.6403721,4
1790643000,1.0303,1.0303,1.0303,1.0303,1.0303,435.9654631,1
1790643300,1.0303,1.0303,1.0303,1.0303,0.0000,0.0,0
1790643600,1.0325,1.0325,1.0325,1.0325,1.0325,436.6769602,1
1790643900,1.0255,1.0255,1.0247,1.0252,1.0250,1364.10287021,8
1790644200,1.0228,1.0239,1.0223,1.0223,1.0232,1041.84217456,5
1790644500,1.0226,1.0226,1.015,1.015,1.0174,2377.58376586,9
1790644800,1.0165,1.0233,1.0165,1.0206,1.0202,4939.9332104,15
1790645100,1.0184,1.0184,1.0135,1.0141,1.0166,1305.18172062,6
1790645400,1.0126,1.0132,1.0091,1.0123,1.0101,7212.57052661,25
1790645700,1.0118,1.0118,1.0038,1.0095,1.0072,1743.12921986,15
1790646000,1.0072,1.0148,1.0072,1.0148,1.0129,902.29273637,9
1790646300,1.0154,1.0182,1.0154,1.0164,1.0164,1153.44256638,5
1790646600,1.0143,1.0143,1.013,1.013,1.0136,8.10408227,2
1790646900,1.0187,1.0187,1.016,1.0162,1.0169,2028.8400876,6
1790647200,1.0141,1.0159,1.0132,1.0153,1.0143,867.7371771,11
1790647500,1.012,1.0134,1.011,1.011,1.0121,1182.59228173,6
1790647800,1.01,1.013,1.0076,1.0115,1.0098,779.670906,10
1790648100,1.0117,1.0141,1.0117,1.0141,1.0134,774.2515429,6
1790648400,1.0176,1.0176,1.0098,1.0098,1.0134,1019.6612121,4
1790648700,1.0127,1.0127,1.0074,1.008,1.0096,1119.3903508,6
1790649000,1.0076,1.0076,1.004,1.0041,1.0052,713.890397,6
1790649300,1.0044,1.0112,1.0044,1.0102,1.0080,8043.47806909,29
1790649600,1.0111,1.0111,1.0091,1.0091,1.0100,1270.46969973,8
1790649900,1.0106,1.014,1.0106,1.012,1.0122,752.791741,8
1790650200,1.0097,1.0097,1.008,1.0089,1.0091,1080.49992304,6
1790650500,1.0114,1.0114,1.0114,1.0114,1.0114,247.18212378,1
1790650800,1.0168,1.0168,1.014,1.014,1.0156,3913.25016633,10
1790651100,1.0123,1.0126,1.0112,1.0112,1.0124,1113.4419085,5
1790651400,1.0105,1.0121,1.0104,1.0121,1.0114,1153.4948939,11
1790651700,1.0128,1.0169,1.0122,1.0169,1.0132,1083.3965839,4
1790652000,1.0168,1.0219,1.0168,1.0215,1.0200,2958.57317299,15
1790652300,1.0208,1.0249,1.0198,1.0249,1.0225,718.4250142,5
1790652600,1.0239,1.0239,1.0239,1.0239,1.0239,100.0,1
1790652900,1.0243,1.0243,1.0243,1.0243,1.0243,411.58304522,1
1790653200,1.0223,1.0223,1.0205,1.0205,1.0216,405.5555821,4
1790653500,1.0205,1.0205,1.0205,1.0205,0.0000,0.0,0
1790653800,1.0189,1.019,1.017,1.017,1.0183,500.8520515,11
1790654100,1.016,1.0171,1.0155,1.0165,1.0163,4412.94127692,14
1790654400,1.0188,1.0188,1.0166,1.0166,1.0181,82.25781339,2
1790654700,1.0166,1.0166,1.0166,1.0166,0.0000,0.0,0
1790655000,1.0205,1.0226,1.0205,1.0226,1.0213,1908.70596809,7
1790655300,1.0228,1.0234,1.022,1.0228,1.0224,2550.60821294,17
1790655600,1.0255,1.0262,1.0255,1.0262,1.0255,560.93382332,2
1790655900,1.0224,1.0224,1.0208,1.0209,1.0212,891.01592617,5
1790656200,1.0199,1.0207,1.0199,1.0207,1.0199,312.91214483,2
1790656500,1.0183,1.0231,1.0183,1.0231,1.0211,1377.56943883,8
1790656800,1.0223,1.0223,1.0217,1.022,1.0220,2909.40997933,11
1790657100,1.0172,1.0182,1.0146,1.016,1.0164,2650.46990515,11
1790657400,1.0195,1.0201,1.0186,1.0196,1.0189,3992.60431236,12
1790657700,1.0196,1.0196,1.0196,1.0196,1.0196,90.0468018,2
1790658000,1.019,1.0191,1.019,1.0191,1.0190,17.9676,2
1790658300,1.0124,1.0136,1.0124,1.0136,1.0131,224.40984189,4
1790658600,1.0133,1.0157,1.0133,1.0157,1.0146,917.1127503,4
1790658900,1.0148,1.0215,1.0148,1.0215,1.0186,322.30741422,9
1790659200,1.0208,1.0221,1.0202,1.0221,1.0206,3672.6357143,8
1790659500,1.0232,1.0232,1.0215,1.0215,1.0215,126.425906,2
1790659800,1.0157,1.0164,1.0137,1.0137,1.0156,3191.42328167,13
1790660100,1.0128,1.0159,1.0126,1.0153,1.0148,14711.08036132,40
1790660400,1.0209,1.0227,1.0209,1.0227,1.0215,503.0829901,4
1790660700,1.0226,1.0226,1.0212,1.0224,1.0217,1630.29434097,7
1790661000,1.0224,1.0224,1.0224,1.0224,0.0000,0.0,0
1790661300,1.0264,1.0269,1.0258,1.0258,1.0264,2296.54163358,14
1790661600,1.026,1.0261,1.0239,1.0239,1.0254,1412.51160034,9
1790661900,1.0236,1.0297,1.0234,1.0297,1.0274,1254.27903807,11
1790662200,1.03,1.0315,1.0295,1.0296,1.0303,2114.87236563,8
1790662500,1.0309,1.0309,1.028,1.028,1.0300,1707.6091095,5
1790662800,1.0282,1.0294,1.0268,1.0269,1.0289,12294.40587257,19
1790663100,1.027,1.0271,1.0252,1.0256,1.0260,722.73138783,5
1790663400,1.0259,1.0312,1.0259,1.0292,1.0285,6242.34141352,13
1790663700,1.028,1.029,1.0267,1.0279,1.0283,3376.66729018,13
1790664000,1.029,1.0292,1.0276,1.0283,1.0288,1995.75011237,7
1790664300,1.029,1.029,1.0289,1.0289,1.0289,652.73663117,2
1790664600,1.0287,1.0357,1.0287,1.0357,1.0335,6703.75343418,18
1790664900,1.035,1.035,1.0325,1.0325,1.0331,447.89657177,3
1790665200,1.0325,1.0325,1.0289,1.0309,1.0313,1785.06772217,11
1790665500,1.0303,1.0328,1.0298,1.0328,1.0326,5178.1957474,9
1790665800,1.0355,1.0378,1.0345,1.0369,1.0361,4441.5648085,14
1790666100,1.0371,1.0394,1.0371,1.0373,1.0376,1472.19748844,23
1790666400,1.0403,1.0426,1.0402,1.0426,1.0419,746.51608647,6
1790666700,1.0421,1.0454,1.0421,1.0452,1.0441,726.2004,17
1790667000,1.0452,1.0536,1.0439,1.0507,1.0504,17411.44154567,30
1790667300,1.053,1.0564,1.051,1.0564,1.0521,6881.53513843,18
1790667600,1.0573,1.0573,1.0539,1.0563,1.0551,3214.55345817,14
1790667900,1.0565,1.0613,1.0565,1.0585,1.0582,5135.3500355,15
1790668200,1.0579,1.0604,1.0579,1.0585,1.0597,504.34621628,5
1790668500,1.0571,1.0574,1.0561,1.0574,1.0571,7437.25807779,16
1790668800,1.0584,1.0594,1.0571,1.0571,1.0591,470.35995545,6
1790669100,1.0565,1.0591,1.055,1.0571,1.0557,8022.39681308,59
1790669400,1.0565,1.0579,1.0548,1.0563,1.0564,6623.36875806,48
1790669700,1.0545,1.0591,1.0545,1.0574,1.0575,4755.92534046,15
1790670000,1.0583,1.0639,1.0561,1.0578,1.0580,7584.14684156,25
1790670300,1.0581,1.0588,1.058,1.0583,1.0582,296.32693208,8
1790670600,1.0562,1.0562,1.0514,1.0518,1.0519,462.90171559,4
1790670900,1.0527,1.0527,1.0496,1.0506,1.0503,3037.08473256,9
1790671200,1.0491,1.0491,1.0484,1.0484,1.0484,413.24669372,2
1790671500,1.0476,1.0488,1.0474,1.0474,1.0479,393.9,4
1790671800,1.048,1.048,1.0473,1.0473,1.0476,231.94244491,6
1790672100,1.0472,1.0501,1.0472,1.0496,1.0488,1857.0709786,11
1790672400,1.0493,1.0506,1.0487,1.0502,1.0493,342.4494913,10
1790672700,1.0502,1.0502,1.0502,1.0502,0.0000,0.0,0
1790673000,1.0506,1.0507,1.0488,1.0501,1.0499,641.41723726,7
1790673300,1.0522,1.0522,1.0522,1.0522,1.0522,100.0,1
1790673600,1.0544,1.0546,1.0534,1.0546,1.0543,557.75059016,4
1790673900,1.0557,1.0584,1.0557,1.0584,1.0568,237.66593919,4
1790674200,1.0623,1.0634,1.0623,1.0634,1.0624,591.05522858,4
1790674500,1.0645,1.0697,1.0645,1.0697,1.0691,3145.28556716,21
1790674800,1.0689,1.0711,1.0689,1.0711,1.0710,447.03305129,8
1790675100,1.0698,1.0759,1.0692,1.0692,1.0736,9274.9945059,24
1790675400,1.068,1.0702,1.068,1.0697,1.0691,2201.88302182,9
1790675700,1.0727,1.0733,1.0712,1.0723,1.0722,3515.80024023,13
1790676000,1.072,1.072,1.0714,1.0717,1.0716,633.5411671,5
1790676300,1.072,1.072,1.072,1.072,1.0720,1200.0,1
1790676600,1.072,1.0723,1.0716,1.0716,1.0721,400.09734426,4
1790676900,1.0699,1.0699,1.0676,1.0676,1.0687,782.04393505,3
1790677200,1.0671,1.0671,1.0655,1.0655,1.0662,100.31616604,4
1790677500,1.0643,1.0643,1.0631,1.0631,1.0634,642.94341041,5
1790677800,1.0625,1.0626,1.0615,1.0615,1.0624,1092.50093126,3
1790678100,1.0615,1.0615,1.0615,1.0615,0.0000,0.0,0
1790678400,1.0609,1.0609,1.0587,1.0587,1.0605,574.771513,2
1790678700,1.061,1.0611,1.0605,1.0605,1.0609,165.9375,3
1790679000,1.0609,1.0631,1.0609,1.0631,1.0624,1116.78363376,11
1790679300,1.0649,1.065,1.0633,1.0636,1.0644,3944.50607614,25
1790679600,1.065,1.0651,1.0636,1.0642,1.0643,1231.86458446,14
1790679900,1.0659,1.0669,1.065,1.065,1.0656,2885.43095215,16
1790680200,1.0621,1.0627,1.062,1.0627,1.0624,1844.75436021,8
1790680500,1.063,1.0655,1.0629,1.0655,1.0640,916.26887501,5
1790680800,1.0632,1.0638,1.0632,1.0638,1.0634,193.05750041,4
1790681100,1.0636,1.0636,1.0624,1.0631,1.0635,558.93861783,6
1790681400,1.0637,1.0698,1.0637,1.0697,1.0675,2273.64591966,10
1790681700,1.0727,1.0741,1.0724,1.0733,1.0735,1525.01989343,7
1790682000,1.074,1.075,1.0732,1.075,1.0745,1928.045134,12
1790682300,1.0739,1.0817,1.0739,1.0817,1.0798,1219.23968961,14
1790682600,1.0835,1.0878,1.083,1.0878,1.0843,1234.918967,21
1790682900,1.0867,1.0869,1.0774,1.0781,1.0800,14254.28983447,58
1790683200,1.078,1.078,1.0722,1.0723,1.0743,3721.76571356,28
1790683500,1.0698,1.072,1.0698,1.0719,1.0712,561.29306206,21
1790683800,1.0729,1.0729,1.0718,1.0727,1.0728,573.39966556,8
1790684100,1.0769,1.0769,1.0747,1.0747,1.0756,852.842071,4
1790684400,1.0726,1.0728,1.0682,1.0687,1.0704,5020.89826323,19
1790684700,1.0685,1.0714,1.0685,1.071,1.0708,254.65115757,5
1790685000,1.0712,1.0719,1.0707,1.0719,1.0709,202.65640979,5
1790685300,1.0734,1.0734,1.0722,1.0722,1.0726,278.951771,2
1790685600,1.0712,1.0712,1.0712,1.0712,1.0712,25.0,1
1790685900,1.0676,1.0693,1.0671,1.0693,1.0686,2998.54869557,8
1790686200,1.0683,1.0684,1.0668,1.0684,1.0681,205.058292,5
1790686500,1.0675,1.0675,1.0667,1.0667,1.0672,133.34181,3
1790686800,1.0651,1.0667,1.0644,1.0655,1.0646,3649.09057006,15
1790687100,1.0657,1.068,1.0657,1.0677,1.0672,595.4483154,3
1790687400,1.0675,1.0675,1.0675,1.0675,1.0675,816.3652238,2
1790687700,1.0675,1.0675,1.0675,1.0675,0.0000,0.0,0
1790688000,1.0707,1.071,1.0707,1.071,1.0709,234.736135,4
1790688300,1.0696,1.0696,1.0696,1.0696,1.0696,1236.1879484,1
1790688600,1.065,1.065,1.0613,1.0636,1.0639,517.98019649,6
1790688900,1.0643,1.0669,1.0643,1.0669,1.0643,419.64424121,6
1790689200,1.0671,1.0671,1.0643,1.0643,1.0657,846.03016512,7
1790689500,1.0638,1.0638,1.0621,1.0629,1.0628,1766.09622297,8
1790689800,1.0629,1.0662,1.0629,1.0662,1.0652,140.705871,3
1790690100,1.0662,1.0662,1.0662,1.0662,0.0000,0.0,0
1790690400,1.0677,1.0677,1.0606,1.0615,1.0624,5721.27072796,20
1790690700,1.0628,1.0634,1.0623,1.0623,1.0628,4465.71838141,9
1790691000,1.0618,1.0618,1.0601,1.0608,1.0608,628.25871273,10
1790691300,1.0612,1.0687,1.061,1.0687,1.0626,1165.13742862,3
1790691600,1.0694,1.0694,1.0648,1.0649,1.0669,1879.85818659,20
1790691900,1.0678,1.0678,1.0678,1.0678,1.0678,26.494437,1
1790692200,1.0696,1.0735,1.0696,1.0727,1.0709,208.6138029,6
1790692500,1.0709,1.0746,1.0709,1.0746,1.0716,169.908271,6
1790692800,1.0769,1.078,1.0765,1.0766,1.0770,1471.58926301,7
1790693100,1.0782,1.0815,1.0718,1.0718,1.0773,13158.99219439,36
1790693400,1.072,1.0752,1.0719,1.0726,1.0735,2729.8728845,10
1790693700,1.0746,1.0762,1.0744,1.0744,1.0757,608.94055982,14
1790694000,1.0693,1.0703,1.0693,1.0703,1.0695,315.76781165,2
1790694300,1.0666,1.0693,1.0641,1.0657,1.0659,4555.91205187,18
1790694600,1.0691,1.0692,1.061,1.061,1.0625,10248.96359463,18
1790694900,1.0647,1.0656,1.062,1.062,1.0638,1303.103171,5
1790695200,1.0611,1.0611,1.0503,1.0503,1.0591,4500.45452777,15
1790695500,1.0479,1.049,1.0461,1.0483,1.0475,10800.95569437,23
1790695800,1.0485,1.0498,1.0485,1.0498,1.0494,2195.6540019,3
1790696100,1.0485,1.0499,1.0485,1.0495,1.0487,2466.32648202,7
1790696400,1.0519,1.052,1.0479,1.0491,1.0494,2950.23583114,21
1790696700,1.0485,1.054,1.0465,1.0537,1.0489,6538.18690344,29
1790697000,1.0531,1.0531,1.0413,1.0432,1.0459,2811.94508681,12
1790697300,1.0457,1.0457,1.0416,1.0436,1.0440,4546.61421963,11
1790697600,1.0438,1.0489,1.0438,1.0489,1.0480,700.126042,9
1790697900,1.0497,1.0497,1.0483,1.0484,1.0485,715.989344,6
1790698200,1.0499,1.0499,1.0499,1.0499,1.0499,369.96442793,3
1790698500,1.0458,1.0473,1.0456,1.0469,1.0460,1416.6088083,8
1790698800,1.0484,1.0491,1.0461,1.0461,1.0478,287.32090444,8
1790699100,1.0469,1.0473,1.0467,1.0473,1.0469,731.26518653,8
1790699400,1.0419,1.0438,1.0406,1.0422,1.0417,8724.35353602,32
1790699700,1.0441,1.0453,1.0432,1.0437,1.0440,7570.08247643,24
1790700000,1.0408,1.0408,1.0376,1.0376,1.0392,1635.58774471,14
1790700300,1.0345,1.0361,1.0331,1.0341,1.0337,6082.95990251,15
1790700600,1.0357,1.0357,1.0339,1.0339,1.0353,3170.89416682,16
1790700900,1.0342,1.0365,1.0334,1.0365,1.0341,767.2029401,5
1790701200,1.0379,1.0379,1.0334,1.0358,1.0360,2033.9986748,18
1790701500,1.0369,1.0393,1.0369,1.0388,1.0387,1511.2642902,9
1790701800,1.0385,1.0385,1.0372,1.0381,1.0380,2071.75565808,16
1790702100,1.036,1.036,1.0334,1.0356,1.0352,1978.41800334,17
1790702400,1.0332,1.0339,1.03,1.0339,1.0329,1737.68230638,8
1790702700,1.0346,1.0348,1.0335,1.0346,1.0342,1161.08281421,9
1790703000,1.036,1.0366,1.0341,1.0356,1.0353,1253.35390914,10
1790703300,1.0311,1.0311,1.031,1.031,1.0310,200.0,2
1790703600,1.0309,1.0331,1.0309,1.0323,1.0325,1144.14781693,6
1790703900,1.0332,1.0332,1.0295,1.0295,1.0323,3534.03603087,8
1790704200,1.0278,1.0278,1.024,1.0248,1.0252,1045.81835384,7
1790704500,1.0274,1.0284,1.0274,1.0284,1.0278,26.95537808,2
1790704800,1.0298,1.0337,1.0298,1.0298,1.0299,413.59065,5
1790705100,1.0342,1.0342,1.0342,1.0342,1.0342,88.40649778,1
1790705400,1.0343,1.0369,1.0343,1.0369,1.0350,49.81086953,2
1790705700,1.0407,1.0407,1.0407,1.0407,1.0407,56.54513208,1
1790706000,1.0426,1.0426,1.0426,1.0426,1.0426,249.4315496,1
1790706300,1.0427,1.0427,1.0412,1.0412,1.0422,492.68838505,4
1790706600,1.0409,1.0423,1.0403,1.0416,1.0413,2020.56025281,13
1790706900,1.0425,1.0463,1.0425,1.0462,1.0453,916.64877015,6
1790707200,1.0511,1.0511,1.0511,1.0511,1.0511,16.77523969,2
1790707500,1.0495,1.0495,1.0484,1.0484,1.0494,164.5218,3
1790707800,1.0483,1.0499,1.0477,1.0499,1.0483,7312.08610034,5
1790708100,1.0478,1.0478,1.0472,1.0476,1.0474,4811.66518,10
1790708400,1.0476,1.0476,1.0476,1.0476,0.0000,0.0,0
1790708700,1.0476,1.0476,1.0476,1.0476,0.0000,0.0,0
1790709000,1.0507,1.0507,1.0503,1.0505,1.0504,1675.83993426,4
1790709300,1.0499,1.0512,1.0497,1.0512,1.0500,1993.40091549,8
1790709600,1.0509,1.0509,1.05,1.05,1.0500,339.36668963,2
1790709900,1.0508,1.051,1.0508,1.051,1.0508,74.129021,2
1790710200,1.0501,1.0555,1.0501,1.0555,1.0523,2500.98493488,11
1790710500,1.0536,1.0561,1.0535,1.0561,1.0552,492.44376711,4
1790710800,1.0548,1.0548,1.0517,1.0517,1.0542,784.44039033,5
1790711100,1.0503,1.0526,1.0503,1.0526,1.0509,2942.08981389,9
1790711400,1.0526,1.0526,1.0526,1.0526,0.0000,0.0,0
1790711700,1.0494,1.0494,1.0494,1.0494,1.0494,368.49070606,3
1790712000,1.0491,1.0491,1.0481,1.0481,1.0489,385.4726161,2
1790712300,1.0474,1.0542,1.0473,1.0503,1.0488,5017.05287172,20
1790712600,1.0462,1.0465,1.0435,1.0456,1.0453,6221.62587321,13
1790712900,1.0462,1.0533,1.0462,1.0532,1.0517,1446.34792855,7
1790713200,1.0548,1.0551,1.0547,1.0551,1.0550,48.647713,3
1790713500,1.0627,1.0627,1.0624,1.0624,1.0626,230.827633,3
1790713800,1.0601,1.0601,1.0562,1.0571,1.0577,1078.40232067,9
1790714100,1.0549,1.0592,1.0549,1.0559,1.0573,2783.28754103,8
1790714400,1.0557,1.0592,1.0557,1.0566,1.0570,3278.2202527,15
1790714700,1.0539,1.0545,1.0531,1.0545,1.0534,611.1860145,3
1790715000,1.0542,1.0542,1.0542,1.0542,1.0542,130.0,1
1790715300,1.0562,1.0572,1.0556,1.0564,1.0563,2351.02697961,15
1790715600,1.0554,1.0554,1.0514,1.0531,1.0522,4705.8786099,14
1790715900,1.0535,1.0568,1.0535,1.054,1.0549,1966.07177981,13
1790716200,1.0552,1.0568,1.0552,1.0568,1.0561,2455.04010689,7
1790716500,1.0564,1.0564,1.0547,1.055,1.0554,2893.03568303,16
1790716800,1.0523,1.0526,1.0497,1.0497,1.0522,791.2600085,4
1790717100,1.0487,1.0487,1.0461,1.0477,1.0478,1110.98628858,6
1790717400,1.0508,1.0511,1.0487,1.0508,1.0499,2166.53637331,10
1790717700,1.051,1.0541,1.0507,1.0541,1.0523,327.48456204,6
1790718000,1.0538,1.0538,1.0538,1.0538,1.0538,130.0,1
1790718300,1.052,1.0524,1.052,1.0524,1.0522,1567.111616,4
1790718600,1.0532,1.0553,1.0532,1.0553,1.0532,256.53091546,2
1790718900,1.0553,1.0553,1.0553,1.0553,0.0000,0.0,0
1790719200,1.0554,1.0589,1.0554,1.0589,1.0588,3794.58982018,2
1790719500,1.0589,1.0589,1.0589,1.0589,0.0000,0.0,0
1790719800,1.056,1.0572,1.056,1.0572,1.0562,128.682698,4
1790720100,1.0555,1.0555,1.0518,1.0518,1.0522,1088.7816807,9
1790720400,1.0526,1.0528,1.0518,1.0518,1.0518,415.9826119,3
1790720700,1.055,1.055,1.0535,1.0535,1.0539,2622.55293533,14
1790721000,1.0535,1.0535,1.0535,1.0535,0.0000,0.0,0
1790721300,1.0535,1.0535,1.0535,1.0535,0.0000,0.0,0
1790721600,1.0538,1.0538,1.0532,1.0533,1.0533,171.35371051,3
1790721900,1.0544,1.0546,1.0532,1.0535,1.0537,753.64662117,8
1790722200,1.0535,1.0535,1.0535,1.0535,0.0000,0.0,0
1790722500,1.0535,1.0535,1.0525,1.0525,1.0532,129.9001,2
1790722800,1.052,1.052,1.052,1.052,1.0520,104.8039448,1
1790723100,1.0553,1.0601,1.0553,1.059,1.0586,5962.05598878,28
1790723400,1.0614,1.0625,1.0599,1.0599,1.0622,4717.10102106,16
1790723700,1.0599,1.0599,1.0599,1.0599,0.0000,0.0,0
1790724000,1.0599,1.0599,1.0599,1.0599,0.0000,0.0,0
1790724300,1.0547,1.0553,1.0547,1.0553,1.0550,200.0,2
1790724600,1.0553,1.0553,1.0553,1.0553,0.0000,0.0,0
1790724900,1.0511,1.0511,1.0511,1.0511,1.0511,100.0,1
1790725200,1.0485,1.0485,1.0477,1.0477,1.0477,397.15829415,2
1790725500,1.0477,1.0477,1.0477,1.0477,0.0000,0.0,0
1790725800,1.0509,1.0509,1.05,1.05,1.0504,52.903268,3
1790726100,1.05,1.05,1.05,1.05,0.0000,0.0,0
1790726400,1.05,1.05,1.05,1.05,0.0000,0.0,0
1790726700,1.05,1.05,1.05,1.05,0.0000,0.0,0
1790727000,1.048,1.0484,1.0479,1.0484,1.0481,1181.5459823,4
1790727300,1.0484,1.0484,1.0483,1.0483,1.0483,19.9334,2
1790727600,1.0475,1.0476,1.0475,1.0475,1.0475,599.66381,4
1790727900,1.0482,1.0512,1.0481,1.0505,1.0499,1175.2459,11
1790728200,1.054,1.0557,1.054,1.0557,1.0552,539.75871385,5
1790728500,1.0525,1.0538,1.0524,1.0538,1.0532,256.2526,4
1790728800,1.0537,1.0575,1.0536,1.0566,1.0551,211.705326,6
1790729100,1.0561,1.0566,1.0548,1.0554,1.0558,505.468591,14
1790729400,1.0562,1.0573,1.0551,1.0551,1.0558,423.599246,4
1790729700,1.0558,1.0587,1.0558,1.0587,1.0569,214.812206,3
1790730000,1.0609,1.0663,1.0609,1.0663,1.0643,336.877378,6
1790730300,1.0663,1.0684,1.0654,1.0684,1.0674,413.70967796,8
1790730600,1.0688,1.069,1.0679,1.0679,1.0685,259.43441111,3
1790730900,1.069,1.072,1.0687,1.072,1.0704,522.18065223,11
1790731200,1.0708,1.0743,1.07,1.0743,1.0723,1075.32424173,12
1790731500,1.0701,1.0701,1.0701,1.0701,1.0701,100.0,1
1790731800,1.0696,1.0707,1.0663,1.0664,1.0675,2502.0054115,21
1790732100,1.0639,1.0651,1.0631,1.0651,1.0640,211.5604302,7
1790732400,1.0655,1.0684,1.0646,1.0684,1.0663,882.816855,14
1790732700,1.0684,1.0703,1.0678,1.0678,1.0688,639.9667,8
1790733000,1.0695,1.07,1.0692,1.0696,1.0693,808.59366233,4
1790733300,1.0695,1.0696,1.0686,1.0693,1.0692,416.140847,8
1790733600,1.0673,1.0699,1.0672,1.0672,1.0681,1174.86098193,13
1790733900,1.0683,1.0717,1.0677,1.0701,1.0707,2881.67177556,18
1790734200,1.0651,1.0651,1.0649,1.0649,1.0649,1878.11062072,5
1790734500,1.0636,1.0636,1.0636,1.0636,1.0636,59.0625,1
1790734800,1.0622,1.0622,1.0622,1.0622,1.0622,36.565848,1
1790735100,1.0606,1.0606,1.0583,1.0584,1.0588,517.0475,10
1790735400,1.0597,1.0605,1.0596,1.0605,1.0596,241.632128,4
1790735700,1.0607,1.0619,1.0597,1.0619,1.0603,1066.4453897,11
1790736000,1.063,1.0653,1.063,1.0652,1.0649,3567.21151845,19
1790736300,1.0652,1.0678,1.0652,1.0678,1.0659,427.381493,3
1790736600,1.0721,1.0731,1.0705,1.0725,1.0724,1745.74665237,19
1790736900,1.0705,1.0705,1.0701,1.0701,1.0703,200.0,2
1790737200,1.0664,1.0664,1.0631,1.0652,1.0640,395.02111632,5
1790737500,1.0652,1.0652,1.0652,1.0652,0.0000,0.0,0
1790737800,1.0648,1.0648,1.0648,1.0648,1.0648,50.43921,1
1790738100,1.0613,1.0613,1.0613,1.0613,1.0613,100.0,2
1790738400,1.0585,1.0632,1.0585,1.0632,1.0615,365.1350544,2
1790738700,1.0607,1.0607,1.0601,1.0601,1.0605,236.60315064,3
1790739000,1.0593,1.0593,1.0578,1.0578,1.0591,117.59933611,2
1790739300,1.0598,1.0654,1.0598,1.0654,1.0636,584.90903853,7
1790739600,1.0676,1.0676,1.0656,1.0656,1.0660,188.81266714,12
1790739900,1.0656,1.0656,1.0656,1.0656,0.0000,0.0,0
1790740200,1.0639,1.0639,1.0595,1.0616,1.0615,1251.03113025,11
1790740500,1.0614,1.0614,1.059,1.0607,1.0604,2001.7992747,21
1790740800,1.0618,1.0683,1.0618,1.0662,1.0656,1248.2819934,19
1790741100,1.0668,1.0698,1.0667,1.068,1.0681,1382.59150499,13
1790741400,1.0656,1.0686,1.0656,1.0667,1.0681,2157.77193077,10
1790741700,1.0677,1.0701,1.0677,1.069,1.0693,773.238,5
1790742000,1.069,1.0722,1.069,1.0722,1.0705,941.9170666,6
1790742300,1.0744,1.0753,1.0708,1.0708,1.0743,1033.9586552,7
1790742600,1.0691,1.0694,1.0691,1.0694,1.0692,109.149518,3
1790742900,1.0673,1.0688,1.0673,1.0675,1.0679,2562.63414545,19
1790743200,1.0701,1.0701,1.0701,1.0701,1.0701,18.691541,1
1790743500,1.0677,1.0677,1.0676,1.0676,1.0676,71.216704,2
1790743800,1.0672,1.0672,1.0669,1.0669,1.0670,51.578,3
1790744100,1.0649,1.0649,1.0649,1.0649,1.0649,60.852352,2
1790744400,1.066,1.0716,1.066,1.0676,1.0704,1047.2243158,10
1790744700,1.0671,1.0671,1.0661,1.0661,1.0661,450.29901199,3
1790745000,1.0664,1.0664,1.0638,1.0638,1.0648,350.50189,6
1790745300,1.0625,1.0666,1.0616,1.0666,1.0631,2677.50410515,12
1790745600,1.0678,1.0681,1.0678,1.0681,1.0678,340.5801671,3
1790745900,1.0671,1.0678,1.0663,1.0676,1.0674,942.98069817,9
1790746200,1.068,1.0715,1.0679,1.0708,1.0708,1144.0903272,10
1790746500,1.0678,1.0683,1.0678,1.0683,1.0678,469.07425739,6
1790746800,1.0671,1.0672,1.0671,1.0672,1.0671,200.0,2
1790747100,1.0676,1.0695,1.0664,1.0664,1.0683,193.800863,4
1790747400,1.0664,1.0664,1.0664,1.0664,0.0000,0.0,0
1790747700,1.0642,1.0663,1.0567,1.0629,1.0609,297824.25919477,295
1790748000,1.0634,1.0658,1.0621,1.0647,1.0638,13427.22379373,71
1790748300,1.0651,1.0656,1.062,1.062,1.0639,3077.07841421,23
1790748600,1.0617,1.0617,1.058,1.058,1.0597,1890.55661175,15
1790748900,1.0596,1.0617,1.0588,1.0617,1.0600,1314.35240204,12
1790749200,1.0599,1.0599,1.0565,1.0565,1.0591,381.68853248,6
1790749500,1.055,1.0551,1.0534,1.0543,1.0545,1933.13807101,12
1790749800,1.0544,1.0544,1.0511,1.0519,1.0529,1133.58026168,9
1790750100,1.0522,1.0524,1.0503,1.051,1.0512,2030.99919735,17
1790750400,1.0492,1.0524,1.049,1.0521,1.0513,2751.18619152,15
1790750700,1.0518,1.0524,1.05,1.0502,1.0511,1516.2662532,16
1790751000,1.0504,1.0538,1.0498,1.053,1.0510,591.86386436,13
1790751300,1.0546,1.0558,1.0523,1.0523,1.0553,645.03825038,12
1790751600,1.0496,1.0526,1.0495,1.0526,1.0500,820.7197926,6
1790751900,1.052,1.052,1.0494,1.0506,1.0502,977.26038255,14
1790752200,1.0487,1.0487,1.0476,1.0476,1.0481,378.55604268,5
1790752500,1.0482,1.0567,1.0481,1.0566,1.0535,804.78423256,13
1790752800,1.0596,1.0612,1.0575,1.0604,1.0601,1137.46018854,22
1790753100,1.0605,1.0633,1.0583,1.0583,1.0612,1779.16977936,8
1790753400,1.0572,1.0587,1.0572,1.0587,1.0581,122.651727,2
1790753700,1.0587,1.0587,1.0587,1.0587,0.0000,0.0,0
1790754000,1.0644,1.0654,1.0644,1.0654,1.0648,982.49372648,7
1790754300,1.0651,1.0652,1.0631,1.0631,1.0644,2625.39761063,17
1790754600,1.0656,1.0656,1.0628,1.0628,1.0647,116.55042457,3
1790754900,1.0603,1.0607,1.0595,1.0607,1.0601,286.89219319,6
1790755200,1.0609,1.0624,1.0592,1.0598,1.0610,893.76701305,9
1790755500,1.0566,1.0567,1.0566,1.0566,1.0566,472.4676566,5
1790755800,1.0562,1.0581,1.0556,1.0567,1.0571,1063.53285162,14
1790756100,1.0608,1.0626,1.0608,1.0626,1.0610,453.636708,4
1790756400,1.0621,1.0686,1.0621,1.0654,1.0661,2294.41839435,21
1790756700,1.0671,1.0675,1.0671,1.0675,1.0674,421.86907278,4
1790757000,1.0655,1.0655,1.0625,1.0626,1.0627,692.3103946,7
1790757300,1.0617,1.0659,1.0617,1.0659,1.0632,811.67543267,6
1790757600,1.0659,1.0659,1.0659,1.0659,0.0000,0.0,0
1790757900,1.066,1.0723,1.0649,1.0723,1.0712,215.022681,5
1790758200,1.0751,1.0815,1.0751,1.0815,1.0791,4277.27292509,37
1790758500,1.0834,1.0844,1.0786,1.0786,1.0828,4104.40648576,37
1790758800,1.0796,1.0862,1.0796,1.0855,1.0832,1748.75286472,11
1790759100,1.0857,1.0873,1.0845,1.0873,1.0851,1704.21827902,22
1790759400,1.0872,1.0921,1.0872,1.0909,1.0889,1060.0397187,19
1790759700,1.0901,1.095,1.0899,1.0899,1.0936,25985.54120136,69
1790760000,1.0898,1.0909,1.087,1.087,1.0886,957.60008061,11
1790760300,1.0854,1.0889,1.0852,1.0889,1.0872,22304.54156092,55
1790760600,1.0889,1.0996,1.0887,1.0982,1.0943,23257.99199435,73
1790760900,1.0967,1.1,1.0953,1.0953,1.0962,2611.22679073,31
1790761200,1.0952,1.0952,1.0922,1.0942,1.0933,3927.66523866,19
1790761500,1.0941,1.0945,1.0941,1.0945,1.0944,497.280089,5
1790761800,1.0945,1.0975,1.0936,1.094,1.0955,546.09407149,9
1790762100,1.0953,1.0953,1.0944,1.0946,1.0945,618.5796356,5
1790762400,1.0951,1.0958,1.0887,1.0887,1.0908,1244.94085437,12
1790762700,1.0901,1.0901,1.0866,1.0866,1.0885,487.45638462,5
1790763000,1.0852,1.0852,1.0839,1.0839,1.0840,147.50107959,3
1790763300,1.083,1.083,1.0799,1.0812,1.0821,3569.01423707,26
1790763600,1.0843,1.0843,1.0814,1.0819,1.0829,1584.4114919,20
1790763900,1.0845,1.0857,1.0837,1.084,1.0848,3494.82190545,20
1790764200,1.0823,1.0861,1.0822,1.0861,1.0830,471.32232926,9
1790764500,1.0873,1.0883,1.0873,1.0883,1.0878,731.781506,11
1790764800,1.0867,1.0867,1.0863,1.0863,1.0864,1703.41074829,7
1790765100,1.0869,1.0869,1.0829,1.0829,1.0845,2654.32158766,9
1790765400,1.0823,1.0826,1.0819,1.0826,1.0820,1935.05880364,7
1790765700,1.0813,1.0822,1.0813,1.0822,1.0820,523.0705386,2
1790766000,1.0804,1.0804,1.0762,1.0786,1.0777,654.3327461,17
1790766300,1.0754,1.0762,1.0741,1.0762,1.0752,3555.00675903,11
1790766600,1.0762,1.0762,1.0762,1.0762,0.0000,0.0,0
1790766900,1.075,1.075,1.0716,1.0716,1.0733,913.23073023,27
1790767200,1.0712,1.0767,1.0711,1.0767,1.0724,865.35818498,12
1790767500,1.0765,1.0765,1.0765,1.0765,1.0765,130.0,2
1790767800,1.0761,1.0761,1.0738,1.0743,1.0748,1391.64751513,38
1790768100,1.0751,1.0751,1.0734,1.0747,1.0749,3769.88669183,8
1790768400,1.0752,1.0779,1.0751,1.0777,1.0763,1386.05918599,41
1790768700,1.0789,1.0801,1.0763,1.0774,1.0784,2698.82852903,20
1790769000,1.0781,1.0809,1.078,1.079,1.0796,5139.0961422,12
1790769300,1.079,1.0813,1.079,1.0813,1.0799,3357.89536427,11
1790769600,1.0817,1.0829,1.0811,1.0821,1.0820,995.73196853,12
1790769900,1.0828,1.0837,1.0817,1.0824,1.0830,5055.68520495,21
1790770200,1.0837,1.084,1.083,1.084,1.0834,351.8916,6
1790770500,1.0834,1.0834,1.0784,1.0799,1.0795,753.9483716,10
1790770800,1.0799,1.0815,1.0769,1.079,1.0788,4638.15748267,29
1790771100,1.0809,1.0809,1.077,1.0809,1.0789,1072.34042356,9
1790771400,1.081,1.0926,1.0809,1.089,1.0879,15689.24960875,61
1790771700,1.094,1.0947,1.0895,1.0947,1.0927,9185.46732674,24
1790772000,1.0951,1.0966,1.0924,1.0957,1.0944,21884.6354029,71
1790772300,1.0952,1.0988,1.0944,1.0988,1.0963,4838.33737825,34
1790772600,1.1002,1.1014,1.0984,1.0995,1.1006,3238.67503565,16
1790772900,1.1006,1.1011,1.0993,1.1,1.1004,1975.47326054,15
1790773200,1.0995,1.1017,1.0963,1.0963,1.1002,11497.16558119,44
1790773500,1.0987,1.1017,1.0987,1.1017,1.1003,5487.06344389,9
1790773800,1.1013,1.1024,1.1005,1.1021,1.1017,9495.26417493,34
1790774100,1.1014,1.106,1.1014,1.1016,1.1037,3331.38595104,34
1790774400,1.102,1.103,1.1014,1.103,1.1019,659.61059478,10
1790774700,1.1049,1.1057,1.1011,1.1019,1.1030,4780.67492741,23
1790775000,1.1056,1.1095,1.105,1.1055,1.1088,16643.57893191,29
1790775300,1.1039,1.1039,1.0881,1.0889,1.0935,10672.91524103,61
1790775600,1.0893,1.0931,1.0857,1.0931,1.0884,4075.80649194,18
1790775900,1.0955,1.0993,1.0949,1.097,1.0962,7048.08527841,32
1790776200,1.097,1.0971,1.0937,1.0944,1.0950,3199.45776659,19
1790776500,1.0953,1.0953,1.0912,1.0919,1.0927,6424.32177169,30
1790776800,1.0935,1.0952,1.0905,1.0931,1.0930,7957.4765841,18
1790777100,1.0932,1.0947,1.092,1.092,1.0937,4507.777849,13
1790777400,1.0917,1.0919,1.0858,1.0904,1.0900,3970.73892908,20
1790777700,1.0911,1.0911,1.0837,1.0848,1.0873,5840.63250757,28
1790778000,1.0839,1.0863,1.0709,1.0785,1.0757,14936.06859755,63
1790778300,1.0791,1.0791,1.0721,1.0734,1.0742,5671.74630294,26
1790778600,1.0732,1.0775,1.0675,1.0721,1.0719,13186.97959066,45
1790778900,1.0702,1.0749,1.0693,1.073,1.0728,1519.97020333,19
1790779200,1.0718,1.0764,1.0711,1.0735,1.0739,927.64558447,12
1790779500,1.0735,1.0735,1.0735,1.0735,0.0000,0.0,0
1790779800,1.0803,1.0803,1.0761,1.0768,1.0770,3025.99214166,14
1790780100,1.077,1.077,1.077,1.077,1.0770,805.02321262,1
1790780400,1.0763,1.0805,1.0763,1.0788,1.0790,32.11528448,3
1790780700,1.0793,1.0796,1.0793,1.0793,1.0793,1379.08925711,6
1790781000,1.0792,1.0792,1.0785,1.0788,1.0785,1043.8720534,7
1790781300,1.0771,1.0775,1.0698,1.0698,1.0724,3049.05138589,13
1790781600,1.0691,1.074,1.0691,1.0731,1.0730,6046.72522701,5
1790781900,1.0677,1.072,1.0661,1.072,1.0686,6145.19428831,15
1790782200,1.075,1.0818,1.075,1.0793,1.0786,2383.9190711,12
1790782500,1.0791,1.0791,1.0789,1.0789,1.0789,231.71749003,2
1790782800,1.0776,1.0776,1.0766,1.0768,1.0769,1500.0,4
1790783100,1.0766,1.0805,1.0765,1.0805,1.0770,3573.66615213,13
1790783400,1.0805,1.0805,1.0805,1.0805,0.0000,0.0,0
1790783700,1.0867,1.0873,1.0867,1.0873,1.0869,1161.25167784,6
1790784000,1.0872,1.0927,1.0871,1.0927,1.0905,1827.0228513,6
1790784300,1.0927,1.0986,1.0927,1.0985,1.0945,2562.41518445,14
1790784600,1.0977,1.0989,1.0977,1.0989,1.0984,3015.23668639,12
1790784900,1.0989,1.0989,1.0989,1.0989,0.0000,0.0,0
1790785200,1.0976,1.1,1.0976,1.0998,1.0983,3111.25818944,16
1790785500,1.0994,1.1006,1.0982,1.0982,1.0995,1866.39502564,5
1790785800,1.0988,1.0988,1.0956,1.0968,1.0970,1525.01828465,6
1790786100,1.0953,1.0955,1.0953,1.0955,1.0954,842.0434265,3
1790786400,1.0966,1.1039,1.0965,1.1039,1.0995,3339.74034577,17
1790786700,1.101,1.1017,1.098,1.098,1.0994,1025.61149438,15
1790787000,1.0995,1.0995,1.0969,1.0969,1.0985,1556.53034642,8
1790787300,1.0968,1.0995,1.0968,1.0976,1.0973,4135.8336461,49
1790787600,1.0981,1.0981,1.0975,1.0975,1.0977,1511.82293541,9
1790787900,1.0975,1.1061,1.0973,1.1033,1.1005,9976.88267475,43
1790788200,1.1071,1.1089,1.106,1.1064,1.1074,1825.69283612,15
1790788500,1.1049,1.1078,1.1042,1.1042,1.1053,2637.56926126,10
1790788800,1.1021,1.1021,1.0975,1.1008,1.0992,4770.14213258,31
1790789100,1.0988,1.1003,1.0939,1.0984,1.0981,5486.63495019,130
1790789400,1.0979,1.0979,1.0946,1.0946,1.0978,884.4116752,5
1790789700,1.0946,1.0946,1.0889,1.0946,1.0925,1777.44434722,15
1790790000,1.0928,1.093,1.0925,1.0925,1.0928,916.91998721,5
1790790300,1.1001,1.1058,1.1001,1.1035,1.1040,2191.76822851,11
1790790600,1.0968,1.0969,1.0968,1.0969,1.0968,15.50882093,2
1790790900,1.0943,1.0943,1.0936,1.0939,1.0938,1113.53346275,4
1790791200,1.095,1.095,1.0895,1.0908,1.0911,2403.153123,16
1790791500,1.0859,1.0952,1.0857,1.0952,1.0926,1314.9036316,5
1790791800,1.096,1.0964,1.0942,1.0942,1.0954,2519.36123542,20
1790792100,1.0937,1.0944,1.0909,1.094,1.0935,2158.0236275,7
1790792400,1.0916,1.0916,1.0907,1.0908,1.0913,3671.97224806,10
1790792700,1.0902,1.0902,1.0874,1.0882,1.0889,388.50610267,8
1790793000,1.0894,1.0925,1.0844,1.0844,1.0869,2984.22555057,20
1790793300,1.0859,1.0861,1.0822,1.0843,1.0847,1204.32149589,10
1790793600,1.0831,1.0856,1.0829,1.0829,1.0836,3934.24970569,25
1790793900,1.0779,1.0787,1.0777,1.0787,1.0784,69.89078556,5
1790794200,1.0798,1.0825,1.0798,1.0825,1.0813,92.16868651,5
1790794500,1.0846,1.0846,1.0842,1.0842,1.0843,2026.12389471,7
1790794800,1.0839,1.0843,1.083,1.083,1.0840,1349.07237093,14
1790795100,1.085,1.085,1.0835,1.0835,1.0839,192.12618974,5
1790795400,1.086,1.086,1.0824,1.0824,1.0840,845.4808328,4
1790795700,1.0815,1.082,1.077,1.0801,1.0775,2276.61069941,15
1790796000,1.0816,1.0835,1.08,1.08,1.0820,1505.27387482,6
1790796300,1.0809,1.082,1.0803,1.0803,1.0811,544.20003697,9
1790796600,1.0816,1.0817,1.0816,1.0817,1.0816,110.09174311,2
1790796900,1.0852,1.0889,1.0852,1.0878,1.0878,618.96805969,8
1790797200,1.087,1.087,1.0846,1.0857,1.0853,414.10536971,8
1790797500,1.0868,1.0868,1.0836,1.085,1.0846,288.96558363,9
1790797800,1.0821,1.0822,1.0762,1.0781,1.0794,1325.60898953,14
1790798100,1.0762,1.0762,1.0762,1.0762,1.0762,73.4335998,1
1790798400,1.0811,1.0815,1.0794,1.0794,1.0808,6044.1948829,19
1790798700,1.0815,1.0815,1.0798,1.0812,1.0811,907.99136335,8
1790799000,1.0812,1.0812,1.0812,1.0812,0.0000,0.0,0
1790799300,1.0846,1.0846,1.0845,1.0845,1.0845,340.5801671,2
1790799600,1.09,1.0925,1.09,1.0925,1.0901,502.53651702,7
1790799900,1.0925,1.0925,1.0924,1.0924,1.0924,39.0,2
1790800200,1.0864,1.0871,1.0857,1.0864,1.0861,2652.7390472,16
1790800500,1.088,1.0897,1.088,1.0889,1.0888,787.4489713,5
1790800800,1.0871,1.0871,1.0871,1.0871,1.0871,183.9757152,2
1790801100,1.0848,1.0848,1.0848,1.0848,1.0848,61.7388,1
1790801400,1.086,1.086,1.086,1.086,1.0860,676.3135,1
1790801700,1.0829,1.0831,1.0816,1.0819,1.0823,203.63855523,12
1790802000,1.085,1.0883,1.0848,1.0883,1.0858,2317.88563012,9
1790802300,1.0881,1.0881,1.0863,1.0863,1.0865,481.7563119,2
1790802600,1.0855,1.0855,1.0837,1.0839,1.0845,842.54642905,5
1790802900,1.0815,1.0829,1.0815,1.0829,1.0822,2239.64213465,10
1790803200,1.0823,1.0825,1.08,1.08,1.0823,1591.07003703,5
1790803500,1.08,1.08,1.08,1.08,0.0000,0.0,0
1790803800,1.0794,1.0827,1.0794,1.0826,1.0806,542.43038809,3
1790804100,1.0839,1.0866,1.0839,1.0851,1.0852,1574.949189,10
1790804400,1.0836,1.0836,1.0833,1.0833,1.0834,735.473779,4
1790804700,1.083,1.083,1.0816,1.0816,1.0816,3762.10653735,6
1790805000,1.0772,1.0785,1.0772,1.0783,1.0781,1936.37991792,12
1790805300,1.0766,1.0766,1.0764,1.0764,1.0765,771.4119,3
1790805600,1.0762,1.0762,1.07,1.07,1.0749,953.9269444,6
1790805900,1.07,1.07,1.07,1.07,0.0000,0.0,0
1790806200,1.0726,1.0731,1.0726,1.0731,1.0728,869.4937083,2
1790806500,1.0741,1.0798,1.0741,1.0798,1.0770,6423.55906349,29
1790806800,1.0831,1.0831,1.08,1.08,1.0809,2982.59313511,11
1790807100,1.0808,1.0808,1.0808,1.0808,1.0808,8.15728894,1
1790807400,1.0914,1.0922,1.0914,1.0922,1.0918,114.922271,4
1790807700,1.0931,1.0931,1.0931,1.0931,1.0931,265.3923,2
1790808000,1.0894,1.0894,1.089,1.089,1.0891,33.92636458,2
1790808300,1.088,1.088,1.088,1.088,1.0880,5.07,1
1790808600,1.0881,1.0881,1.0881,1.0881,1.0881,90.37505648,1
1790808900,1.0868,1.0873,1.0868,1.0869,1.0870,1727.6858453,9
1790809200,1.0811,1.084,1.0811,1.084,1.0836,474.09034219,3
1790809500,1.0838,1.0838,1.0836,1.0836,1.0836,498.1157661,2
1790809800,1.0805,1.0805,1.0798,1.0798,1.0800,1204.98005124,8
1790810100,1.0796,1.081,1.0796,1.081,1.0805,1577.1223132,10
1790810400,1.0836,1.0836,1.083,1.083,1.0833,2765.1762192,8
1790810700,1.0781,1.0781,1.0781,1.0781,1.0781,63.316957,1
1790811000,1.0756,1.0763,1.0743,1.0761,1.0754,959.05645299,7
1790811300,1.0761,1.0779,1.0761,1.0779,1.0770,115.70518696,3
1790811600,1.0776,1.0776,1.0776,1.0776,1.0776,435.4815526,1
1790811900,1.0784,1.0784,1.0784,1.0784,1.0784,404.52139137,1
1790812200,1.0786,1.0786,1.0786,1.0786,1.0786,42.2107,1
1790812500,1.0772,1.079,1.0772,1.079,1.0788,67.449642,2
1790812800,1.079,1.079,1.079,1.079,0.0000,0.0,0
1790813100,1.0744,1.0744,1.0744,1.0744,1.0744,406.0549517,1
1790813400,1.0731,1.0731,1.0731,1.0731,1.0731,73.019527,1
1790813700,1.0735,1.0744,1.0727,1.0744,1.0736,3201.66787114,18
1790814000,1.0785,1.0786,1.0778,1.0786,1.0781,2620.69013685,8
1790814300,1.079,1.079,1.079,1.079,1.0790,4.63563879,1
1790814600,1.079,1.079,1.079,1.079,0.0000,0.0,0
1790814900,1.079,1.079,1.079,1.079,0.0000,0.0,0
1790815200,1.082,1.0822,1.0815,1.0815,1.0817,671.97105679,4
1790815500,1.0863,1.0878,1.0863,1.0878,1.0867,669.56519823,4
1790815800,1.0878,1.0878,1.0878,1.0878,0.0000,0.0,0
1790816100,1.0824,1.0831,1.0824,1.0831,1.0828,1802.1050275,5
1790816400,1.0842,1.0878,1.0842,1.0878,1.0853,338.93606295,2
1790816700,1.0891,1.0954,1.0891,1.0954,1.0944,253.31722707,3
1790817000,1.0931,1.0946,1.0913,1.0913,1.0928,2428.5761535,7
1790817300,1.0918,1.0918,1.0904,1.0915,1.0914,2004.66067518,10
1790817600,1.0945,1.0949,1.0945,1.0949,1.0947,2526.045988,4
1790817900,1.0949,1.0949,1.0949,1.0949,0.0000,0.0,0
1790818200,1.0869,1.0869,1.0869,1.0869,1.0869,403.3513208,1
1790818500,1.0857,1.0857,1.0823,1.0823,1.0848,479.07701419,16
1790818800,1.0832,1.0832,1.0831,1.0831,1.0831,642.8812854,3
1790819100,1.0811,1.0816,1.0794,1.0816,1.0811,278.84339674,4
1790819400,1.0812,1.0825,1.0799,1.0799,1.0811,1596.79233736,14
1790819700,1.0807,1.0816,1.0807,1.0816,1.0810,179.86938447,4
1790820000,1.0815,1.0815,1.0762,1.0768,1.0769,586.77909163,5
1790820300,1.0796,1.0844,1.0782,1.0844,1.0788,561.4351893,4
1790820600,1.0865,1.0865,1.0865,1.0865,1.0865,413.9286498,1
1790820900,1.0821,1.0821,1.0793,1.0807,1.0819,10433.3585356,20
1790821200,1.0804,1.0811,1.0785,1.0801,1.0802,5848.42421754,24
1790821500,1.0796,1.0796,1.0771,1.0791,1.0783,1468.0118058,10
1790821800,1.0881,1.0881,1.0852,1.0852,1.0861,594.26798466,6
1790822100,1.0843,1.0843,1.0843,1.0843,1.0843,408.1826119,1
1790822400,1.084,1.0857,1.084,1.0857,1.0848,92.278181,2
1790822700,1.0857,1.0857,1.0857,1.0857,0.0000,0.0,0
1790823000,1.0847,1.0854,1.0847,1.0854,1.0850,720.97458111,6
1790823300,1.0912,1.0912,1.0909,1.0909,1.0910,651.0850347,6
1790823600,1.0918,1.0979,1.0897,1.0897,1.0938,4040.05101813,12
1790823900,1.0925,1.093,1.0925,1.093,1.0928,1341.42312099,4
1790824200,1.0938,1.0938,1.0938,1.0938,1.0938,136.3784,1
1790824500,1.0938,1.0938,1.0938,1.0938,0.0000,0.0,0
1790824800,1.0925,1.0925,1.0925,1.0925,1.0925,165.76984525,1
1790825100,1.1,1.1024,1.0986,1.0986,1.1006,1998.4241679,9
1790825400,1.0986,1.0986,1.0986,1.0986,0.0000,0.0,0
1790825700,1.104,1.1068,1.104,1.1065,1.1066,681.574657,9
1790826000,1.1035,1.1081,1.1035,1.1081,1.1065,397.75030788,5
1790826300,1.1034,1.1035,1.1034,1.1035,1.1034,303.42087842,3
1790826600,1.1047,1.1094,1.1047,1.1056,1.1075,2341.1401023,12
1790826900,1.1056,1.1065,1.1051,1.1065,1.1055,1771.74070922,6
1790827200,1.1053,1.1053,1.1053,1.1053,1.1053,71.59883993,1
1790827500,1.1035,1.1035,1.1035,1.1035,1.1035,382.943,1
1790827800,1.1035,1.1035,1.1035,1.1035,0.0000,0.0,0
1790828100,1.0958,1.0958,1.0958,1.0958,1.0958,327.2911671,1
1790828400,1.0989,1.101,1.0989,1.101,1.0999,153.75,3
1790828700,1.1027,1.1038,1.1025,1.1028,1.1027,593.3629669,7
1790829000,1.1027,1.1029,1.0992,1.1001,1.1019,972.19506063,10
1790829300,1.1001,1.1017,1.1001,1.1008,1.1012,1252.0888874,8
1790829600,1.0984,1.0988,1.0961,1.0961,1.0977,4527.01821012,18
1790829900,1.1013,1.1019,1.0999,1.1005,1.1008,731.1822877,7
1790830200,1.1025,1.1028,1.1,1.1,1.1023,5481.134377,13
1790830500,1.1004,1.1004,1.1002,1.1002,1.1003,134.74128236,2
1790830800,1.0994,1.0994,1.0986,1.0993,1.0991,244.82304279,3
1790831100,1.0993,1.0993,1.0993,1.0993,0.0000,0.0,0
1790831400,1.0991,1.0991,1.0984,1.0984,1.0988,129.872174,2
1790831700,1.0972,1.0972,1.0972,1.0972,1.0972,72.439456,1
1790832000,1.0949,1.0949,1.0941,1.0941,1.0948,117.08316852,3
1790832300,1.0953,1.0953,1.0953,1.0953,1.0953,518.60448876,1
1790832600,1.0975,1.0975,1.0975,1.0975,1.0975,227.790432,1
1790832900,1.1,1.1017,1.0986,1.0986,1.1010,2751.940672,12
1790833200,1.0957,1.0964,1.0957,1.0964,1.0959,2252.3793589,4
1790833500,1.0951,1.0951,1.0951,1.0951,1.0951,327.2911671,1
1790833800,1.0951,1.0951,1.0951,1.0951,0.0000,0.0,0
1790834100,1.0949,1.0955,1.0949,1.0954,1.0953,157.78154,5
1790834400,1.096,1.0985,1.0946,1.0977,1.0963,568.15355702,13
1790834700,1.0992,1.0994,1.0992,1.0994,1.0993,40.9,2
1790835000,1.1,1.1,1.1,1.1,1.1000,25.0,1
1790835300,1.0983,1.1002,1.0983,1.0992,1.0991,496.9082,4
1790835600,1.0992,1.0992,1.0992,1.0992,0.0000,0.0,0
1790835900,1.0992,1.0992,1.0992,1.0992,0.0000,0.0,0
1790836200,1.1002,1.1002,1.0966,1.0969,1.0985,3913.89287996,6
1790836500,1.097,1.0981,1.097,1.0981,1.0973,1875.68658735,7
1790836800,1.099,1.099,1.099,1.099,1.0990,81.72006988,1
1790837100,1.0973,1.0977,1.0973,1.0977,1.0974,963.0847875,6
1790837400,1.1022,1.1044,1.102,1.1039,1.1036,2209.17172182,10
1790837700,1.1038,1.1052,1.1038,1.1041,1.1049,556.3476063,4
1790838000,1.1041,1.1041,1.1041,1.1041,0.0000,0.0,0
1790838300,1.1095,1.1152,1.1095,1.1152,1.1106,4719.38300576,19
1790838600,1.1109,1.1111,1.1109,1.1109,1.1110,1804.35131292,3
1790838900,1.1109,1.1109,1.1078,1.1079,1.1086,2232.87935812,6
1790839200,1.1051,1.1051,1.0928,1.0928,1.0973,11095.67947376,24
1790839500,1.0934,1.0934,1.0855,1.0855,1.0889,1639.15659714,19
1790839800,1.0875,1.0907,1.0874,1.0907,1.0876,1010.63115995,5
1790840100,1.0934,1.0934,1.0897,1.0914,1.0917,2868.2296756,9
1790840400,1.0893,1.0899,1.0873,1.0898,1.0890,287.00162659,10
1790840700,1.0878,1.09,1.0878,1.0885,1.0885,448.16642471,4
1790841000,1.0876,1.0876,1.0875,1.0875,1.0875,357.1813324,2
1790841300,1.0875,1.0885,1.0838,1.0852,1.0863,1607.71857729,12
1790841600,1.0852,1.0852,1.0852,1.0852,0.0000,0.0,0
1790841900,1.0859,1.0859,1.0821,1.0821,1.0848,601.36452127,7
1790842200,1.081,1.0829,1.081,1.0829,1.0827,292.9109684,3
1790842500,1.0811,1.0837,1.0811,1.0834,1.0828,37.88491863,3
1790842800,1.0825,1.0825,1.0825,1.0825,1.0825,60.917733,1
1790843100,1.0828,1.0836,1.0812,1.0812,1.0830,1893.95090045,11
1790843400,1.0809,1.0811,1.0797,1.0797,1.0802,2184.48448996,12
1790843700,1.079,1.079,1.079,1.079,1.0790,8.60407806,1
