time,open,high,low,close,vwap,volume,count
1790463900,2363.32,2364.67,2363.32,2364.67,2364.12,1.55368347,13
1790464200,2364.7,2365.18,2364.7,2365.17,2365.10,0.63176353,5
1790464500,2365.29,2366.08,2365.23,2365.49,2365.75,0.17307804,9
1790464800,2366.13,2366.55,2365.91,2365.92,2366.15,0.56606991,8
1790465100,2366.09,2366.17,2365.57,2366.17,2365.61,3.51349061,11
1790465400,2365.91,2367.84,2365.91,2367.74,2367.17,4.85023577,13
1790465700,2367.62,2367.67,2366.72,2366.72,2367.36,0.39734032,11
1790466000,2367.12,2367.12,2365.79,2365.79,2366.15,0.07792178,3
1790466300,2365.33,2366.46,2365.33,2366.46,2366.39,0.41162969,6
1790466600,2367.56,2367.61,2367.13,2367.13,2367.57,2.11438966,4
1790466900,2368.05,2368.51,2368.05,2368.05,2368.11,0.80054388,9
1790467200,2367.98,2367.99,2365.95,2365.95,2366.25,1.29898361,11
1790467500,2365.85,2365.85,2365.49,2365.49,2365.66,0.38308681,10
1790467800,2364.36,2364.36,2364.36,2364.36,2364.36,0.08753839,2
1790468100,2364.19,2364.19,2362.57,2362.78,2362.60,3.64258986,27
1790468400,2362.86,2363.52,2362.86,2363.46,2363.37,0.06809255,5
1790468700,2363.43,2363.53,2363.43,2363.53,2363.52,0.42696449,7
1790469000,2365.03,2366.88,2364.88,2366.88,2365.97,0.49364851,11
1790469300,2366.45,2367.53,2366.39,2367.52,2366.88,0.79945175,12
1790469600,2367.45,2367.5,2367.4,2367.4,2367.44,0.12787158,4
1790469900,2365.93,2365.93,2365.92,2365.92,2365.92,0.61245001,2
1790470200,2366.03,2366.25,2365.68,2365.68,2366.13,0.30228296,7
1790470500,2366.18,2366.18,2365.29,2365.29,2365.74,0.08953242,3
1790470800,2365.79,2365.79,2364.64,2364.67,2364.70,0.13414782,6
1790471100,2364.77,2365.79,2364.77,2365.79,2365.06,0.50331722,6
1790471400,2365.79,2366.96,2365.79,2366.76,2366.49,1.18477846,9
1790471700,2367.15,2367.17,2365.46,2365.46,2366.94,0.04707055,9
1790472000,2365.54,2366.0,2365.48,2366.0,2365.58,0.87706907,8
1790472300,2365.0,2365.0,2364.6,2364.6,2364.98,0.16626148,2
1790472600,2364.96,2365.39,2363.29,2363.48,2365.03,16.13815853,23
1790472900,2363.34,2364.22,2363.34,2364.22,2363.66,0.65909173,5
1790473200,2365.24,2366.58,2365.24,2366.58,2365.31,0.37688659,4
1790473500,2366.63,2367.62,2366.63,2367.37,2367.09,0.39507242,10
1790473800,2367.4,2375.69,2367.4,2374.02,2371.61,37.03403851,93
1790474100,2374.82,2374.82,2371.56,2371.56,2373.73,0.22162872,7
1790474400,2372.05,2372.62,2370.48,2370.48,2372.03,1.59072158,15
1790474700,2370.5,2374.94,2370.5,2374.94,2371.76,1.6288163,13
1790475000,2374.15,2374.15,2371.28,2372.98,2372.69,0.51707618,16
1790475300,2373.09,2373.66,2372.25,2373.66,2372.78,0.79457759,17
1790475600,2373.76,2376.19,2373.55,2373.81,2374.42,11.67874437,19
1790475900,2373.49,2374.02,2373.23,2373.6,2373.65,1.20002977,9
1790476200,2373.98,2374.61,2373.98,2374.36,2374.57,0.37660393,4
1790476500,2372.55,2372.65,2371.93,2371.93,2372.50,0.30339473,16
1790476800,2371.34,2371.62,2371.26,2371.26,2371.59,0.85643558,6
1790477100,2371.25,2371.25,2370.45,2370.45,2370.89,0.11816429,3
1790477400,2370.61,2370.89,2369.12,2369.12,2369.74,0.3330109,10
1790477700,2369.29,2369.29,2368.32,2368.56,2368.62,0.48813238,9
1790478000,2369.1,2370.11,2369.05,2370.1,2369.42,5.8748189,7
1790478300,2369.67,2371.17,2369.67,2371.12,2370.62,0.45866455,8
1790478600,2370.45,2370.45,2370.15,2370.15,2370.26,0.02690302,3
1790478900,2370.74,2370.74,2369.7,2369.7,2370.31,0.06203001,3
1790479200,2369.3,2369.3,2368.64,2368.64,2369.15,0.24558611,5
1790479500,2368.38,2368.38,2367.27,2367.33,2368.09,0.08485649,6
1790479800,2367.39,2369.21,2367.39,2369.21,2368.18,1.09145889,11
1790480100,2367.92,2368.09,2367.92,2368.09,2368.08,0.5174046,4
1790480400,2368.54,2368.81,2368.41,2368.41,2368.71,1.01912275,10
1790480700,2367.71,2368.12,2367.24,2368.12,2367.63,0.12907311,7
1790481000,2367.39,2367.74,2367.39,2367.72,2367.45,0.24710036,5
1790481300,2367.94,2368.13,2367.94,2368.08,2368.06,4.24194869,6
1790481600,2367.51,2367.51,2366.62,2366.62,2367.08,0.09565858,6
1790481900,2368.48,2368.48,2367.82,2367.82,2368.29,0.01509396,2
1790482200,2367.86,2370.0,2367.86,2370.0,2369.34,0.71516067,6
1790482500,2369.79,2369.79,2368.54,2368.54,2368.82,3.42900448,6
1790482800,2368.76,2369.29,2368.14,2368.14,2368.84,4.84463613,8
1790483100,2368.48,2368.48,2367.47,2367.47,2368.05,3.88258856,9
1790483400,2366.67,2366.67,2364.97,2364.97,2365.52,0.06854745,4
1790483700,2365.6,2365.6,2364.66,2364.66,2365.46,0.19452981,12
1790484000,2364.4,2364.44,2363.3,2363.3,2364.07,1.35301697,15
1790484300,2363.21,2364.0,2363.16,2363.74,2363.47,16.33775622,16
1790484600,2364.51,2364.51,2364.13,2364.13,2364.37,0.04972486,2
1790484900,2364.17,2364.17,2363.81,2363.81,2364.15,0.05840018,3
1790485200,2364.08,2365.9,2364.08,2365.9,2364.71,1.32566172,16
1790485500,2366.4,2367.5,2366.4,2367.5,2367.42,0.31661889,3
1790485800,2366.92,2366.95,2366.4,2366.76,2366.63,2.68773729,11
1790486100,2366.91,2366.91,2366.91,2366.91,2366.91,0.03786801,1
1790486400,2367.35,2367.46,2367.35,2367.36,2367.43,0.14234339,3
1790486700,2368.03,2368.39,2368.03,2368.15,2368.22,0.08939588,4
1790487000,2368.0,2370.0,2368.0,2370.0,2369.70,3.1449674,10
1790487300,2370.99,2380.51,2370.99,2375.34,2374.88,30.95025174,72
1790487600,2375.62,2375.62,2374.23,2375.16,2374.41,2.26431841,12
1790487900,2375.9,2377.11,2375.9,2376.87,2376.23,8.40809075,7
1790488200,2376.78,2376.78,2374.85,2374.94,2374.97,1.22611727,7
1790488500,2375.18,2375.57,2375.03,2375.56,2375.15,1.1711171,12
1790488800,2375.73,2377.33,2375.35,2377.22,2376.27,1.05361972,24
1790489100,2377.31,2378.59,2377.24,2378.59,2377.58,0.73562766,9
1790489400,2380.66,2380.66,2379.33,2379.79,2379.43,7.35671623,13
1790489700,2379.32,2379.93,2377.76,2379.9,2378.56,6.69717135,28
1790490000,2379.99,2380.64,2378.97,2380.22,2380.28,2.85645933,30
1790490300,2380.21,2380.53,2379.54,2379.55,2380.18,7.68408625,20
1790490600,2379.14,2379.49,2376.38,2377.48,2377.72,1.59462877,27
1790490900,2377.62,2379.01,2377.17,2377.17,2378.84,2.2732677,16
1790491200,2377.47,2378.39,2376.96,2377.42,2377.83,2.0174621,16
1790491500,2377.61,2377.78,2377.2,2377.21,2377.26,1.42475575,7
1790491800,2377.11,2377.2,2376.29,2377.2,2376.93,1.14110719,7
1790492100,2376.61,2377.0,2376.61,2376.85,2376.63,2.57076749,5
1790492400,2377.0,2379.02,2376.62,2378.93,2377.89,33.55645785,38
1790492700,2378.66,2378.66,2376.74,2377.37,2377.16,1.51032785,18
1790493000,2376.67,2377.48,2376.17,2376.92,2376.37,13.87459051,20
1790493300,2376.93,2377.53,2376.14,2376.15,2376.42,2.24007192,17
1790493600,2376.5,2377.37,2376.5,2377.37,2377.01,4.61951712,10
1790493900,2377.28,2378.0,2377.16,2377.99,2377.29,0.70454742,7
1790494200,2378.0,2380.93,2378.0,2380.82,2378.22,3.58477794,13
1790494500,2380.71,2381.35,2379.06,2379.89,2379.55,32.79924573,37
1790494800,2379.99,2384.23,2379.59,2381.91,2381.92,29.65700265,39
1790495100,2381.89,2384.39,2381.85,2384.16,2383.82,6.60073468,24
1790495400,2384.73,2385.98,2382.46,2383.39,2385.32,12.39470122,35
1790495700,2383.19,2387.85,2383.19,2387.57,2385.35,5.54101167,31
1790496000,2387.43,2387.83,2385.0,2387.01,2385.62,74.1314623,42
1790496300,2387.01,2389.29,2386.39,2388.37,2388.03,5.88046438,34
1790496600,2388.0,2389.09,2386.21,2387.26,2388.79,116.11672787,47
1790496900,2386.66,2388.43,2384.5,2384.53,2385.98,6.03675212,41
1790497200,2385.09,2389.22,2385.09,2385.51,2386.11,50.88047098,59
1790497500,2385.88,2386.44,2385.5,2386.23,2386.21,1.87934956,15
1790497800,2386.12,2391.28,2385.53,2388.65,2389.33,8.95585686,49
1790498100,2387.79,2387.79,2386.64,2386.98,2386.99,2.10903636,18
1790498400,2386.6,2386.65,2384.99,2385.07,2386.26,24.85538342,28
1790498700,2385.69,2385.69,2383.69,2384.66,2384.72,2.48968886,24
1790499000,2385.01,2386.02,2385.01,2385.24,2385.37,1.2808711,17
1790499300,2385.27,2385.35,2383.26,2383.65,2384.46,14.69688736,33
1790499600,2383.89,2384.01,2382.27,2382.27,2383.03,3.31799036,25
1790499900,2382.0,2382.0,2377.5,2377.5,2380.57,1.34743944,13
1790500200,2377.08,2379.5,2376.65,2379.5,2377.89,41.72645145,47
1790500500,2379.35,2380.0,2378.73,2379.57,2379.31,2.16152075,25
1790500800,2379.3,2380.72,2379.3,2380.72,2379.74,5.53374435,17
1790501100,2380.78,2381.17,2379.72,2381.17,2380.62,10.15401105,18
1790501400,2381.12,2383.19,2381.05,2382.82,2382.37,2.3276819,21
1790501700,2382.64,2382.88,2381.45,2382.88,2382.62,2.84758133,22
1790502000,2383.3,2383.66,2382.68,2383.06,2383.45,15.63722457,19
1790502300,2384.07,2386.12,2384.04,2385.7,2385.26,6.76025337,25
1790502600,2385.45,2386.14,2383.27,2383.27,2385.22,12.42521772,26
1790502900,2383.48,2384.93,2383.26,2384.93,2384.27,9.53787538,22
1790503200,2384.82,2385.63,2383.35,2383.54,2384.56,6.62514626,33
1790503500,2383.67,2385.42,2383.39,2385.42,2384.02,5.62138467,22
1790503800,2385.92,2386.87,2385.92,2386.13,2386.48,2.26797703,19
1790504100,2386.7,2388.02,2383.9,2383.9,2386.29,4.03241517,27
1790504400,2383.76,2384.22,2383.31,2384.0,2383.97,20.07921463,19
1790504700,2383.28,2383.88,2382.66,2382.66,2383.12,13.96503328,21
1790505000,2382.04,2382.04,2380.89,2381.16,2381.35,1.56597141,33
1790505300,2381.4,2381.4,2380.22,2380.24,2380.58,0.82771951,22
1790505600,2380.51,2380.51,2380.0,2380.0,2380.49,27.832724,12
1790505900,2380.01,2381.16,2379.62,2381.16,2380.41,25.50764309,48
1790506200,2381.28,2381.28,2379.52,2379.52,2380.26,13.9074516,19
1790506500,2379.76,2380.66,2379.76,2380.66,2380.03,2.19463085,14
1790506800,2380.36,2380.36,2379.16,2379.16,2379.39,19.18095157,38
1790507100,2379.85,2381.05,2379.72,2381.03,2380.67,1.91742956,26
1790507400,2381.07,2382.2,2380.82,2381.08,2381.51,1.02211868,18
1790507700,2381.09,2381.09,2379.1,2379.24,2380.43,5.78449568,24
1790508000,2379.25,2380.76,2379.19,2380.76,2379.81,7.20921766,20
1790508300,2380.95,2381.85,2380.95,2381.09,2381.44,2.90088424,21
1790508600,2380.28,2381.0,2379.1,2379.1,2379.68,30.29416512,36
1790508900,2379.11,2379.48,2378.06,2378.4,2379.07,22.36782556,33
1790509200,2378.73,2379.7,2378.73,2379.06,2379.27,5.50812465,28
1790509500,2379.59,2379.59,2378.27,2378.29,2378.95,1.56772352,18
1790509800,2378.29,2380.82,2378.29,2380.81,2379.35,7.37984626,25
1790510100,2381.21,2381.44,2380.11,2380.23,2380.95,10.84445374,27
1790510400,2380.39,2382.72,2380.39,2382.65,2380.63,11.33380157,22
1790510700,2382.69,2384.73,2382.69,2384.73,2383.80,73.52962273,49
1790511000,2384.43,2385.19,2384.02,2385.19,2384.46,0.40160156,10
1790511300,2385.19,2386.49,2384.79,2384.79,2385.89,3.63943494,26
1790511600,2384.91,2384.93,2383.72,2383.78,2384.47,4.02718298,21
1790511900,2383.46,2384.01,2383.11,2383.83,2383.85,1.42898449,10
1790512200,2383.7,2384.9,2383.4,2384.9,2384.27,0.5490401,12
1790512500,2385.0,2385.55,2384.02,2384.78,2384.98,40.47864771,22
1790512800,2384.81,2385.03,2384.56,2384.95,2384.99,15.4192712,10
1790513100,2384.45,2384.76,2383.55,2383.7,2383.99,32.03794003,15
1790513400,2383.71,2383.97,2382.88,2383.01,2383.52,1.6244843,19
1790513700,2382.87,2382.87,2378.29,2378.29,2380.66,1.6726732,18
1790514000,2378.28,2378.28,2371.1,2373.84,2374.77,10.84248757,79
1790514300,2374.22,2376.0,2372.6,2375.53,2374.27,2.95374536,32
1790514600,2375.02,2375.24,2369.66,2370.35,2371.66,5.70215396,55
1790514900,2371.25,2374.9,2370.85,2374.9,2374.46,8.06077289,32
1790515200,2374.94,2376.81,2374.74,2376.72,2376.08,0.77108998,19
1790515500,2376.86,2379.05,2376.86,2379.05,2378.00,1.88358312,10
1790515800,2379.49,2384.21,2379.33,2383.06,2382.03,14.84802829,41
1790516100,2380.51,2380.51,2375.99,2376.4,2377.08,93.66670474,59
1790516400,2376.03,2376.62,2374.46,2374.46,2376.33,29.11229793,41
1790516700,2373.7,2378.0,2373.03,2377.62,2374.45,2.75393397,22
1790517000,2378.13,2378.13,2376.36,2376.79,2376.56,1.47322317,12
1790517300,2377.11,2379.79,2377.11,2379.79,2379.01,37.97716562,28
1790517600,2380.2,2380.45,2375.45,2375.45,2378.87,2.47965723,25
1790517900,2376.62,2379.97,2376.46,2379.97,2378.62,0.13227938,9
1790518200,2379.11,2379.11,2376.97,2376.97,2377.68,29.33777609,27
1790518500,2377.17,2378.14,2376.14,2376.14,2377.01,3.91885933,16
1790518800,2374.48,2374.54,2368.76,2369.74,2372.46,5.68128034,28
1790519100,2368.67,2370.62,2361.76,2363.06,2363.05,119.57955651,72
1790519400,2363.21,2367.1,2362.19,2366.16,2365.12,7.98519815,49
1790519700,2365.22,2365.41,2360.81,2362.21,2363.43,2.25918583,35
1790520000,2362.2,2363.67,2360.0,2363.3,2361.78,24.16116786,44
1790520300,2362.81,2364.3,2356.22,2359.83,2363.01,38.4699864,75
1790520600,2360.83,2361.93,2360.0,2360.98,2360.79,9.58368586,43
1790520900,2361.6,2361.95,2360.32,2361.03,2361.34,15.55787827,23
1790521200,2360.74,2361.55,2355.58,2357.14,2356.90,33.49724542,58
1790521500,2356.7,2361.0,2355.73,2360.45,2357.36,66.22148438,74
1790521800,2360.32,2361.43,2360.03,2360.45,2360.28,0.64833464,17
1790522100,2360.5,2365.41,2360.5,2363.06,2363.78,17.40981859,32
1790522400,2364.01,2364.01,2362.04,2362.26,2363.29,3.80154073,30
1790522700,2362.27,2363.25,2358.06,2362.75,2360.19,37.04160769,43
1790523000,2362.75,2364.12,2360.86,2360.87,2361.74,26.45212079,33
1790523300,2360.8,2362.44,2360.8,2361.45,2361.35,1.28545921,17
1790523600,2361.54,2362.06,2361.01,2361.01,2361.90,2.62202707,17
1790523900,2361.0,2363.86,2361.0,2363.8,2363.47,1.87121129,15
1790524200,2363.68,2364.75,2362.68,2363.37,2364.40,2.60118917,17
1790524500,2363.68,2364.3,2362.5,2362.5,2363.49,19.41957207,24
1790524800,2362.67,2364.54,2361.97,2364.54,2362.55,10.8716732,17
1790525100,2364.53,2366.18,2364.51,2365.52,2365.43,2.3667502,19
1790525400,2366.06,2366.06,2364.01,2365.18,2365.83,23.20911202,22
1790525700,2365.07,2366.22,2364.02,2366.2,2365.59,1.21441015,16
1790526000,2366.21,2367.66,2365.41,2365.42,2366.99,5.07359194,36
1790526300,2365.57,2365.57,2364.04,2364.04,2364.61,11.62110004,30
1790526600,2364.04,2364.04,2361.16,2363.06,2362.26,14.23648107,28
1790526900,2362.21,2362.43,2359.36,2361.07,2360.60,37.40728643,41
1790527200,2360.66,2361.13,2358.53,2359.5,2359.37,9.30174445,27
1790527500,2359.41,2361.07,2359.41,2360.96,2360.16,1.65920712,14
1790527800,2360.49,2361.2,2359.47,2360.77,2360.45,2.48896797,29
1790528100,2360.0,2360.82,2359.78,2359.98,2360.07,3.9189822,16
1790528400,2359.92,2362.54,2359.64,2362.31,2360.10,4.01262599,22
1790528700,2362.41,2362.95,2359.47,2360.76,2361.22,6.86928132,24
1790529000,2361.16,2361.64,2361.06,2361.56,2361.39,0.88904529,17
1790529300,2361.54,2363.11,2361.54,2362.27,2361.85,3.20085789,17
1790529600,2362.27,2362.68,2360.61,2360.61,2361.57,0.92586682,17
1790529900,2361.5,2361.5,2359.89,2359.89,2360.85,1.28247248,13
1790530200,2359.95,2362.4,2359.95,2361.32,2360.96,1.40358342,19
1790530500,2362.28,2362.86,2360.69,2361.43,2361.59,1.50294922,19
1790530800,2360.96,2361.27,2360.72,2361.13,2360.79,2.18152274,11
1790531100,2361.54,2363.74,2361.51,2363.74,2363.09,1.7130299,23
1790531400,2364.18,2364.43,2363.66,2363.82,2363.83,2.30246319,18
1790531700,2363.83,2364.69,2363.8,2364.68,2364.37,2.28505025,34
1790532000,2364.1,2364.16,2363.04,2363.04,2363.61,2.78892136,24
1790532300,2363.21,2364.21,2363.21,2363.54,2363.58,8.5316259,28
1790532600,2363.58,2365.96,2363.58,2365.9,2364.78,8.65770904,29
1790532900,2365.77,2367.53,2365.77,2367.05,2366.34,3.01935967,24
1790533200,2367.05,2370.16,2367.01,2367.74,2368.34,7.44644557,34
1790533500,2367.8,2369.0,2366.35,2369.0,2367.61,3.07772487,33
1790533800,2369.32,2369.32,2368.17,2368.34,2369.07,1.15266586,12
1790534100,2368.13,2369.02,2368.13,2368.51,2368.68,9.17828199,17
1790534400,2368.51,2369.63,2368.51,2369.24,2369.06,1.32319986,15
1790534700,2369.38,2371.03,2368.51,2370.02,2369.59,23.16730255,53
1790535000,2370.19,2370.4,2368.42,2369.51,2369.92,111.99809101,17
1790535300,2369.31,2370.04,2368.95,2370.04,2369.56,5.05286266,19
1790535600,2370.1,2370.23,2365.98,2366.58,2367.50,2.16705467,25
1790535900,2366.44,2367.13,2366.44,2367.13,2366.86,3.07540979,15
1790536200,2367.06,2367.22,2366.78,2366.8,2367.05,0.86355472,8
1790536500,2367.24,2368.43,2366.74,2368.43,2367.61,46.35123902,41
1790536800,2368.31,2368.4,2365.79,2366.16,2366.68,3.07376117,15
1790537100,2366.28,2366.28,2364.24,2364.24,2365.53,0.45962312,10
1790537400,2364.57,2364.57,2363.11,2363.33,2363.82,4.14557054,23
1790537700,2363.28,2365.65,2363.23,2365.32,2364.04,50.91650881,33
1790538000,2365.95,2366.18,2365.15,2365.22,2365.49,0.96696342,14
1790538300,2365.23,2367.02,2365.23,2365.92,2365.75,3.47399355,20
1790538600,2366.17,2366.25,2364.59,2364.59,2365.47,9.3200223,24
1790538900,2364.76,2364.77,2363.78,2363.78,2364.70,3.01812105,14
1790539200,2364.06,2366.14,2364.06,2366.14,2364.85,4.22313684,17
1790539500,2366.15,2366.51,2364.58,2366.51,2365.15,3.88278399,20
1790539800,2366.49,2367.71,2366.49,2367.71,2366.97,0.86428164,11
1790540100,2367.72,2368.21,2367.06,2367.06,2367.62,0.9555988,22
1790540400,2366.94,2366.94,2362.25,2362.92,2364.26,21.64082288,37
1790540700,2361.91,2361.91,2361.23,2361.53,2361.39,0.6070814,9
1790541000,2361.86,2362.82,2361.86,2362.82,2362.43,1.16989737,14
1790541300,2362.68,2363.9,2362.15,2363.03,2362.89,3.17645872,14
1790541600,2362.81,2364.08,2362.81,2364.08,2363.22,1.07132105,15
1790541900,2364.11,2364.11,2360.45,2360.45,2363.04,7.85969833,22
1790542200,2360.49,2361.16,2359.7,2359.71,2360.38,2.94147963,31
1790542500,2359.09,2359.35,2358.82,2359.17,2358.95,3.50165083,21
1790542800,2359.21,2362.43,2359.21,2361.8,2359.82,4.78468683,20
1790543100,2361.55,2362.75,2361.55,2362.53,2362.29,3.02869258,20
1790543400,2362.74,2364.57,2362.74,2364.53,2363.65,1.62893227,17
1790543700,2366.56,2366.56,2363.51,2363.91,2364.81,14.55771691,36
1790544000,2362.41,2363.81,2362.41,2363.81,2363.01,5.84898177,15
1790544300,2363.59,2363.96,2361.02,2361.03,2362.53,10.49319022,20
1790544600,2360.69,2361.06,2359.98,2360.75,2360.62,4.45799042,23
1790544900,2360.54,2360.54,2350.87,2354.65,2354.70,61.26731803,81
1790545200,2355.92,2356.99,2354.38,2355.54,2355.63,4.99258102,24
1790545500,2357.32,2358.88,2356.5,2358.15,2358.23,0.70246672,16
1790545800,2358.38,2359.19,2358.38,2359.0,2358.95,3.41175949,11
1790546100,2358.25,2359.8,2357.96,2358.65,2358.58,12.98045459,34
1790546400,2358.87,2359.07,2348.0,2351.99,2351.18,18.99900494,66
1790546700,2351.9,2354.49,2349.11,2350.73,2351.26,4.20044649,35
1790547000,2350.76,2352.01,2347.78,2348.57,2349.49,2.12591451,18
1790547300,2348.37,2353.66,2347.05,2353.12,2348.57,2.40937764,29
1790547600,2353.12,2356.38,2351.8,2356.38,2355.59,2.63974002,19
1790547900,2357.32,2358.96,2357.32,2358.12,2358.28,1.10773095,12
1790548200,2357.62,2357.63,2349.73,2349.86,2354.68,2.37019608,16
1790548500,2348.02,2350.5,2347.48,2349.48,2348.89,20.29977725,69
1790548800,2348.71,2348.71,2347.62,2347.62,2348.64,1.78884862,12
1790549100,2347.2,2347.87,2346.22,2347.87,2346.96,4.01759164,15
1790549400,2348.3,2351.23,2348.3,2351.15,2350.76,0.30894014,9
1790549700,2351.33,2352.16,2351.29,2351.85,2351.98,3.68023411,9
1790550000,2351.51,2356.26,2351.51,2355.98,2353.83,13.64772014,15
1790550300,2355.57,2355.57,2350.51,2350.51,2351.12,1.21161053,7
1790550600,2350.5,2353.8,2350.5,2353.06,2352.00,1.22163573,11
1790550900,2351.81,2354.97,2351.81,2354.06,2353.45,0.41539557,4
1790551200,2355.27,2357.84,2355.27,2357.84,2355.77,5.45475258,13
1790551500,2358.18,2361.54,2358.18,2359.63,2359.35,0.62326982,14
1790551800,2359.35,2360.82,2359.06,2360.24,2359.89,0.59787883,8
1790552100,2361.54,2361.64,2359.71,2360.1,2361.22,1.67019192,9
1790552400,2361.27,2361.65,2358.64,2358.81,2360.91,0.38401141,5
1790552700,2358.62,2360.88,2358.12,2360.88,2359.83,8.32467794,17
1790553000,2361.06,2364.13,2361.06,2363.65,2362.55,3.06015808,13
1790553300,2364.42,2364.42,2361.36,2361.81,2362.14,19.70855774,25
1790553600,2362.54,2363.87,2362.54,2363.87,2362.69,1.83734502,10
1790553900,2363.74,2364.05,2358.17,2358.74,2360.28,6.20697721,16
1790554200,2358.76,2360.26,2358.76,2360.16,2359.21,16.69574859,27
1790554500,2360.43,2366.24,2360.43,2365.85,2362.91,0.41782382,10
1790554800,2368.1,2374.99,2367.47,2370.53,2373.41,8.67771196,31
1790555100,2367.38,2369.42,2362.39,2363.73,2367.31,4.74402682,15
1790555400,2365.45,2365.45,2352.17,2352.36,2357.33,44.63496043,23
1790555700,2350.0,2352.34,2349.33,2352.34,2350.35,2.38940869,9
1790556000,2348.99,2351.64,2348.99,2351.64,2350.08,0.63580906,6
1790556300,2353.65,2360.28,2353.65,2359.5,2358.82,1.60315835,5
1790556600,2362.04,2362.05,2357.21,2357.78,2358.26,0.11690373,5
1790556900,2353.72,2353.72,2348.9,2349.17,2353.20,4.28512831,9
1790557200,2348.52,2350.17,2346.48,2347.96,2347.95,15.42309226,32
1790557500,2348.37,2354.04,2344.0,2351.48,2345.59,33.34196841,60
1790557800,2348.97,2349.12,2344.0,2344.19,2347.24,51.42591834,54
1790558100,2343.33,2345.43,2342.2,2345.43,2344.24,14.88727374,28
1790558400,2345.86,2349.71,2345.67,2345.67,2346.29,8.1376548,16
1790558700,2346.42,2349.17,2346.42,2349.17,2347.97,0.47286887,3
1790559000,2349.72,2350.6,2347.36,2348.56,2348.89,1.44111883,14
1790559300,2345.81,2346.86,2343.51,2344.73,2345.29,0.66909215,6
1790559600,2343.96,2343.96,2340.37,2341.77,2342.01,3.970824,15
1790559900,2341.09,2343.12,2331.04,2332.27,2335.36,100.6617577,118
1790560200,2330.4,2337.57,2324.96,2335.6,2332.67,15.54326641,63
1790560500,2336.52,2338.49,2333.01,2333.4,2335.51,6.94571383,26
1790560800,2333.27,2333.27,2329.3,2331.75,2330.72,23.11854263,30
1790561100,2332.28,2333.36,2328.91,2332.01,2330.09,6.26510306,10
1790561400,2331.95,2337.76,2331.95,2337.34,2336.45,12.38450906,15
1790561700,2335.66,2335.66,2332.02,2332.27,2334.28,1.2878348,7
1790562000,2333.49,2333.49,2329.81,2333.18,2332.84,20.83944181,12
1790562300,2332.5,2334.91,2332.5,2334.91,2334.09,0.60567677,3
1790562600,2332.3,2332.3,2327.34,2327.34,2329.07,0.51108161,8
1790562900,2329.76,2329.76,2327.22,2328.61,2328.03,1.5278855,7
1790563200,2328.39,2330.82,2328.01,2329.83,2328.53,83.08941613,26
1790563500,2329.37,2330.64,2326.01,2328.26,2326.40,3.03603114,8
1790563800,2328.48,2329.82,2327.74,2329.03,2328.79,0.64167656,35
1790564100,2329.29,2329.29,2328.76,2328.76,2329.28,9.30436971,2
1790564400,2329.79,2331.87,2329.79,2331.69,2331.31,4.97518977,10
1790564700,2332.42,2333.19,2330.91,2332.27,2332.31,1.87600548,19
1790565000,2330.57,2332.23,2329.8,2332.2,2331.23,0.65000708,6
1790565300,2330.73,2333.24,2329.41,2333.02,2331.35,2.9190788,13
1790565600,2332.0,2332.58,2328.13,2329.33,2330.68,0.76743265,10
1790565900,2328.12,2328.12,2320.64,2323.81,2323.89,58.83914358,63
1790566200,2323.54,2324.76,2321.45,2324.12,2323.81,3.70319702,18
1790566500,2322.98,2331.07,2322.98,2329.5,2324.08,6.76907703,16
1790566800,2328.84,2331.09,2328.84,2331.0,2330.49,0.07048749,3
1790567100,2330.33,2331.34,2329.28,2330.33,2329.92,11.47957372,28
1790567400,2329.5,2330.67,2329.5,2330.62,2330.47,6.58794846,9
1790567700,2330.01,2330.28,2328.66,2328.66,2329.99,3.46256521,6
1790568000,2329.05,2329.83,2325.01,2325.44,2325.98,39.19939588,48
1790568300,2326.65,2330.28,2326.65,2327.49,2328.99,1.5699717,9
1790568600,2328.31,2331.3,2328.31,2330.87,2329.40,0.26878569,6
1790568900,2330.81,2334.79,2330.22,2334.28,2333.10,1.06526774,13
1790569200,2334.62,2335.45,2332.96,2333.97,2334.94,10.1170595,24
1790569500,2333.83,2335.0,2333.83,2334.76,2334.54,1.79237476,12
1790569800,2333.88,2333.88,2333.33,2333.4,2333.50,0.94071674,17
1790570100,2334.17,2334.17,2332.15,2333.43,2333.12,1.87738867,43
1790570400,2333.15,2335.46,2333.05,2334.58,2333.28,9.97240138,23
1790570700,2334.56,2334.56,2332.23,2332.47,2333.43,0.33108844,11
1790571000,2333.06,2335.42,2333.06,2335.01,2335.19,9.04507738,16
1790571300,2335.02,2335.85,2334.22,2335.85,2334.60,4.89331804,9
1790571600,2334.76,2336.59,2331.49,2332.21,2334.12,1.71931681,21
1790571900,2331.95,2332.97,2330.73,2330.9,2332.50,2.90256971,11
1790572200,2330.45,2330.45,2325.85,2327.56,2328.32,1.12102646,17
1790572500,2328.94,2329.82,2326.55,2327.28,2327.79,3.95997983,14
1790572800,2327.65,2327.68,2324.51,2324.76,2325.53,47.27472501,42
1790573100,2323.69,2326.74,2323.48,2325.78,2325.16,8.34396755,20
1790573400,2325.17,2325.17,2317.82,2318.12,2323.49,199.12920822,137
1790573700,2318.67,2320.59,2314.46,2316.07,2316.20,22.78787983,70
1790574000,2315.59,2327.73,2315.4,2327.73,2320.00,52.28046312,29
1790574300,2329.58,2330.36,2326.9,2328.76,2329.74,12.53577919,24
1790574600,2328.84,2328.84,2326.73,2327.65,2327.60,40.08145976,25
1790574900,2327.27,2329.61,2327.27,2329.61,2328.99,7.03727533,7
1790575200,2329.43,2329.6,2327.59,2329.21,2327.90,6.10046026,20
1790575500,2329.01,2333.65,2329.01,2333.29,2332.83,35.42833708,25
1790575800,2333.5,2334.38,2332.25,2332.25,2333.34,1.15654938,15
1790576100,2331.05,2332.41,2329.31,2329.31,2331.40,6.73994952,11
1790576400,2329.94,2330.46,2326.52,2327.01,2328.65,30.26687688,37
1790576700,2327.08,2328.0,2326.09,2326.09,2326.35,5.29345796,32
1790577000,2326.12,2329.77,2325.88,2329.5,2329.35,7.6901314,24
1790577300,2329.01,2330.04,2327.5,2327.79,2328.81,40.87071351,23
1790577600,2328.65,2330.81,2327.52,2329.0,2329.81,3.69309225,15
1790577900,2328.91,2330.63,2327.36,2328.46,2327.73,29.55808151,28
1790578200,2327.99,2329.4,2327.59,2328.46,2327.83,11.67322478,17
1790578500,2328.32,2328.75,2327.58,2328.6,2327.88,5.0524741,16
1790578800,2328.77,2335.12,2328.77,2333.4,2331.03,6.32657162,32
1790579100,2332.77,2332.77,2328.8,2328.86,2331.46,2.83905468,34
1790579400,2328.65,2329.69,2327.0,2327.34,2327.28,18.48434992,35
1790579700,2327.81,2330.44,2327.81,2329.49,2329.12,28.24314201,36
1790580000,2330.26,2330.35,2324.37,2324.37,2328.28,12.00161534,38
1790580300,2323.85,2325.98,2323.47,2323.71,2324.34,10.11843692,26
1790580600,2323.88,2325.72,2322.88,2322.92,2323.74,46.08520542,37
1790580900,2324.97,2326.42,2324.0,2324.0,2325.48,4.29137855,28
1790581200,2323.66,2325.96,2323.53,2323.65,2324.91,29.77449147,25
1790581500,2324.09,2324.99,2323.67,2324.5,2324.07,7.13428319,30
1790581800,2323.63,2324.48,2322.63,2324.48,2323.46,23.58566465,31
1790582100,2324.99,2326.36,2322.78,2322.78,2323.95,38.273026,36
1790582400,2321.84,2327.01,2320.59,2325.08,2323.77,1.65087468,18
1790582700,2326.03,2326.03,2322.81,2325.4,2324.68,7.42917744,18
1790583000,2325.27,2327.68,2323.87,2327.65,2325.70,44.4664268,33
1790583300,2327.77,2329.16,2326.28,2327.09,2328.30,4.45461035,31
1790583600,2327.11,2327.11,2323.0,2323.0,2325.32,12.02026341,33
1790583900,2322.13,2324.77,2321.79,2323.56,2322.08,2.31838061,12
1790584200,2324.84,2327.86,2324.6,2326.71,2327.18,5.645189,18
1790584500,2327.46,2327.46,2320.0,2321.42,2322.95,12.6077661,22
1790584800,2323.0,2323.54,2321.3,2321.78,2322.26,3.89991858,22
1790585100,2323.3,2325.59,2323.03,2325.59,2324.98,4.51540073,13
1790585400,2325.57,2330.73,2325.57,2328.8,2329.45,11.97702902,39
1790585700,2328.8,2330.96,2328.58,2329.85,2329.66,19.19225197,37
1790586000,2329.76,2331.49,2322.12,2324.2,2326.79,12.8016639,32
1790586300,2324.48,2324.48,2317.92,2320.09,2320.04,16.28771143,39
1790586600,2318.61,2327.05,2318.33,2327.05,2323.13,6.26529695,31
1790586900,2327.44,2332.66,2327.44,2330.49,2329.61,17.76629231,41
1790587200,2330.48,2332.08,2328.0,2328.0,2331.20,8.53420866,22
1790587500,2327.82,2328.22,2323.97,2327.04,2325.85,9.10930222,29
1790587800,2327.13,2327.13,2321.76,2321.79,2326.66,4.61349617,26
1790588100,2322.29,2322.3,2318.94,2318.94,2319.99,4.07969595,26
1790588400,2318.85,2320.45,2318.85,2318.9,2319.05,22.21724392,39
1790588700,2319.45,2321.22,2318.64,2321.22,2319.34,11.19520979,53
1790589000,2321.84,2322.87,2318.92,2318.92,2321.87,8.55839691,28
1790589300,2318.94,2321.0,2318.91,2320.58,2319.56,4.86119636,24
1790589600,2321.76,2330.2,2321.76,2330.2,2327.24,9.89641497,24
1790589900,2328.18,2328.44,2326.03,2326.85,2327.79,3.91629604,19
1790590200,2326.91,2327.49,2324.92,2327.49,2326.31,212.54494548,68
1790590500,2328.58,2329.87,2327.97,2327.98,2329.20,29.61883172,32
1790590800,2327.74,2330.7,2327.57,2330.7,2328.69,27.72783983,30
1790591100,2331.02,2331.02,2328.13,2329.1,2329.13,16.26867171,24
1790591400,2329.29,2331.8,2328.32,2331.34,2329.85,4.77126459,41
1790591700,2331.72,2333.06,2331.44,2333.06,2332.59,5.18975929,38
1790592000,2333.49,2334.99,2333.3,2334.99,2334.10,4.8368159,32
1790592300,2334.99,2335.67,2332.87,2333.22,2334.69,33.68172335,37
1790592600,2333.41,2337.63,2333.21,2335.51,2335.22,10.22115479,29
1790592900,2335.48,2336.39,2334.87,2335.28,2335.22,2.64169552,13
1790593200,2335.17,2340.0,2335.17,2339.38,2338.47,23.1170114,51
1790593500,2339.34,2341.22,2337.93,2340.69,2340.30,2.12409026,37
1790593800,2340.47,2340.9,2339.43,2340.01,2340.24,6.6165954,25
1790594100,2340.74,2343.76,2340.01,2341.87,2341.91,28.84199553,44
1790594400,2342.23,2343.68,2339.64,2342.3,2342.02,10.412571,45
1790594700,2341.4,2341.98,2341.25,2341.83,2341.51,3.11099289,35
1790595000,2342.04,2343.11,2340.94,2342.75,2342.26,7.52219214,33
1790595300,2342.99,2344.47,2342.19,2344.47,2343.03,4.0048792,13
1790595600,2345.0,2345.52,2343.33,2344.15,2344.55,11.51441492,35
1790595900,2343.88,2343.88,2341.71,2341.71,2342.68,1.25317108,23
1790596200,2341.81,2342.3,2341.2,2341.48,2341.45,4.60906527,22
1790596500,2341.48,2346.56,2341.48,2346.0,2342.85,3.55885025,24
1790596800,2346.05,2349.45,2342.48,2349.45,2346.87,43.24704233,57
1790597100,2349.48,2365.91,2349.48,2364.61,2362.28,154.93489959,152
1790597400,2364.96,2366.29,2356.61,2359.81,2361.55,19.60987068,49
1790597700,2359.65,2361.2,2357.31,2360.5,2359.52,28.63882826,35
1790598000,2360.59,2361.66,2357.03,2358.26,2358.16,27.04646896,55
1790598300,2357.92,2358.83,2354.86,2356.0,2355.82,45.21858445,66
1790598600,2355.82,2357.99,2353.42,2357.99,2355.86,10.16751768,32
1790598900,2358.28,2358.28,2353.84,2354.5,2357.10,43.47390133,23
1790599200,2353.98,2354.51,2351.66,2354.51,2353.28,41.42267138,30
1790599500,2356.47,2361.25,2356.47,2360.06,2359.40,56.33045835,22
1790599800,2360.23,2366.1,2360.23,2366.1,2362.81,6.54486709,31
1790600100,2367.08,2368.44,2363.77,2365.77,2366.35,29.96834376,45
1790600400,2366.16,2366.16,2360.26,2360.8,2361.27,8.64567701,28
1790600700,2361.06,2363.32,2360.49,2361.29,2361.44,13.60836853,20
1790601000,2361.11,2362.6,2358.38,2362.6,2360.64,11.79221415,23
1790601300,2362.55,2364.51,2360.0,2360.5,2360.70,47.90751005,47
1790601600,2360.9,2362.27,2360.51,2361.91,2361.85,6.59740549,14
1790601900,2362.35,2366.66,2362.35,2365.69,2364.68,24.6184296,63
1790602200,2366.56,2369.47,2360.43,2365.86,2363.63,11.44423939,47
1790602500,2364.46,2372.96,2361.04,2371.36,2367.90,34.09302976,46
1790602800,2369.73,2373.27,2369.26,2371.96,2372.75,48.34373931,42
1790603100,2372.26,2373.09,2367.66,2367.79,2370.50,17.94120703,49
1790603400,2367.28,2371.53,2363.75,2371.26,2365.04,3.41679776,18
1790603700,2371.09,2372.59,2367.53,2368.55,2371.83,263.66365663,49
1790604000,2366.94,2367.19,2359.36,2359.39,2361.71,13.85350434,34
1790604300,2358.59,2365.26,2356.56,2361.95,2359.58,19.26571611,25
1790604600,2361.94,2362.62,2358.82,2358.82,2361.07,3.76030502,21
1790604900,2358.54,2358.83,2354.48,2358.57,2355.29,39.19604811,27
1790605200,2357.32,2364.05,2357.32,2363.73,2360.60,32.54586148,15
1790605500,2363.16,2363.16,2345.0,2349.16,2348.77,50.89405827,46
1790605800,2349.9,2354.0,2346.87,2353.93,2351.99,28.36095916,37
1790606100,2354.02,2360.34,2354.02,2360.34,2359.01,12.71017076,20
1790606400,2357.71,2359.26,2340.51,2343.72,2346.03,74.74573548,62
1790606700,2343.62,2346.67,2339.02,2346.51,2342.11,60.23269585,45
1790607000,2347.54,2350.32,2334.08,2345.14,2336.90,49.06660007,63
1790607300,2343.48,2347.46,2341.65,2345.9,2344.55,11.94994142,32
1790607600,2345.9,2349.63,2345.9,2348.5,2347.98,8.86479004,33
1790607900,2347.15,2353.7,2346.0,2353.7,2349.04,55.16032693,32
1790608200,2354.48,2357.0,2342.76,2343.05,2346.51,9.42906898,27
1790608500,2342.49,2344.04,2337.38,2339.21,2341.41,13.25778275,34
1790608800,2339.03,2344.22,2334.17,2343.45,2340.19,13.43845673,45
1790609100,2343.68,2347.66,2341.25,2345.53,2343.44,62.66791714,52
1790609400,2346.27,2348.23,2343.95,2346.55,2346.47,5.61665084,29
1790609700,2348.13,2356.42,2347.45,2356.01,2353.55,14.88628627,26
1790610000,2355.44,2355.55,2351.53,2351.94,2353.63,3.69147491,29
1790610300,2352.46,2355.68,2351.94,2352.2,2354.31,13.5105868,41
1790610600,2353.77,2356.18,2353.02,2355.86,2355.23,10.57864746,33
1790610900,2357.39,2358.01,2355.41,2356.38,2356.60,4.16770065,22
1790611200,2355.57,2355.82,2350.44,2352.05,2353.97,5.06706591,24
1790611500,2351.64,2355.95,2350.18,2354.29,2352.33,37.88151257,32
1790611800,2355.42,2356.31,2352.09,2352.13,2355.36,6.12784073,30
1790612100,2352.66,2364.77,2351.33,2360.9,2354.36,34.58395212,51
1790612400,2361.66,2369.55,2359.93,2368.09,2364.74,24.84707026,69
1790612700,2368.06,2370.05,2365.58,2366.01,2368.67,27.66789121,56
1790613000,2366.22,2369.79,2364.02,2364.02,2365.83,7.80514943,33
1790613300,2365.42,2366.22,2361.67,2361.67,2365.39,24.65652674,31
1790613600,2361.76,2361.76,2357.11,2358.81,2357.85,7.38243475,32
1790613900,2359.11,2360.0,2355.98,2355.98,2358.55,3.56879811,26
1790614200,2356.24,2361.35,2356.19,2361.35,2357.68,4.63078022,21
1790614500,2362.13,2362.56,2361.39,2362.23,2361.98,11.93958363,18
1790614800,2362.32,2364.15,2358.84,2360.18,2360.80,11.11438406,52
1790615100,2359.06,2360.56,2358.51,2358.51,2359.31,2.45160919,16
1790615400,2358.5,2388.5,2358.25,2388.5,2373.66,239.17542441,236
1790615700,2388.5,2389.02,2380.39,2380.39,2383.37,46.80502489,61
1790616000,2380.87,2380.88,2378.5,2380.88,2379.64,13.91469561,36
1790616300,2378.17,2378.17,2372.18,2372.19,2373.00,29.43460534,21
1790616600,2371.98,2376.64,2371.33,2371.33,2374.67,6.13704825,32
1790616900,2371.66,2373.68,2369.47,2371.64,2371.81,36.25767844,45
1790617200,2371.95,2375.86,2371.42,2374.37,2372.86,1.54966131,15
1790617500,2374.84,2374.84,2369.73,2369.94,2370.92,10.81825628,37
1790617800,2369.65,2370.85,2368.06,2368.51,2369.48,5.00532062,25
1790618100,2367.13,2370.14,2366.5,2368.57,2367.82,3.89273472,24
1790618400,2368.78,2370.99,2366.08,2370.99,2367.28,4.64319465,28
1790618700,2370.48,2370.7,2368.35,2368.49,2368.76,1.56818987,11
1790619000,2368.18,2370.67,2368.18,2370.09,2369.75,1.86215327,18
1790619300,2371.4,2372.11,2368.14,2368.89,2369.75,4.60776797,24
1790619600,2368.61,2370.8,2367.99,2369.99,2369.93,2.3341289,12
1790619900,2370.89,2370.95,2368.92,2369.62,2369.41,4.18567052,15
1790620200,2369.15,2369.29,2364.08,2366.79,2365.61,22.42137587,34
1790620500,2365.22,2366.73,2365.22,2366.04,2366.01,1.37418354,14
1790620800,2364.56,2365.53,2363.39,2365.53,2364.32,7.87928122,25
1790621100,2364.95,2369.26,2364.72,2367.69,2367.67,14.17051897,23
1790621400,2367.78,2372.83,2367.28,2371.73,2371.71,17.01547536,22
1790621700,2372.48,2374.17,2372.31,2373.99,2372.86,3.96250901,12
1790622000,2373.85,2374.6,2367.45,2367.45,2369.27,12.98461661,32
1790622300,2366.6,2366.6,2361.38,2361.38,2366.24,6.77049159,14
1790622600,2360.91,2363.32,2360.43,2362.65,2361.55,11.69939453,30
1790622900,2361.2,2362.64,2359.84,2361.12,2361.07,4.50736159,18
1790623200,2360.8,2361.32,2359.01,2359.21,2360.59,10.36508188,20
1790623500,2358.63,2360.0,2357.46,2357.55,2359.45,8.00477924,19
1790623800,2357.99,2358.57,2352.5,2353.75,2355.02,6.68347163,37
1790624100,2352.18,2352.18,2344.69,2345.0,2347.49,7.14262343,41
1790624400,2345.72,2349.48,2343.52,2348.49,2346.43,3.85846219,19
1790624700,2350.04,2351.97,2348.01,2349.08,2349.13,1.81052165,19
1790625000,2348.66,2353.5,2348.52,2353.18,2351.61,2.90133454,17
1790625300,2353.47,2353.47,2351.75,2352.16,2352.52,2.84994276,15
1790625600,2351.94,2356.42,2349.73,2356.14,2354.00,13.8185876,27
1790625900,2356.46,2361.63,2356.34,2361.63,2359.18,1.60282912,19
1790626200,2361.42,2362.38,2359.49,2361.32,2360.83,11.85449235,36
1790626500,2360.65,2361.14,2356.64,2358.23,2358.23,2.06368999,26
1790626800,2359.25,2359.25,2356.33,2358.38,2357.99,1.98489004,35
1790627100,2359.33,2359.33,2356.85,2357.68,2357.57,6.00390914,22
1790627400,2356.88,2358.32,2355.56,2358.32,2356.15,3.10753359,30
1790627700,2358.24,2358.75,2356.66,2357.28,2357.51,3.3570708,30
1790628000,2358.55,2359.48,2356.22,2356.49,2357.57,2.07282034,41
1790628300,2356.58,2358.64,2356.2,2356.74,2356.93,2.42769198,30
1790628600,2357.1,2357.35,2355.46,2357.09,2356.96,8.08842104,37
1790628900,2356.96,2359.29,2356.96,2358.65,2358.00,2.40333862,13
1790629200,2358.81,2364.29,2358.81,2364.29,2362.06,26.79308152,40
1790629500,2364.42,2364.63,2360.96,2362.86,2363.09,15.78804951,50
1790629800,2363.7,2363.7,2362.65,2362.65,2363.19,14.94838225,58
1790630100,2362.11,2362.57,2359.16,2360.21,2360.23,8.89555748,20
1790630400,2360.76,2360.76,2357.96,2357.96,2360.25,4.68541964,25
1790630700,2357.8,2358.53,2357.21,2357.75,2357.56,9.82966962,12
1790631000,2357.98,2358.48,2355.18,2356.41,2357.39,0.93659509,12
1790631300,2358.24,2358.5,2356.14,2356.14,2356.58,2.71038683,8
1790631600,2356.48,2357.38,2356.23,2356.8,2356.57,0.74237068,8
1790631900,2357.01,2357.07,2354.6,2355.25,2354.65,12.16784536,13
1790632200,2355.04,2355.04,2351.8,2352.74,2353.43,2.51456289,23
1790632500,2352.5,2352.61,2351.34,2351.75,2351.61,1.20873554,9
1790632800,2352.15,2352.15,2346.37,2348.83,2348.17,37.32613689,56
1790633100,2349.11,2350.22,2346.75,2348.53,2348.55,35.27659698,29
1790633400,2348.1,2349.25,2347.79,2349.12,2349.04,1.71536151,18
1790633700,2348.41,2351.26,2348.1,2350.96,2350.05,2.72194536,21
1790634000,2350.43,2350.62,2349.33,2349.33,2350.11,0.6370249,15
1790634300,2349.93,2351.79,2349.93,2351.6,2350.84,0.34271745,7
1790634600,2351.52,2353.86,2351.52,2353.86,2352.61,4.43673755,7
1790634900,2353.95,2360.39,2353.95,2359.95,2358.26,8.01151777,24
1790635200,2359.53,2360.54,2359.53,2360.24,2360.02,0.60847017,32
1790635500,2360.25,2361.18,2359.97,2361.06,2360.29,1.3753686,30
1790635800,2361.0,2361.96,2360.81,2361.6,2361.46,0.7213339,26
1790636100,2361.96,2362.98,2361.77,2362.66,2362.11,2.99783081,20
1790636400,2362.84,2368.69,2362.84,2367.65,2365.81,1.56566941,30
1790636700,2366.95,2366.95,2364.77,2366.05,2366.10,4.57807636,34
1790637000,2365.01,2365.01,2361.05,2361.88,2363.69,22.77337854,42
1790637300,2362.29,2364.32,2362.07,2364.06,2362.97,1.18430586,30
1790637600,2364.21,2364.25,2363.12,2364.08,2363.62,0.61259305,21
1790637900,2363.75,2366.25,2363.73,2365.45,2365.32,4.56072834,25
1790638200,2365.93,2366.23,2365.17,2365.72,2365.92,1.26711261,22
1790638500,2365.84,2367.37,2365.84,2366.73,2366.88,11.19255915,23
1790638800,2366.87,2367.55,2365.87,2366.7,2366.62,1.41229931,18
1790639100,2366.83,2366.9,2364.44,2365.22,2365.41,3.02544173,26
1790639400,2364.44,2365.84,2364.35,2365.84,2364.82,1.26704862,23
1790639700,2365.97,2365.97,2363.83,2363.88,2364.42,2.39198001,21
1790640000,2363.38,2366.91,2363.0,2366.86,2365.24,3.03647607,30
1790640300,2366.45,2367.0,2365.33,2366.43,2366.43,0.34021414,12
1790640600,2364.08,2366.3,2363.47,2366.2,2364.14,3.63393622,19
1790640900,2365.23,2365.23,2361.81,2363.85,2363.77,3.19284475,36
1790641200,2362.52,2362.88,2360.79,2360.92,2361.61,1.01756027,15
1790641500,2361.1,2365.9,2361.1,2364.83,2362.94,4.70978291,20
1790641800,2365.8,2368.1,2363.6,2368.07,2364.49,7.94347392,16
1790642100,2369.77,2370.26,2366.22,2366.27,2369.26,3.69685684,9
1790642400,2365.87,2367.59,2365.44,2366.63,2366.16,2.16675344,14
1790642700,2366.03,2366.03,2360.21,2360.21,2362.58,7.85976282,18
1790643000,2360.0,2360.0,2357.0,2357.54,2358.73,47.95620963,47
1790643300,2357.51,2358.85,2355.01,2356.03,2356.65,1.99382771,19
1790643600,2354.39,2357.67,2352.97,2355.59,2354.73,26.8977009,27
1790643900,2353.45,2353.98,2349.2,2349.21,2351.73,8.83016996,26
1790644200,2348.73,2350.01,2346.9,2347.99,2349.59,17.43323808,36
1790644500,2346.59,2347.28,2339.55,2339.55,2343.31,29.21175839,46
1790644800,2339.89,2348.22,2339.89,2346.06,2345.25,19.393411,39
1790645100,2345.7,2346.49,2339.04,2339.24,2343.21,2.43411967,18
1790645400,2338.89,2342.38,2336.91,2341.25,2341.19,51.71337671,65
1790645700,2341.67,2341.67,2336.25,2338.62,2339.65,6.04321018,28
1790646000,2338.52,2343.52,2337.49,2342.49,2341.65,20.46899234,27
1790646300,2342.37,2347.79,2341.91,2343.56,2343.71,6.29372519,38
1790646600,2342.73,2346.59,2340.6,2346.01,2343.40,40.76703325,59
1790646900,2346.2,2346.2,2343.44,2344.13,2344.60,4.36770968,36
1790647200,2344.73,2346.42,2340.72,2342.12,2343.44,2.07149761,19
1790647500,2341.6,2341.65,2338.12,2338.77,2340.77,12.41924082,53
1790647800,2339.32,2342.44,2336.28,2339.21,2340.79,9.38563682,33
1790648100,2339.61,2342.17,2339.5,2341.15,2339.82,4.06002881,18
1790648400,2342.61,2342.64,2332.71,2335.04,2334.36,13.35480276,27
1790648700,2334.21,2336.46,2334.21,2335.17,2334.96,0.29997571,10
1790649000,2335.57,2337.37,2333.06,2334.09,2336.15,8.28715832,34
1790649300,2332.77,2337.77,2332.77,2335.58,2334.62,13.19307293,47
1790649600,2336.21,2338.91,2335.93,2338.91,2337.49,8.29724212,30
1790649900,2338.76,2341.09,2338.05,2338.05,2339.60,3.4287393,22
1790650200,2336.63,2337.44,2334.08,2334.8,2335.35,9.71071031,23
1790650500,2335.41,2337.15,2335.41,2337.15,2335.78,11.92058474,24
1790650800,2337.0,2340.91,2336.57,2337.47,2339.05,6.33276793,20
1790651100,2337.37,2339.87,2337.05,2339.32,2339.19,4.10775288,33
1790651400,2338.62,2338.96,2338.09,2338.24,2338.73,0.74292073,12
1790651700,2336.27,2340.5,2335.63,2340.5,2336.71,6.17071636,23
1790652000,2340.76,2343.45,2340.76,2342.97,2342.25,1.68065547,18
1790652300,2344.77,2346.38,2343.29,2346.38,2343.32,5.80454284,11
1790652600,2345.26,2347.02,2343.24,2347.02,2345.41,0.7396948,15
1790652900,2347.42,2347.88,2345.93,2346.08,2346.85,0.18033502,11
1790653200,2345.49,2347.2,2345.49,2346.4,2346.30,17.24948999,21
1790653500,2345.46,2346.09,2345.44,2346.09,2345.69,0.48922293,9
1790653800,2346.01,2347.37,2345.45,2347.37,2346.47,0.90176662,7
1790654100,2345.3,2345.55,2344.49,2344.93,2345.24,2.8154928,17
1790654400,2345.09,2346.09,2343.3,2344.47,2344.62,1.30078482,18
1790654700,2344.31,2344.31,2342.46,2343.3,2342.50,4.26795633,7
1790655000,2344.21,2347.25,2344.21,2347.11,2345.24,3.09844969,22
1790655300,2347.47,2350.05,2347.47,2349.01,2349.06,5.59187545,17
1790655600,2350.27,2350.99,2349.19,2350.39,2350.81,1.13650115,12
1790655900,2351.0,2351.06,2348.73,2348.73,2349.99,0.84703484,11
1790656200,2348.89,2348.89,2346.36,2346.36,2346.78,0.42226288,8
1790656500,2345.65,2347.04,2343.88,2347.03,2346.05,3.9905767,14
1790656800,2346.3,2347.33,2345.33,2346.16,2346.54,2.61003612,19
1790657100,2346.11,2346.16,2342.43,2342.43,2342.94,1.09098664,11
1790657400,2342.68,2348.14,2342.68,2347.86,2345.45,2.05487388,30
1790657700,2346.93,2347.86,2346.93,2347.84,2347.12,1.96029534,9
1790658000,2347.81,2350.02,2347.81,2348.25,2349.12,1.07256214,13
1790658300,2347.36,2347.73,2344.8,2345.39,2346.45,3.02229454,12
1790658600,2345.91,2348.33,2345.91,2348.12,2347.98,0.89888413,12
1790658900,2349.22,2352.05,2347.71,2352.05,2351.48,11.20523824,23
1790659200,2350.81,2352.15,2349.68,2352.14,2350.57,5.20686073,19
1790659500,2352.34,2352.99,2350.47,2351.34,2352.07,6.30062951,15
1790659800,2351.18,2351.18,2341.61,2341.62,2348.42,50.84903542,30
1790660100,2340.0,2343.05,2337.82,2343.05,2340.58,20.63535143,31
1790660400,2344.38,2349.77,2344.0,2349.77,2344.42,14.49506291,23
1790660700,2349.44,2352.04,2346.87,2352.04,2348.51,3.29030852,22
1790661000,2351.93,2355.51,2351.93,2355.5,2354.66,49.78966315,25
1790661300,2355.4,2357.11,2354.62,2355.51,2356.06,64.82788257,31
1790661600,2356.38,2358.0,2356.03,2357.89,2357.02,0.92850768,20
1790661900,2357.38,2365.61,2357.29,2364.17,2363.28,41.3425953,48
1790662200,2365.64,2368.13,2365.64,2368.13,2366.50,8.18505459,21
1790662500,2369.77,2369.77,2364.75,2365.94,2366.08,47.30003573,26
1790662800,2366.87,2371.0,2366.87,2367.68,2370.02,4.5932917,20
1790663100,2368.16,2370.04,2368.16,2370.04,2368.50,10.1117276,14
1790663400,2370.39,2372.81,2370.3,2372.81,2371.88,2.67949737,24
1790663700,2372.15,2373.19,2372.04,2373.12,2372.60,0.92368557,29
1790664000,2373.2,2374.01,2373.2,2373.9,2373.20,27.22543428,14
1790664300,2374.0,2374.13,2373.09,2373.8,2373.87,20.62029303,47
1790664600,2374.09,2382.19,2374.0,2382.19,2379.09,126.23692325,123
1790664900,2382.45,2383.6,2381.0,2381.58,2382.40,46.45424776,24
1790665200,2381.39,2381.39,2376.03,2378.76,2377.41,30.21782116,35
1790665500,2379.18,2385.0,2379.18,2385.0,2382.77,12.13923625,40
1790665800,2383.96,2386.57,2383.34,2384.19,2384.72,5.07035876,37
1790666100,2384.87,2390.98,2384.87,2387.88,2389.10,31.46146981,66
1790666400,2387.8,2389.56,2385.73,2388.51,2387.12,21.05195693,43
1790666700,2389.69,2391.35,2388.36,2388.59,2390.84,14.77662771,38
1790667000,2388.77,2391.99,2388.72,2391.99,2389.62,8.68904917,34
1790667300,2391.91,2394.7,2390.15,2392.93,2392.10,57.30814144,64
1790667600,2392.05,2392.1,2387.12,2389.5,2388.32,208.26442719,80
1790667900,2389.34,2390.53,2389.34,2390.0,2389.92,7.89282148,34
1790668200,2389.31,2390.51,2388.47,2389.32,2389.43,6.84087424,51
1790668500,2389.38,2389.38,2386.57,2388.33,2387.61,39.83453561,58
1790668800,2389.12,2393.13,2389.12,2392.04,2391.73,22.71341845,62
1790669100,2391.73,2391.73,2389.72,2391.66,2390.52,3.64583688,23
1790669400,2391.94,2394.33,2391.44,2393.01,2393.14,4.15414704,30
1790669700,2393.09,2396.15,2392.68,2393.55,2395.20,21.62258688,52
1790670000,2393.34,2408.29,2393.16,2400.16,2400.64,323.19163405,312
1790670300,2400.33,2402.41,2398.66,2398.66,2400.08,14.03938675,48
1790670600,2398.94,2398.94,2391.41,2393.03,2393.36,6.62549744,37
1790670900,2392.74,2393.33,2388.13,2391.25,2390.25,16.13574285,41
1790671200,2391.5,2391.75,2388.12,2389.17,2391.60,12.42482569,36
1790671500,2388.75,2390.21,2387.02,2389.57,2389.47,106.95982884,53
1790671800,2388.81,2388.99,2385.01,2385.73,2386.82,5.87887032,21
1790672100,2385.81,2388.16,2385.81,2387.54,2387.36,8.83266783,24
1790672400,2387.1,2387.1,2382.96,2384.23,2385.14,7.41098864,26
1790672700,2384.15,2384.35,2382.99,2383.49,2383.43,41.60779389,79
1790673000,2383.49,2384.75,2383.31,2384.59,2383.69,11.56564442,31
1790673300,2384.73,2385.99,2383.8,2385.31,2385.09,4.7925841,31
1790673600,2385.99,2386.0,2384.49,2384.49,2385.51,20.34707899,31
1790673900,2385.16,2386.47,2384.98,2385.79,2385.85,52.81099143,30
1790674200,2385.52,2389.74,2385.41,2389.29,2388.72,5.46061699,33
1790674500,2389.39,2391.62,2388.06,2391.45,2390.78,113.96248224,35
1790674800,2391.36,2392.65,2390.17,2391.99,2391.84,20.02472585,27
1790675100,2392.55,2398.0,2391.45,2398.0,2396.26,35.16965467,51
1790675400,2399.0,2400.4,2396.92,2399.24,2399.54,53.34836539,64
1790675700,2397.95,2399.92,2397.2,2397.21,2398.09,5.40679293,28
1790676000,2397.2,2397.2,2395.42,2395.68,2396.77,34.96718054,46
1790676300,2396.02,2398.81,2395.92,2398.5,2396.73,4.8275409,31
1790676600,2399.02,2399.03,2395.28,2395.28,2397.78,3.14692374,22
1790676900,2395.4,2395.85,2393.92,2394.06,2394.74,1.79992494,26
1790677200,2393.71,2393.76,2391.56,2393.1,2392.75,8.35175539,21
1790677500,2392.57,2393.9,2392.57,2392.73,2393.42,6.81000136,34
1790677800,2392.95,2392.95,2389.81,2391.41,2390.43,11.11233878,49
1790678100,2391.23,2391.79,2390.0,2390.0,2391.02,11.60108643,26
1790678400,2390.42,2391.3,2389.08,2389.22,2389.98,3.67791801,22
1790678700,2389.0,2390.05,2388.72,2389.27,2389.06,20.44505631,19
1790679000,2389.1,2390.04,2389.1,2390.02,2389.61,2.60474817,20
1790679300,2389.99,2392.33,2389.39,2392.33,2390.13,2.90842215,21
1790679600,2391.53,2393.88,2391.5,2392.86,2393.03,3.26940755,21
1790679900,2392.1,2396.39,2392.0,2395.52,2393.72,2.45818327,18
1790680200,2396.26,2396.48,2393.51,2393.51,2394.90,20.97822805,29
1790680500,2394.23,2395.0,2392.38,2394.75,2394.48,7.28648791,24
1790680800,2393.64,2394.81,2393.28,2394.16,2394.35,8.56023049,24
1790681100,2394.95,2396.04,2393.87,2395.32,2395.08,5.15776741,21
1790681400,2395.34,2404.17,2395.34,2403.48,2402.68,31.00796812,32
1790681700,2404.11,2405.64,2401.06,2402.82,2404.84,110.53798012,55
1790682000,2401.44,2401.67,2397.91,2400.65,2399.74,20.261026,109
1790682300,2401.26,2407.2,2400.31,2407.2,2404.65,15.47513122,49
1790682600,2407.19,2411.99,2402.7,2408.7,2407.92,129.58664309,160
1790682900,2408.61,2409.14,2407.16,2407.4,2408.12,28.69837058,65
1790683200,2406.46,2407.08,2404.22,2405.29,2405.26,19.64235384,49
1790683500,2403.87,2405.29,2403.09,2403.54,2404.12,9.05977326,30
1790683800,2403.67,2405.98,2403.5,2405.48,2405.06,12.65794872,41
1790684100,2405.55,2419.99,2405.55,2410.04,2415.61,660.48148021,463
1790684400,2409.58,2409.93,2406.9,2408.36,2408.20,146.65414957,161
1790684700,2408.55,2411.19,2406.53,2409.81,2409.32,18.22576005,59
1790685000,2411.41,2415.02,2411.19,2414.48,2412.93,10.15026212,38
1790685300,2415.47,2418.27,2412.64,2417.69,2416.32,306.42332039,92
1790685600,2416.99,2416.99,2412.47,2413.19,2414.38,135.19059696,85
1790685900,2413.8,2413.82,2410.53,2411.3,2412.18,19.2608892,52
1790686200,2411.18,2411.6,2408.76,2409.6,2410.04,8.92107838,44
1790686500,2410.72,2412.46,2410.09,2411.94,2411.06,16.06517148,46
1790686800,2412.17,2413.51,2409.56,2412.17,2410.50,35.77022277,44
1790687100,2413.08,2414.77,2411.79,2414.56,2413.20,8.38196571,38
1790687400,2414.81,2415.25,2411.3,2411.3,2412.73,50.70281778,35
1790687700,2411.38,2411.53,2408.53,2410.54,2410.22,3.40242785,32
1790688000,2410.58,2411.0,2409.42,2411.0,2410.15,43.17436188,48
1790688300,2411.44,2413.64,2408.55,2412.29,2411.03,41.56868522,57
1790688600,2411.57,2411.66,2401.46,2404.47,2404.51,68.54115999,65
1790688900,2405.0,2407.43,2400.0,2405.84,2404.29,46.74166871,56
1790689200,2406.88,2406.89,2402.31,2402.96,2405.47,27.42766233,64
1790689500,2403.65,2403.77,2398.75,2401.42,2401.40,21.9512556,56
1790689800,2402.6,2410.36,2400.42,2410.23,2404.08,77.64757272,89
1790690100,2410.56,2410.75,2404.06,2404.06,2406.92,16.44344188,38
1790690400,2404.01,2407.86,2398.31,2398.31,2402.16,11.87857738,46
1790690700,2399.95,2399.95,2395.02,2395.86,2396.50,15.89190194,49
1790691000,2396.42,2398.37,2394.0,2395.18,2396.93,30.37673681,58
1790691300,2395.01,2397.43,2390.53,2397.43,2392.45,45.83948815,84
1790691600,2398.16,2399.59,2390.78,2392.02,2396.09,92.60157808,60
1790691900,2392.9,2398.16,2392.85,2393.68,2397.02,10.99290286,34
1790692200,2393.67,2396.75,2392.31,2393.82,2394.61,5.1094127,40
1790692500,2393.29,2393.36,2387.94,2393.3,2390.54,30.71524411,67
1790692800,2395.26,2397.93,2391.46,2392.21,2396.22,32.25504919,55
1790693100,2393.34,2397.56,2389.57,2389.58,2396.57,114.49880469,88
1790693400,2389.75,2393.97,2388.03,2393.28,2392.21,8.87916244,38
1790693700,2393.74,2395.62,2390.2,2390.2,2394.12,19.65773242,71
1790694000,2390.03,2390.47,2385.0,2385.0,2388.16,28.69664236,74
1790694300,2384.38,2385.61,2375.57,2382.44,2380.53,124.50612173,152
1790694600,2382.8,2383.74,2373.41,2374.75,2381.89,58.26811429,56
1790694900,2374.75,2379.74,2369.98,2369.98,2373.80,36.54458183,83
1790695200,2370.06,2372.94,2361.17,2362.29,2367.55,33.00875297,80
1790695500,2361.61,2363.83,2357.86,2363.83,2359.91,64.91039034,63
1790695800,2362.06,2367.16,2362.06,2364.6,2365.63,13.71828649,47
1790696100,2363.91,2367.5,2363.91,2366.6,2366.46,32.10282965,87
1790696400,2367.24,2369.03,2363.33,2365.35,2365.98,28.22788568,85
1790696700,2365.71,2369.59,2362.33,2368.0,2365.51,81.7357239,122
1790697000,2367.09,2367.8,2354.62,2356.2,2358.95,15.44330535,96
1790697300,2356.46,2360.37,2355.74,2356.43,2357.50,16.6298204,89
1790697600,2360.06,2360.91,2356.86,2356.9,2358.45,33.83261774,49
1790697900,2356.85,2359.98,2356.23,2358.62,2358.08,51.20044064,107
1790698200,2358.69,2362.05,2358.69,2360.64,2361.47,48.46090559,73
1790698500,2360.38,2364.78,2360.38,2363.47,2362.02,10.60159073,60
1790698800,2363.9,2367.1,2363.9,2365.46,2365.68,16.01894593,51
1790699100,2364.64,2368.02,2364.64,2367.29,2367.71,29.09373677,50
1790699400,2366.06,2366.39,2363.45,2365.55,2364.40,13.55467649,36
1790699700,2367.84,2368.66,2364.78,2364.78,2366.99,16.55478588,50
1790700000,2363.47,2363.64,2358.87,2359.41,2360.56,8.03360856,35
1790700300,2359.52,2362.03,2357.02,2359.64,2359.50,26.60611219,55
1790700600,2360.25,2363.67,2360.01,2360.07,2361.94,5.39864078,34
1790700900,2359.18,2364.69,2357.45,2364.41,2362.01,16.5995485,33
1790701200,2364.08,2365.23,2362.48,2364.65,2363.60,3.99113314,41
1790701500,2363.83,2367.78,2363.83,2367.21,2365.57,13.38368345,59
1790701800,2367.0,2367.15,2364.75,2367.15,2366.18,11.25318846,62
1790702100,2367.15,2367.5,2363.51,2365.31,2365.39,6.55416761,42
1790702400,2364.55,2364.94,2361.58,2363.42,2362.13,69.31132548,33
1790702700,2363.59,2365.19,2363.05,2363.09,2364.02,2.48484097,25
1790703000,2365.19,2367.05,2364.86,2364.93,2365.97,20.91516778,49
1790703300,2364.55,2364.63,2361.87,2363.04,2363.13,6.30475441,43
1790703600,2362.96,2364.41,2362.5,2363.3,2363.75,2.79895824,24
1790703900,2362.66,2363.76,2360.99,2361.3,2363.35,16.12258189,21
1790704200,2360.43,2361.54,2358.79,2360.5,2360.12,13.77056056,45
1790704500,2360.05,2362.04,2359.56,2362.04,2360.43,6.27328798,31
1790704800,2362.04,2368.49,2362.04,2366.24,2363.64,50.86765472,73
1790705100,2365.83,2368.63,2365.0,2365.0,2366.75,6.10859661,29
1790705400,2364.61,2367.49,2364.61,2367.49,2366.16,3.44473305,22
1790705700,2368.9,2370.95,2367.32,2367.53,2368.82,6.91482934,30
1790706000,2366.83,2370.81,2366.81,2370.49,2369.48,11.52612596,26
1790706300,2369.47,2370.39,2368.21,2368.21,2369.23,3.03942839,24
1790706600,2367.71,2373.44,2367.71,2373.18,2370.52,26.67043765,45
1790706900,2373.69,2375.33,2372.88,2373.69,2374.39,13.70453697,39
1790707200,2372.9,2376.51,2372.8,2375.34,2375.95,8.90096671,22
1790707500,2375.86,2376.99,2375.07,2375.37,2375.83,3.03750129,24
1790707800,2375.86,2377.93,2375.2,2376.04,2376.74,2.50932267,18
1790708100,2375.59,2376.89,2374.2,2376.65,2375.67,48.58194863,34
1790708400,2376.56,2378.29,2375.7,2378.29,2377.74,1.74195592,17
1790708700,2378.54,2380.0,2376.8,2379.06,2378.16,25.10505559,29
1790709000,2379.05,2379.88,2377.34,2377.52,2378.70,8.74329813,26
1790709300,2378.39,2379.43,2376.57,2378.26,2378.76,6.1683451,22
1790709600,2378.15,2378.15,2376.81,2377.48,2377.90,8.55584805,22
1790709900,2378.33,2378.92,2376.02,2376.03,2377.53,3.94404344,18
1790710200,2375.96,2377.44,2375.57,2377.44,2376.39,3.97625903,17
1790710500,2377.6,2377.62,2375.32,2376.23,2375.81,10.04766558,49
1790710800,2375.63,2375.86,2371.48,2371.48,2374.75,4.5439239,24
1790711100,2371.23,2374.78,2368.81,2372.36,2371.66,83.9343763,116
1790711400,2372.35,2373.85,2371.45,2372.19,2372.78,178.03537934,126
1790711700,2372.02,2372.9,2371.21,2371.5,2371.62,12.99440132,38
1790712000,2371.77,2372.1,2368.56,2369.91,2370.97,71.1770575,107
1790712300,2370.12,2373.22,2370.12,2371.08,2371.53,15.6782987,30
1790712600,2370.17,2372.54,2369.27,2372.54,2370.41,1.63135777,26
1790712900,2373.15,2375.42,2373.15,2375.27,2375.04,3.97793699,11
1790713200,2375.56,2375.56,2373.76,2373.76,2374.74,2.7721107,10
1790713500,2373.41,2376.01,2373.29,2374.49,2374.77,4.05294996,14
1790713800,2373.95,2374.01,2372.74,2372.92,2373.74,1.97189222,17
1790714100,2372.23,2373.92,2372.23,2373.92,2373.27,1.05415881,24
1790714400,2374.13,2374.51,2373.51,2374.17,2374.19,6.7443018,26
1790714700,2373.5,2373.93,2372.54,2373.53,2373.51,1.72116397,22
1790715000,2373.61,2373.91,2372.84,2373.06,2373.58,4.69680604,22
1790715300,2372.52,2372.65,2371.51,2372.36,2372.08,9.56972974,28
1790715600,2370.63,2371.33,2367.89,2370.5,2369.46,53.31091358,52
1790715900,2369.41,2370.54,2368.77,2369.16,2369.40,2.64170585,18
1790716200,2369.7,2371.21,2369.15,2371.21,2369.64,2.09896822,12
1790716500,2370.9,2371.02,2369.55,2369.79,2370.11,11.9354074,21
1790716800,2367.14,2367.14,2364.39,2364.39,2366.88,39.75540547,19
1790717100,2363.95,2363.95,2360.48,2361.62,2362.48,10.38559758,34
1790717400,2361.68,2362.13,2361.13,2361.63,2361.71,9.17476043,18
1790717700,2362.36,2362.37,2361.17,2361.69,2361.79,2.33843678,12
1790718000,2363.15,2363.49,2362.92,2363.49,2362.97,0.69037267,5
1790718300,2362.63,2362.63,2360.12,2360.36,2361.93,11.57406125,23
1790718600,2360.32,2360.97,2359.96,2360.83,2360.00,52.48393971,35
1790718900,2360.71,2361.33,2359.87,2361.33,2360.59,4.36223219,10
1790719200,2360.23,2367.32,2360.23,2365.84,2366.40,34.28139382,45
1790719500,2365.59,2365.59,2362.91,2363.76,2364.16,2.4692078,10
1790719800,2365.33,2367.86,2364.6,2366.24,2365.08,4.34679879,14
1790720100,2365.41,2365.41,2361.88,2365.37,2364.03,26.01354995,36
1790720400,2364.67,2364.78,2363.16,2364.37,2364.21,1.46730629,7
1790720700,2364.27,2365.53,2362.99,2362.99,2363.08,3.37133955,6
1790721000,2362.84,2362.84,2358.38,2361.11,2360.01,97.84199387,26
1790721300,2361.31,2362.69,2361.31,2362.16,2362.19,3.33763151,11
1790721600,2362.16,2364.23,2362.16,2364.23,2363.69,9.59163477,21
1790721900,2364.05,2364.4,2363.58,2363.9,2364.20,1.381288,14
1790722200,2363.93,2365.53,2363.91,2365.49,2364.77,4.45947573,11
1790722500,2365.32,2365.42,2364.07,2364.07,2364.69,3.37520288,9
1790722800,2364.34,2366.39,2364.34,2365.81,2365.07,4.56665864,10
1790723100,2369.54,2370.1,2366.99,2366.99,2368.97,19.41752026,21
1790723400,2367.97,2369.21,2367.97,2369.21,2368.64,9.5514867,11
1790723700,2369.1,2369.1,2366.87,2366.87,2368.24,8.48329423,17
1790724000,2366.35,2366.35,2363.77,2363.77,2364.63,3.50347787,14
1790724300,2363.67,2364.99,2363.33,2363.36,2363.94,2.15415903,9
1790724600,2362.89,2362.89,2361.49,2361.49,2362.00,8.14119775,11
1790724900,2361.34,2362.55,2361.34,2362.55,2362.00,8.43663505,17
1790725200,2361.0,2361.0,2359.36,2359.75,2360.94,129.49250415,22
1790725500,2360.84,2361.56,2360.84,2361.29,2361.50,4.44354369,4
1790725800,2362.38,2362.38,2360.63,2360.63,2361.82,2.5987503,14
1790726100,2360.79,2360.88,2360.69,2360.76,2360.75,0.56202702,5
1790726400,2361.33,2361.84,2360.67,2360.67,2360.75,3.66588571,9
1790726700,2361.58,2362.29,2359.27,2359.27,2361.47,0.59686322,6
1790727000,2358.15,2358.15,2355.01,2356.01,2356.08,112.8996397,60
1790727300,2356.09,2356.3,2354.21,2354.22,2355.24,9.56006969,22
1790727600,2354.06,2354.1,2352.85,2353.56,2353.85,4.37826232,23
1790727900,2354.36,2356.42,2354.36,2356.42,2354.80,1.17285003,5
1790728200,2357.42,2357.42,2356.45,2356.45,2356.99,0.02299928,3
1790728500,2355.97,2355.97,2355.2,2355.2,2355.60,0.04095253,3
1790728800,2354.74,2355.09,2354.26,2355.09,2354.74,1.41858521,4
1790729100,2355.09,2355.09,2353.01,2353.01,2353.40,0.52515296,8
1790729400,2353.11,2353.11,2353.11,2353.11,2353.11,0.41740002,1
1790729700,2354.37,2356.48,2354.37,2356.28,2355.45,0.88255041,5
1790730000,2356.43,2357.32,2356.43,2357.22,2356.72,0.0165722,3
1790730300,2356.43,2356.53,2355.38,2355.38,2356.42,0.07759862,4
1790730600,2358.43,2358.48,2358.43,2358.48,2358.45,0.08116725,2
1790730900,2355.99,2356.03,2355.98,2355.98,2356.02,0.11491828,3
1790731200,2356.99,2357.64,2356.46,2357.64,2357.08,0.21548368,8
1790731500,2359.35,2360.11,2357.13,2357.13,2358.10,1.36810155,6
1790731800,2355.81,2355.81,2352.78,2352.78,2354.66,1.67168417,7
1790732100,2353.19,2353.94,2352.61,2352.61,2353.14,1.33761128,7
1790732400,2353.14,2355.34,2353.09,2355.34,2353.20,0.23539318,4
1790732700,2356.52,2357.3,2356.5,2356.56,2356.79,1.25417684,8
1790733000,2358.25,2358.25,2356.93,2356.93,2357.33,0.06271583,4
1790733300,2356.27,2357.35,2355.82,2356.8,2356.85,0.53649645,8
1790733600,2357.85,2358.51,2357.85,2358.37,2357.89,0.36152561,3
1790733900,2359.01,2361.58,2358.13,2358.13,2360.23,2.7832812,9
1790734200,2357.17,2357.53,2356.09,2356.67,2356.80,0.46423056,6
1790734500,2353.73,2353.9,2353.65,2353.9,2353.65,0.19497939,3
1790734800,2352.98,2357.3,2352.98,2355.71,2357.12,2.95038013,9
1790735100,2355.61,2355.61,2352.5,2352.5,2354.11,0.26503093,5
1790735400,2353.38,2353.38,2352.0,2352.0,2352.62,2.58408504,8
1790735700,2352.08,2352.2,2350.5,2352.2,2351.42,4.17203634,12
1790736000,2353.4,2355.59,2353.4,2355.59,2354.10,3.79082513,7
1790736300,2356.39,2357.06,2356.39,2357.06,2356.46,0.10734218,2
1790736600,2358.14,2360.12,2358.14,2359.73,2359.22,11.01504295,22
1790736900,2359.09,2359.09,2357.19,2357.57,2357.52,80.75654482,20
1790737200,2357.91,2358.9,2356.39,2356.56,2357.33,0.63029299,4
1790737500,2358.02,2358.04,2356.45,2357.83,2356.94,1.34256867,9
1790737800,2356.98,2356.98,2356.79,2356.79,2356.94,0.10249375,7
1790738100,2356.0,2356.0,2352.31,2352.31,2354.41,0.661736,9
1790738400,2352.98,2355.77,2352.98,2355.77,2353.00,0.55432519,2
1790738700,2354.1,2354.63,2353.92,2354.63,2354.59,1.1221309,4
1790739000,2355.07,2355.39,2353.77,2355.39,2355.05,0.91104732,5
1790739300,2355.73,2357.96,2355.73,2357.9,2355.94,1.80651425,4
1790739600,2358.86,2359.52,2358.86,2359.11,2359.51,8.17507339,4
1790739900,2358.4,2358.4,2357.69,2358.21,2357.96,0.04519992,3
1790740200,2358.51,2358.51,2356.31,2356.78,2356.87,0.63469979,4
1790740500,2356.34,2356.73,2355.57,2356.73,2355.98,0.57092424,4
1790740800,2356.71,2359.78,2356.68,2359.57,2358.62,3.73257411,9
1790741100,2360.63,2360.63,2357.94,2357.94,2358.86,4.3133229,9
1790741400,2358.17,2359.39,2358.17,2359.39,2358.60,0.03925629,3
1790741700,2359.3,2360.85,2359.24,2360.35,2360.32,2.59944652,11
1790742000,2360.64,2360.64,2360.64,2360.64,2360.64,0.31268624,1
1790742300,2359.5,2360.7,2358.8,2358.8,2359.90,8.87121687,10
1790742600,2357.51,2357.51,2356.94,2356.94,2357.50,3.03003895,4
1790742900,2356.33,2359.37,2356.33,2358.44,2357.95,10.6889309,20
1790743200,2358.74,2358.74,2358.08,2358.21,2358.19,0.43445729,7
1790743500,2358.23,2358.23,2357.79,2357.79,2357.83,9.34215089,6
1790743800,2357.14,2357.14,2356.22,2356.22,2356.23,0.90473257,4
1790744100,2356.59,2356.59,2355.46,2355.46,2355.99,1.47912778,10
1790744400,2355.9,2359.32,2355.9,2357.67,2357.59,3.88565394,10
1790744700,2357.75,2357.83,2355.71,2356.3,2357.45,0.59875468,8
1790745000,2355.88,2355.88,2353.82,2353.82,2355.14,1.87223107,10
1790745300,2353.44,2354.07,2352.94,2353.61,2353.76,2.31968915,9
1790745600,2354.88,2357.38,2354.02,2357.38,2354.60,1.80755348,8
1790745900,2358.79,2359.43,2356.89,2358.87,2357.66,3.17893098,8
1790746200,2359.73,2362.68,2359.3,2360.5,2361.92,5.3427744,12
1790746500,2360.52,2362.1,2360.52,2362.1,2360.94,11.42625211,16
1790746800,2361.07,2362.21,2360.45,2362.04,2360.66,4.09921323,10
1790747100,2361.86,2361.86,2359.01,2359.18,2360.22,3.83481952,13
1790747400,2359.15,2359.15,2356.87,2356.87,2358.84,2.31990949,14
1790747700,2356.49,2357.44,2354.55,2357.44,2355.78,2.38430557,18
1790748000,2356.37,2357.46,2355.15,2355.15,2356.92,3.60783728,14
1790748300,2356.07,2356.07,2356.07,2356.07,2356.07,0.01010581,1
1790748600,2352.68,2352.68,2347.61,2347.64,2349.36,58.46218363,53
1790748900,2348.31,2349.78,2347.49,2348.23,2348.50,15.50989124,21
1790749200,2347.83,2348.86,2346.68,2346.68,2347.73,6.90771019,17
1790749500,2346.56,2347.72,2345.39,2347.6,2347.12,4.22408744,24
1790749800,2347.89,2347.89,2345.42,2346.23,2346.97,2.71913218,12
1790750100,2346.35,2347.61,2345.41,2345.41,2346.85,14.79137636,18
1790750400,2345.1,2345.94,2342.8,2345.94,2343.33,38.41176438,41
1790750700,2344.87,2344.87,2341.28,2341.92,2343.14,35.52072353,37
1790751000,2342.48,2345.77,2342.24,2345.77,2343.63,4.58171853,11
1790751300,2346.86,2348.53,2344.46,2344.46,2345.51,5.0878392,18
1790751600,2344.65,2346.45,2343.0,2345.25,2344.01,2.81228523,22
1790751900,2344.82,2345.48,2344.0,2345.41,2344.65,5.33695693,20
1790752200,2345.04,2345.31,2344.14,2344.47,2344.72,2.7252097,17
1790752500,2344.7,2350.0,2344.7,2350.0,2349.76,29.273213,22
1790752800,2351.25,2353.33,2350.64,2352.39,2352.03,6.34946742,15
1790753100,2353.7,2354.26,2351.69,2351.86,2353.04,14.58555013,16
1790753400,2352.45,2353.3,2352.11,2353.18,2352.79,38.18817868,17
1790753700,2353.49,2356.6,2353.49,2356.03,2353.74,42.61762354,15
1790754000,2356.36,2357.97,2356.11,2357.97,2356.45,5.43073365,11
1790754300,2357.96,2358.13,2356.07,2358.13,2357.68,2.37048083,13
1790754600,2359.25,2359.81,2358.67,2359.26,2358.92,11.50825061,21
1790754900,2358.54,2358.54,2356.7,2356.7,2357.05,2.04656553,12
1790755200,2356.07,2356.07,2353.26,2353.26,2355.82,11.69294866,14
1790755500,2353.27,2353.31,2350.74,2350.85,2352.68,10.19000567,22
1790755800,2350.84,2350.84,2349.34,2349.34,2350.06,14.29144585,28
1790756100,2349.45,2353.71,2348.32,2351.79,2350.13,6.53823032,28
1790756400,2350.74,2353.31,2349.91,2350.72,2351.70,5.03066293,21
1790756700,2350.87,2351.59,2349.85,2350.77,2350.80,5.98840447,19
1790757000,2349.3,2349.3,2346.32,2348.27,2347.36,13.62909821,31
1790757300,2347.96,2350.8,2347.07,2350.8,2347.91,5.41941298,38
1790757600,2351.06,2351.5,2348.95,2349.82,2350.00,19.70287931,31
1790757900,2349.91,2354.16,2349.83,2353.18,2352.77,9.73106981,34
1790758200,2353.08,2353.08,2350.32,2350.83,2352.12,17.00607787,24
1790758500,2350.51,2351.77,2350.44,2350.5,2350.85,25.46610328,28
1790758800,2350.85,2354.66,2350.42,2354.66,2353.98,5.48045035,13
1790759100,2355.35,2357.73,2355.35,2357.33,2356.13,31.75025388,38
1790759400,2357.97,2359.07,2357.97,2358.55,2358.64,64.6222365,19
1790759700,2358.46,2359.18,2357.71,2359.18,2358.15,5.96795841,13
1790760000,2358.9,2362.94,2358.13,2362.94,2360.33,3.10232598,33
1790760300,2364.64,2365.21,2362.45,2364.25,2363.54,7.91569813,22
1790760600,2364.9,2375.0,2363.36,2370.09,2368.53,31.59761722,64
1790760900,2370.52,2370.52,2367.82,2368.74,2368.71,3.3607156,11
1790761200,2367.62,2367.62,2365.12,2366.79,2366.48,58.14190701,33
1790761500,2367.78,2367.78,2365.92,2366.8,2366.70,31.1206642,24
1790761800,2367.83,2368.83,2366.24,2367.45,2367.67,26.11461592,17
1790762100,2367.79,2367.97,2366.07,2366.39,2367.17,2.5199067,20
1790762400,2366.68,2368.36,2365.89,2367.14,2367.10,63.51015918,32
1790762700,2366.6,2368.03,2366.45,2368.03,2367.71,0.64623619,11
1790554800,2368.1,2374.99,2367.47,2370.53,2373.41,8.67771196,31
1790555100,2367.38,2369.42,2362.39,2363.73,2367.31,4.74402682,15
1790555400,2365.45,2365.45,2352.17,2352.36,2357.33,44.63496043,23
1790555700,2350.0,2352.34,2349.33,2352.34,2350.35,2.38940869,9
1790556000,2348.99,2351.64,2348.99,2351.64,2350.08,0.63580906,6
1790556300,2353.65,2360.28,2353.65,2359.5,2358.82,1.60315835,5
1790556600,2362.04,2362.05,2357.21,2357.78,2358.26,0.11690373,5
1790556900,2353.72,2353.72,2348.9,2349.17,2353.20,4.28512831,9
1790557200,2348.52,2350.17,2346.48,2347.96,2347.95,15.42309226,32
1790557500,2348.37,2354.04,2344.0,2351.48,2345.59,33.34196841,60
1790557800,2348.97,2349.12,2344.0,2344.19,2347.24,51.42591834,54
1790558100,2343.33,2345.43,2342.2,2345.43,2344.24,14.88727374,28
1790558400,2345.86,2349.71,2345.67,2345.67,2346.29,8.1376548,16
1790558700,2346.42,2349.17,2346.42,2349.17,2347.97,0.47286887,3
1790559000,2349.72,2350.6,2347.36,2348.56,2348.89,1.44111883,14
1790559300,2345.81,2346.86,2343.51,2344.73,2345.29,0.66909215,6
1790559600,2343.96,2343.96,2340.37,2341.77,2342.01,3.970824,15
1790559900,2341.09,2343.12,2331.04,2332.27,2335.36,100.6617577,118
1790560200,2330.4,2337.57,2324.96,2335.6,2332.67,15.54326641,63
1790560500,2336.52,2338.49,2333.01,2333.4,2335.51,6.94571383,26
1790560800,2333.27,2333.27,2329.3,2331.75,2330.72,23.11854263,30
1790561100,2332.28,2333.36,2328.91,2332.01,2330.09,6.26510306,10
1790561400,2331.95,2337.76,2331.95,2337.34,2336.45,12.38450906,15
1790561700,2335.66,2335.66,2332.02,2332.27,2334.28,1.2878348,7
1790562000,2333.49,2333.49,2329.81,2333.18,2332.84,20.83944181,12
1790562300,2332.5,2334.91,2332.5,2334.91,2334.09,0.60567677,3
1790562600,2332.3,2332.3,2327.34,2327.34,2329.07,0.51108161,8
1790562900,2329.76,2329.76,2327.22,2328.61,2328.03,1.5278855,7
1790563200,2328.39,2330.82,2328.01,2329.83,2328.53,83.08941613,26
1790563500,2329.37,2330.64,2326.01,2328.26,2326.40,3.03603114,8
1790563800,2328.48,2329.82,2327.74,2329.03,2328.79,0.64167656,35
1790564100,2329.29,2329.29,2328.76,2328.76,2329.28,9.30436971,2
1790564400,2329.79,2331.87,2329.79,2331.69,2331.31,4.97518977,10
1790564700,2332.42,2333.19,2330.91,2332.27,2332.31,1.87600548,19
1790565000,2330.57,2332.23,2329.8,2332.2,2331.23,0.65000708,6
1790565300,2330.73,2333.24,2329.41,2333.02,2331.35,2.9190788,13
1790565600,2332.0,2332.58,2328.13,2329.33,2330.68,0.76743265,10
1790565900,2328.12,2328.12,2320.64,2323.81,2323.89,58.83914358,63
1790566200,2323.54,2324.76,2321.45,2324.12,2323.81,3.70319702,18
1790566500,2322.98,2331.07,2322.98,2329.5,2324.08,6.76907703,16
1790566800,2328.84,2331.09,2328.84,2331.0,2330.49,0.07048749,3
1790567100,2330.33,2331.34,2329.28,2330.33,2329.92,11.47957372,28
1790567400,2329.5,2330.67,2329.5,2330.62,2330.47,6.58794846,9
1790567700,2330.01,2330.28,2328.66,2328.66,2329.99,3.46256521,6
1790568000,2329.05,2329.83,2325.01,2325.44,2325.98,39.19939588,48
1790568300,2326.65,2330.28,2326.65,2327.49,2328.99,1.5699717,9
1790568600,2328.31,2331.3,2328.31,2330.87,2329.40,0.26878569,6
1790568900,2330.81,2334.79,2330.22,2334.28,2333.10,1.06526774,13
1790569200,2334.62,2335.45,2332.96,2333.97,2334.94,10.1170595,24
1790569500,2333.83,2335.0,2333.83,2334.76,2334.54,1.79237476,12
1790569800,2333.88,2333.88,2333.33,2333.4,2333.50,0.94071674,17
1790570100,2334.17,2334.17,2332.15,2333.43,2333.12,1.87738867,43
1790570400,2333.15,2335.46,2333.05,2334.58,2333.28,9.97240138,23
1790570700,2334.56,2334.56,2332.23,2332.47,2333.43,0.33108844,11
1790571000,2333.06,2335.42,2333.06,2335.01,2335.19,9.04507738,16
1790571300,2335.02,2335.85,2334.22,2335.85,2334.60,4.89331804,9
1790571600,2334.76,2336.59,2331.49,2332.21,2334.12,1.71931681,21
1790571900,2331.95,2332.97,2330.73,2330.9,2332.50,2.90256971,11
1790572200,2330.45,2330.45,2325.85,2327.56,2328.32,1.12102646,17
1790572500,2328.94,2329.82,2326.55,2327.28,2327.79,3.95997983,14
1790572800,2327.65,2327.68,2324.51,2324.76,2325.53,47.27472501,42
1790573100,2323.69,2326.74,2323.48,2325.78,2325.16,8.34396755,20
1790573400,2325.17,2325.17,2317.82,2318.12,2323.49,199.12920822,137
1790573700,2318.67,2320.59,2314.46,2316.07,2316.20,22.78787983,70
1790574000,2315.59,2327.73,2315.4,2327.73,2320.00,52.28046312,29
1790574300,2329.58,2330.36,2326.9,2328.76,2329.74,12.53577919,24
1790574600,2328.84,2328.84,2326.73,2327.65,2327.60,40.08145976,25
1790574900,2327.27,2329.61,2327.27,2329.61,2328.99,7.03727533,7
1790575200,2329.43,2329.6,2327.59,2329.21,2327.90,6.10046026,20
1790575500,2329.01,2333.65,2329.01,2333.29,2332.83,35.42833708,25
1790575800,2333.5,2334.38,2332.25,2332.25,2333.34,1.15654938,15
1790576100,2331.05,2332.41,2329.31,2329.31,2331.40,6.73994952,11
1790576400,2329.94,2330.46,2326.52,2327.01,2328.65,30.26687688,37
1790576700,2327.08,2328.0,2326.09,2326.09,2326.35,5.29345796,32
1790577000,2326.12,2329.77,2325.88,2329.5,2329.35,7.6901314,24
1790577300,2329.01,2330.04,2327.5,2327.79,2328.81,40.87071351,23
1790577600,2328.65,2330.81,2327.52,2329.0,2329.81,3.69309225,15
1790577900,2328.91,2330.63,2327.36,2328.46,2327.73,29.55808151,28
1790578200,2327.99,2329.4,2327.59,2328.46,2327.83,11.67322478,17
1790578500,2328.32,2328.75,2327.58,2328.6,2327.88,5.0524741,16
1790578800,2328.77,2335.12,2328.77,2333.4,2331.03,6.32657162,32
1790579100,2332.77,2332.77,2328.8,2328.86,2331.46,2.83905468,34
1790579400,2328.65,2329.69,2327.0,2327.34,2327.28,18.48434992,35
1790579700,2327.81,2330.44,2327.81,2329.49,2329.12,28.24314201,36
1790580000,2330.26,2330.35,2324.37,2324.37,2328.28,12.00161534,38
1790580300,2323.85,2325.98,2323.47,2323.71,2324.34,10.11843692,26
1790580600,2323.88,2325.72,2322.88,2322.92,2323.74,46.08520542,37
1790580900,2324.97,2326.42,2324.0,2324.0,2325.48,4.29137855,28
1790581200,2323.66,2325.96,2323.53,2323.65,2324.91,29.77449147,25
1790581500,2324.09,2324.99,2323.67,2324.5,2324.07,7.13428319,30
1790581800,2323.63,2324.48,2322.63,2324.48,2323.46,23.58566465,31
1790582100,2324.99,2326.36,2322.78,2322.78,2323.95,38.273026,36
1790582400,2321.84,2327.01,2320.59,2325.08,2323.77,1.65087468,18
1790582700,2326.03,2326.03,2322.81,2325.4,2324.68,7.42917744,18
1790583000,2325.27,2327.68,2323.87,2327.65,2325.70,44.4664268,33
1790583300,2327.77,2329.16,2326.28,2327.09,2328.30,4.45461035,31
1790583600,2327.11,2327.11,2323.0,2323.0,2325.32,12.02026341,33
1790583900,2322.13,2324.77,2321.79,2323.56,2322.08,2.31838061,12
1790584200,2324.84,2327.86,2324.6,2326.71,2327.18,5.645189,18
1790584500,2327.46,2327.46,2320.0,2321.42,2322.95,12.6077661,22
1790584800,2323.0,2323.54,2321.3,2321.78,2322.26,3.89991858,22
1790585100,2323.3,2325.59,2323.03,2325.59,2324.98,4.51540073,13
1790585400,2325.57,2330.73,2325.57,2328.8,2329.45,11.97702902,39
1790585700,2328.8,2330.96,2328.58,2329.85,2329.66,19.19225197,37
1790586000,2329.76,2331.49,2322.12,2324.2,2326.79,12.8016639,32
1790586300,2324.48,2324.48,2317.92,2320.09,2320.04,16.28771143,39
1790586600,2318.61,2327.05,2318.33,2327.05,2323.13,6.26529695,31
1790586900,2327.44,2332.66,2327.44,2330.49,2329.61,17.76629231,41
1790587200,2330.48,2332.08,2328.0,2328.0,2331.20,8.53420866,22
1790587500,2327.82,2328.22,2323.97,2327.04,2325.85,9.10930222,29
1790587800,2327.13,2327.13,2321.76,2321.79,2326.66,4.61349617,26
1790588100,2322.29,2322.3,2318.94,2318.94,2319.99,4.07969595,26
1790588400,2318.85,2320.45,2318.85,2318.9,2319.05,22.21724392,39
1790588700,2319.45,2321.22,2318.64,2321.22,2319.34,11.19520979,53
1790589000,2321.84,2322.87,2318.92,2318.92,2321.87,8.55839691,28
1790589300,2318.94,2321.0,2318.91,2320.58,2319.56,4.86119636,24
1790589600,2321.76,2330.2,2321.76,2330.2,2327.24,9.89641497,24
1790589900,2328.18,2328.44,2326.03,2326.85,2327.79,3.91629604,19
1790590200,2326.91,2327.49,2324.92,2327.49,2326.31,212.54494548,68
1790590500,2328.58,2329.87,2327.97,2327.98,2329.20,29.61883172,32
1790590800,2327.74,2330.7,2327.57,2330.7,2328.69,27.72783983,30
1790591100,2331.02,2331.02,2328.13,2329.1,2329.13,16.26867171,24
1790591400,2329.29,2331.8,2328.32,2331.34,2329.85,4.77126459,41
1790591700,2331.72,2333.06,2331.44,2333.06,2332.59,5.18975929,38
1790592000,2333.49,2334.99,2333.3,2334.99,2334.10,4.8368159,32
1790592300,2334.99,2335.67,2332.87,2333.22,2334.69,33.68172335,37
1790592600,2333.41,2337.63,2333.21,2335.51,2335.22,10.22115479,29
1790592900,2335.48,2336.39,2334.87,2335.28,2335.22,2.64169552,13
1790593200,2335.17,2340.0,2335.17,2339.38,2338.47,23.1170114,51
1790593500,2339.34,2341.22,2337.93,2340.69,2340.30,2.12409026,37
1790593800,2340.47,2340.9,2339.43,2340.01,2340.24,6.6165954,25
1790594100,2340.74,2343.76,2340.01,2341.87,2341.91,28.84199553,44
1790594400,2342.23,2343.68,2339.64,2342.3,2342.02,10.412571,45
1790594700,2341.4,2341.98,2341.25,2341.83,2341.51,3.11099289,35
1790595000,2342.04,2343.11,2340.94,2342.75,2342.26,7.52219214,33
1790595300,2342.99,2344.47,2342.19,2344.47,2343.03,4.0048792,13
1790595600,2345.0,2345.52,2343.33,2344.15,2344.55,11.51441492,35
1790595900,2343.88,2343.88,2341.71,2341.71,2342.68,1.25317108,23
1790596200,2341.81,2342.3,2341.2,2341.48,2341.45,4.60906527,22
1790596500,2341.48,2346.56,2341.48,2346.0,2342.85,3.55885025,24
1790596800,2346.05,2349.45,2342.48,2349.45,2346.87,43.24704233,57
1790597100,2349.48,2365.91,2349.48,2364.61,2362.28,154.93489959,152
1790597400,2364.96,2366.29,2356.61,2359.81,2361.55,19.60987068,49
1790597700,2359.65,2361.2,2357.31,2360.5,2359.52,28.63882826,35
1790598000,2360.59,2361.66,2357.03,2358.26,2358.16,27.04646896,55
1790598300,2357.92,2358.83,2354.86,2356.0,2355.82,45.21858445,66
1790598600,2355.82,2357.99,2353.42,2357.99,2355.86,10.16751768,32
1790598900,2358.28,2358.28,2353.84,2354.5,2357.10,43.47390133,23
1790599200,2353.98,2354.51,2351.66,2354.51,2353.28,41.42267138,30
1790599500,2356.47,2361.25,2356.47,2360.06,2359.40,56.33045835,22
1790599800,2360.23,2366.1,2360.23,2366.1,2362.81,6.54486709,31
1790600100,2367.08,2368.44,2363.77,2365.77,2366.35,29.96834376,45
1790600400,2366.16,2366.16,2360.26,2360.8,2361.27,8.64567701,28
1790600700,2361.06,2363.32,2360.49,2361.29,2361.44,13.60836853,20
1790601000,2361.11,2362.6,2358.38,2362.6,2360.64,11.79221415,23
1790601300,2362.55,2364.51,2360.0,2360.5,2360.70,47.90751005,47
1790601600,2360.9,2362.27,2360.51,2361.91,2361.85,6.59740549,14
1790601900,2362.35,2366.66,2362.35,2365.69,2364.68,24.6184296,63
1790602200,2366.56,2369.47,2360.43,2365.86,2363.63,11.44423939,47
1790602500,2364.46,2372.96,2361.04,2371.36,2367.90,34.09302976,46
1790602800,2369.73,2373.27,2369.26,2371.96,2372.75,48.34373931,42
1790603100,2372.26,2373.09,2367.66,2367.79,2370.50,17.94120703,49
1790603400,2367.28,2371.53,2363.75,2371.26,2365.04,3.41679776,18
1790603700,2371.09,2372.59,2367.53,2368.55,2371.83,263.66365663,49
1790604000,2366.94,2367.19,2359.36,2359.39,2361.71,13.85350434,34
1790604300,2358.59,2365.26,2356.56,2361.95,2359.58,19.26571611,25
1790604600,2361.94,2362.62,2358.82,2358.82,2361.07,3.76030502,21
1790604900,2358.54,2358.83,2354.48,2358.57,2355.29,39.19604811,27
1790605200,2357.32,2364.05,2357.32,2363.73,2360.60,32.54586148,15
1790605500,2363.16,2363.16,2345.0,2349.16,2348.77,50.89405827,46
1790605800,2349.9,2354.0,2346.87,2353.93,2351.99,28.36095916,37
1790606100,2354.02,2360.34,2354.02,2360.34,2359.01,12.71017076,20
1790606400,2357.71,2359.26,2340.51,2343.72,2346.03,74.74573548,62
1790606700,2343.62,2346.67,2339.02,2346.51,2342.11,60.23269585,45
1790607000,2347.54,2350.32,2334.08,2345.14,2336.90,49.06660007,63
1790607300,2343.48,2347.46,2341.65,2345.9,2344.55,11.94994142,32
1790607600,2345.9,2349.63,2345.9,2348.5,2347.98,8.86479004,33
1790607900,2347.15,2353.7,2346.0,2353.7,2349.04,55.16032693,32
1790608200,2354.48,2357.0,2342.76,2343.05,2346.51,9.42906898,27
1790608500,2342.49,2344.04,2337.38,2339.21,2341.41,13.25778275,34
1790608800,2339.03,2344.22,2334.17,2343.45,2340.19,13.43845673,45
1790609100,2343.68,2347.66,2341.25,2345.53,2343.44,62.66791714,52
1790609400,2346.27,2348.23,2343.95,2346.55,2346.47,5.61665084,29
1790609700,2348.13,2356.42,2347.45,2356.01,2353.55,14.88628627,26
1790610000,2355.44,2355.55,2351.53,2351.94,2353.63,3.69147491,29
1790610300,2352.46,2355.68,2351.94,2352.2,2354.31,13.5105868,41
1790610600,2353.77,2356.18,2353.02,2355.86,2355.23,10.57864746,33
1790610900,2357.39,2358.01,2355.41,2356.38,2356.60,4.16770065,22
1790611200,2355.57,2355.82,2350.44,2352.05,2353.97,5.06706591,24
1790611500,2351.64,2355.95,2350.18,2354.29,2352.33,37.88151257,32
1790611800,2355.42,2356.31,2352.09,2352.13,2355.36,6.12784073,30
1790612100,2352.66,2364.77,2351.33,2360.9,2354.36,34.58395212,51
1790612400,2361.66,2369.55,2359.93,2368.09,2364.74,24.84707026,69
1790612700,2368.06,2370.05,2365.58,2366.01,2368.67,27.66789121,56
1790613000,2366.22,2369.79,2364.02,2364.02,2365.83,7.80514943,33
1790613300,2365.42,2366.22,2361.67,2361.67,2365.39,24.65652674,31
1790613600,2361.76,2361.76,2357.11,2358.81,2357.85,7.38243475,32
1790613900,2359.11,2360.0,2355.98,2355.98,2358.55,3.56879811,26
1790614200,2356.24,2361.35,2356.19,2361.35,2357.68,4.63078022,21
1790614500,2362.13,2362.56,2361.39,2362.23,2361.98,11.93958363,18
1790614800,2362.32,2364.15,2358.84,2360.18,2360.80,11.11438406,52
1790615100,2359.06,2360.56,2358.51,2358.51,2359.31,2.45160919,16
1790615400,2358.5,2388.5,2358.25,2388.5,2373.66,239.17542441,236
1790615700,2388.5,2389.02,2380.39,2380.39,2383.37,46.80502489,61
1790616000,2380.87,2380.88,2378.5,2380.88,2379.64,13.91469561,36
1790616300,2378.17,2378.17,2372.18,2372.19,2373.00,29.43460534,21
1790616600,2371.98,2376.64,2371.33,2371.33,2374.67,6.13704825,32
1790616900,2371.66,2373.68,2369.47,2371.64,2371.81,36.25767844,45
1790617200,2371.95,2375.86,2371.42,2374.37,2372.86,1.54966131,15
1790617500,2374.84,2374.84,2369.73,2369.94,2370.92,10.81825628,37
1790617800,2369.65,2370.85,2368.06,2368.51,2369.48,5.00532062,25
1790618100,2367.13,2370.14,2366.5,2368.57,2367.82,3.89273472,24
1790618400,2368.78,2370.99,2366.08,2370.99,2367.28,4.64319465,28
1790618700,2370.48,2370.7,2368.35,2368.49,2368.76,1.56818987,11
1790619000,2368.18,2370.67,2368.18,2370.09,2369.75,1.86215327,18
1790619300,2371.4,2372.11,2368.14,2368.89,2369.75,4.60776797,24
1790619600,2368.61,2370.8,2367.99,2369.99,2369.93,2.3341289,12
1790619900,2370.89,2370.95,2368.92,2369.62,2369.41,4.18567052,15
1790620200,2369.15,2369.29,2364.08,2366.79,2365.61,22.42137587,34
1790620500,2365.22,2366.73,2365.22,2366.04,2366.01,1.37418354,14
1790620800,2364.56,2365.53,2363.39,2365.53,2364.32,7.87928122,25
1790621100,2364.95,2369.26,2364.72,2367.69,2367.67,14.17051897,23
1790621400,2367.78,2372.83,2367.28,2371.73,2371.71,17.01547536,22
1790621700,2372.48,2374.17,2372.31,2373.99,2372.86,3.96250901,12
1790622000,2373.85,2374.6,2367.45,2367.45,2369.27,12.98461661,32
1790622300,2366.6,2366.6,2361.38,2361.38,2366.24,6.77049159,14
1790622600,2360.91,2363.32,2360.43,2362.65,2361.55,11.69939453,30
1790622900,2361.2,2362.64,2359.84,2361.12,2361.07,4.50736159,18
1790623200,2360.8,2361.32,2359.01,2359.21,2360.59,10.36508188,20
1790623500,2358.63,2360.0,2357.46,2357.55,2359.45,8.00477924,19
1790623800,2357.99,2358.57,2352.5,2353.75,2355.02,6.68347163,37
1790624100,2352.18,2352.18,2344.69,2345.0,2347.49,7.14262343,41
1790624400,2345.72,2349.48,2343.52,2348.49,2346.43,3.85846219,19
1790624700,2350.04,2351.97,2348.01,2349.08,2349.13,1.81052165,19
1790625000,2348.66,2353.5,2348.52,2353.18,2351.61,2.90133454,17
1790625300,2353.47,2353.47,2351.75,2352.16,2352.52,2.84994276,15
1790625600,2351.94,2356.42,2349.73,2356.14,2354.00,13.8185876,27
1790625900,2356.46,2361.63,2356.34,2361.63,2359.18,1.60282912,19
1790626200,2361.42,2362.38,2359.49,2361.32,2360.83,11.85449235,36
1790626500,2360.65,2361.14,2356.64,2358.23,2358.23,2.06368999,26
1790626800,2359.25,2359.25,2356.33,2358.38,2357.99,1.98489004,35
1790627100,2359.33,2359.33,2356.85,2357.68,2357.57,6.00390914,22
1790627400,2356.88,2358.32,2355.56,2358.32,2356.15,3.10753359,30
1790627700,2358.24,2358.75,2356.66,2357.28,2357.51,3.3570708,30
1790628000,2358.55,2359.48,2356.22,2356.49,2357.57,2.07282034,41
1790628300,2356.58,2358.64,2356.2,2356.74,2356.93,2.42769198,30
1790628600,2357.1,2357.35,2355.46,2357.09,2356.96,8.08842104,37
1790628900,2356.96,2359.29,2356.96,2358.65,2358.00,2.40333862,13
1790629200,2358.81,2364.29,2358.81,2364.29,2362.06,26.79308152,40
1790629500,2364.42,2364.63,2360.96,2362.86,2363.09,15.78804951,50
1790629800,2363.7,2363.7,2362.65,2362.65,2363.19,14.94838225,58
1790630100,2362.11,2362.57,2359.16,2360.21,2360.23,8.89555748,20
1790630400,2360.76,2360.76,2357.96,2357.96,2360.25,4.68541964,25
1790630700,2357.8,2358.53,2357.21,2357.75,2357.56,9.82966962,12
1790631000,2357.98,2358.48,2355.18,2356.41,2357.39,0.93659509,12
1790631300,2358.24,2358.5,2356.14,2356.14,2356.58,2.71038683,8
1790631600,2356.48,2357.38,2356.23,2356.8,2356.57,0.74237068,8
1790631900,2357.01,2357.07,2354.6,2355.25,2354.65,12.16784536,13
1790632200,2355.04,2355.04,2351.8,2352.74,2353.43,2.51456289,23
1790632500,2352.5,2352.61,2351.34,2351.75,2351.61,1.20873554,9
1790632800,2352.15,2352.15,2346.37,2348.83,2348.17,37.32613689,56
1790633100,2349.11,2350.22,2346.75,2348.53,2348.55,35.27659698,29
1790633400,2348.1,2349.25,2347.79,2349.12,2349.04,1.71536151,18
1790633700,2348.41,2351.26,2348.1,2350.96,2350.05,2.72194536,21
1790634000,2350.43,2350.62,2349.33,2349.33,2350.11,0.6370249,15
1790634300,2349.93,2351.79,2349.93,2351.6,2350.84,0.34271745,7
1790634600,2351.52,2353.86,2351.52,2353.86,2352.61,4.43673755,7
1790634900,2353.95,2360.39,2353.95,2359.95,2358.26,8.01151777,24
1790635200,2359.53,2360.54,2359.53,2360.24,2360.02,0.60847017,32
1790635500,2360.25,2361.18,2359.97,2361.06,2360.29,1.3753686,30
1790635800,2361.0,2361.96,2360.81,2361.6,2361.46,0.7213339,26
1790636100,2361.96,2362.98,2361.77,2362.66,2362.11,2.99783081,20
1790636400,2362.84,2368.69,2362.84,2367.65,2365.81,1.56566941,30
1790636700,2366.95,2366.95,2364.77,2366.05,2366.10,4.57807636,34
1790637000,2365.01,2365.01,2361.05,2361.88,2363.69,22.77337854,42
1790637300,2362.29,2364.32,2362.07,2364.06,2362.97,1.18430586,30
1790637600,2364.21,2364.25,2363.12,2364.08,2363.62,0.61259305,21
1790637900,2363.75,2366.25,2363.73,2365.45,2365.32,4.56072834,25
1790638200,2365.93,2366.23,2365.17,2365.72,2365.92,1.26711261,22
1790638500,2365.84,2367.37,2365.84,2366.73,2366.88,11.19255915,23
1790638800,2366.87,2367.55,2365.87,2366.7,2366.62,1.41229931,18
1790639100,2366.83,2366.9,2364.44,2365.22,2365.41,3.02544173,26
1790639400,2364.44,2365.84,2364.35,2365.84,2364.82,1.26704862,23
1790639700,2365.97,2365.97,2363.83,2363.88,2364.42,2.39198001,21
1790640000,2363.38,2366.91,2363.0,2366.86,2365.24,3.03647607,30
1790640300,2366.45,2367.0,2365.33,2366.43,2366.43,0.34021414,12
1790640600,2364.08,2366.3,2363.47,2366.2,2364.14,3.63393622,19
1790640900,2365.23,2365.23,2361.81,2363.85,2363.77,3.19284475,36
1790641200,2362.52,2362.88,2360.79,2360.92,2361.61,1.01756027,15
1790641500,2361.1,2365.9,2361.1,2364.83,2362.94,4.70978291,20
1790641800,2365.8,2368.1,2363.6,2368.07,2364.49,7.94347392,16
1790642100,2369.77,2370.26,2366.22,2366.27,2369.26,3.69685684,9
1790642400,2365.87,2367.59,2365.44,2366.63,2366.16,2.16675344,14
1790642700,2366.03,2366.03,2360.21,2360.21,2362.58,7.85976282,18
1790643000,2360.0,2360.0,2357.0,2357.54,2358.73,47.95620963,47
1790643300,2357.51,2358.85,2355.01,2356.03,2356.65,1.99382771,19
1790643600,2354.39,2357.67,2352.97,2355.59,2354.73,26.8977009,27
1790643900,2353.45,2353.98,2349.2,2349.21,2351.73,8.83016996,26
1790644200,2348.73,2350.01,2346.9,2347.99,2349.59,17.43323808,36
1790644500,2346.59,2347.28,2339.55,2339.55,2343.31,29.21175839,46
1790644800,2339.89,2348.22,2339.89,2346.06,2345.25,19.393411,39
1790645100,2345.7,2346.49,2339.04,2339.24,2343.21,2.43411967,18
1790645400,2338.89,2342.38,2336.91,2341.25,2341.19,51.71337671,65
1790645700,2341.67,2341.67,2336.25,2338.62,2339.65,6.04321018,28
1790646000,2338.52,2343.52,2337.49,2342.49,2341.65,20.46899234,27
1790646300,2342.37,2347.79,2341.91,2343.56,2343.71,6.29372519,38
1790646600,2342.73,2346.59,2340.6,2346.01,2343.40,40.76703325,59
1790646900,2346.2,2346.2,2343.44,2344.13,2344.60,4.36770968,36
1790647200,2344.73,2346.42,2340.72,2342.12,2343.44,2.07149761,19
1790647500,2341.6,2341.65,2338.12,2338.77,2340.77,12.41924082,53
1790647800,2339.32,2342.44,2336.28,2339.21,2340.79,9.38563682,33
1790648100,2339.61,2342.17,2339.5,2341.15,2339.82,4.06002881,18
1790648400,2342.61,2342.64,2332.71,2335.04,2334.36,13.35480276,27
1790648700,2334.21,2336.46,2334.21,2335.17,2334.96,0.29997571,10
1790649000,2335.57,2337.37,2333.06,2334.09,2336.15,8.28715832,34
1790649300,2332.77,2337.77,2332.77,2335.58,2334.62,13.19307293,47
1790649600,2336.21,2338.91,2335.93,2338.91,2337.49,8.29724212,30
1790649900,2338.76,2341.09,2338.05,2338.05,2339.60,3.4287393,22
1790650200,2336.63,2337.44,2334.08,2334.8,2335.35,9.71071031,23
1790650500,2335.41,2337.15,2335.41,2337.15,2335.78,11.92058474,24
1790650800,2337.0,2340.91,2336.57,2337.47,2339.05,6.33276793,20
1790651100,2337.37,2339.87,2337.05,2339.32,2339.19,4.10775288,33
1790651400,2338.62,2338.96,2338.09,2338.24,2338.73,0.74292073,12
1790651700,2336.27,2340.5,2335.63,2340.5,2336.71,6.17071636,23
1790652000,2340.76,2343.45,2340.76,2342.97,2342.25,1.68065547,18
1790652300,2344.77,2346.38,2343.29,2346.38,2343.32,5.80454284,11
1790652600,2345.26,2347.02,2343.24,2347.02,2345.41,0.7396948,15
1790652900,2347.42,2347.88,2345.93,2346.08,2346.85,0.18033502,11
1790653200,2345.49,2347.2,2345.49,2346.4,2346.30,17.24948999,21
1790653500,2345.46,2346.09,2345.44,2346.09,2345.69,0.48922293,9
1790653800,2346.01,2347.37,2345.45,2347.37,2346.47,0.90176662,7
1790654100,2345.3,2345.55,2344.49,2344.93,2345.24,2.8154928,17
1790654400,2345.09,2346.09,2343.3,2344.47,2344.62,1.30078482,18
1790654700,2344.31,2344.31,2342.46,2343.3,2342.50,4.26795633,7
1790655000,2344.21,2347.25,2344.21,2347.11,2345.24,3.09844969,22
1790655300,2347.47,2350.05,2347.47,2349.01,2349.06,5.59187545,17
1790655600,2350.27,2350.99,2349.19,2350.39,2350.81,1.13650115,12
1790655900,2351.0,2351.06,2348.73,2348.73,2349.99,0.84703484,11
1790656200,2348.89,2348.89,2346.36,2346.36,2346.78,0.42226288,8
1790656500,2345.65,2347.04,2343.88,2347.03,2346.05,3.9905767,14
1790656800,2346.3,2347.33,2345.33,2346.16,2346.54,2.61003612,19
1790657100,2346.11,2346.16,2342.43,2342.43,2342.94,1.09098664,11
1790657400,2342.68,2348.14,2342.68,2347.86,2345.45,2.05487388,30
1790657700,2346.93,2347.86,2346.93,2347.84,2347.12,1.96029534,9
1790658000,2347.81,2350.02,2347.81,2348.25,2349.12,1.07256214,13
1790658300,2347.36,2347.73,2344.8,2345.39,2346.45,3.02229454,12
1790658600,2345.91,2348.33,2345.91,2348.12,2347.98,0.89888413,12
1790658900,2349.22,2352.05,2347.71,2352.05,2351.48,11.20523824,23
1790659200,2350.81,2352.15,2349.68,2352.14,2350.57,5.20686073,19
1790659500,2352.34,2352.99,2350.47,2351.34,2352.07,6.30062951,15
1790659800,2351.18,2351.18,2341.61,2341.62,2348.42,50.84903542,30
1790660100,2340.0,2343.05,2337.82,2343.05,2340.58,20.63535143,31
1790660400,2344.38,2349.77,2344.0,2349.77,2344.42,14.49506291,23
1790660700,2349.44,2352.04,2346.87,2352.04,2348.51,3.29030852,22
1790661000,2351.93,2355.51,2351.93,2355.5,2354.66,49.78966315,25
1790661300,2355.4,2357.11,2354.62,2355.51,2356.06,64.82788257,31
1790661600,2356.38,2358.0,2356.03,2357.89,2357.02,0.92850768,20
1790661900,2357.38,2365.61,2357.29,2364.17,2363.28,41.3425953,48
1790662200,2365.64,2368.13,2365.64,2368.13,2366.50,8.18505459,21
1790662500,2369.77,2369.77,2364.75,2365.94,2366.08,47.30003573,26
1790662800,2366.87,2371.0,2366.87,2367.68,2370.02,4.5932917,20
1790663100,2368.16,2370.04,2368.16,2370.04,2368.50,10.1117276,14
1790663400,2370.39,2372.81,2370.3,2372.81,2371.88,2.67949737,24
1790663700,2372.15,2373.19,2372.04,2373.12,2372.60,0.92368557,29
1790664000,2373.2,2374.01,2373.2,2373.9,2373.20,27.22543428,14
1790664300,2374.0,2374.13,2373.09,2373.8,2373.87,20.62029303,47
1790664600,2374.09,2382.19,2374.0,2382.19,2379.09,126.23692325,123
1790664900,2382.45,2383.6,2381.0,2381.58,2382.40,46.45424776,24
1790665200,2381.39,2381.39,2376.03,2378.76,2377.41,30.21782116,35
1790665500,2379.18,2385.0,2379.18,2385.0,2382.77,12.13923625,40
1790665800,2383.96,2386.57,2383.34,2384.19,2384.72,5.07035876,37
1790666100,2384.87,2390.98,2384.87,2387.88,2389.10,31.46146981,66
1790666400,2387.8,2389.56,2385.73,2388.51,2387.12,21.05195693,43
1790666700,2389.69,2391.35,2388.36,2388.59,2390.84,14.77662771,38
1790667000,2388.77,2391.99,2388.72,2391.99,2389.62,8.68904917,34
1790667300,2391.91,2394.7,2390.15,2392.93,2392.10,57.30814144,64
1790667600,2392.05,2392.1,2387.12,2389.5,2388.32,208.26442719,80
1790667900,2389.34,2390.53,2389.34,2390.0,2389.92,7.89282148,34
1790668200,2389.31,2390.51,2388.47,2389.32,2389.43,6.84087424,51
1790668500,2389.38,2389.38,2386.57,2388.33,2387.61,39.83453561,58
1790668800,2389.12,2393.13,2389.12,2392.04,2391.73,22.71341845,62
1790669100,2391.73,2391.73,2389.72,2391.66,2390.52,3.64583688,23
1790669400,2391.94,2394.33,2391.44,2393.01,2393.14,4.15414704,30
1790669700,2393.09,2396.15,2392.68,2393.55,2395.20,21.62258688,52
1790670000,2393.34,2408.29,2393.16,2400.16,2400.64,323.19163405,312
1790670300,2400.33,2402.41,2398.66,2398.66,2400.08,14.03938675,48
1790670600,2398.94,2398.94,2391.41,2393.03,2393.36,6.62549744,37
1790670900,2392.74,2393.33,2388.13,2391.25,2390.25,16.13574285,41
1790671200,2391.5,2391.75,2388.12,2389.17,2391.60,12.42482569,36
1790671500,2388.75,2390.21,2387.02,2389.57,2389.47,106.95982884,53
1790671800,2388.81,2388.99,2385.01,2385.73,2386.82,5.87887032,21
1790672100,2385.81,2388.16,2385.81,2387.54,2387.36,8.83266783,24
1790672400,2387.1,2387.1,2382.96,2384.23,2385.14,7.41098864,26
1790672700,2384.15,2384.35,2382.99,2383.49,2383.43,41.60779389,79
1790673000,2383.49,2384.75,2383.31,2384.59,2383.69,11.56564442,31
1790673300,2384.73,2385.99,2383.8,2385.31,2385.09,4.7925841,31
1790673600,2385.99,2386.0,2384.49,2384.49,2385.51,20.34707899,31
1790673900,2385.16,2386.47,2384.98,2385.79,2385.85,52.81099143,30
1790674200,2385.52,2389.74,2385.41,2389.29,2388.72,5.46061699,33
1790674500,2389.39,2391.62,2388.06,2391.45,2390.78,113.96248224,35
1790674800,2391.36,2392.65,2390.17,2391.99,2391.84,20.02472585,27
1790675100,2392.55,2398.0,2391.45,2398.0,2396.26,35.16965467,51
1790675400,2399.0,2400.4,2396.92,2399.24,2399.54,53.34836539,64
1790675700,2397.95,2399.92,2397.2,2397.21,2398.09,5.40679293,28
1790676000,2397.2,2397.2,2395.42,2395.68,2396.77,34.96718054,46
1790676300,2396.02,2398.81,2395.92,2398.5,2396.73,4.8275409,31
1790676600,2399.02,2399.03,2395.28,2395.28,2397.78,3.14692374,22
1790676900,2395.4,2395.85,2393.92,2394.06,2394.74,1.79992494,26
1790677200,2393.71,2393.76,2391.56,2393.1,2392.75,8.35175539,21
1790677500,2392.57,2393.9,2392.57,2392.73,2393.42,6.81000136,34
1790677800,2392.95,2392.95,2389.81,2391.41,2390.43,11.11233878,49
1790678100,2391.23,2391.79,2390.0,2390.0,2391.02,11.60108643,26
1790678400,2390.42,2391.3,2389.08,2389.22,2389.98,3.67791801,22
1790678700,2389.0,2390.05,2388.72,2389.27,2389.06,20.44505631,19
1790679000,2389.1,2390.04,2389.1,2390.02,2389.61,2.60474817,20
1790679300,2389.99,2392.33,2389.39,2392.33,2390.13,2.90842215,21
1790679600,2391.53,2393.88,2391.5,2392.86,2393.03,3.26940755,21
1790679900,2392.1,2396.39,2392.0,2395.52,2393.72,2.45818327,18
1790680200,2396.26,2396.48,2393.51,2393.51,2394.90,20.97822805,29
1790680500,2394.23,2395.0,2392.38,2394.75,2394.48,7.28648791,24
1790680800,2393.64,2394.81,2393.28,2394.16,2394.35,8.56023049,24
1790681100,2394.95,2396.04,2393.87,2395.32,2395.08,5.15776741,21
1790681400,2395.34,2404.17,2395.34,2403.48,2402.68,31.00796812,32
1790681700,2404.11,2405.64,2401.06,2402.82,2404.84,110.53798012,55
1790682000,2401.44,2401.67,2397.91,2400.65,2399.74,20.261026,109
1790682300,2401.26,2407.2,2400.31,2407.2,2404.65,15.47513122,49
1790682600,2407.19,2411.99,2402.7,2408.7,2407.92,129.58664309,160
1790682900,2408.61,2409.14,2407.16,2407.4,2408.12,28.69837058,65
1790683200,2406.46,2407.08,2404.22,2405.29,2405.26,19.64235384,49
1790683500,2403.87,2405.29,2403.09,2403.54,2404.12,9.05977326,30
1790683800,2403.67,2405.98,2403.5,2405.48,2405.06,12.65794872,41
1790684100,2405.55,2419.99,2405.55,2410.04,2415.61,660.48148021,463
1790684400,2409.58,2409.93,2406.9,2408.36,2408.20,146.65414957,161
1790684700,2408.55,2411.19,2406.53,2409.81,2409.32,18.22576005,59
1790685000,2411.41,2415.02,2411.19,2414.48,2412.93,10.15026212,38
1790685300,2415.47,2418.27,2412.64,2417.69,2416.32,306.42332039,92
1790685600,2416.99,2416.99,2412.47,2413.19,2414.38,135.19059696,85
1790685900,2413.8,2413.82,2410.53,2411.3,2412.18,19.2608892,52
1790686200,2411.18,2411.6,2408.76,2409.6,2410.04,8.92107838,44
1790686500,2410.72,2412.46,2410.09,2411.94,2411.06,16.06517148,46
1790686800,2412.17,2413.51,2409.56,2412.17,2410.50,35.77022277,44
1790687100,2413.08,2414.77,2411.79,2414.56,2413.20,8.38196571,38
1790687400,2414.81,2415.25,2411.3,2411.3,2412.73,50.70281778,35
1790687700,2411.38,2411.53,2408.53,2410.54,2410.22,3.40242785,32
1790688000,2410.58,2411.0,2409.42,2411.0,2410.15,43.17436188,48
1790688300,2411.44,2413.64,2408.55,2412.29,2411.03,41.56868522,57
1790688600,2411.57,2411.66,2401.46,2404.47,2404.51,68.54115999,65
1790688900,2405.0,2407.43,2400.0,2405.84,2404.29,46.74166871,56
1790689200,2406.88,2406.89,2402.31,2402.96,2405.47,27.42766233,64
1790689500,2403.65,2403.77,2398.75,2401.42,2401.40,21.9512556,56
1790689800,2402.6,2410.36,2400.42,2410.23,2404.08,77.64757272,89
1790690100,2410.56,2410.75,2404.06,2404.06,2406.92,16.44344188,38
1790690400,2404.01,2407.86,2398.31,2398.31,2402.16,11.87857738,46
1790690700,2399.95,2399.95,2395.02,2395.86,2396.50,15.89190194,49
1790691000,2396.42,2398.37,2394.0,2395.18,2396.93,30.37673681,58
1790691300,2395.01,2397.43,2390.53,2397.43,2392.45,45.83948815,84
1790691600,2398.16,2399.59,2390.78,2392.02,2396.09,92.60157808,60
1790691900,2392.9,2398.16,2392.85,2393.68,2397.02,10.99290286,34
1790692200,2393.67,2396.75,2392.31,2393.82,2394.61,5.1094127,40
1790692500,2393.29,2393.36,2387.94,2393.3,2390.54,30.71524411,67
1790692800,2395.26,2397.93,2391.46,2392.21,2396.22,32.25504919,55
1790693100,2393.34,2397.56,2389.57,2389.58,2396.57,114.49880469,88
1790693400,2389.75,2393.97,2388.03,2393.28,2392.21,8.87916244,38
1790693700,2393.74,2395.62,2390.2,2390.2,2394.12,19.65773242,71
1790694000,2390.03,2390.47,2385.0,2385.0,2388.16,28.69664236,74
1790694300,2384.38,2385.61,2375.57,2382.44,2380.53,124.50612173,152
1790694600,2382.8,2383.74,2373.41,2374.75,2381.89,58.26811429,56
1790694900,2374.75,2379.74,2369.98,2369.98,2373.80,36.54458183,83
1790695200,2370.06,2372.94,2361.17,2362.29,2367.55,33.00875297,80
1790695500,2361.61,2363.83,2357.86,2363.83,2359.91,64.91039034,63
1790695800,2362.06,2367.16,2362.06,2364.6,2365.63,13.71828649,47
1790696100,2363.91,2367.5,2363.91,2366.6,2366.46,32.10282965,87
1790696400,2367.24,2369.03,2363.33,2365.35,2365.98,28.22788568,85
1790696700,2365.71,2369.59,2362.33,2368.0,2365.51,81.7357239,122
1790697000,2367.09,2367.8,2354.62,2356.2,2358.95,15.44330535,96
1790697300,2356.46,2360.37,2355.74,2356.43,2357.50,16.6298204,89
1790697600,2360.06,2360.91,2356.86,2356.9,2358.45,33.83261774,49
1790697900,2356.85,2359.98,2356.23,2358.62,2358.08,51.20044064,107
1790698200,2358.69,2362.05,2358.69,2360.64,2361.47,48.46090559,73
1790698500,2360.38,2364.78,2360.38,2363.47,2362.02,10.60159073,60
1790698800,2363.9,2367.1,2363.9,2365.46,2365.68,16.01894593,51
1790699100,2364.64,2368.02,2364.64,2367.29,2367.71,29.09373677,50
1790699400,2366.06,2366.39,2363.45,2365.55,2364.40,13.55467649,36
1790699700,2367.84,2368.66,2364.78,2364.78,2366.99,16.55478588,50
1790700000,2363.47,2363.64,2358.87,2359.41,2360.56,8.03360856,35
1790700300,2359.52,2362.03,2357.02,2359.64,2359.50,26.60611219,55
1790700600,2360.25,2363.67,2360.01,2360.07,2361.94,5.39864078,34
1790700900,2359.18,2364.69,2357.45,2364.41,2362.01,16.5995485,33
1790701200,2364.08,2365.23,2362.48,2364.65,2363.60,3.99113314,41
1790701500,2363.83,2367.78,2363.83,2367.21,2365.57,13.38368345,59
1790701800,2367.0,2367.15,2364.75,2367.15,2366.18,11.25318846,62
1790702100,2367.15,2367.5,2363.51,2365.31,2365.39,6.55416761,42
1790702400,2364.55,2364.94,2361.58,2363.42,2362.13,69.31132548,33
1790702700,2363.59,2365.19,2363.05,2363.09,2364.02,2.48484097,25
1790703000,2365.19,2367.05,2364.86,2364.93,2365.97,20.91516778,49
1790703300,2364.55,2364.63,2361.87,2363.04,2363.13,6.30475441,43
1790703600,2362.96,2364.41,2362.5,2363.3,2363.75,2.79895824,24
1790703900,2362.66,2363.76,2360.99,2361.3,2363.35,16.12258189,21
1790704200,2360.43,2361.54,2358.79,2360.5,2360.12,13.77056056,45
1790704500,2360.05,2362.04,2359.56,2362.04,2360.43,6.27328798,31
1790704800,2362.04,2368.49,2362.04,2366.24,2363.64,50.86765472,73
1790705100,2365.83,2368.63,2365.0,2365.0,2366.75,6.10859661,29
1790705400,2364.61,2367.49,2364.61,2367.49,2366.16,3.44473305,22
1790705700,2368.9,2370.95,2367.32,2367.53,2368.82,6.91482934,30
1790706000,2366.83,2370.81,2366.81,2370.49,2369.48,11.52612596,26
1790706300,2369.47,2370.39,2368.21,2368.21,2369.23,3.03942839,24
1790706600,2367.71,2373.44,2367.71,2373.18,2370.52,26.67043765,45
1790706900,2373.69,2375.33,2372.88,2373.69,2374.39,13.70453697,39
1790707200,2372.9,2376.51,2372.8,2375.34,2375.95,8.90096671,22
1790707500,2375.86,2376.99,2375.07,2375.37,2375.83,3.03750129,24
1790707800,2375.86,2377.93,2375.2,2376.04,2376.74,2.50932267,18
1790708100,2375.59,2376.89,2374.2,2376.65,2375.67,48.58194863,34
1790708400,2376.56,2378.29,2375.7,2378.29,2377.74,1.74195592,17
1790708700,2378.54,2380.0,2376.8,2379.06,2378.16,25.10505559,29
1790709000,2379.05,2379.88,2377.34,2377.52,2378.70,8.74329813,26
1790709300,2378.39,2379.43,2376.57,2378.26,2378.76,6.1683451,22
1790709600,2378.15,2378.15,2376.81,2377.48,2377.90,8.55584805,22
1790709900,2378.33,2378.92,2376.02,2376.03,2377.53,3.94404344,18
1790710200,2375.96,2377.44,2375.57,2377.44,2376.39,3.97625903,17
1790710500,2377.6,2377.62,2375.32,2376.23,2375.81,10.04766558,49
1790710800,2375.63,2375.86,2371.48,2371.48,2374.75,4.5439239,24
1790711100,2371.23,2374.78,2368.81,2372.36,2371.66,83.9343763,116
1790711400,2372.35,2373.85,2371.45,2372.19,2372.78,178.03537934,126
1790711700,2372.02,2372.9,2371.21,2371.5,2371.62,12.99440132,38
1790712000,2371.77,2372.1,2368.56,2369.91,2370.97,71.1770575,107
1790712300,2370.12,2373.22,2370.12,2371.08,2371.53,15.6782987,30
1790712600,2370.17,2372.54,2369.27,2372.54,2370.41,1.63135777,26
1790712900,2373.15,2375.42,2373.15,2375.27,2375.04,3.97793699,11
1790713200,2375.56,2375.56,2373.76,2373.76,2374.74,2.7721107,10
1790713500,2373.41,2376.01,2373.29,2374.49,2374.77,4.05294996,14
1790713800,2373.95,2374.01,2372.74,2372.92,2373.74,1.97189222,17
1790714100,2372.23,2373.92,2372.23,2373.92,2373.27,1.05415881,24
1790714400,2374.13,2374.51,2373.51,2374.17,2374.19,6.7443018,26
1790714700,2373.5,2373.93,2372.54,2373.53,2373.51,1.72116397,22
1790715000,2373.61,2373.91,2372.84,2373.06,2373.58,4.69680604,22
1790715300,2372.52,2372.65,2371.51,2372.36,2372.08,9.56972974,28
1790715600,2370.63,2371.33,2367.89,2370.5,2369.46,53.31091358,52
1790715900,2369.41,2370.54,2368.77,2369.16,2369.40,2.64170585,18
1790716200,2369.7,2371.21,2369.15,2371.21,2369.64,2.09896822,12
1790716500,2370.9,2371.02,2369.55,2369.79,2370.11,11.9354074,21
1790716800,2367.14,2367.14,2364.39,2364.39,2366.88,39.75540547,19
1790717100,2363.95,2363.95,2360.48,2361.62,2362.48,10.38559758,34
1790717400,2361.68,2362.13,2361.13,2361.63,2361.71,9.17476043,18
1790717700,2362.36,2362.37,2361.17,2361.69,2361.79,2.33843678,12
1790718000,2363.15,2363.49,2362.92,2363.49,2362.97,0.69037267,5
1790718300,2362.63,2362.63,2360.12,2360.36,2361.93,11.57406125,23
1790718600,2360.32,2360.97,2359.96,2360.83,2360.00,52.48393971,35
1790718900,2360.71,2361.33,2359.87,2361.33,2360.59,4.36223219,10
1790719200,2360.23,2367.32,2360.23,2365.84,2366.40,34.28139382,45
1790719500,2365.59,2365.59,2362.91,2363.76,2364.16,2.4692078,10
1790719800,2365.33,2367.86,2364.6,2366.24,2365.08,4.34679879,14
1790720100,2365.41,2365.41,2361.88,2365.37,2364.03,26.01354995,36
1790720400,2364.67,2364.78,2363.16,2364.37,2364.21,1.46730629,7
1790720700,2364.27,2365.53,2362.99,2362.99,2363.08,3.37133955,6
1790721000,2362.84,2362.84,2358.38,2361.11,2360.01,97.84199387,26
1790721300,2361.31,2362.69,2361.31,2362.16,2362.19,3.33763151,11
1790721600,2362.16,2364.23,2362.16,2364.23,2363.69,9.59163477,21
1790721900,2364.05,2364.4,2363.58,2363.9,2364.20,1.381288,14
1790722200,2363.93,2365.53,2363.91,2365.49,2364.77,4.45947573,11
1790722500,2365.32,2365.42,2364.07,2364.07,2364.69,3.37520288,9
1790722800,2364.34,2366.39,2364.34,2365.81,2365.07,4.56665864,10
1790723100,2369.54,2370.1,2366.99,2366.99,2368.97,19.41752026,21
1790723400,2367.97,2369.21,2367.97,2369.21,2368.64,9.5514867,11
1790723700,2369.1,2369.1,2366.87,2366.87,2368.24,8.48329423,17
1790724000,2366.35,2366.35,2363.77,2363.77,2364.63,3.50347787,14
1790724300,2363.67,2364.99,2363.33,2363.36,2363.94,2.15415903,9
1790724600,2362.89,2362.89,2361.49,2361.49,2362.00,8.14119775,11
1790724900,2361.34,2362.55,2361.34,2362.55,2362.00,8.43663505,17
1790725200,2361.0,2361.0,2359.36,2359.75,2360.94,129.49250415,22
1790725500,2360.84,2361.56,2360.84,2361.29,2361.50,4.44354369,4
1790725800,2362.38,2362.38,2360.63,2360.63,2361.82,2.5987503,14
1790726100,2360.79,2360.88,2360.69,2360.76,2360.75,0.56202702,5
1790726400,2361.33,2361.84,2360.67,2360.67,2360.75,3.66588571,9
1790726700,2361.58,2362.29,2359.27,2359.27,2361.47,0.59686322,6
1790727000,2358.15,2358.15,2355.01,2356.01,2356.08,112.8996397,60
1790727300,2356.09,2356.3,2354.21,2354.22,2355.24,9.56006969,22
1790727600,2354.06,2354.1,2352.85,2353.56,2353.85,4.37826232,23
1790727900,2354.36,2356.42,2354.36,2356.42,2354.80,1.17285003,5
1790728200,2357.42,2357.42,2356.45,2356.45,2356.99,0.02299928,3
1790728500,2355.97,2355.97,2355.2,2355.2,2355.60,0.04095253,3
1790728800,2354.74,2355.09,2354.26,2355.09,2354.74,1.41858521,4
1790729100,2355.09,2355.09,2353.01,2353.01,2353.40,0.52515296,8
1790729400,2353.11,2353.11,2353.11,2353.11,2353.11,0.41740002,1
1790729700,2354.37,2356.48,2354.37,2356.28,2355.45,0.88255041,5
1790730000,2356.43,2357.32,2356.43,2357.22,2356.72,0.0165722,3
1790730300,2356.43,2356.53,2355.38,2355.38,2356.42,0.07759862,4
1790730600,2358.43,2358.48,2358.43,2358.48,2358.45,0.08116725,2
1790730900,2355.99,2356.03,2355.98,2355.98,2356.02,0.11491828,3
1790731200,2356.99,2357.64,2356.46,2357.64,2357.08,0.21548368,8
1790731500,2359.35,2360.11,2357.13,2357.13,2358.10,1.36810155,6
1790731800,2355.81,2355.81,2352.78,2352.78,2354.66,1.67168417,7
1790732100,2353.19,2353.94,2352.61,2352.61,2353.14,1.33761128,7
1790732400,2353.14,2355.34,2353.09,2355.34,2353.20,0.23539318,4
1790732700,2356.52,2357.3,2356.5,2356.56,2356.79,1.25417684,8
1790733000,2358.25,2358.25,2356.93,2356.93,2357.33,0.06271583,4
1790733300,2356.27,2357.35,2355.82,2356.8,2356.85,0.53649645,8
1790733600,2357.85,2358.51,2357.85,2358.37,2357.89,0.36152561,3
1790733900,2359.01,2361.58,2358.13,2358.13,2360.23,2.7832812,9
1790734200,2357.17,2357.53,2356.09,2356.67,2356.80,0.46423056,6
1790734500,2353.73,2353.9,2353.65,2353.9,2353.65,0.19497939,3
1790734800,2352.98,2357.3,2352.98,2355.71,2357.12,2.95038013,9
1790735100,2355.61,2355.61,2352.5,2352.5,2354.11,0.26503093,5
1790735400,2353.38,2353.38,2352.0,2352.0,2352.62,2.58408504,8
1790735700,2352.08,2352.2,2350.5,2352.2,2351.42,4.17203634,12
1790736000,2353.4,2355.59,2353.4,2355.59,2354.10,3.79082513,7
1790736300,2356.39,2357.06,2356.39,2357.06,2356.46,0.10734218,2
1790736600,2358.14,2360.12,2358.14,2359.73,2359.22,11.01504295,22
1790736900,2359.09,2359.09,2357.19,2357.57,2357.52,80.75654482,20
1790737200,2357.91,2358.9,2356.39,2356.56,2357.33,0.63029299,4
1790737500,2358.02,2358.04,2356.45,2357.83,2356.94,1.34256867,9
1790737800,2356.98,2356.98,2356.79,2356.79,2356.94,0.10249375,7
1790738100,2356.0,2356.0,2352.31,2352.31,2354.41,0.661736,9
1790738400,2352.98,2355.77,2352.98,2355.77,2353.00,0.55432519,2
1790738700,2354.1,2354.63,2353.92,2354.63,2354.59,1.1221309,4
1790739000,2355.07,2355.39,2353.77,2355.39,2355.05,0.91104732,5
1790739300,2355.73,2357.96,2355.73,2357.9,2355.94,1.80651425,4
1790739600,2358.86,2359.52,2358.86,2359.11,2359.51,8.17507339,4
1790739900,2358.4,2358.4,2357.69,2358.21,2357.96,0.04519992,3
1790740200,2358.51,2358.51,2356.31,2356.78,2356.87,0.63469979,4
1790740500,2356.34,2356.73,2355.57,2356.73,2355.98,0.57092424,4
1790740800,2356.71,2359.78,2356.68,2359.57,2358.62,3.73257411,9
1790741100,2360.63,2360.63,2357.94,2357.94,2358.86,4.3133229,9
1790741400,2358.17,2359.39,2358.17,2359.39,2358.60,0.03925629,3
1790741700,2359.3,2360.85,2359.24,2360.35,2360.32,2.59944652,11
1790742000,2360.64,2360.64,2360.64,2360.64,2360.64,0.31268624,1
1790742300,2359.5,2360.7,2358.8,2358.8,2359.90,8.87121687,10
1790742600,2357.51,2357.51,2356.94,2356.94,2357.50,3.03003895,4
1790742900,2356.33,2359.37,2356.33,2358.44,2357.95,10.6889309,20
1790743200,2358.74,2358.74,2358.08,2358.21,2358.19,0.43445729,7
1790743500,2358.23,2358.23,2357.79,2357.79,2357.83,9.34215089,6
1790743800,2357.14,2357.14,2356.22,2356.22,2356.23,0.90473257,4
1790744100,2356.59,2356.59,2355.46,2355.46,2355.99,1.47912778,10
1790744400,2355.9,2359.32,2355.9,2357.67,2357.59,3.88565394,10
1790744700,2357.75,2357.83,2355.71,2356.3,2357.45,0.59875468,8
1790745000,2355.88,2355.88,2353.82,2353.82,2355.14,1.87223107,10
1790745300,2353.44,2354.07,2352.94,2353.61,2353.76,2.31968915,9
1790745600,2354.88,2357.38,2354.02,2357.38,2354.60,1.80755348,8
1790745900,2358.79,2359.43,2356.89,2358.87,2357.66,3.17893098,8
1790746200,2359.73,2362.68,2359.3,2360.5,2361.92,5.3427744,12
1790746500,2360.52,2362.1,2360.52,2362.1,2360.94,11.42625211,16
1790746800,2361.07,2362.21,2360.45,2362.04,2360.66,4.09921323,10
1790747100,2361.86,2361.86,2359.01,2359.18,2360.22,3.83481952,13
1790747400,2359.15,2359.15,2356.87,2356.87,2358.84,2.31990949,14
1790747700,2356.49,2357.44,2354.55,2357.44,2355.78,2.38430557,18
1790748000,2356.37,2357.46,2355.15,2355.15,2356.92,3.60783728,14
1790748300,2356.07,2356.07,2356.07,2356.07,2356.07,0.01010581,1
1790748600,2352.68,2352.68,2347.61,2347.64,2349.36,58.46218363,53
1790748900,2348.31,2349.78,2347.49,2348.23,2348.50,15.50989124,21
1790749200,2347.83,2348.86,2346.68,2346.68,2347.73,6.90771019,17
1790749500,2346.56,2347.72,2345.39,2347.6,2347.12,4.22408744,24
1790749800,2347.89,2347.89,2345.42,2346.23,2346.97,2.71913218,12
1790750100,2346.35,2347.61,2345.41,2345.41,2346.85,14.79137636,18
1790750400,2345.1,2345.94,2342.8,2345.94,2343.33,38.41176438,41
1790750700,2344.87,2344.87,2341.28,2341.92,2343.14,35.52072353,37
1790751000,2342.48,2345.77,2342.24,2345.77,2343.63,4.58171853,11
1790751300,2346.86,2348.53,2344.46,2344.46,2345.51,5.0878392,18
1790751600,2344.65,2346.45,2343.0,2345.25,2344.01,2.81228523,22
1790751900,2344.82,2345.48,2344.0,2345.41,2344.65,5.33695693,20
1790752200,2345.04,2345.31,2344.14,2344.47,2344.72,2.7252097,17
1790752500,2344.7,2350.0,2344.7,2350.0,2349.76,29.273213,22
1790752800,2351.25,2353.33,2350.64,2352.39,2352.03,6.34946742,15
1790753100,2353.7,2354.26,2351.69,2351.86,2353.04,14.58555013,16
1790753400,2352.45,2353.3,2352.11,2353.18,2352.79,38.18817868,17
1790753700,2353.49,2356.6,2353.49,2356.03,2353.74,42.61762354,15
1790754000,2356.36,2357.97,2356.11,2357.97,2356.45,5.43073365,11
1790754300,2357.96,2358.13,2356.07,2358.13,2357.68,2.37048083,13
1790754600,2359.25,2359.81,2358.67,2359.26,2358.92,11.50825061,21
1790754900,2358.54,2358.54,2356.7,2356.7,2357.05,2.04656553,12
1790755200,2356.07,2356.07,2353.26,2353.26,2355.82,11.69294866,14
1790755500,2353.27,2353.31,2350.74,2350.85,2352.68,10.19000567,22
1790755800,2350.84,2350.84,2349.34,2349.34,2350.06,14.29144585,28
1790756100,2349.45,2353.71,2348.32,2351.79,2350.13,6.53823032,28
1790756400,2350.74,2353.31,2349.91,2350.72,2351.70,5.03066293,21
1790756700,2350.87,2351.59,2349.85,2350.77,2350.80,5.98840447,19
1790757000,2349.3,2349.3,2346.32,2348.27,2347.36,13.62909821,31
1790757300,2347.96,2350.8,2347.07,2350.8,2347.91,5.41941298,38
1790757600,2351.06,2351.5,2348.95,2349.82,2350.00,19.70287931,31
1790757900,2349.91,2354.16,2349.83,2353.18,2352.77,9.73106981,34
1790758200,2353.08,2353.08,2350.32,2350.83,2352.12,17.00607787,24
1790758500,2350.51,2351.77,2350.44,2350.5,2350.85,25.46610328,28
1790758800,2350.85,2354.66,2350.42,2354.66,2353.98,5.48045035,13
1790759100,2355.35,2357.73,2355.35,2357.33,2356.13,31.75025388,38
1790759400,2357.97,2359.07,2357.97,2358.55,2358.64,64.6222365,19
1790759700,2358.46,2359.18,2357.71,2359.18,2358.15,5.96795841,13
1790760000,2358.9,2362.94,2358.13,2362.94,2360.33,3.10232598,33
1790760300,2364.64,2365.21,2362.45,2364.25,2363.54,7.91569813,22
1790760600,2364.9,2375.0,2363.36,2370.09,2368.53,31.59761722,64
1790760900,2370.52,2370.52,2367.82,2368.74,2368.71,3.3607156,11
1790761200,2367.62,2367.62,2365.12,2366.79,2366.48,58.14190701,33
1790761500,2367.78,2367.78,2365.92,2366.8,2366.70,31.1206642,24
1790761800,2367.83,2368.83,2366.24,2367.45,2367.67,26.11461592,17
1790762100,2367.79,2367.97,2366.07,2366.39,2367.17,2.5199067,20
1790762400,2366.68,2368.36,2365.89,2367.14,2367.10,63.51015918,32
1790762700,2366.6,2368.03,2366.45,2368.03,2367.71,0.64623619,11
1790763000,2367.76,2369.06,2367.76,2367.89,2367.95,52.82029859,14
1790763300,2366.76,2367.99,2365.76,2367.79,2367.09,9.09129677,18
1790763600,2367.68,2370.7,2367.68,2369.59,2368.90,27.21530296,25
1790763900,2371.15,2371.97,2369.75,2370.26,2371.01,9.8581093,24
1790764200,2370.26,2374.58,2370.26,2374.02,2373.49,1.77404213,33
1790764500,2374.17,2374.18,2372.69,2372.86,2373.28,19.77329266,29
1790764800,2372.12,2372.12,2370.5,2371.58,2371.04,3.70931446,20
1790765100,2371.69,2371.9,2371.01,2371.27,2371.36,28.64695787,21
1790765400,2371.26,2373.19,2371.26,2372.99,2371.93,19.78321461,28
1790765700,2372.89,2372.89,2371.65,2371.99,2372.17,3.89760653,15
1790766000,2371.21,2371.21,2367.03,2368.12,2369.54,30.65874908,40
1790766300,2367.83,2368.11,2363.68,2367.28,2365.67,19.52814243,46
1790766600,2366.38,2369.13,2366.38,2367.58,2367.66,16.67397699,56
1790766900,2368.68,2368.97,2365.95,2365.95,2367.13,14.89241948,61
1790767200,2366.47,2372.17,2366.47,2371.54,2370.03,1.52862375,14
1790767500,2371.42,2372.49,2370.34,2371.09,2371.36,6.82079064,18
1790767800,2371.05,2372.02,2369.0,2372.02,2369.97,21.25397102,24
1790768100,2371.93,2376.79,2371.93,2376.16,2374.96,34.87600514,30
1790768400,2376.16,2376.68,2373.82,2375.4,2375.67,14.19303566,56
1790768700,2375.41,2375.49,2372.62,2374.34,2374.10,29.0385582,48
1790769000,2374.01,2374.28,2372.22,2373.14,2373.06,17.76949454,33
1790769300,2372.71,2375.69,2372.71,2375.45,2373.85,17.80970904,33
1790769600,2375.69,2376.28,2373.61,2373.68,2374.75,14.29879579,36
1790769900,2373.28,2373.28,2371.5,2371.7,2372.01,12.44885812,28
1790770200,2372.58,2375.4,2371.71,2374.89,2373.44,9.99389521,30
1790770500,2375.99,2376.77,2371.44,2372.18,2373.51,67.28553283,65
1790770800,2372.51,2376.32,2370.78,2375.2,2372.54,12.46787353,29
1790771100,2375.68,2381.1,2372.49,2381.1,2376.36,21.14362705,59
1790771400,2381.43,2393.8,2375.45,2393.71,2386.64,153.01431016,170
1790771700,2393.49,2398.4,2390.35,2398.39,2392.63,175.32586382,83
1790772000,2398.99,2403.25,2394.98,2398.96,2399.65,74.57354965,83
1790772300,2399.84,2404.51,2397.56,2403.28,2400.86,196.84959402,95
1790772600,2403.19,2407.72,2403.19,2407.04,2406.17,25.91929017,67
1790772900,2406.95,2407.69,2402.53,2403.11,2405.79,72.43504512,55
1790773200,2402.4,2403.82,2398.0,2402.58,2401.85,136.54593983,61
1790773500,2402.15,2406.97,2401.68,2406.97,2403.56,63.42819593,55
1790773800,2407.13,2407.62,2403.41,2404.8,2405.92,26.39432969,39
1790774100,2404.26,2407.47,2398.21,2399.71,2401.21,21.04661633,47
1790774400,2399.13,2400.69,2397.68,2398.06,2398.80,110.99024567,64
1790774700,2397.0,2398.0,2391.92,2394.93,2394.60,32.11265348,33
1790775000,2394.9,2406.6,2393.96,2395.74,2398.50,38.99652387,68
1790775300,2394.61,2394.61,2371.93,2375.01,2378.32,92.50706533,71
1790775600,2375.16,2380.78,2368.0,2378.42,2377.11,28.98723151,66
1790775900,2379.13,2383.37,2377.05,2382.24,2380.08,42.98120743,40
1790776200,2380.25,2384.61,2378.66,2384.16,2381.04,13.81236713,33
1790776500,2383.83,2384.07,2381.06,2383.32,2382.69,16.94738222,41
1790776800,2384.91,2385.49,2377.69,2382.77,2380.89,42.62578905,63
1790777100,2381.43,2386.79,2376.56,2380.29,2381.28,12.31367227,37
1790777400,2377.11,2380.33,2371.69,2380.33,2375.93,5.37141219,27
1790777700,2377.21,2377.72,2367.75,2369.32,2373.14,16.31167977,37
1790778000,2369.62,2372.44,2356.5,2361.31,2362.25,89.07467862,79
1790778300,2362.37,2364.33,2356.98,2359.42,2360.64,13.08746723,41
1790778600,2359.73,2361.13,2350.47,2351.17,2357.33,458.40919315,94
1790778900,2350.02,2356.77,2349.01,2355.13,2352.17,59.71628577,70
1790779200,2354.44,2358.9,2352.37,2354.56,2355.07,20.75634341,31
1790779500,2354.21,2359.74,2354.21,2359.33,2357.49,26.09691232,27
1790779800,2359.56,2362.34,2358.94,2360.0,2360.76,149.30472453,52
1790780100,2361.3,2362.03,2357.44,2357.63,2360.30,108.88807908,45
1790780400,2357.07,2360.43,2356.67,2360.27,2359.29,10.60131988,28
1790780700,2360.26,2361.28,2358.91,2361.06,2360.09,6.04240989,23
1790781000,2361.63,2363.52,2358.58,2360.57,2360.18,160.49343558,42
1790781300,2359.76,2361.03,2354.26,2354.84,2356.82,47.84806684,38
1790781600,2354.21,2358.33,2352.93,2352.93,2355.80,24.48667233,48
1790781900,2353.16,2356.35,2351.54,2355.65,2354.23,3.40267032,18
1790782200,2355.91,2364.14,2355.91,2362.16,2362.47,23.94324704,24
1790782500,2361.01,2365.94,2359.05,2365.6,2363.14,118.08228416,60
1790782800,2366.27,2366.27,2360.81,2360.81,2364.15,25.45600684,37
1790783100,2360.5,2367.58,2359.99,2367.29,2366.52,14.8676241,16
1790783400,2366.88,2367.19,2366.13,2367.19,2366.53,3.95318475,16
1790783700,2364.9,2365.75,2363.66,2363.98,2364.58,1.14626663,18
1790784000,2363.94,2368.43,2363.49,2368.43,2365.10,16.19139188,26
1790784300,2368.36,2369.98,2368.05,2369.95,2369.29,7.22409311,21
1790784600,2370.0,2370.46,2368.37,2370.0,2369.33,4.02609983,22
1790784900,2370.86,2371.49,2369.49,2371.49,2370.28,4.05063713,14
1790785200,2371.77,2373.84,2371.52,2373.84,2373.21,3.19798128,12
1790785500,2373.79,2373.9,2370.0,2370.0,2370.55,8.75286466,18
1790785800,2369.7,2369.83,2368.14,2369.2,2368.78,1.04477006,10
1790786100,2369.0,2369.0,2366.8,2368.99,2367.12,8.32763102,18
1790786400,2369.01,2372.9,2368.34,2372.9,2371.35,6.34922092,26
1790786700,2372.85,2375.12,2371.82,2371.82,2372.44,4.7588612,30
1790787000,2372.0,2373.86,2372.0,2373.51,2372.91,6.3244131,25
1790787300,2373.89,2376.59,2373.89,2375.51,2374.35,8.8380887,24
1790787600,2375.69,2376.12,2374.02,2374.02,2374.92,6.16147315,34
1790787900,2374.0,2377.78,2373.75,2374.48,2376.17,9.50824959,30
1790788200,2375.27,2375.28,2372.4,2373.97,2374.70,15.19084554,22
1790788500,2372.37,2373.0,2369.11,2369.58,2370.20,3.07200665,16
1790788800,2368.46,2369.34,2366.43,2367.63,2367.92,4.91944305,19
1790789100,2366.3,2368.21,2363.58,2368.21,2365.92,7.80553511,20
1790789400,2367.65,2367.65,2363.04,2363.04,2365.40,11.15231698,29
1790789700,2363.0,2363.55,2358.89,2362.91,2360.77,9.96989723,26
1790790000,2361.56,2363.19,2361.48,2363.18,2361.73,3.21856023,15
1790790300,2360.94,2366.38,2360.94,2365.17,2364.23,19.82199537,26
1790790600,2366.22,2366.93,2363.3,2363.3,2364.36,7.68681665,21
1790790900,2362.56,2365.77,2362.56,2365.75,2363.80,9.66354884,30
1790791200,2365.76,2367.27,2362.77,2365.57,2365.09,20.36018585,37
1790791500,2363.84,2366.74,2361.83,2366.74,2363.30,2.57361967,15
1790791800,2365.79,2366.58,2364.35,2364.8,2365.46,4.75970703,22
1790792100,2364.95,2365.2,2363.55,2364.99,2364.39,7.71933818,22
1790792400,2365.0,2365.68,2362.45,2362.83,2364.72,5.89550986,18
1790792700,2361.95,2363.43,2361.56,2362.91,2362.55,3.33060769,19
1790793000,2363.47,2365.13,2361.0,2361.63,2362.45,14.61037314,30
1790793300,2361.2,2361.2,2358.86,2359.46,2359.24,12.70077069,33
1790793600,2358.89,2361.62,2358.61,2359.29,2360.06,9.90180607,47
1790793900,2359.19,2360.44,2359.11,2360.12,2360.00,9.43531693,17
1790794200,2360.9,2363.71,2360.9,2363.71,2362.39,2.14653998,7
1790794500,2362.56,2364.48,2362.56,2363.29,2363.77,10.70531554,16
1790794800,2364.15,2364.48,2362.03,2364.03,2363.22,3.42315747,19
1790795100,2364.3,2365.04,2362.36,2362.36,2363.21,1.53149545,15
1790795400,2362.25,2362.25,2359.38,2359.43,2361.69,11.12214447,19
1790795700,2359.0,2359.31,2355.82,2359.31,2358.22,7.66067538,25
1790796000,2360.29,2360.46,2357.26,2357.31,2358.83,7.09613745,19
1790796300,2357.29,2359.27,2357.29,2357.61,2358.98,12.44274728,27
1790796600,2358.43,2361.39,2358.37,2361.39,2359.49,1.68383198,15
1790796900,2361.64,2365.15,2361.19,2364.07,2362.55,20.22777675,38
1790797200,2363.6,2363.88,2361.37,2361.45,2362.99,0.63298221,13
1790797500,2361.65,2361.85,2358.86,2358.89,2360.90,6.62631425,22
1790797800,2358.54,2358.57,2354.9,2354.9,2355.89,8.6234741,27
1790798100,2355.42,2357.86,2355.42,2356.13,2356.05,5.96933948,17
1790798400,2356.65,2357.46,2355.02,2357.28,2356.93,0.95208029,11
1790798700,2357.48,2358.09,2356.38,2357.67,2356.96,4.3642458,20
1790799000,2357.87,2360.07,2357.87,2360.07,2358.92,0.5780321,11
1790799300,2360.67,2362.04,2360.25,2362.04,2361.46,2.79810538,20
1790799600,2362.42,2365.16,2362.42,2363.91,2364.40,5.74460923,16
1790799900,2363.98,2365.32,2363.98,2365.32,2364.72,2.56465125,17
1790800200,2364.31,2364.34,2363.36,2364.04,2364.07,0.83112758,6
1790800500,2364.13,2365.13,2363.39,2364.94,2364.50,2.91637999,18
1790800800,2364.87,2364.93,2363.65,2364.24,2364.64,4.08514433,18
1790801100,2364.47,2365.46,2364.42,2364.47,2364.50,12.94624951,26
1790801400,2365.13,2366.15,2364.93,2365.98,2365.89,0.9050648,13
1790801700,2365.29,2366.25,2364.58,2366.23,2365.15,3.00898332,26
1790802000,2366.3,2367.49,2365.95,2366.93,2366.88,12.02981696,20
1790802300,2366.03,2367.49,2365.94,2367.49,2366.47,2.20253951,15
1790802600,2367.5,2368.37,2367.19,2367.19,2367.58,1.91052243,13
1790802900,2366.79,2368.01,2366.61,2367.86,2367.37,5.03333192,19
1790803200,2366.71,2366.96,2366.63,2366.63,2366.86,2.07609005,13
1790803500,2366.39,2367.48,2366.39,2367.08,2367.10,6.1592419,27
1790803800,2366.86,2368.65,2366.54,2368.65,2367.61,1.7957869,12
1790804100,2368.52,2368.78,2368.46,2368.68,2368.63,7.56839059,14
1790804400,2368.23,2368.23,2366.67,2366.67,2366.97,0.72221636,11
1790804700,2366.32,2367.98,2366.32,2367.13,2367.33,2.45809376,16
1790805000,2367.04,2367.15,2366.08,2367.15,2366.49,0.62637449,9
1790805300,2367.43,2367.68,2367.08,2367.27,2367.41,20.48702451,20
1790805600,2367.89,2368.67,2365.56,2365.56,2366.51,1.31329688,16
1790805900,2365.46,2365.63,2362.38,2362.51,2363.64,1.78725878,17
1790806200,2362.52,2365.89,2362.51,2365.89,2362.97,1.70325445,18
1790806500,2366.16,2367.13,2366.12,2367.13,2367.05,1.09460539,8
1790806800,2367.9,2369.18,2367.48,2369.06,2368.63,0.91425671,11
1790807100,2368.79,2371.54,2368.79,2371.34,2369.99,5.58579535,9
1790807400,2371.37,2372.78,2371.37,2372.78,2371.57,1.50103857,9
1790807700,2373.37,2373.97,2372.73,2373.8,2373.72,0.19979389,8
1790808000,2373.48,2374.79,2373.41,2374.12,2373.86,8.8199224,15
1790808300,2373.01,2373.23,2372.4,2372.41,2373.10,1.58447795,15
1790808600,2371.62,2372.38,2371.31,2372.12,2372.06,2.21704826,7
1790808900,2372.1,2372.4,2370.08,2370.08,2372.12,3.29849519,14
1790809200,2370.04,2375.0,2369.55,2373.93,2373.81,9.62942999,25
1790809500,2372.51,2372.51,2370.06,2370.06,2372.09,0.70709344,4
1790809800,2369.25,2372.34,2369.25,2372.34,2370.06,1.78248944,11
1790810100,2370.98,2372.99,2370.46,2372.1,2372.53,20.02649119,20
1790810400,2372.59,2375.7,2372.51,2373.99,2374.01,5.95743256,11
1790810700,2373.74,2373.74,2372.57,2372.57,2373.21,1.20730038,8
1790811000,2371.43,2371.67,2368.22,2370.33,2368.88,8.29310916,15
1790811300,2370.4,2372.09,2370.4,2371.99,2371.36,10.80579032,16
1790811600,2372.48,2372.9,2371.97,2371.97,2372.77,1.02336221,6
1790811900,2371.96,2371.96,2369.82,2371.47,2370.29,1.20941467,8
1790812200,2370.79,2371.15,2369.5,2369.5,2370.68,0.47277753,8
1790812500,2369.21,2369.78,2369.07,2369.77,2369.71,1.04137254,5
1790812800,2369.69,2370.34,2367.31,2367.39,2368.50,1.15215846,19
1790813100,2367.8,2368.95,2367.35,2367.35,2368.22,0.44778564,4
1790813400,2366.73,2367.41,2366.44,2366.48,2366.50,1.38099639,4
1790813700,2364.97,2365.55,2362.84,2364.47,2363.56,6.25102734,20
1790814000,2365.05,2366.21,2364.93,2365.26,2365.17,0.44662431,7
1790814300,2366.61,2367.1,2365.62,2365.62,2366.42,0.51797625,7
1790814600,2365.46,2365.46,2365.34,2365.34,2365.35,0.22505831,3
1790814900,2364.74,2367.04,2364.74,2367.04,2366.28,0.16065382,7
1790815200,2367.23,2368.67,2367.23,2368.67,2368.13,0.66262873,6
1790815500,2369.12,2369.35,2368.94,2368.94,2368.95,2.65026203,8
1790815800,2368.42,2368.98,2367.53,2367.53,2368.65,0.27594645,8
1790816100,2366.95,2368.46,2366.95,2368.46,2367.84,0.98238937,5
1790816400,2368.31,2369.73,2367.17,2367.17,2368.48,0.04627576,3
1790816700,2367.06,2369.84,2367.06,2369.84,2368.22,2.20672781,8
1790817000,2369.54,2370.46,2368.99,2370.46,2369.35,0.38032398,12
1790817300,2369.23,2372.56,2369.23,2371.98,2370.58,0.78441512,10
1790817600,2372.35,2373.62,2372.35,2373.3,2372.72,0.85942135,9
1790817900,2373.78,2374.34,2372.85,2372.85,2374.04,0.16092898,14
1790818200,2371.09,2372.26,2371.09,2372.07,2372.24,0.31733828,3
1790818500,2371.29,2371.72,2370.0,2371.72,2370.60,0.4836752,5
1790818800,2371.95,2373.2,2371.95,2373.2,2372.22,0.2542569,7
1790819100,2373.46,2373.46,2371.73,2371.73,2373.44,0.84837577,3
1790819400,2371.74,2373.32,2371.74,2372.8,2372.74,4.73841841,8
1790819700,2374.17,2374.17,2372.99,2372.99,2374.12,0.33057354,2
1790820000,2374.07,2374.61,2372.56,2372.71,2373.81,4.06919417,14
1790820300,2373.88,2377.11,2373.64,2377.11,2373.91,4.49962806,16
1790820600,2377.56,2377.56,2376.49,2376.49,2377.02,0.00394273,2
1790820900,2371.8,2371.8,2371.8,2371.8,2371.80,0.2,1
1790821200,2370.0,2371.97,2369.11,2371.97,2370.70,6.83505902,20
1790821500,2369.28,2372.97,2369.28,2372.97,2369.78,10.96203649,18
1790821800,2373.74,2374.61,2372.46,2373.22,2373.30,16.47317799,14
1790822100,2372.88,2372.88,2370.0,2370.26,2370.15,12.80242372,15
1790822400,2370.89,2371.47,2370.35,2370.35,2370.95,0.99937744,8
1790822700,2370.0,2370.0,2369.4,2369.91,2369.95,2.19013243,8
1790823000,2369.73,2371.81,2369.53,2371.42,2371.06,0.85700581,34
1790823300,2371.4,2372.13,2371.4,2371.83,2371.40,8.84235973,3
1790823600,2371.49,2373.29,2371.4,2372.83,2371.96,20.13341011,21
1790823900,2370.46,2371.0,2369.48,2371.0,2370.25,1.57154193,10
1790824200,2371.27,2372.03,2371.27,2371.86,2371.89,11.02913069,5
1790824500,2371.86,2373.52,2371.62,2371.62,2372.52,1.38077615,7
1790824800,2369.96,2369.96,2369.96,2369.96,2369.96,0.04087143,1
1790825100,2372.04,2372.28,2371.75,2371.75,2372.21,0.16721625,4
1790825400,2371.69,2373.01,2371.53,2373.01,2372.19,0.06307621,3
1790825700,2372.66,2374.54,2372.66,2374.31,2373.62,9.60380059,11
1790826000,2375.12,2376.67,2374.72,2376.56,2376.13,0.11877229,7
1790826300,2375.89,2375.89,2374.52,2374.52,2375.29,2.79432256,6
1790826600,2374.83,2377.38,2374.83,2377.38,2376.47,4.28744278,10
1790826900,2377.63,2378.92,2376.65,2378.71,2377.38,13.67598568,26
1790827200,2378.21,2379.44,2378.1,2379.2,2379.00,6.39337094,13
1790827500,2379.45,2380.8,2379.15,2380.32,2379.82,18.31960233,28
1790827800,2380.32,2381.59,2380.31,2381.59,2381.36,3.41709033,14
1790828100,2381.78,2381.78,2380.58,2380.77,2381.24,0.51408739,7
1790828400,2380.62,2381.68,2380.62,2381.29,2380.88,0.23240174,7
1790828700,2381.29,2381.29,2380.36,2380.87,2380.46,20.10923805,12
1790829000,2381.63,2381.78,2377.54,2377.93,2378.13,1.00519521,7
1790829300,2378.07,2379.47,2378.07,2379.47,2379.30,0.18446672,9
1790829600,2380.39,2382.21,2380.26,2382.21,2381.81,4.71263574,16
1790829900,2383.0,2393.56,2383.0,2391.89,2387.03,113.43946617,79
1790830200,2391.94,2393.96,2390.0,2391.01,2392.09,37.23427827,43
1790830500,2390.77,2390.77,2388.49,2389.97,2390.43,7.52529673,17
1790830800,2390.5,2392.63,2388.94,2392.63,2390.19,9.79388792,17
1790831100,2393.71,2395.49,2392.64,2393.58,2394.14,9.96090807,29
1790831400,2393.23,2395.84,2392.98,2395.84,2394.18,52.02322765,35
1790831700,2395.85,2397.34,2395.61,2397.34,2396.57,8.19960161,28
1790832000,2396.96,2397.78,2395.89,2395.89,2396.82,0.56135344,11
1790832300,2396.03,2396.87,2395.0,2396.86,2395.33,3.84349122,19
1790832600,2397.53,2397.53,2396.17,2396.97,2396.71,6.15407905,12
1790832900,2397.98,2400.83,2397.56,2398.88,2399.45,254.57903301,86
1790833200,2398.65,2400.52,2396.69,2396.69,2397.74,32.76296891,29
1790833500,2396.53,2397.93,2396.37,2397.93,2396.78,6.62950805,29
1790833800,2400.06,2401.27,2398.68,2400.49,2399.61,4.01663129,26
1790834100,2400.54,2400.54,2398.98,2399.94,2399.23,19.75214984,23
1790834400,2399.82,2399.82,2397.0,2397.53,2397.45,5.28369956,22
1790834700,2398.23,2398.31,2396.14,2396.92,2396.59,7.53424669,14
1790835000,2396.9,2401.45,2396.79,2401.45,2398.97,5.23065769,21
1790835300,2400.99,2401.0,2398.01,2398.01,2399.88,34.82768471,28
1790835600,2398.09,2400.84,2398.09,2400.84,2399.07,9.55063744,23
1790835900,2401.0,2402.98,2400.75,2402.91,2401.57,30.00506491,27
1790836200,2401.34,2402.04,2396.98,2398.02,2398.45,10.73948173,22
1790836500,2398.69,2400.39,2396.68,2396.69,2397.60,47.35649089,35
1790836800,2397.62,2398.61,2396.94,2398.43,2397.66,41.11756044,52
1790837100,2398.43,2400.72,2398.33,2399.27,2399.14,3.77283362,17
1790837400,2399.58,2400.8,2399.04,2400.08,2400.40,32.02462337,31
1790837700,2400.01,2400.12,2397.84,2397.84,2398.91,1.23394067,20
1790838000,2397.85,2398.37,2397.54,2398.02,2397.88,1.66000834,13
1790838300,2398.85,2402.0,2398.85,2402.0,2400.23,49.63963744,48
1790838600,2402.0,2402.71,2396.06,2396.18,2400.64,39.2668236,31
1790838900,2396.0,2396.76,2390.11,2390.84,2394.46,177.60828605,52
1790839200,2390.0,2390.0,2375.12,2375.12,2384.27,113.97724837,100
1790839500,2375.7,2376.09,2370.13,2370.49,2372.30,44.80276747,55
1790839800,2371.42,2379.02,2371.42,2379.02,2375.26,11.38678948,30
1790840100,2381.04,2381.04,2374.41,2375.02,2376.79,77.1809343,57
1790840400,2371.0,2374.7,2369.21,2371.86,2372.84,49.34940709,43
1790840700,2370.03,2373.24,2370.03,2371.02,2372.02,13.38205477,37
1790841000,2372.31,2372.73,2370.0,2370.0,2370.30,161.88441087,26
1790841300,2369.83,2371.34,2364.13,2366.65,2366.22,108.59421852,49
1790841600,2366.67,2370.31,2365.89,2370.31,2367.75,22.22926256,40
1790841900,2370.09,2370.16,2365.39,2366.32,2367.22,24.70539598,26
1790842200,2366.16,2370.28,2366.16,2369.12,2368.80,18.84528635,29
1790842500,2368.75,2370.44,2367.9,2368.81,2369.38,8.23420472,28
1790842800,2368.51,2371.17,2367.36,2371.17,2369.81,9.5500946,30
1790843100,2371.06,2372.17,2370.44,2370.44,2371.01,18.6458537,24
1790843400,2370.43,2370.43,2364.81,2367.4,2367.30,8.83231994,40
1790843700,2368.37,2375.39,2367.22,2375.39,2368.69,27.16290563,33
1790844000,2375.41,2377.05,2374.41,2375.2,2374.72,6.18667386,31
1790844300,2374.96,2375.68,2373.35,2375.68,2374.54,16.50237782,36
1790844600,2375.5,2376.76,2373.99,2375.65,2375.90,30.14454901,45
1790844900,2376.57,2379.2,2376.2,2377.69,2378.12,30.01780756,38
1790845200,2378.22,2379.31,2377.34,2378.06,2378.48,22.26441848,48
1790845500,2378.2,2379.04,2377.65,2379.04,2378.17,11.38302357,37
1790845800,2379.11,2380.87,2378.66,2379.88,2379.78,4.91443223,36
1790846100,2380.0,2380.11,2378.0,2379.18,2379.21,10.4975301,23
1790846400,2379.63,2382.03,2379.56,2381.83,2380.56,6.75869524,34
1790846700,2381.42,2383.06,2380.94,2383.0,2382.08,5.55243121,24
1790847000,2383.97,2388.44,2383.94,2386.16,2386.51,18.64083361,33
1790847300,2385.71,2387.45,2385.64,2386.51,2386.74,6.00521803,30
1790847600,2386.73,2387.15,2385.55,2386.8,2386.40,4.68304914,24
1790847900,2386.79,2386.79,2385.28,2385.43,2385.50,38.99968889,29
1790848200,2385.66,2386.64,2383.78,2383.93,2384.91,66.35483985,58
1790848500,2384.26,2386.02,2382.95,2386.02,2384.31,4.2852676,29
1790848800,2386.31,2386.31,2377.01,2377.01,2381.16,12.17737705,54
1790849100,2377.08,2382.66,2374.44,2382.41,2376.02,47.24285272,59
1790849400,2382.33,2382.39,2380.11,2380.92,2381.71,2.33327984,21
1790849700,2380.42,2381.93,2377.53,2380.09,2379.66,19.18886611,38
1790850000,2380.43,2382.84,2380.43,2380.76,2381.68,19.60903145,43
1790850300,2379.98,2380.68,2377.44,2379.89,2379.65,11.1369993,35
1790850600,2379.89,2383.61,2379.71,2382.37,2381.55,10.23211751,60
1790850900,2382.54,2383.68,2382.03,2382.98,2382.67,3.80997238,40
1790851200,2383.0,2385.26,2383.0,2384.96,2384.70,1.21463482,16
1790851500,2385.54,2389.99,2385.34,2388.58,2387.27,12.81405469,25
1790851800,2387.54,2392.71,2387.08,2392.71,2391.05,33.27404484,34
1790852100,2391.99,2394.07,2389.07,2390.55,2391.85,14.2749337,34
1790852400,2390.84,2390.84,2385.21,2387.54,2386.90,32.33689269,76
1790852700,2387.33,2389.32,2385.88,2387.6,2388.06,19.02810386,46
1790853000,2387.67,2388.45,2386.45,2388.04,2387.91,27.07068361,37
1790853300,2387.72,2389.1,2387.41,2387.88,2388.13,3.82754685,32
1790853600,2388.43,2389.55,2386.96,2386.96,2387.91,5.12968693,20
1790853900,2387.04,2389.69,2387.03,2389.69,2388.03,3.84127778,19
1790854200,2389.72,2390.43,2387.16,2387.4,2388.89,2.3995106,21
1790854500,2388.51,2390.94,2388.02,2390.94,2389.14,3.02588226,23
1790854800,2390.93,2392.7,2390.32,2392.59,2391.59,2.17744771,19
1790855100,2393.0,2395.72,2391.4,2391.42,2393.45,13.52274674,40
1790855400,2391.27,2394.25,2390.89,2392.05,2392.08,86.44337832,77
1790855700,2392.39,2394.34,2391.01,2393.15,2393.09,7.28631483,33
1790856000,2393.88,2394.72,2391.11,2392.09,2393.31,17.51977338,44
1790856300,2391.79,2394.27,2391.46,2394.15,2393.73,24.80560234,39
1790856600,2394.89,2395.78,2394.13,2395.11,2394.87,7.85910125,32
1790856900,2394.7,2394.77,2392.48,2394.09,2393.64,3.34930649,19
1790857200,2394.46,2395.31,2392.56,2395.31,2394.19,22.06079252,22
1790857500,2395.39,2397.22,2394.34,2394.94,2395.22,22.9185957,20
1790857800,2395.03,2395.88,2392.1,2395.77,2394.99,16.023306,35
1790858100,2395.48,2395.55,2393.07,2394.81,2395.01,103.49077926,20
1790858400,2396.06,2399.0,2393.8,2394.64,2396.92,74.25889501,37
1790858700,2393.88,2394.46,2389.93,2389.93,2393.89,53.59629696,43
1790859000,2390.79,2392.35,2388.79,2389.4,2390.09,10.91077555,32
1790859300,2389.95,2389.97,2381.63,2384.73,2384.32,56.0216474,100
1790859600,2384.57,2385.33,2379.79,2381.32,2382.41,99.82616833,158
1790859900,2379.73,2383.32,2379.11,2382.4,2381.02,15.02105295,44
1790860200,2380.75,2382.64,2379.02,2379.4,2380.65,4.03582005,20
1790860500,2379.55,2381.86,2378.11,2380.02,2380.16,6.14501838,25
1790860800,2379.87,2381.22,2377.85,2378.53,2380.34,28.80257855,42
1790861100,2379.46,2379.84,2377.52,2378.24,2378.52,20.48321175,62
1790861400,2378.2,2384.02,2376.67,2381.9,2380.11,11.99937347,49
1790861700,2382.15,2390.7,2381.15,2386.69,2383.93,15.77548177,68
1790862000,2386.82,2390.05,2385.03,2389.82,2387.51,8.88235593,51
1790862300,2390.78,2391.4,2383.74,2384.12,2390.71,120.35827347,81
1790862600,2383.08,2387.05,2382.74,2386.75,2385.27,38.67743522,79
1790862900,2387.15,2388.29,2383.44,2386.64,2386.00,30.96805759,45
1790863200,2388.25,2388.49,2377.5,2380.21,2379.05,119.23976772,65
1790863500,2377.57,2389.57,2376.78,2389.51,2382.93,89.69060325,97
1790863800,2388.96,2388.96,2379.85,2380.33,2384.50,27.7008775,34
1790864100,2381.65,2388.59,2380.72,2386.64,2386.80,54.16569763,29
1790864400,2387.13,2387.62,2380.33,2387.34,2382.74,18.66960177,48
1790864700,2386.41,2392.17,2385.34,2390.63,2389.36,38.8148948,41
1790865000,2389.52,2392.03,2388.33,2389.47,2389.66,22.81187425,25
1790865300,2390.72,2394.99,2390.14,2390.68,2393.50,43.04583027,50
1790865600,2390.4,2390.4,2385.16,2387.28,2386.63,37.73465175,50
1790865900,2389.08,2390.51,2380.0,2382.69,2382.75,9.38031337,44
1790866200,2383.65,2384.08,2379.74,2384.03,2382.94,20.69259046,42
1790866500,2383.22,2388.0,2383.22,2386.83,2385.16,13.38519353,37
1790866800,2386.42,2391.56,2385.55,2390.27,2388.95,63.16262639,61
1790867100,2390.36,2392.99,2381.28,2381.28,2386.94,7.73121407,44
1790867400,2380.63,2387.91,2380.0,2387.91,2382.56,34.22295553,36
1790867700,2388.1,2393.59,2386.99,2393.23,2391.74,22.76046507,51
1790868000,2393.6,2393.97,2391.13,2391.13,2393.40,18.05963846,40
1790868300,2389.52,2389.97,2388.21,2389.09,2388.88,8.02665307,32
1790868600,2387.14,2387.14,2379.89,2381.63,2385.50,72.2061418,57
1790868900,2381.25,2382.92,2378.65,2381.5,2380.14,89.97541899,52
1790869200,2381.32,2382.24,2378.17,2380.8,2380.52,8.65349757,25
1790869500,2381.56,2389.62,2380.79,2389.62,2384.50,16.87200575,81
1790869800,2389.86,2390.08,2386.98,2389.24,2388.72,23.91265839,65
1790870100,2389.16,2391.0,2386.28,2386.96,2389.81,18.43369735,46
1790870400,2387.42,2390.77,2386.58,2389.4,2388.39,4.87948964,23
1790870700,2389.96,2393.26,2388.26,2388.26,2390.73,4.24890519,40
1790871000,2388.13,2390.24,2386.83,2390.24,2387.92,11.63505389,41
1790871300,2390.25,2391.62,2386.73,2388.34,2388.69,48.00185013,58
1790871600,2387.88,2388.97,2385.69,2387.99,2387.27,6.3443303,28
1790871900,2387.8,2388.87,2385.23,2388.21,2387.69,70.31475902,45
1790872200,2388.57,2395.03,2388.5,2394.02,2392.04,151.06240886,76
1790872500,2394.67,2397.86,2385.28,2385.84,2392.66,36.1971104,83
1790872800,2387.28,2388.72,2386.07,2388.72,2387.96,1.29839228,16
1790873100,2389.6,2392.74,2388.48,2388.48,2391.05,7.97887258,23
1790873400,2389.04,2389.29,2387.0,2388.4,2388.60,3.78394698,21
1790873700,2387.44,2387.44,2384.52,2386.3,2386.36,2.01691707,12
1790874000,2388.0,2395.32,2387.38,2395.32,2388.53,12.65979684,25
1790874300,2395.33,2396.72,2393.38,2393.38,2396.10,9.78021314,21
1790874600,2393.83,2396.92,2393.24,2396.92,2394.89,29.19530599,55
1790874900,2397.1,2403.92,2397.1,2403.46,2399.65,145.25492073,105
1790875200,2404.0,2404.99,2401.01,2401.01,2403.71,34.70716901,49
1790875500,2403.15,2409.47,2402.88,2408.69,2404.85,21.28178243,36
1790875800,2408.8,2411.92,2405.0,2405.0,2408.93,52.67641366,102
1790876100,2405.46,2408.42,2403.34,2408.42,2406.75,34.22178376,45
1790876400,2407.16,2410.22,2407.16,2410.21,2409.32,35.59978698,41
1790876700,2410.18,2411.0,2408.15,2408.15,2410.03,11.44056826,49
1790877000,2407.92,2408.7,2403.31,2403.32,2406.62,15.64379803,40
1790877300,2403.73,2404.96,2401.86,2403.78,2403.27,11.15921438,73
1790877600,2404.14,2404.14,2400.01,2400.01,2400.87,11.15437633,42
1790877900,2400.52,2402.95,2398.15,2402.75,2399.53,83.28648728,51
1790878200,2402.48,2406.48,2402.48,2403.4,2404.69,2.03215972,27
1790878500,2404.33,2405.59,2402.6,2403.81,2403.94,30.86882168,19
1790878800,2403.9,2407.13,2403.02,2405.77,2404.19,47.61040857,46
1790879100,2405.67,2405.77,2403.05,2403.29,2404.79,6.16713354,20
1790879400,2403.15,2407.0,2403.15,2407.0,2403.70,49.6906898,36
1790879700,2407.8,2415.25,2407.22,2412.2,2411.81,27.79679196,69
1790880000,2412.5,2412.51,2406.05,2406.93,2409.06,11.41838506,16
1790880300,2406.55,2407.33,2401.35,2401.35,2403.34,13.55856006,37
1790880600,2401.21,2401.7,2400.0,2401.32,2401.34,10.27277921,29
1790880900,2401.34,2402.38,2400.85,2401.93,2401.31,29.23546362,28
1790881200,2402.0,2402.51,2400.21,2401.43,2401.79,26.8288341,44
1790881500,2401.64,2405.92,2401.64,2405.27,2403.01,6.08134471,24
1790881800,2405.89,2406.41,2402.28,2403.5,2405.12,4.20436995,26
1790882100,2403.2,2404.65,2402.13,2402.6,2402.95,17.52974214,12
1790882400,2402.47,2402.47,2398.86,2399.03,2401.44,11.47532328,26
1790882700,2398.89,2399.82,2394.59,2394.59,2396.64,4.46208293,23
1790883000,2395.08,2398.48,2394.47,2397.08,2395.55,2.70413385,21
1790883300,2396.83,2397.32,2394.98,2397.32,2395.94,1.44790759,18
1790883600,2396.88,2399.0,2396.05,2398.52,2398.46,17.91729479,20
1790883900,2398.35,2399.49,2397.91,2397.91,2398.48,5.12246407,15
1790884200,2398.04,2401.88,2398.04,2400.23,2399.61,14.2639471,20
1790884500,2399.43,2401.23,2397.87,2401.05,2399.60,6.83541014,23
1790884800,2401.05,2405.36,2401.05,2405.36,2403.75,7.16785452,30
1790885100,2405.36,2405.39,2402.49,2402.85,2403.60,3.85707457,20
1790885400,2402.57,2402.57,2400.29,2401.5,2401.02,9.09122771,41
1790885700,2401.49,2402.73,2401.15,2402.44,2401.70,4.02517946,24
1790886000,2402.95,2403.82,2402.31,2402.31,2402.79,0.71004884,32
1790886300,2402.2,2402.52,2401.13,2401.32,2401.47,7.39325655,23
1790886600,2400.67,2400.95,2400.39,2400.46,2400.53,0.44331423,11
1790886900,2400.54,2400.66,2398.35,2398.41,2399.73,3.07367286,34
1790887200,2398.12,2398.46,2397.55,2398.22,2397.70,2.22087791,15
1790887500,2398.03,2398.48,2396.3,2397.14,2397.54,1.62971807,30
1790887800,2397.32,2399.91,2397.32,2398.94,2398.88,2.64027577,27
1790888100,2399.36,2400.06,2398.98,2398.98,2399.74,0.40000381,15
1790888400,2398.79,2399.28,2398.23,2398.25,2398.83,1.80957895,23
1790888700,2398.11,2399.05,2397.52,2397.52,2398.83,5.3895685,22
1790889000,2397.63,2397.64,2395.8,2395.81,2397.16,6.78932103,35
1790889300,2395.8,2395.8,2394.64,2394.88,2394.75,10.02650331,26
1790889600,2395.22,2397.99,2395.22,2395.66,2396.00,5.6998768,15
1790889900,2395.13,2395.57,2394.51,2394.59,2395.34,3.00926983,21
1790890200,2394.0,2395.29,2393.32,2394.27,2393.96,1.22873844,18
1790890500,2393.86,2394.22,2392.0,2393.28,2392.54,5.32782386,20
1790890800,2392.81,2392.81,2391.0,2391.79,2391.49,2.13974397,13
1790891100,2391.36,2393.8,2391.36,2393.21,2392.09,3.19776532,10
1790891400,2393.41,2394.5,2393.09,2394.43,2393.46,21.31735617,17
1790891700,2393.87,2395.8,2393.87,2395.8,2394.64,18.0674041,20
1790892000,2395.67,2401.0,2395.67,2401.0,2398.73,6.70909139,25
1790892300,2400.89,2401.85,2398.23,2398.23,2400.62,0.54957232,12
1790892600,2398.41,2401.36,2398.41,2400.85,2400.00,1.6420542,14
1790892900,2400.0,2402.13,2399.5,2399.97,2401.42,3.7109478,24
1790893200,2400.29,2401.81,2399.28,2401.15,2400.87,1.4042083,19
1790893500,2400.79,2401.9,2400.66,2400.66,2401.45,0.59265545,10
1790893800,2400.24,2401.01,2399.79,2400.96,2400.22,0.811569,8
1790894100,2400.97,2403.24,2400.97,2402.3,2402.89,18.3813329,21
1790894400,2402.4,2402.82,2401.99,2401.99,2402.10,1.61718362,17
1790894700,2401.15,2401.15,2399.89,2399.94,2400.30,1.61306879,8
1790895000,2399.99,2403.62,2398.64,2403.62,2400.29,1.1638094,13
1790895300,2403.63,2403.63,2402.92,2403.01,2403.39,2.4593642,12
1790895600,2402.01,2403.23,2401.03,2403.23,2401.85,0.34703387,9
1790895900,2402.81,2403.09,2400.71,2400.75,2401.77,0.57392069,9
1790896200,2400.86,2400.89,2399.99,2399.99,2399.99,0.41883375,3
1790896500,2399.97,2400.74,2398.79,2400.74,2399.54,0.87247603,6
1790896800,2402.14,2402.23,2401.54,2401.94,2402.03,0.16906243,6
1790897100,2402.21,2403.83,2402.21,2403.14,2402.40,11.56432384,9
1790897400,2402.53,2404.88,2401.74,2404.88,2403.74,0.69612544,9
1790897700,2406.13,2406.48,2405.0,2406.12,2405.37,4.44745281,14
1790898000,2405.68,2405.68,2404.45,2404.75,2405.00,2.5187877,7
1790898300,2404.74,2404.74,2403.14,2403.14,2403.69,0.2896335,7
1790898600,2403.87,2405.16,2403.87,2404.43,2404.86,2.21767657,9
1790898900,2404.85,2405.55,2404.47,2405.32,2404.83,0.21257385,13
1790899200,2404.19,2404.19,2403.05,2403.23,2403.55,3.45704322,18
1790899500,2402.4,2404.78,2402.4,2403.13,2403.42,0.24544055,13
1790899800,2403.76,2406.68,2403.76,2406.27,2405.64,0.22819591,4
1790900100,2405.21,2408.51,2405.21,2407.52,2407.92,4.09836049,15
1790900400,2407.67,2408.31,2406.19,2408.31,2406.60,1.79434359,13
1790900700,2407.35,2407.35,2406.36,2406.36,2406.81,1.0067719,4
1790901000,2405.79,2405.88,2403.76,2404.3,2404.01,2.60416112,7
1790901300,2404.01,2404.98,2403.33,2403.33,2404.72,0.47575233,6
1790901600,2403.8,2407.38,2403.8,2406.49,2406.38,0.12477601,6
1790901900,2406.99,2406.99,2404.91,2406.89,2406.61,0.21820072,5
1790902200,2407.13,2407.57,2407.13,2407.57,2407.22,0.29995296,4
1790902500,2409.23,2409.23,2407.06,2408.73,2407.81,1.44294681,7
1790902800,2409.15,2409.15,2407.09,2407.09,2407.68,0.87496649,8
1790903100,2406.56,2408.08,2406.55,2406.81,2407.51,2.95957024,14
1790903400,2406.77,2406.77,2404.88,2404.88,2405.58,0.54207222,8
1790903700,2405.11,2407.72,2405.04,2405.04,2405.32,0.81928425,7
1790904000,2403.92,2403.92,2399.31,2403.03,2399.82,2.45132175,9
1790904300,2402.12,2402.7,2401.76,2402.7,2401.85,4.03154176,9
1790904600,2403.43,2404.2,2403.32,2403.32,2403.42,0.25706556,6
1790904900,2403.22,2403.73,2402.62,2403.17,2402.92,1.52196611,11
1790905200,2403.14,2403.14,2402.29,2402.75,2402.53,0.10394717,5
1790905500,2403.19,2403.96,2402.34,2403.93,2403.52,0.3141697,5
1790905800,2408.99,2419.27,2408.8,2417.82,2416.05,51.89569018,49
1790906100,2413.57,2418.02,2413.57,2415.26,2415.05,3.52391925,15
1790906400,2415.0,2415.82,2412.68,2413.22,2414.76,8.17177845,16
1790906700,2415.83,2418.65,2415.83,2418.65,2416.72,1.75084951,12
1790907000,2418.63,2418.77,2415.98,2418.35,2418.22,5.99259067,14
1790907300,2417.84,2418.68,2415.73,2415.85,2416.89,0.65533659,8
1790907600,2415.5,2415.5,2410.98,2411.86,2413.59,1.6190332,8
1790907900,2410.94,2411.86,2410.76,2411.86,2411.22,0.37041072,6
1790908200,2411.16,2411.62,2408.54,2409.72,2410.05,2.18871363,18
