time,open,high,low,close,vwap,volume,count
1790463900,0.2142,0.2144,0.2142,0.2143,0.2143,1362.08736895,4
1790464200,0.2143,0.2143,0.2143,0.2143,0.0000,0.0,0
1790464500,0.2143,0.2143,0.2143,0.2143,0.2143,500.0,1
1790464800,0.2143,0.2143,0.2143,0.2143,0.0000,0.0,0
1790465100,0.2135,0.2135,0.2135,0.2135,0.2135,3185.058548,3
1790465400,0.2135,0.2135,0.2135,0.2135,0.0000,0.0,0
1790465700,0.2135,0.2135,0.2135,0.2135,0.0000,0.0,0
1790466000,0.2134,0.2134,0.2134,0.2134,0.2134,468.60356138,2
1790466300,0.2134,0.2134,0.2134,0.2134,0.2134,375.25773195,1
1790466600,0.2134,0.2134,0.2134,0.2134,0.0000,0.0,0
1790466900,0.2134,0.2134,0.2134,0.2134,0.0000,0.0,0
1790467200,0.2134,0.2134,0.2134,0.2134,0.0000,0.0,0
1790467500,0.2127,0.2127,0.2121,0.2121,0.2121,2624.91170578,7
1790467800,0.2124,0.2124,0.2124,0.2124,0.2124,106.24,1
1790468100,0.2121,0.2121,0.2118,0.2119,0.2120,7477.47849365,13
1790468400,0.2121,0.2121,0.2121,0.2121,0.2121,7475.8984065,6
1790468700,0.2121,0.2121,0.2121,0.2121,0.2121,895.74917492,1
1790469000,0.2124,0.2124,0.2124,0.2124,0.2124,7326.93291874,5
1790469300,0.2124,0.2124,0.2124,0.2124,0.0000,0.0,0
1790469600,0.2111,0.2113,0.2111,0.2112,0.2112,12620.20982063,11
1790469900,0.2114,0.2114,0.2109,0.2109,0.2110,3255.09532007,6
1790470200,0.2109,0.2109,0.2109,0.2109,0.0000,0.0,0
1790470500,0.2109,0.2109,0.2109,0.2109,0.0000,0.0,0
1790470800,0.2109,0.2109,0.2109,0.2109,0.0000,0.0,0
1790471100,0.2109,0.2109,0.2109,0.2109,0.2109,106.24,1
1790471400,0.212,0.212,0.212,0.212,0.2120,106.24,1
1790471700,0.212,0.212,0.212,0.212,0.2120,49.26921263,1
1790472000,0.211,0.211,0.211,0.211,0.2110,40.0,1
1790472300,0.211,0.211,0.211,0.211,0.0000,0.0,0
1790472600,0.211,0.211,0.211,0.211,0.0000,0.0,0
1790472900,0.211,0.211,0.211,0.211,0.0000,0.0,0
1790473200,0.211,0.211,0.211,0.211,0.0000,0.0,0
1790473500,0.213,0.2134,0.213,0.2134,0.2131,9385.10086437,9
1790473800,0.2134,0.2134,0.2134,0.2134,0.0000,0.0,0
1790474100,0.2124,0.2124,0.2124,0.2124,0.2124,37.66478343,1
1790474400,0.2124,0.2124,0.2124,0.2124,0.0000,0.0,0
1790474700,0.2124,0.2124,0.2124,0.2124,0.0000,0.0,0
1790475000,0.2124,0.2124,0.2124,0.2124,0.0000,0.0,0
1790475300,0.2124,0.2124,0.2124,0.2124,0.0000,0.0,0
1790475600,0.2124,0.2124,0.2124,0.2124,0.0000,0.0,0
1790475900,0.2124,0.2124,0.2124,0.2124,0.0000,0.0,0
1790476200,0.2124,0.2124,0.2124,0.2124,0.0000,0.0,0
1790476500,0.2124,0.2124,0.2124,0.2124,0.0000,0.0,0
1790476800,0.2124,0.2124,0.2124,0.2124,0.0000,0.0,0
1790477100,0.2124,0.2124,0.2124,0.2124,0.0000,0.0,0
1790477400,0.2124,0.2124,0.2124,0.2124,0.0000,0.0,0
1790477700,0.2124,0.2124,0.2124,0.2124,0.0000,0.0,0
1790478000,0.2124,0.2124,0.2124,0.2124,0.0000,0.0,0
1790478300,0.2124,0.2124,0.2124,0.2124,0.0000,0.0,0
1790478600,0.2124,0.2124,0.2124,0.2124,0.0000,0.0,0
1790478900,0.2124,0.2124,0.2124,0.2124,0.0000,0.0,0
1790479200,0.2124,0.2124,0.2124,0.2124,0.0000,0.0,0
1790479500,0.2122,0.2122,0.2122,0.2122,0.2122,1000.0,1
1790479800,0.2122,0.2122,0.2122,0.2122,0.0000,0.0,0
1790480100,0.2122,0.2122,0.2122,0.2122,0.0000,0.0,0
1790480400,0.2122,0.2122,0.2122,0.2122,0.0000,0.0,0
1790480700,0.2122,0.2122,0.2122,0.2122,0.0000,0.0,0
1790481000,0.2122,0.2122,0.2122,0.2122,0.0000,0.0,0
1790481300,0.2122,0.2122,0.2122,0.2122,0.0000,0.0,0
1790481600,0.2122,0.2122,0.2122,0.2122,0.0000,0.0,0
1790481900,0.2122,0.2122,0.2122,0.2122,0.0000,0.0,0
1790482200,0.2123,0.2123,0.2123,0.2123,0.2123,1000.0,1
1790482500,0.2123,0.2123,0.2123,0.2123,0.0000,0.0,0
1790482800,0.2123,0.2123,0.2123,0.2123,0.0000,0.0,0
1790483100,0.2123,0.2123,0.2123,0.2123,0.0000,0.0,0
1790483400,0.2123,0.2123,0.2123,0.2123,0.0000,0.0,0
1790483700,0.2111,0.2111,0.2111,0.2111,0.2111,2355.15779557,1
1790484000,0.2111,0.2111,0.2111,0.2111,0.0000,0.0,0
1790484300,0.2107,0.2112,0.2107,0.2109,0.2109,5000.0,5
1790484600,0.2109,0.2109,0.2109,0.2109,0.0000,0.0,0
1790484900,0.2109,0.2109,0.2106,0.2106,0.2107,2000.0,2
1790485200,0.2118,0.2118,0.2118,0.2118,0.2118,1000.0,1
1790485500,0.2123,0.2123,0.2123,0.2123,0.2123,2375.15779556,3
1790485800,0.2123,0.2123,0.2123,0.2123,0.0000,0.0,0
1790486100,0.2116,0.2125,0.2116,0.2124,0.2123,20485.96113963,13
1790486400,0.2121,0.2125,0.2121,0.2125,0.2122,6138.37073197,4
1790486700,0.2125,0.2125,0.2125,0.2125,0.0000,0.0,0
1790487000,0.2125,0.2125,0.2125,0.2125,0.0000,0.0,0
1790487300,0.2136,0.2142,0.2136,0.2142,0.2139,208.87949788,5
1790487600,0.2142,0.2142,0.2142,0.2142,0.0000,0.0,0
1790487900,0.2142,0.2142,0.2142,0.2142,0.0000,0.0,0
1790488200,0.2142,0.2142,0.2142,0.2142,0.0000,0.0,0
1790488500,0.2142,0.2142,0.2142,0.2142,0.0000,0.0,0
1790488800,0.2142,0.2142,0.2142,0.2142,0.0000,0.0,0
1790489100,0.2147,0.2157,0.2147,0.2157,0.2153,2189.39525675,6
1790489400,0.2157,0.2157,0.2157,0.2157,0.0000,0.0,0
1790489700,0.2157,0.2157,0.2157,0.2157,0.2157,1000.0,1
1790490000,0.2157,0.2157,0.2157,0.2157,0.0000,0.0,0
1790490300,0.2166,0.2166,0.2166,0.2166,0.2166,448.06276318,2
1790490600,0.2166,0.2166,0.2158,0.2158,0.2162,900.0545779,4
1790490900,0.2167,0.2167,0.2167,0.2167,0.2167,1000.0,1
1790491200,0.2167,0.2167,0.2167,0.2167,0.2167,22441.16268166,3
1790491500,0.2167,0.2167,0.2167,0.2167,0.0000,0.0,0
1790491800,0.2167,0.2167,0.2167,0.2167,0.0000,0.0,0
1790492100,0.2157,0.2157,0.2157,0.2157,0.2157,300.0,1
1790492400,0.2157,0.2157,0.2151,0.2155,0.2155,827.0863918,4
1790492700,0.2155,0.2155,0.2155,0.2155,0.0000,0.0,0
1790493000,0.2155,0.2155,0.2155,0.2155,0.0000,0.0,0
1790493300,0.2155,0.2155,0.2155,0.2155,0.0000,0.0,0
1790493600,0.2155,0.2155,0.2155,0.2155,0.0000,0.0,0
1790493900,0.2165,0.2165,0.2165,0.2165,0.2165,959.61998173,1
1790494200,0.2165,0.2165,0.2165,0.2165,0.0000,0.0,0
1790494500,0.2165,0.2165,0.2165,0.2165,0.0000,0.0,0
1790494800,0.2175,0.2175,0.2175,0.2175,0.2175,413.91324001,1
1790495100,0.2187,0.2187,0.2187,0.2187,0.2187,20.0,1
1790495400,0.2187,0.2187,0.2187,0.2187,0.0000,0.0,0
1790495700,0.2187,0.2187,0.2187,0.2187,0.0000,0.0,0
1790496000,0.2187,0.2187,0.2187,0.2187,0.0000,0.0,0
1790496300,0.2176,0.2176,0.2176,0.2176,0.2176,27.80330882,1
1790496600,0.2176,0.2176,0.2176,0.2176,0.0000,0.0,0
1790496900,0.2176,0.2176,0.2176,0.2176,0.0000,0.0,0
1790497200,0.2165,0.2165,0.2162,0.2162,0.2162,18590.07120684,9
1790497500,0.2155,0.2155,0.2155,0.2155,0.2155,145.68531696,1
1790497800,0.2155,0.2155,0.2155,0.2155,0.0000,0.0,0
1790498100,0.2164,0.2164,0.2164,0.2164,0.2164,2442.18904,1
1790498400,0.2164,0.2164,0.2164,0.2164,0.0000,0.0,0
1790498700,0.2164,0.2164,0.2164,0.2164,0.0000,0.0,0
1790499000,0.2164,0.2164,0.2164,0.2164,0.0000,0.0,0
1790499300,0.2167,0.2167,0.2167,0.2167,0.2167,4614.67466339,3
1790499600,0.2167,0.2167,0.2167,0.2167,0.0000,0.0,0
1790499900,0.2167,0.2167,0.2167,0.2167,0.0000,0.0,0
1790500200,0.2167,0.2167,0.2167,0.2167,0.0000,0.0,0
1790500500,0.2167,0.2167,0.2167,0.2167,0.0000,0.0,0
1790500800,0.2134,0.2135,0.2134,0.2135,0.2134,183.16121876,2
1790501100,0.2135,0.2135,0.2135,0.2135,0.2135,468.38407494,1
1790501400,0.2135,0.2135,0.2135,0.2135,0.0000,0.0,0
1790501700,0.2135,0.2135,0.2135,0.2135,0.0000,0.0,0
1790502000,0.2135,0.2135,0.2135,0.2135,0.0000,0.0,0
1790502300,0.2156,0.2156,0.2156,0.2156,0.2156,229.59183673,1
1790502600,0.2156,0.2156,0.2156,0.2156,0.0000,0.0,0
1790502900,0.2156,0.2156,0.2156,0.2156,0.0000,0.0,0
1790503200,0.2155,0.2155,0.2155,0.2155,0.2155,27.84222738,1
1790503500,0.2149,0.2151,0.2149,0.2151,0.2150,250.04909761,2
1790503800,0.2156,0.2157,0.2156,0.2157,0.2156,2318.520752,4
1790504100,0.2157,0.2157,0.2157,0.2157,0.0000,0.0,0
1790504400,0.2157,0.2157,0.2157,0.2157,0.0000,0.0,0
1790504700,0.2157,0.2157,0.2157,0.2157,0.0000,0.0,0
1790505000,0.2158,0.2158,0.2158,0.2158,0.2158,229.84244671,1
1790505300,0.2158,0.2158,0.2158,0.2158,0.0000,0.0,0
1790505600,0.2158,0.2158,0.2158,0.2158,0.0000,0.0,0
1790505900,0.2158,0.2158,0.2158,0.2158,0.0000,0.0,0
1790506200,0.2158,0.2158,0.2158,0.2158,0.0000,0.0,0
1790506500,0.2158,0.2158,0.2158,0.2158,0.0000,0.0,0
1790506800,0.2158,0.2158,0.2158,0.2158,0.0000,0.0,0
1790507100,0.2158,0.2158,0.2158,0.2158,0.0000,0.0,0
1790507400,0.2158,0.2158,0.2158,0.2158,0.0000,0.0,0
1790507700,0.2158,0.2158,0.2158,0.2158,0.2158,172.49676,1
1790508000,0.2157,0.2157,0.2157,0.2157,0.2157,139.0,2
1790508300,0.2157,0.2157,0.2157,0.2157,0.0000,0.0,0
1790508600,0.2157,0.2157,0.2157,0.2157,0.0000,0.0,0
1790508900,0.2157,0.2157,0.2157,0.2157,0.0000,0.0,0
1790509200,0.2157,0.2157,0.2157,0.2157,0.0000,0.0,0
1790509500,0.2151,0.2151,0.2145,0.2145,0.2145,2027.24250844,2
1790509800,0.2145,0.2145,0.2145,0.2145,0.0000,0.0,0
1790510100,0.2145,0.2145,0.2145,0.2145,0.0000,0.0,0
1790510400,0.2145,0.2145,0.2145,0.2145,0.0000,0.0,0
1790510700,0.2163,0.2163,0.2163,0.2163,0.2163,50.77156796,1
1790511000,0.2164,0.2165,0.2164,0.2165,0.2164,1721.12806288,3
1790511300,0.2165,0.2165,0.2165,0.2165,0.0000,0.0,0
1790511600,0.2157,0.2157,0.2157,0.2157,0.2157,29.25891209,1
1790511900,0.2157,0.2157,0.2157,0.2157,0.0000,0.0,0
1790512200,0.2154,0.2154,0.2154,0.2154,0.2154,77.53895755,1
1790512500,0.2159,0.2159,0.2158,0.2158,0.2158,4640.37122969,3
1790512800,0.2158,0.2158,0.2158,0.2158,0.0000,0.0,0
1790513100,0.2158,0.2158,0.2158,0.2158,0.0000,0.0,0
1790513400,0.2154,0.2155,0.2154,0.2155,0.2154,69.08,2
1790513700,0.2155,0.2155,0.2155,0.2155,0.0000,0.0,0
1790514000,0.2131,0.2131,0.2131,0.2131,0.2131,23.14814814,1
1790514300,0.2131,0.2131,0.2131,0.2131,0.0000,0.0,0
1790514600,0.2131,0.2299,0.2131,0.2142,0.2170,307017.20184198,84
1790514900,0.2136,0.2151,0.2136,0.2151,0.2146,2931.22614102,9
1790515200,0.2149,0.2149,0.2138,0.2144,0.2140,24595.85789625,7
1790515500,0.2144,0.2144,0.2144,0.2144,0.0000,0.0,0
1790515800,0.2155,0.216,0.2151,0.2151,0.2156,122.49999999,3
1790516100,0.2154,0.2154,0.214,0.2147,0.2140,36937.84365812,37
1790516400,0.2145,0.2145,0.2145,0.2145,0.2145,79.56999999,1
1790516700,0.2145,0.2145,0.2145,0.2145,0.0000,0.0,0
1790517000,0.2148,0.2148,0.2143,0.2143,0.2144,242.40245832,4
1790517300,0.2143,0.2143,0.2143,0.2143,0.2143,45.16907128,1
1790517600,0.2143,0.2143,0.2143,0.2143,0.0000,0.0,0
1790517900,0.2146,0.2146,0.2141,0.2141,0.2143,115.01661853,2
1790518200,0.214,0.214,0.214,0.214,0.2140,77.66338147,2
1790518500,0.2138,0.2139,0.2137,0.2138,0.2138,214.13268475,5
1790518800,0.2132,0.2132,0.2125,0.2125,0.2128,302.96508275,4
1790519100,0.2128,0.2128,0.2128,0.2128,0.2128,1000.0,1
1790519400,0.2139,0.2139,0.2132,0.2132,0.2135,115.69429725,3
1790519700,0.2136,0.2136,0.2128,0.2128,0.2130,218.53999999,4
1790520000,0.213,0.213,0.213,0.213,0.2130,2059.49,2
1790520300,0.2128,0.2128,0.2121,0.2121,0.2123,166.47,3
1790520600,0.2128,0.2128,0.2128,0.2128,0.2128,47.1475719,1
1790520900,0.2126,0.2126,0.2126,0.2126,0.2126,56.22,1
1790521200,0.212,0.212,0.2113,0.2113,0.2116,760.99734528,5
1790521500,0.2113,0.2113,0.2104,0.2109,0.2106,7429.51745221,11
1790521800,0.2109,0.2109,0.2109,0.2109,0.0000,0.0,0
1790522100,0.2109,0.2109,0.2109,0.2109,0.0000,0.0,0
1790522400,0.212,0.2122,0.212,0.2122,0.2120,1800.0,4
1790522700,0.2122,0.2122,0.2122,0.2122,0.0000,0.0,0
1790523000,0.2122,0.2122,0.2122,0.2122,0.0000,0.0,0
1790523300,0.2122,0.2122,0.2122,0.2122,0.0000,0.0,0
1790523600,0.2122,0.2122,0.2122,0.2122,0.0000,0.0,0
1790523900,0.2122,0.2122,0.2122,0.2122,0.0000,0.0,0
1790524200,0.2122,0.2122,0.2122,0.2122,0.0000,0.0,0
1790524500,0.2122,0.2122,0.2122,0.2122,0.0000,0.0,0
1790524800,0.2122,0.2122,0.2122,0.2122,0.0000,0.0,0
1790525100,0.2122,0.2122,0.2122,0.2122,0.0000,0.0,0
1790525400,0.2138,0.2138,0.2138,0.2138,0.2138,56.22,2
1790525700,0.214,0.214,0.214,0.214,0.2140,1055.74766355,1
1790526000,0.2146,0.2146,0.2146,0.2146,0.2146,46.57661854,1
1790526300,0.2146,0.2146,0.2146,0.2146,0.0000,0.0,0
1790526600,0.2145,0.2145,0.2145,0.2145,0.2145,48.71794871,1
1790526900,0.2145,0.2145,0.2145,0.2145,0.0000,0.0,0
1790527200,0.2145,0.2145,0.2145,0.2145,0.0000,0.0,0
1790527500,0.2145,0.2145,0.2145,0.2145,0.0000,0.0,0
1790527800,0.2145,0.2145,0.2145,0.2145,0.0000,0.0,0
1790528100,0.2145,0.2145,0.2145,0.2145,0.0000,0.0,0
1790528400,0.2145,0.2145,0.2145,0.2145,0.0000,0.0,0
1790528700,0.2145,0.2145,0.2145,0.2145,0.0000,0.0,0
1790529000,0.2145,0.2145,0.2145,0.2145,0.0000,0.0,0
1790529300,0.2145,0.2145,0.2145,0.2145,0.0000,0.0,0
1790529600,0.2145,0.2145,0.2145,0.2145,0.0000,0.0,0
1790529900,0.2145,0.2145,0.2145,0.2145,0.0000,0.0,0
1790530200,0.2145,0.2145,0.2145,0.2145,0.0000,0.0,0
1790530500,0.2161,0.2161,0.2155,0.2155,0.2155,329.71363696,2
1790530800,0.2155,0.2155,0.2155,0.2155,0.0000,0.0,0
1790531100,0.2162,0.2162,0.2162,0.2162,0.2162,117.09601874,1
1790531400,0.2162,0.2162,0.2162,0.2162,0.0000,0.0,0
1790531700,0.2166,0.2166,0.2166,0.2166,0.2166,611.40350877,2
1790532000,0.2166,0.2166,0.2161,0.2165,0.2164,5245.89978654,7
1790532300,0.2164,0.2164,0.2164,0.2164,0.2164,206.26707523,1
1790532600,0.2164,0.2164,0.2164,0.2164,0.0000,0.0,0
1790532900,0.2171,0.2171,0.2171,0.2171,0.2171,446.43021649,1
1790533200,0.2171,0.2171,0.2171,0.2171,0.0000,0.0,0
1790533500,0.2171,0.2171,0.2171,0.2171,0.0000,0.0,0
1790533800,0.2171,0.2171,0.2171,0.2171,0.0000,0.0,0
1790534100,0.2171,0.2171,0.2171,0.2171,0.0000,0.0,0
1790534400,0.2171,0.2171,0.2171,0.2171,0.0000,0.0,0
1790534700,0.2171,0.2171,0.2171,0.2171,0.0000,0.0,0
1790535000,0.2167,0.2167,0.2167,0.2167,0.2167,661.25378926,1
1790535300,0.2167,0.2174,0.2165,0.2174,0.2169,24408.68319827,78
1790535600,0.217,0.217,0.2158,0.2158,0.2166,18299.18256056,125
1790535900,0.2158,0.2158,0.2158,0.2158,0.0000,0.0,0
1790536200,0.2157,0.2165,0.2157,0.2165,0.2164,4714.53493087,3
1790536500,0.2166,0.2166,0.2163,0.2164,0.2164,482.71367075,3
1790536800,0.2157,0.216,0.2157,0.216,0.2158,1887.10419755,6
1790537100,0.2162,0.2162,0.2152,0.2158,0.2155,25113.86842229,92
1790537400,0.2155,0.2155,0.2154,0.2154,0.2154,1106.24,2
1790537700,0.2157,0.2157,0.2157,0.2157,0.2157,463.60686138,1
1790538000,0.2161,0.2161,0.2161,0.2161,0.2161,1000.0,1
1790538300,0.2164,0.2164,0.2164,0.2164,0.2164,1000.0,1
1790538600,0.2164,0.2164,0.2164,0.2164,0.0000,0.0,0
1790538900,0.2164,0.2164,0.2164,0.2164,0.0000,0.0,0
1790539200,0.2168,0.218,0.2168,0.2177,0.2176,12841.0126768,34
1790539500,0.2177,0.2177,0.2168,0.2168,0.2173,8178.58390199,15
1790539800,0.2168,0.2168,0.2168,0.2168,0.0000,0.0,0
1790540100,0.2172,0.2172,0.217,0.217,0.2170,1052.22124023,2
1790540400,0.216,0.216,0.216,0.216,0.2160,2243.7037037,2
1790540700,0.216,0.216,0.216,0.216,0.0000,0.0,0
1790541000,0.216,0.216,0.216,0.216,0.0000,0.0,0
1790541300,0.216,0.216,0.216,0.216,0.0000,0.0,0
1790541600,0.216,0.216,0.216,0.216,0.0000,0.0,0
1790541900,0.216,0.216,0.216,0.216,0.0000,0.0,0
1790542200,0.216,0.216,0.216,0.216,0.0000,0.0,0
1790542500,0.2155,0.2155,0.2155,0.2155,0.2155,1160.0928,1
1790542800,0.216,0.216,0.216,0.216,0.2160,14389.7411579,7
1790543100,0.216,0.216,0.216,0.216,0.2160,2334.34169401,2
1790543400,0.216,0.216,0.216,0.216,0.0000,0.0,0
1790543700,0.2169,0.2169,0.2169,0.2169,0.2169,461.7414248,2
1790544000,0.2166,0.2175,0.2166,0.2175,0.2169,1119.22657512,3
1790544300,0.2175,0.2175,0.2175,0.2175,0.0000,0.0,0
1790544600,0.2175,0.2175,0.2175,0.2175,0.0000,0.0,0
1790544900,0.2175,0.2175,0.2175,0.2175,0.0000,0.0,0
1790545200,0.2171,0.2171,0.217,0.217,0.2170,1318.40024555,2
1790545500,0.2175,0.2175,0.2175,0.2175,0.2175,2000.0,1
1790545800,0.2187,0.2188,0.2187,0.2188,0.2187,7972.77571669,7
1790546100,0.2188,0.2188,0.2188,0.2188,0.0000,0.0,0
1790546400,0.2181,0.2188,0.2165,0.2165,0.2183,7417.04292869,8
1790546700,0.2157,0.2158,0.2152,0.2155,0.2155,3897.68712314,17
1790547000,0.2158,0.2158,0.2141,0.2143,0.2151,454.58719645,8
1790547300,0.2143,0.2143,0.2143,0.2143,0.0000,0.0,0
1790547600,0.2143,0.2143,0.2143,0.2143,0.0000,0.0,0
1790547900,0.2143,0.2143,0.2143,0.2143,0.0000,0.0,0
1790548200,0.2143,0.2143,0.2143,0.2143,0.0000,0.0,0
1790548500,0.2152,0.2155,0.2152,0.2155,0.2154,565.8209,3
1790548800,0.2155,0.2155,0.2155,0.2155,0.0000,0.0,0
1790549100,0.2155,0.2155,0.2155,0.2155,0.0000,0.0,0
1790549400,0.2165,0.2168,0.2164,0.2168,0.2166,40116.11263132,471
1790549700,0.217,0.2172,0.217,0.2171,0.2171,5050.0705882,8
1790550000,0.2176,0.2183,0.2176,0.2183,0.2178,5641.77417173,22
1790550300,0.2183,0.2183,0.2183,0.2183,0.0000,0.0,0
1790550600,0.2162,0.2166,0.2162,0.2166,0.2163,121.82325,3
1790550900,0.217,0.217,0.2149,0.2151,0.2157,29925.0226187,73
1790551200,0.215,0.2157,0.2146,0.2154,0.2154,32983.12631157,69
1790551500,0.2153,0.2157,0.2151,0.2151,0.2154,11911.13323745,48
1790551800,0.2153,0.2157,0.2152,0.2154,0.2154,18135.78074056,33
1790552100,0.2154,0.2159,0.2151,0.2158,0.2154,3718.71211315,18
1790552400,0.216,0.216,0.2155,0.2156,0.2156,812.64773764,17
1790552700,0.2157,0.2164,0.2155,0.2162,0.2160,4731.24918547,28
1790553000,0.2164,0.2176,0.2164,0.2176,0.2170,3220.64775264,28
1790553300,0.2178,0.2178,0.2172,0.2172,0.2177,1227.67650114,9
1790553600,0.2173,0.2181,0.2167,0.2167,0.2173,31062.41182391,59
1790553900,0.2165,0.2165,0.2144,0.2144,0.2150,16916.00631622,16
1790554200,0.2146,0.2146,0.2141,0.2144,0.2142,202307.36707372,72
1790554500,0.2144,0.2164,0.2144,0.2164,0.2159,6240.15363545,31
1790554800,0.2171,0.218,0.2169,0.2178,0.2171,1752.40984705,17
1790555100,0.2176,0.2187,0.2176,0.2187,0.2180,1038.24530904,21
1790555400,0.2183,0.2183,0.2159,0.2164,0.2171,3435.86238184,18
1790555700,0.216,0.2162,0.2154,0.2154,0.2158,352.59406291,7
1790556000,0.2153,0.216,0.2151,0.2157,0.2154,1469.24920826,13
1790556300,0.2174,0.2178,0.2173,0.2178,0.2175,192.53543553,4
1790556600,0.2182,0.2182,0.2165,0.2165,0.2174,200.5927985,4
1790556900,0.2164,0.2167,0.2151,0.2151,0.2161,1341.106442,11
1790557200,0.2149,0.2165,0.2149,0.2165,0.2160,20540.57461887,43
1790557500,0.2164,0.2172,0.2151,0.2163,0.2159,686.19788676,12
1790557800,0.2156,0.2156,0.2148,0.2155,0.2150,1565.40395488,14
1790558100,0.2151,0.2161,0.215,0.2155,0.2153,6360.52157552,15
1790558400,0.216,0.2175,0.216,0.2163,0.2163,4735.26789084,12
1790558700,0.2164,0.2171,0.2164,0.2167,0.2167,1843.24350753,7
1790559000,0.2168,0.217,0.2166,0.2166,0.2166,1526.28877044,8
1790559300,0.2162,0.2168,0.2157,0.2157,0.2161,322.30589332,7
1790559600,0.2158,0.2158,0.2142,0.2142,0.2147,711.90814742,9
1790559900,0.2149,0.2154,0.213,0.213,0.2139,14785.82156105,35
1790560200,0.213,0.2154,0.2129,0.2143,0.2146,1352.98203497,21
1790560500,0.2141,0.215,0.2139,0.2143,0.2141,1506.55166384,20
1790560800,0.2142,0.2142,0.2129,0.2131,0.2133,366.40128798,6
1790561100,0.2137,0.215,0.2134,0.2149,0.2145,788.57821518,6
1790561400,0.216,0.216,0.216,0.216,0.2160,83.187,1
1790561700,0.2162,0.2162,0.2162,0.2162,0.2162,1165.63116367,1
1790562000,0.216,0.2166,0.216,0.2166,0.2162,13244.17342871,11
1790562300,0.2171,0.2171,0.2171,0.2171,0.2171,224.3512,1
1790562600,0.2157,0.2157,0.2145,0.2145,0.2150,3757.96561989,14
1790562900,0.2146,0.2147,0.214,0.214,0.2146,956.43875399,5
1790563200,0.2138,0.2146,0.2138,0.2146,0.2139,2493.045665,5
1790563500,0.2139,0.2139,0.2135,0.2135,0.2137,184.7136,5
1790563800,0.2131,0.2136,0.2131,0.2136,0.2135,1337.31215402,4
1790564100,0.2129,0.2129,0.2125,0.2125,0.2126,7635.33927364,23
1790564400,0.2129,0.2136,0.2126,0.2134,0.2130,5690.21340949,22
1790564700,0.2135,0.2135,0.2132,0.2133,0.2133,1994.59889203,11
1790565000,0.2135,0.2135,0.2119,0.2124,0.2124,601.44483524,9
1790565300,0.2116,0.2127,0.2116,0.2127,0.2121,634.67599144,9
1790565600,0.2125,0.2127,0.2123,0.2125,0.2124,2866.83062559,13
1790565900,0.2125,0.2125,0.2106,0.2109,0.2112,9609.71285016,33
1790566200,0.2112,0.2112,0.2088,0.2098,0.2101,17191.91701191,40
1790566500,0.2097,0.2116,0.2097,0.2116,0.2107,151.90053926,3
1790566800,0.2118,0.2127,0.2111,0.2126,0.2121,10813.54713155,13
1790567100,0.2123,0.2127,0.2121,0.2127,0.2121,1002.59274973,5
1790567400,0.2127,0.2127,0.2127,0.2127,0.2127,106.24,1
1790567700,0.2112,0.2112,0.2107,0.2107,0.2109,681.80963196,13
1790568000,0.2098,0.21,0.2089,0.2089,0.2098,2401.61237218,11
1790568300,0.2096,0.2107,0.2096,0.2107,0.2102,3451.29532337,15
1790568600,0.2106,0.2106,0.2103,0.2103,0.2103,1243.86203097,8
1790568900,0.2103,0.2104,0.2099,0.2104,0.2103,423.6327,4
1790569200,0.2118,0.2118,0.2118,0.2118,0.2118,47.4609,1
1790569500,0.2121,0.2121,0.2107,0.2107,0.2111,2028.16282798,9
1790569800,0.2107,0.2107,0.2107,0.2107,0.0000,0.0,0
1790570100,0.2097,0.2105,0.2097,0.2105,0.2102,326.62871655,6
1790570400,0.2106,0.2111,0.2106,0.211,0.2109,175.2769,3
1790570700,0.2108,0.2108,0.2103,0.2103,0.2105,470.94698798,6
1790571000,0.2108,0.2112,0.2108,0.2112,0.2108,201.1618,3
1790571300,0.2112,0.2119,0.2112,0.2116,0.2116,1113.170494,11
1790571600,0.2116,0.2122,0.2105,0.2108,0.2115,7024.15614919,23
1790571900,0.2105,0.2108,0.2091,0.2091,0.2099,6788.25507786,17
1790572200,0.209,0.2096,0.2077,0.2079,0.2084,5728.00810961,33
1790572500,0.2081,0.2081,0.2063,0.2071,0.2071,24250.00869623,55
1790572800,0.2072,0.2072,0.2066,0.2069,0.2070,1266.99871579,9
1790573100,0.2068,0.2073,0.2064,0.2066,0.2067,6499.24756498,18
1790573400,0.2067,0.2067,0.204,0.2042,0.2054,33891.00242937,46
1790573700,0.2044,0.2046,0.2041,0.2043,0.2042,1475.99504893,7
1790574000,0.2045,0.2063,0.2045,0.206,0.2048,3727.84452416,12
1790574300,0.2071,0.2071,0.2066,0.2066,0.2067,973.96119129,8
1790574600,0.2067,0.2067,0.206,0.206,0.2060,451.96220525,4
1790574900,0.2064,0.2081,0.2064,0.2078,0.2079,16424.48793437,21
1790575200,0.2077,0.2077,0.2072,0.2072,0.2075,238.64054881,5
1790575500,0.2086,0.2087,0.2079,0.2087,0.2080,2225.78959501,7
1790575800,0.2089,0.2091,0.2078,0.2078,0.2089,3005.74558648,9
1790576100,0.2071,0.2071,0.2061,0.2061,0.2066,609.66766798,7
1790576400,0.2056,0.2059,0.2055,0.2056,0.2055,792.41204326,10
1790576700,0.2056,0.2057,0.205,0.2052,0.2050,4512.08284165,17
1790577000,0.2051,0.206,0.205,0.206,0.2050,8008.41870737,15
1790577300,0.2055,0.2059,0.2055,0.2059,0.2056,300.3052,3
1790577600,0.2052,0.2052,0.2052,0.2052,0.2052,122.8664,1
1790577900,0.2063,0.2065,0.2063,0.2064,0.2064,6949.96268263,12
1790578200,0.2064,0.2064,0.2064,0.2064,0.0000,0.0,0
1790578500,0.2053,0.2053,0.2052,0.2052,0.2052,2239.30233173,8
1790578800,0.2053,0.2065,0.2053,0.2062,0.2060,810.97763514,8
1790579100,0.2062,0.2062,0.2062,0.2062,0.0000,0.0,0
1790579400,0.2045,0.2045,0.2044,0.2045,0.2044,823.50617915,5
1790579700,0.2045,0.2053,0.2045,0.2046,0.2049,50094.9218,21
1790580000,0.2047,0.2058,0.2029,0.2031,0.2046,489989.79856693,277
1790580300,0.2031,0.2057,0.2028,0.2029,0.2042,195381.67309234,137
1790580600,0.203,0.2032,0.2026,0.2028,0.2028,1950.0869,16
1790580900,0.2037,0.2046,0.2032,0.2032,0.2043,127677.81107338,93
1790581200,0.2034,0.2035,0.2032,0.2032,0.2033,1811.06371934,13
1790581500,0.203,0.203,0.202,0.202,0.2024,2190.54664775,17
1790581800,0.2024,0.2026,0.2022,0.2023,0.2023,1034.98856857,11
1790582100,0.2023,0.2023,0.2023,0.2023,0.0000,0.0,0
1790582400,0.2023,0.2023,0.2023,0.2023,0.0000,0.0,0
1790582700,0.2031,0.2032,0.2031,0.2032,0.2031,1230.33831575,3
1790583000,0.2031,0.2043,0.2031,0.2043,0.2031,1048.41418884,5
1790583300,0.2043,0.2043,0.2043,0.2043,0.0000,0.0,0
1790583600,0.204,0.204,0.204,0.204,0.2040,1492.53731344,2
1790583900,0.204,0.204,0.204,0.204,0.0000,0.0,0
1790584200,0.204,0.204,0.204,0.204,0.0000,0.0,0
1790584500,0.2031,0.2031,0.2024,0.2025,0.2025,7494.8391014,9
1790584800,0.2025,0.2027,0.2025,0.2027,0.2026,193.67169399,2
1790585100,0.2026,0.2026,0.2026,0.2026,0.2026,259.9409,3
1790585400,0.2024,0.203,0.2022,0.203,0.2028,8127.01631319,15
1790585700,0.2034,0.2034,0.2034,0.2034,0.2034,481.80924288,3
1790586000,0.2037,0.2037,0.2005,0.2007,0.2018,32371.95827611,60
1790586300,0.2006,0.2011,0.2002,0.2002,0.2005,10571.50197494,17
1790586600,0.2002,0.2016,0.2,0.2016,0.2009,3845.77439456,16
1790586900,0.2025,0.2039,0.2025,0.2028,0.2033,1694.70375264,18
1790587200,0.2036,0.2036,0.2019,0.2019,0.2028,16229.88675982,40
1790587500,0.2013,0.2013,0.2009,0.2009,0.2009,687.660486,6
1790587800,0.2009,0.2009,0.2,0.2,0.2005,1066.985816,5
1790588100,0.2003,0.2004,0.2,0.2,0.2000,5951.49237432,18
1790588400,0.2,0.2001,0.1997,0.1997,0.1998,983.75701398,15
1790588700,0.1997,0.2005,0.1997,0.2005,0.1997,1107.614926,5
1790589000,0.1999,0.1999,0.1999,0.1999,0.1999,50.0,1
1790589300,0.1999,0.1999,0.1999,0.1999,0.1999,204.7381,3
1790589600,0.2016,0.2018,0.2016,0.2018,0.2017,317.2460879,5
1790589900,0.202,0.2025,0.2008,0.201,0.2023,31068.26288427,25
1790590200,0.2001,0.2007,0.1999,0.2007,0.2002,286.8659,4
1790590500,0.2007,0.2007,0.2007,0.2007,0.0000,0.0,0
1790590800,0.2011,0.2012,0.2007,0.2012,0.2007,30666.60146747,19
1790591100,0.2017,0.2019,0.2017,0.2018,0.2017,450.43200479,5
1790591400,0.2022,0.2032,0.2018,0.2032,0.2023,1532.30952891,8
1790591700,0.2033,0.2035,0.2032,0.2034,0.2034,6965.73968356,15
1790592000,0.2031,0.2031,0.203,0.203,0.2030,88.0,3
1790592300,0.203,0.203,0.203,0.203,0.0000,0.0,0
1790592600,0.2023,0.2027,0.2023,0.2026,0.2025,552.55995171,7
1790592900,0.2021,0.2023,0.2021,0.2023,0.2022,366.1809,3
1790593200,0.2024,0.2035,0.2019,0.2035,0.2026,23572.1840589,25
1790593500,0.2038,0.2038,0.2038,0.2038,0.2038,167.4421,1
1790593800,0.2038,0.2038,0.2038,0.2038,0.2038,170.85917566,2
1790594100,0.2038,0.2038,0.2038,0.2038,0.0000,0.0,0
1790594400,0.2044,0.2051,0.2044,0.2051,0.2046,886.16622023,5
1790594700,0.2045,0.2045,0.2045,0.2045,0.2045,3819.2249,1
1790595000,0.2047,0.2047,0.2047,0.2047,0.2047,47.4609,1
1790595300,0.2053,0.2054,0.2053,0.2054,0.2053,48.70859718,2
1790595600,0.2052,0.2052,0.2052,0.2052,0.2052,47.4609,1
1790595900,0.2052,0.2052,0.2052,0.2052,0.0000,0.0,0
1790596200,0.2052,0.2052,0.2052,0.2052,0.0000,0.0,0
1790596500,0.2052,0.2052,0.2052,0.2052,0.0000,0.0,0
1790596800,0.2056,0.2068,0.2053,0.2068,0.2059,2354.66462857,13
1790597100,0.2088,0.2088,0.2088,0.2088,0.2088,153.70089998,2
1790597400,0.2091,0.2092,0.2091,0.2092,0.2091,473.53846348,3
1790597700,0.2092,0.2103,0.2092,0.2103,0.2097,1821.53268279,11
1790598000,0.2103,0.2103,0.2103,0.2103,0.0000,0.0,0
1790598300,0.2095,0.2097,0.2087,0.2097,0.2094,6450.9047461,14
1790598600,0.2086,0.2086,0.2085,0.2085,0.2085,73.31557189,2
1790598900,0.2094,0.2094,0.2093,0.2093,0.2093,366.15102254,3
1790599200,0.2092,0.2092,0.2086,0.2086,0.2087,9865.87953955,19
1790599500,0.2086,0.2086,0.2086,0.2086,0.0000,0.0,0
1790599800,0.2092,0.2092,0.2092,0.2092,0.2092,106.23999999,2
1790600100,0.2092,0.2092,0.2092,0.2092,0.0000,0.0,0
1790600400,0.2098,0.2099,0.2098,0.2098,0.2098,2040.22523154,14
1790600700,0.2098,0.2098,0.2098,0.2098,0.0000,0.0,0
1790601000,0.2098,0.2098,0.2098,0.2098,0.0000,0.0,0
1790601300,0.2104,0.2104,0.2104,0.2104,0.2104,2012.51272463,4
1790601600,0.2104,0.2104,0.2104,0.2104,0.0000,0.0,0
1790601900,0.2106,0.211,0.2106,0.211,0.2109,257.44204696,5
1790602200,0.2111,0.2111,0.2086,0.2086,0.2091,1251.85984,16
1790602500,0.2095,0.2101,0.2095,0.2101,0.2095,1491.05335707,5
1790602800,0.2101,0.2101,0.2101,0.2101,0.0000,0.0,0
1790603100,0.2098,0.2098,0.2097,0.2098,0.2097,201.16179998,3
1790603400,0.2081,0.2089,0.2081,0.2089,0.2086,13435.51419578,12
1790603700,0.2092,0.2092,0.2091,0.2091,0.2091,160.71235109,2
1790604000,0.2075,0.2075,0.2075,0.2075,0.2075,1962.21686746,3
1790604300,0.2058,0.2061,0.2058,0.206,0.2058,692.79342251,5
1790604600,0.206,0.206,0.206,0.206,0.0000,0.0,0
1790604900,0.205,0.205,0.2038,0.2038,0.2044,2591.18589055,6
1790605200,0.2038,0.2038,0.2038,0.2038,0.0000,0.0,0
1790605500,0.2031,0.2031,0.202,0.202,0.2022,3208.35711282,6
1790605800,0.2026,0.2029,0.2026,0.2029,0.2027,1233.01368379,7
1790606100,0.2029,0.2029,0.2029,0.2029,0.0000,0.0,0
1790606400,0.2011,0.2011,0.2011,0.2011,0.2011,70.0,2
1790606700,0.2011,0.2011,0.2011,0.2011,0.0000,0.0,0
1790607000,0.2,0.2,0.1996,0.1999,0.1996,585.49400939,4
1790607300,0.2005,0.2006,0.1991,0.2002,0.2000,52413.94814784,32
1790607600,0.201,0.201,0.2005,0.2005,0.2007,94.92179999,2
1790607900,0.199,0.199,0.199,0.199,0.1990,2403.84615391,3
1790608200,0.199,0.199,0.199,0.199,0.0000,0.0,0
1790608500,0.1978,0.1978,0.1976,0.1977,0.1977,5590.81578404,16
1790608800,0.1983,0.1988,0.1982,0.1988,0.1984,362.48,5
1790609100,0.1996,0.1996,0.1995,0.1995,0.1995,587.92585088,7
1790609400,0.1994,0.2001,0.1994,0.2001,0.1997,85.82292992,3
1790609700,0.2003,0.2003,0.2003,0.2003,0.2003,106.24,1
1790610000,0.2003,0.2003,0.2003,0.2003,0.0000,0.0,0
1790610300,0.2003,0.2003,0.2003,0.2003,0.0000,0.0,0
1790610600,0.2003,0.2003,0.2003,0.2003,0.0000,0.0,0
1790610900,0.2003,0.2003,0.2003,0.2003,0.0000,0.0,0
1790611200,0.2018,0.2018,0.2013,0.2016,0.2015,850.5398875,6
1790611500,0.2011,0.2011,0.2011,0.2011,0.2011,106.24,1
1790611800,0.2018,0.2032,0.2018,0.2023,0.2028,30226.05355431,17
1790612100,0.2017,0.2017,0.2017,0.2017,0.2017,76.58107761,1
1790612400,0.2035,0.2045,0.2035,0.2045,0.2035,3745.4306,11
1790612700,0.2055,0.2065,0.2055,0.2062,0.2056,2781.7622247,4
1790613000,0.2059,0.2061,0.2044,0.2044,0.2058,2335.31001916,6
1790613300,0.2042,0.2042,0.2042,0.2042,0.2042,76.09513518,2
1790613600,0.2042,0.2042,0.2042,0.2042,0.0000,0.0,0
1790613900,0.2042,0.2042,0.2042,0.2042,0.0000,0.0,0
1790614200,0.2019,0.2019,0.2018,0.2018,0.2018,330.85429912,2
1790614500,0.2018,0.2018,0.2018,0.2018,0.0000,0.0,0
1790614800,0.2019,0.2019,0.2019,0.2019,0.2019,447.9347,7
1790615100,0.2016,0.2036,0.2015,0.2015,0.2025,68434.42109441,23
1790615400,0.2013,0.2047,0.2012,0.2045,0.2025,1313.64571783,11
1790615700,0.2059,0.2062,0.2059,0.2062,0.2061,1935.61460107,5
1790616000,0.2044,0.2046,0.2044,0.2046,0.2045,212.48,3
1790616300,0.2045,0.2046,0.204,0.2046,0.2044,418.471,5
1790616600,0.2055,0.2056,0.2047,0.2047,0.2048,1240.34174219,8
1790616900,0.2047,0.2047,0.2047,0.2047,0.0000,0.0,0
1790617200,0.2047,0.2047,0.2047,0.2047,0.0000,0.0,0
1790617500,0.2044,0.2044,0.2043,0.2043,0.2043,200.0,4
1790617800,0.205,0.2053,0.205,0.2053,0.2051,1025.62671737,10
1790618100,0.2053,0.2053,0.2053,0.2053,0.0000,0.0,0
1790618400,0.2053,0.2053,0.2053,0.2053,0.0000,0.0,0
1790618700,0.2063,0.2063,0.2057,0.2057,0.2058,14478.54323343,16
1790619000,0.2063,0.2065,0.2063,0.2065,0.2064,1162.87039007,8
1790619300,0.2058,0.2058,0.2058,0.2058,0.2058,24.29543246,1
1790619600,0.2047,0.2047,0.2046,0.2046,0.2046,123.5239951,3
1790619900,0.2061,0.2061,0.2059,0.2059,0.2060,267.35153848,3
1790620200,0.2059,0.2059,0.2059,0.2059,0.0000,0.0,0
1790620500,0.2059,0.2059,0.2059,0.2059,0.0000,0.0,0
1790620800,0.2055,0.2055,0.2055,0.2055,0.2055,47.4609,1
1790621100,0.2055,0.2055,0.2055,0.2055,0.0000,0.0,0
1790621400,0.2055,0.2055,0.2055,0.2055,0.0000,0.0,0
1790621700,0.2055,0.2055,0.2055,0.2055,0.0000,0.0,0
1790622000,0.2057,0.2057,0.2057,0.2057,0.2057,58.7791,1
1790622300,0.2047,0.2047,0.2047,0.2047,0.2047,2686.85881778,5
1790622600,0.2038,0.2038,0.2038,0.2038,0.2038,48.3346,1
1790622900,0.2038,0.2038,0.2038,0.2038,0.0000,0.0,0
1790623200,0.2038,0.204,0.2038,0.2038,0.2038,2166.04737599,7
1790623500,0.2038,0.2038,0.2038,0.2038,0.0000,0.0,0
1790623800,0.2039,0.2039,0.2039,0.2039,0.2039,43.17752664,1
1790624100,0.2038,0.2038,0.203,0.203,0.2030,26750.35703098,17
1790624400,0.2016,0.2016,0.2015,0.2015,0.2015,102.66046188,2
1790624700,0.2022,0.2022,0.2009,0.2009,0.2020,2542.52449493,7
1790625000,0.2009,0.2009,0.2009,0.2009,0.0000,0.0,0
1790625300,0.2009,0.2009,0.2009,0.2009,0.0000,0.0,0
1790625600,0.2009,0.2009,0.2009,0.2009,0.0000,0.0,0
1790625900,0.2009,0.2009,0.2009,0.2009,0.0000,0.0,0
1790626200,0.2033,0.2034,0.2033,0.2034,0.2033,500.0,3
1790626500,0.2034,0.2034,0.2034,0.2034,0.0000,0.0,0
1790626800,0.2034,0.2034,0.2034,0.2034,0.0000,0.0,0
1790627100,0.2034,0.2034,0.2034,0.2034,0.0000,0.0,0
1790627400,0.2034,0.2034,0.2034,0.2034,0.0000,0.0,0
1790627700,0.2034,0.2034,0.2034,0.2034,0.0000,0.0,0
1790628000,0.2034,0.2034,0.2034,0.2034,0.0000,0.0,0
1790628300,0.2034,0.2034,0.2034,0.2034,0.0000,0.0,0
1790628600,0.2025,0.2025,0.2024,0.2024,0.2024,49.43153732,2
1790628900,0.2036,0.204,0.2036,0.204,0.2038,1025.28680588,6
1790629200,0.2043,0.2043,0.2043,0.2043,0.2043,106.24,1
1790629500,0.2037,0.2037,0.2037,0.2037,0.2037,106.24,1
1790629800,0.2024,0.2024,0.202,0.202,0.2021,5572.84976165,6
1790630100,0.2016,0.2016,0.2012,0.2012,0.2014,867.2864179,3
1790630400,0.2012,0.2012,0.2012,0.2012,0.0000,0.0,0
1790630700,0.2012,0.2012,0.2012,0.2012,0.0000,0.0,0
1790631000,0.2012,0.2012,0.2012,0.2012,0.0000,0.0,0
1790631300,0.2012,0.2012,0.2012,0.2012,0.0000,0.0,0
1790631600,0.1998,0.1998,0.1992,0.1992,0.1997,2062.09959029,2
1790631900,0.1993,0.1993,0.1986,0.1986,0.1987,1941.0569155,4
1790632200,0.1983,0.1983,0.1983,0.1983,0.1983,80.68582955,1
1790632500,0.1989,0.1989,0.1989,0.1989,0.1989,200.0,1
1790632800,0.1988,0.1988,0.1975,0.1977,0.1982,2564.44523323,6
1790633100,0.1975,0.1975,0.1975,0.1975,0.1975,94.73292479,1
1790633400,0.1969,0.1969,0.1969,0.1969,0.1969,1556.8223,1
1790633700,0.1969,0.1969,0.1969,0.1969,0.0000,0.0,0
1790634000,0.1969,0.1969,0.1969,0.1969,0.0000,0.0,0
1790634300,0.1969,0.1969,0.1969,0.1969,0.0000,0.0,0
1790634600,0.1969,0.1969,0.1969,0.1969,0.0000,0.0,0
1790634900,0.1969,0.1969,0.1969,0.1969,0.0000,0.0,0
1790635200,0.1983,0.1983,0.1983,0.1983,0.1983,180.0,1
1790635500,0.1983,0.1983,0.1983,0.1983,0.0000,0.0,0
1790635800,0.1994,0.1994,0.1994,0.1994,0.1994,451.16552665,2
1790636100,0.1994,0.1994,0.1994,0.1994,0.0000,0.0,0
1790636400,0.1994,0.1994,0.1994,0.1994,0.0000,0.0,0
1790636700,0.1994,0.1994,0.1994,0.1994,0.0000,0.0,0
1790637000,0.1993,0.1993,0.1993,0.1993,0.1993,196.18665329,1
1790637300,0.1996,0.1996,0.1996,0.1996,0.1996,846.94388778,1
1790637600,0.2006,0.201,0.2006,0.201,0.2009,8027.23125582,7
1790637900,0.201,0.201,0.201,0.201,0.0000,0.0,0
1790638200,0.201,0.201,0.201,0.201,0.0000,0.0,0
1790638500,0.1994,0.1994,0.1994,0.1994,0.1994,2507.52256,2
1790638800,0.2005,0.2006,0.2005,0.2006,0.2005,2493.14400936,2
1790639100,0.2006,0.2006,0.2006,0.2006,0.0000,0.0,0
1790639400,0.2006,0.2006,0.2006,0.2006,0.0000,0.0,0
1790639700,0.2006,0.2006,0.2006,0.2006,0.0000,0.0,0
1790640000,0.2006,0.2006,0.2006,0.2006,0.0000,0.0,0
1790640300,0.2006,0.2006,0.2006,0.2006,0.0000,0.0,0
1790640600,0.2006,0.2006,0.2006,0.2006,0.0000,0.0,0
1790640900,0.2006,0.2006,0.2006,0.2006,0.0000,0.0,0
1790641200,0.2006,0.2006,0.2006,0.2006,0.0000,0.0,0
1790641500,0.2006,0.2006,0.2006,0.2006,0.0000,0.0,0
1790641800,0.2006,0.2006,0.2006,0.2006,0.0000,0.0,0
1790642100,0.2006,0.2006,0.2006,0.2006,0.0000,0.0,0
1790642400,0.2006,0.2006,0.2006,0.2006,0.0000,0.0,0
1790642700,0.2006,0.2006,0.2006,0.2006,0.0000,0.0,0
1790643000,0.2006,0.2006,0.2006,0.2006,0.0000,0.0,0
1790643300,0.1978,0.1983,0.1978,0.1983,0.1980,15000.0,5
1790643600,0.1983,0.1983,0.1983,0.1983,0.0000,0.0,0
1790643900,0.1977,0.1977,0.1957,0.1957,0.1963,5505.50408565,11
1790644200,0.1957,0.1961,0.1957,0.1961,0.1958,534.08843766,4
1790644500,0.195,0.195,0.195,0.195,0.1950,778.25641026,4
1790644800,0.195,0.195,0.195,0.195,0.0000,0.0,0
1790645100,0.195,0.195,0.195,0.195,0.0000,0.0,0
1790645400,0.195,0.195,0.195,0.195,0.0000,0.0,0
1790645700,0.1934,0.1934,0.1934,0.1934,0.1934,93.21627854,1
1790646000,0.1943,0.1943,0.1943,0.1943,0.1943,1237.75141825,1
1790646300,0.1943,0.1943,0.1943,0.1943,0.0000,0.0,0
1790646600,0.1943,0.1943,0.1943,0.1943,0.0000,0.0,0
1790646900,0.1959,0.1959,0.1959,0.1959,0.1959,50.17650025,1
1790647200,0.1959,0.1959,0.1959,0.1959,0.0000,0.0,0
1790647500,0.1959,0.1959,0.1959,0.1959,0.0000,0.0,0
1790647800,0.193,0.1934,0.1927,0.1932,0.1930,7336.16659253,14
1790648100,0.1932,0.1932,0.1932,0.1932,0.0000,0.0,0
1790648400,0.1937,0.1937,0.1937,0.1937,0.1937,1940.0,1
1790648700,0.1937,0.1937,0.1937,0.1937,0.0000,0.0,0
1790649000,0.1937,0.1937,0.1937,0.1937,0.0000,0.0,0
1790649300,0.1935,0.1935,0.1935,0.1935,0.1935,106.24,1
1790649600,0.1935,0.1935,0.1935,0.1935,0.0000,0.0,0
1790649900,0.1935,0.1935,0.1935,0.1935,0.0000,0.0,0
1790650200,0.1935,0.1935,0.1935,0.1935,0.0000,0.0,0
1790650500,0.1935,0.1935,0.1935,0.1935,0.0000,0.0,0
1790650800,0.1935,0.1935,0.1935,0.1935,0.0000,0.0,0
1790651100,0.1935,0.1935,0.1935,0.1935,0.0000,0.0,0
1790651400,0.1935,0.1935,0.1935,0.1935,0.0000,0.0,0
1790651700,0.1935,0.1935,0.1935,0.1935,0.0000,0.0,0
1790652000,0.1935,0.1935,0.1935,0.1935,0.0000,0.0,0
1790652300,0.1935,0.1935,0.1935,0.1935,0.0000,0.0,0
1790652600,0.1935,0.1935,0.1935,0.1935,0.0000,0.0,0
1790652900,0.1971,0.1971,0.1971,0.1971,0.1971,271.63876205,1
1790653200,0.1971,0.1971,0.1971,0.1971,0.0000,0.0,0
1790653500,0.1971,0.1971,0.1971,0.1971,0.0000,0.0,0
1790653800,0.1971,0.1971,0.1971,0.1971,0.0000,0.0,0
1790654100,0.1971,0.1971,0.1971,0.1971,0.0000,0.0,0
1790654400,0.1971,0.1971,0.1971,0.1971,0.0000,0.0,0
1790654700,0.1971,0.1971,0.1971,0.1971,0.0000,0.0,0
1790655000,0.1971,0.1971,0.1971,0.1971,0.0000,0.0,0
1790655300,0.1971,0.1971,0.1971,0.1971,0.0000,0.0,0
1790655600,0.1971,0.1971,0.1971,0.1971,0.0000,0.0,0
1790655900,0.1971,0.1971,0.1971,0.1971,0.0000,0.0,0
1790656200,0.1969,0.1969,0.1969,0.1969,0.1969,125.77348908,1
1790656500,0.1967,0.1967,0.1962,0.1962,0.1965,7100.0,4
1790656800,0.1962,0.1962,0.1962,0.1962,0.0000,0.0,0
1790657100,0.1962,0.1962,0.1962,0.1962,0.0000,0.0,0
1790657400,0.1962,0.1962,0.1962,0.1962,0.0000,0.0,0
1790657700,0.1962,0.1962,0.1962,0.1962,0.0000,0.0,0
1790658000,0.1962,0.1962,0.1962,0.1962,0.0000,0.0,0
1790658300,0.1962,0.1962,0.1962,0.1962,0.0000,0.0,0
1790658600,0.1962,0.1962,0.1962,0.1962,0.0000,0.0,0
1790658900,0.1962,0.1962,0.1962,0.1962,0.0000,0.0,0
1790659200,0.1962,0.1962,0.1962,0.1962,0.0000,0.0,0
1790659500,0.1982,0.1982,0.1982,0.1982,0.1982,1038.30645161,1
1790659800,0.1982,0.1982,0.1982,0.1982,0.0000,0.0,0
1790660100,0.1982,0.1982,0.1982,0.1982,0.0000,0.0,0
1790660400,0.1982,0.1982,0.1982,0.1982,0.0000,0.0,0
1790660700,0.1982,0.1982,0.1982,0.1982,0.0000,0.0,0
1790661000,0.1982,0.1982,0.1982,0.1982,0.0000,0.0,0
1790661300,0.1982,0.1982,0.1982,0.1982,0.0000,0.0,0
1790661600,0.1982,0.1982,0.1982,0.1982,0.0000,0.0,0
1790661900,0.1982,0.1982,0.1982,0.1982,0.0000,0.0,0
1790662200,0.1986,0.1986,0.1986,0.1986,0.1986,781.196315,1
1790662500,0.1986,0.1986,0.1986,0.1986,0.1986,50.75816235,1
1790662800,0.1986,0.1986,0.1986,0.1986,0.0000,0.0,0
1790663100,0.1986,0.1986,0.1986,0.1986,0.0000,0.0,0
1790663400,0.2007,0.2007,0.2006,0.2007,0.2006,6024.69199909,3
1790663700,0.2007,0.2007,0.2007,0.2007,0.0000,0.0,0
1790664000,0.2007,0.2007,0.2007,0.2007,0.0000,0.0,0
1790664300,0.2007,0.2007,0.2007,0.2007,0.0000,0.0,0
1790664600,0.2007,0.2007,0.2007,0.2007,0.0000,0.0,0
1790664900,0.2019,0.2078,0.2019,0.2033,0.2047,203990.5672532,146
1790665200,0.2035,0.2041,0.1991,0.2015,0.2012,210162.27212984,117
1790665500,0.2005,0.2005,0.2005,0.2005,0.2005,770.71792896,1
1790665800,0.2005,0.2005,0.2005,0.2005,0.0000,0.0,0
1790666100,0.2005,0.2005,0.2005,0.2005,0.0000,0.0,0
1790666400,0.2005,0.2005,0.2005,0.2005,0.0000,0.0,0
1790666700,0.2027,0.2027,0.2027,0.2027,0.2027,2466.69955599,1
1790667000,0.2027,0.2027,0.2027,0.2027,0.2027,192.89590528,1
1790667300,0.2027,0.2027,0.2027,0.2027,0.0000,0.0,0
1790667600,0.2027,0.2027,0.2027,0.2027,0.0000,0.0,0
1790667900,0.2027,0.2027,0.2027,0.2027,0.0000,0.0,0
1790668200,0.2027,0.2027,0.2027,0.2027,0.0000,0.0,0
1790668500,0.2027,0.2027,0.2027,0.2027,0.0000,0.0,0
1790668800,0.2027,0.2027,0.2027,0.2027,0.0000,0.0,0
1790669100,0.2027,0.2027,0.2027,0.2027,0.0000,0.0,0
1790669400,0.2027,0.2027,0.2027,0.2027,0.0000,0.0,0
1790669700,0.2049,0.2049,0.2049,0.2049,0.2049,205.51488531,1
1790670000,0.2049,0.2049,0.2049,0.2049,0.0000,0.0,0
1790670300,0.2052,0.2052,0.2052,0.2052,0.2052,243.66471735,1
1790670600,0.204,0.204,0.204,0.204,0.2040,4901.96078428,4
1790670900,0.204,0.204,0.204,0.204,0.2040,2450.9803922,3
1790671200,0.204,0.204,0.204,0.204,0.0000,0.0,0
1790671500,0.204,0.204,0.204,0.204,0.0000,0.0,0
1790671800,0.204,0.204,0.204,0.204,0.0000,0.0,0
1790672100,0.2053,0.2054,0.2053,0.2054,0.2053,4869.14203024,2
1790672400,0.2054,0.2054,0.2054,0.2054,0.0000,0.0,0
1790672700,0.2054,0.2054,0.2054,0.2054,0.0000,0.0,0
1790673000,0.2054,0.2054,0.2054,0.2054,0.0000,0.0,0
1790673300,0.2035,0.2046,0.2035,0.2046,0.2045,514.19855327,2
1790673600,0.2046,0.2046,0.2046,0.2046,0.0000,0.0,0
1790673900,0.2042,0.2054,0.2042,0.2054,0.2053,3079.75066456,3
1790674200,0.2049,0.2049,0.2049,0.2049,0.2049,1940.0,4
1790674500,0.2068,0.2071,0.2068,0.2071,0.2068,5381.07521478,3
1790674800,0.2071,0.2071,0.2071,0.2071,0.0000,0.0,0
1790675100,0.2071,0.2071,0.2071,0.2071,0.0000,0.0,0
1790675400,0.2071,0.2071,0.2071,0.2071,0.0000,0.0,0
1790675700,0.2071,0.2071,0.2071,0.2071,0.0000,0.0,0
1790676000,0.2071,0.2071,0.2071,0.2071,0.0000,0.0,0
1790676300,0.2071,0.2071,0.2071,0.2071,0.0000,0.0,0
1790676600,0.2071,0.2071,0.2071,0.2071,0.0000,0.0,0
1790676900,0.2071,0.2071,0.2071,0.2071,0.0000,0.0,0
1790677200,0.2063,0.2063,0.2059,0.2062,0.2061,623.36548715,3
1790677500,0.2062,0.2062,0.2062,0.2062,0.0000,0.0,0
1790677800,0.205,0.205,0.2048,0.2048,0.2049,361.43372636,3
1790678100,0.2048,0.2048,0.2048,0.2048,0.0000,0.0,0
1790678400,0.2048,0.2048,0.2048,0.2048,0.0000,0.0,0
1790678700,0.2048,0.2048,0.2048,0.2048,0.0000,0.0,0
1790679000,0.2048,0.2048,0.2048,0.2048,0.0000,0.0,0
1790679300,0.2048,0.2048,0.2048,0.2048,0.0000,0.0,0
1790679600,0.2048,0.2048,0.2048,0.2048,0.2048,23.21111735,1
1790679900,0.2048,0.2048,0.2048,0.2048,0.0000,0.0,0
1790680200,0.2048,0.2048,0.2048,0.2048,0.0000,0.0,0
1790680500,0.2048,0.2048,0.2048,0.2048,0.0000,0.0,0
1790680800,0.2048,0.2048,0.2048,0.2048,0.0000,0.0,0
1790681100,0.2048,0.2048,0.2048,0.2048,0.0000,0.0,0
1790681400,0.2048,0.2048,0.2048,0.2048,0.0000,0.0,0
1790681700,0.209,0.209,0.209,0.209,0.2090,213.25358852,1
1790682000,0.2095,0.2095,0.2095,0.2095,0.2095,467.3999093,2
1790682300,0.2095,0.2095,0.2095,0.2095,0.0000,0.0,0
1790682600,0.2108,0.2108,0.2108,0.2108,0.2108,25.2913228,1
1790682900,0.2105,0.2105,0.207,0.2096,0.2084,233471.57665948,27
1790683200,0.2096,0.2096,0.2096,0.2096,0.0000,0.0,0
1790683500,0.2096,0.2096,0.2096,0.2096,0.0000,0.0,0
1790683800,0.2096,0.2096,0.2096,0.2096,0.0000,0.0,0
1790684100,0.2096,0.2096,0.2096,0.2096,0.0000,0.0,0
1790684400,0.2096,0.2096,0.2096,0.2096,0.0000,0.0,0
1790684700,0.2089,0.2089,0.2089,0.2089,0.2089,47.86979416,1
1790685000,0.2073,0.2073,0.2073,0.2073,0.2073,101.5,1
1790685300,0.2077,0.2081,0.2073,0.2081,0.2074,32533.60530041,21
1790685600,0.2073,0.2073,0.2073,0.2073,0.2073,2704.01208354,9
1790685900,0.2073,0.2073,0.2073,0.2073,0.0000,0.0,0
1790686200,0.2073,0.2073,0.2073,0.2073,0.0000,0.0,0
1790686500,0.2073,0.2073,0.2073,0.2073,0.0000,0.0,0
1790686800,0.2073,0.2073,0.2073,0.2073,0.0000,0.0,0
1790687100,0.2073,0.2073,0.2073,0.2073,0.0000,0.0,0
1790687400,0.2073,0.2073,0.2073,0.2073,0.0000,0.0,0
1790687700,0.2069,0.2069,0.2069,0.2069,0.2069,106.24,1
1790688000,0.2069,0.2069,0.2069,0.2069,0.0000,0.0,0
1790688300,0.2084,0.2085,0.2084,0.2085,0.2084,286.47482014,2
1790688600,0.2076,0.2076,0.2076,0.2076,0.2076,539.9921,2
1790688900,0.2076,0.2076,0.2076,0.2076,0.0000,0.0,0
1790689200,0.2076,0.2076,0.2076,0.2076,0.0000,0.0,0
1790689500,0.2076,0.2076,0.2076,0.2076,0.0000,0.0,0
1790689800,0.2076,0.2076,0.2076,0.2076,0.0000,0.0,0
1790690100,0.2093,0.2093,0.2092,0.2092,0.2092,1220.73368481,3
1790690400,0.2092,0.2092,0.2092,0.2092,0.0000,0.0,0
1790690700,0.2068,0.2068,0.2066,0.2066,0.2066,1785.13036921,3
1790691000,0.2059,0.2067,0.2054,0.2067,0.2056,15979.71362716,6
1790691300,0.2064,0.2064,0.2064,0.2064,0.2064,2376.71669597,1
1790691600,0.2089,0.2089,0.2041,0.2045,0.2060,186220.45559134,97
1790691900,0.2047,0.2052,0.2043,0.2049,0.2047,8087.34073498,12
1790692200,0.2045,0.2055,0.2045,0.2053,0.2053,6572.79414884,6
1790692500,0.2044,0.2052,0.2039,0.2052,0.2044,20568.65644149,13
1790692800,0.2059,0.2065,0.2052,0.2053,0.2059,31582.6304077,24
1790693100,0.2059,0.2059,0.203,0.2036,0.2046,9970.66734071,17
1790693400,0.2034,0.2035,0.203,0.2033,0.2032,5254.3711418,6
1790693700,0.2037,0.2037,0.2027,0.2029,0.2033,16698.5245006,14
1790694000,0.203,0.203,0.2018,0.2022,0.2021,58912.1581751,37
1790694300,0.2014,0.2017,0.2002,0.2009,0.2009,53783.34745645,26
1790694600,0.2017,0.2017,0.1997,0.2004,0.2004,124533.71566761,71
1790694900,0.2012,0.2012,0.1992,0.1995,0.1994,33353.66003366,21
1790695200,0.1995,0.1995,0.1974,0.1974,0.1986,66579.39085496,60
1790695500,0.1974,0.1974,0.196,0.1969,0.1962,22953.84477148,22
1790695800,0.1972,0.1994,0.1972,0.1988,0.1990,61655.92962533,34
1790696100,0.1981,0.1981,0.1977,0.1979,0.1978,10050.90098252,20
1790696400,0.1982,0.1982,0.1974,0.1975,0.1977,37882.61323878,26
1790696700,0.1986,0.1987,0.1972,0.1983,0.1981,9264.86809706,14
1790697000,0.1982,0.1982,0.1965,0.1965,0.1969,5381.95492407,11
1790697300,0.1967,0.1971,0.1964,0.1965,0.1967,10232.50866321,56
1790697600,0.197,0.1977,0.1968,0.1973,0.1974,22341.57309641,64
1790697900,0.197,0.1975,0.1968,0.1973,0.1971,38908.48572163,46
1790698200,0.1977,0.1985,0.1974,0.1979,0.1978,11792.15006194,103
1790698500,0.198,0.1984,0.1973,0.1981,0.1977,23692.15781608,54
1790698800,0.1981,0.1988,0.198,0.1983,0.1982,27922.32161963,43
1790699100,0.198,0.198,0.1974,0.1974,0.1979,28160.5435737,14
1790699400,0.1968,0.1968,0.1963,0.1965,0.1965,4602.6999945,7
1790699700,0.1967,0.1972,0.1966,0.1966,0.1969,5088.40593133,9
1790700000,0.196,0.196,0.1949,0.1949,0.1951,4840.02572086,12
1790700300,0.1946,0.1952,0.1946,0.1951,0.1946,2890.25743373,11
1790700600,0.1956,0.196,0.1951,0.1951,0.1953,5171.79839889,24
1790700900,0.1951,0.1961,0.1948,0.1958,0.1951,18404.75544026,60
1790701200,0.1958,0.1958,0.1947,0.1952,0.1950,8202.96230473,37
1790701500,0.1949,0.1956,0.1948,0.1951,0.1951,8461.89045151,39
1790701800,0.1948,0.1952,0.1947,0.1952,0.1948,9729.82535995,15
1790702100,0.1953,0.1953,0.1939,0.1945,0.1941,10590.38370641,45
1790702400,0.1946,0.1946,0.1939,0.1944,0.1941,39619.20232678,36
1790702700,0.1946,0.1953,0.1944,0.1953,0.1947,4759.56978891,15
1790703000,0.1955,0.1955,0.1948,0.195,0.1951,5243.44159394,31
1790703300,0.1948,0.195,0.1948,0.1948,0.1948,1676.88097916,15
1790703600,0.1948,0.1956,0.1947,0.1954,0.1952,10603.35301522,25
1790703900,0.1956,0.1956,0.1943,0.1943,0.1947,3696.70460956,24
1790704200,0.1942,0.1949,0.1936,0.1949,0.1939,37532.68201623,42
1790704500,0.1946,0.1951,0.1944,0.195,0.1947,6374.29984984,25
1790704800,0.1956,0.1964,0.1955,0.1955,0.1960,4590.52991362,20
1790705100,0.1956,0.1961,0.1955,0.1955,0.1957,3503.28451122,15
1790705400,0.1956,0.1956,0.1956,0.1956,0.1956,6292.0586149,3
1790705700,0.1959,0.1965,0.1959,0.1962,0.1963,48996.68576856,31
1790706000,0.196,0.1969,0.196,0.1969,0.1961,212159.66230943,54
1790706300,0.1968,0.1968,0.1963,0.1963,0.1964,5435.5533751,5
1790706600,0.1964,0.1964,0.1959,0.1962,0.1961,5684.92104596,8
1790706900,0.1962,0.1966,0.1961,0.1966,0.1962,3683.45062802,16
1790707200,0.1981,0.1982,0.1975,0.1976,0.1979,29470.99254038,21
1790707500,0.1979,0.1979,0.1974,0.1974,0.1975,281.103387,3
1790707800,0.197,0.1973,0.197,0.1973,0.1972,1444.7482414,3
1790708100,0.197,0.1971,0.197,0.1971,0.1970,1446.9121482,3
1790708400,0.1969,0.198,0.1969,0.198,0.1973,3031.26930073,4
1790708700,0.198,0.198,0.198,0.198,0.0000,0.0,0
1790709000,0.1988,0.1988,0.1985,0.1985,0.1987,6028.08623367,7
1790709300,0.1984,0.1985,0.1979,0.1983,0.1981,17577.58021464,16
1790709600,0.1982,0.1983,0.1979,0.1981,0.1981,4451.5714678,5
1790709900,0.1979,0.2005,0.1979,0.2004,0.1989,26097.27272498,20
1790710200,0.2006,0.201,0.1998,0.201,0.2007,2036.28364613,6
1790710500,0.2007,0.2011,0.2001,0.2011,0.2005,15439.36364176,17
1790710800,0.2014,0.202,0.2009,0.201,0.2016,40664.27353621,25
1790711100,0.2007,0.2031,0.2002,0.2022,0.2021,93664.69328382,54
1790711400,0.2016,0.2016,0.2006,0.2011,0.2009,42716.75161951,24
1790711700,0.2003,0.2005,0.1996,0.1998,0.1996,10858.00055722,13
1790712000,0.1998,0.2002,0.1993,0.1995,0.1997,8448.08841596,25
1790712300,0.1999,0.2018,0.1999,0.2014,0.2011,59143.36300899,44
1790712600,0.2008,0.2014,0.2006,0.201,0.2010,79580.18078495,53
1790712900,0.2013,0.2033,0.2013,0.2033,0.2027,22683.0415688,34
1790713200,0.2036,0.2039,0.2028,0.2029,0.2032,27718.85225909,34
1790713500,0.2028,0.2037,0.2028,0.2037,0.2033,36264.53196073,25
1790713800,0.2034,0.2034,0.2019,0.2019,0.2021,28073.31283489,27
1790714100,0.2021,0.2029,0.2018,0.2029,0.2025,39359.95590938,29
1790714400,0.2028,0.2032,0.2025,0.2029,0.2028,3570.22891671,19
1790714700,0.203,0.203,0.202,0.2026,0.2026,54252.47913228,33
1790715000,0.2024,0.2034,0.2024,0.2034,0.2027,13995.0800621,11
1790715300,0.2033,0.2034,0.2024,0.2025,0.2026,3047.38351281,9
1790715600,0.2029,0.2031,0.2022,0.2022,0.2027,137777.95839775,46
1790715900,0.203,0.203,0.203,0.203,0.2030,1490.717529,1
1790716200,0.203,0.203,0.203,0.203,0.0000,0.0,0
1790716500,0.2028,0.2028,0.2007,0.2007,0.2011,22030.79695138,31
1790716800,0.2,0.2,0.1996,0.1996,0.1999,451.7227,3
1790717100,0.1994,0.1994,0.1985,0.199,0.1987,10386.70334216,6
1790717400,0.199,0.199,0.199,0.199,0.0000,0.0,0
1790717700,0.199,0.199,0.199,0.199,0.0000,0.0,0
1790718000,0.2002,0.2002,0.1997,0.1997,0.1997,8816.64367072,2
1790718300,0.1987,0.1999,0.1987,0.1999,0.1997,8617.86092433,19
1790718600,0.1999,0.1999,0.1999,0.1999,0.0000,0.0,0
1790718900,0.1994,0.1994,0.1994,0.1994,0.1994,27.94332998,1
1790719200,0.1995,0.1996,0.1991,0.1995,0.1994,22824.52549565,12
1790719500,0.1995,0.1995,0.1995,0.1995,0.0000,0.0,0
1790719800,0.1993,0.1993,0.1993,0.1993,0.1993,52.207,1
1790720100,0.1984,0.1991,0.1977,0.1991,0.1983,6829.42870244,17
1790720400,0.199,0.199,0.1987,0.1987,0.1988,2251.5019356,4
1790720700,0.1984,0.1985,0.1977,0.1977,0.1984,1149.12710083,7
1790721000,0.1975,0.1976,0.1975,0.1976,0.1975,1066.1047889,4
1790721300,0.1979,0.1979,0.1979,0.1979,0.1979,1049.7418966,3
1790721600,0.1976,0.1976,0.1976,0.1976,0.1976,892.973822,1
1790721900,0.1976,0.1977,0.197,0.197,0.1973,2164.938282,10
1790722200,0.1966,0.1971,0.1966,0.1971,0.1968,1311.7471908,7
1790722500,0.1975,0.1975,0.1971,0.1972,0.1973,4008.62979202,13
1790722800,0.1972,0.1973,0.197,0.1973,0.1971,735.2079,10
1790723100,0.1984,0.1984,0.1979,0.1979,0.1981,581.581,7
1790723400,0.1979,0.198,0.1978,0.1978,0.1979,6792.393055,6
1790723700,0.1977,0.1977,0.1976,0.1976,0.1976,1060.5711183,3
1790724000,0.1976,0.1976,0.1976,0.1976,0.0000,0.0,0
1790724300,0.1971,0.1973,0.1971,0.1971,0.1972,1183.7106818,6
1790724600,0.1964,0.1967,0.1964,0.1966,0.1965,8953.1982351,6
1790724900,0.1961,0.1962,0.196,0.196,0.1960,402.499693,6
1790725200,0.1961,0.1961,0.1952,0.1953,0.1953,1228.378027,8
1790725500,0.1957,0.196,0.1956,0.196,0.1958,2118.9652302,8
1790725800,0.1962,0.1962,0.1958,0.1958,0.1959,6041.78839068,8
1790726100,0.1961,0.1961,0.1961,0.1961,0.1961,52.207,1
1790726400,0.1961,0.1962,0.1959,0.1959,0.1960,917.85852,8
1790726700,0.1962,0.1964,0.1959,0.196,0.1962,29507.18946839,25
1790727000,0.1956,0.1957,0.1953,0.1953,0.1954,1793.914142,11
1790727300,0.1955,0.1955,0.1948,0.1948,0.1951,1744.4564374,8
1790727600,0.1947,0.1951,0.1945,0.1947,0.1949,3496.68072063,14
1790727900,0.1949,0.1949,0.1949,0.1949,0.1949,1192.7549443,1
1790728200,0.1959,0.196,0.1955,0.1955,0.1958,1110.5259393,4
1790728500,0.1955,0.1955,0.1955,0.1955,0.0000,0.0,0
1790728800,0.1967,0.1967,0.1961,0.1961,0.1964,25869.81894606,15
1790729100,0.1959,0.1959,0.1954,0.1958,0.1957,47669.76927927,16
1790729400,0.1955,0.1956,0.1953,0.1956,0.1954,10698.26465417,12
1790729700,0.1955,0.1968,0.1955,0.1968,0.1964,5612.0481453,7
1790730000,0.1968,0.1968,0.1968,0.1968,0.0000,0.0,0
1790730300,0.1976,0.1989,0.1976,0.1989,0.1981,2927.3893273,9
1790730600,0.1986,0.1988,0.1986,0.1988,0.1987,2832.7703352,3
1790730900,0.1988,0.1988,0.1988,0.1988,0.0000,0.0,0
1790731200,0.1984,0.1984,0.1984,0.1984,0.1984,941.489255,2
1790731500,0.1984,0.1984,0.1984,0.1984,0.0000,0.0,0
1790731800,0.1977,0.1981,0.1975,0.1975,0.1978,382.1201,4
1790732100,0.197,0.197,0.197,0.197,0.1970,106.24,2
1790732400,0.197,0.197,0.197,0.197,0.0000,0.0,0
1790732700,0.1974,0.1974,0.1974,0.1974,0.1974,44.8577,1
1790733000,0.1974,0.1974,0.1974,0.1974,0.0000,0.0,0
1790733300,0.1974,0.1974,0.1974,0.1974,0.0000,0.0,0
1790733600,0.1964,0.1964,0.1962,0.1962,0.1962,5096.83995923,5
1790733900,0.1962,0.1962,0.1962,0.1962,0.0000,0.0,0
1790734200,0.1964,0.1964,0.1964,0.1964,0.1964,106.24,1
1790734500,0.1962,0.1962,0.196,0.196,0.1960,252.3113,3
1790734800,0.1959,0.1959,0.1959,0.1959,0.1959,88.8237,1
1790735100,0.1955,0.1955,0.1955,0.1955,0.1955,1173.80189,1
1790735400,0.1951,0.1951,0.1949,0.1949,0.1950,170.91708122,4
1790735700,0.1949,0.1951,0.1949,0.1951,0.1950,2423.26153941,2
1790736000,0.1955,0.1957,0.1955,0.1957,0.1955,7430.2464889,4
1790736300,0.1955,0.1956,0.1955,0.1956,0.1955,186.2115,2
1790736600,0.1956,0.1956,0.1956,0.1956,0.1956,78.7572,1
1790736900,0.1947,0.1951,0.1945,0.1951,0.1946,5537.37965137,6
1790737200,0.195,0.1952,0.1941,0.1948,0.1946,5865.88156208,10
1790737500,0.1942,0.1945,0.1942,0.1945,0.1944,777.5609,2
1790737800,0.1945,0.1945,0.1945,0.1945,0.0000,0.0,0
1790738100,0.1937,0.1937,0.1936,0.1937,0.1936,2970.04432829,6
1790738400,0.1943,0.1944,0.1943,0.1944,0.1943,2098.0347382,5
1790738700,0.1942,0.1942,0.1942,0.1942,0.1942,539.059264,1
1790739000,0.1942,0.1942,0.1942,0.1942,0.0000,0.0,0
1790739300,0.1941,0.1949,0.1941,0.1946,0.1947,51142.12540965,22
1790739600,0.1952,0.1952,0.1949,0.1949,0.1951,2090.56208758,2
1790739900,0.194,0.1944,0.194,0.1944,0.1941,2902.3478892,3
1790740200,0.1944,0.1944,0.1944,0.1944,0.0000,0.0,0
1790740500,0.1944,0.1944,0.1944,0.1944,0.0000,0.0,0
1790740800,0.1944,0.1949,0.1944,0.1948,0.1946,300.54690004,4
1790741100,0.1951,0.1953,0.1951,0.1953,0.1952,1431.19990089,4
1790741400,0.1944,0.1953,0.1943,0.1953,0.1949,22749.49582275,22
1790741700,0.1955,0.1955,0.1955,0.1955,0.1955,9941.5599986,3
1790742000,0.1958,0.1958,0.1954,0.1954,0.1954,1804.44741362,6
1790742300,0.1956,0.1956,0.1951,0.1951,0.1952,15191.28019303,7
1790742600,0.1951,0.1953,0.1951,0.1953,0.1951,2406.1066067,4
1790742900,0.1948,0.1953,0.1948,0.1953,0.1948,2042.24410081,8
1790743200,0.1955,0.1956,0.1955,0.1956,0.1955,337.5,3
1790743500,0.1955,0.1955,0.1955,0.1955,0.1955,69.6093,1
1790743800,0.1952,0.1952,0.1943,0.1943,0.1950,1585.9012799,6
1790744100,0.1943,0.1944,0.1941,0.1941,0.1941,4118.66981959,26
1790744400,0.195,0.195,0.1942,0.1942,0.1945,469.9465293,3
1790744700,0.1944,0.1944,0.1939,0.194,0.1940,621.83683756,4
1790745000,0.1939,0.1939,0.1932,0.1932,0.1934,5600.68322399,28
1790745300,0.1933,0.1942,0.1932,0.1942,0.1932,11436.45978236,17
1790745600,0.1942,0.1947,0.194,0.1947,0.1942,21039.69847605,20
1790745900,0.1946,0.1946,0.1944,0.1945,0.1944,2525.54068887,5
1790746200,0.1946,0.1949,0.1944,0.1944,0.1946,8746.96109276,12
1790746500,0.1947,0.1947,0.1947,0.1947,0.1947,883.7147,2
1790746800,0.1947,0.1948,0.1947,0.1948,0.1947,14871.57693104,8
1790747100,0.1948,0.1948,0.1948,0.1948,0.1948,507.1794871,1
1790747400,0.1948,0.1948,0.1948,0.1948,0.0000,0.0,0
1790747700,0.1945,0.1946,0.1945,0.1946,0.1945,748.29277398,8
1790748000,0.1945,0.1945,0.1945,0.1945,0.1945,99.9506173,2
1790748300,0.1946,0.1947,0.1942,0.1942,0.1946,11136.86055316,9
1790748600,0.1938,0.1939,0.1934,0.1934,0.1936,5134.5058833,8
1790748900,0.1936,0.1936,0.1933,0.1936,0.1935,5603.11071704,8
1790749200,0.1935,0.1937,0.1933,0.1933,0.1935,11851.80130416,11
1790749500,0.1929,0.1934,0.1927,0.1934,0.1929,4252.52489785,12
1790749800,0.1934,0.1936,0.1934,0.1936,0.1934,1821.4210299,2
1790750100,0.1928,0.193,0.1928,0.1929,0.1929,11897.83561838,11
1790750400,0.1929,0.1929,0.1929,0.1929,0.1929,171.1918,1
1790750700,0.1927,0.1927,0.1919,0.1919,0.1920,11353.19056474,15
1790751000,0.1919,0.1919,0.1919,0.1919,0.0000,0.0,0
1790751300,0.1924,0.1924,0.1921,0.1921,0.1923,4589.34923865,4
1790751600,0.1921,0.193,0.1919,0.1926,0.1926,55153.56571958,32
1790751900,0.1918,0.1922,0.1916,0.1919,0.1918,4160.42612123,10
1790752200,0.192,0.192,0.1916,0.1918,0.1916,2048.3601121,5
1790752500,0.1917,0.1924,0.1917,0.1924,0.1921,40375.30583262,22
1790752800,0.1925,0.1925,0.1919,0.1919,0.1922,4713.28165033,4
1790753100,0.1919,0.1919,0.1917,0.1917,0.1918,28836.80650948,11
1790753400,0.1915,0.1915,0.1915,0.1915,0.1915,883.90254351,1
1790753700,0.1917,0.1925,0.1917,0.192,0.1920,4077.84820216,11
1790754000,0.1919,0.1924,0.1919,0.1924,0.1919,7938.3893423,6
1790754300,0.1924,0.1924,0.1917,0.1917,0.1918,5214.7276183,15
1790754600,0.1915,0.1915,0.191,0.1912,0.1910,35428.68180661,31
1790754900,0.191,0.1918,0.188,0.1909,0.1899,225713.88381777,194
1790755200,0.1909,0.1909,0.1896,0.1896,0.1900,13732.37833373,24
1790755500,0.1895,0.1895,0.1894,0.1894,0.1894,227.92064564,2
1790755800,0.1892,0.1893,0.189,0.1892,0.1891,35584.19711561,28
1790756100,0.1894,0.1912,0.1894,0.1907,0.1908,41984.68926726,30
1790756400,0.1907,0.1918,0.1906,0.1914,0.1912,19407.06471561,43
1790756700,0.1918,0.192,0.1917,0.1917,0.1918,9676.8485276,15
1790757000,0.1913,0.1913,0.1904,0.1906,0.1907,8116.10443109,13
1790757300,0.1908,0.1918,0.1908,0.1918,0.1915,4431.56070709,9
1790757600,0.192,0.1921,0.1917,0.1917,0.1918,3523.02903277,7
1790757900,0.1924,0.1936,0.1924,0.1936,0.1925,2728.74189648,13
1790758200,0.1932,0.1932,0.1927,0.1927,0.1929,605.52255138,2
1790758500,0.193,0.193,0.1928,0.1928,0.1929,1227.84323442,3
1790758800,0.1933,0.1933,0.1933,0.1933,0.1933,1945.87772387,3
1790759100,0.1935,0.1935,0.193,0.1931,0.1931,12592.40140468,12
1790759400,0.1936,0.1937,0.1934,0.1937,0.1936,1007.81012772,4
1790759700,0.1937,0.1937,0.1937,0.1937,0.1937,2458.2457221,3
1790760000,0.1936,0.1937,0.1936,0.1937,0.1936,6174.38074899,5
1790760300,0.194,0.194,0.1934,0.1938,0.1937,119604.20098315,54
1790760600,0.1938,0.1951,0.1935,0.1948,0.1945,4778.45730188,18
1790760900,0.1946,0.1948,0.1944,0.1945,0.1945,1549.12884753,5
1790761200,0.1944,0.1944,0.1943,0.1943,0.1943,1033.5926,2
1790761500,0.1939,0.1944,0.1939,0.1943,0.1941,2853.49077726,9
1790761800,0.1943,0.1945,0.1938,0.194,0.1941,1098.64635605,8
1790762100,0.1939,0.1941,0.1939,0.1941,0.1940,657.04099399,3
1790762400,0.1944,0.1945,0.1935,0.1942,0.1940,696.79686006,10
1790762700,0.1942,0.1942,0.1942,0.1942,0.1942,974.1506999,3
1790554800,0.2171,0.218,0.2169,0.2178,0.2171,1752.40984705,17
1790555100,0.2176,0.2187,0.2176,0.2187,0.2180,1038.24530904,21
1790555400,0.2183,0.2183,0.2159,0.2164,0.2171,3435.86238184,18
1790555700,0.216,0.2162,0.2154,0.2154,0.2158,352.59406291,7
1790556000,0.2153,0.216,0.2151,0.2157,0.2154,1469.24920826,13
1790556300,0.2174,0.2178,0.2173,0.2178,0.2175,192.53543553,4
1790556600,0.2182,0.2182,0.2165,0.2165,0.2174,200.5927985,4
1790556900,0.2164,0.2167,0.2151,0.2151,0.2161,1341.106442,11
1790557200,0.2149,0.2165,0.2149,0.2165,0.2160,20540.57461887,43
1790557500,0.2164,0.2172,0.2151,0.2163,0.2159,686.19788676,12
1790557800,0.2156,0.2156,0.2148,0.2155,0.2150,1565.40395488,14
1790558100,0.2151,0.2161,0.215,0.2155,0.2153,6360.52157552,15
1790558400,0.216,0.2175,0.216,0.2163,0.2163,4735.26789084,12
1790558700,0.2164,0.2171,0.2164,0.2167,0.2167,1843.24350753,7
1790559000,0.2168,0.217,0.2166,0.2166,0.2166,1526.28877044,8
1790559300,0.2162,0.2168,0.2157,0.2157,0.2161,322.30589332,7
1790559600,0.2158,0.2158,0.2142,0.2142,0.2147,711.90814742,9
1790559900,0.2149,0.2154,0.213,0.213,0.2139,14785.82156105,35
1790560200,0.213,0.2154,0.2129,0.2143,0.2146,1352.98203497,21
1790560500,0.2141,0.215,0.2139,0.2143,0.2141,1506.55166384,20
1790560800,0.2142,0.2142,0.2129,0.2131,0.2133,366.40128798,6
1790561100,0.2137,0.215,0.2134,0.2149,0.2145,788.57821518,6
1790561400,0.216,0.216,0.216,0.216,0.2160,83.187,1
1790561700,0.2162,0.2162,0.2162,0.2162,0.2162,1165.63116367,1
1790562000,0.216,0.2166,0.216,0.2166,0.2162,13244.17342871,11
1790562300,0.2171,0.2171,0.2171,0.2171,0.2171,224.3512,1
1790562600,0.2157,0.2157,0.2145,0.2145,0.2150,3757.96561989,14
1790562900,0.2146,0.2147,0.214,0.214,0.2146,956.43875399,5
1790563200,0.2138,0.2146,0.2138,0.2146,0.2139,2493.045665,5
1790563500,0.2139,0.2139,0.2135,0.2135,0.2137,184.7136,5
1790563800,0.2131,0.2136,0.2131,0.2136,0.2135,1337.31215402,4
1790564100,0.2129,0.2129,0.2125,0.2125,0.2126,7635.33927364,23
1790564400,0.2129,0.2136,0.2126,0.2134,0.2130,5690.21340949,22
1790564700,0.2135,0.2135,0.2132,0.2133,0.2133,1994.59889203,11
1790565000,0.2135,0.2135,0.2119,0.2124,0.2124,601.44483524,9
1790565300,0.2116,0.2127,0.2116,0.2127,0.2121,634.67599144,9
1790565600,0.2125,0.2127,0.2123,0.2125,0.2124,2866.83062559,13
1790565900,0.2125,0.2125,0.2106,0.2109,0.2112,9609.71285016,33
1790566200,0.2112,0.2112,0.2088,0.2098,0.2101,17191.91701191,40
1790566500,0.2097,0.2116,0.2097,0.2116,0.2107,151.90053926,3
1790566800,0.2118,0.2127,0.2111,0.2126,0.2121,10813.54713155,13
1790567100,0.2123,0.2127,0.2121,0.2127,0.2121,1002.59274973,5
1790567400,0.2127,0.2127,0.2127,0.2127,0.2127,106.24,1
1790567700,0.2112,0.2112,0.2107,0.2107,0.2109,681.80963196,13
1790568000,0.2098,0.21,0.2089,0.2089,0.2098,2401.61237218,11
1790568300,0.2096,0.2107,0.2096,0.2107,0.2102,3451.29532337,15
1790568600,0.2106,0.2106,0.2103,0.2103,0.2103,1243.86203097,8
1790568900,0.2103,0.2104,0.2099,0.2104,0.2103,423.6327,4
1790569200,0.2118,0.2118,0.2118,0.2118,0.2118,47.4609,1
1790569500,0.2121,0.2121,0.2107,0.2107,0.2111,2028.16282798,9
1790569800,0.2107,0.2107,0.2107,0.2107,0.0000,0.0,0
1790570100,0.2097,0.2105,0.2097,0.2105,0.2102,326.62871655,6
1790570400,0.2106,0.2111,0.2106,0.211,0.2109,175.2769,3
1790570700,0.2108,0.2108,0.2103,0.2103,0.2105,470.94698798,6
1790571000,0.2108,0.2112,0.2108,0.2112,0.2108,201.1618,3
1790571300,0.2112,0.2119,0.2112,0.2116,0.2116,1113.170494,11
1790571600,0.2116,0.2122,0.2105,0.2108,0.2115,7024.15614919,23
1790571900,0.2105,0.2108,0.2091,0.2091,0.2099,6788.25507786,17
1790572200,0.209,0.2096,0.2077,0.2079,0.2084,5728.00810961,33
1790572500,0.2081,0.2081,0.2063,0.2071,0.2071,24250.00869623,55
1790572800,0.2072,0.2072,0.2066,0.2069,0.2070,1266.99871579,9
1790573100,0.2068,0.2073,0.2064,0.2066,0.2067,6499.24756498,18
1790573400,0.2067,0.2067,0.204,0.2042,0.2054,33891.00242937,46
1790573700,0.2044,0.2046,0.2041,0.2043,0.2042,1475.99504893,7
1790574000,0.2045,0.2063,0.2045,0.206,0.2048,3727.84452416,12
1790574300,0.2071,0.2071,0.2066,0.2066,0.2067,973.96119129,8
1790574600,0.2067,0.2067,0.206,0.206,0.2060,451.96220525,4
1790574900,0.2064,0.2081,0.2064,0.2078,0.2079,16424.48793437,21
1790575200,0.2077,0.2077,0.2072,0.2072,0.2075,238.64054881,5
1790575500,0.2086,0.2087,0.2079,0.2087,0.2080,2225.78959501,7
1790575800,0.2089,0.2091,0.2078,0.2078,0.2089,3005.74558648,9
1790576100,0.2071,0.2071,0.2061,0.2061,0.2066,609.66766798,7
1790576400,0.2056,0.2059,0.2055,0.2056,0.2055,792.41204326,10
1790576700,0.2056,0.2057,0.205,0.2052,0.2050,4512.08284165,17
1790577000,0.2051,0.206,0.205,0.206,0.2050,8008.41870737,15
1790577300,0.2055,0.2059,0.2055,0.2059,0.2056,300.3052,3
1790577600,0.2052,0.2052,0.2052,0.2052,0.2052,122.8664,1
1790577900,0.2063,0.2065,0.2063,0.2064,0.2064,6949.96268263,12
1790578200,0.2064,0.2064,0.2064,0.2064,0.0000,0.0,0
1790578500,0.2053,0.2053,0.2052,0.2052,0.2052,2239.30233173,8
1790578800,0.2053,0.2065,0.2053,0.2062,0.2060,810.97763514,8
1790579100,0.2062,0.2062,0.2062,0.2062,0.0000,0.0,0
1790579400,0.2045,0.2045,0.2044,0.2045,0.2044,823.50617915,5
1790579700,0.2045,0.2053,0.2045,0.2046,0.2049,50094.9218,21
1790580000,0.2047,0.2058,0.2029,0.2031,0.2046,489989.79856693,277
1790580300,0.2031,0.2057,0.2028,0.2029,0.2042,195381.67309234,137
1790580600,0.203,0.2032,0.2026,0.2028,0.2028,1950.0869,16
1790580900,0.2037,0.2046,0.2032,0.2032,0.2043,127677.81107338,93
1790581200,0.2034,0.2035,0.2032,0.2032,0.2033,1811.06371934,13
1790581500,0.203,0.203,0.202,0.202,0.2024,2190.54664775,17
1790581800,0.2024,0.2026,0.2022,0.2023,0.2023,1034.98856857,11
1790582100,0.2023,0.2023,0.2023,0.2023,0.0000,0.0,0
1790582400,0.2023,0.2023,0.2023,0.2023,0.0000,0.0,0
1790582700,0.2031,0.2032,0.2031,0.2032,0.2031,1230.33831575,3
1790583000,0.2031,0.2043,0.2031,0.2043,0.2031,1048.41418884,5
1790583300,0.2043,0.2043,0.2043,0.2043,0.0000,0.0,0
1790583600,0.204,0.204,0.204,0.204,0.2040,1492.53731344,2
1790583900,0.204,0.204,0.204,0.204,0.0000,0.0,0
1790584200,0.204,0.204,0.204,0.204,0.0000,0.0,0
1790584500,0.2031,0.2031,0.2024,0.2025,0.2025,7494.8391014,9
1790584800,0.2025,0.2027,0.2025,0.2027,0.2026,193.67169399,2
1790585100,0.2026,0.2026,0.2026,0.2026,0.2026,259.9409,3
1790585400,0.2024,0.203,0.2022,0.203,0.2028,8127.01631319,15
1790585700,0.2034,0.2034,0.2034,0.2034,0.2034,481.80924288,3
1790586000,0.2037,0.2037,0.2005,0.2007,0.2018,32371.95827611,60
1790586300,0.2006,0.2011,0.2002,0.2002,0.2005,10571.50197494,17
1790586600,0.2002,0.2016,0.2,0.2016,0.2009,3845.77439456,16
1790586900,0.2025,0.2039,0.2025,0.2028,0.2033,1694.70375264,18
1790587200,0.2036,0.2036,0.2019,0.2019,0.2028,16229.88675982,40
1790587500,0.2013,0.2013,0.2009,0.2009,0.2009,687.660486,6
1790587800,0.2009,0.2009,0.2,0.2,0.2005,1066.985816,5
1790588100,0.2003,0.2004,0.2,0.2,0.2000,5951.49237432,18
1790588400,0.2,0.2001,0.1997,0.1997,0.1998,983.75701398,15
1790588700,0.1997,0.2005,0.1997,0.2005,0.1997,1107.614926,5
1790589000,0.1999,0.1999,0.1999,0.1999,0.1999,50.0,1
1790589300,0.1999,0.1999,0.1999,0.1999,0.1999,204.7381,3
1790589600,0.2016,0.2018,0.2016,0.2018,0.2017,317.2460879,5
1790589900,0.202,0.2025,0.2008,0.201,0.2023,31068.26288427,25
1790590200,0.2001,0.2007,0.1999,0.2007,0.2002,286.8659,4
1790590500,0.2007,0.2007,0.2007,0.2007,0.0000,0.0,0
1790590800,0.2011,0.2012,0.2007,0.2012,0.2007,30666.60146747,19
1790591100,0.2017,0.2019,0.2017,0.2018,0.2017,450.43200479,5
1790591400,0.2022,0.2032,0.2018,0.2032,0.2023,1532.30952891,8
1790591700,0.2033,0.2035,0.2032,0.2034,0.2034,6965.73968356,15
1790592000,0.2031,0.2031,0.203,0.203,0.2030,88.0,3
1790592300,0.203,0.203,0.203,0.203,0.0000,0.0,0
1790592600,0.2023,0.2027,0.2023,0.2026,0.2025,552.55995171,7
1790592900,0.2021,0.2023,0.2021,0.2023,0.2022,366.1809,3
1790593200,0.2024,0.2035,0.2019,0.2035,0.2026,23572.1840589,25
1790593500,0.2038,0.2038,0.2038,0.2038,0.2038,167.4421,1
1790593800,0.2038,0.2038,0.2038,0.2038,0.2038,170.85917566,2
1790594100,0.2038,0.2038,0.2038,0.2038,0.0000,0.0,0
1790594400,0.2044,0.2051,0.2044,0.2051,0.2046,886.16622023,5
1790594700,0.2045,0.2045,0.2045,0.2045,0.2045,3819.2249,1
1790595000,0.2047,0.2047,0.2047,0.2047,0.2047,47.4609,1
1790595300,0.2053,0.2054,0.2053,0.2054,0.2053,48.70859718,2
1790595600,0.2052,0.2052,0.2052,0.2052,0.2052,47.4609,1
1790595900,0.2052,0.2052,0.2052,0.2052,0.0000,0.0,0
1790596200,0.2052,0.2052,0.2052,0.2052,0.0000,0.0,0
1790596500,0.2052,0.2052,0.2052,0.2052,0.0000,0.0,0
1790596800,0.2056,0.2068,0.2053,0.2068,0.2059,2354.66462857,13
1790597100,0.2088,0.2088,0.2088,0.2088,0.2088,153.70089998,2
1790597400,0.2091,0.2092,0.2091,0.2092,0.2091,473.53846348,3
1790597700,0.2092,0.2103,0.2092,0.2103,0.2097,1821.53268279,11
1790598000,0.2103,0.2103,0.2103,0.2103,0.0000,0.0,0
1790598300,0.2095,0.2097,0.2087,0.2097,0.2094,6450.9047461,14
1790598600,0.2086,0.2086,0.2085,0.2085,0.2085,73.31557189,2
1790598900,0.2094,0.2094,0.2093,0.2093,0.2093,366.15102254,3
1790599200,0.2092,0.2092,0.2086,0.2086,0.2087,9865.87953955,19
1790599500,0.2086,0.2086,0.2086,0.2086,0.0000,0.0,0
1790599800,0.2092,0.2092,0.2092,0.2092,0.2092,106.23999999,2
1790600100,0.2092,0.2092,0.2092,0.2092,0.0000,0.0,0
1790600400,0.2098,0.2099,0.2098,0.2098,0.2098,2040.22523154,14
1790600700,0.2098,0.2098,0.2098,0.2098,0.0000,0.0,0
1790601000,0.2098,0.2098,0.2098,0.2098,0.0000,0.0,0
1790601300,0.2104,0.2104,0.2104,0.2104,0.2104,2012.51272463,4
1790601600,0.2104,0.2104,0.2104,0.2104,0.0000,0.0,0
1790601900,0.2106,0.211,0.2106,0.211,0.2109,257.44204696,5
1790602200,0.2111,0.2111,0.2086,0.2086,0.2091,1251.85984,16
1790602500,0.2095,0.2101,0.2095,0.2101,0.2095,1491.05335707,5
1790602800,0.2101,0.2101,0.2101,0.2101,0.0000,0.0,0
1790603100,0.2098,0.2098,0.2097,0.2098,0.2097,201.16179998,3
1790603400,0.2081,0.2089,0.2081,0.2089,0.2086,13435.51419578,12
1790603700,0.2092,0.2092,0.2091,0.2091,0.2091,160.71235109,2
1790604000,0.2075,0.2075,0.2075,0.2075,0.2075,1962.21686746,3
1790604300,0.2058,0.2061,0.2058,0.206,0.2058,692.79342251,5
1790604600,0.206,0.206,0.206,0.206,0.0000,0.0,0
1790604900,0.205,0.205,0.2038,0.2038,0.2044,2591.18589055,6
1790605200,0.2038,0.2038,0.2038,0.2038,0.0000,0.0,0
1790605500,0.2031,0.2031,0.202,0.202,0.2022,3208.35711282,6
1790605800,0.2026,0.2029,0.2026,0.2029,0.2027,1233.01368379,7
1790606100,0.2029,0.2029,0.2029,0.2029,0.0000,0.0,0
1790606400,0.2011,0.2011,0.2011,0.2011,0.2011,70.0,2
1790606700,0.2011,0.2011,0.2011,0.2011,0.0000,0.0,0
1790607000,0.2,0.2,0.1996,0.1999,0.1996,585.49400939,4
1790607300,0.2005,0.2006,0.1991,0.2002,0.2000,52413.94814784,32
1790607600,0.201,0.201,0.2005,0.2005,0.2007,94.92179999,2
1790607900,0.199,0.199,0.199,0.199,0.1990,2403.84615391,3
1790608200,0.199,0.199,0.199,0.199,0.0000,0.0,0
1790608500,0.1978,0.1978,0.1976,0.1977,0.1977,5590.81578404,16
1790608800,0.1983,0.1988,0.1982,0.1988,0.1984,362.48,5
1790609100,0.1996,0.1996,0.1995,0.1995,0.1995,587.92585088,7
1790609400,0.1994,0.2001,0.1994,0.2001,0.1997,85.82292992,3
1790609700,0.2003,0.2003,0.2003,0.2003,0.2003,106.24,1
1790610000,0.2003,0.2003,0.2003,0.2003,0.0000,0.0,0
1790610300,0.2003,0.2003,0.2003,0.2003,0.0000,0.0,0
1790610600,0.2003,0.2003,0.2003,0.2003,0.0000,0.0,0
1790610900,0.2003,0.2003,0.2003,0.2003,0.0000,0.0,0
1790611200,0.2018,0.2018,0.2013,0.2016,0.2015,850.5398875,6
1790611500,0.2011,0.2011,0.2011,0.2011,0.2011,106.24,1
1790611800,0.2018,0.2032,0.2018,0.2023,0.2028,30226.05355431,17
1790612100,0.2017,0.2017,0.2017,0.2017,0.2017,76.58107761,1
1790612400,0.2035,0.2045,0.2035,0.2045,0.2035,3745.4306,11
1790612700,0.2055,0.2065,0.2055,0.2062,0.2056,2781.7622247,4
1790613000,0.2059,0.2061,0.2044,0.2044,0.2058,2335.31001916,6
1790613300,0.2042,0.2042,0.2042,0.2042,0.2042,76.09513518,2
1790613600,0.2042,0.2042,0.2042,0.2042,0.0000,0.0,0
1790613900,0.2042,0.2042,0.2042,0.2042,0.0000,0.0,0
1790614200,0.2019,0.2019,0.2018,0.2018,0.2018,330.85429912,2
1790614500,0.2018,0.2018,0.2018,0.2018,0.0000,0.0,0
1790614800,0.2019,0.2019,0.2019,0.2019,0.2019,447.9347,7
1790615100,0.2016,0.2036,0.2015,0.2015,0.2025,68434.42109441,23
1790615400,0.2013,0.2047,0.2012,0.2045,0.2025,1313.64571783,11
1790615700,0.2059,0.2062,0.2059,0.2062,0.2061,1935.61460107,5
1790616000,0.2044,0.2046,0.2044,0.2046,0.2045,212.48,3
1790616300,0.2045,0.2046,0.204,0.2046,0.2044,418.471,5
1790616600,0.2055,0.2056,0.2047,0.2047,0.2048,1240.34174219,8
1790616900,0.2047,0.2047,0.2047,0.2047,0.0000,0.0,0
1790617200,0.2047,0.2047,0.2047,0.2047,0.0000,0.0,0
1790617500,0.2044,0.2044,0.2043,0.2043,0.2043,200.0,4
1790617800,0.205,0.2053,0.205,0.2053,0.2051,1025.62671737,10
1790618100,0.2053,0.2053,0.2053,0.2053,0.0000,0.0,0
1790618400,0.2053,0.2053,0.2053,0.2053,0.0000,0.0,0
1790618700,0.2063,0.2063,0.2057,0.2057,0.2058,14478.54323343,16
1790619000,0.2063,0.2065,0.2063,0.2065,0.2064,1162.87039007,8
1790619300,0.2058,0.2058,0.2058,0.2058,0.2058,24.29543246,1
1790619600,0.2047,0.2047,0.2046,0.2046,0.2046,123.5239951,3
1790619900,0.2061,0.2061,0.2059,0.2059,0.2060,267.35153848,3
1790620200,0.2059,0.2059,0.2059,0.2059,0.0000,0.0,0
1790620500,0.2059,0.2059,0.2059,0.2059,0.0000,0.0,0
1790620800,0.2055,0.2055,0.2055,0.2055,0.2055,47.4609,1
1790621100,0.2055,0.2055,0.2055,0.2055,0.0000,0.0,0
1790621400,0.2055,0.2055,0.2055,0.2055,0.0000,0.0,0
1790621700,0.2055,0.2055,0.2055,0.2055,0.0000,0.0,0
1790622000,0.2057,0.2057,0.2057,0.2057,0.2057,58.7791,1
1790622300,0.2047,0.2047,0.2047,0.2047,0.2047,2686.85881778,5
1790622600,0.2038,0.2038,0.2038,0.2038,0.2038,48.3346,1
1790622900,0.2038,0.2038,0.2038,0.2038,0.0000,0.0,0
1790623200,0.2038,0.204,0.2038,0.2038,0.2038,2166.04737599,7
1790623500,0.2038,0.2038,0.2038,0.2038,0.0000,0.0,0
1790623800,0.2039,0.2039,0.2039,0.2039,0.2039,43.17752664,1
1790624100,0.2038,0.2038,0.203,0.203,0.2030,26750.35703098,17
1790624400,0.2016,0.2016,0.2015,0.2015,0.2015,102.66046188,2
1790624700,0.2022,0.2022,0.2009,0.2009,0.2020,2542.52449493,7
1790625000,0.2009,0.2009,0.2009,0.2009,0.0000,0.0,0
1790625300,0.2009,0.2009,0.2009,0.2009,0.0000,0.0,0
1790625600,0.2009,0.2009,0.2009,0.2009,0.0000,0.0,0
1790625900,0.2009,0.2009,0.2009,0.2009,0.0000,0.0,0
1790626200,0.2033,0.2034,0.2033,0.2034,0.2033,500.0,3
1790626500,0.2034,0.2034,0.2034,0.2034,0.0000,0.0,0
1790626800,0.2034,0.2034,0.2034,0.2034,0.0000,0.0,0
1790627100,0.2034,0.2034,0.2034,0.2034,0.0000,0.0,0
1790627400,0.2034,0.2034,0.2034,0.2034,0.0000,0.0,0
1790627700,0.2034,0.2034,0.2034,0.2034,0.0000,0.0,0
1790628000,0.2034,0.2034,0.2034,0.2034,0.0000,0.0,0
1790628300,0.2034,0.2034,0.2034,0.2034,0.0000,0.0,0
1790628600,0.2025,0.2025,0.2024,0.2024,0.2024,49.43153732,2
1790628900,0.2036,0.204,0.2036,0.204,0.2038,1025.28680588,6
1790629200,0.2043,0.2043,0.2043,0.2043,0.2043,106.24,1
1790629500,0.2037,0.2037,0.2037,0.2037,0.2037,106.24,1
1790629800,0.2024,0.2024,0.202,0.202,0.2021,5572.84976165,6
1790630100,0.2016,0.2016,0.2012,0.2012,0.2014,867.2864179,3
1790630400,0.2012,0.2012,0.2012,0.2012,0.0000,0.0,0
1790630700,0.2012,0.2012,0.2012,0.2012,0.0000,0.0,0
1790631000,0.2012,0.2012,0.2012,0.2012,0.0000,0.0,0
1790631300,0.2012,0.2012,0.2012,0.2012,0.0000,0.0,0
1790631600,0.1998,0.1998,0.1992,0.1992,0.1997,2062.09959029,2
1790631900,0.1993,0.1993,0.1986,0.1986,0.1987,1941.0569155,4
1790632200,0.1983,0.1983,0.1983,0.1983,0.1983,80.68582955,1
1790632500,0.1989,0.1989,0.1989,0.1989,0.1989,200.0,1
1790632800,0.1988,0.1988,0.1975,0.1977,0.1982,2564.44523323,6
1790633100,0.1975,0.1975,0.1975,0.1975,0.1975,94.73292479,1
1790633400,0.1969,0.1969,0.1969,0.1969,0.1969,1556.8223,1
1790633700,0.1969,0.1969,0.1969,0.1969,0.0000,0.0,0
1790634000,0.1969,0.1969,0.1969,0.1969,0.0000,0.0,0
1790634300,0.1969,0.1969,0.1969,0.1969,0.0000,0.0,0
1790634600,0.1969,0.1969,0.1969,0.1969,0.0000,0.0,0
1790634900,0.1969,0.1969,0.1969,0.1969,0.0000,0.0,0
1790635200,0.1983,0.1983,0.1983,0.1983,0.1983,180.0,1
1790635500,0.1983,0.1983,0.1983,0.1983,0.0000,0.0,0
1790635800,0.1994,0.1994,0.1994,0.1994,0.1994,451.16552665,2
1790636100,0.1994,0.1994,0.1994,0.1994,0.0000,0.0,0
1790636400,0.1994,0.1994,0.1994,0.1994,0.0000,0.0,0
1790636700,0.1994,0.1994,0.1994,0.1994,0.0000,0.0,0
1790637000,0.1993,0.1993,0.1993,0.1993,0.1993,196.18665329,1
1790637300,0.1996,0.1996,0.1996,0.1996,0.1996,846.94388778,1
1790637600,0.2006,0.201,0.2006,0.201,0.2009,8027.23125582,7
1790637900,0.201,0.201,0.201,0.201,0.0000,0.0,0
1790638200,0.201,0.201,0.201,0.201,0.0000,0.0,0
1790638500,0.1994,0.1994,0.1994,0.1994,0.1994,2507.52256,2
1790638800,0.2005,0.2006,0.2005,0.2006,0.2005,2493.14400936,2
1790639100,0.2006,0.2006,0.2006,0.2006,0.0000,0.0,0
1790639400,0.2006,0.2006,0.2006,0.2006,0.0000,0.0,0
1790639700,0.2006,0.2006,0.2006,0.2006,0.0000,0.0,0
1790640000,0.2006,0.2006,0.2006,0.2006,0.0000,0.0,0
1790640300,0.2006,0.2006,0.2006,0.2006,0.0000,0.0,0
1790640600,0.2006,0.2006,0.2006,0.2006,0.0000,0.0,0
1790640900,0.2006,0.2006,0.2006,0.2006,0.0000,0.0,0
1790641200,0.2006,0.2006,0.2006,0.2006,0.0000,0.0,0
1790641500,0.2006,0.2006,0.2006,0.2006,0.0000,0.0,0
1790641800,0.2006,0.2006,0.2006,0.2006,0.0000,0.0,0
1790642100,0.2006,0.2006,0.2006,0.2006,0.0000,0.0,0
1790642400,0.2006,0.2006,0.2006,0.2006,0.0000,0.0,0
1790642700,0.2006,0.2006,0.2006,0.2006,0.0000,0.0,0
1790643000,0.2006,0.2006,0.2006,0.2006,0.0000,0.0,0
1790643300,0.1978,0.1983,0.1978,0.1983,0.1980,15000.0,5
1790643600,0.1983,0.1983,0.1983,0.1983,0.0000,0.0,0
1790643900,0.1977,0.1977,0.1957,0.1957,0.1963,5505.50408565,11
1790644200,0.1957,0.1961,0.1957,0.1961,0.1958,534.08843766,4
1790644500,0.195,0.195,0.195,0.195,0.1950,778.25641026,4
1790644800,0.195,0.195,0.195,0.195,0.0000,0.0,0
1790645100,0.195,0.195,0.195,0.195,0.0000,0.0,0
1790645400,0.195,0.195,0.195,0.195,0.0000,0.0,0
1790645700,0.1934,0.1934,0.1934,0.1934,0.1934,93.21627854,1
1790646000,0.1943,0.1943,0.1943,0.1943,0.1943,1237.75141825,1
1790646300,0.1943,0.1943,0.1943,0.1943,0.0000,0.0,0
1790646600,0.1943,0.1943,0.1943,0.1943,0.0000,0.0,0
1790646900,0.1959,0.1959,0.1959,0.1959,0.1959,50.17650025,1
1790647200,0.1959,0.1959,0.1959,0.1959,0.0000,0.0,0
1790647500,0.1959,0.1959,0.1959,0.1959,0.0000,0.0,0
1790647800,0.193,0.1934,0.1927,0.1932,0.1930,7336.16659253,14
1790648100,0.1932,0.1932,0.1932,0.1932,0.0000,0.0,0
1790648400,0.1937,0.1937,0.1937,0.1937,0.1937,1940.0,1
1790648700,0.1937,0.1937,0.1937,0.1937,0.0000,0.0,0
1790649000,0.1937,0.1937,0.1937,0.1937,0.0000,0.0,0
1790649300,0.1935,0.1935,0.1935,0.1935,0.1935,106.24,1
1790649600,0.1935,0.1935,0.1935,0.1935,0.0000,0.0,0
1790649900,0.1935,0.1935,0.1935,0.1935,0.0000,0.0,0
1790650200,0.1935,0.1935,0.1935,0.1935,0.0000,0.0,0
1790650500,0.1935,0.1935,0.1935,0.1935,0.0000,0.0,0
1790650800,0.1935,0.1935,0.1935,0.1935,0.0000,0.0,0
1790651100,0.1935,0.1935,0.1935,0.1935,0.0000,0.0,0
1790651400,0.1935,0.1935,0.1935,0.1935,0.0000,0.0,0
1790651700,0.1935,0.1935,0.1935,0.1935,0.0000,0.0,0
1790652000,0.1935,0.1935,0.1935,0.1935,0.0000,0.0,0
1790652300,0.1935,0.1935,0.1935,0.1935,0.0000,0.0,0
1790652600,0.1935,0.1935,0.1935,0.1935,0.0000,0.0,0
1790652900,0.1971,0.1971,0.1971,0.1971,0.1971,271.63876205,1
1790653200,0.1971,0.1971,0.1971,0.1971,0.0000,0.0,0
1790653500,0.1971,0.1971,0.1971,0.1971,0.0000,0.0,0
1790653800,0.1971,0.1971,0.1971,0.1971,0.0000,0.0,0
1790654100,0.1971,0.1971,0.1971,0.1971,0.0000,0.0,0
1790654400,0.1971,0.1971,0.1971,0.1971,0.0000,0.0,0
1790654700,0.1971,0.1971,0.1971,0.1971,0.0000,0.0,0
1790655000,0.1971,0.1971,0.1971,0.1971,0.0000,0.0,0
1790655300,0.1971,0.1971,0.1971,0.1971,0.0000,0.0,0
1790655600,0.1971,0.1971,0.1971,0.1971,0.0000,0.0,0
1790655900,0.1971,0.1971,0.1971,0.1971,0.0000,0.0,0
1790656200,0.1969,0.1969,0.1969,0.1969,0.1969,125.77348908,1
1790656500,0.1967,0.1967,0.1962,0.1962,0.1965,7100.0,4
1790656800,0.1962,0.1962,0.1962,0.1962,0.0000,0.0,0
1790657100,0.1962,0.1962,0.1962,0.1962,0.0000,0.0,0
1790657400,0.1962,0.1962,0.1962,0.1962,0.0000,0.0,0
1790657700,0.1962,0.1962,0.1962,0.1962,0.0000,0.0,0
1790658000,0.1962,0.1962,0.1962,0.1962,0.0000,0.0,0
1790658300,0.1962,0.1962,0.1962,0.1962,0.0000,0.0,0
1790658600,0.1962,0.1962,0.1962,0.1962,0.0000,0.0,0
1790658900,0.1962,0.1962,0.1962,0.1962,0.0000,0.0,0
1790659200,0.1962,0.1962,0.1962,0.1962,0.0000,0.0,0
1790659500,0.1982,0.1982,0.1982,0.1982,0.1982,1038.30645161,1
1790659800,0.1982,0.1982,0.1982,0.1982,0.0000,0.0,0
1790660100,0.1982,0.1982,0.1982,0.1982,0.0000,0.0,0
1790660400,0.1982,0.1982,0.1982,0.1982,0.0000,0.0,0
1790660700,0.1982,0.1982,0.1982,0.1982,0.0000,0.0,0
1790661000,0.1982,0.1982,0.1982,0.1982,0.0000,0.0,0
1790661300,0.1982,0.1982,0.1982,0.1982,0.0000,0.0,0
1790661600,0.1982,0.1982,0.1982,0.1982,0.0000,0.0,0
1790661900,0.1982,0.1982,0.1982,0.1982,0.0000,0.0,0
1790662200,0.1986,0.1986,0.1986,0.1986,0.1986,781.196315,1
1790662500,0.1986,0.1986,0.1986,0.1986,0.1986,50.75816235,1
1790662800,0.1986,0.1986,0.1986,0.1986,0.0000,0.0,0
1790663100,0.1986,0.1986,0.1986,0.1986,0.0000,0.0,0
1790663400,0.2007,0.2007,0.2006,0.2007,0.2006,6024.69199909,3
1790663700,0.2007,0.2007,0.2007,0.2007,0.0000,0.0,0
1790664000,0.2007,0.2007,0.2007,0.2007,0.0000,0.0,0
1790664300,0.2007,0.2007,0.2007,0.2007,0.0000,0.0,0
1790664600,0.2007,0.2007,0.2007,0.2007,0.0000,0.0,0
1790664900,0.2019,0.2078,0.2019,0.2033,0.2047,203990.5672532,146
1790665200,0.2035,0.2041,0.1991,0.2015,0.2012,210162.27212984,117
1790665500,0.2005,0.2005,0.2005,0.2005,0.2005,770.71792896,1
1790665800,0.2005,0.2005,0.2005,0.2005,0.0000,0.0,0
1790666100,0.2005,0.2005,0.2005,0.2005,0.0000,0.0,0
1790666400,0.2005,0.2005,0.2005,0.2005,0.0000,0.0,0
1790666700,0.2027,0.2027,0.2027,0.2027,0.2027,2466.69955599,1
1790667000,0.2027,0.2027,0.2027,0.2027,0.2027,192.89590528,1
1790667300,0.2027,0.2027,0.2027,0.2027,0.0000,0.0,0
1790667600,0.2027,0.2027,0.2027,0.2027,0.0000,0.0,0
1790667900,0.2027,0.2027,0.2027,0.2027,0.0000,0.0,0
1790668200,0.2027,0.2027,0.2027,0.2027,0.0000,0.0,0
1790668500,0.2027,0.2027,0.2027,0.2027,0.0000,0.0,0
1790668800,0.2027,0.2027,0.2027,0.2027,0.0000,0.0,0
1790669100,0.2027,0.2027,0.2027,0.2027,0.0000,0.0,0
1790669400,0.2027,0.2027,0.2027,0.2027,0.0000,0.0,0
1790669700,0.2049,0.2049,0.2049,0.2049,0.2049,205.51488531,1
1790670000,0.2049,0.2049,0.2049,0.2049,0.0000,0.0,0
1790670300,0.2052,0.2052,0.2052,0.2052,0.2052,243.66471735,1
1790670600,0.204,0.204,0.204,0.204,0.2040,4901.96078428,4
1790670900,0.204,0.204,0.204,0.204,0.2040,2450.9803922,3
1790671200,0.204,0.204,0.204,0.204,0.0000,0.0,0
1790671500,0.204,0.204,0.204,0.204,0.0000,0.0,0
1790671800,0.204,0.204,0.204,0.204,0.0000,0.0,0
1790672100,0.2053,0.2054,0.2053,0.2054,0.2053,4869.14203024,2
1790672400,0.2054,0.2054,0.2054,0.2054,0.0000,0.0,0
1790672700,0.2054,0.2054,0.2054,0.2054,0.0000,0.0,0
1790673000,0.2054,0.2054,0.2054,0.2054,0.0000,0.0,0
1790673300,0.2035,0.2046,0.2035,0.2046,0.2045,514.19855327,2
1790673600,0.2046,0.2046,0.2046,0.2046,0.0000,0.0,0
1790673900,0.2042,0.2054,0.2042,0.2054,0.2053,3079.75066456,3
1790674200,0.2049,0.2049,0.2049,0.2049,0.2049,1940.0,4
1790674500,0.2068,0.2071,0.2068,0.2071,0.2068,5381.07521478,3
1790674800,0.2071,0.2071,0.2071,0.2071,0.0000,0.0,0
1790675100,0.2071,0.2071,0.2071,0.2071,0.0000,0.0,0
1790675400,0.2071,0.2071,0.2071,0.2071,0.0000,0.0,0
1790675700,0.2071,0.2071,0.2071,0.2071,0.0000,0.0,0
1790676000,0.2071,0.2071,0.2071,0.2071,0.0000,0.0,0
1790676300,0.2071,0.2071,0.2071,0.2071,0.0000,0.0,0
1790676600,0.2071,0.2071,0.2071,0.2071,0.0000,0.0,0
1790676900,0.2071,0.2071,0.2071,0.2071,0.0000,0.0,0
1790677200,0.2063,0.2063,0.2059,0.2062,0.2061,623.36548715,3
1790677500,0.2062,0.2062,0.2062,0.2062,0.0000,0.0,0
1790677800,0.205,0.205,0.2048,0.2048,0.2049,361.43372636,3
1790678100,0.2048,0.2048,0.2048,0.2048,0.0000,0.0,0
1790678400,0.2048,0.2048,0.2048,0.2048,0.0000,0.0,0
1790678700,0.2048,0.2048,0.2048,0.2048,0.0000,0.0,0
1790679000,0.2048,0.2048,0.2048,0.2048,0.0000,0.0,0
1790679300,0.2048,0.2048,0.2048,0.2048,0.0000,0.0,0
1790679600,0.2048,0.2048,0.2048,0.2048,0.2048,23.21111735,1
1790679900,0.2048,0.2048,0.2048,0.2048,0.0000,0.0,0
1790680200,0.2048,0.2048,0.2048,0.2048,0.0000,0.0,0
1790680500,0.2048,0.2048,0.2048,0.2048,0.0000,0.0,0
1790680800,0.2048,0.2048,0.2048,0.2048,0.0000,0.0,0
1790681100,0.2048,0.2048,0.2048,0.2048,0.0000,0.0,0
1790681400,0.2048,0.2048,0.2048,0.2048,0.0000,0.0,0
1790681700,0.209,0.209,0.209,0.209,0.2090,213.25358852,1
1790682000,0.2095,0.2095,0.2095,0.2095,0.2095,467.3999093,2
1790682300,0.2095,0.2095,0.2095,0.2095,0.0000,0.0,0
1790682600,0.2108,0.2108,0.2108,0.2108,0.2108,25.2913228,1
1790682900,0.2105,0.2105,0.207,0.2096,0.2084,233471.57665948,27
1790683200,0.2096,0.2096,0.2096,0.2096,0.0000,0.0,0
1790683500,0.2096,0.2096,0.2096,0.2096,0.0000,0.0,0
1790683800,0.2096,0.2096,0.2096,0.2096,0.0000,0.0,0
1790684100,0.2096,0.2096,0.2096,0.2096,0.0000,0.0,0
1790684400,0.2096,0.2096,0.2096,0.2096,0.0000,0.0,0
1790684700,0.2089,0.2089,0.2089,0.2089,0.2089,47.86979416,1
1790685000,0.2073,0.2073,0.2073,0.2073,0.2073,101.5,1
1790685300,0.2077,0.2081,0.2073,0.2081,0.2074,32533.60530041,21
1790685600,0.2073,0.2073,0.2073,0.2073,0.2073,2704.01208354,9
1790685900,0.2073,0.2073,0.2073,0.2073,0.0000,0.0,0
1790686200,0.2073,0.2073,0.2073,0.2073,0.0000,0.0,0
1790686500,0.2073,0.2073,0.2073,0.2073,0.0000,0.0,0
1790686800,0.2073,0.2073,0.2073,0.2073,0.0000,0.0,0
1790687100,0.2073,0.2073,0.2073,0.2073,0.0000,0.0,0
1790687400,0.2073,0.2073,0.2073,0.2073,0.0000,0.0,0
1790687700,0.2069,0.2069,0.2069,0.2069,0.2069,106.24,1
1790688000,0.2069,0.2069,0.2069,0.2069,0.0000,0.0,0
1790688300,0.2084,0.2085,0.2084,0.2085,0.2084,286.47482014,2
1790688600,0.2076,0.2076,0.2076,0.2076,0.2076,539.9921,2
1790688900,0.2076,0.2076,0.2076,0.2076,0.0000,0.0,0
1790689200,0.2076,0.2076,0.2076,0.2076,0.0000,0.0,0
1790689500,0.2076,0.2076,0.2076,0.2076,0.0000,0.0,0
1790689800,0.2076,0.2076,0.2076,0.2076,0.0000,0.0,0
1790690100,0.2093,0.2093,0.2092,0.2092,0.2092,1220.73368481,3
1790690400,0.2092,0.2092,0.2092,0.2092,0.0000,0.0,0
1790690700,0.2068,0.2068,0.2066,0.2066,0.2066,1785.13036921,3
1790691000,0.2059,0.2067,0.2054,0.2067,0.2056,15979.71362716,6
1790691300,0.2064,0.2064,0.2064,0.2064,0.2064,2376.71669597,1
1790691600,0.2089,0.2089,0.2041,0.2045,0.2060,186220.45559134,97
1790691900,0.2047,0.2052,0.2043,0.2049,0.2047,8087.34073498,12
1790692200,0.2045,0.2055,0.2045,0.2053,0.2053,6572.79414884,6
1790692500,0.2044,0.2052,0.2039,0.2052,0.2044,20568.65644149,13
1790692800,0.2059,0.2065,0.2052,0.2053,0.2059,31582.6304077,24
1790693100,0.2059,0.2059,0.203,0.2036,0.2046,9970.66734071,17
1790693400,0.2034,0.2035,0.203,0.2033,0.2032,5254.3711418,6
1790693700,0.2037,0.2037,0.2027,0.2029,0.2033,16698.5245006,14
1790694000,0.203,0.203,0.2018,0.2022,0.2021,58912.1581751,37
1790694300,0.2014,0.2017,0.2002,0.2009,0.2009,53783.34745645,26
1790694600,0.2017,0.2017,0.1997,0.2004,0.2004,124533.71566761,71
1790694900,0.2012,0.2012,0.1992,0.1995,0.1994,33353.66003366,21
1790695200,0.1995,0.1995,0.1974,0.1974,0.1986,66579.39085496,60
1790695500,0.1974,0.1974,0.196,0.1969,0.1962,22953.84477148,22
1790695800,0.1972,0.1994,0.1972,0.1988,0.1990,61655.92962533,34
1790696100,0.1981,0.1981,0.1977,0.1979,0.1978,10050.90098252,20
1790696400,0.1982,0.1982,0.1974,0.1975,0.1977,37882.61323878,26
1790696700,0.1986,0.1987,0.1972,0.1983,0.1981,9264.86809706,14
1790697000,0.1982,0.1982,0.1965,0.1965,0.1969,5381.95492407,11
1790697300,0.1967,0.1971,0.1964,0.1965,0.1967,10232.50866321,56
1790697600,0.197,0.1977,0.1968,0.1973,0.1974,22341.57309641,64
1790697900,0.197,0.1975,0.1968,0.1973,0.1971,38908.48572163,46
1790698200,0.1977,0.1985,0.1974,0.1979,0.1978,11792.15006194,103
1790698500,0.198,0.1984,0.1973,0.1981,0.1977,23692.15781608,54
1790698800,0.1981,0.1988,0.198,0.1983,0.1982,27922.32161963,43
1790699100,0.198,0.198,0.1974,0.1974,0.1979,28160.5435737,14
1790699400,0.1968,0.1968,0.1963,0.1965,0.1965,4602.6999945,7
1790699700,0.1967,0.1972,0.1966,0.1966,0.1969,5088.40593133,9
1790700000,0.196,0.196,0.1949,0.1949,0.1951,4840.02572086,12
1790700300,0.1946,0.1952,0.1946,0.1951,0.1946,2890.25743373,11
1790700600,0.1956,0.196,0.1951,0.1951,0.1953,5171.79839889,24
1790700900,0.1951,0.1961,0.1948,0.1958,0.1951,18404.75544026,60
1790701200,0.1958,0.1958,0.1947,0.1952,0.1950,8202.96230473,37
1790701500,0.1949,0.1956,0.1948,0.1951,0.1951,8461.89045151,39
1790701800,0.1948,0.1952,0.1947,0.1952,0.1948,9729.82535995,15
1790702100,0.1953,0.1953,0.1939,0.1945,0.1941,10590.38370641,45
1790702400,0.1946,0.1946,0.1939,0.1944,0.1941,39619.20232678,36
1790702700,0.1946,0.1953,0.1944,0.1953,0.1947,4759.56978891,15
1790703000,0.1955,0.1955,0.1948,0.195,0.1951,5243.44159394,31
1790703300,0.1948,0.195,0.1948,0.1948,0.1948,1676.88097916,15
1790703600,0.1948,0.1956,0.1947,0.1954,0.1952,10603.35301522,25
1790703900,0.1956,0.1956,0.1943,0.1943,0.1947,3696.70460956,24
1790704200,0.1942,0.1949,0.1936,0.1949,0.1939,37532.68201623,42
1790704500,0.1946,0.1951,0.1944,0.195,0.1947,6374.29984984,25
1790704800,0.1956,0.1964,0.1955,0.1955,0.1960,4590.52991362,20
1790705100,0.1956,0.1961,0.1955,0.1955,0.1957,3503.28451122,15
1790705400,0.1956,0.1956,0.1956,0.1956,0.1956,6292.0586149,3
1790705700,0.1959,0.1965,0.1959,0.1962,0.1963,48996.68576856,31
1790706000,0.196,0.1969,0.196,0.1969,0.1961,212159.66230943,54
1790706300,0.1968,0.1968,0.1963,0.1963,0.1964,5435.5533751,5
1790706600,0.1964,0.1964,0.1959,0.1962,0.1961,5684.92104596,8
1790706900,0.1962,0.1966,0.1961,0.1966,0.1962,3683.45062802,16
1790707200,0.1981,0.1982,0.1975,0.1976,0.1979,29470.99254038,21
1790707500,0.1979,0.1979,0.1974,0.1974,0.1975,281.103387,3
1790707800,0.197,0.1973,0.197,0.1973,0.1972,1444.7482414,3
1790708100,0.197,0.1971,0.197,0.1971,0.1970,1446.9121482,3
1790708400,0.1969,0.198,0.1969,0.198,0.1973,3031.26930073,4
1790708700,0.198,0.198,0.198,0.198,0.0000,0.0,0
1790709000,0.1988,0.1988,0.1985,0.1985,0.1987,6028.08623367,7
1790709300,0.1984,0.1985,0.1979,0.1983,0.1981,17577.58021464,16
1790709600,0.1982,0.1983,0.1979,0.1981,0.1981,4451.5714678,5
1790709900,0.1979,0.2005,0.1979,0.2004,0.1989,26097.27272498,20
1790710200,0.2006,0.201,0.1998,0.201,0.2007,2036.28364613,6
1790710500,0.2007,0.2011,0.2001,0.2011,0.2005,15439.36364176,17
1790710800,0.2014,0.202,0.2009,0.201,0.2016,40664.27353621,25
1790711100,0.2007,0.2031,0.2002,0.2022,0.2021,93664.69328382,54
1790711400,0.2016,0.2016,0.2006,0.2011,0.2009,42716.75161951,24
1790711700,0.2003,0.2005,0.1996,0.1998,0.1996,10858.00055722,13
1790712000,0.1998,0.2002,0.1993,0.1995,0.1997,8448.08841596,25
1790712300,0.1999,0.2018,0.1999,0.2014,0.2011,59143.36300899,44
1790712600,0.2008,0.2014,0.2006,0.201,0.2010,79580.18078495,53
1790712900,0.2013,0.2033,0.2013,0.2033,0.2027,22683.0415688,34
1790713200,0.2036,0.2039,0.2028,0.2029,0.2032,27718.85225909,34
1790713500,0.2028,0.2037,0.2028,0.2037,0.2033,36264.53196073,25
1790713800,0.2034,0.2034,0.2019,0.2019,0.2021,28073.31283489,27
1790714100,0.2021,0.2029,0.2018,0.2029,0.2025,39359.95590938,29
1790714400,0.2028,0.2032,0.2025,0.2029,0.2028,3570.22891671,19
1790714700,0.203,0.203,0.202,0.2026,0.2026,54252.47913228,33
1790715000,0.2024,0.2034,0.2024,0.2034,0.2027,13995.0800621,11
1790715300,0.2033,0.2034,0.2024,0.2025,0.2026,3047.38351281,9
1790715600,0.2029,0.2031,0.2022,0.2022,0.2027,137777.95839775,46
1790715900,0.203,0.203,0.203,0.203,0.2030,1490.717529,1
1790716200,0.203,0.203,0.203,0.203,0.0000,0.0,0
1790716500,0.2028,0.2028,0.2007,0.2007,0.2011,22030.79695138,31
1790716800,0.2,0.2,0.1996,0.1996,0.1999,451.7227,3
1790717100,0.1994,0.1994,0.1985,0.199,0.1987,10386.70334216,6
1790717400,0.199,0.199,0.199,0.199,0.0000,0.0,0
1790717700,0.199,0.199,0.199,0.199,0.0000,0.0,0
1790718000,0.2002,0.2002,0.1997,0.1997,0.1997,8816.64367072,2
1790718300,0.1987,0.1999,0.1987,0.1999,0.1997,8617.86092433,19
1790718600,0.1999,0.1999,0.1999,0.1999,0.0000,0.0,0
1790718900,0.1994,0.1994,0.1994,0.1994,0.1994,27.94332998,1
1790719200,0.1995,0.1996,0.1991,0.1995,0.1994,22824.52549565,12
1790719500,0.1995,0.1995,0.1995,0.1995,0.0000,0.0,0
1790719800,0.1993,0.1993,0.1993,0.1993,0.1993,52.207,1
1790720100,0.1984,0.1991,0.1977,0.1991,0.1983,6829.42870244,17
1790720400,0.199,0.199,0.1987,0.1987,0.1988,2251.5019356,4
1790720700,0.1984,0.1985,0.1977,0.1977,0.1984,1149.12710083,7
1790721000,0.1975,0.1976,0.1975,0.1976,0.1975,1066.1047889,4
1790721300,0.1979,0.1979,0.1979,0.1979,0.1979,1049.7418966,3
1790721600,0.1976,0.1976,0.1976,0.1976,0.1976,892.973822,1
1790721900,0.1976,0.1977,0.197,0.197,0.1973,2164.938282,10
1790722200,0.1966,0.1971,0.1966,0.1971,0.1968,1311.7471908,7
1790722500,0.1975,0.1975,0.1971,0.1972,0.1973,4008.62979202,13
1790722800,0.1972,0.1973,0.197,0.1973,0.1971,735.2079,10
1790723100,0.1984,0.1984,0.1979,0.1979,0.1981,581.581,7
1790723400,0.1979,0.198,0.1978,0.1978,0.1979,6792.393055,6
1790723700,0.1977,0.1977,0.1976,0.1976,0.1976,1060.5711183,3
1790724000,0.1976,0.1976,0.1976,0.1976,0.0000,0.0,0
1790724300,0.1971,0.1973,0.1971,0.1971,0.1972,1183.7106818,6
1790724600,0.1964,0.1967,0.1964,0.1966,0.1965,8953.1982351,6
1790724900,0.1961,0.1962,0.196,0.196,0.1960,402.499693,6
1790725200,0.1961,0.1961,0.1952,0.1953,0.1953,1228.378027,8
1790725500,0.1957,0.196,0.1956,0.196,0.1958,2118.9652302,8
1790725800,0.1962,0.1962,0.1958,0.1958,0.1959,6041.78839068,8
1790726100,0.1961,0.1961,0.1961,0.1961,0.1961,52.207,1
1790726400,0.1961,0.1962,0.1959,0.1959,0.1960,917.85852,8
1790726700,0.1962,0.1964,0.1959,0.196,0.1962,29507.18946839,25
1790727000,0.1956,0.1957,0.1953,0.1953,0.1954,1793.914142,11
1790727300,0.1955,0.1955,0.1948,0.1948,0.1951,1744.4564374,8
1790727600,0.1947,0.1951,0.1945,0.1947,0.1949,3496.68072063,14
1790727900,0.1949,0.1949,0.1949,0.1949,0.1949,1192.7549443,1
1790728200,0.1959,0.196,0.1955,0.1955,0.1958,1110.5259393,4
1790728500,0.1955,0.1955,0.1955,0.1955,0.0000,0.0,0
1790728800,0.1967,0.1967,0.1961,0.1961,0.1964,25869.81894606,15
1790729100,0.1959,0.1959,0.1954,0.1958,0.1957,47669.76927927,16
1790729400,0.1955,0.1956,0.1953,0.1956,0.1954,10698.26465417,12
1790729700,0.1955,0.1968,0.1955,0.1968,0.1964,5612.0481453,7
1790730000,0.1968,0.1968,0.1968,0.1968,0.0000,0.0,0
1790730300,0.1976,0.1989,0.1976,0.1989,0.1981,2927.3893273,9
1790730600,0.1986,0.1988,0.1986,0.1988,0.1987,2832.7703352,3
1790730900,0.1988,0.1988,0.1988,0.1988,0.0000,0.0,0
1790731200,0.1984,0.1984,0.1984,0.1984,0.1984,941.489255,2
1790731500,0.1984,0.1984,0.1984,0.1984,0.0000,0.0,0
1790731800,0.1977,0.1981,0.1975,0.1975,0.1978,382.1201,4
1790732100,0.197,0.197,0.197,0.197,0.1970,106.24,2
1790732400,0.197,0.197,0.197,0.197,0.0000,0.0,0
1790732700,0.1974,0.1974,0.1974,0.1974,0.1974,44.8577,1
1790733000,0.1974,0.1974,0.1974,0.1974,0.0000,0.0,0
1790733300,0.1974,0.1974,0.1974,0.1974,0.0000,0.0,0
1790733600,0.1964,0.1964,0.1962,0.1962,0.1962,5096.83995923,5
1790733900,0.1962,0.1962,0.1962,0.1962,0.0000,0.0,0
1790734200,0.1964,0.1964,0.1964,0.1964,0.1964,106.24,1
1790734500,0.1962,0.1962,0.196,0.196,0.1960,252.3113,3
1790734800,0.1959,0.1959,0.1959,0.1959,0.1959,88.8237,1
1790735100,0.1955,0.1955,0.1955,0.1955,0.1955,1173.80189,1
1790735400,0.1951,0.1951,0.1949,0.1949,0.1950,170.91708122,4
1790735700,0.1949,0.1951,0.1949,0.1951,0.1950,2423.26153941,2
1790736000,0.1955,0.1957,0.1955,0.1957,0.1955,7430.2464889,4
1790736300,0.1955,0.1956,0.1955,0.1956,0.1955,186.2115,2
1790736600,0.1956,0.1956,0.1956,0.1956,0.1956,78.7572,1
1790736900,0.1947,0.1951,0.1945,0.1951,0.1946,5537.37965137,6
1790737200,0.195,0.1952,0.1941,0.1948,0.1946,5865.88156208,10
1790737500,0.1942,0.1945,0.1942,0.1945,0.1944,777.5609,2
1790737800,0.1945,0.1945,0.1945,0.1945,0.0000,0.0,0
1790738100,0.1937,0.1937,0.1936,0.1937,0.1936,2970.04432829,6
1790738400,0.1943,0.1944,0.1943,0.1944,0.1943,2098.0347382,5
1790738700,0.1942,0.1942,0.1942,0.1942,0.1942,539.059264,1
1790739000,0.1942,0.1942,0.1942,0.1942,0.0000,0.0,0
1790739300,0.1941,0.1949,0.1941,0.1946,0.1947,51142.12540965,22
1790739600,0.1952,0.1952,0.1949,0.1949,0.1951,2090.56208758,2
1790739900,0.194,0.1944,0.194,0.1944,0.1941,2902.3478892,3
1790740200,0.1944,0.1944,0.1944,0.1944,0.0000,0.0,0
1790740500,0.1944,0.1944,0.1944,0.1944,0.0000,0.0,0
1790740800,0.1944,0.1949,0.1944,0.1948,0.1946,300.54690004,4
1790741100,0.1951,0.1953,0.1951,0.1953,0.1952,1431.19990089,4
1790741400,0.1944,0.1953,0.1943,0.1953,0.1949,22749.49582275,22
1790741700,0.1955,0.1955,0.1955,0.1955,0.1955,9941.5599986,3
1790742000,0.1958,0.1958,0.1954,0.1954,0.1954,1804.44741362,6
1790742300,0.1956,0.1956,0.1951,0.1951,0.1952,15191.28019303,7
1790742600,0.1951,0.1953,0.1951,0.1953,0.1951,2406.1066067,4
1790742900,0.1948,0.1953,0.1948,0.1953,0.1948,2042.24410081,8
1790743200,0.1955,0.1956,0.1955,0.1956,0.1955,337.5,3
1790743500,0.1955,0.1955,0.1955,0.1955,0.1955,69.6093,1
1790743800,0.1952,0.1952,0.1943,0.1943,0.1950,1585.9012799,6
1790744100,0.1943,0.1944,0.1941,0.1941,0.1941,4118.66981959,26
1790744400,0.195,0.195,0.1942,0.1942,0.1945,469.9465293,3
1790744700,0.1944,0.1944,0.1939,0.194,0.1940,621.83683756,4
1790745000,0.1939,0.1939,0.1932,0.1932,0.1934,5600.68322399,28
1790745300,0.1933,0.1942,0.1932,0.1942,0.1932,11436.45978236,17
1790745600,0.1942,0.1947,0.194,0.1947,0.1942,21039.69847605,20
1790745900,0.1946,0.1946,0.1944,0.1945,0.1944,2525.54068887,5
1790746200,0.1946,0.1949,0.1944,0.1944,0.1946,8746.96109276,12
1790746500,0.1947,0.1947,0.1947,0.1947,0.1947,883.7147,2
1790746800,0.1947,0.1948,0.1947,0.1948,0.1947,14871.57693104,8
1790747100,0.1948,0.1948,0.1948,0.1948,0.1948,507.1794871,1
1790747400,0.1948,0.1948,0.1948,0.1948,0.0000,0.0,0
1790747700,0.1945,0.1946,0.1945,0.1946,0.1945,748.29277398,8
1790748000,0.1945,0.1945,0.1945,0.1945,0.1945,99.9506173,2
1790748300,0.1946,0.1947,0.1942,0.1942,0.1946,11136.86055316,9
1790748600,0.1938,0.1939,0.1934,0.1934,0.1936,5134.5058833,8
1790748900,0.1936,0.1936,0.1933,0.1936,0.1935,5603.11071704,8
1790749200,0.1935,0.1937,0.1933,0.1933,0.1935,11851.80130416,11
1790749500,0.1929,0.1934,0.1927,0.1934,0.1929,4252.52489785,12
1790749800,0.1934,0.1936,0.1934,0.1936,0.1934,1821.4210299,2
1790750100,0.1928,0.193,0.1928,0.1929,0.1929,11897.83561838,11
1790750400,0.1929,0.1929,0.1929,0.1929,0.1929,171.1918,1
1790750700,0.1927,0.1927,0.1919,0.1919,0.1920,11353.19056474,15
1790751000,0.1919,0.1919,0.1919,0.1919,0.0000,0.0,0
1790751300,0.1924,0.1924,0.1921,0.1921,0.1923,4589.34923865,4
1790751600,0.1921,0.193,0.1919,0.1926,0.1926,55153.56571958,32
1790751900,0.1918,0.1922,0.1916,0.1919,0.1918,4160.42612123,10
1790752200,0.192,0.192,0.1916,0.1918,0.1916,2048.3601121,5
1790752500,0.1917,0.1924,0.1917,0.1924,0.1921,40375.30583262,22
1790752800,0.1925,0.1925,0.1919,0.1919,0.1922,4713.28165033,4
1790753100,0.1919,0.1919,0.1917,0.1917,0.1918,28836.80650948,11
1790753400,0.1915,0.1915,0.1915,0.1915,0.1915,883.90254351,1
1790753700,0.1917,0.1925,0.1917,0.192,0.1920,4077.84820216,11
1790754000,0.1919,0.1924,0.1919,0.1924,0.1919,7938.3893423,6
1790754300,0.1924,0.1924,0.1917,0.1917,0.1918,5214.7276183,15
1790754600,0.1915,0.1915,0.191,0.1912,0.1910,35428.68180661,31
1790754900,0.191,0.1918,0.188,0.1909,0.1899,225713.88381777,194
1790755200,0.1909,0.1909,0.1896,0.1896,0.1900,13732.37833373,24
1790755500,0.1895,0.1895,0.1894,0.1894,0.1894,227.92064564,2
1790755800,0.1892,0.1893,0.189,0.1892,0.1891,35584.19711561,28
1790756100,0.1894,0.1912,0.1894,0.1907,0.1908,41984.68926726,30
1790756400,0.1907,0.1918,0.1906,0.1914,0.1912,19407.06471561,43
1790756700,0.1918,0.192,0.1917,0.1917,0.1918,9676.8485276,15
1790757000,0.1913,0.1913,0.1904,0.1906,0.1907,8116.10443109,13
1790757300,0.1908,0.1918,0.1908,0.1918,0.1915,4431.56070709,9
1790757600,0.192,0.1921,0.1917,0.1917,0.1918,3523.02903277,7
1790757900,0.1924,0.1936,0.1924,0.1936,0.1925,2728.74189648,13
1790758200,0.1932,0.1932,0.1927,0.1927,0.1929,605.52255138,2
1790758500,0.193,0.193,0.1928,0.1928,0.1929,1227.84323442,3
1790758800,0.1933,0.1933,0.1933,0.1933,0.1933,1945.87772387,3
1790759100,0.1935,0.1935,0.193,0.1931,0.1931,12592.40140468,12
1790759400,0.1936,0.1937,0.1934,0.1937,0.1936,1007.81012772,4
1790759700,0.1937,0.1937,0.1937,0.1937,0.1937,2458.2457221,3
1790760000,0.1936,0.1937,0.1936,0.1937,0.1936,6174.38074899,5
1790760300,0.194,0.194,0.1934,0.1938,0.1937,119604.20098315,54
1790760600,0.1938,0.1951,0.1935,0.1948,0.1945,4778.45730188,18
1790760900,0.1946,0.1948,0.1944,0.1945,0.1945,1549.12884753,5
1790761200,0.1944,0.1944,0.1943,0.1943,0.1943,1033.5926,2
1790761500,0.1939,0.1944,0.1939,0.1943,0.1941,2853.49077726,9
1790761800,0.1943,0.1945,0.1938,0.194,0.1941,1098.64635605,8
1790762100,0.1939,0.1941,0.1939,0.1941,0.1940,657.04099399,3
1790762400,0.1944,0.1945,0.1935,0.1942,0.1940,696.79686006,10
1790762700,0.1942,0.1942,0.1942,0.1942,0.1942,974.1506999,3
1790763000,0.1937,0.1937,0.1937,0.1937,0.1937,157.04099,2
1790763300,0.1934,0.1935,0.1934,0.1935,0.1934,1702.03071,3
1790763600,0.1935,0.1935,0.1935,0.1935,0.0000,0.0,0
1790763900,0.1937,0.1937,0.1936,0.1936,0.1936,139.2186,2
1790764200,0.1932,0.1932,0.1932,0.1932,0.1932,500.0,1
1790764500,0.1942,0.1944,0.1942,0.1944,0.1943,4631.24346595,6
1790764800,0.1936,0.1938,0.1934,0.1934,0.1937,9565.50339062,8
1790765100,0.1934,0.1934,0.1934,0.1934,0.0000,0.0,0
1790765400,0.1933,0.1937,0.1933,0.1937,0.1934,1684.67599988,6
1790765700,0.1938,0.1938,0.1934,0.1937,0.1937,2188.44689297,8
1790766000,0.193,0.193,0.1927,0.1929,0.1927,5471.50289,6
1790766300,0.1927,0.1929,0.1923,0.1929,0.1923,1773.80379106,5
1790766600,0.1929,0.1929,0.1929,0.1929,0.1929,150.0,2
1790766900,0.1932,0.1932,0.1929,0.1929,0.1930,618.7200952,3
1790767200,0.1925,0.1935,0.1925,0.1935,0.1934,2339.42775855,3
1790767500,0.1935,0.1935,0.1935,0.1935,0.1935,1039.5226889,1
1790767800,0.193,0.193,0.193,0.193,0.1930,1600.21576633,1
1790768100,0.193,0.194,0.193,0.194,0.1931,1530.48743719,4
1790768400,0.1941,0.1951,0.1941,0.1951,0.1943,3056.0351272,9
1790768700,0.1953,0.1953,0.1948,0.1951,0.1952,13746.89706348,13
1790769000,0.1951,0.1957,0.1951,0.1957,0.1953,19329.28975719,14
1790769300,0.1958,0.1961,0.1954,0.1961,0.1956,4968.248226,17
1790769600,0.1964,0.1964,0.1964,0.1964,0.1964,1319.00007026,3
1790769900,0.1957,0.1957,0.1954,0.1955,0.1956,4071.79172159,14
1790770200,0.1958,0.1959,0.1953,0.1953,0.1955,2614.54953288,10
1790770500,0.1953,0.1953,0.1949,0.1949,0.1950,5057.82007859,11
1790770800,0.1944,0.1959,0.1944,0.1959,0.1948,5845.407218,6
1790771100,0.1959,0.1959,0.1954,0.1958,0.1955,6297.62392699,16
1790771400,0.1958,0.1996,0.1958,0.1996,0.1981,36683.0035139,54
1790771700,0.2003,0.202,0.1998,0.2019,0.2009,52431.08284195,35
1790772000,0.2019,0.2024,0.2018,0.2021,0.2020,68767.95082778,25
1790772300,0.2018,0.2025,0.2016,0.2024,0.2020,6544.7043508,18
1790772600,0.2024,0.203,0.2016,0.2017,0.2025,18555.94337925,57
1790772900,0.2015,0.2019,0.2008,0.201,0.2012,8736.2527601,18
1790773200,0.201,0.2021,0.2007,0.202,0.2012,7282.23760538,19
1790773500,0.2021,0.2034,0.2021,0.2034,0.2026,23355.16936301,25
1790773800,0.2027,0.2028,0.2023,0.2023,0.2027,27184.20968855,19
1790774100,0.2019,0.2024,0.2017,0.202,0.2019,5528.92400469,13
1790774400,0.2019,0.202,0.2017,0.2018,0.2019,1421.82223304,6
1790774700,0.2013,0.2013,0.2011,0.2011,0.2011,1707.9345553,4
1790775000,0.2017,0.2025,0.2014,0.2018,0.2020,887.04133438,12
1790775300,0.201,0.201,0.1971,0.1974,0.1991,50920.1019923,60
1790775600,0.1984,0.1986,0.1965,0.1986,0.1979,26581.15835615,36
1790775900,0.199,0.1993,0.199,0.199,0.1990,7825.78670108,17
1790776200,0.199,0.199,0.199,0.199,0.1990,14307.6549034,4
1790776500,0.1985,0.1985,0.1978,0.1981,0.1982,11441.66526664,8
1790776800,0.1987,0.1987,0.1977,0.1984,0.1980,6841.60931897,13
1790777100,0.1987,0.199,0.1977,0.199,0.1982,153763.25672947,61
1790777400,0.1975,0.1977,0.1975,0.1977,0.1975,3731.34844298,7
1790777700,0.1967,0.1968,0.1967,0.1968,0.1967,2802.55343043,5
1790778000,0.1957,0.1957,0.1945,0.1947,0.1950,5917.16281355,25
1790778300,0.1947,0.1947,0.1947,0.1947,0.0000,0.0,0
1790778600,0.1946,0.195,0.1937,0.1937,0.1939,13360.055867,14
1790778900,0.1937,0.194,0.1932,0.194,0.1934,20787.155785,8
1790779200,0.1935,0.1947,0.1933,0.1941,0.1934,13484.50474666,14
1790779500,0.1937,0.1947,0.1937,0.1947,0.1946,1423.24530775,3
1790779800,0.1949,0.1954,0.1949,0.1954,0.1953,10309.52851,8
1790780100,0.1954,0.1956,0.195,0.1951,0.1953,25141.41193429,21
1790780400,0.1951,0.1953,0.195,0.1953,0.1951,30355.09046976,17
1790780700,0.1953,0.1953,0.1953,0.1953,0.0000,0.0,0
1790781000,0.1958,0.1959,0.1958,0.1959,0.1958,2478.84098382,5
1790781300,0.1948,0.1949,0.1945,0.1945,0.1947,28089.80257517,17
1790781600,0.1943,0.1943,0.1941,0.1941,0.1941,3102.30602501,2
1790781900,0.1938,0.1938,0.1933,0.1933,0.1933,980.87493,2
1790782200,0.1959,0.1959,0.1959,0.1959,0.1959,165.8881,1
1790782500,0.1958,0.1959,0.1958,0.1959,0.1958,208.8279,2
1790782800,0.1954,0.1954,0.1954,0.1954,0.1954,1011.59379999,2
1790783100,0.1954,0.1954,0.1954,0.1954,0.0000,0.0,0
1790783400,0.1954,0.1954,0.1954,0.1954,0.0000,0.0,0
1790783700,0.1954,0.1954,0.1954,0.1954,0.0000,0.0,0
1790784000,0.1976,0.1976,0.1976,0.1976,0.1976,3900.01203904,2
1790784300,0.1976,0.1976,0.1976,0.1976,0.0000,0.0,0
1790784600,0.1989,0.1992,0.1989,0.1992,0.1991,3666.16146201,10
1790784900,0.1993,0.1993,0.1993,0.1993,0.1993,69.6093,1
1790785200,0.1993,0.1996,0.1993,0.1993,0.1994,2088.15640801,10
1790785500,0.199,0.2,0.199,0.1998,0.1995,56848.60978777,46
1790785800,0.1992,0.1992,0.1986,0.1987,0.1987,28428.79676308,27
1790786100,0.1983,0.1992,0.1983,0.1992,0.1984,14369.59078538,15
1790786400,0.1997,0.2001,0.1995,0.2,0.1995,10616.69501927,9
1790786700,0.2004,0.2006,0.1998,0.2,0.2003,45918.18411494,46
1790787000,0.2,0.2001,0.1997,0.1998,0.2000,11486.92577622,20
1790787300,0.1998,0.1998,0.1998,0.1998,0.0000,0.0,0
1790787600,0.1993,0.1994,0.1993,0.1994,0.1993,954.8454,4
1790787900,0.1991,0.1996,0.1991,0.1994,0.1993,4257.05382472,8
1790788200,0.1994,0.1994,0.1994,0.1994,0.0000,0.0,0
1790788500,0.1975,0.1975,0.1975,0.1975,0.1975,1260.19343,2
1790788800,0.1975,0.1975,0.1975,0.1975,0.0000,0.0,0
1790789100,0.1968,0.1968,0.1963,0.1963,0.1967,2069.6093,3
1790789400,0.1959,0.1959,0.1959,0.1959,0.1959,141.0051,1
1790789700,0.1959,0.1959,0.1959,0.1959,0.0000,0.0,0
1790790000,0.1963,0.1963,0.1962,0.1962,0.1962,3280.87443803,6
1790790300,0.1957,0.1968,0.1957,0.1968,0.1964,826.81432,3
1790790600,0.1964,0.1964,0.1964,0.1964,0.1964,553.1853336,3
1790790900,0.1964,0.1964,0.1964,0.1964,0.0000,0.0,0
1790791200,0.1965,0.1967,0.1958,0.1958,0.1963,1562.66440671,8
1790791500,0.1951,0.1961,0.1951,0.1961,0.1952,485.28182546,4
1790791800,0.1967,0.197,0.1967,0.1967,0.1969,2089.54729457,9
1790792100,0.196,0.1966,0.196,0.1966,0.1962,13777.24324896,14
1790792400,0.197,0.197,0.197,0.197,0.1970,118.65003264,3
1790792700,0.1968,0.1968,0.1964,0.1964,0.1965,1476.82548284,8
1790793000,0.1966,0.1973,0.1962,0.1962,0.1967,220.597859,5
1790793300,0.1962,0.1962,0.1962,0.1962,0.0000,0.0,0
1790793600,0.1957,0.1959,0.1957,0.1959,0.1957,79.58482304,2
1790793900,0.1953,0.1953,0.195,0.195,0.1952,555.60645202,3
1790794200,0.1957,0.1957,0.195,0.195,0.1955,1517.97601303,5
1790794500,0.195,0.195,0.195,0.195,0.0000,0.0,0
1790794800,0.195,0.195,0.195,0.195,0.0000,0.0,0
1790795100,0.1961,0.1988,0.1961,0.1983,0.1977,17439.48736133,41
1790795400,0.1981,0.1989,0.1977,0.198,0.1982,12040.79114726,23
1790795700,0.1979,0.1979,0.1971,0.1972,0.1972,31917.36245443,19
1790796000,0.1979,0.1984,0.1972,0.1972,0.1975,37967.93173349,14
1790796300,0.1972,0.1972,0.1972,0.1972,0.0000,0.0,0
1790796600,0.1973,0.1977,0.197,0.1977,0.1974,4377.16823836,17
1790796900,0.1977,0.1977,0.1977,0.1977,0.0000,0.0,0
1790797200,0.1981,0.1981,0.1981,0.1981,0.1981,27.74160867,1
1790797500,0.1983,0.1985,0.198,0.198,0.1983,3324.99117346,9
1790797800,0.1978,0.198,0.1972,0.1972,0.1977,8186.58221446,12
1790798100,0.1972,0.1972,0.1972,0.1972,0.0000,0.0,0
1790798400,0.1972,0.1972,0.1972,0.1972,0.0000,0.0,0
1790798700,0.1971,0.1974,0.1971,0.1974,0.1973,5819.90357575,5
1790799000,0.1974,0.1974,0.1974,0.1974,0.0000,0.0,0
1790799300,0.1984,0.1984,0.1983,0.1983,0.1983,424.7778,3
1790799600,0.1996,0.2014,0.1996,0.2012,0.2005,89273.54390322,52
1790799900,0.2008,0.2008,0.2004,0.2004,0.2004,5232.42367581,10
1790800200,0.2003,0.2003,0.1997,0.1998,0.1998,6824.08528518,5
1790800500,0.1998,0.1998,0.1998,0.1998,0.0000,0.0,0
1790800800,0.1994,0.1996,0.1994,0.1996,0.1994,1577.35157384,5
1790801100,0.1989,0.1989,0.1989,0.1989,0.1989,192.45,2
1790801400,0.1991,0.1991,0.1991,0.1991,0.1991,610.2448,1
1790801700,0.1984,0.1985,0.1984,0.1985,0.1984,1008.04012268,3
1790802000,0.1989,0.1997,0.1989,0.1997,0.1989,1506.00833699,8
1790802300,0.1997,0.1997,0.1997,0.1997,0.0000,0.0,0
1790802600,0.1986,0.1991,0.1984,0.1984,0.1988,5778.99203683,7
1790802900,0.1982,0.1982,0.1982,0.1982,0.1982,49.48550797,1
1790803200,0.1982,0.1982,0.1982,0.1982,0.0000,0.0,0
1790803500,0.1982,0.1982,0.1982,0.1982,0.0000,0.0,0
1790803800,0.1992,0.2001,0.1992,0.2001,0.1999,6173.78406561,7
1790804100,0.2001,0.2001,0.2001,0.2001,0.0000,0.0,0
1790804400,0.1994,0.1994,0.1994,0.1994,0.1994,963.46948286,1
1790804700,0.1993,0.1994,0.1993,0.1994,0.1993,4431.189579,3
1790805000,0.1994,0.1994,0.1994,0.1994,0.0000,0.0,0
1790805300,0.1994,0.1994,0.1994,0.1994,0.0000,0.0,0
1790805600,0.1986,0.1986,0.1971,0.1971,0.1975,7335.99097585,4
1790805900,0.1969,0.1969,0.1967,0.1969,0.1968,3810.3311031,5
1790806200,0.1969,0.1969,0.1969,0.1969,0.0000,0.0,0
1790806500,0.1969,0.1969,0.1969,0.1969,0.0000,0.0,0
1790806800,0.1992,0.2002,0.1992,0.2002,0.2000,7997.42296653,7
1790807100,0.2005,0.2007,0.2005,0.2007,0.2005,1671.86563955,5
1790807400,0.2004,0.2015,0.2004,0.2015,0.2007,6911.19689412,7
1790807700,0.2013,0.2013,0.201,0.2011,0.2011,8968.89329926,6
1790808000,0.2011,0.2012,0.2011,0.2012,0.2011,1458.23956996,2
1790808300,0.2013,0.2013,0.2013,0.2013,0.2013,548.0,1
1790808600,0.2013,0.2013,0.2013,0.2013,0.0000,0.0,0
1790808900,0.2013,0.2013,0.2013,0.2013,0.0000,0.0,0
1790809200,0.2013,0.2013,0.2013,0.2013,0.0000,0.0,0
1790809500,0.2013,0.2013,0.2013,0.2013,0.0000,0.0,0
1790809800,0.2013,0.2013,0.2013,0.2013,0.0000,0.0,0
1790810100,0.2001,0.2004,0.2001,0.2004,0.2002,1763.2003105,2
1790810400,0.2004,0.2004,0.2004,0.2004,0.0000,0.0,0
1790810700,0.2004,0.2004,0.2004,0.2004,0.0000,0.0,0
1790811000,0.2004,0.2004,0.2004,0.2004,0.0000,0.0,0
1790811300,0.2004,0.2004,0.2004,0.2004,0.0000,0.0,0
1790811600,0.2004,0.2004,0.2004,0.2004,0.0000,0.0,0
1790811900,0.2004,0.2004,0.2004,0.2004,0.0000,0.0,0
1790812200,0.2004,0.2004,0.2004,0.2004,0.0000,0.0,0
1790812500,0.2004,0.2004,0.2004,0.2004,0.0000,0.0,0
1790812800,0.2014,0.2014,0.2014,0.2014,0.2014,876.6031702,1
1790813100,0.2014,0.2014,0.2014,0.2014,0.0000,0.0,0
1790813400,0.2014,0.2014,0.2014,0.2014,0.0000,0.0,0
1790813700,0.2014,0.2014,0.2014,0.2014,0.0000,0.0,0
1790814000,0.2014,0.2014,0.2014,0.2014,0.0000,0.0,0
1790814300,0.2014,0.2014,0.2014,0.2014,0.0000,0.0,0
1790814600,0.2014,0.2014,0.2014,0.2014,0.0000,0.0,0
1790814900,0.2014,0.2014,0.2014,0.2014,0.0000,0.0,0
1790815200,0.2035,0.2035,0.2035,0.2035,0.2035,180.0,1
1790815500,0.2039,0.2044,0.2039,0.2044,0.2040,4954.48692983,4
1790815800,0.2044,0.2044,0.2044,0.2044,0.0000,0.0,0
1790816100,0.2043,0.2043,0.2043,0.2043,0.2043,1449.7536028,1
1790816400,0.2052,0.2052,0.2052,0.2052,0.2052,860.4012606,1
1790816700,0.2046,0.2057,0.2046,0.2056,0.2048,10788.635192,8
1790817000,0.2066,0.2075,0.2057,0.2057,0.2066,40618.63238856,14
1790817300,0.2068,0.2069,0.2068,0.2069,0.2068,6125.9607703,2
1790817600,0.2073,0.2073,0.2072,0.2072,0.2072,2399.3865896,3
1790817900,0.2072,0.2072,0.2064,0.2064,0.2067,2136.7904659,3
1790818200,0.2065,0.2065,0.2059,0.2059,0.2062,10306.5166891,5
1790818500,0.2056,0.2056,0.2038,0.2038,0.2052,5220.3499346,5
1790818800,0.204,0.204,0.2029,0.2031,0.2037,26501.37777675,15
1790819100,0.2028,0.2029,0.2028,0.2028,0.2028,1514.43882,3
1790819400,0.2028,0.2028,0.2028,0.2028,0.0000,0.0,0
1790819700,0.2023,0.2023,0.2023,0.2023,0.2023,397.5819,1
1790820000,0.2023,0.2023,0.2023,0.2023,0.2023,98.8631321,3
1790820300,0.2028,0.2049,0.2028,0.2049,0.2034,70304.76806553,52
1790820600,0.2049,0.2049,0.2049,0.2049,0.0000,0.0,0
1790820900,0.2049,0.2049,0.2049,0.2049,0.0000,0.0,0
1790821200,0.2027,0.2027,0.2025,0.2025,0.2026,1124.80215511,4
1790821500,0.2029,0.2029,0.2029,0.2029,0.2029,1516.1813,2
1790821800,0.2029,0.2029,0.2029,0.2029,0.0000,0.0,0
1790822100,0.2027,0.2027,0.2027,0.2027,0.2027,52.7797,1
1790822400,0.2021,0.2021,0.2021,0.2021,0.2021,98.96091044,1
1790822700,0.2027,0.2028,0.2027,0.2028,0.2027,4288.78912219,7
1790823000,0.2028,0.2028,0.2028,0.2028,0.0000,0.0,0
1790823300,0.2035,0.2036,0.2033,0.2036,0.2035,6563.51099898,9
1790823600,0.2039,0.2039,0.2039,0.2039,0.2039,5000.0,1
1790823900,0.2039,0.2039,0.2039,0.2039,0.0000,0.0,0
1790824200,0.2044,0.2044,0.2044,0.2044,0.2044,1321.73166898,2
1790824500,0.2049,0.2049,0.2049,0.2049,0.2049,1229.02443498,4
1790824800,0.2049,0.2049,0.2049,0.2049,0.2049,251.5597,2
1790825100,0.2042,0.2042,0.2042,0.2042,0.2042,1356.02191493,2
1790825400,0.2042,0.2042,0.2042,0.2042,0.0000,0.0,0
1790825700,0.2042,0.2042,0.2042,0.2042,0.0000,0.0,0
1790826000,0.2046,0.2053,0.2042,0.2053,0.2045,3778.94200325,4
1790826300,0.2055,0.206,0.2055,0.2059,0.2058,6305.57306124,6
1790826600,0.2061,0.2061,0.2061,0.2061,0.2061,582.24163028,1
1790826900,0.2061,0.2061,0.2061,0.2061,0.0000,0.0,0
1790827200,0.2061,0.2064,0.2061,0.2062,0.2061,21543.41137209,8
1790827500,0.2064,0.2064,0.2064,0.2064,0.2064,480.8624031,1
1790827800,0.2064,0.2064,0.2064,0.2064,0.0000,0.0,0
1790828100,0.2057,0.2057,0.2054,0.2054,0.2054,21919.17169669,7
1790828400,0.2054,0.2054,0.2054,0.2054,0.0000,0.0,0
1790828700,0.2059,0.2069,0.2056,0.2069,0.2058,10551.079168,9
1790829000,0.2067,0.2069,0.2067,0.2069,0.2067,5444.21109021,6
1790829300,0.2061,0.2061,0.2061,0.2061,0.2061,1588.030343,1
1790829600,0.2062,0.2064,0.2062,0.2064,0.2063,976.785891,3
1790829900,0.2064,0.2084,0.2064,0.2084,0.2077,8004.46834912,9
1790830200,0.208,0.208,0.2075,0.2075,0.2076,5362.258991,4
1790830500,0.2075,0.2075,0.2075,0.2075,0.0000,0.0,0
1790830800,0.2073,0.2077,0.2071,0.2077,0.2073,4452.14557697,8
1790831100,0.2082,0.2099,0.2082,0.2094,0.2090,6746.11505737,12
1790831400,0.2093,0.2098,0.2093,0.2098,0.2096,5719.99252376,6
1790831700,0.21,0.2113,0.21,0.2113,0.2105,24131.58280212,15
1790832000,0.2113,0.2116,0.2106,0.2116,0.2112,28291.7608968,24
1790832300,0.2115,0.2115,0.2104,0.2104,0.2111,20155.40797567,20
1790832600,0.2102,0.2102,0.2096,0.2102,0.2098,18570.29459948,12
1790832900,0.2103,0.2111,0.2102,0.2111,0.2106,5973.87104816,9
1790833200,0.2109,0.2109,0.2108,0.2108,0.2108,610.51493019,2
1790833500,0.2109,0.2115,0.2109,0.2115,0.2112,1255.48208217,3
1790833800,0.2118,0.212,0.2116,0.2116,0.2118,5798.64153952,6
1790834100,0.2116,0.2116,0.2116,0.2116,0.0000,0.0,0
1790834400,0.2116,0.2116,0.2116,0.2116,0.0000,0.0,0
1790834700,0.2104,0.2104,0.2104,0.2104,0.2104,957.54853,1
1790835000,0.21,0.21,0.2094,0.2099,0.2097,1287.15071499,5
1790835300,0.21,0.21,0.21,0.21,0.2100,286.25954,1
1790835600,0.2097,0.2097,0.2097,0.2097,0.2097,950.5703422,1
1790835900,0.2097,0.2097,0.2097,0.2097,0.0000,0.0,0
1790836200,0.2091,0.2091,0.2091,0.2091,0.2091,474.4141559,2
1790836500,0.2095,0.2095,0.2095,0.2095,0.2095,539.059264,1
1790836800,0.21,0.212,0.21,0.2119,0.2109,13538.5224229,14
1790837100,0.2119,0.2146,0.2119,0.2146,0.2141,4670.40349818,10
1790837400,0.2148,0.2154,0.2144,0.2147,0.2149,7898.19495784,15
1790837700,0.214,0.214,0.214,0.214,0.2140,11106.4115367,2
1790838000,0.2146,0.2146,0.2146,0.2146,0.2146,288.5585,2
1790838300,0.2164,0.2168,0.2162,0.2162,0.2164,23949.64784807,11
1790838600,0.2162,0.2162,0.2143,0.2144,0.2146,8328.69598418,6
1790838900,0.2147,0.2149,0.2133,0.2135,0.2144,31475.59034598,10
1790839200,0.2119,0.2119,0.2116,0.2116,0.2117,1002.55331389,2
1790839500,0.2095,0.2095,0.2094,0.2094,0.2094,140.96058248,2
1790839800,0.2111,0.2119,0.2111,0.2115,0.2117,6740.4486044,6
1790840100,0.2111,0.2111,0.2104,0.2104,0.2110,4925.11362587,4
1790840400,0.2086,0.209,0.2086,0.209,0.2087,2579.37574,2
1790840700,0.21,0.21,0.2093,0.2094,0.2094,5329.627073,4
1790841000,0.2094,0.2094,0.2088,0.2088,0.2089,2130.79828882,2
1790841300,0.2089,0.2089,0.2075,0.2076,0.2086,5924.02707777,5
1790841600,0.2083,0.2083,0.2083,0.2083,0.2083,1857.08722,1
1790841900,0.2083,0.2083,0.207,0.2071,0.2070,10101.6109082,6
1790842200,0.207,0.207,0.2068,0.2069,0.2069,2317.29823297,4
1790842500,0.2067,0.2075,0.2067,0.2075,0.2074,1797.2479142,2
1790842800,0.2065,0.207,0.2065,0.207,0.2066,21319.80736279,8
1790843100,0.207,0.207,0.207,0.207,0.0000,0.0,0
1790843400,0.2063,0.2066,0.2059,0.2059,0.2061,2675.64775817,4
1790843700,0.2063,0.207,0.2063,0.207,0.2065,10821.76859038,14
1790844000,0.2071,0.2072,0.2071,0.2071,0.2071,6221.91239208,5
1790844300,0.2059,0.2061,0.2059,0.2061,0.2060,2205.64154438,3
1790844600,0.2072,0.2072,0.2068,0.2068,0.2070,2135.58973175,2
1790844900,0.2075,0.2075,0.2072,0.2072,0.2074,574.50617519,2
1790845200,0.2076,0.2076,0.2065,0.2065,0.2065,948.53464,3
1790845500,0.2073,0.2073,0.2073,0.2073,0.2073,481.87078109,1
1790845800,0.2077,0.2083,0.2077,0.2083,0.2079,2873.89587566,4
1790846100,0.2078,0.2078,0.2074,0.2075,0.2075,2138.0801865,3
1790846400,0.2072,0.2072,0.2072,0.2072,0.2072,854.4162552,1
1790846700,0.2072,0.2072,0.2072,0.2072,0.0000,0.0,0
1790847000,0.2077,0.2084,0.2077,0.2084,0.2080,1702.42145747,2
1790847300,0.2087,0.2089,0.2083,0.2083,0.2087,9288.48592465,5
1790847600,0.2082,0.2082,0.2076,0.2076,0.2079,2573.30014009,4
1790847900,0.2072,0.2072,0.207,0.207,0.2070,1673.49456394,3
1790848200,0.2066,0.2066,0.2066,0.2066,0.2066,272.4498,2
1790848500,0.2053,0.2053,0.2041,0.2049,0.2045,34150.75068042,20
1790848800,0.2051,0.2051,0.2022,0.2024,0.2031,39649.78611298,24
1790849100,0.2025,0.2028,0.202,0.2027,0.2026,70893.5625654,28
1790849400,0.2034,0.2035,0.2034,0.2035,0.2034,2872.038643,2
1790849700,0.2045,0.205,0.2041,0.2042,0.2043,5293.57350607,5
1790850000,0.2045,0.2056,0.2044,0.2056,0.2049,5624.32571922,6
1790850300,0.2054,0.2054,0.2047,0.2047,0.2051,719.9684,2
1790850600,0.2054,0.2054,0.2054,0.2054,0.2054,862.70999122,1
1790850900,0.2058,0.2058,0.2058,0.2058,0.2058,860.94649201,1
1790851200,0.2062,0.2063,0.2062,0.2063,0.2062,3138.42875444,2
1790851500,0.2062,0.2062,0.2062,0.2062,0.2062,1756.80482,2
1790851800,0.207,0.2076,0.207,0.2076,0.2072,3146.30576887,3
1790852100,0.2079,0.2088,0.2079,0.2086,0.2081,70120.81950794,38
1790852400,0.2082,0.2082,0.2063,0.2066,0.2064,6698.52193884,15
1790852700,0.2063,0.2072,0.2063,0.2065,0.2065,20750.51713928,16
1790853000,0.2062,0.2062,0.2062,0.2062,0.2062,459.0074,1
1790853300,0.2062,0.2062,0.2062,0.2062,0.0000,0.0,0
1790853600,0.2069,0.2078,0.2069,0.2072,0.2076,20571.57853088,13
1790853900,0.2077,0.2078,0.2076,0.2078,0.2076,8064.23194575,8
1790854200,0.2078,0.2081,0.2069,0.2069,0.2077,1874.47076691,3
1790854500,0.2075,0.2089,0.2075,0.2088,0.2080,11944.65682768,14
1790854800,0.2085,0.2085,0.2078,0.2083,0.2082,12434.64549778,23
1790855100,0.2081,0.2098,0.2081,0.2097,0.2088,5758.9206839,12
1790855400,0.2101,0.2118,0.2101,0.2108,0.2109,34035.44434981,26
1790855700,0.2108,0.2118,0.2106,0.2107,0.2112,82199.57895728,54
1790856000,0.2107,0.2107,0.209,0.209,0.2097,19037.94185078,22
1790856300,0.209,0.2093,0.2086,0.2086,0.2091,8969.91748562,14
1790856600,0.2088,0.2088,0.2088,0.2088,0.2088,9132.2545121,2
1790856900,0.208,0.2083,0.2078,0.2083,0.2079,4090.7973977,6
1790857200,0.2077,0.2077,0.2074,0.2076,0.2075,13947.91250597,4
1790857500,0.207,0.2073,0.207,0.2073,0.2072,32901.61803489,19
1790857800,0.2061,0.2061,0.2061,0.2061,0.2061,737.89272031,2
1790858100,0.2061,0.2061,0.2061,0.2061,0.0000,0.0,0
1790858400,0.2067,0.2067,0.2053,0.2053,0.2053,5747.17985328,4
1790858700,0.2048,0.2048,0.2043,0.2043,0.2045,14757.85338312,4
1790859000,0.2042,0.2044,0.2035,0.2039,0.2039,25288.96025932,22
1790859300,0.2034,0.2036,0.2025,0.2028,0.2029,56532.63101776,38
1790859600,0.2026,0.2028,0.2001,0.2001,0.2023,17107.91120659,19
1790859900,0.2,0.2,0.1997,0.1997,0.1999,3694.04018747,6
1790860200,0.1998,0.2002,0.1995,0.2,0.1999,10255.25646449,15
1790860500,0.1995,0.2001,0.1995,0.1998,0.1999,1284.3205152,3
1790860800,0.2009,0.2009,0.1998,0.1998,0.2008,5070.43359961,4
1790861100,0.1998,0.1998,0.199,0.199,0.1993,2143.92419881,19
1790861400,0.1992,0.1999,0.1991,0.1999,0.1994,4233.09742255,8
1790861700,0.2007,0.2008,0.2007,0.2007,0.2007,13734.32324953,13
1790862000,0.2003,0.2011,0.2002,0.2002,0.2010,32157.45416502,16
1790862300,0.2005,0.2007,0.1999,0.1999,0.2000,8712.56240698,22
1790862600,0.1999,0.2002,0.1999,0.2002,0.2000,1941.07821195,6
1790862900,0.2006,0.2006,0.2001,0.2001,0.2005,957.59284105,2
1790863200,0.1992,0.1992,0.1981,0.1981,0.1985,5307.23459035,22
1790863500,0.199,0.199,0.199,0.199,0.1990,221.323054,1
1790863800,0.1989,0.1989,0.1989,0.1989,0.1989,44.52275763,1
1790864100,0.1989,0.1989,0.1989,0.1989,0.0000,0.0,0
1790864400,0.2005,0.2005,0.1999,0.1999,0.2003,3887.3707267,4
1790864700,0.2007,0.2009,0.2007,0.2008,0.2007,81571.43625196,21
1790865000,0.2007,0.2007,0.2007,0.2007,0.2007,760.329006,3
1790865300,0.2009,0.2009,0.2009,0.2009,0.2009,114.4722,2
1790865600,0.2006,0.2006,0.1995,0.1995,0.1997,776.4767396,2
1790865900,0.1998,0.2003,0.1998,0.2003,0.1998,3061.27713954,6
1790866200,0.2005,0.2005,0.1994,0.1994,0.2000,1185.697761,7
1790866500,0.2002,0.2002,0.1995,0.1995,0.1999,1544.59486483,11
1790866800,0.2,0.2007,0.1995,0.2005,0.2000,2476.30318952,12
1790867100,0.2008,0.2008,0.1987,0.1987,0.1999,6033.58929458,12
1790867400,0.1984,0.2009,0.1984,0.2008,0.2006,18613.71832304,13
1790867700,0.2012,0.202,0.2012,0.202,0.2017,809.3909387,9
1790868000,0.2023,0.2025,0.2023,0.2025,0.2023,6570.4661016,6
1790868300,0.2029,0.2029,0.2029,0.2029,0.2029,521.8778366,1
1790868600,0.2022,0.2022,0.2014,0.2019,0.2020,1781.77762198,4
1790868900,0.2019,0.2019,0.2019,0.2019,0.0000,0.0,0
1790869200,0.2022,0.2022,0.2011,0.2011,0.2017,195.1487,3
1790869500,0.2013,0.2028,0.2013,0.2028,0.2019,11827.6124798,17
1790869800,0.2028,0.2028,0.2022,0.2022,0.2023,706.92979915,5
1790870100,0.2021,0.2022,0.2021,0.2022,0.2021,20657.661473,5
1790870400,0.2027,0.2027,0.2026,0.2026,0.2026,5491.56087177,9
1790870700,0.2022,0.2022,0.2019,0.202,0.2019,2134.7352427,6
1790871000,0.2015,0.202,0.2015,0.202,0.2017,1513.015652,4
1790871300,0.2024,0.2024,0.2023,0.2023,0.2023,589.03056702,2
1790871600,0.2016,0.2016,0.2011,0.2011,0.2012,1484.1358717,8
1790871900,0.2012,0.2012,0.201,0.201,0.2010,538.44070382,4
1790872200,0.2013,0.2013,0.2013,0.2013,0.2013,176.8193156,1
1790872500,0.2016,0.2016,0.2006,0.2007,0.2008,701.455053,4
1790872800,0.201,0.201,0.201,0.201,0.2010,886.1610924,1
1790873100,0.2012,0.2016,0.2012,0.2016,0.2013,2690.99022051,7
1790873400,0.2016,0.2016,0.2016,0.2016,0.0000,0.0,0
1790873700,0.2016,0.2016,0.2016,0.2016,0.0000,0.0,0
1790874000,0.2013,0.2013,0.2008,0.2008,0.2010,186.1067,2
1790874300,0.2017,0.2017,0.2015,0.2016,0.2015,7680.69066705,5
1790874600,0.2017,0.2018,0.2015,0.2015,0.2017,12879.9006985,13
1790874900,0.2022,0.2027,0.2021,0.2026,0.2022,12934.6663555,5
1790875200,0.2041,0.2042,0.2036,0.2036,0.2039,7434.82362257,7
1790875500,0.2034,0.2037,0.2034,0.2037,0.2036,743.88644567,2
1790875800,0.2044,0.2053,0.2044,0.2045,0.2048,6518.0251295,6
1790876100,0.2054,0.2054,0.2054,0.2054,0.2054,283.61051607,1
1790876400,0.2053,0.2062,0.2053,0.2058,0.2057,53805.67869829,24
1790876700,0.206,0.2074,0.206,0.2066,0.2069,24304.94283936,17
1790877000,0.2066,0.2079,0.2066,0.2072,0.2074,51633.97770691,21
1790877300,0.2074,0.2075,0.2068,0.2069,0.2070,6188.32749188,10
1790877600,0.2073,0.2073,0.2069,0.2069,0.2072,8583.65885448,4
1790877900,0.2067,0.2075,0.2065,0.2075,0.2071,5397.83792909,5
1790878200,0.2076,0.208,0.2076,0.2078,0.2079,2664.56121641,4
1790878500,0.2077,0.2084,0.2075,0.2081,0.2076,30166.35066658,17
1790878800,0.2074,0.2074,0.2072,0.2073,0.2073,1444.23338543,3
1790879100,0.2073,0.2073,0.2073,0.2073,0.0000,0.0,0
1790879400,0.2066,0.2066,0.2057,0.2057,0.2059,21861.66504184,15
1790879700,0.2064,0.2064,0.2064,0.2064,0.2064,1044.66919198,1
1790880000,0.207,0.207,0.2061,0.2069,0.2064,5226.89198657,9
1790880300,0.2061,0.2061,0.2061,0.2061,0.2061,863.21184,1
1790880600,0.2061,0.2061,0.2061,0.2061,0.0000,0.0,0
1790880900,0.2061,0.2061,0.2061,0.2061,0.0000,0.0,0
1790881200,0.2038,0.2041,0.2038,0.2041,0.2039,10533.91515034,6
1790881500,0.2045,0.2045,0.2045,0.2045,0.2045,87.4316,1
1790881800,0.2049,0.205,0.2049,0.205,0.2049,5930.2821874,2
1790882100,0.205,0.205,0.205,0.205,0.0000,0.0,0
1790882400,0.205,0.205,0.205,0.205,0.0000,0.0,0
1790882700,0.2038,0.2043,0.2031,0.2034,0.2037,243595.47311291,58
1790883000,0.203,0.204,0.2029,0.2039,0.2038,7766.38057129,21
1790883300,0.2035,0.2035,0.203,0.203,0.2033,2024.36882499,8
1790883600,0.203,0.203,0.203,0.203,0.0000,0.0,0
1790883900,0.2046,0.2048,0.2042,0.2042,0.2046,13724.63238996,14
1790884200,0.2041,0.2056,0.2041,0.2056,0.2052,9109.85899773,8
1790884500,0.2041,0.2045,0.2041,0.2045,0.2043,2260.24910604,4
1790884800,0.205,0.205,0.2042,0.2043,0.2043,4522.46631167,4
1790885100,0.2042,0.2046,0.2042,0.2046,0.2045,7846.01417895,5
1790885400,0.2046,0.2046,0.2046,0.2046,0.0000,0.0,0
1790885700,0.2044,0.2044,0.2041,0.2043,0.2043,2804.94981875,11
1790886000,0.2043,0.2043,0.2043,0.2043,0.0000,0.0,0
1790886300,0.2043,0.2044,0.2043,0.2044,0.2043,3860.30550234,2
1790886600,0.2048,0.2052,0.2048,0.2052,0.2051,943.46016241,3
1790886900,0.2044,0.2044,0.2044,0.2044,0.2044,904.41815,2
1790887200,0.2044,0.2044,0.2044,0.2044,0.0000,0.0,0
1790887500,0.205,0.205,0.205,0.205,0.2050,904.58536585,4
1790887800,0.2053,0.2055,0.2053,0.2055,0.2054,27297.4453744,19
1790888100,0.206,0.2061,0.2053,0.206,0.2058,53183.80941345,24
1790888400,0.206,0.206,0.2055,0.2055,0.2055,2625.78586537,5
1790888700,0.2055,0.2055,0.2055,0.2055,0.0000,0.0,0
1790889000,0.2055,0.2055,0.2055,0.2055,0.0000,0.0,0
1790889300,0.2055,0.2055,0.2055,0.2055,0.0000,0.0,0
1790889600,0.2045,0.2045,0.2045,0.2045,0.2045,87.43169399,2
1790889900,0.2045,0.2045,0.2045,0.2045,0.0000,0.0,0
1790890200,0.202,0.202,0.2017,0.2017,0.2019,121.14010099,2
1790890500,0.202,0.202,0.202,0.202,0.2020,880.38885783,1
1790890800,0.202,0.202,0.202,0.202,0.0000,0.0,0
1790891100,0.202,0.202,0.202,0.202,0.0000,0.0,0
1790891400,0.2019,0.2019,0.2019,0.2019,0.2019,4952.94700347,3
1790891700,0.2019,0.2019,0.2019,0.2019,0.0000,0.0,0
1790892000,0.2023,0.2023,0.2018,0.2018,0.2021,7536.24466405,3
1790892300,0.2018,0.2018,0.2018,0.2018,0.0000,0.0,0
1790892600,0.2018,0.2018,0.2018,0.2018,0.0000,0.0,0
1790892900,0.2029,0.203,0.2029,0.203,0.2029,4284.99611202,6
1790893200,0.203,0.203,0.203,0.203,0.0000,0.0,0
1790893500,0.2032,0.2034,0.2031,0.2034,0.2032,2059.98398427,7
1790893800,0.2034,0.2034,0.2034,0.2034,0.0000,0.0,0
1790894100,0.2034,0.2034,0.2034,0.2034,0.0000,0.0,0
1790894400,0.2034,0.2034,0.2034,0.2034,0.0000,0.0,0
1790894700,0.2021,0.2021,0.2021,0.2021,0.2021,1760.67316078,2
1790895000,0.2022,0.2033,0.2022,0.2033,0.2031,1538.62529293,5
1790895300,0.2033,0.2033,0.2033,0.2033,0.0000,0.0,0
1790895600,0.2033,0.2033,0.2033,0.2033,0.0000,0.0,0
1790895900,0.2033,0.2033,0.2033,0.2033,0.0000,0.0,0
1790896200,0.2033,0.2033,0.2033,0.2033,0.0000,0.0,0
1790896500,0.2038,0.2039,0.2038,0.2039,0.2038,3499.631218,3
1790896800,0.2039,0.2039,0.2039,0.2039,0.0000,0.0,0
1790897100,0.2039,0.2039,0.2039,0.2039,0.0000,0.0,0
1790897400,0.2039,0.2039,0.2039,0.2039,0.0000,0.0,0
1790897700,0.2048,0.2048,0.2048,0.2048,0.2048,649.20798,1
1790898000,0.2048,0.2048,0.2048,0.2048,0.0000,0.0,0
1790898300,0.2046,0.2046,0.2046,0.2046,0.2046,700.0,1
1790898600,0.2046,0.2046,0.2046,0.2046,0.0000,0.0,0
1790898900,0.2046,0.2046,0.2046,0.2046,0.0000,0.0,0
1790899200,0.2045,0.2045,0.2045,0.2045,0.2045,90.59011783,2
1790899500,0.2045,0.2045,0.2045,0.2045,0.0000,0.0,0
1790899800,0.2061,0.2066,0.2061,0.2066,0.2063,3425.55498558,7
1790900100,0.2064,0.2073,0.2064,0.207,0.2066,11841.69335097,8
1790900400,0.207,0.207,0.207,0.207,0.0000,0.0,0
1790900700,0.2068,0.2068,0.2065,0.2067,0.2066,794.28153387,5
1790901000,0.2075,0.2078,0.2075,0.2075,0.2075,21525.70487356,14
1790901300,0.2076,0.2076,0.2076,0.2076,0.2076,174.86338,2
1790901600,0.208,0.208,0.2064,0.2064,0.2078,1335.3918025,5
1790901900,0.207,0.2071,0.207,0.2071,0.2070,1580.65512656,3
1790902200,0.2071,0.2071,0.2071,0.2071,0.0000,0.0,0
1790902500,0.2061,0.2061,0.2061,0.2061,0.2061,468.154898,2
1790902800,0.2061,0.2061,0.2061,0.2061,0.0000,0.0,0
1790903100,0.2057,0.2058,0.2055,0.2055,0.2055,1714.23564779,4
1790903400,0.2057,0.2057,0.2057,0.2057,0.2057,577.403455,2
1790903700,0.2058,0.2064,0.2058,0.2064,0.2063,10430.31559574,7
1790904000,0.205,0.2057,0.205,0.2057,0.2050,23297.16933903,14
1790904300,0.2062,0.2062,0.2062,0.2062,0.2062,1215.907335,3
1790904600,0.2069,0.2069,0.2069,0.2069,0.2069,510.95816,1
1790904900,0.2069,0.2069,0.2069,0.2069,0.0000,0.0,0
1790905200,0.2059,0.206,0.2059,0.206,0.2059,166.9733,2
1790905500,0.2061,0.2064,0.2061,0.2063,0.2061,18015.25589617,19
1790905800,0.2087,0.2087,0.2087,0.2087,0.2087,87.43169399,3
1790906100,0.2087,0.2087,0.2087,0.2087,0.0000,0.0,0
1790906400,0.208,0.208,0.208,0.208,0.2080,66.4453,1
1790906700,0.2094,0.2095,0.2094,0.2094,0.2094,5579.2548238,4
1790907000,0.2094,0.2097,0.2094,0.2096,0.2095,217.81952437,5
1790907300,0.2099,0.2109,0.2099,0.2109,0.2100,20857.56674871,12
1790907600,0.2105,0.2105,0.21,0.21,0.2100,987.68427802,5
1790907900,0.2083,0.2084,0.2083,0.2084,0.2083,1252.56796919,4
1790908200,0.2084,0.2084,0.2084,0.2084,0.0000,0.0,0
1790908500,0.2084,0.2084,0.2084,0.2084,0.0000,0.0,0
1790908800,0.2105,0.2111,0.2105,0.2111,0.2107,4017.18240604,4
1790909100,0.2109,0.2109,0.2109,0.2109,0.2109,496.05536771,2
1790909400,0.212,0.2122,0.2115,0.2122,0.2119,26161.6842991,20
1790909700,0.2116,0.2122,0.2116,0.2122,0.2118,7001.8304005,10
1790910000,0.2127,0.2128,0.212,0.212,0.2127,10352.28126029,22
1790910300,0.2116,0.2116,0.2116,0.2116,0.2116,33.16139585,1
1790910600,0.2111,0.2111,0.2111,0.2111,0.2111,35.43818517,1
1790910900,0.2111,0.2111,0.2111,0.2111,0.0000,0.0,0
1790911200,0.2111,0.2111,0.2111,0.2111,0.0000,0.0,0
1790911500,0.2111,0.2111,0.2111,0.2111,0.0000,0.0,0
1790911800,0.2111,0.2111,0.2111,0.2111,0.0000,0.0,0
1790912100,0.2109,0.2109,0.2108,0.2109,0.2108,6301.54456742,8
1790912400,0.2114,0.2114,0.2114,0.2114,0.2114,42.0104068,2
1790912700,0.2111,0.2113,0.2111,0.2113,0.2112,110.13711113,3
1790913000,0.2113,0.2113,0.2113,0.2113,0.0000,0.0,0
1790913300,0.2109,0.2109,0.2109,0.2109,0.2109,66.4453,1
1790913600,0.2123,0.213,0.2119,0.212,0.2122,30645.51437016,39
1790913900,0.2119,0.2119,0.2113,0.2113,0.2115,10905.8402628,12
1790914200,0.211,0.211,0.2107,0.211,0.2108,1133.98951119,6
1790914500,0.2109,0.2115,0.2109,0.2115,0.2111,2233.49389975,7
1790914800,0.2117,0.2132,0.2116,0.213,0.2123,28276.4978685,21
1790915100,0.2138,0.2138,0.2126,0.2126,0.2129,10368.64158386,8
1790915400,0.2126,0.2126,0.212,0.212,0.2123,4247.84755682,5
1790915700,0.2114,0.2123,0.2113,0.2123,0.2115,9196.1924623,11
1790916000,0.2125,0.2125,0.2117,0.2117,0.2119,4928.95760655,5
1790916300,0.2112,0.2123,0.2111,0.2123,0.2111,4076.75460142,8
1790916600,0.2128,0.2142,0.2128,0.2142,0.2131,17529.57491394,18
1790916900,0.2141,0.2147,0.2138,0.2138,0.2141,9547.89617852,11
1790917200,0.2137,0.2137,0.2126,0.2128,0.2129,6102.22007684,32
1790917500,0.2125,0.2126,0.2125,0.2126,0.2125,1700.6361217,7
1790917800,0.2124,0.2124,0.2119,0.2119,0.2120,4613.12545512,8
1790918100,0.2118,0.2119,0.2115,0.2116,0.2117,3950.44847896,9
1790918400,0.2121,0.2121,0.2112,0.2117,0.2114,6094.8619879,21
1790918700,0.2112,0.2112,0.2109,0.2111,0.2110,4410.909183,8
1790919000,0.2107,0.211,0.2106,0.2109,0.2108,5146.29103974,12
1790919300,0.2108,0.2108,0.2089,0.209,0.2094,10269.37900158,29
1790919600,0.2087,0.2097,0.2087,0.2097,0.2092,19148.93017197,30
1790919900,0.2094,0.2094,0.2087,0.2087,0.2091,4268.97842976,5
1790920200,0.209,0.2095,0.209,0.2091,0.2090,5584.75232248,11
1790920500,0.2091,0.2093,0.2091,0.2092,0.2092,8416.00975957,9
1790920800,0.2093,0.2098,0.209,0.2098,0.2094,12116.62159254,17
1790921100,0.2095,0.2095,0.2092,0.2092,0.2094,2612.12708058,5
1790921400,0.2097,0.2098,0.2097,0.2098,0.2097,7668.47991977,5
1790921700,0.2097,0.21,0.2096,0.2098,0.2097,10591.40042927,11
1790922000,0.21,0.211,0.2098,0.211,0.2102,10346.53811819,14
1790922300,0.211,0.2112,0.2107,0.2112,0.2108,10812.43930611,16
1790922600,0.2106,0.2108,0.2103,0.2108,0.2104,11691.67280861,17
1790922900,0.2108,0.2108,0.2099,0.2106,0.2102,5597.5321342,14
1790923200,0.2103,0.2103,0.2098,0.2098,0.2101,5967.97025106,12
1790923500,0.2105,0.2105,0.2095,0.2095,0.2096,3941.97493378,7
1790923800,0.2095,0.2095,0.2095,0.2095,0.0000,0.0,0
1790924100,0.2101,0.2101,0.2095,0.2096,0.2097,4844.25005754,8
1790924400,0.2097,0.2097,0.2091,0.2094,0.2095,8460.3488509,16
1790924700,0.2098,0.2098,0.2098,0.2098,0.2098,132.8906,1
1790925000,0.2094,0.2094,0.2092,0.2092,0.2093,332.2265,5
1790925300,0.2091,0.2092,0.2089,0.209,0.2089,7070.31118838,16
1790925600,0.2089,0.209,0.2081,0.2086,0.2086,1153.87460178,21
1790925900,0.2088,0.209,0.2088,0.209,0.2089,273.5317945,4
1790926200,0.2081,0.2088,0.2081,0.2087,0.2084,5092.66975234,13
1790926500,0.2087,0.2088,0.2087,0.2088,0.2087,132.8906,2
1790926800,0.2091,0.2101,0.2091,0.21,0.2098,7271.00810735,14
1790927100,0.2102,0.2103,0.2098,0.2098,0.2098,6724.5835403,6
1790927400,0.2107,0.2111,0.21,0.2111,0.2102,13301.04393899,20
1790927700,0.2109,0.2111,0.2108,0.2109,0.2108,9823.76564008,11
1790928000,0.211,0.211,0.211,0.211,0.2110,1132.8906,4
1790928300,0.2113,0.2113,0.2111,0.2112,0.2112,1039.96161023,5
1790928600,0.2112,0.2112,0.2112,0.2112,0.0000,0.0,0
1790928900,0.2107,0.2107,0.2107,0.2107,0.2107,752.6947992,1
1790929200,0.2122,0.2122,0.2112,0.2112,0.2118,10705.33740171,10
1790929500,0.2108,0.2108,0.2107,0.2108,0.2107,873.33710868,4
1790929800,0.2108,0.2108,0.2107,0.2107,0.2107,2251.54259,3
1790930100,0.2107,0.2107,0.2107,0.2107,0.0000,0.0,0
1790930400,0.2104,0.2106,0.2101,0.2101,0.2104,778.45894204,8
1790930700,0.21,0.2101,0.21,0.2101,0.2100,1223.857164,4
1790931000,0.2101,0.2101,0.2101,0.2101,0.0000,0.0,0
1790931300,0.2092,0.2092,0.2091,0.2091,0.2091,391.74450777,3
1790931600,0.2092,0.2092,0.208,0.208,0.2081,13707.90180929,15
1790931900,0.208,0.208,0.208,0.208,0.0000,0.0,0
1790932200,0.2087,0.2087,0.2079,0.2079,0.2082,11030.58702939,11
1790932500,0.2081,0.2083,0.2076,0.2078,0.2080,33659.86284758,21
1790932800,0.2085,0.2085,0.2083,0.2083,0.2084,14064.40044711,7
1790933100,0.2079,0.208,0.2074,0.2074,0.2077,380.67906153,5
1790933400,0.2075,0.2077,0.2074,0.2076,0.2076,2290.10066875,7
1790933700,0.2068,0.2074,0.2068,0.2074,0.2068,2598.43354478,6
1790934000,0.2074,0.2074,0.2072,0.2072,0.2073,878.74467614,7
1790934300,0.2068,0.2082,0.2063,0.2079,0.2078,32585.32915738,30
1790934600,0.2077,0.2086,0.2077,0.2086,0.2083,6491.4302869,18
1790934900,0.2087,0.209,0.208,0.208,0.2084,10288.17229849,16
1790935200,0.2082,0.2087,0.2082,0.2085,0.2082,1952.56498655,12
1790935500,0.2082,0.2082,0.2081,0.2081,0.2081,2230.21154179,7
1790935800,0.2081,0.2081,0.2081,0.2081,0.2081,19.98458716,1
1790936100,0.2082,0.2082,0.2077,0.2077,0.2078,1535.77796367,7
1790936400,0.208,0.208,0.208,0.208,0.2080,174.86338,2
1790936700,0.208,0.208,0.208,0.208,0.0000,0.0,0
1790937000,0.2082,0.2082,0.2082,0.2082,0.2082,653.87699399,3
1790937300,0.208,0.208,0.2078,0.2078,0.2078,3777.46006718,4
1790937600,0.2082,0.2082,0.2082,0.2082,0.2082,2537.93903801,2
1790937900,0.2085,0.2085,0.2085,0.2085,0.2085,66.4453,1
1790938200,0.2085,0.2085,0.2085,0.2085,0.0000,0.0,0
1790938500,0.2085,0.2085,0.2085,0.2085,0.0000,0.0,0
1790938800,0.206,0.206,0.2058,0.2058,0.2058,1079.1772,4
1790939100,0.2057,0.2057,0.2057,0.2057,0.2057,66.4453,1
1790939400,0.2062,0.2062,0.2062,0.2062,0.2062,66.4453,1
1790939700,0.2065,0.2065,0.2064,0.2064,0.2064,154.97860479,3
1790940000,0.2063,0.2065,0.2063,0.2065,0.2064,2418.71386846,7
1790940300,0.206,0.2061,0.2058,0.2058,0.2059,2561.60151103,10
1790940600,0.2061,0.2061,0.2061,0.2061,0.2061,19.19676504,1
1790940900,0.206,0.2062,0.206,0.2061,0.2061,3632.31435224,6
1790941200,0.2057,0.2057,0.2053,0.2053,0.2054,7482.60449777,21
1790941500,0.2054,0.2056,0.2046,0.2048,0.2050,8322.95914709,24
1790941800,0.2049,0.2049,0.2049,0.2049,0.2049,1390.7998897,1
1790942100,0.205,0.205,0.2048,0.2049,0.2048,2909.14488598,3
1790942400,0.2043,0.2043,0.2038,0.2041,0.2040,9697.443027,15
1790942700,0.2047,0.2054,0.2047,0.2054,0.2052,79229.42842255,28
1790943000,0.2054,0.2056,0.2054,0.2054,0.2054,7132.67115425,10
1790943300,0.2055,0.2063,0.2055,0.2063,0.2060,11728.26453993,18
1790943600,0.2062,0.2065,0.2054,0.2055,0.2058,16365.50968831,21
1790943900,0.2054,0.2061,0.2054,0.2061,0.2056,15689.33654973,28
1790944200,0.2058,0.2072,0.2055,0.207,0.2065,28922.35259506,53
1790944500,0.2069,0.2069,0.2059,0.2059,0.2063,22971.11213338,19
1790944800,0.2057,0.2057,0.2049,0.2049,0.2056,4008.82263457,6
1790945100,0.2055,0.2063,0.2055,0.2062,0.2057,6201.45543703,11
1790945400,0.206,0.2062,0.206,0.2062,0.2060,4811.11672377,11
