time,open,high,low,close,vwap,volume,count
1790463900,0.04105,0.04105,0.04105,0.04105,0.00000,0.0,0
1790464200,0.04154,0.04154,0.04154,0.04154,0.04154,100.14444,1
1790464500,0.04154,0.04154,0.04154,0.04154,0.00000,0.0,0
1790464800,0.04154,0.04154,0.04154,0.04154,0.00000,0.0,0
1790465100,0.04154,0.04154,0.04154,0.04154,0.00000,0.0,0
1790465400,0.04152,0.04152,0.04152,0.04152,0.04152,360.92396,1
1790465700,0.04152,0.04152,0.04152,0.04152,0.00000,0.0,0
1790466000,0.04152,0.04152,0.04152,0.04152,0.00000,0.0,0
1790466300,0.04181,0.04181,0.04181,0.04181,0.04181,1730.86566,1
1790466600,0.04181,0.04181,0.04181,0.04181,0.00000,0.0,0
1790466900,0.04181,0.04181,0.04181,0.04181,0.00000,0.0,0
1790467200,0.04191,0.04191,0.04191,0.04191,0.04191,5965.16344,2
1790467500,0.04166,0.04166,0.04125,0.04126,0.04133,32805.35705,6
1790467800,0.04125,0.04125,0.04125,0.04125,0.04125,6260.60606,2
1790468100,0.04125,0.04125,0.04125,0.04125,0.00000,0.0,0
1790468400,0.04125,0.04125,0.04125,0.04125,0.00000,0.0,0
1790468700,0.04125,0.04125,0.04125,0.04125,0.00000,0.0,0
1790469000,0.04116,0.04116,0.04116,0.04116,0.04116,398.25199,1
1790469300,0.04116,0.04116,0.04116,0.04116,0.00000,0.0,0
1790469600,0.04116,0.04116,0.04116,0.04116,0.00000,0.0,0
1790469900,0.04116,0.04116,0.04116,0.04116,0.00000,0.0,0
1790470200,0.04133,0.04139,0.04133,0.04139,0.04133,8356.09958,5
1790470500,0.04139,0.04139,0.04139,0.04139,0.00000,0.0,0
1790470800,0.04139,0.04139,0.04139,0.04139,0.00000,0.0,0
1790471100,0.04139,0.04139,0.04139,0.04139,0.00000,0.0,0
1790471400,0.04139,0.04139,0.04139,0.04139,0.00000,0.0,0
1790471700,0.04141,0.04141,0.04141,0.04141,0.04141,6036.8709,1
1790472000,0.04106,0.04106,0.04074,0.04074,0.04105,82265.27081,21
1790472300,0.04077,0.04077,0.04072,0.04072,0.04076,30179.82103,2
1790472600,0.04072,0.04072,0.04072,0.04072,0.00000,0.0,0
1790472900,0.04103,0.04103,0.04103,0.04103,0.04103,6092.7012,1
1790473200,0.04103,0.04103,0.04103,0.04103,0.00000,0.0,0
1790473500,0.04103,0.04103,0.04103,0.04103,0.00000,0.0,0
1790473800,0.04103,0.04103,0.04103,0.04103,0.00000,0.0,0
1790474100,0.04103,0.04103,0.04103,0.04103,0.00000,0.0,0
1790474400,0.04125,0.04125,0.04125,0.04125,0.04125,11595.0272,1
1790474700,0.04125,0.04125,0.04125,0.04125,0.00000,0.0,0
1790475000,0.04125,0.04125,0.04125,0.04125,0.00000,0.0,0
1790475300,0.04125,0.04125,0.04125,0.04125,0.00000,0.0,0
1790475600,0.04125,0.04125,0.04125,0.04125,0.00000,0.0,0
1790475900,0.04129,0.04129,0.04129,0.04129,0.04129,6054.7348,1
1790476200,0.04129,0.04129,0.04129,0.04129,0.00000,0.0,0
1790476500,0.04129,0.04129,0.04129,0.04129,0.00000,0.0,0
1790476800,0.04129,0.04129,0.04129,0.04129,0.00000,0.0,0
1790477100,0.04129,0.04129,0.04129,0.04129,0.00000,0.0,0
1790477400,0.04129,0.04129,0.04129,0.04129,0.00000,0.0,0
1790477700,0.04153,0.04153,0.04153,0.04153,0.04153,894.9568,1
1790478000,0.04153,0.04153,0.04153,0.04153,0.00000,0.0,0
1790478300,0.04153,0.04153,0.04153,0.04153,0.00000,0.0,0
1790478600,0.04152,0.04152,0.04152,0.04152,0.04152,18063.5838,1
1790478900,0.04152,0.04152,0.04152,0.04152,0.00000,0.0,0
1790479200,0.04152,0.04152,0.04152,0.04152,0.00000,0.0,0
1790479500,0.0413,0.0413,0.0413,0.0413,0.04130,6181.84019,1
1790479800,0.0413,0.0413,0.0413,0.0413,0.00000,0.0,0
1790480100,0.04189,0.04189,0.04181,0.04181,0.04187,1109.47875,2
1790480400,0.04181,0.04181,0.04181,0.04181,0.00000,0.0,0
1790480700,0.04181,0.04181,0.04181,0.04181,0.00000,0.0,0
1790481000,0.04181,0.04181,0.04181,0.04181,0.00000,0.0,0
1790481300,0.04181,0.04181,0.04181,0.04181,0.00000,0.0,0
1790481600,0.04181,0.04181,0.04181,0.04181,0.00000,0.0,0
1790481900,0.04181,0.04181,0.04181,0.04181,0.00000,0.0,0
1790482200,0.04181,0.04181,0.04181,0.04181,0.00000,0.0,0
1790482500,0.0409,0.0409,0.04085,0.04085,0.04085,80990.82748,5
1790482800,0.04085,0.04085,0.04085,0.04085,0.00000,0.0,0
1790483100,0.04081,0.04081,0.04073,0.04073,0.04079,7625.94952,2
1790483400,0.0406,0.0406,0.04058,0.04058,0.04059,29000.0,4
1790483700,0.04085,0.04085,0.04085,0.04085,0.04085,2530.61934,1
1790484000,0.04085,0.04085,0.04085,0.04085,0.00000,0.0,0
1790484300,0.0407,0.0407,0.04062,0.04067,0.04064,16624.79359,3
1790484600,0.04079,0.04079,0.04079,0.04079,0.04079,4338.99512,1
1790484900,0.04079,0.04079,0.04079,0.04079,0.00000,0.0,0
1790485200,0.041,0.04101,0.041,0.04101,0.04100,14241.5505,2
1790485500,0.04101,0.04101,0.04101,0.04101,0.00000,0.0,0
1790485800,0.04119,0.04122,0.04117,0.04122,0.04117,21170.76443,4
1790486100,0.04135,0.04135,0.04135,0.04135,0.04135,6045.94921,1
1790486400,0.04135,0.04135,0.04135,0.04135,0.00000,0.0,0
1790486700,0.04135,0.04135,0.04135,0.04135,0.00000,0.0,0
1790487000,0.04135,0.04135,0.04135,0.04135,0.00000,0.0,0
1790487300,0.04135,0.04135,0.04135,0.04135,0.00000,0.0,0
1790487600,0.04205,0.04205,0.04205,0.04205,0.04205,2420.4086,1
1790487900,0.04223,0.04225,0.04223,0.04225,0.04223,6395.97296,2
1790488200,0.04223,0.04236,0.04223,0.04236,0.04234,58139.40385,5
1790488500,0.04234,0.04234,0.04234,0.04234,0.04234,35410.76487,2
1790488800,0.04235,0.04241,0.04235,0.04241,0.04240,11513.3613,2
1790489100,0.04251,0.04251,0.04251,0.04251,0.04251,12404.33702,2
1790489400,0.04322,0.04329,0.04311,0.04329,0.04317,16322.30817,9
1790489700,0.04312,0.04312,0.04295,0.04295,0.04304,19909.79687,4
1790490000,0.0429,0.04298,0.04289,0.04298,0.04289,6032.86453,3
1790490300,0.04286,0.04302,0.04286,0.04297,0.04295,52198.07856,9
1790490600,0.04297,0.04297,0.04297,0.04297,0.00000,0.0,0
1790490900,0.04341,0.04356,0.04341,0.04356,0.04348,52872.27246,4
1790491200,0.04359,0.04359,0.04331,0.04351,0.04353,28947.68242,6
1790491500,0.04356,0.04384,0.04356,0.04381,0.04381,63592.04282,10
1790491800,0.0439,0.04394,0.04383,0.04387,0.04387,23709.03029,4
1790492100,0.04365,0.04367,0.04337,0.04347,0.04352,170873.72855,22
1790492400,0.04352,0.04352,0.04352,0.04352,0.04352,5000.0,1
1790492700,0.04348,0.04348,0.0434,0.0434,0.04341,2308.3555,2
1790493000,0.04312,0.0433,0.04304,0.0433,0.04315,78444.89384,9
1790493300,0.0433,0.0433,0.0433,0.0433,0.00000,0.0,0
1790493600,0.0433,0.0433,0.0433,0.0433,0.00000,0.0,0
1790493900,0.04337,0.04337,0.04337,0.04337,0.04337,204.0,1
1790494200,0.04347,0.04374,0.04347,0.04356,0.04357,80077.80946,19
1790494500,0.04343,0.04343,0.04343,0.04343,0.04343,5218.54755,1
1790494800,0.04368,0.04368,0.04368,0.04368,0.04368,3033.48534,1
1790495100,0.04366,0.04371,0.04366,0.04371,0.04370,3137.5429,2
1790495400,0.0438,0.0438,0.04375,0.04375,0.04377,3714.48487,3
1790495700,0.04346,0.04346,0.04345,0.04345,0.04345,17378.11696,2
1790496000,0.04345,0.04345,0.04345,0.04345,0.00000,0.0,0
1790496300,0.0434,0.0434,0.04324,0.04324,0.04333,79788.13456,7
1790496600,0.04337,0.04337,0.04332,0.04332,0.04334,4339.97336,2
1790496900,0.04311,0.04311,0.04305,0.04305,0.04309,294169.74302,27
1790497200,0.043,0.04319,0.043,0.04319,0.04309,158980.60887,30
1790497500,0.04296,0.04301,0.04296,0.04301,0.04297,22430.64202,3
1790497800,0.04293,0.04317,0.04293,0.04312,0.04307,39239.81292,6
1790498100,0.04312,0.04312,0.04312,0.04312,0.00000,0.0,0
1790498400,0.0429,0.0429,0.04288,0.0429,0.04289,19026.1283,4
1790498700,0.04294,0.04294,0.04294,0.04294,0.04294,518.39776,1
1790499000,0.04304,0.04307,0.04304,0.04305,0.04305,28568.06324,4
1790499300,0.043,0.043,0.04291,0.04291,0.04291,5110.2181,3
1790499600,0.0429,0.0429,0.0425,0.04252,0.04263,32480.3218,5
1790499900,0.04248,0.04248,0.04236,0.04247,0.04244,83177.05074,12
1790500200,0.04243,0.04244,0.04243,0.04244,0.04243,11687.59237,2
1790500500,0.04262,0.04262,0.04247,0.04247,0.04248,23381.95992,4
1790500800,0.04258,0.04259,0.04236,0.04236,0.04242,50326.48972,13
1790501100,0.04229,0.04231,0.04229,0.04231,0.04229,11705.53528,3
1790501400,0.04231,0.04231,0.04231,0.04231,0.00000,0.0,0
1790501700,0.04267,0.04271,0.04267,0.04271,0.04270,1415.49405,2
1790502000,0.04271,0.04271,0.04271,0.04271,0.00000,0.0,0
1790502300,0.04271,0.04271,0.04271,0.04271,0.00000,0.0,0
1790502600,0.04265,0.04265,0.04265,0.04265,0.04265,732.33052,1
1790502900,0.04272,0.04272,0.04271,0.04272,0.04271,8630.06754,3
1790503200,0.04263,0.04267,0.04263,0.04267,0.04266,61301.02405,6
1790503500,0.04262,0.04296,0.04262,0.04296,0.04289,241037.19367,16
1790503800,0.04283,0.04283,0.04282,0.04282,0.04282,3038.95387,2
1790504100,0.04282,0.04282,0.04282,0.04282,0.00000,0.0,0
1790504400,0.0431,0.04311,0.0431,0.04311,0.04310,23651.79711,2
1790504700,0.04324,0.04324,0.04324,0.04324,0.04324,6938.02035,1
1790505000,0.04324,0.04324,0.04324,0.04324,0.00000,0.0,0
1790505300,0.04303,0.04303,0.04303,0.04303,0.04303,6507.08808,1
1790505600,0.04305,0.04307,0.04305,0.04307,0.04306,4451.89757,2
1790505900,0.04307,0.04307,0.04307,0.04307,0.04307,1166.241,1
1790506200,0.04284,0.04289,0.04284,0.04289,0.04287,4818.90462,2
1790506500,0.04298,0.04298,0.04298,0.04298,0.04298,1744.99767,1
1790506800,0.04317,0.04319,0.04317,0.04319,0.04317,9978.306,2
1790507100,0.04319,0.04319,0.04319,0.04319,0.00000,0.0,0
1790507400,0.04319,0.04319,0.04319,0.04319,0.00000,0.0,0
1790507700,0.04288,0.04288,0.04288,0.04288,0.04288,202.53264,1
1790508000,0.04288,0.04288,0.04288,0.04288,0.00000,0.0,0
1790508300,0.04273,0.04273,0.04266,0.04266,0.04269,23651.08211,3
1790508600,0.04266,0.04266,0.04266,0.04266,0.00000,0.0,0
1790508900,0.04272,0.04272,0.04271,0.04271,0.04271,24623.75928,2
1790509200,0.04267,0.04268,0.04267,0.04268,0.04267,6861.8,2
1790509500,0.04268,0.04268,0.04268,0.04268,0.00000,0.0,0
1790509800,0.0427,0.0427,0.0427,0.0427,0.04270,433.37663,1
1790510100,0.0426,0.0426,0.04259,0.04259,0.04259,15388.13949,4
1790510400,0.04245,0.04245,0.04245,0.04245,0.04245,2914.04256,1
1790510700,0.04267,0.04267,0.04267,0.04267,0.04267,5858.91727,1
1790511000,0.04267,0.04267,0.04267,0.04267,0.00000,0.0,0
1790511300,0.04267,0.04267,0.04267,0.04267,0.00000,0.0,0
1790511600,0.04267,0.04267,0.04267,0.04267,0.00000,0.0,0
1790511900,0.04267,0.04267,0.04267,0.04267,0.00000,0.0,0
1790512200,0.04251,0.04251,0.04251,0.04251,0.04251,230.29875,1
1790512500,0.04251,0.04251,0.04251,0.04251,0.00000,0.0,0
1790512800,0.04251,0.04251,0.04251,0.04251,0.00000,0.0,0
1790513100,0.04251,0.04251,0.04251,0.04251,0.00000,0.0,0
1790513400,0.04251,0.04251,0.04251,0.04251,0.00000,0.0,0
1790513700,0.04248,0.04248,0.04224,0.04224,0.04234,10647.3741,3
1790514000,0.04219,0.04219,0.04166,0.04166,0.04192,177179.91769,25
1790514300,0.04183,0.04183,0.04162,0.04162,0.04168,359854.11684,12
1790514600,0.04179,0.04179,0.04148,0.04156,0.04153,38989.64872,12
1790514900,0.04175,0.04177,0.04174,0.04174,0.04175,6423.10281,3
1790515200,0.04172,0.04172,0.04172,0.04172,0.04172,952.59827,1
1790515500,0.04172,0.04172,0.04172,0.04172,0.00000,0.0,0
1790515800,0.04174,0.04175,0.04168,0.04175,0.04173,21888.87497,5
1790516100,0.04176,0.04178,0.0417,0.04174,0.04176,16802.45894,9
1790516400,0.04161,0.04161,0.04142,0.04142,0.04148,18063.98379,3
1790516700,0.04142,0.04142,0.04142,0.04142,0.00000,0.0,0
1790517000,0.04157,0.0416,0.04157,0.0416,0.04158,667.68254,2
1790517300,0.04159,0.0416,0.04155,0.04155,0.04156,106218.77017,8
1790517600,0.04154,0.04154,0.04142,0.04142,0.04148,12018.00484,2
1790517900,0.04139,0.04139,0.04135,0.04135,0.04138,7018.33485,3
1790518200,0.04148,0.04148,0.04139,0.04139,0.04147,20264.61387,5
1790518500,0.04133,0.04146,0.04133,0.04146,0.04139,12078.78324,2
1790518800,0.04153,0.04169,0.04153,0.04169,0.04158,120000.0,8
1790519100,0.04169,0.04169,0.04155,0.04155,0.04158,6795.44495,2
1790519400,0.04155,0.04155,0.04155,0.04155,0.00000,0.0,0
1790519700,0.04155,0.04155,0.04155,0.04155,0.00000,0.0,0
1790520000,0.04143,0.04143,0.04143,0.04143,0.04143,6031.19255,1
1790520300,0.04136,0.04136,0.0413,0.0413,0.04133,24844.23914,6
1790520600,0.0413,0.0413,0.0413,0.0413,0.00000,0.0,0
1790520900,0.04145,0.04145,0.04145,0.04145,0.04145,6031.36308,1
1790521200,0.0413,0.0414,0.04123,0.04128,0.04126,10619.4677,4
1790521500,0.04123,0.04137,0.04123,0.04137,0.04135,6787.70075,3
1790521800,0.04137,0.04137,0.04137,0.04137,0.00000,0.0,0
1790522100,0.04137,0.04137,0.04137,0.04137,0.00000,0.0,0
1790522400,0.04137,0.04137,0.04137,0.04137,0.04137,24172.10539,3
1790522700,0.04139,0.04158,0.04134,0.04158,0.04157,86853.6353,36
1790523000,0.0419,0.04193,0.04169,0.04169,0.04188,61741.44912,7
1790523300,0.04159,0.04159,0.04159,0.04159,0.04159,662.58932,1
1790523600,0.04151,0.04151,0.04151,0.04151,0.04151,2477.47531,1
1790523900,0.04151,0.04151,0.04151,0.04151,0.00000,0.0,0
1790524200,0.04151,0.04151,0.04151,0.04151,0.00000,0.0,0
1790524500,0.04173,0.04173,0.04173,0.04173,0.04173,5990.89384,1
1790524800,0.04173,0.04173,0.04173,0.04173,0.00000,0.0,0
1790525100,0.04173,0.04173,0.04173,0.04173,0.00000,0.0,0
1790525400,0.04208,0.04212,0.04208,0.04212,0.04209,3340.68419,2
1790525700,0.04212,0.04212,0.04212,0.04212,0.00000,0.0,0
1790526000,0.04212,0.04212,0.04212,0.04212,0.00000,0.0,0
1790526300,0.04179,0.04179,0.04179,0.04179,0.04179,478.58339,1
1790526600,0.04179,0.04179,0.04179,0.04179,0.00000,0.0,0
1790526900,0.04179,0.04179,0.04179,0.04179,0.00000,0.0,0
1790527200,0.04175,0.04187,0.04175,0.04187,0.04180,35633.72331,7
1790527500,0.04187,0.04187,0.04187,0.04187,0.00000,0.0,0
1790527800,0.04187,0.04187,0.04187,0.04187,0.00000,0.0,0
1790528100,0.04191,0.04191,0.04191,0.04191,0.04191,262.1035,1
1790528400,0.04201,0.04201,0.04201,0.04201,0.04201,2379.5052,1
1790528700,0.04201,0.04201,0.04201,0.04201,0.00000,0.0,0
1790529000,0.04201,0.04201,0.04201,0.04201,0.00000,0.0,0
1790529300,0.04201,0.04201,0.04201,0.04201,0.00000,0.0,0
1790529600,0.04201,0.04201,0.04201,0.04201,0.00000,0.0,0
1790529900,0.0419,0.0419,0.0419,0.0419,0.04190,4464.4391,1
1790530200,0.0419,0.0419,0.0419,0.0419,0.00000,0.0,0
1790530500,0.0419,0.0419,0.0419,0.0419,0.00000,0.0,0
1790530800,0.04188,0.04188,0.04188,0.04188,0.04188,972.3319,1
1790531100,0.04188,0.04188,0.04188,0.04188,0.00000,0.0,0
1790531400,0.04198,0.04198,0.04198,0.04198,0.04198,2400.0,1
1790531700,0.04198,0.04198,0.04198,0.04198,0.00000,0.0,0
1790532000,0.04198,0.04198,0.04198,0.04198,0.00000,0.0,0
1790532300,0.04198,0.04198,0.04198,0.04198,0.00000,0.0,0
1790532600,0.04198,0.04198,0.04198,0.04198,0.00000,0.0,0
1790532900,0.04246,0.04246,0.04244,0.04244,0.04244,6885.76079,2
1790533200,0.04252,0.04274,0.04252,0.04272,0.04269,8987.55219,4
1790533500,0.04273,0.04273,0.04273,0.04273,0.04273,1022.7107,1
1790533800,0.04273,0.04273,0.04273,0.04273,0.00000,0.0,0
1790534100,0.04277,0.04287,0.04277,0.04277,0.04278,18329.51191,3
1790534400,0.04279,0.04303,0.04279,0.04303,0.04280,11447.1857,2
1790534700,0.04293,0.04294,0.04293,0.04294,0.04293,27869.42103,4
1790535000,0.04291,0.04291,0.04288,0.04291,0.04290,28870.12428,6
1790535300,0.0429,0.04292,0.0429,0.04292,0.04291,12893.30121,5
1790535600,0.04297,0.04297,0.04285,0.04285,0.04291,21674.51431,2
1790535900,0.04291,0.04291,0.04291,0.04291,0.04291,292.53528,1
1790536200,0.04291,0.04291,0.04291,0.04291,0.00000,0.0,0
1790536500,0.04279,0.04291,0.04278,0.04291,0.04286,12654.04384,6
1790536800,0.04287,0.0429,0.04287,0.04289,0.04287,6512.29438,4
1790537100,0.04293,0.04293,0.04293,0.04293,0.04293,579.57722,1
1790537400,0.04293,0.04293,0.04293,0.04293,0.00000,0.0,0
1790537700,0.04293,0.04294,0.04289,0.04294,0.04292,15143.10845,5
1790538000,0.04294,0.04294,0.04294,0.04294,0.00000,0.0,0
1790538300,0.0427,0.0427,0.0427,0.0427,0.04270,468.384,1
1790538600,0.04271,0.04271,0.04271,0.04271,0.04271,287.38317,1
1790538900,0.04252,0.04255,0.04251,0.04255,0.04251,9902.29084,3
1790539200,0.04245,0.04245,0.04245,0.04245,0.04245,2000.0,1
1790539500,0.04245,0.04245,0.04245,0.04245,0.00000,0.0,0
1790539800,0.04245,0.04245,0.04245,0.04245,0.00000,0.0,0
1790540100,0.04245,0.04245,0.04245,0.04245,0.00000,0.0,0
1790540400,0.04246,0.04246,0.04246,0.04246,0.04246,5887.4807,1
1790540700,0.04246,0.04246,0.04246,0.04246,0.00000,0.0,0
1790541000,0.04255,0.0427,0.04255,0.0427,0.04255,307247.18715,17
1790541300,0.04282,0.04282,0.04257,0.04257,0.04267,80628.77505,24
1790541600,0.04257,0.04257,0.04257,0.04257,0.00000,0.0,0
1790541900,0.04252,0.04252,0.04252,0.04252,0.04252,3233.55142,1
1790542200,0.04252,0.04252,0.04252,0.04252,0.00000,0.0,0
1790542500,0.04252,0.04252,0.04252,0.04252,0.00000,0.0,0
1790542800,0.04248,0.04249,0.04248,0.04249,0.04248,7398.871,3
1790543100,0.04249,0.04249,0.04249,0.04249,0.00000,0.0,0
1790543400,0.04261,0.04264,0.04261,0.04264,0.04262,2631.48486,2
1790543700,0.04286,0.04286,0.04286,0.04286,0.04286,5642.3569,1
1790544000,0.04276,0.04276,0.04276,0.04276,0.04276,5709.4533,3
1790544300,0.04287,0.04287,0.04287,0.04287,0.04287,6531.37391,2
1790544600,0.04287,0.04287,0.04287,0.04287,0.00000,0.0,0
1790544900,0.04263,0.04263,0.04263,0.04263,0.04263,3245.37145,2
1790545200,0.04275,0.04275,0.04275,0.04275,0.04275,6321.28004,3
1790545500,0.04282,0.04282,0.04282,0.04282,0.04282,1167.67865,1
1790545800,0.04282,0.04282,0.04282,0.04282,0.00000,0.0,0
1790546100,0.04267,0.04267,0.0426,0.0426,0.04265,4038.19894,2
1790546400,0.04252,0.04252,0.04241,0.04241,0.04241,5352.52643,2
1790546700,0.04207,0.04207,0.04207,0.04207,0.04207,2859.28214,1
1790547000,0.04207,0.04207,0.04207,0.04207,0.00000,0.0,0
1790547300,0.04207,0.04207,0.04207,0.04207,0.00000,0.0,0
1790547600,0.04207,0.04207,0.04207,0.04207,0.00000,0.0,0
1790547900,0.04207,0.04207,0.04207,0.04207,0.00000,0.0,0
1790548200,0.04207,0.04207,0.04207,0.04207,0.00000,0.0,0
1790548500,0.04207,0.04207,0.04207,0.04207,0.00000,0.0,0
1790548800,0.04163,0.04163,0.0413,0.04136,0.04146,99105.38601,49
1790549100,0.04129,0.04138,0.04101,0.04101,0.04122,365944.34418,51
1790549400,0.04108,0.04114,0.04099,0.04106,0.04108,283505.25505,34
1790549700,0.04113,0.04115,0.04081,0.04081,0.04099,69611.73952,21
1790550000,0.0411,0.04121,0.0411,0.04117,0.04117,18684.85532,7
1790550300,0.04103,0.04103,0.04103,0.04103,0.04103,6081.41481,1
1790550600,0.04109,0.04109,0.04109,0.04109,0.04109,200.0,1
1790550900,0.04113,0.04125,0.04109,0.04124,0.04115,24861.3353,7
1790551200,0.04123,0.04123,0.04123,0.04123,0.04123,528.3548,2
1790551500,0.04116,0.04116,0.04116,0.04116,0.04116,11510.9562,1
1790551800,0.04111,0.04115,0.04107,0.04107,0.04114,6545.18243,3
1790552100,0.04097,0.04097,0.04097,0.04097,0.04097,6102.02587,1
1790552400,0.04093,0.04093,0.0409,0.0409,0.04092,8331.39048,2
1790552700,0.04105,0.04105,0.04103,0.04103,0.04104,6564.74318,3
1790553000,0.04109,0.04112,0.04104,0.04112,0.04106,116078.7943,15
1790553300,0.04118,0.04121,0.04114,0.04114,0.04118,1931.09682,4
1790553600,0.04126,0.04146,0.04126,0.04145,0.04141,48296.18208,7
1790553900,0.04187,0.04187,0.0418,0.0418,0.04185,1248.5042,2
1790554200,0.0418,0.0418,0.04177,0.04177,0.04179,708.09728,2
1790554500,0.04177,0.04177,0.04177,0.04177,0.00000,0.0,0
1790554800,0.04177,0.04177,0.04177,0.04177,0.00000,0.0,0
1790555100,0.04177,0.04177,0.04177,0.04177,0.00000,0.0,0
1790555400,0.0424,0.04244,0.04234,0.04234,0.04235,13733.25526,5
1790555700,0.04176,0.04176,0.04172,0.04172,0.04173,4787.16008,2
1790556000,0.04161,0.04173,0.04161,0.04173,0.04168,7171.68807,4
1790556300,0.04172,0.04172,0.04171,0.04171,0.04171,244.13846,2
1790556600,0.04181,0.04181,0.04178,0.04178,0.04179,3952.08125,4
1790556900,0.04176,0.04183,0.04176,0.04177,0.04177,6457.43801,4
1790557200,0.04153,0.04153,0.04153,0.04153,0.04153,232.7738,1
1790557500,0.04182,0.04182,0.04182,0.04182,0.04182,42481.04756,4
1790557800,0.04161,0.04161,0.04161,0.04161,0.04161,232.46247,1
1790558100,0.04161,0.04161,0.04161,0.04161,0.00000,0.0,0
1790558400,0.04161,0.04161,0.04161,0.04161,0.00000,0.0,0
1790558700,0.04166,0.04166,0.04166,0.04166,0.04166,232.5585,1
1790559000,0.04159,0.04159,0.04147,0.04151,0.04152,38771.82782,7
1790559300,0.04151,0.04151,0.04151,0.04151,0.00000,0.0,0
1790559600,0.04151,0.04151,0.04151,0.04151,0.00000,0.0,0
1790559900,0.04115,0.04115,0.04115,0.04115,0.04115,237.3046,1
1790560200,0.04115,0.04115,0.04115,0.04115,0.00000,0.0,0
1790560500,0.0412,0.0412,0.0412,0.0412,0.04120,20740.74074,2
1790560800,0.04106,0.04106,0.04102,0.04102,0.04105,6300.44913,2
1790561100,0.04102,0.04102,0.04102,0.04102,0.00000,0.0,0
1790561400,0.04102,0.04102,0.04102,0.04102,0.00000,0.0,0
1790561700,0.04107,0.04107,0.04106,0.04106,0.04106,474.6092,2
1790562000,0.04107,0.04108,0.04107,0.04107,0.04107,16630.25746,4
1790562300,0.04122,0.04122,0.04121,0.04121,0.04121,18197.9944,3
1790562600,0.04117,0.04117,0.04107,0.04108,0.04109,7323.57164,4
1790562900,0.04106,0.04106,0.04106,0.04106,0.04106,237.3046,1
1790563200,0.04106,0.04106,0.04106,0.04106,0.00000,0.0,0
1790563500,0.04106,0.04106,0.04106,0.04106,0.00000,0.0,0
1790563800,0.04106,0.04106,0.04106,0.04106,0.00000,0.0,0
1790564100,0.04088,0.04088,0.04085,0.04085,0.04087,6586.26798,2
1790564400,0.04085,0.04085,0.04085,0.04085,0.00000,0.0,0
1790564700,0.04085,0.04085,0.04085,0.04085,0.00000,0.0,0
1790565000,0.04078,0.04079,0.04063,0.04063,0.04073,9895.4459,11
1790565300,0.04093,0.04093,0.04093,0.04093,0.04093,236.22177,1
1790565600,0.04092,0.04092,0.04078,0.04078,0.04085,474.6092,2
1790565900,0.04052,0.04052,0.04023,0.04023,0.04034,41751.39801,22
1790566200,0.0404,0.0404,0.0404,0.0404,0.04040,292.53528,1
1790566500,0.0404,0.0404,0.0404,0.0404,0.00000,0.0,0
1790566800,0.04058,0.04058,0.04058,0.04058,0.04058,1099.77587,1
1790567100,0.04058,0.04058,0.04058,0.04058,0.00000,0.0,0
1790567400,0.04058,0.04058,0.04058,0.04058,0.00000,0.0,0
1790567700,0.04058,0.04058,0.04058,0.04058,0.00000,0.0,0
1790568000,0.0406,0.04062,0.0406,0.04062,0.04060,1181.2423,2
1790568300,0.04057,0.04058,0.04057,0.04058,0.04057,363.8,2
1790568600,0.04058,0.04058,0.04058,0.04058,0.00000,0.0,0
1790568900,0.041,0.04158,0.041,0.04158,0.04139,86517.97248,14
1790569200,0.04165,0.04165,0.04161,0.04161,0.04162,9170.45201,2
1790569500,0.04161,0.04161,0.04161,0.04161,0.00000,0.0,0
1790569800,0.04161,0.04161,0.04161,0.04161,0.00000,0.0,0
1790570100,0.04161,0.04161,0.04161,0.04161,0.00000,0.0,0
1790570400,0.04155,0.04155,0.04155,0.04155,0.04155,237.3046,1
1790570700,0.04155,0.04155,0.04155,0.04155,0.00000,0.0,0
1790571000,0.04155,0.04155,0.04155,0.04155,0.00000,0.0,0
1790571300,0.04175,0.04209,0.04175,0.04209,0.04187,47639.87272,17
1790571600,0.04209,0.04209,0.04209,0.04209,0.00000,0.0,0
1790571900,0.04165,0.04165,0.04165,0.04165,0.04165,19418.0,4
1790572200,0.04166,0.04173,0.04165,0.04172,0.04168,48107.43914,24
1790572500,0.04176,0.04177,0.04176,0.04177,0.04176,239.46309,2
1790572800,0.04186,0.04186,0.04186,0.04186,0.04186,2004.00805,1
1790573100,0.04186,0.04186,0.04186,0.04186,0.00000,0.0,0
1790573400,0.04153,0.04153,0.04139,0.04139,0.04149,6398.932,3
1790573700,0.04143,0.04143,0.04141,0.04142,0.04142,11460.85127,7
1790574000,0.04157,0.04159,0.04157,0.04157,0.04157,18279.1617,4
1790574300,0.04188,0.04188,0.04175,0.04175,0.04179,19056.14307,5
1790574600,0.04188,0.04188,0.04188,0.04188,0.04188,1600.0,2
1790574900,0.04188,0.04188,0.04188,0.04188,0.04188,1600.0,2
1790575200,0.04188,0.04188,0.04188,0.04188,0.00000,0.0,0
1790575500,0.04215,0.04255,0.04215,0.04255,0.04238,19572.23115,14
1790575800,0.04248,0.04248,0.04243,0.04245,0.04244,27234.24185,11
1790576100,0.04245,0.04245,0.04245,0.04245,0.00000,0.0,0
1790576400,0.04222,0.04222,0.04205,0.04205,0.04207,16714.88296,5
1790576700,0.04205,0.04205,0.04205,0.04205,0.00000,0.0,0
1790577000,0.04205,0.04205,0.04205,0.04205,0.00000,0.0,0
1790577300,0.04195,0.04195,0.0417,0.0417,0.04191,40177.57301,10
1790577600,0.0417,0.0417,0.0417,0.0417,0.00000,0.0,0
1790577900,0.0417,0.0417,0.0417,0.0417,0.00000,0.0,0
1790578200,0.04167,0.0417,0.04163,0.04163,0.04165,40168.84012,20
1790578500,0.04161,0.04161,0.0416,0.0416,0.04160,3000.0,3
1790578800,0.04173,0.04198,0.04173,0.04198,0.04177,9137.61716,4
1790579100,0.04191,0.04192,0.04191,0.04192,0.04191,1134.92769,2
1790579400,0.04192,0.04192,0.04192,0.04192,0.00000,0.0,0
1790579700,0.04151,0.0419,0.04147,0.0419,0.04171,40852.24971,15
1790580000,0.04188,0.04197,0.04187,0.04187,0.04188,20139.0252,5
1790580300,0.04174,0.04198,0.04174,0.04187,0.04190,15497.53102,8
1790580600,0.04187,0.04187,0.04187,0.04187,0.00000,0.0,0
1790580900,0.04168,0.04168,0.04142,0.04144,0.04148,14607.341,12
1790581200,0.04132,0.04132,0.04127,0.04127,0.04129,22894.7975,6
1790581500,0.04141,0.04141,0.04095,0.04095,0.04133,29466.96765,14
1790581800,0.04095,0.04095,0.04095,0.04095,0.00000,0.0,0
1790582100,0.04104,0.04105,0.04104,0.04105,0.04104,248.0,2
1790582400,0.04101,0.04118,0.041,0.04108,0.04112,9620.71901,4
1790582700,0.04109,0.04111,0.04109,0.04111,0.04110,7468.26776,5
1790583000,0.04133,0.04133,0.04132,0.04132,0.04132,2300.5702,4
1790583300,0.04143,0.04143,0.04141,0.04141,0.04142,5711.9138,4
1790583600,0.04131,0.04133,0.0412,0.0412,0.04131,48644.54585,12
1790583900,0.04124,0.04124,0.04122,0.04122,0.04123,6535.56062,3
1790584200,0.04118,0.04118,0.04116,0.04116,0.04117,10000.0,3
1790584500,0.04117,0.04117,0.04117,0.04117,0.04117,1067.327,1
1790584800,0.04102,0.04102,0.04098,0.04098,0.04099,22919.59197,7
1790585100,0.04106,0.04107,0.04106,0.04107,0.04106,242.57049,2
1790585400,0.04107,0.04107,0.04107,0.04107,0.00000,0.0,0
1790585700,0.04107,0.04107,0.04107,0.04107,0.00000,0.0,0
1790586000,0.04107,0.04107,0.04107,0.04107,0.00000,0.0,0
1790586300,0.04104,0.04104,0.04094,0.04094,0.04096,8297.62715,6
1790586600,0.04094,0.04094,0.04094,0.04094,0.00000,0.0,0
1790586900,0.04131,0.04131,0.04131,0.04131,0.04131,237.3046,1
1790587200,0.04153,0.04163,0.04153,0.04163,0.04154,6827.72711,4
1790587500,0.04136,0.04136,0.04136,0.04136,0.04136,6044.2218,1
1790587800,0.04126,0.04126,0.04126,0.04126,0.04126,1417.878,2
1790588100,0.04126,0.04126,0.04126,0.04126,0.00000,0.0,0
1790588400,0.04126,0.04126,0.04126,0.04126,0.00000,0.0,0
1790588700,0.04126,0.04126,0.04126,0.04126,0.00000,0.0,0
1790589000,0.04126,0.04126,0.04126,0.04126,0.00000,0.0,0
1790589300,0.04105,0.04107,0.04103,0.04103,0.04105,18161.60994,5
1790589600,0.04105,0.04105,0.04105,0.04105,0.04105,584.65279,2
1790589900,0.04105,0.04105,0.04105,0.04105,0.00000,0.0,0
1790590200,0.04112,0.04113,0.04112,0.04113,0.04112,6078.28835,3
1790590500,0.0412,0.0412,0.04117,0.04117,0.04117,24100.0,5
1790590800,0.04117,0.04117,0.04117,0.04117,0.00000,0.0,0
1790591100,0.04134,0.04137,0.0413,0.04137,0.04133,2720.74238,5
1790591400,0.04135,0.0417,0.04135,0.0417,0.04153,26202.67461,11
1790591700,0.04178,0.04178,0.04178,0.04178,0.04178,1196.74485,1
1790592000,0.04178,0.04178,0.04178,0.04178,0.00000,0.0,0
1790592300,0.04161,0.0421,0.04159,0.0421,0.04169,21171.24203,13
1790592600,0.04213,0.04227,0.04213,0.04227,0.04217,56117.07963,9
1790592900,0.04196,0.04196,0.04186,0.04189,0.04189,35378.22013,10
1790593200,0.04197,0.042,0.04197,0.042,0.04197,2387.20458,4
1790593500,0.042,0.042,0.042,0.042,0.00000,0.0,0
1790593800,0.042,0.042,0.042,0.042,0.00000,0.0,0
1790594100,0.04173,0.04187,0.04173,0.04187,0.04179,81502.82695,17
1790594400,0.04188,0.04188,0.04188,0.04188,0.04188,237.3046,1
1790594700,0.04192,0.04192,0.04192,0.04192,0.04192,711.9138,1
1790595000,0.04193,0.04219,0.04192,0.04219,0.04200,91606.42199,25
1790595300,0.04224,0.04224,0.04224,0.04224,0.04224,237.3046,1
1790595600,0.04186,0.04189,0.04184,0.04189,0.04184,7068.60286,4
1790595900,0.04189,0.04189,0.04189,0.04189,0.00000,0.0,0
1790596200,0.04189,0.04189,0.04189,0.04189,0.00000,0.0,0
1790596500,0.04173,0.04175,0.04173,0.04175,0.04174,30000.0,3
1790596800,0.04154,0.04154,0.04154,0.04154,0.04154,11487.3046,6
1790597100,0.04188,0.04188,0.04179,0.04179,0.04182,4736.57623,5
1790597400,0.04215,0.04236,0.04215,0.04236,0.04219,1199.08159,2
1790597700,0.04225,0.04251,0.04225,0.04228,0.04233,33712.49296,8
1790598000,0.04232,0.04232,0.04204,0.04204,0.04212,11818.93858,5
1790598300,0.04193,0.04199,0.04193,0.04199,0.04195,559.07234,4
1790598600,0.04189,0.0419,0.04189,0.0419,0.04189,358.05162,2
1790598900,0.042,0.042,0.04189,0.0419,0.04196,13429.23432,4
1790599200,0.04187,0.04189,0.04187,0.04189,0.04188,125356.74115,16
1790599500,0.042,0.042,0.04199,0.042,0.04199,118144.64272,17
1790599800,0.042,0.042,0.042,0.042,0.00000,0.0,0
1790600100,0.042,0.042,0.042,0.042,0.00000,0.0,0
1790600400,0.042,0.042,0.042,0.042,0.00000,0.0,0
1790600700,0.04211,0.04211,0.04211,0.04211,0.04211,714.2857,2
1790601000,0.04199,0.04214,0.04199,0.04214,0.04202,6950.96405,6
1790601300,0.04206,0.04206,0.04206,0.04206,0.04206,200.0,1
1790601600,0.04207,0.04208,0.04207,0.04208,0.04207,4589.8,3
1790601900,0.04206,0.04206,0.04206,0.04206,0.04206,472.24766,2
1790602200,0.04206,0.04206,0.04206,0.04206,0.00000,0.0,0
1790602500,0.042,0.04201,0.042,0.04201,0.04200,2209.36714,3
1790602800,0.04215,0.04215,0.04215,0.04215,0.04215,1186.25592,1
1790603100,0.04213,0.04217,0.04213,0.04217,0.04215,35579.22201,8
1790603400,0.04209,0.04209,0.04209,0.04209,0.04209,15562.26528,3
1790603700,0.04209,0.04209,0.04209,0.04209,0.00000,0.0,0
1790604000,0.04172,0.04172,0.04172,0.04172,0.04172,220.66829,1
1790604300,0.04172,0.04172,0.04172,0.04172,0.00000,0.0,0
1790604600,0.04189,0.0419,0.04186,0.04187,0.04188,10744.24529,5
1790604900,0.04187,0.04187,0.04187,0.04187,0.00000,0.0,0
1790605200,0.04161,0.04182,0.04161,0.0418,0.04163,6720.08491,4
1790605500,0.04174,0.04174,0.04107,0.04107,0.04153,42603.55914,12
1790605800,0.04123,0.04123,0.04123,0.04123,0.04123,6063.54596,1
1790606100,0.04123,0.04123,0.04123,0.04123,0.00000,0.0,0
1790606400,0.04125,0.04125,0.04059,0.04059,0.04093,167874.10639,37
1790606700,0.04058,0.04058,0.03976,0.03986,0.04007,399647.69772,51
1790607000,0.03985,0.03991,0.03971,0.03971,0.03982,24954.64486,10
1790607300,0.04025,0.04037,0.04021,0.04023,0.04024,21603.65971,7
1790607600,0.04047,0.04047,0.04046,0.04046,0.04046,32198.4857,6
1790607900,0.04042,0.04042,0.04041,0.04041,0.04041,1739.17934,3
1790608200,0.0402,0.0402,0.0402,0.0402,0.04020,21150.35865,2
1790608500,0.04,0.04015,0.03998,0.04012,0.04004,32870.72795,8
1790608800,0.04014,0.04014,0.04014,0.04014,0.04014,295.61945,1
1790609100,0.04029,0.04045,0.04028,0.04043,0.04041,9875.38474,6
1790609400,0.04051,0.04051,0.04051,0.04051,0.04051,1186.523,1
1790609700,0.04055,0.04056,0.04055,0.04056,0.04055,3300.0,3
1790610000,0.04049,0.04052,0.04049,0.04052,0.04049,28886.80934,6
1790610300,0.04052,0.04052,0.04052,0.04052,0.00000,0.0,0
1790610600,0.04052,0.04052,0.04052,0.04052,0.00000,0.0,0
1790610900,0.0407,0.04071,0.0407,0.04071,0.04070,683.39427,3
1790611200,0.04071,0.04073,0.04042,0.04042,0.04071,29704.44833,9
1790611500,0.04042,0.04042,0.04042,0.04042,0.00000,0.0,0
1790611800,0.0407,0.04071,0.0407,0.04071,0.04070,2159.93944,5
1790612100,0.04065,0.04065,0.04064,0.04064,0.04064,6388.68994,2
1790612400,0.04064,0.04064,0.04064,0.04064,0.00000,0.0,0
1790612700,0.04064,0.04064,0.04064,0.04064,0.00000,0.0,0
1790613000,0.04124,0.04128,0.04112,0.04113,0.04116,7723.89804,7
1790613300,0.04113,0.04113,0.04113,0.04113,0.00000,0.0,0
1790613600,0.04113,0.04113,0.04113,0.04113,0.00000,0.0,0
1790613900,0.04056,0.04056,0.04054,0.04054,0.04055,2376.81135,4
1790614200,0.04054,0.04054,0.04054,0.04054,0.00000,0.0,0
1790614500,0.04066,0.04075,0.04066,0.04068,0.04070,25683.23992,8
1790614800,0.04055,0.04058,0.04055,0.04058,0.04057,1992.51449,3
1790615100,0.04041,0.04041,0.04038,0.0404,0.04039,17926.45346,5
1790615400,0.04031,0.04039,0.04028,0.04039,0.04033,1898.4368,8
1790615700,0.04039,0.04039,0.04039,0.04039,0.00000,0.0,0
1790616000,0.04039,0.04039,0.04039,0.04039,0.00000,0.0,0
1790616300,0.04039,0.04039,0.04039,0.04039,0.00000,0.0,0
1790616600,0.04039,0.04039,0.04039,0.04039,0.00000,0.0,0
1790616900,0.04066,0.04066,0.0406,0.0406,0.04063,38552.10016,10
1790617200,0.0406,0.0406,0.0406,0.0406,0.00000,0.0,0
1790617500,0.04075,0.04075,0.04075,0.04075,0.04075,643.6995,1
1790617800,0.04075,0.04075,0.04075,0.04075,0.00000,0.0,0
1790618100,0.04075,0.04075,0.04075,0.04075,0.00000,0.0,0
1790618400,0.04063,0.04063,0.04063,0.04063,0.04063,237.30459,1
1790618700,0.04063,0.04063,0.04063,0.04063,0.00000,0.0,0
1790619000,0.0407,0.0407,0.0407,0.0407,0.04070,2150.68176,2
1790619300,0.04084,0.04085,0.04084,0.04085,0.04084,6357.25564,3
1790619600,0.04075,0.04076,0.04075,0.04076,0.04075,1226.75101,3
1790619900,0.04076,0.04076,0.04076,0.04076,0.00000,0.0,0
1790620200,0.04045,0.04045,0.04038,0.04038,0.04039,7662.79361,5
1790620500,0.04033,0.04035,0.04025,0.04026,0.04032,123038.74925,24
1790620800,0.04025,0.04025,0.03998,0.03998,0.04005,135002.01902,26
1790621100,0.03988,0.03988,0.03942,0.03958,0.03967,496605.79778,91
1790621400,0.03953,0.03987,0.0394,0.03987,0.03954,73210.85875,23
1790621700,0.03993,0.03996,0.0399,0.0399,0.03991,28850.72324,6
1790622000,0.0399,0.0399,0.03966,0.03966,0.03978,25810.56622,8
1790622300,0.03962,0.03966,0.03951,0.03951,0.03963,30959.11489,10
1790622600,0.03946,0.03952,0.03937,0.03952,0.03940,49915.02342,10
1790622900,0.03965,0.03966,0.03948,0.03953,0.03956,46372.38468,9
1790623200,0.03956,0.03956,0.03946,0.03946,0.03950,31611.82563,5
1790623500,0.03946,0.03953,0.03943,0.03943,0.03945,40713.45756,14
1790623800,0.03952,0.03952,0.03886,0.03886,0.03912,252057.55917,73
1790624100,0.03881,0.03901,0.03879,0.03891,0.03888,43512.8609,20
1790624400,0.03884,0.03926,0.03882,0.03926,0.03885,74412.66975,19
1790624700,0.0393,0.0393,0.03918,0.03921,0.03924,18914.66193,7
1790625000,0.03934,0.03993,0.03919,0.03975,0.03969,154134.71476,54
1790625300,0.03919,0.03925,0.03919,0.03923,0.03921,2986.5915,4
1790625600,0.03929,0.03932,0.03929,0.03932,0.03931,9122.24752,4
1790625900,0.03937,0.03948,0.03937,0.03948,0.03941,13952.33541,3
1790626200,0.0395,0.03959,0.03947,0.03959,0.03954,4164.46227,7
1790626500,0.0395,0.0395,0.0395,0.0395,0.03950,253.16456,1
1790626800,0.03958,0.03965,0.03958,0.03965,0.03964,6820.03103,2
1790627100,0.03973,0.03973,0.0396,0.03963,0.03965,994.22687,5
1790627400,0.0396,0.0396,0.03958,0.0396,0.03958,10981.73917,6
1790627700,0.03951,0.03953,0.03951,0.03953,0.03951,7364.69897,2
1790628000,0.03953,0.03953,0.03953,0.03953,0.00000,0.0,0
1790628300,0.03952,0.03953,0.03951,0.03951,0.03951,8447.68616,4
1790628600,0.03947,0.03976,0.03947,0.03976,0.03963,378439.86769,30
1790628900,0.03967,0.03967,0.0396,0.0396,0.03961,1708.14242,3
1790629200,0.03973,0.03982,0.03973,0.03982,0.03973,25977.93623,5
1790629500,0.03974,0.03974,0.03973,0.03973,0.03973,474.6092,2
1790629800,0.03973,0.03973,0.03973,0.03973,0.00000,0.0,0
1790630100,0.03962,0.03962,0.03948,0.03952,0.03951,32010.42374,14
1790630400,0.03952,0.03952,0.03952,0.03952,0.00000,0.0,0
1790630700,0.03964,0.03964,0.03964,0.03964,0.03964,1908.9748,2
1790631000,0.03963,0.03963,0.03963,0.03963,0.03963,6644.00833,1
1790631300,0.0397,0.0397,0.0397,0.0397,0.03970,202.83116,1
1790631600,0.03979,0.03979,0.03979,0.03979,0.03979,6282.98567,1
1790631900,0.03975,0.03975,0.03975,0.03975,0.03975,200.0,1
1790632200,0.03974,0.03978,0.03974,0.03978,0.03974,41264.70062,5
1790632500,0.03978,0.03978,0.03978,0.03978,0.00000,0.0,0
1790632800,0.03978,0.03978,0.03978,0.03978,0.00000,0.0,0
1790633100,0.03978,0.03978,0.03978,0.03978,0.00000,0.0,0
1790633400,0.03978,0.03978,0.03978,0.03978,0.00000,0.0,0
1790633700,0.03978,0.03978,0.03978,0.03978,0.00000,0.0,0
1790634000,0.03978,0.03978,0.03978,0.03978,0.00000,0.0,0
1790634300,0.03978,0.03978,0.03978,0.03978,0.00000,0.0,0
1790634600,0.03978,0.03978,0.03978,0.03978,0.00000,0.0,0
1790634900,0.03964,0.03964,0.03964,0.03964,0.03964,1546.875,1
1790635200,0.03964,0.03964,0.03964,0.03964,0.00000,0.0,0
1790635500,0.03964,0.03964,0.03964,0.03964,0.00000,0.0,0
1790635800,0.03965,0.03965,0.03965,0.03965,0.03965,226.98612,1
1790636100,0.03966,0.03971,0.03966,0.03969,0.03968,13653.79944,3
1790636400,0.03969,0.03969,0.03969,0.03969,0.00000,0.0,0
1790636700,0.03969,0.03969,0.03969,0.03969,0.00000,0.0,0
1790637000,0.03969,0.03969,0.03969,0.03969,0.00000,0.0,0
1790637300,0.03969,0.03969,0.03969,0.03969,0.00000,0.0,0
1790637600,0.03969,0.03969,0.03969,0.03969,0.00000,0.0,0
1790637900,0.03969,0.03969,0.03969,0.03969,0.00000,0.0,0
1790638200,0.03969,0.03969,0.03969,0.03969,0.00000,0.0,0
1790638500,0.03969,0.03969,0.03969,0.03969,0.00000,0.0,0
1790638800,0.03969,0.03969,0.03969,0.03969,0.00000,0.0,0
1790639100,0.03987,0.03987,0.03987,0.03987,0.03987,592.3075,1
1790639400,0.03987,0.03987,0.03987,0.03987,0.00000,0.0,0
1790639700,0.04,0.04,0.04,0.04,0.04000,4406.2962,3
1790640000,0.04,0.04,0.04,0.04,0.00000,0.0,0
1790640300,0.04,0.04,0.04,0.04,0.00000,0.0,0
1790640600,0.04,0.04,0.04,0.04,0.00000,0.0,0
1790640900,0.04,0.04,0.04,0.04,0.00000,0.0,0
1790641200,0.04,0.04,0.04,0.04,0.00000,0.0,0
1790641500,0.04,0.04,0.04,0.04,0.00000,0.0,0
1790641800,0.04007,0.04007,0.04007,0.04007,0.04007,6421.8288,2
1790642100,0.04012,0.0402,0.04012,0.04018,0.04016,50223.34577,9
1790642400,0.04018,0.04018,0.04018,0.04018,0.00000,0.0,0
1790642700,0.04018,0.04018,0.04018,0.04018,0.00000,0.0,0
1790643000,0.03989,0.03989,0.03989,0.03989,0.03989,200.0,1
1790643300,0.03989,0.03989,0.03989,0.03989,0.00000,0.0,0
1790643600,0.03981,0.03981,0.03981,0.03981,0.03981,3105.7098,1
1790643900,0.03981,0.03981,0.03981,0.03981,0.00000,0.0,0
1790644200,0.03981,0.03981,0.03981,0.03981,0.00000,0.0,0
1790644500,0.03937,0.03937,0.03937,0.03937,0.03937,12758.46779,1
1790644800,0.03937,0.03937,0.03937,0.03937,0.00000,0.0,0
1790645100,0.03913,0.03916,0.03913,0.03916,0.03915,19063.74797,3
1790645400,0.03916,0.03916,0.03916,0.03916,0.00000,0.0,0
1790645700,0.03916,0.03916,0.03916,0.03916,0.00000,0.0,0
1790646000,0.03916,0.03916,0.03916,0.03916,0.00000,0.0,0
1790646300,0.03903,0.03903,0.03903,0.03903,0.03903,1828.8597,1
1790646600,0.03903,0.03903,0.03903,0.03903,0.00000,0.0,0
1790646900,0.03911,0.03911,0.03911,0.03911,0.03911,27302.83,3
1790647200,0.03911,0.03911,0.03911,0.03911,0.00000,0.0,0
1790647500,0.03911,0.03911,0.03911,0.03911,0.00000,0.0,0
1790647800,0.03911,0.03911,0.03911,0.03911,0.00000,0.0,0
1790648100,0.03908,0.03908,0.03908,0.03908,0.03908,5057.89373,1
1790648400,0.03918,0.03918,0.03918,0.03918,0.03918,150.07657,1
1790648700,0.03918,0.03918,0.03918,0.03918,0.00000,0.0,0
1790649000,0.03889,0.03889,0.03889,0.03889,0.03889,6405.84019,1
1790649300,0.03889,0.03889,0.03889,0.03889,0.00000,0.0,0
1790649600,0.03889,0.03889,0.03889,0.03889,0.00000,0.0,0
1790649900,0.03925,0.03925,0.03922,0.03922,0.03923,1126.32875,2
1790650200,0.03922,0.03922,0.03922,0.03922,0.00000,0.0,0
1790650500,0.03922,0.03922,0.03922,0.03922,0.00000,0.0,0
1790650800,0.03922,0.03922,0.03922,0.03922,0.00000,0.0,0
1790651100,0.03922,0.03922,0.03922,0.03922,0.00000,0.0,0
1790651400,0.03918,0.03918,0.03917,0.03917,0.03917,46414.32798,10
1790651700,0.03917,0.03917,0.03917,0.03917,0.00000,0.0,0
1790652000,0.03917,0.03917,0.03917,0.03917,0.00000,0.0,0
1790652300,0.03964,0.03964,0.03964,0.03964,0.03964,2517.94622,2
1790652600,0.03964,0.03964,0.03964,0.03964,0.00000,0.0,0
1790652900,0.03964,0.03964,0.03964,0.03964,0.00000,0.0,0
1790653200,0.03964,0.03964,0.03964,0.03964,0.00000,0.0,0
1790653500,0.03964,0.03964,0.03964,0.03964,0.00000,0.0,0
1790653800,0.03964,0.03964,0.03964,0.03964,0.00000,0.0,0
1790654100,0.03964,0.03964,0.03964,0.03964,0.00000,0.0,0
1790654400,0.03964,0.03964,0.03964,0.03964,0.00000,0.0,0
1790654700,0.03964,0.03964,0.03964,0.03964,0.00000,0.0,0
1790655000,0.03964,0.03964,0.03964,0.03964,0.00000,0.0,0
1790655300,0.03964,0.03964,0.03964,0.03964,0.00000,0.0,0
1790655600,0.03964,0.03964,0.03964,0.03964,0.00000,0.0,0
1790655900,0.03964,0.03964,0.03964,0.03964,0.00000,0.0,0
1790656200,0.03964,0.03964,0.03964,0.03964,0.00000,0.0,0
1790656500,0.03964,0.03964,0.03964,0.03964,0.00000,0.0,0
1790656800,0.03964,0.03964,0.03964,0.03964,0.00000,0.0,0
1790657100,0.03964,0.03964,0.03964,0.03964,0.00000,0.0,0
1790657400,0.04029,0.04031,0.04029,0.0403,0.04029,1383.91303,3
1790657700,0.04025,0.04031,0.04025,0.0403,0.04028,1483.02712,4
1790658000,0.0403,0.0403,0.0403,0.0403,0.00000,0.0,0
1790658300,0.04023,0.04023,0.04023,0.04023,0.04023,621.4267,1
1790658600,0.0404,0.04045,0.0404,0.04044,0.04044,26135.51735,3
1790658900,0.04044,0.04044,0.04044,0.04044,0.00000,0.0,0
1790659200,0.04044,0.04044,0.04044,0.04044,0.00000,0.0,0
1790659500,0.04044,0.04044,0.04044,0.04044,0.00000,0.0,0
1790659800,0.04044,0.04044,0.04044,0.04044,0.00000,0.0,0
1790660100,0.04003,0.04003,0.04003,0.04003,0.04003,1249.0632,1
1790660400,0.04003,0.04003,0.04003,0.04003,0.00000,0.0,0
1790660700,0.04003,0.04003,0.04003,0.04003,0.00000,0.0,0
1790661000,0.04048,0.04048,0.04048,0.04048,0.04048,6808.9267,2
1790661300,0.04049,0.04049,0.04049,0.04049,0.04049,15468.75,3
1790661600,0.04049,0.04049,0.04049,0.04049,0.04049,13492.105,2
1790661900,0.04049,0.04049,0.04049,0.04049,0.00000,0.0,0
1790662200,0.04049,0.04049,0.04049,0.04049,0.00000,0.0,0
1790662500,0.04054,0.04054,0.04054,0.04054,0.04054,15200.0,2
1790662800,0.04054,0.04054,0.04054,0.04054,0.00000,0.0,0
1790663100,0.04046,0.04049,0.04046,0.04046,0.04047,26193.37434,5
1790663400,0.04048,0.04048,0.04047,0.04047,0.04047,17381.07254,4
1790663700,0.04047,0.04047,0.04047,0.04047,0.00000,0.0,0
1790664000,0.04041,0.04041,0.04041,0.04041,0.04041,891.5355,1
1790664300,0.04042,0.04043,0.04042,0.04043,0.04042,19787.71289,2
1790664600,0.04043,0.04043,0.04043,0.04043,0.00000,0.0,0
1790664900,0.04043,0.04043,0.04043,0.04043,0.00000,0.0,0
1790665200,0.04039,0.04048,0.04039,0.04048,0.04045,12729.42358,4
1790665500,0.04048,0.04048,0.04048,0.04048,0.00000,0.0,0
1790665800,0.04048,0.04048,0.04048,0.04048,0.00000,0.0,0
1790666100,0.04048,0.04048,0.04048,0.04048,0.00000,0.0,0
1790666400,0.04048,0.04048,0.04048,0.04048,0.00000,0.0,0
1790666700,0.04073,0.04075,0.04073,0.04075,0.04073,49099.71451,6
1790667000,0.04075,0.04075,0.04075,0.04075,0.00000,0.0,0
1790667300,0.04075,0.04075,0.04075,0.04075,0.00000,0.0,0
1790667600,0.04075,0.04075,0.04075,0.04075,0.00000,0.0,0
1790667900,0.04106,0.04114,0.04106,0.04114,0.04113,13586.10412,3
1790668200,0.04121,0.04124,0.04121,0.04124,0.04121,13952.95519,3
1790668500,0.04137,0.04137,0.04137,0.04137,0.04137,1581.27826,1
1790668800,0.04123,0.04128,0.04123,0.04128,0.04127,8489.81284,2
1790669100,0.04128,0.04128,0.04128,0.04128,0.00000,0.0,0
1790669400,0.04118,0.04118,0.04118,0.04118,0.04118,6070.9082,1
1790669700,0.04118,0.04118,0.04118,0.04118,0.00000,0.0,0
1790670000,0.04118,0.04118,0.04118,0.04118,0.00000,0.0,0
1790670300,0.04138,0.04143,0.04136,0.04139,0.04140,18570.93973,5
1790670600,0.04135,0.04137,0.04115,0.04115,0.04133,24591.37209,6
1790670900,0.04108,0.04108,0.04108,0.04108,0.04108,2477.1057,3
1790671200,0.04108,0.04108,0.04108,0.04108,0.00000,0.0,0
1790671500,0.04103,0.04103,0.04101,0.04101,0.04102,30578.0778,3
1790671800,0.0412,0.04138,0.0412,0.04138,0.04130,239817.01291,10
1790672100,0.04113,0.04122,0.04112,0.04122,0.04115,20277.94374,4
1790672400,0.04122,0.04122,0.04122,0.04122,0.00000,0.0,0
1790672700,0.04122,0.04122,0.04122,0.04122,0.00000,0.0,0
1790673000,0.04126,0.04129,0.04126,0.04129,0.04127,18885.80348,5
1790673300,0.04127,0.04127,0.04126,0.04126,0.04126,18059.13717,3
1790673600,0.04122,0.04122,0.04122,0.04122,0.04122,1242.9091,1
1790673900,0.04115,0.04121,0.04115,0.04121,0.04119,4191.62288,2
1790674200,0.04119,0.04119,0.04119,0.04119,0.04119,1544.6888,1
1790674500,0.04118,0.04118,0.04118,0.04118,0.04118,10858.66926,1
1790674800,0.04113,0.04113,0.04112,0.04112,0.04112,11441.39713,2
1790675100,0.04117,0.04117,0.04117,0.04117,0.04117,466.4,1
1790675400,0.04114,0.04114,0.04114,0.04114,0.04114,6076.81088,1
1790675700,0.04127,0.04127,0.04127,0.04127,0.04127,1408.90365,1
1790676000,0.04107,0.04107,0.04107,0.04107,0.04107,6087.14139,1
1790676300,0.04107,0.04107,0.04107,0.04107,0.00000,0.0,0
1790676600,0.04107,0.04107,0.04107,0.04107,0.00000,0.0,0
1790676900,0.04107,0.04107,0.04107,0.04107,0.00000,0.0,0
1790677200,0.04107,0.04107,0.04107,0.04107,0.00000,0.0,0
1790677500,0.04107,0.04107,0.04107,0.04107,0.00000,0.0,0
1790677800,0.04107,0.04107,0.04107,0.04107,0.00000,0.0,0
1790678100,0.04069,0.04069,0.04044,0.04044,0.04051,8643.10648,3
1790678400,0.04055,0.04055,0.04055,0.04055,0.04055,6165.22811,1
1790678700,0.04057,0.04057,0.04057,0.04057,0.04057,5737.49074,2
1790679000,0.04053,0.04053,0.04053,0.04053,0.04053,1452.16525,1
1790679300,0.04053,0.04053,0.04053,0.04053,0.00000,0.0,0
1790679600,0.04045,0.04045,0.04045,0.04045,0.04045,6180.46971,1
1790679900,0.04047,0.04048,0.04047,0.04048,0.04047,2417.32513,2
1790680200,0.04046,0.04046,0.04046,0.04046,0.04046,2000.0,1
1790680500,0.04049,0.04051,0.04049,0.04051,0.04049,3000.0,2
1790680800,0.04051,0.04051,0.04051,0.04051,0.00000,0.0,0
1790681100,0.04043,0.04045,0.04043,0.04045,0.04044,4898.68266,2
1790681400,0.04045,0.04045,0.04045,0.04045,0.00000,0.0,0
1790681700,0.04068,0.04075,0.04068,0.04075,0.04073,22498.24684,4
1790682000,0.04075,0.04075,0.04075,0.04075,0.00000,0.0,0
1790682300,0.04103,0.04115,0.04103,0.04112,0.04108,186581.66891,19
1790682600,0.04101,0.04101,0.0381,0.04078,0.04022,1287384.05212,59
1790682900,0.04081,0.04085,0.04079,0.04085,0.04081,98967.68399,9
1790683200,0.04071,0.04076,0.04071,0.04076,0.04075,90356.99128,10
1790683500,0.04076,0.04076,0.04076,0.04076,0.00000,0.0,0
1790683800,0.04076,0.04076,0.04076,0.04076,0.00000,0.0,0
1790684100,0.04076,0.04076,0.04076,0.04076,0.00000,0.0,0
1790684400,0.0406,0.04062,0.04053,0.04053,0.04057,41999.96995,8
1790684700,0.04053,0.04053,0.04053,0.04053,0.00000,0.0,0
1790685000,0.04041,0.04041,0.04037,0.04037,0.04038,8610.66965,2
1790685300,0.04033,0.04033,0.04033,0.04033,0.04033,31443.54392,4
1790685600,0.04033,0.04033,0.04033,0.04033,0.00000,0.0,0
1790685900,0.04033,0.04033,0.04033,0.04033,0.00000,0.0,0
1790686200,0.04033,0.04033,0.04033,0.04033,0.00000,0.0,0
1790686500,0.04033,0.04033,0.04033,0.04033,0.00000,0.0,0
1790686800,0.04033,0.04033,0.04033,0.04033,0.00000,0.0,0
1790687100,0.04031,0.04046,0.04031,0.04046,0.04039,7899.5657,4
1790687400,0.04046,0.04046,0.04046,0.04046,0.04046,15458.9216,2
1790687700,0.04046,0.04046,0.04046,0.04046,0.00000,0.0,0
1790688000,0.04046,0.04046,0.04046,0.04046,0.00000,0.0,0
1790688300,0.0404,0.0404,0.04032,0.04038,0.04034,4957.2811,3
1790688600,0.04019,0.04019,0.04019,0.04019,0.04019,20000.0,5
1790688900,0.04019,0.04019,0.04019,0.04019,0.00000,0.0,0
1790689200,0.04019,0.04019,0.04019,0.04019,0.00000,0.0,0
1790689500,0.04019,0.04019,0.04019,0.04019,0.00000,0.0,0
1790689800,0.04,0.04,0.04,0.04,0.04000,1250.0,1
1790690100,0.04028,0.04028,0.04028,0.04028,0.04028,645.48163,1
1790690400,0.04028,0.04028,0.04028,0.04028,0.00000,0.0,0
1790690700,0.04003,0.04003,0.03993,0.03993,0.03995,6989.43405,3
1790691000,0.03994,0.03994,0.03994,0.03994,0.03994,33300.0,6
1790691300,0.04009,0.04009,0.04009,0.04009,0.04009,6103.1534,1
1790691600,0.04003,0.04012,0.04003,0.04012,0.04008,2521.7317,2
1790691900,0.04021,0.04021,0.04021,0.04021,0.04021,200.0,1
1790692200,0.04026,0.04026,0.0402,0.0402,0.04025,12226.89055,4
1790692500,0.0402,0.0402,0.0402,0.0402,0.00000,0.0,0
1790692800,0.04029,0.04029,0.04026,0.04026,0.04028,43282.29692,11
1790693100,0.04028,0.04028,0.04028,0.04028,0.04028,760.18312,1
1790693400,0.04034,0.04034,0.04034,0.04034,0.04034,3722.77227,1
1790693700,0.04034,0.04034,0.04034,0.04034,0.00000,0.0,0
1790694000,0.04,0.04013,0.04,0.04008,0.04005,325489.80175,33
1790694300,0.04008,0.04008,0.04008,0.04008,0.00000,0.0,0
1790694600,0.04008,0.04008,0.04008,0.04008,0.00000,0.0,0
1790694900,0.03981,0.03981,0.03981,0.03981,0.03981,1627.09305,1
1790695200,0.03952,0.03952,0.03952,0.03952,0.03952,200.0,1
1790695500,0.0394,0.03963,0.03934,0.03946,0.03949,62695.96788,11
1790695800,0.0396,0.0397,0.0396,0.0397,0.03964,8807.68389,5
1790696100,0.03967,0.03967,0.0396,0.0396,0.03962,3762.45949,2
1790696400,0.0396,0.0396,0.0396,0.0396,0.00000,0.0,0
1790696700,0.0396,0.0396,0.0396,0.0396,0.00000,0.0,0
1790697000,0.03956,0.03956,0.03956,0.03956,0.03956,223.26895,1
1790697300,0.03956,0.03956,0.03956,0.03956,0.00000,0.0,0
1790697600,0.03956,0.03956,0.03956,0.03956,0.00000,0.0,0
1790697900,0.03954,0.03954,0.03954,0.03954,0.03954,7176.211,2
1790698200,0.03946,0.03953,0.03946,0.03947,0.03949,47498.1291,7
1790698500,0.03947,0.03947,0.03947,0.03947,0.03947,671.396,1
1790698800,0.03948,0.03948,0.03948,0.03948,0.03948,3592.0022,2
1790699100,0.03948,0.03948,0.03948,0.03948,0.00000,0.0,0
1790699400,0.03948,0.03948,0.03948,0.03948,0.00000,0.0,0
1790699700,0.03945,0.03945,0.03938,0.03938,0.03944,54680.96385,7
1790700000,0.0392,0.0392,0.03919,0.03919,0.03919,505.73248,2
1790700300,0.03919,0.03919,0.03919,0.03919,0.00000,0.0,0
1790700600,0.03915,0.03915,0.03915,0.03915,0.03915,200.0,1
1790700900,0.0391,0.03912,0.03906,0.03906,0.03909,13281.42373,4
1790701200,0.03905,0.0392,0.03905,0.0392,0.03918,233811.85352,19
1790701500,0.03926,0.03926,0.03909,0.03909,0.03910,5574.37596,2
1790701800,0.03912,0.03913,0.03911,0.03911,0.03911,3414.29734,3
1790702100,0.03907,0.03907,0.03907,0.03907,0.03907,2074.43762,1
1790702400,0.03907,0.03907,0.03907,0.03907,0.00000,0.0,0
1790702700,0.03907,0.03907,0.03907,0.03907,0.00000,0.0,0
1790703000,0.03917,0.03917,0.03913,0.03913,0.03914,1809.33356,2
1790703300,0.03912,0.03912,0.03889,0.03891,0.03894,18707.36416,5
1790703600,0.03895,0.03906,0.03895,0.03906,0.03904,4955.45931,3
1790703900,0.03902,0.03906,0.03902,0.03903,0.03903,21388.55692,6
1790704200,0.03888,0.03891,0.03888,0.03891,0.03889,18483.11977,2
1790704500,0.03891,0.03891,0.03891,0.03891,0.00000,0.0,0
1790704800,0.0391,0.03922,0.0391,0.03913,0.03915,1896.5483,3
1790705100,0.03911,0.03921,0.03911,0.03921,0.03915,35425.01143,11
1790705400,0.03927,0.03929,0.03924,0.03926,0.03926,53264.53715,8
1790705700,0.03928,0.03932,0.03928,0.03928,0.03930,7047.46935,4
1790706000,0.03918,0.0392,0.03918,0.0392,0.03918,1518.0334,2
1790706300,0.03909,0.03909,0.03909,0.03909,0.03909,6395.10266,1
1790706600,0.03907,0.03907,0.03907,0.03907,0.03907,2416.43204,1
1790706900,0.03911,0.03921,0.03911,0.03915,0.03915,73073.12536,17
1790707200,0.03923,0.03934,0.03923,0.03927,0.03928,18804.60489,10
1790707500,0.03919,0.03919,0.03919,0.03919,0.03919,6378.92516,1
1790707800,0.03917,0.03918,0.03917,0.03918,0.03917,2003.23704,4
1790708100,0.03918,0.03918,0.03918,0.03918,0.00000,0.0,0
1790708400,0.03925,0.0393,0.03925,0.0393,0.03927,14505.6878,4
1790708700,0.03932,0.03932,0.03932,0.03932,0.03932,8139.08748,2
1790709000,0.03927,0.03928,0.03927,0.03927,0.03927,3371.7694,4
1790709300,0.03915,0.03915,0.03915,0.03915,0.03915,6385.66788,1
1790709600,0.03912,0.03912,0.03912,0.03912,0.03912,7725.30762,2
1790709900,0.03902,0.03902,0.03902,0.03902,0.03902,6406.6883,1
1790710200,0.039,0.03906,0.03899,0.03899,0.03901,19161.83025,4
1790710500,0.03897,0.03897,0.0389,0.0389,0.03890,7444.53688,2
1790710800,0.03895,0.03897,0.03895,0.03897,0.03895,1765.3785,2
1790711100,0.03897,0.03897,0.03897,0.03897,0.00000,0.0,0
1790711400,0.03897,0.03897,0.03897,0.03897,0.00000,0.0,0
1790711700,0.03869,0.03872,0.03869,0.03872,0.03869,13574.43061,3
1790712000,0.03866,0.03866,0.03858,0.0386,0.03859,16974.76537,4
1790712300,0.0385,0.03866,0.03849,0.03866,0.03855,44180.8769,7
1790712600,0.03853,0.03853,0.03853,0.03853,0.03853,238.15222,1
1790712900,0.03855,0.03855,0.03853,0.03853,0.03853,6799.64874,2
1790713200,0.03855,0.03855,0.03851,0.03851,0.03851,67994.85335,7
1790713500,0.03853,0.03861,0.03853,0.03858,0.03858,25726.6736,3
1790713800,0.03859,0.03868,0.03859,0.03868,0.03862,5454.356,5
1790714100,0.03868,0.03868,0.03868,0.03868,0.00000,0.0,0
1790714400,0.03868,0.03868,0.03868,0.03868,0.00000,0.0,0
1790714700,0.03868,0.03868,0.03868,0.03868,0.00000,0.0,0
1790715000,0.03868,0.03868,0.03868,0.03868,0.00000,0.0,0
1790715300,0.03846,0.03846,0.03846,0.03846,0.03846,218.85335,1
1790715600,0.03822,0.03825,0.0382,0.03825,0.03821,9615.08949,5
1790715900,0.03825,0.03825,0.03825,0.03825,0.00000,0.0,0
1790716200,0.03837,0.03838,0.03837,0.03838,0.03837,3096.98552,3
1790716500,0.03838,0.03838,0.03838,0.03838,0.00000,0.0,0
1790716800,0.03838,0.03838,0.03838,0.03838,0.00000,0.0,0
1790717100,0.0381,0.0381,0.0381,0.0381,0.03810,99132.9921,7
1790717400,0.03803,0.03803,0.03803,0.03803,0.03803,467.85531,2
1790717700,0.03803,0.03803,0.03803,0.03803,0.00000,0.0,0
1790718000,0.03803,0.03803,0.038,0.038,0.03800,66284.34029,13
1790718300,0.038,0.038,0.038,0.038,0.00000,0.0,0
1790718600,0.03803,0.03803,0.038,0.038,0.03801,104257.76172,6
1790718900,0.03789,0.03789,0.03789,0.03789,0.03789,104079.74854,1
1790719200,0.03789,0.03789,0.03789,0.03789,0.00000,0.0,0
1790719500,0.03789,0.03789,0.03789,0.03789,0.00000,0.0,0
1790719800,0.03818,0.03818,0.03817,0.03817,0.03817,1489.28935,2
1790720100,0.03817,0.03817,0.03817,0.03817,0.00000,0.0,0
1790720400,0.03809,0.03809,0.03809,0.03809,0.03809,261.0351,1
1790720700,0.03809,0.03811,0.03809,0.03811,0.03809,13292.80196,3
1790721000,0.03789,0.03793,0.03789,0.03793,0.03789,132254.65664,10
1790721300,0.03793,0.03793,0.03793,0.03793,0.00000,0.0,0
1790721600,0.03802,0.03802,0.03802,0.03802,0.03802,6575.34159,1
1790721900,0.03803,0.03803,0.03803,0.03803,0.03803,261.0351,1
1790722200,0.03803,0.03803,0.03803,0.03803,0.00000,0.0,0
1790722500,0.03803,0.03803,0.03803,0.03803,0.00000,0.0,0
1790722800,0.03789,0.03789,0.03789,0.03789,0.03789,261.0351,1
1790723100,0.03792,0.03809,0.03792,0.03809,0.03806,1807.9101,2
1790723400,0.03809,0.03809,0.03809,0.03809,0.00000,0.0,0
1790723700,0.03781,0.03782,0.03775,0.03775,0.03778,16854.96644,10
1790724000,0.03773,0.03773,0.03773,0.03773,0.03773,1740.5796,1
1790724300,0.03776,0.03778,0.03762,0.03762,0.03768,59577.8023,14
1790724600,0.03768,0.03771,0.03763,0.03763,0.03770,41182.24355,10
1790724900,0.03763,0.03763,0.03763,0.03763,0.00000,0.0,0
1790725200,0.03762,0.03763,0.03762,0.03763,0.03762,1643.87807,3
1790725500,0.03769,0.03778,0.03769,0.03777,0.03773,73702.17863,13
1790725800,0.03777,0.03777,0.03777,0.03777,0.00000,0.0,0
1790726100,0.03777,0.03777,0.03777,0.03777,0.00000,0.0,0
1790726400,0.03777,0.03777,0.03777,0.03777,0.00000,0.0,0
1790726700,0.03789,0.03789,0.03789,0.03789,0.03789,1873.05357,1
1790727000,0.03784,0.03784,0.03784,0.03784,0.03784,2000.0,1
1790727300,0.03784,0.03784,0.03784,0.03784,0.00000,0.0,0
1790727600,0.03788,0.03789,0.03788,0.03788,0.03788,21778.59404,5
1790727900,0.038,0.03806,0.038,0.03805,0.03800,7093.96674,4
1790728200,0.0381,0.03814,0.0381,0.03814,0.03813,21138.38739,5
1790728500,0.03814,0.03814,0.03814,0.03814,0.00000,0.0,0
1790728800,0.03814,0.03814,0.03814,0.03814,0.00000,0.0,0
1790729100,0.03814,0.03814,0.03814,0.03814,0.00000,0.0,0
1790729400,0.03806,0.03806,0.03805,0.03805,0.03805,394.21813,2
1790729700,0.03807,0.03807,0.03807,0.03807,0.03807,1500.84833,1
1790730000,0.03807,0.03807,0.03807,0.03807,0.00000,0.0,0
1790730300,0.03833,0.03838,0.03833,0.03838,0.03835,8296.82903,7
1790730600,0.03838,0.03838,0.03838,0.03838,0.00000,0.0,0
1790730900,0.03856,0.03856,0.03856,0.03856,0.03856,261.03501,1
1790731200,0.03856,0.03856,0.03856,0.03856,0.00000,0.0,0
1790731500,0.03856,0.03856,0.03856,0.03856,0.00000,0.0,0
1790731800,0.03856,0.03856,0.03856,0.03856,0.00000,0.0,0
1790732100,0.03856,0.03856,0.03856,0.03856,0.00000,0.0,0
1790732400,0.03855,0.03855,0.03855,0.03855,0.03855,260.91724,1
1790732700,0.03855,0.03855,0.03855,0.03855,0.03855,260.91724,1
1790733000,0.03855,0.03855,0.03855,0.03855,0.00000,0.0,0
1790733300,0.03855,0.03855,0.03855,0.03855,0.00000,0.0,0
1790733600,0.03845,0.03846,0.03845,0.03846,0.03845,4237.04898,2
1790733900,0.03846,0.03846,0.03846,0.03846,0.00000,0.0,0
1790734200,0.03846,0.03846,0.03846,0.03846,0.00000,0.0,0
1790734500,0.03846,0.03846,0.03846,0.03846,0.00000,0.0,0
1790734800,0.03846,0.03846,0.03846,0.03846,0.00000,0.0,0
1790735100,0.03846,0.03846,0.03846,0.03846,0.00000,0.0,0
1790735400,0.03846,0.03846,0.03846,0.03846,0.00000,0.0,0
1790735700,0.03846,0.03846,0.03846,0.03846,0.00000,0.0,0
1790736000,0.03846,0.03846,0.03846,0.03846,0.00000,0.0,0
1790736300,0.03838,0.03838,0.03837,0.03837,0.03837,5712.76009,2
1790736600,0.03837,0.03837,0.03837,0.03837,0.00000,0.0,0
1790736900,0.03837,0.03837,0.03837,0.03837,0.00000,0.0,0
1790737200,0.03821,0.03823,0.03821,0.03823,0.03822,26159.78465,6
1790737500,0.03823,0.03823,0.03823,0.03823,0.00000,0.0,0
1790737800,0.03828,0.03828,0.03828,0.03828,0.03828,52246.60397,11
1790738100,0.03828,0.03828,0.03828,0.03828,0.00000,0.0,0
1790738400,0.03816,0.03816,0.03815,0.03815,0.03815,4328.34379,2
1790738700,0.03815,0.03815,0.03815,0.03815,0.00000,0.0,0
1790739000,0.03815,0.03815,0.03815,0.03815,0.00000,0.0,0
1790739300,0.03816,0.03816,0.03816,0.03816,0.03816,348.04673,1
1790739600,0.03833,0.03836,0.03833,0.03836,0.03834,26079.4745,5
1790739900,0.03834,0.03834,0.03834,0.03834,0.03834,348.04675,1
1790740200,0.03834,0.03834,0.03834,0.03834,0.00000,0.0,0
1790740500,0.03834,0.03834,0.03834,0.03834,0.03834,6517.58276,1
1790740800,0.03835,0.03835,0.03834,0.03834,0.03834,1402.47668,3
1790741100,0.03834,0.03834,0.03834,0.03834,0.00000,0.0,0
1790741400,0.03862,0.03868,0.03862,0.03868,0.03865,85362.3273,13
1790741700,0.03867,0.03867,0.03867,0.03867,0.03867,236.6552,1
1790742000,0.03873,0.03874,0.03873,0.03873,0.03873,5918.84754,4
1790742300,0.03873,0.03873,0.03873,0.03873,0.00000,0.0,0
1790742600,0.03873,0.03873,0.03873,0.03873,0.00000,0.0,0
1790742900,0.03884,0.03885,0.03875,0.03876,0.03883,4332.98606,5
1790743200,0.03876,0.03876,0.03876,0.03876,0.00000,0.0,0
1790743500,0.03878,0.03883,0.03878,0.03883,0.03880,10822.88164,2
1790743800,0.0389,0.03891,0.03889,0.03889,0.03889,766.49971,3
1790744100,0.03889,0.03889,0.03889,0.03889,0.00000,0.0,0
1790744400,0.03885,0.03886,0.03885,0.03886,0.03885,4431.9,3
1790744700,0.03895,0.03905,0.03885,0.03885,0.03896,91130.49777,20
1790745000,0.03885,0.03885,0.03885,0.03885,0.00000,0.0,0
1790745300,0.03885,0.03885,0.03885,0.03885,0.00000,0.0,0
1790745600,0.03866,0.03866,0.03866,0.03866,0.03866,4593.68271,3
1790745900,0.03866,0.03866,0.03866,0.03866,0.00000,0.0,0
1790746200,0.03866,0.03866,0.03866,0.03866,0.00000,0.0,0
1790746500,0.03866,0.03866,0.03866,0.03866,0.00000,0.0,0
1790746800,0.03884,0.03884,0.03884,0.03884,0.03884,6436.3509,1
1790747100,0.03884,0.03884,0.03884,0.03884,0.00000,0.0,0
1790747400,0.03884,0.03884,0.03884,0.03884,0.00000,0.0,0
1790747700,0.03884,0.03884,0.03884,0.03884,0.00000,0.0,0
1790748000,0.03875,0.03875,0.03875,0.03875,0.03875,348.04667,1
1790748300,0.03875,0.03875,0.03875,0.03875,0.00000,0.0,0
1790748600,0.03875,0.03875,0.03875,0.03875,0.00000,0.0,0
1790748900,0.03849,0.03849,0.03848,0.03848,0.03848,1585.56,3
1790749200,0.03847,0.03877,0.03847,0.03848,0.03863,274020.16463,36
1790749500,0.03845,0.03845,0.03843,0.03843,0.03843,3039.48887,3
1790749800,0.03843,0.03843,0.03843,0.03843,0.00000,0.0,0
1790750100,0.03848,0.03848,0.03848,0.03848,0.03848,348.04675,1
1790750400,0.03857,0.03857,0.03853,0.03853,0.03853,17508.79241,4
1790750700,0.03853,0.03853,0.03853,0.03853,0.00000,0.0,0
1790751000,0.03853,0.03853,0.03853,0.03853,0.00000,0.0,0
1790751300,0.03865,0.03865,0.03849,0.03849,0.03860,1392.1872,4
1790751600,0.03863,0.03863,0.03863,0.03863,0.03863,6382.84839,3
1790751900,0.03863,0.03863,0.03863,0.03863,0.00000,0.0,0
1790752200,0.03863,0.03863,0.03863,0.03863,0.00000,0.0,0
1790752500,0.03856,0.03857,0.03853,0.03853,0.03853,14771.79085,11
1790752800,0.03853,0.03853,0.03853,0.03853,0.00000,0.0,0
1790753100,0.03853,0.03853,0.03853,0.03853,0.00000,0.0,0
1790753400,0.03853,0.03853,0.03853,0.03853,0.00000,0.0,0
1790753700,0.03875,0.03879,0.03875,0.03879,0.03878,1947.1368,4
1790754000,0.03877,0.03881,0.03877,0.03881,0.03878,7683.17405,5
1790754300,0.0388,0.03883,0.0388,0.0388,0.03880,8671.42494,6
1790754600,0.03888,0.03888,0.03888,0.03888,0.03888,348.0468,1
1790754900,0.03888,0.03888,0.03888,0.03888,0.00000,0.0,0
1790755200,0.03888,0.03888,0.03888,0.03888,0.00000,0.0,0
1790755500,0.0385,0.0385,0.0385,0.0385,0.03850,7605.19485,2
1790755800,0.03838,0.03838,0.03838,0.03838,0.03838,996.871,1
1790756100,0.03846,0.03847,0.03844,0.03847,0.03844,19564.2102,7
1790756400,0.03847,0.03847,0.03847,0.03847,0.00000,0.0,0
1790756700,0.03847,0.03847,0.03847,0.03847,0.00000,0.0,0
1790757000,0.03847,0.03847,0.03847,0.03847,0.00000,0.0,0
1790757300,0.03833,0.03833,0.03833,0.03833,0.03833,348.04669,1
1790757600,0.03839,0.03839,0.0382,0.0382,0.03829,4085.43307,9
1790757900,0.03827,0.0383,0.03827,0.0383,0.03829,5222.77831,4
1790758200,0.0383,0.0383,0.0383,0.0383,0.00000,0.0,0
1790758500,0.0383,0.0383,0.0383,0.0383,0.00000,0.0,0
1790758800,0.0383,0.0383,0.0383,0.0383,0.00000,0.0,0
1790759100,0.03839,0.03839,0.03839,0.03839,0.03839,348.0468,1
1790759400,0.03839,0.03839,0.03839,0.03839,0.00000,0.0,0
1790759700,0.03829,0.03829,0.03829,0.03829,0.03829,348.0468,1
1790760000,0.03832,0.03832,0.03832,0.03832,0.03832,348.0468,1
1790760300,0.03838,0.03838,0.0383,0.0383,0.03831,2201.04941,2
1790760600,0.03833,0.03843,0.03833,0.03843,0.03841,8499.14837,6
1790760900,0.03843,0.03844,0.03836,0.03836,0.03838,4576.24145,8
1790761200,0.03834,0.03834,0.03834,0.03834,0.03834,1304.12102,1
1790761500,0.03842,0.03843,0.03842,0.03842,0.03842,6805.42489,3
1790761800,0.03842,0.03842,0.03842,0.03842,0.03842,696.09356,2
1790762100,0.03842,0.03842,0.03842,0.03842,0.00000,0.0,0
1790762400,0.0382,0.0382,0.0382,0.0382,0.03820,13089.00515,2
1790762700,0.03828,0.03828,0.03828,0.03828,0.03828,1526.5031,1
1790554800,0.04177,0.04177,0.04177,0.04177,0.00000,0.0,0
1790555100,0.04177,0.04177,0.04177,0.04177,0.00000,0.0,0
1790555400,0.0424,0.04244,0.04234,0.04234,0.04235,13733.25526,5
1790555700,0.04176,0.04176,0.04172,0.04172,0.04173,4787.16008,2
1790556000,0.04161,0.04173,0.04161,0.04173,0.04168,7171.68807,4
1790556300,0.04172,0.04172,0.04171,0.04171,0.04171,244.13846,2
1790556600,0.04181,0.04181,0.04178,0.04178,0.04179,3952.08125,4
1790556900,0.04176,0.04183,0.04176,0.04177,0.04177,6457.43801,4
1790557200,0.04153,0.04153,0.04153,0.04153,0.04153,232.7738,1
1790557500,0.04182,0.04182,0.04182,0.04182,0.04182,42481.04756,4
1790557800,0.04161,0.04161,0.04161,0.04161,0.04161,232.46247,1
1790558100,0.04161,0.04161,0.04161,0.04161,0.00000,0.0,0
1790558400,0.04161,0.04161,0.04161,0.04161,0.00000,0.0,0
1790558700,0.04166,0.04166,0.04166,0.04166,0.04166,232.5585,1
1790559000,0.04159,0.04159,0.04147,0.04151,0.04152,38771.82782,7
1790559300,0.04151,0.04151,0.04151,0.04151,0.00000,0.0,0
1790559600,0.04151,0.04151,0.04151,0.04151,0.00000,0.0,0
1790559900,0.04115,0.04115,0.04115,0.04115,0.04115,237.3046,1
1790560200,0.04115,0.04115,0.04115,0.04115,0.00000,0.0,0
1790560500,0.0412,0.0412,0.0412,0.0412,0.04120,20740.74074,2
1790560800,0.04106,0.04106,0.04102,0.04102,0.04105,6300.44913,2
1790561100,0.04102,0.04102,0.04102,0.04102,0.00000,0.0,0
1790561400,0.04102,0.04102,0.04102,0.04102,0.00000,0.0,0
1790561700,0.04107,0.04107,0.04106,0.04106,0.04106,474.6092,2
1790562000,0.04107,0.04108,0.04107,0.04107,0.04107,16630.25746,4
1790562300,0.04122,0.04122,0.04121,0.04121,0.04121,18197.9944,3
1790562600,0.04117,0.04117,0.04107,0.04108,0.04109,7323.57164,4
1790562900,0.04106,0.04106,0.04106,0.04106,0.04106,237.3046,1
1790563200,0.04106,0.04106,0.04106,0.04106,0.00000,0.0,0
1790563500,0.04106,0.04106,0.04106,0.04106,0.00000,0.0,0
1790563800,0.04106,0.04106,0.04106,0.04106,0.00000,0.0,0
1790564100,0.04088,0.04088,0.04085,0.04085,0.04087,6586.26798,2
1790564400,0.04085,0.04085,0.04085,0.04085,0.00000,0.0,0
1790564700,0.04085,0.04085,0.04085,0.04085,0.00000,0.0,0
1790565000,0.04078,0.04079,0.04063,0.04063,0.04073,9895.4459,11
1790565300,0.04093,0.04093,0.04093,0.04093,0.04093,236.22177,1
1790565600,0.04092,0.04092,0.04078,0.04078,0.04085,474.6092,2
1790565900,0.04052,0.04052,0.04023,0.04023,0.04034,41751.39801,22
1790566200,0.0404,0.0404,0.0404,0.0404,0.04040,292.53528,1
1790566500,0.0404,0.0404,0.0404,0.0404,0.00000,0.0,0
1790566800,0.04058,0.04058,0.04058,0.04058,0.04058,1099.77587,1
1790567100,0.04058,0.04058,0.04058,0.04058,0.00000,0.0,0
1790567400,0.04058,0.04058,0.04058,0.04058,0.00000,0.0,0
1790567700,0.04058,0.04058,0.04058,0.04058,0.00000,0.0,0
1790568000,0.0406,0.04062,0.0406,0.04062,0.04060,1181.2423,2
1790568300,0.04057,0.04058,0.04057,0.04058,0.04057,363.8,2
1790568600,0.04058,0.04058,0.04058,0.04058,0.00000,0.0,0
1790568900,0.041,0.04158,0.041,0.04158,0.04139,86517.97248,14
1790569200,0.04165,0.04165,0.04161,0.04161,0.04162,9170.45201,2
1790569500,0.04161,0.04161,0.04161,0.04161,0.00000,0.0,0
1790569800,0.04161,0.04161,0.04161,0.04161,0.00000,0.0,0
1790570100,0.04161,0.04161,0.04161,0.04161,0.00000,0.0,0
1790570400,0.04155,0.04155,0.04155,0.04155,0.04155,237.3046,1
1790570700,0.04155,0.04155,0.04155,0.04155,0.00000,0.0,0
1790571000,0.04155,0.04155,0.04155,0.04155,0.00000,0.0,0
1790571300,0.04175,0.04209,0.04175,0.04209,0.04187,47639.87272,17
1790571600,0.04209,0.04209,0.04209,0.04209,0.00000,0.0,0
1790571900,0.04165,0.04165,0.04165,0.04165,0.04165,19418.0,4
1790572200,0.04166,0.04173,0.04165,0.04172,0.04168,48107.43914,24
1790572500,0.04176,0.04177,0.04176,0.04177,0.04176,239.46309,2
1790572800,0.04186,0.04186,0.04186,0.04186,0.04186,2004.00805,1
1790573100,0.04186,0.04186,0.04186,0.04186,0.00000,0.0,0
1790573400,0.04153,0.04153,0.04139,0.04139,0.04149,6398.932,3
1790573700,0.04143,0.04143,0.04141,0.04142,0.04142,11460.85127,7
1790574000,0.04157,0.04159,0.04157,0.04157,0.04157,18279.1617,4
1790574300,0.04188,0.04188,0.04175,0.04175,0.04179,19056.14307,5
1790574600,0.04188,0.04188,0.04188,0.04188,0.04188,1600.0,2
1790574900,0.04188,0.04188,0.04188,0.04188,0.04188,1600.0,2
1790575200,0.04188,0.04188,0.04188,0.04188,0.00000,0.0,0
1790575500,0.04215,0.04255,0.04215,0.04255,0.04238,19572.23115,14
1790575800,0.04248,0.04248,0.04243,0.04245,0.04244,27234.24185,11
1790576100,0.04245,0.04245,0.04245,0.04245,0.00000,0.0,0
1790576400,0.04222,0.04222,0.04205,0.04205,0.04207,16714.88296,5
1790576700,0.04205,0.04205,0.04205,0.04205,0.00000,0.0,0
1790577000,0.04205,0.04205,0.04205,0.04205,0.00000,0.0,0
1790577300,0.04195,0.04195,0.0417,0.0417,0.04191,40177.57301,10
1790577600,0.0417,0.0417,0.0417,0.0417,0.00000,0.0,0
1790577900,0.0417,0.0417,0.0417,0.0417,0.00000,0.0,0
1790578200,0.04167,0.0417,0.04163,0.04163,0.04165,40168.84012,20
1790578500,0.04161,0.04161,0.0416,0.0416,0.04160,3000.0,3
1790578800,0.04173,0.04198,0.04173,0.04198,0.04177,9137.61716,4
1790579100,0.04191,0.04192,0.04191,0.04192,0.04191,1134.92769,2
1790579400,0.04192,0.04192,0.04192,0.04192,0.00000,0.0,0
1790579700,0.04151,0.0419,0.04147,0.0419,0.04171,40852.24971,15
1790580000,0.04188,0.04197,0.04187,0.04187,0.04188,20139.0252,5
1790580300,0.04174,0.04198,0.04174,0.04187,0.04190,15497.53102,8
1790580600,0.04187,0.04187,0.04187,0.04187,0.00000,0.0,0
1790580900,0.04168,0.04168,0.04142,0.04144,0.04148,14607.341,12
1790581200,0.04132,0.04132,0.04127,0.04127,0.04129,22894.7975,6
1790581500,0.04141,0.04141,0.04095,0.04095,0.04133,29466.96765,14
1790581800,0.04095,0.04095,0.04095,0.04095,0.00000,0.0,0
1790582100,0.04104,0.04105,0.04104,0.04105,0.04104,248.0,2
1790582400,0.04101,0.04118,0.041,0.04108,0.04112,9620.71901,4
1790582700,0.04109,0.04111,0.04109,0.04111,0.04110,7468.26776,5
1790583000,0.04133,0.04133,0.04132,0.04132,0.04132,2300.5702,4
1790583300,0.04143,0.04143,0.04141,0.04141,0.04142,5711.9138,4
1790583600,0.04131,0.04133,0.0412,0.0412,0.04131,48644.54585,12
1790583900,0.04124,0.04124,0.04122,0.04122,0.04123,6535.56062,3
1790584200,0.04118,0.04118,0.04116,0.04116,0.04117,10000.0,3
1790584500,0.04117,0.04117,0.04117,0.04117,0.04117,1067.327,1
1790584800,0.04102,0.04102,0.04098,0.04098,0.04099,22919.59197,7
1790585100,0.04106,0.04107,0.04106,0.04107,0.04106,242.57049,2
1790585400,0.04107,0.04107,0.04107,0.04107,0.00000,0.0,0
1790585700,0.04107,0.04107,0.04107,0.04107,0.00000,0.0,0
1790586000,0.04107,0.04107,0.04107,0.04107,0.00000,0.0,0
1790586300,0.04104,0.04104,0.04094,0.04094,0.04096,8297.62715,6
1790586600,0.04094,0.04094,0.04094,0.04094,0.00000,0.0,0
1790586900,0.04131,0.04131,0.04131,0.04131,0.04131,237.3046,1
1790587200,0.04153,0.04163,0.04153,0.04163,0.04154,6827.72711,4
1790587500,0.04136,0.04136,0.04136,0.04136,0.04136,6044.2218,1
1790587800,0.04126,0.04126,0.04126,0.04126,0.04126,1417.878,2
1790588100,0.04126,0.04126,0.04126,0.04126,0.00000,0.0,0
1790588400,0.04126,0.04126,0.04126,0.04126,0.00000,0.0,0
1790588700,0.04126,0.04126,0.04126,0.04126,0.00000,0.0,0
1790589000,0.04126,0.04126,0.04126,0.04126,0.00000,0.0,0
1790589300,0.04105,0.04107,0.04103,0.04103,0.04105,18161.60994,5
1790589600,0.04105,0.04105,0.04105,0.04105,0.04105,584.65279,2
1790589900,0.04105,0.04105,0.04105,0.04105,0.00000,0.0,0
1790590200,0.04112,0.04113,0.04112,0.04113,0.04112,6078.28835,3
1790590500,0.0412,0.0412,0.04117,0.04117,0.04117,24100.0,5
1790590800,0.04117,0.04117,0.04117,0.04117,0.00000,0.0,0
1790591100,0.04134,0.04137,0.0413,0.04137,0.04133,2720.74238,5
1790591400,0.04135,0.0417,0.04135,0.0417,0.04153,26202.67461,11
1790591700,0.04178,0.04178,0.04178,0.04178,0.04178,1196.74485,1
1790592000,0.04178,0.04178,0.04178,0.04178,0.00000,0.0,0
1790592300,0.04161,0.0421,0.04159,0.0421,0.04169,21171.24203,13
1790592600,0.04213,0.04227,0.04213,0.04227,0.04217,56117.07963,9
1790592900,0.04196,0.04196,0.04186,0.04189,0.04189,35378.22013,10
1790593200,0.04197,0.042,0.04197,0.042,0.04197,2387.20458,4
1790593500,0.042,0.042,0.042,0.042,0.00000,0.0,0
1790593800,0.042,0.042,0.042,0.042,0.00000,0.0,0
1790594100,0.04173,0.04187,0.04173,0.04187,0.04179,81502.82695,17
1790594400,0.04188,0.04188,0.04188,0.04188,0.04188,237.3046,1
1790594700,0.04192,0.04192,0.04192,0.04192,0.04192,711.9138,1
1790595000,0.04193,0.04219,0.04192,0.04219,0.04200,91606.42199,25
1790595300,0.04224,0.04224,0.04224,0.04224,0.04224,237.3046,1
1790595600,0.04186,0.04189,0.04184,0.04189,0.04184,7068.60286,4
1790595900,0.04189,0.04189,0.04189,0.04189,0.00000,0.0,0
1790596200,0.04189,0.04189,0.04189,0.04189,0.00000,0.0,0
1790596500,0.04173,0.04175,0.04173,0.04175,0.04174,30000.0,3
1790596800,0.04154,0.04154,0.04154,0.04154,0.04154,11487.3046,6
1790597100,0.04188,0.04188,0.04179,0.04179,0.04182,4736.57623,5
1790597400,0.04215,0.04236,0.04215,0.04236,0.04219,1199.08159,2
1790597700,0.04225,0.04251,0.04225,0.04228,0.04233,33712.49296,8
1790598000,0.04232,0.04232,0.04204,0.04204,0.04212,11818.93858,5
1790598300,0.04193,0.04199,0.04193,0.04199,0.04195,559.07234,4
1790598600,0.04189,0.0419,0.04189,0.0419,0.04189,358.05162,2
1790598900,0.042,0.042,0.04189,0.0419,0.04196,13429.23432,4
1790599200,0.04187,0.04189,0.04187,0.04189,0.04188,125356.74115,16
1790599500,0.042,0.042,0.04199,0.042,0.04199,118144.64272,17
1790599800,0.042,0.042,0.042,0.042,0.00000,0.0,0
1790600100,0.042,0.042,0.042,0.042,0.00000,0.0,0
1790600400,0.042,0.042,0.042,0.042,0.00000,0.0,0
1790600700,0.04211,0.04211,0.04211,0.04211,0.04211,714.2857,2
1790601000,0.04199,0.04214,0.04199,0.04214,0.04202,6950.96405,6
1790601300,0.04206,0.04206,0.04206,0.04206,0.04206,200.0,1
1790601600,0.04207,0.04208,0.04207,0.04208,0.04207,4589.8,3
1790601900,0.04206,0.04206,0.04206,0.04206,0.04206,472.24766,2
1790602200,0.04206,0.04206,0.04206,0.04206,0.00000,0.0,0
1790602500,0.042,0.04201,0.042,0.04201,0.04200,2209.36714,3
1790602800,0.04215,0.04215,0.04215,0.04215,0.04215,1186.25592,1
1790603100,0.04213,0.04217,0.04213,0.04217,0.04215,35579.22201,8
1790603400,0.04209,0.04209,0.04209,0.04209,0.04209,15562.26528,3
1790603700,0.04209,0.04209,0.04209,0.04209,0.00000,0.0,0
1790604000,0.04172,0.04172,0.04172,0.04172,0.04172,220.66829,1
1790604300,0.04172,0.04172,0.04172,0.04172,0.00000,0.0,0
1790604600,0.04189,0.0419,0.04186,0.04187,0.04188,10744.24529,5
1790604900,0.04187,0.04187,0.04187,0.04187,0.00000,0.0,0
1790605200,0.04161,0.04182,0.04161,0.0418,0.04163,6720.08491,4
1790605500,0.04174,0.04174,0.04107,0.04107,0.04153,42603.55914,12
1790605800,0.04123,0.04123,0.04123,0.04123,0.04123,6063.54596,1
1790606100,0.04123,0.04123,0.04123,0.04123,0.00000,0.0,0
1790606400,0.04125,0.04125,0.04059,0.04059,0.04093,167874.10639,37
1790606700,0.04058,0.04058,0.03976,0.03986,0.04007,399647.69772,51
1790607000,0.03985,0.03991,0.03971,0.03971,0.03982,24954.64486,10
1790607300,0.04025,0.04037,0.04021,0.04023,0.04024,21603.65971,7
1790607600,0.04047,0.04047,0.04046,0.04046,0.04046,32198.4857,6
1790607900,0.04042,0.04042,0.04041,0.04041,0.04041,1739.17934,3
1790608200,0.0402,0.0402,0.0402,0.0402,0.04020,21150.35865,2
1790608500,0.04,0.04015,0.03998,0.04012,0.04004,32870.72795,8
1790608800,0.04014,0.04014,0.04014,0.04014,0.04014,295.61945,1
1790609100,0.04029,0.04045,0.04028,0.04043,0.04041,9875.38474,6
1790609400,0.04051,0.04051,0.04051,0.04051,0.04051,1186.523,1
1790609700,0.04055,0.04056,0.04055,0.04056,0.04055,3300.0,3
1790610000,0.04049,0.04052,0.04049,0.04052,0.04049,28886.80934,6
1790610300,0.04052,0.04052,0.04052,0.04052,0.00000,0.0,0
1790610600,0.04052,0.04052,0.04052,0.04052,0.00000,0.0,0
1790610900,0.0407,0.04071,0.0407,0.04071,0.04070,683.39427,3
1790611200,0.04071,0.04073,0.04042,0.04042,0.04071,29704.44833,9
1790611500,0.04042,0.04042,0.04042,0.04042,0.00000,0.0,0
1790611800,0.0407,0.04071,0.0407,0.04071,0.04070,2159.93944,5
1790612100,0.04065,0.04065,0.04064,0.04064,0.04064,6388.68994,2
1790612400,0.04064,0.04064,0.04064,0.04064,0.00000,0.0,0
1790612700,0.04064,0.04064,0.04064,0.04064,0.00000,0.0,0
1790613000,0.04124,0.04128,0.04112,0.04113,0.04116,7723.89804,7
1790613300,0.04113,0.04113,0.04113,0.04113,0.00000,0.0,0
1790613600,0.04113,0.04113,0.04113,0.04113,0.00000,0.0,0
1790613900,0.04056,0.04056,0.04054,0.04054,0.04055,2376.81135,4
1790614200,0.04054,0.04054,0.04054,0.04054,0.00000,0.0,0
1790614500,0.04066,0.04075,0.04066,0.04068,0.04070,25683.23992,8
1790614800,0.04055,0.04058,0.04055,0.04058,0.04057,1992.51449,3
1790615100,0.04041,0.04041,0.04038,0.0404,0.04039,17926.45346,5
1790615400,0.04031,0.04039,0.04028,0.04039,0.04033,1898.4368,8
1790615700,0.04039,0.04039,0.04039,0.04039,0.00000,0.0,0
1790616000,0.04039,0.04039,0.04039,0.04039,0.00000,0.0,0
1790616300,0.04039,0.04039,0.04039,0.04039,0.00000,0.0,0
1790616600,0.04039,0.04039,0.04039,0.04039,0.00000,0.0,0
1790616900,0.04066,0.04066,0.0406,0.0406,0.04063,38552.10016,10
1790617200,0.0406,0.0406,0.0406,0.0406,0.00000,0.0,0
1790617500,0.04075,0.04075,0.04075,0.04075,0.04075,643.6995,1
1790617800,0.04075,0.04075,0.04075,0.04075,0.00000,0.0,0
1790618100,0.04075,0.04075,0.04075,0.04075,0.00000,0.0,0
1790618400,0.04063,0.04063,0.04063,0.04063,0.04063,237.30459,1
1790618700,0.04063,0.04063,0.04063,0.04063,0.00000,0.0,0
1790619000,0.0407,0.0407,0.0407,0.0407,0.04070,2150.68176,2
1790619300,0.04084,0.04085,0.04084,0.04085,0.04084,6357.25564,3
1790619600,0.04075,0.04076,0.04075,0.04076,0.04075,1226.75101,3
1790619900,0.04076,0.04076,0.04076,0.04076,0.00000,0.0,0
1790620200,0.04045,0.04045,0.04038,0.04038,0.04039,7662.79361,5
1790620500,0.04033,0.04035,0.04025,0.04026,0.04032,123038.74925,24
1790620800,0.04025,0.04025,0.03998,0.03998,0.04005,135002.01902,26
1790621100,0.03988,0.03988,0.03942,0.03958,0.03967,496605.79778,91
1790621400,0.03953,0.03987,0.0394,0.03987,0.03954,73210.85875,23
1790621700,0.03993,0.03996,0.0399,0.0399,0.03991,28850.72324,6
1790622000,0.0399,0.0399,0.03966,0.03966,0.03978,25810.56622,8
1790622300,0.03962,0.03966,0.03951,0.03951,0.03963,30959.11489,10
1790622600,0.03946,0.03952,0.03937,0.03952,0.03940,49915.02342,10
1790622900,0.03965,0.03966,0.03948,0.03953,0.03956,46372.38468,9
1790623200,0.03956,0.03956,0.03946,0.03946,0.03950,31611.82563,5
1790623500,0.03946,0.03953,0.03943,0.03943,0.03945,40713.45756,14
1790623800,0.03952,0.03952,0.03886,0.03886,0.03912,252057.55917,73
1790624100,0.03881,0.03901,0.03879,0.03891,0.03888,43512.8609,20
1790624400,0.03884,0.03926,0.03882,0.03926,0.03885,74412.66975,19
1790624700,0.0393,0.0393,0.03918,0.03921,0.03924,18914.66193,7
1790625000,0.03934,0.03993,0.03919,0.03975,0.03969,154134.71476,54
1790625300,0.03919,0.03925,0.03919,0.03923,0.03921,2986.5915,4
1790625600,0.03929,0.03932,0.03929,0.03932,0.03931,9122.24752,4
1790625900,0.03937,0.03948,0.03937,0.03948,0.03941,13952.33541,3
1790626200,0.0395,0.03959,0.03947,0.03959,0.03954,4164.46227,7
1790626500,0.0395,0.0395,0.0395,0.0395,0.03950,253.16456,1
1790626800,0.03958,0.03965,0.03958,0.03965,0.03964,6820.03103,2
1790627100,0.03973,0.03973,0.0396,0.03963,0.03965,994.22687,5
1790627400,0.0396,0.0396,0.03958,0.0396,0.03958,10981.73917,6
1790627700,0.03951,0.03953,0.03951,0.03953,0.03951,7364.69897,2
1790628000,0.03953,0.03953,0.03953,0.03953,0.00000,0.0,0
1790628300,0.03952,0.03953,0.03951,0.03951,0.03951,8447.68616,4
1790628600,0.03947,0.03976,0.03947,0.03976,0.03963,378439.86769,30
1790628900,0.03967,0.03967,0.0396,0.0396,0.03961,1708.14242,3
1790629200,0.03973,0.03982,0.03973,0.03982,0.03973,25977.93623,5
1790629500,0.03974,0.03974,0.03973,0.03973,0.03973,474.6092,2
1790629800,0.03973,0.03973,0.03973,0.03973,0.00000,0.0,0
1790630100,0.03962,0.03962,0.03948,0.03952,0.03951,32010.42374,14
1790630400,0.03952,0.03952,0.03952,0.03952,0.00000,0.0,0
1790630700,0.03964,0.03964,0.03964,0.03964,0.03964,1908.9748,2
1790631000,0.03963,0.03963,0.03963,0.03963,0.03963,6644.00833,1
1790631300,0.0397,0.0397,0.0397,0.0397,0.03970,202.83116,1
1790631600,0.03979,0.03979,0.03979,0.03979,0.03979,6282.98567,1
1790631900,0.03975,0.03975,0.03975,0.03975,0.03975,200.0,1
1790632200,0.03974,0.03978,0.03974,0.03978,0.03974,41264.70062,5
1790632500,0.03978,0.03978,0.03978,0.03978,0.00000,0.0,0
1790632800,0.03978,0.03978,0.03978,0.03978,0.00000,0.0,0
1790633100,0.03978,0.03978,0.03978,0.03978,0.00000,0.0,0
1790633400,0.03978,0.03978,0.03978,0.03978,0.00000,0.0,0
1790633700,0.03978,0.03978,0.03978,0.03978,0.00000,0.0,0
1790634000,0.03978,0.03978,0.03978,0.03978,0.00000,0.0,0
1790634300,0.03978,0.03978,0.03978,0.03978,0.00000,0.0,0
1790634600,0.03978,0.03978,0.03978,0.03978,0.00000,0.0,0
1790634900,0.03964,0.03964,0.03964,0.03964,0.03964,1546.875,1
1790635200,0.03964,0.03964,0.03964,0.03964,0.00000,0.0,0
1790635500,0.03964,0.03964,0.03964,0.03964,0.00000,0.0,0
1790635800,0.03965,0.03965,0.03965,0.03965,0.03965,226.98612,1
1790636100,0.03966,0.03971,0.03966,0.03969,0.03968,13653.79944,3
1790636400,0.03969,0.03969,0.03969,0.03969,0.00000,0.0,0
1790636700,0.03969,0.03969,0.03969,0.03969,0.00000,0.0,0
1790637000,0.03969,0.03969,0.03969,0.03969,0.00000,0.0,0
1790637300,0.03969,0.03969,0.03969,0.03969,0.00000,0.0,0
1790637600,0.03969,0.03969,0.03969,0.03969,0.00000,0.0,0
1790637900,0.03969,0.03969,0.03969,0.03969,0.00000,0.0,0
1790638200,0.03969,0.03969,0.03969,0.03969,0.00000,0.0,0
1790638500,0.03969,0.03969,0.03969,0.03969,0.00000,0.0,0
1790638800,0.03969,0.03969,0.03969,0.03969,0.00000,0.0,0
1790639100,0.03987,0.03987,0.03987,0.03987,0.03987,592.3075,1
1790639400,0.03987,0.03987,0.03987,0.03987,0.00000,0.0,0
1790639700,0.04,0.04,0.04,0.04,0.04000,4406.2962,3
1790640000,0.04,0.04,0.04,0.04,0.00000,0.0,0
1790640300,0.04,0.04,0.04,0.04,0.00000,0.0,0
1790640600,0.04,0.04,0.04,0.04,0.00000,0.0,0
1790640900,0.04,0.04,0.04,0.04,0.00000,0.0,0
1790641200,0.04,0.04,0.04,0.04,0.00000,0.0,0
1790641500,0.04,0.04,0.04,0.04,0.00000,0.0,0
1790641800,0.04007,0.04007,0.04007,0.04007,0.04007,6421.8288,2
1790642100,0.04012,0.0402,0.04012,0.04018,0.04016,50223.34577,9
1790642400,0.04018,0.04018,0.04018,0.04018,0.00000,0.0,0
1790642700,0.04018,0.04018,0.04018,0.04018,0.00000,0.0,0
1790643000,0.03989,0.03989,0.03989,0.03989,0.03989,200.0,1
1790643300,0.03989,0.03989,0.03989,0.03989,0.00000,0.0,0
1790643600,0.03981,0.03981,0.03981,0.03981,0.03981,3105.7098,1
1790643900,0.03981,0.03981,0.03981,0.03981,0.00000,0.0,0
1790644200,0.03981,0.03981,0.03981,0.03981,0.00000,0.0,0
1790644500,0.03937,0.03937,0.03937,0.03937,0.03937,12758.46779,1
1790644800,0.03937,0.03937,0.03937,0.03937,0.00000,0.0,0
1790645100,0.03913,0.03916,0.03913,0.03916,0.03915,19063.74797,3
1790645400,0.03916,0.03916,0.03916,0.03916,0.00000,0.0,0
1790645700,0.03916,0.03916,0.03916,0.03916,0.00000,0.0,0
1790646000,0.03916,0.03916,0.03916,0.03916,0.00000,0.0,0
1790646300,0.03903,0.03903,0.03903,0.03903,0.03903,1828.8597,1
1790646600,0.03903,0.03903,0.03903,0.03903,0.00000,0.0,0
1790646900,0.03911,0.03911,0.03911,0.03911,0.03911,27302.83,3
1790647200,0.03911,0.03911,0.03911,0.03911,0.00000,0.0,0
1790647500,0.03911,0.03911,0.03911,0.03911,0.00000,0.0,0
1790647800,0.03911,0.03911,0.03911,0.03911,0.00000,0.0,0
1790648100,0.03908,0.03908,0.03908,0.03908,0.03908,5057.89373,1
1790648400,0.03918,0.03918,0.03918,0.03918,0.03918,150.07657,1
1790648700,0.03918,0.03918,0.03918,0.03918,0.00000,0.0,0
1790649000,0.03889,0.03889,0.03889,0.03889,0.03889,6405.84019,1
1790649300,0.03889,0.03889,0.03889,0.03889,0.00000,0.0,0
1790649600,0.03889,0.03889,0.03889,0.03889,0.00000,0.0,0
1790649900,0.03925,0.03925,0.03922,0.03922,0.03923,1126.32875,2
1790650200,0.03922,0.03922,0.03922,0.03922,0.00000,0.0,0
1790650500,0.03922,0.03922,0.03922,0.03922,0.00000,0.0,0
1790650800,0.03922,0.03922,0.03922,0.03922,0.00000,0.0,0
1790651100,0.03922,0.03922,0.03922,0.03922,0.00000,0.0,0
1790651400,0.03918,0.03918,0.03917,0.03917,0.03917,46414.32798,10
1790651700,0.03917,0.03917,0.03917,0.03917,0.00000,0.0,0
1790652000,0.03917,0.03917,0.03917,0.03917,0.00000,0.0,0
1790652300,0.03964,0.03964,0.03964,0.03964,0.03964,2517.94622,2
1790652600,0.03964,0.03964,0.03964,0.03964,0.00000,0.0,0
1790652900,0.03964,0.03964,0.03964,0.03964,0.00000,0.0,0
1790653200,0.03964,0.03964,0.03964,0.03964,0.00000,0.0,0
1790653500,0.03964,0.03964,0.03964,0.03964,0.00000,0.0,0
1790653800,0.03964,0.03964,0.03964,0.03964,0.00000,0.0,0
1790654100,0.03964,0.03964,0.03964,0.03964,0.00000,0.0,0
1790654400,0.03964,0.03964,0.03964,0.03964,0.00000,0.0,0
1790654700,0.03964,0.03964,0.03964,0.03964,0.00000,0.0,0
1790655000,0.03964,0.03964,0.03964,0.03964,0.00000,0.0,0
1790655300,0.03964,0.03964,0.03964,0.03964,0.00000,0.0,0
1790655600,0.03964,0.03964,0.03964,0.03964,0.00000,0.0,0
1790655900,0.03964,0.03964,0.03964,0.03964,0.00000,0.0,0
1790656200,0.03964,0.03964,0.03964,0.03964,0.00000,0.0,0
1790656500,0.03964,0.03964,0.03964,0.03964,0.00000,0.0,0
1790656800,0.03964,0.03964,0.03964,0.03964,0.00000,0.0,0
1790657100,0.03964,0.03964,0.03964,0.03964,0.00000,0.0,0
1790657400,0.04029,0.04031,0.04029,0.0403,0.04029,1383.91303,3
1790657700,0.04025,0.04031,0.04025,0.0403,0.04028,1483.02712,4
1790658000,0.0403,0.0403,0.0403,0.0403,0.00000,0.0,0
1790658300,0.04023,0.04023,0.04023,0.04023,0.04023,621.4267,1
1790658600,0.0404,0.04045,0.0404,0.04044,0.04044,26135.51735,3
1790658900,0.04044,0.04044,0.04044,0.04044,0.00000,0.0,0
1790659200,0.04044,0.04044,0.04044,0.04044,0.00000,0.0,0
1790659500,0.04044,0.04044,0.04044,0.04044,0.00000,0.0,0
1790659800,0.04044,0.04044,0.04044,0.04044,0.00000,0.0,0
1790660100,0.04003,0.04003,0.04003,0.04003,0.04003,1249.0632,1
1790660400,0.04003,0.04003,0.04003,0.04003,0.00000,0.0,0
1790660700,0.04003,0.04003,0.04003,0.04003,0.00000,0.0,0
1790661000,0.04048,0.04048,0.04048,0.04048,0.04048,6808.9267,2
1790661300,0.04049,0.04049,0.04049,0.04049,0.04049,15468.75,3
1790661600,0.04049,0.04049,0.04049,0.04049,0.04049,13492.105,2
1790661900,0.04049,0.04049,0.04049,0.04049,0.00000,0.0,0
1790662200,0.04049,0.04049,0.04049,0.04049,0.00000,0.0,0
1790662500,0.04054,0.04054,0.04054,0.04054,0.04054,15200.0,2
1790662800,0.04054,0.04054,0.04054,0.04054,0.00000,0.0,0
1790663100,0.04046,0.04049,0.04046,0.04046,0.04047,26193.37434,5
1790663400,0.04048,0.04048,0.04047,0.04047,0.04047,17381.07254,4
1790663700,0.04047,0.04047,0.04047,0.04047,0.00000,0.0,0
1790664000,0.04041,0.04041,0.04041,0.04041,0.04041,891.5355,1
1790664300,0.04042,0.04043,0.04042,0.04043,0.04042,19787.71289,2
1790664600,0.04043,0.04043,0.04043,0.04043,0.00000,0.0,0
1790664900,0.04043,0.04043,0.04043,0.04043,0.00000,0.0,0
1790665200,0.04039,0.04048,0.04039,0.04048,0.04045,12729.42358,4
1790665500,0.04048,0.04048,0.04048,0.04048,0.00000,0.0,0
1790665800,0.04048,0.04048,0.04048,0.04048,0.00000,0.0,0
1790666100,0.04048,0.04048,0.04048,0.04048,0.00000,0.0,0
1790666400,0.04048,0.04048,0.04048,0.04048,0.00000,0.0,0
1790666700,0.04073,0.04075,0.04073,0.04075,0.04073,49099.71451,6
1790667000,0.04075,0.04075,0.04075,0.04075,0.00000,0.0,0
1790667300,0.04075,0.04075,0.04075,0.04075,0.00000,0.0,0
1790667600,0.04075,0.04075,0.04075,0.04075,0.00000,0.0,0
1790667900,0.04106,0.04114,0.04106,0.04114,0.04113,13586.10412,3
1790668200,0.04121,0.04124,0.04121,0.04124,0.04121,13952.95519,3
1790668500,0.04137,0.04137,0.04137,0.04137,0.04137,1581.27826,1
1790668800,0.04123,0.04128,0.04123,0.04128,0.04127,8489.81284,2
1790669100,0.04128,0.04128,0.04128,0.04128,0.00000,0.0,0
1790669400,0.04118,0.04118,0.04118,0.04118,0.04118,6070.9082,1
1790669700,0.04118,0.04118,0.04118,0.04118,0.00000,0.0,0
1790670000,0.04118,0.04118,0.04118,0.04118,0.00000,0.0,0
1790670300,0.04138,0.04143,0.04136,0.04139,0.04140,18570.93973,5
1790670600,0.04135,0.04137,0.04115,0.04115,0.04133,24591.37209,6
1790670900,0.04108,0.04108,0.04108,0.04108,0.04108,2477.1057,3
1790671200,0.04108,0.04108,0.04108,0.04108,0.00000,0.0,0
1790671500,0.04103,0.04103,0.04101,0.04101,0.04102,30578.0778,3
1790671800,0.0412,0.04138,0.0412,0.04138,0.04130,239817.01291,10
1790672100,0.04113,0.04122,0.04112,0.04122,0.04115,20277.94374,4
1790672400,0.04122,0.04122,0.04122,0.04122,0.00000,0.0,0
1790672700,0.04122,0.04122,0.04122,0.04122,0.00000,0.0,0
1790673000,0.04126,0.04129,0.04126,0.04129,0.04127,18885.80348,5
1790673300,0.04127,0.04127,0.04126,0.04126,0.04126,18059.13717,3
1790673600,0.04122,0.04122,0.04122,0.04122,0.04122,1242.9091,1
1790673900,0.04115,0.04121,0.04115,0.04121,0.04119,4191.62288,2
1790674200,0.04119,0.04119,0.04119,0.04119,0.04119,1544.6888,1
1790674500,0.04118,0.04118,0.04118,0.04118,0.04118,10858.66926,1
1790674800,0.04113,0.04113,0.04112,0.04112,0.04112,11441.39713,2
1790675100,0.04117,0.04117,0.04117,0.04117,0.04117,466.4,1
1790675400,0.04114,0.04114,0.04114,0.04114,0.04114,6076.81088,1
1790675700,0.04127,0.04127,0.04127,0.04127,0.04127,1408.90365,1
1790676000,0.04107,0.04107,0.04107,0.04107,0.04107,6087.14139,1
1790676300,0.04107,0.04107,0.04107,0.04107,0.00000,0.0,0
1790676600,0.04107,0.04107,0.04107,0.04107,0.00000,0.0,0
1790676900,0.04107,0.04107,0.04107,0.04107,0.00000,0.0,0
1790677200,0.04107,0.04107,0.04107,0.04107,0.00000,0.0,0
1790677500,0.04107,0.04107,0.04107,0.04107,0.00000,0.0,0
1790677800,0.04107,0.04107,0.04107,0.04107,0.00000,0.0,0
1790678100,0.04069,0.04069,0.04044,0.04044,0.04051,8643.10648,3
1790678400,0.04055,0.04055,0.04055,0.04055,0.04055,6165.22811,1
1790678700,0.04057,0.04057,0.04057,0.04057,0.04057,5737.49074,2
1790679000,0.04053,0.04053,0.04053,0.04053,0.04053,1452.16525,1
1790679300,0.04053,0.04053,0.04053,0.04053,0.00000,0.0,0
1790679600,0.04045,0.04045,0.04045,0.04045,0.04045,6180.46971,1
1790679900,0.04047,0.04048,0.04047,0.04048,0.04047,2417.32513,2
1790680200,0.04046,0.04046,0.04046,0.04046,0.04046,2000.0,1
1790680500,0.04049,0.04051,0.04049,0.04051,0.04049,3000.0,2
1790680800,0.04051,0.04051,0.04051,0.04051,0.00000,0.0,0
1790681100,0.04043,0.04045,0.04043,0.04045,0.04044,4898.68266,2
1790681400,0.04045,0.04045,0.04045,0.04045,0.00000,0.0,0
1790681700,0.04068,0.04075,0.04068,0.04075,0.04073,22498.24684,4
1790682000,0.04075,0.04075,0.04075,0.04075,0.00000,0.0,0
1790682300,0.04103,0.04115,0.04103,0.04112,0.04108,186581.66891,19
1790682600,0.04101,0.04101,0.0381,0.04078,0.04022,1287384.05212,59
1790682900,0.04081,0.04085,0.04079,0.04085,0.04081,98967.68399,9
1790683200,0.04071,0.04076,0.04071,0.04076,0.04075,90356.99128,10
1790683500,0.04076,0.04076,0.04076,0.04076,0.00000,0.0,0
1790683800,0.04076,0.04076,0.04076,0.04076,0.00000,0.0,0
1790684100,0.04076,0.04076,0.04076,0.04076,0.00000,0.0,0
1790684400,0.0406,0.04062,0.04053,0.04053,0.04057,41999.96995,8
1790684700,0.04053,0.04053,0.04053,0.04053,0.00000,0.0,0
1790685000,0.04041,0.04041,0.04037,0.04037,0.04038,8610.66965,2
1790685300,0.04033,0.04033,0.04033,0.04033,0.04033,31443.54392,4
1790685600,0.04033,0.04033,0.04033,0.04033,0.00000,0.0,0
1790685900,0.04033,0.04033,0.04033,0.04033,0.00000,0.0,0
1790686200,0.04033,0.04033,0.04033,0.04033,0.00000,0.0,0
1790686500,0.04033,0.04033,0.04033,0.04033,0.00000,0.0,0
1790686800,0.04033,0.04033,0.04033,0.04033,0.00000,0.0,0
1790687100,0.04031,0.04046,0.04031,0.04046,0.04039,7899.5657,4
1790687400,0.04046,0.04046,0.04046,0.04046,0.04046,15458.9216,2
1790687700,0.04046,0.04046,0.04046,0.04046,0.00000,0.0,0
1790688000,0.04046,0.04046,0.04046,0.04046,0.00000,0.0,0
1790688300,0.0404,0.0404,0.04032,0.04038,0.04034,4957.2811,3
1790688600,0.04019,0.04019,0.04019,0.04019,0.04019,20000.0,5
1790688900,0.04019,0.04019,0.04019,0.04019,0.00000,0.0,0
1790689200,0.04019,0.04019,0.04019,0.04019,0.00000,0.0,0
1790689500,0.04019,0.04019,0.04019,0.04019,0.00000,0.0,0
1790689800,0.04,0.04,0.04,0.04,0.04000,1250.0,1
1790690100,0.04028,0.04028,0.04028,0.04028,0.04028,645.48163,1
1790690400,0.04028,0.04028,0.04028,0.04028,0.00000,0.0,0
1790690700,0.04003,0.04003,0.03993,0.03993,0.03995,6989.43405,3
1790691000,0.03994,0.03994,0.03994,0.03994,0.03994,33300.0,6
1790691300,0.04009,0.04009,0.04009,0.04009,0.04009,6103.1534,1
1790691600,0.04003,0.04012,0.04003,0.04012,0.04008,2521.7317,2
1790691900,0.04021,0.04021,0.04021,0.04021,0.04021,200.0,1
1790692200,0.04026,0.04026,0.0402,0.0402,0.04025,12226.89055,4
1790692500,0.0402,0.0402,0.0402,0.0402,0.00000,0.0,0
1790692800,0.04029,0.04029,0.04026,0.04026,0.04028,43282.29692,11
1790693100,0.04028,0.04028,0.04028,0.04028,0.04028,760.18312,1
1790693400,0.04034,0.04034,0.04034,0.04034,0.04034,3722.77227,1
1790693700,0.04034,0.04034,0.04034,0.04034,0.00000,0.0,0
1790694000,0.04,0.04013,0.04,0.04008,0.04005,325489.80175,33
1790694300,0.04008,0.04008,0.04008,0.04008,0.00000,0.0,0
1790694600,0.04008,0.04008,0.04008,0.04008,0.00000,0.0,0
1790694900,0.03981,0.03981,0.03981,0.03981,0.03981,1627.09305,1
1790695200,0.03952,0.03952,0.03952,0.03952,0.03952,200.0,1
1790695500,0.0394,0.03963,0.03934,0.03946,0.03949,62695.96788,11
1790695800,0.0396,0.0397,0.0396,0.0397,0.03964,8807.68389,5
1790696100,0.03967,0.03967,0.0396,0.0396,0.03962,3762.45949,2
1790696400,0.0396,0.0396,0.0396,0.0396,0.00000,0.0,0
1790696700,0.0396,0.0396,0.0396,0.0396,0.00000,0.0,0
1790697000,0.03956,0.03956,0.03956,0.03956,0.03956,223.26895,1
1790697300,0.03956,0.03956,0.03956,0.03956,0.00000,0.0,0
1790697600,0.03956,0.03956,0.03956,0.03956,0.00000,0.0,0
1790697900,0.03954,0.03954,0.03954,0.03954,0.03954,7176.211,2
1790698200,0.03946,0.03953,0.03946,0.03947,0.03949,47498.1291,7
1790698500,0.03947,0.03947,0.03947,0.03947,0.03947,671.396,1
1790698800,0.03948,0.03948,0.03948,0.03948,0.03948,3592.0022,2
1790699100,0.03948,0.03948,0.03948,0.03948,0.00000,0.0,0
1790699400,0.03948,0.03948,0.03948,0.03948,0.00000,0.0,0
1790699700,0.03945,0.03945,0.03938,0.03938,0.03944,54680.96385,7
1790700000,0.0392,0.0392,0.03919,0.03919,0.03919,505.73248,2
1790700300,0.03919,0.03919,0.03919,0.03919,0.00000,0.0,0
1790700600,0.03915,0.03915,0.03915,0.03915,0.03915,200.0,1
1790700900,0.0391,0.03912,0.03906,0.03906,0.03909,13281.42373,4
1790701200,0.03905,0.0392,0.03905,0.0392,0.03918,233811.85352,19
1790701500,0.03926,0.03926,0.03909,0.03909,0.03910,5574.37596,2
1790701800,0.03912,0.03913,0.03911,0.03911,0.03911,3414.29734,3
1790702100,0.03907,0.03907,0.03907,0.03907,0.03907,2074.43762,1
1790702400,0.03907,0.03907,0.03907,0.03907,0.00000,0.0,0
1790702700,0.03907,0.03907,0.03907,0.03907,0.00000,0.0,0
1790703000,0.03917,0.03917,0.03913,0.03913,0.03914,1809.33356,2
1790703300,0.03912,0.03912,0.03889,0.03891,0.03894,18707.36416,5
1790703600,0.03895,0.03906,0.03895,0.03906,0.03904,4955.45931,3
1790703900,0.03902,0.03906,0.03902,0.03903,0.03903,21388.55692,6
1790704200,0.03888,0.03891,0.03888,0.03891,0.03889,18483.11977,2
1790704500,0.03891,0.03891,0.03891,0.03891,0.00000,0.0,0
1790704800,0.0391,0.03922,0.0391,0.03913,0.03915,1896.5483,3
1790705100,0.03911,0.03921,0.03911,0.03921,0.03915,35425.01143,11
1790705400,0.03927,0.03929,0.03924,0.03926,0.03926,53264.53715,8
1790705700,0.03928,0.03932,0.03928,0.03928,0.03930,7047.46935,4
1790706000,0.03918,0.0392,0.03918,0.0392,0.03918,1518.0334,2
1790706300,0.03909,0.03909,0.03909,0.03909,0.03909,6395.10266,1
1790706600,0.03907,0.03907,0.03907,0.03907,0.03907,2416.43204,1
1790706900,0.03911,0.03921,0.03911,0.03915,0.03915,73073.12536,17
1790707200,0.03923,0.03934,0.03923,0.03927,0.03928,18804.60489,10
1790707500,0.03919,0.03919,0.03919,0.03919,0.03919,6378.92516,1
1790707800,0.03917,0.03918,0.03917,0.03918,0.03917,2003.23704,4
1790708100,0.03918,0.03918,0.03918,0.03918,0.00000,0.0,0
1790708400,0.03925,0.0393,0.03925,0.0393,0.03927,14505.6878,4
1790708700,0.03932,0.03932,0.03932,0.03932,0.03932,8139.08748,2
1790709000,0.03927,0.03928,0.03927,0.03927,0.03927,3371.7694,4
1790709300,0.03915,0.03915,0.03915,0.03915,0.03915,6385.66788,1
1790709600,0.03912,0.03912,0.03912,0.03912,0.03912,7725.30762,2
1790709900,0.03902,0.03902,0.03902,0.03902,0.03902,6406.6883,1
1790710200,0.039,0.03906,0.03899,0.03899,0.03901,19161.83025,4
1790710500,0.03897,0.03897,0.0389,0.0389,0.03890,7444.53688,2
1790710800,0.03895,0.03897,0.03895,0.03897,0.03895,1765.3785,2
1790711100,0.03897,0.03897,0.03897,0.03897,0.00000,0.0,0
1790711400,0.03897,0.03897,0.03897,0.03897,0.00000,0.0,0
1790711700,0.03869,0.03872,0.03869,0.03872,0.03869,13574.43061,3
1790712000,0.03866,0.03866,0.03858,0.0386,0.03859,16974.76537,4
1790712300,0.0385,0.03866,0.03849,0.03866,0.03855,44180.8769,7
1790712600,0.03853,0.03853,0.03853,0.03853,0.03853,238.15222,1
1790712900,0.03855,0.03855,0.03853,0.03853,0.03853,6799.64874,2
1790713200,0.03855,0.03855,0.03851,0.03851,0.03851,67994.85335,7
1790713500,0.03853,0.03861,0.03853,0.03858,0.03858,25726.6736,3
1790713800,0.03859,0.03868,0.03859,0.03868,0.03862,5454.356,5
1790714100,0.03868,0.03868,0.03868,0.03868,0.00000,0.0,0
1790714400,0.03868,0.03868,0.03868,0.03868,0.00000,0.0,0
1790714700,0.03868,0.03868,0.03868,0.03868,0.00000,0.0,0
1790715000,0.03868,0.03868,0.03868,0.03868,0.00000,0.0,0
1790715300,0.03846,0.03846,0.03846,0.03846,0.03846,218.85335,1
1790715600,0.03822,0.03825,0.0382,0.03825,0.03821,9615.08949,5
1790715900,0.03825,0.03825,0.03825,0.03825,0.00000,0.0,0
1790716200,0.03837,0.03838,0.03837,0.03838,0.03837,3096.98552,3
1790716500,0.03838,0.03838,0.03838,0.03838,0.00000,0.0,0
1790716800,0.03838,0.03838,0.03838,0.03838,0.00000,0.0,0
1790717100,0.0381,0.0381,0.0381,0.0381,0.03810,99132.9921,7
1790717400,0.03803,0.03803,0.03803,0.03803,0.03803,467.85531,2
1790717700,0.03803,0.03803,0.03803,0.03803,0.00000,0.0,0
1790718000,0.03803,0.03803,0.038,0.038,0.03800,66284.34029,13
1790718300,0.038,0.038,0.038,0.038,0.00000,0.0,0
1790718600,0.03803,0.03803,0.038,0.038,0.03801,104257.76172,6
1790718900,0.03789,0.03789,0.03789,0.03789,0.03789,104079.74854,1
1790719200,0.03789,0.03789,0.03789,0.03789,0.00000,0.0,0
1790719500,0.03789,0.03789,0.03789,0.03789,0.00000,0.0,0
1790719800,0.03818,0.03818,0.03817,0.03817,0.03817,1489.28935,2
1790720100,0.03817,0.03817,0.03817,0.03817,0.00000,0.0,0
1790720400,0.03809,0.03809,0.03809,0.03809,0.03809,261.0351,1
1790720700,0.03809,0.03811,0.03809,0.03811,0.03809,13292.80196,3
1790721000,0.03789,0.03793,0.03789,0.03793,0.03789,132254.65664,10
1790721300,0.03793,0.03793,0.03793,0.03793,0.00000,0.0,0
1790721600,0.03802,0.03802,0.03802,0.03802,0.03802,6575.34159,1
1790721900,0.03803,0.03803,0.03803,0.03803,0.03803,261.0351,1
1790722200,0.03803,0.03803,0.03803,0.03803,0.00000,0.0,0
1790722500,0.03803,0.03803,0.03803,0.03803,0.00000,0.0,0
1790722800,0.03789,0.03789,0.03789,0.03789,0.03789,261.0351,1
1790723100,0.03792,0.03809,0.03792,0.03809,0.03806,1807.9101,2
1790723400,0.03809,0.03809,0.03809,0.03809,0.00000,0.0,0
1790723700,0.03781,0.03782,0.03775,0.03775,0.03778,16854.96644,10
1790724000,0.03773,0.03773,0.03773,0.03773,0.03773,1740.5796,1
1790724300,0.03776,0.03778,0.03762,0.03762,0.03768,59577.8023,14
1790724600,0.03768,0.03771,0.03763,0.03763,0.03770,41182.24355,10
1790724900,0.03763,0.03763,0.03763,0.03763,0.00000,0.0,0
1790725200,0.03762,0.03763,0.03762,0.03763,0.03762,1643.87807,3
1790725500,0.03769,0.03778,0.03769,0.03777,0.03773,73702.17863,13
1790725800,0.03777,0.03777,0.03777,0.03777,0.00000,0.0,0
1790726100,0.03777,0.03777,0.03777,0.03777,0.00000,0.0,0
1790726400,0.03777,0.03777,0.03777,0.03777,0.00000,0.0,0
1790726700,0.03789,0.03789,0.03789,0.03789,0.03789,1873.05357,1
1790727000,0.03784,0.03784,0.03784,0.03784,0.03784,2000.0,1
1790727300,0.03784,0.03784,0.03784,0.03784,0.00000,0.0,0
1790727600,0.03788,0.03789,0.03788,0.03788,0.03788,21778.59404,5
1790727900,0.038,0.03806,0.038,0.03805,0.03800,7093.96674,4
1790728200,0.0381,0.03814,0.0381,0.03814,0.03813,21138.38739,5
1790728500,0.03814,0.03814,0.03814,0.03814,0.00000,0.0,0
1790728800,0.03814,0.03814,0.03814,0.03814,0.00000,0.0,0
1790729100,0.03814,0.03814,0.03814,0.03814,0.00000,0.0,0
1790729400,0.03806,0.03806,0.03805,0.03805,0.03805,394.21813,2
1790729700,0.03807,0.03807,0.03807,0.03807,0.03807,1500.84833,1
1790730000,0.03807,0.03807,0.03807,0.03807,0.00000,0.0,0
1790730300,0.03833,0.03838,0.03833,0.03838,0.03835,8296.82903,7
1790730600,0.03838,0.03838,0.03838,0.03838,0.00000,0.0,0
1790730900,0.03856,0.03856,0.03856,0.03856,0.03856,261.03501,1
1790731200,0.03856,0.03856,0.03856,0.03856,0.00000,0.0,0
1790731500,0.03856,0.03856,0.03856,0.03856,0.00000,0.0,0
1790731800,0.03856,0.03856,0.03856,0.03856,0.00000,0.0,0
1790732100,0.03856,0.03856,0.03856,0.03856,0.00000,0.0,0
1790732400,0.03855,0.03855,0.03855,0.03855,0.03855,260.91724,1
1790732700,0.03855,0.03855,0.03855,0.03855,0.03855,260.91724,1
1790733000,0.03855,0.03855,0.03855,0.03855,0.00000,0.0,0
1790733300,0.03855,0.03855,0.03855,0.03855,0.00000,0.0,0
1790733600,0.03845,0.03846,0.03845,0.03846,0.03845,4237.04898,2
1790733900,0.03846,0.03846,0.03846,0.03846,0.00000,0.0,0
1790734200,0.03846,0.03846,0.03846,0.03846,0.00000,0.0,0
1790734500,0.03846,0.03846,0.03846,0.03846,0.00000,0.0,0
1790734800,0.03846,0.03846,0.03846,0.03846,0.00000,0.0,0
1790735100,0.03846,0.03846,0.03846,0.03846,0.00000,0.0,0
1790735400,0.03846,0.03846,0.03846,0.03846,0.00000,0.0,0
1790735700,0.03846,0.03846,0.03846,0.03846,0.00000,0.0,0
1790736000,0.03846,0.03846,0.03846,0.03846,0.00000,0.0,0
1790736300,0.03838,0.03838,0.03837,0.03837,0.03837,5712.76009,2
1790736600,0.03837,0.03837,0.03837,0.03837,0.00000,0.0,0
1790736900,0.03837,0.03837,0.03837,0.03837,0.00000,0.0,0
1790737200,0.03821,0.03823,0.03821,0.03823,0.03822,26159.78465,6
1790737500,0.03823,0.03823,0.03823,0.03823,0.00000,0.0,0
1790737800,0.03828,0.03828,0.03828,0.03828,0.03828,52246.60397,11
1790738100,0.03828,0.03828,0.03828,0.03828,0.00000,0.0,0
1790738400,0.03816,0.03816,0.03815,0.03815,0.03815,4328.34379,2
1790738700,0.03815,0.03815,0.03815,0.03815,0.00000,0.0,0
1790739000,0.03815,0.03815,0.03815,0.03815,0.00000,0.0,0
1790739300,0.03816,0.03816,0.03816,0.03816,0.03816,348.04673,1
1790739600,0.03833,0.03836,0.03833,0.03836,0.03834,26079.4745,5
1790739900,0.03834,0.03834,0.03834,0.03834,0.03834,348.04675,1
1790740200,0.03834,0.03834,0.03834,0.03834,0.00000,0.0,0
1790740500,0.03834,0.03834,0.03834,0.03834,0.03834,6517.58276,1
1790740800,0.03835,0.03835,0.03834,0.03834,0.03834,1402.47668,3
1790741100,0.03834,0.03834,0.03834,0.03834,0.00000,0.0,0
1790741400,0.03862,0.03868,0.03862,0.03868,0.03865,85362.3273,13
1790741700,0.03867,0.03867,0.03867,0.03867,0.03867,236.6552,1
1790742000,0.03873,0.03874,0.03873,0.03873,0.03873,5918.84754,4
1790742300,0.03873,0.03873,0.03873,0.03873,0.00000,0.0,0
1790742600,0.03873,0.03873,0.03873,0.03873,0.00000,0.0,0
1790742900,0.03884,0.03885,0.03875,0.03876,0.03883,4332.98606,5
1790743200,0.03876,0.03876,0.03876,0.03876,0.00000,0.0,0
1790743500,0.03878,0.03883,0.03878,0.03883,0.03880,10822.88164,2
1790743800,0.0389,0.03891,0.03889,0.03889,0.03889,766.49971,3
1790744100,0.03889,0.03889,0.03889,0.03889,0.00000,0.0,0
1790744400,0.03885,0.03886,0.03885,0.03886,0.03885,4431.9,3
1790744700,0.03895,0.03905,0.03885,0.03885,0.03896,91130.49777,20
1790745000,0.03885,0.03885,0.03885,0.03885,0.00000,0.0,0
1790745300,0.03885,0.03885,0.03885,0.03885,0.00000,0.0,0
1790745600,0.03866,0.03866,0.03866,0.03866,0.03866,4593.68271,3
1790745900,0.03866,0.03866,0.03866,0.03866,0.00000,0.0,0
1790746200,0.03866,0.03866,0.03866,0.03866,0.00000,0.0,0
1790746500,0.03866,0.03866,0.03866,0.03866,0.00000,0.0,0
1790746800,0.03884,0.03884,0.03884,0.03884,0.03884,6436.3509,1
1790747100,0.03884,0.03884,0.03884,0.03884,0.00000,0.0,0
1790747400,0.03884,0.03884,0.03884,0.03884,0.00000,0.0,0
1790747700,0.03884,0.03884,0.03884,0.03884,0.00000,0.0,0
1790748000,0.03875,0.03875,0.03875,0.03875,0.03875,348.04667,1
1790748300,0.03875,0.03875,0.03875,0.03875,0.00000,0.0,0
1790748600,0.03875,0.03875,0.03875,0.03875,0.00000,0.0,0
1790748900,0.03849,0.03849,0.03848,0.03848,0.03848,1585.56,3
1790749200,0.03847,0.03877,0.03847,0.03848,0.03863,274020.16463,36
1790749500,0.03845,0.03845,0.03843,0.03843,0.03843,3039.48887,3
1790749800,0.03843,0.03843,0.03843,0.03843,0.00000,0.0,0
1790750100,0.03848,0.03848,0.03848,0.03848,0.03848,348.04675,1
1790750400,0.03857,0.03857,0.03853,0.03853,0.03853,17508.79241,4
1790750700,0.03853,0.03853,0.03853,0.03853,0.00000,0.0,0
1790751000,0.03853,0.03853,0.03853,0.03853,0.00000,0.0,0
1790751300,0.03865,0.03865,0.03849,0.03849,0.03860,1392.1872,4
1790751600,0.03863,0.03863,0.03863,0.03863,0.03863,6382.84839,3
1790751900,0.03863,0.03863,0.03863,0.03863,0.00000,0.0,0
1790752200,0.03863,0.03863,0.03863,0.03863,0.00000,0.0,0
1790752500,0.03856,0.03857,0.03853,0.03853,0.03853,14771.79085,11
1790752800,0.03853,0.03853,0.03853,0.03853,0.00000,0.0,0
1790753100,0.03853,0.03853,0.03853,0.03853,0.00000,0.0,0
1790753400,0.03853,0.03853,0.03853,0.03853,0.00000,0.0,0
1790753700,0.03875,0.03879,0.03875,0.03879,0.03878,1947.1368,4
1790754000,0.03877,0.03881,0.03877,0.03881,0.03878,7683.17405,5
1790754300,0.0388,0.03883,0.0388,0.0388,0.03880,8671.42494,6
1790754600,0.03888,0.03888,0.03888,0.03888,0.03888,348.0468,1
1790754900,0.03888,0.03888,0.03888,0.03888,0.00000,0.0,0
1790755200,0.03888,0.03888,0.03888,0.03888,0.00000,0.0,0
1790755500,0.0385,0.0385,0.0385,0.0385,0.03850,7605.19485,2
1790755800,0.03838,0.03838,0.03838,0.03838,0.03838,996.871,1
1790756100,0.03846,0.03847,0.03844,0.03847,0.03844,19564.2102,7
1790756400,0.03847,0.03847,0.03847,0.03847,0.00000,0.0,0
1790756700,0.03847,0.03847,0.03847,0.03847,0.00000,0.0,0
1790757000,0.03847,0.03847,0.03847,0.03847,0.00000,0.0,0
1790757300,0.03833,0.03833,0.03833,0.03833,0.03833,348.04669,1
1790757600,0.03839,0.03839,0.0382,0.0382,0.03829,4085.43307,9
1790757900,0.03827,0.0383,0.03827,0.0383,0.03829,5222.77831,4
1790758200,0.0383,0.0383,0.0383,0.0383,0.00000,0.0,0
1790758500,0.0383,0.0383,0.0383,0.0383,0.00000,0.0,0
1790758800,0.0383,0.0383,0.0383,0.0383,0.00000,0.0,0
1790759100,0.03839,0.03839,0.03839,0.03839,0.03839,348.0468,1
1790759400,0.03839,0.03839,0.03839,0.03839,0.00000,0.0,0
1790759700,0.03829,0.03829,0.03829,0.03829,0.03829,348.0468,1
1790760000,0.03832,0.03832,0.03832,0.03832,0.03832,348.0468,1
1790760300,0.03838,0.03838,0.0383,0.0383,0.03831,2201.04941,2
1790760600,0.03833,0.03843,0.03833,0.03843,0.03841,8499.14837,6
1790760900,0.03843,0.03844,0.03836,0.03836,0.03838,4576.24145,8
1790761200,0.03834,0.03834,0.03834,0.03834,0.03834,1304.12102,1
1790761500,0.03842,0.03843,0.03842,0.03842,0.03842,6805.42489,3
1790761800,0.03842,0.03842,0.03842,0.03842,0.03842,696.09356,2
1790762100,0.03842,0.03842,0.03842,0.03842,0.00000,0.0,0
1790762400,0.0382,0.0382,0.0382,0.0382,0.03820,13089.00515,2
1790762700,0.03828,0.03828,0.03828,0.03828,0.03828,1526.5031,1
1790763000,0.03828,0.03828,0.03828,0.03828,0.00000,0.0,0
1790763300,0.0382,0.03822,0.03814,0.03815,0.03817,6280.17804,8
1790763600,0.03818,0.0382,0.03818,0.0382,0.03819,13273.15167,5
1790763900,0.03823,0.03825,0.0382,0.03824,0.03822,14345.62158,8
1790764200,0.03828,0.03848,0.03828,0.03843,0.03841,38061.98246,13
1790764500,0.0384,0.03842,0.03839,0.03839,0.03839,632662.9543,59
1790764800,0.03836,0.03847,0.03836,0.03847,0.03846,7542.55239,6
1790765100,0.03847,0.03847,0.03847,0.03847,0.00000,0.0,0
1790765400,0.03853,0.03853,0.03853,0.03853,0.03853,348.0468,1
1790765700,0.03844,0.03844,0.03844,0.03844,0.03844,348.0468,1
1790766000,0.03844,0.03844,0.03844,0.03844,0.00000,0.0,0
1790766300,0.03835,0.03835,0.03831,0.03831,0.03831,6511.88456,2
1790766600,0.03839,0.0384,0.03839,0.0384,0.03839,1302.17388,2
1790766900,0.0384,0.03842,0.0384,0.03842,0.03841,32404.2551,4
1790767200,0.03866,0.03867,0.03866,0.03867,0.03866,1282.64105,3
1790767500,0.03867,0.03867,0.03867,0.03867,0.00000,0.0,0
1790767800,0.03867,0.03868,0.03844,0.03851,0.03847,9307.33763,7
1790768100,0.03851,0.03851,0.03851,0.03851,0.00000,0.0,0
1790768400,0.03867,0.03867,0.03867,0.03867,0.03867,6464.78913,1
1790768700,0.03864,0.03864,0.03862,0.03862,0.03863,6818.02609,3
1790769000,0.03862,0.03862,0.03862,0.03862,0.00000,0.0,0
1790769300,0.03852,0.03853,0.03852,0.03853,0.03852,7532.59095,4
1790769600,0.03853,0.03853,0.03853,0.03853,0.00000,0.0,0
1790769900,0.03853,0.03853,0.03853,0.03853,0.00000,0.0,0
1790770200,0.038,0.038,0.03756,0.03783,0.03775,56585.38004,13
1790770500,0.03783,0.03783,0.03783,0.03783,0.00000,0.0,0
1790770800,0.03761,0.03779,0.03761,0.03779,0.03774,18021.27171,9
1790771100,0.03788,0.03788,0.03788,0.03788,0.03788,11664.1458,1
1790771400,0.03806,0.0384,0.03806,0.0384,0.03820,3562.8831,2
1790771700,0.03876,0.03878,0.03876,0.03878,0.03877,32922.65423,4
1790772000,0.03881,0.03881,0.03867,0.03867,0.03869,23575.97208,4
1790772300,0.03869,0.03876,0.03866,0.03866,0.03868,7455.81143,9
1790772600,0.03903,0.03903,0.03903,0.03903,0.03903,348.0468,1
1790772900,0.03896,0.03896,0.03896,0.03896,0.03896,25667.35022,5
1790773200,0.03875,0.03875,0.03864,0.03864,0.03874,32612.77792,8
1790773500,0.0387,0.0388,0.0387,0.0388,0.03876,43184.28775,7
1790773800,0.0388,0.0388,0.0388,0.0388,0.00000,0.0,0
1790774100,0.0388,0.0388,0.0388,0.0388,0.00000,0.0,0
1790774400,0.03878,0.03882,0.03877,0.03882,0.03878,11827.64466,7
1790774700,0.03876,0.03876,0.03876,0.03876,0.03876,348.0468,1
1790775000,0.03882,0.03883,0.03882,0.03883,0.03882,2397.02065,3
1790775300,0.03865,0.03865,0.03807,0.03807,0.03846,223664.33594,26
1790775600,0.03799,0.03807,0.03794,0.03805,0.03798,64622.56034,13
1790775900,0.03827,0.03828,0.03827,0.03828,0.03827,21000.0,4
1790776200,0.03827,0.03829,0.03827,0.03829,0.03828,37951.22927,5
1790776500,0.03829,0.03829,0.03829,0.03829,0.00000,0.0,0
1790776800,0.03829,0.03829,0.03829,0.03829,0.00000,0.0,0
1790777100,0.03829,0.03829,0.03829,0.03829,0.00000,0.0,0
1790777400,0.03799,0.03807,0.0379,0.03807,0.03798,145676.56874,24
1790777700,0.03807,0.03807,0.03807,0.03807,0.00000,0.0,0
1790778000,0.03792,0.03792,0.03744,0.03755,0.03750,127993.80408,30
1790778300,0.0377,0.0377,0.0377,0.0377,0.03770,2652.51989,1
1790778600,0.03744,0.03744,0.03736,0.03736,0.03739,20314.08551,6
1790778900,0.03736,0.03736,0.03736,0.03736,0.00000,0.0,0
1790779200,0.03772,0.03772,0.03772,0.03772,0.03772,2625.92789,1
1790779500,0.03786,0.03791,0.03786,0.03791,0.03788,34531.16666,7
1790779800,0.038,0.038,0.038,0.038,0.03800,2557.0,1
1790780100,0.03805,0.03805,0.03801,0.03801,0.03804,4124.05575,4
1790780400,0.03806,0.03806,0.03805,0.03805,0.03805,6800.00152,2
1790780700,0.03805,0.03805,0.03805,0.03805,0.00000,0.0,0
1790781000,0.03805,0.03805,0.03805,0.03805,0.00000,0.0,0
1790781300,0.03776,0.03776,0.03776,0.03776,0.03776,5914.89334,1
1790781600,0.03776,0.03776,0.03776,0.03776,0.00000,0.0,0
1790781900,0.03767,0.03767,0.03767,0.03767,0.03767,590.0,1
1790782200,0.03781,0.03791,0.03781,0.03791,0.03786,2876.97261,4
1790782500,0.03791,0.03791,0.03791,0.03791,0.00000,0.0,0
1790782800,0.0379,0.0379,0.0379,0.0379,0.03790,477.311,1
1790783100,0.038,0.03806,0.038,0.03806,0.03802,1337.36698,4
1790783400,0.03802,0.03803,0.03799,0.03799,0.03799,6099.58246,4
1790783700,0.03798,0.03801,0.03797,0.03801,0.03800,8444.72319,5
1790784000,0.03802,0.03802,0.03802,0.03802,0.03802,263.88495,1
1790784300,0.03829,0.03829,0.03829,0.03829,0.03829,1305.82397,1
1790784600,0.03834,0.03834,0.03834,0.03834,0.03834,230.10284,1
1790784900,0.03829,0.03829,0.03826,0.03826,0.03826,4348.04708,3
1790785200,0.03841,0.03841,0.03841,0.03841,0.03841,200.0,1
1790785500,0.03839,0.0384,0.03839,0.0384,0.03839,550.84081,2
1790785800,0.03828,0.03829,0.03819,0.03819,0.03827,9558.40384,5
1790786100,0.03817,0.03819,0.03817,0.03819,0.03818,7855.94631,5
1790786400,0.03818,0.03818,0.03818,0.03818,0.03818,348.04669,1
1790786700,0.03834,0.03847,0.03834,0.03847,0.03840,48759.66124,8
1790787000,0.0385,0.0385,0.03842,0.0385,0.03846,13459.03783,9
1790787300,0.0385,0.0385,0.0385,0.0385,0.00000,0.0,0
1790787600,0.03835,0.03839,0.03835,0.03839,0.03838,7038.42828,3
1790787900,0.0384,0.0384,0.0384,0.0384,0.03840,521.09375,2
1790788200,0.0384,0.0384,0.0384,0.0384,0.00000,0.0,0
1790788500,0.0381,0.0381,0.0381,0.0381,0.03810,6561.67979,2
1790788800,0.0381,0.0381,0.0381,0.0381,0.00000,0.0,0
1790789100,0.0381,0.0381,0.0381,0.0381,0.00000,0.0,0
1790789400,0.0381,0.0381,0.0381,0.0381,0.00000,0.0,0
1790789700,0.038,0.038,0.038,0.038,0.03800,4736.8421,1
1790790000,0.038,0.038,0.038,0.038,0.00000,0.0,0
1790790300,0.03797,0.03797,0.03797,0.03797,0.03797,348.04672,1
1790790600,0.03797,0.03797,0.03797,0.03797,0.00000,0.0,0
1790790900,0.03797,0.03797,0.03797,0.03797,0.00000,0.0,0
1790791200,0.03791,0.03791,0.03791,0.03791,0.03791,1287.6802,2
1790791500,0.03795,0.03795,0.03781,0.03781,0.03781,6950.2074,3
1790791800,0.03781,0.03781,0.03781,0.03781,0.00000,0.0,0
1790792100,0.03781,0.03781,0.03781,0.03781,0.00000,0.0,0
1790792400,0.03789,0.03791,0.03789,0.03791,0.03789,8265.04041,5
1790792700,0.03791,0.03791,0.03791,0.03791,0.00000,0.0,0
1790793000,0.03783,0.0379,0.03783,0.0379,0.03783,6946.71196,3
1790793300,0.0379,0.0379,0.0379,0.0379,0.00000,0.0,0
1790793600,0.03793,0.03799,0.03793,0.03793,0.03795,14838.03252,8
1790793900,0.03793,0.03793,0.03793,0.03793,0.00000,0.0,0
1790794200,0.03793,0.03793,0.03793,0.03793,0.00000,0.0,0
1790794500,0.03801,0.03821,0.03801,0.03821,0.03809,28005.28861,8
1790794800,0.03819,0.03819,0.03819,0.03819,0.03819,6546.0718,1
1790795100,0.03819,0.03819,0.03819,0.03819,0.00000,0.0,0
1790795400,0.03819,0.03819,0.03819,0.03819,0.00000,0.0,0
1790795700,0.038,0.03815,0.038,0.03815,0.03800,28884.40967,10
1790796000,0.03819,0.03819,0.03819,0.03819,0.03819,522.07,1
1790796300,0.03828,0.03829,0.03828,0.03829,0.03828,1038.50467,4
1790796600,0.03828,0.03839,0.03828,0.03839,0.03837,2928.48352,4
1790796900,0.03833,0.03836,0.03833,0.03836,0.03834,966.07967,3
1790797200,0.03836,0.03836,0.03836,0.03836,0.00000,0.0,0
1790797500,0.03828,0.03833,0.03828,0.0383,0.03829,9522.73832,5
1790797800,0.0383,0.0383,0.0383,0.0383,0.00000,0.0,0
1790798100,0.03817,0.0386,0.03815,0.0386,0.03832,93188.54611,17
1790798400,0.0386,0.0386,0.0386,0.0386,0.00000,0.0,0
1790798700,0.03854,0.03856,0.03854,0.03856,0.03854,8421.54787,2
1790799000,0.0386,0.0386,0.03857,0.03857,0.03859,24370.5244,3
1790799300,0.03861,0.03861,0.03854,0.03854,0.03854,10910.5344,4
1790799600,0.03863,0.03868,0.03863,0.03868,0.03867,1921.51781,2
1790799900,0.03868,0.03868,0.03868,0.03868,0.00000,0.0,0
1790800200,0.03857,0.03857,0.03856,0.03856,0.03856,552.77446,2
1790800500,0.03873,0.03876,0.03872,0.03876,0.03873,1044.1404,3
1790800800,0.03858,0.03858,0.03853,0.03857,0.03854,26643.16681,9
1790801100,0.03854,0.03854,0.03854,0.03854,0.03854,6486.5952,1
1790801400,0.03853,0.03858,0.03853,0.03855,0.03857,11972.87391,4
1790801700,0.03852,0.03852,0.03852,0.03852,0.03852,5183.31423,5
1790802000,0.03852,0.03852,0.03852,0.03852,0.00000,0.0,0
1790802300,0.03852,0.03852,0.03852,0.03852,0.00000,0.0,0
1790802600,0.03852,0.03856,0.03852,0.03856,0.03855,4477.93892,6
1790802900,0.03851,0.03851,0.03845,0.03846,0.03848,4309.12049,3
1790803200,0.03846,0.03846,0.03846,0.03846,0.00000,0.0,0
1790803500,0.03844,0.03844,0.03844,0.03844,0.03844,1301.40552,1
1790803800,0.03844,0.03844,0.03844,0.03844,0.03844,500.0,1
1790804100,0.03847,0.03847,0.03847,0.03847,0.03847,6498.57031,1
1790804400,0.0384,0.0384,0.0384,0.0384,0.03840,200.357,1
1790804700,0.0384,0.0384,0.0384,0.0384,0.00000,0.0,0
1790805000,0.03833,0.03833,0.03833,0.03833,0.03833,2750.0,1
1790805300,0.03837,0.03837,0.03837,0.03837,0.03837,351.83737,1
1790805600,0.03824,0.0383,0.03811,0.03811,0.03827,114331.3711,9
1790805900,0.038,0.038,0.038,0.038,0.03800,175221.97655,10
1790806200,0.038,0.038,0.038,0.038,0.00000,0.0,0
1790806500,0.03824,0.03824,0.03824,0.03824,0.03824,766.21339,1
1790806800,0.03829,0.03829,0.03829,0.03829,0.03829,2125.56738,2
1790807100,0.03825,0.03825,0.03825,0.03825,0.03825,6535.94771,1
1790807400,0.03825,0.03825,0.03825,0.03825,0.00000,0.0,0
1790807700,0.03839,0.03845,0.03829,0.03829,0.03843,25100.61815,5
1790808000,0.03829,0.03829,0.03829,0.03829,0.00000,0.0,0
1790808300,0.0383,0.0383,0.0383,0.0383,0.03830,6247.4528,2
1790808600,0.0383,0.0383,0.0383,0.0383,0.00000,0.0,0
1790808900,0.03831,0.03831,0.03825,0.03825,0.03827,13061.45744,2
1790809200,0.03825,0.03825,0.03825,0.03825,0.00000,0.0,0
1790809500,0.03822,0.03822,0.0382,0.0382,0.03820,94345.92119,7
1790809800,0.0382,0.0382,0.0382,0.0382,0.00000,0.0,0
1790810100,0.03833,0.03838,0.03833,0.03834,0.03835,16448.94071,3
1790810400,0.03834,0.03834,0.03834,0.03834,0.03834,18999.35935,2
1790810700,0.03834,0.03834,0.03834,0.03834,0.00000,0.0,0
1790811000,0.03838,0.03838,0.03838,0.03838,0.03838,12347.97,1
1790811300,0.03842,0.03844,0.03842,0.03844,0.03843,16651.9074,4
1790811600,0.03838,0.03838,0.03838,0.03838,0.03838,2910.28116,1
1790811900,0.03838,0.03838,0.03838,0.03838,0.00000,0.0,0
1790812200,0.03838,0.03838,0.03838,0.03838,0.00000,0.0,0
1790812500,0.03838,0.03838,0.03836,0.03836,0.03836,9122.72913,2
1790812800,0.03832,0.03837,0.03832,0.03837,0.03835,20158.1751,3
1790813100,0.03843,0.03843,0.03843,0.03843,0.03843,6505.27695,1
1790813400,0.03843,0.03843,0.03843,0.03843,0.00000,0.0,0
1790813700,0.03843,0.03843,0.03843,0.03843,0.00000,0.0,0
1790814000,0.03843,0.03843,0.03843,0.03843,0.00000,0.0,0
1790814300,0.03873,0.03879,0.03873,0.03879,0.03876,77988.1066,9
1790814600,0.03866,0.03872,0.03866,0.03868,0.03869,13996.25157,4
1790814900,0.03868,0.03868,0.03868,0.03868,0.00000,0.0,0
1790815200,0.03875,0.03875,0.03875,0.03875,0.03875,6451.6129,2
1790815500,0.03875,0.03875,0.03875,0.03875,0.00000,0.0,0
1790815800,0.03875,0.03875,0.03875,0.03875,0.00000,0.0,0
1790816100,0.03863,0.03863,0.03863,0.03863,0.03863,6471.6256,1
1790816400,0.03864,0.03879,0.03864,0.03866,0.03868,24715.89205,3
1790816700,0.03875,0.03877,0.03875,0.03877,0.03876,7649.80993,2
1790817000,0.03877,0.03877,0.03877,0.03877,0.00000,0.0,0
1790817300,0.0389,0.0389,0.0389,0.0389,0.03890,1476.202,1
1790817600,0.03891,0.03891,0.0389,0.0389,0.03890,12851.30847,2
1790817900,0.0389,0.03902,0.0389,0.03902,0.03897,24200.6851,4
1790818200,0.03902,0.03902,0.03902,0.03902,0.00000,0.0,0
1790818500,0.03902,0.03902,0.03902,0.03902,0.00000,0.0,0
1790818800,0.03902,0.03902,0.03902,0.03902,0.00000,0.0,0
1790819100,0.03902,0.03902,0.03902,0.03902,0.00000,0.0,0
1790819400,0.03902,0.03902,0.03902,0.03902,0.00000,0.0,0
1790819700,0.03902,0.03902,0.03902,0.03902,0.00000,0.0,0
1790820000,0.03902,0.03902,0.03902,0.03902,0.00000,0.0,0
1790820300,0.03907,0.03907,0.03907,0.03907,0.03907,6398.77143,1
1790820600,0.03918,0.03918,0.03918,0.03918,0.03918,6380.49659,1
1790820900,0.03918,0.03918,0.03918,0.03918,0.00000,0.0,0
1790821200,0.03891,0.03891,0.03883,0.03883,0.03884,25739.84742,3
1790821500,0.03889,0.03889,0.03889,0.03889,0.03889,334.4976,1
1790821800,0.03896,0.03896,0.03896,0.03896,0.03896,12773.77442,2
1790822100,0.03902,0.03902,0.03902,0.03902,0.03902,6406.80105,1
1790822400,0.03902,0.03902,0.03902,0.03902,0.00000,0.0,0
1790822700,0.03888,0.03888,0.03888,0.03888,0.03888,6429.92751,1
1790823000,0.03888,0.03888,0.03888,0.03888,0.00000,0.0,0
1790823300,0.03892,0.03897,0.03886,0.03897,0.03890,68841.72812,8
1790823600,0.03897,0.03897,0.03897,0.03897,0.00000,0.0,0
1790823900,0.03897,0.03897,0.03897,0.03897,0.00000,0.0,0
1790824200,0.03897,0.03897,0.03897,0.03897,0.00000,0.0,0
1790824500,0.03897,0.03897,0.03897,0.03897,0.00000,0.0,0
1790824800,0.03897,0.03897,0.03897,0.03897,0.00000,0.0,0
1790825100,0.03887,0.03887,0.03887,0.03887,0.03887,4707.28245,1
1790825400,0.03887,0.03887,0.03887,0.03887,0.00000,0.0,0
1790825700,0.03893,0.03893,0.03893,0.03893,0.03893,5898.26822,2
1790826000,0.03914,0.03914,0.03914,0.03914,0.03914,6387.27113,1
1790826300,0.03905,0.03905,0.03905,0.03905,0.03905,84507.04225,7
1790826600,0.03912,0.03912,0.03908,0.03908,0.03909,23377.72966,2
1790826900,0.03919,0.03931,0.03919,0.03931,0.03924,43831.15107,4
1790827200,0.03927,0.03927,0.03927,0.03927,0.03927,6366.18283,2
1790827500,0.0394,0.0394,0.0394,0.0394,0.03940,125.1269,1
1790827800,0.0394,0.0394,0.0394,0.0394,0.00000,0.0,0
1790828100,0.0394,0.0394,0.0394,0.0394,0.00000,0.0,0
1790828400,0.0394,0.0394,0.0394,0.0394,0.00000,0.0,0
1790828700,0.03908,0.03908,0.03892,0.03897,0.03897,29988.34278,10
1790829000,0.03897,0.03897,0.03897,0.03897,0.00000,0.0,0
1790829300,0.03905,0.03905,0.03905,0.03905,0.03905,1228.38704,1
1790829600,0.03923,0.03923,0.03923,0.03923,0.03923,951.04928,1
1790829900,0.03923,0.03923,0.03923,0.03923,0.00000,0.0,0
1790830200,0.03941,0.03941,0.03941,0.03941,0.03941,386.74397,1
1790830500,0.03942,0.03942,0.03942,0.03942,0.03942,369.86298,2
1790830800,0.03925,0.03925,0.03913,0.03913,0.03919,37424.54699,10
1790831100,0.03904,0.03904,0.039,0.039,0.03902,9403.60364,2
1790831400,0.039,0.039,0.039,0.039,0.00000,0.0,0
1790831700,0.03904,0.03904,0.03904,0.03904,0.03904,5000.0,1
1790832000,0.03912,0.03912,0.03912,0.03912,0.03912,2532.19581,1
1790832300,0.03915,0.03918,0.03915,0.03917,0.03916,25528.11314,5
1790832600,0.03917,0.03917,0.03917,0.03917,0.00000,0.0,0
1790832900,0.03917,0.03917,0.03917,0.03917,0.00000,0.0,0
1790833200,0.03917,0.03917,0.03917,0.03917,0.00000,0.0,0
1790833500,0.03917,0.03917,0.03917,0.03917,0.00000,0.0,0
1790833800,0.03911,0.03911,0.03911,0.03911,0.03911,2550.81821,1
1790834100,0.03911,0.03911,0.03911,0.03911,0.00000,0.0,0
1790834400,0.03911,0.03911,0.03911,0.03911,0.00000,0.0,0
1790834700,0.03911,0.03911,0.03911,0.03911,0.00000,0.0,0
1790835000,0.03912,0.03912,0.03912,0.03912,0.03912,228.52761,1
1790835300,0.03912,0.03912,0.03912,0.03912,0.00000,0.0,0
1790835600,0.03912,0.03912,0.03912,0.03912,0.00000,0.0,0
1790835900,0.03901,0.03901,0.03901,0.03901,0.03901,2000.0,1
1790836200,0.039,0.039,0.039,0.039,0.03900,2557.1632,2
1790836500,0.03889,0.03889,0.03889,0.03889,0.03889,6428.38776,1
1790836800,0.03889,0.03889,0.03889,0.03889,0.00000,0.0,0
1790837100,0.03889,0.03889,0.03889,0.03889,0.00000,0.0,0
1790837400,0.03889,0.03889,0.03889,0.03889,0.03889,10000.0,1
1790837700,0.03889,0.03889,0.03889,0.03889,0.00000,0.0,0
1790838000,0.03889,0.03889,0.03889,0.03889,0.00000,0.0,0
1790838300,0.03889,0.03889,0.03889,0.03889,0.00000,0.0,0
1790838600,0.03861,0.03864,0.03861,0.03864,0.03863,9205.86772,3
1790838900,0.03864,0.03866,0.0386,0.03864,0.03863,44593.49658,7
1790839200,0.0383,0.0383,0.0383,0.0383,0.03830,200.0,1
1790839500,0.03823,0.03823,0.03812,0.03812,0.03812,11965.73177,2
1790839800,0.03812,0.03812,0.03812,0.03812,0.00000,0.0,0
1790840100,0.03812,0.03812,0.03812,0.03812,0.00000,0.0,0
1790840400,0.03834,0.03834,0.03834,0.03834,0.03834,258.73761,1
1790840700,0.03834,0.03834,0.03834,0.03834,0.00000,0.0,0
1790841000,0.03834,0.03834,0.03834,0.03834,0.00000,0.0,0
1790841300,0.03834,0.03834,0.03834,0.03834,0.00000,0.0,0
1790841600,0.03834,0.03834,0.03834,0.03834,0.00000,0.0,0
1790841900,0.0382,0.0382,0.0382,0.0382,0.03820,5394.39475,1
1790842200,0.0382,0.0382,0.0382,0.0382,0.00000,0.0,0
1790842500,0.0382,0.0382,0.0382,0.0382,0.00000,0.0,0
1790842800,0.0382,0.0382,0.0382,0.0382,0.00000,0.0,0
1790843100,0.0382,0.0382,0.0382,0.0382,0.00000,0.0,0
1790843400,0.03817,0.03818,0.03817,0.03818,0.03817,3191.86386,2
1790843700,0.03818,0.03818,0.03818,0.03818,0.00000,0.0,0
1790844000,0.03818,0.03818,0.03818,0.03818,0.00000,0.0,0
1790844300,0.03818,0.03818,0.03818,0.03818,0.00000,0.0,0
1790844600,0.03818,0.03818,0.03818,0.03818,0.00000,0.0,0
1790844900,0.03818,0.03818,0.03818,0.03818,0.00000,0.0,0
1790845200,0.03818,0.03818,0.03818,0.03818,0.00000,0.0,0
1790845500,0.03809,0.03809,0.03806,0.03806,0.03807,15080.61902,3
1790845800,0.03809,0.03809,0.03809,0.03809,0.03809,318.06947,1
1790846100,0.03809,0.03809,0.03809,0.03809,0.00000,0.0,0
1790846400,0.03814,0.03814,0.03814,0.03814,0.03814,6554.79811,2
1790846700,0.03814,0.03819,0.03814,0.03819,0.03816,2569.11749,3
1790847000,0.03819,0.03819,0.03819,0.03819,0.00000,0.0,0
1790847300,0.03818,0.03818,0.03818,0.03818,0.03818,2598.56077,2
1790847600,0.03818,0.03818,0.03818,0.03818,0.00000,0.0,0
1790847900,0.03818,0.03818,0.03818,0.03818,0.00000,0.0,0
1790848200,0.03803,0.03803,0.03802,0.03802,0.03802,13138.65535,3
1790848500,0.03802,0.03802,0.03802,0.03802,0.00000,0.0,0
