time,open,high,low,close,vwap,volume,count
1790463900,0.1272,0.1272,0.1272,0.1272,0.1272,83.0566,1
1790464200,0.1274,0.1274,0.1274,0.1274,0.1274,1962.32339089,1
1790464500,0.1272,0.1276,0.1272,0.1276,0.1272,3983.07304258,3
1790464800,0.1276,0.1276,0.1276,0.1276,0.0000,0.0,0
1790465100,0.1276,0.1276,0.1276,0.1276,0.0000,0.0,0
1790465400,0.1276,0.1276,0.1276,0.1276,0.0000,0.0,0
1790465700,0.1276,0.1276,0.1276,0.1276,0.0000,0.0,0
1790466000,0.1276,0.1276,0.1276,0.1276,0.0000,0.0,0
1790466300,0.1276,0.1276,0.1276,0.1276,0.0000,0.0,0
1790466600,0.1276,0.1276,0.1276,0.1276,0.0000,0.0,0
1790466900,0.1276,0.1276,0.1276,0.1276,0.0000,0.0,0
1790467200,0.1276,0.1276,0.1276,0.1276,0.0000,0.0,0
1790467500,0.1276,0.1276,0.1276,0.1276,0.0000,0.0,0
1790467800,0.127,0.127,0.127,0.127,0.1270,83.0566,1
1790468100,0.127,0.127,0.127,0.127,0.0000,0.0,0
1790468400,0.127,0.127,0.127,0.127,0.0000,0.0,0
1790468700,0.127,0.127,0.127,0.127,0.0000,0.0,0
1790469000,0.127,0.127,0.127,0.127,0.0000,0.0,0
1790469300,0.127,0.127,0.127,0.127,0.0000,0.0,0
1790469600,0.127,0.127,0.127,0.127,0.0000,0.0,0
1790469900,0.1268,0.1268,0.1267,0.1267,0.1267,264.9013,2
1790470200,0.1267,0.1267,0.1267,0.1267,0.0000,0.0,0
1790470500,0.1268,0.1268,0.1267,0.1267,0.1267,2472.31845659,5
1790470800,0.1269,0.1271,0.1269,0.1271,0.1269,453.07447218,3
1790471100,0.1271,0.1271,0.1271,0.1271,0.0000,0.0,0
1790471400,0.1271,0.1271,0.1271,0.1271,0.0000,0.0,0
1790471700,0.1271,0.1271,0.1271,0.1271,0.0000,0.0,0
1790472000,0.1271,0.1271,0.1271,0.1271,0.0000,0.0,0
1790472300,0.1271,0.1271,0.1271,0.1271,0.0000,0.0,0
1790472600,0.1268,0.1268,0.1268,0.1268,0.1268,83.0566,1
1790472900,0.1268,0.1268,0.1268,0.1268,0.0000,0.0,0
1790473200,0.1268,0.1268,0.1268,0.1268,0.0000,0.0,0
1790473500,0.1268,0.1268,0.1268,0.1268,0.0000,0.0,0
1790473800,0.1268,0.1268,0.1268,0.1268,0.0000,0.0,0
1790474100,0.1272,0.1272,0.127,0.127,0.1270,3047.12431341,8
1790474400,0.1272,0.1272,0.1272,0.1272,0.1272,240.46101299,1
1790474700,0.1272,0.1272,0.1272,0.1272,0.0000,0.0,0
1790475000,0.1272,0.1272,0.1272,0.1272,0.0000,0.0,0
1790475300,0.1272,0.1272,0.1272,0.1272,0.0000,0.0,0
1790475600,0.1272,0.1272,0.1272,0.1272,0.0000,0.0,0
1790475900,0.1271,0.1271,0.1271,0.1271,0.1271,1966.95515342,1
1790476200,0.1271,0.1271,0.1271,0.1271,0.0000,0.0,0
1790476500,0.1274,0.1286,0.1274,0.1285,0.1276,58354.82845886,25
1790476800,0.1286,0.1289,0.1284,0.1284,0.1286,3947.7541483,4
1790477100,0.1282,0.1284,0.1281,0.1281,0.1282,8528.25452311,7
1790477400,0.1282,0.1285,0.1282,0.1284,0.1283,3697.23845,9
1790477700,0.1284,0.1288,0.1283,0.1283,0.1284,10353.72016703,10
1790478000,0.1283,0.1285,0.1283,0.1285,0.1283,4541.19882264,3
1790478300,0.1285,0.1287,0.1285,0.1287,0.1285,551.40201769,2
1790478600,0.1287,0.1287,0.1287,0.1287,0.0000,0.0,0
1790478900,0.1291,0.1291,0.1291,0.1291,0.1291,79.41580769,1
1790479200,0.1291,0.1291,0.1291,0.1291,0.0000,0.0,0
1790479500,0.128,0.1284,0.128,0.1284,0.1281,11221.9481,12
1790479800,0.1285,0.1288,0.1283,0.1286,0.1284,13147.93702529,14
1790480100,0.1282,0.1282,0.1282,0.1282,0.1282,302.864,1
1790480400,0.1283,0.1283,0.1283,0.1283,0.1283,1948.5409552,5
1790480700,0.1285,0.1285,0.1285,0.1285,0.1285,83.0566,1
1790481000,0.1285,0.1285,0.1285,0.1285,0.0000,0.0,0
1790481300,0.1284,0.1285,0.1284,0.1285,0.1284,3827.29731856,4
1790481600,0.1282,0.1282,0.1282,0.1282,0.1282,83.0566,1
1790481900,0.1282,0.1282,0.1282,0.1282,0.0000,0.0,0
1790482200,0.1281,0.1283,0.1281,0.1283,0.1282,5130.0101,7
1790482500,0.1283,0.1283,0.1282,0.1282,0.1282,3419.8711,6
1790482800,0.1283,0.1284,0.128,0.128,0.1281,9216.8249,19
1790483100,0.1283,0.1283,0.1282,0.1283,0.1282,5570.7635,7
1790483400,0.1283,0.1283,0.1283,0.1283,0.1283,1708.5348,2
1790483700,0.1281,0.1281,0.128,0.1281,0.1280,4072.7412,3
1790484000,0.128,0.1281,0.1278,0.1278,0.1278,19222.0919,21
1790484300,0.1278,0.128,0.1277,0.1279,0.1278,25151.847,25
1790484600,0.1279,0.1284,0.1278,0.1283,0.1280,28367.6507,26
1790484900,0.1281,0.1281,0.128,0.128,0.1280,1711.3385,2
1790485200,0.128,0.1282,0.128,0.128,0.1280,8137.0935,6
1790485500,0.1282,0.1282,0.1282,0.1282,0.1282,1707.6023,1
1790485800,0.1283,0.1283,0.1283,0.1283,0.1283,1498.0104,1
1790486100,0.1283,0.1283,0.1283,0.1283,0.1283,2993.9187,2
1790486400,0.1283,0.1283,0.1283,0.1283,0.0000,0.0,0
1790486700,0.1285,0.1285,0.1284,0.1284,0.1284,2992.6355,2
1790487000,0.1281,0.1285,0.1281,0.1281,0.1283,14729.12993263,14
1790487300,0.1282,0.1282,0.1281,0.1281,0.1281,2300.79841023,4
1790487600,0.1281,0.1285,0.128,0.1281,0.1281,10770.03907295,17
1790487900,0.1281,0.1282,0.1281,0.1282,0.1281,8823.52000624,7
1790488200,0.1282,0.1282,0.1282,0.1282,0.1282,15256.34852184,6
1790488500,0.1282,0.1282,0.1282,0.1282,0.0000,0.0,0
1790488800,0.1286,0.1287,0.1286,0.1287,0.1286,190.01482617,3
1790489100,0.129,0.129,0.129,0.129,0.1290,83.0566,1
1790489400,0.129,0.129,0.129,0.129,0.0000,0.0,0
1790489700,0.129,0.129,0.129,0.129,0.0000,0.0,0
1790490000,0.129,0.129,0.129,0.129,0.0000,0.0,0
1790490300,0.129,0.129,0.129,0.129,0.0000,0.0,0
1790490600,0.129,0.129,0.129,0.129,0.0000,0.0,0
1790490900,0.1281,0.1281,0.1278,0.1279,0.1279,7258.14329588,13
1790491200,0.128,0.1281,0.128,0.128,0.1280,4278.94251747,6
1790491500,0.128,0.128,0.128,0.128,0.0000,0.0,0
1790491800,0.128,0.128,0.128,0.128,0.0000,0.0,0
1790492100,0.1281,0.1282,0.128,0.128,0.1280,691.58458842,5
1790492400,0.128,0.128,0.1268,0.1271,0.1269,51706.79783985,19
1790492700,0.1271,0.1271,0.1271,0.1271,0.0000,0.0,0
1790493000,0.1271,0.1271,0.1271,0.1271,0.0000,0.0,0
1790493300,0.1271,0.1271,0.1271,0.1271,0.0000,0.0,0
1790493600,0.1271,0.1271,0.1271,0.1271,0.0000,0.0,0
1790493900,0.1271,0.1271,0.1271,0.1271,0.0000,0.0,0
1790494200,0.1284,0.1288,0.1284,0.1288,0.1284,3158.23587439,4
1790494500,0.1288,0.1288,0.1288,0.1288,0.0000,0.0,0
1790494800,0.1283,0.1283,0.1283,0.1283,0.1283,358.46251179,3
1790495100,0.1283,0.1283,0.1283,0.1283,0.0000,0.0,0
1790495400,0.1283,0.1283,0.1283,0.1283,0.0000,0.0,0
1790495700,0.1283,0.1283,0.1283,0.1283,0.0000,0.0,0
1790496000,0.1283,0.1283,0.1283,0.1283,0.0000,0.0,0
1790496300,0.128,0.1284,0.128,0.1284,0.1282,1051.45230038,7
1790496600,0.1284,0.1284,0.1284,0.1284,0.0000,0.0,0
1790496900,0.1286,0.1286,0.1283,0.1283,0.1285,5521.55346799,3
1790497200,0.1283,0.1283,0.1281,0.1281,0.1282,177.16119859,3
1790497500,0.1281,0.1281,0.1281,0.1281,0.0000,0.0,0
1790497800,0.1281,0.1281,0.1281,0.1281,0.0000,0.0,0
1790498100,0.1281,0.1281,0.1281,0.1281,0.0000,0.0,0
1790498400,0.1281,0.1281,0.1281,0.1281,0.0000,0.0,0
1790498700,0.1274,0.1274,0.1274,0.1274,0.1274,4695.44740973,5
1790499000,0.1274,0.1274,0.1274,0.1274,0.0000,0.0,0
1790499300,0.1274,0.1274,0.1274,0.1274,0.0000,0.0,0
1790499600,0.1274,0.1274,0.1274,0.1274,0.0000,0.0,0
1790499900,0.1261,0.1261,0.1258,0.1258,0.1260,1104.50357284,4
1790500200,0.1259,0.1259,0.1259,0.1259,0.1259,272.6462,1
1790500500,0.1259,0.1259,0.1259,0.1259,0.0000,0.0,0
1790500800,0.1264,0.1265,0.1264,0.1265,0.1264,443.90318188,3
1790501100,0.1264,0.1264,0.1264,0.1264,0.1264,687.8716,1
1790501400,0.1264,0.1264,0.1263,0.1264,0.1263,469.56119995,6
1790501700,0.1265,0.1265,0.1265,0.1265,0.1265,83.0566,1
1790502000,0.1266,0.1267,0.1266,0.1267,0.1266,2053.65013696,2
1790502300,0.1267,0.1267,0.1267,0.1267,0.0000,0.0,0
1790502600,0.1267,0.1267,0.1267,0.1267,0.0000,0.0,0
1790502900,0.1267,0.1267,0.1267,0.1267,0.0000,0.0,0
1790503200,0.1267,0.1267,0.1267,0.1267,0.0000,0.0,0
1790503500,0.1267,0.1267,0.1267,0.1267,0.0000,0.0,0
1790503800,0.1267,0.1267,0.1267,0.1267,0.0000,0.0,0
1790504100,0.1267,0.1267,0.1267,0.1267,0.0000,0.0,0
1790504400,0.1267,0.1267,0.1267,0.1267,0.0000,0.0,0
1790504700,0.1267,0.1267,0.1267,0.1267,0.0000,0.0,0
1790505000,0.1267,0.1267,0.1267,0.1267,0.0000,0.0,0
1790505300,0.1267,0.1267,0.1267,0.1267,0.0000,0.0,0
1790505600,0.1267,0.1267,0.1267,0.1267,0.0000,0.0,0
1790505900,0.1267,0.1267,0.1267,0.1267,0.0000,0.0,0
1790506200,0.1267,0.1267,0.1267,0.1267,0.0000,0.0,0
1790506500,0.1267,0.1267,0.1267,0.1267,0.0000,0.0,0
1790506800,0.1262,0.1262,0.126,0.1261,0.1260,4012.02443187,7
1790507100,0.1261,0.1261,0.1261,0.1261,0.0000,0.0,0
1790507400,0.1261,0.1261,0.1261,0.1261,0.0000,0.0,0
1790507700,0.1261,0.1261,0.1261,0.1261,0.0000,0.0,0
1790508000,0.1255,0.1255,0.1254,0.1254,0.1254,1319.77490536,3
1790508300,0.126,0.126,0.126,0.126,0.1260,83.0566,1
1790508600,0.1261,0.1261,0.1261,0.1261,0.1261,83.0566,1
1790508900,0.1261,0.1261,0.1261,0.1261,0.0000,0.0,0
1790509200,0.1261,0.1261,0.1261,0.1261,0.0000,0.0,0
1790509500,0.1261,0.1261,0.1261,0.1261,0.0000,0.0,0
1790509800,0.1261,0.1261,0.1261,0.1261,0.0000,0.0,0
1790510100,0.1261,0.1261,0.1261,0.1261,0.0000,0.0,0
1790510400,0.1261,0.1261,0.1261,0.1261,0.0000,0.0,0
1790510700,0.1261,0.1261,0.1261,0.1261,0.0000,0.0,0
1790511000,0.1261,0.1261,0.1261,0.1261,0.0000,0.0,0
1790511300,0.1261,0.1261,0.1261,0.1261,0.0000,0.0,0
1790511600,0.1261,0.1261,0.1261,0.1261,0.0000,0.0,0
1790511900,0.1261,0.1261,0.1261,0.1261,0.0000,0.0,0
1790512200,0.126,0.126,0.126,0.126,0.1260,115.27766948,2
1790512500,0.126,0.126,0.126,0.126,0.0000,0.0,0
1790512800,0.126,0.126,0.126,0.126,0.0000,0.0,0
1790513100,0.1258,0.1258,0.1257,0.1257,0.1257,162.76006496,2
1790513400,0.1257,0.1257,0.1257,0.1257,0.0000,0.0,0
1790513700,0.1253,0.1254,0.1253,0.1253,0.1253,377.93549536,5
1790514000,0.1249,0.1249,0.1248,0.1248,0.1248,497.40616314,4
1790514300,0.1244,0.1245,0.1244,0.1245,0.1244,384.6575,2
1790514600,0.1244,0.1244,0.1244,0.1244,0.1244,1.856e-05,1
1790514900,0.1246,0.1246,0.1245,0.1246,0.1245,27748.03626562,9
1790515200,0.1248,0.1248,0.1248,0.1248,0.1248,10636.69741281,3
1790515500,0.1248,0.1248,0.1248,0.1248,0.0000,0.0,0
1790515800,0.1248,0.1248,0.1248,0.1248,0.0000,0.0,0
1790516100,0.1248,0.1248,0.1248,0.1248,0.0000,0.0,0
1790516400,0.1248,0.1248,0.1248,0.1248,0.0000,0.0,0
1790516700,0.1248,0.1248,0.1248,0.1248,0.0000,0.0,0
1790517000,0.1248,0.1248,0.1248,0.1248,0.0000,0.0,0
1790517300,0.1248,0.1248,0.1248,0.1248,0.0000,0.0,0
1790517600,0.1257,0.1257,0.1257,0.1257,0.1257,7955.44948289,2
1790517900,0.1268,0.1269,0.1268,0.1269,0.1268,916.48716666,2
1790518200,0.1269,0.1269,0.1269,0.1269,0.1269,216.77779154,2
1790518500,0.1267,0.1267,0.1267,0.1267,0.1267,506.5114,4
1790518800,0.1264,0.1264,0.1262,0.1262,0.1262,390.1845,2
1790519100,0.126,0.126,0.126,0.126,0.1260,107.864,1
1790519400,0.126,0.126,0.126,0.126,0.0000,0.0,0
1790519700,0.126,0.126,0.126,0.126,0.0000,0.0,0
1790520000,0.1252,0.1258,0.1252,0.1258,0.1256,2324.89749297,5
1790520300,0.1258,0.1258,0.1258,0.1258,0.0000,0.0,0
1790520600,0.1258,0.1258,0.1258,0.1258,0.0000,0.0,0
1790520900,0.1258,0.1258,0.1258,0.1258,0.0000,0.0,0
1790521200,0.1258,0.1258,0.1258,0.1258,0.0000,0.0,0
1790521500,0.1246,0.1246,0.1246,0.1246,0.1246,77.54526515,1
1790521800,0.1247,0.1247,0.1247,0.1247,0.1247,83.0566,1
1790522100,0.1251,0.1251,0.1247,0.1247,0.1247,2421.9770091,3
1790522400,0.1247,0.1247,0.1247,0.1247,0.1247,8019.24619084,4
1790522700,0.1247,0.1247,0.1247,0.1247,0.0000,0.0,0
1790523000,0.1247,0.1247,0.1247,0.1247,0.0000,0.0,0
1790523300,0.1243,0.1243,0.1239,0.1239,0.1242,1924.7742,3
1790523600,0.1239,0.1239,0.1239,0.1239,0.0000,0.0,0
1790523900,0.1241,0.1241,0.1239,0.1239,0.1239,19144.30923407,7
1790524200,0.1239,0.1239,0.1239,0.1239,0.0000,0.0,0
1790524500,0.1239,0.1239,0.1239,0.1239,0.0000,0.0,0
1790524800,0.1239,0.1239,0.1239,0.1239,0.0000,0.0,0
1790525100,0.1239,0.1239,0.1239,0.1239,0.0000,0.0,0
1790525400,0.1239,0.1239,0.1239,0.1239,0.0000,0.0,0
1790525700,0.1255,0.1255,0.1255,0.1255,0.1255,83.0566,1
1790526000,0.1255,0.1255,0.1255,0.1255,0.0000,0.0,0
1790526300,0.1255,0.1255,0.1255,0.1255,0.0000,0.0,0
1790526600,0.1253,0.1253,0.1253,0.1253,0.1253,83.0566,1
1790526900,0.1255,0.1255,0.1255,0.1255,0.1255,974.8165,2
1790527200,0.1255,0.1255,0.1255,0.1255,0.0000,0.0,0
1790527500,0.1255,0.1255,0.1255,0.1255,0.0000,0.0,0
1790527800,0.1255,0.1255,0.1255,0.1255,0.0000,0.0,0
1790528100,0.1255,0.1255,0.1255,0.1255,0.0000,0.0,0
1790528400,0.1255,0.1255,0.1255,0.1255,0.0000,0.0,0
1790528700,0.1255,0.1255,0.1255,0.1255,0.0000,0.0,0
1790529000,0.1255,0.1255,0.1255,0.1255,0.0000,0.0,0
1790529300,0.1255,0.1255,0.1255,0.1255,0.0000,0.0,0
1790529600,0.1255,0.1256,0.1255,0.1256,0.1255,230.58844713,3
1790529900,0.1256,0.1256,0.1256,0.1256,0.0000,0.0,0
1790530200,0.1256,0.1256,0.1256,0.1256,0.0000,0.0,0
1790530500,0.1256,0.1256,0.1256,0.1256,0.0000,0.0,0
1790530800,0.1253,0.1253,0.1253,0.1253,0.1253,3904.22984829,6
1790531100,0.1253,0.1253,0.1253,0.1253,0.0000,0.0,0
1790531400,0.1254,0.1254,0.1254,0.1254,0.1254,7972.89311651,2
1790531700,0.1254,0.1254,0.1254,0.1254,0.0000,0.0,0
1790532000,0.1254,0.1254,0.1254,0.1254,0.0000,0.0,0
1790532300,0.1255,0.1255,0.1255,0.1255,0.1255,1992.0318725,1
1790532600,0.1257,0.1257,0.1242,0.1257,0.1253,89550.91159806,49
1790532900,0.1259,0.1259,0.1258,0.1258,0.1258,7945.96867576,4
1790533200,0.1258,0.1258,0.1258,0.1258,0.1258,83.0566,1
1790533500,0.1258,0.1258,0.1258,0.1258,0.0000,0.0,0
1790533800,0.1258,0.1258,0.1258,0.1258,0.0000,0.0,0
1790534100,0.1258,0.1258,0.1258,0.1258,0.0000,0.0,0
1790534400,0.1258,0.1258,0.1258,0.1258,0.0000,0.0,0
1790534700,0.1258,0.1258,0.1258,0.1258,0.0000,0.0,0
1790535000,0.1258,0.1258,0.1258,0.1258,0.0000,0.0,0
1790535300,0.1269,0.1269,0.1269,0.1269,0.1269,83.0566,1
1790535600,0.1269,0.1269,0.1269,0.1269,0.0000,0.0,0
1790535900,0.1269,0.1269,0.1269,0.1269,0.0000,0.0,0
1790536200,0.1269,0.1269,0.1269,0.1269,0.0000,0.0,0
1790536500,0.1269,0.1269,0.1269,0.1269,0.0000,0.0,0
1790536800,0.1272,0.1281,0.1272,0.1281,0.1275,2702.90724946,11
1790537100,0.1281,0.1281,0.1281,0.1281,0.0000,0.0,0
1790537400,0.1281,0.1281,0.1281,0.1281,0.0000,0.0,0
1790537700,0.1281,0.1281,0.1281,0.1281,0.0000,0.0,0
1790538000,0.1281,0.1281,0.1281,0.1281,0.0000,0.0,0
1790538300,0.1281,0.1281,0.1281,0.1281,0.0000,0.0,0
1790538600,0.1266,0.1266,0.1265,0.1265,0.1265,119.9,2
1790538900,0.1265,0.1265,0.1265,0.1265,0.0000,0.0,0
1790539200,0.1266,0.1274,0.1266,0.1274,0.1268,3692.33204067,6
1790539500,0.1277,0.1277,0.1276,0.1276,0.1276,338.67437349,2
1790539800,0.1281,0.1281,0.128,0.128,0.1280,3412.49491225,4
1790540100,0.1278,0.1278,0.1278,0.1278,0.1278,1956.18153364,2
1790540400,0.1275,0.1275,0.1275,0.1275,0.1275,223.0566,3
1790540700,0.1273,0.1273,0.1273,0.1273,0.1273,83.0566,1
1790541000,0.1273,0.1273,0.1273,0.1273,0.0000,0.0,0
1790541300,0.1273,0.1273,0.1273,0.1273,0.0000,0.0,0
1790541600,0.1286,0.1286,0.1283,0.1283,0.1283,494.29625289,4
1790541900,0.1283,0.1283,0.1283,0.1283,0.0000,0.0,0
1790542200,0.1282,0.1282,0.1282,0.1282,0.1282,83.0566,1
1790542500,0.1288,0.1288,0.1288,0.1288,0.1288,83.0566,1
1790542800,0.1288,0.1288,0.1288,0.1288,0.0000,0.0,0
1790543100,0.1286,0.1296,0.1286,0.1296,0.1286,5841.88221779,10
1790543400,0.13,0.1306,0.13,0.1306,0.1301,2083.15252597,6
1790543700,0.1301,0.1301,0.1296,0.1296,0.1299,6771.08203823,6
1790544000,0.1296,0.1296,0.1296,0.1296,0.0000,0.0,0
1790544300,0.1297,0.1297,0.1293,0.1293,0.1295,273.05413194,2
1790544600,0.1288,0.1288,0.1287,0.1287,0.1287,18249.52801864,4
1790544900,0.1287,0.1287,0.1287,0.1287,0.0000,0.0,0
1790545200,0.1286,0.1286,0.1286,0.1286,0.1286,123.47999999,1
1790545500,0.1292,0.1292,0.1292,0.1292,0.1292,1934.98452012,1
1790545800,0.1301,0.1301,0.1301,0.1301,0.1301,1787.74884288,1
1790546100,0.1301,0.1301,0.1301,0.1301,0.0000,0.0,0
1790546400,0.1291,0.1291,0.1291,0.1291,0.1291,413.93647792,1
1790546700,0.1284,0.1284,0.1281,0.1281,0.1283,377.99079402,4
1790547000,0.1281,0.1281,0.1281,0.1281,0.0000,0.0,0
1790547300,0.1281,0.1281,0.1281,0.1281,0.0000,0.0,0
1790547600,0.1285,0.1285,0.1285,0.1285,0.1285,2177.7601,2
1790547900,0.1285,0.1285,0.1285,0.1285,0.0000,0.0,0
1790548200,0.1285,0.1285,0.1285,0.1285,0.0000,0.0,0
1790548500,0.1285,0.1285,0.1285,0.1285,0.0000,0.0,0
1790548800,0.1277,0.1277,0.1277,0.1277,0.1277,125.99999999,1
1790549100,0.1277,0.1277,0.1277,0.1277,0.0000,0.0,0
1790549400,0.1277,0.1277,0.1277,0.1277,0.0000,0.0,0
1790549700,0.1277,0.1277,0.1277,0.1277,0.0000,0.0,0
1790550000,0.1277,0.1277,0.1277,0.1277,0.0000,0.0,0
1790550300,0.1277,0.1277,0.1277,0.1277,0.0000,0.0,0
1790550600,0.1275,0.1275,0.1275,0.1275,0.1275,2000.0,3
1790550900,0.1275,0.1275,0.1275,0.1275,0.0000,0.0,0
1790551200,0.1275,0.1275,0.1275,0.1275,0.0000,0.0,0
1790551500,0.1275,0.1275,0.1275,0.1275,0.0000,0.0,0
1790551800,0.1275,0.1275,0.1275,0.1275,0.0000,0.0,0
1790552100,0.128,0.128,0.1279,0.1279,0.1279,5385.86664386,3
1790552400,0.1285,0.1286,0.1285,0.1286,0.1285,3045.76750764,3
1790552700,0.129,0.129,0.129,0.129,0.1290,243.1315,1
1790553000,0.129,0.129,0.129,0.129,0.0000,0.0,0
1790553300,0.129,0.129,0.129,0.129,0.0000,0.0,0
1790553600,0.1296,0.132,0.1277,0.1294,0.1297,115906.70644361,93
1790553900,0.1294,0.1294,0.1294,0.1294,0.0000,0.0,0
1790554200,0.1294,0.1294,0.1294,0.1294,0.0000,0.0,0
1790554500,0.1294,0.1294,0.1294,0.1294,0.0000,0.0,0
1790554800,0.1294,0.1294,0.1294,0.1294,0.0000,0.0,0
1790555100,0.1294,0.1294,0.1294,0.1294,0.0000,0.0,0
1790555400,0.1294,0.1294,0.1294,0.1294,0.0000,0.0,0
1790555700,0.1273,0.1273,0.1268,0.1268,0.1270,159.03750221,2
1790556000,0.1268,0.1268,0.1268,0.1268,0.0000,0.0,0
1790556300,0.1268,0.1268,0.1268,0.1268,0.0000,0.0,0
1790556600,0.1268,0.1268,0.1268,0.1268,0.0000,0.0,0
1790556900,0.1268,0.1268,0.1268,0.1268,0.0000,0.0,0
1790557200,0.1268,0.1268,0.1268,0.1268,0.0000,0.0,0
1790557500,0.1268,0.1268,0.1268,0.1268,0.0000,0.0,0
1790557800,0.1268,0.1268,0.1268,0.1268,0.0000,0.0,0
1790558100,0.1268,0.1268,0.1268,0.1268,0.0000,0.0,0
1790558400,0.1268,0.1268,0.1268,0.1268,0.0000,0.0,0
1790558700,0.1268,0.1268,0.1268,0.1268,0.0000,0.0,0
1790559000,0.1273,0.1273,0.1273,0.1273,0.1273,2000.0,1
1790559300,0.1263,0.1266,0.1262,0.1266,0.1265,21398.52978315,7
1790559600,0.1266,0.1266,0.1266,0.1266,0.0000,0.0,0
1790559900,0.1258,0.1258,0.1249,0.1249,0.1253,241.81797285,3
1790560200,0.1249,0.1249,0.1249,0.1249,0.0000,0.0,0
1790560500,0.1252,0.1252,0.1252,0.1252,0.1252,1996.80511182,1
1790560800,0.1252,0.1252,0.1252,0.1252,0.0000,0.0,0
1790561100,0.1252,0.1252,0.1252,0.1252,0.0000,0.0,0
1790561400,0.1252,0.1252,0.1252,0.1252,0.0000,0.0,0
1790561700,0.1252,0.1252,0.1252,0.1252,0.0000,0.0,0
1790562000,0.1254,0.1255,0.1254,0.1255,0.1254,2415.80937864,2
1790562300,0.1255,0.1255,0.1255,0.1255,0.0000,0.0,0
1790562600,0.1244,0.1244,0.1244,0.1244,0.1244,77.04045392,1
1790562900,0.1244,0.1244,0.1244,0.1244,0.0000,0.0,0
1790563200,0.1244,0.1244,0.1244,0.1244,0.0000,0.0,0
1790563500,0.1244,0.1244,0.1244,0.1244,0.1244,4.19290933,1
1790563800,0.1244,0.1244,0.1244,0.1244,0.0000,0.0,0
1790564100,0.1244,0.1244,0.1244,0.1244,0.0000,0.0,0
1790564400,0.1246,0.1246,0.1246,0.1246,0.1246,8619.5018,3
1790564700,0.1246,0.1246,0.1246,0.1246,0.0000,0.0,0
1790565000,0.1239,0.1239,0.1239,0.1239,0.1239,2000.0,2
1790565300,0.1239,0.1239,0.1239,0.1239,0.0000,0.0,0
1790565600,0.1244,0.1244,0.1244,0.1244,0.1244,2000.0,1
1790565900,0.1234,0.1234,0.1229,0.1229,0.1230,6261.61106103,5
1790566200,0.1226,0.1226,0.1222,0.1222,0.1223,14015.9450635,18
1790566500,0.1222,0.1222,0.1222,0.1222,0.0000,0.0,0
1790566800,0.1235,0.1235,0.1235,0.1235,0.1235,200.0,2
1790567100,0.1235,0.1235,0.1235,0.1235,0.0000,0.0,0
1790567400,0.1235,0.1235,0.1235,0.1235,0.0000,0.0,0
1790567700,0.1235,0.1235,0.1235,0.1235,0.0000,0.0,0
1790568000,0.1235,0.1235,0.1235,0.1235,0.0000,0.0,0
1790568300,0.1232,0.1232,0.1232,0.1232,0.1232,4853.65318519,1
1790568600,0.1232,0.1232,0.1232,0.1232,0.0000,0.0,0
1790568900,0.1239,0.1239,0.1239,0.1239,0.1239,423.7775,1
1790569200,0.1239,0.1239,0.1239,0.1239,0.0000,0.0,0
1790569500,0.1242,0.1242,0.1242,0.1242,0.1242,2377.0068,3
1790569800,0.1242,0.1242,0.1242,0.1242,0.0000,0.0,0
1790570100,0.1242,0.1242,0.1242,0.1242,0.0000,0.0,0
1790570400,0.1242,0.1242,0.1242,0.1242,0.0000,0.0,0
1790570700,0.1242,0.1242,0.1242,0.1242,0.0000,0.0,0
1790571000,0.1242,0.1242,0.1242,0.1242,0.0000,0.0,0
1790571300,0.1242,0.1242,0.1242,0.1242,0.0000,0.0,0
1790571600,0.1242,0.1242,0.1242,0.1242,0.0000,0.0,0
1790571900,0.1242,0.1242,0.1242,0.1242,0.0000,0.0,0
1790572200,0.1243,0.1244,0.1238,0.1238,0.1242,1152.85396045,5
1790572500,0.1238,0.1238,0.1238,0.1238,0.0000,0.0,0
1790572800,0.1235,0.1235,0.1235,0.1235,0.1235,1235.03854804,1
1790573100,0.1235,0.1235,0.1235,0.1235,0.0000,0.0,0
1790573400,0.1235,0.1235,0.1235,0.1235,0.0000,0.0,0
1790573700,0.1224,0.1225,0.1224,0.1225,0.1224,23252.79414052,5
1790574000,0.1225,0.1225,0.1225,0.1225,0.0000,0.0,0
1790574300,0.1225,0.1225,0.1225,0.1225,0.0000,0.0,0
1790574600,0.1225,0.1225,0.1225,0.1225,0.0000,0.0,0
1790574900,0.1225,0.1225,0.1225,0.1225,0.0000,0.0,0
1790575200,0.124,0.124,0.124,0.124,0.1240,1000.0,1
1790575500,0.124,0.124,0.124,0.124,0.0000,0.0,0
1790575800,0.1257,0.1259,0.1257,0.1259,0.1258,6038.71052989,2
1790576100,0.1259,0.1259,0.1259,0.1259,0.0000,0.0,0
1790576400,0.1245,0.1245,0.1245,0.1245,0.1245,251.99649328,2
1790576700,0.1236,0.1243,0.1236,0.1243,0.1239,71709.19471559,16
1790577000,0.1243,0.1243,0.1243,0.1243,0.0000,0.0,0
1790577300,0.1258,0.1258,0.1258,0.1258,0.1258,6244.21769904,3
1790577600,0.1251,0.1251,0.1251,0.1251,0.1251,70.0,1
1790577900,0.1251,0.1251,0.1251,0.1251,0.0000,0.0,0
1790578200,0.1251,0.1251,0.1251,0.1251,0.0000,0.0,0
1790578500,0.1251,0.1251,0.1251,0.1251,0.0000,0.0,0
1790578800,0.1251,0.1251,0.1251,0.1251,0.0000,0.0,0
1790579100,0.1251,0.1251,0.1251,0.1251,0.0000,0.0,0
1790579400,0.1251,0.1251,0.1251,0.1251,0.0000,0.0,0
1790579700,0.1251,0.1251,0.1251,0.1251,0.0000,0.0,0
1790580000,0.1251,0.1251,0.1251,0.1251,0.0000,0.0,0
1790580300,0.1237,0.1237,0.1237,0.1237,0.1237,676.12063628,1
1790580600,0.1243,0.1243,0.1243,0.1243,0.1243,8044.8400895,2
1790580900,0.1243,0.1243,0.1243,0.1243,0.0000,0.0,0
1790581200,0.1243,0.1243,0.1243,0.1243,0.0000,0.0,0
1790581500,0.1243,0.1243,0.1243,0.1243,0.0000,0.0,0
1790581800,0.1243,0.1243,0.1243,0.1243,0.0000,0.0,0
1790582100,0.1243,0.1243,0.1243,0.1243,0.0000,0.0,0
1790582400,0.1243,0.1243,0.1243,0.1243,0.0000,0.0,0
1790582700,0.1243,0.1243,0.1243,0.1243,0.0000,0.0,0
1790583000,0.1243,0.1243,0.1243,0.1243,0.0000,0.0,0
1790583300,0.1243,0.1243,0.1243,0.1243,0.0000,0.0,0
1790583600,0.1243,0.1243,0.1243,0.1243,0.0000,0.0,0
1790583900,0.1243,0.1243,0.1243,0.1243,0.0000,0.0,0
1790584200,0.1243,0.1243,0.1243,0.1243,0.0000,0.0,0
1790584500,0.1243,0.1243,0.1243,0.1243,0.0000,0.0,0
1790584800,0.1243,0.1243,0.1243,0.1243,0.0000,0.0,0
1790585100,0.1243,0.1243,0.1243,0.1243,0.0000,0.0,0
1790585400,0.1244,0.1248,0.1242,0.1248,0.1246,168642.22103991,32
1790585700,0.1248,0.1248,0.1248,0.1248,0.0000,0.0,0
1790586000,0.1248,0.1248,0.1248,0.1248,0.0000,0.0,0
1790586300,0.1248,0.1248,0.1248,0.1248,0.0000,0.0,0
1790586600,0.1262,0.1262,0.1261,0.1261,0.1261,207.28588372,3
1790586900,0.1267,0.1271,0.1267,0.1271,0.1268,161.62933066,4
1790587200,0.1263,0.1263,0.126,0.126,0.1262,11198.96446714,7
1790587500,0.1259,0.1259,0.1256,0.1256,0.1258,1053.90798804,4
1790587800,0.1256,0.1256,0.1256,0.1256,0.1256,129.3616,1
1790588100,0.1249,0.1249,0.1248,0.1248,0.1248,2078.45916254,2
1790588400,0.1248,0.1248,0.1248,0.1248,0.1248,4006.4102564,2
1790588700,0.1248,0.1248,0.1248,0.1248,0.0000,0.0,0
1790589000,0.1248,0.1248,0.1248,0.1248,0.0000,0.0,0
1790589300,0.1248,0.1248,0.1248,0.1248,0.0000,0.0,0
1790589600,0.1248,0.1248,0.1248,0.1248,0.0000,0.0,0
1790589900,0.1248,0.1248,0.1248,0.1248,0.0000,0.0,0
1790590200,0.1248,0.1248,0.1248,0.1248,0.0000,0.0,0
1790590500,0.1248,0.1248,0.1248,0.1248,0.0000,0.0,0
1790590800,0.1248,0.1248,0.1248,0.1248,0.0000,0.0,0
1790591100,0.1248,0.1248,0.1248,0.1248,0.0000,0.0,0
1790591400,0.1248,0.1248,0.1248,0.1248,0.0000,0.0,0
1790591700,0.1248,0.1248,0.1248,0.1248,0.0000,0.0,0
1790592000,0.1248,0.1248,0.1248,0.1248,0.0000,0.0,0
1790592300,0.1248,0.1248,0.1248,0.1248,0.0000,0.0,0
1790592600,0.1247,0.1247,0.1247,0.1247,0.1247,2000.0,1
1790592900,0.1247,0.1247,0.1247,0.1247,0.0000,0.0,0
1790593200,0.1248,0.1255,0.1245,0.1255,0.1247,20151.89265901,27
1790593500,0.1255,0.1255,0.1255,0.1255,0.0000,0.0,0
1790593800,0.1249,0.125,0.1249,0.1249,0.1249,4606.58063679,4
1790594100,0.1249,0.1249,0.1249,0.1249,0.0000,0.0,0
1790594400,0.1249,0.1249,0.1249,0.1249,0.1249,92.65741018,1
1790594700,0.1249,0.1249,0.1249,0.1249,0.0000,0.0,0
1790595000,0.1249,0.1249,0.1249,0.1249,0.0000,0.0,0
1790595300,0.1249,0.1249,0.1249,0.1249,0.0000,0.0,0
1790595600,0.1249,0.1249,0.1249,0.1249,0.0000,0.0,0
1790595900,0.1249,0.1249,0.1249,0.1249,0.0000,0.0,0
1790596200,0.1249,0.1249,0.1249,0.1249,0.0000,0.0,0
1790596500,0.1249,0.1249,0.1249,0.1249,0.0000,0.0,0
1790596800,0.1249,0.1249,0.1249,0.1249,0.0000,0.0,0
1790597100,0.1261,0.1261,0.1261,0.1261,0.1261,92.27,1
1790597400,0.1276,0.1276,0.1276,0.1276,0.1276,80.34587665,1
1790597700,0.1276,0.1276,0.1276,0.1276,0.0000,0.0,0
1790598000,0.128,0.1281,0.1278,0.1278,0.1279,8619.56279931,8
1790598300,0.1276,0.1277,0.1273,0.1274,0.1274,6467.6639005,9
1790598600,0.1284,0.1291,0.1284,0.1291,0.1288,3449.73795882,5
1790598900,0.1287,0.1287,0.1287,0.1287,0.1287,1942.4763201,1
1790599200,0.1288,0.1288,0.1287,0.1287,0.1287,4192.5112715,4
1790599500,0.1287,0.1287,0.1287,0.1287,0.0000,0.0,0
1790599800,0.1283,0.1283,0.1283,0.1283,0.1283,1948.4980723,1
1790600100,0.129,0.129,0.1285,0.1287,0.1287,2802.29106069,3
1790600400,0.1283,0.1283,0.1283,0.1283,0.1283,653.2648436,1
1790600700,0.1287,0.1287,0.1281,0.1281,0.1284,7936.5853691,6
1790601000,0.1282,0.1282,0.1282,0.1282,0.1282,1950.0608404,1
1790601300,0.1288,0.1288,0.1288,0.1288,0.1288,474.696384,1
1790601600,0.1296,0.1296,0.1293,0.1296,0.1293,3279.10964007,7
1790601900,0.1296,0.1296,0.1296,0.1296,0.0000,0.0,0
1790602200,0.1292,0.1292,0.1292,0.1292,0.1292,1934.873823,1
1790602500,0.1296,0.1296,0.1296,0.1296,0.1296,1162.1909522,1
1790602800,0.1292,0.1292,0.1292,0.1292,0.1292,2556.77132012,2
1790603100,0.1286,0.1286,0.1285,0.1286,0.1285,8050.90221685,4
1790603400,0.1278,0.1278,0.1278,0.1278,0.1278,1954.65207193,1
1790603700,0.1278,0.1278,0.1278,0.1278,0.0000,0.0,0
1790604000,0.1274,0.1274,0.1274,0.1274,0.1274,1962.2715863,1
1790604300,0.1274,0.1274,0.1274,0.1274,0.0000,0.0,0
1790604600,0.1279,0.128,0.1279,0.128,0.1279,797.7517269,2
1790604900,0.128,0.128,0.128,0.128,0.0000,0.0,0
1790605200,0.128,0.128,0.128,0.128,0.0000,0.0,0
1790605500,0.1274,0.1274,0.1274,0.1274,0.1274,1431.9466248,1
1790605800,0.1265,0.1265,0.1265,0.1265,0.1265,944.16841526,3
1790606100,0.1265,0.1265,0.1265,0.1265,0.1265,1695.4104,3
1790606400,0.1258,0.1258,0.1249,0.1249,0.1251,1669.47159399,5
1790606700,0.1249,0.1249,0.1249,0.1249,0.0000,0.0,0
1790607000,0.126,0.126,0.126,0.126,0.1260,429.1691,1
1790607300,0.1256,0.1256,0.1256,0.1256,0.1256,418.66042847,1
1790607600,0.1256,0.1256,0.1256,0.1256,0.0000,0.0,0
1790607900,0.1261,0.1261,0.1259,0.1259,0.1259,572.9623951,3
1790608200,0.1259,0.1259,0.1259,0.1259,0.0000,0.0,0
1790608500,0.1259,0.1259,0.1259,0.1259,0.0000,0.0,0
1790608800,0.1259,0.1259,0.1259,0.1259,0.0000,0.0,0
1790609100,0.1259,0.1259,0.1259,0.1259,0.0000,0.0,0
1790609400,0.1259,0.1259,0.1259,0.1259,0.0000,0.0,0
1790609700,0.127,0.127,0.127,0.127,0.1270,308.3305,1
1790610000,0.127,0.127,0.127,0.127,0.0000,0.0,0
1790610300,0.127,0.127,0.127,0.127,0.0000,0.0,0
1790610600,0.127,0.127,0.127,0.127,0.0000,0.0,0
1790610900,0.127,0.127,0.127,0.127,0.0000,0.0,0
1790611200,0.1265,0.1265,0.1256,0.1256,0.1261,3432.90088498,4
1790611500,0.1256,0.1256,0.1256,0.1256,0.0000,0.0,0
1790611800,0.1256,0.1256,0.1256,0.1256,0.0000,0.0,0
1790612100,0.1262,0.1273,0.1262,0.1273,0.1267,14347.08562235,8
1790612400,0.1276,0.1281,0.1276,0.1281,0.1276,2490.8988342,2
1790612700,0.1276,0.1276,0.1275,0.1275,0.1275,761.7798,2
1790613000,0.1281,0.1281,0.1281,0.1281,0.1281,1.39820762,1
1790613300,0.1281,0.1281,0.1281,0.1281,0.0000,0.0,0
1790613600,0.1281,0.1281,0.1281,0.1281,0.0000,0.0,0
1790613900,0.1281,0.1281,0.1281,0.1281,0.0000,0.0,0
1790614200,0.1281,0.1281,0.1281,0.1281,0.0000,0.0,0
1790614500,0.1281,0.1281,0.1281,0.1281,0.0000,0.0,0
1790614800,0.1265,0.1265,0.1265,0.1265,0.1265,1976.2845,1
1790615100,0.1265,0.1265,0.1265,0.1265,0.0000,0.0,0
1790615400,0.1265,0.1265,0.1265,0.1265,0.0000,0.0,0
1790615700,0.1277,0.1277,0.1277,0.1277,0.1277,1957.7133,1
1790616000,0.1277,0.1277,0.1277,0.1277,0.0000,0.0,0
1790616300,0.1277,0.1277,0.1277,0.1277,0.0000,0.0,0
1790616600,0.1277,0.1277,0.1277,0.1277,0.0000,0.0,0
1790616900,0.1285,0.1291,0.1281,0.1281,0.1283,1241.39885538,5
1790617200,0.1283,0.1283,0.1283,0.1283,0.1283,251.0211,1
1790617500,0.1285,0.1286,0.1285,0.1285,0.1285,4181.44975842,4
1790617800,0.1292,0.1292,0.1282,0.1282,0.1286,8785.37666315,9
1790618100,0.1279,0.1285,0.1279,0.1285,0.1281,6871.51135592,6
1790618400,0.1279,0.1284,0.1279,0.1284,0.1280,1426.03090337,2
1790618700,0.1287,0.1294,0.1287,0.1294,0.1289,307.83164716,2
1790619000,0.1293,0.1299,0.1293,0.1299,0.1296,20000.0,6
1790619300,0.1294,0.1294,0.1287,0.1287,0.1292,6616.329317,7
1790619600,0.1287,0.1287,0.1287,0.1287,0.0000,0.0,0
1790619900,0.128,0.128,0.128,0.128,0.1280,314.5732,1
1790620200,0.128,0.128,0.128,0.128,0.0000,0.0,0
1790620500,0.1285,0.1294,0.1285,0.1294,0.1292,3345.71120851,3
1790620800,0.1301,0.1301,0.1301,0.1301,0.1301,78.8038,1
1790621100,0.1301,0.1303,0.1293,0.1293,0.1301,14139.883033,5
1790621400,0.1293,0.1302,0.1293,0.1302,0.1297,850.1825163,3
1790621700,0.13,0.13,0.1293,0.1293,0.1295,836.6122,2
1790622000,0.1293,0.1293,0.1293,0.1293,0.0000,0.0,0
1790622300,0.1293,0.1293,0.1293,0.1293,0.0000,0.0,0
1790622600,0.1287,0.1287,0.1287,0.1287,0.1287,727.84447611,2
1790622900,0.1289,0.1289,0.1289,0.1289,0.1289,129.92293163,1
1790623200,0.1289,0.1289,0.1289,0.1289,0.0000,0.0,0
1790623500,0.1287,0.1293,0.1287,0.1293,0.1291,2881.93401237,4
1790623800,0.1293,0.1293,0.1293,0.1293,0.1293,15786.83796186,7
1790624100,0.1289,0.129,0.1288,0.1288,0.1289,23588.87623899,11
1790624400,0.1283,0.1286,0.1283,0.1286,0.1283,6234.34759365,5
1790624700,0.1286,0.1286,0.1286,0.1286,0.0000,0.0,0
1790625000,0.1286,0.1286,0.1286,0.1286,0.0000,0.0,0
1790625300,0.1286,0.1286,0.1286,0.1286,0.0000,0.0,0
1790625600,0.1304,0.1311,0.1304,0.1311,0.1305,4120.09516957,6
1790625900,0.1309,0.1309,0.1306,0.1306,0.1308,34317.12360431,6
1790626200,0.1306,0.1306,0.1306,0.1306,0.0000,0.0,0
1790626500,0.1306,0.1306,0.1306,0.1306,0.0000,0.0,0
1790626800,0.1308,0.1308,0.1308,0.1308,0.1308,1600.52597842,1
1790627100,0.1308,0.1308,0.1308,0.1308,0.1308,1570.77733926,1
1790627400,0.1307,0.1307,0.1307,0.1307,0.1307,660.77366738,1
1790627700,0.1312,0.1313,0.1312,0.1313,0.1312,12384.29921759,6
1790628000,0.1313,0.1313,0.1313,0.1313,0.0000,0.0,0
1790628300,0.1313,0.1313,0.1313,0.1313,0.0000,0.0,0
1790628600,0.1313,0.1313,0.1313,0.1313,0.0000,0.0,0
1790628900,0.1295,0.1297,0.1295,0.1297,0.1296,504.89626581,3
1790629200,0.1297,0.1297,0.1297,0.1297,0.0000,0.0,0
1790629500,0.1305,0.1305,0.1305,0.1305,0.1305,1915.70881226,1
1790629800,0.1305,0.1305,0.1305,0.1305,0.0000,0.0,0
1790630100,0.1305,0.1305,0.1305,0.1305,0.0000,0.0,0
1790630400,0.1295,0.1295,0.1293,0.1293,0.1294,560.6657724,2
1790630700,0.1293,0.1293,0.1293,0.1293,0.0000,0.0,0
1790631000,0.1293,0.1293,0.1293,0.1293,0.0000,0.0,0
1790631300,0.1293,0.1293,0.1293,0.1293,0.0000,0.0,0
1790631600,0.1285,0.1286,0.1285,0.1286,0.1285,12321.11756906,5
1790631900,0.1288,0.1288,0.1288,0.1288,0.1288,4048.27141853,3
1790632200,0.1292,0.1292,0.1292,0.1292,0.1292,1279.40812023,1
1790632500,0.1288,0.1288,0.1288,0.1288,0.1288,4295.05961008,3
1790632800,0.1288,0.1288,0.1288,0.1288,0.0000,0.0,0
1790633100,0.1288,0.1288,0.1288,0.1288,0.0000,0.0,0
1790633400,0.1295,0.1296,0.1295,0.1296,0.1295,2011.93599673,2
1790633700,0.1296,0.1296,0.1296,0.1296,0.0000,0.0,0
1790634000,0.1296,0.1296,0.1296,0.1296,0.0000,0.0,0
1790634300,0.1297,0.13,0.1297,0.13,0.1299,2415.44900231,6
1790634600,0.13,0.13,0.13,0.13,0.0000,0.0,0
1790634900,0.13,0.13,0.13,0.13,0.0000,0.0,0
1790635200,0.13,0.13,0.13,0.13,0.0000,0.0,0
1790635500,0.13,0.13,0.13,0.13,0.0000,0.0,0
1790635800,0.13,0.13,0.13,0.13,0.0000,0.0,0
1790636100,0.13,0.13,0.13,0.13,0.0000,0.0,0
1790636400,0.1301,0.1314,0.1301,0.1312,0.1308,3882.20266352,14
1790636700,0.1312,0.1312,0.1312,0.1312,0.0000,0.0,0
1790637000,0.1308,0.1308,0.1308,0.1308,0.1308,288.235,1
1790637300,0.131,0.131,0.131,0.131,0.1310,268.72184878,2
1790637600,0.131,0.131,0.131,0.131,0.1310,4797.17560763,2
1790637900,0.131,0.131,0.131,0.131,0.0000,0.0,0
1790638200,0.131,0.131,0.131,0.131,0.0000,0.0,0
1790638500,0.1312,0.1318,0.1312,0.1318,0.1316,22036.97658219,19
1790638800,0.1318,0.1318,0.1318,0.1318,0.0000,0.0,0
1790639100,0.131,0.131,0.131,0.131,0.1310,83.0566,1
1790639400,0.1312,0.1312,0.1312,0.1312,0.1312,83.0566,1
1790639700,0.1312,0.1312,0.1312,0.1312,0.0000,0.0,0
1790640000,0.1314,0.1314,0.1314,0.1314,0.1314,83.0566,1
1790640300,0.1314,0.1314,0.1314,0.1314,0.0000,0.0,0
1790640600,0.1314,0.1314,0.1314,0.1314,0.0000,0.0,0
1790640900,0.1316,0.1316,0.1315,0.1315,0.1315,166.1132,2
1790641200,0.1315,0.1315,0.1315,0.1315,0.0000,0.0,0
1790641500,0.1315,0.1315,0.1315,0.1315,0.0000,0.0,0
1790641800,0.1306,0.1307,0.1305,0.1305,0.1306,5576.51214295,5
1790642100,0.1305,0.1305,0.1305,0.1305,0.0000,0.0,0
1790642400,0.1305,0.1305,0.1305,0.1305,0.0000,0.0,0
1790642700,0.1309,0.1309,0.1309,0.1309,0.1309,83.0566,1
1790643000,0.13,0.1301,0.1297,0.1297,0.1300,4312.64808722,14
1790643300,0.1297,0.1297,0.1297,0.1297,0.0000,0.0,0
1790643600,0.1294,0.1294,0.1286,0.1286,0.1290,166.1132,2
1790643900,0.1283,0.1283,0.1278,0.1278,0.1280,406.98389572,5
1790644200,0.1278,0.1278,0.1278,0.1278,0.0000,0.0,0
1790644500,0.1273,0.1273,0.1273,0.1273,0.1273,79.36670544,1
1790644800,0.1279,0.1279,0.1279,0.1279,0.1279,83.0566,1
1790645100,0.1279,0.1279,0.1279,0.1279,0.0000,0.0,0
1790645400,0.1274,0.1274,0.1274,0.1274,0.1274,83.0566,1
1790645700,0.1274,0.1274,0.1274,0.1274,0.0000,0.0,0
1790646000,0.1274,0.1274,0.1274,0.1274,0.0000,0.0,0
1790646300,0.1274,0.1274,0.1274,0.1274,0.0000,0.0,0
1790646600,0.1274,0.1274,0.1274,0.1274,0.0000,0.0,0
1790646900,0.1274,0.1274,0.1274,0.1274,0.0000,0.0,0
1790647200,0.1281,0.1281,0.1281,0.1281,0.1281,83.0566,1
1790647500,0.1281,0.1281,0.1281,0.1281,0.0000,0.0,0
1790647800,0.1284,0.1284,0.1283,0.1283,0.1283,142.38823427,2
1790648100,0.1283,0.1283,0.1283,0.1283,0.0000,0.0,0
1790648400,0.1283,0.1283,0.1283,0.1283,0.0000,0.0,0
1790648700,0.1289,0.1289,0.1289,0.1289,0.1289,1417.36806077,1
1790649000,0.1289,0.1289,0.1289,0.1289,0.0000,0.0,0
1790649300,0.1285,0.1285,0.1284,0.1284,0.1284,163.88095718,2
1790649600,0.1284,0.1284,0.1284,0.1284,0.0000,0.0,0
1790649900,0.1284,0.1284,0.1284,0.1284,0.0000,0.0,0
1790650200,0.1284,0.1284,0.1284,0.1284,0.0000,0.0,0
1790650500,0.1284,0.1284,0.1284,0.1284,0.0000,0.0,0
1790650800,0.1284,0.1284,0.1284,0.1284,0.0000,0.0,0
1790651100,0.1284,0.1284,0.1284,0.1284,0.0000,0.0,0
1790651400,0.1284,0.1284,0.1284,0.1284,0.0000,0.0,0
1790651700,0.1283,0.1283,0.1278,0.1282,0.1282,8687.05912865,7
1790652000,0.129,0.129,0.1287,0.129,0.1287,32912.62012508,12
1790652300,0.1289,0.1289,0.1289,0.1289,0.1289,1939.48797517,1
1790652600,0.1289,0.1289,0.1289,0.1289,0.0000,0.0,0
1790652900,0.1296,0.1296,0.1296,0.1296,0.1296,81.47135602,1
1790653200,0.1289,0.1292,0.1289,0.1292,0.1290,166.1132,2
1790653500,0.1292,0.1292,0.1286,0.1286,0.1288,66229.77089801,43
1790653800,0.1283,0.1283,0.1283,0.1283,0.1283,492.1875,1
1790654100,0.1268,0.127,0.1262,0.1264,0.1263,43223.28251437,15
1790654400,0.1269,0.1269,0.1264,0.1264,0.1267,2264.23718503,4
1790654700,0.1264,0.1264,0.1264,0.1264,0.0000,0.0,0
1790655000,0.1264,0.1264,0.1264,0.1264,0.0000,0.0,0
1790655300,0.1264,0.1264,0.1264,0.1264,0.0000,0.0,0
1790655600,0.1264,0.1264,0.1264,0.1264,0.0000,0.0,0
1790655900,0.1282,0.1282,0.1282,0.1282,0.1282,125.62014551,2
1790656200,0.1284,0.1285,0.1284,0.1285,0.1284,1481.6626,4
1790656500,0.1285,0.1285,0.1285,0.1285,0.0000,0.0,0
1790656800,0.1285,0.1285,0.1285,0.1285,0.0000,0.0,0
1790657100,0.1281,0.1281,0.1276,0.1281,0.1278,18005.7090177,15
1790657400,0.1281,0.1285,0.128,0.1284,0.1282,6449.83952388,12
1790657700,0.1284,0.1284,0.1284,0.1284,0.0000,0.0,0
1790658000,0.1277,0.1277,0.1277,0.1277,0.1277,367.618526,1
1790658300,0.1277,0.1277,0.1277,0.1277,0.0000,0.0,0
1790658600,0.1273,0.1273,0.1273,0.1273,0.1273,141.50165773,2
1790658900,0.1279,0.1279,0.1279,0.1279,0.1279,79.61717514,1
1790659200,0.1279,0.1279,0.1279,0.1279,0.0000,0.0,0
1790659500,0.1283,0.1283,0.1283,0.1283,0.1283,82.33704164,1
1790659800,0.1283,0.1283,0.1283,0.1283,0.0000,0.0,0
1790660100,0.1283,0.1283,0.1283,0.1283,0.0000,0.0,0
1790660400,0.1293,0.1301,0.1293,0.1301,0.1296,326.71517834,4
1790660700,0.1301,0.1306,0.1301,0.1306,0.1305,681.91045378,4
1790661000,0.1311,0.1312,0.1311,0.1312,0.1311,596.725247,2
1790661300,0.1314,0.1318,0.1314,0.1317,0.1316,1009.17823684,3
1790661600,0.132,0.133,0.132,0.133,0.1328,14885.0058923,12
1790661900,0.1333,0.1343,0.1332,0.1343,0.1334,740.02524841,6
1790662200,0.1342,0.1343,0.1342,0.1342,0.1342,18736.16906436,11
1790662500,0.1343,0.1345,0.1342,0.1343,0.1342,220343.26229946,80
1790662800,0.1342,0.135,0.1342,0.1348,0.1346,25447.32116248,30
1790663100,0.1343,0.1346,0.1342,0.1342,0.1342,56325.948638,22
1790663400,0.1346,0.1355,0.1346,0.1355,0.1346,30753.63358546,38
1790663700,0.1356,0.1356,0.1346,0.1346,0.1348,7497.27012689,5
1790664000,0.1346,0.1346,0.1346,0.1346,0.1346,4588.72929189,4
1790664300,0.1342,0.1345,0.1342,0.1344,0.1342,55087.67302693,42
1790664600,0.1344,0.1344,0.1342,0.1344,0.1342,6765.57915135,5
1790664900,0.1348,0.1349,0.1348,0.1348,0.1348,2014.63604645,4
1790665200,0.1348,0.1348,0.1348,0.1348,0.0000,0.0,0
1790665500,0.1358,0.1359,0.1358,0.1358,0.1358,996.77732899,5
1790665800,0.1358,0.1358,0.1358,0.1358,0.1358,368.18848513,2
1790666100,0.1355,0.1358,0.1355,0.1358,0.1356,155.54116778,2
1790666400,0.1358,0.1358,0.1358,0.1358,0.0000,0.0,0
1790666700,0.1362,0.1363,0.1362,0.1363,0.1362,162.28189122,3
1790667000,0.1365,0.1382,0.1365,0.138,0.1378,5459.12308014,14
1790667300,0.1382,0.1383,0.138,0.1383,0.1380,138619.17648096,60
1790667600,0.1385,0.139,0.1385,0.139,0.1387,3632.56550517,8
1790667900,0.1386,0.1393,0.1386,0.1393,0.1386,9500.40707882,10
1790668200,0.1385,0.1385,0.1381,0.1381,0.1381,11160.2317982,21
1790668500,0.1381,0.1381,0.138,0.138,0.1380,335876.31276472,156
1790668800,0.138,0.1381,0.138,0.138,0.1380,214943.43674846,150
1790669100,0.1381,0.1383,0.138,0.138,0.1380,58411.22719865,54
1790669400,0.1369,0.1369,0.1366,0.1368,0.1368,17585.24534969,12
1790669700,0.1365,0.137,0.1365,0.137,0.1366,10987.7331132,8
1790670000,0.1372,0.1372,0.1372,0.1372,0.1372,83.0566,1
1790670300,0.1372,0.1372,0.1372,0.1372,0.0000,0.0,0
1790670600,0.1356,0.1356,0.1343,0.1344,0.1351,321518.91983825,39
1790670900,0.1348,0.1348,0.1345,0.1347,0.1346,26302.73430235,10
1790671200,0.134,0.134,0.134,0.134,0.1340,2000.0,2
1790671500,0.1339,0.1345,0.1339,0.1343,0.1342,4218.43924958,4
1790671800,0.1343,0.1343,0.1343,0.1343,0.0000,0.0,0
1790672100,0.1343,0.1343,0.1343,0.1343,0.0000,0.0,0
1790672400,0.1343,0.1343,0.1343,0.1343,0.0000,0.0,0
1790672700,0.1355,0.1356,0.1355,0.1356,0.1355,902.31976342,3
1790673000,0.1353,0.1353,0.1351,0.1351,0.1352,1513.7623906,2
1790673300,0.1356,0.1357,0.1356,0.1357,0.1356,153.86096607,2
1790673600,0.1354,0.1354,0.1354,0.1354,0.1354,239.96844372,3
1790673900,0.1353,0.1357,0.1353,0.1357,0.1355,3773.10153948,3
1790674200,0.1357,0.1357,0.1357,0.1357,0.0000,0.0,0
1790674500,0.1357,0.1357,0.1357,0.1357,0.0000,0.0,0
1790674800,0.1357,0.1357,0.1357,0.1357,0.0000,0.0,0
1790675100,0.1357,0.1357,0.1357,0.1357,0.0000,0.0,0
1790675400,0.1354,0.1355,0.1352,0.1355,0.1352,5545.57141374,5
1790675700,0.1358,0.1358,0.1358,0.1358,0.1358,117.0483678,1
1790676000,0.1358,0.1358,0.1358,0.1358,0.0000,0.0,0
1790676300,0.1362,0.137,0.1362,0.137,0.1367,249.1698,3
1790676600,0.1374,0.1379,0.1374,0.1379,0.1376,149.00149098,2
1790676900,0.1379,0.1379,0.1379,0.1379,0.0000,0.0,0
1790677200,0.1377,0.1377,0.1377,0.1377,0.1377,4290.39909267,3
1790677500,0.1377,0.1377,0.1377,0.1377,0.0000,0.0,0
1790677800,0.1375,0.1375,0.1375,0.1375,0.1375,2391.4103437,2
1790678100,0.1368,0.137,0.1368,0.137,0.1369,17943.3319682,5
1790678400,0.137,0.137,0.137,0.137,0.0000,0.0,0
1790678700,0.1373,0.1373,0.1373,0.1373,0.1373,77.04064651,1
1790679000,0.1373,0.1373,0.1373,0.1373,0.0000,0.0,0
1790679300,0.1372,0.1372,0.1371,0.1371,0.1371,236.1132,3
1790679600,0.1371,0.1371,0.1371,0.1371,0.0000,0.0,0
1790679900,0.1366,0.1366,0.1366,0.1366,0.1366,6691.91064629,5
1790680200,0.1359,0.1359,0.1359,0.1359,0.1359,70.04097765,1
1790680500,0.1359,0.1359,0.1359,0.1359,0.0000,0.0,0
1790680800,0.1359,0.1359,0.1359,0.1359,0.0000,0.0,0
1790681100,0.1356,0.1356,0.1353,0.1353,0.1353,661.04838421,4
1790681400,0.1353,0.1353,0.1353,0.1353,0.0000,0.0,0
1790681700,0.1351,0.1351,0.1351,0.1351,0.1351,125.99890531,2
1790682000,0.1351,0.1351,0.1351,0.1351,0.0000,0.0,0
1790682300,0.1348,0.1348,0.1347,0.1347,0.1347,747.95111103,3
1790682600,0.1348,0.1348,0.1347,0.1347,0.1347,3703.26548535,3
1790682900,0.1347,0.1347,0.1347,0.1347,0.1347,1939.0328435,2
1790683200,0.1347,0.1347,0.1347,0.1347,0.0000,0.0,0
1790683500,0.1341,0.1341,0.1324,0.1334,0.1334,365348.78394021,76
1790683800,0.1335,0.1335,0.1329,0.1334,0.1332,1578.94291264,4
1790684100,0.1336,0.1343,0.1336,0.1341,0.1340,4295.79334287,8
1790684400,0.1336,0.1336,0.1336,0.1336,0.1336,476.5559,1
1790684700,0.1332,0.1332,0.1332,0.1332,0.1332,242.9126,1
1790685000,0.133,0.1331,0.133,0.1331,0.1330,498.62174372,3
1790685300,0.1328,0.133,0.1326,0.133,0.1326,5837.53353511,5
1790685600,0.1329,0.1329,0.1329,0.1329,0.1329,83.0566,1
1790685900,0.1328,0.1328,0.1321,0.1321,0.1325,2974.67426243,9
1790686200,0.1318,0.1323,0.1318,0.1323,0.1319,246.10052471,4
1790686500,0.1323,0.1323,0.1323,0.1323,0.0000,0.0,0
1790686800,0.1321,0.1321,0.1321,0.1321,0.1321,162.32140297,2
1790687100,0.1321,0.1321,0.1321,0.1321,0.0000,0.0,0
1790687400,0.1321,0.1321,0.1321,0.1321,0.0000,0.0,0
1790687700,0.1314,0.1316,0.1313,0.1316,0.1315,616.97075681,4
1790688000,0.131,0.131,0.131,0.131,0.1310,12776.29788625,15
1790688300,0.131,0.1311,0.1306,0.1306,0.1309,22281.94796975,17
1790688600,0.1303,0.1303,0.13,0.13,0.1301,154.4664461,4
1790688900,0.1307,0.1307,0.1307,0.1307,0.1307,6934.96557,1
1790689200,0.1304,0.1304,0.1304,0.1304,0.1304,83.0566,1
1790689500,0.13,0.13,0.13,0.13,0.1300,83.0566,1
1790689800,0.1309,0.1309,0.1309,0.1309,0.1309,83.0566,1
1790690100,0.1309,0.1309,0.1309,0.1309,0.0000,0.0,0
1790690400,0.1304,0.1304,0.1297,0.1297,0.1299,389.53934812,8
1790690700,0.1295,0.1295,0.1295,0.1295,0.1295,210.0,1
1790691000,0.1295,0.1295,0.1295,0.1295,0.0000,0.0,0
1790691300,0.1299,0.1316,0.1299,0.1316,0.1304,91681.84155985,13
1790691600,0.1316,0.1316,0.1316,0.1316,0.0000,0.0,0
1790691900,0.1316,0.1316,0.1316,0.1316,0.0000,0.0,0
1790692200,0.1316,0.1316,0.1316,0.1316,0.0000,0.0,0
1790692500,0.1325,0.1325,0.1324,0.1325,0.1324,5417.32121151,6
1790692800,0.1338,0.1338,0.1338,0.1338,0.1338,2953.125,5
1790693100,0.1343,0.1343,0.134,0.134,0.1341,300.83825411,5
1790693400,0.134,0.134,0.134,0.134,0.0000,0.0,0
1790693700,0.134,0.134,0.134,0.134,0.0000,0.0,0
1790694000,0.1334,0.1336,0.1334,0.1335,0.1334,1194.19646245,4
1790694300,0.1335,0.1335,0.1335,0.1335,0.0000,0.0,0
1790694600,0.1335,0.1335,0.1335,0.1335,0.0000,0.0,0
1790694900,0.1324,0.1324,0.1323,0.1323,0.1323,166.1132,2
1790695200,0.1323,0.1323,0.1323,0.1323,0.0000,0.0,0
1790695500,0.131,0.131,0.131,0.131,0.1310,83.0566,1
1790695800,0.1312,0.1314,0.1302,0.1306,0.1308,1217.59134286,9
1790696100,0.1308,0.1308,0.1306,0.1306,0.1306,9935.05576727,6
1790696400,0.1306,0.1306,0.1306,0.1306,0.0000,0.0,0
1790696700,0.1306,0.1306,0.1306,0.1306,0.0000,0.0,0
1790697000,0.1305,0.1312,0.1305,0.1312,0.1307,6877.4783204,10
1790697300,0.1314,0.1328,0.1314,0.1328,0.1318,91852.907525,29
1790697600,0.1323,0.1326,0.1322,0.1326,0.1322,11240.17097467,9
1790697900,0.1328,0.1334,0.1328,0.1332,0.1332,6296.24401206,10
1790698200,0.1334,0.1336,0.1333,0.1333,0.1334,6497.14242944,7
1790698500,0.1333,0.1333,0.1333,0.1333,0.0000,0.0,0
1790698800,0.1333,0.1333,0.1333,0.1333,0.0000,0.0,0
1790699100,0.1324,0.1325,0.1324,0.1325,0.1324,166.1132,2
1790699400,0.1328,0.1328,0.1328,0.1328,0.1328,599.9616,3
1790699700,0.1326,0.1326,0.1326,0.1326,0.1326,162.91236699,2
1790700000,0.1326,0.1326,0.1326,0.1326,0.0000,0.0,0
1790700300,0.1326,0.1326,0.1326,0.1326,0.0000,0.0,0
1790700600,0.1326,0.1326,0.1326,0.1326,0.0000,0.0,0
1790700900,0.1326,0.1326,0.1326,0.1326,0.0000,0.0,0
1790701200,0.1313,0.1316,0.1313,0.1316,0.1314,24340.82640564,10
1790701500,0.1319,0.1319,0.1319,0.1319,0.1319,515.6202,1
1790701800,0.1319,0.1319,0.1319,0.1319,0.1319,74.0359,1
1790702100,0.1319,0.1319,0.1319,0.1319,0.0000,0.0,0
1790702400,0.1319,0.1319,0.1319,0.1319,0.0000,0.0,0
1790702700,0.1315,0.1315,0.1315,0.1315,0.1315,83.0566,1
1790703000,0.1312,0.1312,0.1312,0.1312,0.1312,83.0566,1
1790703300,0.1309,0.131,0.1304,0.1304,0.1305,658.3007,3
1790703600,0.1304,0.1306,0.1304,0.1305,0.1304,9759.10488053,9
1790703900,0.1302,0.1302,0.1301,0.1301,0.1301,7153.87456358,5
1790704200,0.1294,0.1302,0.1282,0.1301,0.1292,102992.32305913,68
1790704500,0.13,0.13,0.1298,0.1299,0.1299,10570.62878632,6
1790704800,0.1305,0.1307,0.1305,0.1307,0.1306,1995.83395271,3
1790705100,0.1306,0.1307,0.13,0.13,0.1302,7743.22474356,5
1790705400,0.1302,0.1303,0.1302,0.1302,0.1302,6007.74318647,6
1790705700,0.1303,0.1304,0.1301,0.1303,0.1303,6003.35868922,6
1790706000,0.1304,0.1304,0.1303,0.1303,0.1303,10654.84352571,3
1790706300,0.1307,0.1307,0.1307,0.1307,0.1307,1995.74108257,2
1790706600,0.1307,0.1307,0.1307,0.1307,0.1307,100.0,2
1790706900,0.1308,0.1311,0.1308,0.1311,0.1310,1989.9894558,2
1790707200,0.1311,0.1311,0.1311,0.1311,0.0000,0.0,0
1790707500,0.1311,0.1311,0.1311,0.1311,0.0000,0.0,0
1790707800,0.1311,0.1311,0.1311,0.1311,0.0000,0.0,0
1790708100,0.131,0.131,0.1309,0.1309,0.1309,3901.29155613,3
1790708400,0.1308,0.1314,0.1308,0.1314,0.1309,3989.39647154,6
1790708700,0.1314,0.1314,0.1314,0.1314,0.0000,0.0,0
1790709000,0.1315,0.1315,0.1315,0.1315,0.1315,1901.14068441,2
1790709300,0.1315,0.1315,0.1315,0.1315,0.0000,0.0,0
1790709600,0.1313,0.1323,0.1313,0.1318,0.1318,69165.96655396,34
1790709900,0.132,0.1321,0.1313,0.1314,0.1316,34495.86075551,17
1790710200,0.1311,0.1313,0.1311,0.1313,0.1312,9672.7380888,6
1790710500,0.1313,0.1313,0.1311,0.1311,0.1312,3040.19411603,2
1790710800,0.1311,0.1311,0.1311,0.1311,0.0000,0.0,0
1790711100,0.1303,0.1303,0.1303,0.1303,0.1303,83.0566,1
1790711400,0.1303,0.1303,0.1303,0.1303,0.0000,0.0,0
1790711700,0.1305,0.1305,0.1303,0.1305,0.1304,4084.57808317,3
1790712000,0.1305,0.1305,0.1305,0.1305,0.0000,0.0,0
1790712300,0.1305,0.1305,0.1305,0.1305,0.0000,0.0,0
1790712600,0.1303,0.1303,0.1303,0.1303,0.1303,1918.64927091,1
1790712900,0.1302,0.1302,0.1293,0.1296,0.1298,112796.05758848,60
1790713200,0.1296,0.1296,0.129,0.1291,0.1291,21752.27126042,11
1790713500,0.1291,0.1293,0.1291,0.1293,0.1291,16584.35982395,7
1790713800,0.1291,0.1291,0.1291,0.1291,0.1291,83.0566,1
1790714100,0.1291,0.1291,0.1291,0.1291,0.0000,0.0,0
1790714400,0.1292,0.1292,0.1292,0.1292,0.1292,83.0566,1
1790714700,0.1292,0.1292,0.129,0.1291,0.1291,10613.93967025,8
1790715000,0.1291,0.1291,0.1291,0.1291,0.0000,0.0,0
1790715300,0.1287,0.1287,0.1287,0.1287,0.1287,83.0566,1
1790715600,0.1288,0.1289,0.1287,0.1287,0.1288,1562.71758898,4
1790715900,0.1284,0.1284,0.1284,0.1284,0.1284,83.0566,1
1790716200,0.129,0.129,0.1288,0.1288,0.1289,8518.75795733,4
1790716500,0.1286,0.1286,0.128,0.128,0.1281,8331.9608291,10
1790716800,0.128,0.128,0.128,0.128,0.0000,0.0,0
1790717100,0.128,0.128,0.128,0.128,0.0000,0.0,0
1790717400,0.128,0.128,0.128,0.128,0.1280,2477.9953659,1
1790717700,0.1283,0.1284,0.1283,0.1284,0.1283,18412.74508886,4
1790718000,0.1284,0.1284,0.1284,0.1284,0.1284,1512.61682243,1
1790718300,0.1278,0.1278,0.1273,0.1275,0.1275,31300.50235273,12
1790718600,0.1273,0.1275,0.1269,0.1273,0.1272,74835.5733648,23
1790718900,0.1273,0.1273,0.1273,0.1273,0.0000,0.0,0
1790719200,0.1273,0.1273,0.1273,0.1273,0.0000,0.0,0
1790719500,0.1272,0.1272,0.1272,0.1272,0.1272,3930.81761006,2
1790719800,0.1273,0.1273,0.1273,0.1273,0.1273,734.20534782,1
1790720100,0.127,0.127,0.127,0.127,0.1270,1968.503937,1
1790720400,0.1268,0.1268,0.1265,0.1265,0.1265,2211.89545197,6
1790720700,0.1263,0.1263,0.1263,0.1263,0.1263,79.98137783,1
1790721000,0.126,0.126,0.1258,0.1258,0.1259,1797.62389558,2
1790721300,0.1258,0.1258,0.1258,0.1258,0.0000,0.0,0
1790721600,0.1258,0.1258,0.1258,0.1258,0.1258,1987.28139904,1
1790721900,0.1255,0.1255,0.1255,0.1255,0.1255,500.60712,2
1790722200,0.126,0.126,0.1258,0.1258,0.1259,2741.10693752,2
1790722500,0.1258,0.1258,0.1258,0.1258,0.0000,0.0,0
1790722800,0.1258,0.1258,0.1258,0.1258,0.0000,0.0,0
1790723100,0.127,0.127,0.127,0.127,0.1270,3904.230937,5
1790723400,0.1273,0.1273,0.1273,0.1273,0.1273,3792.23820286,2
1790723700,0.1273,0.1273,0.1273,0.1273,0.0000,0.0,0
1790724000,0.1273,0.1273,0.1273,0.1273,0.0000,0.0,0
1790724300,0.1258,0.1258,0.1256,0.1256,0.1257,4969.41843706,3
1790724600,0.1255,0.1255,0.1253,0.1253,0.1254,6779.17602043,2
1790724900,0.125,0.125,0.1248,0.1248,0.1248,4980.67253736,5
1790725200,0.1244,0.1244,0.1244,0.1244,0.1244,2844.64390225,3
1790725500,0.1244,0.1244,0.1244,0.1244,0.0000,0.0,0
1790725800,0.1242,0.1242,0.1242,0.1242,0.1242,2803.19736248,3
1790726100,0.1244,0.1245,0.1244,0.1245,0.1244,3386.11733246,3
1790726400,0.1247,0.1248,0.1247,0.1248,0.1247,3209.85516627,2
1790726700,0.1247,0.1248,0.1247,0.1247,0.1247,6204.53654512,4
1790727000,0.124,0.124,0.1239,0.1239,0.1239,3410.8175031,4
1790727300,0.1239,0.1239,0.1239,0.1239,0.0000,0.0,0
1790727600,0.1239,0.1239,0.1239,0.1239,0.0000,0.0,0
1790727900,0.1245,0.1245,0.1245,0.1245,0.1245,1156.85486754,1
1790728200,0.1246,0.1246,0.1246,0.1246,0.1246,1114.17678586,1
1790728500,0.1247,0.1247,0.1247,0.1247,0.1247,1437.63915554,2
1790728800,0.1247,0.1247,0.1247,0.1247,0.0000,0.0,0
1790729100,0.1247,0.1247,0.1247,0.1247,0.0000,0.0,0
1790729400,0.1247,0.1247,0.1247,0.1247,0.0000,0.0,0
1790729700,0.1247,0.1247,0.1247,0.1247,0.0000,0.0,0
1790730000,0.1243,0.1243,0.1243,0.1243,0.1243,2011.2630732,3
1790730300,0.1243,0.1243,0.1243,0.1243,0.0000,0.0,0
1790730600,0.1244,0.1245,0.1244,0.1245,0.1244,32969.84750748,6
1790730900,0.1247,0.1247,0.1247,0.1247,0.1247,8817.1875,4
1790731200,0.1255,0.1255,0.1255,0.1255,0.1255,307.32865396,1
1790731500,0.1255,0.1255,0.1255,0.1255,0.0000,0.0,0
1790731800,0.1255,0.1255,0.1255,0.1255,0.0000,0.0,0
1790732100,0.1255,0.1255,0.1255,0.1255,0.0000,0.0,0
1790732400,0.1255,0.1255,0.1255,0.1255,0.0000,0.0,0
1790732700,0.1251,0.1259,0.1251,0.1258,0.1253,212598.47655543,24
1790733000,0.1258,0.1258,0.1258,0.1258,0.0000,0.0,0
1790733300,0.1261,0.1261,0.1261,0.1261,0.1261,421.7604,1
1790733600,0.1261,0.1261,0.1261,0.1261,0.0000,0.0,0
1790733900,0.1261,0.1261,0.1261,0.1261,0.0000,0.0,0
1790734200,0.1261,0.1261,0.1261,0.1261,0.0000,0.0,0
1790734500,0.1261,0.1261,0.1261,0.1261,0.0000,0.0,0
1790734800,0.1261,0.1261,0.1261,0.1261,0.0000,0.0,0
1790735100,0.1261,0.1261,0.1261,0.1261,0.0000,0.0,0
1790735400,0.1261,0.1261,0.1261,0.1261,0.0000,0.0,0
1790735700,0.1261,0.1261,0.1261,0.1261,0.0000,0.0,0
1790736000,0.1261,0.1261,0.1261,0.1261,0.0000,0.0,0
1790736300,0.1261,0.1261,0.1261,0.1261,0.0000,0.0,0
1790736600,0.1261,0.1261,0.1261,0.1261,0.0000,0.0,0
1790736900,0.1261,0.1261,0.1261,0.1261,0.0000,0.0,0
1790737200,0.1261,0.1261,0.1261,0.1261,0.0000,0.0,0
1790737500,0.1261,0.1261,0.1261,0.1261,0.0000,0.0,0
1790737800,0.1261,0.1261,0.1261,0.1261,0.0000,0.0,0
1790738100,0.1261,0.1261,0.1261,0.1261,0.0000,0.0,0
1790738400,0.1261,0.1261,0.1261,0.1261,0.0000,0.0,0
1790738700,0.1261,0.1261,0.1261,0.1261,0.0000,0.0,0
1790739000,0.1261,0.1261,0.1261,0.1261,0.0000,0.0,0
1790739300,0.1234,0.1234,0.1234,0.1234,0.1234,81.85955883,2
1790739600,0.1234,0.1234,0.1234,0.1234,0.0000,0.0,0
1790739900,0.1235,0.1235,0.1235,0.1235,0.1235,242.91497976,1
1790740200,0.1235,0.1235,0.1235,0.1235,0.0000,0.0,0
1790740500,0.1235,0.1235,0.1235,0.1235,0.0000,0.0,0
1790740800,0.1235,0.1235,0.1235,0.1235,0.0000,0.0,0
1790741100,0.1235,0.1235,0.1235,0.1235,0.0000,0.0,0
1790741400,0.1235,0.1235,0.1235,0.1235,0.0000,0.0,0
1790741700,0.1235,0.1235,0.1235,0.1235,0.0000,0.0,0
1790742000,0.1235,0.1235,0.1235,0.1235,0.0000,0.0,0
1790742300,0.1235,0.1235,0.1235,0.1235,0.0000,0.0,0
1790742600,0.1235,0.1235,0.1235,0.1235,0.0000,0.0,0
1790742900,0.1247,0.1247,0.1247,0.1247,0.1247,7688.69164771,21
1790743200,0.1247,0.1247,0.1247,0.1247,0.0000,0.0,0
1790743500,0.1247,0.1247,0.1247,0.1247,0.0000,0.0,0
1790743800,0.1247,0.1247,0.1247,0.1247,0.0000,0.0,0
1790744100,0.1247,0.1247,0.1247,0.1247,0.0000,0.0,0
1790744400,0.1247,0.1247,0.1247,0.1247,0.0000,0.0,0
1790744700,0.1247,0.1261,0.1247,0.1257,0.1249,96928.91096844,33
1790745000,0.1257,0.1258,0.1255,0.1258,0.1257,10512.61759902,7
1790745300,0.1255,0.1255,0.1255,0.1255,0.1255,421.43266892,2
1790745600,0.1255,0.1255,0.1255,0.1255,0.0000,0.0,0
1790745900,0.1255,0.1255,0.1255,0.1255,0.0000,0.0,0
1790746200,0.1267,0.1267,0.1267,0.1267,0.1267,2054.10277374,2
1790746500,0.1267,0.1267,0.1267,0.1267,0.0000,0.0,0
1790746800,0.1267,0.1267,0.1267,0.1267,0.0000,0.0,0
1790747100,0.1267,0.1267,0.1267,0.1267,0.0000,0.0,0
1790747400,0.127,0.1279,0.1266,0.1276,0.1274,117500.96256241,32
1790747700,0.1273,0.1278,0.1272,0.1276,0.1273,67723.91365293,35
1790748000,0.1281,0.1281,0.1276,0.1276,0.1278,6254.40178421,5
1790748300,0.1278,0.1281,0.1271,0.1271,0.1276,42089.85536149,14
1790748600,0.127,0.127,0.1268,0.1268,0.1269,15376.01636513,5
1790748900,0.1262,0.1262,0.1262,0.1262,0.1262,6993.77797519,2
1790749200,0.1261,0.1261,0.1261,0.1261,0.1261,4129.49337792,2
1790749500,0.1261,0.1261,0.1261,0.1261,0.0000,0.0,0
1790749800,0.1261,0.1261,0.1261,0.1261,0.0000,0.0,0
1790750100,0.126,0.126,0.1259,0.1259,0.1259,3988.55859993,3
1790750400,0.1259,0.1259,0.1259,0.1259,0.0000,0.0,0
1790750700,0.1259,0.1259,0.1259,0.1259,0.0000,0.0,0
1790751000,0.1259,0.1259,0.1259,0.1259,0.0000,0.0,0
1790751300,0.1259,0.1259,0.1259,0.1259,0.0000,0.0,0
1790751600,0.1255,0.1255,0.1255,0.1255,0.1255,1991.94411625,1
1790751900,0.1249,0.125,0.1248,0.1248,0.1249,1859.41605604,4
1790752200,0.1253,0.1253,0.1245,0.1245,0.1245,50998.54349089,15
1790752500,0.1249,0.1254,0.1246,0.1254,0.1249,20118.86757774,16
1790752800,0.1254,0.1254,0.1248,0.1251,0.1251,18264.66731467,14
1790753100,0.125,0.125,0.125,0.125,0.1250,1497.6773,1
1790753400,0.125,0.125,0.125,0.125,0.1250,10171.0753,9
1790753700,0.1251,0.1255,0.1251,0.1255,0.1251,12165.23469417,9
1790754000,0.1255,0.1255,0.1255,0.1255,0.0000,0.0,0
1790754300,0.1255,0.1255,0.1255,0.1255,0.0000,0.0,0
1790754600,0.1255,0.1255,0.1255,0.1255,0.0000,0.0,0
1790754900,0.1253,0.1259,0.1253,0.1259,0.1255,93686.29541449,25
1790755200,0.1262,0.1263,0.1259,0.1262,0.1261,14045.2353,9
1790755500,0.1261,0.1261,0.126,0.126,0.1260,8003.4936,3
1790755800,0.1255,0.1256,0.1253,0.1253,0.1254,9499.8077,3
1790756100,0.1254,0.1258,0.1252,0.1252,0.1255,10995.7616,4
1790756400,0.1253,0.1255,0.1251,0.1251,0.1253,21823.1199,7
1790756700,0.1255,0.1257,0.1255,0.1257,0.1255,8343.0304,3
1790757000,0.1251,0.1251,0.1251,0.1251,0.1251,4003.5231,1
1790757300,0.1248,0.1248,0.1244,0.1246,0.1247,8474.7391,5
1790757600,0.1246,0.1246,0.1246,0.1246,0.0000,0.0,0
1790757900,0.1246,0.1246,0.1246,0.1246,0.0000,0.0,0
1790758200,0.1246,0.1246,0.1246,0.1246,0.0000,0.0,0
1790758500,0.1249,0.1249,0.1249,0.1249,0.1249,1994.7128,1
1790758800,0.1256,0.1256,0.1256,0.1256,0.1256,542.135,1
1790759100,0.1256,0.1256,0.1256,0.1256,0.0000,0.0,0
1790759400,0.1256,0.1256,0.1256,0.1256,0.0000,0.0,0
1790759700,0.1251,0.1251,0.1245,0.1245,0.1247,3780.56647702,4
1790760000,0.1245,0.1245,0.1245,0.1245,0.0000,0.0,0
1790760300,0.1245,0.1245,0.1245,0.1245,0.0000,0.0,0
1790760600,0.1245,0.1245,0.1245,0.1245,0.0000,0.0,0
1790760900,0.1245,0.1245,0.1245,0.1245,0.0000,0.0,0
1790761200,0.1245,0.1245,0.1245,0.1245,0.0000,0.0,0
1790761500,0.1249,0.1249,0.1249,0.1249,0.1249,1787.5554782,1
1790761800,0.1247,0.1247,0.1247,0.1247,0.1247,425.1619791,1
1790762100,0.1247,0.1247,0.1247,0.1247,0.1247,442.0095,1
1790762400,0.1247,0.1247,0.1247,0.1247,0.0000,0.0,0
1790762700,0.1247,0.1247,0.1247,0.1247,0.0000,0.0,0
1790554800,0.1294,0.1294,0.1294,0.1294,0.0000,0.0,0
1790555100,0.1294,0.1294,0.1294,0.1294,0.0000,0.0,0
1790555400,0.1294,0.1294,0.1294,0.1294,0.0000,0.0,0
1790555700,0.1273,0.1273,0.1268,0.1268,0.1270,159.03750221,2
1790556000,0.1268,0.1268,0.1268,0.1268,0.0000,0.0,0
1790556300,0.1268,0.1268,0.1268,0.1268,0.0000,0.0,0
1790556600,0.1268,0.1268,0.1268,0.1268,0.0000,0.0,0
1790556900,0.1268,0.1268,0.1268,0.1268,0.0000,0.0,0
1790557200,0.1268,0.1268,0.1268,0.1268,0.0000,0.0,0
1790557500,0.1268,0.1268,0.1268,0.1268,0.0000,0.0,0
1790557800,0.1268,0.1268,0.1268,0.1268,0.0000,0.0,0
1790558100,0.1268,0.1268,0.1268,0.1268,0.0000,0.0,0
1790558400,0.1268,0.1268,0.1268,0.1268,0.0000,0.0,0
1790558700,0.1268,0.1268,0.1268,0.1268,0.0000,0.0,0
1790559000,0.1273,0.1273,0.1273,0.1273,0.1273,2000.0,1
1790559300,0.1263,0.1266,0.1262,0.1266,0.1265,21398.52978315,7
1790559600,0.1266,0.1266,0.1266,0.1266,0.0000,0.0,0
1790559900,0.1258,0.1258,0.1249,0.1249,0.1253,241.81797285,3
1790560200,0.1249,0.1249,0.1249,0.1249,0.0000,0.0,0
1790560500,0.1252,0.1252,0.1252,0.1252,0.1252,1996.80511182,1
1790560800,0.1252,0.1252,0.1252,0.1252,0.0000,0.0,0
1790561100,0.1252,0.1252,0.1252,0.1252,0.0000,0.0,0
1790561400,0.1252,0.1252,0.1252,0.1252,0.0000,0.0,0
1790561700,0.1252,0.1252,0.1252,0.1252,0.0000,0.0,0
1790562000,0.1254,0.1255,0.1254,0.1255,0.1254,2415.80937864,2
1790562300,0.1255,0.1255,0.1255,0.1255,0.0000,0.0,0
1790562600,0.1244,0.1244,0.1244,0.1244,0.1244,77.04045392,1
1790562900,0.1244,0.1244,0.1244,0.1244,0.0000,0.0,0
1790563200,0.1244,0.1244,0.1244,0.1244,0.0000,0.0,0
1790563500,0.1244,0.1244,0.1244,0.1244,0.1244,4.19290933,1
1790563800,0.1244,0.1244,0.1244,0.1244,0.0000,0.0,0
1790564100,0.1244,0.1244,0.1244,0.1244,0.0000,0.0,0
1790564400,0.1246,0.1246,0.1246,0.1246,0.1246,8619.5018,3
1790564700,0.1246,0.1246,0.1246,0.1246,0.0000,0.0,0
1790565000,0.1239,0.1239,0.1239,0.1239,0.1239,2000.0,2
1790565300,0.1239,0.1239,0.1239,0.1239,0.0000,0.0,0
1790565600,0.1244,0.1244,0.1244,0.1244,0.1244,2000.0,1
1790565900,0.1234,0.1234,0.1229,0.1229,0.1230,6261.61106103,5
1790566200,0.1226,0.1226,0.1222,0.1222,0.1223,14015.9450635,18
1790566500,0.1222,0.1222,0.1222,0.1222,0.0000,0.0,0
1790566800,0.1235,0.1235,0.1235,0.1235,0.1235,200.0,2
1790567100,0.1235,0.1235,0.1235,0.1235,0.0000,0.0,0
1790567400,0.1235,0.1235,0.1235,0.1235,0.0000,0.0,0
1790567700,0.1235,0.1235,0.1235,0.1235,0.0000,0.0,0
1790568000,0.1235,0.1235,0.1235,0.1235,0.0000,0.0,0
1790568300,0.1232,0.1232,0.1232,0.1232,0.1232,4853.65318519,1
1790568600,0.1232,0.1232,0.1232,0.1232,0.0000,0.0,0
1790568900,0.1239,0.1239,0.1239,0.1239,0.1239,423.7775,1
1790569200,0.1239,0.1239,0.1239,0.1239,0.0000,0.0,0
1790569500,0.1242,0.1242,0.1242,0.1242,0.1242,2377.0068,3
1790569800,0.1242,0.1242,0.1242,0.1242,0.0000,0.0,0
1790570100,0.1242,0.1242,0.1242,0.1242,0.0000,0.0,0
1790570400,0.1242,0.1242,0.1242,0.1242,0.0000,0.0,0
1790570700,0.1242,0.1242,0.1242,0.1242,0.0000,0.0,0
1790571000,0.1242,0.1242,0.1242,0.1242,0.0000,0.0,0
1790571300,0.1242,0.1242,0.1242,0.1242,0.0000,0.0,0
1790571600,0.1242,0.1242,0.1242,0.1242,0.0000,0.0,0
1790571900,0.1242,0.1242,0.1242,0.1242,0.0000,0.0,0
1790572200,0.1243,0.1244,0.1238,0.1238,0.1242,1152.85396045,5
1790572500,0.1238,0.1238,0.1238,0.1238,0.0000,0.0,0
1790572800,0.1235,0.1235,0.1235,0.1235,0.1235,1235.03854804,1
1790573100,0.1235,0.1235,0.1235,0.1235,0.0000,0.0,0
1790573400,0.1235,0.1235,0.1235,0.1235,0.0000,0.0,0
1790573700,0.1224,0.1225,0.1224,0.1225,0.1224,23252.79414052,5
1790574000,0.1225,0.1225,0.1225,0.1225,0.0000,0.0,0
1790574300,0.1225,0.1225,0.1225,0.1225,0.0000,0.0,0
1790574600,0.1225,0.1225,0.1225,0.1225,0.0000,0.0,0
1790574900,0.1225,0.1225,0.1225,0.1225,0.0000,0.0,0
1790575200,0.124,0.124,0.124,0.124,0.1240,1000.0,1
1790575500,0.124,0.124,0.124,0.124,0.0000,0.0,0
1790575800,0.1257,0.1259,0.1257,0.1259,0.1258,6038.71052989,2
1790576100,0.1259,0.1259,0.1259,0.1259,0.0000,0.0,0
1790576400,0.1245,0.1245,0.1245,0.1245,0.1245,251.99649328,2
1790576700,0.1236,0.1243,0.1236,0.1243,0.1239,71709.19471559,16
1790577000,0.1243,0.1243,0.1243,0.1243,0.0000,0.0,0
1790577300,0.1258,0.1258,0.1258,0.1258,0.1258,6244.21769904,3
1790577600,0.1251,0.1251,0.1251,0.1251,0.1251,70.0,1
1790577900,0.1251,0.1251,0.1251,0.1251,0.0000,0.0,0
1790578200,0.1251,0.1251,0.1251,0.1251,0.0000,0.0,0
1790578500,0.1251,0.1251,0.1251,0.1251,0.0000,0.0,0
1790578800,0.1251,0.1251,0.1251,0.1251,0.0000,0.0,0
1790579100,0.1251,0.1251,0.1251,0.1251,0.0000,0.0,0
1790579400,0.1251,0.1251,0.1251,0.1251,0.0000,0.0,0
1790579700,0.1251,0.1251,0.1251,0.1251,0.0000,0.0,0
1790580000,0.1251,0.1251,0.1251,0.1251,0.0000,0.0,0
1790580300,0.1237,0.1237,0.1237,0.1237,0.1237,676.12063628,1
1790580600,0.1243,0.1243,0.1243,0.1243,0.1243,8044.8400895,2
1790580900,0.1243,0.1243,0.1243,0.1243,0.0000,0.0,0
1790581200,0.1243,0.1243,0.1243,0.1243,0.0000,0.0,0
1790581500,0.1243,0.1243,0.1243,0.1243,0.0000,0.0,0
1790581800,0.1243,0.1243,0.1243,0.1243,0.0000,0.0,0
1790582100,0.1243,0.1243,0.1243,0.1243,0.0000,0.0,0
1790582400,0.1243,0.1243,0.1243,0.1243,0.0000,0.0,0
1790582700,0.1243,0.1243,0.1243,0.1243,0.0000,0.0,0
1790583000,0.1243,0.1243,0.1243,0.1243,0.0000,0.0,0
1790583300,0.1243,0.1243,0.1243,0.1243,0.0000,0.0,0
1790583600,0.1243,0.1243,0.1243,0.1243,0.0000,0.0,0
1790583900,0.1243,0.1243,0.1243,0.1243,0.0000,0.0,0
1790584200,0.1243,0.1243,0.1243,0.1243,0.0000,0.0,0
1790584500,0.1243,0.1243,0.1243,0.1243,0.0000,0.0,0
1790584800,0.1243,0.1243,0.1243,0.1243,0.0000,0.0,0
1790585100,0.1243,0.1243,0.1243,0.1243,0.0000,0.0,0
1790585400,0.1244,0.1248,0.1242,0.1248,0.1246,168642.22103991,32
1790585700,0.1248,0.1248,0.1248,0.1248,0.0000,0.0,0
1790586000,0.1248,0.1248,0.1248,0.1248,0.0000,0.0,0
1790586300,0.1248,0.1248,0.1248,0.1248,0.0000,0.0,0
1790586600,0.1262,0.1262,0.1261,0.1261,0.1261,207.28588372,3
1790586900,0.1267,0.1271,0.1267,0.1271,0.1268,161.62933066,4
1790587200,0.1263,0.1263,0.126,0.126,0.1262,11198.96446714,7
1790587500,0.1259,0.1259,0.1256,0.1256,0.1258,1053.90798804,4
1790587800,0.1256,0.1256,0.1256,0.1256,0.1256,129.3616,1
1790588100,0.1249,0.1249,0.1248,0.1248,0.1248,2078.45916254,2
1790588400,0.1248,0.1248,0.1248,0.1248,0.1248,4006.4102564,2
1790588700,0.1248,0.1248,0.1248,0.1248,0.0000,0.0,0
1790589000,0.1248,0.1248,0.1248,0.1248,0.0000,0.0,0
1790589300,0.1248,0.1248,0.1248,0.1248,0.0000,0.0,0
1790589600,0.1248,0.1248,0.1248,0.1248,0.0000,0.0,0
1790589900,0.1248,0.1248,0.1248,0.1248,0.0000,0.0,0
1790590200,0.1248,0.1248,0.1248,0.1248,0.0000,0.0,0
1790590500,0.1248,0.1248,0.1248,0.1248,0.0000,0.0,0
1790590800,0.1248,0.1248,0.1248,0.1248,0.0000,0.0,0
1790591100,0.1248,0.1248,0.1248,0.1248,0.0000,0.0,0
1790591400,0.1248,0.1248,0.1248,0.1248,0.0000,0.0,0
1790591700,0.1248,0.1248,0.1248,0.1248,0.0000,0.0,0
1790592000,0.1248,0.1248,0.1248,0.1248,0.0000,0.0,0
1790592300,0.1248,0.1248,0.1248,0.1248,0.0000,0.0,0
1790592600,0.1247,0.1247,0.1247,0.1247,0.1247,2000.0,1
1790592900,0.1247,0.1247,0.1247,0.1247,0.0000,0.0,0
1790593200,0.1248,0.1255,0.1245,0.1255,0.1247,20151.89265901,27
1790593500,0.1255,0.1255,0.1255,0.1255,0.0000,0.0,0
1790593800,0.1249,0.125,0.1249,0.1249,0.1249,4606.58063679,4
1790594100,0.1249,0.1249,0.1249,0.1249,0.0000,0.0,0
1790594400,0.1249,0.1249,0.1249,0.1249,0.1249,92.65741018,1
1790594700,0.1249,0.1249,0.1249,0.1249,0.0000,0.0,0
1790595000,0.1249,0.1249,0.1249,0.1249,0.0000,0.0,0
1790595300,0.1249,0.1249,0.1249,0.1249,0.0000,0.0,0
1790595600,0.1249,0.1249,0.1249,0.1249,0.0000,0.0,0
1790595900,0.1249,0.1249,0.1249,0.1249,0.0000,0.0,0
1790596200,0.1249,0.1249,0.1249,0.1249,0.0000,0.0,0
1790596500,0.1249,0.1249,0.1249,0.1249,0.0000,0.0,0
1790596800,0.1249,0.1249,0.1249,0.1249,0.0000,0.0,0
1790597100,0.1261,0.1261,0.1261,0.1261,0.1261,92.27,1
1790597400,0.1276,0.1276,0.1276,0.1276,0.1276,80.34587665,1
1790597700,0.1276,0.1276,0.1276,0.1276,0.0000,0.0,0
1790598000,0.128,0.1281,0.1278,0.1278,0.1279,8619.56279931,8
1790598300,0.1276,0.1277,0.1273,0.1274,0.1274,6467.6639005,9
1790598600,0.1284,0.1291,0.1284,0.1291,0.1288,3449.73795882,5
1790598900,0.1287,0.1287,0.1287,0.1287,0.1287,1942.4763201,1
1790599200,0.1288,0.1288,0.1287,0.1287,0.1287,4192.5112715,4
1790599500,0.1287,0.1287,0.1287,0.1287,0.0000,0.0,0
1790599800,0.1283,0.1283,0.1283,0.1283,0.1283,1948.4980723,1
1790600100,0.129,0.129,0.1285,0.1287,0.1287,2802.29106069,3
1790600400,0.1283,0.1283,0.1283,0.1283,0.1283,653.2648436,1
1790600700,0.1287,0.1287,0.1281,0.1281,0.1284,7936.5853691,6
1790601000,0.1282,0.1282,0.1282,0.1282,0.1282,1950.0608404,1
1790601300,0.1288,0.1288,0.1288,0.1288,0.1288,474.696384,1
1790601600,0.1296,0.1296,0.1293,0.1296,0.1293,3279.10964007,7
1790601900,0.1296,0.1296,0.1296,0.1296,0.0000,0.0,0
1790602200,0.1292,0.1292,0.1292,0.1292,0.1292,1934.873823,1
1790602500,0.1296,0.1296,0.1296,0.1296,0.1296,1162.1909522,1
1790602800,0.1292,0.1292,0.1292,0.1292,0.1292,2556.77132012,2
1790603100,0.1286,0.1286,0.1285,0.1286,0.1285,8050.90221685,4
1790603400,0.1278,0.1278,0.1278,0.1278,0.1278,1954.65207193,1
1790603700,0.1278,0.1278,0.1278,0.1278,0.0000,0.0,0
1790604000,0.1274,0.1274,0.1274,0.1274,0.1274,1962.2715863,1
1790604300,0.1274,0.1274,0.1274,0.1274,0.0000,0.0,0
1790604600,0.1279,0.128,0.1279,0.128,0.1279,797.7517269,2
1790604900,0.128,0.128,0.128,0.128,0.0000,0.0,0
1790605200,0.128,0.128,0.128,0.128,0.0000,0.0,0
1790605500,0.1274,0.1274,0.1274,0.1274,0.1274,1431.9466248,1
1790605800,0.1265,0.1265,0.1265,0.1265,0.1265,944.16841526,3
1790606100,0.1265,0.1265,0.1265,0.1265,0.1265,1695.4104,3
1790606400,0.1258,0.1258,0.1249,0.1249,0.1251,1669.47159399,5
1790606700,0.1249,0.1249,0.1249,0.1249,0.0000,0.0,0
1790607000,0.126,0.126,0.126,0.126,0.1260,429.1691,1
1790607300,0.1256,0.1256,0.1256,0.1256,0.1256,418.66042847,1
1790607600,0.1256,0.1256,0.1256,0.1256,0.0000,0.0,0
1790607900,0.1261,0.1261,0.1259,0.1259,0.1259,572.9623951,3
1790608200,0.1259,0.1259,0.1259,0.1259,0.0000,0.0,0
1790608500,0.1259,0.1259,0.1259,0.1259,0.0000,0.0,0
1790608800,0.1259,0.1259,0.1259,0.1259,0.0000,0.0,0
1790609100,0.1259,0.1259,0.1259,0.1259,0.0000,0.0,0
1790609400,0.1259,0.1259,0.1259,0.1259,0.0000,0.0,0
1790609700,0.127,0.127,0.127,0.127,0.1270,308.3305,1
1790610000,0.127,0.127,0.127,0.127,0.0000,0.0,0
1790610300,0.127,0.127,0.127,0.127,0.0000,0.0,0
1790610600,0.127,0.127,0.127,0.127,0.0000,0.0,0
1790610900,0.127,0.127,0.127,0.127,0.0000,0.0,0
1790611200,0.1265,0.1265,0.1256,0.1256,0.1261,3432.90088498,4
1790611500,0.1256,0.1256,0.1256,0.1256,0.0000,0.0,0
1790611800,0.1256,0.1256,0.1256,0.1256,0.0000,0.0,0
1790612100,0.1262,0.1273,0.1262,0.1273,0.1267,14347.08562235,8
1790612400,0.1276,0.1281,0.1276,0.1281,0.1276,2490.8988342,2
1790612700,0.1276,0.1276,0.1275,0.1275,0.1275,761.7798,2
1790613000,0.1281,0.1281,0.1281,0.1281,0.1281,1.39820762,1
1790613300,0.1281,0.1281,0.1281,0.1281,0.0000,0.0,0
1790613600,0.1281,0.1281,0.1281,0.1281,0.0000,0.0,0
1790613900,0.1281,0.1281,0.1281,0.1281,0.0000,0.0,0
1790614200,0.1281,0.1281,0.1281,0.1281,0.0000,0.0,0
1790614500,0.1281,0.1281,0.1281,0.1281,0.0000,0.0,0
1790614800,0.1265,0.1265,0.1265,0.1265,0.1265,1976.2845,1
1790615100,0.1265,0.1265,0.1265,0.1265,0.0000,0.0,0
1790615400,0.1265,0.1265,0.1265,0.1265,0.0000,0.0,0
1790615700,0.1277,0.1277,0.1277,0.1277,0.1277,1957.7133,1
1790616000,0.1277,0.1277,0.1277,0.1277,0.0000,0.0,0
1790616300,0.1277,0.1277,0.1277,0.1277,0.0000,0.0,0
1790616600,0.1277,0.1277,0.1277,0.1277,0.0000,0.0,0
1790616900,0.1285,0.1291,0.1281,0.1281,0.1283,1241.39885538,5
1790617200,0.1283,0.1283,0.1283,0.1283,0.1283,251.0211,1
1790617500,0.1285,0.1286,0.1285,0.1285,0.1285,4181.44975842,4
1790617800,0.1292,0.1292,0.1282,0.1282,0.1286,8785.37666315,9
1790618100,0.1279,0.1285,0.1279,0.1285,0.1281,6871.51135592,6
1790618400,0.1279,0.1284,0.1279,0.1284,0.1280,1426.03090337,2
1790618700,0.1287,0.1294,0.1287,0.1294,0.1289,307.83164716,2
1790619000,0.1293,0.1299,0.1293,0.1299,0.1296,20000.0,6
1790619300,0.1294,0.1294,0.1287,0.1287,0.1292,6616.329317,7
1790619600,0.1287,0.1287,0.1287,0.1287,0.0000,0.0,0
1790619900,0.128,0.128,0.128,0.128,0.1280,314.5732,1
1790620200,0.128,0.128,0.128,0.128,0.0000,0.0,0
1790620500,0.1285,0.1294,0.1285,0.1294,0.1292,3345.71120851,3
1790620800,0.1301,0.1301,0.1301,0.1301,0.1301,78.8038,1
1790621100,0.1301,0.1303,0.1293,0.1293,0.1301,14139.883033,5
1790621400,0.1293,0.1302,0.1293,0.1302,0.1297,850.1825163,3
1790621700,0.13,0.13,0.1293,0.1293,0.1295,836.6122,2
1790622000,0.1293,0.1293,0.1293,0.1293,0.0000,0.0,0
1790622300,0.1293,0.1293,0.1293,0.1293,0.0000,0.0,0
1790622600,0.1287,0.1287,0.1287,0.1287,0.1287,727.84447611,2
1790622900,0.1289,0.1289,0.1289,0.1289,0.1289,129.92293163,1
1790623200,0.1289,0.1289,0.1289,0.1289,0.0000,0.0,0
1790623500,0.1287,0.1293,0.1287,0.1293,0.1291,2881.93401237,4
1790623800,0.1293,0.1293,0.1293,0.1293,0.1293,15786.83796186,7
1790624100,0.1289,0.129,0.1288,0.1288,0.1289,23588.87623899,11
1790624400,0.1283,0.1286,0.1283,0.1286,0.1283,6234.34759365,5
1790624700,0.1286,0.1286,0.1286,0.1286,0.0000,0.0,0
1790625000,0.1286,0.1286,0.1286,0.1286,0.0000,0.0,0
1790625300,0.1286,0.1286,0.1286,0.1286,0.0000,0.0,0
1790625600,0.1304,0.1311,0.1304,0.1311,0.1305,4120.09516957,6
1790625900,0.1309,0.1309,0.1306,0.1306,0.1308,34317.12360431,6
1790626200,0.1306,0.1306,0.1306,0.1306,0.0000,0.0,0
1790626500,0.1306,0.1306,0.1306,0.1306,0.0000,0.0,0
1790626800,0.1308,0.1308,0.1308,0.1308,0.1308,1600.52597842,1
1790627100,0.1308,0.1308,0.1308,0.1308,0.1308,1570.77733926,1
1790627400,0.1307,0.1307,0.1307,0.1307,0.1307,660.77366738,1
1790627700,0.1312,0.1313,0.1312,0.1313,0.1312,12384.29921759,6
1790628000,0.1313,0.1313,0.1313,0.1313,0.0000,0.0,0
1790628300,0.1313,0.1313,0.1313,0.1313,0.0000,0.0,0
1790628600,0.1313,0.1313,0.1313,0.1313,0.0000,0.0,0
1790628900,0.1295,0.1297,0.1295,0.1297,0.1296,504.89626581,3
1790629200,0.1297,0.1297,0.1297,0.1297,0.0000,0.0,0
1790629500,0.1305,0.1305,0.1305,0.1305,0.1305,1915.70881226,1
1790629800,0.1305,0.1305,0.1305,0.1305,0.0000,0.0,0
1790630100,0.1305,0.1305,0.1305,0.1305,0.0000,0.0,0
1790630400,0.1295,0.1295,0.1293,0.1293,0.1294,560.6657724,2
1790630700,0.1293,0.1293,0.1293,0.1293,0.0000,0.0,0
1790631000,0.1293,0.1293,0.1293,0.1293,0.0000,0.0,0
1790631300,0.1293,0.1293,0.1293,0.1293,0.0000,0.0,0
1790631600,0.1285,0.1286,0.1285,0.1286,0.1285,12321.11756906,5
1790631900,0.1288,0.1288,0.1288,0.1288,0.1288,4048.27141853,3
1790632200,0.1292,0.1292,0.1292,0.1292,0.1292,1279.40812023,1
1790632500,0.1288,0.1288,0.1288,0.1288,0.1288,4295.05961008,3
1790632800,0.1288,0.1288,0.1288,0.1288,0.0000,0.0,0
1790633100,0.1288,0.1288,0.1288,0.1288,0.0000,0.0,0
1790633400,0.1295,0.1296,0.1295,0.1296,0.1295,2011.93599673,2
1790633700,0.1296,0.1296,0.1296,0.1296,0.0000,0.0,0
1790634000,0.1296,0.1296,0.1296,0.1296,0.0000,0.0,0
1790634300,0.1297,0.13,0.1297,0.13,0.1299,2415.44900231,6
1790634600,0.13,0.13,0.13,0.13,0.0000,0.0,0
1790634900,0.13,0.13,0.13,0.13,0.0000,0.0,0
1790635200,0.13,0.13,0.13,0.13,0.0000,0.0,0
1790635500,0.13,0.13,0.13,0.13,0.0000,0.0,0
1790635800,0.13,0.13,0.13,0.13,0.0000,0.0,0
1790636100,0.13,0.13,0.13,0.13,0.0000,0.0,0
1790636400,0.1301,0.1314,0.1301,0.1312,0.1308,3882.20266352,14
1790636700,0.1312,0.1312,0.1312,0.1312,0.0000,0.0,0
1790637000,0.1308,0.1308,0.1308,0.1308,0.1308,288.235,1
1790637300,0.131,0.131,0.131,0.131,0.1310,268.72184878,2
1790637600,0.131,0.131,0.131,0.131,0.1310,4797.17560763,2
1790637900,0.131,0.131,0.131,0.131,0.0000,0.0,0
1790638200,0.131,0.131,0.131,0.131,0.0000,0.0,0
1790638500,0.1312,0.1318,0.1312,0.1318,0.1316,22036.97658219,19
1790638800,0.1318,0.1318,0.1318,0.1318,0.0000,0.0,0
1790639100,0.131,0.131,0.131,0.131,0.1310,83.0566,1
1790639400,0.1312,0.1312,0.1312,0.1312,0.1312,83.0566,1
1790639700,0.1312,0.1312,0.1312,0.1312,0.0000,0.0,0
1790640000,0.1314,0.1314,0.1314,0.1314,0.1314,83.0566,1
1790640300,0.1314,0.1314,0.1314,0.1314,0.0000,0.0,0
1790640600,0.1314,0.1314,0.1314,0.1314,0.0000,0.0,0
1790640900,0.1316,0.1316,0.1315,0.1315,0.1315,166.1132,2
1790641200,0.1315,0.1315,0.1315,0.1315,0.0000,0.0,0
1790641500,0.1315,0.1315,0.1315,0.1315,0.0000,0.0,0
1790641800,0.1306,0.1307,0.1305,0.1305,0.1306,5576.51214295,5
1790642100,0.1305,0.1305,0.1305,0.1305,0.0000,0.0,0
1790642400,0.1305,0.1305,0.1305,0.1305,0.0000,0.0,0
1790642700,0.1309,0.1309,0.1309,0.1309,0.1309,83.0566,1
1790643000,0.13,0.1301,0.1297,0.1297,0.1300,4312.64808722,14
1790643300,0.1297,0.1297,0.1297,0.1297,0.0000,0.0,0
1790643600,0.1294,0.1294,0.1286,0.1286,0.1290,166.1132,2
1790643900,0.1283,0.1283,0.1278,0.1278,0.1280,406.98389572,5
1790644200,0.1278,0.1278,0.1278,0.1278,0.0000,0.0,0
1790644500,0.1273,0.1273,0.1273,0.1273,0.1273,79.36670544,1
1790644800,0.1279,0.1279,0.1279,0.1279,0.1279,83.0566,1
1790645100,0.1279,0.1279,0.1279,0.1279,0.0000,0.0,0
1790645400,0.1274,0.1274,0.1274,0.1274,0.1274,83.0566,1
1790645700,0.1274,0.1274,0.1274,0.1274,0.0000,0.0,0
1790646000,0.1274,0.1274,0.1274,0.1274,0.0000,0.0,0
1790646300,0.1274,0.1274,0.1274,0.1274,0.0000,0.0,0
1790646600,0.1274,0.1274,0.1274,0.1274,0.0000,0.0,0
1790646900,0.1274,0.1274,0.1274,0.1274,0.0000,0.0,0
1790647200,0.1281,0.1281,0.1281,0.1281,0.1281,83.0566,1
1790647500,0.1281,0.1281,0.1281,0.1281,0.0000,0.0,0
1790647800,0.1284,0.1284,0.1283,0.1283,0.1283,142.38823427,2
1790648100,0.1283,0.1283,0.1283,0.1283,0.0000,0.0,0
1790648400,0.1283,0.1283,0.1283,0.1283,0.0000,0.0,0
1790648700,0.1289,0.1289,0.1289,0.1289,0.1289,1417.36806077,1
1790649000,0.1289,0.1289,0.1289,0.1289,0.0000,0.0,0
1790649300,0.1285,0.1285,0.1284,0.1284,0.1284,163.88095718,2
1790649600,0.1284,0.1284,0.1284,0.1284,0.0000,0.0,0
1790649900,0.1284,0.1284,0.1284,0.1284,0.0000,0.0,0
1790650200,0.1284,0.1284,0.1284,0.1284,0.0000,0.0,0
1790650500,0.1284,0.1284,0.1284,0.1284,0.0000,0.0,0
1790650800,0.1284,0.1284,0.1284,0.1284,0.0000,0.0,0
1790651100,0.1284,0.1284,0.1284,0.1284,0.0000,0.0,0
1790651400,0.1284,0.1284,0.1284,0.1284,0.0000,0.0,0
1790651700,0.1283,0.1283,0.1278,0.1282,0.1282,8687.05912865,7
1790652000,0.129,0.129,0.1287,0.129,0.1287,32912.62012508,12
1790652300,0.1289,0.1289,0.1289,0.1289,0.1289,1939.48797517,1
1790652600,0.1289,0.1289,0.1289,0.1289,0.0000,0.0,0
1790652900,0.1296,0.1296,0.1296,0.1296,0.1296,81.47135602,1
1790653200,0.1289,0.1292,0.1289,0.1292,0.1290,166.1132,2
1790653500,0.1292,0.1292,0.1286,0.1286,0.1288,66229.77089801,43
1790653800,0.1283,0.1283,0.1283,0.1283,0.1283,492.1875,1
1790654100,0.1268,0.127,0.1262,0.1264,0.1263,43223.28251437,15
1790654400,0.1269,0.1269,0.1264,0.1264,0.1267,2264.23718503,4
1790654700,0.1264,0.1264,0.1264,0.1264,0.0000,0.0,0
1790655000,0.1264,0.1264,0.1264,0.1264,0.0000,0.0,0
1790655300,0.1264,0.1264,0.1264,0.1264,0.0000,0.0,0
1790655600,0.1264,0.1264,0.1264,0.1264,0.0000,0.0,0
1790655900,0.1282,0.1282,0.1282,0.1282,0.1282,125.62014551,2
1790656200,0.1284,0.1285,0.1284,0.1285,0.1284,1481.6626,4
1790656500,0.1285,0.1285,0.1285,0.1285,0.0000,0.0,0
1790656800,0.1285,0.1285,0.1285,0.1285,0.0000,0.0,0
1790657100,0.1281,0.1281,0.1276,0.1281,0.1278,18005.7090177,15
1790657400,0.1281,0.1285,0.128,0.1284,0.1282,6449.83952388,12
1790657700,0.1284,0.1284,0.1284,0.1284,0.0000,0.0,0
1790658000,0.1277,0.1277,0.1277,0.1277,0.1277,367.618526,1
1790658300,0.1277,0.1277,0.1277,0.1277,0.0000,0.0,0
1790658600,0.1273,0.1273,0.1273,0.1273,0.1273,141.50165773,2
1790658900,0.1279,0.1279,0.1279,0.1279,0.1279,79.61717514,1
1790659200,0.1279,0.1279,0.1279,0.1279,0.0000,0.0,0
1790659500,0.1283,0.1283,0.1283,0.1283,0.1283,82.33704164,1
1790659800,0.1283,0.1283,0.1283,0.1283,0.0000,0.0,0
1790660100,0.1283,0.1283,0.1283,0.1283,0.0000,0.0,0
1790660400,0.1293,0.1301,0.1293,0.1301,0.1296,326.71517834,4
1790660700,0.1301,0.1306,0.1301,0.1306,0.1305,681.91045378,4
1790661000,0.1311,0.1312,0.1311,0.1312,0.1311,596.725247,2
1790661300,0.1314,0.1318,0.1314,0.1317,0.1316,1009.17823684,3
1790661600,0.132,0.133,0.132,0.133,0.1328,14885.0058923,12
1790661900,0.1333,0.1343,0.1332,0.1343,0.1334,740.02524841,6
1790662200,0.1342,0.1343,0.1342,0.1342,0.1342,18736.16906436,11
1790662500,0.1343,0.1345,0.1342,0.1343,0.1342,220343.26229946,80
1790662800,0.1342,0.135,0.1342,0.1348,0.1346,25447.32116248,30
1790663100,0.1343,0.1346,0.1342,0.1342,0.1342,56325.948638,22
1790663400,0.1346,0.1355,0.1346,0.1355,0.1346,30753.63358546,38
1790663700,0.1356,0.1356,0.1346,0.1346,0.1348,7497.27012689,5
1790664000,0.1346,0.1346,0.1346,0.1346,0.1346,4588.72929189,4
1790664300,0.1342,0.1345,0.1342,0.1344,0.1342,55087.67302693,42
1790664600,0.1344,0.1344,0.1342,0.1344,0.1342,6765.57915135,5
1790664900,0.1348,0.1349,0.1348,0.1348,0.1348,2014.63604645,4
1790665200,0.1348,0.1348,0.1348,0.1348,0.0000,0.0,0
1790665500,0.1358,0.1359,0.1358,0.1358,0.1358,996.77732899,5
1790665800,0.1358,0.1358,0.1358,0.1358,0.1358,368.18848513,2
1790666100,0.1355,0.1358,0.1355,0.1358,0.1356,155.54116778,2
1790666400,0.1358,0.1358,0.1358,0.1358,0.0000,0.0,0
1790666700,0.1362,0.1363,0.1362,0.1363,0.1362,162.28189122,3
1790667000,0.1365,0.1382,0.1365,0.138,0.1378,5459.12308014,14
1790667300,0.1382,0.1383,0.138,0.1383,0.1380,138619.17648096,60
1790667600,0.1385,0.139,0.1385,0.139,0.1387,3632.56550517,8
1790667900,0.1386,0.1393,0.1386,0.1393,0.1386,9500.40707882,10
1790668200,0.1385,0.1385,0.1381,0.1381,0.1381,11160.2317982,21
1790668500,0.1381,0.1381,0.138,0.138,0.1380,335876.31276472,156
1790668800,0.138,0.1381,0.138,0.138,0.1380,214943.43674846,150
1790669100,0.1381,0.1383,0.138,0.138,0.1380,58411.22719865,54
1790669400,0.1369,0.1369,0.1366,0.1368,0.1368,17585.24534969,12
1790669700,0.1365,0.137,0.1365,0.137,0.1366,10987.7331132,8
1790670000,0.1372,0.1372,0.1372,0.1372,0.1372,83.0566,1
1790670300,0.1372,0.1372,0.1372,0.1372,0.0000,0.0,0
1790670600,0.1356,0.1356,0.1343,0.1344,0.1351,321518.91983825,39
1790670900,0.1348,0.1348,0.1345,0.1347,0.1346,26302.73430235,10
1790671200,0.134,0.134,0.134,0.134,0.1340,2000.0,2
1790671500,0.1339,0.1345,0.1339,0.1343,0.1342,4218.43924958,4
1790671800,0.1343,0.1343,0.1343,0.1343,0.0000,0.0,0
1790672100,0.1343,0.1343,0.1343,0.1343,0.0000,0.0,0
1790672400,0.1343,0.1343,0.1343,0.1343,0.0000,0.0,0
1790672700,0.1355,0.1356,0.1355,0.1356,0.1355,902.31976342,3
1790673000,0.1353,0.1353,0.1351,0.1351,0.1352,1513.7623906,2
1790673300,0.1356,0.1357,0.1356,0.1357,0.1356,153.86096607,2
1790673600,0.1354,0.1354,0.1354,0.1354,0.1354,239.96844372,3
1790673900,0.1353,0.1357,0.1353,0.1357,0.1355,3773.10153948,3
1790674200,0.1357,0.1357,0.1357,0.1357,0.0000,0.0,0
1790674500,0.1357,0.1357,0.1357,0.1357,0.0000,0.0,0
1790674800,0.1357,0.1357,0.1357,0.1357,0.0000,0.0,0
1790675100,0.1357,0.1357,0.1357,0.1357,0.0000,0.0,0
1790675400,0.1354,0.1355,0.1352,0.1355,0.1352,5545.57141374,5
1790675700,0.1358,0.1358,0.1358,0.1358,0.1358,117.0483678,1
1790676000,0.1358,0.1358,0.1358,0.1358,0.0000,0.0,0
1790676300,0.1362,0.137,0.1362,0.137,0.1367,249.1698,3
1790676600,0.1374,0.1379,0.1374,0.1379,0.1376,149.00149098,2
1790676900,0.1379,0.1379,0.1379,0.1379,0.0000,0.0,0
1790677200,0.1377,0.1377,0.1377,0.1377,0.1377,4290.39909267,3
1790677500,0.1377,0.1377,0.1377,0.1377,0.0000,0.0,0
1790677800,0.1375,0.1375,0.1375,0.1375,0.1375,2391.4103437,2
1790678100,0.1368,0.137,0.1368,0.137,0.1369,17943.3319682,5
1790678400,0.137,0.137,0.137,0.137,0.0000,0.0,0
1790678700,0.1373,0.1373,0.1373,0.1373,0.1373,77.04064651,1
1790679000,0.1373,0.1373,0.1373,0.1373,0.0000,0.0,0
1790679300,0.1372,0.1372,0.1371,0.1371,0.1371,236.1132,3
1790679600,0.1371,0.1371,0.1371,0.1371,0.0000,0.0,0
1790679900,0.1366,0.1366,0.1366,0.1366,0.1366,6691.91064629,5
1790680200,0.1359,0.1359,0.1359,0.1359,0.1359,70.04097765,1
1790680500,0.1359,0.1359,0.1359,0.1359,0.0000,0.0,0
1790680800,0.1359,0.1359,0.1359,0.1359,0.0000,0.0,0
1790681100,0.1356,0.1356,0.1353,0.1353,0.1353,661.04838421,4
1790681400,0.1353,0.1353,0.1353,0.1353,0.0000,0.0,0
1790681700,0.1351,0.1351,0.1351,0.1351,0.1351,125.99890531,2
1790682000,0.1351,0.1351,0.1351,0.1351,0.0000,0.0,0
1790682300,0.1348,0.1348,0.1347,0.1347,0.1347,747.95111103,3
1790682600,0.1348,0.1348,0.1347,0.1347,0.1347,3703.26548535,3
1790682900,0.1347,0.1347,0.1347,0.1347,0.1347,1939.0328435,2
1790683200,0.1347,0.1347,0.1347,0.1347,0.0000,0.0,0
1790683500,0.1341,0.1341,0.1324,0.1334,0.1334,365348.78394021,76
1790683800,0.1335,0.1335,0.1329,0.1334,0.1332,1578.94291264,4
1790684100,0.1336,0.1343,0.1336,0.1341,0.1340,4295.79334287,8
1790684400,0.1336,0.1336,0.1336,0.1336,0.1336,476.5559,1
1790684700,0.1332,0.1332,0.1332,0.1332,0.1332,242.9126,1
1790685000,0.133,0.1331,0.133,0.1331,0.1330,498.62174372,3
1790685300,0.1328,0.133,0.1326,0.133,0.1326,5837.53353511,5
1790685600,0.1329,0.1329,0.1329,0.1329,0.1329,83.0566,1
1790685900,0.1328,0.1328,0.1321,0.1321,0.1325,2974.67426243,9
1790686200,0.1318,0.1323,0.1318,0.1323,0.1319,246.10052471,4
1790686500,0.1323,0.1323,0.1323,0.1323,0.0000,0.0,0
1790686800,0.1321,0.1321,0.1321,0.1321,0.1321,162.32140297,2
1790687100,0.1321,0.1321,0.1321,0.1321,0.0000,0.0,0
1790687400,0.1321,0.1321,0.1321,0.1321,0.0000,0.0,0
1790687700,0.1314,0.1316,0.1313,0.1316,0.1315,616.97075681,4
1790688000,0.131,0.131,0.131,0.131,0.1310,12776.29788625,15
1790688300,0.131,0.1311,0.1306,0.1306,0.1309,22281.94796975,17
1790688600,0.1303,0.1303,0.13,0.13,0.1301,154.4664461,4
1790688900,0.1307,0.1307,0.1307,0.1307,0.1307,6934.96557,1
1790689200,0.1304,0.1304,0.1304,0.1304,0.1304,83.0566,1
1790689500,0.13,0.13,0.13,0.13,0.1300,83.0566,1
1790689800,0.1309,0.1309,0.1309,0.1309,0.1309,83.0566,1
1790690100,0.1309,0.1309,0.1309,0.1309,0.0000,0.0,0
1790690400,0.1304,0.1304,0.1297,0.1297,0.1299,389.53934812,8
1790690700,0.1295,0.1295,0.1295,0.1295,0.1295,210.0,1
1790691000,0.1295,0.1295,0.1295,0.1295,0.0000,0.0,0
1790691300,0.1299,0.1316,0.1299,0.1316,0.1304,91681.84155985,13
1790691600,0.1316,0.1316,0.1316,0.1316,0.0000,0.0,0
1790691900,0.1316,0.1316,0.1316,0.1316,0.0000,0.0,0
1790692200,0.1316,0.1316,0.1316,0.1316,0.0000,0.0,0
1790692500,0.1325,0.1325,0.1324,0.1325,0.1324,5417.32121151,6
1790692800,0.1338,0.1338,0.1338,0.1338,0.1338,2953.125,5
1790693100,0.1343,0.1343,0.134,0.134,0.1341,300.83825411,5
1790693400,0.134,0.134,0.134,0.134,0.0000,0.0,0
1790693700,0.134,0.134,0.134,0.134,0.0000,0.0,0
1790694000,0.1334,0.1336,0.1334,0.1335,0.1334,1194.19646245,4
1790694300,0.1335,0.1335,0.1335,0.1335,0.0000,0.0,0
1790694600,0.1335,0.1335,0.1335,0.1335,0.0000,0.0,0
1790694900,0.1324,0.1324,0.1323,0.1323,0.1323,166.1132,2
1790695200,0.1323,0.1323,0.1323,0.1323,0.0000,0.0,0
1790695500,0.131,0.131,0.131,0.131,0.1310,83.0566,1
1790695800,0.1312,0.1314,0.1302,0.1306,0.1308,1217.59134286,9
1790696100,0.1308,0.1308,0.1306,0.1306,0.1306,9935.05576727,6
1790696400,0.1306,0.1306,0.1306,0.1306,0.0000,0.0,0
1790696700,0.1306,0.1306,0.1306,0.1306,0.0000,0.0,0
1790697000,0.1305,0.1312,0.1305,0.1312,0.1307,6877.4783204,10
1790697300,0.1314,0.1328,0.1314,0.1328,0.1318,91852.907525,29
1790697600,0.1323,0.1326,0.1322,0.1326,0.1322,11240.17097467,9
1790697900,0.1328,0.1334,0.1328,0.1332,0.1332,6296.24401206,10
1790698200,0.1334,0.1336,0.1333,0.1333,0.1334,6497.14242944,7
1790698500,0.1333,0.1333,0.1333,0.1333,0.0000,0.0,0
1790698800,0.1333,0.1333,0.1333,0.1333,0.0000,0.0,0
1790699100,0.1324,0.1325,0.1324,0.1325,0.1324,166.1132,2
1790699400,0.1328,0.1328,0.1328,0.1328,0.1328,599.9616,3
1790699700,0.1326,0.1326,0.1326,0.1326,0.1326,162.91236699,2
1790700000,0.1326,0.1326,0.1326,0.1326,0.0000,0.0,0
1790700300,0.1326,0.1326,0.1326,0.1326,0.0000,0.0,0
1790700600,0.1326,0.1326,0.1326,0.1326,0.0000,0.0,0
1790700900,0.1326,0.1326,0.1326,0.1326,0.0000,0.0,0
1790701200,0.1313,0.1316,0.1313,0.1316,0.1314,24340.82640564,10
1790701500,0.1319,0.1319,0.1319,0.1319,0.1319,515.6202,1
1790701800,0.1319,0.1319,0.1319,0.1319,0.1319,74.0359,1
1790702100,0.1319,0.1319,0.1319,0.1319,0.0000,0.0,0
1790702400,0.1319,0.1319,0.1319,0.1319,0.0000,0.0,0
1790702700,0.1315,0.1315,0.1315,0.1315,0.1315,83.0566,1
1790703000,0.1312,0.1312,0.1312,0.1312,0.1312,83.0566,1
1790703300,0.1309,0.131,0.1304,0.1304,0.1305,658.3007,3
1790703600,0.1304,0.1306,0.1304,0.1305,0.1304,9759.10488053,9
1790703900,0.1302,0.1302,0.1301,0.1301,0.1301,7153.87456358,5
1790704200,0.1294,0.1302,0.1282,0.1301,0.1292,102992.32305913,68
1790704500,0.13,0.13,0.1298,0.1299,0.1299,10570.62878632,6
1790704800,0.1305,0.1307,0.1305,0.1307,0.1306,1995.83395271,3
1790705100,0.1306,0.1307,0.13,0.13,0.1302,7743.22474356,5
1790705400,0.1302,0.1303,0.1302,0.1302,0.1302,6007.74318647,6
1790705700,0.1303,0.1304,0.1301,0.1303,0.1303,6003.35868922,6
1790706000,0.1304,0.1304,0.1303,0.1303,0.1303,10654.84352571,3
1790706300,0.1307,0.1307,0.1307,0.1307,0.1307,1995.74108257,2
1790706600,0.1307,0.1307,0.1307,0.1307,0.1307,100.0,2
1790706900,0.1308,0.1311,0.1308,0.1311,0.1310,1989.9894558,2
1790707200,0.1311,0.1311,0.1311,0.1311,0.0000,0.0,0
1790707500,0.1311,0.1311,0.1311,0.1311,0.0000,0.0,0
1790707800,0.1311,0.1311,0.1311,0.1311,0.0000,0.0,0
1790708100,0.131,0.131,0.1309,0.1309,0.1309,3901.29155613,3
1790708400,0.1308,0.1314,0.1308,0.1314,0.1309,3989.39647154,6
1790708700,0.1314,0.1314,0.1314,0.1314,0.0000,0.0,0
1790709000,0.1315,0.1315,0.1315,0.1315,0.1315,1901.14068441,2
1790709300,0.1315,0.1315,0.1315,0.1315,0.0000,0.0,0
1790709600,0.1313,0.1323,0.1313,0.1318,0.1318,69165.96655396,34
1790709900,0.132,0.1321,0.1313,0.1314,0.1316,34495.86075551,17
1790710200,0.1311,0.1313,0.1311,0.1313,0.1312,9672.7380888,6
1790710500,0.1313,0.1313,0.1311,0.1311,0.1312,3040.19411603,2
1790710800,0.1311,0.1311,0.1311,0.1311,0.0000,0.0,0
1790711100,0.1303,0.1303,0.1303,0.1303,0.1303,83.0566,1
1790711400,0.1303,0.1303,0.1303,0.1303,0.0000,0.0,0
1790711700,0.1305,0.1305,0.1303,0.1305,0.1304,4084.57808317,3
1790712000,0.1305,0.1305,0.1305,0.1305,0.0000,0.0,0
1790712300,0.1305,0.1305,0.1305,0.1305,0.0000,0.0,0
1790712600,0.1303,0.1303,0.1303,0.1303,0.1303,1918.64927091,1
1790712900,0.1302,0.1302,0.1293,0.1296,0.1298,112796.05758848,60
1790713200,0.1296,0.1296,0.129,0.1291,0.1291,21752.27126042,11
1790713500,0.1291,0.1293,0.1291,0.1293,0.1291,16584.35982395,7
1790713800,0.1291,0.1291,0.1291,0.1291,0.1291,83.0566,1
1790714100,0.1291,0.1291,0.1291,0.1291,0.0000,0.0,0
1790714400,0.1292,0.1292,0.1292,0.1292,0.1292,83.0566,1
1790714700,0.1292,0.1292,0.129,0.1291,0.1291,10613.93967025,8
1790715000,0.1291,0.1291,0.1291,0.1291,0.0000,0.0,0
1790715300,0.1287,0.1287,0.1287,0.1287,0.1287,83.0566,1
1790715600,0.1288,0.1289,0.1287,0.1287,0.1288,1562.71758898,4
1790715900,0.1284,0.1284,0.1284,0.1284,0.1284,83.0566,1
1790716200,0.129,0.129,0.1288,0.1288,0.1289,8518.75795733,4
1790716500,0.1286,0.1286,0.128,0.128,0.1281,8331.9608291,10
1790716800,0.128,0.128,0.128,0.128,0.0000,0.0,0
1790717100,0.128,0.128,0.128,0.128,0.0000,0.0,0
1790717400,0.128,0.128,0.128,0.128,0.1280,2477.9953659,1
1790717700,0.1283,0.1284,0.1283,0.1284,0.1283,18412.74508886,4
1790718000,0.1284,0.1284,0.1284,0.1284,0.1284,1512.61682243,1
1790718300,0.1278,0.1278,0.1273,0.1275,0.1275,31300.50235273,12
1790718600,0.1273,0.1275,0.1269,0.1273,0.1272,74835.5733648,23
1790718900,0.1273,0.1273,0.1273,0.1273,0.0000,0.0,0
1790719200,0.1273,0.1273,0.1273,0.1273,0.0000,0.0,0
1790719500,0.1272,0.1272,0.1272,0.1272,0.1272,3930.81761006,2
1790719800,0.1273,0.1273,0.1273,0.1273,0.1273,734.20534782,1
1790720100,0.127,0.127,0.127,0.127,0.1270,1968.503937,1
1790720400,0.1268,0.1268,0.1265,0.1265,0.1265,2211.89545197,6
1790720700,0.1263,0.1263,0.1263,0.1263,0.1263,79.98137783,1
1790721000,0.126,0.126,0.1258,0.1258,0.1259,1797.62389558,2
1790721300,0.1258,0.1258,0.1258,0.1258,0.0000,0.0,0
1790721600,0.1258,0.1258,0.1258,0.1258,0.1258,1987.28139904,1
1790721900,0.1255,0.1255,0.1255,0.1255,0.1255,500.60712,2
1790722200,0.126,0.126,0.1258,0.1258,0.1259,2741.10693752,2
1790722500,0.1258,0.1258,0.1258,0.1258,0.0000,0.0,0
1790722800,0.1258,0.1258,0.1258,0.1258,0.0000,0.0,0
1790723100,0.127,0.127,0.127,0.127,0.1270,3904.230937,5
1790723400,0.1273,0.1273,0.1273,0.1273,0.1273,3792.23820286,2
1790723700,0.1273,0.1273,0.1273,0.1273,0.0000,0.0,0
1790724000,0.1273,0.1273,0.1273,0.1273,0.0000,0.0,0
1790724300,0.1258,0.1258,0.1256,0.1256,0.1257,4969.41843706,3
1790724600,0.1255,0.1255,0.1253,0.1253,0.1254,6779.17602043,2
1790724900,0.125,0.125,0.1248,0.1248,0.1248,4980.67253736,5
1790725200,0.1244,0.1244,0.1244,0.1244,0.1244,2844.64390225,3
1790725500,0.1244,0.1244,0.1244,0.1244,0.0000,0.0,0
1790725800,0.1242,0.1242,0.1242,0.1242,0.1242,2803.19736248,3
1790726100,0.1244,0.1245,0.1244,0.1245,0.1244,3386.11733246,3
1790726400,0.1247,0.1248,0.1247,0.1248,0.1247,3209.85516627,2
1790726700,0.1247,0.1248,0.1247,0.1247,0.1247,6204.53654512,4
1790727000,0.124,0.124,0.1239,0.1239,0.1239,3410.8175031,4
1790727300,0.1239,0.1239,0.1239,0.1239,0.0000,0.0,0
1790727600,0.1239,0.1239,0.1239,0.1239,0.0000,0.0,0
1790727900,0.1245,0.1245,0.1245,0.1245,0.1245,1156.85486754,1
1790728200,0.1246,0.1246,0.1246,0.1246,0.1246,1114.17678586,1
1790728500,0.1247,0.1247,0.1247,0.1247,0.1247,1437.63915554,2
1790728800,0.1247,0.1247,0.1247,0.1247,0.0000,0.0,0
1790729100,0.1247,0.1247,0.1247,0.1247,0.0000,0.0,0
1790729400,0.1247,0.1247,0.1247,0.1247,0.0000,0.0,0
1790729700,0.1247,0.1247,0.1247,0.1247,0.0000,0.0,0
1790730000,0.1243,0.1243,0.1243,0.1243,0.1243,2011.2630732,3
1790730300,0.1243,0.1243,0.1243,0.1243,0.0000,0.0,0
1790730600,0.1244,0.1245,0.1244,0.1245,0.1244,32969.84750748,6
1790730900,0.1247,0.1247,0.1247,0.1247,0.1247,8817.1875,4
1790731200,0.1255,0.1255,0.1255,0.1255,0.1255,307.32865396,1
1790731500,0.1255,0.1255,0.1255,0.1255,0.0000,0.0,0
1790731800,0.1255,0.1255,0.1255,0.1255,0.0000,0.0,0
1790732100,0.1255,0.1255,0.1255,0.1255,0.0000,0.0,0
1790732400,0.1255,0.1255,0.1255,0.1255,0.0000,0.0,0
1790732700,0.1251,0.1259,0.1251,0.1258,0.1253,212598.47655543,24
1790733000,0.1258,0.1258,0.1258,0.1258,0.0000,0.0,0
1790733300,0.1261,0.1261,0.1261,0.1261,0.1261,421.7604,1
1790733600,0.1261,0.1261,0.1261,0.1261,0.0000,0.0,0
1790733900,0.1261,0.1261,0.1261,0.1261,0.0000,0.0,0
1790734200,0.1261,0.1261,0.1261,0.1261,0.0000,0.0,0
1790734500,0.1261,0.1261,0.1261,0.1261,0.0000,0.0,0
1790734800,0.1261,0.1261,0.1261,0.1261,0.0000,0.0,0
1790735100,0.1261,0.1261,0.1261,0.1261,0.0000,0.0,0
1790735400,0.1261,0.1261,0.1261,0.1261,0.0000,0.0,0
1790735700,0.1261,0.1261,0.1261,0.1261,0.0000,0.0,0
1790736000,0.1261,0.1261,0.1261,0.1261,0.0000,0.0,0
1790736300,0.1261,0.1261,0.1261,0.1261,0.0000,0.0,0
1790736600,0.1261,0.1261,0.1261,0.1261,0.0000,0.0,0
1790736900,0.1261,0.1261,0.1261,0.1261,0.0000,0.0,0
1790737200,0.1261,0.1261,0.1261,0.1261,0.0000,0.0,0
1790737500,0.1261,0.1261,0.1261,0.1261,0.0000,0.0,0
1790737800,0.1261,0.1261,0.1261,0.1261,0.0000,0.0,0
1790738100,0.1261,0.1261,0.1261,0.1261,0.0000,0.0,0
1790738400,0.1261,0.1261,0.1261,0.1261,0.0000,0.0,0
1790738700,0.1261,0.1261,0.1261,0.1261,0.0000,0.0,0
1790739000,0.1261,0.1261,0.1261,0.1261,0.0000,0.0,0
1790739300,0.1234,0.1234,0.1234,0.1234,0.1234,81.85955883,2
1790739600,0.1234,0.1234,0.1234,0.1234,0.0000,0.0,0
1790739900,0.1235,0.1235,0.1235,0.1235,0.1235,242.91497976,1
1790740200,0.1235,0.1235,0.1235,0.1235,0.0000,0.0,0
1790740500,0.1235,0.1235,0.1235,0.1235,0.0000,0.0,0
1790740800,0.1235,0.1235,0.1235,0.1235,0.0000,0.0,0
1790741100,0.1235,0.1235,0.1235,0.1235,0.0000,0.0,0
1790741400,0.1235,0.1235,0.1235,0.1235,0.0000,0.0,0
1790741700,0.1235,0.1235,0.1235,0.1235,0.0000,0.0,0
1790742000,0.1235,0.1235,0.1235,0.1235,0.0000,0.0,0
1790742300,0.1235,0.1235,0.1235,0.1235,0.0000,0.0,0
1790742600,0.1235,0.1235,0.1235,0.1235,0.0000,0.0,0
1790742900,0.1247,0.1247,0.1247,0.1247,0.1247,7688.69164771,21
1790743200,0.1247,0.1247,0.1247,0.1247,0.0000,0.0,0
1790743500,0.1247,0.1247,0.1247,0.1247,0.0000,0.0,0
1790743800,0.1247,0.1247,0.1247,0.1247,0.0000,0.0,0
1790744100,0.1247,0.1247,0.1247,0.1247,0.0000,0.0,0
1790744400,0.1247,0.1247,0.1247,0.1247,0.0000,0.0,0
1790744700,0.1247,0.1261,0.1247,0.1257,0.1249,96928.91096844,33
1790745000,0.1257,0.1258,0.1255,0.1258,0.1257,10512.61759902,7
1790745300,0.1255,0.1255,0.1255,0.1255,0.1255,421.43266892,2
1790745600,0.1255,0.1255,0.1255,0.1255,0.0000,0.0,0
1790745900,0.1255,0.1255,0.1255,0.1255,0.0000,0.0,0
1790746200,0.1267,0.1267,0.1267,0.1267,0.1267,2054.10277374,2
1790746500,0.1267,0.1267,0.1267,0.1267,0.0000,0.0,0
1790746800,0.1267,0.1267,0.1267,0.1267,0.0000,0.0,0
1790747100,0.1267,0.1267,0.1267,0.1267,0.0000,0.0,0
1790747400,0.127,0.1279,0.1266,0.1276,0.1274,117500.96256241,32
1790747700,0.1273,0.1278,0.1272,0.1276,0.1273,67723.91365293,35
1790748000,0.1281,0.1281,0.1276,0.1276,0.1278,6254.40178421,5
1790748300,0.1278,0.1281,0.1271,0.1271,0.1276,42089.85536149,14
1790748600,0.127,0.127,0.1268,0.1268,0.1269,15376.01636513,5
1790748900,0.1262,0.1262,0.1262,0.1262,0.1262,6993.77797519,2
1790749200,0.1261,0.1261,0.1261,0.1261,0.1261,4129.49337792,2
1790749500,0.1261,0.1261,0.1261,0.1261,0.0000,0.0,0
1790749800,0.1261,0.1261,0.1261,0.1261,0.0000,0.0,0
1790750100,0.126,0.126,0.1259,0.1259,0.1259,3988.55859993,3
1790750400,0.1259,0.1259,0.1259,0.1259,0.0000,0.0,0
1790750700,0.1259,0.1259,0.1259,0.1259,0.0000,0.0,0
1790751000,0.1259,0.1259,0.1259,0.1259,0.0000,0.0,0
1790751300,0.1259,0.1259,0.1259,0.1259,0.0000,0.0,0
1790751600,0.1255,0.1255,0.1255,0.1255,0.1255,1991.94411625,1
1790751900,0.1249,0.125,0.1248,0.1248,0.1249,1859.41605604,4
1790752200,0.1253,0.1253,0.1245,0.1245,0.1245,50998.54349089,15
1790752500,0.1249,0.1254,0.1246,0.1254,0.1249,20118.86757774,16
1790752800,0.1254,0.1254,0.1248,0.1251,0.1251,18264.66731467,14
1790753100,0.125,0.125,0.125,0.125,0.1250,1497.6773,1
1790753400,0.125,0.125,0.125,0.125,0.1250,10171.0753,9
1790753700,0.1251,0.1255,0.1251,0.1255,0.1251,12165.23469417,9
1790754000,0.1255,0.1255,0.1255,0.1255,0.0000,0.0,0
1790754300,0.1255,0.1255,0.1255,0.1255,0.0000,0.0,0
1790754600,0.1255,0.1255,0.1255,0.1255,0.0000,0.0,0
1790754900,0.1253,0.1259,0.1253,0.1259,0.1255,93686.29541449,25
1790755200,0.1262,0.1263,0.1259,0.1262,0.1261,14045.2353,9
1790755500,0.1261,0.1261,0.126,0.126,0.1260,8003.4936,3
1790755800,0.1255,0.1256,0.1253,0.1253,0.1254,9499.8077,3
1790756100,0.1254,0.1258,0.1252,0.1252,0.1255,10995.7616,4
1790756400,0.1253,0.1255,0.1251,0.1251,0.1253,21823.1199,7
1790756700,0.1255,0.1257,0.1255,0.1257,0.1255,8343.0304,3
1790757000,0.1251,0.1251,0.1251,0.1251,0.1251,4003.5231,1
1790757300,0.1248,0.1248,0.1244,0.1246,0.1247,8474.7391,5
1790757600,0.1246,0.1246,0.1246,0.1246,0.0000,0.0,0
1790757900,0.1246,0.1246,0.1246,0.1246,0.0000,0.0,0
1790758200,0.1246,0.1246,0.1246,0.1246,0.0000,0.0,0
1790758500,0.1249,0.1249,0.1249,0.1249,0.1249,1994.7128,1
1790758800,0.1256,0.1256,0.1256,0.1256,0.1256,542.135,1
1790759100,0.1256,0.1256,0.1256,0.1256,0.0000,0.0,0
1790759400,0.1256,0.1256,0.1256,0.1256,0.0000,0.0,0
1790759700,0.1251,0.1251,0.1245,0.1245,0.1247,3780.56647702,4
1790760000,0.1245,0.1245,0.1245,0.1245,0.0000,0.0,0
1790760300,0.1245,0.1245,0.1245,0.1245,0.0000,0.0,0
1790760600,0.1245,0.1245,0.1245,0.1245,0.0000,0.0,0
1790760900,0.1245,0.1245,0.1245,0.1245,0.0000,0.0,0
1790761200,0.1245,0.1245,0.1245,0.1245,0.0000,0.0,0
1790761500,0.1249,0.1249,0.1249,0.1249,0.1249,1787.5554782,1
1790761800,0.1247,0.1247,0.1247,0.1247,0.1247,425.1619791,1
1790762100,0.1247,0.1247,0.1247,0.1247,0.1247,442.0095,1
1790762400,0.1247,0.1247,0.1247,0.1247,0.0000,0.0,0
1790762700,0.1247,0.1247,0.1247,0.1247,0.0000,0.0,0
1790763000,0.1248,0.1248,0.1248,0.1248,0.1248,2003.0992953,1
1790763300,0.1248,0.1248,0.1248,0.1248,0.0000,0.0,0
1790763600,0.1248,0.125,0.1248,0.125,0.1249,9167.56545865,5
1790763900,0.125,0.125,0.125,0.125,0.0000,0.0,0
1790764200,0.1249,0.1252,0.1249,0.1252,0.1251,8064.75787495,5
1790764500,0.1252,0.1252,0.1252,0.1252,0.0000,0.0,0
1790764800,0.1253,0.126,0.1253,0.126,0.1256,97343.78083268,15
1790765100,0.1262,0.1269,0.1262,0.1265,0.1263,6305.94807743,6
1790765400,0.1266,0.127,0.1266,0.1267,0.1269,35081.6153,15
1790765700,0.1275,0.1279,0.1273,0.1273,0.1275,37059.38049244,19
1790766000,0.1273,0.1273,0.1273,0.1273,0.1273,1494.298,1
1790766300,0.1271,0.1271,0.1271,0.1271,0.1271,1496.2986,1
1790766600,0.1278,0.1286,0.1277,0.1277,0.1278,52033.72932304,21
1790766900,0.1286,0.1288,0.1273,0.1273,0.1280,38513.08209358,29
1790767200,0.1278,0.1278,0.1276,0.1276,0.1277,12462.6612,10
1790767500,0.1278,0.1278,0.1277,0.1278,0.1277,8618.2599,5
1790767800,0.128,0.1281,0.1278,0.1278,0.1279,4491.1563,3
1790768100,0.1278,0.1278,0.1278,0.1278,0.0000,0.0,0
1790768400,0.1274,0.1279,0.1274,0.1279,0.1277,6148.6627,4
1790768700,0.128,0.128,0.128,0.128,0.1280,1087.722,2
1790769000,0.1279,0.1279,0.1278,0.1278,0.1278,2991.855,2
1790769300,0.1278,0.1278,0.1274,0.1275,0.1275,11667.9196,6
1790769600,0.1281,0.1281,0.1281,0.1281,0.1281,3999.3738,2
1790769900,0.128,0.128,0.1277,0.1277,0.1278,10188.46250201,7
1790770200,0.1279,0.128,0.1279,0.128,0.1279,2088.43791335,2
1790770500,0.128,0.128,0.128,0.128,0.0000,0.0,0
1790770800,0.1283,0.1283,0.1283,0.1283,0.1283,255.4879,2
1790771100,0.1283,0.1291,0.1282,0.1291,0.1283,8043.24714839,8
1790771400,0.1295,0.1306,0.1292,0.1305,0.1298,3675.5617379,12
1790771700,0.1303,0.1303,0.1302,0.1302,0.1302,4003.3809,2
1790772000,0.1298,0.1301,0.1295,0.1295,0.1296,16651.20592489,7
1790772300,0.1296,0.1296,0.1296,0.1296,0.1296,1499.2272,1
1790772600,0.1297,0.1325,0.1297,0.1318,0.1310,44266.83116558,21
1790772900,0.1314,0.1316,0.1308,0.1312,0.1312,24385.49474959,19
1790773200,0.1312,0.1312,0.1309,0.1309,0.1311,39053.56721635,21
1790773500,0.131,0.131,0.1308,0.1308,0.1309,10114.22875449,4
1790773800,0.1319,0.1319,0.1311,0.1311,0.1312,3648.06832436,5
1790774100,0.1312,0.1312,0.1308,0.1308,0.1310,8559.89544659,7
1790774400,0.1312,0.1312,0.1312,0.1312,0.1312,1677.7243,1
1790774700,0.1319,0.132,0.1319,0.132,0.1319,5758.30174374,2
1790775000,0.1317,0.1317,0.1314,0.1314,0.1316,1048.60107692,2
1790775300,0.1314,0.1314,0.1314,0.1314,0.0000,0.0,0
1790775600,0.1314,0.1314,0.1314,0.1314,0.0000,0.0,0
1790775900,0.1314,0.1314,0.1314,0.1314,0.0000,0.0,0
1790776200,0.1314,0.1314,0.1314,0.1314,0.0000,0.0,0
1790776500,0.129,0.129,0.129,0.129,0.1290,1494.502,1
1790776800,0.1294,0.1294,0.1294,0.1294,0.1294,5245.29808236,2
1790777100,0.1295,0.1298,0.1292,0.1293,0.1295,600.79871692,5
1790777400,0.1293,0.1293,0.1293,0.1293,0.0000,0.0,0
1790777700,0.1293,0.1293,0.1293,0.1293,0.0000,0.0,0
1790778000,0.1289,0.1289,0.1274,0.1274,0.1284,4905.1524621,5
1790778300,0.1273,0.1273,0.1273,0.1273,0.1273,79.36650331,2
1790778600,0.1272,0.1272,0.1268,0.1268,0.1271,1574.79495027,2
1790778900,0.1272,0.1274,0.1271,0.1274,0.1272,7383.99059973,8
1790779200,0.1274,0.1274,0.1274,0.1274,0.0000,0.0,0
1790779500,0.1281,0.1281,0.1281,0.1281,0.1281,1399.0933,1
1790779800,0.1283,0.1283,0.1283,0.1283,0.1283,1397.2367,1
1790780100,0.1283,0.1283,0.1283,0.1283,0.0000,0.0,0
1790780400,0.1285,0.1285,0.1285,0.1285,0.1285,530.173,1
1790780700,0.1285,0.1285,0.1285,0.1285,0.0000,0.0,0
1790781000,0.1294,0.1294,0.1294,0.1294,0.1294,524.3272,1
1790781300,0.1294,0.1294,0.1294,0.1294,0.0000,0.0,0
1790781600,0.1284,0.1284,0.1282,0.1282,0.1282,4224.99278668,4
1790781900,0.1273,0.1279,0.1273,0.1279,0.1273,10249.10660533,3
1790782200,0.1282,0.1292,0.1282,0.1292,0.1290,6446.57238193,8
1790782500,0.1292,0.1292,0.1292,0.1292,0.0000,0.0,0
1790782800,0.1292,0.1292,0.1292,0.1292,0.1292,498.50434382,3
1790783100,0.1295,0.1299,0.1295,0.1299,0.1296,374.54315188,2
1790783400,0.1301,0.1301,0.1301,0.1301,0.1301,78.80193435,1
1790783700,0.1301,0.1301,0.1301,0.1301,0.0000,0.0,0
1790784000,0.1306,0.1306,0.1306,0.1306,0.1306,78.49796887,1
1790784300,0.1306,0.1306,0.1306,0.1306,0.0000,0.0,0
1790784600,0.1306,0.1306,0.1306,0.1306,0.0000,0.0,0
1790784900,0.1304,0.1304,0.1303,0.1303,0.1303,26853.73293783,12
1790785200,0.1304,0.1304,0.1304,0.1304,0.1304,1917.17791411,1
1790785500,0.1303,0.1303,0.1303,0.1303,0.1303,3837.29854182,2
1790785800,0.1303,0.1303,0.1303,0.1303,0.0000,0.0,0
1790786100,0.1303,0.1303,0.1303,0.1303,0.0000,0.0,0
1790786400,0.1297,0.1297,0.1297,0.1297,0.1297,14879.4492351,3
1790786700,0.1297,0.1297,0.1297,0.1297,0.0000,0.0,0
1790787000,0.1297,0.1297,0.1297,0.1297,0.0000,0.0,0
1790787300,0.1297,0.1297,0.1297,0.1297,0.0000,0.0,0
1790787600,0.1297,0.1297,0.1297,0.1297,0.0000,0.0,0
1790787900,0.1297,0.1297,0.1297,0.1297,0.0000,0.0,0
1790788200,0.1297,0.1297,0.1297,0.1297,0.0000,0.0,0
1790788500,0.1297,0.1297,0.1297,0.1297,0.0000,0.0,0
1790788800,0.129,0.1292,0.129,0.1292,0.1290,6733.51634572,2
1790789100,0.1292,0.1292,0.1292,0.1292,0.0000,0.0,0
1790789400,0.1292,0.1294,0.1292,0.1292,0.1292,11398.71336037,4
1790789700,0.1292,0.1292,0.1289,0.1289,0.1290,2992.55188112,2
1790790000,0.1288,0.1288,0.1288,0.1288,0.1288,1940.99378881,1
1790790300,0.1288,0.1288,0.1288,0.1288,0.0000,0.0,0
1790790600,0.1291,0.1291,0.1286,0.1286,0.1287,2328.9895136,4
1790790900,0.1281,0.1281,0.1281,0.1281,0.1281,8000.0,1
1790791200,0.1287,0.1287,0.1276,0.1277,0.1281,3984.64991688,7
1790791500,0.1277,0.1277,0.1277,0.1277,0.0000,0.0,0
1790791800,0.1277,0.1277,0.1277,0.1277,0.0000,0.0,0
1790792100,0.1275,0.1277,0.1275,0.1277,0.1275,696.0119805,2
1790792400,0.1278,0.1278,0.1275,0.1275,0.1276,4391.21872391,4
1790792700,0.1276,0.1276,0.1276,0.1276,0.1276,330.3590805,1
1790793000,0.1279,0.1279,0.1266,0.1268,0.1270,22488.60939027,12
1790793300,0.127,0.1271,0.127,0.1271,0.1270,1692.15895542,3
1790793600,0.127,0.127,0.127,0.127,0.1270,797.22295041,1
1790793900,0.127,0.127,0.127,0.127,0.0000,0.0,0
1790794200,0.127,0.127,0.127,0.127,0.0000,0.0,0
1790794500,0.127,0.127,0.127,0.127,0.0000,0.0,0
1790794800,0.127,0.127,0.127,0.127,0.0000,0.0,0
1790795100,0.127,0.1271,0.127,0.1271,0.1270,9929.89856442,8
1790795400,0.1271,0.1271,0.1271,0.1271,0.0000,0.0,0
1790795700,0.1263,0.1266,0.1262,0.1266,0.1265,29416.68297554,8
1790796000,0.1269,0.1269,0.1269,0.1269,0.1269,1970.05516154,1
1790796300,0.1269,0.1269,0.1269,0.1269,0.0000,0.0,0
1790796600,0.1274,0.1274,0.1274,0.1274,0.1274,7849.29356356,4
1790796900,0.1274,0.1274,0.1274,0.1274,0.0000,0.0,0
1790797200,0.1285,0.1285,0.1285,0.1285,0.1285,800.0,1
1790797500,0.1283,0.1283,0.1283,0.1283,0.1283,4566.11429507,3
1790797800,0.1282,0.1282,0.1282,0.1282,0.1282,437.06772532,1
1790798100,0.1281,0.1282,0.1281,0.1282,0.1281,290.93935017,3
1790798400,0.1282,0.1282,0.1282,0.1282,0.0000,0.0,0
1790798700,0.1269,0.1271,0.1257,0.1264,0.1265,44920.53654922,16
1790799000,0.1264,0.1264,0.1262,0.1263,0.1262,5340.13936039,6
1790799300,0.1263,0.1263,0.1263,0.1263,0.0000,0.0,0
1790799600,0.127,0.127,0.127,0.127,0.1270,536.1084,1
1790799900,0.127,0.127,0.127,0.127,0.0000,0.0,0
1790800200,0.127,0.127,0.127,0.127,0.0000,0.0,0
1790800500,0.127,0.127,0.127,0.127,0.0000,0.0,0
1790800800,0.127,0.127,0.127,0.127,0.0000,0.0,0
1790801100,0.1259,0.1259,0.1259,0.1259,0.1259,1749.0857,1
1790801400,0.1259,0.1259,0.1259,0.1259,0.1259,1493.6045,1
1790801700,0.1255,0.1255,0.1255,0.1255,0.1255,3993.6229,2
1790802000,0.1255,0.1255,0.1255,0.1255,0.0000,0.0,0
1790802300,0.126,0.126,0.126,0.126,0.1260,473.93364928,2
1790802600,0.1258,0.1258,0.1255,0.1255,0.1255,4748.7123,3
1790802900,0.126,0.1261,0.1256,0.1256,0.1259,14242.8796,7
1790803200,0.1256,0.1256,0.1256,0.1256,0.0000,0.0,0
1790803500,0.1256,0.1256,0.1255,0.1255,0.1255,14242.1721,8
1790803800,0.1255,0.1255,0.1255,0.1255,0.1255,3987.9009,1
1790804100,0.1259,0.126,0.1259,0.126,0.1259,5227.0181676,2
1790804400,0.126,0.126,0.126,0.126,0.0000,0.0,0
1790804700,0.126,0.126,0.126,0.126,0.0000,0.0,0
1790805000,0.1253,0.1253,0.1251,0.1252,0.1251,4785.62600674,4
1790805300,0.1251,0.1251,0.125,0.125,0.1250,21583.10011073,10
1790805600,0.1249,0.1249,0.1248,0.1248,0.1248,30019.8619284,3
1790805900,0.1247,0.1251,0.1247,0.1251,0.1248,18773.98252831,13
1790806200,0.1254,0.1257,0.1253,0.1256,0.1253,4237.0631,9
1790806500,0.1259,0.1259,0.1259,0.1259,0.1259,962.7625,1
1790806800,0.1258,0.1258,0.1258,0.1258,0.1258,2300.1556,4
1790807100,0.126,0.1263,0.126,0.1263,0.1260,2507.8762,2
1790807400,0.1263,0.1263,0.1263,0.1263,0.0000,0.0,0
1790807700,0.1263,0.1263,0.1263,0.1263,0.0000,0.0,0
1790808000,0.1263,0.1263,0.1263,0.1263,0.0000,0.0,0
1790808300,0.1268,0.1268,0.1267,0.1267,0.1267,5367.73356786,5
1790808600,0.1269,0.1269,0.1269,0.1269,0.1269,1329.97,1
1790808900,0.1269,0.1269,0.1269,0.1269,0.0000,0.0,0
1790809200,0.1269,0.1269,0.1269,0.1269,0.0000,0.0,0
1790809500,0.1269,0.1269,0.1269,0.1269,0.0000,0.0,0
1790809800,0.1269,0.1269,0.1269,0.1269,0.0000,0.0,0
1790810100,0.1269,0.1269,0.1269,0.1269,0.0000,0.0,0
1790810400,0.1269,0.1269,0.1269,0.1269,0.0000,0.0,0
1790810700,0.128,0.128,0.128,0.128,0.1280,1536.18310555,1
1790811000,0.128,0.128,0.128,0.128,0.0000,0.0,0
1790811300,0.128,0.128,0.128,0.128,0.0000,0.0,0
1790811600,0.128,0.128,0.128,0.128,0.0000,0.0,0
1790811900,0.128,0.128,0.128,0.128,0.0000,0.0,0
1790812200,0.128,0.128,0.128,0.128,0.0000,0.0,0
1790812500,0.128,0.128,0.128,0.128,0.1280,110.7421,1
1790812800,0.128,0.1285,0.1279,0.1284,0.1281,5383.46412674,8
1790813100,0.1284,0.1284,0.1284,0.1284,0.0000,0.0,0
1790813400,0.1284,0.1284,0.1284,0.1284,0.1284,1947.04049844,1
1790813700,0.1286,0.1286,0.1284,0.1284,0.1284,20951.77753075,15
1790814000,0.1285,0.1289,0.1285,0.1289,0.1285,15587.42285514,7
1790814300,0.129,0.1291,0.129,0.1291,0.1290,1468.64224097,5
1790814600,0.1296,0.1296,0.1296,0.1296,0.1296,79.10707687,1
1790814900,0.1292,0.1292,0.1292,0.1292,0.1292,1934.98452012,1
1790815200,0.1291,0.1291,0.1291,0.1291,0.1291,1936.48334624,2
1790815500,0.1291,0.1291,0.1291,0.1291,0.0000,0.0,0
1790815800,0.1291,0.1291,0.1291,0.1291,0.0000,0.0,0
1790816100,0.1291,0.1291,0.1291,0.1291,0.0000,0.0,0
1790816400,0.128,0.128,0.128,0.128,0.1280,110.7421,1
1790816700,0.128,0.128,0.128,0.128,0.0000,0.0,0
1790817000,0.1281,0.1281,0.1281,0.1281,0.1281,2173.08451225,2
1790817300,0.1281,0.1281,0.1281,0.1281,0.0000,0.0,0
1790817600,0.1281,0.1281,0.1281,0.1281,0.0000,0.0,0
1790817900,0.1281,0.1281,0.1281,0.1281,0.0000,0.0,0
1790818200,0.1287,0.1295,0.1287,0.1292,0.1289,2992.3707085,6
1790818500,0.1292,0.1292,0.1292,0.1292,0.0000,0.0,0
1790818800,0.1292,0.1292,0.1292,0.1292,0.0000,0.0,0
1790819100,0.1292,0.1292,0.1292,0.1292,0.0000,0.0,0
1790819400,0.1294,0.1294,0.1294,0.1294,0.1294,460.0777,1
1790819700,0.1294,0.1294,0.1294,0.1294,0.0000,0.0,0
1790820000,0.129,0.129,0.129,0.129,0.1290,751.4976,2
1790820300,0.129,0.129,0.129,0.129,0.0000,0.0,0
1790820600,0.1301,0.1301,0.1299,0.1299,0.1299,646.64440196,3
1790820900,0.13,0.13,0.1298,0.1298,0.1299,3013.22314386,4
1790821200,0.1298,0.1298,0.1298,0.1298,0.0000,0.0,0
1790821500,0.1296,0.1296,0.1296,0.1296,0.1296,1929.01234567,1
1790821800,0.1305,0.1305,0.1305,0.1305,0.1305,200.0,1
1790822100,0.1305,0.1305,0.1305,0.1305,0.0000,0.0,0
1790822400,0.1305,0.1305,0.1305,0.1305,0.0000,0.0,0
1790822700,0.1305,0.1305,0.1305,0.1305,0.0000,0.0,0
1790823000,0.1305,0.1305,0.1305,0.1305,0.0000,0.0,0
1790823300,0.1305,0.1305,0.1305,0.1305,0.1305,110.7421,1
1790823600,0.1304,0.1306,0.1304,0.1306,0.1304,1995.67624291,2
1790823900,0.1306,0.1306,0.1306,0.1306,0.0000,0.0,0
1790824200,0.1297,0.1297,0.1297,0.1297,0.1297,230.76923077,2
1790824500,0.1297,0.1297,0.1297,0.1297,0.0000,0.0,0
1790824800,0.1298,0.1298,0.1298,0.1298,0.1298,81.57838971,1
1790825100,0.1298,0.1298,0.1298,0.1298,0.0000,0.0,0
1790825400,0.1298,0.1298,0.1298,0.1298,0.0000,0.0,0
1790825700,0.1306,0.1306,0.1306,0.1306,0.1306,110.7421,1
1790826000,0.1304,0.1304,0.1304,0.1304,0.1304,373.28179299,2
1790826300,0.1304,0.1304,0.1304,0.1304,0.0000,0.0,0
1790826600,0.1305,0.1305,0.1305,0.1305,0.1305,988.9341,5
1790826900,0.1305,0.1305,0.1305,0.1305,0.0000,0.0,0
1790827200,0.1307,0.1307,0.1307,0.1307,0.1307,1912.77735271,1
1790827500,0.1298,0.1298,0.1298,0.1298,0.1298,2700.9517735,4
1790827800,0.1298,0.1298,0.1298,0.1298,0.1298,1926.04006163,1
1790828100,0.1296,0.1296,0.1296,0.1296,0.1296,110.7421,1
1790828400,0.1296,0.1296,0.1296,0.1296,0.0000,0.0,0
1790828700,0.1296,0.1296,0.1296,0.1296,0.0000,0.0,0
1790829000,0.1306,0.1306,0.1306,0.1306,0.1306,122.4,2
1790829300,0.1305,0.1305,0.1305,0.1305,0.1305,1915.70881226,1
1790829600,0.1306,0.1306,0.1305,0.1306,0.1305,3105.39506018,3
1790829900,0.1308,0.1308,0.1308,0.1308,0.1308,1911.3149847,2
1790830200,0.131,0.131,0.131,0.131,0.1310,2240.62324656,2
1790830500,0.131,0.131,0.131,0.131,0.0000,0.0,0
1790830800,0.131,0.131,0.131,0.131,0.0000,0.0,0
1790831100,0.131,0.131,0.131,0.131,0.0000,0.0,0
1790831400,0.1304,0.1304,0.1304,0.1304,0.1304,110.7421,1
1790831700,0.1304,0.1304,0.1304,0.1304,0.0000,0.0,0
1790832000,0.1304,0.1304,0.1304,0.1304,0.1304,110.7421,1
1790832300,0.1303,0.1303,0.1303,0.1303,0.1303,81.30942761,1
1790832600,0.1311,0.1311,0.1311,0.1311,0.1311,78.19574956,2
1790832900,0.1311,0.1311,0.1311,0.1311,0.0000,0.0,0
1790833200,0.1301,0.1304,0.1299,0.1304,0.1301,60634.91079188,11
1790833500,0.1304,0.1304,0.1304,0.1304,0.0000,0.0,0
1790833800,0.1304,0.1304,0.1304,0.1304,0.0000,0.0,0
1790834100,0.1304,0.1304,0.1304,0.1304,0.0000,0.0,0
1790834400,0.1303,0.1303,0.1303,0.1303,0.1303,110.7421,1
1790834700,0.1303,0.1303,0.1303,0.1303,0.1303,110.7421,1
1790835000,0.1303,0.1303,0.1303,0.1303,0.0000,0.0,0
1790835300,0.1303,0.1303,0.1303,0.1303,0.0000,0.0,0
1790835600,0.1309,0.131,0.1309,0.131,0.1309,7375.81092659,7
1790835900,0.131,0.131,0.1308,0.1308,0.1308,973.88771534,4
1790836200,0.1302,0.1302,0.1302,0.1302,0.1302,539.20206737,1
1790836500,0.1304,0.1305,0.1303,0.1303,0.1304,542.98434891,3
1790836800,0.1303,0.1304,0.1303,0.1304,0.1303,2138.6621,3
1790837100,0.1304,0.1304,0.1304,0.1304,0.0000,0.0,0
1790837400,0.1295,0.1295,0.1295,0.1295,0.1295,101.21258983,1
1790837700,0.1295,0.1296,0.1295,0.1296,0.1295,231.48148148,3
1790838000,0.1295,0.1295,0.1295,0.1295,0.1295,332.2263,1
1790838300,0.13,0.13,0.13,0.13,0.1300,512.337,3
1790838600,0.13,0.13,0.13,0.13,0.0000,0.0,0
1790838900,0.1299,0.1299,0.1294,0.1294,0.1294,2206.51857593,4
1790839200,0.1291,0.1291,0.1288,0.1288,0.1289,496.7351098,3
1790839500,0.1287,0.1288,0.1283,0.1287,0.1285,35581.5232941,13
1790839800,0.1291,0.1292,0.1291,0.1292,0.1291,1527.3685,2
1790840100,0.1291,0.1291,0.1289,0.129,0.1290,23499.0346,12
1790840400,0.1285,0.1292,0.1284,0.1292,0.1285,65291.55246816,22
1790840700,0.1292,0.1292,0.1292,0.1292,0.0000,0.0,0
1790841000,0.1292,0.1292,0.1292,0.1292,0.0000,0.0,0
1790841300,0.1292,0.1292,0.1292,0.1292,0.0000,0.0,0
1790841600,0.1292,0.1292,0.1292,0.1292,0.0000,0.0,0
1790841900,0.1292,0.1292,0.1292,0.1292,0.0000,0.0,0
1790842200,0.1292,0.1292,0.1292,0.1292,0.0000,0.0,0
1790842500,0.1292,0.1292,0.1292,0.1292,0.0000,0.0,0
1790842800,0.1288,0.1288,0.1288,0.1288,0.1288,302.795031,1
1790843100,0.1288,0.1288,0.1288,0.1288,0.0000,0.0,0
1790843400,0.1288,0.1288,0.1288,0.1288,0.0000,0.0,0
1790843700,0.1288,0.1288,0.1288,0.1288,0.0000,0.0,0
1790844000,0.1288,0.1288,0.1288,0.1288,0.0000,0.0,0
1790844300,0.1296,0.1297,0.1296,0.1297,0.1296,231.38836345,3
1790844600,0.1297,0.1297,0.1297,0.1297,0.0000,0.0,0
1790844900,0.129,0.129,0.129,0.129,0.1290,18408.32690989,2
1790845200,0.129,0.129,0.129,0.129,0.0000,0.0,0
1790845500,0.129,0.129,0.129,0.129,0.0000,0.0,0
1790845800,0.129,0.129,0.129,0.129,0.0000,0.0,0
1790846100,0.1299,0.1299,0.1299,0.1299,0.1299,1727.3172,2
1790846400,0.1299,0.13,0.1296,0.1296,0.1298,2083.69450076,7
1790846700,0.1297,0.1297,0.1297,0.1297,0.1297,220.912,1
1790847000,0.13,0.131,0.13,0.131,0.1304,80101.20513296,24
1790847300,0.1313,0.1318,0.1313,0.1318,0.1313,15937.7800869,7
1790847600,0.1313,0.1316,0.1311,0.1313,0.1313,40596.54381435,31
1790847900,0.1313,0.1315,0.1306,0.1311,0.1312,28658.90376627,34
1790848200,0.1309,0.1313,0.1308,0.131,0.1309,22690.5687,21
1790848500,0.1309,0.1311,0.1309,0.1311,0.1309,21933.3138,20
1790848800,0.1309,0.1311,0.1303,0.1305,0.1304,21854.174,24
1790849100,0.1297,0.1301,0.1297,0.1298,0.1298,15099.5713,11
1790849400,0.1299,0.1299,0.1299,0.1299,0.1299,1494.9526,1
1790849700,0.1293,0.1293,0.1292,0.1292,0.1292,9864.34137494,7
1790850000,0.1292,0.1292,0.1292,0.1292,0.0000,0.0,0
1790850300,0.1297,0.1297,0.1297,0.1297,0.1297,110.7421,1
1790850600,0.1296,0.1305,0.1295,0.1305,0.1300,25074.39346641,16
1790850900,0.1305,0.1305,0.1302,0.1302,0.1304,2494.3238,3
1790851200,0.1302,0.1305,0.1302,0.1304,0.1303,6215.7569,7
1790851500,0.1302,0.1306,0.1302,0.1306,0.1304,6636.5999,9
1790851800,0.1302,0.1304,0.1301,0.1304,0.1302,2784.639,5
1790852100,0.1304,0.1305,0.1304,0.1305,0.1304,3728.268,3
1790852400,0.1301,0.1308,0.1301,0.1307,0.1305,27453.15844207,23
1790852700,0.1307,0.1311,0.1306,0.1311,0.1308,4802.87573745,7
1790853000,0.1309,0.1309,0.1309,0.1309,0.1309,110.7421,1
1790853300,0.1309,0.1309,0.1306,0.1306,0.1307,221.4842,2
1790853600,0.1306,0.1307,0.1306,0.1307,0.1306,9569.7451934,3
1790853900,0.1308,0.1308,0.1304,0.1304,0.1307,6228.926271,6
1790854200,0.1301,0.1301,0.1301,0.1301,0.1301,110.7421,1
1790854500,0.1301,0.1301,0.1301,0.1301,0.0000,0.0,0
1790854800,0.1309,0.131,0.1309,0.131,0.1309,1984.7911406,3
1790855100,0.131,0.131,0.131,0.131,0.0000,0.0,0
1790855400,0.1307,0.1307,0.1305,0.1307,0.1305,57374.41798178,8
1790855700,0.1308,0.1308,0.1307,0.1307,0.1307,11587.40621627,5
1790856000,0.1307,0.1307,0.1307,0.1307,0.0000,0.0,0
1790856300,0.1307,0.1307,0.1307,0.1307,0.0000,0.0,0
1790856600,0.1317,0.132,0.1316,0.1316,0.1317,26100.26537512,16
1790856900,0.1316,0.1317,0.1313,0.1315,0.1315,18760.7599,19
1790857200,0.1315,0.1322,0.1314,0.1317,0.1317,31797.919402,39
1790857500,0.1317,0.1317,0.1317,0.1317,0.0000,0.0,0
1790857800,0.1317,0.1317,0.1317,0.1317,0.0000,0.0,0
1790858100,0.132,0.1322,0.1316,0.1316,0.1319,10029.75267,18
1790858400,0.1316,0.1316,0.1316,0.1316,0.0000,0.0,0
1790858700,0.1318,0.1321,0.1314,0.1321,0.1316,50701.65635374,31
1790859000,0.1319,0.1319,0.1316,0.1316,0.1317,1023.63696376,5
1790859300,0.1316,0.1316,0.1316,0.1316,0.0000,0.0,0
1790859600,0.1323,0.1325,0.1323,0.1325,0.1324,316.41628525,3
1790859900,0.1316,0.1318,0.1312,0.1312,0.1315,6705.953834,10
1790860200,0.1317,0.1322,0.1317,0.1322,0.1321,914.60443295,3
1790860500,0.1323,0.133,0.1319,0.1326,0.1322,8413.732222,20
1790860800,0.1323,0.1323,0.1323,0.1323,0.1323,110.7421,1
1790861100,0.1324,0.1324,0.1324,0.1324,0.1324,110.7421,1
1790861400,0.1324,0.1324,0.1324,0.1324,0.1324,110.7421,1
1790861700,0.1324,0.1324,0.1324,0.1324,0.0000,0.0,0
1790862000,0.1324,0.1324,0.1324,0.1324,0.0000,0.0,0
1790862300,0.1327,0.1329,0.1321,0.1321,0.1323,10147.00178093,12
1790862600,0.1319,0.1322,0.1316,0.1318,0.1319,7618.54599734,13
1790862900,0.1318,0.1318,0.1318,0.1318,0.0000,0.0,0
1790863200,0.1316,0.1316,0.1309,0.1309,0.1310,2483.26704794,7
1790863500,0.1309,0.1309,0.1309,0.1309,0.0000,0.0,0
1790863800,0.1314,0.1314,0.1314,0.1314,0.1314,109.63467899,1
1790864100,0.1314,0.1314,0.1314,0.1314,0.0000,0.0,0
1790864400,0.1321,0.1321,0.1321,0.1321,0.1321,70.0,1
1790864700,0.1321,0.1321,0.1321,0.1321,0.0000,0.0,0
1790865000,0.132,0.1327,0.1319,0.1327,0.1321,16518.37299874,14
1790865300,0.1327,0.1327,0.1324,0.1325,0.1326,6712.01295455,5
1790865600,0.1321,0.1321,0.1321,0.1321,0.1321,300.0,2
1790865900,0.1321,0.1321,0.1321,0.1321,0.1321,1892.50567751,2
1790866200,0.1308,0.1308,0.1308,0.1308,0.1308,3440.36697247,2
1790866500,0.1308,0.1308,0.1308,0.1308,0.0000,0.0,0
1790866800,0.1304,0.1305,0.1299,0.1299,0.1302,6666.74454837,6
1790867100,0.1312,0.1312,0.1302,0.1302,0.1305,870.696,5
1790867400,0.1306,0.1312,0.1306,0.1312,0.1307,9560.99103813,3
1790867700,0.1315,0.1315,0.1315,0.1315,0.1315,1901.14068441,1
1790868000,0.1315,0.1315,0.1315,0.1315,0.0000,0.0,0
1790868300,0.1315,0.1315,0.1315,0.1315,0.0000,0.0,0
1790868600,0.1309,0.1309,0.1309,0.1309,0.1309,110.7421,1
1790868900,0.1303,0.1306,0.1303,0.1306,0.1305,17312.48820494,8
1790869200,0.1306,0.1306,0.1306,0.1306,0.0000,0.0,0
1790869500,0.1306,0.1306,0.1306,0.1306,0.0000,0.0,0
1790869800,0.1314,0.1314,0.1314,0.1314,0.1314,3495.5689,2
1790870100,0.1312,0.1319,0.1312,0.1319,0.1314,20068.786036,25
1790870400,0.1322,0.1328,0.1322,0.1328,0.1323,2488.39394713,3
1790870700,0.1327,0.1327,0.1327,0.1327,0.1327,110.7421,1
1790871000,0.1327,0.1327,0.1327,0.1327,0.0000,0.0,0
1790871300,0.1323,0.1323,0.1317,0.1317,0.1317,12694.87332858,12
1790871600,0.1317,0.1317,0.1317,0.1317,0.0000,0.0,0
1790871900,0.1317,0.1317,0.1317,0.1317,0.0000,0.0,0
1790872200,0.1318,0.1321,0.1318,0.1321,0.1319,5684.69431537,4
1790872500,0.132,0.132,0.131,0.131,0.1310,2019.13904656,2
1790872800,0.131,0.131,0.131,0.131,0.0000,0.0,0
1790873100,0.131,0.131,0.131,0.131,0.0000,0.0,0
1790873400,0.131,0.131,0.131,0.131,0.0000,0.0,0
1790873700,0.1296,0.1298,0.1296,0.1298,0.1296,10692.86161559,10
1790874000,0.1299,0.1308,0.1298,0.1308,0.1299,21964.51617844,12
1790874300,0.1307,0.1307,0.1307,0.1307,0.1307,110.7421,1
1790874600,0.1312,0.1312,0.1312,0.1312,0.1312,110.7421,1
1790874900,0.1312,0.1312,0.1312,0.1312,0.0000,0.0,0
1790875200,0.1307,0.1307,0.1306,0.1306,0.1306,5853.34008475,2
1790875500,0.1314,0.132,0.1312,0.1318,0.1315,38415.92158266,38
1790875800,0.1318,0.132,0.1318,0.1319,0.1318,1472.3301,5
1790876100,0.1318,0.1319,0.1318,0.1318,0.1318,9075.8827,7
1790876400,0.1318,0.1318,0.1318,0.1318,0.0000,0.0,0
1790876700,0.1319,0.1322,0.1318,0.1321,0.1319,4754.4721,7
1790877000,0.1321,0.1321,0.1321,0.1321,0.0000,0.0,0
1790877300,0.1321,0.1321,0.1321,0.1321,0.0000,0.0,0
1790877600,0.132,0.1325,0.1319,0.1324,0.1321,38937.55349463,35
1790877900,0.1325,0.1328,0.1325,0.1328,0.1326,6427.89472452,7
1790878200,0.1328,0.1328,0.1328,0.1328,0.0000,0.0,0
1790878500,0.1329,0.1334,0.1329,0.1334,0.1332,2507.55984487,7
1790878800,0.1333,0.1336,0.1333,0.1333,0.1333,1257.23765222,4
1790879100,0.1332,0.1334,0.1332,0.1334,0.1332,1730.06496881,5
1790879400,0.1335,0.1355,0.1335,0.1343,0.1345,12668.481164,32
1790879700,0.1345,0.1345,0.1345,0.1345,0.1345,89.26099088,1
1790880000,0.1345,0.1345,0.1345,0.1345,0.0000,0.0,0
1790880300,0.1345,0.1345,0.1345,0.1345,0.0000,0.0,0
1790880600,0.1345,0.1345,0.1345,0.1345,0.0000,0.0,0
1790880900,0.1349,0.1349,0.1349,0.1349,0.1349,601.1779,2
1790881200,0.1344,0.1345,0.1344,0.1345,0.1344,7723.90109046,4
1790881500,0.134,0.1341,0.134,0.1341,0.1340,23214.54172209,13
1790881800,0.1338,0.1338,0.1338,0.1338,0.1338,110.7421,1
1790882100,0.1343,0.1344,0.1342,0.1342,0.1343,1894.65870461,5
1790882400,0.1344,0.1348,0.1344,0.1348,0.1346,4430.74825413,4
1790882700,0.1346,0.1346,0.1345,0.1345,0.1345,2330.45765947,3
1790883000,0.1346,0.135,0.1346,0.1349,0.1348,4702.9446438,8
1790883300,0.1348,0.1349,0.1348,0.1349,0.1348,1544.28149487,2
1790883600,0.1347,0.1347,0.1347,0.1347,0.1347,1855.9762435,1
1790883900,0.1346,0.1346,0.1346,0.1346,0.1346,1857.3551263,1
1790884200,0.1349,0.1349,0.1349,0.1349,0.1349,3123.05981082,4
1790884500,0.1353,0.1353,0.1351,0.1351,0.1352,9645.84878847,6
1790884800,0.1358,0.1359,0.1354,0.1359,0.1355,11256.37906813,12
1790885100,0.136,0.1369,0.136,0.1369,0.1367,2419.15516645,10
1790885400,0.1366,0.1366,0.1363,0.1363,0.1364,15076.60695719,9
1790885700,0.1363,0.1363,0.1363,0.1363,0.0000,0.0,0
1790886000,0.1362,0.1362,0.136,0.136,0.1361,8952.69539714,4
1790886300,0.136,0.136,0.136,0.136,0.0000,0.0,0
1790886600,0.1362,0.1362,0.1356,0.1358,0.1358,1602.41131924,4
1790886900,0.136,0.1366,0.1359,0.1366,0.1362,16704.38754179,17
1790887200,0.1366,0.1366,0.1364,0.1365,0.1365,3127.27309373,5
1790887500,0.1365,0.1365,0.1365,0.1365,0.0000,0.0,0
1790887800,0.1354,0.1354,0.1354,0.1354,0.1354,5539.04475209,1
1790888100,0.1354,0.1354,0.1354,0.1354,0.0000,0.0,0
1790888400,0.1354,0.1354,0.1354,0.1354,0.0000,0.0,0
1790888700,0.1354,0.1354,0.1354,0.1354,0.0000,0.0,0
1790889000,0.134,0.134,0.134,0.134,0.1340,74.62686567,2
1790889300,0.1335,0.1335,0.1329,0.1329,0.1332,404.03056988,3
1790889600,0.1329,0.1329,0.1329,0.1329,0.0000,0.0,0
1790889900,0.1329,0.1329,0.1329,0.1329,0.0000,0.0,0
1790890200,0.1323,0.1323,0.1318,0.1318,0.1320,363.0200968,3
1790890500,0.1318,0.1318,0.1318,0.1318,0.0000,0.0,0
1790890800,0.1322,0.1322,0.1322,0.1322,0.1322,1891.0741301,1
1790891100,0.1322,0.1322,0.1322,0.1322,0.0000,0.0,0
1790891400,0.132,0.1322,0.132,0.132,0.1320,3613.68490215,4
1790891700,0.132,0.132,0.132,0.132,0.0000,0.0,0
1790892000,0.1332,0.1334,0.1332,0.1334,0.1333,17862.77857094,12
1790892300,0.1336,0.1336,0.1334,0.1336,0.1335,16086.25994764,7
1790892600,0.1336,0.1336,0.1336,0.1336,0.0000,0.0,0
1790892900,0.1336,0.1336,0.1336,0.1336,0.0000,0.0,0
1790893200,0.1336,0.1336,0.1336,0.1336,0.0000,0.0,0
1790893500,0.1338,0.1338,0.1338,0.1338,0.1338,1560.8759,1
1790893800,0.1338,0.1338,0.1338,0.1338,0.0000,0.0,0
1790894100,0.1345,0.1345,0.1345,0.1345,0.1345,1858.73605947,1
1790894400,0.1345,0.1345,0.1345,0.1345,0.0000,0.0,0
1790894700,0.1345,0.1345,0.1345,0.1345,0.0000,0.0,0
1790895000,0.1347,0.1347,0.1346,0.1347,0.1346,696.5496,3
1790895300,0.1353,0.1353,0.1353,0.1353,0.1353,75.81818672,1
1790895600,0.1353,0.1353,0.1353,0.1353,0.0000,0.0,0
1790895900,0.1353,0.1353,0.1353,0.1353,0.0000,0.0,0
1790896200,0.1353,0.1353,0.1353,0.1353,0.0000,0.0,0
1790896500,0.1358,0.1358,0.1358,0.1358,0.1358,75.52626703,2
1790896800,0.1356,0.1362,0.1356,0.1362,0.1360,815.25961577,2
1790897100,0.1362,0.1362,0.1362,0.1362,0.0000,0.0,0
1790897400,0.1362,0.1362,0.1362,0.1362,0.0000,0.0,0
1790897700,0.1362,0.1362,0.1362,0.1362,0.0000,0.0,0
1790898000,0.1346,0.1346,0.1339,0.1339,0.1344,48707.24052433,13
1790898300,0.1343,0.1343,0.1336,0.1336,0.1337,33472.2181043,11
1790898600,0.1339,0.134,0.1339,0.134,0.1339,5598.01732891,3
1790898900,0.1345,0.1349,0.1345,0.1349,0.1347,18208.53496561,10
1790899200,0.1349,0.1349,0.1349,0.1349,0.0000,0.0,0
1790899500,0.1349,0.1349,0.1349,0.1349,0.0000,0.0,0
1790899800,0.1349,0.1349,0.1349,0.1349,0.0000,0.0,0
1790900100,0.1347,0.1356,0.1347,0.1356,0.1348,3787.35904044,4
1790900400,0.1356,0.1356,0.1356,0.1356,0.0000,0.0,0
1790900700,0.1356,0.1356,0.1356,0.1356,0.0000,0.0,0
1790901000,0.1354,0.1354,0.1354,0.1354,0.1354,1125.11078286,2
1790901300,0.1354,0.1354,0.1354,0.1354,0.0000,0.0,0
1790901600,0.135,0.1373,0.135,0.1369,0.1355,185591.39489872,36
1790901900,0.1368,0.1375,0.1367,0.1367,0.1369,12399.47140535,14
1790902200,0.1369,0.1372,0.1367,0.1369,0.1369,12283.51755305,11
1790902500,0.1368,0.1369,0.1366,0.1366,0.1367,24007.5602,14
1790902800,0.1367,0.1379,0.1367,0.1376,0.1371,17323.09458284,18
1790903100,0.1371,0.1374,0.1371,0.1374,0.1373,1823.36945525,2
1790903400,0.1363,0.1363,0.1363,0.1363,0.1363,800.0,1
1790903700,0.1363,0.1363,0.1363,0.1363,0.0000,0.0,0
1790904000,0.1363,0.1363,0.1363,0.1363,0.0000,0.0,0
1790904300,0.1363,0.1363,0.1363,0.1363,0.0000,0.0,0
1790904600,0.1363,0.1363,0.1363,0.1363,0.0000,0.0,0
1790904900,0.1362,0.1362,0.1362,0.1362,0.1362,2531.33982899,2
1790905200,0.137,0.137,0.137,0.137,0.1370,649.70802919,2
1790905500,0.137,0.137,0.137,0.137,0.0000,0.0,0
1790905800,0.137,0.137,0.137,0.137,0.0000,0.0,0
1790906100,0.1361,0.1366,0.1356,0.1365,0.1361,37269.5288849,12
1790906400,0.1364,0.1368,0.1364,0.1368,0.1365,27606.82767119,18
1790906700,0.1369,0.1369,0.1369,0.1369,0.1369,1042.7523,1
1790907000,0.1369,0.1369,0.1369,0.1369,0.0000,0.0,0
1790907300,0.1369,0.1369,0.1369,0.1369,0.0000,0.0,0
1790907600,0.1371,0.1371,0.1371,0.1371,0.1371,3003.64914667,3
1790907900,0.1367,0.1367,0.1367,0.1367,0.1367,1828.82223847,1
1790908200,0.1376,0.1377,0.1376,0.1377,0.1376,2000.34290682,3
1790908500,0.1384,0.1384,0.1384,0.1384,0.1384,74.08361133,1
1790908800,0.1391,0.14,0.1391,0.14,0.1398,9153.8721997,9
1790909100,0.14,0.14,0.14,0.14,0.0000,0.0,0
1790909400,0.14,0.1401,0.14,0.1401,0.1400,15434.95216303,9
1790909700,0.1401,0.1401,0.1401,0.1401,0.0000,0.0,0
1790910000,0.1393,0.1393,0.1393,0.1393,0.1393,423.6453,1
1790910300,0.1393,0.1393,0.1393,0.1393,0.0000,0.0,0
1790910600,0.1392,0.1392,0.1392,0.1392,0.1392,71.83908046,1
1790910900,0.1392,0.1392,0.1392,0.1392,0.0000,0.0,0
1790911200,0.1392,0.1392,0.1392,0.1392,0.0000,0.0,0
1790911500,0.1393,0.1393,0.1393,0.1393,0.1393,99.06676238,1
1790911800,0.1393,0.1393,0.1393,0.1393,0.0000,0.0,0
1790912100,0.1393,0.1393,0.1393,0.1393,0.0000,0.0,0
1790912400,0.1393,0.1393,0.1393,0.1393,0.0000,0.0,0
1790912700,0.1393,0.1393,0.1393,0.1393,0.0000,0.0,0
1790913000,0.1393,0.1393,0.1393,0.1393,0.0000,0.0,0
1790913300,0.1393,0.1393,0.1393,0.1393,0.0000,0.0,0
1790913600,0.1393,0.1393,0.1393,0.1393,0.0000,0.0,0
1790913900,0.137,0.1386,0.137,0.1386,0.1372,121561.91160565,15
1790914200,0.1385,0.1385,0.1385,0.1385,0.1385,312.62305282,1
1790914500,0.1385,0.1385,0.1385,0.1385,0.0000,0.0,0
1790914800,0.1385,0.1385,0.1385,0.1385,0.0000,0.0,0
1790915100,0.1385,0.1385,0.1385,0.1385,0.0000,0.0,0
1790915400,0.1405,0.1405,0.1399,0.1399,0.1399,1794.99070764,2
1790915700,0.1393,0.1393,0.1392,0.1392,0.1392,9971.52549108,6
1790916000,0.1389,0.1389,0.1384,0.1384,0.1385,29249.20750713,8
1790916300,0.1384,0.1384,0.1384,0.1384,0.0000,0.0,0
1790916600,0.1384,0.1384,0.1384,0.1384,0.0000,0.0,0
1790916900,0.1384,0.1384,0.1384,0.1384,0.0000,0.0,0
1790917200,0.1384,0.1384,0.1384,0.1384,0.0000,0.0,0
1790917500,0.1386,0.1386,0.1386,0.1386,0.1386,1863.7067,1
1790917800,0.1386,0.1386,0.1386,0.1386,0.0000,0.0,0
1790918100,0.1386,0.1386,0.1386,0.1386,0.0000,0.0,0
1790918400,0.1388,0.1388,0.1388,0.1388,0.1388,419.9942365,1
1790918700,0.1388,0.1388,0.1388,0.1388,0.0000,0.0,0
1790919000,0.138,0.1385,0.138,0.1385,0.1383,2007.2781,3
1790919300,0.1389,0.1391,0.1389,0.1391,0.1389,5400.27317409,5
1790919600,0.1379,0.1397,0.1379,0.1397,0.1379,762.46352725,2
1790919900,0.1403,0.1403,0.1403,0.1403,0.1403,8.0,1
1790920200,0.1396,0.1396,0.1396,0.1396,0.1396,429.79942693,2
1790920500,0.1399,0.1399,0.1399,0.1399,0.1399,814.93566833,2
1790920800,0.1399,0.1399,0.1399,0.1399,0.0000,0.0,0
1790921100,0.1399,0.1399,0.1399,0.1399,0.0000,0.0,0
1790921400,0.1399,0.1399,0.1399,0.1399,0.0000,0.0,0
1790921700,0.1399,0.1399,0.1399,0.1399,0.0000,0.0,0
1790922000,0.1388,0.1398,0.1388,0.1398,0.1393,14468.43595893,6
1790922300,0.1398,0.1398,0.1398,0.1398,0.0000,0.0,0
1790922600,0.1401,0.141,0.1401,0.141,0.1402,686.31384267,4
1790922900,0.1411,0.1411,0.1411,0.1411,0.1411,72.66874519,2
1790923200,0.1414,0.1418,0.1414,0.1418,0.1415,239.28396654,4
1790923500,0.1418,0.1418,0.1418,0.1418,0.0000,0.0,0
1790923800,0.1421,0.1422,0.1421,0.1422,0.1421,1908.7744394,3
1790924100,0.1422,0.1422,0.1422,0.1422,0.0000,0.0,0
1790924400,0.1428,0.1433,0.1428,0.1433,0.1430,153.38954549,3
1790924700,0.1437,0.1444,0.1437,0.1441,0.1438,5882.79248216,4
1790925000,0.1447,0.148,0.1446,0.148,0.1449,49451.6066775,16
1790925300,0.1474,0.1474,0.1464,0.147,0.1467,2019.08757542,6
1790925600,0.1468,0.1472,0.1468,0.1472,0.1471,2301.15397744,4
1790925900,0.1458,0.1463,0.1454,0.1456,0.1457,21318.82240931,15
1790926200,0.1445,0.1445,0.1445,0.1445,0.1445,19034.73626699,2
1790926500,0.1445,0.1445,0.1445,0.1445,0.0000,0.0,0
1790926800,0.1475,0.148,0.1475,0.1477,0.1479,19126.51663756,7
1790927100,0.1484,0.1485,0.1472,0.1473,0.1473,3129.16484547,7
1790927400,0.145,0.1453,0.145,0.1453,0.1451,32206.54528395,10
1790927700,0.1453,0.1453,0.144,0.1443,0.1443,3775.77173223,3
1790928000,0.1457,0.1457,0.1457,0.1457,0.1457,396.3143,1
1790928300,0.1452,0.1452,0.1452,0.1452,0.1452,205.6202,1
1790928600,0.1453,0.1453,0.1447,0.1447,0.1449,2992.19977635,3
1790928900,0.1447,0.1447,0.1447,0.1447,0.0000,0.0,0
1790929200,0.1469,0.1469,0.1469,0.1469,0.1469,203.1832,1
1790929500,0.1469,0.1469,0.1469,0.1469,0.0000,0.0,0
1790929800,0.1468,0.1468,0.1468,0.1468,0.1468,85.55858311,1
1790930100,0.1468,0.1468,0.1468,0.1468,0.0000,0.0,0
1790930400,0.1468,0.1468,0.1468,0.1468,0.0000,0.0,0
1790930700,0.1468,0.1468,0.1468,0.1468,0.0000,0.0,0
1790931000,0.1467,0.1467,0.1461,0.1462,0.1466,3767.11609659,3
1790931300,0.1462,0.1462,0.1462,0.1462,0.0000,0.0,0
1790931600,0.1463,0.1473,0.1456,0.1471,0.1460,17163.71175307,24
1790931900,0.1471,0.1471,0.1471,0.1471,0.0000,0.0,0
1790932200,0.1472,0.1479,0.1472,0.1479,0.1475,740.70167296,4
1790932500,0.1475,0.1475,0.1472,0.1473,0.1473,1688.41133924,5
1790932800,0.1475,0.1479,0.1475,0.1475,0.1475,8958.74260169,6
1790933100,0.1475,0.1476,0.1475,0.1476,0.1475,861.31925164,3
1790933400,0.148,0.1482,0.1478,0.1478,0.1478,6747.30776296,9
1790933700,0.1478,0.1478,0.1478,0.1478,0.0000,0.0,0
1790934000,0.1471,0.1471,0.1466,0.1466,0.1466,6932.6874248,6
1790934300,0.1465,0.1465,0.1465,0.1465,0.1465,354.94880546,1
1790934600,0.1467,0.1467,0.1467,0.1467,0.1467,2726.6530334,1
1790934900,0.146,0.146,0.146,0.146,0.1460,445.20547945,1
1790935200,0.146,0.146,0.146,0.146,0.0000,0.0,0
1790935500,0.1455,0.1455,0.1455,0.1455,0.1455,204.07260545,1
1790935800,0.1455,0.1455,0.1455,0.1455,0.0000,0.0,0
1790936100,0.1452,0.1454,0.1451,0.1454,0.1452,2909.668504,5
1790936400,0.1454,0.1454,0.1454,0.1454,0.0000,0.0,0
1790936700,0.1446,0.1446,0.1446,0.1446,0.1446,70.0,1
1790937000,0.1446,0.1446,0.1446,0.1446,0.0000,0.0,0
1790937300,0.1446,0.1446,0.1446,0.1446,0.0000,0.0,0
1790937600,0.1445,0.1453,0.1445,0.1453,0.1447,4508.73213718,5
1790937900,0.1459,0.1459,0.1459,0.1459,0.1459,479.78067169,1
1790938200,0.1453,0.1453,0.1432,0.1432,0.1433,9008.50654181,8
1790938500,0.1442,0.1442,0.1438,0.1438,0.1440,410.62071716,2
1790938800,0.1447,0.1447,0.1447,0.1447,0.1447,1094.79290871,1
1790939100,0.1447,0.1447,0.1447,0.1447,0.1447,3455.42501728,1
1790939400,0.1447,0.1447,0.1447,0.1447,0.0000,0.0,0
1790939700,0.1447,0.1447,0.1447,0.1447,0.0000,0.0,0
1790940000,0.1447,0.1447,0.1447,0.1447,0.0000,0.0,0
1790940300,0.1429,0.1429,0.1427,0.1427,0.1427,1558.375292,3
1790940600,0.1427,0.1427,0.1427,0.1427,0.0000,0.0,0
1790940900,0.1428,0.1428,0.1428,0.1428,0.1428,1402.91310405,1
1790941200,0.143,0.1432,0.1424,0.1425,0.1426,41814.72994104,14
1790941500,0.1423,0.1425,0.1419,0.1425,0.1424,6970.1154,6
1790941800,0.1426,0.1429,0.1422,0.1422,0.1425,8959.682,7
1790942100,0.1423,0.1424,0.142,0.1423,0.1422,33743.31,17
1790942400,0.1419,0.143,0.1419,0.1429,0.1425,20108.71219276,17
1790942700,0.1429,0.1444,0.1429,0.1444,0.1431,11997.31890223,9
1790943000,0.1451,0.1451,0.1437,0.1437,0.1440,13217.82267781,8
1790943300,0.144,0.1444,0.1437,0.1437,0.1439,7469.24842735,8
1790943600,0.1434,0.1437,0.1433,0.1437,0.1433,4270.97817419,4
1790943900,0.1424,0.1425,0.1419,0.1425,0.1423,13944.19276491,4
1790944200,0.1425,0.1425,0.1425,0.1425,0.0000,0.0,0
1790944500,0.1425,0.1425,0.1425,0.1425,0.0000,0.0,0
1790944800,0.144,0.144,0.1422,0.1422,0.1433,7365.36674039,7
1790945100,0.1433,0.1434,0.1432,0.1432,0.1432,14484.5738,6
1790945400,0.1434,0.1434,0.1431,0.1431,0.1432,4532.89188719,4
1790945700,0.1433,0.1435,0.1429,0.1429,0.1432,7708.432,5
1790946000,0.143,0.143,0.1424,0.1424,0.1425,3631.02906929,4
1790946300,0.1421,0.1421,0.1417,0.1418,0.1418,24010.7297,10
1790946600,0.1418,0.1421,0.1415,0.142,0.1417,39945.85784531,20
1790946900,0.1421,0.1444,0.142,0.1428,0.1432,48020.643156,24
1790947200,0.1427,0.1435,0.1427,0.1435,0.1431,18826.89313917,9
1790947500,0.1427,0.1427,0.1427,0.1427,0.1427,3479.4175,1
1790947800,0.1427,0.1427,0.1427,0.1427,0.0000,0.0,0
