time,open,high,low,close,vwap,volume,count
1790463900,0.02358,0.02358,0.02357,0.02357,0.02357,25125.2073,4
1790464200,0.02356,0.02358,0.02356,0.02356,0.02357,22664.68723,8
1790464500,0.02356,0.02356,0.02356,0.02356,0.00000,0.0,0
1790464800,0.02348,0.02348,0.02348,0.02348,0.02348,10605.0797,2
1790465100,0.02343,0.02345,0.02342,0.02345,0.02344,3573.6328,3
1790465400,0.02344,0.02344,0.02343,0.02343,0.02343,666.04214,2
1790465700,0.02351,0.02351,0.02351,0.02351,0.02351,6108.79487,4
1790466000,0.02353,0.02358,0.02352,0.02358,0.02352,33144.28601,6
1790466300,0.02354,0.02354,0.02354,0.02354,0.02354,214.1578,1
1790466600,0.02355,0.02355,0.02355,0.02355,0.02355,450.8789,1
1790466900,0.02353,0.02353,0.0235,0.0235,0.02351,501.39864,2
1790467200,0.02344,0.0235,0.02344,0.02346,0.02346,8786.4991,5
1790467500,0.02349,0.02349,0.02336,0.02342,0.02342,118266.28236,20
1790467800,0.02343,0.02343,0.02334,0.02334,0.02334,10440.84388,3
1790468100,0.02335,0.02337,0.02335,0.02336,0.02336,7349.53942,5
1790468400,0.0234,0.02341,0.0234,0.02341,0.02340,11357.442,3
1790468700,0.02339,0.02339,0.02338,0.02338,0.02338,32386.4457,5
1790469000,0.02341,0.02341,0.02341,0.02341,0.02341,8295.0284,1
1790469300,0.02345,0.02345,0.02345,0.02345,0.02345,2951.2784,1
1790469600,0.02343,0.02349,0.02342,0.02349,0.02342,6245.5078,3
1790469900,0.02342,0.02342,0.02341,0.02342,0.02341,8628.85197,3
1790470200,0.02338,0.02343,0.02337,0.02343,0.02338,20238.8428,6
1790470500,0.02336,0.02336,0.02333,0.02333,0.02334,15528.2083,4
1790470800,0.0233,0.0233,0.02324,0.02324,0.02324,23850.8789,5
1790471100,0.02324,0.02324,0.02324,0.02324,0.00000,0.0,0
1790471400,0.02333,0.02339,0.02333,0.02335,0.02334,30533.3083,11
1790471700,0.0234,0.0234,0.02333,0.02333,0.02333,12687.8487,4
1790472000,0.02326,0.02326,0.02325,0.02325,0.02325,3122.7539,2
1790472300,0.02328,0.02328,0.02328,0.02328,0.02328,350.2095,1
1790472600,0.02334,0.02334,0.02334,0.02334,0.02334,1494.2911,1
1790472900,0.02334,0.02334,0.02334,0.02334,0.02334,450.8789,1
1790473200,0.02337,0.02338,0.02337,0.02338,0.02337,21123.65029,2
1790473500,0.02338,0.02338,0.02338,0.02338,0.02338,450.8789,1
1790473800,0.02338,0.02338,0.02338,0.02338,0.00000,0.0,0
1790474100,0.02338,0.02338,0.02338,0.02338,0.00000,0.0,0
1790474400,0.02344,0.02344,0.02343,0.02343,0.02343,13204.92413,4
1790474700,0.02343,0.02348,0.02343,0.02348,0.02343,11480.5023,4
1790475000,0.02347,0.02348,0.02347,0.02348,0.02347,21497.55507,5
1790475300,0.02348,0.02348,0.02348,0.02348,0.00000,0.0,0
1790475600,0.02345,0.02345,0.02344,0.02344,0.02344,5823.8786,4
1790475900,0.02331,0.02331,0.02331,0.02331,0.02331,3983.5456,2
1790476200,0.02331,0.02331,0.02331,0.02331,0.00000,0.0,0
1790476500,0.02331,0.02331,0.02331,0.02331,0.00000,0.0,0
1790476800,0.02331,0.02331,0.02331,0.02331,0.02331,7077.0498,1
1790477100,0.02331,0.02331,0.02331,0.02331,0.00000,0.0,0
1790477400,0.02331,0.02331,0.02331,0.02331,0.00000,0.0,0
1790477700,0.02331,0.02331,0.02331,0.02331,0.00000,0.0,0
1790478000,0.02331,0.02331,0.02331,0.02331,0.00000,0.0,0
1790478300,0.0233,0.0233,0.02319,0.02319,0.02322,20537.55749,6
1790478600,0.02315,0.02315,0.02312,0.02313,0.02313,38568.81636,10
1790478900,0.02313,0.02313,0.02313,0.02313,0.02313,7980.1913,1
1790479200,0.02311,0.02311,0.02311,0.02311,0.02311,8992.6802,1
1790479500,0.02311,0.02311,0.02311,0.02311,0.00000,0.0,0
1790479800,0.02311,0.02311,0.02311,0.02311,0.00000,0.0,0
1790480100,0.02312,0.02312,0.02312,0.02312,0.02312,10890.4187,2
1790480400,0.02317,0.02317,0.02316,0.02316,0.02316,26976.6947,3
1790480700,0.02312,0.02312,0.02312,0.02312,0.02312,9142.8891,4
1790481000,0.02311,0.02311,0.02311,0.02311,0.02311,9524.0364,2
1790481300,0.02311,0.02311,0.02311,0.02311,0.00000,0.0,0
1790481600,0.02304,0.02304,0.02304,0.02304,0.02304,8015.625,2
1790481900,0.02304,0.02304,0.02304,0.02304,0.00000,0.0,0
1790482200,0.02305,0.02307,0.02305,0.02307,0.02306,18947.07646,3
1790482500,0.02311,0.02311,0.02311,0.02311,0.02311,8013.758,1
1790482800,0.02311,0.02311,0.02311,0.02311,0.00000,0.0,0
1790483100,0.02304,0.02304,0.02299,0.02299,0.02301,26695.38965,7
1790483400,0.02301,0.02301,0.02296,0.02296,0.02300,3839.3043,2
1790483700,0.02294,0.02295,0.02294,0.02295,0.02294,11023.2451,3
1790484000,0.02295,0.02295,0.02295,0.02295,0.00000,0.0,0
1790484300,0.02289,0.0229,0.02289,0.0229,0.02289,47713.25097,8
1790484600,0.0229,0.0229,0.0229,0.0229,0.00000,0.0,0
1790484900,0.0229,0.0229,0.0229,0.0229,0.00000,0.0,0
1790485200,0.0229,0.0229,0.0229,0.0229,0.00000,0.0,0
1790485500,0.02305,0.02305,0.02305,0.02305,0.02305,901.7578,1
1790485800,0.02307,0.02308,0.02307,0.02308,0.02307,15312.27555,4
1790486100,0.02305,0.02305,0.02302,0.02302,0.02304,3122.7539,2
1790486400,0.02302,0.02302,0.02302,0.02302,0.00000,0.0,0
1790486700,0.02307,0.02307,0.02307,0.02307,0.02307,10760.3803,1
1790487000,0.02303,0.02303,0.02303,0.02303,0.02303,8639.94339,4
1790487300,0.0231,0.02315,0.0231,0.02313,0.02310,10414.20526,3
1790487600,0.02313,0.02313,0.02313,0.02313,0.00000,0.0,0
1790487900,0.02313,0.02313,0.02313,0.02313,0.00000,0.0,0
1790488200,0.02311,0.02311,0.02311,0.02311,0.02311,5343.75,2
1790488500,0.02311,0.02311,0.02311,0.02311,0.02311,5369.9122,2
1790488800,0.02311,0.02311,0.02311,0.02311,0.00000,0.0,0
1790489100,0.02311,0.02311,0.02311,0.02311,0.00000,0.0,0
1790489400,0.02316,0.02319,0.02316,0.02319,0.02317,23977.03536,5
1790489700,0.02319,0.02319,0.02319,0.02319,0.02319,9328.1173,1
1790490000,0.02319,0.02319,0.02319,0.02319,0.00000,0.0,0
1790490300,0.02321,0.02322,0.0232,0.0232,0.02320,22446.85914,5
1790490600,0.02314,0.02315,0.02314,0.02315,0.02314,17283.61057,4
1790490900,0.02315,0.02315,0.02315,0.02315,0.00000,0.0,0
1790491200,0.02315,0.02315,0.02315,0.02315,0.00000,0.0,0
1790491500,0.02315,0.02315,0.02315,0.02315,0.00000,0.0,0
1790491800,0.02315,0.02315,0.02315,0.02315,0.00000,0.0,0
1790492100,0.02315,0.02315,0.02315,0.02315,0.00000,0.0,0
1790492400,0.02314,0.02318,0.02314,0.02318,0.02314,17927.98979,7
1790492700,0.02315,0.02315,0.02315,0.02315,0.02315,8673.9748,2
1790493000,0.02314,0.02314,0.02314,0.02314,0.02314,9849.45139,3
1790493300,0.02313,0.02313,0.02312,0.02312,0.02312,12070.44747,3
1790493600,0.02313,0.02313,0.02313,0.02313,0.02313,5327.3847,2
1790493900,0.02324,0.02326,0.02324,0.02326,0.02325,8466.5039,3
1790494200,0.02329,0.02329,0.02329,0.02329,0.02329,10412.6378,2
1790494500,0.02332,0.02332,0.02332,0.02332,0.02332,450.8789,1
1790494800,0.02332,0.02332,0.02332,0.02332,0.00000,0.0,0
1790495100,0.02332,0.02332,0.02332,0.02332,0.00000,0.0,0
1790495400,0.02332,0.02332,0.02332,0.02332,0.00000,0.0,0
1790495700,0.02344,0.02358,0.02344,0.02351,0.02348,41442.13064,16
1790496000,0.0235,0.0235,0.0235,0.0235,0.02350,9810.2328,1
1790496300,0.02346,0.02356,0.02346,0.02356,0.02348,69925.5394,12
1790496600,0.02351,0.02366,0.02351,0.02362,0.02356,124375.51308,38
1790496900,0.02361,0.02365,0.0236,0.02364,0.02362,51000.75158,8
1790497200,0.02356,0.02356,0.02354,0.02354,0.02354,15113.1473,3
1790497500,0.02351,0.02352,0.02351,0.02351,0.02351,24144.85899,5
1790497800,0.02352,0.02352,0.02352,0.02352,0.02352,7330.28162,1
1790498100,0.02358,0.02358,0.02358,0.02358,0.02358,450.8789,1
1790498400,0.0235,0.0235,0.02349,0.02349,0.02349,7918.48536,2
1790498700,0.02353,0.02356,0.02353,0.02356,0.02354,23119.09642,6
1790499000,0.02353,0.02353,0.02353,0.02353,0.02353,395.6066,1
1790499300,0.02355,0.02355,0.02354,0.02354,0.02354,19494.18012,3
1790499600,0.02342,0.02342,0.02342,0.02342,0.02342,262.5,1
1790499900,0.0233,0.0233,0.0233,0.0233,0.02330,450.8789,1
1790500200,0.02326,0.02331,0.02323,0.02331,0.02327,60374.49485,16
1790500500,0.02331,0.02331,0.02331,0.02331,0.00000,0.0,0
1790500800,0.02332,0.0234,0.02325,0.02334,0.02335,318095.82092,43
1790501100,0.02333,0.02333,0.02333,0.02333,0.02333,9633.2737,1
1790501400,0.02339,0.02339,0.02339,0.02339,0.02339,8050.1619,2
1790501700,0.02337,0.02337,0.02337,0.02337,0.02337,202.30611,1
1790502000,0.02337,0.02337,0.02337,0.02337,0.00000,0.0,0
1790502300,0.02342,0.02342,0.02342,0.02342,0.02342,450.8789,1
1790502600,0.02342,0.02342,0.02342,0.02342,0.02342,8105.7045,3
1790502900,0.02344,0.02344,0.02344,0.02344,0.02344,1424.9628,1
1790503200,0.02338,0.02339,0.02338,0.02339,0.02338,17593.9053,4
1790503500,0.02339,0.02339,0.02339,0.02339,0.02339,15353.39965,7
1790503800,0.02339,0.02339,0.02339,0.02339,0.00000,0.0,0
1790504100,0.02339,0.02339,0.02339,0.02339,0.00000,0.0,0
1790504400,0.02339,0.02339,0.02339,0.02339,0.00000,0.0,0
1790504700,0.02341,0.02341,0.02338,0.0234,0.02340,38145.76939,6
1790505000,0.02337,0.02337,0.02332,0.02336,0.02335,90698.47985,16
1790505300,0.02336,0.02336,0.02336,0.02336,0.00000,0.0,0
1790505600,0.02336,0.02345,0.02336,0.02345,0.02344,11775.57319,5
1790505900,0.02337,0.02337,0.02337,0.02337,0.02337,11010.82715,2
1790506200,0.02337,0.02337,0.02337,0.02337,0.00000,0.0,0
1790506500,0.02341,0.02345,0.02341,0.02345,0.02343,112708.64179,9
1790506800,0.02345,0.02345,0.02345,0.02345,0.00000,0.0,0
1790507100,0.02345,0.02345,0.02345,0.02345,0.00000,0.0,0
1790507400,0.02342,0.02342,0.02341,0.02341,0.02341,41531.54604,3
1790507700,0.02341,0.02341,0.02341,0.02341,0.00000,0.0,0
1790508000,0.02333,0.02345,0.02333,0.02344,0.02339,336373.56595,24
1790508300,0.02352,0.02355,0.02352,0.02355,0.02354,6118.96177,4
1790508600,0.02355,0.02355,0.02355,0.02355,0.00000,0.0,0
1790508900,0.0235,0.0235,0.02346,0.02347,0.02347,30142.59555,13
1790509200,0.02347,0.02347,0.02347,0.02347,0.00000,0.0,0
1790509500,0.02347,0.02347,0.02347,0.02347,0.00000,0.0,0
1790509800,0.02338,0.02339,0.02338,0.02338,0.02338,20815.0916,5
1790510100,0.02338,0.02338,0.02338,0.02338,0.02338,4277.00965,2
1790510400,0.0234,0.0234,0.0234,0.0234,0.02340,979.5237,1
1790510700,0.02345,0.02345,0.02345,0.02345,0.02345,6000.0,2
1790511000,0.02345,0.02346,0.02345,0.02346,0.02345,24868.2274,4
1790511300,0.02346,0.02346,0.02346,0.02346,0.00000,0.0,0
1790511600,0.02346,0.02346,0.02346,0.02346,0.00000,0.0,0
1790511900,0.0234,0.0234,0.0234,0.0234,0.02340,3122.7539,2
1790512200,0.0234,0.0234,0.0234,0.0234,0.00000,0.0,0
1790512500,0.02349,0.02349,0.02348,0.02349,0.02348,1191.39988,3
1790512800,0.02346,0.02348,0.02346,0.02346,0.02347,2424.67445,3
1790513100,0.02346,0.02346,0.02346,0.02346,0.00000,0.0,0
1790513400,0.0234,0.0234,0.02336,0.02336,0.02339,8122.6238,6
1790513700,0.02324,0.02324,0.02323,0.02323,0.02323,9078.6197,4
1790514000,0.02309,0.02312,0.02308,0.02312,0.02309,1067.74151,3
1790514300,0.0231,0.0231,0.02307,0.02307,0.02308,13681.9408,3
1790514600,0.02302,0.02302,0.02302,0.02302,0.02302,773.5894,1
1790514900,0.02301,0.02309,0.02301,0.02309,0.02301,12310.65179,5
1790515200,0.02309,0.02309,0.02309,0.02309,0.00000,0.0,0
1790515500,0.02309,0.02317,0.02309,0.02316,0.02312,14264.5294,5
1790515800,0.02316,0.02316,0.02316,0.02316,0.00000,0.0,0
1790516100,0.02318,0.02318,0.02318,0.02318,0.02318,217.31233,1
1790516400,0.02319,0.02319,0.02317,0.02317,0.02318,11107.7283,4
1790516700,0.02317,0.02317,0.02317,0.02317,0.00000,0.0,0
1790517000,0.02317,0.02317,0.02317,0.02317,0.00000,0.0,0
1790517300,0.0232,0.02326,0.0232,0.02326,0.02322,12334.74908,5
1790517600,0.02346,0.02349,0.02346,0.02348,0.02348,13144.52417,7
1790517900,0.02349,0.02364,0.02349,0.02359,0.02359,93481.35347,25
1790518200,0.02357,0.02357,0.02347,0.02347,0.02349,54701.96545,11
1790518500,0.02352,0.02352,0.02343,0.02343,0.02347,37195.66478,11
1790518800,0.02341,0.02342,0.02331,0.02331,0.02337,2734.2068,6
1790519100,0.02332,0.02332,0.02327,0.02332,0.02329,35621.88155,6
1790519400,0.02337,0.02342,0.02337,0.02339,0.02339,16099.67234,4
1790519700,0.02332,0.02332,0.02332,0.02332,0.02332,9887.76338,2
1790520000,0.02326,0.02328,0.02326,0.02328,0.02327,17615.39601,3
1790520300,0.02328,0.02328,0.0232,0.0232,0.02320,12058.35446,4
1790520600,0.0232,0.02321,0.02317,0.02317,0.02318,22200.89835,6
1790520900,0.02318,0.02318,0.02314,0.02314,0.02316,18399.89343,3
1790521200,0.02312,0.02312,0.02286,0.02286,0.02293,103968.79562,31
1790521500,0.02286,0.02291,0.02286,0.02291,0.02288,19966.67647,6
1790521800,0.02297,0.02297,0.02268,0.02278,0.02280,582067.93915,129
1790522100,0.02278,0.02293,0.02278,0.02289,0.02284,87672.02441,17
1790522400,0.02287,0.02287,0.02282,0.02283,0.02283,21907.97439,6
1790522700,0.02278,0.02285,0.02276,0.02285,0.02283,12178.77594,5
1790523000,0.02286,0.02286,0.0228,0.02284,0.02284,15539.2084,4
1790523300,0.02281,0.02284,0.02281,0.02284,0.02283,13682.73832,3
1790523600,0.02283,0.02283,0.02283,0.02283,0.02283,384.85882,1
1790523900,0.02294,0.02294,0.02294,0.02294,0.02294,384.8588,1
1790524200,0.02295,0.02295,0.02292,0.02292,0.02293,24301.63764,6
1790524500,0.02296,0.02296,0.02296,0.02296,0.02296,450.8789,1
1790524800,0.0229,0.02294,0.0229,0.02294,0.02292,16262.47004,5
1790525100,0.02304,0.02309,0.02303,0.02303,0.02305,38107.53442,7
1790525400,0.02303,0.02303,0.02303,0.02303,0.00000,0.0,0
1790525700,0.02307,0.02311,0.02301,0.02311,0.02308,28576.27298,11
1790526000,0.02313,0.02313,0.02312,0.02312,0.02312,15549.99673,3
1790526300,0.02317,0.02317,0.02315,0.02315,0.02315,62011.3802,7
1790526600,0.02304,0.0231,0.02304,0.02308,0.02306,17402.65691,4
1790526900,0.02314,0.02315,0.02313,0.02313,0.02313,15366.18843,9
1790527200,0.02313,0.02313,0.02304,0.02304,0.02308,20064.8866,4
1790527500,0.02304,0.02304,0.02304,0.02304,0.00000,0.0,0
1790527800,0.02305,0.02305,0.02305,0.02305,0.02305,450.8789,1
1790528100,0.02305,0.02305,0.02305,0.02305,0.00000,0.0,0
1790528400,0.02307,0.02312,0.02307,0.02312,0.02309,16329.7512,2
1790528700,0.02309,0.02309,0.02309,0.02309,0.02309,450.8789,1
1790529000,0.02309,0.02309,0.02309,0.02309,0.00000,0.0,0
1790529300,0.02315,0.02317,0.02315,0.02317,0.02315,16421.07089,3
1790529600,0.02315,0.02315,0.02314,0.02314,0.02314,32361.30611,6
1790529900,0.02314,0.02316,0.02314,0.02316,0.02314,17999.27389,3
1790530200,0.02323,0.02332,0.02323,0.02332,0.02326,85972.14835,15
1790530500,0.02333,0.02333,0.02329,0.02329,0.02330,47067.34119,10
1790530800,0.02328,0.02342,0.02328,0.02336,0.02334,102757.21016,23
1790531100,0.02336,0.02346,0.02336,0.02346,0.02340,14337.56477,5
1790531400,0.02342,0.02342,0.02338,0.02338,0.02340,14479.4858,8
1790531700,0.02337,0.02351,0.02333,0.02351,0.02341,114924.56134,26
1790532000,0.0235,0.02351,0.02338,0.02339,0.02347,219853.93965,30
1790532300,0.0234,0.02347,0.02339,0.02346,0.02343,27041.50691,7
1790532600,0.02353,0.02368,0.02353,0.02368,0.02364,178967.07604,34
1790532900,0.02369,0.0237,0.02361,0.02361,0.02365,103892.48462,21
1790533200,0.02364,0.02367,0.02357,0.02364,0.02362,78635.86001,19
1790533500,0.02362,0.0237,0.02359,0.02364,0.02366,242091.59117,54
1790533800,0.02361,0.02366,0.02361,0.02366,0.02361,11481.74377,5
1790534100,0.02365,0.0237,0.02363,0.02364,0.02366,87443.65679,16
1790534400,0.02366,0.02373,0.02363,0.02373,0.02368,84080.86698,17
1790534700,0.02373,0.02396,0.02373,0.02395,0.02384,192513.21637,41
1790535000,0.02399,0.02411,0.02396,0.02411,0.02405,151906.47771,30
1790535300,0.02412,0.02438,0.02412,0.02437,0.02424,713876.99699,112
1790535600,0.02435,0.02442,0.02423,0.02423,0.02433,331081.33635,59
1790535900,0.02426,0.02439,0.02421,0.02427,0.02427,120121.20672,24
1790536200,0.02426,0.02452,0.02426,0.02452,0.02448,52701.43155,13
1790536500,0.02459,0.02461,0.02447,0.02461,0.02454,61460.17478,18
1790536800,0.02461,0.02461,0.02415,0.02427,0.02430,263317.82656,68
1790537100,0.02431,0.02468,0.02424,0.02434,0.02441,275054.21219,70
1790537400,0.02436,0.02447,0.02436,0.02447,0.02441,80012.05295,17
1790537700,0.02441,0.02477,0.02438,0.02465,0.02459,442470.8565,85
1790538000,0.02465,0.0247,0.02447,0.02469,0.02457,192357.65793,36
1790538300,0.02464,0.02486,0.02464,0.02479,0.02477,181210.98746,38
1790538600,0.02483,0.02483,0.02455,0.0247,0.02468,288652.19242,61
1790538900,0.02483,0.02527,0.0248,0.02527,0.02505,528079.26804,96
1790539200,0.02522,0.0253,0.02489,0.02489,0.02517,569237.8159,98
1790539500,0.02499,0.02512,0.02499,0.02512,0.02506,290010.33168,44
1790539800,0.02511,0.02511,0.02485,0.02486,0.02493,60269.41736,19
1790540100,0.02487,0.02488,0.02472,0.02472,0.02483,137271.97849,19
1790540400,0.02476,0.02476,0.02459,0.02461,0.02462,115542.44555,28
1790540700,0.02462,0.02463,0.02459,0.02463,0.02462,17236.4694,5
1790541000,0.02457,0.02458,0.02449,0.02458,0.02453,37709.07105,10
1790541300,0.02457,0.02465,0.02457,0.02465,0.02461,12935.63454,2
1790541600,0.02462,0.02462,0.02456,0.02456,0.02461,3122.7539,2
1790541900,0.02458,0.02463,0.0245,0.02456,0.02456,93854.80421,21
1790542200,0.02456,0.02456,0.02445,0.02449,0.02449,128638.11262,19
1790542500,0.02464,0.02464,0.02437,0.0244,0.02448,176953.85802,36
1790542800,0.02443,0.02452,0.02442,0.02452,0.02446,99805.06429,15
1790543100,0.02455,0.02458,0.02439,0.02456,0.02449,164676.4976,51
1790543400,0.02462,0.02462,0.02431,0.02446,0.02446,160718.92729,33
1790543700,0.02443,0.02455,0.02443,0.02455,0.02450,13995.90518,7
1790544000,0.02457,0.02465,0.02457,0.02465,0.02460,65699.64944,7
1790544300,0.02465,0.02465,0.02465,0.02465,0.00000,0.0,0
1790544600,0.02464,0.02464,0.02464,0.02464,0.02464,1542.49053,1
1790544900,0.02454,0.02454,0.02433,0.02433,0.02434,9291.34284,3
1790545200,0.02441,0.02441,0.02441,0.02441,0.02441,9826.99808,1
1790545500,0.02441,0.02441,0.02441,0.02441,0.00000,0.0,0
1790545800,0.02441,0.02441,0.02441,0.02441,0.00000,0.0,0
1790546100,0.02453,0.02472,0.02453,0.02472,0.02457,77106.90266,9
1790546400,0.02449,0.02449,0.02441,0.02441,0.02445,416.94963,2
1790546700,0.02438,0.02438,0.02421,0.02422,0.02429,117476.36889,16
1790547000,0.02427,0.02427,0.02397,0.02399,0.02411,57078.54425,16
1790547300,0.02399,0.0241,0.02398,0.0241,0.02401,48161.71389,7
1790547600,0.02417,0.02422,0.02415,0.02415,0.02417,88179.6425,13
1790547900,0.02421,0.02425,0.02417,0.02417,0.02420,51633.56623,13
1790548200,0.02414,0.02414,0.02414,0.02414,0.02414,5062.50003,2
1790548500,0.02403,0.02406,0.024,0.02406,0.02402,48034.13918,9
1790548800,0.02396,0.02396,0.02396,0.02396,0.02396,10440.60344,1
1790549100,0.02393,0.02393,0.02387,0.0239,0.02389,39351.10915,6
1790549400,0.0239,0.0239,0.0239,0.0239,0.00000,0.0,0
1790549700,0.0239,0.02394,0.0239,0.02394,0.02391,48865.70632,6
1790550000,0.024,0.02416,0.024,0.02416,0.02404,27110.7306,5
1790550300,0.02402,0.02402,0.02402,0.02402,0.02402,7593.75,1
1790550600,0.02402,0.02402,0.02402,0.02402,0.00000,0.0,0
1790550900,0.02424,0.0243,0.02424,0.02426,0.02426,31302.39285,4
1790551200,0.02417,0.02423,0.02417,0.02423,0.02420,18216.7905,2
1790551500,0.02431,0.0246,0.0243,0.0246,0.02436,79105.32097,13
1790551800,0.02456,0.02459,0.0245,0.02451,0.02453,72223.69416,13
1790552100,0.02442,0.02446,0.02439,0.02446,0.02442,27380.5835,11
1790552400,0.02436,0.02436,0.02436,0.02436,0.02436,7653.6982,1
1790552700,0.02432,0.02436,0.02432,0.02436,0.02433,28332.05123,10
1790553000,0.02445,0.02464,0.02445,0.02464,0.02453,31884.31622,6
1790553300,0.02459,0.0248,0.02458,0.02478,0.02470,134129.60186,23
1790553600,0.02474,0.025,0.02471,0.025,0.02488,130805.05885,16
1790553900,0.02498,0.02513,0.02489,0.02489,0.02499,173954.11609,27
1790554200,0.02488,0.02495,0.02479,0.02493,0.02484,153036.63906,25
1790554500,0.02494,0.02498,0.02487,0.02498,0.02491,33668.8013,6
1790554800,0.02504,0.02525,0.02504,0.02522,0.02518,108746.08653,20
1790555100,0.02522,0.02528,0.02516,0.02525,0.02523,138899.86286,24
1790555400,0.02512,0.02512,0.02497,0.02499,0.02504,101388.87944,25
1790555700,0.02496,0.02497,0.02478,0.02478,0.02486,119058.34322,14
1790556000,0.02471,0.02474,0.02466,0.02472,0.02468,60264.81609,13
1790556300,0.02481,0.02504,0.02481,0.02504,0.02493,30822.12721,4
1790556600,0.02508,0.02516,0.02498,0.02498,0.02507,131206.68212,28
1790556900,0.0248,0.0248,0.02468,0.02468,0.02471,39127.72265,8
1790557200,0.02468,0.02468,0.0246,0.0246,0.02462,52914.13576,9
1790557500,0.02462,0.02486,0.02453,0.02473,0.02468,142623.40641,25
1790557800,0.02474,0.02479,0.02466,0.02466,0.02473,75879.42086,17
1790558100,0.02457,0.02465,0.02457,0.02464,0.02461,87936.91267,17
1790558400,0.02477,0.02496,0.02476,0.02485,0.02485,114043.24165,21
1790558700,0.02479,0.0249,0.02476,0.02485,0.02483,78441.0229,12
1790559000,0.02488,0.02488,0.02473,0.02476,0.02478,49936.3419,17
1790559300,0.02468,0.02471,0.02464,0.02468,0.02467,37598.9274,7
1790559600,0.02476,0.02476,0.02458,0.02458,0.02471,39546.5625,8
1790559900,0.02467,0.02469,0.02445,0.02445,0.02460,60696.4606,14
1790560200,0.02445,0.0247,0.02445,0.02466,0.02460,71629.53202,17
1790560500,0.02466,0.02474,0.02448,0.02448,0.02458,100431.2928,16
1790560800,0.0244,0.02444,0.02433,0.02443,0.02438,148222.54441,29
1790561100,0.02451,0.02459,0.02442,0.02455,0.02452,127812.17435,25
1790561400,0.02453,0.02458,0.02443,0.02446,0.02450,179963.781,42
1790561700,0.0244,0.0244,0.0243,0.0243,0.02436,37376.1906,12
1790562000,0.0243,0.02435,0.02423,0.02435,0.02429,61297.34857,12
1790562300,0.02446,0.02459,0.02443,0.02446,0.02451,79197.73919,16
1790562600,0.02436,0.02436,0.02436,0.02436,0.02436,16044.0305,5
1790562900,0.0244,0.02445,0.0243,0.02431,0.02435,67560.45362,10
1790563200,0.02432,0.02439,0.02432,0.02435,0.02434,50427.06101,8
1790563500,0.02433,0.02437,0.02415,0.02417,0.02424,57078.49685,14
1790563800,0.02419,0.02432,0.02417,0.02432,0.02420,24906.7416,5
1790564100,0.02426,0.02427,0.02423,0.02423,0.02424,43379.61009,11
1790564400,0.02422,0.02435,0.0241,0.02415,0.02418,75002.36775,15
1790564700,0.02422,0.02422,0.02415,0.02419,0.02417,26219.9575,9
1790565000,0.02419,0.02419,0.02403,0.02406,0.02407,38339.85514,7
1790565300,0.02406,0.02422,0.02405,0.02418,0.02415,59684.10586,14
1790565600,0.02412,0.02415,0.02401,0.02401,0.02410,33905.7862,8
1790565900,0.024,0.024,0.02391,0.02391,0.02394,98432.84134,20
1790566200,0.02395,0.02398,0.02384,0.02397,0.02392,91039.88573,15
1790566500,0.02396,0.02413,0.02396,0.02413,0.02403,103837.07843,19
1790566800,0.0241,0.02427,0.0241,0.02427,0.02418,14123.9319,3
1790567100,0.02421,0.02425,0.02415,0.02424,0.02420,59842.34849,19
1790567400,0.0242,0.0242,0.02415,0.02415,0.02417,16644.27681,3
1790567700,0.02415,0.02415,0.02411,0.02412,0.02412,36966.70032,5
1790568000,0.02392,0.02392,0.02368,0.02369,0.02381,191080.60617,30
1790568300,0.02376,0.02392,0.02376,0.02386,0.02379,83198.74705,16
1790568600,0.02382,0.02383,0.02381,0.02383,0.02381,16365.5188,6
1790568900,0.02386,0.02399,0.0238,0.02399,0.02390,64444.73374,13
1790569200,0.02404,0.02407,0.02404,0.02407,0.02405,46361.96222,8
1790569500,0.02405,0.02409,0.02402,0.02402,0.02405,30389.21745,7
1790569800,0.02409,0.02409,0.02407,0.02407,0.02408,124013.48957,20
1790570100,0.02407,0.02412,0.02407,0.02412,0.02411,10581.27315,4
1790570400,0.02416,0.0243,0.02415,0.02429,0.02425,98701.81197,13
1790570700,0.02428,0.02449,0.02427,0.02449,0.02440,81993.70711,11
1790571000,0.02455,0.02468,0.02455,0.02461,0.02459,69870.332,11
1790571300,0.02457,0.02466,0.02446,0.02465,0.02460,74718.19586,17
1790571600,0.02463,0.02487,0.02463,0.02466,0.02473,140712.90052,26
1790571900,0.02459,0.02469,0.02459,0.02465,0.02463,72958.94077,15
1790572200,0.02457,0.02457,0.02442,0.02444,0.02444,65808.9741,15
1790572500,0.02447,0.02447,0.02433,0.02433,0.02439,63124.95412,11
1790572800,0.02432,0.02432,0.02423,0.02425,0.02428,122283.66354,19
1790573100,0.02428,0.02433,0.02428,0.02431,0.02430,33666.12133,4
1790573400,0.02429,0.02432,0.02421,0.02421,0.02427,35827.8558,8
1790573700,0.02422,0.02424,0.02418,0.02418,0.02421,66294.32282,10
1790574000,0.02418,0.02451,0.02399,0.02451,0.02422,205778.51912,35
1790574300,0.0246,0.02469,0.02443,0.02443,0.02459,131472.27787,23
1790574600,0.02442,0.02442,0.02433,0.02433,0.02437,27225.1982,6
1790574900,0.02432,0.02441,0.02432,0.02438,0.02437,121414.46808,13
1790575200,0.02433,0.02443,0.02433,0.02443,0.02436,108107.12331,12
1790575500,0.02442,0.02465,0.02442,0.02465,0.02454,134822.81655,18
1790575800,0.02473,0.02481,0.0247,0.02474,0.02475,130568.82009,19
1790576100,0.02466,0.02466,0.02435,0.02435,0.02456,175791.31392,25
1790576400,0.02436,0.02436,0.02391,0.02391,0.02410,228919.38552,30
1790576700,0.02393,0.02406,0.02392,0.024,0.02397,79042.83872,12
1790577000,0.02399,0.02421,0.02391,0.02409,0.02406,151307.60565,19
1790577300,0.02426,0.02428,0.02402,0.02402,0.02411,98615.39144,17
1790577600,0.02408,0.02438,0.02405,0.02423,0.02421,166537.56783,25
1790577900,0.02423,0.02427,0.02416,0.02419,0.02422,114602.01928,13
1790578200,0.02421,0.02441,0.02418,0.02438,0.02427,53300.73362,16
1790578500,0.02435,0.02455,0.02432,0.02455,0.02442,71921.16759,11
1790578800,0.02455,0.02494,0.02453,0.02485,0.02479,224572.83916,37
1790579100,0.02476,0.02479,0.0247,0.0247,0.02474,287567.53299,35
1790579400,0.02471,0.02471,0.02465,0.02466,0.02467,56909.86503,10
1790579700,0.02466,0.0247,0.02459,0.0247,0.02463,84115.17991,9
1790580000,0.02464,0.02464,0.02428,0.02428,0.02451,31012.04437,7
1790580300,0.02425,0.02443,0.02425,0.02441,0.02430,111065.48157,17
1790580600,0.02434,0.02434,0.02428,0.02431,0.02431,97189.66058,11
1790580900,0.02437,0.02477,0.02437,0.02476,0.02461,146604.32696,26
1790581200,0.02477,0.02485,0.02457,0.02461,0.02476,226834.98623,38
1790581500,0.02465,0.02504,0.02465,0.02504,0.02486,97876.68281,14
1790581800,0.02497,0.02499,0.02479,0.02479,0.02494,355488.17597,38
1790582100,0.02483,0.02497,0.02468,0.02468,0.02480,164526.40033,30
1790582400,0.0247,0.025,0.0247,0.02499,0.02486,65760.91692,15
1790582700,0.02503,0.02509,0.02491,0.02495,0.02496,170355.30891,39
1790583000,0.02491,0.02498,0.0248,0.02497,0.02483,548562.25242,62
1790583300,0.02497,0.02497,0.02491,0.02491,0.02494,14883.23267,3
1790583600,0.02491,0.02499,0.02483,0.02483,0.02492,84239.80423,16
1790583900,0.02489,0.02533,0.02489,0.02511,0.02512,200179.65816,34
1790584200,0.0251,0.02515,0.02503,0.02511,0.02509,108102.64414,20
1790584500,0.02519,0.02519,0.02504,0.02513,0.02512,118502.75119,18
1790584800,0.02514,0.02522,0.02479,0.02498,0.02494,341002.62196,63
1790585100,0.02506,0.02506,0.0247,0.02478,0.02476,190636.65436,30
1790585400,0.02479,0.02486,0.02477,0.02483,0.02481,85779.00128,15
1790585700,0.02485,0.02499,0.02477,0.02495,0.02489,99755.60567,25
1790586000,0.02499,0.02499,0.02443,0.0246,0.02461,193466.48296,33
1790586300,0.02458,0.02462,0.02445,0.02448,0.02457,246294.07662,35
1790586600,0.02448,0.02482,0.02448,0.02482,0.02460,54330.04323,11
1790586900,0.02479,0.025,0.02479,0.02499,0.02492,79621.93287,16
1790587200,0.02497,0.02504,0.0248,0.0248,0.02498,38085.63812,6
1790587500,0.02476,0.02476,0.0246,0.02461,0.02466,125088.61621,22
1790587800,0.02463,0.02463,0.02454,0.02454,0.02459,24287.9692,6
1790588100,0.02445,0.02451,0.0244,0.02441,0.02444,74992.13496,13
1790588400,0.02452,0.02452,0.02434,0.02434,0.02445,92496.31525,19
1790588700,0.0243,0.0243,0.02421,0.02428,0.02424,123273.27173,23
1790589000,0.02431,0.02433,0.02379,0.02379,0.02414,131843.74235,21
1790589300,0.02374,0.02376,0.02368,0.02369,0.02372,179021.04719,21
1790589600,0.02381,0.02412,0.02381,0.02412,0.02398,71889.33747,10
1790589900,0.02404,0.02404,0.02385,0.02385,0.02391,69504.23573,7
1790590200,0.02384,0.02386,0.0238,0.02386,0.02383,105453.24883,16
1790590500,0.02396,0.02402,0.02396,0.02401,0.02398,34238.51747,6
1790590800,0.02399,0.02408,0.02393,0.02401,0.02398,91573.11831,12
1790591100,0.02415,0.02415,0.02405,0.02407,0.02408,103939.01116,17
1790591400,0.02407,0.0242,0.02407,0.02418,0.02413,51372.2187,11
1790591700,0.02416,0.02419,0.02403,0.02403,0.02412,58257.82082,11
1790592000,0.02409,0.02409,0.02405,0.02405,0.02407,18607.156,4
1790592300,0.02397,0.02399,0.02385,0.02385,0.02392,94058.26416,14
1790592600,0.02391,0.0241,0.02391,0.024,0.02401,43119.70902,11
1790592900,0.02403,0.02406,0.02402,0.02404,0.02403,44789.26214,6
1790593200,0.02401,0.02404,0.02375,0.02378,0.02388,59559.68192,9
1790593500,0.0238,0.02405,0.0238,0.02405,0.02391,110061.0852,16
1790593800,0.02408,0.02427,0.02405,0.02427,0.02411,156206.28543,25
1790594100,0.02426,0.02448,0.02426,0.02429,0.02438,104167.83815,14
1790594400,0.02433,0.0244,0.0243,0.0244,0.02434,101787.43771,18
1790594700,0.02438,0.02443,0.02436,0.02439,0.02438,85130.61929,17
1790595000,0.02438,0.02438,0.02436,0.02436,0.02436,35305.3921,8
1790595300,0.02439,0.02471,0.02439,0.02465,0.02454,120258.57178,18
1790595600,0.0247,0.02488,0.02469,0.02486,0.02479,135467.76552,19
1790595900,0.02482,0.02485,0.02477,0.02477,0.02482,60265.32573,8
1790596200,0.02472,0.02484,0.02472,0.02479,0.02479,55533.30456,11
1790596500,0.02472,0.02488,0.02472,0.02488,0.02483,161243.01018,20
1790596800,0.02487,0.02519,0.02468,0.02516,0.02504,369347.04825,51
1790597100,0.02521,0.02579,0.02521,0.02557,0.02560,248603.07578,36
1790597400,0.02556,0.02569,0.02556,0.02566,0.02561,223941.64852,30
1790597700,0.02567,0.0258,0.02556,0.0258,0.02566,119272.93148,20
1790598000,0.02582,0.02612,0.02573,0.02592,0.02585,159979.24231,21
1790598300,0.02594,0.02597,0.02583,0.02587,0.02589,151021.3795,28
1790598600,0.02587,0.02631,0.02551,0.02563,0.02607,921672.67217,112
1790598900,0.02572,0.02587,0.02541,0.02563,0.02566,288715.49275,48
1790599200,0.02562,0.0257,0.02551,0.02551,0.02563,229000.29131,41
1790599500,0.02565,0.02565,0.02551,0.02551,0.02558,183481.93821,23
1790599800,0.02552,0.02564,0.02549,0.02556,0.02556,117332.19374,26
1790600100,0.02558,0.02573,0.02551,0.02552,0.02565,196180.53102,34
1790600400,0.02554,0.02559,0.02545,0.02554,0.02553,276302.13572,48
1790600700,0.02542,0.02568,0.0254,0.02567,0.02549,137345.0498,19
1790601000,0.02562,0.02576,0.02556,0.02576,0.02562,65514.12376,10
1790601300,0.02572,0.02597,0.02572,0.02591,0.02583,160002.99663,33
1790601600,0.02591,0.02595,0.02582,0.02595,0.02587,115457.07292,19
1790601900,0.02588,0.02591,0.02576,0.02584,0.02582,239146.9114,40
1790602200,0.02584,0.02586,0.02557,0.02561,0.02564,335457.60489,55
1790602500,0.02565,0.02571,0.02548,0.02566,0.02563,152567.29848,29
1790602800,0.02564,0.02574,0.02564,0.02567,0.02567,85029.74253,15
1790603100,0.02569,0.02585,0.02569,0.02579,0.02574,136438.09588,21
1790603400,0.02566,0.02566,0.02546,0.0255,0.02552,98630.6089,17
1790603700,0.02564,0.02568,0.02558,0.02562,0.02562,72920.5313,16
1790604000,0.02553,0.02553,0.02526,0.02534,0.02539,161529.4949,18
1790604300,0.02536,0.02552,0.02533,0.02548,0.02544,60274.52753,13
1790604600,0.0255,0.02559,0.02538,0.02551,0.02548,88356.18396,23
1790604900,0.02544,0.02544,0.02525,0.02525,0.02534,130476.33481,23
1790605200,0.02528,0.02552,0.02526,0.02552,0.02537,77112.5516,12
1790605500,0.02549,0.02549,0.02485,0.02487,0.02503,127477.81954,21
1790605800,0.02492,0.02499,0.02471,0.02488,0.02487,707186.78424,84
1790606100,0.02488,0.02516,0.02485,0.02516,0.02496,214227.25205,36
1790606400,0.02515,0.02515,0.02476,0.02488,0.02490,163845.41708,35
1790606700,0.02485,0.02486,0.02422,0.02445,0.02445,482089.3599,74
1790607000,0.02454,0.02477,0.02434,0.02477,0.02449,167065.25198,28
1790607300,0.0247,0.02483,0.02464,0.02471,0.02472,114384.09556,21
1790607600,0.02483,0.02483,0.02452,0.02452,0.02468,112911.81542,15
1790607900,0.02451,0.02464,0.02451,0.02464,0.02455,80719.93505,15
1790608200,0.02468,0.02474,0.02441,0.02458,0.02460,61771.52193,17
1790608500,0.0246,0.02463,0.02447,0.02453,0.02457,71292.71922,8
1790608800,0.02451,0.02456,0.02451,0.02455,0.02452,94393.56482,13
1790609100,0.02476,0.02502,0.02473,0.025,0.02490,158254.626,27
1790609400,0.02494,0.02507,0.02494,0.02507,0.02501,174149.40691,20
1790609700,0.02495,0.02526,0.02495,0.02521,0.02517,172142.57069,26
1790610000,0.02529,0.02531,0.02522,0.02522,0.02527,97398.18326,18
1790610300,0.02528,0.02537,0.02528,0.02537,0.02534,52074.73189,10
1790610600,0.02538,0.02591,0.02538,0.02561,0.02573,333202.09971,24
1790610900,0.02564,0.0261,0.02563,0.02595,0.02597,823415.7856,68
1790611200,0.02589,0.02692,0.02581,0.02683,0.02658,579614.98344,95
1790611500,0.02681,0.02687,0.02607,0.02638,0.02650,1366707.31204,198
1790611800,0.02642,0.02642,0.02589,0.02598,0.02622,423268.53459,69
1790612100,0.02599,0.02638,0.02595,0.02638,0.02615,234352.05124,29
1790612400,0.02636,0.02644,0.02618,0.02621,0.02633,278700.75414,50
1790612700,0.02612,0.02617,0.02586,0.02586,0.02603,111870.9174,16
1790613000,0.02598,0.02598,0.02587,0.02588,0.02591,139865.39579,29
1790613300,0.02583,0.02603,0.02573,0.02574,0.02589,216371.30289,29
1790613600,0.0258,0.0258,0.02567,0.0257,0.02572,107241.36477,16
1790613900,0.02578,0.02583,0.02569,0.0257,0.02575,63082.36207,16
1790614200,0.02568,0.02588,0.02565,0.02588,0.02572,158498.56617,25
1790614500,0.02592,0.02606,0.02592,0.02596,0.02597,84974.95645,14
1790614800,0.02587,0.02595,0.02563,0.02567,0.02576,218638.88265,38
1790615100,0.02567,0.02567,0.02544,0.02547,0.02548,75271.41575,17
1790615400,0.02549,0.02592,0.02544,0.02591,0.02571,115072.69272,25
1790615700,0.02593,0.02593,0.02551,0.02551,0.02564,135747.32868,21
1790616000,0.02555,0.02566,0.02555,0.02566,0.02559,77091.64418,12
1790616300,0.02558,0.02567,0.02558,0.02565,0.02562,78154.50927,12
1790616600,0.02567,0.02579,0.02562,0.02571,0.02571,37361.82671,11
1790616900,0.02562,0.02581,0.0255,0.02552,0.02563,330388.13276,41
1790617200,0.0255,0.02558,0.02525,0.02556,0.02541,302336.24045,44
1790617500,0.02567,0.02571,0.02555,0.02567,0.02564,111926.64602,22
1790617800,0.02564,0.02565,0.02564,0.02565,0.02564,39769.51087,7
1790618100,0.02557,0.02558,0.02555,0.02555,0.02556,38682.27728,5
1790618400,0.02559,0.02575,0.02548,0.02573,0.02558,61002.71743,14
1790618700,0.02567,0.02568,0.0256,0.02565,0.02565,40364.9693,7
1790619000,0.02559,0.02562,0.02559,0.02562,0.02560,19832.6444,5
1790619300,0.02554,0.02558,0.02546,0.02546,0.02551,35677.57426,12
1790619600,0.02546,0.02546,0.02546,0.02546,0.00000,0.0,0
1790619900,0.02539,0.02541,0.02539,0.02541,0.02539,22931.90453,7
1790620200,0.02546,0.02551,0.02536,0.02536,0.02543,36758.88053,9
1790620500,0.02556,0.0257,0.02556,0.02559,0.02564,52128.46507,9
1790620800,0.02554,0.02554,0.02544,0.02544,0.02547,69796.60249,12
1790621100,0.02537,0.02547,0.02534,0.02547,0.02535,19848.46742,4
1790621400,0.02537,0.02551,0.02537,0.02551,0.02543,31710.22575,8
1790621700,0.02553,0.02556,0.02551,0.02551,0.02554,85956.28516,9
1790622000,0.0255,0.02554,0.02534,0.02534,0.02547,32349.0747,10
1790622300,0.02539,0.02539,0.0253,0.0253,0.02536,17387.5,3
1790622600,0.02522,0.0253,0.02517,0.0252,0.02520,77047.67737,12
1790622900,0.02516,0.02553,0.02516,0.02542,0.02535,200742.08862,25
1790623200,0.0255,0.0255,0.02521,0.02537,0.02540,113881.11465,16
1790623500,0.02536,0.02556,0.02536,0.02547,0.02551,60227.69227,12
1790623800,0.02547,0.02552,0.02547,0.02552,0.02549,190133.6895,22
1790624100,0.02548,0.02548,0.02532,0.02536,0.02536,101692.71168,17
1790624400,0.0253,0.02532,0.02526,0.02532,0.02528,44513.72287,10
1790624700,0.02531,0.02546,0.02531,0.02546,0.02539,56595.9926,11
1790625000,0.02547,0.0256,0.02547,0.0256,0.02559,337706.52633,14
1790625300,0.02555,0.02555,0.02555,0.02555,0.02555,15054.3945,2
1790625600,0.02558,0.02558,0.02538,0.02553,0.02547,25939.67344,11
1790625900,0.02547,0.02553,0.02546,0.02552,0.02548,8550.5376,8
1790626200,0.02556,0.02568,0.02556,0.02557,0.02563,28826.2467,9
1790626500,0.02554,0.02555,0.02545,0.02548,0.02549,8442.6712,7
1790626800,0.02548,0.02548,0.02548,0.02548,0.00000,0.0,0
1790627100,0.0257,0.02576,0.02564,0.02576,0.02567,24485.74956,11
1790627400,0.02574,0.02579,0.02547,0.02547,0.02558,70210.2881,19
1790627700,0.02551,0.02553,0.02543,0.02543,0.02549,59216.51923,10
1790628000,0.02559,0.02559,0.02541,0.02542,0.02549,42869.05023,12
1790628300,0.02543,0.02543,0.02534,0.02537,0.02537,29830.80798,10
1790628600,0.0253,0.0253,0.02527,0.02527,0.02528,18274.39151,2
1790628900,0.02531,0.02543,0.02531,0.0254,0.02537,66463.16712,13
1790629200,0.02548,0.02562,0.0254,0.0254,0.02553,251570.3156,39
1790629500,0.02523,0.02528,0.02523,0.02527,0.02526,43811.24819,8
1790629800,0.02525,0.02525,0.02511,0.02519,0.02515,171298.35191,26
1790630100,0.02521,0.02523,0.02497,0.02497,0.02513,126207.67374,18
1790630400,0.02509,0.02509,0.02501,0.02501,0.02504,8159.91072,2
1790630700,0.02501,0.02521,0.02501,0.0252,0.02515,48972.47427,10
1790631000,0.0252,0.0252,0.0252,0.0252,0.00000,0.0,0
1790631300,0.02526,0.02527,0.02526,0.02526,0.02526,28100.75608,4
1790631600,0.02496,0.02503,0.02496,0.02498,0.02499,84926.65345,18
1790631900,0.02481,0.02485,0.02481,0.02483,0.02483,19083.98741,3
1790632200,0.02476,0.02476,0.02437,0.0246,0.02460,721696.99737,83
1790632500,0.02461,0.02462,0.02451,0.02451,0.02455,148168.51323,14
1790632800,0.02454,0.02467,0.02454,0.02467,0.02459,81221.07353,6
1790633100,0.02455,0.02455,0.02425,0.02449,0.02440,561565.33183,53
1790633400,0.02449,0.02451,0.02445,0.02445,0.02448,82411.17807,15
1790633700,0.02445,0.0245,0.02442,0.02448,0.02446,41248.55224,10
1790634000,0.02447,0.02451,0.02444,0.02447,0.02447,78119.48577,15
1790634300,0.02448,0.02449,0.02448,0.02449,0.02448,7530.76801,2
1790634600,0.02448,0.02465,0.02448,0.02465,0.02461,27350.2835,6
1790634900,0.02467,0.02493,0.02467,0.02493,0.02481,23207.93596,11
1790635200,0.02495,0.02498,0.02495,0.02498,0.02496,14209.2058,4
1790635500,0.02502,0.02516,0.02497,0.02498,0.02506,291107.36901,56
1790635800,0.02498,0.02502,0.02498,0.025,0.02500,23126.46363,7
1790636100,0.02494,0.02494,0.02483,0.02486,0.02490,155352.57597,36
1790636400,0.02485,0.02493,0.02484,0.02493,0.02486,65714.24518,13
1790636700,0.02496,0.02508,0.02496,0.02508,0.02500,53922.47951,12
1790637000,0.02502,0.02517,0.02502,0.02505,0.02511,79083.29782,27
1790637300,0.02515,0.02525,0.02515,0.0252,0.02522,54942.64823,16
1790637600,0.0252,0.0252,0.0252,0.0252,0.02520,10691.04093,2
1790637900,0.02528,0.02532,0.02528,0.02532,0.02530,30946.18399,10
1790638200,0.02535,0.02535,0.02529,0.02529,0.02534,6098.9127,3
1790638500,0.02526,0.0253,0.02526,0.0253,0.02529,8643.3138,3
1790638800,0.02535,0.02535,0.02534,0.02534,0.02534,18755.28217,3
1790639100,0.02534,0.02534,0.02534,0.02534,0.00000,0.0,0
1790639400,0.02521,0.02521,0.02519,0.02519,0.02520,9170.2519,3
1790639700,0.02519,0.02519,0.02512,0.02512,0.02518,34570.2162,4
1790640000,0.02518,0.02518,0.02496,0.02504,0.02505,42443.1345,11
1790640300,0.025,0.02501,0.025,0.02501,0.02500,7933.096,4
1790640600,0.02495,0.02503,0.02495,0.02496,0.02496,12828.6709,6
1790640900,0.0249,0.02491,0.02489,0.02491,0.02490,3197.4608,3
1790641200,0.02491,0.02491,0.0248,0.0248,0.02480,7450.01743,3
1790641500,0.02487,0.02487,0.02479,0.02481,0.02484,41848.20546,10
1790641800,0.02483,0.02495,0.02483,0.02494,0.02493,37522.06508,10
1790642100,0.02495,0.02499,0.02495,0.02495,0.02495,5670.3924,4
1790642400,0.02493,0.02494,0.02493,0.02494,0.02493,15013.8076,5
1790642700,0.02488,0.0249,0.02474,0.02475,0.02484,72833.78433,18
1790643000,0.02473,0.02473,0.02473,0.02473,0.02473,8789.707,2
1790643300,0.02481,0.02481,0.02472,0.02472,0.02476,751.48019,2
1790643600,0.02474,0.02487,0.02474,0.02487,0.02484,3149.659,3
1790643900,0.02473,0.02473,0.02462,0.02462,0.02463,12769.59916,4
1790644200,0.0245,0.02455,0.02446,0.02455,0.02448,76804.04181,16
1790644500,0.02452,0.02452,0.02444,0.02445,0.02446,35879.28999,16
1790644800,0.02447,0.02458,0.0243,0.02455,0.02442,127896.85472,38
1790645100,0.02454,0.02454,0.02435,0.02435,0.02446,21395.35762,8
1790645400,0.0243,0.02435,0.0238,0.02394,0.02400,902248.95999,176
1790645700,0.02392,0.024,0.02388,0.02397,0.02392,26262.73683,13
1790646000,0.02386,0.02414,0.02381,0.02403,0.02398,43987.3553,18
1790646300,0.02427,0.02427,0.02416,0.02418,0.02421,121537.03585,25
1790646600,0.02413,0.02423,0.02411,0.02421,0.02412,6485.1537,4
1790646900,0.02412,0.02414,0.02408,0.02414,0.02411,40848.33289,7
1790647200,0.02412,0.02416,0.02401,0.02401,0.02413,6660.0291,3
1790647500,0.0241,0.0241,0.02396,0.02396,0.02402,20168.35862,7
1790647800,0.02397,0.02397,0.02372,0.02392,0.02385,165944.90677,37
1790648100,0.024,0.024,0.02387,0.02392,0.02391,173519.11427,27
1790648400,0.02395,0.02395,0.02376,0.0239,0.02387,20309.1852,7
1790648700,0.02388,0.02388,0.0238,0.0238,0.02382,21675.8804,5
1790649000,0.02382,0.02383,0.02371,0.02371,0.02379,46565.10053,19
1790649300,0.02376,0.02379,0.02376,0.02379,0.02378,5184.6679,2
1790649600,0.0238,0.02386,0.0238,0.02382,0.02382,8387.5753,3
1790649900,0.02399,0.02399,0.02394,0.02396,0.02397,27678.1954,7
1790650200,0.02395,0.02399,0.02386,0.02386,0.02388,56837.08496,16
1790650500,0.02386,0.0239,0.02386,0.0239,0.02387,38762.56597,11
1790650800,0.02401,0.02408,0.02392,0.02392,0.02403,36643.40632,11
1790651100,0.02395,0.02395,0.02387,0.02387,0.02387,9090.5114,2
1790651400,0.02386,0.02386,0.02385,0.02386,0.02385,113485.84968,14
1790651700,0.02374,0.02387,0.0236,0.02373,0.02370,211724.53079,47
1790652000,0.02378,0.02382,0.02378,0.02382,0.02380,806.8358,2
1790652300,0.02392,0.02396,0.0239,0.02396,0.02392,39898.6123,14
1790652600,0.02405,0.0241,0.02405,0.02406,0.02408,21066.28514,4
1790652900,0.02409,0.02409,0.02408,0.02408,0.02408,8587.8328,4
1790653200,0.02409,0.02419,0.02409,0.02417,0.02415,24497.44781,5
1790653500,0.02414,0.02415,0.02414,0.02415,0.02414,12773.38971,3
1790653800,0.02416,0.02416,0.02416,0.02416,0.02416,1210.2537,1
1790654100,0.024,0.02401,0.02379,0.02385,0.02390,63219.12837,15
1790654400,0.02389,0.02395,0.02389,0.02395,0.02390,17073.49891,6
1790654700,0.02392,0.02408,0.02392,0.02408,0.02400,19925.45371,4
1790655000,0.02419,0.02419,0.02417,0.02417,0.02417,18563.6815,2
1790655300,0.02418,0.02422,0.02418,0.02418,0.02420,5569.6595,5
1790655600,0.02414,0.02414,0.02414,0.02414,0.02414,10824.79848,1
1790655900,0.02408,0.02408,0.02406,0.02406,0.02406,6446.9663,3
1790656200,0.02398,0.02398,0.02394,0.02394,0.02397,9090.25168,3
1790656500,0.02393,0.02399,0.02389,0.02399,0.02393,68115.31374,13
1790656800,0.02397,0.02399,0.02394,0.02399,0.02395,35336.94666,8
1790657100,0.02398,0.02398,0.02385,0.02385,0.02393,11381.17084,6
1790657400,0.02396,0.02405,0.02396,0.02405,0.02402,10548.40409,2
1790657700,0.02406,0.02406,0.02405,0.02405,0.02405,8506.3549,5
1790658000,0.02408,0.02415,0.02408,0.02415,0.02411,21073.98692,4
1790658300,0.02403,0.02405,0.02403,0.02405,0.02404,2628.88959,2
1790658600,0.02417,0.02418,0.02416,0.02418,0.02416,11344.34338,5
1790658900,0.0242,0.0242,0.0242,0.0242,0.02420,5591.1041,1
1790659200,0.02424,0.02427,0.02424,0.02426,0.02424,27912.54485,7
1790659500,0.02428,0.02433,0.02426,0.02426,0.02427,34022.72113,10
1790659800,0.02412,0.02412,0.024,0.024,0.02406,34406.71582,7
1790660100,0.02389,0.02389,0.02383,0.02386,0.02387,7751.21472,6
1790660400,0.02408,0.02408,0.02408,0.02408,0.02408,6173.1169,1
1790660700,0.02413,0.02413,0.02406,0.02411,0.02409,34903.67907,8
1790661000,0.02419,0.02427,0.02419,0.02427,0.02422,19943.37444,4
1790661300,0.02428,0.02428,0.02417,0.02417,0.02422,37327.95778,12
1790661600,0.02417,0.02418,0.02409,0.02413,0.02413,57981.35298,17
1790661900,0.02417,0.02436,0.02417,0.02436,0.02433,108420.40997,9
1790662200,0.02436,0.02439,0.02434,0.02434,0.02438,495688.60536,137
1790662500,0.02421,0.02421,0.02417,0.02417,0.02418,1210.2537,2
1790662800,0.02433,0.02433,0.0243,0.0243,0.02431,4781.25,2
1790663100,0.02429,0.02434,0.02424,0.02426,0.02427,177479.44132,27
1790663400,0.02426,0.02441,0.02426,0.02428,0.02429,256519.19762,67
1790663700,0.02428,0.02436,0.02425,0.02433,0.02429,68641.899,19
1790664000,0.02432,0.02441,0.02432,0.02441,0.02435,28419.80258,9
1790664300,0.02437,0.02442,0.02437,0.02442,0.02440,14200.70138,6
1790664600,0.02436,0.02476,0.02436,0.02476,0.02455,177669.84819,50
1790664900,0.02482,0.02493,0.02479,0.02493,0.02486,78721.25467,15
1790665200,0.02481,0.02496,0.02481,0.02496,0.02489,70027.9438,25
1790665500,0.02495,0.02502,0.02493,0.02499,0.02496,22272.06281,9
1790665800,0.02495,0.02507,0.02495,0.02506,0.02501,16972.2077,9
1790666100,0.02505,0.02509,0.025,0.02502,0.02502,14019.6815,8
1790666400,0.02501,0.02501,0.02501,0.02501,0.02501,4922.1208,2
1790666700,0.025,0.02504,0.025,0.02504,0.02503,5184.6679,2
1790667000,0.02517,0.02523,0.02517,0.02523,0.02517,19053.95384,4
1790667300,0.02521,0.02532,0.02521,0.02532,0.02526,18314.88866,9
1790667600,0.02528,0.0253,0.02528,0.0253,0.02528,8943.71861,3
1790667900,0.02529,0.02529,0.02523,0.02523,0.02524,12101.97733,4
1790668200,0.02526,0.02526,0.02525,0.02525,0.02525,3522.1144,4
1790668500,0.02515,0.02521,0.02515,0.02519,0.02516,43780.63147,9
1790668800,0.02525,0.02525,0.02519,0.0252,0.02521,14905.84531,4
1790669100,0.02511,0.02513,0.0251,0.02513,0.02512,8126.2827,4
1790669400,0.02517,0.0252,0.02511,0.02513,0.02515,104969.38899,26
1790669700,0.02513,0.02518,0.02509,0.02509,0.02513,13428.80988,7
1790670000,0.0251,0.02512,0.02506,0.02506,0.02509,19551.91351,6
1790670300,0.02506,0.02506,0.02506,0.02506,0.02506,3186.39765,2
1790670600,0.025,0.025,0.0249,0.0249,0.02497,39182.09091,15
1790670900,0.02492,0.02492,0.02483,0.02484,0.02489,16696.2888,5
1790671200,0.02484,0.02484,0.02479,0.0248,0.02482,5700.09769,4
1790671500,0.0248,0.0248,0.0248,0.0248,0.02480,7171.875,1
1790671800,0.02486,0.02492,0.02486,0.02487,0.02487,24464.15636,8
1790672100,0.02491,0.02491,0.02491,0.02491,0.02491,5325.5387,2
1790672400,0.02493,0.02508,0.02493,0.02501,0.02503,70880.14594,23
1790672700,0.02508,0.02513,0.02505,0.02505,0.02508,54531.17427,9
1790673000,0.02505,0.02505,0.02505,0.02505,0.02505,7209.4301,2
1790673300,0.02503,0.02515,0.02503,0.02515,0.02509,29806.36154,6
1790673600,0.02516,0.02518,0.02513,0.02513,0.02515,53492.22444,12
1790673900,0.02516,0.02519,0.02514,0.02519,0.02516,24709.43968,4
1790674200,0.02519,0.02519,0.02519,0.02519,0.00000,0.0,0
1790674500,0.02527,0.02534,0.02527,0.02534,0.02527,6522.4508,3
1790674800,0.02537,0.02541,0.02536,0.02541,0.02538,151179.28848,16
1790675100,0.02547,0.02566,0.02547,0.02566,0.02558,211487.3622,14
1790675400,0.02569,0.02573,0.02567,0.02573,0.02569,248743.73789,36
1790675700,0.02579,0.02583,0.0256,0.0256,0.02571,141331.7805,30
1790676000,0.02559,0.02559,0.02546,0.02546,0.02548,47176.59635,14
1790676300,0.02557,0.02557,0.02554,0.02554,0.02555,41780.40849,5
1790676600,0.02553,0.02553,0.02552,0.02552,0.02552,5333.23866,4
1790676900,0.02553,0.02553,0.02552,0.02552,0.02552,1617.19852,3
1790677200,0.02549,0.02549,0.02543,0.02543,0.02548,15581.9016,3
1790677500,0.0255,0.02553,0.0255,0.02551,0.02551,18620.52583,6
1790677800,0.02552,0.02554,0.02552,0.02554,0.02552,7210.92755,2
1790678100,0.02553,0.02554,0.02548,0.02548,0.02552,18504.76947,5
1790678400,0.02547,0.02547,0.02546,0.02546,0.02546,17308.46953,8
1790678700,0.02558,0.02559,0.02557,0.02559,0.02558,3469.87667,5
1790679000,0.02558,0.02559,0.02558,0.02559,0.02558,14705.77113,3
1790679300,0.02559,0.02559,0.02559,0.02559,0.00000,0.0,0
1790679600,0.02548,0.02548,0.02534,0.02534,0.02543,20026.78979,11
1790679900,0.02537,0.02544,0.02536,0.02536,0.02539,40922.57516,9
1790680200,0.0253,0.0253,0.02529,0.02529,0.02529,603.4179,2
1790680500,0.02534,0.02534,0.02534,0.02534,0.02534,403.4179,1
1790680800,0.02534,0.02534,0.02534,0.02534,0.00000,0.0,0
1790681100,0.02535,0.02537,0.02535,0.02536,0.02536,15829.79454,5
1790681400,0.02537,0.02546,0.02537,0.02546,0.02540,665.1486,2
1790681700,0.02557,0.02557,0.02549,0.02551,0.02552,25523.75167,4
1790682000,0.02548,0.02548,0.02542,0.02542,0.02546,38012.87481,9
1790682300,0.0255,0.02559,0.02548,0.02548,0.02552,112238.23625,19
1790682600,0.02558,0.0256,0.02552,0.02553,0.02554,23062.65612,10
1790682900,0.02558,0.0256,0.02555,0.02555,0.02559,13863.78394,5
1790683200,0.02551,0.02564,0.02543,0.02564,0.02553,88928.69899,26
1790683500,0.02558,0.02576,0.02558,0.02568,0.02567,70255.51897,21
1790683800,0.02569,0.02569,0.02569,0.02569,0.02569,7481.3685,1
1790684100,0.02579,0.02579,0.02577,0.02577,0.02577,10530.893,4
1790684400,0.02571,0.02571,0.02562,0.02562,0.02566,56124.09737,13
1790684700,0.02562,0.02562,0.02562,0.02562,0.00000,0.0,0
1790685000,0.02564,0.02566,0.02559,0.02566,0.02562,25633.81762,8
1790685300,0.02569,0.02569,0.02568,0.02568,0.02568,4781.25,2
1790685600,0.02565,0.02581,0.02565,0.02579,0.02571,29110.48519,7
1790685900,0.0258,0.0258,0.02561,0.02572,0.02570,48375.81842,15
1790686200,0.02577,0.02577,0.02574,0.02574,0.02574,14980.83397,4
1790686500,0.02575,0.02575,0.02575,0.02575,0.02575,10283.2317,3
1790686800,0.02574,0.02576,0.02567,0.02575,0.02574,42649.65147,17
1790687100,0.02577,0.02577,0.02568,0.02568,0.02572,23067.51852,10
1790687400,0.02574,0.02574,0.02548,0.02553,0.02557,46621.19646,13
1790687700,0.02545,0.02553,0.02545,0.02553,0.02551,34683.0992,8
1790688000,0.02545,0.02545,0.02529,0.02533,0.02535,258888.36344,59
1790688300,0.02544,0.02544,0.02542,0.02542,0.02542,19812.97108,6
1790688600,0.02532,0.02532,0.0252,0.0252,0.02526,24749.95192,9
1790688900,0.02524,0.02533,0.02519,0.0253,0.02520,25738.53546,7
1790689200,0.0253,0.02533,0.02528,0.02528,0.02529,33757.5151,13
1790689500,0.02529,0.02529,0.02522,0.02527,0.02526,22356.66516,5
1790689800,0.02526,0.02534,0.02526,0.02534,0.02529,60329.8645,11
1790690100,0.02537,0.02537,0.02534,0.02534,0.02535,17144.14785,5
1790690400,0.02533,0.02533,0.0251,0.02513,0.02515,41176.84633,12
1790690700,0.02513,0.02513,0.02493,0.02497,0.02499,105189.27661,35
1790691000,0.02497,0.02499,0.02491,0.02499,0.02496,67373.02509,25
1790691300,0.02498,0.02518,0.02493,0.02518,0.02510,20401.733,11
1790691600,0.02517,0.02517,0.02509,0.02512,0.02511,46493.7866,20
1790691900,0.02529,0.02535,0.02524,0.02533,0.02531,69166.43332,18
1790692200,0.0254,0.02545,0.0254,0.02545,0.02542,128483.03,20
1790692500,0.0254,0.02544,0.02534,0.02542,0.02542,77772.47877,13
1790692800,0.02545,0.02545,0.02539,0.02539,0.02542,18539.0099,5
1790693100,0.02549,0.02549,0.02541,0.02541,0.02544,32799.78417,8
1790693400,0.02529,0.0253,0.02519,0.02521,0.02523,150364.28758,36
1790693700,0.02526,0.02528,0.02524,0.02526,0.02525,62466.56195,18
1790694000,0.02511,0.02518,0.02503,0.02503,0.02513,22736.33075,10
1790694300,0.02498,0.02503,0.02495,0.02499,0.02498,22026.46108,11
1790694600,0.02516,0.02516,0.0247,0.02476,0.02477,165643.71233,48
1790694900,0.02482,0.02485,0.02469,0.02469,0.02478,31152.8037,11
1790695200,0.0247,0.02475,0.0247,0.0247,0.02472,45880.09834,9
1790695500,0.02468,0.02475,0.02462,0.02475,0.02468,102006.87969,28
1790695800,0.02477,0.02485,0.02477,0.02479,0.02479,53842.31056,15
1790696100,0.02481,0.02488,0.0248,0.02485,0.02483,19432.5296,8
1790696400,0.02488,0.02489,0.02468,0.02468,0.02482,25135.68218,6
1790696700,0.02471,0.02471,0.02454,0.02462,0.02460,26246.6759,15
1790697000,0.02468,0.02468,0.02433,0.02433,0.02449,311334.04458,58
1790697300,0.02441,0.02442,0.0241,0.02423,0.02427,131132.98964,29
1790697600,0.02425,0.02443,0.02414,0.02423,0.02424,730996.1386,79
1790697900,0.02423,0.02434,0.02421,0.02429,0.02426,296465.08906,53
1790698200,0.02431,0.02438,0.02426,0.02426,0.02431,146940.41438,28
1790698500,0.0243,0.02441,0.02427,0.02441,0.02438,1094904.13736,85
1790698800,0.02441,0.02444,0.02427,0.02428,0.02436,267683.20192,49
1790699100,0.02416,0.02418,0.02416,0.02418,0.02416,6403.4179,2
1790699400,0.02425,0.02427,0.02421,0.02422,0.02424,33031.64649,13
1790699700,0.02428,0.0243,0.0242,0.0242,0.02427,49437.33297,7
1790700000,0.02415,0.02415,0.02402,0.02402,0.02404,5782.3717,6
1790700300,0.02399,0.024,0.02391,0.02394,0.02398,259607.64856,42
1790700600,0.02396,0.02405,0.02391,0.02392,0.02392,217878.77571,39
1790700900,0.0239,0.02395,0.0239,0.02395,0.02392,22823.54152,10
1790701200,0.02398,0.02402,0.02396,0.024,0.02396,8163.583,7
1790701500,0.02398,0.02398,0.02379,0.02398,0.02393,148902.66514,31
1790701800,0.02393,0.02393,0.02384,0.02388,0.02388,70681.75226,23
1790702100,0.02386,0.02386,0.02382,0.02386,0.02384,5626.1103,6
1790702400,0.0239,0.02392,0.0238,0.02392,0.02390,8207.6223,6
1790702700,0.0239,0.0239,0.0239,0.0239,0.02390,2943.6332,3
1790703000,0.02395,0.02399,0.02391,0.02399,0.02397,5199.8228,4
1790703300,0.02396,0.02396,0.02394,0.02395,0.02394,17348.69858,5
1790703600,0.02399,0.02403,0.02399,0.02402,0.02402,11386.8945,5
1790703900,0.02401,0.02401,0.02396,0.02398,0.02399,35934.34672,10
1790704200,0.0239,0.02395,0.02389,0.02395,0.02389,12806.8358,7
1790704500,0.02396,0.02399,0.02386,0.02399,0.02393,67352.46821,25
1790704800,0.02405,0.02418,0.02405,0.02418,0.02411,42091.45496,16
1790705100,0.02424,0.02424,0.02418,0.02418,0.02423,9400.9453,3
1790705400,0.02423,0.02423,0.02422,0.02422,0.02422,11534.34798,3
1790705700,0.02434,0.02436,0.02433,0.02433,0.02434,11044.7798,6
1790706000,0.0244,0.02443,0.0244,0.02443,0.02442,19917.338,8
1790706300,0.02438,0.02438,0.02438,0.02438,0.02438,2577.7195,3
1790706600,0.02439,0.0244,0.02438,0.02438,0.02438,16604.70758,8
1790706900,0.02441,0.02443,0.0244,0.02443,0.02440,7978.7108,5
1790707200,0.02449,0.02453,0.02449,0.02453,0.02449,12356.5429,3
1790707500,0.02448,0.02448,0.02429,0.02442,0.02437,227201.4396,41
1790707800,0.02447,0.02447,0.02446,0.02446,0.02446,7636.50492,2
1790708100,0.02449,0.02449,0.02449,0.02449,0.02449,7887.63326,1
1790708400,0.02453,0.02453,0.02453,0.02453,0.02453,1173.2445,1
1790708700,0.02457,0.0246,0.02457,0.02457,0.02457,9217.05088,3
1790709000,0.02447,0.02448,0.02447,0.02448,0.02447,10656.62979,2
1790709300,0.02452,0.02452,0.02452,0.02452,0.02452,27311.21445,2
1790709600,0.0245,0.0245,0.02448,0.02448,0.02449,11063.2436,4
1790709900,0.02452,0.02452,0.0245,0.0245,0.02450,4806.8358,3
1790710200,0.02447,0.0245,0.02447,0.02447,0.02447,27920.77056,8
1790710500,0.02441,0.02441,0.02441,0.02441,0.02441,7257.7636,2
1790710800,0.02439,0.02439,0.0239,0.0239,0.02419,192720.13827,56
1790711100,0.02379,0.02379,0.02363,0.02369,0.02370,76651.12695,27
1790711400,0.02368,0.02368,0.02363,0.02366,0.02365,21588.52893,8
1790711700,0.02374,0.02379,0.02371,0.02377,0.02374,57193.8286,16
1790712000,0.02377,0.0238,0.02368,0.02378,0.02375,64254.12262,17
1790712300,0.02379,0.02396,0.02379,0.02395,0.02389,33482.94232,8
1790712600,0.02385,0.0239,0.02383,0.0239,0.02384,20958.37401,4
1790712900,0.02387,0.02395,0.02387,0.02395,0.02390,26934.88347,9
1790713200,0.02406,0.02406,0.02398,0.02403,0.02402,21125.38205,7
1790713500,0.02405,0.02413,0.02405,0.02406,0.02409,15963.2831,5
1790713800,0.02403,0.02409,0.02403,0.02409,0.02404,30646.34347,6
1790714100,0.02401,0.02401,0.02401,0.02401,0.02401,7345.2079,3
1790714400,0.02405,0.02405,0.02405,0.02405,0.02405,9332.415,3
1790714700,0.02399,0.02407,0.02399,0.02407,0.02401,9562.5,4
1790715000,0.02406,0.0241,0.02406,0.02406,0.02407,69275.90295,13
1790715300,0.02403,0.02407,0.02403,0.02407,0.02404,20740.1587,6
1790715600,0.02399,0.02399,0.02386,0.02387,0.02388,29704.34937,5
1790715900,0.02395,0.02408,0.02395,0.02408,0.02400,66386.28456,15
1790716200,0.02394,0.02395,0.02394,0.02395,0.02394,7871.5197,4
1790716500,0.02397,0.02397,0.02386,0.02386,0.02395,10872.5393,4
1790716800,0.02385,0.02385,0.02384,0.02385,0.02384,20433.09439,4
1790717100,0.02385,0.02385,0.02385,0.02385,0.00000,0.0,0
1790717400,0.02382,0.02385,0.02382,0.02385,0.02383,28145.91194,4
1790717700,0.02385,0.02385,0.02385,0.02385,0.00000,0.0,0
1790718000,0.02385,0.02385,0.02385,0.02385,0.00000,0.0,0
1790718300,0.02385,0.02385,0.02385,0.02385,0.00000,0.0,0
1790718600,0.02385,0.02385,0.02385,0.02385,0.00000,0.0,0
1790718900,0.02385,0.02385,0.02385,0.02385,0.00000,0.0,0
1790719200,0.02385,0.02385,0.02385,0.02385,0.00000,0.0,0
1790719500,0.02385,0.02385,0.02385,0.02385,0.00000,0.0,0
1790719800,0.02383,0.02383,0.02382,0.02382,0.02382,6668.1406,4
1790720100,0.02385,0.02386,0.02376,0.02386,0.02381,36540.5833,11
1790720400,0.0238,0.0239,0.0238,0.0239,0.02387,273660.18301,10
1790720700,0.02391,0.02391,0.02391,0.02391,0.02391,6074.7275,2
1790721000,0.02384,0.02384,0.02384,0.02384,0.02384,6629.3312,2
1790721300,0.02393,0.024,0.02393,0.02394,0.02395,164919.38717,14
1790721600,0.02394,0.02394,0.02394,0.02394,0.00000,0.0,0
1790721900,0.02398,0.02398,0.02393,0.02394,0.02395,39096.9573,10
1790722200,0.02394,0.02394,0.02394,0.02394,0.00000,0.0,0
1790722500,0.02392,0.02392,0.02391,0.02391,0.02391,10831.4334,2
1790722800,0.02393,0.02397,0.02391,0.02397,0.02393,24910.1462,6
1790723100,0.02405,0.02408,0.02403,0.02403,0.02405,32300.7426,6
1790723400,0.02401,0.02401,0.02401,0.02401,0.02401,7792.9603,1
1790723700,0.024,0.024,0.02396,0.02396,0.02398,12298.3833,4
1790724000,0.02396,0.02396,0.02396,0.02396,0.00000,0.0,0
1790724300,0.02396,0.02396,0.02396,0.02396,0.00000,0.0,0
1790724600,0.02381,0.02382,0.02381,0.02381,0.02381,36464.7374,11
1790724900,0.02379,0.02381,0.02375,0.02376,0.02376,23186.9935,6
1790725200,0.02379,0.02379,0.02344,0.02348,0.02355,694209.43115,108
1790725500,0.02354,0.02362,0.02354,0.02362,0.02357,30277.8745,9
1790725800,0.02363,0.02364,0.02363,0.02363,0.02363,30501.5503,6
1790726100,0.02364,0.02364,0.02364,0.02364,0.02364,19023.68148,3
1790726400,0.02373,0.02379,0.0237,0.0237,0.02375,54698.35523,13
1790726700,0.0237,0.0237,0.02354,0.02354,0.02366,24142.5551,5
1790727000,0.02349,0.02349,0.02347,0.02347,0.02347,13645.4565,5
1790727300,0.0235,0.0235,0.02347,0.02347,0.02348,12931.3067,3
1790727600,0.02346,0.02346,0.02344,0.02344,0.02345,12924.0766,4
1790727900,0.02343,0.02348,0.02343,0.02348,0.02347,5392.65982,2
1790728200,0.02357,0.0236,0.02357,0.0236,0.02358,16816.737,3
1790728500,0.02359,0.0236,0.0235,0.0236,0.02356,31027.013,9
1790728800,0.02359,0.02362,0.02359,0.02362,0.02360,16478.0232,2
1790729100,0.02364,0.02382,0.02363,0.02373,0.02375,121614.43269,25
1790729400,0.02375,0.02375,0.02374,0.02374,0.02374,10719.5359,2
1790729700,0.02374,0.02374,0.02374,0.02374,0.00000,0.0,0
1790730000,0.0239,0.02394,0.0239,0.02393,0.02392,16554.3074,7
1790730300,0.02396,0.02396,0.02393,0.02393,0.02394,16539.1803,4
1790730600,0.02386,0.02394,0.02386,0.02394,0.02390,14007.9303,3
1790730900,0.02394,0.02394,0.02394,0.02394,0.00000,0.0,0
1790731200,0.02386,0.02386,0.02386,0.02386,0.02386,5062.5,1
1790731500,0.02389,0.02389,0.02389,0.02389,0.02389,2531.25,1
1790731800,0.02385,0.02389,0.02385,0.02389,0.02387,22818.7239,6
1790732100,0.0238,0.02381,0.0238,0.02381,0.02380,12311.89992,3
1790732400,0.02385,0.02385,0.02385,0.02385,0.02385,2531.25,1
1790732700,0.02384,0.02384,0.02384,0.02384,0.02384,12038.1135,2
1790733000,0.02384,0.02384,0.02384,0.02384,0.00000,0.0,0
1790733300,0.02379,0.02379,0.02379,0.02379,0.02379,1087.0623,1
1790733600,0.02376,0.02387,0.02376,0.02387,0.02381,37729.3352,7
1790733900,0.02389,0.024,0.02389,0.02391,0.02395,45355.96682,11
1790734200,0.02391,0.02391,0.02391,0.02391,0.00000,0.0,0
1790734500,0.02384,0.02384,0.02384,0.02384,0.02384,7728.9743,1
1790734800,0.0238,0.02394,0.0238,0.02392,0.02390,22285.0679,8
1790735100,0.02379,0.02381,0.02379,0.0238,0.02379,26628.32438,8
1790735400,0.02378,0.02378,0.02374,0.02374,0.02377,33230.92675,3
1790735700,0.02369,0.02374,0.02369,0.02374,0.02371,10125.0,3
1790736000,0.0238,0.02382,0.0238,0.02382,0.02380,18524.86852,4
1790736300,0.02387,0.02387,0.02384,0.02384,0.02384,11589.2249,3
1790736600,0.0238,0.02382,0.0238,0.02382,0.02381,15666.4308,3
1790736900,0.0238,0.0238,0.0238,0.0238,0.02380,9896.9388,3
1790737200,0.02378,0.02378,0.02378,0.02378,0.02378,1365.1349,1
1790737500,0.02367,0.02367,0.02367,0.02367,0.02367,3375.0,1
1790737800,0.02361,0.02361,0.02361,0.02361,0.02361,8138.4075,1
1790738100,0.02361,0.02361,0.02361,0.02361,0.00000,0.0,0
1790738400,0.02347,0.02352,0.02347,0.02352,0.02350,16421.8985,4
1790738700,0.0235,0.0235,0.0235,0.0235,0.02350,9087.0439,1
1790739000,0.0235,0.0235,0.0235,0.0235,0.00000,0.0,0
1790739300,0.02354,0.02354,0.02351,0.02351,0.02352,14485.1498,3
1790739600,0.02351,0.02351,0.02351,0.02351,0.00000,0.0,0
1790739900,0.02348,0.02348,0.02348,0.02348,0.02348,7561.5873,1
1790740200,0.0235,0.0235,0.02346,0.02346,0.02347,17129.6866,2
1790740500,0.02346,0.02346,0.02346,0.02346,0.02346,10679.0216,1
1790740800,0.02344,0.02351,0.02344,0.02349,0.02347,34720.93601,8
1790741100,0.02352,0.02352,0.0234,0.0234,0.02346,18680.872,4
1790741400,0.02343,0.02343,0.02343,0.02343,0.02343,812.0547,1
1790741700,0.02359,0.02359,0.02358,0.02358,0.02358,13500.0,2
1790742000,0.02358,0.02358,0.02358,0.02358,0.02358,8016.8218,1
1790742300,0.02363,0.02363,0.02363,0.02363,0.02363,10303.4215,3
1790742600,0.02363,0.02363,0.02363,0.02363,0.00000,0.0,0
1790742900,0.02353,0.02357,0.02352,0.02357,0.02355,31117.52822,4
1790743200,0.02359,0.02359,0.02359,0.02359,0.02359,8796.2206,1
1790743500,0.02359,0.02359,0.02359,0.02359,0.00000,0.0,0
1790743800,0.02356,0.02356,0.02356,0.02356,0.02356,10764.8898,1
1790744100,0.02353,0.02353,0.02353,0.02353,0.02353,12834.30776,2
1790744400,0.02355,0.02364,0.02355,0.02364,0.02362,16915.80067,5
1790744700,0.02351,0.02351,0.02351,0.02351,0.02351,11073.3981,1
1790745000,0.02351,0.02351,0.02351,0.02351,0.02351,20216.63746,8
1790745300,0.02347,0.02352,0.02347,0.02352,0.02349,22845.2823,6
1790745600,0.02352,0.02356,0.02352,0.02356,0.02354,19099.76875,3
1790745900,0.0236,0.02364,0.0236,0.02364,0.02362,17672.8488,3
1790746200,0.02364,0.02375,0.02363,0.02375,0.02369,28597.805,8
1790746500,0.02375,0.02377,0.02375,0.02377,0.02376,35056.94334,8
1790746800,0.02372,0.02378,0.02372,0.02378,0.02374,16867.8301,3
1790747100,0.02378,0.02378,0.02378,0.02378,0.00000,0.0,0
1790747400,0.02368,0.02368,0.02367,0.02367,0.02367,10387.5,3
1790747700,0.02357,0.02358,0.02357,0.02358,0.02357,13858.98149,6
1790748000,0.02358,0.02358,0.02358,0.02358,0.00000,0.0,0
1790748300,0.02359,0.02359,0.02359,0.02359,0.02359,8210.3209,1
1790748600,0.02355,0.02355,0.02347,0.02352,0.02350,37104.53836,6
1790748900,0.0236,0.0236,0.0236,0.0236,0.02360,11480.2127,4
1790749200,0.02359,0.02359,0.02356,0.02356,0.02357,8754.3141,2
1790749500,0.02348,0.02348,0.02346,0.02346,0.02346,28406.823,5
1790749800,0.02346,0.02346,0.02346,0.02346,0.02346,10998.54923,1
1790750100,0.02344,0.02344,0.02341,0.02341,0.02342,17963.5134,4
1790750400,0.02341,0.02346,0.02341,0.02346,0.02342,31230.87296,2
1790750700,0.02339,0.0234,0.02339,0.0234,0.02339,18733.88529,4
1790751000,0.0234,0.02352,0.0234,0.02352,0.02349,59773.81393,14
1790751300,0.02362,0.02362,0.02351,0.02351,0.02359,37338.01595,3
1790751600,0.02356,0.02364,0.02356,0.02358,0.02358,13180.5777,4
1790751900,0.02358,0.02358,0.02358,0.02358,0.00000,0.0,0
1790752200,0.0235,0.0235,0.02338,0.02338,0.02346,13265.7169,3
1790752500,0.02338,0.02338,0.02338,0.02338,0.02338,9271.92713,1
1790752800,0.02362,0.02362,0.02358,0.02358,0.02360,21556.0155,2
1790753100,0.02362,0.02362,0.02355,0.02357,0.02357,28181.0155,6
1790753400,0.02355,0.02376,0.02355,0.02376,0.02359,149842.221,15
1790753700,0.02376,0.02383,0.02376,0.0238,0.02379,34387.23548,7
1790754000,0.02382,0.02383,0.02381,0.02382,0.02382,40870.1378,8
1790754300,0.02385,0.0239,0.02381,0.02381,0.02384,61360.83126,9
1790754600,0.02391,0.02413,0.0239,0.02404,0.02399,144176.34846,28
1790754900,0.02404,0.02404,0.02394,0.02396,0.02398,63892.41983,10
1790755200,0.02402,0.02402,0.02394,0.02395,0.02395,31093.6949,8
1790755500,0.024,0.024,0.02384,0.02384,0.02391,38181.0865,9
1790755800,0.0238,0.02381,0.0238,0.02381,0.02380,19977.26245,5
1790756100,0.0238,0.02382,0.0238,0.02382,0.02380,18039.46647,3
1790756400,0.02379,0.02385,0.02379,0.02383,0.02382,56152.0562,5
1790756700,0.02382,0.02382,0.02382,0.02382,0.02382,10993.1149,1
1790757000,0.02375,0.02375,0.02372,0.02374,0.02373,20482.6673,4
1790757300,0.02376,0.02384,0.02375,0.02384,0.02378,40691.3592,8
1790757600,0.02385,0.02385,0.02378,0.02378,0.02382,28659.1544,7
1790757900,0.02372,0.02388,0.02372,0.02388,0.02381,18457.5958,5
1790758200,0.02395,0.02395,0.02372,0.02377,0.02382,63835.73387,9
1790758500,0.02376,0.02376,0.02376,0.02376,0.02376,10842.3033,1
1790758800,0.02377,0.0238,0.02376,0.0238,0.02377,22235.9487,3
1790759100,0.02388,0.02388,0.02388,0.02388,0.02388,9697.3778,3
1790759400,0.02395,0.02396,0.02395,0.02396,0.02395,20677.6222,3
1790759700,0.02398,0.02398,0.02393,0.02393,0.02395,89196.5131,13
1790760000,0.02391,0.02399,0.02391,0.02396,0.02394,61242.5534,8
1790760300,0.02402,0.02402,0.02402,0.02402,0.02402,5187.9074,1
1790760600,0.02406,0.0242,0.02406,0.0242,0.02414,50067.91951,8
1790760900,0.02425,0.02425,0.0242,0.0242,0.02422,33186.6108,4
1790761200,0.02416,0.02419,0.02407,0.02408,0.02410,56182.10544,6
1790761500,0.02409,0.02432,0.02409,0.02424,0.02426,571689.53579,60
1790761800,0.0243,0.02438,0.02426,0.02438,0.02431,164736.47242,13
1790762100,0.02437,0.02458,0.02437,0.02439,0.02448,68722.99659,9
1790762400,0.02444,0.02445,0.02438,0.02438,0.02441,41682.2372,7
1790762700,0.02436,0.0244,0.02436,0.02438,0.02438,24042.22,4
1790554800,0.02504,0.02525,0.02504,0.02522,0.02518,108746.08653,20
1790555100,0.02522,0.02528,0.02516,0.02525,0.02523,138899.86286,24
1790555400,0.02512,0.02512,0.02497,0.02499,0.02504,101388.87944,25
1790555700,0.02496,0.02497,0.02478,0.02478,0.02486,119058.34322,14
1790556000,0.02471,0.02474,0.02466,0.02472,0.02468,60264.81609,13
1790556300,0.02481,0.02504,0.02481,0.02504,0.02493,30822.12721,4
1790556600,0.02508,0.02516,0.02498,0.02498,0.02507,131206.68212,28
1790556900,0.0248,0.0248,0.02468,0.02468,0.02471,39127.72265,8
1790557200,0.02468,0.02468,0.0246,0.0246,0.02462,52914.13576,9
1790557500,0.02462,0.02486,0.02453,0.02473,0.02468,142623.40641,25
1790557800,0.02474,0.02479,0.02466,0.02466,0.02473,75879.42086,17
1790558100,0.02457,0.02465,0.02457,0.02464,0.02461,87936.91267,17
1790558400,0.02477,0.02496,0.02476,0.02485,0.02485,114043.24165,21
1790558700,0.02479,0.0249,0.02476,0.02485,0.02483,78441.0229,12
1790559000,0.02488,0.02488,0.02473,0.02476,0.02478,49936.3419,17
1790559300,0.02468,0.02471,0.02464,0.02468,0.02467,37598.9274,7
1790559600,0.02476,0.02476,0.02458,0.02458,0.02471,39546.5625,8
1790559900,0.02467,0.02469,0.02445,0.02445,0.02460,60696.4606,14
1790560200,0.02445,0.0247,0.02445,0.02466,0.02460,71629.53202,17
1790560500,0.02466,0.02474,0.02448,0.02448,0.02458,100431.2928,16
1790560800,0.0244,0.02444,0.02433,0.02443,0.02438,148222.54441,29
1790561100,0.02451,0.02459,0.02442,0.02455,0.02452,127812.17435,25
1790561400,0.02453,0.02458,0.02443,0.02446,0.02450,179963.781,42
1790561700,0.0244,0.0244,0.0243,0.0243,0.02436,37376.1906,12
1790562000,0.0243,0.02435,0.02423,0.02435,0.02429,61297.34857,12
1790562300,0.02446,0.02459,0.02443,0.02446,0.02451,79197.73919,16
1790562600,0.02436,0.02436,0.02436,0.02436,0.02436,16044.0305,5
1790562900,0.0244,0.02445,0.0243,0.02431,0.02435,67560.45362,10
1790563200,0.02432,0.02439,0.02432,0.02435,0.02434,50427.06101,8
1790563500,0.02433,0.02437,0.02415,0.02417,0.02424,57078.49685,14
1790563800,0.02419,0.02432,0.02417,0.02432,0.02420,24906.7416,5
1790564100,0.02426,0.02427,0.02423,0.02423,0.02424,43379.61009,11
1790564400,0.02422,0.02435,0.0241,0.02415,0.02418,75002.36775,15
1790564700,0.02422,0.02422,0.02415,0.02419,0.02417,26219.9575,9
1790565000,0.02419,0.02419,0.02403,0.02406,0.02407,38339.85514,7
1790565300,0.02406,0.02422,0.02405,0.02418,0.02415,59684.10586,14
1790565600,0.02412,0.02415,0.02401,0.02401,0.02410,33905.7862,8
1790565900,0.024,0.024,0.02391,0.02391,0.02394,98432.84134,20
1790566200,0.02395,0.02398,0.02384,0.02397,0.02392,91039.88573,15
1790566500,0.02396,0.02413,0.02396,0.02413,0.02403,103837.07843,19
1790566800,0.0241,0.02427,0.0241,0.02427,0.02418,14123.9319,3
1790567100,0.02421,0.02425,0.02415,0.02424,0.02420,59842.34849,19
1790567400,0.0242,0.0242,0.02415,0.02415,0.02417,16644.27681,3
1790567700,0.02415,0.02415,0.02411,0.02412,0.02412,36966.70032,5
1790568000,0.02392,0.02392,0.02368,0.02369,0.02381,191080.60617,30
1790568300,0.02376,0.02392,0.02376,0.02386,0.02379,83198.74705,16
1790568600,0.02382,0.02383,0.02381,0.02383,0.02381,16365.5188,6
1790568900,0.02386,0.02399,0.0238,0.02399,0.02390,64444.73374,13
1790569200,0.02404,0.02407,0.02404,0.02407,0.02405,46361.96222,8
1790569500,0.02405,0.02409,0.02402,0.02402,0.02405,30389.21745,7
1790569800,0.02409,0.02409,0.02407,0.02407,0.02408,124013.48957,20
1790570100,0.02407,0.02412,0.02407,0.02412,0.02411,10581.27315,4
1790570400,0.02416,0.0243,0.02415,0.02429,0.02425,98701.81197,13
1790570700,0.02428,0.02449,0.02427,0.02449,0.02440,81993.70711,11
1790571000,0.02455,0.02468,0.02455,0.02461,0.02459,69870.332,11
1790571300,0.02457,0.02466,0.02446,0.02465,0.02460,74718.19586,17
1790571600,0.02463,0.02487,0.02463,0.02466,0.02473,140712.90052,26
1790571900,0.02459,0.02469,0.02459,0.02465,0.02463,72958.94077,15
1790572200,0.02457,0.02457,0.02442,0.02444,0.02444,65808.9741,15
1790572500,0.02447,0.02447,0.02433,0.02433,0.02439,63124.95412,11
1790572800,0.02432,0.02432,0.02423,0.02425,0.02428,122283.66354,19
1790573100,0.02428,0.02433,0.02428,0.02431,0.02430,33666.12133,4
1790573400,0.02429,0.02432,0.02421,0.02421,0.02427,35827.8558,8
1790573700,0.02422,0.02424,0.02418,0.02418,0.02421,66294.32282,10
1790574000,0.02418,0.02451,0.02399,0.02451,0.02422,205778.51912,35
1790574300,0.0246,0.02469,0.02443,0.02443,0.02459,131472.27787,23
1790574600,0.02442,0.02442,0.02433,0.02433,0.02437,27225.1982,6
1790574900,0.02432,0.02441,0.02432,0.02438,0.02437,121414.46808,13
1790575200,0.02433,0.02443,0.02433,0.02443,0.02436,108107.12331,12
1790575500,0.02442,0.02465,0.02442,0.02465,0.02454,134822.81655,18
1790575800,0.02473,0.02481,0.0247,0.02474,0.02475,130568.82009,19
1790576100,0.02466,0.02466,0.02435,0.02435,0.02456,175791.31392,25
1790576400,0.02436,0.02436,0.02391,0.02391,0.02410,228919.38552,30
1790576700,0.02393,0.02406,0.02392,0.024,0.02397,79042.83872,12
1790577000,0.02399,0.02421,0.02391,0.02409,0.02406,151307.60565,19
1790577300,0.02426,0.02428,0.02402,0.02402,0.02411,98615.39144,17
1790577600,0.02408,0.02438,0.02405,0.02423,0.02421,166537.56783,25
1790577900,0.02423,0.02427,0.02416,0.02419,0.02422,114602.01928,13
1790578200,0.02421,0.02441,0.02418,0.02438,0.02427,53300.73362,16
1790578500,0.02435,0.02455,0.02432,0.02455,0.02442,71921.16759,11
1790578800,0.02455,0.02494,0.02453,0.02485,0.02479,224572.83916,37
1790579100,0.02476,0.02479,0.0247,0.0247,0.02474,287567.53299,35
1790579400,0.02471,0.02471,0.02465,0.02466,0.02467,56909.86503,10
1790579700,0.02466,0.0247,0.02459,0.0247,0.02463,84115.17991,9
1790580000,0.02464,0.02464,0.02428,0.02428,0.02451,31012.04437,7
1790580300,0.02425,0.02443,0.02425,0.02441,0.02430,111065.48157,17
1790580600,0.02434,0.02434,0.02428,0.02431,0.02431,97189.66058,11
1790580900,0.02437,0.02477,0.02437,0.02476,0.02461,146604.32696,26
1790581200,0.02477,0.02485,0.02457,0.02461,0.02476,226834.98623,38
1790581500,0.02465,0.02504,0.02465,0.02504,0.02486,97876.68281,14
1790581800,0.02497,0.02499,0.02479,0.02479,0.02494,355488.17597,38
1790582100,0.02483,0.02497,0.02468,0.02468,0.02480,164526.40033,30
1790582400,0.0247,0.025,0.0247,0.02499,0.02486,65760.91692,15
1790582700,0.02503,0.02509,0.02491,0.02495,0.02496,170355.30891,39
1790583000,0.02491,0.02498,0.0248,0.02497,0.02483,548562.25242,62
1790583300,0.02497,0.02497,0.02491,0.02491,0.02494,14883.23267,3
1790583600,0.02491,0.02499,0.02483,0.02483,0.02492,84239.80423,16
1790583900,0.02489,0.02533,0.02489,0.02511,0.02512,200179.65816,34
1790584200,0.0251,0.02515,0.02503,0.02511,0.02509,108102.64414,20
1790584500,0.02519,0.02519,0.02504,0.02513,0.02512,118502.75119,18
1790584800,0.02514,0.02522,0.02479,0.02498,0.02494,341002.62196,63
1790585100,0.02506,0.02506,0.0247,0.02478,0.02476,190636.65436,30
1790585400,0.02479,0.02486,0.02477,0.02483,0.02481,85779.00128,15
1790585700,0.02485,0.02499,0.02477,0.02495,0.02489,99755.60567,25
1790586000,0.02499,0.02499,0.02443,0.0246,0.02461,193466.48296,33
1790586300,0.02458,0.02462,0.02445,0.02448,0.02457,246294.07662,35
1790586600,0.02448,0.02482,0.02448,0.02482,0.02460,54330.04323,11
1790586900,0.02479,0.025,0.02479,0.02499,0.02492,79621.93287,16
1790587200,0.02497,0.02504,0.0248,0.0248,0.02498,38085.63812,6
1790587500,0.02476,0.02476,0.0246,0.02461,0.02466,125088.61621,22
1790587800,0.02463,0.02463,0.02454,0.02454,0.02459,24287.9692,6
1790588100,0.02445,0.02451,0.0244,0.02441,0.02444,74992.13496,13
1790588400,0.02452,0.02452,0.02434,0.02434,0.02445,92496.31525,19
1790588700,0.0243,0.0243,0.02421,0.02428,0.02424,123273.27173,23
1790589000,0.02431,0.02433,0.02379,0.02379,0.02414,131843.74235,21
1790589300,0.02374,0.02376,0.02368,0.02369,0.02372,179021.04719,21
1790589600,0.02381,0.02412,0.02381,0.02412,0.02398,71889.33747,10
1790589900,0.02404,0.02404,0.02385,0.02385,0.02391,69504.23573,7
1790590200,0.02384,0.02386,0.0238,0.02386,0.02383,105453.24883,16
1790590500,0.02396,0.02402,0.02396,0.02401,0.02398,34238.51747,6
1790590800,0.02399,0.02408,0.02393,0.02401,0.02398,91573.11831,12
1790591100,0.02415,0.02415,0.02405,0.02407,0.02408,103939.01116,17
1790591400,0.02407,0.0242,0.02407,0.02418,0.02413,51372.2187,11
1790591700,0.02416,0.02419,0.02403,0.02403,0.02412,58257.82082,11
1790592000,0.02409,0.02409,0.02405,0.02405,0.02407,18607.156,4
1790592300,0.02397,0.02399,0.02385,0.02385,0.02392,94058.26416,14
1790592600,0.02391,0.0241,0.02391,0.024,0.02401,43119.70902,11
1790592900,0.02403,0.02406,0.02402,0.02404,0.02403,44789.26214,6
1790593200,0.02401,0.02404,0.02375,0.02378,0.02388,59559.68192,9
1790593500,0.0238,0.02405,0.0238,0.02405,0.02391,110061.0852,16
1790593800,0.02408,0.02427,0.02405,0.02427,0.02411,156206.28543,25
1790594100,0.02426,0.02448,0.02426,0.02429,0.02438,104167.83815,14
1790594400,0.02433,0.0244,0.0243,0.0244,0.02434,101787.43771,18
1790594700,0.02438,0.02443,0.02436,0.02439,0.02438,85130.61929,17
1790595000,0.02438,0.02438,0.02436,0.02436,0.02436,35305.3921,8
1790595300,0.02439,0.02471,0.02439,0.02465,0.02454,120258.57178,18
1790595600,0.0247,0.02488,0.02469,0.02486,0.02479,135467.76552,19
1790595900,0.02482,0.02485,0.02477,0.02477,0.02482,60265.32573,8
1790596200,0.02472,0.02484,0.02472,0.02479,0.02479,55533.30456,11
1790596500,0.02472,0.02488,0.02472,0.02488,0.02483,161243.01018,20
1790596800,0.02487,0.02519,0.02468,0.02516,0.02504,369347.04825,51
1790597100,0.02521,0.02579,0.02521,0.02557,0.02560,248603.07578,36
1790597400,0.02556,0.02569,0.02556,0.02566,0.02561,223941.64852,30
1790597700,0.02567,0.0258,0.02556,0.0258,0.02566,119272.93148,20
1790598000,0.02582,0.02612,0.02573,0.02592,0.02585,159979.24231,21
1790598300,0.02594,0.02597,0.02583,0.02587,0.02589,151021.3795,28
1790598600,0.02587,0.02631,0.02551,0.02563,0.02607,921672.67217,112
1790598900,0.02572,0.02587,0.02541,0.02563,0.02566,288715.49275,48
1790599200,0.02562,0.0257,0.02551,0.02551,0.02563,229000.29131,41
1790599500,0.02565,0.02565,0.02551,0.02551,0.02558,183481.93821,23
1790599800,0.02552,0.02564,0.02549,0.02556,0.02556,117332.19374,26
1790600100,0.02558,0.02573,0.02551,0.02552,0.02565,196180.53102,34
1790600400,0.02554,0.02559,0.02545,0.02554,0.02553,276302.13572,48
1790600700,0.02542,0.02568,0.0254,0.02567,0.02549,137345.0498,19
1790601000,0.02562,0.02576,0.02556,0.02576,0.02562,65514.12376,10
1790601300,0.02572,0.02597,0.02572,0.02591,0.02583,160002.99663,33
1790601600,0.02591,0.02595,0.02582,0.02595,0.02587,115457.07292,19
1790601900,0.02588,0.02591,0.02576,0.02584,0.02582,239146.9114,40
1790602200,0.02584,0.02586,0.02557,0.02561,0.02564,335457.60489,55
1790602500,0.02565,0.02571,0.02548,0.02566,0.02563,152567.29848,29
1790602800,0.02564,0.02574,0.02564,0.02567,0.02567,85029.74253,15
1790603100,0.02569,0.02585,0.02569,0.02579,0.02574,136438.09588,21
1790603400,0.02566,0.02566,0.02546,0.0255,0.02552,98630.6089,17
1790603700,0.02564,0.02568,0.02558,0.02562,0.02562,72920.5313,16
1790604000,0.02553,0.02553,0.02526,0.02534,0.02539,161529.4949,18
1790604300,0.02536,0.02552,0.02533,0.02548,0.02544,60274.52753,13
1790604600,0.0255,0.02559,0.02538,0.02551,0.02548,88356.18396,23
1790604900,0.02544,0.02544,0.02525,0.02525,0.02534,130476.33481,23
1790605200,0.02528,0.02552,0.02526,0.02552,0.02537,77112.5516,12
1790605500,0.02549,0.02549,0.02485,0.02487,0.02503,127477.81954,21
1790605800,0.02492,0.02499,0.02471,0.02488,0.02487,707186.78424,84
1790606100,0.02488,0.02516,0.02485,0.02516,0.02496,214227.25205,36
1790606400,0.02515,0.02515,0.02476,0.02488,0.02490,163845.41708,35
1790606700,0.02485,0.02486,0.02422,0.02445,0.02445,482089.3599,74
1790607000,0.02454,0.02477,0.02434,0.02477,0.02449,167065.25198,28
1790607300,0.0247,0.02483,0.02464,0.02471,0.02472,114384.09556,21
1790607600,0.02483,0.02483,0.02452,0.02452,0.02468,112911.81542,15
1790607900,0.02451,0.02464,0.02451,0.02464,0.02455,80719.93505,15
1790608200,0.02468,0.02474,0.02441,0.02458,0.02460,61771.52193,17
1790608500,0.0246,0.02463,0.02447,0.02453,0.02457,71292.71922,8
1790608800,0.02451,0.02456,0.02451,0.02455,0.02452,94393.56482,13
1790609100,0.02476,0.02502,0.02473,0.025,0.02490,158254.626,27
1790609400,0.02494,0.02507,0.02494,0.02507,0.02501,174149.40691,20
1790609700,0.02495,0.02526,0.02495,0.02521,0.02517,172142.57069,26
1790610000,0.02529,0.02531,0.02522,0.02522,0.02527,97398.18326,18
1790610300,0.02528,0.02537,0.02528,0.02537,0.02534,52074.73189,10
1790610600,0.02538,0.02591,0.02538,0.02561,0.02573,333202.09971,24
1790610900,0.02564,0.0261,0.02563,0.02595,0.02597,823415.7856,68
1790611200,0.02589,0.02692,0.02581,0.02683,0.02658,579614.98344,95
1790611500,0.02681,0.02687,0.02607,0.02638,0.02650,1366707.31204,198
1790611800,0.02642,0.02642,0.02589,0.02598,0.02622,423268.53459,69
1790612100,0.02599,0.02638,0.02595,0.02638,0.02615,234352.05124,29
1790612400,0.02636,0.02644,0.02618,0.02621,0.02633,278700.75414,50
1790612700,0.02612,0.02617,0.02586,0.02586,0.02603,111870.9174,16
1790613000,0.02598,0.02598,0.02587,0.02588,0.02591,139865.39579,29
1790613300,0.02583,0.02603,0.02573,0.02574,0.02589,216371.30289,29
1790613600,0.0258,0.0258,0.02567,0.0257,0.02572,107241.36477,16
1790613900,0.02578,0.02583,0.02569,0.0257,0.02575,63082.36207,16
1790614200,0.02568,0.02588,0.02565,0.02588,0.02572,158498.56617,25
1790614500,0.02592,0.02606,0.02592,0.02596,0.02597,84974.95645,14
1790614800,0.02587,0.02595,0.02563,0.02567,0.02576,218638.88265,38
1790615100,0.02567,0.02567,0.02544,0.02547,0.02548,75271.41575,17
1790615400,0.02549,0.02592,0.02544,0.02591,0.02571,115072.69272,25
1790615700,0.02593,0.02593,0.02551,0.02551,0.02564,135747.32868,21
1790616000,0.02555,0.02566,0.02555,0.02566,0.02559,77091.64418,12
1790616300,0.02558,0.02567,0.02558,0.02565,0.02562,78154.50927,12
1790616600,0.02567,0.02579,0.02562,0.02571,0.02571,37361.82671,11
1790616900,0.02562,0.02581,0.0255,0.02552,0.02563,330388.13276,41
1790617200,0.0255,0.02558,0.02525,0.02556,0.02541,302336.24045,44
1790617500,0.02567,0.02571,0.02555,0.02567,0.02564,111926.64602,22
1790617800,0.02564,0.02565,0.02564,0.02565,0.02564,39769.51087,7
1790618100,0.02557,0.02558,0.02555,0.02555,0.02556,38682.27728,5
1790618400,0.02559,0.02575,0.02548,0.02573,0.02558,61002.71743,14
1790618700,0.02567,0.02568,0.0256,0.02565,0.02565,40364.9693,7
1790619000,0.02559,0.02562,0.02559,0.02562,0.02560,19832.6444,5
1790619300,0.02554,0.02558,0.02546,0.02546,0.02551,35677.57426,12
1790619600,0.02546,0.02546,0.02546,0.02546,0.00000,0.0,0
1790619900,0.02539,0.02541,0.02539,0.02541,0.02539,22931.90453,7
1790620200,0.02546,0.02551,0.02536,0.02536,0.02543,36758.88053,9
1790620500,0.02556,0.0257,0.02556,0.02559,0.02564,52128.46507,9
1790620800,0.02554,0.02554,0.02544,0.02544,0.02547,69796.60249,12
1790621100,0.02537,0.02547,0.02534,0.02547,0.02535,19848.46742,4
1790621400,0.02537,0.02551,0.02537,0.02551,0.02543,31710.22575,8
1790621700,0.02553,0.02556,0.02551,0.02551,0.02554,85956.28516,9
1790622000,0.0255,0.02554,0.02534,0.02534,0.02547,32349.0747,10
1790622300,0.02539,0.02539,0.0253,0.0253,0.02536,17387.5,3
1790622600,0.02522,0.0253,0.02517,0.0252,0.02520,77047.67737,12
1790622900,0.02516,0.02553,0.02516,0.02542,0.02535,200742.08862,25
1790623200,0.0255,0.0255,0.02521,0.02537,0.02540,113881.11465,16
1790623500,0.02536,0.02556,0.02536,0.02547,0.02551,60227.69227,12
1790623800,0.02547,0.02552,0.02547,0.02552,0.02549,190133.6895,22
1790624100,0.02548,0.02548,0.02532,0.02536,0.02536,101692.71168,17
1790624400,0.0253,0.02532,0.02526,0.02532,0.02528,44513.72287,10
1790624700,0.02531,0.02546,0.02531,0.02546,0.02539,56595.9926,11
1790625000,0.02547,0.0256,0.02547,0.0256,0.02559,337706.52633,14
1790625300,0.02555,0.02555,0.02555,0.02555,0.02555,15054.3945,2
1790625600,0.02558,0.02558,0.02538,0.02553,0.02547,25939.67344,11
1790625900,0.02547,0.02553,0.02546,0.02552,0.02548,8550.5376,8
1790626200,0.02556,0.02568,0.02556,0.02557,0.02563,28826.2467,9
1790626500,0.02554,0.02555,0.02545,0.02548,0.02549,8442.6712,7
1790626800,0.02548,0.02548,0.02548,0.02548,0.00000,0.0,0
1790627100,0.0257,0.02576,0.02564,0.02576,0.02567,24485.74956,11
1790627400,0.02574,0.02579,0.02547,0.02547,0.02558,70210.2881,19
1790627700,0.02551,0.02553,0.02543,0.02543,0.02549,59216.51923,10
1790628000,0.02559,0.02559,0.02541,0.02542,0.02549,42869.05023,12
1790628300,0.02543,0.02543,0.02534,0.02537,0.02537,29830.80798,10
1790628600,0.0253,0.0253,0.02527,0.02527,0.02528,18274.39151,2
1790628900,0.02531,0.02543,0.02531,0.0254,0.02537,66463.16712,13
1790629200,0.02548,0.02562,0.0254,0.0254,0.02553,251570.3156,39
1790629500,0.02523,0.02528,0.02523,0.02527,0.02526,43811.24819,8
1790629800,0.02525,0.02525,0.02511,0.02519,0.02515,171298.35191,26
1790630100,0.02521,0.02523,0.02497,0.02497,0.02513,126207.67374,18
1790630400,0.02509,0.02509,0.02501,0.02501,0.02504,8159.91072,2
1790630700,0.02501,0.02521,0.02501,0.0252,0.02515,48972.47427,10
1790631000,0.0252,0.0252,0.0252,0.0252,0.00000,0.0,0
1790631300,0.02526,0.02527,0.02526,0.02526,0.02526,28100.75608,4
1790631600,0.02496,0.02503,0.02496,0.02498,0.02499,84926.65345,18
1790631900,0.02481,0.02485,0.02481,0.02483,0.02483,19083.98741,3
1790632200,0.02476,0.02476,0.02437,0.0246,0.02460,721696.99737,83
1790632500,0.02461,0.02462,0.02451,0.02451,0.02455,148168.51323,14
1790632800,0.02454,0.02467,0.02454,0.02467,0.02459,81221.07353,6
1790633100,0.02455,0.02455,0.02425,0.02449,0.02440,561565.33183,53
1790633400,0.02449,0.02451,0.02445,0.02445,0.02448,82411.17807,15
1790633700,0.02445,0.0245,0.02442,0.02448,0.02446,41248.55224,10
1790634000,0.02447,0.02451,0.02444,0.02447,0.02447,78119.48577,15
1790634300,0.02448,0.02449,0.02448,0.02449,0.02448,7530.76801,2
1790634600,0.02448,0.02465,0.02448,0.02465,0.02461,27350.2835,6
1790634900,0.02467,0.02493,0.02467,0.02493,0.02481,23207.93596,11
1790635200,0.02495,0.02498,0.02495,0.02498,0.02496,14209.2058,4
1790635500,0.02502,0.02516,0.02497,0.02498,0.02506,291107.36901,56
1790635800,0.02498,0.02502,0.02498,0.025,0.02500,23126.46363,7
1790636100,0.02494,0.02494,0.02483,0.02486,0.02490,155352.57597,36
1790636400,0.02485,0.02493,0.02484,0.02493,0.02486,65714.24518,13
1790636700,0.02496,0.02508,0.02496,0.02508,0.02500,53922.47951,12
1790637000,0.02502,0.02517,0.02502,0.02505,0.02511,79083.29782,27
1790637300,0.02515,0.02525,0.02515,0.0252,0.02522,54942.64823,16
1790637600,0.0252,0.0252,0.0252,0.0252,0.02520,10691.04093,2
1790637900,0.02528,0.02532,0.02528,0.02532,0.02530,30946.18399,10
1790638200,0.02535,0.02535,0.02529,0.02529,0.02534,6098.9127,3
1790638500,0.02526,0.0253,0.02526,0.0253,0.02529,8643.3138,3
1790638800,0.02535,0.02535,0.02534,0.02534,0.02534,18755.28217,3
1790639100,0.02534,0.02534,0.02534,0.02534,0.00000,0.0,0
1790639400,0.02521,0.02521,0.02519,0.02519,0.02520,9170.2519,3
1790639700,0.02519,0.02519,0.02512,0.02512,0.02518,34570.2162,4
1790640000,0.02518,0.02518,0.02496,0.02504,0.02505,42443.1345,11
1790640300,0.025,0.02501,0.025,0.02501,0.02500,7933.096,4
1790640600,0.02495,0.02503,0.02495,0.02496,0.02496,12828.6709,6
1790640900,0.0249,0.02491,0.02489,0.02491,0.02490,3197.4608,3
1790641200,0.02491,0.02491,0.0248,0.0248,0.02480,7450.01743,3
1790641500,0.02487,0.02487,0.02479,0.02481,0.02484,41848.20546,10
1790641800,0.02483,0.02495,0.02483,0.02494,0.02493,37522.06508,10
1790642100,0.02495,0.02499,0.02495,0.02495,0.02495,5670.3924,4
1790642400,0.02493,0.02494,0.02493,0.02494,0.02493,15013.8076,5
1790642700,0.02488,0.0249,0.02474,0.02475,0.02484,72833.78433,18
1790643000,0.02473,0.02473,0.02473,0.02473,0.02473,8789.707,2
1790643300,0.02481,0.02481,0.02472,0.02472,0.02476,751.48019,2
1790643600,0.02474,0.02487,0.02474,0.02487,0.02484,3149.659,3
1790643900,0.02473,0.02473,0.02462,0.02462,0.02463,12769.59916,4
1790644200,0.0245,0.02455,0.02446,0.02455,0.02448,76804.04181,16
1790644500,0.02452,0.02452,0.02444,0.02445,0.02446,35879.28999,16
1790644800,0.02447,0.02458,0.0243,0.02455,0.02442,127896.85472,38
1790645100,0.02454,0.02454,0.02435,0.02435,0.02446,21395.35762,8
1790645400,0.0243,0.02435,0.0238,0.02394,0.02400,902248.95999,176
1790645700,0.02392,0.024,0.02388,0.02397,0.02392,26262.73683,13
1790646000,0.02386,0.02414,0.02381,0.02403,0.02398,43987.3553,18
1790646300,0.02427,0.02427,0.02416,0.02418,0.02421,121537.03585,25
1790646600,0.02413,0.02423,0.02411,0.02421,0.02412,6485.1537,4
1790646900,0.02412,0.02414,0.02408,0.02414,0.02411,40848.33289,7
1790647200,0.02412,0.02416,0.02401,0.02401,0.02413,6660.0291,3
1790647500,0.0241,0.0241,0.02396,0.02396,0.02402,20168.35862,7
1790647800,0.02397,0.02397,0.02372,0.02392,0.02385,165944.90677,37
1790648100,0.024,0.024,0.02387,0.02392,0.02391,173519.11427,27
1790648400,0.02395,0.02395,0.02376,0.0239,0.02387,20309.1852,7
1790648700,0.02388,0.02388,0.0238,0.0238,0.02382,21675.8804,5
1790649000,0.02382,0.02383,0.02371,0.02371,0.02379,46565.10053,19
1790649300,0.02376,0.02379,0.02376,0.02379,0.02378,5184.6679,2
1790649600,0.0238,0.02386,0.0238,0.02382,0.02382,8387.5753,3
1790649900,0.02399,0.02399,0.02394,0.02396,0.02397,27678.1954,7
1790650200,0.02395,0.02399,0.02386,0.02386,0.02388,56837.08496,16
1790650500,0.02386,0.0239,0.02386,0.0239,0.02387,38762.56597,11
1790650800,0.02401,0.02408,0.02392,0.02392,0.02403,36643.40632,11
1790651100,0.02395,0.02395,0.02387,0.02387,0.02387,9090.5114,2
1790651400,0.02386,0.02386,0.02385,0.02386,0.02385,113485.84968,14
1790651700,0.02374,0.02387,0.0236,0.02373,0.02370,211724.53079,47
1790652000,0.02378,0.02382,0.02378,0.02382,0.02380,806.8358,2
1790652300,0.02392,0.02396,0.0239,0.02396,0.02392,39898.6123,14
1790652600,0.02405,0.0241,0.02405,0.02406,0.02408,21066.28514,4
1790652900,0.02409,0.02409,0.02408,0.02408,0.02408,8587.8328,4
1790653200,0.02409,0.02419,0.02409,0.02417,0.02415,24497.44781,5
1790653500,0.02414,0.02415,0.02414,0.02415,0.02414,12773.38971,3
1790653800,0.02416,0.02416,0.02416,0.02416,0.02416,1210.2537,1
1790654100,0.024,0.02401,0.02379,0.02385,0.02390,63219.12837,15
1790654400,0.02389,0.02395,0.02389,0.02395,0.02390,17073.49891,6
1790654700,0.02392,0.02408,0.02392,0.02408,0.02400,19925.45371,4
1790655000,0.02419,0.02419,0.02417,0.02417,0.02417,18563.6815,2
1790655300,0.02418,0.02422,0.02418,0.02418,0.02420,5569.6595,5
1790655600,0.02414,0.02414,0.02414,0.02414,0.02414,10824.79848,1
1790655900,0.02408,0.02408,0.02406,0.02406,0.02406,6446.9663,3
1790656200,0.02398,0.02398,0.02394,0.02394,0.02397,9090.25168,3
1790656500,0.02393,0.02399,0.02389,0.02399,0.02393,68115.31374,13
1790656800,0.02397,0.02399,0.02394,0.02399,0.02395,35336.94666,8
1790657100,0.02398,0.02398,0.02385,0.02385,0.02393,11381.17084,6
1790657400,0.02396,0.02405,0.02396,0.02405,0.02402,10548.40409,2
1790657700,0.02406,0.02406,0.02405,0.02405,0.02405,8506.3549,5
1790658000,0.02408,0.02415,0.02408,0.02415,0.02411,21073.98692,4
1790658300,0.02403,0.02405,0.02403,0.02405,0.02404,2628.88959,2
1790658600,0.02417,0.02418,0.02416,0.02418,0.02416,11344.34338,5
1790658900,0.0242,0.0242,0.0242,0.0242,0.02420,5591.1041,1
1790659200,0.02424,0.02427,0.02424,0.02426,0.02424,27912.54485,7
1790659500,0.02428,0.02433,0.02426,0.02426,0.02427,34022.72113,10
1790659800,0.02412,0.02412,0.024,0.024,0.02406,34406.71582,7
1790660100,0.02389,0.02389,0.02383,0.02386,0.02387,7751.21472,6
1790660400,0.02408,0.02408,0.02408,0.02408,0.02408,6173.1169,1
1790660700,0.02413,0.02413,0.02406,0.02411,0.02409,34903.67907,8
1790661000,0.02419,0.02427,0.02419,0.02427,0.02422,19943.37444,4
1790661300,0.02428,0.02428,0.02417,0.02417,0.02422,37327.95778,12
1790661600,0.02417,0.02418,0.02409,0.02413,0.02413,57981.35298,17
1790661900,0.02417,0.02436,0.02417,0.02436,0.02433,108420.40997,9
1790662200,0.02436,0.02439,0.02434,0.02434,0.02438,495688.60536,137
1790662500,0.02421,0.02421,0.02417,0.02417,0.02418,1210.2537,2
1790662800,0.02433,0.02433,0.0243,0.0243,0.02431,4781.25,2
1790663100,0.02429,0.02434,0.02424,0.02426,0.02427,177479.44132,27
1790663400,0.02426,0.02441,0.02426,0.02428,0.02429,256519.19762,67
1790663700,0.02428,0.02436,0.02425,0.02433,0.02429,68641.899,19
1790664000,0.02432,0.02441,0.02432,0.02441,0.02435,28419.80258,9
1790664300,0.02437,0.02442,0.02437,0.02442,0.02440,14200.70138,6
1790664600,0.02436,0.02476,0.02436,0.02476,0.02455,177669.84819,50
1790664900,0.02482,0.02493,0.02479,0.02493,0.02486,78721.25467,15
1790665200,0.02481,0.02496,0.02481,0.02496,0.02489,70027.9438,25
1790665500,0.02495,0.02502,0.02493,0.02499,0.02496,22272.06281,9
1790665800,0.02495,0.02507,0.02495,0.02506,0.02501,16972.2077,9
1790666100,0.02505,0.02509,0.025,0.02502,0.02502,14019.6815,8
1790666400,0.02501,0.02501,0.02501,0.02501,0.02501,4922.1208,2
1790666700,0.025,0.02504,0.025,0.02504,0.02503,5184.6679,2
1790667000,0.02517,0.02523,0.02517,0.02523,0.02517,19053.95384,4
1790667300,0.02521,0.02532,0.02521,0.02532,0.02526,18314.88866,9
1790667600,0.02528,0.0253,0.02528,0.0253,0.02528,8943.71861,3
1790667900,0.02529,0.02529,0.02523,0.02523,0.02524,12101.97733,4
1790668200,0.02526,0.02526,0.02525,0.02525,0.02525,3522.1144,4
1790668500,0.02515,0.02521,0.02515,0.02519,0.02516,43780.63147,9
1790668800,0.02525,0.02525,0.02519,0.0252,0.02521,14905.84531,4
1790669100,0.02511,0.02513,0.0251,0.02513,0.02512,8126.2827,4
1790669400,0.02517,0.0252,0.02511,0.02513,0.02515,104969.38899,26
1790669700,0.02513,0.02518,0.02509,0.02509,0.02513,13428.80988,7
1790670000,0.0251,0.02512,0.02506,0.02506,0.02509,19551.91351,6
1790670300,0.02506,0.02506,0.02506,0.02506,0.02506,3186.39765,2
1790670600,0.025,0.025,0.0249,0.0249,0.02497,39182.09091,15
1790670900,0.02492,0.02492,0.02483,0.02484,0.02489,16696.2888,5
1790671200,0.02484,0.02484,0.02479,0.0248,0.02482,5700.09769,4
1790671500,0.0248,0.0248,0.0248,0.0248,0.02480,7171.875,1
1790671800,0.02486,0.02492,0.02486,0.02487,0.02487,24464.15636,8
1790672100,0.02491,0.02491,0.02491,0.02491,0.02491,5325.5387,2
1790672400,0.02493,0.02508,0.02493,0.02501,0.02503,70880.14594,23
1790672700,0.02508,0.02513,0.02505,0.02505,0.02508,54531.17427,9
1790673000,0.02505,0.02505,0.02505,0.02505,0.02505,7209.4301,2
1790673300,0.02503,0.02515,0.02503,0.02515,0.02509,29806.36154,6
1790673600,0.02516,0.02518,0.02513,0.02513,0.02515,53492.22444,12
1790673900,0.02516,0.02519,0.02514,0.02519,0.02516,24709.43968,4
1790674200,0.02519,0.02519,0.02519,0.02519,0.00000,0.0,0
1790674500,0.02527,0.02534,0.02527,0.02534,0.02527,6522.4508,3
1790674800,0.02537,0.02541,0.02536,0.02541,0.02538,151179.28848,16
1790675100,0.02547,0.02566,0.02547,0.02566,0.02558,211487.3622,14
1790675400,0.02569,0.02573,0.02567,0.02573,0.02569,248743.73789,36
1790675700,0.02579,0.02583,0.0256,0.0256,0.02571,141331.7805,30
1790676000,0.02559,0.02559,0.02546,0.02546,0.02548,47176.59635,14
1790676300,0.02557,0.02557,0.02554,0.02554,0.02555,41780.40849,5
1790676600,0.02553,0.02553,0.02552,0.02552,0.02552,5333.23866,4
1790676900,0.02553,0.02553,0.02552,0.02552,0.02552,1617.19852,3
1790677200,0.02549,0.02549,0.02543,0.02543,0.02548,15581.9016,3
1790677500,0.0255,0.02553,0.0255,0.02551,0.02551,18620.52583,6
1790677800,0.02552,0.02554,0.02552,0.02554,0.02552,7210.92755,2
1790678100,0.02553,0.02554,0.02548,0.02548,0.02552,18504.76947,5
1790678400,0.02547,0.02547,0.02546,0.02546,0.02546,17308.46953,8
1790678700,0.02558,0.02559,0.02557,0.02559,0.02558,3469.87667,5
1790679000,0.02558,0.02559,0.02558,0.02559,0.02558,14705.77113,3
1790679300,0.02559,0.02559,0.02559,0.02559,0.00000,0.0,0
1790679600,0.02548,0.02548,0.02534,0.02534,0.02543,20026.78979,11
1790679900,0.02537,0.02544,0.02536,0.02536,0.02539,40922.57516,9
1790680200,0.0253,0.0253,0.02529,0.02529,0.02529,603.4179,2
1790680500,0.02534,0.02534,0.02534,0.02534,0.02534,403.4179,1
1790680800,0.02534,0.02534,0.02534,0.02534,0.00000,0.0,0
1790681100,0.02535,0.02537,0.02535,0.02536,0.02536,15829.79454,5
1790681400,0.02537,0.02546,0.02537,0.02546,0.02540,665.1486,2
1790681700,0.02557,0.02557,0.02549,0.02551,0.02552,25523.75167,4
1790682000,0.02548,0.02548,0.02542,0.02542,0.02546,38012.87481,9
1790682300,0.0255,0.02559,0.02548,0.02548,0.02552,112238.23625,19
1790682600,0.02558,0.0256,0.02552,0.02553,0.02554,23062.65612,10
1790682900,0.02558,0.0256,0.02555,0.02555,0.02559,13863.78394,5
1790683200,0.02551,0.02564,0.02543,0.02564,0.02553,88928.69899,26
1790683500,0.02558,0.02576,0.02558,0.02568,0.02567,70255.51897,21
1790683800,0.02569,0.02569,0.02569,0.02569,0.02569,7481.3685,1
1790684100,0.02579,0.02579,0.02577,0.02577,0.02577,10530.893,4
1790684400,0.02571,0.02571,0.02562,0.02562,0.02566,56124.09737,13
1790684700,0.02562,0.02562,0.02562,0.02562,0.00000,0.0,0
1790685000,0.02564,0.02566,0.02559,0.02566,0.02562,25633.81762,8
1790685300,0.02569,0.02569,0.02568,0.02568,0.02568,4781.25,2
1790685600,0.02565,0.02581,0.02565,0.02579,0.02571,29110.48519,7
1790685900,0.0258,0.0258,0.02561,0.02572,0.02570,48375.81842,15
1790686200,0.02577,0.02577,0.02574,0.02574,0.02574,14980.83397,4
1790686500,0.02575,0.02575,0.02575,0.02575,0.02575,10283.2317,3
1790686800,0.02574,0.02576,0.02567,0.02575,0.02574,42649.65147,17
1790687100,0.02577,0.02577,0.02568,0.02568,0.02572,23067.51852,10
1790687400,0.02574,0.02574,0.02548,0.02553,0.02557,46621.19646,13
1790687700,0.02545,0.02553,0.02545,0.02553,0.02551,34683.0992,8
1790688000,0.02545,0.02545,0.02529,0.02533,0.02535,258888.36344,59
1790688300,0.02544,0.02544,0.02542,0.02542,0.02542,19812.97108,6
1790688600,0.02532,0.02532,0.0252,0.0252,0.02526,24749.95192,9
1790688900,0.02524,0.02533,0.02519,0.0253,0.02520,25738.53546,7
1790689200,0.0253,0.02533,0.02528,0.02528,0.02529,33757.5151,13
1790689500,0.02529,0.02529,0.02522,0.02527,0.02526,22356.66516,5
1790689800,0.02526,0.02534,0.02526,0.02534,0.02529,60329.8645,11
1790690100,0.02537,0.02537,0.02534,0.02534,0.02535,17144.14785,5
1790690400,0.02533,0.02533,0.0251,0.02513,0.02515,41176.84633,12
1790690700,0.02513,0.02513,0.02493,0.02497,0.02499,105189.27661,35
1790691000,0.02497,0.02499,0.02491,0.02499,0.02496,67373.02509,25
1790691300,0.02498,0.02518,0.02493,0.02518,0.02510,20401.733,11
1790691600,0.02517,0.02517,0.02509,0.02512,0.02511,46493.7866,20
1790691900,0.02529,0.02535,0.02524,0.02533,0.02531,69166.43332,18
1790692200,0.0254,0.02545,0.0254,0.02545,0.02542,128483.03,20
1790692500,0.0254,0.02544,0.02534,0.02542,0.02542,77772.47877,13
1790692800,0.02545,0.02545,0.02539,0.02539,0.02542,18539.0099,5
1790693100,0.02549,0.02549,0.02541,0.02541,0.02544,32799.78417,8
1790693400,0.02529,0.0253,0.02519,0.02521,0.02523,150364.28758,36
1790693700,0.02526,0.02528,0.02524,0.02526,0.02525,62466.56195,18
1790694000,0.02511,0.02518,0.02503,0.02503,0.02513,22736.33075,10
1790694300,0.02498,0.02503,0.02495,0.02499,0.02498,22026.46108,11
1790694600,0.02516,0.02516,0.0247,0.02476,0.02477,165643.71233,48
1790694900,0.02482,0.02485,0.02469,0.02469,0.02478,31152.8037,11
1790695200,0.0247,0.02475,0.0247,0.0247,0.02472,45880.09834,9
1790695500,0.02468,0.02475,0.02462,0.02475,0.02468,102006.87969,28
1790695800,0.02477,0.02485,0.02477,0.02479,0.02479,53842.31056,15
1790696100,0.02481,0.02488,0.0248,0.02485,0.02483,19432.5296,8
1790696400,0.02488,0.02489,0.02468,0.02468,0.02482,25135.68218,6
1790696700,0.02471,0.02471,0.02454,0.02462,0.02460,26246.6759,15
1790697000,0.02468,0.02468,0.02433,0.02433,0.02449,311334.04458,58
1790697300,0.02441,0.02442,0.0241,0.02423,0.02427,131132.98964,29
1790697600,0.02425,0.02443,0.02414,0.02423,0.02424,730996.1386,79
1790697900,0.02423,0.02434,0.02421,0.02429,0.02426,296465.08906,53
1790698200,0.02431,0.02438,0.02426,0.02426,0.02431,146940.41438,28
1790698500,0.0243,0.02441,0.02427,0.02441,0.02438,1094904.13736,85
1790698800,0.02441,0.02444,0.02427,0.02428,0.02436,267683.20192,49
1790699100,0.02416,0.02418,0.02416,0.02418,0.02416,6403.4179,2
1790699400,0.02425,0.02427,0.02421,0.02422,0.02424,33031.64649,13
1790699700,0.02428,0.0243,0.0242,0.0242,0.02427,49437.33297,7
1790700000,0.02415,0.02415,0.02402,0.02402,0.02404,5782.3717,6
1790700300,0.02399,0.024,0.02391,0.02394,0.02398,259607.64856,42
1790700600,0.02396,0.02405,0.02391,0.02392,0.02392,217878.77571,39
1790700900,0.0239,0.02395,0.0239,0.02395,0.02392,22823.54152,10
1790701200,0.02398,0.02402,0.02396,0.024,0.02396,8163.583,7
1790701500,0.02398,0.02398,0.02379,0.02398,0.02393,148902.66514,31
1790701800,0.02393,0.02393,0.02384,0.02388,0.02388,70681.75226,23
1790702100,0.02386,0.02386,0.02382,0.02386,0.02384,5626.1103,6
1790702400,0.0239,0.02392,0.0238,0.02392,0.02390,8207.6223,6
1790702700,0.0239,0.0239,0.0239,0.0239,0.02390,2943.6332,3
1790703000,0.02395,0.02399,0.02391,0.02399,0.02397,5199.8228,4
1790703300,0.02396,0.02396,0.02394,0.02395,0.02394,17348.69858,5
1790703600,0.02399,0.02403,0.02399,0.02402,0.02402,11386.8945,5
1790703900,0.02401,0.02401,0.02396,0.02398,0.02399,35934.34672,10
1790704200,0.0239,0.02395,0.02389,0.02395,0.02389,12806.8358,7
1790704500,0.02396,0.02399,0.02386,0.02399,0.02393,67352.46821,25
1790704800,0.02405,0.02418,0.02405,0.02418,0.02411,42091.45496,16
1790705100,0.02424,0.02424,0.02418,0.02418,0.02423,9400.9453,3
1790705400,0.02423,0.02423,0.02422,0.02422,0.02422,11534.34798,3
1790705700,0.02434,0.02436,0.02433,0.02433,0.02434,11044.7798,6
1790706000,0.0244,0.02443,0.0244,0.02443,0.02442,19917.338,8
1790706300,0.02438,0.02438,0.02438,0.02438,0.02438,2577.7195,3
1790706600,0.02439,0.0244,0.02438,0.02438,0.02438,16604.70758,8
1790706900,0.02441,0.02443,0.0244,0.02443,0.02440,7978.7108,5
1790707200,0.02449,0.02453,0.02449,0.02453,0.02449,12356.5429,3
1790707500,0.02448,0.02448,0.02429,0.02442,0.02437,227201.4396,41
1790707800,0.02447,0.02447,0.02446,0.02446,0.02446,7636.50492,2
1790708100,0.02449,0.02449,0.02449,0.02449,0.02449,7887.63326,1
1790708400,0.02453,0.02453,0.02453,0.02453,0.02453,1173.2445,1
1790708700,0.02457,0.0246,0.02457,0.02457,0.02457,9217.05088,3
1790709000,0.02447,0.02448,0.02447,0.02448,0.02447,10656.62979,2
1790709300,0.02452,0.02452,0.02452,0.02452,0.02452,27311.21445,2
1790709600,0.0245,0.0245,0.02448,0.02448,0.02449,11063.2436,4
1790709900,0.02452,0.02452,0.0245,0.0245,0.02450,4806.8358,3
1790710200,0.02447,0.0245,0.02447,0.02447,0.02447,27920.77056,8
1790710500,0.02441,0.02441,0.02441,0.02441,0.02441,7257.7636,2
1790710800,0.02439,0.02439,0.0239,0.0239,0.02419,192720.13827,56
1790711100,0.02379,0.02379,0.02363,0.02369,0.02370,76651.12695,27
1790711400,0.02368,0.02368,0.02363,0.02366,0.02365,21588.52893,8
1790711700,0.02374,0.02379,0.02371,0.02377,0.02374,57193.8286,16
1790712000,0.02377,0.0238,0.02368,0.02378,0.02375,64254.12262,17
1790712300,0.02379,0.02396,0.02379,0.02395,0.02389,33482.94232,8
1790712600,0.02385,0.0239,0.02383,0.0239,0.02384,20958.37401,4
1790712900,0.02387,0.02395,0.02387,0.02395,0.02390,26934.88347,9
1790713200,0.02406,0.02406,0.02398,0.02403,0.02402,21125.38205,7
1790713500,0.02405,0.02413,0.02405,0.02406,0.02409,15963.2831,5
1790713800,0.02403,0.02409,0.02403,0.02409,0.02404,30646.34347,6
1790714100,0.02401,0.02401,0.02401,0.02401,0.02401,7345.2079,3
1790714400,0.02405,0.02405,0.02405,0.02405,0.02405,9332.415,3
1790714700,0.02399,0.02407,0.02399,0.02407,0.02401,9562.5,4
1790715000,0.02406,0.0241,0.02406,0.02406,0.02407,69275.90295,13
1790715300,0.02403,0.02407,0.02403,0.02407,0.02404,20740.1587,6
1790715600,0.02399,0.02399,0.02386,0.02387,0.02388,29704.34937,5
1790715900,0.02395,0.02408,0.02395,0.02408,0.02400,66386.28456,15
1790716200,0.02394,0.02395,0.02394,0.02395,0.02394,7871.5197,4
1790716500,0.02397,0.02397,0.02386,0.02386,0.02395,10872.5393,4
1790716800,0.02385,0.02385,0.02384,0.02385,0.02384,20433.09439,4
1790717100,0.02385,0.02385,0.02385,0.02385,0.00000,0.0,0
1790717400,0.02382,0.02385,0.02382,0.02385,0.02383,28145.91194,4
1790717700,0.02385,0.02385,0.02385,0.02385,0.00000,0.0,0
1790718000,0.02385,0.02385,0.02385,0.02385,0.00000,0.0,0
1790718300,0.02385,0.02385,0.02385,0.02385,0.00000,0.0,0
1790718600,0.02385,0.02385,0.02385,0.02385,0.00000,0.0,0
1790718900,0.02385,0.02385,0.02385,0.02385,0.00000,0.0,0
1790719200,0.02385,0.02385,0.02385,0.02385,0.00000,0.0,0
1790719500,0.02385,0.02385,0.02385,0.02385,0.00000,0.0,0
1790719800,0.02383,0.02383,0.02382,0.02382,0.02382,6668.1406,4
1790720100,0.02385,0.02386,0.02376,0.02386,0.02381,36540.5833,11
1790720400,0.0238,0.0239,0.0238,0.0239,0.02387,273660.18301,10
1790720700,0.02391,0.02391,0.02391,0.02391,0.02391,6074.7275,2
1790721000,0.02384,0.02384,0.02384,0.02384,0.02384,6629.3312,2
1790721300,0.02393,0.024,0.02393,0.02394,0.02395,164919.38717,14
1790721600,0.02394,0.02394,0.02394,0.02394,0.00000,0.0,0
1790721900,0.02398,0.02398,0.02393,0.02394,0.02395,39096.9573,10
1790722200,0.02394,0.02394,0.02394,0.02394,0.00000,0.0,0
1790722500,0.02392,0.02392,0.02391,0.02391,0.02391,10831.4334,2
1790722800,0.02393,0.02397,0.02391,0.02397,0.02393,24910.1462,6
1790723100,0.02405,0.02408,0.02403,0.02403,0.02405,32300.7426,6
1790723400,0.02401,0.02401,0.02401,0.02401,0.02401,7792.9603,1
1790723700,0.024,0.024,0.02396,0.02396,0.02398,12298.3833,4
1790724000,0.02396,0.02396,0.02396,0.02396,0.00000,0.0,0
1790724300,0.02396,0.02396,0.02396,0.02396,0.00000,0.0,0
1790724600,0.02381,0.02382,0.02381,0.02381,0.02381,36464.7374,11
1790724900,0.02379,0.02381,0.02375,0.02376,0.02376,23186.9935,6
1790725200,0.02379,0.02379,0.02344,0.02348,0.02355,694209.43115,108
1790725500,0.02354,0.02362,0.02354,0.02362,0.02357,30277.8745,9
1790725800,0.02363,0.02364,0.02363,0.02363,0.02363,30501.5503,6
1790726100,0.02364,0.02364,0.02364,0.02364,0.02364,19023.68148,3
1790726400,0.02373,0.02379,0.0237,0.0237,0.02375,54698.35523,13
1790726700,0.0237,0.0237,0.02354,0.02354,0.02366,24142.5551,5
1790727000,0.02349,0.02349,0.02347,0.02347,0.02347,13645.4565,5
1790727300,0.0235,0.0235,0.02347,0.02347,0.02348,12931.3067,3
1790727600,0.02346,0.02346,0.02344,0.02344,0.02345,12924.0766,4
1790727900,0.02343,0.02348,0.02343,0.02348,0.02347,5392.65982,2
1790728200,0.02357,0.0236,0.02357,0.0236,0.02358,16816.737,3
1790728500,0.02359,0.0236,0.0235,0.0236,0.02356,31027.013,9
1790728800,0.02359,0.02362,0.02359,0.02362,0.02360,16478.0232,2
1790729100,0.02364,0.02382,0.02363,0.02373,0.02375,121614.43269,25
1790729400,0.02375,0.02375,0.02374,0.02374,0.02374,10719.5359,2
1790729700,0.02374,0.02374,0.02374,0.02374,0.00000,0.0,0
1790730000,0.0239,0.02394,0.0239,0.02393,0.02392,16554.3074,7
1790730300,0.02396,0.02396,0.02393,0.02393,0.02394,16539.1803,4
1790730600,0.02386,0.02394,0.02386,0.02394,0.02390,14007.9303,3
1790730900,0.02394,0.02394,0.02394,0.02394,0.00000,0.0,0
1790731200,0.02386,0.02386,0.02386,0.02386,0.02386,5062.5,1
1790731500,0.02389,0.02389,0.02389,0.02389,0.02389,2531.25,1
1790731800,0.02385,0.02389,0.02385,0.02389,0.02387,22818.7239,6
1790732100,0.0238,0.02381,0.0238,0.02381,0.02380,12311.89992,3
1790732400,0.02385,0.02385,0.02385,0.02385,0.02385,2531.25,1
1790732700,0.02384,0.02384,0.02384,0.02384,0.02384,12038.1135,2
1790733000,0.02384,0.02384,0.02384,0.02384,0.00000,0.0,0
1790733300,0.02379,0.02379,0.02379,0.02379,0.02379,1087.0623,1
1790733600,0.02376,0.02387,0.02376,0.02387,0.02381,37729.3352,7
1790733900,0.02389,0.024,0.02389,0.02391,0.02395,45355.96682,11
1790734200,0.02391,0.02391,0.02391,0.02391,0.00000,0.0,0
1790734500,0.02384,0.02384,0.02384,0.02384,0.02384,7728.9743,1
1790734800,0.0238,0.02394,0.0238,0.02392,0.02390,22285.0679,8
1790735100,0.02379,0.02381,0.02379,0.0238,0.02379,26628.32438,8
1790735400,0.02378,0.02378,0.02374,0.02374,0.02377,33230.92675,3
1790735700,0.02369,0.02374,0.02369,0.02374,0.02371,10125.0,3
1790736000,0.0238,0.02382,0.0238,0.02382,0.02380,18524.86852,4
1790736300,0.02387,0.02387,0.02384,0.02384,0.02384,11589.2249,3
1790736600,0.0238,0.02382,0.0238,0.02382,0.02381,15666.4308,3
1790736900,0.0238,0.0238,0.0238,0.0238,0.02380,9896.9388,3
1790737200,0.02378,0.02378,0.02378,0.02378,0.02378,1365.1349,1
1790737500,0.02367,0.02367,0.02367,0.02367,0.02367,3375.0,1
1790737800,0.02361,0.02361,0.02361,0.02361,0.02361,8138.4075,1
1790738100,0.02361,0.02361,0.02361,0.02361,0.00000,0.0,0
1790738400,0.02347,0.02352,0.02347,0.02352,0.02350,16421.8985,4
1790738700,0.0235,0.0235,0.0235,0.0235,0.02350,9087.0439,1
1790739000,0.0235,0.0235,0.0235,0.0235,0.00000,0.0,0
1790739300,0.02354,0.02354,0.02351,0.02351,0.02352,14485.1498,3
1790739600,0.02351,0.02351,0.02351,0.02351,0.00000,0.0,0
1790739900,0.02348,0.02348,0.02348,0.02348,0.02348,7561.5873,1
1790740200,0.0235,0.0235,0.02346,0.02346,0.02347,17129.6866,2
1790740500,0.02346,0.02346,0.02346,0.02346,0.02346,10679.0216,1
1790740800,0.02344,0.02351,0.02344,0.02349,0.02347,34720.93601,8
1790741100,0.02352,0.02352,0.0234,0.0234,0.02346,18680.872,4
1790741400,0.02343,0.02343,0.02343,0.02343,0.02343,812.0547,1
1790741700,0.02359,0.02359,0.02358,0.02358,0.02358,13500.0,2
1790742000,0.02358,0.02358,0.02358,0.02358,0.02358,8016.8218,1
1790742300,0.02363,0.02363,0.02363,0.02363,0.02363,10303.4215,3
1790742600,0.02363,0.02363,0.02363,0.02363,0.00000,0.0,0
1790742900,0.02353,0.02357,0.02352,0.02357,0.02355,31117.52822,4
1790743200,0.02359,0.02359,0.02359,0.02359,0.02359,8796.2206,1
1790743500,0.02359,0.02359,0.02359,0.02359,0.00000,0.0,0
1790743800,0.02356,0.02356,0.02356,0.02356,0.02356,10764.8898,1
1790744100,0.02353,0.02353,0.02353,0.02353,0.02353,12834.30776,2
1790744400,0.02355,0.02364,0.02355,0.02364,0.02362,16915.80067,5
1790744700,0.02351,0.02351,0.02351,0.02351,0.02351,11073.3981,1
1790745000,0.02351,0.02351,0.02351,0.02351,0.02351,20216.63746,8
1790745300,0.02347,0.02352,0.02347,0.02352,0.02349,22845.2823,6
1790745600,0.02352,0.02356,0.02352,0.02356,0.02354,19099.76875,3
1790745900,0.0236,0.02364,0.0236,0.02364,0.02362,17672.8488,3
1790746200,0.02364,0.02375,0.02363,0.02375,0.02369,28597.805,8
1790746500,0.02375,0.02377,0.02375,0.02377,0.02376,35056.94334,8
1790746800,0.02372,0.02378,0.02372,0.02378,0.02374,16867.8301,3
1790747100,0.02378,0.02378,0.02378,0.02378,0.00000,0.0,0
1790747400,0.02368,0.02368,0.02367,0.02367,0.02367,10387.5,3
1790747700,0.02357,0.02358,0.02357,0.02358,0.02357,13858.98149,6
1790748000,0.02358,0.02358,0.02358,0.02358,0.00000,0.0,0
1790748300,0.02359,0.02359,0.02359,0.02359,0.02359,8210.3209,1
1790748600,0.02355,0.02355,0.02347,0.02352,0.02350,37104.53836,6
1790748900,0.0236,0.0236,0.0236,0.0236,0.02360,11480.2127,4
1790749200,0.02359,0.02359,0.02356,0.02356,0.02357,8754.3141,2
1790749500,0.02348,0.02348,0.02346,0.02346,0.02346,28406.823,5
1790749800,0.02346,0.02346,0.02346,0.02346,0.02346,10998.54923,1
1790750100,0.02344,0.02344,0.02341,0.02341,0.02342,17963.5134,4
1790750400,0.02341,0.02346,0.02341,0.02346,0.02342,31230.87296,2
1790750700,0.02339,0.0234,0.02339,0.0234,0.02339,18733.88529,4
1790751000,0.0234,0.02352,0.0234,0.02352,0.02349,59773.81393,14
1790751300,0.02362,0.02362,0.02351,0.02351,0.02359,37338.01595,3
1790751600,0.02356,0.02364,0.02356,0.02358,0.02358,13180.5777,4
1790751900,0.02358,0.02358,0.02358,0.02358,0.00000,0.0,0
1790752200,0.0235,0.0235,0.02338,0.02338,0.02346,13265.7169,3
1790752500,0.02338,0.02338,0.02338,0.02338,0.02338,9271.92713,1
1790752800,0.02362,0.02362,0.02358,0.02358,0.02360,21556.0155,2
1790753100,0.02362,0.02362,0.02355,0.02357,0.02357,28181.0155,6
1790753400,0.02355,0.02376,0.02355,0.02376,0.02359,149842.221,15
1790753700,0.02376,0.02383,0.02376,0.0238,0.02379,34387.23548,7
1790754000,0.02382,0.02383,0.02381,0.02382,0.02382,40870.1378,8
1790754300,0.02385,0.0239,0.02381,0.02381,0.02384,61360.83126,9
1790754600,0.02391,0.02413,0.0239,0.02404,0.02399,144176.34846,28
1790754900,0.02404,0.02404,0.02394,0.02396,0.02398,63892.41983,10
1790755200,0.02402,0.02402,0.02394,0.02395,0.02395,31093.6949,8
1790755500,0.024,0.024,0.02384,0.02384,0.02391,38181.0865,9
1790755800,0.0238,0.02381,0.0238,0.02381,0.02380,19977.26245,5
1790756100,0.0238,0.02382,0.0238,0.02382,0.02380,18039.46647,3
1790756400,0.02379,0.02385,0.02379,0.02383,0.02382,56152.0562,5
1790756700,0.02382,0.02382,0.02382,0.02382,0.02382,10993.1149,1
1790757000,0.02375,0.02375,0.02372,0.02374,0.02373,20482.6673,4
1790757300,0.02376,0.02384,0.02375,0.02384,0.02378,40691.3592,8
1790757600,0.02385,0.02385,0.02378,0.02378,0.02382,28659.1544,7
1790757900,0.02372,0.02388,0.02372,0.02388,0.02381,18457.5958,5
1790758200,0.02395,0.02395,0.02372,0.02377,0.02382,63835.73387,9
1790758500,0.02376,0.02376,0.02376,0.02376,0.02376,10842.3033,1
1790758800,0.02377,0.0238,0.02376,0.0238,0.02377,22235.9487,3
1790759100,0.02388,0.02388,0.02388,0.02388,0.02388,9697.3778,3
1790759400,0.02395,0.02396,0.02395,0.02396,0.02395,20677.6222,3
1790759700,0.02398,0.02398,0.02393,0.02393,0.02395,89196.5131,13
1790760000,0.02391,0.02399,0.02391,0.02396,0.02394,61242.5534,8
1790760300,0.02402,0.02402,0.02402,0.02402,0.02402,5187.9074,1
1790760600,0.02406,0.0242,0.02406,0.0242,0.02414,50067.91951,8
1790760900,0.02425,0.02425,0.0242,0.0242,0.02422,33186.6108,4
1790761200,0.02416,0.02419,0.02407,0.02408,0.02410,56182.10544,6
1790761500,0.02409,0.02432,0.02409,0.02424,0.02426,571689.53579,60
1790761800,0.0243,0.02438,0.02426,0.02438,0.02431,164736.47242,13
1790762100,0.02437,0.02458,0.02437,0.02439,0.02448,68722.99659,9
1790762400,0.02444,0.02445,0.02438,0.02438,0.02441,41682.2372,7
1790762700,0.02436,0.0244,0.02436,0.02438,0.02438,24042.22,4
1790763000,0.02432,0.02434,0.024,0.02418,0.02420,692525.79875,64
1790763300,0.02417,0.02422,0.02417,0.02422,0.02419,199566.34159,27
1790763600,0.0242,0.02429,0.0242,0.02425,0.02424,70227.9603,17
1790763900,0.02422,0.02431,0.02422,0.02429,0.02428,134202.70886,21
1790764200,0.02429,0.0244,0.02429,0.02436,0.02434,86589.33755,17
1790764500,0.02438,0.02438,0.02437,0.02437,0.02437,19345.23365,5
1790764800,0.02433,0.02433,0.02433,0.02433,0.02433,17945.2407,5
1790765100,0.02435,0.02436,0.02434,0.02434,0.02434,34403.99739,6
1790765400,0.02431,0.02431,0.02431,0.02431,0.02431,14206.01376,1
1790765700,0.02428,0.02428,0.02422,0.02423,0.02425,104212.61748,15
1790766000,0.02417,0.02417,0.02409,0.02409,0.02413,15600.0,2
1790766300,0.024,0.02404,0.024,0.02402,0.02402,29100.0,4
1790766600,0.02402,0.02402,0.02402,0.02402,0.00000,0.0,0
1790766900,0.02402,0.02402,0.02402,0.02402,0.00000,0.0,0
1790767200,0.02402,0.02402,0.02402,0.02402,0.00000,0.0,0
1790767500,0.02408,0.02412,0.02408,0.02412,0.02411,23771.1442,3
1790767800,0.02412,0.02412,0.02412,0.02412,0.00000,0.0,0
1790768100,0.02405,0.02405,0.02405,0.02405,0.02405,5000.0,1
1790768400,0.02405,0.02405,0.02405,0.02405,0.00000,0.0,0
1790768700,0.02405,0.02405,0.02405,0.02405,0.00000,0.0,0
1790769000,0.02405,0.02405,0.02405,0.02405,0.00000,0.0,0
1790769300,0.02405,0.02405,0.02405,0.02405,0.00000,0.0,0
1790769600,0.02405,0.02405,0.02405,0.02405,0.00000,0.0,0
1790769900,0.02409,0.02409,0.02408,0.02408,0.02408,10000.0,2
1790770200,0.02403,0.02403,0.02402,0.02403,0.02402,19757.29849,4
1790770500,0.02396,0.02396,0.02392,0.02392,0.02393,37091.91865,7
1790770800,0.02392,0.02392,0.02391,0.02391,0.02391,17427.01204,2
1790771100,0.02397,0.02397,0.02393,0.02393,0.02395,8795.9417,2
1790771400,0.02401,0.02439,0.02401,0.02423,0.02427,96996.68004,22
1790771700,0.02434,0.0244,0.02434,0.0244,0.02436,16438.3532,4
1790772000,0.02447,0.02449,0.02439,0.02442,0.02443,108963.32124,13
1790772300,0.02451,0.02466,0.02441,0.02466,0.02451,52821.56136,9
1790772600,0.02466,0.02466,0.02466,0.02466,0.00000,0.0,0
1790772900,0.02494,0.025,0.02493,0.02496,0.02495,38877.93891,7
1790773200,0.02494,0.02495,0.02487,0.02495,0.02491,42041.92445,7
1790773500,0.02496,0.02501,0.02495,0.02499,0.02497,120498.03156,21
1790773800,0.0249,0.02495,0.02486,0.0249,0.02489,50718.65487,8
1790774100,0.02496,0.02497,0.02492,0.02492,0.02494,106466.30306,12
1790774400,0.02492,0.02496,0.02492,0.02496,0.02494,56226.03721,8
1790774700,0.02493,0.02493,0.02489,0.02489,0.02491,15981.5602,2
1790775000,0.02491,0.02501,0.02484,0.02493,0.02488,35089.41705,8
1790775300,0.02492,0.02492,0.02441,0.02441,0.02480,183496.26826,15
1790775600,0.0246,0.02462,0.0246,0.02462,0.02460,3816.8189,2
1790775900,0.02463,0.02471,0.02455,0.0247,0.02462,6445.3781,7
1790776200,0.02469,0.02472,0.02469,0.0247,0.02470,10820.5901,4
1790776500,0.02467,0.02467,0.02467,0.02467,0.02467,12857.13561,2
1790776800,0.02458,0.02469,0.02455,0.02469,0.02459,59286.8198,10
1790777100,0.02466,0.02476,0.02462,0.02462,0.02471,44483.09911,8
1790777400,0.02461,0.02475,0.02454,0.02472,0.02457,180342.22246,18
1790777700,0.02466,0.02466,0.02446,0.02446,0.02453,39941.2957,7
1790778000,0.02455,0.02459,0.02425,0.02442,0.02439,89074.5719,15
1790778300,0.02446,0.02446,0.0243,0.0243,0.02437,37102.6929,6
1790778600,0.02436,0.02442,0.02427,0.02432,0.02435,60401.00019,11
1790778900,0.02427,0.02427,0.02416,0.02422,0.02420,33240.5759,8
1790779200,0.02401,0.02415,0.02401,0.0241,0.02408,67236.9611,14
1790779500,0.0241,0.02437,0.0241,0.02437,0.02423,227609.13428,19
1790779800,0.02445,0.02451,0.0244,0.02443,0.02443,54586.56487,11
1790780100,0.02445,0.02446,0.02434,0.02434,0.02440,40738.46116,7
1790780400,0.0244,0.02443,0.02431,0.02443,0.02438,107565.24317,16
1790780700,0.02443,0.02444,0.02434,0.02438,0.02438,46501.6143,15
1790781000,0.02443,0.02443,0.02432,0.02434,0.02440,174403.73491,23
1790781300,0.0243,0.02431,0.02417,0.02431,0.02424,71275.08017,10
1790781600,0.02428,0.0244,0.02428,0.02434,0.02438,150096.65486,15
1790781900,0.02422,0.02422,0.02382,0.02412,0.02404,373522.78671,46
1790782200,0.0242,0.02442,0.0242,0.02433,0.02433,40552.77653,10
1790782500,0.0243,0.02431,0.02422,0.02431,0.02426,35721.3393,7
1790782800,0.02435,0.02435,0.02428,0.02428,0.02433,37807.94512,7
1790783100,0.02429,0.02443,0.02429,0.02443,0.02436,23008.68632,4
1790783400,0.02453,0.02453,0.02446,0.02446,0.02449,19050.6343,3
1790783700,0.02445,0.02446,0.02444,0.02444,0.02445,33100.36508,6
1790784000,0.02445,0.02474,0.02445,0.02473,0.02457,38737.70411,11
1790784300,0.02477,0.0252,0.02471,0.02506,0.02495,1513591.72424,141
1790784600,0.0251,0.02517,0.02469,0.02469,0.02490,113968.52346,25
1790784900,0.02468,0.02474,0.0246,0.02465,0.02468,122765.57108,22
1790785200,0.02465,0.02472,0.02462,0.02472,0.02466,37644.6832,10
1790785500,0.0247,0.02478,0.0247,0.02474,0.02474,67395.32719,12
1790785800,0.02477,0.02477,0.02469,0.02469,0.02474,24330.37041,4
1790786100,0.02464,0.02494,0.02454,0.02494,0.02477,358319.28789,40
1790786400,0.02493,0.02505,0.0249,0.02498,0.02498,166369.71143,28
1790786700,0.025,0.0251,0.025,0.0251,0.02504,63495.52307,14
1790787000,0.025,0.02516,0.025,0.02509,0.02508,90483.95974,13
1790787300,0.02506,0.02507,0.02503,0.02505,0.02505,72906.2299,14
1790787600,0.02503,0.02519,0.02502,0.02502,0.02509,164564.555,30
1790787900,0.02504,0.02529,0.02504,0.02528,0.02519,90836.92254,10
1790788200,0.02529,0.0253,0.02517,0.02518,0.02523,52102.493,10
1790788500,0.02515,0.02561,0.02514,0.02542,0.02545,581915.07636,65
1790788800,0.02532,0.02539,0.02527,0.02536,0.02533,218049.36596,28
1790789100,0.0254,0.02549,0.02528,0.02545,0.02542,252041.20655,39
1790789400,0.02543,0.02545,0.02529,0.02529,0.02536,151844.32719,28
1790789700,0.02524,0.02524,0.0251,0.02514,0.02518,94066.62908,14
1790790000,0.02504,0.02515,0.02503,0.02513,0.02508,47060.382,8
1790790300,0.02508,0.02537,0.02508,0.02537,0.02523,96207.06089,19
1790790600,0.02534,0.02546,0.02534,0.02546,0.02539,85261.603,14
1790790900,0.02548,0.02578,0.02545,0.02578,0.02557,322689.59156,51
1790791200,0.02569,0.02578,0.02561,0.02577,0.02570,104518.06631,21
1790791500,0.02576,0.02582,0.02568,0.02582,0.02575,138786.586,20
1790791800,0.02587,0.02587,0.02572,0.02573,0.02576,55636.85149,12
1790792100,0.02574,0.02574,0.02567,0.02567,0.02569,93986.26025,19
1790792400,0.02565,0.02571,0.02563,0.02568,0.02568,71789.64619,12
1790792700,0.02567,0.02568,0.02561,0.02565,0.02565,101025.9565,14
1790793000,0.02569,0.02569,0.02553,0.02554,0.02558,47347.15079,10
1790793300,0.02538,0.0254,0.02536,0.0254,0.02538,27805.79142,5
1790793600,0.02535,0.02543,0.02533,0.02539,0.02537,96000.0,14
1790793900,0.0252,0.02524,0.02519,0.02524,0.02521,16051.36409,3
1790794200,0.02526,0.02541,0.02526,0.02541,0.02535,46596.25138,11
1790794500,0.02541,0.02568,0.02541,0.02566,0.02550,48077.99526,8
1790794800,0.02566,0.02566,0.02557,0.02559,0.02561,79791.34498,9
1790795100,0.02559,0.02572,0.02557,0.02572,0.02566,78298.19065,16
1790795400,0.02571,0.02571,0.02545,0.02545,0.02554,82774.29512,14
1790795700,0.02536,0.02538,0.02527,0.02537,0.02534,75158.12746,13
1790796000,0.02545,0.02547,0.0254,0.0254,0.02543,66294.99601,17
1790796300,0.02539,0.02539,0.02537,0.02538,0.02537,31873.9787,5
1790796600,0.0254,0.02551,0.02536,0.02545,0.02543,102214.86562,24
1790796900,0.0255,0.02561,0.0255,0.02561,0.02556,43655.0914,8
1790797200,0.02567,0.02567,0.02557,0.02557,0.02563,36436.9725,7
1790797500,0.02557,0.02557,0.02554,0.02555,0.02555,50120.26401,14
1790797800,0.02551,0.02551,0.02533,0.0254,0.02542,55364.57014,11
1790798100,0.02539,0.02549,0.02539,0.02548,0.02546,35134.71502,7
1790798400,0.0255,0.02554,0.02546,0.02551,0.02551,71970.67271,11
1790798700,0.02558,0.02578,0.0255,0.02576,0.02563,81543.52341,16
1790799000,0.02573,0.02594,0.02569,0.02594,0.02578,85967.80889,15
1790799300,0.02593,0.02604,0.02572,0.02579,0.02590,243155.92622,40
1790799600,0.02585,0.02592,0.0258,0.02585,0.02587,109496.59582,14
1790799900,0.02588,0.02603,0.02586,0.026,0.02596,337947.3237,38
1790800200,0.02601,0.02601,0.02568,0.02568,0.02583,24768.90519,9
1790800500,0.02571,0.02579,0.02571,0.02579,0.02573,41981.47775,8
1790800800,0.02561,0.02566,0.02561,0.02565,0.02563,43342.1377,8
1790801100,0.02564,0.02574,0.02561,0.02561,0.02564,122253.43468,15
1790801400,0.0256,0.02567,0.0256,0.02567,0.02562,27000.0,5
1790801700,0.02553,0.02564,0.02553,0.02564,0.02558,32123.3211,7
1790802000,0.02565,0.02577,0.02564,0.02576,0.02570,60591.23861,14
1790802300,0.02586,0.02588,0.02584,0.02587,0.02585,128025.37198,21
1790802600,0.02589,0.026,0.02586,0.02594,0.02592,127918.35593,21
1790802900,0.026,0.02606,0.02599,0.02606,0.02601,64763.87037,10
1790803200,0.0261,0.02613,0.02605,0.02605,0.02609,34477.16663,5
1790803500,0.02593,0.02593,0.02591,0.02592,0.02591,31728.18924,4
1790803800,0.02606,0.02639,0.02606,0.02638,0.02623,132759.10512,12
1790804100,0.02629,0.02635,0.02623,0.02627,0.02627,101362.57031,17
1790804400,0.02628,0.02637,0.02628,0.02637,0.02633,96752.34724,15
1790804700,0.02633,0.02655,0.02633,0.02649,0.02646,204643.10003,24
1790805000,0.0264,0.0264,0.02634,0.02634,0.02638,59980.55821,6
1790805300,0.02633,0.02646,0.02633,0.02645,0.02639,112496.50831,10
1790805600,0.02642,0.02649,0.02642,0.02643,0.02644,60724.87237,7
1790805900,0.02621,0.02621,0.02591,0.02591,0.02608,51529.63107,7
1790806200,0.026,0.02627,0.026,0.02627,0.02615,108329.8306,28
1790806500,0.02634,0.02634,0.02617,0.02627,0.02626,87453.13584,20
1790806800,0.02631,0.02637,0.02624,0.02624,0.02630,36619.98011,12
1790807100,0.02625,0.02649,0.02625,0.02649,0.02638,101284.8791,16
1790807400,0.02652,0.02666,0.02646,0.02664,0.02659,401826.61175,92
1790807700,0.02668,0.02675,0.02665,0.02673,0.02669,99029.59194,30
1790808000,0.02673,0.02693,0.02673,0.02685,0.02685,309002.01526,58
1790808300,0.02683,0.02684,0.02665,0.02665,0.02676,125481.77977,27
1790808600,0.02668,0.02669,0.02657,0.02669,0.02666,91536.29459,15
1790808900,0.02669,0.0268,0.02664,0.02664,0.02671,117621.76351,24
1790809200,0.02667,0.02679,0.02667,0.02674,0.02672,87451.02676,18
1790809500,0.02678,0.02698,0.02678,0.02695,0.02689,324005.47139,67
1790809800,0.02695,0.02712,0.02689,0.02696,0.02695,266592.35503,49
1790810100,0.02699,0.02713,0.02699,0.02709,0.02705,82184.96718,19
1790810400,0.02702,0.02735,0.02701,0.02728,0.02708,134421.39335,39
1790810700,0.0273,0.02736,0.02727,0.02729,0.02730,193630.18481,39
1790811000,0.02728,0.02759,0.02728,0.02755,0.02740,212916.75305,49
1790811300,0.02742,0.02765,0.0273,0.02764,0.02752,365816.50733,80
1790811600,0.02763,0.02807,0.02755,0.02793,0.02789,581330.19716,155
1790811900,0.02791,0.02806,0.02781,0.02805,0.02793,165598.0865,43
1790812200,0.02799,0.02804,0.02791,0.02796,0.02797,213071.33697,59
1790812500,0.02804,0.0281,0.02801,0.02807,0.02807,208580.16778,48
1790812800,0.02807,0.02808,0.02777,0.02797,0.02792,318254.81698,80
1790813100,0.02796,0.02809,0.02776,0.02777,0.02790,267084.14717,81
1790813400,0.02787,0.02825,0.02784,0.0282,0.02810,319138.58576,70
1790813700,0.02821,0.0283,0.02794,0.02802,0.02819,1759088.59545,259
1790814000,0.02804,0.02904,0.02804,0.02899,0.02866,543821.29505,110
1790814300,0.02901,0.02907,0.0282,0.02864,0.02875,609493.66006,139
1790814600,0.02862,0.02884,0.02847,0.02869,0.02862,474869.74159,92
1790814900,0.02863,0.02889,0.02858,0.02889,0.02866,676095.14272,110
1790815200,0.0288,0.02902,0.02876,0.02892,0.02888,667210.4039,142
1790815500,0.02893,0.02899,0.02836,0.02865,0.02861,655742.09756,110
1790815800,0.02866,0.02866,0.02799,0.02836,0.02836,617260.10855,117
1790816100,0.02834,0.02838,0.02812,0.02834,0.02826,973907.98577,161
1790816400,0.02836,0.02858,0.02824,0.02853,0.02854,701659.2616,95
1790816700,0.02853,0.02864,0.0283,0.0283,0.02857,231718.33634,34
1790817000,0.02842,0.02846,0.02839,0.02842,0.02842,65255.56868,12
1790817300,0.02825,0.02866,0.02825,0.02852,0.02853,251008.52752,39
1790817600,0.02853,0.02855,0.02836,0.02841,0.02847,155310.79027,32
1790817900,0.02848,0.02848,0.0283,0.02838,0.02840,83537.06671,27
1790818200,0.02829,0.02829,0.02782,0.02807,0.02799,220689.86591,48
1790818500,0.02819,0.02819,0.0279,0.02802,0.02801,107135.61432,56
1790818800,0.028,0.0282,0.0279,0.02816,0.02801,242108.77604,56
1790819100,0.02817,0.02821,0.02807,0.02807,0.02813,425462.34833,84
1790819400,0.02812,0.02827,0.02805,0.02805,0.02813,114571.04217,27
1790819700,0.02799,0.02806,0.0279,0.02793,0.02792,31064.67609,11
1790820000,0.02797,0.02802,0.02778,0.02802,0.02795,100128.20334,16
1790820300,0.02804,0.02804,0.02786,0.02802,0.02794,83929.82133,20
1790820600,0.02808,0.02833,0.02808,0.02816,0.02825,116742.59487,36
1790820900,0.02811,0.02811,0.02789,0.02797,0.02794,194260.22192,38
1790821200,0.028,0.02802,0.02793,0.028,0.02797,56021.98377,12
1790821500,0.02793,0.02797,0.0279,0.02792,0.02792,36943.20968,10
1790821800,0.02833,0.02833,0.02816,0.02823,0.02823,90916.64158,19
1790822100,0.02809,0.0282,0.02803,0.02803,0.02811,68986.34772,15
1790822400,0.02804,0.02866,0.02799,0.02866,0.02837,318519.88911,87
1790822700,0.02871,0.02871,0.02836,0.02836,0.02854,142785.76701,29
1790823000,0.02831,0.02839,0.02828,0.02839,0.02832,117288.38473,24
1790823300,0.02834,0.02868,0.02833,0.02867,0.02846,145915.68672,36
1790823600,0.02859,0.02862,0.02843,0.02853,0.02852,84184.39141,22
1790823900,0.02844,0.02855,0.02844,0.02848,0.02851,35143.56577,10
1790824200,0.0285,0.02854,0.02837,0.02845,0.02844,70874.96235,16
1790824500,0.02853,0.02872,0.02853,0.0287,0.02865,39637.40946,8
1790824800,0.02863,0.02874,0.02855,0.02855,0.02864,184286.53505,30
1790825100,0.02855,0.02858,0.02833,0.02833,0.02847,92385.06399,24
1790825400,0.02835,0.0284,0.02835,0.02837,0.02836,40410.26066,8
1790825700,0.0284,0.02845,0.02837,0.02845,0.02841,95645.84658,21
1790826000,0.02847,0.02872,0.02847,0.02861,0.02859,58468.68429,19
1790826300,0.02866,0.02885,0.02866,0.02879,0.02875,97218.99538,18
1790826600,0.02879,0.02888,0.02852,0.02855,0.02871,166560.43742,40
1790826900,0.02858,0.02901,0.02856,0.02894,0.02876,193544.86746,51
1790827200,0.0289,0.0289,0.02869,0.02881,0.02878,85849.65906,28
1790827500,0.02888,0.0289,0.02876,0.02881,0.02887,138532.68711,39
1790827800,0.02876,0.02876,0.02871,0.02873,0.02873,38345.6453,5
1790828100,0.02881,0.02881,0.02851,0.02856,0.02867,56493.73577,18
1790828400,0.02862,0.02881,0.02861,0.02879,0.02870,55465.97928,10
1790828700,0.02879,0.02884,0.02867,0.02867,0.02879,67802.68616,12
1790829000,0.02869,0.02873,0.02861,0.02866,0.02871,8723.67317,8
1790829300,0.02866,0.02871,0.02862,0.02865,0.02865,93928.20883,17
1790829600,0.02864,0.02866,0.02841,0.02848,0.02852,380891.7403,54
1790829900,0.02856,0.02856,0.0285,0.02856,0.02850,8132.42761,3
1790830200,0.02846,0.02846,0.02821,0.02821,0.02837,105118.64435,23
1790830500,0.02834,0.02872,0.02834,0.02869,0.02849,130160.1389,25
1790830800,0.02864,0.02892,0.02852,0.02892,0.02863,93507.61516,25
1790831100,0.02882,0.02914,0.02878,0.02912,0.02893,336305.08596,58
1790831400,0.02912,0.02918,0.02909,0.02912,0.02911,114146.03561,22
1790831700,0.02913,0.02913,0.02895,0.02895,0.02903,132101.00508,31
1790832000,0.02897,0.02907,0.02897,0.02904,0.02900,74193.8063,19
1790832300,0.02913,0.02943,0.02913,0.0294,0.02930,433652.2119,87
1790832600,0.02939,0.02968,0.02933,0.02941,0.02950,580036.56974,107
1790832900,0.02939,0.02946,0.02931,0.02946,0.02938,22651.43968,11
1790833200,0.02938,0.03324,0.02938,0.02963,0.02985,2927327.14054,497
1790833500,0.02961,0.02964,0.02942,0.02952,0.02960,395655.15592,67
1790833800,0.02951,0.02954,0.02945,0.02954,0.02948,46640.72766,13
1790834100,0.0296,0.02975,0.02936,0.0297,0.02959,167936.12741,44
1790834400,0.02967,0.02987,0.02952,0.02987,0.02976,180106.35351,64
1790834700,0.02986,0.02999,0.02983,0.0299,0.02991,157586.88039,51
1790835000,0.02991,0.03036,0.02991,0.03032,0.03024,465216.74567,129
1790835300,0.03034,0.03036,0.02997,0.02998,0.03011,529609.85975,116
1790835600,0.02997,0.03005,0.02988,0.02994,0.02999,415677.06511,96
1790835900,0.02995,0.03,0.02972,0.02982,0.02988,145438.2267,72
1790836200,0.02982,0.03,0.02979,0.02992,0.02987,159680.32386,44
1790836500,0.03,0.03004,0.0299,0.02996,0.02998,137624.05759,36
1790836800,0.02993,0.03,0.02981,0.03,0.02989,288933.42419,83
1790837100,0.03001,0.03039,0.02997,0.0301,0.03008,268113.2279,66
1790837400,0.03014,0.03031,0.03014,0.03016,0.03020,98711.85598,30
1790837700,0.03018,0.0302,0.03005,0.03007,0.03011,104124.6191,31
1790838000,0.03007,0.0302,0.03007,0.03015,0.03013,14595.7828,8
1790838300,0.03028,0.03028,0.03028,0.03028,0.03028,3000.0,1
1790838600,0.0303,0.03045,0.03026,0.03038,0.03035,266120.37131,93
1790838900,0.03038,0.03047,0.0298,0.02984,0.03015,366681.70681,139
1790839200,0.02979,0.02987,0.0293,0.02936,0.02959,1333408.53684,260
1790839500,0.0294,0.02942,0.02892,0.02929,0.02922,191938.86665,63
1790839800,0.02932,0.0297,0.02932,0.02967,0.02950,137782.34914,40
1790840100,0.02974,0.02974,0.02939,0.02939,0.02950,390864.04909,77
1790840400,0.02934,0.02934,0.02879,0.02881,0.02907,295442.48059,77
1790840700,0.02876,0.02897,0.0285,0.0285,0.02876,259571.74362,70
1790841000,0.02847,0.02891,0.02847,0.02869,0.02876,235608.16928,57
1790841300,0.02874,0.0288,0.02832,0.02837,0.02849,332022.31279,92
1790841600,0.02843,0.02866,0.02842,0.02866,0.02848,143096.6753,35
1790841900,0.02865,0.02865,0.02846,0.02846,0.02858,8668.84295,4
1790842200,0.02849,0.02867,0.02839,0.02867,0.02857,36620.44705,9
1790842500,0.02872,0.02885,0.02866,0.02867,0.02876,83959.57675,29
1790842800,0.02875,0.02879,0.02857,0.02859,0.02866,33804.46521,14
1790843100,0.02859,0.02859,0.02845,0.02845,0.02857,39908.15138,11
1790843400,0.0284,0.02847,0.02822,0.02838,0.02835,33964.8214,19
1790843700,0.02843,0.02855,0.02842,0.02851,0.02849,55502.6391,13
1790844000,0.02843,0.02857,0.02834,0.02842,0.02850,450127.69135,69
1790844300,0.02843,0.02854,0.02843,0.02847,0.02848,25420.6145,6
1790844600,0.02845,0.02845,0.02839,0.02845,0.02844,11917.2097,7
1790844900,0.02852,0.02852,0.0285,0.0285,0.02851,2843.8892,2
1790845200,0.02853,0.02876,0.02846,0.02876,0.02856,65762.49948,18
1790845500,0.02875,0.02922,0.02869,0.02881,0.02903,389981.53213,52
1790845800,0.02889,0.02889,0.0287,0.0287,0.02881,28505.58766,11
1790846100,0.02872,0.02874,0.0284,0.0284,0.02860,74993.07654,20
1790846400,0.02835,0.02846,0.02835,0.02843,0.02843,22212.4176,9
1790846700,0.02837,0.02837,0.02806,0.02824,0.02820,55040.24725,16
1790847000,0.0283,0.02842,0.02825,0.02829,0.02835,41940.29929,13
1790847300,0.02841,0.02844,0.02836,0.02839,0.02840,64560.51598,15
1790847600,0.02833,0.02847,0.02833,0.02844,0.02843,48370.29378,13
1790847900,0.02843,0.02844,0.02843,0.02844,0.02843,6144.8876,2
1790848200,0.02821,0.02821,0.02791,0.02805,0.02809,88325.9923,22
1790848500,0.02806,0.02819,0.02803,0.02813,0.02814,72672.49598,21
1790848800,0.02813,0.02813,0.02791,0.02804,0.02801,67182.94113,20
1790849100,0.02801,0.02821,0.02799,0.02821,0.02806,69375.38727,13
1790849400,0.02807,0.02811,0.02802,0.02803,0.02806,92861.23272,18
1790849700,0.02792,0.02808,0.02785,0.02802,0.02791,129832.54495,28
1790850000,0.02808,0.02809,0.02802,0.02809,0.02805,74393.48988,9
1790850300,0.02798,0.028,0.02784,0.028,0.02796,165037.61846,22
1790850600,0.02809,0.0281,0.02791,0.0281,0.02805,67355.58308,26
1790850900,0.02804,0.02813,0.02804,0.02813,0.02808,34239.05145,6
1790851200,0.02815,0.02855,0.028,0.02855,0.02827,152591.12829,42
1790851500,0.02859,0.02869,0.02831,0.02834,0.02852,158584.21304,39
1790851800,0.02834,0.02843,0.02834,0.02843,0.02838,76534.57476,18
1790852100,0.02844,0.02845,0.02825,0.02831,0.02837,58432.68262,22
1790852400,0.02828,0.02829,0.02816,0.02824,0.02818,43798.40126,10
1790852700,0.02821,0.02846,0.02821,0.02832,0.02833,41181.69289,20
1790853000,0.02816,0.02831,0.02816,0.02821,0.02823,36866.84095,6
1790853300,0.02822,0.02836,0.02819,0.02836,0.02827,61977.0408,9
1790853600,0.02836,0.02859,0.02836,0.02857,0.02854,78456.68552,14
1790853900,0.02841,0.02861,0.02841,0.02861,0.02851,55859.49332,16
1790854200,0.02859,0.02871,0.02852,0.02853,0.02861,137573.75957,36
1790854500,0.02858,0.02874,0.02858,0.02871,0.02866,106499.29663,26
1790854800,0.02873,0.02879,0.02863,0.02865,0.02872,112104.55151,21
1790855100,0.02866,0.02914,0.02866,0.02905,0.02896,789709.15957,93
1790855400,0.02901,0.02915,0.02892,0.02892,0.02905,56107.29305,13
1790855700,0.02891,0.02917,0.0289,0.02916,0.02906,208216.09622,49
1790856000,0.02918,0.02955,0.02903,0.02949,0.02920,286740.30395,74
1790856300,0.02946,0.02986,0.02939,0.02969,0.02963,383179.41494,87
1790856600,0.02966,0.02966,0.02948,0.02948,0.02958,78956.35009,29
1790856900,0.0295,0.02953,0.02934,0.02935,0.02941,91593.4215,30
1790857200,0.02934,0.02954,0.02933,0.02947,0.02940,70837.83009,17
1790857500,0.02946,0.02963,0.02946,0.02959,0.02956,122745.83093,31
1790857800,0.02957,0.02966,0.02953,0.02966,0.02957,181775.47754,35
1790858100,0.02939,0.0297,0.02939,0.02962,0.02958,351037.0586,47
1790858400,0.02965,0.02965,0.02952,0.02952,0.02960,51780.29587,13
1790858700,0.02942,0.02949,0.02921,0.02921,0.02941,151462.77507,27
1790859000,0.02911,0.02919,0.02907,0.02913,0.02912,28973.4368,21
1790859300,0.0292,0.0292,0.02912,0.02912,0.02916,9759.88192,10
1790859600,0.02918,0.02919,0.02885,0.02885,0.02899,93210.8342,35
1790859900,0.02887,0.02887,0.02855,0.02875,0.02869,240259.80787,52
1790860200,0.02866,0.0287,0.02859,0.0286,0.02861,260251.61279,43
1790860500,0.02858,0.02876,0.02858,0.02874,0.02869,48493.12859,12
1790860800,0.02885,0.02892,0.02869,0.02869,0.02886,50708.5069,11
1790861100,0.02875,0.02875,0.02844,0.02846,0.02865,379399.04127,65
1790861400,0.0285,0.0291,0.02837,0.02887,0.02864,161016.34591,44
1790861700,0.02883,0.02901,0.02876,0.02892,0.02882,326209.71688,59
1790862000,0.0289,0.02894,0.02883,0.02886,0.02889,105141.22681,27
1790862300,0.02893,0.02917,0.02859,0.02866,0.02896,197833.62519,44
1790862600,0.02876,0.02885,0.02874,0.02882,0.02880,55862.49064,10
1790862900,0.02885,0.02887,0.02835,0.0287,0.02866,411942.38254,78
1790863200,0.02854,0.02869,0.02849,0.02869,0.02858,117601.11543,26
1790863500,0.02849,0.02889,0.02849,0.02889,0.02874,532041.36843,64
1790863800,0.02876,0.0288,0.02851,0.02851,0.02877,437950.27569,34
1790864100,0.02851,0.02881,0.02849,0.02876,0.02863,121509.15903,40
1790864400,0.02869,0.02874,0.02851,0.02861,0.02861,150275.55288,30
1790864700,0.02868,0.02881,0.02864,0.02864,0.02868,53921.97123,15
1790865000,0.02866,0.02872,0.02859,0.02865,0.02864,52036.19977,14
1790865300,0.02865,0.02869,0.02857,0.02869,0.02862,134699.41879,31
1790865600,0.02869,0.0287,0.0285,0.02867,0.02860,134846.73911,33
1790865900,0.0287,0.02871,0.02845,0.0286,0.02861,112500.67316,24
1790866200,0.02861,0.0287,0.02827,0.02828,0.02841,330727.01863,80
1790866500,0.02852,0.02852,0.02825,0.0284,0.02839,102790.31724,34
1790866800,0.02845,0.02853,0.02835,0.02849,0.02844,107957.67586,26
1790867100,0.02847,0.02847,0.02827,0.02827,0.02838,46992.03536,13
1790867400,0.02826,0.02854,0.02826,0.02854,0.02842,84890.43592,21
1790867700,0.02857,0.02881,0.02857,0.02881,0.02873,46017.12637,12
1790868000,0.02889,0.02914,0.02887,0.02904,0.02892,190881.69172,49
1790868300,0.02895,0.02899,0.02891,0.02896,0.02896,106385.73805,15
1790868600,0.02885,0.02888,0.02876,0.02887,0.02883,196546.5674,35
1790868900,0.02883,0.02915,0.02878,0.02909,0.02897,198755.38193,47
1790869200,0.02907,0.02907,0.02881,0.0289,0.02891,38368.85808,14
1790869500,0.02889,0.02918,0.02884,0.02911,0.02899,42730.99689,16
1790869800,0.02911,0.02927,0.02905,0.02907,0.02918,290552.35898,36
1790870100,0.02911,0.02923,0.02911,0.02923,0.02916,293839.67078,38
1790870400,0.02924,0.02958,0.02922,0.02956,0.02944,81912.07348,29
1790870700,0.02954,0.02961,0.0294,0.0294,0.02953,70399.18563,19
1790871000,0.02934,0.02939,0.02923,0.02924,0.02929,334580.61156,36
1790871300,0.02927,0.02944,0.02926,0.02942,0.02934,123585.3095,34
1790871600,0.0292,0.02932,0.02914,0.02929,0.02925,102213.5705,27
1790871900,0.02927,0.02933,0.02916,0.02929,0.02926,42685.51483,11
1790872200,0.02943,0.02956,0.02943,0.02953,0.02948,43260.99698,12
1790872500,0.02941,0.0295,0.02898,0.02902,0.02921,137114.85698,42
1790872800,0.02904,0.0291,0.02894,0.02909,0.02900,118698.56081,29
1790873100,0.02908,0.02917,0.02902,0.02915,0.02906,148793.409,28
1790873400,0.02906,0.02925,0.02902,0.02924,0.02911,140157.69998,33
1790873700,0.02925,0.02926,0.02911,0.02913,0.02917,93013.14669,27
1790874000,0.02923,0.02984,0.02923,0.02974,0.02963,433811.7654,69
1790874300,0.0297,0.03023,0.0297,0.03018,0.02987,259990.25489,69
1790874600,0.03015,0.03028,0.02998,0.03015,0.03016,142367.12439,30
1790874900,0.03015,0.0303,0.03008,0.03012,0.03020,141150.70717,29
1790875200,0.03013,0.03013,0.02992,0.03003,0.03001,71327.94094,25
1790875500,0.03001,0.03074,0.03001,0.03066,0.03059,222337.58466,60
1790875800,0.0306,0.03079,0.03054,0.03079,0.03064,185252.31684,50
1790876100,0.03075,0.03101,0.03063,0.03064,0.03073,451619.76212,86
1790876400,0.03056,0.03069,0.03055,0.03069,0.03061,137797.87711,25
1790876700,0.03071,0.03104,0.0307,0.03102,0.03090,196223.60608,41
1790877000,0.03096,0.03104,0.03071,0.03071,0.03087,101356.3748,31
1790877300,0.03067,0.03077,0.0304,0.03047,0.03061,139910.89514,35
1790877600,0.03051,0.03075,0.03051,0.03062,0.03060,141917.05437,29
1790877900,0.03063,0.03075,0.0305,0.03069,0.03063,138889.69305,42
1790878200,0.0306,0.03091,0.03057,0.0307,0.03070,92319.46448,21
1790878500,0.03075,0.03098,0.03067,0.03091,0.03073,237809.51413,60
1790878800,0.03088,0.03093,0.03087,0.0309,0.03088,89083.16101,17
1790879100,0.03099,0.03108,0.03094,0.03101,0.03099,84759.04368,22
1790879400,0.03098,0.03099,0.03082,0.03083,0.03089,68370.84549,17
1790879700,0.03095,0.03112,0.03092,0.03112,0.03099,72313.52184,19
1790880000,0.03112,0.03112,0.03086,0.03098,0.03099,118587.77034,30
1790880300,0.03097,0.03114,0.03097,0.03103,0.03105,277890.57823,53
1790880600,0.03108,0.03117,0.03106,0.03112,0.03111,228924.38206,49
1790880900,0.03109,0.03122,0.03101,0.03106,0.03109,88575.38242,22
1790881200,0.03104,0.0311,0.03091,0.0311,0.03097,201121.24489,30
1790881500,0.03105,0.03108,0.03094,0.03108,0.03102,45145.29295,13
1790881800,0.03106,0.03106,0.03084,0.0309,0.03087,45993.54222,17
1790882100,0.03089,0.03089,0.03086,0.03087,0.03087,30548.36503,6
1790882400,0.03085,0.03099,0.03083,0.03099,0.03087,60826.84022,17
1790882700,0.03103,0.03129,0.03095,0.03101,0.03105,246796.59694,54
1790883000,0.03102,0.03126,0.03096,0.03113,0.03110,143656.29155,27
1790883300,0.03119,0.03132,0.03108,0.03108,0.03114,84480.06364,24
1790883600,0.03106,0.03122,0.03106,0.03122,0.03111,104594.97115,15
1790883900,0.0312,0.0312,0.03108,0.03108,0.03110,34413.66856,9
1790884200,0.03135,0.03135,0.03115,0.03115,0.03126,66922.8665,15
1790884500,0.03102,0.03102,0.03095,0.03095,0.03100,29422.99318,10
1790884800,0.03103,0.03113,0.03083,0.03087,0.03097,53205.40152,18
1790885100,0.03089,0.03089,0.03075,0.03075,0.03082,35654.04894,6
1790885400,0.0307,0.03071,0.03058,0.03066,0.03062,214701.84212,43
1790885700,0.03072,0.03072,0.03057,0.03057,0.03067,31000.83756,7
1790886000,0.03062,0.03063,0.03043,0.03063,0.03054,53559.24872,22
1790886300,0.03048,0.03058,0.03038,0.03056,0.03043,144482.28608,19
1790886600,0.03055,0.03067,0.03055,0.03066,0.03061,21443.10675,7
1790886900,0.03054,0.03054,0.03008,0.03008,0.03020,47950.7568,12
1790887200,0.03002,0.03011,0.02995,0.03005,0.03004,184743.42543,36
1790887500,0.03,0.03017,0.03,0.03016,0.03009,71983.8832,16
1790887800,0.03008,0.03012,0.0299,0.0299,0.03002,47484.70823,14
1790888100,0.03004,0.03004,0.02999,0.02999,0.03002,17940.2679,6
1790888400,0.03005,0.03023,0.03005,0.03019,0.03011,48732.55546,9
1790888700,0.03015,0.0303,0.03015,0.03025,0.03022,48468.2219,12
1790889000,0.03025,0.03025,0.03015,0.03019,0.03021,44199.83227,12
1790889300,0.03013,0.03026,0.03013,0.03022,0.03017,37634.69953,10
1790889600,0.03028,0.03028,0.0302,0.03022,0.03025,65835.37395,17
1790889900,0.03025,0.03025,0.03025,0.03025,0.03025,204.38359,1
1790890200,0.0301,0.0301,0.02991,0.02993,0.02999,70582.61021,11
1790890500,0.03005,0.03007,0.02963,0.02963,0.02982,63367.94178,13
1790890800,0.02963,0.02963,0.02963,0.02963,0.00000,0.0,0
1790891100,0.02981,0.02994,0.02979,0.02994,0.02980,10907.00685,3
1790891400,0.02994,0.02994,0.02994,0.02994,0.00000,0.0,0
1790891700,0.02992,0.02992,0.02986,0.02986,0.02989,59026.35276,5
1790892000,0.02986,0.02986,0.02986,0.02986,0.00000,0.0,0
1790892300,0.02986,0.02986,0.02986,0.02986,0.00000,0.0,0
1790892600,0.02994,0.02998,0.02981,0.02981,0.02993,49220.27473,9
1790892900,0.02984,0.02987,0.02984,0.02987,0.02985,14687.38457,2
1790893200,0.02985,0.02992,0.02979,0.02979,0.02984,24687.5849,7
1790893500,0.02975,0.02975,0.02972,0.02972,0.02972,8173.2868,2
1790893800,0.02965,0.02965,0.02963,0.02963,0.02963,46943.03567,7
1790894100,0.0297,0.02979,0.0297,0.02977,0.02974,57639.44969,12
1790894400,0.02969,0.02976,0.02968,0.02973,0.02971,82802.8154,9
1790894700,0.02959,0.02959,0.02959,0.02959,0.02959,1894.5616,1
1790895000,0.02959,0.02959,0.02959,0.02959,0.00000,0.0,0
1790895300,0.02966,0.02973,0.02966,0.02973,0.02968,40883.13923,6
1790895600,0.02971,0.02987,0.02971,0.02987,0.02974,32360.3308,7
1790895900,0.02985,0.02985,0.02977,0.02977,0.02980,47138.4721,11
1790896200,0.02988,0.02993,0.02988,0.02993,0.02990,24096.138,4
1790896500,0.02992,0.03,0.02992,0.02994,0.02995,76316.00063,17
1790896800,0.03,0.03,0.02992,0.02992,0.02993,44422.6243,9
1790897100,0.02991,0.02991,0.02991,0.02991,0.02991,5625.0,2
1790897400,0.02984,0.02991,0.02984,0.02991,0.02988,29663.38297,4
1790897700,0.02991,0.03001,0.02991,0.02998,0.02995,46025.6074,6
1790898000,0.02998,0.03006,0.02998,0.03005,0.03003,27766.86394,5
1790898300,0.02997,0.02997,0.02982,0.02983,0.02987,34313.41133,6
1790898600,0.03002,0.03002,0.03002,0.03002,0.03002,5625.0,1
1790898900,0.02998,0.03,0.02994,0.02995,0.02996,49299.62642,6
1790899200,0.02994,0.02994,0.02971,0.02972,0.02983,31065.67749,6
1790899500,0.02975,0.02986,0.02967,0.02967,0.02977,36492.38566,6
1790899800,0.02966,0.02977,0.02966,0.02977,0.02971,23037.8118,7
1790900100,0.02981,0.02991,0.02975,0.02991,0.02982,49198.29478,14
1790900400,0.02991,0.02991,0.02991,0.02991,0.00000,0.0,0
1790900700,0.02981,0.02981,0.02979,0.02979,0.02980,9286.2077,3
1790901000,0.02982,0.02987,0.02981,0.02987,0.02982,43306.471,11
1790901300,0.02989,0.02989,0.02981,0.02984,0.02984,21952.02813,8
1790901600,0.02985,0.03016,0.02983,0.0301,0.02994,50432.99415,13
1790901900,0.03015,0.03016,0.03003,0.03016,0.03008,87836.1053,16
1790902200,0.03012,0.03012,0.03005,0.03006,0.03008,66551.2709,11
1790902500,0.03001,0.03001,0.02999,0.03001,0.03000,11185.35088,4
1790902800,0.03005,0.03017,0.02981,0.02981,0.02996,172037.09198,36
1790903100,0.02976,0.02991,0.02976,0.02984,0.02985,27922.52462,5
1790903400,0.02976,0.02979,0.02976,0.02977,0.02977,41852.44949,4
1790903700,0.02988,0.03005,0.02988,0.02995,0.03001,77766.78054,12
1790904000,0.02998,0.03021,0.02992,0.03021,0.03002,215014.64894,26
1790904300,0.03019,0.03019,0.03,0.03,0.03012,61886.0791,13
1790904600,0.03011,0.03026,0.03011,0.03021,0.03017,64162.5012,11
1790904900,0.03006,0.03006,0.02999,0.02999,0.03001,55168.38603,11
1790905200,0.02992,0.02993,0.02973,0.02975,0.02979,92688.78901,19
1790905500,0.0298,0.0298,0.02978,0.02978,0.02979,17046.71352,4
1790905800,0.03007,0.03007,0.03006,0.03007,0.03006,26095.873,7
1790906100,0.03005,0.0301,0.02989,0.02991,0.02998,84920.34738,14
1790906400,0.02993,0.03036,0.02993,0.03033,0.03011,97021.48389,18
1790906700,0.03033,0.03042,0.03024,0.03034,0.03031,126285.6842,17
1790907000,0.03025,0.03025,0.03014,0.03023,0.03020,24138.2303,4
1790907300,0.03019,0.03043,0.03017,0.03036,0.03025,181142.40609,32
1790907600,0.0303,0.03031,0.0302,0.0302,0.03026,73034.56569,13
1790907900,0.03012,0.03024,0.03012,0.03015,0.03015,26063.96755,7
1790908200,0.03014,0.03023,0.03013,0.03021,0.03017,44030.0505,7
1790908500,0.03024,0.03031,0.03024,0.0303,0.03028,41328.49782,10
1790908800,0.03033,0.03042,0.03033,0.03041,0.03038,24380.72159,4
1790909100,0.03034,0.03041,0.0303,0.03041,0.03034,22458.914,4
1790909400,0.03032,0.03032,0.03008,0.03008,0.03012,15790.34753,7
1790909700,0.03022,0.03022,0.03022,0.03022,0.03022,7615.2755,2
1790910000,0.0302,0.03037,0.03013,0.03013,0.03022,80171.87885,15
1790910300,0.03012,0.03013,0.03002,0.03005,0.03007,39048.67274,6
1790910600,0.03009,0.03009,0.03009,0.03009,0.03009,7626.86299,1
1790910900,0.02991,0.02991,0.02991,0.02991,0.02991,210.0,1
1790911200,0.02997,0.03005,0.02997,0.03005,0.03003,9456.95,4
1790911500,0.02994,0.02994,0.02993,0.02993,0.02993,9982.0024,3
1790911800,0.02999,0.03036,0.02999,0.03029,0.03013,49480.21568,10
1790912100,0.03025,0.03025,0.03,0.03,0.03015,26115.3905,7
1790912400,0.0301,0.0301,0.03004,0.03004,0.03007,12331.0858,3
1790912700,0.03001,0.03001,0.03001,0.03001,0.03001,8297.1559,2
1790913000,0.02997,0.02997,0.02984,0.02984,0.02989,13551.4299,3
1790913300,0.03002,0.03002,0.02986,0.02986,0.02995,42983.50285,6
1790913600,0.0299,0.0299,0.0299,0.0299,0.02990,16773.5278,3
1790913900,0.02982,0.02982,0.02976,0.02976,0.02979,22927.9269,3
1790914200,0.02986,0.02986,0.02963,0.02963,0.02977,53755.69599,8
1790914500,0.02963,0.02974,0.02963,0.02974,0.02967,26627.1757,6
1790914800,0.02985,0.02998,0.02983,0.02992,0.02991,62939.82956,10
1790915100,0.03011,0.03024,0.03011,0.03017,0.03018,50265.27461,9
1790915400,0.03013,0.03014,0.02991,0.02992,0.03009,64896.48455,15
1790915700,0.03002,0.03002,0.03002,0.03002,0.03002,7082.2677,1
1790916000,0.03004,0.03004,0.03002,0.03002,0.03003,13885.8207,2
1790916300,0.02999,0.03002,0.02995,0.03002,0.02999,26752.8803,8
1790916600,0.02995,0.02998,0.02993,0.02998,0.02996,29598.74528,7
1790916900,0.02996,0.02998,0.02995,0.02997,0.02996,22785.7272,4
1790917200,0.0299,0.0299,0.02978,0.02978,0.02983,18164.0854,6
1790917500,0.02974,0.02987,0.02974,0.02984,0.02984,40141.1209,12
1790917800,0.02974,0.02974,0.02966,0.02966,0.02970,18624.7465,5
1790918100,0.0295,0.02953,0.0292,0.02928,0.02928,220777.89502,35
1790918400,0.02935,0.02936,0.02927,0.02927,0.02930,48354.49482,12
1790918700,0.02932,0.02938,0.02929,0.02938,0.02932,98807.63207,16
1790919000,0.02935,0.02961,0.02935,0.02961,0.02952,32361.56971,12
1790919300,0.02954,0.02954,0.02949,0.02949,0.02952,4647.8431,2
1790919600,0.02941,0.02967,0.0294,0.02966,0.02953,53225.94522,8
1790919900,0.02963,0.02965,0.02963,0.02963,0.02963,26434.30577,3
1790920200,0.02967,0.02967,0.0296,0.0296,0.02962,39577.58756,7
1790920500,0.02943,0.02946,0.02943,0.02946,0.02944,18392.3781,3
1790920800,0.02946,0.02951,0.02944,0.02947,0.02948,95129.28274,18
1790921100,0.02945,0.02947,0.0294,0.02941,0.02943,52717.97271,12
1790921400,0.0294,0.02958,0.0294,0.02957,0.02952,76752.39921,15
1790921700,0.02956,0.02968,0.02956,0.02968,0.02962,83376.90677,15
1790922000,0.02971,0.0298,0.02971,0.0298,0.02972,22245.0246,5
1790922300,0.02977,0.02986,0.02976,0.02986,0.02978,39123.51409,8
1790922600,0.02985,0.03019,0.02984,0.03013,0.03006,61109.69479,11
1790922900,0.03019,0.03021,0.03008,0.03014,0.03013,286465.04159,36
1790923200,0.03015,0.03034,0.03015,0.03029,0.03028,275280.27465,31
1790923500,0.0304,0.0304,0.03033,0.03034,0.03035,33799.32083,8
1790923800,0.03036,0.03036,0.03034,0.03034,0.03034,10631.7903,2
1790924100,0.03035,0.03035,0.03024,0.03025,0.03027,36999.2415,5
1790924400,0.03027,0.0303,0.03023,0.0303,0.03027,21443.6076,4
1790924700,0.03029,0.0303,0.03019,0.03019,0.03026,60130.69059,9
1790925000,0.03022,0.03025,0.03022,0.03025,0.03023,21062.7146,6
1790925300,0.03022,0.03031,0.03022,0.0303,0.03028,153670.12822,15
1790925600,0.03034,0.03034,0.03029,0.03029,0.03030,20695.7091,5
1790925900,0.03026,0.03031,0.03026,0.03031,0.03028,21190.73876,6
1790926200,0.03026,0.03026,0.03015,0.0302,0.03022,41892.58756,6
1790926500,0.03016,0.03016,0.03003,0.03003,0.03009,14335.7085,5
1790926800,0.02993,0.02995,0.02988,0.02995,0.02992,40909.03896,8
1790927100,0.02997,0.03002,0.02997,0.03002,0.02999,16501.4853,5
1790927400,0.02984,0.02987,0.02984,0.02987,0.02984,8839.5998,2
1790927700,0.03002,0.03016,0.03002,0.03005,0.03010,29588.03169,4
1790928000,0.03017,0.03017,0.03017,0.03017,0.03017,210.0,1
1790928300,0.03002,0.03012,0.03001,0.03006,0.03006,45523.34737,7
1790928600,0.03002,0.03002,0.0299,0.02992,0.02997,20705.52148,5
1790928900,0.0299,0.03003,0.02989,0.02999,0.02996,23723.29141,6
1790929200,0.03001,0.03001,0.02984,0.02984,0.02999,15521.2362,3
1790929500,0.0299,0.0299,0.02972,0.02972,0.02985,13646.39232,4
1790929800,0.02977,0.0298,0.02971,0.02979,0.02976,70653.35809,12
1790930100,0.02984,0.03,0.02984,0.02999,0.02997,22411.45553,6
1790930400,0.03001,0.03001,0.02996,0.02997,0.02997,17777.10242,4
1790930700,0.03014,0.03014,0.03007,0.03007,0.03011,11125.3667,3
1790931000,0.03007,0.03011,0.03007,0.03011,0.03008,13521.1197,3
1790931300,0.03022,0.03025,0.03021,0.03021,0.03022,24907.29772,8
1790931600,0.03009,0.03009,0.03007,0.03007,0.03007,8806.9436,2
1790931900,0.03021,0.03027,0.03018,0.03026,0.03023,21541.21071,6
1790932200,0.03027,0.03027,0.03019,0.03019,0.03022,66583.00287,13
1790932500,0.03015,0.03015,0.02994,0.02994,0.03003,63109.33857,13
1790932800,0.02999,0.02999,0.02976,0.02976,0.02984,19865.8779,3
1790933100,0.02973,0.02973,0.02973,0.02973,0.02973,1000.0,2
1790933400,0.02972,0.02972,0.02969,0.0297,0.02970,28292.67813,4
1790933700,0.02965,0.02965,0.0296,0.0296,0.02964,21076.62545,4
1790934000,0.0296,0.0296,0.0296,0.0296,0.00000,0.0,0
1790934300,0.02967,0.02977,0.02967,0.02973,0.02971,24651.72144,5
1790934600,0.0297,0.02985,0.0297,0.02984,0.02978,21064.48841,6
1790934900,0.02987,0.02992,0.02987,0.02992,0.02990,13509.4086,3
1790935200,0.02991,0.02991,0.02991,0.02991,0.02991,7649.6015,1
1790935500,0.03007,0.03007,0.02999,0.03001,0.03002,29117.0824,4
1790935800,0.03,0.03,0.02991,0.02991,0.02995,28331.4764,6
1790936100,0.03,0.03002,0.02997,0.03001,0.02999,28644.92639,5
1790936400,0.03007,0.03012,0.03002,0.03002,0.03007,19558.46316,4
1790936700,0.03005,0.03006,0.03005,0.03006,0.03005,17928.2538,5
