time,open,high,low,close,vwap,volume,count
1790463900,3.826e-06,3.826e-06,3.823e-06,3.823e-06,0.000003824,91833401.92955,2
1790464200,3.826e-06,3.827e-06,3.826e-06,3.827e-06,0.000003826,49213794.17684,2
1790464500,3.828e-06,3.828e-06,3.826e-06,3.826e-06,0.000003827,248936365.13338,5
1790464800,3.827e-06,3.827e-06,3.825e-06,3.825e-06,0.000003826,296690360.18598,4
1790465100,3.819e-06,3.82e-06,3.816e-06,3.818e-06,0.000003817,334261743.43473,9
1790465400,3.821e-06,3.821e-06,3.82e-06,3.82e-06,0.000003820,137896514.42206,3
1790465700,3.824e-06,3.824e-06,3.823e-06,3.823e-06,0.000003823,124673000.0,6
1790466000,3.823e-06,3.823e-06,3.82e-06,3.82e-06,0.000003821,137873540.81486,3
1790466300,3.82e-06,3.82e-06,3.82e-06,3.82e-06,0.000003820,204976788.92538,2
1790466600,3.831e-06,3.834e-06,3.831e-06,3.834e-06,0.000003832,105422730.42749,5
1790466900,3.834e-06,3.834e-06,3.834e-06,3.834e-06,0.000000000,0.0,0
1790467200,3.826e-06,3.826e-06,3.825e-06,3.825e-06,0.000003825,167712425.53577,2
1790467500,3.825e-06,3.825e-06,3.825e-06,3.825e-06,0.000000000,0.0,0
1790467800,3.824e-06,3.824e-06,3.823e-06,3.823e-06,0.000003823,91859618.44719,4
1790468100,3.814e-06,3.814e-06,3.81e-06,3.81e-06,0.000003813,113977403.1496,2
1790468400,3.809e-06,3.817e-06,3.809e-06,3.817e-06,0.000003816,22061010.10763,2
1790468700,3.817e-06,3.817e-06,3.817e-06,3.817e-06,0.000000000,0.0,0
1790469000,3.817e-06,3.817e-06,3.817e-06,3.817e-06,0.000003817,46007000.0,1
1790469300,3.819e-06,3.819e-06,3.819e-06,3.819e-06,0.000003819,4468654.614,1
1790469600,3.819e-06,3.819e-06,3.819e-06,3.819e-06,0.000000000,0.0,0
1790469900,3.819e-06,3.819e-06,3.819e-06,3.819e-06,0.000000000,0.0,0
1790470200,3.81e-06,3.81e-06,3.81e-06,3.81e-06,0.000003810,12040311.995,1
1790470500,3.807e-06,3.807e-06,3.807e-06,3.807e-06,0.000003807,46127931.03183,1
1790470800,3.805e-06,3.805e-06,3.805e-06,3.805e-06,0.000003805,46151021.26643,1
1790471100,3.804e-06,3.804e-06,3.804e-06,3.804e-06,0.000003804,3322200.0,1
1790471400,3.817e-06,3.819e-06,3.817e-06,3.818e-06,0.000003817,210125816.84976,5
1790471700,3.812e-06,3.812e-06,3.811e-06,3.811e-06,0.000003811,54241808.5178,3
1790472000,3.804e-06,3.804e-06,3.799e-06,3.799e-06,0.000003800,272683763.0458,5
1790472300,3.799e-06,3.799e-06,3.799e-06,3.799e-06,0.000000000,0.0,0
1790472600,3.801e-06,3.801e-06,3.798e-06,3.798e-06,0.000003800,47774622.7479,3
1790472900,3.798e-06,3.798e-06,3.798e-06,3.798e-06,0.000000000,0.0,0
1790473200,3.809e-06,3.809e-06,3.809e-06,3.809e-06,0.000003809,46105150.5843,1
1790473500,3.809e-06,3.809e-06,3.809e-06,3.809e-06,0.000000000,0.0,0
1790473800,3.811e-06,3.83e-06,3.811e-06,3.83e-06,0.000003820,95247651.09161,3
1790474100,3.833e-06,3.834e-06,3.827e-06,3.827e-06,0.000003830,293162200.01319,11
1790474400,3.831e-06,3.835e-06,3.829e-06,3.83e-06,0.000003830,260768438.43497,13
1790474700,3.828e-06,3.831e-06,3.828e-06,3.831e-06,0.000003829,59610500.0,3
1790475000,3.836e-06,3.836e-06,3.831e-06,3.832e-06,0.000003832,232745891.64918,6
1790475300,3.832e-06,3.848e-06,3.832e-06,3.847e-06,0.000003843,192396214.71017,8
1790475600,3.853e-06,3.862e-06,3.852e-06,3.852e-06,0.000003857,321265284.70078,19
1790475900,3.85e-06,3.85e-06,3.85e-06,3.85e-06,0.000003850,45607800.0,1
1790476200,3.85e-06,3.85e-06,3.85e-06,3.85e-06,0.000000000,0.0,0
1790476500,3.834e-06,3.834e-06,3.834e-06,3.834e-06,0.000003834,3322200.0,1
1790476800,3.829e-06,3.833e-06,3.829e-06,3.833e-06,0.000003831,330217599.22999,11
1790477100,3.831e-06,3.832e-06,3.831e-06,3.832e-06,0.000003831,190720625.0,6
1790477400,3.83e-06,3.83e-06,3.83e-06,3.83e-06,0.000003830,200000000.0,1
1790477700,3.83e-06,3.83e-06,3.83e-06,3.83e-06,0.000000000,0.0,0
1790478000,3.83e-06,3.83e-06,3.83e-06,3.83e-06,0.000000000,0.0,0
1790478300,3.823e-06,3.823e-06,3.822e-06,3.822e-06,0.000003822,91866533.28272,2
1790478600,3.822e-06,3.822e-06,3.822e-06,3.822e-06,0.000000000,0.0,0
1790478900,3.822e-06,3.822e-06,3.822e-06,3.822e-06,0.000000000,0.0,0
1790479200,3.815e-06,3.815e-06,3.814e-06,3.814e-06,0.000003814,293378544.37254,3
1790479500,3.814e-06,3.814e-06,3.814e-06,3.814e-06,0.000000000,0.0,0
1790479800,3.812e-06,3.812e-06,3.812e-06,3.812e-06,0.000003812,46063733.41991,1
1790480100,3.812e-06,3.812e-06,3.812e-06,3.812e-06,0.000000000,0.0,0
1790480400,3.817e-06,3.817e-06,3.814e-06,3.814e-06,0.000003816,225709730.46443,5
1790480700,3.814e-06,3.814e-06,3.814e-06,3.814e-06,0.000000000,0.0,0
1790481000,3.814e-06,3.814e-06,3.814e-06,3.814e-06,0.000000000,0.0,0
1790481300,3.814e-06,3.814e-06,3.814e-06,3.814e-06,0.000000000,0.0,0
1790481600,3.814e-06,3.814e-06,3.814e-06,3.814e-06,0.000000000,0.0,0
1790481900,3.814e-06,3.814e-06,3.814e-06,3.814e-06,0.000000000,0.0,0
1790482200,3.814e-06,3.814e-06,3.814e-06,3.814e-06,0.000000000,0.0,0
1790482500,3.807e-06,3.807e-06,3.807e-06,3.807e-06,0.000003807,46125901.65079,1
1790482800,3.805e-06,3.809e-06,3.805e-06,3.808e-06,0.000003808,96530159.62805,7
1790483100,3.802e-06,3.802e-06,3.802e-06,3.802e-06,0.000003802,10520778.53762,1
1790483400,3.802e-06,3.802e-06,3.802e-06,3.802e-06,0.000000000,0.0,0
1790483700,3.79e-06,3.79e-06,3.787e-06,3.787e-06,0.000003787,55653701.70491,4
1790484000,3.786e-06,3.786e-06,3.785e-06,3.785e-06,0.000003785,11511149.45162,4
1790484300,3.782e-06,3.787e-06,3.779e-06,3.787e-06,0.000003784,271767177.6085,14
1790484600,3.781e-06,3.781e-06,3.781e-06,3.781e-06,0.000003781,10579211.37265,2
1790484900,3.781e-06,3.781e-06,3.781e-06,3.781e-06,0.000000000,0.0,0
1790485200,3.791e-06,3.791e-06,3.791e-06,3.791e-06,0.000003791,49646307.15077,2
1790485500,3.791e-06,3.791e-06,3.791e-06,3.791e-06,0.000000000,0.0,0
1790485800,3.801e-06,3.801e-06,3.801e-06,3.801e-06,0.000003801,2215600.0,1
1790486100,3.801e-06,3.801e-06,3.801e-06,3.801e-06,0.000000000,0.0,0
1790486400,3.801e-06,3.801e-06,3.801e-06,3.801e-06,0.000000000,0.0,0
1790486700,3.802e-06,3.803e-06,3.801e-06,3.801e-06,0.000003802,11551875.11398,4
1790487000,3.799e-06,3.805e-06,3.799e-06,3.805e-06,0.000003800,48434661.01853,5
1790487300,3.809e-06,3.831e-06,3.809e-06,3.822e-06,0.000003826,121955976.80324,22
1790487600,3.822e-06,3.822e-06,3.82e-06,3.821e-06,0.000003821,31951927.81197,5
1790487900,3.822e-06,3.832e-06,3.822e-06,3.828e-06,0.000003826,1296632878.25232,27
1790488200,3.828e-06,3.829e-06,3.827e-06,3.827e-06,0.000003828,23905127.27896,3
1790488500,3.824e-06,3.825e-06,3.822e-06,3.825e-06,0.000003823,48081616.04139,9
1790488800,3.823e-06,3.828e-06,3.822e-06,3.822e-06,0.000003825,34172754.34272,11
1790489100,3.827e-06,3.834e-06,3.825e-06,3.834e-06,0.000003827,92235756.92725,9
1790489400,3.842e-06,3.848e-06,3.842e-06,3.845e-06,0.000003846,178877153.48866,11
1790489700,3.844e-06,3.85e-06,3.844e-06,3.849e-06,0.000003846,271373937.32506,26
1790490000,3.851e-06,3.854e-06,3.849e-06,3.851e-06,0.000003850,714294248.76533,17
1790490300,3.852e-06,3.867e-06,3.851e-06,3.863e-06,0.000003858,280493933.9456,33
1790490600,3.86e-06,3.86e-06,3.85e-06,3.85e-06,0.000003855,28961148.41615,6
1790490900,3.852e-06,3.862e-06,3.852e-06,3.862e-06,0.000003853,30348800.84498,5
1790491200,3.855e-06,3.855e-06,3.854e-06,3.854e-06,0.000003854,5214233.05026,2
1790491500,3.855e-06,3.857e-06,3.855e-06,3.857e-06,0.000003856,14647334.79096,2
1790491800,3.852e-06,3.854e-06,3.852e-06,3.854e-06,0.000003853,17512958.44534,3
1790492100,3.851e-06,3.851e-06,3.851e-06,3.851e-06,0.000003851,15628397.44846,2
1790492400,3.855e-06,3.86e-06,3.855e-06,3.86e-06,0.000003857,15625794.33661,4
1790492700,3.852e-06,3.855e-06,3.85e-06,3.855e-06,0.000003850,81795628.4211,5
1790493000,3.856e-06,3.861e-06,3.853e-06,3.854e-06,0.000003857,116349660.26567,14
1790493300,3.857e-06,3.857e-06,3.851e-06,3.851e-06,0.000003853,100697959.65882,13
1790493600,3.855e-06,3.859e-06,3.854e-06,3.859e-06,0.000003856,53275607.57994,8
1790493900,3.868e-06,3.87e-06,3.867e-06,3.87e-06,0.000003869,383467527.8493,6
1790494200,3.873e-06,3.89e-06,3.871e-06,3.889e-06,0.000003876,138645562.52126,27
1790494500,3.892e-06,3.895e-06,3.878e-06,3.889e-06,0.000003888,190763353.75454,15
1790494800,3.887e-06,3.889e-06,3.88e-06,3.882e-06,0.000003887,285504023.33251,15
1790495100,3.88e-06,3.896e-06,3.88e-06,3.896e-06,0.000003890,469072094.47581,26
1790495400,3.898e-06,3.905e-06,3.896e-06,3.897e-06,0.000003900,275761560.29008,31
1790495700,3.895e-06,3.904e-06,3.895e-06,3.903e-06,0.000003900,1021163846.79658,58
1790496000,3.905e-06,3.905e-06,3.897e-06,3.902e-06,0.000003898,448477956.01995,44
1790496300,3.903e-06,3.913e-06,3.9e-06,3.909e-06,0.000003909,476950130.55451,10
1790496600,3.907e-06,3.916e-06,3.904e-06,3.904e-06,0.000003910,807186912.47882,23
1790496900,3.9e-06,3.901e-06,3.9e-06,3.901e-06,0.000003900,209823427.20587,4
1790497200,3.897e-06,3.898e-06,3.892e-06,3.893e-06,0.000003892,391182330.4302,10
1790497500,3.887e-06,3.894e-06,3.887e-06,3.893e-06,0.000003892,2720500180.76833,16
1790497800,3.893e-06,3.91e-06,3.893e-06,3.906e-06,0.000003903,287792954.17995,14
1790498100,3.903e-06,3.903e-06,3.896e-06,3.897e-06,0.000003900,337349111.06257,18
1790498400,3.89e-06,3.89e-06,3.89e-06,3.89e-06,0.000003890,12737467.86632,1
1790498700,3.887e-06,3.887e-06,3.887e-06,3.887e-06,0.000003887,107421300.0,6
1790499000,3.884e-06,3.884e-06,3.884e-06,3.884e-06,0.000003884,48534163.91205,2
1790499300,3.885e-06,3.886e-06,3.875e-06,3.881e-06,0.000003881,263753570.6944,14
1790499600,3.879e-06,3.879e-06,3.87e-06,3.87e-06,0.000003870,721602320.01238,5
1790499900,3.865e-06,3.865e-06,3.854e-06,3.854e-06,0.000003863,57530714.24757,6
1790500200,3.849e-06,3.849e-06,3.833e-06,3.847e-06,0.000003838,197761267.67824,11
1790500500,3.846e-06,3.847e-06,3.846e-06,3.847e-06,0.000003846,129972271.9003,4
1790500800,3.847e-06,3.847e-06,3.847e-06,3.847e-06,0.000000000,0.0,0
1790501100,3.851e-06,3.851e-06,3.85e-06,3.85e-06,0.000003850,15703038.0,6
1790501400,3.853e-06,3.86e-06,3.851e-06,3.86e-06,0.000003852,132557536.4544,7
1790501700,3.856e-06,3.856e-06,3.856e-06,3.856e-06,0.000003856,2505787.52999,1
1790502000,3.856e-06,3.856e-06,3.856e-06,3.856e-06,0.000000000,0.0,0
1790502300,3.866e-06,3.866e-06,3.866e-06,3.866e-06,0.000003866,45430981.25234,3
1790502600,3.865e-06,3.865e-06,3.863e-06,3.863e-06,0.000003864,53077570.82818,3
1790502900,3.864e-06,3.865e-06,3.864e-06,3.865e-06,0.000003864,11819044.2432,4
1790503200,3.862e-06,3.87e-06,3.862e-06,3.868e-06,0.000003868,258035751.53501,5
1790503500,3.868e-06,3.871e-06,3.868e-06,3.871e-06,0.000003870,267967084.27428,6
1790503800,3.871e-06,3.876e-06,3.871e-06,3.876e-06,0.000003872,103993956.54761,7
1790504100,3.879e-06,3.882e-06,3.878e-06,3.879e-06,0.000003878,92042035.13441,15
1790504400,3.88e-06,3.88e-06,3.88e-06,3.88e-06,0.000003880,207022854.49857,2
1790504700,3.872e-06,3.872e-06,3.868e-06,3.872e-06,0.000003870,2836793662.85892,31
1790505000,3.872e-06,3.872e-06,3.872e-06,3.872e-06,0.000000000,0.0,0
1790505300,3.865e-06,3.866e-06,3.865e-06,3.866e-06,0.000003865,10918077.05581,4
1790505600,3.866e-06,3.866e-06,3.866e-06,3.866e-06,0.000003866,3322200.0,1
1790505900,3.87e-06,3.87e-06,3.87e-06,3.87e-06,0.000003870,3203724.38513,1
1790506200,3.876e-06,3.877e-06,3.876e-06,3.877e-06,0.000003876,353400390.23672,5
1790506500,3.873e-06,3.874e-06,3.87e-06,3.87e-06,0.000003873,28935031.64573,4
1790506800,3.87e-06,3.87e-06,3.867e-06,3.867e-06,0.000003869,49375000.0,5
1790507100,3.866e-06,3.869e-06,3.866e-06,3.869e-06,0.000003866,11644750.28,2
1790507400,3.87e-06,3.871e-06,3.87e-06,3.871e-06,0.000003870,103358778.83571,3
1790507700,3.861e-06,3.861e-06,3.861e-06,3.861e-06,0.000003861,3210420.50583,1
1790508000,3.86e-06,3.863e-06,3.858e-06,3.862e-06,0.000003861,121714239.19823,6
1790508300,3.866e-06,3.873e-06,3.866e-06,3.873e-06,0.000003871,193084841.81039,10
1790508600,3.866e-06,3.866e-06,3.866e-06,3.866e-06,0.000003866,7638429.06,1
1790508900,3.865e-06,3.867e-06,3.865e-06,3.865e-06,0.000003866,612655838.83073,9
1790509200,3.866e-06,3.866e-06,3.866e-06,3.866e-06,0.000003866,3207508.84938,1
1790509500,3.865e-06,3.865e-06,3.864e-06,3.864e-06,0.000003864,6644400.0,2
1790509800,3.876e-06,3.876e-06,3.875e-06,3.875e-06,0.000003875,107710155.5162,4
1790510100,3.874e-06,3.874e-06,3.874e-06,3.874e-06,0.000003874,19687500.0,1
1790510400,3.871e-06,3.871e-06,3.871e-06,3.871e-06,0.000003871,3048607.0,1
1790510700,3.889e-06,3.89e-06,3.889e-06,3.89e-06,0.000003889,6375847.1639,2
1790511000,3.887e-06,3.888e-06,3.887e-06,3.887e-06,0.000003887,154829062.01244,3
1790511300,3.887e-06,3.887e-06,3.887e-06,3.887e-06,0.000000000,0.0,0
1790511600,3.887e-06,3.887e-06,3.887e-06,3.887e-06,0.000000000,0.0,0
1790511900,3.887e-06,3.887e-06,3.887e-06,3.887e-06,0.000000000,0.0,0
1790512200,3.887e-06,3.887e-06,3.887e-06,3.887e-06,0.000000000,0.0,0
1790512500,3.902e-06,3.923e-06,3.901e-06,3.921e-06,0.000003912,824472470.98054,31
1790512800,3.926e-06,3.926e-06,3.916e-06,3.924e-06,0.000003920,995317608.36817,18
1790513100,3.91e-06,3.912e-06,3.908e-06,3.908e-06,0.000003909,425225760.93356,11
1790513400,3.902e-06,3.904e-06,3.902e-06,3.904e-06,0.000003902,65390927.78421,4
1790513700,3.895e-06,3.895e-06,3.887e-06,3.887e-06,0.000003888,54868511.32897,4
1790514000,3.876e-06,3.876e-06,3.849e-06,3.853e-06,0.000003853,3458270569.95796,30
1790514300,3.85e-06,3.861e-06,3.85e-06,3.858e-06,0.000003855,24079387.55974,8
1790514600,3.856e-06,3.856e-06,3.829e-06,3.84e-06,0.000003836,5773934023.78825,41
1790514900,3.842e-06,3.855e-06,3.842e-06,3.855e-06,0.000003849,875556628.00611,16
1790515200,3.851e-06,3.862e-06,3.851e-06,3.862e-06,0.000003859,261592024.58747,6
1790515500,3.863e-06,3.868e-06,3.863e-06,3.867e-06,0.000003865,315033751.1524,5
1790515800,3.872e-06,3.874e-06,3.872e-06,3.872e-06,0.000003872,14125279.61998,5
1790516100,3.875e-06,3.875e-06,3.862e-06,3.862e-06,0.000003874,213786242.27532,4
1790516400,3.857e-06,3.859e-06,3.852e-06,3.852e-06,0.000003852,4894166493.31113,15
1790516700,3.86e-06,3.86e-06,3.86e-06,3.86e-06,0.000003860,38839979.28534,2
1790517000,3.861e-06,3.862e-06,3.858e-06,3.858e-06,0.000003861,40839979.28534,4
1790517300,3.858e-06,3.858e-06,3.858e-06,3.858e-06,0.000000000,0.0,0
1790517600,3.882e-06,3.882e-06,3.865e-06,3.865e-06,0.000003865,179675264.03915,8
1790517900,3.869e-06,3.869e-06,3.869e-06,3.869e-06,0.000003869,24970277.02249,2
1790518200,3.877e-06,3.877e-06,3.866e-06,3.866e-06,0.000003871,236226063.96989,15
1790518500,3.866e-06,3.866e-06,3.866e-06,3.866e-06,0.000000000,0.0,0
1790518800,3.852e-06,3.853e-06,3.847e-06,3.847e-06,0.000003849,165610987.41273,8
1790519100,3.851e-06,3.851e-06,3.839e-06,3.839e-06,0.000003839,275320726.94034,7
1790519400,3.836e-06,3.847e-06,3.836e-06,3.841e-06,0.000003845,152765601.20506,6
1790519700,3.838e-06,3.839e-06,3.82e-06,3.824e-06,0.000003828,1283542239.11055,31
1790520000,3.831e-06,3.841e-06,3.826e-06,3.841e-06,0.000003828,451373179.21532,8
1790520300,3.839e-06,3.839e-06,3.811e-06,3.826e-06,0.000003815,97404856.74152,12
1790520600,3.833e-06,3.835e-06,3.83e-06,3.83e-06,0.000003833,276265953.2793,9
1790520900,3.832e-06,3.832e-06,3.827e-06,3.827e-06,0.000003829,7922200.0,3
1790521200,3.818e-06,3.829e-06,3.818e-06,3.822e-06,0.000003821,574757610.0,7
1790521500,3.812e-06,3.815e-06,3.804e-06,3.815e-06,0.000003810,231659214.79932,10
1790521800,3.817e-06,3.821e-06,3.817e-06,3.82e-06,0.000003819,541673026.53209,13
1790522100,3.82e-06,3.82e-06,3.82e-06,3.82e-06,0.000000000,0.0,0
1790522400,3.825e-06,3.827e-06,3.82e-06,3.82e-06,0.000003820,311619437.598,19
1790522700,3.807e-06,3.821e-06,3.807e-06,3.821e-06,0.000003808,276803749.801,9
1790523000,3.826e-06,3.829e-06,3.815e-06,3.818e-06,0.000003822,705626520.71806,24
1790523300,3.82e-06,3.821e-06,3.82e-06,3.821e-06,0.000003820,213609628.09665,3
1790523600,3.824e-06,3.824e-06,3.823e-06,3.823e-06,0.000003823,85541453.53465,8
1790523900,3.825e-06,3.838e-06,3.823e-06,3.838e-06,0.000003825,230077659.01199,11
1790524200,3.83e-06,3.831e-06,3.829e-06,3.829e-06,0.000003830,315665990.05982,7
1790524500,3.836e-06,3.838e-06,3.836e-06,3.838e-06,0.000003837,23816810.185,2
1790524800,3.843e-06,3.845e-06,3.842e-06,3.842e-06,0.000003844,18453729.89199,4
1790525100,3.854e-06,3.863e-06,3.854e-06,3.863e-06,0.000003859,63808740.40822,6
1790525400,3.855e-06,3.856e-06,3.855e-06,3.856e-06,0.000003855,8332681.23999,4
1790525700,3.849e-06,3.849e-06,3.849e-06,3.849e-06,0.000003849,3322200.0,1
1790526000,3.858e-06,3.863e-06,3.858e-06,3.863e-06,0.000003858,52180919.14565,3
1790526300,3.834e-06,3.834e-06,3.834e-06,3.834e-06,0.000003834,139142300.0,1
1790526600,3.824e-06,3.832e-06,3.824e-06,3.832e-06,0.000003828,46396427.92161,7
1790526900,3.833e-06,3.833e-06,3.823e-06,3.826e-06,0.000003830,195018189.78926,21
1790527200,3.834e-06,3.834e-06,3.834e-06,3.834e-06,0.000003834,1946374.54355,1
1790527500,3.835e-06,3.835e-06,3.835e-06,3.835e-06,0.000003835,50430563.99,3
1790527800,3.834e-06,3.838e-06,3.834e-06,3.838e-06,0.000003834,50682215.19286,3
1790528100,3.838e-06,3.838e-06,3.838e-06,3.838e-06,0.000000000,0.0,0
1790528400,3.834e-06,3.835e-06,3.834e-06,3.835e-06,0.000003834,242270216.19917,6
1790528700,3.844e-06,3.844e-06,3.834e-06,3.834e-06,0.000003843,238696246.71325,11
1790529000,3.846e-06,3.847e-06,3.845e-06,3.845e-06,0.000003846,10238973.75061,5
1790529300,3.845e-06,3.845e-06,3.845e-06,3.845e-06,0.000000000,0.0,0
1790529600,3.845e-06,3.846e-06,3.845e-06,3.846e-06,0.000003845,76449215.21255,4
1790529900,3.846e-06,3.846e-06,3.846e-06,3.846e-06,0.000000000,0.0,0
1790530200,3.833e-06,3.835e-06,3.833e-06,3.835e-06,0.000003834,297810769.23453,8
1790530500,3.847e-06,3.847e-06,3.846e-06,3.846e-06,0.000003846,48987942.00456,3
1790530800,3.846e-06,3.846e-06,3.846e-06,3.846e-06,0.000000000,0.0,0
1790531100,3.846e-06,3.846e-06,3.846e-06,3.846e-06,0.000000000,0.0,0
1790531400,3.854e-06,3.854e-06,3.849e-06,3.85e-06,0.000003853,544393133.46194,12
1790531700,3.85e-06,3.853e-06,3.85e-06,3.853e-06,0.000003852,58894638.06077,5
1790532000,3.853e-06,3.853e-06,3.853e-06,3.853e-06,0.000000000,0.0,0
1790532300,3.853e-06,3.853e-06,3.853e-06,3.853e-06,0.000000000,0.0,0
1790532600,3.862e-06,3.873e-06,3.862e-06,3.872e-06,0.000003872,131347066.77881,5
1790532900,3.879e-06,3.882e-06,3.879e-06,3.881e-06,0.000003881,156564300.47723,12
1790533200,3.874e-06,3.882e-06,3.874e-06,3.877e-06,0.000003881,87086261.21321,7
1790533500,3.876e-06,3.88e-06,3.876e-06,3.88e-06,0.000003877,16919015.86192,6
1790533800,3.88e-06,3.881e-06,3.874e-06,3.874e-06,0.000003879,116660457.64781,24
1790534100,3.873e-06,3.874e-06,3.873e-06,3.874e-06,0.000003873,26023057.10305,4
1790534400,3.871e-06,3.871e-06,3.87e-06,3.87e-06,0.000003870,24800353.06402,3
1790534700,3.869e-06,3.876e-06,3.869e-06,3.876e-06,0.000003870,39482828.63451,8
1790535000,3.873e-06,3.875e-06,3.87e-06,3.875e-06,0.000003873,216836552.4866,7
1790535300,3.877e-06,3.881e-06,3.875e-06,3.881e-06,0.000003880,49646565.23729,5
1790535600,3.883e-06,3.884e-06,3.866e-06,3.868e-06,0.000003870,351721596.465,20
1790535900,3.866e-06,3.866e-06,3.862e-06,3.862e-06,0.000003864,696850044.59,9
1790536200,3.872e-06,3.878e-06,3.872e-06,3.872e-06,0.000003875,81221947.0288,7
1790536500,3.875e-06,3.884e-06,3.875e-06,3.884e-06,0.000003879,284787621.44697,17
1790536800,3.873e-06,3.875e-06,3.873e-06,3.875e-06,0.000003873,12486059.234,2
1790537100,3.874e-06,3.874e-06,3.865e-06,3.867e-06,0.000003865,272008672.45743,8
1790537400,3.867e-06,3.867e-06,3.853e-06,3.86e-06,0.000003857,2049823359.9211,33
1790537700,3.862e-06,3.867e-06,3.862e-06,3.867e-06,0.000003864,79428729.54595,11
1790538000,3.867e-06,3.867e-06,3.867e-06,3.867e-06,0.000000000,0.0,0
1790538300,3.867e-06,3.869e-06,3.86e-06,3.86e-06,0.000003863,29245196.53998,8
1790538600,3.859e-06,3.859e-06,3.859e-06,3.859e-06,0.000003859,5019000.0,2
1790538900,3.857e-06,3.857e-06,3.857e-06,3.857e-06,0.000003857,2640028860.63,7
1790539200,3.863e-06,3.863e-06,3.856e-06,3.861e-06,0.000003860,850569108.9521,15
1790539500,3.859e-06,3.862e-06,3.857e-06,3.862e-06,0.000003859,66356442.35978,8
1790539800,3.869e-06,3.87e-06,3.869e-06,3.87e-06,0.000003869,5079236.0,2
1790540100,3.867e-06,3.867e-06,3.867e-06,3.867e-06,0.000003867,1689164.72717,1
1790540400,3.854e-06,3.854e-06,3.845e-06,3.848e-06,0.000003848,542086306.4376,18
1790540700,3.848e-06,3.848e-06,3.848e-06,3.848e-06,0.000000000,0.0,0
1790541000,3.848e-06,3.848e-06,3.848e-06,3.848e-06,0.000000000,0.0,0
1790541300,3.842e-06,3.842e-06,3.842e-06,3.842e-06,0.000003842,1750130.14055,1
1790541600,3.843e-06,3.846e-06,3.843e-06,3.846e-06,0.000003845,26856677.282,3
1790541900,3.85e-06,3.85e-06,3.838e-06,3.838e-06,0.000003840,169399592.5607,27
1790542200,3.831e-06,3.831e-06,3.831e-06,3.831e-06,0.000003831,39375000.0,2
1790542500,3.832e-06,3.833e-06,3.831e-06,3.832e-06,0.000003831,2570760178.42622,14
1790542800,3.833e-06,3.84e-06,3.833e-06,3.839e-06,0.000003836,711840757.40372,28
1790543100,3.842e-06,3.842e-06,3.842e-06,3.842e-06,0.000003842,2293056.35,1
1790543400,3.843e-06,3.843e-06,3.843e-06,3.843e-06,0.000003843,3322200.0,1
1790543700,3.862e-06,3.864e-06,3.856e-06,3.86e-06,0.000003861,697584820.3372,22
1790544000,3.852e-06,3.853e-06,3.852e-06,3.853e-06,0.000003852,2652136654.82,5
1790544300,3.849e-06,3.849e-06,3.849e-06,3.849e-06,0.000003849,1523694.46609,1
1790544600,3.852e-06,3.852e-06,3.846e-06,3.846e-06,0.000003848,31083297.946,3
1790544900,3.824e-06,3.828e-06,3.821e-06,3.828e-06,0.000003827,2767422599.86808,9
1790545200,3.836e-06,3.837e-06,3.834e-06,3.835e-06,0.000003835,1236441888.971,14
1790545500,3.842e-06,3.842e-06,3.84e-06,3.84e-06,0.000003840,244158506.77,3
1790545800,3.854e-06,3.854e-06,3.854e-06,3.854e-06,0.000003854,205358089.8358,1
1790546100,3.854e-06,3.854e-06,3.854e-06,3.854e-06,0.000000000,0.0,0
1790546400,3.844e-06,3.844e-06,3.829e-06,3.829e-06,0.000003836,91581612.6966,2
1790546700,3.813e-06,3.813e-06,3.798e-06,3.798e-06,0.000003800,769648041.11751,12
1790547000,3.796e-06,3.801e-06,3.776e-06,3.78e-06,0.000003782,402907229.13766,17
1790547300,3.781e-06,3.799e-06,3.775e-06,3.799e-06,0.000003792,235654887.31849,24
1790547600,3.799e-06,3.799e-06,3.799e-06,3.799e-06,0.000000000,0.0,0
1790547900,3.815e-06,3.815e-06,3.815e-06,3.815e-06,0.000003815,46054593.09234,1
1790548200,3.802e-06,3.802e-06,3.79e-06,3.79e-06,0.000003798,16611000.0,5
1790548500,3.785e-06,3.788e-06,3.785e-06,3.788e-06,0.000003786,25806316.45999,8
1790548800,3.782e-06,3.783e-06,3.782e-06,3.783e-06,0.000003782,6644400.0,2
1790549100,3.78e-06,3.78e-06,3.78e-06,3.78e-06,0.000003780,162320721.31375,2
1790549400,3.787e-06,3.8e-06,3.784e-06,3.8e-06,0.000003792,522947136.13312,12
1790549700,3.801e-06,3.801e-06,3.801e-06,3.801e-06,0.000003801,49571618.49594,2
1790550000,3.798e-06,3.812e-06,3.792e-06,3.812e-06,0.000003797,1925047814.33245,45
1790550300,3.794e-06,3.794e-06,3.794e-06,3.794e-06,0.000003794,3322200.0,1
1790550600,3.793e-06,3.798e-06,3.793e-06,3.798e-06,0.000003797,49610102.99705,2
1790550900,3.816e-06,3.816e-06,3.815e-06,3.815e-06,0.000003815,49392900.0,2
1790551200,3.814e-06,3.814e-06,3.814e-06,3.814e-06,0.000003814,3322200.0,1
1790551500,3.812e-06,3.82e-06,3.812e-06,3.818e-06,0.000003816,9966600.0,3
1790551800,3.817e-06,3.817e-06,3.817e-06,3.817e-06,0.000003817,48581179.26991,2
1790552100,3.808e-06,3.808e-06,3.806e-06,3.807e-06,0.000003807,17605029.06,4
1790552400,3.808e-06,3.808e-06,3.808e-06,3.808e-06,0.000003808,52814279.74556,3
1790552700,3.823e-06,3.823e-06,3.823e-06,3.823e-06,0.000003823,2615413.71594,1
1790553000,3.839e-06,3.842e-06,3.839e-06,3.842e-06,0.000003839,9662769.79339,2
1790553300,3.839e-06,3.839e-06,3.837e-06,3.837e-06,0.000003838,26437300.0,4
1790553600,3.837e-06,3.837e-06,3.837e-06,3.837e-06,0.000000000,0.0,0
1790553900,3.821e-06,3.821e-06,3.82e-06,3.82e-06,0.000003820,13172176.43,3
1790554200,3.809e-06,3.825e-06,3.804e-06,3.825e-06,0.000003806,1009966600.87,19
1790554500,3.825e-06,3.856e-06,3.825e-06,3.856e-06,0.000003837,376803010.12145,3
1790554800,3.862e-06,3.879e-06,3.862e-06,3.876e-06,0.000003872,295487096.95568,23
1790555100,3.864e-06,3.866e-06,3.855e-06,3.855e-06,0.000003864,178164693.20784,10
1790555400,3.866e-06,3.866e-06,3.823e-06,3.823e-06,0.000003852,110729378.83493,19
1790555700,3.811e-06,3.811e-06,3.811e-06,3.811e-06,0.000003811,3322200.0,1
1790556000,3.811e-06,3.811e-06,3.811e-06,3.811e-06,0.000000000,0.0,0
1790556300,3.811e-06,3.811e-06,3.811e-06,3.811e-06,0.000000000,0.0,0
1790556600,3.849e-06,3.861e-06,3.849e-06,3.861e-06,0.000003858,58088596.85005,7
1790556900,3.829e-06,3.829e-06,3.815e-06,3.815e-06,0.000003818,77217629.77003,8
1790557200,3.811e-06,3.821e-06,3.803e-06,3.803e-06,0.000003808,251150313.12401,14
1790557500,3.813e-06,3.829e-06,3.795e-06,3.826e-06,0.000003817,156880354.31384,9
1790557800,3.81e-06,3.814e-06,3.795e-06,3.795e-06,0.000003800,189624698.71569,10
1790558100,3.793e-06,3.803e-06,3.793e-06,3.803e-06,0.000003794,380276166.82029,19
1790558400,3.803e-06,3.823e-06,3.803e-06,3.805e-06,0.000003807,220994536.99289,7
1790558700,3.824e-06,3.824e-06,3.819e-06,3.819e-06,0.000003820,302035228.22532,4
1790559000,3.807e-06,3.816e-06,3.807e-06,3.814e-06,0.000003814,154726270.68604,8
1790559300,3.811e-06,3.811e-06,3.798e-06,3.798e-06,0.000003799,62863688.61443,6
1790559600,3.799e-06,3.803e-06,3.786e-06,3.786e-06,0.000003795,224614691.95687,11
1790559900,3.785e-06,3.788e-06,3.753e-06,3.754e-06,0.000003760,2380560185.8738,40
1790560200,3.756e-06,3.783e-06,3.75e-06,3.774e-06,0.000003763,92049236.54854,16
1790560500,3.792e-06,3.794e-06,3.772e-06,3.772e-06,0.000003773,201151700.0,8
1790560800,3.763e-06,3.767e-06,3.745e-06,3.767e-06,0.000003761,317372561.04688,30
1790561100,3.768e-06,3.785e-06,3.763e-06,3.781e-06,0.000003771,830902626.3963,12
1790561400,3.796e-06,3.802e-06,3.796e-06,3.802e-06,0.000003797,140439147.50132,5
1790561700,3.785e-06,3.785e-06,3.785e-06,3.785e-06,0.000003785,11360281.685,1
1790562000,3.78e-06,3.782e-06,3.775e-06,3.782e-06,0.000003776,73378571.398,9
1790562300,3.771e-06,3.787e-06,3.771e-06,3.786e-06,0.000003780,21921258.12,4
1790562600,3.765e-06,3.765e-06,3.753e-06,3.757e-06,0.000003760,56658866.59218,4
1790562900,3.764e-06,3.767e-06,3.736e-06,3.741e-06,0.000003744,414706346.13995,28
1790563200,3.747e-06,3.756e-06,3.747e-06,3.754e-06,0.000003753,20540210.882,4
1790563500,3.747e-06,3.747e-06,3.728e-06,3.732e-06,0.000003734,184789591.7381,12
1790563800,3.732e-06,3.732e-06,3.732e-06,3.732e-06,0.000000000,0.0,0
1790564100,3.733e-06,3.733e-06,3.729e-06,3.729e-06,0.000003731,59609157.56275,5
1790564400,3.734e-06,3.737e-06,3.734e-06,3.737e-06,0.000003735,6644400.0,2
1790564700,3.737e-06,3.737e-06,3.737e-06,3.737e-06,0.000000000,0.0,0
1790565000,3.744e-06,3.744e-06,3.744e-06,3.744e-06,0.000003744,3322200.0,1
1790565300,3.744e-06,3.744e-06,3.744e-06,3.744e-06,0.000000000,0.0,0
1790565600,3.748e-06,3.748e-06,3.739e-06,3.739e-06,0.000003739,53607540.41305,3
1790565900,3.722e-06,3.722e-06,3.698e-06,3.703e-06,0.000003700,5538958705.06107,48
1790566200,3.705e-06,3.705e-06,3.653e-06,3.672e-06,0.000003679,4020582363.79444,114
1790566500,3.659e-06,3.689e-06,3.652e-06,3.689e-06,0.000003664,129996937.72679,11
1790566800,3.695e-06,3.697e-06,3.695e-06,3.697e-06,0.000003696,15446358.753,2
1790567100,3.697e-06,3.708e-06,3.697e-06,3.705e-06,0.000003704,155821646.65373,13
1790567400,3.705e-06,3.705e-06,3.705e-06,3.705e-06,0.000000000,0.0,0
1790567700,3.676e-06,3.676e-06,3.667e-06,3.667e-06,0.000003673,1358920661.8878,29
1790568000,3.673e-06,3.673e-06,3.638e-06,3.651e-06,0.000003642,4437059394.15348,53
1790568300,3.65e-06,3.707e-06,3.646e-06,3.673e-06,0.000003681,48552698058.11367,264
1790568600,3.672e-06,3.688e-06,3.671e-06,3.685e-06,0.000003683,8426293739.06461,73
1790568900,3.685e-06,3.702e-06,3.677e-06,3.701e-06,0.000003687,346586293.61541,38
1790569200,3.702e-06,3.707e-06,3.699e-06,3.704e-06,0.000003703,235020309.666,11
1790569500,3.703e-06,3.703e-06,3.698e-06,3.698e-06,0.000003700,478957873.63184,20
1790569800,3.698e-06,3.699e-06,3.692e-06,3.692e-06,0.000003694,258736427.72173,11
1790570100,3.69e-06,3.698e-06,3.69e-06,3.695e-06,0.000003691,183126698.22,8
1790570400,3.693e-06,3.698e-06,3.693e-06,3.696e-06,0.000003695,41695915.32098,5
1790570700,3.695e-06,3.695e-06,3.695e-06,3.695e-06,0.000003695,3322200.0,1
1790571000,3.691e-06,3.7e-06,3.691e-06,3.7e-06,0.000003699,2756103264.65669,8
1790571300,3.704e-06,3.704e-06,3.704e-06,3.704e-06,0.000003704,1827753.7797,1
1790571600,3.701e-06,3.711e-06,3.691e-06,3.691e-06,0.000003704,99545569.52882,20
1790571900,3.693e-06,3.694e-06,3.685e-06,3.685e-06,0.000003690,226259800.714,10
1790572200,3.685e-06,3.687e-06,3.667e-06,3.677e-06,0.000003682,4035847727.50304,58
1790572500,3.68e-06,3.685e-06,3.68e-06,3.682e-06,0.000003684,678077699.05263,7
1790572800,3.68e-06,3.68e-06,3.669e-06,3.673e-06,0.000003674,1045254152.81831,42
1790573100,3.675e-06,3.679e-06,3.674e-06,3.679e-06,0.000003674,20544323.51956,4
1790573400,3.664e-06,3.664e-06,3.624e-06,3.624e-06,0.000003636,2051846004.69903,61
1790573700,3.629e-06,3.64e-06,3.628e-06,3.633e-06,0.000003633,452182674.92927,21
1790574000,3.641e-06,3.673e-06,3.641e-06,3.673e-06,0.000003656,234191894.85078,12
1790574300,3.672e-06,3.678e-06,3.664e-06,3.668e-06,0.000003669,446567945.49649,40
1790574600,3.66e-06,3.665e-06,3.66e-06,3.665e-06,0.000003662,21561534.753,3
1790574900,3.665e-06,3.678e-06,3.665e-06,3.678e-06,0.000003666,30603450.07873,5
1790575200,3.675e-06,3.675e-06,3.671e-06,3.674e-06,0.000003672,33305127.0,8
1790575500,3.684e-06,3.688e-06,3.68e-06,3.681e-06,0.000003684,264484069.77864,13
1790575800,3.689e-06,3.694e-06,3.689e-06,3.69e-06,0.000003691,49850503.05049,15
1790576100,3.679e-06,3.679e-06,3.679e-06,3.679e-06,0.000003679,3322200.0,1
1790576400,3.662e-06,3.662e-06,3.656e-06,3.658e-06,0.000003660,141927994.54517,15
1790576700,3.654e-06,3.654e-06,3.653e-06,3.653e-06,0.000003653,6644400.0,2
1790577000,3.65e-06,3.663e-06,3.65e-06,3.663e-06,0.000003659,540305983.093,28
1790577300,3.657e-06,3.657e-06,3.652e-06,3.653e-06,0.000003654,966768100.6565,19
1790577600,3.656e-06,3.666e-06,3.654e-06,3.664e-06,0.000003662,49120080.80307,13
1790577900,3.662e-06,3.663e-06,3.656e-06,3.656e-06,0.000003661,28132247.26302,3
1790578200,3.654e-06,3.66e-06,3.649e-06,3.659e-06,0.000003656,2987541988.39468,42
1790578500,3.653e-06,3.657e-06,3.653e-06,3.657e-06,0.000003655,17881264.98997,5
1790578800,3.659e-06,3.683e-06,3.659e-06,3.675e-06,0.000003669,94532803.85931,24
1790579100,3.666e-06,3.668e-06,3.662e-06,3.664e-06,0.000003664,181911158.36038,15
1790579400,3.667e-06,3.667e-06,3.655e-06,3.655e-06,0.000003656,66279098.51491,6
1790579700,3.652e-06,3.657e-06,3.651e-06,3.655e-06,0.000003655,92892501.77664,12
1790580000,3.657e-06,3.658e-06,3.634e-06,3.634e-06,0.000003640,19944337.72352,8
1790580300,3.636e-06,3.639e-06,3.629e-06,3.633e-06,0.000003633,481130761.37245,23
1790580600,3.634e-06,3.634e-06,3.62e-06,3.631e-06,0.000003623,1272306103.61077,54
1790580900,3.634e-06,3.64e-06,3.633e-06,3.639e-06,0.000003635,504094026.33013,30
1790581200,3.639e-06,3.649e-06,3.636e-06,3.638e-06,0.000003641,137211004.96094,28
1790581500,3.643e-06,3.646e-06,3.638e-06,3.638e-06,0.000003641,23614011.59706,7
1790581800,3.639e-06,3.645e-06,3.637e-06,3.645e-06,0.000003641,312729959.59636,21
1790582100,3.653e-06,3.655e-06,3.641e-06,3.641e-06,0.000003653,131296022.45544,19
1790582400,3.64e-06,3.66e-06,3.638e-06,3.654e-06,0.000003657,1186839970.19667,48
1790582700,3.65e-06,3.655e-06,3.65e-06,3.655e-06,0.000003652,10502806.25998,2
1790583000,3.664e-06,3.67e-06,3.664e-06,3.67e-06,0.000003667,22458754.21126,5
1790583300,3.668e-06,3.674e-06,3.668e-06,3.67e-06,0.000003671,123286074.94057,9
1790583600,3.67e-06,3.672e-06,3.661e-06,3.661e-06,0.000003669,98747637.41548,11
1790583900,3.663e-06,3.67e-06,3.663e-06,3.665e-06,0.000003666,103367271.4653,22
1790584200,3.669e-06,3.672e-06,3.667e-06,3.667e-06,0.000003669,1050424726.99501,15
1790584500,3.661e-06,3.662e-06,3.654e-06,3.659e-06,0.000003659,25316786.57716,8
1790584800,3.663e-06,3.663e-06,3.661e-06,3.661e-06,0.000003661,57174764.37197,5
1790585100,3.659e-06,3.665e-06,3.657e-06,3.664e-06,0.000003660,219135018.08716,11
1790585400,3.672e-06,3.674e-06,3.672e-06,3.674e-06,0.000003672,27647458.77561,5
1790585700,3.669e-06,3.677e-06,3.669e-06,3.672e-06,0.000003671,239391187.14853,58
1790586000,3.672e-06,3.678e-06,3.646e-06,3.651e-06,0.000003659,591544724.16406,71
1790586300,3.649e-06,3.649e-06,3.641e-06,3.645e-06,0.000003643,6094091529.71557,36
1790586600,3.64e-06,3.67e-06,3.633e-06,3.67e-06,0.000003645,454393805.92856,39
1790586900,3.665e-06,3.672e-06,3.665e-06,3.672e-06,0.000003668,91606568.82195,6
1790587200,3.675e-06,3.683e-06,3.667e-06,3.671e-06,0.000003673,112780346.02196,23
1790587500,3.673e-06,3.673e-06,3.663e-06,3.666e-06,0.000003666,117248540.83299,9
1790587800,3.667e-06,3.667e-06,3.657e-06,3.657e-06,0.000003665,36179397.47368,4
1790588100,3.659e-06,3.659e-06,3.65e-06,3.65e-06,0.000003652,72458985.33228,4
1790588400,3.65e-06,3.651e-06,3.645e-06,3.645e-06,0.000003650,15468324.80176,4
1790588700,3.645e-06,3.656e-06,3.643e-06,3.656e-06,0.000003645,247574770.37951,18
1790589000,3.657e-06,3.661e-06,3.65e-06,3.65e-06,0.000003652,219719558.85865,9
1790589300,3.65e-06,3.651e-06,3.65e-06,3.65e-06,0.000003650,14279013.03752,4
1790589600,3.654e-06,3.667e-06,3.654e-06,3.667e-06,0.000003662,71238916.277,6
1790589900,3.676e-06,3.676e-06,3.666e-06,3.666e-06,0.000003672,11811991.36785,4
1790590200,3.663e-06,3.663e-06,3.662e-06,3.663e-06,0.000003662,66021559.784,8
1790590500,3.663e-06,3.663e-06,3.663e-06,3.663e-06,0.000000000,0.0,0
1790590800,3.666e-06,3.666e-06,3.666e-06,3.666e-06,0.000003666,26685168.0,2
1790591100,3.675e-06,3.675e-06,3.671e-06,3.671e-06,0.000003672,127828360.97542,9
1790591400,3.672e-06,3.672e-06,3.671e-06,3.671e-06,0.000003671,7311468.0,3
1790591700,3.687e-06,3.694e-06,3.687e-06,3.694e-06,0.000003688,48796278.46015,10
1790592000,3.695e-06,3.695e-06,3.695e-06,3.695e-06,0.000003695,135317997.29364,1
1790592300,3.69e-06,3.691e-06,3.69e-06,3.69e-06,0.000003690,12412725.738,4
1790592600,3.699e-06,3.7e-06,3.693e-06,3.696e-06,0.000003695,655028782.58041,14
1790592900,3.696e-06,3.696e-06,3.696e-06,3.696e-06,0.000000000,0.0,0
1790593200,3.696e-06,3.699e-06,3.696e-06,3.696e-06,0.000003698,127451700.0,10
1790593500,3.695e-06,3.699e-06,3.694e-06,3.697e-06,0.000003696,1200075951.05339,26
1790593800,3.697e-06,3.698e-06,3.693e-06,3.693e-06,0.000003694,33706415.72668,9
1790594100,3.689e-06,3.696e-06,3.685e-06,3.695e-06,0.000003693,887978345.38361,62
1790594400,3.685e-06,3.696e-06,3.684e-06,3.692e-06,0.000003688,238972412.30451,33
1790594700,3.696e-06,3.696e-06,3.691e-06,3.691e-06,0.000003693,877730245.2316,14
1790595000,3.695e-06,3.696e-06,3.695e-06,3.696e-06,0.000003695,52504861.63587,3
1790595300,3.696e-06,3.696e-06,3.696e-06,3.696e-06,0.000000000,0.0,0
1790595600,3.702e-06,3.702e-06,3.696e-06,3.698e-06,0.000003701,57447565.869,4
1790595900,3.697e-06,3.699e-06,3.695e-06,3.698e-06,0.000003697,760129604.74237,33
1790596200,3.7e-06,3.71e-06,3.7e-06,3.707e-06,0.000003708,62953885.50343,7
1790596500,3.706e-06,3.713e-06,3.706e-06,3.71e-06,0.000003708,420450737.28577,34
1790596800,3.701e-06,3.71e-06,3.698e-06,3.71e-06,0.000003702,415262951.85547,22
1790597100,3.719e-06,3.75e-06,3.719e-06,3.75e-06,0.000003736,239608027.54303,23
1790597400,3.746e-06,3.752e-06,3.734e-06,3.737e-06,0.000003745,927491252.76873,26
1790597700,3.74e-06,3.76e-06,3.74e-06,3.76e-06,0.000003752,367374440.27959,12
1790598000,3.75e-06,3.754e-06,3.749e-06,3.754e-06,0.000003751,9966600.0,3
1790598300,3.75e-06,3.751e-06,3.743e-06,3.743e-06,0.000003744,608785358.5977,15
1790598600,3.744e-06,3.753e-06,3.742e-06,3.752e-06,0.000003744,2422021031.79224,35
1790598900,3.758e-06,3.763e-06,3.754e-06,3.757e-06,0.000003756,1858723451.8635,48
1790599200,3.747e-06,3.759e-06,3.747e-06,3.758e-06,0.000003752,2079726247.86194,34
1790599500,3.767e-06,3.778e-06,3.76e-06,3.76e-06,0.000003768,146522170.89015,12
1790599800,3.76e-06,3.781e-06,3.76e-06,3.781e-06,0.000003770,321179092.69848,19
1790600100,3.782e-06,3.782e-06,3.768e-06,3.768e-06,0.000003771,467418708.73479,37
1790600400,3.766e-06,3.766e-06,3.749e-06,3.754e-06,0.000003752,1955650440.80199,58
1790600700,3.75e-06,3.75e-06,3.749e-06,3.749e-06,0.000003749,199779523.77,6
1790601000,3.743e-06,3.754e-06,3.743e-06,3.75e-06,0.000003753,270511295.738,6
1790601300,3.761e-06,3.761e-06,3.754e-06,3.755e-06,0.000003758,28021425.934,5
1790601600,3.755e-06,3.755e-06,3.755e-06,3.755e-06,0.000000000,0.0,0
1790601900,3.767e-06,3.772e-06,3.764e-06,3.77e-06,0.000003766,1455800918.94456,27
1790602200,3.781e-06,3.781e-06,3.75e-06,3.761e-06,0.000003758,902158381.63356,26
1790602500,3.753e-06,3.776e-06,3.746e-06,3.776e-06,0.000003753,525955445.65447,65
1790602800,3.775e-06,3.776e-06,3.771e-06,3.773e-06,0.000003772,3546499846.60603,61
1790603100,3.775e-06,3.782e-06,3.767e-06,3.767e-06,0.000003773,454611159.56552,50
1790603400,3.761e-06,3.772e-06,3.751e-06,3.772e-06,0.000003759,419556877.11603,28
1790603700,3.774e-06,3.777e-06,3.762e-06,3.765e-06,0.000003765,190554783.52386,24
1790604000,3.751e-06,3.751e-06,3.735e-06,3.735e-06,0.000003741,91478622.59889,9
1790604300,3.731e-06,3.741e-06,3.73e-06,3.741e-06,0.000003734,134780761.0885,6
1790604600,3.747e-06,3.747e-06,3.744e-06,3.745e-06,0.000003745,55568675.015,6
1790604900,3.729e-06,3.729e-06,3.717e-06,3.72e-06,0.000003721,618071056.63547,27
1790605200,3.728e-06,3.739e-06,3.728e-06,3.736e-06,0.000003734,194701414.561,15
1790605500,3.743e-06,3.743e-06,3.674e-06,3.674e-06,0.000003703,546332928.25842,46
1790605800,3.697e-06,3.699e-06,3.684e-06,3.699e-06,0.000003696,227944963.76184,11
1790606100,3.71e-06,3.714e-06,3.702e-06,3.71e-06,0.000003711,338143923.25478,25
1790606400,3.699e-06,3.702e-06,3.665e-06,3.675e-06,0.000003684,901245079.74149,50
1790606700,3.675e-06,3.684e-06,3.66e-06,3.676e-06,0.000003675,704350157.75604,58
1790607000,3.675e-06,3.675e-06,3.628e-06,3.663e-06,0.000003650,653403037.36153,63
1790607300,3.653e-06,3.665e-06,3.65e-06,3.655e-06,0.000003661,410932410.92385,59
1790607600,3.668e-06,3.669e-06,3.654e-06,3.66e-06,0.000003665,454185003.58305,20
1790607900,3.652e-06,3.66e-06,3.646e-06,3.659e-06,0.000003654,1142263137.01143,70
1790608200,3.671e-06,3.676e-06,3.641e-06,3.656e-06,0.000003669,420012080.73405,12
1790608500,3.646e-06,3.646e-06,3.631e-06,3.64e-06,0.000003636,210665022.14615,43
1790608800,3.644e-06,3.66e-06,3.632e-06,3.66e-06,0.000003643,211146376.568,39
1790609100,3.664e-06,3.677e-06,3.653e-06,3.672e-06,0.000003662,825529997.19921,30
1790609400,3.671e-06,3.671e-06,3.664e-06,3.666e-06,0.000003666,203719836.185,7
1790609700,3.677e-06,3.693e-06,3.677e-06,3.69e-06,0.000003686,735241345.55891,50
1790610000,3.68e-06,3.68e-06,3.677e-06,3.677e-06,0.000003678,94244076.56963,2
1790610300,3.681e-06,3.687e-06,3.677e-06,3.683e-06,0.000003681,443825782.74478,36
1790610600,3.691e-06,3.691e-06,3.691e-06,3.691e-06,0.000003691,27092928.79978,2
1790610900,3.691e-06,3.691e-06,3.688e-06,3.689e-06,0.000003690,88384614.44498,15
1790611200,3.681e-06,3.681e-06,3.659e-06,3.659e-06,0.000003670,58618694.72666,13
1790611500,3.668e-06,3.694e-06,3.668e-06,3.686e-06,0.000003684,118659794.67159,10
1790611800,3.688e-06,3.688e-06,3.681e-06,3.681e-06,0.000003684,9020033960.37084,31
1790612100,3.687e-06,3.721e-06,3.679e-06,3.714e-06,0.000003712,1517062204.23955,96
1790612400,3.715e-06,3.731e-06,3.715e-06,3.73e-06,0.000003723,809948033.62921,58
1790612700,3.734e-06,3.741e-06,3.732e-06,3.736e-06,0.000003735,375289272.06453,18
1790613000,3.741e-06,3.746e-06,3.726e-06,3.727e-06,0.000003744,4488757052.90966,34
1790613300,3.727e-06,3.73e-06,3.715e-06,3.715e-06,0.000003723,1169045262.61408,16
1790613600,3.716e-06,3.716e-06,3.703e-06,3.704e-06,0.000003707,979016372.10174,28
1790613900,3.71e-06,3.71e-06,3.708e-06,3.708e-06,0.000003709,6644400.0,2
1790614200,3.7e-06,3.704e-06,3.7e-06,3.704e-06,0.000003702,245592863.013,9
1790614500,3.71e-06,3.711e-06,3.71e-06,3.71e-06,0.000003710,15435653.0,4
1790614800,3.708e-06,3.71e-06,3.693e-06,3.695e-06,0.000003705,3223192886.25021,70
1790615100,3.688e-06,3.692e-06,3.677e-06,3.679e-06,0.000003686,38022377.00696,8
1790615400,3.678e-06,3.752e-06,3.678e-06,3.752e-06,0.000003706,933519673.59426,64
1790615700,3.754e-06,3.754e-06,3.725e-06,3.725e-06,0.000003743,1068758829.9246,26
1790616000,3.727e-06,3.728e-06,3.722e-06,3.722e-06,0.000003724,369744420.82852,91
1790616300,3.723e-06,3.723e-06,3.716e-06,3.716e-06,0.000003721,388491998.01208,7
1790616600,3.718e-06,3.729e-06,3.718e-06,3.721e-06,0.000003721,339748393.486,38
1790616900,3.723e-06,3.723e-06,3.716e-06,3.716e-06,0.000003716,53953475.06125,3
1790617200,3.72e-06,3.729e-06,3.72e-06,3.729e-06,0.000003726,11310686.02151,4
1790617500,3.732e-06,3.732e-06,3.72e-06,3.72e-06,0.000003726,6010372.04301,2
1790617800,3.713e-06,3.722e-06,3.713e-06,3.722e-06,0.000003718,48197312.007,16
1790618100,3.722e-06,3.722e-06,3.722e-06,3.722e-06,0.000000000,0.0,0
1790618400,3.723e-06,3.723e-06,3.723e-06,3.723e-06,0.000003723,30000000.0,2
1790618700,3.729e-06,3.734e-06,3.729e-06,3.734e-06,0.000003733,48152584.73519,2
1790619000,3.741e-06,3.749e-06,3.741e-06,3.749e-06,0.000003745,45641205.87699,8
1790619300,3.754e-06,3.754e-06,3.748e-06,3.748e-06,0.000003749,6421152.43369,3
1790619600,3.748e-06,3.748e-06,3.748e-06,3.748e-06,0.000000000,0.0,0
1790619900,3.748e-06,3.748e-06,3.748e-06,3.748e-06,0.000000000,0.0,0
1790620200,3.731e-06,3.731e-06,3.718e-06,3.718e-06,0.000003723,14426140.615,4
1790620500,3.718e-06,3.718e-06,3.718e-06,3.718e-06,0.000000000,0.0,0
1790620800,3.716e-06,3.718e-06,3.712e-06,3.718e-06,0.000003714,1088342832.063,16
1790621100,3.731e-06,3.732e-06,3.73e-06,3.73e-06,0.000003730,53733757.231,11
1790621400,3.735e-06,3.735e-06,3.732e-06,3.732e-06,0.000003732,53778872.93,3
1790621700,3.732e-06,3.732e-06,3.732e-06,3.732e-06,0.000000000,0.0,0
1790622000,3.732e-06,3.732e-06,3.728e-06,3.728e-06,0.000003731,39856697.501,5
1790622300,3.711e-06,3.711e-06,3.701e-06,3.701e-06,0.000003702,76311047.66475,8
1790622600,3.696e-06,3.696e-06,3.696e-06,3.696e-06,0.000003696,3322200.0,1
1790622900,3.703e-06,3.703e-06,3.697e-06,3.697e-06,0.000003700,6199695.26643,2
1790623200,3.697e-06,3.697e-06,3.697e-06,3.697e-06,0.000000000,0.0,0
1790623500,3.691e-06,3.694e-06,3.687e-06,3.687e-06,0.000003688,669676255.505,14
1790623800,3.686e-06,3.687e-06,3.674e-06,3.674e-06,0.000003674,2714056919.81944,20
1790624100,3.672e-06,3.672e-06,3.641e-06,3.641e-06,0.000003655,3295950768.41462,59
1790624400,3.635e-06,3.643e-06,3.63e-06,3.643e-06,0.000003634,307685104.75204,13
1790624700,3.642e-06,3.643e-06,3.639e-06,3.641e-06,0.000003641,484761544.63739,14
1790625000,3.645e-06,3.655e-06,3.645e-06,3.655e-06,0.000003647,61141007.26826,3
1790625300,3.653e-06,3.654e-06,3.652e-06,3.654e-06,0.000003652,81709809.34275,5
1790625600,3.651e-06,3.671e-06,3.64e-06,3.671e-06,0.000003648,85114512.04703,10
1790625900,3.673e-06,3.679e-06,3.673e-06,3.679e-06,0.000003674,64094207.99832,6
1790626200,3.681e-06,3.683e-06,3.681e-06,3.683e-06,0.000003682,113115150.398,6
1790626500,3.673e-06,3.677e-06,3.673e-06,3.677e-06,0.000003674,12435075.998,4
1790626800,3.677e-06,3.677e-06,3.677e-06,3.677e-06,0.000000000,0.0,0
1790627100,3.69e-06,3.69e-06,3.687e-06,3.688e-06,0.000003689,185806284.24063,8
1790627400,3.687e-06,3.688e-06,3.686e-06,3.688e-06,0.000003687,56239211.10222,5
1790627700,3.683e-06,3.684e-06,3.679e-06,3.679e-06,0.000003682,9675300.0,3
1790628000,3.679e-06,3.679e-06,3.679e-06,3.679e-06,0.000003679,3322200.0,1
1790628300,3.669e-06,3.675e-06,3.668e-06,3.673e-06,0.000003671,159985808.28249,21
1790628600,3.673e-06,3.673e-06,3.673e-06,3.673e-06,0.000003673,6219150.279,2
1790628900,3.673e-06,3.673e-06,3.673e-06,3.673e-06,0.000000000,0.0,0
1790629200,3.69e-06,3.704e-06,3.69e-06,3.704e-06,0.000003698,1411906228.47214,21
1790629500,3.701e-06,3.701e-06,3.691e-06,3.691e-06,0.000003696,169905745.0466,10
1790629800,3.696e-06,3.696e-06,3.688e-06,3.688e-06,0.000003689,65022679.52215,7
1790630100,3.684e-06,3.684e-06,3.678e-06,3.682e-06,0.000003681,168107893.60373,4
1790630400,3.677e-06,3.677e-06,3.675e-06,3.675e-06,0.000003675,74772294.3905,2
1790630700,3.666e-06,3.666e-06,3.664e-06,3.664e-06,0.000003664,50731743.67427,3
1790631000,3.67e-06,3.67e-06,3.668e-06,3.668e-06,0.000003668,50856798.18458,2
1790631300,3.665e-06,3.665e-06,3.658e-06,3.658e-06,0.000003660,133058323.43001,4
1790631600,3.652e-06,3.652e-06,3.652e-06,3.652e-06,0.000003652,48166223.43216,1
1790631900,3.652e-06,3.652e-06,3.652e-06,3.652e-06,0.000000000,0.0,0
1790632200,3.641e-06,3.641e-06,3.641e-06,3.641e-06,0.000003641,3141716.02192,1
1790632500,3.641e-06,3.641e-06,3.641e-06,3.641e-06,0.000000000,0.0,0
1790632800,3.634e-06,3.634e-06,3.616e-06,3.623e-06,0.000003620,796923756.01032,9
1790633100,3.619e-06,3.628e-06,3.616e-06,3.628e-06,0.000003618,91944907.36753,3
1790633400,3.625e-06,3.625e-06,3.624e-06,3.624e-06,0.000003624,6644399.99999,2
1790633700,3.636e-06,3.636e-06,3.636e-06,3.636e-06,0.000003636,3322199.99999,1
1790634000,3.63e-06,3.63e-06,3.629e-06,3.629e-06,0.000003629,6644400.0,2
1790634300,3.628e-06,3.629e-06,3.628e-06,3.629e-06,0.000003628,13226784.23,3
1790634600,3.63e-06,3.63e-06,3.63e-06,3.63e-06,0.000003630,1745812.67217,1
1790634900,3.654e-06,3.655e-06,3.654e-06,3.655e-06,0.000003654,54770038.06555,3
1790635200,3.659e-06,3.66e-06,3.659e-06,3.66e-06,0.000003659,27322404.0,4
1790635500,3.666e-06,3.666e-06,3.666e-06,3.666e-06,0.000003666,2728133.80465,1
1790635800,3.666e-06,3.67e-06,3.666e-06,3.669e-06,0.000003667,60653450.40238,5
1790636100,3.669e-06,3.669e-06,3.669e-06,3.669e-06,0.000000000,0.0,0
1790636400,3.675e-06,3.685e-06,3.675e-06,3.685e-06,0.000003680,7718012.62999,3
1790636700,3.685e-06,3.685e-06,3.684e-06,3.684e-06,0.000003684,127326502.50433,3
1790637000,3.676e-06,3.676e-06,3.676e-06,3.676e-06,0.000003676,3322200.0,1
1790637300,3.676e-06,3.676e-06,3.676e-06,3.676e-06,0.000000000,0.0,0
1790637600,3.685e-06,3.685e-06,3.684e-06,3.684e-06,0.000003684,69311831.51205,6
1790637900,3.693e-06,3.694e-06,3.693e-06,3.694e-06,0.000003693,6460774.02851,2
1790638200,3.694e-06,3.694e-06,3.694e-06,3.694e-06,0.000000000,0.0,0
1790638500,3.689e-06,3.689e-06,3.689e-06,3.689e-06,0.000003689,3322200.0,1
1790638800,3.689e-06,3.689e-06,3.689e-06,3.689e-06,0.000000000,0.0,0
1790639100,3.7e-06,3.7e-06,3.7e-06,3.7e-06,0.000003700,78750000.0,2
1790639400,3.699e-06,3.699e-06,3.699e-06,3.699e-06,0.000003699,214021444.30849,1
1790639700,3.701e-06,3.704e-06,3.701e-06,3.703e-06,0.000003702,39225340.19446,7
1790640000,3.7e-06,3.7e-06,3.698e-06,3.698e-06,0.000003699,9072174.93999,3
1790640300,3.701e-06,3.701e-06,3.701e-06,3.701e-06,0.000003701,1782872.17,1
1790640600,3.707e-06,3.708e-06,3.707e-06,3.708e-06,0.000003707,6192657.72999,2
1790640900,3.693e-06,3.693e-06,3.693e-06,3.693e-06,0.000003693,3322199.99999,1
1790641200,3.689e-06,3.689e-06,3.688e-06,3.688e-06,0.000003688,6644400.0,2
1790641500,3.701e-06,3.701e-06,3.696e-06,3.696e-06,0.000003698,6644400.0,2
1790641800,3.708e-06,3.708e-06,3.708e-06,3.708e-06,0.000003708,47456631.27554,1
1790642100,3.71e-06,3.71e-06,3.708e-06,3.71e-06,0.000003709,9322200.0,3
1790642400,3.71e-06,3.71e-06,3.71e-06,3.71e-06,0.000000000,0.0,0
1790642700,3.71e-06,3.71e-06,3.71e-06,3.71e-06,0.000000000,0.0,0
1790643000,3.71e-06,3.71e-06,3.71e-06,3.71e-06,0.000000000,0.0,0
1790643300,3.665e-06,3.665e-06,3.665e-06,3.665e-06,0.000003665,2728409.34626,2
1790643600,3.666e-06,3.672e-06,3.666e-06,3.672e-06,0.000003668,88577567.13559,3
1790643900,3.666e-06,3.666e-06,3.657e-06,3.657e-06,0.000003661,6644400.0,2
1790644200,3.644e-06,3.644e-06,3.634e-06,3.636e-06,0.000003636,249384040.33127,9
1790644500,3.629e-06,3.634e-06,3.62e-06,3.62e-06,0.000003629,7577903.76392,4
1790644800,3.627e-06,3.642e-06,3.627e-06,3.631e-06,0.000003640,256632458.22456,14
1790645100,3.612e-06,3.612e-06,3.592e-06,3.592e-06,0.000003596,1002418445.79749,24
1790645400,3.592e-06,3.597e-06,3.578e-06,3.593e-06,0.000003584,1304178329.40073,68
1790645700,3.588e-06,3.589e-06,3.571e-06,3.589e-06,0.000003581,251994593.76369,21
1790646000,3.585e-06,3.608e-06,3.584e-06,3.599e-06,0.000003600,180489059.16647,15
1790646300,3.607e-06,3.628e-06,3.607e-06,3.623e-06,0.000003621,67800970.92942,7
1790646600,3.613e-06,3.626e-06,3.606e-06,3.626e-06,0.000003612,590700891.63932,7
1790646900,3.629e-06,3.63e-06,3.627e-06,3.63e-06,0.000003628,11775100.0,3
1790647200,3.631e-06,3.633e-06,3.631e-06,3.633e-06,0.000003631,6183217.06578,2
1790647500,3.631e-06,3.631e-06,3.622e-06,3.623e-06,0.000003626,124892539.78017,11
1790647800,3.615e-06,3.635e-06,3.609e-06,3.626e-06,0.000003623,596033051.19608,24
1790648100,3.635e-06,3.64e-06,3.628e-06,3.632e-06,0.000003633,16611000.0,5
1790648400,3.638e-06,3.639e-06,3.611e-06,3.615e-06,0.000003615,201637232.9513,16
1790648700,3.615e-06,3.615e-06,3.609e-06,3.609e-06,0.000003609,222568953.40178,5
1790649000,3.614e-06,3.615e-06,3.598e-06,3.598e-06,0.000003612,68143934.2711,7
1790649300,3.604e-06,3.623e-06,3.604e-06,3.623e-06,0.000003615,5594647.28079,2
1790649600,3.621e-06,3.625e-06,3.618e-06,3.625e-06,0.000003619,321107768.64957,6
1790649900,3.625e-06,3.625e-06,3.625e-06,3.625e-06,0.000000000,0.0,0
1790650200,3.629e-06,3.629e-06,3.62e-06,3.62e-06,0.000003628,219503178.75221,2
1790650500,3.636e-06,3.636e-06,3.636e-06,3.636e-06,0.000003636,6644400.0,2
1790650800,3.641e-06,3.641e-06,3.641e-06,3.641e-06,0.000003641,3322200.0,1
1790651100,3.643e-06,3.646e-06,3.639e-06,3.642e-06,0.000003643,375485468.40986,12
1790651400,3.642e-06,3.642e-06,3.642e-06,3.642e-06,0.000000000,0.0,0
1790651700,3.638e-06,3.665e-06,3.638e-06,3.665e-06,0.000003642,300817443.57622,12
1790652000,3.665e-06,3.69e-06,3.665e-06,3.69e-06,0.000003676,720562813.75436,16
1790652300,3.685e-06,3.685e-06,3.685e-06,3.685e-06,0.000003685,1510302.73999,1
1790652600,3.685e-06,3.685e-06,3.685e-06,3.685e-06,0.000000000,0.0,0
1790652900,3.685e-06,3.685e-06,3.685e-06,3.685e-06,0.000000000,0.0,0
1790653200,3.68e-06,3.68e-06,3.68e-06,3.68e-06,0.000003680,150000000.0,1
1790653500,3.679e-06,3.679e-06,3.679e-06,3.679e-06,0.000003679,2090078.82576,2
1790653800,3.679e-06,3.679e-06,3.679e-06,3.679e-06,0.000000000,0.0,0
1790654100,3.668e-06,3.668e-06,3.668e-06,3.668e-06,0.000003668,215854431.38722,1
1790654400,3.67e-06,3.67e-06,3.662e-06,3.662e-06,0.000003665,9966600.0,3
1790654700,3.66e-06,3.66e-06,3.656e-06,3.656e-06,0.000003657,5349904.91803,2
1790655000,3.677e-06,3.677e-06,3.677e-06,3.677e-06,0.000003677,34468711.0,1
1790655300,3.677e-06,3.677e-06,3.677e-06,3.677e-06,0.000000000,0.0,0
1790655600,3.677e-06,3.677e-06,3.677e-06,3.677e-06,0.000000000,0.0,0
1790655900,3.677e-06,3.677e-06,3.677e-06,3.677e-06,0.000000000,0.0,0
1790656200,3.683e-06,3.683e-06,3.673e-06,3.673e-06,0.000003673,42996874.69018,3
1790656500,3.672e-06,3.678e-06,3.672e-06,3.678e-06,0.000003677,162115536.41375,3
1790656800,3.676e-06,3.676e-06,3.667e-06,3.668e-06,0.000003668,41231038.33054,4
1790657100,3.653e-06,3.653e-06,3.653e-06,3.653e-06,0.000003653,222559948.43381,3
1790657400,3.655e-06,3.656e-06,3.655e-06,3.656e-06,0.000003655,6644400.0,2
1790657700,3.656e-06,3.656e-06,3.656e-06,3.656e-06,0.000000000,0.0,0
1790658000,3.675e-06,3.675e-06,3.668e-06,3.668e-06,0.000003671,47429937.0,20
1790658300,3.663e-06,3.663e-06,3.658e-06,3.658e-06,0.000003660,9966599.99997,3
1790658600,3.659e-06,3.659e-06,3.659e-06,3.659e-06,0.000003659,3322199.99999,1
1790658900,3.656e-06,3.671e-06,3.656e-06,3.671e-06,0.000003670,57926338.12419,4
1790659200,3.674e-06,3.674e-06,3.672e-06,3.672e-06,0.000003672,226236310.74997,4
1790659500,3.672e-06,3.672e-06,3.672e-06,3.672e-06,0.000000000,0.0,0
1790659800,3.645e-06,3.645e-06,3.643e-06,3.643e-06,0.000003643,179131418.97261,5
1790660100,3.646e-06,3.646e-06,3.643e-06,3.643e-06,0.000003644,5975900.96,2
1790660400,3.677e-06,3.677e-06,3.677e-06,3.677e-06,0.000003677,98437500.0,4
1790660700,3.673e-06,3.686e-06,3.673e-06,3.686e-06,0.000003680,8322200.0,2
1790661000,3.694e-06,3.696e-06,3.694e-06,3.695e-06,0.000003694,160841053.0,11
1790661300,3.695e-06,3.695e-06,3.694e-06,3.694e-06,0.000003694,159892547.0,8
1790661600,3.691e-06,3.691e-06,3.691e-06,3.691e-06,0.000003691,3322200.0,1
1790661900,3.7e-06,3.702e-06,3.7e-06,3.702e-06,0.000003701,9346333.17783,4
1790662200,3.711e-06,3.711e-06,3.711e-06,3.711e-06,0.000003711,3322200.0,1
1790662500,3.702e-06,3.702e-06,3.695e-06,3.695e-06,0.000003695,50958941.13561,2
1790662800,3.709e-06,3.709e-06,3.707e-06,3.707e-06,0.000003708,6644400.0,2
1790663100,3.7e-06,3.7e-06,3.7e-06,3.7e-06,0.000003700,11076254.05405,2
1790663400,3.7e-06,3.7e-06,3.7e-06,3.7e-06,0.000000000,0.0,0
1790663700,3.705e-06,3.705e-06,3.705e-06,3.705e-06,0.000003705,2670763414.46,4
1790664000,3.7e-06,3.7e-06,3.698e-06,3.699e-06,0.000003699,54599469.85363,4
1790664300,3.704e-06,3.704e-06,3.704e-06,3.704e-06,0.000003704,175485960.79914,2
1790664600,3.702e-06,3.712e-06,3.702e-06,3.712e-06,0.000003711,98961051.77293,5
1790664900,3.713e-06,3.714e-06,3.712e-06,3.712e-06,0.000003713,182095643.71005,7
1790665200,3.7e-06,3.7e-06,3.7e-06,3.7e-06,0.000003700,6905405.4054,1
1790665500,3.715e-06,3.715e-06,3.715e-06,3.715e-06,0.000003715,14687500.0,1
1790665800,3.718e-06,3.719e-06,3.717e-06,3.719e-06,0.000003718,447116602.81192,8
1790666100,3.72e-06,3.722e-06,3.72e-06,3.722e-06,0.000003721,58169611.93275,5
1790666400,3.713e-06,3.714e-06,3.71e-06,3.712e-06,0.000003712,654379919.0,34
1790666700,3.723e-06,3.724e-06,3.721e-06,3.722e-06,0.000003723,29053765.47906,5
1790667000,3.731e-06,3.732e-06,3.73e-06,3.731e-06,0.000003731,123328481.99052,7
1790667300,3.73e-06,3.755e-06,3.73e-06,3.755e-06,0.000003735,19402209.77686,5
1790667600,3.76e-06,3.786e-06,3.76e-06,3.78e-06,0.000003775,1319052864.93678,35
1790667900,3.78e-06,3.78e-06,3.78e-06,3.78e-06,0.000000000,0.0,0
1790668200,3.758e-06,3.763e-06,3.758e-06,3.763e-06,0.000003761,1006618275.9992,20
1790668500,3.758e-06,3.772e-06,3.757e-06,3.76e-06,0.000003761,332857780.79705,10
1790668800,3.76e-06,3.768e-06,3.757e-06,3.757e-06,0.000003763,101623167.73291,13
1790669100,3.747e-06,3.75e-06,3.747e-06,3.75e-06,0.000003749,4895139452.43,8
1790669400,3.751e-06,3.754e-06,3.748e-06,3.753e-06,0.000003749,218764089.19218,6
1790669700,3.755e-06,3.755e-06,3.755e-06,3.755e-06,0.000003755,50000000.0,2
1790670000,3.755e-06,3.766e-06,3.755e-06,3.766e-06,0.000003755,58940742.5205,4
1790670300,3.766e-06,3.775e-06,3.766e-06,3.768e-06,0.000003769,415887787.17203,13
1790670600,3.756e-06,3.756e-06,3.749e-06,3.749e-06,0.000003749,31749022.51,4
1790670900,3.749e-06,3.749e-06,3.749e-06,3.749e-06,0.000000000,0.0,0
1790671200,3.748e-06,3.748e-06,3.737e-06,3.743e-06,0.000003744,75705186.29071,11
1790671500,3.746e-06,3.746e-06,3.742e-06,3.742e-06,0.000003743,1091894318.95528,18
1790671800,3.742e-06,3.742e-06,3.742e-06,3.742e-06,0.000000000,0.0,0
1790672100,3.742e-06,3.742e-06,3.742e-06,3.742e-06,0.000000000,0.0,0
1790672400,3.755e-06,3.755e-06,3.752e-06,3.754e-06,0.000003754,31950164.82983,5
1790672700,3.745e-06,3.745e-06,3.745e-06,3.745e-06,0.000003745,808008010.6809,2
1790673000,3.747e-06,3.749e-06,3.747e-06,3.749e-06,0.000003748,158849708.0,5
1790673300,3.75e-06,3.76e-06,3.75e-06,3.76e-06,0.000003757,133907582.99102,14
1790673600,3.771e-06,3.776e-06,3.763e-06,3.763e-06,0.000003769,885294687.68224,21
1790673900,3.76e-06,3.76e-06,3.76e-06,3.76e-06,0.000003760,3000000.0,1
1790674200,3.768e-06,3.768e-06,3.768e-06,3.768e-06,0.000003768,3304809.46,1
1790674500,3.767e-06,3.767e-06,3.767e-06,3.767e-06,0.000003767,74985000.0,1
1790674800,3.768e-06,3.768e-06,3.768e-06,3.768e-06,0.000003768,35751667.05,3
1790675100,3.784e-06,3.784e-06,3.784e-06,3.784e-06,0.000003784,3322200.0,1
1790675400,3.786e-06,3.787e-06,3.786e-06,3.787e-06,0.000003786,6644400.0,2
1790675700,3.788e-06,3.788e-06,3.787e-06,3.787e-06,0.000003787,14828548.34,3
1790676000,3.78e-06,3.782e-06,3.78e-06,3.782e-06,0.000003780,39330968.469,4
1790676300,3.778e-06,3.778e-06,3.777e-06,3.778e-06,0.000003777,114761415.6178,6
1790676600,3.778e-06,3.78e-06,3.778e-06,3.78e-06,0.000003779,147634959.0,13
1790676900,3.779e-06,3.78e-06,3.779e-06,3.78e-06,0.000003779,30135049.0,2
1790677200,3.767e-06,3.767e-06,3.767e-06,3.767e-06,0.000003767,3322200.0,1
1790677500,3.77e-06,3.773e-06,3.769e-06,3.773e-06,0.000003769,29854436.66755,4
1790677800,3.762e-06,3.762e-06,3.761e-06,3.761e-06,0.000003761,6644400.0,2
1790678100,3.759e-06,3.759e-06,3.759e-06,3.759e-06,0.000003759,46914008.75628,1
1790678400,3.755e-06,3.755e-06,3.755e-06,3.755e-06,0.000003755,63833261.0273,3
1790678700,3.754e-06,3.755e-06,3.754e-06,3.755e-06,0.000003754,3891110.16252,2
1790679000,3.755e-06,3.755e-06,3.755e-06,3.755e-06,0.000000000,0.0,0
1790679300,3.761e-06,3.761e-06,3.761e-06,3.761e-06,0.000003761,12895209.119,1
1790679600,3.761e-06,3.764e-06,3.76e-06,3.76e-06,0.000003761,89455841.70865,9
1790679900,3.753e-06,3.753e-06,3.752e-06,3.752e-06,0.000003752,53163211.05794,4
1790680200,3.752e-06,3.752e-06,3.752e-06,3.752e-06,0.000000000,0.0,0
1790680500,3.752e-06,3.759e-06,3.75e-06,3.758e-06,0.000003756,147975158.819,15
1790680800,3.758e-06,3.758e-06,3.758e-06,3.758e-06,0.000000000,0.0,0
1790681100,3.757e-06,3.757e-06,3.757e-06,3.757e-06,0.000003757,13308490.81714,1
1790681400,3.78e-06,3.78e-06,3.78e-06,3.78e-06,0.000003780,5500000.0,1
1790681700,3.775e-06,3.778e-06,3.775e-06,3.778e-06,0.000003776,96645207.55696,3
1790682000,3.779e-06,3.779e-06,3.779e-06,3.779e-06,0.000003779,46633640.87342,1
1790682300,3.79e-06,3.798e-06,3.79e-06,3.798e-06,0.000003790,306267015.31717,14
1790682600,3.8e-06,3.805e-06,3.781e-06,3.795e-06,0.000003788,344754524.37,19
1790682900,3.794e-06,3.794e-06,3.794e-06,3.794e-06,0.000003794,2113863.99578,1
1790683200,3.792e-06,3.794e-06,3.79e-06,3.791e-06,0.000003792,152571309.999,16
1790683500,3.785e-06,3.785e-06,3.784e-06,3.784e-06,0.000003784,6570215.0252,2
1790683800,3.781e-06,3.786e-06,3.781e-06,3.786e-06,0.000003782,55627151.84623,6
1790684100,3.791e-06,3.819e-06,3.791e-06,3.805e-06,0.000003808,6488764993.70166,38
1790684400,3.808e-06,3.811e-06,3.801e-06,3.801e-06,0.000003805,147395390.86336,12
1790684700,3.8e-06,3.8e-06,3.794e-06,3.797e-06,0.000003796,2604855729.43578,21
1790685000,3.801e-06,3.809e-06,3.798e-06,3.809e-06,0.000003804,410351649.41359,37
1790685300,3.81e-06,3.825e-06,3.809e-06,3.815e-06,0.000003817,409238629.6241,31
1790685600,3.814e-06,3.831e-06,3.809e-06,3.831e-06,0.000003812,1442372667.31798,51
1790685900,3.823e-06,3.823e-06,3.812e-06,3.814e-06,0.000003815,415839970.0855,16
1790686200,3.812e-06,3.828e-06,3.812e-06,3.828e-06,0.000003814,488657821.6738,20
1790686500,3.828e-06,3.828e-06,3.816e-06,3.822e-06,0.000003821,364878469.38468,65
1790686800,3.819e-06,3.83e-06,3.818e-06,3.822e-06,0.000003822,594182903.81895,20
1790687100,3.829e-06,3.842e-06,3.823e-06,3.842e-06,0.000003834,646214376.90964,30
1790687400,3.839e-06,3.84e-06,3.831e-06,3.832e-06,0.000003832,55970657.397,5
1790687700,3.829e-06,3.859e-06,3.829e-06,3.857e-06,0.000003848,186599431.19174,11
1790688000,3.854e-06,3.859e-06,3.846e-06,3.852e-06,0.000003856,1480297008.79203,44
1790688300,3.854e-06,3.854e-06,3.836e-06,3.839e-06,0.000003842,76250922.28469,13
1790688600,3.826e-06,3.838e-06,3.822e-06,3.827e-06,0.000003827,515157038.01776,70
1790688900,3.83e-06,3.848e-06,3.814e-06,3.844e-06,0.000003823,426181931.38274,24
1790689200,3.847e-06,3.854e-06,3.841e-06,3.841e-06,0.000003847,183926455.97175,12
1790689500,3.846e-06,3.849e-06,3.835e-06,3.836e-06,0.000003841,632942036.12403,21
1790689800,3.843e-06,3.861e-06,3.84e-06,3.857e-06,0.000003846,364191524.06808,27
1790690100,3.858e-06,3.866e-06,3.846e-06,3.846e-06,0.000003858,79403500.62453,8
1790690400,3.855e-06,3.855e-06,3.826e-06,3.833e-06,0.000003837,719706320.91367,40
1790690700,3.832e-06,3.832e-06,3.819e-06,3.822e-06,0.000003827,172604449.40385,11
1790691000,3.824e-06,3.831e-06,3.823e-06,3.826e-06,0.000003825,568022204.13076,19
1790691300,3.823e-06,3.856e-06,3.816e-06,3.853e-06,0.000003822,1458676283.46504,31
1790691600,3.855e-06,3.855e-06,3.834e-06,3.834e-06,0.000003843,587757076.11481,20
1790691900,3.852e-06,3.858e-06,3.852e-06,3.856e-06,0.000003856,239174045.37406,9
1790692200,3.846e-06,3.865e-06,3.846e-06,3.849e-06,0.000003855,625362594.18157,26
1790692500,3.827e-06,3.832e-06,3.827e-06,3.831e-06,0.000003831,377020382.855,8
1790692800,3.856e-06,3.86e-06,3.851e-06,3.852e-06,0.000003858,595309587.27948,15
1790693100,3.852e-06,3.863e-06,3.849e-06,3.849e-06,0.000003855,130623567.819,12
1790693400,3.839e-06,3.851e-06,3.839e-06,3.843e-06,0.000003845,8719940656.76476,33
1790693700,3.846e-06,3.846e-06,3.836e-06,3.837e-06,0.000003839,46437676.057,5
1790694000,3.822e-06,3.835e-06,3.818e-06,3.818e-06,0.000003832,1071191444.459,20
1790694300,3.82e-06,3.826e-06,3.804e-06,3.826e-06,0.000003812,270127201.73119,20
1790694600,3.822e-06,3.823e-06,3.797e-06,3.797e-06,0.000003812,317214326.76688,12
1790694900,3.798e-06,3.798e-06,3.79e-06,3.79e-06,0.000003791,433537938.65759,10
1790695200,3.792e-06,3.794e-06,3.749e-06,3.751e-06,0.000003763,1144551344.32428,43
1790695500,3.737e-06,3.743e-06,3.729e-06,3.743e-06,0.000003736,671653145.07391,19
1790695800,3.744e-06,3.769e-06,3.742e-06,3.765e-06,0.000003763,79309960.08257,11
1790696100,3.765e-06,3.765e-06,3.76e-06,3.765e-06,0.000003764,114464959.304,5
1790696400,3.768e-06,3.775e-06,3.754e-06,3.755e-06,0.000003755,2337339085.50343,31
1790696700,3.759e-06,3.771e-06,3.759e-06,3.77e-06,0.000003762,199145797.8255,16
1790697000,3.772e-06,3.772e-06,3.744e-06,3.744e-06,0.000003760,395182555.3027,31
1790697300,3.741e-06,3.749e-06,3.735e-06,3.735e-06,0.000003748,884125949.16803,13
1790697600,3.74e-06,3.752e-06,3.74e-06,3.741e-06,0.000003744,100719110.09048,19
1790697900,3.736e-06,3.74e-06,3.725e-06,3.732e-06,0.000003732,857050857.90277,32
1790698200,3.743e-06,3.746e-06,3.737e-06,3.737e-06,0.000003740,78642710.5245,7
1790698500,3.735e-06,3.74e-06,3.734e-06,3.74e-06,0.000003738,64706283.89622,3
1790698800,3.742e-06,3.747e-06,3.742e-06,3.746e-06,0.000003745,218619736.80193,3
1790699100,3.75e-06,3.75e-06,3.75e-06,3.75e-06,0.000003750,47062638.50534,1
1790699400,3.732e-06,3.732e-06,3.719e-06,3.724e-06,0.000003724,46852247.563,9
1790699700,3.724e-06,3.724e-06,3.724e-06,3.724e-06,0.000000000,0.0,0
1790700000,3.714e-06,3.714e-06,3.702e-06,3.706e-06,0.000003706,1267938959.25379,28
1790700300,3.707e-06,3.707e-06,3.693e-06,3.696e-06,0.000003698,343400166.63128,40
1790700600,3.703e-06,3.706e-06,3.692e-06,3.692e-06,0.000003701,253443297.68887,15
1790700900,3.689e-06,3.713e-06,3.688e-06,3.713e-06,0.000003693,501115241.34899,13
1790701200,3.71e-06,3.722e-06,3.709e-06,3.722e-06,0.000003711,220477653.83069,14
1790701500,3.718e-06,3.728e-06,3.718e-06,3.727e-06,0.000003724,39194655.3872,11
1790701800,3.722e-06,3.722e-06,3.722e-06,3.722e-06,0.000003722,1500000.0,1
1790702100,3.717e-06,3.717e-06,3.701e-06,3.701e-06,0.000003702,72263548.49011,5
1790702400,3.701e-06,3.704e-06,3.701e-06,3.702e-06,0.000003701,56748162.07406,4
1790702700,3.7e-06,3.701e-06,3.699e-06,3.701e-06,0.000003699,146710276.82,7
1790703000,3.709e-06,3.717e-06,3.707e-06,3.707e-06,0.000003713,327023481.99522,19
1790703300,3.7e-06,3.702e-06,3.699e-06,3.702e-06,0.000003700,59649753.902,6
1790703600,3.71e-06,3.71e-06,3.71e-06,3.71e-06,0.000003710,51663033.418,4
1790703900,3.71e-06,3.71e-06,3.694e-06,3.694e-06,0.000003704,77891686.46552,5
1790704200,3.697e-06,3.699e-06,3.693e-06,3.699e-06,0.000003695,104267222.10267,7
1790704500,3.697e-06,3.699e-06,3.697e-06,3.699e-06,0.000003698,863912728.22048,16
1790704800,3.708e-06,3.722e-06,3.707e-06,3.722e-06,0.000003709,76193958.62762,12
1790705100,3.731e-06,3.734e-06,3.728e-06,3.729e-06,0.000003732,125246748.56218,11
1790705400,3.724e-06,3.724e-06,3.721e-06,3.721e-06,0.000003722,1541003570.44631,18
1790705700,3.736e-06,3.741e-06,3.735e-06,3.735e-06,0.000003737,8712211.01325,3
1790706000,3.75e-06,3.75e-06,3.75e-06,3.75e-06,0.000003750,2585813.33333,1
1790706300,3.74e-06,3.74e-06,3.739e-06,3.74e-06,0.000003739,282379679.14438,10
1790706600,3.741e-06,3.743e-06,3.741e-06,3.743e-06,0.000003742,9806932.72776,3
1790706900,3.738e-06,3.745e-06,3.738e-06,3.741e-06,0.000003742,1818980052.7231,27
1790707200,3.743e-06,3.761e-06,3.74e-06,3.749e-06,0.000003749,1157368531.99392,45
1790707500,3.754e-06,3.758e-06,3.75e-06,3.75e-06,0.000003752,1489725984.05845,23
1790707800,3.748e-06,3.752e-06,3.744e-06,3.751e-06,0.000003750,413237510.89737,15
1790708100,3.743e-06,3.746e-06,3.74e-06,3.745e-06,0.000003741,3766874290.22272,52
1790708400,3.745e-06,3.754e-06,3.744e-06,3.751e-06,0.000003750,2170511089.57703,76
1790708700,3.752e-06,3.758e-06,3.748e-06,3.757e-06,0.000003753,410439923.48509,14
1790709000,3.756e-06,3.756e-06,3.751e-06,3.754e-06,0.000003754,1083531320.28105,26
1790709300,3.752e-06,3.752e-06,3.747e-06,3.748e-06,0.000003747,228034120.10879,7
1790709600,3.751e-06,3.753e-06,3.751e-06,3.753e-06,0.000003751,1472610633.3438,71
1790709900,3.753e-06,3.753e-06,3.752e-06,3.753e-06,0.000003752,1733373405.11939,14
1790710200,3.746e-06,3.754e-06,3.746e-06,3.752e-06,0.000003747,1479642130.92098,49
1790710500,3.75e-06,3.759e-06,3.749e-06,3.759e-06,0.000003756,415215274.1006,7
1790710800,3.759e-06,3.759e-06,3.737e-06,3.737e-06,0.000003755,5355618279.66474,37
1790711100,3.736e-06,3.737e-06,3.729e-06,3.736e-06,0.000003733,82854259.51778,25
1790711400,3.736e-06,3.736e-06,3.733e-06,3.733e-06,0.000003734,6644399.99999,2
1790711700,3.729e-06,3.732e-06,3.727e-06,3.73e-06,0.000003729,246784998.40976,27
1790712000,3.73e-06,3.73e-06,3.73e-06,3.73e-06,0.000000000,0.0,0
1790712300,3.722e-06,3.736e-06,3.722e-06,3.736e-06,0.000003732,38285339.62905,9
1790712600,3.736e-06,3.736e-06,3.736e-06,3.736e-06,0.000000000,0.0,0
1790712900,3.736e-06,3.736e-06,3.736e-06,3.736e-06,0.000000000,0.0,0
1790713200,3.756e-06,3.756e-06,3.755e-06,3.756e-06,0.000003755,84793388.11449,4
1790713500,3.757e-06,3.767e-06,3.757e-06,3.767e-06,0.000003761,6399912.91079,2
1790713800,3.767e-06,3.767e-06,3.767e-06,3.767e-06,0.000000000,0.0,0
1790714100,3.751e-06,3.762e-06,3.751e-06,3.762e-06,0.000003757,8557184.0,2
1790714400,3.76e-06,3.761e-06,3.758e-06,3.758e-06,0.000003760,13958554.26748,4
1790714700,3.757e-06,3.757e-06,3.751e-06,3.751e-06,0.000003752,389321190.0,5
1790715000,3.76e-06,3.76e-06,3.76e-06,3.76e-06,0.000003760,100451786.44112,4
1790715300,3.762e-06,3.765e-06,3.762e-06,3.765e-06,0.000003763,134071354.25733,5
1790715600,3.75e-06,3.755e-06,3.75e-06,3.755e-06,0.000003750,439461345.63759,10
1790715900,3.766e-06,3.766e-06,3.761e-06,3.761e-06,0.000003763,99027142.50504,5
1790716200,3.762e-06,3.77e-06,3.761e-06,3.77e-06,0.000003761,67804348.77966,6
1790716500,3.767e-06,3.767e-06,3.767e-06,3.767e-06,0.000003767,46805614.55631,1
1790716800,3.753e-06,3.753e-06,3.744e-06,3.744e-06,0.000003749,153449614.87417,14
1790717100,3.742e-06,3.742e-06,3.738e-06,3.738e-06,0.000003741,40625579.04967,3
1790717400,3.752e-06,3.755e-06,3.752e-06,3.755e-06,0.000003754,244827228.89251,4
1790717700,3.755e-06,3.757e-06,3.752e-06,3.756e-06,0.000003754,191650216.29901,23
1790718000,3.756e-06,3.756e-06,3.756e-06,3.756e-06,0.000000000,0.0,0
1790718300,3.75e-06,3.75e-06,3.75e-06,3.75e-06,0.000003750,20000000.0,1
1790718600,3.75e-06,3.75e-06,3.75e-06,3.75e-06,0.000000000,0.0,0
1790718900,3.75e-06,3.75e-06,3.75e-06,3.75e-06,0.000000000,0.0,0
1790719200,3.77e-06,3.774e-06,3.77e-06,3.774e-06,0.000003770,174585495.75404,4
1790719500,3.774e-06,3.774e-06,3.774e-06,3.774e-06,0.000000000,0.0,0
1790719800,3.78e-06,3.781e-06,3.769e-06,3.769e-06,0.000003769,141668231.7,6
1790720100,3.768e-06,3.774e-06,3.767e-06,3.774e-06,0.000003769,599644351.99343,9
1790720400,3.774e-06,3.774e-06,3.774e-06,3.774e-06,0.000000000,0.0,0
1790720700,3.774e-06,3.774e-06,3.774e-06,3.774e-06,0.000000000,0.0,0
1790721000,3.774e-06,3.774e-06,3.774e-06,3.774e-06,0.000000000,0.0,0
1790721300,3.774e-06,3.774e-06,3.774e-06,3.774e-06,0.000000000,0.0,0
1790721600,3.758e-06,3.758e-06,3.758e-06,3.758e-06,0.000003758,1500000.0,1
1790721900,3.76e-06,3.761e-06,3.758e-06,3.758e-06,0.000003759,36706013.16109,3
1790722200,3.761e-06,3.761e-06,3.759e-06,3.759e-06,0.000003759,7632251.0,3
1790722500,3.759e-06,3.759e-06,3.759e-06,3.759e-06,0.000003759,8281568.0,2
1790722800,3.759e-06,3.759e-06,3.759e-06,3.759e-06,0.000000000,0.0,0
1790723100,3.775e-06,3.78e-06,3.773e-06,3.773e-06,0.000003774,27792095.58648,8
1790723400,3.785e-06,3.791e-06,3.785e-06,3.791e-06,0.000003788,167566868.7588,13
1790723700,3.781e-06,3.781e-06,3.781e-06,3.781e-06,0.000003781,13652445.96668,2
1790724000,3.773e-06,3.775e-06,3.773e-06,3.775e-06,0.000003774,50040875.52203,2
1790724300,3.78e-06,3.78e-06,3.773e-06,3.773e-06,0.000003779,405310396.0,2
1790724600,3.761e-06,3.761e-06,3.759e-06,3.759e-06,0.000003760,256435848.62923,2
1790724900,3.759e-06,3.762e-06,3.759e-06,3.761e-06,0.000003760,353785138.27656,5
1790725200,3.745e-06,3.745e-06,3.737e-06,3.737e-06,0.000003738,15782829.06,4
1790725500,3.744e-06,3.753e-06,3.744e-06,3.749e-06,0.000003751,314218177.77434,6
1790725800,3.749e-06,3.749e-06,3.749e-06,3.749e-06,0.000000000,0.0,0
1790726100,3.749e-06,3.749e-06,3.749e-06,3.749e-06,0.000003749,50363402.71294,2
1790726400,3.756e-06,3.756e-06,3.756e-06,3.756e-06,0.000003756,3322200.0,1
1790726700,3.756e-06,3.756e-06,3.756e-06,3.756e-06,0.000000000,0.0,0
1790727000,3.744e-06,3.744e-06,3.743e-06,3.743e-06,0.000003743,257634457.48048,2
1790727300,3.744e-06,3.745e-06,3.744e-06,3.745e-06,0.000003744,53747279.99555,3
1790727600,3.745e-06,3.745e-06,3.745e-06,3.745e-06,0.000000000,0.0,0
1790727900,3.745e-06,3.745e-06,3.745e-06,3.745e-06,0.000000000,0.0,0
1790728200,3.745e-06,3.745e-06,3.745e-06,3.745e-06,0.000000000,0.0,0
1790728500,3.757e-06,3.757e-06,3.754e-06,3.754e-06,0.000003754,11343188.00301,3
1790728800,3.756e-06,3.756e-06,3.756e-06,3.756e-06,0.000003756,6899250.624,2
1790729100,3.748e-06,3.755e-06,3.748e-06,3.755e-06,0.000003750,9966600.0,3
1790729400,3.741e-06,3.741e-06,3.74e-06,3.74e-06,0.000003740,10000000.0,3
1790729700,3.74e-06,3.74e-06,3.74e-06,3.74e-06,0.000000000,0.0,0
1790730000,3.755e-06,3.755e-06,3.755e-06,3.755e-06,0.000003755,1849366.46,1
1790730300,3.767e-06,3.767e-06,3.763e-06,3.764e-06,0.000003764,12291856.8,4
1790730600,3.764e-06,3.764e-06,3.764e-06,3.764e-06,0.000000000,0.0,0
1790730900,3.777e-06,3.783e-06,3.777e-06,3.778e-06,0.000003780,16611000.0,5
1790731200,3.778e-06,3.778e-06,3.778e-06,3.778e-06,0.000000000,0.0,0
1790731500,3.805e-06,3.805e-06,3.796e-06,3.797e-06,0.000003797,121562839.11154,4
1790731800,3.789e-06,3.79e-06,3.784e-06,3.79e-06,0.000003788,792047164.42216,17
1790732100,3.781e-06,3.788e-06,3.781e-06,3.788e-06,0.000003783,514916976.32189,13
1790732400,3.786e-06,3.797e-06,3.786e-06,3.797e-06,0.000003789,27913444.32789,8
1790732700,3.799e-06,3.801e-06,3.794e-06,3.801e-06,0.000003797,470462836.50398,10
1790733000,3.801e-06,3.801e-06,3.801e-06,3.801e-06,0.000000000,0.0,0
1790733300,3.788e-06,3.788e-06,3.788e-06,3.788e-06,0.000003788,7638429.06,1
1790733600,3.801e-06,3.801e-06,3.801e-06,3.801e-06,0.000003801,39375000.0,1
1790733900,3.804e-06,3.811e-06,3.804e-06,3.811e-06,0.000003807,12742244.54994,4
1790734200,3.811e-06,3.811e-06,3.811e-06,3.811e-06,0.000000000,0.0,0
1790734500,3.793e-06,3.794e-06,3.792e-06,3.792e-06,0.000003793,298084352.09426,5
1790734800,3.797e-06,3.797e-06,3.797e-06,3.797e-06,0.000003797,26549873.80201,2
1790735100,3.787e-06,3.787e-06,3.773e-06,3.773e-06,0.000003778,8652280.38058,3
1790735400,3.773e-06,3.773e-06,3.773e-06,3.773e-06,0.000000000,0.0,0
1790735700,3.77e-06,3.772e-06,3.767e-06,3.767e-06,0.000003767,173281350.37375,4
1790736000,3.767e-06,3.767e-06,3.767e-06,3.767e-06,0.000000000,0.0,0
1790736300,3.789e-06,3.789e-06,3.789e-06,3.789e-06,0.000003789,3322200.0,1
1790736600,3.784e-06,3.784e-06,3.784e-06,3.784e-06,0.000003784,176179800.0,3
1790736900,3.784e-06,3.784e-06,3.784e-06,3.784e-06,0.000000000,0.0,0
1790737200,3.784e-06,3.784e-06,3.784e-06,3.784e-06,0.000000000,0.0,0
1790737500,3.772e-06,3.772e-06,3.772e-06,3.772e-06,0.000003772,4429600.0,1
1790737800,3.77e-06,3.771e-06,3.77e-06,3.771e-06,0.000003770,48558247.33183,4
1790738100,3.764e-06,3.764e-06,3.747e-06,3.752e-06,0.000003749,587878848.42649,15
1790738400,3.754e-06,3.762e-06,3.754e-06,3.762e-06,0.000003756,12626816.0,3
1790738700,3.757e-06,3.762e-06,3.757e-06,3.762e-06,0.000003761,78552407.01755,5
1790739000,3.762e-06,3.762e-06,3.762e-06,3.762e-06,0.000000000,0.0,0
1790739300,3.762e-06,3.762e-06,3.762e-06,3.762e-06,0.000000000,0.0,0
1790739600,3.771e-06,3.771e-06,3.768e-06,3.768e-06,0.000003769,13288800.0,3
1790739900,3.766e-06,3.766e-06,3.762e-06,3.766e-06,0.000003762,262045515.85314,3
1790740200,3.76e-06,3.76e-06,3.751e-06,3.753e-06,0.000003758,304871592.56894,3
1790740500,3.751e-06,3.751e-06,3.751e-06,3.751e-06,0.000003751,4429600.0,1
1790740800,3.753e-06,3.772e-06,3.752e-06,3.772e-06,0.000003752,271704672.01844,5
1790741100,3.772e-06,3.772e-06,3.772e-06,3.772e-06,0.000000000,0.0,0
1790741400,3.772e-06,3.772e-06,3.772e-06,3.772e-06,0.000000000,0.0,0
1790741700,3.776e-06,3.777e-06,3.776e-06,3.776e-06,0.000003776,24136058.12,4
1790742000,3.776e-06,3.776e-06,3.776e-06,3.776e-06,0.000000000,0.0,0
1790742300,3.785e-06,3.787e-06,3.783e-06,3.783e-06,0.000003785,63326228.64086,3
1790742600,3.781e-06,3.789e-06,3.781e-06,3.789e-06,0.000003784,662421334.81536,17
1790742900,3.777e-06,3.786e-06,3.777e-06,3.786e-06,0.000003782,265612045.97784,4
1790743200,3.784e-06,3.784e-06,3.781e-06,3.781e-06,0.000003781,142272707.73087,7
1790743500,3.786e-06,3.786e-06,3.786e-06,3.786e-06,0.000003786,12466733.313,2
1790743800,3.778e-06,3.781e-06,3.775e-06,3.781e-06,0.000003777,74511344.959,17
1790744100,3.777e-06,3.777e-06,3.777e-06,3.777e-06,0.000003777,39714058.565,2
1790744400,3.777e-06,3.777e-06,3.777e-06,3.777e-06,0.000000000,0.0,0
1790744700,3.78e-06,3.784e-06,3.78e-06,3.784e-06,0.000003783,57561932.75137,5
1790745000,3.779e-06,3.78e-06,3.779e-06,3.78e-06,0.000003779,8933862.43386,2
1790745300,3.78e-06,3.78e-06,3.78e-06,3.78e-06,0.000000000,0.0,0
1790745600,3.78e-06,3.78e-06,3.78e-06,3.78e-06,0.000000000,0.0,0
1790745900,3.786e-06,3.789e-06,3.784e-06,3.788e-06,0.000003787,37266300.0,6
1790746200,3.805e-06,3.805e-06,3.794e-06,3.794e-06,0.000003800,107971955.3718,6
1790746500,3.801e-06,3.805e-06,3.794e-06,3.804e-06,0.000003797,173571508.86576,11
1790746800,3.811e-06,3.811e-06,3.811e-06,3.811e-06,0.000003811,2624308.88871,2
1790747100,3.81e-06,3.81e-06,3.81e-06,3.81e-06,0.000003810,2624671916.01049,3
1790747400,3.81e-06,3.81e-06,3.81e-06,3.81e-06,0.000000000,0.0,0
1790747700,3.796e-06,3.804e-06,3.796e-06,3.804e-06,0.000003797,263164304.1112,11
1790748000,3.806e-06,3.823e-06,3.806e-06,3.822e-06,0.000003814,207443261.73408,12
1790748300,3.83e-06,3.832e-06,3.83e-06,3.832e-06,0.000003830,273340946.42615,6
1790748600,3.805e-06,3.806e-06,3.805e-06,3.806e-06,0.000003805,10510884.18287,3
1790748900,3.806e-06,3.806e-06,3.806e-06,3.806e-06,0.000000000,0.0,0
1790749200,3.797e-06,3.797e-06,3.794e-06,3.794e-06,0.000003796,16497629.06,3
1790749500,3.772e-06,3.772e-06,3.772e-06,3.772e-06,0.000003772,2650817.05929,1
1790749800,3.79e-06,3.791e-06,3.79e-06,3.791e-06,0.000003790,32316900.0,2
1790750100,3.784e-06,3.785e-06,3.773e-06,3.773e-06,0.000003782,204065042.26893,8
1790750400,3.771e-06,3.778e-06,3.77e-06,3.778e-06,0.000003777,268025376.75925,4
1790750700,3.777e-06,3.777e-06,3.769e-06,3.77e-06,0.000003775,55494526.18865,3
1790751000,3.763e-06,3.766e-06,3.757e-06,3.758e-06,0.000003762,370446767.48796,17
1790751300,3.75e-06,3.75e-06,3.75e-06,3.75e-06,0.000003750,3050396.80955,2
1790751600,3.76e-06,3.76e-06,3.76e-06,3.76e-06,0.000003760,29699000.2656,2
1790751900,3.757e-06,3.757e-06,3.75e-06,3.751e-06,0.000003755,252544187.15883,5
1790752200,3.751e-06,3.751e-06,3.751e-06,3.751e-06,0.000000000,0.0,0
1790752500,3.751e-06,3.751e-06,3.751e-06,3.751e-06,0.000000000,0.0,0
1790752800,3.751e-06,3.751e-06,3.751e-06,3.751e-06,0.000000000,0.0,0
1790753100,3.79e-06,3.791e-06,3.78e-06,3.781e-06,0.000003785,143851586.49075,10
1790753400,3.78e-06,3.78e-06,3.78e-06,3.78e-06,0.000003780,6521241.84,1
1790753700,3.78e-06,3.78e-06,3.78e-06,3.78e-06,0.000000000,0.0,0
1790754000,3.795e-06,3.798e-06,3.792e-06,3.796e-06,0.000003796,1448821360.45276,16
1790754300,3.793e-06,3.799e-06,3.789e-06,3.799e-06,0.000003792,74148405.276,7
1790754600,3.798e-06,3.805e-06,3.798e-06,3.8e-06,0.000003801,26486777.8,7
1790754900,3.785e-06,3.785e-06,3.785e-06,3.785e-06,0.000003785,634632994.64968,1
1790755200,3.784e-06,3.784e-06,3.778e-06,3.778e-06,0.000003778,263723139.06502,5
1790755500,3.782e-06,3.783e-06,3.775e-06,3.775e-06,0.000003781,444221028.08339,5
1790755800,3.775e-06,3.775e-06,3.775e-06,3.775e-06,0.000000000,0.0,0
1790756100,3.787e-06,3.801e-06,3.787e-06,3.79e-06,0.000003791,319534338.79735,13
1790756400,3.788e-06,3.802e-06,3.788e-06,3.793e-06,0.000003797,133995348.47966,8
1790756700,3.793e-06,3.793e-06,3.793e-06,3.793e-06,0.000000000,0.0,0
1790757000,3.792e-06,3.792e-06,3.778e-06,3.778e-06,0.000003779,55476404.27621,3
1790757300,3.776e-06,3.791e-06,3.776e-06,3.79e-06,0.000003789,140750521.55104,5
1790757600,3.785e-06,3.786e-06,3.784e-06,3.786e-06,0.000003785,202838479.09375,4
1790757900,3.789e-06,3.81e-06,3.789e-06,3.808e-06,0.000003801,720650449.73273,9
1790758200,3.808e-06,3.808e-06,3.797e-06,3.8e-06,0.000003802,157803888.9099,7
1790758500,3.8e-06,3.8e-06,3.8e-06,3.8e-06,0.000000000,0.0,0
1790758800,3.804e-06,3.805e-06,3.804e-06,3.805e-06,0.000003804,52600000.0,3
1790759100,3.81e-06,3.81e-06,3.806e-06,3.808e-06,0.000003808,408126565.9652,11
1790759400,3.809e-06,3.809e-06,3.805e-06,3.809e-06,0.000003806,601526190.82225,14
1790759700,3.811e-06,3.811e-06,3.808e-06,3.808e-06,0.000003810,260040665.07217,8
1790760000,3.806e-06,3.81e-06,3.805e-06,3.81e-06,0.000003807,119219981.03491,6
1790760300,3.813e-06,3.818e-06,3.811e-06,3.817e-06,0.000003814,229728904.9902,11
1790760600,3.818e-06,3.849e-06,3.811e-06,3.849e-06,0.000003832,371596916.92436,24
1790760900,3.849e-06,3.849e-06,3.849e-06,3.849e-06,0.000000000,0.0,0
1790761200,3.849e-06,3.849e-06,3.849e-06,3.849e-06,0.000000000,0.0,0
1790761500,3.849e-06,3.849e-06,3.849e-06,3.849e-06,0.000000000,0.0,0
1790761800,3.83e-06,3.83e-06,3.824e-06,3.824e-06,0.000003828,16604830.2872,2
1790762100,3.825e-06,3.825e-06,3.825e-06,3.825e-06,0.000003825,18052287.58169,2
1790762400,3.823e-06,3.824e-06,3.819e-06,3.824e-06,0.000003820,290277239.77347,9
1790762700,3.826e-06,3.826e-06,3.819e-06,3.819e-06,0.000003823,502373115.89,7
1790554800,3.862e-06,3.879e-06,3.862e-06,3.876e-06,0.000003872,295487096.95568,23
1790555100,3.864e-06,3.866e-06,3.855e-06,3.855e-06,0.000003864,178164693.20784,10
1790555400,3.866e-06,3.866e-06,3.823e-06,3.823e-06,0.000003852,110729378.83493,19
1790555700,3.811e-06,3.811e-06,3.811e-06,3.811e-06,0.000003811,3322200.0,1
1790556000,3.811e-06,3.811e-06,3.811e-06,3.811e-06,0.000000000,0.0,0
1790556300,3.811e-06,3.811e-06,3.811e-06,3.811e-06,0.000000000,0.0,0
1790556600,3.849e-06,3.861e-06,3.849e-06,3.861e-06,0.000003858,58088596.85005,7
1790556900,3.829e-06,3.829e-06,3.815e-06,3.815e-06,0.000003818,77217629.77003,8
1790557200,3.811e-06,3.821e-06,3.803e-06,3.803e-06,0.000003808,251150313.12401,14
1790557500,3.813e-06,3.829e-06,3.795e-06,3.826e-06,0.000003817,156880354.31384,9
1790557800,3.81e-06,3.814e-06,3.795e-06,3.795e-06,0.000003800,189624698.71569,10
1790558100,3.793e-06,3.803e-06,3.793e-06,3.803e-06,0.000003794,380276166.82029,19
1790558400,3.803e-06,3.823e-06,3.803e-06,3.805e-06,0.000003807,220994536.99289,7
1790558700,3.824e-06,3.824e-06,3.819e-06,3.819e-06,0.000003820,302035228.22532,4
1790559000,3.807e-06,3.816e-06,3.807e-06,3.814e-06,0.000003814,154726270.68604,8
1790559300,3.811e-06,3.811e-06,3.798e-06,3.798e-06,0.000003799,62863688.61443,6
1790559600,3.799e-06,3.803e-06,3.786e-06,3.786e-06,0.000003795,224614691.95687,11
1790559900,3.785e-06,3.788e-06,3.753e-06,3.754e-06,0.000003760,2380560185.8738,40
1790560200,3.756e-06,3.783e-06,3.75e-06,3.774e-06,0.000003763,92049236.54854,16
1790560500,3.792e-06,3.794e-06,3.772e-06,3.772e-06,0.000003773,201151700.0,8
1790560800,3.763e-06,3.767e-06,3.745e-06,3.767e-06,0.000003761,317372561.04688,30
1790561100,3.768e-06,3.785e-06,3.763e-06,3.781e-06,0.000003771,830902626.3963,12
1790561400,3.796e-06,3.802e-06,3.796e-06,3.802e-06,0.000003797,140439147.50132,5
1790561700,3.785e-06,3.785e-06,3.785e-06,3.785e-06,0.000003785,11360281.685,1
1790562000,3.78e-06,3.782e-06,3.775e-06,3.782e-06,0.000003776,73378571.398,9
1790562300,3.771e-06,3.787e-06,3.771e-06,3.786e-06,0.000003780,21921258.12,4
1790562600,3.765e-06,3.765e-06,3.753e-06,3.757e-06,0.000003760,56658866.59218,4
1790562900,3.764e-06,3.767e-06,3.736e-06,3.741e-06,0.000003744,414706346.13995,28
1790563200,3.747e-06,3.756e-06,3.747e-06,3.754e-06,0.000003753,20540210.882,4
1790563500,3.747e-06,3.747e-06,3.728e-06,3.732e-06,0.000003734,184789591.7381,12
1790563800,3.732e-06,3.732e-06,3.732e-06,3.732e-06,0.000000000,0.0,0
1790564100,3.733e-06,3.733e-06,3.729e-06,3.729e-06,0.000003731,59609157.56275,5
1790564400,3.734e-06,3.737e-06,3.734e-06,3.737e-06,0.000003735,6644400.0,2
1790564700,3.737e-06,3.737e-06,3.737e-06,3.737e-06,0.000000000,0.0,0
1790565000,3.744e-06,3.744e-06,3.744e-06,3.744e-06,0.000003744,3322200.0,1
1790565300,3.744e-06,3.744e-06,3.744e-06,3.744e-06,0.000000000,0.0,0
1790565600,3.748e-06,3.748e-06,3.739e-06,3.739e-06,0.000003739,53607540.41305,3
1790565900,3.722e-06,3.722e-06,3.698e-06,3.703e-06,0.000003700,5538958705.06107,48
1790566200,3.705e-06,3.705e-06,3.653e-06,3.672e-06,0.000003679,4020582363.79444,114
1790566500,3.659e-06,3.689e-06,3.652e-06,3.689e-06,0.000003664,129996937.72679,11
1790566800,3.695e-06,3.697e-06,3.695e-06,3.697e-06,0.000003696,15446358.753,2
1790567100,3.697e-06,3.708e-06,3.697e-06,3.705e-06,0.000003704,155821646.65373,13
1790567400,3.705e-06,3.705e-06,3.705e-06,3.705e-06,0.000000000,0.0,0
1790567700,3.676e-06,3.676e-06,3.667e-06,3.667e-06,0.000003673,1358920661.8878,29
1790568000,3.673e-06,3.673e-06,3.638e-06,3.651e-06,0.000003642,4437059394.15348,53
1790568300,3.65e-06,3.707e-06,3.646e-06,3.673e-06,0.000003681,48552698058.11367,264
1790568600,3.672e-06,3.688e-06,3.671e-06,3.685e-06,0.000003683,8426293739.06461,73
1790568900,3.685e-06,3.702e-06,3.677e-06,3.701e-06,0.000003687,346586293.61541,38
1790569200,3.702e-06,3.707e-06,3.699e-06,3.704e-06,0.000003703,235020309.666,11
1790569500,3.703e-06,3.703e-06,3.698e-06,3.698e-06,0.000003700,478957873.63184,20
1790569800,3.698e-06,3.699e-06,3.692e-06,3.692e-06,0.000003694,258736427.72173,11
1790570100,3.69e-06,3.698e-06,3.69e-06,3.695e-06,0.000003691,183126698.22,8
1790570400,3.693e-06,3.698e-06,3.693e-06,3.696e-06,0.000003695,41695915.32098,5
1790570700,3.695e-06,3.695e-06,3.695e-06,3.695e-06,0.000003695,3322200.0,1
1790571000,3.691e-06,3.7e-06,3.691e-06,3.7e-06,0.000003699,2756103264.65669,8
1790571300,3.704e-06,3.704e-06,3.704e-06,3.704e-06,0.000003704,1827753.7797,1
1790571600,3.701e-06,3.711e-06,3.691e-06,3.691e-06,0.000003704,99545569.52882,20
1790571900,3.693e-06,3.694e-06,3.685e-06,3.685e-06,0.000003690,226259800.714,10
1790572200,3.685e-06,3.687e-06,3.667e-06,3.677e-06,0.000003682,4035847727.50304,58
1790572500,3.68e-06,3.685e-06,3.68e-06,3.682e-06,0.000003684,678077699.05263,7
1790572800,3.68e-06,3.68e-06,3.669e-06,3.673e-06,0.000003674,1045254152.81831,42
1790573100,3.675e-06,3.679e-06,3.674e-06,3.679e-06,0.000003674,20544323.51956,4
1790573400,3.664e-06,3.664e-06,3.624e-06,3.624e-06,0.000003636,2051846004.69903,61
1790573700,3.629e-06,3.64e-06,3.628e-06,3.633e-06,0.000003633,452182674.92927,21
1790574000,3.641e-06,3.673e-06,3.641e-06,3.673e-06,0.000003656,234191894.85078,12
1790574300,3.672e-06,3.678e-06,3.664e-06,3.668e-06,0.000003669,446567945.49649,40
1790574600,3.66e-06,3.665e-06,3.66e-06,3.665e-06,0.000003662,21561534.753,3
1790574900,3.665e-06,3.678e-06,3.665e-06,3.678e-06,0.000003666,30603450.07873,5
1790575200,3.675e-06,3.675e-06,3.671e-06,3.674e-06,0.000003672,33305127.0,8
1790575500,3.684e-06,3.688e-06,3.68e-06,3.681e-06,0.000003684,264484069.77864,13
1790575800,3.689e-06,3.694e-06,3.689e-06,3.69e-06,0.000003691,49850503.05049,15
1790576100,3.679e-06,3.679e-06,3.679e-06,3.679e-06,0.000003679,3322200.0,1
1790576400,3.662e-06,3.662e-06,3.656e-06,3.658e-06,0.000003660,141927994.54517,15
1790576700,3.654e-06,3.654e-06,3.653e-06,3.653e-06,0.000003653,6644400.0,2
1790577000,3.65e-06,3.663e-06,3.65e-06,3.663e-06,0.000003659,540305983.093,28
1790577300,3.657e-06,3.657e-06,3.652e-06,3.653e-06,0.000003654,966768100.6565,19
1790577600,3.656e-06,3.666e-06,3.654e-06,3.664e-06,0.000003662,49120080.80307,13
1790577900,3.662e-06,3.663e-06,3.656e-06,3.656e-06,0.000003661,28132247.26302,3
1790578200,3.654e-06,3.66e-06,3.649e-06,3.659e-06,0.000003656,2987541988.39468,42
1790578500,3.653e-06,3.657e-06,3.653e-06,3.657e-06,0.000003655,17881264.98997,5
1790578800,3.659e-06,3.683e-06,3.659e-06,3.675e-06,0.000003669,94532803.85931,24
1790579100,3.666e-06,3.668e-06,3.662e-06,3.664e-06,0.000003664,181911158.36038,15
1790579400,3.667e-06,3.667e-06,3.655e-06,3.655e-06,0.000003656,66279098.51491,6
1790579700,3.652e-06,3.657e-06,3.651e-06,3.655e-06,0.000003655,92892501.77664,12
1790580000,3.657e-06,3.658e-06,3.634e-06,3.634e-06,0.000003640,19944337.72352,8
1790580300,3.636e-06,3.639e-06,3.629e-06,3.633e-06,0.000003633,481130761.37245,23
1790580600,3.634e-06,3.634e-06,3.62e-06,3.631e-06,0.000003623,1272306103.61077,54
1790580900,3.634e-06,3.64e-06,3.633e-06,3.639e-06,0.000003635,504094026.33013,30
1790581200,3.639e-06,3.649e-06,3.636e-06,3.638e-06,0.000003641,137211004.96094,28
1790581500,3.643e-06,3.646e-06,3.638e-06,3.638e-06,0.000003641,23614011.59706,7
1790581800,3.639e-06,3.645e-06,3.637e-06,3.645e-06,0.000003641,312729959.59636,21
1790582100,3.653e-06,3.655e-06,3.641e-06,3.641e-06,0.000003653,131296022.45544,19
1790582400,3.64e-06,3.66e-06,3.638e-06,3.654e-06,0.000003657,1186839970.19667,48
1790582700,3.65e-06,3.655e-06,3.65e-06,3.655e-06,0.000003652,10502806.25998,2
1790583000,3.664e-06,3.67e-06,3.664e-06,3.67e-06,0.000003667,22458754.21126,5
1790583300,3.668e-06,3.674e-06,3.668e-06,3.67e-06,0.000003671,123286074.94057,9
1790583600,3.67e-06,3.672e-06,3.661e-06,3.661e-06,0.000003669,98747637.41548,11
1790583900,3.663e-06,3.67e-06,3.663e-06,3.665e-06,0.000003666,103367271.4653,22
1790584200,3.669e-06,3.672e-06,3.667e-06,3.667e-06,0.000003669,1050424726.99501,15
1790584500,3.661e-06,3.662e-06,3.654e-06,3.659e-06,0.000003659,25316786.57716,8
1790584800,3.663e-06,3.663e-06,3.661e-06,3.661e-06,0.000003661,57174764.37197,5
1790585100,3.659e-06,3.665e-06,3.657e-06,3.664e-06,0.000003660,219135018.08716,11
1790585400,3.672e-06,3.674e-06,3.672e-06,3.674e-06,0.000003672,27647458.77561,5
1790585700,3.669e-06,3.677e-06,3.669e-06,3.672e-06,0.000003671,239391187.14853,58
1790586000,3.672e-06,3.678e-06,3.646e-06,3.651e-06,0.000003659,591544724.16406,71
1790586300,3.649e-06,3.649e-06,3.641e-06,3.645e-06,0.000003643,6094091529.71557,36
1790586600,3.64e-06,3.67e-06,3.633e-06,3.67e-06,0.000003645,454393805.92856,39
1790586900,3.665e-06,3.672e-06,3.665e-06,3.672e-06,0.000003668,91606568.82195,6
1790587200,3.675e-06,3.683e-06,3.667e-06,3.671e-06,0.000003673,112780346.02196,23
1790587500,3.673e-06,3.673e-06,3.663e-06,3.666e-06,0.000003666,117248540.83299,9
1790587800,3.667e-06,3.667e-06,3.657e-06,3.657e-06,0.000003665,36179397.47368,4
1790588100,3.659e-06,3.659e-06,3.65e-06,3.65e-06,0.000003652,72458985.33228,4
1790588400,3.65e-06,3.651e-06,3.645e-06,3.645e-06,0.000003650,15468324.80176,4
1790588700,3.645e-06,3.656e-06,3.643e-06,3.656e-06,0.000003645,247574770.37951,18
1790589000,3.657e-06,3.661e-06,3.65e-06,3.65e-06,0.000003652,219719558.85865,9
1790589300,3.65e-06,3.651e-06,3.65e-06,3.65e-06,0.000003650,14279013.03752,4
1790589600,3.654e-06,3.667e-06,3.654e-06,3.667e-06,0.000003662,71238916.277,6
1790589900,3.676e-06,3.676e-06,3.666e-06,3.666e-06,0.000003672,11811991.36785,4
1790590200,3.663e-06,3.663e-06,3.662e-06,3.663e-06,0.000003662,66021559.784,8
1790590500,3.663e-06,3.663e-06,3.663e-06,3.663e-06,0.000000000,0.0,0
1790590800,3.666e-06,3.666e-06,3.666e-06,3.666e-06,0.000003666,26685168.0,2
1790591100,3.675e-06,3.675e-06,3.671e-06,3.671e-06,0.000003672,127828360.97542,9
1790591400,3.672e-06,3.672e-06,3.671e-06,3.671e-06,0.000003671,7311468.0,3
1790591700,3.687e-06,3.694e-06,3.687e-06,3.694e-06,0.000003688,48796278.46015,10
1790592000,3.695e-06,3.695e-06,3.695e-06,3.695e-06,0.000003695,135317997.29364,1
1790592300,3.69e-06,3.691e-06,3.69e-06,3.69e-06,0.000003690,12412725.738,4
1790592600,3.699e-06,3.7e-06,3.693e-06,3.696e-06,0.000003695,655028782.58041,14
1790592900,3.696e-06,3.696e-06,3.696e-06,3.696e-06,0.000000000,0.0,0
1790593200,3.696e-06,3.699e-06,3.696e-06,3.696e-06,0.000003698,127451700.0,10
1790593500,3.695e-06,3.699e-06,3.694e-06,3.697e-06,0.000003696,1200075951.05339,26
1790593800,3.697e-06,3.698e-06,3.693e-06,3.693e-06,0.000003694,33706415.72668,9
1790594100,3.689e-06,3.696e-06,3.685e-06,3.695e-06,0.000003693,887978345.38361,62
1790594400,3.685e-06,3.696e-06,3.684e-06,3.692e-06,0.000003688,238972412.30451,33
1790594700,3.696e-06,3.696e-06,3.691e-06,3.691e-06,0.000003693,877730245.2316,14
1790595000,3.695e-06,3.696e-06,3.695e-06,3.696e-06,0.000003695,52504861.63587,3
1790595300,3.696e-06,3.696e-06,3.696e-06,3.696e-06,0.000000000,0.0,0
1790595600,3.702e-06,3.702e-06,3.696e-06,3.698e-06,0.000003701,57447565.869,4
1790595900,3.697e-06,3.699e-06,3.695e-06,3.698e-06,0.000003697,760129604.74237,33
1790596200,3.7e-06,3.71e-06,3.7e-06,3.707e-06,0.000003708,62953885.50343,7
1790596500,3.706e-06,3.713e-06,3.706e-06,3.71e-06,0.000003708,420450737.28577,34
1790596800,3.701e-06,3.71e-06,3.698e-06,3.71e-06,0.000003702,415262951.85547,22
1790597100,3.719e-06,3.75e-06,3.719e-06,3.75e-06,0.000003736,239608027.54303,23
1790597400,3.746e-06,3.752e-06,3.734e-06,3.737e-06,0.000003745,927491252.76873,26
1790597700,3.74e-06,3.76e-06,3.74e-06,3.76e-06,0.000003752,367374440.27959,12
1790598000,3.75e-06,3.754e-06,3.749e-06,3.754e-06,0.000003751,9966600.0,3
1790598300,3.75e-06,3.751e-06,3.743e-06,3.743e-06,0.000003744,608785358.5977,15
1790598600,3.744e-06,3.753e-06,3.742e-06,3.752e-06,0.000003744,2422021031.79224,35
1790598900,3.758e-06,3.763e-06,3.754e-06,3.757e-06,0.000003756,1858723451.8635,48
1790599200,3.747e-06,3.759e-06,3.747e-06,3.758e-06,0.000003752,2079726247.86194,34
1790599500,3.767e-06,3.778e-06,3.76e-06,3.76e-06,0.000003768,146522170.89015,12
1790599800,3.76e-06,3.781e-06,3.76e-06,3.781e-06,0.000003770,321179092.69848,19
1790600100,3.782e-06,3.782e-06,3.768e-06,3.768e-06,0.000003771,467418708.73479,37
1790600400,3.766e-06,3.766e-06,3.749e-06,3.754e-06,0.000003752,1955650440.80199,58
1790600700,3.75e-06,3.75e-06,3.749e-06,3.749e-06,0.000003749,199779523.77,6
1790601000,3.743e-06,3.754e-06,3.743e-06,3.75e-06,0.000003753,270511295.738,6
1790601300,3.761e-06,3.761e-06,3.754e-06,3.755e-06,0.000003758,28021425.934,5
1790601600,3.755e-06,3.755e-06,3.755e-06,3.755e-06,0.000000000,0.0,0
1790601900,3.767e-06,3.772e-06,3.764e-06,3.77e-06,0.000003766,1455800918.94456,27
1790602200,3.781e-06,3.781e-06,3.75e-06,3.761e-06,0.000003758,902158381.63356,26
1790602500,3.753e-06,3.776e-06,3.746e-06,3.776e-06,0.000003753,525955445.65447,65
1790602800,3.775e-06,3.776e-06,3.771e-06,3.773e-06,0.000003772,3546499846.60603,61
1790603100,3.775e-06,3.782e-06,3.767e-06,3.767e-06,0.000003773,454611159.56552,50
1790603400,3.761e-06,3.772e-06,3.751e-06,3.772e-06,0.000003759,419556877.11603,28
1790603700,3.774e-06,3.777e-06,3.762e-06,3.765e-06,0.000003765,190554783.52386,24
1790604000,3.751e-06,3.751e-06,3.735e-06,3.735e-06,0.000003741,91478622.59889,9
1790604300,3.731e-06,3.741e-06,3.73e-06,3.741e-06,0.000003734,134780761.0885,6
1790604600,3.747e-06,3.747e-06,3.744e-06,3.745e-06,0.000003745,55568675.015,6
1790604900,3.729e-06,3.729e-06,3.717e-06,3.72e-06,0.000003721,618071056.63547,27
1790605200,3.728e-06,3.739e-06,3.728e-06,3.736e-06,0.000003734,194701414.561,15
1790605500,3.743e-06,3.743e-06,3.674e-06,3.674e-06,0.000003703,546332928.25842,46
1790605800,3.697e-06,3.699e-06,3.684e-06,3.699e-06,0.000003696,227944963.76184,11
1790606100,3.71e-06,3.714e-06,3.702e-06,3.71e-06,0.000003711,338143923.25478,25
1790606400,3.699e-06,3.702e-06,3.665e-06,3.675e-06,0.000003684,901245079.74149,50
1790606700,3.675e-06,3.684e-06,3.66e-06,3.676e-06,0.000003675,704350157.75604,58
1790607000,3.675e-06,3.675e-06,3.628e-06,3.663e-06,0.000003650,653403037.36153,63
1790607300,3.653e-06,3.665e-06,3.65e-06,3.655e-06,0.000003661,410932410.92385,59
1790607600,3.668e-06,3.669e-06,3.654e-06,3.66e-06,0.000003665,454185003.58305,20
1790607900,3.652e-06,3.66e-06,3.646e-06,3.659e-06,0.000003654,1142263137.01143,70
1790608200,3.671e-06,3.676e-06,3.641e-06,3.656e-06,0.000003669,420012080.73405,12
1790608500,3.646e-06,3.646e-06,3.631e-06,3.64e-06,0.000003636,210665022.14615,43
1790608800,3.644e-06,3.66e-06,3.632e-06,3.66e-06,0.000003643,211146376.568,39
1790609100,3.664e-06,3.677e-06,3.653e-06,3.672e-06,0.000003662,825529997.19921,30
1790609400,3.671e-06,3.671e-06,3.664e-06,3.666e-06,0.000003666,203719836.185,7
1790609700,3.677e-06,3.693e-06,3.677e-06,3.69e-06,0.000003686,735241345.55891,50
1790610000,3.68e-06,3.68e-06,3.677e-06,3.677e-06,0.000003678,94244076.56963,2
1790610300,3.681e-06,3.687e-06,3.677e-06,3.683e-06,0.000003681,443825782.74478,36
1790610600,3.691e-06,3.691e-06,3.691e-06,3.691e-06,0.000003691,27092928.79978,2
1790610900,3.691e-06,3.691e-06,3.688e-06,3.689e-06,0.000003690,88384614.44498,15
1790611200,3.681e-06,3.681e-06,3.659e-06,3.659e-06,0.000003670,58618694.72666,13
1790611500,3.668e-06,3.694e-06,3.668e-06,3.686e-06,0.000003684,118659794.67159,10
1790611800,3.688e-06,3.688e-06,3.681e-06,3.681e-06,0.000003684,9020033960.37084,31
1790612100,3.687e-06,3.721e-06,3.679e-06,3.714e-06,0.000003712,1517062204.23955,96
1790612400,3.715e-06,3.731e-06,3.715e-06,3.73e-06,0.000003723,809948033.62921,58
1790612700,3.734e-06,3.741e-06,3.732e-06,3.736e-06,0.000003735,375289272.06453,18
1790613000,3.741e-06,3.746e-06,3.726e-06,3.727e-06,0.000003744,4488757052.90966,34
1790613300,3.727e-06,3.73e-06,3.715e-06,3.715e-06,0.000003723,1169045262.61408,16
1790613600,3.716e-06,3.716e-06,3.703e-06,3.704e-06,0.000003707,979016372.10174,28
1790613900,3.71e-06,3.71e-06,3.708e-06,3.708e-06,0.000003709,6644400.0,2
1790614200,3.7e-06,3.704e-06,3.7e-06,3.704e-06,0.000003702,245592863.013,9
1790614500,3.71e-06,3.711e-06,3.71e-06,3.71e-06,0.000003710,15435653.0,4
1790614800,3.708e-06,3.71e-06,3.693e-06,3.695e-06,0.000003705,3223192886.25021,70
1790615100,3.688e-06,3.692e-06,3.677e-06,3.679e-06,0.000003686,38022377.00696,8
1790615400,3.678e-06,3.752e-06,3.678e-06,3.752e-06,0.000003706,933519673.59426,64
1790615700,3.754e-06,3.754e-06,3.725e-06,3.725e-06,0.000003743,1068758829.9246,26
1790616000,3.727e-06,3.728e-06,3.722e-06,3.722e-06,0.000003724,369744420.82852,91
1790616300,3.723e-06,3.723e-06,3.716e-06,3.716e-06,0.000003721,388491998.01208,7
1790616600,3.718e-06,3.729e-06,3.718e-06,3.721e-06,0.000003721,339748393.486,38
1790616900,3.723e-06,3.723e-06,3.716e-06,3.716e-06,0.000003716,53953475.06125,3
1790617200,3.72e-06,3.729e-06,3.72e-06,3.729e-06,0.000003726,11310686.02151,4
1790617500,3.732e-06,3.732e-06,3.72e-06,3.72e-06,0.000003726,6010372.04301,2
1790617800,3.713e-06,3.722e-06,3.713e-06,3.722e-06,0.000003718,48197312.007,16
1790618100,3.722e-06,3.722e-06,3.722e-06,3.722e-06,0.000000000,0.0,0
1790618400,3.723e-06,3.723e-06,3.723e-06,3.723e-06,0.000003723,30000000.0,2
1790618700,3.729e-06,3.734e-06,3.729e-06,3.734e-06,0.000003733,48152584.73519,2
1790619000,3.741e-06,3.749e-06,3.741e-06,3.749e-06,0.000003745,45641205.87699,8
1790619300,3.754e-06,3.754e-06,3.748e-06,3.748e-06,0.000003749,6421152.43369,3
1790619600,3.748e-06,3.748e-06,3.748e-06,3.748e-06,0.000000000,0.0,0
1790619900,3.748e-06,3.748e-06,3.748e-06,3.748e-06,0.000000000,0.0,0
1790620200,3.731e-06,3.731e-06,3.718e-06,3.718e-06,0.000003723,14426140.615,4
1790620500,3.718e-06,3.718e-06,3.718e-06,3.718e-06,0.000000000,0.0,0
1790620800,3.716e-06,3.718e-06,3.712e-06,3.718e-06,0.000003714,1088342832.063,16
1790621100,3.731e-06,3.732e-06,3.73e-06,3.73e-06,0.000003730,53733757.231,11
1790621400,3.735e-06,3.735e-06,3.732e-06,3.732e-06,0.000003732,53778872.93,3
1790621700,3.732e-06,3.732e-06,3.732e-06,3.732e-06,0.000000000,0.0,0
1790622000,3.732e-06,3.732e-06,3.728e-06,3.728e-06,0.000003731,39856697.501,5
1790622300,3.711e-06,3.711e-06,3.701e-06,3.701e-06,0.000003702,76311047.66475,8
1790622600,3.696e-06,3.696e-06,3.696e-06,3.696e-06,0.000003696,3322200.0,1
1790622900,3.703e-06,3.703e-06,3.697e-06,3.697e-06,0.000003700,6199695.26643,2
1790623200,3.697e-06,3.697e-06,3.697e-06,3.697e-06,0.000000000,0.0,0
1790623500,3.691e-06,3.694e-06,3.687e-06,3.687e-06,0.000003688,669676255.505,14
1790623800,3.686e-06,3.687e-06,3.674e-06,3.674e-06,0.000003674,2714056919.81944,20
1790624100,3.672e-06,3.672e-06,3.641e-06,3.641e-06,0.000003655,3295950768.41462,59
1790624400,3.635e-06,3.643e-06,3.63e-06,3.643e-06,0.000003634,307685104.75204,13
1790624700,3.642e-06,3.643e-06,3.639e-06,3.641e-06,0.000003641,484761544.63739,14
1790625000,3.645e-06,3.655e-06,3.645e-06,3.655e-06,0.000003647,61141007.26826,3
1790625300,3.653e-06,3.654e-06,3.652e-06,3.654e-06,0.000003652,81709809.34275,5
1790625600,3.651e-06,3.671e-06,3.64e-06,3.671e-06,0.000003648,85114512.04703,10
1790625900,3.673e-06,3.679e-06,3.673e-06,3.679e-06,0.000003674,64094207.99832,6
1790626200,3.681e-06,3.683e-06,3.681e-06,3.683e-06,0.000003682,113115150.398,6
1790626500,3.673e-06,3.677e-06,3.673e-06,3.677e-06,0.000003674,12435075.998,4
1790626800,3.677e-06,3.677e-06,3.677e-06,3.677e-06,0.000000000,0.0,0
1790627100,3.69e-06,3.69e-06,3.687e-06,3.688e-06,0.000003689,185806284.24063,8
1790627400,3.687e-06,3.688e-06,3.686e-06,3.688e-06,0.000003687,56239211.10222,5
1790627700,3.683e-06,3.684e-06,3.679e-06,3.679e-06,0.000003682,9675300.0,3
1790628000,3.679e-06,3.679e-06,3.679e-06,3.679e-06,0.000003679,3322200.0,1
1790628300,3.669e-06,3.675e-06,3.668e-06,3.673e-06,0.000003671,159985808.28249,21
1790628600,3.673e-06,3.673e-06,3.673e-06,3.673e-06,0.000003673,6219150.279,2
1790628900,3.673e-06,3.673e-06,3.673e-06,3.673e-06,0.000000000,0.0,0
1790629200,3.69e-06,3.704e-06,3.69e-06,3.704e-06,0.000003698,1411906228.47214,21
1790629500,3.701e-06,3.701e-06,3.691e-06,3.691e-06,0.000003696,169905745.0466,10
1790629800,3.696e-06,3.696e-06,3.688e-06,3.688e-06,0.000003689,65022679.52215,7
1790630100,3.684e-06,3.684e-06,3.678e-06,3.682e-06,0.000003681,168107893.60373,4
1790630400,3.677e-06,3.677e-06,3.675e-06,3.675e-06,0.000003675,74772294.3905,2
1790630700,3.666e-06,3.666e-06,3.664e-06,3.664e-06,0.000003664,50731743.67427,3
1790631000,3.67e-06,3.67e-06,3.668e-06,3.668e-06,0.000003668,50856798.18458,2
1790631300,3.665e-06,3.665e-06,3.658e-06,3.658e-06,0.000003660,133058323.43001,4
1790631600,3.652e-06,3.652e-06,3.652e-06,3.652e-06,0.000003652,48166223.43216,1
1790631900,3.652e-06,3.652e-06,3.652e-06,3.652e-06,0.000000000,0.0,0
1790632200,3.641e-06,3.641e-06,3.641e-06,3.641e-06,0.000003641,3141716.02192,1
1790632500,3.641e-06,3.641e-06,3.641e-06,3.641e-06,0.000000000,0.0,0
1790632800,3.634e-06,3.634e-06,3.616e-06,3.623e-06,0.000003620,796923756.01032,9
1790633100,3.619e-06,3.628e-06,3.616e-06,3.628e-06,0.000003618,91944907.36753,3
1790633400,3.625e-06,3.625e-06,3.624e-06,3.624e-06,0.000003624,6644399.99999,2
1790633700,3.636e-06,3.636e-06,3.636e-06,3.636e-06,0.000003636,3322199.99999,1
1790634000,3.63e-06,3.63e-06,3.629e-06,3.629e-06,0.000003629,6644400.0,2
1790634300,3.628e-06,3.629e-06,3.628e-06,3.629e-06,0.000003628,13226784.23,3
1790634600,3.63e-06,3.63e-06,3.63e-06,3.63e-06,0.000003630,1745812.67217,1
1790634900,3.654e-06,3.655e-06,3.654e-06,3.655e-06,0.000003654,54770038.06555,3
1790635200,3.659e-06,3.66e-06,3.659e-06,3.66e-06,0.000003659,27322404.0,4
1790635500,3.666e-06,3.666e-06,3.666e-06,3.666e-06,0.000003666,2728133.80465,1
1790635800,3.666e-06,3.67e-06,3.666e-06,3.669e-06,0.000003667,60653450.40238,5
1790636100,3.669e-06,3.669e-06,3.669e-06,3.669e-06,0.000000000,0.0,0
1790636400,3.675e-06,3.685e-06,3.675e-06,3.685e-06,0.000003680,7718012.62999,3
1790636700,3.685e-06,3.685e-06,3.684e-06,3.684e-06,0.000003684,127326502.50433,3
1790637000,3.676e-06,3.676e-06,3.676e-06,3.676e-06,0.000003676,3322200.0,1
1790637300,3.676e-06,3.676e-06,3.676e-06,3.676e-06,0.000000000,0.0,0
1790637600,3.685e-06,3.685e-06,3.684e-06,3.684e-06,0.000003684,69311831.51205,6
1790637900,3.693e-06,3.694e-06,3.693e-06,3.694e-06,0.000003693,6460774.02851,2
1790638200,3.694e-06,3.694e-06,3.694e-06,3.694e-06,0.000000000,0.0,0
1790638500,3.689e-06,3.689e-06,3.689e-06,3.689e-06,0.000003689,3322200.0,1
1790638800,3.689e-06,3.689e-06,3.689e-06,3.689e-06,0.000000000,0.0,0
1790639100,3.7e-06,3.7e-06,3.7e-06,3.7e-06,0.000003700,78750000.0,2
1790639400,3.699e-06,3.699e-06,3.699e-06,3.699e-06,0.000003699,214021444.30849,1
1790639700,3.701e-06,3.704e-06,3.701e-06,3.703e-06,0.000003702,39225340.19446,7
1790640000,3.7e-06,3.7e-06,3.698e-06,3.698e-06,0.000003699,9072174.93999,3
1790640300,3.701e-06,3.701e-06,3.701e-06,3.701e-06,0.000003701,1782872.17,1
1790640600,3.707e-06,3.708e-06,3.707e-06,3.708e-06,0.000003707,6192657.72999,2
1790640900,3.693e-06,3.693e-06,3.693e-06,3.693e-06,0.000003693,3322199.99999,1
1790641200,3.689e-06,3.689e-06,3.688e-06,3.688e-06,0.000003688,6644400.0,2
1790641500,3.701e-06,3.701e-06,3.696e-06,3.696e-06,0.000003698,6644400.0,2
1790641800,3.708e-06,3.708e-06,3.708e-06,3.708e-06,0.000003708,47456631.27554,1
1790642100,3.71e-06,3.71e-06,3.708e-06,3.71e-06,0.000003709,9322200.0,3
1790642400,3.71e-06,3.71e-06,3.71e-06,3.71e-06,0.000000000,0.0,0
1790642700,3.71e-06,3.71e-06,3.71e-06,3.71e-06,0.000000000,0.0,0
1790643000,3.71e-06,3.71e-06,3.71e-06,3.71e-06,0.000000000,0.0,0
1790643300,3.665e-06,3.665e-06,3.665e-06,3.665e-06,0.000003665,2728409.34626,2
1790643600,3.666e-06,3.672e-06,3.666e-06,3.672e-06,0.000003668,88577567.13559,3
1790643900,3.666e-06,3.666e-06,3.657e-06,3.657e-06,0.000003661,6644400.0,2
1790644200,3.644e-06,3.644e-06,3.634e-06,3.636e-06,0.000003636,249384040.33127,9
1790644500,3.629e-06,3.634e-06,3.62e-06,3.62e-06,0.000003629,7577903.76392,4
1790644800,3.627e-06,3.642e-06,3.627e-06,3.631e-06,0.000003640,256632458.22456,14
1790645100,3.612e-06,3.612e-06,3.592e-06,3.592e-06,0.000003596,1002418445.79749,24
1790645400,3.592e-06,3.597e-06,3.578e-06,3.593e-06,0.000003584,1304178329.40073,68
1790645700,3.588e-06,3.589e-06,3.571e-06,3.589e-06,0.000003581,251994593.76369,21
1790646000,3.585e-06,3.608e-06,3.584e-06,3.599e-06,0.000003600,180489059.16647,15
1790646300,3.607e-06,3.628e-06,3.607e-06,3.623e-06,0.000003621,67800970.92942,7
1790646600,3.613e-06,3.626e-06,3.606e-06,3.626e-06,0.000003612,590700891.63932,7
1790646900,3.629e-06,3.63e-06,3.627e-06,3.63e-06,0.000003628,11775100.0,3
1790647200,3.631e-06,3.633e-06,3.631e-06,3.633e-06,0.000003631,6183217.06578,2
1790647500,3.631e-06,3.631e-06,3.622e-06,3.623e-06,0.000003626,124892539.78017,11
1790647800,3.615e-06,3.635e-06,3.609e-06,3.626e-06,0.000003623,596033051.19608,24
1790648100,3.635e-06,3.64e-06,3.628e-06,3.632e-06,0.000003633,16611000.0,5
1790648400,3.638e-06,3.639e-06,3.611e-06,3.615e-06,0.000003615,201637232.9513,16
1790648700,3.615e-06,3.615e-06,3.609e-06,3.609e-06,0.000003609,222568953.40178,5
1790649000,3.614e-06,3.615e-06,3.598e-06,3.598e-06,0.000003612,68143934.2711,7
1790649300,3.604e-06,3.623e-06,3.604e-06,3.623e-06,0.000003615,5594647.28079,2
1790649600,3.621e-06,3.625e-06,3.618e-06,3.625e-06,0.000003619,321107768.64957,6
1790649900,3.625e-06,3.625e-06,3.625e-06,3.625e-06,0.000000000,0.0,0
1790650200,3.629e-06,3.629e-06,3.62e-06,3.62e-06,0.000003628,219503178.75221,2
1790650500,3.636e-06,3.636e-06,3.636e-06,3.636e-06,0.000003636,6644400.0,2
1790650800,3.641e-06,3.641e-06,3.641e-06,3.641e-06,0.000003641,3322200.0,1
1790651100,3.643e-06,3.646e-06,3.639e-06,3.642e-06,0.000003643,375485468.40986,12
1790651400,3.642e-06,3.642e-06,3.642e-06,3.642e-06,0.000000000,0.0,0
1790651700,3.638e-06,3.665e-06,3.638e-06,3.665e-06,0.000003642,300817443.57622,12
1790652000,3.665e-06,3.69e-06,3.665e-06,3.69e-06,0.000003676,720562813.75436,16
1790652300,3.685e-06,3.685e-06,3.685e-06,3.685e-06,0.000003685,1510302.73999,1
1790652600,3.685e-06,3.685e-06,3.685e-06,3.685e-06,0.000000000,0.0,0
1790652900,3.685e-06,3.685e-06,3.685e-06,3.685e-06,0.000000000,0.0,0
1790653200,3.68e-06,3.68e-06,3.68e-06,3.68e-06,0.000003680,150000000.0,1
1790653500,3.679e-06,3.679e-06,3.679e-06,3.679e-06,0.000003679,2090078.82576,2
1790653800,3.679e-06,3.679e-06,3.679e-06,3.679e-06,0.000000000,0.0,0
1790654100,3.668e-06,3.668e-06,3.668e-06,3.668e-06,0.000003668,215854431.38722,1
1790654400,3.67e-06,3.67e-06,3.662e-06,3.662e-06,0.000003665,9966600.0,3
1790654700,3.66e-06,3.66e-06,3.656e-06,3.656e-06,0.000003657,5349904.91803,2
1790655000,3.677e-06,3.677e-06,3.677e-06,3.677e-06,0.000003677,34468711.0,1
1790655300,3.677e-06,3.677e-06,3.677e-06,3.677e-06,0.000000000,0.0,0
1790655600,3.677e-06,3.677e-06,3.677e-06,3.677e-06,0.000000000,0.0,0
1790655900,3.677e-06,3.677e-06,3.677e-06,3.677e-06,0.000000000,0.0,0
1790656200,3.683e-06,3.683e-06,3.673e-06,3.673e-06,0.000003673,42996874.69018,3
1790656500,3.672e-06,3.678e-06,3.672e-06,3.678e-06,0.000003677,162115536.41375,3
1790656800,3.676e-06,3.676e-06,3.667e-06,3.668e-06,0.000003668,41231038.33054,4
1790657100,3.653e-06,3.653e-06,3.653e-06,3.653e-06,0.000003653,222559948.43381,3
1790657400,3.655e-06,3.656e-06,3.655e-06,3.656e-06,0.000003655,6644400.0,2
1790657700,3.656e-06,3.656e-06,3.656e-06,3.656e-06,0.000000000,0.0,0
1790658000,3.675e-06,3.675e-06,3.668e-06,3.668e-06,0.000003671,47429937.0,20
1790658300,3.663e-06,3.663e-06,3.658e-06,3.658e-06,0.000003660,9966599.99997,3
1790658600,3.659e-06,3.659e-06,3.659e-06,3.659e-06,0.000003659,3322199.99999,1
1790658900,3.656e-06,3.671e-06,3.656e-06,3.671e-06,0.000003670,57926338.12419,4
1790659200,3.674e-06,3.674e-06,3.672e-06,3.672e-06,0.000003672,226236310.74997,4
1790659500,3.672e-06,3.672e-06,3.672e-06,3.672e-06,0.000000000,0.0,0
1790659800,3.645e-06,3.645e-06,3.643e-06,3.643e-06,0.000003643,179131418.97261,5
1790660100,3.646e-06,3.646e-06,3.643e-06,3.643e-06,0.000003644,5975900.96,2
1790660400,3.677e-06,3.677e-06,3.677e-06,3.677e-06,0.000003677,98437500.0,4
1790660700,3.673e-06,3.686e-06,3.673e-06,3.686e-06,0.000003680,8322200.0,2
1790661000,3.694e-06,3.696e-06,3.694e-06,3.695e-06,0.000003694,160841053.0,11
1790661300,3.695e-06,3.695e-06,3.694e-06,3.694e-06,0.000003694,159892547.0,8
1790661600,3.691e-06,3.691e-06,3.691e-06,3.691e-06,0.000003691,3322200.0,1
1790661900,3.7e-06,3.702e-06,3.7e-06,3.702e-06,0.000003701,9346333.17783,4
1790662200,3.711e-06,3.711e-06,3.711e-06,3.711e-06,0.000003711,3322200.0,1
1790662500,3.702e-06,3.702e-06,3.695e-06,3.695e-06,0.000003695,50958941.13561,2
1790662800,3.709e-06,3.709e-06,3.707e-06,3.707e-06,0.000003708,6644400.0,2
1790663100,3.7e-06,3.7e-06,3.7e-06,3.7e-06,0.000003700,11076254.05405,2
1790663400,3.7e-06,3.7e-06,3.7e-06,3.7e-06,0.000000000,0.0,0
1790663700,3.705e-06,3.705e-06,3.705e-06,3.705e-06,0.000003705,2670763414.46,4
1790664000,3.7e-06,3.7e-06,3.698e-06,3.699e-06,0.000003699,54599469.85363,4
1790664300,3.704e-06,3.704e-06,3.704e-06,3.704e-06,0.000003704,175485960.79914,2
1790664600,3.702e-06,3.712e-06,3.702e-06,3.712e-06,0.000003711,98961051.77293,5
1790664900,3.713e-06,3.714e-06,3.712e-06,3.712e-06,0.000003713,182095643.71005,7
1790665200,3.7e-06,3.7e-06,3.7e-06,3.7e-06,0.000003700,6905405.4054,1
1790665500,3.715e-06,3.715e-06,3.715e-06,3.715e-06,0.000003715,14687500.0,1
1790665800,3.718e-06,3.719e-06,3.717e-06,3.719e-06,0.000003718,447116602.81192,8
1790666100,3.72e-06,3.722e-06,3.72e-06,3.722e-06,0.000003721,58169611.93275,5
1790666400,3.713e-06,3.714e-06,3.71e-06,3.712e-06,0.000003712,654379919.0,34
1790666700,3.723e-06,3.724e-06,3.721e-06,3.722e-06,0.000003723,29053765.47906,5
1790667000,3.731e-06,3.732e-06,3.73e-06,3.731e-06,0.000003731,123328481.99052,7
1790667300,3.73e-06,3.755e-06,3.73e-06,3.755e-06,0.000003735,19402209.77686,5
1790667600,3.76e-06,3.786e-06,3.76e-06,3.78e-06,0.000003775,1319052864.93678,35
1790667900,3.78e-06,3.78e-06,3.78e-06,3.78e-06,0.000000000,0.0,0
1790668200,3.758e-06,3.763e-06,3.758e-06,3.763e-06,0.000003761,1006618275.9992,20
1790668500,3.758e-06,3.772e-06,3.757e-06,3.76e-06,0.000003761,332857780.79705,10
1790668800,3.76e-06,3.768e-06,3.757e-06,3.757e-06,0.000003763,101623167.73291,13
1790669100,3.747e-06,3.75e-06,3.747e-06,3.75e-06,0.000003749,4895139452.43,8
1790669400,3.751e-06,3.754e-06,3.748e-06,3.753e-06,0.000003749,218764089.19218,6
1790669700,3.755e-06,3.755e-06,3.755e-06,3.755e-06,0.000003755,50000000.0,2
1790670000,3.755e-06,3.766e-06,3.755e-06,3.766e-06,0.000003755,58940742.5205,4
1790670300,3.766e-06,3.775e-06,3.766e-06,3.768e-06,0.000003769,415887787.17203,13
1790670600,3.756e-06,3.756e-06,3.749e-06,3.749e-06,0.000003749,31749022.51,4
1790670900,3.749e-06,3.749e-06,3.749e-06,3.749e-06,0.000000000,0.0,0
1790671200,3.748e-06,3.748e-06,3.737e-06,3.743e-06,0.000003744,75705186.29071,11
1790671500,3.746e-06,3.746e-06,3.742e-06,3.742e-06,0.000003743,1091894318.95528,18
1790671800,3.742e-06,3.742e-06,3.742e-06,3.742e-06,0.000000000,0.0,0
1790672100,3.742e-06,3.742e-06,3.742e-06,3.742e-06,0.000000000,0.0,0
1790672400,3.755e-06,3.755e-06,3.752e-06,3.754e-06,0.000003754,31950164.82983,5
1790672700,3.745e-06,3.745e-06,3.745e-06,3.745e-06,0.000003745,808008010.6809,2
1790673000,3.747e-06,3.749e-06,3.747e-06,3.749e-06,0.000003748,158849708.0,5
1790673300,3.75e-06,3.76e-06,3.75e-06,3.76e-06,0.000003757,133907582.99102,14
1790673600,3.771e-06,3.776e-06,3.763e-06,3.763e-06,0.000003769,885294687.68224,21
1790673900,3.76e-06,3.76e-06,3.76e-06,3.76e-06,0.000003760,3000000.0,1
1790674200,3.768e-06,3.768e-06,3.768e-06,3.768e-06,0.000003768,3304809.46,1
1790674500,3.767e-06,3.767e-06,3.767e-06,3.767e-06,0.000003767,74985000.0,1
1790674800,3.768e-06,3.768e-06,3.768e-06,3.768e-06,0.000003768,35751667.05,3
1790675100,3.784e-06,3.784e-06,3.784e-06,3.784e-06,0.000003784,3322200.0,1
1790675400,3.786e-06,3.787e-06,3.786e-06,3.787e-06,0.000003786,6644400.0,2
1790675700,3.788e-06,3.788e-06,3.787e-06,3.787e-06,0.000003787,14828548.34,3
1790676000,3.78e-06,3.782e-06,3.78e-06,3.782e-06,0.000003780,39330968.469,4
1790676300,3.778e-06,3.778e-06,3.777e-06,3.778e-06,0.000003777,114761415.6178,6
1790676600,3.778e-06,3.78e-06,3.778e-06,3.78e-06,0.000003779,147634959.0,13
1790676900,3.779e-06,3.78e-06,3.779e-06,3.78e-06,0.000003779,30135049.0,2
1790677200,3.767e-06,3.767e-06,3.767e-06,3.767e-06,0.000003767,3322200.0,1
1790677500,3.77e-06,3.773e-06,3.769e-06,3.773e-06,0.000003769,29854436.66755,4
1790677800,3.762e-06,3.762e-06,3.761e-06,3.761e-06,0.000003761,6644400.0,2
1790678100,3.759e-06,3.759e-06,3.759e-06,3.759e-06,0.000003759,46914008.75628,1
1790678400,3.755e-06,3.755e-06,3.755e-06,3.755e-06,0.000003755,63833261.0273,3
1790678700,3.754e-06,3.755e-06,3.754e-06,3.755e-06,0.000003754,3891110.16252,2
1790679000,3.755e-06,3.755e-06,3.755e-06,3.755e-06,0.000000000,0.0,0
1790679300,3.761e-06,3.761e-06,3.761e-06,3.761e-06,0.000003761,12895209.119,1
1790679600,3.761e-06,3.764e-06,3.76e-06,3.76e-06,0.000003761,89455841.70865,9
1790679900,3.753e-06,3.753e-06,3.752e-06,3.752e-06,0.000003752,53163211.05794,4
1790680200,3.752e-06,3.752e-06,3.752e-06,3.752e-06,0.000000000,0.0,0
1790680500,3.752e-06,3.759e-06,3.75e-06,3.758e-06,0.000003756,147975158.819,15
1790680800,3.758e-06,3.758e-06,3.758e-06,3.758e-06,0.000000000,0.0,0
1790681100,3.757e-06,3.757e-06,3.757e-06,3.757e-06,0.000003757,13308490.81714,1
1790681400,3.78e-06,3.78e-06,3.78e-06,3.78e-06,0.000003780,5500000.0,1
1790681700,3.775e-06,3.778e-06,3.775e-06,3.778e-06,0.000003776,96645207.55696,3
1790682000,3.779e-06,3.779e-06,3.779e-06,3.779e-06,0.000003779,46633640.87342,1
1790682300,3.79e-06,3.798e-06,3.79e-06,3.798e-06,0.000003790,306267015.31717,14
1790682600,3.8e-06,3.805e-06,3.781e-06,3.795e-06,0.000003788,344754524.37,19
1790682900,3.794e-06,3.794e-06,3.794e-06,3.794e-06,0.000003794,2113863.99578,1
1790683200,3.792e-06,3.794e-06,3.79e-06,3.791e-06,0.000003792,152571309.999,16
1790683500,3.785e-06,3.785e-06,3.784e-06,3.784e-06,0.000003784,6570215.0252,2
1790683800,3.781e-06,3.786e-06,3.781e-06,3.786e-06,0.000003782,55627151.84623,6
1790684100,3.791e-06,3.819e-06,3.791e-06,3.805e-06,0.000003808,6488764993.70166,38
1790684400,3.808e-06,3.811e-06,3.801e-06,3.801e-06,0.000003805,147395390.86336,12
1790684700,3.8e-06,3.8e-06,3.794e-06,3.797e-06,0.000003796,2604855729.43578,21
1790685000,3.801e-06,3.809e-06,3.798e-06,3.809e-06,0.000003804,410351649.41359,37
1790685300,3.81e-06,3.825e-06,3.809e-06,3.815e-06,0.000003817,409238629.6241,31
1790685600,3.814e-06,3.831e-06,3.809e-06,3.831e-06,0.000003812,1442372667.31798,51
1790685900,3.823e-06,3.823e-06,3.812e-06,3.814e-06,0.000003815,415839970.0855,16
1790686200,3.812e-06,3.828e-06,3.812e-06,3.828e-06,0.000003814,488657821.6738,20
1790686500,3.828e-06,3.828e-06,3.816e-06,3.822e-06,0.000003821,364878469.38468,65
1790686800,3.819e-06,3.83e-06,3.818e-06,3.822e-06,0.000003822,594182903.81895,20
1790687100,3.829e-06,3.842e-06,3.823e-06,3.842e-06,0.000003834,646214376.90964,30
1790687400,3.839e-06,3.84e-06,3.831e-06,3.832e-06,0.000003832,55970657.397,5
1790687700,3.829e-06,3.859e-06,3.829e-06,3.857e-06,0.000003848,186599431.19174,11
1790688000,3.854e-06,3.859e-06,3.846e-06,3.852e-06,0.000003856,1480297008.79203,44
1790688300,3.854e-06,3.854e-06,3.836e-06,3.839e-06,0.000003842,76250922.28469,13
1790688600,3.826e-06,3.838e-06,3.822e-06,3.827e-06,0.000003827,515157038.01776,70
1790688900,3.83e-06,3.848e-06,3.814e-06,3.844e-06,0.000003823,426181931.38274,24
1790689200,3.847e-06,3.854e-06,3.841e-06,3.841e-06,0.000003847,183926455.97175,12
1790689500,3.846e-06,3.849e-06,3.835e-06,3.836e-06,0.000003841,632942036.12403,21
1790689800,3.843e-06,3.861e-06,3.84e-06,3.857e-06,0.000003846,364191524.06808,27
1790690100,3.858e-06,3.866e-06,3.846e-06,3.846e-06,0.000003858,79403500.62453,8
1790690400,3.855e-06,3.855e-06,3.826e-06,3.833e-06,0.000003837,719706320.91367,40
1790690700,3.832e-06,3.832e-06,3.819e-06,3.822e-06,0.000003827,172604449.40385,11
1790691000,3.824e-06,3.831e-06,3.823e-06,3.826e-06,0.000003825,568022204.13076,19
1790691300,3.823e-06,3.856e-06,3.816e-06,3.853e-06,0.000003822,1458676283.46504,31
1790691600,3.855e-06,3.855e-06,3.834e-06,3.834e-06,0.000003843,587757076.11481,20
1790691900,3.852e-06,3.858e-06,3.852e-06,3.856e-06,0.000003856,239174045.37406,9
1790692200,3.846e-06,3.865e-06,3.846e-06,3.849e-06,0.000003855,625362594.18157,26
1790692500,3.827e-06,3.832e-06,3.827e-06,3.831e-06,0.000003831,377020382.855,8
1790692800,3.856e-06,3.86e-06,3.851e-06,3.852e-06,0.000003858,595309587.27948,15
1790693100,3.852e-06,3.863e-06,3.849e-06,3.849e-06,0.000003855,130623567.819,12
1790693400,3.839e-06,3.851e-06,3.839e-06,3.843e-06,0.000003845,8719940656.76476,33
1790693700,3.846e-06,3.846e-06,3.836e-06,3.837e-06,0.000003839,46437676.057,5
1790694000,3.822e-06,3.835e-06,3.818e-06,3.818e-06,0.000003832,1071191444.459,20
1790694300,3.82e-06,3.826e-06,3.804e-06,3.826e-06,0.000003812,270127201.73119,20
1790694600,3.822e-06,3.823e-06,3.797e-06,3.797e-06,0.000003812,317214326.76688,12
1790694900,3.798e-06,3.798e-06,3.79e-06,3.79e-06,0.000003791,433537938.65759,10
1790695200,3.792e-06,3.794e-06,3.749e-06,3.751e-06,0.000003763,1144551344.32428,43
1790695500,3.737e-06,3.743e-06,3.729e-06,3.743e-06,0.000003736,671653145.07391,19
1790695800,3.744e-06,3.769e-06,3.742e-06,3.765e-06,0.000003763,79309960.08257,11
1790696100,3.765e-06,3.765e-06,3.76e-06,3.765e-06,0.000003764,114464959.304,5
1790696400,3.768e-06,3.775e-06,3.754e-06,3.755e-06,0.000003755,2337339085.50343,31
1790696700,3.759e-06,3.771e-06,3.759e-06,3.77e-06,0.000003762,199145797.8255,16
1790697000,3.772e-06,3.772e-06,3.744e-06,3.744e-06,0.000003760,395182555.3027,31
1790697300,3.741e-06,3.749e-06,3.735e-06,3.735e-06,0.000003748,884125949.16803,13
1790697600,3.74e-06,3.752e-06,3.74e-06,3.741e-06,0.000003744,100719110.09048,19
1790697900,3.736e-06,3.74e-06,3.725e-06,3.732e-06,0.000003732,857050857.90277,32
1790698200,3.743e-06,3.746e-06,3.737e-06,3.737e-06,0.000003740,78642710.5245,7
1790698500,3.735e-06,3.74e-06,3.734e-06,3.74e-06,0.000003738,64706283.89622,3
1790698800,3.742e-06,3.747e-06,3.742e-06,3.746e-06,0.000003745,218619736.80193,3
1790699100,3.75e-06,3.75e-06,3.75e-06,3.75e-06,0.000003750,47062638.50534,1
1790699400,3.732e-06,3.732e-06,3.719e-06,3.724e-06,0.000003724,46852247.563,9
1790699700,3.724e-06,3.724e-06,3.724e-06,3.724e-06,0.000000000,0.0,0
1790700000,3.714e-06,3.714e-06,3.702e-06,3.706e-06,0.000003706,1267938959.25379,28
1790700300,3.707e-06,3.707e-06,3.693e-06,3.696e-06,0.000003698,343400166.63128,40
1790700600,3.703e-06,3.706e-06,3.692e-06,3.692e-06,0.000003701,253443297.68887,15
1790700900,3.689e-06,3.713e-06,3.688e-06,3.713e-06,0.000003693,501115241.34899,13
1790701200,3.71e-06,3.722e-06,3.709e-06,3.722e-06,0.000003711,220477653.83069,14
1790701500,3.718e-06,3.728e-06,3.718e-06,3.727e-06,0.000003724,39194655.3872,11
1790701800,3.722e-06,3.722e-06,3.722e-06,3.722e-06,0.000003722,1500000.0,1
1790702100,3.717e-06,3.717e-06,3.701e-06,3.701e-06,0.000003702,72263548.49011,5
1790702400,3.701e-06,3.704e-06,3.701e-06,3.702e-06,0.000003701,56748162.07406,4
1790702700,3.7e-06,3.701e-06,3.699e-06,3.701e-06,0.000003699,146710276.82,7
1790703000,3.709e-06,3.717e-06,3.707e-06,3.707e-06,0.000003713,327023481.99522,19
1790703300,3.7e-06,3.702e-06,3.699e-06,3.702e-06,0.000003700,59649753.902,6
1790703600,3.71e-06,3.71e-06,3.71e-06,3.71e-06,0.000003710,51663033.418,4
1790703900,3.71e-06,3.71e-06,3.694e-06,3.694e-06,0.000003704,77891686.46552,5
1790704200,3.697e-06,3.699e-06,3.693e-06,3.699e-06,0.000003695,104267222.10267,7
1790704500,3.697e-06,3.699e-06,3.697e-06,3.699e-06,0.000003698,863912728.22048,16
1790704800,3.708e-06,3.722e-06,3.707e-06,3.722e-06,0.000003709,76193958.62762,12
1790705100,3.731e-06,3.734e-06,3.728e-06,3.729e-06,0.000003732,125246748.56218,11
1790705400,3.724e-06,3.724e-06,3.721e-06,3.721e-06,0.000003722,1541003570.44631,18
1790705700,3.736e-06,3.741e-06,3.735e-06,3.735e-06,0.000003737,8712211.01325,3
1790706000,3.75e-06,3.75e-06,3.75e-06,3.75e-06,0.000003750,2585813.33333,1
1790706300,3.74e-06,3.74e-06,3.739e-06,3.74e-06,0.000003739,282379679.14438,10
1790706600,3.741e-06,3.743e-06,3.741e-06,3.743e-06,0.000003742,9806932.72776,3
1790706900,3.738e-06,3.745e-06,3.738e-06,3.741e-06,0.000003742,1818980052.7231,27
1790707200,3.743e-06,3.761e-06,3.74e-06,3.749e-06,0.000003749,1157368531.99392,45
1790707500,3.754e-06,3.758e-06,3.75e-06,3.75e-06,0.000003752,1489725984.05845,23
1790707800,3.748e-06,3.752e-06,3.744e-06,3.751e-06,0.000003750,413237510.89737,15
1790708100,3.743e-06,3.746e-06,3.74e-06,3.745e-06,0.000003741,3766874290.22272,52
1790708400,3.745e-06,3.754e-06,3.744e-06,3.751e-06,0.000003750,2170511089.57703,76
1790708700,3.752e-06,3.758e-06,3.748e-06,3.757e-06,0.000003753,410439923.48509,14
1790709000,3.756e-06,3.756e-06,3.751e-06,3.754e-06,0.000003754,1083531320.28105,26
1790709300,3.752e-06,3.752e-06,3.747e-06,3.748e-06,0.000003747,228034120.10879,7
1790709600,3.751e-06,3.753e-06,3.751e-06,3.753e-06,0.000003751,1472610633.3438,71
1790709900,3.753e-06,3.753e-06,3.752e-06,3.753e-06,0.000003752,1733373405.11939,14
1790710200,3.746e-06,3.754e-06,3.746e-06,3.752e-06,0.000003747,1479642130.92098,49
1790710500,3.75e-06,3.759e-06,3.749e-06,3.759e-06,0.000003756,415215274.1006,7
1790710800,3.759e-06,3.759e-06,3.737e-06,3.737e-06,0.000003755,5355618279.66474,37
1790711100,3.736e-06,3.737e-06,3.729e-06,3.736e-06,0.000003733,82854259.51778,25
1790711400,3.736e-06,3.736e-06,3.733e-06,3.733e-06,0.000003734,6644399.99999,2
1790711700,3.729e-06,3.732e-06,3.727e-06,3.73e-06,0.000003729,246784998.40976,27
1790712000,3.73e-06,3.73e-06,3.73e-06,3.73e-06,0.000000000,0.0,0
1790712300,3.722e-06,3.736e-06,3.722e-06,3.736e-06,0.000003732,38285339.62905,9
1790712600,3.736e-06,3.736e-06,3.736e-06,3.736e-06,0.000000000,0.0,0
1790712900,3.736e-06,3.736e-06,3.736e-06,3.736e-06,0.000000000,0.0,0
1790713200,3.756e-06,3.756e-06,3.755e-06,3.756e-06,0.000003755,84793388.11449,4
1790713500,3.757e-06,3.767e-06,3.757e-06,3.767e-06,0.000003761,6399912.91079,2
1790713800,3.767e-06,3.767e-06,3.767e-06,3.767e-06,0.000000000,0.0,0
1790714100,3.751e-06,3.762e-06,3.751e-06,3.762e-06,0.000003757,8557184.0,2
1790714400,3.76e-06,3.761e-06,3.758e-06,3.758e-06,0.000003760,13958554.26748,4
1790714700,3.757e-06,3.757e-06,3.751e-06,3.751e-06,0.000003752,389321190.0,5
1790715000,3.76e-06,3.76e-06,3.76e-06,3.76e-06,0.000003760,100451786.44112,4
1790715300,3.762e-06,3.765e-06,3.762e-06,3.765e-06,0.000003763,134071354.25733,5
1790715600,3.75e-06,3.755e-06,3.75e-06,3.755e-06,0.000003750,439461345.63759,10
1790715900,3.766e-06,3.766e-06,3.761e-06,3.761e-06,0.000003763,99027142.50504,5
1790716200,3.762e-06,3.77e-06,3.761e-06,3.77e-06,0.000003761,67804348.77966,6
1790716500,3.767e-06,3.767e-06,3.767e-06,3.767e-06,0.000003767,46805614.55631,1
1790716800,3.753e-06,3.753e-06,3.744e-06,3.744e-06,0.000003749,153449614.87417,14
1790717100,3.742e-06,3.742e-06,3.738e-06,3.738e-06,0.000003741,40625579.04967,3
1790717400,3.752e-06,3.755e-06,3.752e-06,3.755e-06,0.000003754,244827228.89251,4
1790717700,3.755e-06,3.757e-06,3.752e-06,3.756e-06,0.000003754,191650216.29901,23
1790718000,3.756e-06,3.756e-06,3.756e-06,3.756e-06,0.000000000,0.0,0
1790718300,3.75e-06,3.75e-06,3.75e-06,3.75e-06,0.000003750,20000000.0,1
1790718600,3.75e-06,3.75e-06,3.75e-06,3.75e-06,0.000000000,0.0,0
1790718900,3.75e-06,3.75e-06,3.75e-06,3.75e-06,0.000000000,0.0,0
1790719200,3.77e-06,3.774e-06,3.77e-06,3.774e-06,0.000003770,174585495.75404,4
1790719500,3.774e-06,3.774e-06,3.774e-06,3.774e-06,0.000000000,0.0,0
1790719800,3.78e-06,3.781e-06,3.769e-06,3.769e-06,0.000003769,141668231.7,6
1790720100,3.768e-06,3.774e-06,3.767e-06,3.774e-06,0.000003769,599644351.99343,9
1790720400,3.774e-06,3.774e-06,3.774e-06,3.774e-06,0.000000000,0.0,0
1790720700,3.774e-06,3.774e-06,3.774e-06,3.774e-06,0.000000000,0.0,0
1790721000,3.774e-06,3.774e-06,3.774e-06,3.774e-06,0.000000000,0.0,0
1790721300,3.774e-06,3.774e-06,3.774e-06,3.774e-06,0.000000000,0.0,0
1790721600,3.758e-06,3.758e-06,3.758e-06,3.758e-06,0.000003758,1500000.0,1
1790721900,3.76e-06,3.761e-06,3.758e-06,3.758e-06,0.000003759,36706013.16109,3
1790722200,3.761e-06,3.761e-06,3.759e-06,3.759e-06,0.000003759,7632251.0,3
1790722500,3.759e-06,3.759e-06,3.759e-06,3.759e-06,0.000003759,8281568.0,2
1790722800,3.759e-06,3.759e-06,3.759e-06,3.759e-06,0.000000000,0.0,0
1790723100,3.775e-06,3.78e-06,3.773e-06,3.773e-06,0.000003774,27792095.58648,8
1790723400,3.785e-06,3.791e-06,3.785e-06,3.791e-06,0.000003788,167566868.7588,13
1790723700,3.781e-06,3.781e-06,3.781e-06,3.781e-06,0.000003781,13652445.96668,2
1790724000,3.773e-06,3.775e-06,3.773e-06,3.775e-06,0.000003774,50040875.52203,2
1790724300,3.78e-06,3.78e-06,3.773e-06,3.773e-06,0.000003779,405310396.0,2
1790724600,3.761e-06,3.761e-06,3.759e-06,3.759e-06,0.000003760,256435848.62923,2
1790724900,3.759e-06,3.762e-06,3.759e-06,3.761e-06,0.000003760,353785138.27656,5
1790725200,3.745e-06,3.745e-06,3.737e-06,3.737e-06,0.000003738,15782829.06,4
1790725500,3.744e-06,3.753e-06,3.744e-06,3.749e-06,0.000003751,314218177.77434,6
1790725800,3.749e-06,3.749e-06,3.749e-06,3.749e-06,0.000000000,0.0,0
1790726100,3.749e-06,3.749e-06,3.749e-06,3.749e-06,0.000003749,50363402.71294,2
1790726400,3.756e-06,3.756e-06,3.756e-06,3.756e-06,0.000003756,3322200.0,1
1790726700,3.756e-06,3.756e-06,3.756e-06,3.756e-06,0.000000000,0.0,0
1790727000,3.744e-06,3.744e-06,3.743e-06,3.743e-06,0.000003743,257634457.48048,2
1790727300,3.744e-06,3.745e-06,3.744e-06,3.745e-06,0.000003744,53747279.99555,3
1790727600,3.745e-06,3.745e-06,3.745e-06,3.745e-06,0.000000000,0.0,0
1790727900,3.745e-06,3.745e-06,3.745e-06,3.745e-06,0.000000000,0.0,0
1790728200,3.745e-06,3.745e-06,3.745e-06,3.745e-06,0.000000000,0.0,0
1790728500,3.757e-06,3.757e-06,3.754e-06,3.754e-06,0.000003754,11343188.00301,3
1790728800,3.756e-06,3.756e-06,3.756e-06,3.756e-06,0.000003756,6899250.624,2
1790729100,3.748e-06,3.755e-06,3.748e-06,3.755e-06,0.000003750,9966600.0,3
1790729400,3.741e-06,3.741e-06,3.74e-06,3.74e-06,0.000003740,10000000.0,3
1790729700,3.74e-06,3.74e-06,3.74e-06,3.74e-06,0.000000000,0.0,0
1790730000,3.755e-06,3.755e-06,3.755e-06,3.755e-06,0.000003755,1849366.46,1
1790730300,3.767e-06,3.767e-06,3.763e-06,3.764e-06,0.000003764,12291856.8,4
1790730600,3.764e-06,3.764e-06,3.764e-06,3.764e-06,0.000000000,0.0,0
1790730900,3.777e-06,3.783e-06,3.777e-06,3.778e-06,0.000003780,16611000.0,5
1790731200,3.778e-06,3.778e-06,3.778e-06,3.778e-06,0.000000000,0.0,0
1790731500,3.805e-06,3.805e-06,3.796e-06,3.797e-06,0.000003797,121562839.11154,4
1790731800,3.789e-06,3.79e-06,3.784e-06,3.79e-06,0.000003788,792047164.42216,17
1790732100,3.781e-06,3.788e-06,3.781e-06,3.788e-06,0.000003783,514916976.32189,13
1790732400,3.786e-06,3.797e-06,3.786e-06,3.797e-06,0.000003789,27913444.32789,8
1790732700,3.799e-06,3.801e-06,3.794e-06,3.801e-06,0.000003797,470462836.50398,10
1790733000,3.801e-06,3.801e-06,3.801e-06,3.801e-06,0.000000000,0.0,0
1790733300,3.788e-06,3.788e-06,3.788e-06,3.788e-06,0.000003788,7638429.06,1
1790733600,3.801e-06,3.801e-06,3.801e-06,3.801e-06,0.000003801,39375000.0,1
1790733900,3.804e-06,3.811e-06,3.804e-06,3.811e-06,0.000003807,12742244.54994,4
1790734200,3.811e-06,3.811e-06,3.811e-06,3.811e-06,0.000000000,0.0,0
1790734500,3.793e-06,3.794e-06,3.792e-06,3.792e-06,0.000003793,298084352.09426,5
1790734800,3.797e-06,3.797e-06,3.797e-06,3.797e-06,0.000003797,26549873.80201,2
1790735100,3.787e-06,3.787e-06,3.773e-06,3.773e-06,0.000003778,8652280.38058,3
1790735400,3.773e-06,3.773e-06,3.773e-06,3.773e-06,0.000000000,0.0,0
1790735700,3.77e-06,3.772e-06,3.767e-06,3.767e-06,0.000003767,173281350.37375,4
1790736000,3.767e-06,3.767e-06,3.767e-06,3.767e-06,0.000000000,0.0,0
1790736300,3.789e-06,3.789e-06,3.789e-06,3.789e-06,0.000003789,3322200.0,1
1790736600,3.784e-06,3.784e-06,3.784e-06,3.784e-06,0.000003784,176179800.0,3
1790736900,3.784e-06,3.784e-06,3.784e-06,3.784e-06,0.000000000,0.0,0
1790737200,3.784e-06,3.784e-06,3.784e-06,3.784e-06,0.000000000,0.0,0
1790737500,3.772e-06,3.772e-06,3.772e-06,3.772e-06,0.000003772,4429600.0,1
1790737800,3.77e-06,3.771e-06,3.77e-06,3.771e-06,0.000003770,48558247.33183,4
1790738100,3.764e-06,3.764e-06,3.747e-06,3.752e-06,0.000003749,587878848.42649,15
1790738400,3.754e-06,3.762e-06,3.754e-06,3.762e-06,0.000003756,12626816.0,3
1790738700,3.757e-06,3.762e-06,3.757e-06,3.762e-06,0.000003761,78552407.01755,5
1790739000,3.762e-06,3.762e-06,3.762e-06,3.762e-06,0.000000000,0.0,0
1790739300,3.762e-06,3.762e-06,3.762e-06,3.762e-06,0.000000000,0.0,0
1790739600,3.771e-06,3.771e-06,3.768e-06,3.768e-06,0.000003769,13288800.0,3
1790739900,3.766e-06,3.766e-06,3.762e-06,3.766e-06,0.000003762,262045515.85314,3
1790740200,3.76e-06,3.76e-06,3.751e-06,3.753e-06,0.000003758,304871592.56894,3
1790740500,3.751e-06,3.751e-06,3.751e-06,3.751e-06,0.000003751,4429600.0,1
1790740800,3.753e-06,3.772e-06,3.752e-06,3.772e-06,0.000003752,271704672.01844,5
1790741100,3.772e-06,3.772e-06,3.772e-06,3.772e-06,0.000000000,0.0,0
1790741400,3.772e-06,3.772e-06,3.772e-06,3.772e-06,0.000000000,0.0,0
1790741700,3.776e-06,3.777e-06,3.776e-06,3.776e-06,0.000003776,24136058.12,4
1790742000,3.776e-06,3.776e-06,3.776e-06,3.776e-06,0.000000000,0.0,0
1790742300,3.785e-06,3.787e-06,3.783e-06,3.783e-06,0.000003785,63326228.64086,3
1790742600,3.781e-06,3.789e-06,3.781e-06,3.789e-06,0.000003784,662421334.81536,17
1790742900,3.777e-06,3.786e-06,3.777e-06,3.786e-06,0.000003782,265612045.97784,4
1790743200,3.784e-06,3.784e-06,3.781e-06,3.781e-06,0.000003781,142272707.73087,7
1790743500,3.786e-06,3.786e-06,3.786e-06,3.786e-06,0.000003786,12466733.313,2
1790743800,3.778e-06,3.781e-06,3.775e-06,3.781e-06,0.000003777,74511344.959,17
1790744100,3.777e-06,3.777e-06,3.777e-06,3.777e-06,0.000003777,39714058.565,2
1790744400,3.777e-06,3.777e-06,3.777e-06,3.777e-06,0.000000000,0.0,0
1790744700,3.78e-06,3.784e-06,3.78e-06,3.784e-06,0.000003783,57561932.75137,5
1790745000,3.779e-06,3.78e-06,3.779e-06,3.78e-06,0.000003779,8933862.43386,2
1790745300,3.78e-06,3.78e-06,3.78e-06,3.78e-06,0.000000000,0.0,0
1790745600,3.78e-06,3.78e-06,3.78e-06,3.78e-06,0.000000000,0.0,0
1790745900,3.786e-06,3.789e-06,3.784e-06,3.788e-06,0.000003787,37266300.0,6
1790746200,3.805e-06,3.805e-06,3.794e-06,3.794e-06,0.000003800,107971955.3718,6
1790746500,3.801e-06,3.805e-06,3.794e-06,3.804e-06,0.000003797,173571508.86576,11
1790746800,3.811e-06,3.811e-06,3.811e-06,3.811e-06,0.000003811,2624308.88871,2
1790747100,3.81e-06,3.81e-06,3.81e-06,3.81e-06,0.000003810,2624671916.01049,3
1790747400,3.81e-06,3.81e-06,3.81e-06,3.81e-06,0.000000000,0.0,0
1790747700,3.796e-06,3.804e-06,3.796e-06,3.804e-06,0.000003797,263164304.1112,11
1790748000,3.806e-06,3.823e-06,3.806e-06,3.822e-06,0.000003814,207443261.73408,12
1790748300,3.83e-06,3.832e-06,3.83e-06,3.832e-06,0.000003830,273340946.42615,6
1790748600,3.805e-06,3.806e-06,3.805e-06,3.806e-06,0.000003805,10510884.18287,3
1790748900,3.806e-06,3.806e-06,3.806e-06,3.806e-06,0.000000000,0.0,0
1790749200,3.797e-06,3.797e-06,3.794e-06,3.794e-06,0.000003796,16497629.06,3
1790749500,3.772e-06,3.772e-06,3.772e-06,3.772e-06,0.000003772,2650817.05929,1
1790749800,3.79e-06,3.791e-06,3.79e-06,3.791e-06,0.000003790,32316900.0,2
1790750100,3.784e-06,3.785e-06,3.773e-06,3.773e-06,0.000003782,204065042.26893,8
1790750400,3.771e-06,3.778e-06,3.77e-06,3.778e-06,0.000003777,268025376.75925,4
1790750700,3.777e-06,3.777e-06,3.769e-06,3.77e-06,0.000003775,55494526.18865,3
1790751000,3.763e-06,3.766e-06,3.757e-06,3.758e-06,0.000003762,370446767.48796,17
1790751300,3.75e-06,3.75e-06,3.75e-06,3.75e-06,0.000003750,3050396.80955,2
1790751600,3.76e-06,3.76e-06,3.76e-06,3.76e-06,0.000003760,29699000.2656,2
1790751900,3.757e-06,3.757e-06,3.75e-06,3.751e-06,0.000003755,252544187.15883,5
1790752200,3.751e-06,3.751e-06,3.751e-06,3.751e-06,0.000000000,0.0,0
1790752500,3.751e-06,3.751e-06,3.751e-06,3.751e-06,0.000000000,0.0,0
1790752800,3.751e-06,3.751e-06,3.751e-06,3.751e-06,0.000000000,0.0,0
1790753100,3.79e-06,3.791e-06,3.78e-06,3.781e-06,0.000003785,143851586.49075,10
1790753400,3.78e-06,3.78e-06,3.78e-06,3.78e-06,0.000003780,6521241.84,1
1790753700,3.78e-06,3.78e-06,3.78e-06,3.78e-06,0.000000000,0.0,0
1790754000,3.795e-06,3.798e-06,3.792e-06,3.796e-06,0.000003796,1448821360.45276,16
1790754300,3.793e-06,3.799e-06,3.789e-06,3.799e-06,0.000003792,74148405.276,7
1790754600,3.798e-06,3.805e-06,3.798e-06,3.8e-06,0.000003801,26486777.8,7
1790754900,3.785e-06,3.785e-06,3.785e-06,3.785e-06,0.000003785,634632994.64968,1
1790755200,3.784e-06,3.784e-06,3.778e-06,3.778e-06,0.000003778,263723139.06502,5
1790755500,3.782e-06,3.783e-06,3.775e-06,3.775e-06,0.000003781,444221028.08339,5
1790755800,3.775e-06,3.775e-06,3.775e-06,3.775e-06,0.000000000,0.0,0
1790756100,3.787e-06,3.801e-06,3.787e-06,3.79e-06,0.000003791,319534338.79735,13
1790756400,3.788e-06,3.802e-06,3.788e-06,3.793e-06,0.000003797,133995348.47966,8
1790756700,3.793e-06,3.793e-06,3.793e-06,3.793e-06,0.000000000,0.0,0
1790757000,3.792e-06,3.792e-06,3.778e-06,3.778e-06,0.000003779,55476404.27621,3
1790757300,3.776e-06,3.791e-06,3.776e-06,3.79e-06,0.000003789,140750521.55104,5
1790757600,3.785e-06,3.786e-06,3.784e-06,3.786e-06,0.000003785,202838479.09375,4
1790757900,3.789e-06,3.81e-06,3.789e-06,3.808e-06,0.000003801,720650449.73273,9
1790758200,3.808e-06,3.808e-06,3.797e-06,3.8e-06,0.000003802,157803888.9099,7
1790758500,3.8e-06,3.8e-06,3.8e-06,3.8e-06,0.000000000,0.0,0
1790758800,3.804e-06,3.805e-06,3.804e-06,3.805e-06,0.000003804,52600000.0,3
1790759100,3.81e-06,3.81e-06,3.806e-06,3.808e-06,0.000003808,408126565.9652,11
1790759400,3.809e-06,3.809e-06,3.805e-06,3.809e-06,0.000003806,601526190.82225,14
1790759700,3.811e-06,3.811e-06,3.808e-06,3.808e-06,0.000003810,260040665.07217,8
1790760000,3.806e-06,3.81e-06,3.805e-06,3.81e-06,0.000003807,119219981.03491,6
1790760300,3.813e-06,3.818e-06,3.811e-06,3.817e-06,0.000003814,229728904.9902,11
1790760600,3.818e-06,3.849e-06,3.811e-06,3.849e-06,0.000003832,371596916.92436,24
1790760900,3.849e-06,3.849e-06,3.849e-06,3.849e-06,0.000000000,0.0,0
1790761200,3.849e-06,3.849e-06,3.849e-06,3.849e-06,0.000000000,0.0,0
1790761500,3.849e-06,3.849e-06,3.849e-06,3.849e-06,0.000000000,0.0,0
1790761800,3.83e-06,3.83e-06,3.824e-06,3.824e-06,0.000003828,16604830.2872,2
1790762100,3.825e-06,3.825e-06,3.825e-06,3.825e-06,0.000003825,18052287.58169,2
1790762400,3.823e-06,3.824e-06,3.819e-06,3.824e-06,0.000003820,290277239.77347,9
1790762700,3.826e-06,3.826e-06,3.819e-06,3.819e-06,0.000003823,502373115.89,7
1790763000,3.819e-06,3.819e-06,3.819e-06,3.819e-06,0.000000000,0.0,0
1790763300,3.81e-06,3.81e-06,3.81e-06,3.81e-06,0.000003810,2624839.07889,2
1790763600,3.821e-06,3.821e-06,3.821e-06,3.821e-06,0.000003821,4429600.0,1
1790763900,3.829e-06,3.829e-06,3.817e-06,3.818e-06,0.000003818,1284284339.17072,31
1790764200,3.819e-06,3.83e-06,3.818e-06,3.828e-06,0.000003820,380948248.22315,8
1790764500,3.826e-06,3.826e-06,3.826e-06,3.826e-06,0.000003826,4429600.0,1
1790764800,3.826e-06,3.826e-06,3.826e-06,3.826e-06,0.000003826,19950000.0,1
1790765100,3.829e-06,3.83e-06,3.827e-06,3.83e-06,0.000003828,96453816.66729,3
1790765400,3.83e-06,3.83e-06,3.83e-06,3.83e-06,0.000000000,0.0,0
1790765700,3.83e-06,3.83e-06,3.83e-06,3.83e-06,0.000003830,4429600.0,1
1790766000,3.819e-06,3.821e-06,3.819e-06,3.821e-06,0.000003820,10154103.33218,3
1790766300,3.815e-06,3.815e-06,3.815e-06,3.815e-06,0.000003815,11835463.0266,1
1790766600,3.817e-06,3.817e-06,3.817e-06,3.817e-06,0.000003817,65496463.19099,3
1790766900,3.817e-06,3.817e-06,3.811e-06,3.811e-06,0.000003815,208047273.55863,8
1790767200,3.806e-06,3.806e-06,3.806e-06,3.806e-06,0.000003806,26274303.73095,2
1790767500,3.806e-06,3.806e-06,3.806e-06,3.806e-06,0.000000000,0.0,0
1790767800,3.806e-06,3.806e-06,3.806e-06,3.806e-06,0.000000000,0.0,0
1790768100,3.806e-06,3.806e-06,3.806e-06,3.806e-06,0.000000000,0.0,0
1790768400,3.827e-06,3.831e-06,3.826e-06,3.829e-06,0.000003827,102222939.88102,8
1790768700,3.826e-06,3.84e-06,3.825e-06,3.836e-06,0.000003837,169241887.29212,6
1790769000,3.836e-06,3.836e-06,3.836e-06,3.836e-06,0.000000000,0.0,0
1790769300,3.836e-06,3.836e-06,3.836e-06,3.836e-06,0.000000000,0.0,0
1790769600,3.846e-06,3.847e-06,3.846e-06,3.847e-06,0.000003846,13061650.99268,3
1790769900,3.847e-06,3.847e-06,3.847e-06,3.847e-06,0.000000000,0.0,0
1790770200,3.847e-06,3.847e-06,3.847e-06,3.847e-06,0.000000000,0.0,0
1790770500,3.83e-06,3.83e-06,3.826e-06,3.827e-06,0.000003827,8765132.3348,5
1790770800,3.815e-06,3.831e-06,3.815e-06,3.831e-06,0.000003828,56268985.56795,5
1790771100,3.831e-06,3.831e-06,3.831e-06,3.831e-06,0.000000000,0.0,0
1790771400,3.823e-06,3.903e-06,3.823e-06,3.863e-06,0.000003868,838750110.99317,61
1790771700,3.891e-06,3.899e-06,3.883e-06,3.899e-06,0.000003890,196756975.57696,14
1790772000,3.905e-06,3.905e-06,3.888e-06,3.89e-06,0.000003894,4993736766.35392,56
1790772300,3.891e-06,3.903e-06,3.88e-06,3.901e-06,0.000003895,1675946042.81779,68
1790772600,3.89e-06,3.899e-06,3.889e-06,3.899e-06,0.000003892,671547148.59864,11
1790772900,3.905e-06,3.913e-06,3.892e-06,3.892e-06,0.000003904,7334016661.42231,70
1790773200,3.892e-06,3.894e-06,3.883e-06,3.893e-06,0.000003889,449623933.20253,12
1790773500,3.893e-06,3.908e-06,3.89e-06,3.908e-06,0.000003894,892815835.55976,31
1790773800,3.904e-06,3.939e-06,3.904e-06,3.924e-06,0.000003927,1395773034.44991,53
1790774100,3.924e-06,3.93e-06,3.921e-06,3.923e-06,0.000003927,205068221.0,20
1790774400,3.919e-06,3.952e-06,3.917e-06,3.951e-06,0.000003932,433886962.61922,42
1790774700,3.946e-06,3.966e-06,3.938e-06,3.938e-06,0.000003955,1770099514.97278,58
1790775000,3.941e-06,3.95e-06,3.926e-06,3.926e-06,0.000003943,7873045466.46014,83
1790775300,3.925e-06,3.925e-06,3.824e-06,3.838e-06,0.000003854,3769384450.39435,121
1790775600,3.838e-06,3.861e-06,3.817e-06,3.852e-06,0.000003846,434170956.50484,27
1790775900,3.852e-06,3.879e-06,3.85e-06,3.872e-06,0.000003866,1268012102.76403,28
1790776200,3.868e-06,3.885e-06,3.868e-06,3.88e-06,0.000003879,163613442.99962,11
1790776500,3.881e-06,3.881e-06,3.875e-06,3.876e-06,0.000003876,126323717.48897,8
1790776800,3.879e-06,3.891e-06,3.865e-06,3.891e-06,0.000003880,41183547.44069,8
1790777100,3.896e-06,3.896e-06,3.885e-06,3.885e-06,0.000003892,13288800.0,3
1790777400,3.869e-06,3.873e-06,3.854e-06,3.873e-06,0.000003856,613103462.24079,18
1790777700,3.87e-06,3.871e-06,3.836e-06,3.837e-06,0.000003844,914063206.71655,39
1790778000,3.848e-06,3.853e-06,3.805e-06,3.827e-06,0.000003831,494117481.61467,36
1790778300,3.829e-06,3.833e-06,3.806e-06,3.807e-06,0.000003811,1209086976.42339,28
1790778600,3.813e-06,3.825e-06,3.788e-06,3.8e-06,0.000003801,1065653656.23155,35
1790778900,3.799e-06,3.81e-06,3.797e-06,3.798e-06,0.000003801,553195734.34279,16
1790779200,3.797e-06,3.797e-06,3.786e-06,3.79e-06,0.000003791,67224043.98551,8
1790779500,3.802e-06,3.807e-06,3.802e-06,3.807e-06,0.000003802,29353600.0,2
1790779800,3.808e-06,3.813e-06,3.807e-06,3.807e-06,0.000003811,129328873.28001,4
1790780100,3.814e-06,3.819e-06,3.812e-06,3.812e-06,0.000003814,14049447.24998,5
1790780400,3.816e-06,3.816e-06,3.812e-06,3.816e-06,0.000003815,54136602.0508,3
1790780700,3.815e-06,3.815e-06,3.811e-06,3.811e-06,0.000003812,6596556.35462,3
1790781000,3.813e-06,3.813e-06,3.811e-06,3.813e-06,0.000003811,115336268.1256,7
1790781300,3.811e-06,3.811e-06,3.78e-06,3.79e-06,0.000003791,1578405423.92489,16
1790781600,3.803e-06,3.803e-06,3.779e-06,3.779e-06,0.000003799,1285048700.79708,9
1790781900,3.782e-06,3.79e-06,3.775e-06,3.79e-06,0.000003780,240100577.25395,10
1790782200,3.796e-06,3.822e-06,3.793e-06,3.813e-06,0.000003811,151852300.0,8
1790782500,3.813e-06,3.822e-06,3.813e-06,3.819e-06,0.000003819,170861924.95896,7
1790782800,3.821e-06,3.821e-06,3.811e-06,3.811e-06,0.000003811,50659239.52283,3
1790783100,3.822e-06,3.827e-06,3.822e-06,3.827e-06,0.000003823,5356190.40997,3
1790783400,3.827e-06,3.827e-06,3.827e-06,3.827e-06,0.000000000,0.0,0
1790783700,3.825e-06,3.825e-06,3.824e-06,3.824e-06,0.000003824,7723037.83,2
1790784000,3.82e-06,3.83e-06,3.82e-06,3.828e-06,0.000003828,109591217.08756,5
1790784300,3.842e-06,3.853e-06,3.842e-06,3.851e-06,0.000003851,100957048.05099,9
1790784600,3.847e-06,3.85e-06,3.846e-06,3.85e-06,0.000003846,50457847.70157,3
1790784900,3.831e-06,3.834e-06,3.831e-06,3.834e-06,0.000003833,13819026.64999,5
1790785200,3.836e-06,3.836e-06,3.832e-06,3.835e-06,0.000003833,315277890.85448,12
1790785500,3.823e-06,3.826e-06,3.821e-06,3.826e-06,0.000003823,34605578.16532,11
1790785800,3.824e-06,3.824e-06,3.824e-06,3.824e-06,0.000003824,22881917.51654,2
1790786100,3.813e-06,3.813e-06,3.813e-06,3.813e-06,0.000003813,4429600.0,1
1790786400,3.823e-06,3.845e-06,3.823e-06,3.845e-06,0.000003834,70966341.4824,9
1790786700,3.847e-06,3.857e-06,3.839e-06,3.854e-06,0.000003842,480636762.49054,23
1790787000,3.856e-06,3.856e-06,3.853e-06,3.853e-06,0.000003853,17996653.31036,3
1790787300,3.85e-06,3.85e-06,3.849e-06,3.849e-06,0.000003849,27671107.55812,3
1790787600,3.844e-06,3.854e-06,3.844e-06,3.848e-06,0.000003853,145315229.06,6
1790787900,3.843e-06,3.86e-06,3.843e-06,3.854e-06,0.000003850,1713049737.88283,23
1790788200,3.846e-06,3.856e-06,3.846e-06,3.852e-06,0.000003852,72088699.49208,7
1790788500,3.856e-06,3.856e-06,3.852e-06,3.852e-06,0.000003854,30073880.0,6
1790788800,3.839e-06,3.842e-06,3.839e-06,3.839e-06,0.000003840,111874252.4262,7
1790789100,3.825e-06,3.838e-06,3.825e-06,3.838e-06,0.000003837,78149797.38562,2
1790789400,3.836e-06,3.842e-06,3.832e-06,3.832e-06,0.000003837,98802710.03482,8
1790789700,3.822e-06,3.822e-06,3.808e-06,3.816e-06,0.000003817,110098786.92731,6
1790790000,3.815e-06,3.822e-06,3.814e-06,3.822e-06,0.000003821,55200367.31169,4
1790790300,3.83e-06,3.831e-06,3.83e-06,3.831e-06,0.000003830,13288800.0,3
1790790600,3.831e-06,3.831e-06,3.819e-06,3.819e-06,0.000003830,73482432.80871,5
1790790900,3.819e-06,3.819e-06,3.819e-06,3.819e-06,0.000003819,12577283.1934,2
1790791200,3.819e-06,3.819e-06,3.804e-06,3.808e-06,0.000003808,782184174.46669,17
1790791500,3.8e-06,3.801e-06,3.798e-06,3.799e-06,0.000003800,65795034.23128,5
1790791800,3.807e-06,3.81e-06,3.807e-06,3.81e-06,0.000003808,130160220.30167,4
1790792100,3.805e-06,3.805e-06,3.805e-06,3.805e-06,0.000003805,46370603.13798,1
1790792400,3.804e-06,3.804e-06,3.804e-06,3.804e-06,0.000003804,4429600.0,1
1790792700,3.795e-06,3.797e-06,3.795e-06,3.797e-06,0.000003796,162324336.8421,3
1790793000,3.803e-06,3.803e-06,3.786e-06,3.786e-06,0.000003797,19996731.29342,5
1790793300,3.78e-06,3.781e-06,3.768e-06,3.768e-06,0.000003775,168711927.33475,8
1790793600,3.77e-06,3.774e-06,3.766e-06,3.766e-06,0.000003768,371559325.91398,9
1790793900,3.769e-06,3.769e-06,3.761e-06,3.761e-06,0.000003763,68275904.69206,6
1790794200,3.762e-06,3.77e-06,3.762e-06,3.77e-06,0.000003762,744627378.05057,19
1790794500,3.771e-06,3.783e-06,3.771e-06,3.78e-06,0.000003780,95220851.4943,6
1790794800,3.777e-06,3.777e-06,3.773e-06,3.775e-06,0.000003775,255158513.25864,7
1790795100,3.772e-06,3.773e-06,3.772e-06,3.773e-06,0.000003772,20894363.00027,3
1790795400,3.756e-06,3.76e-06,3.756e-06,3.76e-06,0.000003759,54000000.0,3
1790795700,3.75e-06,3.75e-06,3.74e-06,3.741e-06,0.000003742,332988763.69845,16
1790796000,3.741e-06,3.741e-06,3.741e-06,3.741e-06,0.000000000,0.0,0
1790796300,3.761e-06,3.761e-06,3.761e-06,3.761e-06,0.000003761,66471683.06302,1
1790796600,3.763e-06,3.772e-06,3.763e-06,3.772e-06,0.000003768,76195948.32047,5
1790796900,3.772e-06,3.772e-06,3.772e-06,3.772e-06,0.000000000,0.0,0
1790797200,3.782e-06,3.782e-06,3.777e-06,3.777e-06,0.000003777,26560704.73,3
1790797500,3.775e-06,3.778e-06,3.773e-06,3.773e-06,0.000003775,159236559.09857,8
1790797800,3.767e-06,3.767e-06,3.751e-06,3.755e-06,0.000003754,115527238.34187,10
1790798100,3.763e-06,3.763e-06,3.763e-06,3.763e-06,0.000003763,18178700.0,1
1790798400,3.766e-06,3.775e-06,3.76e-06,3.76e-06,0.000003769,626982049.85473,20
1790798700,3.77e-06,3.772e-06,3.763e-06,3.764e-06,0.000003769,180943198.7624,11
1790799000,3.764e-06,3.764e-06,3.764e-06,3.764e-06,0.000000000,0.0,0
1790799300,3.784e-06,3.79e-06,3.784e-06,3.79e-06,0.000003789,42654686.72905,2
1790799600,3.8e-06,3.8e-06,3.8e-06,3.8e-06,0.000003800,117038152.0,2
1790799900,3.805e-06,3.807e-06,3.805e-06,3.807e-06,0.000003805,5674018.22341,2
1790800200,3.796e-06,3.796e-06,3.788e-06,3.794e-06,0.000003793,389466251.35435,7
1790800500,3.792e-06,3.797e-06,3.792e-06,3.797e-06,0.000003794,21972132.9564,3
1790800800,3.793e-06,3.793e-06,3.792e-06,3.793e-06,0.000003792,10000000.0,4
1790801100,3.793e-06,3.793e-06,3.793e-06,3.793e-06,0.000000000,0.0,0
1790801400,3.793e-06,3.793e-06,3.793e-06,3.793e-06,0.000000000,0.0,0
1790801700,3.793e-06,3.793e-06,3.793e-06,3.793e-06,0.000000000,0.0,0
1790802000,3.793e-06,3.793e-06,3.793e-06,3.793e-06,0.000000000,0.0,0
1790802300,3.792e-06,3.793e-06,3.792e-06,3.793e-06,0.000003792,8156856.61424,2
1790802600,3.788e-06,3.788e-06,3.782e-06,3.783e-06,0.000003784,173118855.71074,8
1790802900,3.783e-06,3.783e-06,3.783e-06,3.783e-06,0.000000000,0.0,0
1790803200,3.778e-06,3.778e-06,3.778e-06,3.778e-06,0.000003778,13300000.0,2
1790803500,3.771e-06,3.771e-06,3.771e-06,3.771e-06,0.000003771,1835000.0,1
1790803800,3.77e-06,3.77e-06,3.769e-06,3.769e-06,0.000003769,15915803.12121,2
1790804100,3.782e-06,3.782e-06,3.78e-06,3.78e-06,0.000003780,121871237.83755,3
1790804400,3.78e-06,3.78e-06,3.78e-06,3.78e-06,0.000000000,0.0,0
1790804700,3.78e-06,3.78e-06,3.78e-06,3.78e-06,0.000000000,0.0,0
1790805000,3.766e-06,3.766e-06,3.766e-06,3.766e-06,0.000003766,2385430.31999,1
1790805300,3.766e-06,3.766e-06,3.766e-06,3.766e-06,0.000000000,0.0,0
1790805600,3.75e-06,3.75e-06,3.75e-06,3.75e-06,0.000003750,3050396.80955,1
1790805900,3.75e-06,3.75e-06,3.75e-06,3.75e-06,0.000000000,0.0,0
1790806200,3.75e-06,3.75e-06,3.75e-06,3.75e-06,0.000000000,0.0,0
1790806500,3.75e-06,3.75e-06,3.75e-06,3.75e-06,0.000000000,0.0,0
1790806800,3.75e-06,3.75e-06,3.75e-06,3.75e-06,0.000000000,0.0,0
1790807100,3.75e-06,3.75e-06,3.75e-06,3.75e-06,0.000000000,0.0,0
1790807400,3.797e-06,3.799e-06,3.797e-06,3.799e-06,0.000003797,162797035.9565,5
1790807700,3.804e-06,3.805e-06,3.804e-06,3.805e-06,0.000003804,9839555.37339,3
1790808000,3.805e-06,3.805e-06,3.805e-06,3.805e-06,0.000000000,0.0,0
1790808300,3.797e-06,3.797e-06,3.794e-06,3.794e-06,0.000003794,9330209.14328,3
1790808600,3.794e-06,3.794e-06,3.794e-06,3.794e-06,0.000000000,0.0,0
1790808900,3.788e-06,3.791e-06,3.784e-06,3.784e-06,0.000003788,73098947.45389,5
1790809200,3.784e-06,3.784e-06,3.784e-06,3.784e-06,0.000003784,46643147.9255,1
1790809500,3.784e-06,3.784e-06,3.784e-06,3.784e-06,0.000000000,0.0,0
1790809800,3.771e-06,3.779e-06,3.77e-06,3.778e-06,0.000003772,97405012.52694,5
1790810100,3.777e-06,3.777e-06,3.777e-06,3.777e-06,0.000003777,2378115.56999,1
1790810400,3.792e-06,3.792e-06,3.79e-06,3.79e-06,0.000003791,176216010.78837,5
1790810700,3.784e-06,3.785e-06,3.784e-06,3.785e-06,0.000003784,74952373.2009,4
1790811000,3.785e-06,3.785e-06,3.785e-06,3.785e-06,0.000000000,0.0,0
1790811300,3.782e-06,3.782e-06,3.782e-06,3.782e-06,0.000003782,6805741.86999,2
1790811600,3.781e-06,3.783e-06,3.78e-06,3.783e-06,0.000003781,12809839.61,4
1790811900,3.78e-06,3.78e-06,3.779e-06,3.779e-06,0.000003779,6613756.0,2
1790812200,3.775e-06,3.775e-06,3.775e-06,3.775e-06,0.000003775,6615506.74,2
1790812500,3.769e-06,3.769e-06,3.769e-06,3.769e-06,0.000003769,2383692.74,1
1790812800,3.769e-06,3.769e-06,3.769e-06,3.769e-06,0.000000000,0.0,0
1790813100,3.769e-06,3.769e-06,3.769e-06,3.769e-06,0.000000000,0.0,0
1790813400,3.768e-06,3.768e-06,3.768e-06,3.768e-06,0.000003768,4429600.0,1
1790813700,3.763e-06,3.765e-06,3.759e-06,3.759e-06,0.000003762,353829146.88618,5
1790814000,3.759e-06,3.759e-06,3.759e-06,3.759e-06,0.000000000,0.0,0
1790814300,3.759e-06,3.759e-06,3.759e-06,3.759e-06,0.000000000,0.0,0
1790814600,3.774e-06,3.775e-06,3.774e-06,3.775e-06,0.000003774,55621716.88271,3
1790814900,3.772e-06,3.772e-06,3.772e-06,3.772e-06,0.000003772,12533158.8648,1
1790815200,3.779e-06,3.779e-06,3.779e-06,3.779e-06,0.000003779,1977452.22,1
1790815500,3.779e-06,3.779e-06,3.779e-06,3.779e-06,0.000000000,0.0,0
1790815800,3.778e-06,3.779e-06,3.776e-06,3.776e-06,0.000003777,106711015.39882,5
1790816100,3.776e-06,3.776e-06,3.776e-06,3.776e-06,0.000000000,0.0,0
1790816400,3.779e-06,3.783e-06,3.779e-06,3.78e-06,0.000003781,319811116.02633,4
1790816700,3.78e-06,3.78e-06,3.78e-06,3.78e-06,0.000000000,0.0,0
1790817000,3.78e-06,3.78e-06,3.78e-06,3.78e-06,0.000000000,0.0,0
1790817300,3.788e-06,3.789e-06,3.788e-06,3.789e-06,0.000003788,59878156.95485,4
1790817600,3.801e-06,3.803e-06,3.801e-06,3.803e-06,0.000003801,50842639.24313,2
1790817900,3.803e-06,3.803e-06,3.803e-06,3.803e-06,0.000000000,0.0,0
1790818200,3.803e-06,3.803e-06,3.803e-06,3.803e-06,0.000000000,0.0,0
1790818500,3.803e-06,3.803e-06,3.803e-06,3.803e-06,0.000000000,0.0,0
1790818800,3.784e-06,3.784e-06,3.784e-06,3.784e-06,0.000003784,4429600.0,1
1790819100,3.782e-06,3.782e-06,3.777e-06,3.777e-06,0.000003777,51163318.86964,3
1790819400,3.781e-06,3.781e-06,3.781e-06,3.781e-06,0.000003781,4429600.0,1
1790819700,3.781e-06,3.781e-06,3.781e-06,3.781e-06,0.000000000,0.0,0
1790820000,3.781e-06,3.781e-06,3.781e-06,3.781e-06,0.000000000,0.0,0
1790820300,3.781e-06,3.781e-06,3.781e-06,3.781e-06,0.000000000,0.0,0
1790820600,3.798e-06,3.798e-06,3.797e-06,3.797e-06,0.000003797,5880623.35,2
1790820900,3.791e-06,3.791e-06,3.791e-06,3.791e-06,0.000003791,46590564.44184,2
1790821200,3.782e-06,3.782e-06,3.782e-06,3.782e-06,0.000003782,46696403.34347,1
1790821500,3.778e-06,3.786e-06,3.778e-06,3.786e-06,0.000003782,102233242.18188,4
1790821800,3.795e-06,3.795e-06,3.795e-06,3.795e-06,0.000003795,4429600.0,1
1790822100,3.796e-06,3.796e-06,3.796e-06,3.796e-06,0.000003796,46520523.29463,1
1790822400,3.796e-06,3.796e-06,3.796e-06,3.796e-06,0.000000000,0.0,0
1790822700,3.8e-06,3.8e-06,3.8e-06,3.8e-06,0.000003800,3000000.0,1
1790823000,3.807e-06,3.822e-06,3.807e-06,3.822e-06,0.000003819,62121322.54984,5
1790823300,3.829e-06,3.829e-06,3.822e-06,3.822e-06,0.000003827,313350395.65149,4
1790823600,3.822e-06,3.83e-06,3.821e-06,3.822e-06,0.000003822,165590043.63207,5
1790823900,3.81e-06,3.815e-06,3.81e-06,3.811e-06,0.000003810,376324031.18174,13
1790824200,3.811e-06,3.811e-06,3.811e-06,3.811e-06,0.000000000,0.0,0
1790824500,3.827e-06,3.827e-06,3.821e-06,3.821e-06,0.000003824,4697518.21998,2
1790824800,3.818e-06,3.818e-06,3.818e-06,3.818e-06,0.000003818,4429600.0,1
1790825100,3.822e-06,3.822e-06,3.819e-06,3.82e-06,0.000003820,7013783.61998,3
1790825400,3.823e-06,3.824e-06,3.823e-06,3.824e-06,0.000003823,55056262.37437,3
1790825700,3.838e-06,3.845e-06,3.837e-06,3.843e-06,0.000003841,1071719308.81843,27
1790826000,3.848e-06,3.859e-06,3.848e-06,3.859e-06,0.000003854,621643895.61347,25
1790826300,3.856e-06,3.859e-06,3.851e-06,3.851e-06,0.000003857,188861745.37928,9
1790826600,3.857e-06,3.86e-06,3.854e-06,3.854e-06,0.000003856,73592054.48,4
1790826900,3.857e-06,3.858e-06,3.857e-06,3.858e-06,0.000003857,4636468.53998,2
1790827200,3.858e-06,3.86e-06,3.858e-06,3.858e-06,0.000003858,51876329.34272,4
1790827500,3.859e-06,3.859e-06,3.853e-06,3.854e-06,0.000003856,255779416.59999,5
1790827800,3.862e-06,3.862e-06,3.862e-06,3.862e-06,0.000003862,3727256.60999,1
1790828100,3.862e-06,3.862e-06,3.862e-06,3.862e-06,0.000000000,0.0,0
1790828400,3.845e-06,3.855e-06,3.845e-06,3.855e-06,0.000003851,7030525.51832,2
1790828700,3.854e-06,3.854e-06,3.854e-06,3.854e-06,0.000003854,50260991.96803,2
1790829000,3.86e-06,3.861e-06,3.854e-06,3.854e-06,0.000003854,59119350.44248,4
1790829300,3.847e-06,3.848e-06,3.847e-06,3.848e-06,0.000003847,54770241.43731,3
1790829600,3.849e-06,3.851e-06,3.849e-06,3.851e-06,0.000003850,55877973.99536,3
1790829900,3.855e-06,3.863e-06,3.855e-06,3.863e-06,0.000003860,67482552.74523,7
1790830200,3.866e-06,3.867e-06,3.866e-06,3.866e-06,0.000003866,11045106.74,3
1790830500,3.852e-06,3.854e-06,3.852e-06,3.854e-06,0.000003853,14978386.94999,4
1790830800,3.853e-06,3.855e-06,3.851e-06,3.855e-06,0.000003852,77888262.17468,7
1790831100,3.855e-06,3.855e-06,3.855e-06,3.855e-06,0.000000000,0.0,0
1790831400,3.862e-06,3.862e-06,3.862e-06,3.862e-06,0.000003862,77679958.57069,1
1790831700,3.862e-06,3.862e-06,3.862e-06,3.862e-06,0.000000000,0.0,0
1790832000,3.862e-06,3.862e-06,3.862e-06,3.862e-06,0.000000000,0.0,0
1790832300,3.843e-06,3.843e-06,3.842e-06,3.842e-06,0.000003842,8859200.0,2
1790832600,3.849e-06,3.849e-06,3.849e-06,3.849e-06,0.000003849,6001506.99999,2
1790832900,3.853e-06,3.855e-06,3.853e-06,3.854e-06,0.000003854,6872500.61502,3
1790833200,3.856e-06,3.856e-06,3.856e-06,3.856e-06,0.000003856,2289339.97,1
1790833500,3.864e-06,3.869e-06,3.864e-06,3.869e-06,0.000003866,6445365.95604,2
1790833800,3.875e-06,3.875e-06,3.875e-06,3.875e-06,0.000003875,3213091.96,1
1790834100,3.875e-06,3.875e-06,3.875e-06,3.875e-06,0.000000000,0.0,0
1790834400,3.875e-06,3.883e-06,3.875e-06,3.879e-06,0.000003880,85265177.6574,10
1790834700,3.869e-06,3.872e-06,3.869e-06,3.872e-06,0.000003871,53267810.24397,3
1790835000,3.873e-06,3.873e-06,3.873e-06,3.873e-06,0.000003873,50033564.24195,2
1790835300,3.873e-06,3.873e-06,3.873e-06,3.873e-06,0.000000000,0.0,0
1790835600,3.883e-06,3.883e-06,3.881e-06,3.881e-06,0.000003882,51376114.0,13
1790835900,3.881e-06,3.881e-06,3.881e-06,3.881e-06,0.000000000,0.0,0
1790836200,3.881e-06,3.881e-06,3.881e-06,3.881e-06,0.000000000,0.0,0
1790836500,3.881e-06,3.881e-06,3.881e-06,3.881e-06,0.000003881,245805108.57914,1
1790836800,3.875e-06,3.875e-06,3.874e-06,3.875e-06,0.000003874,168831880.38339,6
1790837100,3.88e-06,3.88e-06,3.88e-06,3.88e-06,0.000003880,2624671916.01,3
1790837400,3.88e-06,3.88e-06,3.88e-06,3.88e-06,0.000000000,0.0,0
1790837700,3.882e-06,3.883e-06,3.882e-06,3.883e-06,0.000003882,4949268.0,2
1790838000,3.883e-06,3.883e-06,3.883e-06,3.883e-06,0.000003883,1539040.84922,1
1790838300,3.887e-06,3.887e-06,3.886e-06,3.886e-06,0.000003886,27527300.0,3
1790838600,3.883e-06,3.883e-06,3.873e-06,3.874e-06,0.000003879,88311994.1995,8
1790838900,3.873e-06,3.873e-06,3.86e-06,3.86e-06,0.000003866,85503491.89471,3
1790839200,3.847e-06,3.847e-06,3.823e-06,3.823e-06,0.000003845,189081435.26695,5
1790839500,3.814e-06,3.814e-06,3.803e-06,3.806e-06,0.000003805,136693589.49323,13
1790839800,3.807e-06,3.814e-06,3.804e-06,3.813e-06,0.000003809,224792866.0,24
1790840100,3.815e-06,3.822e-06,3.815e-06,3.817e-06,0.000003820,28603907.81545,7
1790840400,3.803e-06,3.813e-06,3.799e-06,3.813e-06,0.000003809,86788406.61455,12
1790840700,3.812e-06,3.812e-06,3.812e-06,3.812e-06,0.000003812,10000000.0,1
1790841000,3.82e-06,3.82e-06,3.813e-06,3.815e-06,0.000003814,501911669.17755,10
1790841300,3.818e-06,3.818e-06,3.815e-06,3.815e-06,0.000003817,16730470.0,3
1790841600,3.823e-06,3.823e-06,3.818e-06,3.819e-06,0.000003819,9644028.0,3
1790841900,3.811e-06,3.811e-06,3.808e-06,3.808e-06,0.000003809,183486204.37872,6
1790842200,3.808e-06,3.808e-06,3.808e-06,3.808e-06,0.000000000,0.0,0
1790842500,3.801e-06,3.812e-06,3.801e-06,3.809e-06,0.000003809,205363475.0,25
1790842800,3.809e-06,3.809e-06,3.809e-06,3.809e-06,0.000000000,0.0,0
1790843100,3.817e-06,3.82e-06,3.816e-06,3.82e-06,0.000003818,285835194.22,17
1790843400,3.82e-06,3.82e-06,3.82e-06,3.82e-06,0.000000000,0.0,0
1790843700,3.82e-06,3.82e-06,3.82e-06,3.82e-06,0.000000000,0.0,0
1790844000,3.828e-06,3.831e-06,3.827e-06,3.831e-06,0.000003828,10362390.09,4
1790844300,3.829e-06,3.832e-06,3.824e-06,3.832e-06,0.000003828,322622578.92116,9
1790844600,3.84e-06,3.84e-06,3.836e-06,3.837e-06,0.000003836,3050567755.63105,19
1790844900,3.837e-06,3.845e-06,3.837e-06,3.839e-06,0.000003840,150742288.38867,16
1790845200,3.841e-06,3.841e-06,3.841e-06,3.841e-06,0.000003841,6764253.399,2
1790845500,3.841e-06,3.841e-06,3.841e-06,3.841e-06,0.000000000,0.0,0
1790845800,3.841e-06,3.841e-06,3.841e-06,3.841e-06,0.000000000,0.0,0
1790846100,3.827e-06,3.829e-06,3.821e-06,3.826e-06,0.000003824,266669551.71132,20
1790846400,3.827e-06,3.829e-06,3.827e-06,3.829e-06,0.000003827,23427407.342,3
1790846700,3.827e-06,3.827e-06,3.824e-06,3.827e-06,0.000003824,54569864.58881,4
1790847000,3.827e-06,3.827e-06,3.827e-06,3.827e-06,0.000000000,0.0,0
1790847300,3.829e-06,3.83e-06,3.829e-06,3.83e-06,0.000003829,328456827.91912,7
1790847600,3.829e-06,3.829e-06,3.829e-06,3.829e-06,0.000003829,11723879.76999,2
1790847900,3.827e-06,3.834e-06,3.825e-06,3.829e-06,0.000003828,715844797.03163,28
1790848200,3.828e-06,3.828e-06,3.819e-06,3.819e-06,0.000003819,64454161.66706,5
1790848500,3.822e-06,3.824e-06,3.822e-06,3.824e-06,0.000003823,15218977.0,4
1790848800,3.827e-06,3.827e-06,3.799e-06,3.799e-06,0.000003800,1124306334.29084,17
1790849100,3.787e-06,3.801e-06,3.781e-06,3.799e-06,0.000003798,2722771671.35524,18
1790849400,3.794e-06,3.8e-06,3.794e-06,3.8e-06,0.000003795,22884315.097,7
1790849700,3.79e-06,3.799e-06,3.79e-06,3.799e-06,0.000003792,128216822.4576,7
1790850000,3.802e-06,3.805e-06,3.802e-06,3.804e-06,0.000003803,296670974.34147,11
1790850300,3.803e-06,3.804e-06,3.792e-06,3.799e-06,0.000003799,124533066.83723,10
1790850600,3.803e-06,3.807e-06,3.803e-06,3.807e-06,0.000003805,2630755015.41947,21
1790850900,3.807e-06,3.807e-06,3.807e-06,3.807e-06,0.000000000,0.0,0
1790851200,3.81e-06,3.824e-06,3.808e-06,3.824e-06,0.000003818,419259874.47097,17
1790851500,3.829e-06,3.842e-06,3.828e-06,3.842e-06,0.000003832,24647969.793,6
1790851800,3.842e-06,3.844e-06,3.839e-06,3.844e-06,0.000003841,22768265.61037,9
1790852100,3.839e-06,3.839e-06,3.836e-06,3.838e-06,0.000003837,152285134.86146,6
1790852400,3.821e-06,3.821e-06,3.816e-06,3.816e-06,0.000003816,219173628.35386,7
1790852700,3.816e-06,3.816e-06,3.816e-06,3.816e-06,0.000000000,0.0,0
1790853000,3.816e-06,3.816e-06,3.816e-06,3.816e-06,0.000000000,0.0,0
1790853300,3.816e-06,3.816e-06,3.816e-06,3.816e-06,0.000000000,0.0,0
1790853600,3.813e-06,3.813e-06,3.813e-06,3.813e-06,0.000003813,300000000.0,2
1790853900,3.808e-06,3.815e-06,3.797e-06,3.815e-06,0.000003800,10778820811.27618,39
1790854200,3.813e-06,3.816e-06,3.812e-06,3.812e-06,0.000003813,53864743.19924,5
1790854500,3.812e-06,3.812e-06,3.812e-06,3.812e-06,0.000000000,0.0,0
1790854800,3.821e-06,3.832e-06,3.82e-06,3.832e-06,0.000003828,137722116.45996,28
1790855100,3.835e-06,3.86e-06,3.83e-06,3.853e-06,0.000003844,4102801412.07188,50
1790855400,3.851e-06,3.872e-06,3.851e-06,3.865e-06,0.000003866,8083510244.78823,63
1790855700,3.87e-06,3.896e-06,3.864e-06,3.896e-06,0.000003873,10132615060.83735,159
1790856000,3.884e-06,3.903e-06,3.872e-06,3.898e-06,0.000003879,3536360298.37587,91
1790856300,3.913e-06,3.946e-06,3.907e-06,3.907e-06,0.000003921,6438027928.41005,75
1790856600,3.907e-06,3.939e-06,3.907e-06,3.922e-06,0.000003926,14850820189.02329,274
1790856900,3.922e-06,3.922e-06,3.922e-06,3.922e-06,0.000000000,0.0,0
1790857200,3.912e-06,3.912e-06,3.905e-06,3.908e-06,0.000003908,2974048563.38106,76
1790857500,3.909e-06,3.915e-06,3.903e-06,3.903e-06,0.000003908,1808154905.45045,41
1790857800,3.9e-06,3.907e-06,3.896e-06,3.907e-06,0.000003901,954422238.03985,38
1790858100,3.902e-06,3.902e-06,3.893e-06,3.898e-06,0.000003897,1020625410.00813,15
1790858400,3.9e-06,3.906e-06,3.894e-06,3.905e-06,0.000003899,2178401142.43914,22
1790858700,3.91e-06,3.91e-06,3.905e-06,3.905e-06,0.000003907,40693796.855,3
1790859000,3.891e-06,3.892e-06,3.883e-06,3.883e-06,0.000003890,109196774.54787,10
1790859300,3.882e-06,3.893e-06,3.881e-06,3.888e-06,0.000003890,207609415.00849,22
1790859600,3.887e-06,3.893e-06,3.871e-06,3.871e-06,0.000003877,1587920544.73,22
1790859900,3.87e-06,3.874e-06,3.862e-06,3.869e-06,0.000003869,189999081.14252,9
1790860200,3.867e-06,3.867e-06,3.843e-06,3.848e-06,0.000003851,393830129.10064,32
1790860500,3.848e-06,3.856e-06,3.848e-06,3.855e-06,0.000003853,123147922.32219,8
1790860800,3.864e-06,3.867e-06,3.864e-06,3.866e-06,0.000003864,87152381.37166,9
1790861100,3.869e-06,3.869e-06,3.859e-06,3.862e-06,0.000003862,125418603.48906,11
1790861400,3.864e-06,3.9e-06,3.864e-06,3.889e-06,0.000003888,169311995.09964,44
1790861700,3.889e-06,3.896e-06,3.889e-06,3.892e-06,0.000003894,99854854.38135,5
1790862000,3.899e-06,3.899e-06,3.88e-06,3.883e-06,0.000003885,681527014.07374,25
1790862300,3.89e-06,3.89e-06,3.88e-06,3.88e-06,0.000003881,58621850.40007,6
1790862600,3.863e-06,3.87e-06,3.863e-06,3.863e-06,0.000003863,144165379.547,9
1790862900,3.866e-06,3.866e-06,3.866e-06,3.866e-06,0.000003866,73205000.0,1
1790863200,3.842e-06,3.849e-06,3.831e-06,3.835e-06,0.000003844,206347258.08083,24
1790863500,3.83e-06,3.881e-06,3.829e-06,3.874e-06,0.000003854,4685990366.48507,115
1790863800,3.874e-06,3.875e-06,3.842e-06,3.849e-06,0.000003854,2757211396.4303,54
1790864100,3.852e-06,3.872e-06,3.85e-06,3.866e-06,0.000003854,2542167375.94163,69
1790864400,3.86e-06,3.866e-06,3.859e-06,3.863e-06,0.000003864,727434777.44547,14
1790864700,3.88e-06,3.88e-06,3.877e-06,3.877e-06,0.000003878,4690783.56016,3
1790865000,3.881e-06,3.884e-06,3.868e-06,3.872e-06,0.000003871,9828437977.49737,167
1790865300,3.881e-06,3.887e-06,3.877e-06,3.881e-06,0.000003882,293706046.43435,11
1790865600,3.876e-06,3.877e-06,3.861e-06,3.868e-06,0.000003868,548516828.25887,24
1790865900,3.861e-06,3.872e-06,3.841e-06,3.841e-06,0.000003864,355966854.55161,17
1790866200,3.85e-06,3.85e-06,3.84e-06,3.84e-06,0.000003844,38863604.728,8
1790866500,3.847e-06,3.86e-06,3.845e-06,3.848e-06,0.000003854,91996075.42343,18
1790866800,3.857e-06,3.873e-06,3.851e-06,3.873e-06,0.000003864,590950479.5479,15
1790867100,3.875e-06,3.88e-06,3.842e-06,3.842e-06,0.000003850,465866295.22347,12
1790867400,3.841e-06,3.883e-06,3.841e-06,3.883e-06,0.000003862,75752999.62079,9
1790867700,3.892e-06,3.932e-06,3.891e-06,3.932e-06,0.000003903,84674675.85415,11
1790868000,3.94e-06,3.944e-06,3.931e-06,3.931e-06,0.000003940,1459297677.29002,17
1790868300,3.93e-06,3.93e-06,3.915e-06,3.915e-06,0.000003922,7631645.88,2
1790868600,3.888e-06,3.893e-06,3.886e-06,3.893e-06,0.000003888,1162366654.65081,7
1790868900,3.89e-06,3.903e-06,3.885e-06,3.903e-06,0.000003895,25779396.1506,7
1790869200,3.904e-06,3.904e-06,3.902e-06,3.902e-06,0.000003902,45849204.66,3
1790869500,3.899e-06,3.928e-06,3.898e-06,3.924e-06,0.000003914,1234317056.60091,22
1790869800,3.926e-06,3.946e-06,3.924e-06,3.933e-06,0.000003927,3887483465.13435,21
1790870100,3.956e-06,3.957e-06,3.953e-06,3.955e-06,0.000003953,55660119.56552,7
1790870400,3.947e-06,3.947e-06,3.943e-06,3.946e-06,0.000003945,16321152.09113,5
1790870700,3.938e-06,3.944e-06,3.929e-06,3.931e-06,0.000003937,171065775.79302,27
1790871000,3.923e-06,3.923e-06,3.915e-06,3.918e-06,0.000003918,16908681.69115,5
1790871300,3.917e-06,3.921e-06,3.916e-06,3.92e-06,0.000003917,49809026.22772,11
1790871600,3.91e-06,3.91e-06,3.91e-06,3.91e-06,0.000003910,6138107.41687,2
1790871900,3.912e-06,3.912e-06,3.906e-06,3.912e-06,0.000003911,436163739.96617,9
1790872200,3.913e-06,3.913e-06,3.913e-06,3.913e-06,0.000003913,145667487.17,2
1790872500,3.91e-06,3.912e-06,3.901e-06,3.908e-06,0.000003908,44708358.11859,6
1790872800,3.908e-06,3.908e-06,3.908e-06,3.908e-06,0.000000000,0.0,0
1790873100,3.912e-06,3.916e-06,3.912e-06,3.916e-06,0.000003913,26189912.254,8
1790873400,3.899e-06,3.899e-06,3.899e-06,3.899e-06,0.000003899,2933826.11844,2
1790873700,3.894e-06,3.894e-06,3.893e-06,3.893e-06,0.000003893,500000000.0,5
1790874000,3.907e-06,3.915e-06,3.906e-06,3.915e-06,0.000003908,258330569.0,23
1790874300,3.938e-06,3.938e-06,3.938e-06,3.938e-06,0.000003938,45249855.47331,1
1790874600,3.933e-06,3.933e-06,3.931e-06,3.932e-06,0.000003931,220763697.21151,6
1790874900,3.946e-06,3.983e-06,3.946e-06,3.983e-06,0.000003972,172818208.93604,11
1790875200,3.983e-06,3.983e-06,3.983e-06,3.983e-06,0.000000000,0.0,0
1790875500,3.968e-06,3.979e-06,3.967e-06,3.971e-06,0.000003973,262639800.07048,7
1790875800,3.963e-06,3.976e-06,3.955e-06,3.955e-06,0.000003965,768406212.69353,22
1790876100,3.952e-06,3.967e-06,3.952e-06,3.967e-06,0.000003959,20761083.778,2
1790876400,3.968e-06,3.969e-06,3.968e-06,3.969e-06,0.000003968,201564341.04308,6
1790876700,3.97e-06,3.97e-06,3.97e-06,3.97e-06,0.000003970,34430379.74683,2
1790877000,3.97e-06,3.97e-06,3.97e-06,3.97e-06,0.000003970,10677581.86397,2
1790877300,3.956e-06,3.965e-06,3.954e-06,3.965e-06,0.000003962,211416991.43809,4
1790877600,3.957e-06,3.973e-06,3.956e-06,3.969e-06,0.000003965,183849814.5336,31
1790877900,3.969e-06,3.969e-06,3.969e-06,3.969e-06,0.000000000,0.0,0
1790878200,3.962e-06,3.962e-06,3.961e-06,3.962e-06,0.000003961,27826770.1077,6
1790878500,3.958e-06,3.971e-06,3.957e-06,3.965e-06,0.000003965,4449507871.34499,51
1790878800,3.965e-06,3.965e-06,3.958e-06,3.964e-06,0.000003964,3750696550.06081,9
1790879100,3.965e-06,3.966e-06,3.965e-06,3.966e-06,0.000003965,160889113.74,3
1790879400,3.956e-06,3.958e-06,3.956e-06,3.957e-06,0.000003957,75200166.76,5
1790879700,3.969e-06,3.98e-06,3.967e-06,3.98e-06,0.000003969,121772284.16706,7
1790880000,3.97e-06,3.975e-06,3.967e-06,3.967e-06,0.000003971,200366931.6725,7
1790880300,3.955e-06,3.955e-06,3.952e-06,3.953e-06,0.000003953,460063512.53074,29
1790880600,3.947e-06,3.953e-06,3.941e-06,3.953e-06,0.000003948,1519172591.91331,20
1790880900,3.942e-06,3.953e-06,3.942e-06,3.953e-06,0.000003950,273649333.22844,8
1790881200,3.942e-06,3.953e-06,3.942e-06,3.952e-06,0.000003949,27324916.93,3
1790881500,3.962e-06,3.967e-06,3.962e-06,3.964e-06,0.000003962,143426750.0,9
1790881800,3.961e-06,3.961e-06,3.95e-06,3.954e-06,0.000003951,244774602.65735,7
1790882100,3.952e-06,3.954e-06,3.952e-06,3.954e-06,0.000003953,50581674.4186,4
1790882400,3.954e-06,3.954e-06,3.954e-06,3.954e-06,0.000000000,0.0,0
1790882700,3.929e-06,3.929e-06,3.917e-06,3.917e-06,0.000003927,174840075.39133,5
1790883000,3.913e-06,3.927e-06,3.912e-06,3.927e-06,0.000003919,446449690.38304,6
1790883300,3.924e-06,3.924e-06,3.924e-06,3.924e-06,0.000003924,4244458.84,1
1790883600,3.93e-06,3.939e-06,3.93e-06,3.939e-06,0.000003931,419436830.299,14
1790883900,3.95e-06,3.95e-06,3.948e-06,3.948e-06,0.000003949,157241930.09,4
1790884200,3.957e-06,3.957e-06,3.953e-06,3.954e-06,0.000003954,54121922.07686,5
1790884500,3.961e-06,3.961e-06,3.961e-06,3.961e-06,0.000003961,4429600.0,1
1790884800,3.966e-06,3.971e-06,3.966e-06,3.971e-06,0.000003968,301020819.08796,8
1790885100,3.968e-06,3.97e-06,3.962e-06,3.962e-06,0.000003962,430392660.19395,9
1790885400,3.964e-06,3.964e-06,3.963e-06,3.964e-06,0.000003963,573195168.12067,5
1790885700,3.963e-06,3.968e-06,3.958e-06,3.958e-06,0.000003966,135348519.24226,12
1790886000,3.964e-06,3.966e-06,3.958e-06,3.958e-06,0.000003964,396687817.18968,11
1790886300,3.956e-06,3.956e-06,3.956e-06,3.956e-06,0.000003956,25298280.48534,2
1790886600,3.953e-06,3.954e-06,3.952e-06,3.954e-06,0.000003953,229015110.4585,6
1790886900,3.949e-06,3.949e-06,3.943e-06,3.945e-06,0.000003944,311042399.26403,8
1790887200,3.939e-06,3.94e-06,3.934e-06,3.934e-06,0.000003935,61612869.8435,5
1790887500,3.934e-06,3.934e-06,3.934e-06,3.934e-06,0.000000000,0.0,0
1790887800,3.949e-06,3.949e-06,3.949e-06,3.949e-06,0.000003949,8859200.0,2
1790888100,3.95e-06,3.95e-06,3.95e-06,3.95e-06,0.000003950,4429600.0,1
1790888400,3.942e-06,3.942e-06,3.938e-06,3.938e-06,0.000003938,110361781.94906,5
1790888700,3.938e-06,3.941e-06,3.938e-06,3.94e-06,0.000003940,99213817.14515,8
1790889000,3.94e-06,3.94e-06,3.939e-06,3.939e-06,0.000003939,58442797.89142,4
1790889300,3.932e-06,3.934e-06,3.932e-06,3.934e-06,0.000003933,53981252.93813,5
1790889600,3.944e-06,3.944e-06,3.935e-06,3.935e-06,0.000003935,167857721.31375,3
1790889900,3.93e-06,3.93e-06,3.927e-06,3.927e-06,0.000003927,72087220.68599,5
1790890200,3.917e-06,3.921e-06,3.915e-06,3.915e-06,0.000003917,268925190.45671,5
1790890500,3.92e-06,3.92e-06,3.911e-06,3.911e-06,0.000003918,165390311.47257,7
1790890800,3.91e-06,3.91e-06,3.905e-06,3.905e-06,0.000003907,133765781.31065,3
1790891100,3.905e-06,3.905e-06,3.905e-06,3.905e-06,0.000000000,0.0,0
1790891400,3.905e-06,3.905e-06,3.905e-06,3.905e-06,0.000000000,0.0,0
1790891700,3.905e-06,3.905e-06,3.905e-06,3.905e-06,0.000000000,0.0,0
1790892000,3.944e-06,3.944e-06,3.943e-06,3.943e-06,0.000003943,32552327.31927,2
1790892300,3.945e-06,3.945e-06,3.923e-06,3.925e-06,0.000003925,352183700.0,7
1790892600,3.937e-06,3.937e-06,3.929e-06,3.931e-06,0.000003932,40852748.38621,4
1790892900,3.933e-06,3.933e-06,3.933e-06,3.933e-06,0.000003933,45231969.05371,2
1790893200,3.933e-06,3.933e-06,3.933e-06,3.933e-06,0.000000000,0.0,0
1790893500,3.931e-06,3.931e-06,3.93e-06,3.931e-06,0.000003930,66713106.31692,4
1790893800,3.925e-06,3.925e-06,3.925e-06,3.925e-06,0.000003925,12738853.50318,1
1790894100,3.925e-06,3.925e-06,3.925e-06,3.925e-06,0.000000000,0.0,0
1790894400,3.925e-06,3.925e-06,3.925e-06,3.925e-06,0.000000000,0.0,0
1790894700,3.925e-06,3.925e-06,3.925e-06,3.925e-06,0.000000000,0.0,0
1790895000,3.912e-06,3.92e-06,3.912e-06,3.92e-06,0.000003913,237589711.40253,23
1790895300,3.93e-06,3.93e-06,3.93e-06,3.93e-06,0.000003930,8226400.0,2
1790895600,3.929e-06,3.933e-06,3.929e-06,3.932e-06,0.000003932,81454795.66075,6
1790895900,3.93e-06,3.93e-06,3.93e-06,3.93e-06,0.000003930,12722646.31043,2
1790896200,3.93e-06,3.93e-06,3.93e-06,3.93e-06,0.000000000,0.0,0
1790896500,3.93e-06,3.93e-06,3.93e-06,3.93e-06,0.000000000,0.0,0
1790896800,3.93e-06,3.93e-06,3.93e-06,3.93e-06,0.000000000,0.0,0
1790897100,3.949e-06,3.949e-06,3.949e-06,3.949e-06,0.000003949,26027400.0,1
1790897400,3.952e-06,3.952e-06,3.952e-06,3.952e-06,0.000003952,10761349.4766,1
1790897700,3.956e-06,3.956e-06,3.944e-06,3.944e-06,0.000003945,512579597.03282,11
1790898000,3.944e-06,3.944e-06,3.944e-06,3.944e-06,0.000000000,0.0,0
1790898300,3.944e-06,3.944e-06,3.944e-06,3.944e-06,0.000000000,0.0,0
1790898600,3.945e-06,3.946e-06,3.945e-06,3.946e-06,0.000003945,10479556.09999,3
1790898900,3.946e-06,3.946e-06,3.946e-06,3.946e-06,0.000003946,45058959.40015,3
1790899200,3.946e-06,3.946e-06,3.946e-06,3.946e-06,0.000000000,0.0,0
1790899500,3.943e-06,3.943e-06,3.943e-06,3.943e-06,0.000003943,8937742.458,2
1790899800,3.943e-06,3.943e-06,3.943e-06,3.943e-06,0.000000000,0.0,0
1790900100,3.954e-06,3.954e-06,3.954e-06,3.954e-06,0.000003954,4113200.0,1
1790900400,3.951e-06,3.961e-06,3.95e-06,3.961e-06,0.000003956,142771040.38452,7
1790900700,3.946e-06,3.946e-06,3.943e-06,3.943e-06,0.000003944,508757436.64058,6
1790901000,3.943e-06,3.943e-06,3.943e-06,3.943e-06,0.000000000,0.0,0
1790901300,3.943e-06,3.943e-06,3.943e-06,3.943e-06,0.000000000,0.0,0
1790901600,3.932e-06,3.939e-06,3.932e-06,3.939e-06,0.000003938,276529178.5803,16
1790901900,3.939e-06,3.939e-06,3.939e-06,3.939e-06,0.000000000,0.0,0
1790902200,3.939e-06,3.939e-06,3.939e-06,3.939e-06,0.000000000,0.0,0
1790902500,3.931e-06,3.931e-06,3.926e-06,3.926e-06,0.000003928,86385580.60942,2
1790902800,3.926e-06,3.926e-06,3.926e-06,3.926e-06,0.000000000,0.0,0
1790903100,3.928e-06,3.928e-06,3.922e-06,3.926e-06,0.000003925,244553345.09652,6
1790903400,3.924e-06,3.924e-06,3.917e-06,3.917e-06,0.000003918,97516192.27677,4
1790903700,3.913e-06,3.914e-06,3.904e-06,3.904e-06,0.000003909,280682331.69751,6
1790904000,3.899e-06,3.9e-06,3.895e-06,3.9e-06,0.000003896,189780232.71946,5
1790904300,3.9e-06,3.9e-06,3.9e-06,3.9e-06,0.000000000,0.0,0
1790904600,3.9e-06,3.9e-06,3.9e-06,3.9e-06,0.000000000,0.0,0
1790904900,3.903e-06,3.903e-06,3.903e-06,3.903e-06,0.000003903,4113200.0,1
1790905200,3.903e-06,3.903e-06,3.903e-06,3.903e-06,0.000000000,0.0,0
1790905500,3.903e-06,3.903e-06,3.903e-06,3.903e-06,0.000000000,0.0,0
1790905800,3.913e-06,3.913e-06,3.913e-06,3.913e-06,0.000003913,245812600.0,2
1790906100,3.936e-06,3.94e-06,3.936e-06,3.94e-06,0.000003939,15863032.4402,2
1790906400,3.941e-06,3.941e-06,3.941e-06,3.941e-06,0.000003941,15480886.601,2
1790906700,3.95e-06,3.957e-06,3.95e-06,3.957e-06,0.000003955,45876685.90499,5
1790907000,3.957e-06,3.957e-06,3.957e-06,3.957e-06,0.000000000,0.0,0
1790907300,3.962e-06,3.962e-06,3.961e-06,3.961e-06,0.000003961,8226400.0,2
1790907600,3.957e-06,3.957e-06,3.948e-06,3.951e-06,0.000003951,6943409.39483,5
1790907900,3.94e-06,3.94e-06,3.94e-06,3.94e-06,0.000003940,125834700.0,4
1790908200,3.933e-06,3.936e-06,3.93e-06,3.93e-06,0.000003932,15003380.21997,5
1790908500,3.93e-06,3.93e-06,3.93e-06,3.93e-06,0.000000000,0.0,0
1790908800,3.931e-06,3.931e-06,3.928e-06,3.928e-06,0.000003929,11751629.06,2
1790909100,3.928e-06,3.928e-06,3.928e-06,3.928e-06,0.000000000,0.0,0
1790909400,3.951e-06,3.951e-06,3.949e-06,3.949e-06,0.000003949,128417800.0,5
1790909700,3.949e-06,3.949e-06,3.949e-06,3.949e-06,0.000003949,4113200.0,1
1790910000,3.96e-06,3.968e-06,3.952e-06,3.954e-06,0.000003959,52009675.5231,10
1790910300,3.954e-06,3.954e-06,3.954e-06,3.954e-06,0.000000000,0.0,0
1790910600,3.949e-06,3.956e-06,3.946e-06,3.956e-06,0.000003949,109891967.65585,11
1790910900,3.953e-06,3.96e-06,3.947e-06,3.947e-06,0.000003948,388682256.19954,14
1790911200,3.956e-06,3.962e-06,3.956e-06,3.962e-06,0.000003960,371303143.67055,27
1790911500,3.961e-06,3.962e-06,3.955e-06,3.955e-06,0.000003959,80812043.75167,13
1790911800,3.964e-06,3.969e-06,3.962e-06,3.969e-06,0.000003965,79499754.73928,9
1790912100,3.972e-06,3.975e-06,3.972e-06,3.975e-06,0.000003973,5315598.02997,3
1790912400,3.962e-06,3.995e-06,3.962e-06,3.995e-06,0.000003969,395961305.8323,22
1790912700,3.978e-06,3.983e-06,3.967e-06,3.967e-06,0.000003973,555847084.47493,19
1790913000,3.967e-06,3.976e-06,3.967e-06,3.976e-06,0.000003971,23971215.69056,4
1790913300,3.974e-06,3.974e-06,3.969e-06,3.969e-06,0.000003971,1106435443.62,15
1790913600,3.986e-06,3.997e-06,3.986e-06,3.994e-06,0.000003990,60586433.59373,10
1790913900,3.989e-06,3.994e-06,3.989e-06,3.99e-06,0.000003993,350927565.71596,8
1790914200,3.99e-06,3.99e-06,3.99e-06,3.99e-06,0.000000000,0.0,0
1790914500,3.971e-06,3.983e-06,3.971e-06,3.983e-06,0.000003977,8226400.0,2
1790914800,3.982e-06,4.033e-06,3.98e-06,4.033e-06,0.000003999,1637639204.38263,28
1790915100,4.035e-06,4.073e-06,4.035e-06,4.062e-06,0.000004062,1716131474.14505,46
1790915400,4.076e-06,4.076e-06,4.055e-06,4.059e-06,0.000004061,1671892713.3809,31
1790915700,4.07e-06,4.085e-06,4.07e-06,4.08e-06,0.000004070,7240597964.00904,33
1790916000,4.072e-06,4.08e-06,4.067e-06,4.08e-06,0.000004069,670374275.02397,22
1790916300,4.093e-06,4.17e-06,4.092e-06,4.17e-06,0.000004134,4296182856.01786,75
1790916600,4.16e-06,4.204e-06,4.16e-06,4.202e-06,0.000004177,4338387844.73585,107
1790916900,4.212e-06,4.212e-06,4.156e-06,4.161e-06,0.000004174,1976971251.97619,59
1790917200,4.157e-06,4.158e-06,4.116e-06,4.116e-06,0.000004139,1094678007.40928,32
1790917500,4.116e-06,4.124e-06,4.1e-06,4.106e-06,0.000004105,1917304688.35764,55
1790917800,4.098e-06,4.103e-06,4.093e-06,4.097e-06,0.000004102,158074848.15376,9
1790918100,4.081e-06,4.081e-06,4.074e-06,4.078e-06,0.000004076,1900953788.04,13
1790918400,4.071e-06,4.073e-06,4.065e-06,4.069e-06,0.000004068,214996467.02059,18
1790918700,4.068e-06,4.068e-06,4.062e-06,4.065e-06,0.000004066,1060521867.67788,29
1790919000,4.073e-06,4.084e-06,4.073e-06,4.079e-06,0.000004081,78043440.27415,11
1790919300,4.074e-06,4.074e-06,4.06e-06,4.06e-06,0.000004067,236970198.44339,31
1790919600,4.054e-06,4.054e-06,4.051e-06,4.051e-06,0.000004051,55257870.4487,4
1790919900,4.067e-06,4.067e-06,4.067e-06,4.067e-06,0.000004067,47827789.71716,2
1790920200,4.063e-06,4.063e-06,4.063e-06,4.063e-06,0.000004063,10000000.0,1
1790920500,4.063e-06,4.064e-06,4.06e-06,4.061e-06,0.000004062,36894925.2653,6
1790920800,4.055e-06,4.069e-06,4.055e-06,4.06e-06,0.000004063,124657563.596,10
1790921100,4.069e-06,4.069e-06,4.046e-06,4.046e-06,0.000004061,95376971.67776,6
1790921400,4.048e-06,4.048e-06,4.047e-06,4.047e-06,0.000004047,33071364.77,6
1790921700,4.053e-06,4.053e-06,4.053e-06,4.053e-06,0.000004053,158998521.31375,3
1790922000,4.051e-06,4.067e-06,4.051e-06,4.067e-06,0.000004065,487690686.10759,9
1790922300,4.073e-06,4.076e-06,4.069e-06,4.069e-06,0.000004074,324863167.69816,14
1790922600,4.069e-06,4.072e-06,4.066e-06,4.072e-06,0.000004067,70861975.94306,5
1790922900,4.072e-06,4.074e-06,4.05e-06,4.054e-06,0.000004062,620871752.90444,48
1790923200,4.053e-06,4.053e-06,4.051e-06,4.051e-06,0.000004051,145904505.87102,6
1790923500,4.054e-06,4.054e-06,4.048e-06,4.048e-06,0.000004050,100916039.0,26
1790923800,4.06e-06,4.064e-06,4.055e-06,4.057e-06,0.000004060,961497515.51576,19
1790924100,4.062e-06,4.062e-06,4.048e-06,4.048e-06,0.000004050,98523039.68124,10
1790924400,4.043e-06,4.043e-06,4.034e-06,4.034e-06,0.000004040,286973922.76674,13
1790924700,4.05e-06,4.055e-06,4.041e-06,4.042e-06,0.000004049,32427169.0,11
1790925000,4.035e-06,4.038e-06,4.035e-06,4.038e-06,0.000004036,36756584.0,16
1790925300,4.035e-06,4.035e-06,4.021e-06,4.03e-06,0.000004023,473374563.81126,14
1790925600,4.021e-06,4.021e-06,4.008e-06,4.008e-06,0.000004011,504317575.06173,16
1790925900,4.018e-06,4.019e-06,4.018e-06,4.019e-06,0.000004018,118938969.68891,5
1790926200,3.995e-06,4.002e-06,3.989e-06,4.002e-06,0.000003997,642730502.58162,19
1790926500,4.004e-06,4.006e-06,4.004e-06,4.006e-06,0.000004005,25048818.80778,2
1790926800,4.014e-06,4.014e-06,4.013e-06,4.013e-06,0.000004013,49260518.30416,3
1790927100,4.014e-06,4.014e-06,4.014e-06,4.014e-06,0.000004014,4113200.0,1
1790927400,4.014e-06,4.014e-06,4.014e-06,4.014e-06,0.000000000,0.0,0
1790927700,4.033e-06,4.035e-06,4.033e-06,4.035e-06,0.000004034,27263587.62742,4
1790928000,4.035e-06,4.035e-06,4.035e-06,4.035e-06,0.000000000,0.0,0
1790928300,4.039e-06,4.045e-06,4.038e-06,4.045e-06,0.000004042,1417018733.98347,17
1790928600,4.039e-06,4.039e-06,4.035e-06,4.035e-06,0.000004038,55470891.61936,5
1790928900,4.051e-06,4.08e-06,4.05e-06,4.08e-06,0.000004056,168909815.03503,14
1790929200,4.074e-06,4.083e-06,4.074e-06,4.076e-06,0.000004076,315708191.25432,11
1790929500,4.076e-06,4.076e-06,4.075e-06,4.076e-06,0.000004075,57712858.16264,4
1790929800,4.083e-06,4.084e-06,4.079e-06,4.08e-06,0.000004082,2507860405.57407,18
1790930100,4.088e-06,4.098e-06,4.083e-06,4.098e-06,0.000004085,755428327.78,12
1790930400,4.1e-06,4.105e-06,4.099e-06,4.1e-06,0.000004101,143487448.34067,8
1790930700,4.101e-06,4.102e-06,4.097e-06,4.097e-06,0.000004098,20012461.39493,7
1790931000,4.097e-06,4.098e-06,4.09e-06,4.09e-06,0.000004094,304308472.68963,9
1790931300,4.094e-06,4.099e-06,4.091e-06,4.091e-06,0.000004096,74570155.41623,8
1790931600,4.085e-06,4.085e-06,4.065e-06,4.065e-06,0.000004075,29275512.14996,9
1790931900,4.071e-06,4.072e-06,4.071e-06,4.072e-06,0.000004071,5923093.03446,2
1790932200,4.072e-06,4.072e-06,4.063e-06,4.063e-06,0.000004064,66963332.95054,9
1790932500,4.061e-06,4.067e-06,4.061e-06,4.067e-06,0.000004065,14496171.85115,4
1790932800,4.067e-06,4.067e-06,4.067e-06,4.067e-06,0.000000000,0.0,0
1790933100,4.05e-06,4.05e-06,4.049e-06,4.05e-06,0.000004049,780290122.16648,5
1790933400,4.056e-06,4.061e-06,4.056e-06,4.06e-06,0.000004059,42626961.92998,7
1790933700,4.053e-06,4.053e-06,4.053e-06,4.053e-06,0.000004053,4113200.0,1
1790934000,4.055e-06,4.055e-06,4.055e-06,4.055e-06,0.000004055,2466091.24538,1
1790934300,4.047e-06,4.05e-06,4.047e-06,4.05e-06,0.000004049,1722466104.77,4
1790934600,4.062e-06,4.063e-06,4.062e-06,4.063e-06,0.000004062,36919545.45902,3
1790934900,4.065e-06,4.065e-06,4.065e-06,4.065e-06,0.000004065,17234931.73779,2
1790935200,4.06e-06,4.061e-06,4.06e-06,4.061e-06,0.000004060,52608420.58385,3
1790935500,4.059e-06,4.06e-06,4.05e-06,4.05e-06,0.000004055,354939988.91205,18
1790935800,4.048e-06,4.05e-06,4.048e-06,4.048e-06,0.000004048,415329765.73099,7
1790936100,4.053e-06,4.054e-06,4.053e-06,4.054e-06,0.000004053,24000000.0,3
1790936400,4.05e-06,4.05e-06,4.03e-06,4.03e-06,0.000004034,63099598.72312,11
1790936700,4.04e-06,4.04e-06,4.039e-06,4.039e-06,0.000004039,71050491.84,3
1790937000,4.044e-06,4.044e-06,4.042e-06,4.044e-06,0.000004043,247113578.0,4
1790937300,4.055e-06,4.055e-06,4.055e-06,4.055e-06,0.000004055,10000000.0,1
1790937600,4.054e-06,4.054e-06,4.047e-06,4.047e-06,0.000004049,73692939.58211,10
1790937900,4.046e-06,4.049e-06,4.046e-06,4.049e-06,0.000004047,37092445.1542,5
1790938200,4.034e-06,4.039e-06,4.034e-06,4.039e-06,0.000004035,166118049.14827,6
1790938500,4.036e-06,4.036e-06,4.035e-06,4.035e-06,0.000004035,12339600.0,3
1790938800,4.034e-06,4.034e-06,4.028e-06,4.031e-06,0.000004033,141010641.56138,8
1790939100,4.032e-06,4.032e-06,4.032e-06,4.032e-06,0.000004032,4113200.0,1
1790939400,4.032e-06,4.032e-06,4.03e-06,4.03e-06,0.000004030,19978029.06,4
