time,open,high,low,close,vwap,volume,count
1790463900,128.54,130.0,127.91,129.3,129.21,106.80471633,44
1790464200,128.5,130.72,127.91,130.72,129.34,338.16604632,62
1790464500,130.85,142.49,130.85,136.43,138.88,1239.95211974,216
1790464800,136.12,137.02,119.42,124.74,126.47,2437.96540355,499
1790465100,124.67,131.11,124.67,128.98,128.47,806.95293802,220
1790465400,130.5,132.42,128.5,128.5,130.13,553.99435222,134
1790465700,128.5,130.45,128.44,129.15,128.79,380.33216238,72
1790466000,130.37,134.06,130.37,133.18,131.80,329.25566763,106
1790466300,133.4,134.53,132.35,134.13,133.92,498.28623663,38
1790466600,135.21,135.6,133.93,134.47,134.75,71.65545981,39
1790466900,133.9,133.9,132.32,132.52,133.02,67.40478684,20
1790467200,133.93,136.44,133.93,134.61,134.63,14.34497745,11
1790467500,134.54,134.96,131.34,132.53,132.81,592.89086491,134
1790467800,132.18,133.17,130.95,131.48,132.28,38.88982329,18
1790468100,131.59,134.89,131.59,134.51,133.35,27.25109208,20
1790468400,135.0,135.9,134.33,134.8,135.71,462.96714714,110
1790468700,135.68,139.32,134.61,139.32,137.00,637.7941812,127
1790469000,138.82,139.36,136.09,137.97,137.98,130.62489343,43
1790469300,139.84,139.84,137.36,137.36,137.70,127.06283583,28
1790469600,137.67,138.74,136.96,138.3,137.59,97.87820636,42
1790469900,138.27,140.59,137.71,138.4,138.90,104.6811439,21
1790470200,138.3,144.0,137.03,141.37,138.52,577.66928427,122
1790470500,141.92,144.77,139.91,142.1,141.08,324.77962915,120
1790470800,140.5,143.31,140.5,141.78,141.19,182.11148248,90
1790471100,142.94,143.73,142.0,143.73,142.96,24.65965583,47
1790471400,144.02,147.73,143.83,146.94,145.61,335.04016894,79
1790471700,146.94,149.77,145.4,149.77,146.81,284.84072228,109
1790472000,148.62,158.17,146.01,157.21,151.26,374.63301169,208
1790472300,158.64,165.99,157.15,163.9,160.33,615.19679429,221
1790472600,163.92,163.92,148.89,150.14,154.80,621.81511367,194
1790472900,150.14,152.59,147.22,152.59,149.03,380.22768428,113
1790473200,152.44,157.38,152.44,157.38,154.18,67.18815421,53
1790473500,155.97,160.33,153.41,160.33,155.68,11.85985685,38
1790473800,159.13,171.0,159.06,161.06,165.47,589.37344613,168
1790474100,160.83,164.44,160.5,161.03,162.17,31.99716992,31
1790474400,158.82,160.04,155.69,158.39,157.69,81.72811281,54
1790474700,158.33,160.49,157.85,160.49,159.12,16.89972578,15
1790475000,160.03,160.81,157.19,158.48,159.23,23.64670637,26
1790475300,158.16,158.3,152.57,156.08,154.99,283.50699754,98
1790475600,155.53,155.84,152.57,154.77,154.58,42.0846753,31
1790475900,152.89,154.49,151.65,151.86,152.53,46.44461354,44
1790476200,153.73,154.31,151.1,152.95,152.66,91.47436584,35
1790476500,152.83,152.83,148.62,148.62,150.85,54.93501391,47
1790476800,148.19,148.2,143.18,147.6,147.23,341.49192028,167
1790477100,146.73,151.82,146.7,150.76,148.11,60.00077954,42
1790477400,151.54,151.54,146.43,146.43,148.08,35.64588302,18
1790477700,146.69,151.48,143.73,150.89,146.75,88.63555136,70
1790478000,150.68,154.49,150.34,152.75,152.55,64.05491043,64
1790478300,152.83,153.9,152.09,153.38,153.18,156.57622989,111
1790478600,151.38,152.85,147.51,148.62,151.15,98.67612242,66
1790478900,149.51,152.0,149.42,151.24,150.15,86.32560587,34
1790479200,152.36,152.56,150.22,151.91,151.97,118.66899535,59
1790479500,151.97,152.6,150.44,151.72,150.98,76.28480007,28
1790479800,151.66,152.16,150.0,150.2,150.88,128.39935476,64
1790480100,150.1,152.14,150.1,151.36,150.90,29.7841224,40
1790480400,151.41,153.15,150.77,150.77,151.89,57.06485105,38
1790480700,151.22,153.91,151.1,153.04,152.45,49.06569819,32
1790481000,151.87,153.18,150.66,151.69,152.44,196.46182719,77
1790481300,151.79,152.73,151.74,152.24,152.32,75.67062825,43
1790481600,152.73,152.73,150.79,151.54,151.69,42.06352921,31
1790481900,151.75,154.67,151.75,153.89,153.15,152.37400357,101
1790482200,154.34,158.99,154.34,158.53,156.65,100.17737264,33
1790482500,157.45,157.45,155.86,156.16,156.33,35.24455634,29
1790482800,157.32,157.59,154.86,155.26,156.68,13.51265935,11
1790483100,155.49,157.69,155.49,156.72,156.85,202.42056342,81
1790483400,156.66,162.27,156.32,161.98,157.43,254.15148662,88
1790483700,161.61,165.32,161.23,162.73,163.07,81.16126037,41
1790484000,163.88,165.67,162.75,164.58,164.82,864.33169023,284
1790484300,164.62,164.72,158.93,163.0,161.10,149.16119947,92
1790484600,163.21,168.5,163.21,165.28,165.88,365.34098123,197
1790484900,165.07,166.64,163.19,166.64,165.02,196.9938368,71
1790485200,166.5,167.6,165.15,167.6,166.53,104.5808064,24
1790485500,168.16,170.14,164.79,167.79,167.33,1056.09793872,125
1790485800,167.44,170.19,165.37,165.82,167.83,311.07168716,93
1790486100,165.84,166.45,160.0,164.34,164.05,550.53436133,92
1790486400,164.65,166.17,163.25,164.55,164.54,66.03323143,37
1790486700,164.88,166.71,163.25,163.25,165.64,52.57803318,26
1790487000,162.99,162.99,158.0,160.44,158.98,621.43339236,109
1790487300,161.56,162.37,158.52,158.53,161.22,705.00897626,69
1790487600,157.38,157.78,151.49,154.36,155.83,415.82782842,59
1790487900,153.28,153.56,149.46,150.12,151.43,173.2921143,63
1790488200,151.31,155.0,150.33,154.86,152.96,41.46809914,25
1790488500,154.11,154.11,150.31,151.19,152.39,96.93594354,39
1790488800,149.0,153.96,149.0,153.96,152.61,127.07256605,29
1790489100,153.2,153.2,150.98,151.44,151.68,119.28410387,49
1790489400,151.24,153.76,149.68,153.43,152.04,193.6870863,54
1790489700,154.64,157.15,153.09,156.85,154.78,351.16177694,99
1790490000,155.97,158.5,154.76,158.5,157.72,403.37383969,38
1790490300,157.56,159.73,156.98,159.14,158.08,33.18422423,34
1790490600,158.96,158.96,156.1,156.1,157.24,472.913901,64
1790490900,154.88,158.4,154.88,157.81,156.93,44.78537742,23
1790491200,158.1,158.41,157.14,157.45,157.89,58.56279802,85
1790491500,157.32,158.12,153.65,154.08,156.87,215.67666044,126
1790491800,154.4,154.85,150.52,151.7,152.03,386.90209246,148
1790492100,152.44,153.08,150.64,153.07,152.30,504.35789514,41
1790492400,153.07,155.49,152.52,153.2,154.16,192.17620797,84
1790492700,153.14,153.99,152.79,153.99,153.22,132.1206939,34
1790493000,153.77,157.78,153.77,157.08,156.58,197.05118696,99
1790493300,157.03,157.03,150.58,152.07,154.30,198.41587681,100
1790493600,152.73,153.93,151.46,152.96,152.37,104.0730357,22
1790493900,152.92,154.19,152.88,153.59,153.18,228.33902542,40
1790494200,153.43,154.06,152.0,152.37,153.14,136.24272974,63
1790494500,152.28,154.01,150.48,153.91,152.52,118.67215215,86
1790494800,154.47,155.82,151.92,154.04,153.22,140.43310816,108
1790495100,153.79,153.79,152.33,153.18,153.09,56.72955468,31
1790495400,152.6,152.6,148.92,149.29,150.06,113.83678108,60
1790495700,149.56,150.75,147.4,148.32,148.68,77.25936464,40
1790496000,149.56,150.3,148.1,149.04,148.78,123.31534678,54
1790496300,149.6,151.72,149.6,150.97,150.62,53.75394754,58
1790496600,150.96,152.34,150.13,152.29,151.13,91.69353416,104
1790496900,152.0,152.78,150.96,152.78,151.78,124.23746495,34
1790497200,152.53,153.76,151.15,152.81,151.84,40.63758149,58
1790497500,153.11,153.8,152.69,153.49,153.17,130.73884691,113
1790497800,153.42,158.32,153.42,157.13,156.61,226.60379068,102
1790498100,156.74,158.42,156.0,157.97,157.51,77.98071544,43
1790498400,157.54,158.35,156.22,157.35,157.07,916.86070689,276
1790498700,157.23,160.0,156.92,158.99,158.79,391.5133787,124
1790499000,158.36,158.36,156.84,158.24,157.95,91.48855888,33
1790499300,158.96,159.98,156.45,158.09,157.76,1342.59765098,195
1790499600,158.16,158.41,156.22,156.76,157.31,140.49653809,62
1790499900,157.4,157.76,155.63,157.25,156.88,81.2364587,42
1790500200,157.4,158.98,156.98,156.99,157.92,26.09288175,29
1790500500,156.79,157.06,154.45,155.17,155.74,34.07945909,31
1790500800,155.34,156.75,155.21,155.66,156.31,180.651368,79
1790501100,155.46,155.86,154.78,155.23,155.34,11.55120163,12
1790501400,155.14,155.8,153.54,155.17,154.80,70.97247465,36
1790501700,156.56,156.75,154.93,156.23,155.91,20.0532976,16
1790502000,155.36,156.11,154.29,155.74,155.43,49.32879804,45
1790502300,155.19,156.4,154.25,154.78,155.37,37.1491988,29
1790502600,153.81,154.78,152.57,153.8,154.19,188.6418333,70
1790502900,153.92,155.12,151.0,151.0,153.61,96.5008469,92
1790503200,150.79,152.99,150.79,152.79,152.37,105.38736602,45
1790503500,151.49,153.56,151.49,152.76,152.81,143.98950636,25
1790503800,153.03,154.78,152.87,154.21,154.09,126.66052665,54
1790504100,154.48,154.64,151.26,151.98,152.89,110.17018324,72
1790504400,151.82,153.02,151.7,152.74,152.27,43.7584971,21
1790504700,152.48,152.6,151.85,152.44,152.32,29.34374982,22
1790505000,152.76,152.81,150.6,150.6,151.25,151.4864174,21
1790505300,151.78,152.37,151.36,152.37,151.58,12.41866345,8
1790505600,151.36,152.06,150.31,151.31,151.07,15.89314366,12
1790505900,151.49,152.43,150.5,151.73,151.35,158.94521715,47
1790506200,151.81,152.35,149.5,150.7,150.68,69.96947832,42
1790506500,150.49,150.71,149.75,150.56,150.27,16.09936797,17
1790506800,149.67,149.92,147.85,148.86,148.25,41.2840703,25
1790507100,148.85,149.08,140.49,144.16,144.02,658.27264165,182
1790507400,145.73,146.15,143.45,143.58,144.22,20.12973741,29
1790507700,143.61,146.52,143.55,144.93,145.56,48.48052662,31
1790508000,144.53,146.12,144.5,146.04,144.86,14.89303192,17
1790508300,145.34,146.58,144.5,145.18,146.03,35.58471691,20
1790508600,143.52,144.92,142.54,144.92,143.49,52.34909712,22
1790508900,145.41,145.79,143.06,144.59,144.14,757.29514652,136
1790509200,144.71,144.99,141.75,143.25,143.95,217.44729325,48
1790509500,142.92,142.95,137.13,142.95,139.49,441.05309037,74
1790509800,143.38,145.1,142.1,145.1,144.64,397.14446656,64
1790510100,144.61,145.1,143.2,143.2,144.47,323.77611712,132
1790510400,143.32,144.64,142.72,143.33,143.27,124.3677928,57
1790510700,143.65,143.77,141.45,141.92,142.43,134.1245537,37
1790511000,141.92,142.84,141.31,142.53,142.22,157.29949339,68
1790511300,141.0,143.2,141.0,143.2,141.92,1.60177863,7
1790511600,143.85,144.43,143.59,144.42,143.93,46.04839623,22
1790511900,144.36,146.38,143.51,143.65,144.67,151.31723007,42
1790512200,143.9,143.9,140.99,140.99,141.81,74.79480255,9
1790512500,141.75,142.86,141.49,141.66,142.16,24.2752453,8
1790512800,141.69,141.87,141.33,141.33,141.54,2.71764813,4
1790513100,142.32,142.32,140.63,140.79,141.06,111.74053601,41
1790513400,140.77,140.84,139.01,139.51,140.02,217.50597673,78
1790513700,139.63,141.46,139.12,141.18,140.16,211.57333541,105
1790514000,140.98,142.49,140.62,141.07,140.90,139.19931809,41
1790514300,141.01,141.77,141.01,141.55,141.47,82.61118917,26
1790514600,142.31,142.31,138.84,140.42,141.13,73.70955567,22
1790514900,140.14,140.14,138.7,138.82,139.50,40.79162182,20
1790515200,138.86,139.99,138.56,139.7,139.31,39.95546177,17
1790515500,139.84,143.92,139.84,143.19,142.28,247.38567711,92
1790515800,142.93,145.48,142.34,142.62,143.73,227.61870176,68
1790516100,142.36,169.75,142.0,142.93,149.93,997.57148935,193
1790516400,143.01,143.01,141.59,142.42,142.19,36.01633334,89
1790516700,141.81,142.06,141.05,141.05,141.80,26.6841619,31
1790517000,141.49,141.6,140.84,141.01,141.09,27.81572739,34
1790517300,140.97,143.07,140.94,143.07,141.46,56.38616821,27
1790517600,142.23,144.95,142.23,143.45,144.00,23.59226988,46
1790517900,143.81,145.15,143.45,144.12,143.92,453.71768385,67
1790518200,144.07,144.45,143.46,143.48,143.93,37.66668173,38
1790518500,142.71,143.4,142.42,143.4,142.88,40.65041101,26
1790518800,143.33,147.38,143.28,147.12,146.73,448.88155023,71
1790519100,147.13,148.75,146.0,146.0,146.40,335.46868436,80
1790519400,146.32,148.69,146.32,148.26,147.53,262.41537539,44
1790519700,147.68,147.93,147.0,147.64,147.48,35.94855679,31
1790520000,147.98,148.1,146.69,147.62,147.01,448.85575719,75
1790520300,147.39,148.71,146.87,148.45,147.82,90.38314878,49
1790520600,148.14,148.75,147.83,147.89,148.13,14.63719147,12
1790520900,147.91,147.95,146.97,146.97,147.41,31.4107308,26
1790521200,146.95,148.15,146.58,147.91,147.12,470.55226665,85
1790521500,147.86,152.15,147.7,151.68,149.03,74.75178244,44
1790521800,152.42,152.58,151.0,152.37,151.75,62.13590017,27
1790522100,153.1,154.76,152.8,153.53,153.33,85.05602551,38
1790522400,153.67,157.6,153.39,157.04,156.19,72.02599917,40
1790522700,157.19,157.65,155.4,156.09,156.73,80.11321258,40
1790523000,157.7,159.05,154.59,154.61,156.10,133.09209105,49
1790523300,155.05,157.96,155.05,157.16,157.17,110.39559938,39
1790523600,158.15,160.1,157.0,157.46,158.28,105.25759906,76
1790523900,157.31,158.19,152.82,152.82,154.50,75.46145009,46
1790524200,154.22,156.5,154.11,156.39,155.74,23.15085198,22
1790524500,156.0,157.45,155.0,156.92,156.01,68.66631975,35
1790524800,156.59,157.02,154.78,156.63,156.27,31.23090228,45
1790525100,157.3,159.53,156.98,159.1,158.24,93.13135055,36
1790525400,158.8,160.94,158.42,158.74,159.76,80.49334755,52
1790525700,158.9,163.38,158.55,159.55,161.72,103.75716831,33
1790526000,161.04,165.0,160.39,164.43,163.43,60.07118831,26
1790526300,164.37,165.01,162.02,165.01,163.36,97.3964001,40
1790526600,164.08,165.0,161.49,165.0,162.64,133.25132,24
1790526900,164.16,164.18,162.64,163.9,163.82,143.728357,38
1790527200,161.13,163.04,161.13,162.23,162.68,85.85722635,43
1790527500,163.7,166.1,163.69,165.4,165.78,1101.48936679,181
1790527800,164.89,164.92,158.18,159.54,162.39,119.01959029,90
1790528100,160.59,161.59,160.33,160.9,160.70,24.28743532,17
1790528400,160.79,166.03,159.85,163.18,163.89,252.58487356,87
1790528700,162.47,162.53,160.47,162.51,161.77,80.0223259,47
1790529000,163.1,163.2,161.67,162.96,162.87,15.8587208,17
1790529300,163.33,165.87,163.14,164.32,165.31,760.47719338,67
1790529600,165.24,165.39,162.96,163.48,164.35,76.90653289,78
1790529900,163.46,165.7,163.46,164.13,164.67,222.08252675,81
1790530200,163.07,165.5,162.23,165.5,164.41,220.66996625,54
1790530500,166.58,167.7,159.55,161.28,162.39,431.7227629,100
1790530800,160.46,161.75,159.61,160.58,160.72,165.99179487,60
1790531100,160.22,163.23,160.22,163.17,162.16,110.66456736,53
1790531400,164.07,164.38,162.22,162.92,163.12,9.85817956,13
1790531700,162.79,162.92,161.27,162.44,161.87,68.73536801,33
1790532000,162.85,162.85,160.0,160.3,161.34,43.13335203,37
1790532300,160.31,160.85,158.73,160.02,160.13,41.74121929,38
1790532600,160.24,162.07,159.8,160.71,160.56,204.20344597,93
1790532900,161.75,163.21,161.6,163.21,162.28,70.98878784,64
1790533200,162.71,163.01,161.41,161.42,162.54,20.64722162,20
1790533500,161.23,162.0,160.34,160.64,161.07,41.65252729,17
1790533800,160.62,162.61,160.35,162.34,161.53,8.2235139,13
1790534100,162.94,164.52,162.8,163.54,163.75,97.00405937,27
1790534400,164.21,164.73,163.57,164.73,164.29,39.12057294,26
1790534700,164.95,165.05,163.35,165.05,164.70,188.44224071,32
1790535000,164.57,164.7,162.8,163.91,164.10,39.56665113,42
1790535300,164.08,165.67,163.82,165.24,164.56,30.49081778,35
1790535600,165.3,170.63,165.3,166.94,168.17,339.36537222,192
1790535900,167.35,170.3,163.52,164.84,166.18,342.56456954,148
1790536200,164.62,164.78,162.85,164.39,163.88,34.13860241,22
1790536500,163.64,165.05,163.64,164.11,164.54,46.13598613,36
1790536800,165.18,166.19,164.87,165.23,165.47,49.54389372,26
1790537100,164.77,166.22,164.77,166.0,165.82,36.79585516,15
1790537400,166.09,166.13,165.22,165.22,165.82,75.05126055,40
1790537700,165.48,168.16,164.87,167.64,166.00,34.36947173,26
1790538000,167.53,167.99,164.03,165.2,166.37,233.16272576,98
1790538300,165.34,165.54,163.72,163.72,164.64,18.41771583,18
1790538600,163.93,163.94,161.54,162.19,163.06,50.19411032,29
1790538900,162.14,163.53,162.14,163.53,162.99,49.29111634,20
1790539200,163.0,165.45,162.93,164.76,163.91,46.45219949,18
1790539500,164.12,164.65,163.02,164.65,163.84,39.58595582,18
1790539800,165.12,165.82,164.13,165.82,165.09,73.88549126,35
1790540100,165.77,172.77,164.88,171.62,170.26,319.03920723,87
1790540400,170.71,171.26,163.53,166.11,166.62,347.29397645,116
1790540700,165.23,167.68,164.62,164.62,166.36,62.08308152,44
1790541000,165.25,166.93,164.61,166.66,165.52,41.82151585,23
1790541300,166.84,171.12,166.81,170.69,168.98,181.26516226,57
1790541600,170.69,170.79,168.7,170.7,169.40,185.9391626,97
1790541900,170.33,171.06,168.39,169.08,169.65,130.18700991,45
1790542200,169.74,172.88,169.64,172.51,171.53,128.99024736,40
1790542500,170.88,173.5,170.88,172.74,172.99,175.11707242,41
1790542800,173.14,175.0,172.19,174.37,174.66,248.70983603,77
1790543100,174.12,174.94,173.09,174.94,173.63,103.27874082,55
1790543400,174.5,175.42,173.75,173.75,174.80,141.51933364,83
1790543700,174.41,179.0,173.38,177.26,175.94,179.58996203,74
1790544000,178.15,192.5,178.15,191.98,183.60,502.62791179,132
1790544300,191.58,209.09,190.0,208.5,198.27,948.47953305,268
1790544600,207.48,210.35,193.57,196.58,200.34,994.70079625,253
1790544900,196.59,204.23,196.59,203.81,200.07,203.33246401,89
1790545200,203.27,204.73,199.45,202.28,201.85,170.43101874,96
1790545500,201.0,205.35,200.25,204.66,203.32,233.01100705,125
1790545800,204.41,204.41,200.04,201.1,202.03,284.53569895,92
1790546100,200.1,201.48,194.86,200.0,199.43,310.92969497,76
1790546400,200.8,200.8,194.45,198.16,198.11,145.52818339,81
1790546700,197.57,203.5,197.3,203.3,201.00,219.26025737,64
1790547000,202.33,204.12,199.54,199.54,201.99,130.49074686,38
1790547300,200.83,202.54,200.43,202.35,201.02,94.87470116,55
1790547600,202.56,203.08,201.16,201.83,202.02,75.95698188,32
1790547900,203.0,216.87,202.2,214.55,210.44,526.78499822,177
1790548200,213.6,220.72,212.91,220.12,216.09,377.11692023,140
1790548500,220.73,226.76,217.26,223.65,224.01,427.33499971,137
1790548800,222.4,232.87,221.69,230.07,228.95,179.21893099,99
1790549100,228.28,259.35,227.79,240.87,246.41,640.69681966,326
1790549400,239.56,273.41,239.56,271.02,258.57,766.03394663,258
1790549700,270.25,323.0,255.54,298.77,293.77,1451.28876894,705
1790550000,304.88,304.88,277.67,280.08,289.65,528.26537248,274
1790550300,279.0,281.97,220.35,247.6,244.57,1377.47896803,527
1790550600,245.86,269.38,240.64,266.34,257.57,467.58388562,184
1790550900,264.0,265.47,244.45,249.0,254.94,1237.0051615,222
1790551200,249.52,255.83,241.16,249.24,248.57,225.17443267,115
1790551500,249.61,252.48,244.7,247.25,246.47,265.6695476,73
1790551800,247.58,249.17,232.95,239.7,239.49,250.16558926,72
1790552100,243.83,259.86,243.03,249.87,252.80,273.73536422,132
1790552400,249.85,255.41,249.85,254.44,253.23,203.02361989,25
1790552700,256.56,260.0,253.0,254.68,256.75,199.36806661,61
1790553000,255.37,257.56,248.74,248.74,253.21,132.0033492,33
1790553300,249.31,253.16,247.94,253.16,249.94,54.52567562,34
1790553600,252.21,256.06,248.41,255.84,254.20,255.92829152,82
1790553900,256.12,280.0,255.78,279.8,269.77,450.03821786,162
1790554200,278.6,278.6,263.43,268.39,270.00,239.13477474,91
1790554500,265.33,266.4,258.16,262.0,262.49,182.71821768,47
1790554800,261.81,262.0,248.6,259.12,258.52,275.80883217,83
1790555100,258.15,263.01,256.25,260.0,258.82,38.78482289,21
1790555400,261.86,262.65,256.52,256.52,261.02,46.24601301,28
1790555700,256.23,256.23,242.23,247.29,246.70,211.43856254,97
1790556000,249.7,249.7,238.38,238.38,244.18,105.59870048,79
1790556300,240.99,243.17,235.11,242.12,241.63,174.85068346,67
1790556600,242.6,245.62,237.87,239.63,241.21,24.54697306,34
1790556900,239.76,240.51,238.01,238.01,239.71,3.56640849,5
1790557200,238.22,238.22,218.41,228.93,224.40,1159.93400358,292
1790557500,228.89,235.82,227.33,231.27,230.62,43.79446684,42
1790557800,228.9,230.75,224.82,225.3,227.96,69.50433762,29
1790558100,223.05,227.1,216.63,216.63,223.59,134.48575402,68
1790558400,219.11,221.41,212.38,220.65,217.78,363.5907409,176
1790558700,220.53,230.8,220.53,228.67,224.32,31.55382889,34
1790559000,231.84,233.69,227.23,227.23,230.88,517.08616222,152
1790559300,226.82,233.44,224.82,230.97,228.62,19.24116434,21
1790559600,230.7,231.48,228.08,228.58,229.28,77.46705927,33
1790559900,228.28,233.44,227.85,232.87,231.45,37.25225723,35
1790560200,232.91,232.91,224.97,226.4,231.55,676.46649146,80
1790560500,226.92,228.72,226.83,227.5,227.65,37.2239331,26
1790560800,227.19,232.43,224.4,232.43,227.59,59.52346041,31
1790561100,230.67,233.57,230.57,233.57,231.97,179.95366345,38
1790561400,233.48,240.51,233.45,235.87,236.99,480.74625526,71
1790561700,234.48,237.2,233.98,234.58,234.88,8.17444515,12
1790562000,233.23,233.23,223.89,230.21,227.81,683.98165017,80
1790562300,230.17,232.55,229.77,231.48,230.58,35.84487915,18
1790562600,231.12,233.03,230.42,231.24,231.34,138.23167584,38
1790562900,232.6,275.0,232.54,242.03,244.71,474.44966291,106
1790563200,241.53,241.53,235.69,239.02,239.00,576.22500604,94
1790563500,241.45,241.72,237.74,237.74,239.25,13.02060703,12
1790563800,236.47,239.47,235.08,238.16,236.78,16.16501196,16
1790564100,238.11,240.74,237.6,240.0,238.78,540.13548147,139
1790564400,240.01,244.12,238.41,239.42,240.19,45.08148936,36
1790564700,238.64,238.64,230.69,232.26,233.97,26.32598618,25
1790565000,234.19,234.19,226.78,227.05,228.12,44.57199051,26
1790565300,225.04,227.95,223.52,227.17,225.38,55.77935604,28
1790565600,228.53,231.29,228.53,230.71,229.39,46.75379101,23
1790565900,230.38,231.05,227.4,227.75,229.28,30.22118219,18
1790566200,226.68,227.28,216.5,221.02,219.47,558.62700634,60
1790566500,221.38,225.38,218.21,225.38,221.95,101.42726083,57
1790566800,225.63,230.31,218.86,222.84,224.02,247.38013018,69
1790567100,221.37,223.81,219.98,222.9,221.63,39.41127122,34
1790567400,222.57,225.68,221.67,225.68,224.28,108.15373758,30
1790567700,224.91,226.58,224.55,226.58,225.03,53.11934689,15
1790568000,227.2,227.2,224.53,224.53,226.22,18.80469229,8
1790568300,226.41,230.92,226.41,230.42,229.21,22.63478444,22
1790568600,232.05,233.44,228.2,228.2,229.80,11.38314595,14
1790568900,231.41,232.55,229.65,230.17,230.58,14.23969185,14
1790569200,231.06,233.44,230.04,232.07,231.61,152.11334802,38
1790569500,231.55,231.81,230.6,231.0,231.21,13.73061893,9
1790569800,231.33,231.64,224.48,224.81,225.86,78.48170036,47
1790570100,226.62,229.99,226.62,227.23,228.42,14.65738336,13
1790570400,227.93,233.54,227.66,232.69,231.15,65.08109942,36
1790570700,232.5,237.94,232.5,237.49,236.32,43.18692501,24
1790571000,236.0,237.09,232.17,233.71,235.95,511.92796883,107
1790571300,233.0,233.57,229.53,229.66,232.56,553.17309979,88
1790571600,229.01,229.48,226.28,227.0,228.42,131.45212204,56
1790571900,226.24,227.78,221.14,222.63,224.31,86.50551199,50
1790572200,221.0,224.93,220.0,224.93,221.15,521.84916856,92
1790572500,225.57,225.57,223.14,223.26,224.09,29.71431592,19
1790572800,223.27,224.07,222.81,223.3,223.30,13.98224475,20
1790573100,224.3,228.7,223.85,227.94,227.05,14.40838571,18
1790573400,228.09,229.0,223.07,223.17,228.38,623.64354869,99
1790573700,221.83,224.71,219.51,224.71,222.98,149.15330987,53
1790574000,223.73,228.0,223.32,228.0,226.67,94.67260093,35
1790574300,227.78,234.68,226.45,226.45,231.52,172.48847887,57
1790574600,227.04,229.89,227.04,229.89,228.23,28.09455381,8
1790574900,232.21,237.07,232.0,234.74,234.94,122.2060543,58
1790575200,234.98,236.7,234.06,235.64,235.37,32.59570554,23
1790575500,237.45,238.55,234.96,234.96,236.29,312.57646347,43
1790575800,234.96,235.92,233.09,235.92,234.50,52.44270319,18
1790576100,236.97,239.08,235.0,236.54,237.25,131.90627673,42
1790576400,238.8,240.0,237.2,240.0,239.48,157.32654491,41
1790576700,238.71,239.1,236.62,239.1,238.04,53.81883093,18
1790577000,239.25,240.53,237.65,237.65,239.41,100.58546028,35
1790577300,239.45,251.51,239.45,250.73,243.54,519.16931585,79
1790577600,251.58,254.01,242.22,246.0,249.39,1212.85131097,133
1790577900,245.92,250.0,244.2,250.0,247.74,279.66884753,86
1790578200,248.99,253.64,247.3,253.05,250.70,104.21340433,54
1790578500,252.72,253.8,251.28,252.46,252.82,57.31015102,47
1790578800,252.39,252.39,242.18,245.86,247.81,76.19514184,43
1790579100,245.38,249.7,245.0,245.0,247.05,189.09390731,49
1790579400,245.74,247.68,242.22,244.65,245.35,107.22508864,39
1790579700,244.75,247.79,244.0,244.0,245.93,45.07394424,39
1790580000,245.09,245.09,241.1,242.0,242.90,76.32799574,27
1790580300,244.35,244.35,243.62,244.07,243.74,12.95867278,4
1790580600,243.27,243.75,235.51,242.1,237.96,161.3085957,46
1790580900,242.1,246.0,241.71,241.71,243.63,229.42843945,44
1790581200,243.03,243.03,235.71,238.3,238.68,53.81118366,33
1790581500,238.53,239.8,235.8,235.83,236.26,138.12334061,39
1790581800,235.11,239.5,235.0,237.48,238.12,79.91184916,34
1790582100,240.51,240.51,238.0,238.28,238.31,32.48482136,18
1790582400,236.67,237.0,235.44,235.86,236.10,41.88412249,32
1790582700,235.75,235.75,229.72,230.13,231.24,194.78346957,59
1790583000,230.63,232.66,230.53,230.72,231.32,93.39200443,57
1790583300,230.22,232.81,229.99,231.97,231.94,132.10409725,41
1790583600,232.65,232.87,230.77,231.58,232.25,84.1764812,18
1790583900,230.05,230.05,225.53,228.19,227.58,323.9587067,41
1790584200,227.78,228.39,225.33,226.13,226.44,402.73098815,84
1790584500,226.35,228.6,222.89,222.89,225.58,190.06915637,47
1790584800,224.78,226.2,221.0,221.16,223.15,91.14042049,53
1790585100,222.81,224.13,220.0,220.12,221.83,109.00028085,61
1790585400,220.1,221.0,204.63,213.39,217.64,684.64811142,102
1790585700,211.99,215.79,204.33,208.53,209.35,349.95909182,119
1790586000,209.3,211.0,198.24,198.3,202.48,837.20781865,332
1790586300,198.08,200.97,195.0,197.44,196.55,860.07890275,162
1790586600,197.33,203.28,197.0,198.82,200.03,179.9766126,83
1790586900,199.72,205.51,199.72,201.84,201.52,300.62828812,88
1790587200,200.02,200.98,190.0,193.45,191.35,2608.49624977,313
1790587500,193.86,194.66,190.15,194.27,192.19,248.16999329,108
1790587800,194.52,194.52,190.34,190.75,191.36,113.82584063,29
1790588100,190.87,190.87,169.33,175.71,177.26,1090.24217999,237
1790588400,177.36,184.87,177.34,184.87,182.01,305.61226739,77
1790588700,182.22,184.33,179.08,181.32,181.36,2833.74222145,517
1790589000,180.15,181.23,175.0,178.49,177.87,458.60671809,92
1790589300,178.44,189.46,176.72,189.46,181.16,435.32022132,125
1790589600,189.0,201.11,187.42,200.05,191.66,959.38493983,160
1790589900,198.95,200.06,193.5,200.06,197.47,273.65354103,74
1790590200,198.52,203.02,195.0,200.13,197.40,404.24348419,74
1790590500,201.39,201.51,194.31,194.31,199.28,59.9181012,80
1790590800,196.75,202.84,196.29,201.59,199.43,92.42259475,46
1790591100,202.3,205.26,198.01,198.01,200.63,259.52806642,126
1790591400,199.71,199.78,190.81,193.78,195.65,560.26682641,118
1790591700,194.61,198.13,192.79,198.13,194.71,129.50215652,46
1790592000,196.02,197.83,194.79,195.39,196.91,36.57931561,20
1790592300,195.61,196.4,195.61,196.4,196.09,3.99521136,6
1790592600,199.65,204.27,199.39,200.77,200.38,582.75995358,128
1790592900,203.7,203.72,201.24,203.42,203.03,83.72619566,46
1790593200,203.28,208.84,203.28,204.04,206.05,301.54229827,109
1790593500,204.43,204.43,202.16,203.84,203.43,67.97505666,51
1790593800,203.32,209.66,203.29,209.42,207.93,85.65758091,59
1790594100,209.68,215.59,207.28,214.83,211.47,463.38633641,134
1790594400,215.16,217.03,212.37,215.97,213.83,617.27772071,228
1790594700,215.44,215.75,211.84,213.2,214.29,216.12671103,104
1790595000,215.55,218.0,213.6,214.09,216.22,58.35632936,54
1790595300,214.88,222.58,214.17,221.57,219.93,697.64001819,157
1790595600,221.3,223.4,219.3,219.92,220.61,241.59083834,77
1790595900,219.88,219.88,207.94,210.24,210.48,518.10198449,175
1790596200,210.14,213.82,209.14,213.29,211.23,50.33305741,24
1790596500,212.38,212.38,203.39,208.59,209.30,97.29596901,49
1790596800,207.97,212.34,207.97,212.34,210.31,12.59232026,11
1790597100,206.54,213.46,204.21,208.98,208.31,298.16662317,136
1790597400,208.67,213.0,208.67,212.69,211.59,57.19459929,26
1790597700,213.46,218.12,213.46,217.55,217.31,405.16446074,65
1790598000,216.85,217.0,206.89,208.6,209.99,185.25911018,74
1790598300,208.91,210.87,205.58,207.93,208.24,127.3425353,73
1790598600,207.33,207.72,201.95,203.16,204.10,267.36157593,61
1790598900,205.71,206.65,201.92,204.44,205.01,59.92747848,32
1790599200,203.21,203.23,199.79,203.12,201.05,623.2192144,153
1790599500,203.93,205.18,201.9,201.9,203.06,11.58396062,7
1790599800,203.52,205.73,203.52,205.73,204.89,16.67522492,11
1790600100,207.19,209.02,204.16,204.16,206.91,299.03826828,22
1790600400,205.46,207.1,203.35,203.77,204.95,106.57286036,56
1790600700,203.89,205.12,202.54,205.12,204.48,21.48098863,18
1790601000,204.37,209.3,204.37,207.6,208.10,49.15343622,23
1790601300,208.21,211.0,207.0,208.31,208.03,68.58493753,28
1790601600,207.0,208.77,203.48,207.48,207.39,75.08786275,46
1790601900,209.97,215.0,208.44,212.48,211.11,431.78437334,71
1790602200,213.57,214.0,208.29,208.74,212.53,244.11151622,63
1790602500,209.6,209.6,208.0,208.08,208.81,51.0807413,20
1790602800,208.79,211.24,207.93,210.83,209.69,34.89334507,23
1790603100,211.49,217.0,211.49,214.69,215.88,437.89049324,91
1790603400,214.67,215.45,212.83,213.42,213.74,58.14118401,37
1790603700,213.09,219.56,212.89,216.44,217.38,152.85950458,75
1790604000,215.97,217.48,214.71,216.92,216.20,165.56729771,64
1790604300,215.0,215.23,203.24,206.02,208.17,213.85198844,98
1790604600,205.34,207.61,203.62,204.16,205.74,187.26208163,59
1790604900,203.37,204.39,200.0,200.0,201.94,114.67598808,54
1790605200,200.45,203.84,200.45,202.54,201.91,338.21760487,50
1790605500,202.71,210.3,202.22,209.63,205.54,542.73426125,155
1790605800,207.44,211.27,207.44,210.71,208.89,183.13866134,73
1790606100,209.12,209.51,202.99,206.05,206.05,113.98847938,84
1790606400,204.86,205.21,203.96,205.21,204.76,14.602226,11
1790606700,205.95,207.16,203.65,205.48,205.90,110.00865794,48
1790607000,205.62,205.62,200.82,201.5,202.43,81.14834929,34
1790607300,201.34,203.6,201.34,202.76,202.58,188.96297617,53
1790607600,202.34,203.96,200.95,201.36,202.72,210.15449905,97
1790607900,201.97,205.39,201.0,204.19,203.41,576.75416339,98
1790608200,205.0,205.0,194.84,199.87,200.11,140.09586038,77
1790608500,200.4,201.53,199.3,199.87,200.18,51.0600468,30
1790608800,203.13,203.41,201.49,201.49,203.02,23.3171169,14
1790609100,201.08,202.05,199.93,202.05,200.09,165.03128417,35
1790609400,201.9,203.0,200.08,200.08,200.73,177.51649122,34
1790609700,199.96,199.96,197.03,197.33,197.89,79.66384098,29
1790610000,197.72,197.72,193.18,195.16,195.11,64.30865152,50
1790610300,195.0,196.56,193.18,194.52,194.38,54.17463343,23
1790610600,193.64,194.57,192.01,194.17,193.75,58.69154312,26
1790610900,194.49,195.85,193.2,193.99,195.32,31.56475687,35
1790611200,193.95,195.79,193.92,194.21,194.20,119.70273829,60
1790611500,194.36,201.64,194.19,201.64,197.43,44.58894267,40
1790611800,200.74,205.19,199.77,205.19,201.55,759.02515769,234
1790612100,204.75,208.41,204.4,205.36,207.09,308.61437492,117
1790612400,206.3,206.58,202.54,203.61,205.26,109.78302658,65
1790612700,203.68,207.0,203.11,205.02,204.65,64.97510283,54
1790613000,205.14,207.62,204.49,206.26,206.29,136.779088,54
1790613300,206.39,209.46,206.04,209.13,207.77,109.78578365,47
1790613600,210.0,210.0,203.96,204.11,206.49,60.24318035,28
1790613900,204.06,208.14,204.06,207.69,206.83,32.73110954,35
1790614200,207.43,211.19,206.63,211.19,208.07,72.6746969,31
1790614500,209.6,214.33,209.0,213.65,212.64,103.28010667,34
1790614800,211.96,215.59,210.97,215.59,213.32,785.91457658,93
1790615100,215.77,222.06,213.42,220.2,218.36,634.83041737,165
1790615400,221.95,223.24,216.54,217.71,220.29,427.73832842,264
1790615700,218.18,219.33,211.8,211.83,216.18,94.91866816,44
1790616000,212.47,218.61,212.47,215.31,215.87,103.87647091,31
1790616300,216.76,220.0,215.34,215.82,218.85,78.94562284,26
1790616600,216.38,218.53,216.38,217.59,217.64,11.37323985,13
1790616900,219.48,222.2,216.07,216.4,219.97,113.91243858,46
1790617200,217.45,221.37,217.45,220.0,220.02,75.05113371,35
1790617500,219.72,226.58,219.72,226.58,224.36,149.19735721,62
1790617800,225.01,225.01,217.99,218.45,220.68,123.07897952,46
1790618100,218.33,218.33,212.89,213.9,213.75,322.3482726,38
1790618400,217.04,218.0,215.61,216.0,217.87,182.85167714,21
1790618700,216.84,216.84,213.92,214.23,215.70,80.9695313,82
1790619000,214.24,216.38,213.67,214.91,214.96,53.17164015,78
1790619300,215.38,217.22,207.11,207.49,212.64,198.70835526,128
1790619600,209.84,209.84,207.24,209.14,208.28,49.71073603,30
1790619900,208.07,211.18,207.58,211.18,209.31,12.34861521,15
1790620200,211.04,212.25,207.92,208.33,208.90,20.82673799,20
1790620500,208.98,209.94,208.46,209.49,209.19,17.99652406,42
1790620800,209.3,210.4,208.34,210.35,209.51,40.09184073,31
1790621100,210.78,213.46,210.57,213.0,211.96,26.38481605,21
1790621400,213.5,217.61,213.5,217.14,215.60,102.3075585,76
1790621700,217.2,217.47,214.43,216.46,215.72,64.56947683,39
1790622000,216.55,216.66,213.0,213.45,214.96,101.83816549,61
1790622300,213.06,213.06,203.79,207.01,208.61,237.98439777,88
1790622600,206.97,206.97,205.0,205.0,205.49,47.8981816,25
1790622900,205.0,209.66,205.0,208.72,205.71,255.20849873,45
1790623200,208.42,210.43,207.75,210.24,209.33,73.74929277,50
1790623500,209.26,209.26,207.86,208.1,208.31,74.93059045,42
1790623800,209.09,209.94,207.29,208.68,208.85,70.0607339,65
1790624100,209.09,209.93,208.08,208.09,208.56,11.69748488,13
1790624400,206.13,208.68,206.13,207.44,207.81,284.35303968,48
1790624700,208.17,212.57,208.17,212.27,210.88,70.34024403,36
1790625000,212.5,213.46,210.04,213.46,211.76,17.36828116,23
1790625300,214.22,214.22,210.0,212.76,211.95,136.40412098,80
1790625600,212.56,213.19,209.46,212.3,212.50,181.5642555,59
1790625900,212.52,214.51,212.11,214.43,212.97,16.51639347,14
1790626200,214.61,216.12,213.94,215.07,215.21,28.7512226,35
1790626500,215.14,216.91,213.31,215.86,215.07,55.61155659,69
1790626800,216.1,216.92,215.0,215.22,215.80,25.99752261,29
1790627100,213.59,215.61,212.34,213.72,214.39,53.23381036,57
1790627400,214.05,214.35,212.84,213.73,213.51,33.62374839,42
1790627700,212.99,218.58,212.92,215.45,216.82,139.02203904,85
1790628000,215.14,218.92,215.14,218.22,218.02,66.28952036,53
1790628300,218.63,219.8,215.54,216.77,217.78,34.0058491,35
1790628600,217.39,218.08,216.63,217.31,217.42,14.35332376,20
1790628900,216.83,219.5,215.5,218.63,216.49,77.83202324,32
1790629200,218.72,222.36,218.72,221.64,220.83,92.73244531,34
1790629500,221.98,223.09,220.43,220.43,222.50,204.84585733,33
1790629800,220.2,220.44,216.55,219.26,218.34,172.82690851,55
1790630100,219.66,219.66,213.81,218.51,215.99,125.00459261,58
1790630400,218.64,219.92,216.26,216.63,218.57,32.85115146,40
1790630700,217.77,218.57,215.87,215.87,216.52,74.10993863,27
1790631000,216.49,217.09,214.4,214.59,215.52,23.77672635,15
1790631300,213.93,216.97,213.93,216.61,215.86,9.00299037,29
1790631600,215.38,215.38,209.14,210.96,210.92,103.26523659,42
1790631900,209.95,210.38,204.55,206.55,207.51,184.40112479,53
1790632200,207.16,208.19,205.76,208.19,207.04,89.5981478,23
1790632500,208.02,210.0,208.02,208.52,208.61,63.23697537,23
1790632800,208.27,210.3,207.91,209.88,208.07,159.69115279,43
1790633100,210.28,210.28,209.3,209.6,209.70,52.90318074,56
1790633400,208.79,213.25,208.78,212.44,211.76,69.23462855,41
1790633700,212.26,212.26,209.45,209.45,210.92,41.46680053,26
1790634000,209.93,209.93,207.14,208.67,208.09,30.51110926,21
1790634300,207.8,207.88,202.3,204.43,204.15,179.08206762,83
1790634600,204.63,205.23,201.22,202.88,203.45,66.8652081,33
1790634900,201.89,203.46,201.55,202.76,202.12,42.9906174,39
1790635200,202.5,205.02,201.75,203.17,203.92,79.72918048,55
1790635500,203.26,203.56,200.0,201.83,202.90,615.80252576,129
1790635800,201.37,201.96,201.37,201.96,201.73,7.15566606,9
1790636100,203.17,204.6,202.81,204.25,203.82,57.19740859,32
1790636400,203.39,204.12,196.76,204.12,200.40,202.35605348,95
1790636700,204.06,204.77,202.55,202.98,203.33,45.09335384,47
1790637000,202.94,205.47,202.08,205.41,203.20,88.56152939,31
1790637300,203.22,207.32,202.48,207.19,205.99,84.40761967,35
1790637600,206.62,207.91,206.62,207.63,207.31,32.74600619,17
1790637900,206.17,207.71,205.87,206.84,207.03,20.12814548,18
1790638200,207.57,207.93,206.5,206.69,207.53,39.90526047,18
1790638500,206.65,206.65,204.28,205.93,205.31,19.17135642,14
1790638800,208.3,208.43,206.45,206.53,207.69,42.12265553,20
1790639100,205.52,206.02,202.16,202.16,204.96,72.1974948,19
1790639400,202.04,202.29,199.13,202.29,200.28,63.49420863,31
1790639700,201.91,203.32,201.91,203.06,202.96,14.02484388,9
1790640000,204.12,204.12,201.08,201.08,202.04,4.42580579,17
1790640300,200.33,200.33,197.38,199.65,198.76,44.80161652,24
1790640600,201.74,201.74,198.1,198.17,199.15,27.18461695,22
1790640900,198.43,199.81,198.0,198.91,198.83,15.5601981,19
1790641200,199.83,200.6,194.46,197.06,196.89,166.44541286,64
1790641500,196.19,198.63,195.19,198.53,197.06,16.41088973,16
1790641800,197.0,197.0,194.91,195.13,196.22,78.25742759,38
1790642100,194.0,197.05,194.0,196.45,196.05,27.74210854,23
1790642400,195.77,200.26,195.28,199.99,197.55,31.68388106,35
1790642700,200.14,200.14,196.8,199.11,198.75,82.75041523,24
1790643000,198.78,199.5,196.8,196.8,197.78,5.35012349,5
1790643300,197.19,197.19,195.18,195.67,196.00,6.37061442,8
1790643600,195.63,196.89,195.0,195.23,195.22,43.61861987,13
1790643900,194.72,196.49,194.5,195.57,194.90,40.58242762,15
1790644200,195.34,195.34,193.41,194.72,194.14,27.01921708,29
1790644500,195.12,195.12,193.41,194.72,193.86,44.34850738,37
1790644800,195.56,195.56,194.05,194.05,195.10,9.39873627,8
1790645100,193.33,193.4,182.47,182.47,189.10,461.62174937,148
1790645400,183.63,186.96,181.14,185.81,183.80,285.08054847,195
1790645700,185.88,189.2,184.69,186.39,186.54,221.33042847,131
1790646000,186.12,186.12,182.95,183.97,184.42,99.16594897,26
1790646300,183.92,186.34,183.92,184.63,184.82,51.33713845,32
1790646600,184.75,185.48,181.82,182.42,184.30,96.83215802,28
1790646900,181.5,183.41,181.25,182.55,181.90,60.21880425,48
1790647200,181.74,183.02,179.77,182.64,181.87,84.16968419,47
1790647500,183.35,183.91,181.19,183.09,182.46,45.88970526,40
1790647800,182.73,185.43,182.46,183.85,184.33,96.21108686,52
1790648100,184.42,185.17,182.37,182.64,183.91,27.86948145,14
1790648400,183.71,183.71,181.41,181.88,182.02,37.66757542,32
1790648700,183.23,184.26,183.17,183.17,183.86,15.58016379,11
1790649000,183.5,189.06,183.5,187.09,187.68,54.05348683,47
1790649300,187.35,191.04,187.04,190.78,188.78,45.74198883,28
1790649600,190.45,196.34,190.07,194.58,194.26,112.37851528,41
1790649900,194.12,195.84,192.56,192.69,194.03,39.98181358,37
1790650200,193.12,193.47,192.61,193.23,193.09,17.41382964,9
1790650500,194.12,198.32,193.84,197.74,196.93,41.14892836,31
1790650800,198.59,199.37,194.3,194.97,196.69,169.7293837,64
1790651100,195.6,199.05,195.6,199.05,197.09,27.91925703,29
1790651400,197.05,199.98,197.05,199.7,199.03,2.01721884,5
1790651700,200.48,201.7,199.43,201.67,200.90,22.65991976,25
1790652000,201.14,202.16,200.02,201.16,200.96,110.0899354,59
1790652300,201.29,203.36,200.0,200.44,201.29,96.35582062,54
1790652600,201.16,202.56,201.0,202.07,201.80,8.51590811,10
1790652900,201.84,204.42,198.5,198.5,201.09,86.87752216,84
1790653200,199.2,204.75,199.2,202.78,202.13,28.91248882,32
1790653500,202.88,209.17,202.88,207.65,205.87,44.17212577,31
1790653800,208.62,210.3,207.7,207.81,209.20,134.1574571,62
1790654100,207.33,209.81,207.32,209.36,208.00,40.90717404,16
1790654400,209.26,212.0,208.05,212.0,210.48,90.56405519,30
1790654700,212.76,212.78,210.8,211.27,211.87,17.53969595,17
1790655000,211.17,215.72,211.17,215.09,214.30,51.93316361,45
1790655300,214.85,216.0,213.13,213.36,215.30,50.71617126,27
1790655600,213.14,215.81,209.97,215.71,212.56,51.79928641,45
1790655900,215.87,217.9,214.9,217.77,216.72,20.09992374,35
1790656200,217.75,219.11,216.16,216.3,217.96,600.57981193,56
1790656500,216.25,218.2,211.8,212.08,214.48,95.18411867,51
1790656800,212.15,214.43,209.33,214.43,210.84,193.45964694,59
1790657100,214.9,219.84,212.93,218.84,216.54,108.38283454,57
1790657400,218.62,219.76,215.96,216.47,217.75,83.29422542,72
1790657700,217.22,217.22,214.06,214.06,216.01,20.8552465,18
1790658000,212.42,214.55,211.8,214.55,212.60,11.11685837,9
1790658300,214.68,220.75,214.68,220.21,217.76,56.63312063,44
1790658600,219.82,222.2,218.09,218.09,221.23,63.94755446,38
1790658900,218.02,218.91,216.61,217.63,217.30,15.75917244,20
1790659200,217.29,221.65,216.95,221.21,219.42,42.50158612,33
1790659500,221.41,221.55,219.5,220.81,221.02,48.50027811,40
1790659800,220.82,220.82,212.42,212.55,217.25,66.21114836,44
1790660100,214.62,214.97,211.49,212.08,212.50,233.66769324,106
1790660400,213.33,217.89,213.01,215.61,215.59,160.29255999,69
1790660700,214.28,215.28,207.7,208.84,211.08,113.85794279,62
1790661000,209.22,211.87,207.99,209.41,209.71,134.82579243,105
1790661300,209.96,212.31,209.35,212.31,210.71,32.07798725,30
1790661600,213.46,215.34,210.49,210.49,212.08,115.0824529,68
1790661900,210.74,213.2,210.0,210.0,211.89,69.4660069,47
1790662200,210.03,214.48,209.63,214.48,210.82,61.34532396,35
1790662500,214.4,219.28,214.22,219.28,216.33,76.53072127,29
1790662800,219.11,219.2,215.78,216.35,217.38,42.50811462,46
1790663100,216.43,218.27,214.14,216.92,217.20,104.54804659,49
1790663400,216.71,222.0,216.71,221.29,218.50,79.32929414,46
1790663700,220.59,222.2,219.5,219.86,220.65,50.49062073,33
1790664000,219.61,220.25,217.22,220.18,219.25,49.39629059,55
1790664300,219.99,220.73,218.19,220.12,219.71,52.97184545,37
1790664600,220.73,220.73,217.35,220.46,218.39,63.00341314,31
1790664900,220.77,222.0,219.05,219.59,220.90,86.65671717,28
1790665200,219.77,220.33,217.34,219.7,218.71,304.42315635,85
1790665500,219.83,220.4,216.7,219.22,218.08,237.95403249,72
1790665800,219.94,220.5,217.35,217.35,219.23,30.03011893,19
1790666100,217.64,226.62,217.36,224.8,221.53,419.59576757,155
1790666400,224.2,225.72,220.83,220.83,223.95,135.16284127,40
1790666700,221.2,222.82,213.23,217.33,217.52,80.64132467,46
1790667000,217.2,217.76,215.53,215.53,217.17,16.51610333,13
1790667300,216.71,218.4,216.3,217.69,217.59,80.10063754,14
1790667600,218.71,219.52,217.33,219.52,218.22,16.41555522,17
1790667900,219.92,224.31,219.57,223.83,222.21,66.96973689,25
1790668200,223.27,238.0,222.62,238.0,228.49,324.42691612,128
1790668500,238.98,241.43,229.16,232.74,236.29,252.47129613,170
1790668800,233.58,241.0,233.58,239.6,239.64,185.56587146,94
1790669100,238.09,240.59,236.91,238.6,238.89,264.42106845,81
1790669400,240.0,240.61,235.0,238.17,237.08,146.71066173,53
1790669700,239.0,241.0,231.94,235.85,237.81,452.83758047,99
1790670000,235.73,238.0,234.44,238.0,236.04,90.59669795,49
1790670300,238.49,245.0,237.47,245.0,241.34,276.43916994,87
1790670600,243.92,246.0,235.01,235.04,240.53,263.68300187,143
1790670900,235.42,236.5,232.87,234.81,234.41,185.58187889,62
1790671200,233.29,233.29,226.61,226.61,231.24,144.04487595,54
1790671500,228.5,229.04,215.73,219.67,219.88,186.78421133,105
1790671800,220.02,223.49,220.02,222.43,221.97,77.56496132,47
1790672100,222.19,222.61,218.75,222.0,221.83,34.34150736,22
1790672400,221.0,224.37,221.0,222.15,222.99,30.06284912,47
1790672700,221.83,224.7,221.23,224.59,223.09,24.81520383,27
1790673000,224.71,226.58,224.42,226.12,225.29,72.74941349,42
1790673300,227.24,227.95,226.0,226.28,227.08,52.27354982,27
1790673600,225.43,225.43,217.09,218.53,221.79,93.65467804,45
1790673900,218.39,221.62,217.91,220.96,219.27,100.48207471,64
1790674200,220.89,222.7,220.46,221.9,221.95,25.37993189,22
1790674500,221.38,223.22,220.13,223.22,222.05,24.16430371,23
1790674800,224.9,227.44,222.7,225.23,226.17,146.67087023,50
1790675100,225.52,228.93,225.52,226.0,227.00,77.7818405,30
1790675400,225.68,231.12,225.5,230.09,229.53,37.22989623,35
1790675700,231.82,232.41,229.19,231.31,231.03,40.91500535,38
1790676000,231.17,234.04,229.4,230.26,231.05,66.61676046,43
1790676300,230.28,230.39,225.39,225.6,228.03,55.61103139,44
1790676600,225.31,227.0,223.91,225.37,225.44,48.3054166,34
1790676900,224.77,224.87,222.38,224.44,223.82,40.39470001,33
1790677200,222.99,224.07,222.99,223.25,223.38,34.77663864,13
1790677500,222.48,225.97,222.0,224.93,224.48,68.3121112,40
1790677800,224.36,224.79,221.33,221.33,224.04,20.4806526,17
1790678100,221.21,225.63,219.54,225.63,221.55,56.83619215,39
1790678400,225.07,226.14,223.83,225.58,225.33,61.93681454,42
1790678700,226.58,229.45,226.16,228.79,227.98,45.24638683,37
1790679000,228.77,231.0,227.51,227.51,229.10,65.67136828,35
1790679300,226.46,226.46,221.02,221.02,223.84,81.07204554,32
1790679600,223.45,225.98,223.35,223.81,224.32,94.98535088,35
1790679900,223.67,223.67,221.43,222.04,222.32,14.23196499,15
1790680200,222.17,223.15,218.21,220.2,220.27,151.73762323,58
1790680500,220.04,221.93,216.8,218.74,219.39,32.95620134,32
1790680800,218.72,221.5,218.72,221.5,219.82,48.73800062,43
1790681100,221.16,223.31,219.75,221.5,221.91,59.89213356,43
1790681400,222.01,223.32,220.71,220.71,222.56,57.78819788,22
1790681700,220.77,222.09,219.47,220.51,220.23,40.07782523,20
1790682000,220.04,222.35,219.39,220.62,221.03,57.91966422,33
1790682300,219.97,219.97,211.86,216.84,214.97,188.62238869,75
1790682600,217.81,220.58,217.51,220.0,219.70,39.54429605,22
1790682900,219.55,221.58,217.97,221.58,218.88,78.53217855,66
1790683200,222.63,224.65,221.06,221.85,222.72,22.08310135,29
1790683500,223.08,224.37,222.05,224.37,223.01,8.30276133,11
1790683800,225.37,225.44,224.15,225.26,225.04,15.26641387,20
1790684100,225.67,226.66,223.52,223.84,224.57,38.86782935,22
1790684400,223.35,226.0,222.75,226.0,223.49,13.96063202,10
1790684700,225.69,227.0,223.86,223.86,226.35,28.75410471,20
1790685000,223.5,223.94,221.49,222.03,222.62,48.57458818,17
1790685300,221.49,222.55,221.0,221.5,221.99,42.4078335,26
1790685600,221.83,222.21,220.55,220.75,221.38,54.25558417,42
1790685900,222.2,222.52,221.68,222.52,222.05,18.5146908,6
1790686200,222.85,222.85,221.34,222.43,222.25,8.47214595,9
1790686500,223.23,225.33,223.23,223.98,223.90,31.35938371,30
1790686800,224.14,227.14,223.36,226.55,225.11,22.18393425,20
1790687100,227.09,229.0,226.39,228.54,228.01,70.67621021,38
1790687400,228.49,230.0,227.14,227.28,228.75,37.11063185,37
1790687700,227.77,228.85,227.31,228.25,228.26,20.91853783,43
1790688000,228.24,230.27,228.24,230.25,228.94,7.84340715,9
1790688300,229.1,229.98,227.96,228.86,229.24,73.099941,24
1790688600,229.0,229.25,226.05,228.94,227.54,26.72724615,19
1790688900,228.79,229.27,226.9,227.13,228.10,61.1323322,74
1790689200,226.61,226.99,224.86,226.23,226.05,169.91771301,44
1790689500,226.26,227.65,225.31,227.65,226.26,10.40175747,40
1790689800,227.65,227.65,223.3,224.54,225.45,22.83495475,74
1790690100,225.1,225.33,221.82,221.82,224.11,40.23614869,62
1790690400,221.49,223.27,220.43,221.45,222.18,55.14876915,69
1790690700,221.51,222.42,220.0,221.1,220.64,182.24560562,48
1790691000,221.4,223.07,221.36,222.73,222.18,33.24086374,49
1790691300,221.63,224.14,220.54,224.14,221.83,28.43857339,32
1790691600,223.74,223.74,222.01,222.71,222.79,7.60347273,13
1790691900,222.95,222.95,220.97,221.19,221.51,12.37228654,16
1790692200,221.2,221.41,220.16,221.35,220.98,44.52915203,22
1790692500,220.1,220.47,218.71,218.71,220.00,113.71269582,64
1790692800,218.87,219.74,216.7,217.25,218.08,87.18399768,71
1790693100,216.71,218.73,216.58,217.69,217.80,23.41189124,19
1790693400,217.47,217.47,212.31,213.51,215.08,60.93065249,34
1790693700,213.4,215.78,209.25,210.42,213.05,423.47347738,102
1790694000,211.41,213.21,210.0,211.36,211.74,84.81265922,46
1790694300,211.89,212.79,210.72,212.35,211.29,24.44251841,24
1790694600,213.0,214.93,213.0,214.5,213.62,111.2584275,30
1790694900,215.58,217.24,214.47,215.75,216.44,58.36812782,32
1790695200,216.23,217.31,214.8,214.8,216.39,25.9678829,19
1790695500,214.57,218.89,214.02,218.89,216.82,39.83828407,27
1790695800,218.54,220.61,218.48,220.33,219.52,364.2379583,89
1790696100,220.28,221.65,219.71,221.46,220.47,85.12404865,35
1790696400,222.01,222.13,218.95,221.27,220.86,51.08991272,36
1790696700,222.56,222.56,220.99,221.32,221.55,42.21564152,23
1790697000,221.34,221.34,219.7,220.4,220.27,10.78326926,15
1790697300,220.9,221.52,219.96,221.02,220.75,89.81429499,37
1790697600,220.59,224.0,220.59,224.0,223.14,72.45939309,52
1790697900,224.42,225.8,222.52,222.52,224.31,266.16689779,121
1790698200,220.83,222.99,218.7,222.31,220.73,227.33835967,111
1790698500,222.84,223.35,222.52,222.88,223.02,20.55633705,20
1790698800,222.52,222.52,216.66,218.08,218.75,248.42818627,94
1790699100,218.48,219.64,217.9,218.72,218.97,34.21263113,38
1790699400,220.37,222.34,220.21,220.47,221.52,31.58430655,15
1790699700,220.93,224.25,220.93,224.2,223.15,38.00700827,14
1790700000,224.33,224.68,223.48,224.24,223.85,56.94003097,24
1790700300,222.81,223.19,222.19,222.19,222.75,6.18414139,5
1790700600,222.47,222.47,218.21,218.21,219.69,25.41000566,22
1790700900,218.6,218.6,217.31,217.74,217.92,27.81089938,8
1790701200,217.76,219.65,216.42,219.65,217.22,26.90274507,21
1790701500,219.33,219.62,218.96,219.15,219.19,5.35393992,11
1790701800,219.37,219.38,218.0,218.14,218.76,9.29347618,14
1790702100,218.37,219.26,216.97,218.63,217.43,90.11919427,34
1790702400,217.05,217.2,216.31,217.13,216.95,29.79022933,13
1790702700,216.32,216.39,214.73,216.39,215.39,26.31131036,22
1790703000,217.19,217.49,215.35,217.23,216.78,7.06798989,23
1790703300,216.94,218.54,216.94,218.5,218.00,53.48237633,14
1790703600,218.66,220.67,218.6,220.67,220.10,29.07744759,25
1790703900,220.06,220.59,219.48,219.48,220.18,24.10271979,37
1790704200,219.44,221.39,219.16,221.37,220.29,23.83019141,22
1790704500,221.29,223.22,221.29,221.87,222.24,76.11699508,37
1790704800,222.22,223.79,222.01,222.92,222.47,22.440916,14
1790705100,222.96,225.66,222.19,224.7,223.92,146.91598582,62
1790705400,224.82,225.93,224.16,225.1,225.10,42.27637497,57
1790705700,224.14,226.75,223.78,224.91,226.01,142.75211706,117
1790706000,225.77,227.48,224.99,226.6,226.48,80.79074642,70
1790706300,227.49,230.05,225.98,228.5,227.94,99.26573187,63
1790706600,229.24,235.69,228.92,233.87,233.77,354.34393281,117
1790706900,234.08,240.41,232.8,238.71,236.90,337.12592159,100
1790707200,238.0,241.75,235.81,241.1,238.64,205.0255851,108
1790707500,241.95,243.0,235.27,236.6,240.14,236.51570995,74
1790707800,238.0,240.0,236.84,237.59,238.47,98.07057201,78
1790708100,240.08,241.02,235.9,235.9,239.14,103.08319106,75
1790708400,236.48,236.48,229.78,233.42,233.14,200.98499595,70
1790708700,232.72,236.95,230.95,236.95,232.66,99.19735673,32
1790709000,237.18,239.92,236.52,237.3,237.82,60.55050887,53
1790709300,237.99,240.64,234.68,240.31,238.82,179.83032128,63
1790709600,239.67,241.26,239.01,240.5,240.41,84.5389712,48
1790709900,240.42,240.54,236.5,237.57,238.60,50.88293086,43
1790710200,237.94,238.81,234.5,237.64,236.46,158.21564936,68
1790710500,237.49,239.41,236.54,237.89,237.80,109.95348981,53
1790710800,239.11,242.0,238.75,239.84,240.87,123.3640544,40
1790711100,239.57,240.58,238.02,238.59,239.52,20.75021569,19
1790711400,238.64,238.64,231.63,233.04,235.22,214.2406895,86
1790711700,232.59,235.5,231.44,234.61,233.52,79.88845017,66
1790712000,234.32,236.07,231.0,231.62,232.61,189.3361418,59
1790712300,231.37,236.0,230.6,234.3,233.29,52.06639641,24
1790712600,236.0,236.95,234.05,236.73,235.58,70.90151922,34
1790712900,237.96,237.96,236.65,236.98,237.27,12.13324981,12
1790713200,236.54,237.2,235.72,236.28,236.68,18.31750103,12
1790713500,235.82,236.1,232.85,232.85,234.57,70.37293657,48
1790713800,233.03,234.1,232.48,233.24,233.18,28.43814234,27
1790714100,233.95,236.11,233.87,236.11,235.14,2.56632946,5
1790714400,237.26,240.12,236.73,239.09,238.83,194.45109364,53
1790714700,239.2,239.31,235.28,237.0,236.93,28.35018817,54
1790715000,236.54,237.42,235.81,235.81,236.54,17.53376948,46
1790715300,235.57,237.93,234.71,235.03,236.87,38.79739163,51
1790715600,235.87,236.07,234.0,236.07,234.50,68.6439696,21
1790715900,236.0,237.33,236.0,237.22,236.39,48.2082751,19
1790716200,235.95,236.89,235.71,236.46,236.43,16.31164931,26
1790716500,238.46,240.0,236.6,240.0,239.38,90.44021549,16
1790716800,240.29,245.04,235.0,235.0,240.15,739.43961748,202
1790717100,235.0,236.84,232.0,236.69,234.84,194.55878735,110
1790717400,236.36,237.3,235.81,236.42,236.39,71.50662506,32
1790717700,237.23,237.61,236.47,237.46,237.15,9.48336307,13
1790718000,237.18,238.7,236.81,237.07,237.06,50.54874867,19
1790718300,237.86,238.54,235.15,236.86,237.32,66.4752031,53
1790718600,237.01,238.42,233.91,234.0,236.13,69.00477752,30
1790718900,233.24,233.93,232.59,233.13,233.41,31.12278782,25
1790719200,233.74,235.13,233.2,233.2,234.55,28.25146294,36
1790719500,232.81,232.92,231.31,231.96,232.04,39.62471865,22
1790719800,232.7,232.78,227.08,227.82,228.86,70.52423079,40
1790720100,229.05,229.05,224.82,224.82,226.97,88.54929542,63
1790720400,223.69,225.21,221.9,224.7,223.21,384.80688268,53
1790720700,224.52,227.44,224.52,227.15,227.23,87.2499792,23
1790721000,227.2,228.16,225.31,225.81,226.97,102.74127661,35
1790721300,226.92,227.17,224.04,225.0,225.14,84.64269618,37
1790721600,224.44,226.33,224.36,226.21,225.16,22.28513458,11
1790721900,228.98,229.54,228.56,229.54,229.07,6.03563006,7
1790722200,229.99,230.47,229.3,229.3,229.72,44.57055016,34
1790722500,229.43,229.89,228.79,229.6,229.52,5.43628512,9
1790722800,229.79,233.64,229.79,233.15,233.06,46.8720488,15
1790723100,234.34,236.39,234.34,234.55,235.67,71.55861218,90
1790723400,234.52,236.3,233.99,235.65,235.34,23.93116429,23
1790723700,236.03,236.03,235.47,235.87,235.80,16.83858678,8
1790724000,235.52,235.52,234.33,234.46,234.75,21.0938634,15
1790724300,234.94,235.46,234.94,235.13,235.14,5.41908517,3
1790724600,235.2,237.86,234.84,237.05,235.98,48.84984127,35
1790724900,237.19,237.67,236.79,236.79,237.35,6.55884908,5
1790725200,237.15,237.15,234.19,234.81,235.51,59.4082908,43
1790725500,234.56,235.78,233.3,235.78,234.19,25.27962086,18
1790725800,236.93,236.93,235.08,235.08,235.75,14.19426792,20
1790726100,235.2,235.2,234.93,234.93,235.11,3.00037525,4
1790726400,237.82,241.48,237.82,240.78,240.51,144.86314149,78
1790726700,243.06,243.3,241.55,241.85,242.39,99.57477223,55
1790727000,241.58,249.0,240.13,249.0,244.50,81.12031761,43
1790727300,247.61,250.0,235.0,239.46,242.17,187.74716102,73
1790727600,241.94,241.94,233.14,239.38,237.78,120.60191053,65
1790727900,240.12,240.75,238.7,240.71,239.33,68.16471086,14
1790728200,241.41,241.64,234.24,234.24,239.22,38.72698374,23
1790728500,236.42,236.42,234.0,234.11,235.66,15.0736747,13
1790728800,232.54,235.84,232.54,235.5,234.72,16.6502663,11
1790729100,235.59,239.85,235.59,239.85,237.35,21.61670838,10
1790729400,237.41,238.81,237.41,238.55,238.10,7.51762083,8
1790729700,236.85,239.85,236.75,239.72,239.20,12.05741601,18
1790730000,240.0,240.87,240.0,240.87,240.28,44.27857073,10
1790730300,240.89,240.89,237.7,238.77,239.45,49.77187557,45
1790730600,241.58,242.39,240.75,241.51,241.16,6.75014223,6
1790730900,240.68,240.73,238.01,238.45,239.27,3.05352435,6
1790731200,238.98,239.0,238.98,239.0,238.98,2.33072847,2
1790731500,241.09,241.59,241.09,241.59,241.33,7.64010138,3
1790731800,242.16,245.58,241.96,243.7,244.07,66.42701239,25
1790732100,244.67,245.31,244.34,244.41,244.59,30.60310893,28
1790732400,245.67,247.27,245.09,245.51,245.79,38.7221386,21
1790732700,246.47,248.08,246.47,248.08,246.94,21.82110857,7
1790733000,248.69,251.7,248.6,249.06,250.06,323.83782007,85
1790733300,249.16,250.92,248.7,249.41,249.66,56.30501821,47
1790733600,251.42,253.74,250.14,252.43,251.85,364.95810778,96
1790733900,252.9,263.01,252.82,263.01,259.92,213.92980078,111
1790734200,262.92,270.57,259.69,267.34,267.20,424.37486214,152
1790734500,267.47,269.02,245.86,249.24,252.42,177.80499176,97
1790734800,248.77,255.28,248.77,254.72,252.24,41.20143429,25
1790735100,255.17,259.4,253.95,258.7,258.41,36.24154716,18
1790735400,258.41,258.97,253.11,258.15,257.31,67.43441126,22
1790735700,254.33,257.58,254.33,257.58,255.16,2.41056246,3
1790736000,256.08,256.1,253.59,253.59,255.23,23.96437065,6
1790736300,252.14,253.12,249.79,251.68,251.45,11.8638121,9
1790736600,250.78,251.85,249.55,249.69,250.72,38.05913155,31
1790736900,249.5,249.5,248.8,248.8,249.40,5.97613883,2
1790737200,249.0,254.23,249.0,252.33,252.18,16.5679166,11
1790737500,251.18,251.18,247.85,247.98,249.35,13.39819029,8
1790737800,250.26,257.0,250.06,257.0,254.67,118.23640105,30
1790738100,258.0,259.63,258.0,258.67,259.03,14.67679569,10
1790738400,258.49,260.67,257.64,258.32,258.63,24.81310005,25
1790738700,260.57,261.42,257.35,260.16,258.81,36.64889636,20
1790739000,258.9,258.9,254.1,258.21,256.85,20.61004461,17
1790739300,258.01,258.01,255.04,255.05,255.81,52.81108407,12
1790739600,258.0,260.72,257.02,257.02,258.34,17.13641334,8
1790739900,257.28,264.31,257.28,264.31,260.78,73.04065143,36
1790740200,262.58,262.79,260.88,262.44,262.43,3.86295835,5
1790740500,262.85,262.85,261.06,261.14,261.69,3.37194149,5
1790740800,262.06,262.23,261.09,261.26,261.73,20.92040452,31
1790741100,261.5,263.05,259.08,259.3,261.36,58.59135777,32
1790741400,258.43,258.43,252.25,252.81,254.45,78.18192796,40
1790741700,251.0,253.43,249.51,250.19,251.28,67.13898089,102
1790742000,251.54,252.2,250.92,251.23,251.70,3.64092066,10
1790742300,251.2,253.24,250.88,253.24,251.33,43.02885325,11
1790742600,252.79,252.79,252.79,252.79,252.79,0.19201709,1
1790742900,250.9,254.83,250.9,254.65,251.91,19.95113472,15
1790743200,255.27,255.28,253.22,254.95,254.46,8.23425955,14
1790743500,253.11,255.76,251.27,251.62,253.11,52.47843826,25
1790743800,251.11,251.11,249.76,250.4,250.47,3.96475987,5
1790744100,250.24,251.04,250.24,251.04,250.67,3.9013424,7
1790744400,250.78,252.51,247.17,252.51,250.36,29.82489194,23
1790744700,250.0,250.36,245.0,247.44,246.80,146.5138876,46
1790745000,247.85,248.14,245.37,246.0,246.30,45.3919699,14
1790745300,247.14,251.41,245.76,251.41,249.95,63.93188418,31
1790745600,250.83,253.37,249.89,253.37,251.72,19.90764102,17
1790745900,250.57,251.76,250.4,251.04,251.24,56.16709211,24
1790746200,250.0,250.72,248.62,249.84,249.03,101.2866284,31
1790746500,249.72,251.57,248.54,251.21,249.99,70.1484532,24
1790746800,249.89,252.27,247.69,252.14,249.32,346.23107243,134
1790747100,251.53,254.42,251.53,253.54,253.32,57.3775091,26
1790747400,253.81,254.17,250.86,250.86,252.70,23.86114437,22
1790747700,251.9,251.9,248.83,250.16,250.54,15.7488678,21
1790748000,250.1,254.8,250.09,254.8,254.01,40.51973948,24
1790748300,255.0,258.17,255.0,256.37,256.25,89.88509617,52
1790748600,256.39,256.48,254.3,255.04,255.52,98.09947638,36
1790748900,252.49,256.68,252.49,256.63,254.33,41.71038286,25
1790749200,257.52,258.68,256.78,258.25,258.03,170.58568105,100
1790749500,258.11,258.11,256.4,257.08,257.41,44.5136076,54
1790749800,257.56,259.92,257.56,259.42,259.09,58.55230645,23
1790750100,259.13,261.16,255.36,257.7,257.01,527.84161492,82
1790750400,259.05,261.05,258.35,261.05,259.51,54.52386892,44
1790750700,260.66,260.66,253.54,256.35,256.08,137.42392147,69
1790751000,256.29,256.52,251.0,252.09,254.69,40.572646,47
1790751300,252.14,252.43,249.55,251.76,250.33,139.51236781,84
1790751600,251.17,251.5,249.0,250.75,249.91,167.45766578,41
1790751900,251.76,254.77,250.85,253.42,252.92,182.37073017,37
1790752200,251.68,252.42,249.0,249.2,250.08,249.59236556,39
1790752500,249.87,251.5,249.87,251.34,250.93,19.97052825,16
1790752800,251.07,252.06,249.96,250.8,250.88,106.7923851,44
1790753100,250.0,250.0,248.47,248.8,249.85,120.63757303,25
1790753400,249.07,251.82,248.47,251.57,251.43,117.08253801,26
1790753700,251.8,251.8,249.22,250.08,250.82,70.23534776,24
1790754000,250.06,250.18,247.05,247.99,248.05,234.73074979,41
1790754300,248.6,251.48,246.68,250.82,248.96,89.28226475,60
1790754600,250.87,252.08,250.58,251.58,251.70,214.45024504,33
1790754900,251.79,251.79,250.39,250.63,250.52,6.99963641,5
1790755200,251.06,252.4,251.06,252.4,251.24,14.00000022,6
1790755500,251.68,253.5,251.68,252.62,252.37,24.92307069,13
1790755800,251.58,256.63,250.47,256.63,252.39,19.35319653,39
1790756100,257.51,258.44,252.58,254.87,255.73,50.72085841,39
1790756400,254.26,254.75,252.15,252.15,253.36,12.71363434,17
1790756700,253.35,254.5,253.35,254.17,253.97,2.67901636,4
1790757000,256.29,256.59,254.97,254.97,255.81,23.75415186,21
1790757300,255.45,255.46,252.7,253.11,254.24,12.46723186,19
1790757600,252.0,252.0,250.0,250.23,250.93,192.92368838,80
1790757900,250.11,251.6,249.09,250.9,250.22,216.08840812,59
1790758200,250.4,250.4,249.0,249.98,249.30,74.34800103,27
1790758500,249.76,251.35,248.0,248.95,249.12,81.79532044,32
1790758800,250.39,253.0,250.39,251.27,252.64,76.13199485,39
1790759100,251.05,251.05,248.86,249.41,249.24,72.06523035,26
1790759400,249.34,249.64,248.02,249.38,248.90,50.11792457,35
1790759700,250.29,251.26,249.16,250.7,250.46,23.09287328,44
1790760000,250.0,250.2,247.5,249.39,248.80,26.47299781,26
1790760300,250.23,251.4,249.47,249.91,250.41,32.98829155,41
1790760600,249.0,249.15,247.78,248.59,248.45,21.54919793,14
1790760900,249.81,249.81,245.64,245.76,246.61,69.45981228,28
1790761200,247.42,248.61,246.07,246.1,247.15,81.45507236,41
1790761500,246.1,249.72,246.1,248.56,249.25,260.80081305,54
1790761800,248.92,251.51,248.92,250.57,250.63,114.65692275,42
1790762100,250.07,251.2,250.0,250.33,250.36,27.75812226,16
1790762400,248.61,250.56,248.6,250.45,249.23,17.28924736,41
1790762700,250.52,254.07,250.52,253.74,252.13,578.87482363,229
1790554800,261.81,262.0,248.6,259.12,258.52,275.80883217,83
1790555100,258.15,263.01,256.25,260.0,258.82,38.78482289,21
1790555400,261.86,262.65,256.52,256.52,261.02,46.24601301,28
1790555700,256.23,256.23,242.23,247.29,246.70,211.43856254,97
1790556000,249.7,249.7,238.38,238.38,244.18,105.59870048,79
1790556300,240.99,243.17,235.11,242.12,241.63,174.85068346,67
1790556600,242.6,245.62,237.87,239.63,241.21,24.54697306,34
1790556900,239.76,240.51,238.01,238.01,239.71,3.56640849,5
1790557200,238.22,238.22,218.41,228.93,224.40,1159.93400358,292
1790557500,228.89,235.82,227.33,231.27,230.62,43.79446684,42
1790557800,228.9,230.75,224.82,225.3,227.96,69.50433762,29
1790558100,223.05,227.1,216.63,216.63,223.59,134.48575402,68
1790558400,219.11,221.41,212.38,220.65,217.78,363.5907409,176
1790558700,220.53,230.8,220.53,228.67,224.32,31.55382889,34
1790559000,231.84,233.69,227.23,227.23,230.88,517.08616222,152
1790559300,226.82,233.44,224.82,230.97,228.62,19.24116434,21
1790559600,230.7,231.48,228.08,228.58,229.28,77.46705927,33
1790559900,228.28,233.44,227.85,232.87,231.45,37.25225723,35
1790560200,232.91,232.91,224.97,226.4,231.55,676.46649146,80
1790560500,226.92,228.72,226.83,227.5,227.65,37.2239331,26
1790560800,227.19,232.43,224.4,232.43,227.59,59.52346041,31
1790561100,230.67,233.57,230.57,233.57,231.97,179.95366345,38
1790561400,233.48,240.51,233.45,235.87,236.99,480.74625526,71
1790561700,234.48,237.2,233.98,234.58,234.88,8.17444515,12
1790562000,233.23,233.23,223.89,230.21,227.81,683.98165017,80
1790562300,230.17,232.55,229.77,231.48,230.58,35.84487915,18
1790562600,231.12,233.03,230.42,231.24,231.34,138.23167584,38
1790562900,232.6,275.0,232.54,242.03,244.71,474.44966291,106
1790563200,241.53,241.53,235.69,239.02,239.00,576.22500604,94
1790563500,241.45,241.72,237.74,237.74,239.25,13.02060703,12
1790563800,236.47,239.47,235.08,238.16,236.78,16.16501196,16
1790564100,238.11,240.74,237.6,240.0,238.78,540.13548147,139
1790564400,240.01,244.12,238.41,239.42,240.19,45.08148936,36
1790564700,238.64,238.64,230.69,232.26,233.97,26.32598618,25
1790565000,234.19,234.19,226.78,227.05,228.12,44.57199051,26
1790565300,225.04,227.95,223.52,227.17,225.38,55.77935604,28
1790565600,228.53,231.29,228.53,230.71,229.39,46.75379101,23
1790565900,230.38,231.05,227.4,227.75,229.28,30.22118219,18
1790566200,226.68,227.28,216.5,221.02,219.47,558.62700634,60
1790566500,221.38,225.38,218.21,225.38,221.95,101.42726083,57
1790566800,225.63,230.31,218.86,222.84,224.02,247.38013018,69
1790567100,221.37,223.81,219.98,222.9,221.63,39.41127122,34
1790567400,222.57,225.68,221.67,225.68,224.28,108.15373758,30
1790567700,224.91,226.58,224.55,226.58,225.03,53.11934689,15
1790568000,227.2,227.2,224.53,224.53,226.22,18.80469229,8
1790568300,226.41,230.92,226.41,230.42,229.21,22.63478444,22
1790568600,232.05,233.44,228.2,228.2,229.80,11.38314595,14
1790568900,231.41,232.55,229.65,230.17,230.58,14.23969185,14
1790569200,231.06,233.44,230.04,232.07,231.61,152.11334802,38
1790569500,231.55,231.81,230.6,231.0,231.21,13.73061893,9
1790569800,231.33,231.64,224.48,224.81,225.86,78.48170036,47
1790570100,226.62,229.99,226.62,227.23,228.42,14.65738336,13
1790570400,227.93,233.54,227.66,232.69,231.15,65.08109942,36
1790570700,232.5,237.94,232.5,237.49,236.32,43.18692501,24
1790571000,236.0,237.09,232.17,233.71,235.95,511.92796883,107
1790571300,233.0,233.57,229.53,229.66,232.56,553.17309979,88
1790571600,229.01,229.48,226.28,227.0,228.42,131.45212204,56
1790571900,226.24,227.78,221.14,222.63,224.31,86.50551199,50
1790572200,221.0,224.93,220.0,224.93,221.15,521.84916856,92
1790572500,225.57,225.57,223.14,223.26,224.09,29.71431592,19
1790572800,223.27,224.07,222.81,223.3,223.30,13.98224475,20
1790573100,224.3,228.7,223.85,227.94,227.05,14.40838571,18
1790573400,228.09,229.0,223.07,223.17,228.38,623.64354869,99
1790573700,221.83,224.71,219.51,224.71,222.98,149.15330987,53
1790574000,223.73,228.0,223.32,228.0,226.67,94.67260093,35
1790574300,227.78,234.68,226.45,226.45,231.52,172.48847887,57
1790574600,227.04,229.89,227.04,229.89,228.23,28.09455381,8
1790574900,232.21,237.07,232.0,234.74,234.94,122.2060543,58
1790575200,234.98,236.7,234.06,235.64,235.37,32.59570554,23
1790575500,237.45,238.55,234.96,234.96,236.29,312.57646347,43
1790575800,234.96,235.92,233.09,235.92,234.50,52.44270319,18
1790576100,236.97,239.08,235.0,236.54,237.25,131.90627673,42
1790576400,238.8,240.0,237.2,240.0,239.48,157.32654491,41
1790576700,238.71,239.1,236.62,239.1,238.04,53.81883093,18
1790577000,239.25,240.53,237.65,237.65,239.41,100.58546028,35
1790577300,239.45,251.51,239.45,250.73,243.54,519.16931585,79
1790577600,251.58,254.01,242.22,246.0,249.39,1212.85131097,133
1790577900,245.92,250.0,244.2,250.0,247.74,279.66884753,86
1790578200,248.99,253.64,247.3,253.05,250.70,104.21340433,54
1790578500,252.72,253.8,251.28,252.46,252.82,57.31015102,47
1790578800,252.39,252.39,242.18,245.86,247.81,76.19514184,43
1790579100,245.38,249.7,245.0,245.0,247.05,189.09390731,49
1790579400,245.74,247.68,242.22,244.65,245.35,107.22508864,39
1790579700,244.75,247.79,244.0,244.0,245.93,45.07394424,39
1790580000,245.09,245.09,241.1,242.0,242.90,76.32799574,27
1790580300,244.35,244.35,243.62,244.07,243.74,12.95867278,4
1790580600,243.27,243.75,235.51,242.1,237.96,161.3085957,46
1790580900,242.1,246.0,241.71,241.71,243.63,229.42843945,44
1790581200,243.03,243.03,235.71,238.3,238.68,53.81118366,33
1790581500,238.53,239.8,235.8,235.83,236.26,138.12334061,39
1790581800,235.11,239.5,235.0,237.48,238.12,79.91184916,34
1790582100,240.51,240.51,238.0,238.28,238.31,32.48482136,18
1790582400,236.67,237.0,235.44,235.86,236.10,41.88412249,32
1790582700,235.75,235.75,229.72,230.13,231.24,194.78346957,59
1790583000,230.63,232.66,230.53,230.72,231.32,93.39200443,57
1790583300,230.22,232.81,229.99,231.97,231.94,132.10409725,41
1790583600,232.65,232.87,230.77,231.58,232.25,84.1764812,18
1790583900,230.05,230.05,225.53,228.19,227.58,323.9587067,41
1790584200,227.78,228.39,225.33,226.13,226.44,402.73098815,84
1790584500,226.35,228.6,222.89,222.89,225.58,190.06915637,47
1790584800,224.78,226.2,221.0,221.16,223.15,91.14042049,53
1790585100,222.81,224.13,220.0,220.12,221.83,109.00028085,61
1790585400,220.1,221.0,204.63,213.39,217.64,684.64811142,102
1790585700,211.99,215.79,204.33,208.53,209.35,349.95909182,119
1790586000,209.3,211.0,198.24,198.3,202.48,837.20781865,332
1790586300,198.08,200.97,195.0,197.44,196.55,860.07890275,162
1790586600,197.33,203.28,197.0,198.82,200.03,179.9766126,83
1790586900,199.72,205.51,199.72,201.84,201.52,300.62828812,88
1790587200,200.02,200.98,190.0,193.45,191.35,2608.49624977,313
1790587500,193.86,194.66,190.15,194.27,192.19,248.16999329,108
1790587800,194.52,194.52,190.34,190.75,191.36,113.82584063,29
1790588100,190.87,190.87,169.33,175.71,177.26,1090.24217999,237
1790588400,177.36,184.87,177.34,184.87,182.01,305.61226739,77
1790588700,182.22,184.33,179.08,181.32,181.36,2833.74222145,517
1790589000,180.15,181.23,175.0,178.49,177.87,458.60671809,92
1790589300,178.44,189.46,176.72,189.46,181.16,435.32022132,125
1790589600,189.0,201.11,187.42,200.05,191.66,959.38493983,160
1790589900,198.95,200.06,193.5,200.06,197.47,273.65354103,74
1790590200,198.52,203.02,195.0,200.13,197.40,404.24348419,74
1790590500,201.39,201.51,194.31,194.31,199.28,59.9181012,80
1790590800,196.75,202.84,196.29,201.59,199.43,92.42259475,46
1790591100,202.3,205.26,198.01,198.01,200.63,259.52806642,126
1790591400,199.71,199.78,190.81,193.78,195.65,560.26682641,118
1790591700,194.61,198.13,192.79,198.13,194.71,129.50215652,46
1790592000,196.02,197.83,194.79,195.39,196.91,36.57931561,20
1790592300,195.61,196.4,195.61,196.4,196.09,3.99521136,6
1790592600,199.65,204.27,199.39,200.77,200.38,582.75995358,128
1790592900,203.7,203.72,201.24,203.42,203.03,83.72619566,46
1790593200,203.28,208.84,203.28,204.04,206.05,301.54229827,109
1790593500,204.43,204.43,202.16,203.84,203.43,67.97505666,51
1790593800,203.32,209.66,203.29,209.42,207.93,85.65758091,59
1790594100,209.68,215.59,207.28,214.83,211.47,463.38633641,134
1790594400,215.16,217.03,212.37,215.97,213.83,617.27772071,228
1790594700,215.44,215.75,211.84,213.2,214.29,216.12671103,104
1790595000,215.55,218.0,213.6,214.09,216.22,58.35632936,54
1790595300,214.88,222.58,214.17,221.57,219.93,697.64001819,157
1790595600,221.3,223.4,219.3,219.92,220.61,241.59083834,77
1790595900,219.88,219.88,207.94,210.24,210.48,518.10198449,175
1790596200,210.14,213.82,209.14,213.29,211.23,50.33305741,24
1790596500,212.38,212.38,203.39,208.59,209.30,97.29596901,49
1790596800,207.97,212.34,207.97,212.34,210.31,12.59232026,11
1790597100,206.54,213.46,204.21,208.98,208.31,298.16662317,136
1790597400,208.67,213.0,208.67,212.69,211.59,57.19459929,26
1790597700,213.46,218.12,213.46,217.55,217.31,405.16446074,65
1790598000,216.85,217.0,206.89,208.6,209.99,185.25911018,74
1790598300,208.91,210.87,205.58,207.93,208.24,127.3425353,73
1790598600,207.33,207.72,201.95,203.16,204.10,267.36157593,61
1790598900,205.71,206.65,201.92,204.44,205.01,59.92747848,32
1790599200,203.21,203.23,199.79,203.12,201.05,623.2192144,153
1790599500,203.93,205.18,201.9,201.9,203.06,11.58396062,7
1790599800,203.52,205.73,203.52,205.73,204.89,16.67522492,11
1790600100,207.19,209.02,204.16,204.16,206.91,299.03826828,22
1790600400,205.46,207.1,203.35,203.77,204.95,106.57286036,56
1790600700,203.89,205.12,202.54,205.12,204.48,21.48098863,18
1790601000,204.37,209.3,204.37,207.6,208.10,49.15343622,23
1790601300,208.21,211.0,207.0,208.31,208.03,68.58493753,28
1790601600,207.0,208.77,203.48,207.48,207.39,75.08786275,46
1790601900,209.97,215.0,208.44,212.48,211.11,431.78437334,71
1790602200,213.57,214.0,208.29,208.74,212.53,244.11151622,63
1790602500,209.6,209.6,208.0,208.08,208.81,51.0807413,20
1790602800,208.79,211.24,207.93,210.83,209.69,34.89334507,23
1790603100,211.49,217.0,211.49,214.69,215.88,437.89049324,91
1790603400,214.67,215.45,212.83,213.42,213.74,58.14118401,37
1790603700,213.09,219.56,212.89,216.44,217.38,152.85950458,75
1790604000,215.97,217.48,214.71,216.92,216.20,165.56729771,64
1790604300,215.0,215.23,203.24,206.02,208.17,213.85198844,98
1790604600,205.34,207.61,203.62,204.16,205.74,187.26208163,59
1790604900,203.37,204.39,200.0,200.0,201.94,114.67598808,54
1790605200,200.45,203.84,200.45,202.54,201.91,338.21760487,50
1790605500,202.71,210.3,202.22,209.63,205.54,542.73426125,155
1790605800,207.44,211.27,207.44,210.71,208.89,183.13866134,73
1790606100,209.12,209.51,202.99,206.05,206.05,113.98847938,84
1790606400,204.86,205.21,203.96,205.21,204.76,14.602226,11
1790606700,205.95,207.16,203.65,205.48,205.90,110.00865794,48
1790607000,205.62,205.62,200.82,201.5,202.43,81.14834929,34
1790607300,201.34,203.6,201.34,202.76,202.58,188.96297617,53
1790607600,202.34,203.96,200.95,201.36,202.72,210.15449905,97
1790607900,201.97,205.39,201.0,204.19,203.41,576.75416339,98
1790608200,205.0,205.0,194.84,199.87,200.11,140.09586038,77
1790608500,200.4,201.53,199.3,199.87,200.18,51.0600468,30
1790608800,203.13,203.41,201.49,201.49,203.02,23.3171169,14
1790609100,201.08,202.05,199.93,202.05,200.09,165.03128417,35
1790609400,201.9,203.0,200.08,200.08,200.73,177.51649122,34
1790609700,199.96,199.96,197.03,197.33,197.89,79.66384098,29
1790610000,197.72,197.72,193.18,195.16,195.11,64.30865152,50
1790610300,195.0,196.56,193.18,194.52,194.38,54.17463343,23
1790610600,193.64,194.57,192.01,194.17,193.75,58.69154312,26
1790610900,194.49,195.85,193.2,193.99,195.32,31.56475687,35
1790611200,193.95,195.79,193.92,194.21,194.20,119.70273829,60
1790611500,194.36,201.64,194.19,201.64,197.43,44.58894267,40
1790611800,200.74,205.19,199.77,205.19,201.55,759.02515769,234
1790612100,204.75,208.41,204.4,205.36,207.09,308.61437492,117
1790612400,206.3,206.58,202.54,203.61,205.26,109.78302658,65
1790612700,203.68,207.0,203.11,205.02,204.65,64.97510283,54
1790613000,205.14,207.62,204.49,206.26,206.29,136.779088,54
1790613300,206.39,209.46,206.04,209.13,207.77,109.78578365,47
1790613600,210.0,210.0,203.96,204.11,206.49,60.24318035,28
1790613900,204.06,208.14,204.06,207.69,206.83,32.73110954,35
1790614200,207.43,211.19,206.63,211.19,208.07,72.6746969,31
1790614500,209.6,214.33,209.0,213.65,212.64,103.28010667,34
1790614800,211.96,215.59,210.97,215.59,213.32,785.91457658,93
1790615100,215.77,222.06,213.42,220.2,218.36,634.83041737,165
1790615400,221.95,223.24,216.54,217.71,220.29,427.73832842,264
1790615700,218.18,219.33,211.8,211.83,216.18,94.91866816,44
1790616000,212.47,218.61,212.47,215.31,215.87,103.87647091,31
1790616300,216.76,220.0,215.34,215.82,218.85,78.94562284,26
1790616600,216.38,218.53,216.38,217.59,217.64,11.37323985,13
1790616900,219.48,222.2,216.07,216.4,219.97,113.91243858,46
1790617200,217.45,221.37,217.45,220.0,220.02,75.05113371,35
1790617500,219.72,226.58,219.72,226.58,224.36,149.19735721,62
1790617800,225.01,225.01,217.99,218.45,220.68,123.07897952,46
1790618100,218.33,218.33,212.89,213.9,213.75,322.3482726,38
1790618400,217.04,218.0,215.61,216.0,217.87,182.85167714,21
1790618700,216.84,216.84,213.92,214.23,215.70,80.9695313,82
1790619000,214.24,216.38,213.67,214.91,214.96,53.17164015,78
1790619300,215.38,217.22,207.11,207.49,212.64,198.70835526,128
1790619600,209.84,209.84,207.24,209.14,208.28,49.71073603,30
1790619900,208.07,211.18,207.58,211.18,209.31,12.34861521,15
1790620200,211.04,212.25,207.92,208.33,208.90,20.82673799,20
1790620500,208.98,209.94,208.46,209.49,209.19,17.99652406,42
1790620800,209.3,210.4,208.34,210.35,209.51,40.09184073,31
1790621100,210.78,213.46,210.57,213.0,211.96,26.38481605,21
1790621400,213.5,217.61,213.5,217.14,215.60,102.3075585,76
1790621700,217.2,217.47,214.43,216.46,215.72,64.56947683,39
1790622000,216.55,216.66,213.0,213.45,214.96,101.83816549,61
1790622300,213.06,213.06,203.79,207.01,208.61,237.98439777,88
1790622600,206.97,206.97,205.0,205.0,205.49,47.8981816,25
1790622900,205.0,209.66,205.0,208.72,205.71,255.20849873,45
1790623200,208.42,210.43,207.75,210.24,209.33,73.74929277,50
1790623500,209.26,209.26,207.86,208.1,208.31,74.93059045,42
1790623800,209.09,209.94,207.29,208.68,208.85,70.0607339,65
1790624100,209.09,209.93,208.08,208.09,208.56,11.69748488,13
1790624400,206.13,208.68,206.13,207.44,207.81,284.35303968,48
1790624700,208.17,212.57,208.17,212.27,210.88,70.34024403,36
1790625000,212.5,213.46,210.04,213.46,211.76,17.36828116,23
1790625300,214.22,214.22,210.0,212.76,211.95,136.40412098,80
1790625600,212.56,213.19,209.46,212.3,212.50,181.5642555,59
1790625900,212.52,214.51,212.11,214.43,212.97,16.51639347,14
1790626200,214.61,216.12,213.94,215.07,215.21,28.7512226,35
1790626500,215.14,216.91,213.31,215.86,215.07,55.61155659,69
1790626800,216.1,216.92,215.0,215.22,215.80,25.99752261,29
1790627100,213.59,215.61,212.34,213.72,214.39,53.23381036,57
1790627400,214.05,214.35,212.84,213.73,213.51,33.62374839,42
1790627700,212.99,218.58,212.92,215.45,216.82,139.02203904,85
1790628000,215.14,218.92,215.14,218.22,218.02,66.28952036,53
1790628300,218.63,219.8,215.54,216.77,217.78,34.0058491,35
1790628600,217.39,218.08,216.63,217.31,217.42,14.35332376,20
1790628900,216.83,219.5,215.5,218.63,216.49,77.83202324,32
1790629200,218.72,222.36,218.72,221.64,220.83,92.73244531,34
1790629500,221.98,223.09,220.43,220.43,222.50,204.84585733,33
1790629800,220.2,220.44,216.55,219.26,218.34,172.82690851,55
1790630100,219.66,219.66,213.81,218.51,215.99,125.00459261,58
1790630400,218.64,219.92,216.26,216.63,218.57,32.85115146,40
1790630700,217.77,218.57,215.87,215.87,216.52,74.10993863,27
1790631000,216.49,217.09,214.4,214.59,215.52,23.77672635,15
1790631300,213.93,216.97,213.93,216.61,215.86,9.00299037,29
1790631600,215.38,215.38,209.14,210.96,210.92,103.26523659,42
1790631900,209.95,210.38,204.55,206.55,207.51,184.40112479,53
1790632200,207.16,208.19,205.76,208.19,207.04,89.5981478,23
1790632500,208.02,210.0,208.02,208.52,208.61,63.23697537,23
1790632800,208.27,210.3,207.91,209.88,208.07,159.69115279,43
1790633100,210.28,210.28,209.3,209.6,209.70,52.90318074,56
1790633400,208.79,213.25,208.78,212.44,211.76,69.23462855,41
1790633700,212.26,212.26,209.45,209.45,210.92,41.46680053,26
1790634000,209.93,209.93,207.14,208.67,208.09,30.51110926,21
1790634300,207.8,207.88,202.3,204.43,204.15,179.08206762,83
1790634600,204.63,205.23,201.22,202.88,203.45,66.8652081,33
1790634900,201.89,203.46,201.55,202.76,202.12,42.9906174,39
1790635200,202.5,205.02,201.75,203.17,203.92,79.72918048,55
1790635500,203.26,203.56,200.0,201.83,202.90,615.80252576,129
1790635800,201.37,201.96,201.37,201.96,201.73,7.15566606,9
1790636100,203.17,204.6,202.81,204.25,203.82,57.19740859,32
1790636400,203.39,204.12,196.76,204.12,200.40,202.35605348,95
1790636700,204.06,204.77,202.55,202.98,203.33,45.09335384,47
1790637000,202.94,205.47,202.08,205.41,203.20,88.56152939,31
1790637300,203.22,207.32,202.48,207.19,205.99,84.40761967,35
1790637600,206.62,207.91,206.62,207.63,207.31,32.74600619,17
1790637900,206.17,207.71,205.87,206.84,207.03,20.12814548,18
1790638200,207.57,207.93,206.5,206.69,207.53,39.90526047,18
1790638500,206.65,206.65,204.28,205.93,205.31,19.17135642,14
1790638800,208.3,208.43,206.45,206.53,207.69,42.12265553,20
1790639100,205.52,206.02,202.16,202.16,204.96,72.1974948,19
1790639400,202.04,202.29,199.13,202.29,200.28,63.49420863,31
1790639700,201.91,203.32,201.91,203.06,202.96,14.02484388,9
1790640000,204.12,204.12,201.08,201.08,202.04,4.42580579,17
1790640300,200.33,200.33,197.38,199.65,198.76,44.80161652,24
1790640600,201.74,201.74,198.1,198.17,199.15,27.18461695,22
1790640900,198.43,199.81,198.0,198.91,198.83,15.5601981,19
1790641200,199.83,200.6,194.46,197.06,196.89,166.44541286,64
1790641500,196.19,198.63,195.19,198.53,197.06,16.41088973,16
1790641800,197.0,197.0,194.91,195.13,196.22,78.25742759,38
1790642100,194.0,197.05,194.0,196.45,196.05,27.74210854,23
1790642400,195.77,200.26,195.28,199.99,197.55,31.68388106,35
1790642700,200.14,200.14,196.8,199.11,198.75,82.75041523,24
1790643000,198.78,199.5,196.8,196.8,197.78,5.35012349,5
1790643300,197.19,197.19,195.18,195.67,196.00,6.37061442,8
1790643600,195.63,196.89,195.0,195.23,195.22,43.61861987,13
1790643900,194.72,196.49,194.5,195.57,194.90,40.58242762,15
1790644200,195.34,195.34,193.41,194.72,194.14,27.01921708,29
1790644500,195.12,195.12,193.41,194.72,193.86,44.34850738,37
1790644800,195.56,195.56,194.05,194.05,195.10,9.39873627,8
1790645100,193.33,193.4,182.47,182.47,189.10,461.62174937,148
1790645400,183.63,186.96,181.14,185.81,183.80,285.08054847,195
1790645700,185.88,189.2,184.69,186.39,186.54,221.33042847,131
1790646000,186.12,186.12,182.95,183.97,184.42,99.16594897,26
1790646300,183.92,186.34,183.92,184.63,184.82,51.33713845,32
1790646600,184.75,185.48,181.82,182.42,184.30,96.83215802,28
1790646900,181.5,183.41,181.25,182.55,181.90,60.21880425,48
1790647200,181.74,183.02,179.77,182.64,181.87,84.16968419,47
1790647500,183.35,183.91,181.19,183.09,182.46,45.88970526,40
1790647800,182.73,185.43,182.46,183.85,184.33,96.21108686,52
1790648100,184.42,185.17,182.37,182.64,183.91,27.86948145,14
1790648400,183.71,183.71,181.41,181.88,182.02,37.66757542,32
1790648700,183.23,184.26,183.17,183.17,183.86,15.58016379,11
1790649000,183.5,189.06,183.5,187.09,187.68,54.05348683,47
1790649300,187.35,191.04,187.04,190.78,188.78,45.74198883,28
1790649600,190.45,196.34,190.07,194.58,194.26,112.37851528,41
1790649900,194.12,195.84,192.56,192.69,194.03,39.98181358,37
1790650200,193.12,193.47,192.61,193.23,193.09,17.41382964,9
1790650500,194.12,198.32,193.84,197.74,196.93,41.14892836,31
1790650800,198.59,199.37,194.3,194.97,196.69,169.7293837,64
1790651100,195.6,199.05,195.6,199.05,197.09,27.91925703,29
1790651400,197.05,199.98,197.05,199.7,199.03,2.01721884,5
1790651700,200.48,201.7,199.43,201.67,200.90,22.65991976,25
1790652000,201.14,202.16,200.02,201.16,200.96,110.0899354,59
1790652300,201.29,203.36,200.0,200.44,201.29,96.35582062,54
1790652600,201.16,202.56,201.0,202.07,201.80,8.51590811,10
1790652900,201.84,204.42,198.5,198.5,201.09,86.87752216,84
1790653200,199.2,204.75,199.2,202.78,202.13,28.91248882,32
1790653500,202.88,209.17,202.88,207.65,205.87,44.17212577,31
1790653800,208.62,210.3,207.7,207.81,209.20,134.1574571,62
1790654100,207.33,209.81,207.32,209.36,208.00,40.90717404,16
1790654400,209.26,212.0,208.05,212.0,210.48,90.56405519,30
1790654700,212.76,212.78,210.8,211.27,211.87,17.53969595,17
1790655000,211.17,215.72,211.17,215.09,214.30,51.93316361,45
1790655300,214.85,216.0,213.13,213.36,215.30,50.71617126,27
1790655600,213.14,215.81,209.97,215.71,212.56,51.79928641,45
1790655900,215.87,217.9,214.9,217.77,216.72,20.09992374,35
1790656200,217.75,219.11,216.16,216.3,217.96,600.57981193,56
1790656500,216.25,218.2,211.8,212.08,214.48,95.18411867,51
1790656800,212.15,214.43,209.33,214.43,210.84,193.45964694,59
1790657100,214.9,219.84,212.93,218.84,216.54,108.38283454,57
1790657400,218.62,219.76,215.96,216.47,217.75,83.29422542,72
1790657700,217.22,217.22,214.06,214.06,216.01,20.8552465,18
1790658000,212.42,214.55,211.8,214.55,212.60,11.11685837,9
1790658300,214.68,220.75,214.68,220.21,217.76,56.63312063,44
1790658600,219.82,222.2,218.09,218.09,221.23,63.94755446,38
1790658900,218.02,218.91,216.61,217.63,217.30,15.75917244,20
1790659200,217.29,221.65,216.95,221.21,219.42,42.50158612,33
1790659500,221.41,221.55,219.5,220.81,221.02,48.50027811,40
1790659800,220.82,220.82,212.42,212.55,217.25,66.21114836,44
1790660100,214.62,214.97,211.49,212.08,212.50,233.66769324,106
1790660400,213.33,217.89,213.01,215.61,215.59,160.29255999,69
1790660700,214.28,215.28,207.7,208.84,211.08,113.85794279,62
1790661000,209.22,211.87,207.99,209.41,209.71,134.82579243,105
1790661300,209.96,212.31,209.35,212.31,210.71,32.07798725,30
1790661600,213.46,215.34,210.49,210.49,212.08,115.0824529,68
1790661900,210.74,213.2,210.0,210.0,211.89,69.4660069,47
1790662200,210.03,214.48,209.63,214.48,210.82,61.34532396,35
1790662500,214.4,219.28,214.22,219.28,216.33,76.53072127,29
1790662800,219.11,219.2,215.78,216.35,217.38,42.50811462,46
1790663100,216.43,218.27,214.14,216.92,217.20,104.54804659,49
1790663400,216.71,222.0,216.71,221.29,218.50,79.32929414,46
1790663700,220.59,222.2,219.5,219.86,220.65,50.49062073,33
1790664000,219.61,220.25,217.22,220.18,219.25,49.39629059,55
1790664300,219.99,220.73,218.19,220.12,219.71,52.97184545,37
1790664600,220.73,220.73,217.35,220.46,218.39,63.00341314,31
1790664900,220.77,222.0,219.05,219.59,220.90,86.65671717,28
1790665200,219.77,220.33,217.34,219.7,218.71,304.42315635,85
1790665500,219.83,220.4,216.7,219.22,218.08,237.95403249,72
1790665800,219.94,220.5,217.35,217.35,219.23,30.03011893,19
1790666100,217.64,226.62,217.36,224.8,221.53,419.59576757,155
1790666400,224.2,225.72,220.83,220.83,223.95,135.16284127,40
1790666700,221.2,222.82,213.23,217.33,217.52,80.64132467,46
1790667000,217.2,217.76,215.53,215.53,217.17,16.51610333,13
1790667300,216.71,218.4,216.3,217.69,217.59,80.10063754,14
1790667600,218.71,219.52,217.33,219.52,218.22,16.41555522,17
1790667900,219.92,224.31,219.57,223.83,222.21,66.96973689,25
1790668200,223.27,238.0,222.62,238.0,228.49,324.42691612,128
1790668500,238.98,241.43,229.16,232.74,236.29,252.47129613,170
1790668800,233.58,241.0,233.58,239.6,239.64,185.56587146,94
1790669100,238.09,240.59,236.91,238.6,238.89,264.42106845,81
1790669400,240.0,240.61,235.0,238.17,237.08,146.71066173,53
1790669700,239.0,241.0,231.94,235.85,237.81,452.83758047,99
1790670000,235.73,238.0,234.44,238.0,236.04,90.59669795,49
1790670300,238.49,245.0,237.47,245.0,241.34,276.43916994,87
1790670600,243.92,246.0,235.01,235.04,240.53,263.68300187,143
1790670900,235.42,236.5,232.87,234.81,234.41,185.58187889,62
1790671200,233.29,233.29,226.61,226.61,231.24,144.04487595,54
1790671500,228.5,229.04,215.73,219.67,219.88,186.78421133,105
1790671800,220.02,223.49,220.02,222.43,221.97,77.56496132,47
1790672100,222.19,222.61,218.75,222.0,221.83,34.34150736,22
1790672400,221.0,224.37,221.0,222.15,222.99,30.06284912,47
1790672700,221.83,224.7,221.23,224.59,223.09,24.81520383,27
1790673000,224.71,226.58,224.42,226.12,225.29,72.74941349,42
1790673300,227.24,227.95,226.0,226.28,227.08,52.27354982,27
1790673600,225.43,225.43,217.09,218.53,221.79,93.65467804,45
1790673900,218.39,221.62,217.91,220.96,219.27,100.48207471,64
1790674200,220.89,222.7,220.46,221.9,221.95,25.37993189,22
1790674500,221.38,223.22,220.13,223.22,222.05,24.16430371,23
1790674800,224.9,227.44,222.7,225.23,226.17,146.67087023,50
1790675100,225.52,228.93,225.52,226.0,227.00,77.7818405,30
1790675400,225.68,231.12,225.5,230.09,229.53,37.22989623,35
1790675700,231.82,232.41,229.19,231.31,231.03,40.91500535,38
1790676000,231.17,234.04,229.4,230.26,231.05,66.61676046,43
1790676300,230.28,230.39,225.39,225.6,228.03,55.61103139,44
1790676600,225.31,227.0,223.91,225.37,225.44,48.3054166,34
1790676900,224.77,224.87,222.38,224.44,223.82,40.39470001,33
1790677200,222.99,224.07,222.99,223.25,223.38,34.77663864,13
1790677500,222.48,225.97,222.0,224.93,224.48,68.3121112,40
1790677800,224.36,224.79,221.33,221.33,224.04,20.4806526,17
1790678100,221.21,225.63,219.54,225.63,221.55,56.83619215,39
1790678400,225.07,226.14,223.83,225.58,225.33,61.93681454,42
1790678700,226.58,229.45,226.16,228.79,227.98,45.24638683,37
1790679000,228.77,231.0,227.51,227.51,229.10,65.67136828,35
1790679300,226.46,226.46,221.02,221.02,223.84,81.07204554,32
1790679600,223.45,225.98,223.35,223.81,224.32,94.98535088,35
1790679900,223.67,223.67,221.43,222.04,222.32,14.23196499,15
1790680200,222.17,223.15,218.21,220.2,220.27,151.73762323,58
1790680500,220.04,221.93,216.8,218.74,219.39,32.95620134,32
1790680800,218.72,221.5,218.72,221.5,219.82,48.73800062,43
1790681100,221.16,223.31,219.75,221.5,221.91,59.89213356,43
1790681400,222.01,223.32,220.71,220.71,222.56,57.78819788,22
1790681700,220.77,222.09,219.47,220.51,220.23,40.07782523,20
1790682000,220.04,222.35,219.39,220.62,221.03,57.91966422,33
1790682300,219.97,219.97,211.86,216.84,214.97,188.62238869,75
1790682600,217.81,220.58,217.51,220.0,219.70,39.54429605,22
1790682900,219.55,221.58,217.97,221.58,218.88,78.53217855,66
1790683200,222.63,224.65,221.06,221.85,222.72,22.08310135,29
1790683500,223.08,224.37,222.05,224.37,223.01,8.30276133,11
1790683800,225.37,225.44,224.15,225.26,225.04,15.26641387,20
1790684100,225.67,226.66,223.52,223.84,224.57,38.86782935,22
1790684400,223.35,226.0,222.75,226.0,223.49,13.96063202,10
1790684700,225.69,227.0,223.86,223.86,226.35,28.75410471,20
1790685000,223.5,223.94,221.49,222.03,222.62,48.57458818,17
1790685300,221.49,222.55,221.0,221.5,221.99,42.4078335,26
1790685600,221.83,222.21,220.55,220.75,221.38,54.25558417,42
1790685900,222.2,222.52,221.68,222.52,222.05,18.5146908,6
1790686200,222.85,222.85,221.34,222.43,222.25,8.47214595,9
1790686500,223.23,225.33,223.23,223.98,223.90,31.35938371,30
1790686800,224.14,227.14,223.36,226.55,225.11,22.18393425,20
1790687100,227.09,229.0,226.39,228.54,228.01,70.67621021,38
1790687400,228.49,230.0,227.14,227.28,228.75,37.11063185,37
1790687700,227.77,228.85,227.31,228.25,228.26,20.91853783,43
1790688000,228.24,230.27,228.24,230.25,228.94,7.84340715,9
1790688300,229.1,229.98,227.96,228.86,229.24,73.099941,24
1790688600,229.0,229.25,226.05,228.94,227.54,26.72724615,19
1790688900,228.79,229.27,226.9,227.13,228.10,61.1323322,74
1790689200,226.61,226.99,224.86,226.23,226.05,169.91771301,44
1790689500,226.26,227.65,225.31,227.65,226.26,10.40175747,40
1790689800,227.65,227.65,223.3,224.54,225.45,22.83495475,74
1790690100,225.1,225.33,221.82,221.82,224.11,40.23614869,62
1790690400,221.49,223.27,220.43,221.45,222.18,55.14876915,69
1790690700,221.51,222.42,220.0,221.1,220.64,182.24560562,48
1790691000,221.4,223.07,221.36,222.73,222.18,33.24086374,49
1790691300,221.63,224.14,220.54,224.14,221.83,28.43857339,32
1790691600,223.74,223.74,222.01,222.71,222.79,7.60347273,13
1790691900,222.95,222.95,220.97,221.19,221.51,12.37228654,16
1790692200,221.2,221.41,220.16,221.35,220.98,44.52915203,22
1790692500,220.1,220.47,218.71,218.71,220.00,113.71269582,64
1790692800,218.87,219.74,216.7,217.25,218.08,87.18399768,71
1790693100,216.71,218.73,216.58,217.69,217.80,23.41189124,19
1790693400,217.47,217.47,212.31,213.51,215.08,60.93065249,34
1790693700,213.4,215.78,209.25,210.42,213.05,423.47347738,102
1790694000,211.41,213.21,210.0,211.36,211.74,84.81265922,46
1790694300,211.89,212.79,210.72,212.35,211.29,24.44251841,24
1790694600,213.0,214.93,213.0,214.5,213.62,111.2584275,30
1790694900,215.58,217.24,214.47,215.75,216.44,58.36812782,32
1790695200,216.23,217.31,214.8,214.8,216.39,25.9678829,19
1790695500,214.57,218.89,214.02,218.89,216.82,39.83828407,27
1790695800,218.54,220.61,218.48,220.33,219.52,364.2379583,89
1790696100,220.28,221.65,219.71,221.46,220.47,85.12404865,35
1790696400,222.01,222.13,218.95,221.27,220.86,51.08991272,36
1790696700,222.56,222.56,220.99,221.32,221.55,42.21564152,23
1790697000,221.34,221.34,219.7,220.4,220.27,10.78326926,15
1790697300,220.9,221.52,219.96,221.02,220.75,89.81429499,37
1790697600,220.59,224.0,220.59,224.0,223.14,72.45939309,52
1790697900,224.42,225.8,222.52,222.52,224.31,266.16689779,121
1790698200,220.83,222.99,218.7,222.31,220.73,227.33835967,111
1790698500,222.84,223.35,222.52,222.88,223.02,20.55633705,20
1790698800,222.52,222.52,216.66,218.08,218.75,248.42818627,94
1790699100,218.48,219.64,217.9,218.72,218.97,34.21263113,38
1790699400,220.37,222.34,220.21,220.47,221.52,31.58430655,15
1790699700,220.93,224.25,220.93,224.2,223.15,38.00700827,14
1790700000,224.33,224.68,223.48,224.24,223.85,56.94003097,24
1790700300,222.81,223.19,222.19,222.19,222.75,6.18414139,5
1790700600,222.47,222.47,218.21,218.21,219.69,25.41000566,22
1790700900,218.6,218.6,217.31,217.74,217.92,27.81089938,8
1790701200,217.76,219.65,216.42,219.65,217.22,26.90274507,21
1790701500,219.33,219.62,218.96,219.15,219.19,5.35393992,11
1790701800,219.37,219.38,218.0,218.14,218.76,9.29347618,14
1790702100,218.37,219.26,216.97,218.63,217.43,90.11919427,34
1790702400,217.05,217.2,216.31,217.13,216.95,29.79022933,13
1790702700,216.32,216.39,214.73,216.39,215.39,26.31131036,22
1790703000,217.19,217.49,215.35,217.23,216.78,7.06798989,23
1790703300,216.94,218.54,216.94,218.5,218.00,53.48237633,14
1790703600,218.66,220.67,218.6,220.67,220.10,29.07744759,25
1790703900,220.06,220.59,219.48,219.48,220.18,24.10271979,37
1790704200,219.44,221.39,219.16,221.37,220.29,23.83019141,22
1790704500,221.29,223.22,221.29,221.87,222.24,76.11699508,37
1790704800,222.22,223.79,222.01,222.92,222.47,22.440916,14
1790705100,222.96,225.66,222.19,224.7,223.92,146.91598582,62
1790705400,224.82,225.93,224.16,225.1,225.10,42.27637497,57
1790705700,224.14,226.75,223.78,224.91,226.01,142.75211706,117
1790706000,225.77,227.48,224.99,226.6,226.48,80.79074642,70
1790706300,227.49,230.05,225.98,228.5,227.94,99.26573187,63
1790706600,229.24,235.69,228.92,233.87,233.77,354.34393281,117
1790706900,234.08,240.41,232.8,238.71,236.90,337.12592159,100
1790707200,238.0,241.75,235.81,241.1,238.64,205.0255851,108
1790707500,241.95,243.0,235.27,236.6,240.14,236.51570995,74
1790707800,238.0,240.0,236.84,237.59,238.47,98.07057201,78
1790708100,240.08,241.02,235.9,235.9,239.14,103.08319106,75
1790708400,236.48,236.48,229.78,233.42,233.14,200.98499595,70
1790708700,232.72,236.95,230.95,236.95,232.66,99.19735673,32
1790709000,237.18,239.92,236.52,237.3,237.82,60.55050887,53
1790709300,237.99,240.64,234.68,240.31,238.82,179.83032128,63
1790709600,239.67,241.26,239.01,240.5,240.41,84.5389712,48
1790709900,240.42,240.54,236.5,237.57,238.60,50.88293086,43
1790710200,237.94,238.81,234.5,237.64,236.46,158.21564936,68
1790710500,237.49,239.41,236.54,237.89,237.80,109.95348981,53
1790710800,239.11,242.0,238.75,239.84,240.87,123.3640544,40
1790711100,239.57,240.58,238.02,238.59,239.52,20.75021569,19
1790711400,238.64,238.64,231.63,233.04,235.22,214.2406895,86
1790711700,232.59,235.5,231.44,234.61,233.52,79.88845017,66
1790712000,234.32,236.07,231.0,231.62,232.61,189.3361418,59
1790712300,231.37,236.0,230.6,234.3,233.29,52.06639641,24
1790712600,236.0,236.95,234.05,236.73,235.58,70.90151922,34
1790712900,237.96,237.96,236.65,236.98,237.27,12.13324981,12
1790713200,236.54,237.2,235.72,236.28,236.68,18.31750103,12
1790713500,235.82,236.1,232.85,232.85,234.57,70.37293657,48
1790713800,233.03,234.1,232.48,233.24,233.18,28.43814234,27
1790714100,233.95,236.11,233.87,236.11,235.14,2.56632946,5
1790714400,237.26,240.12,236.73,239.09,238.83,194.45109364,53
1790714700,239.2,239.31,235.28,237.0,236.93,28.35018817,54
1790715000,236.54,237.42,235.81,235.81,236.54,17.53376948,46
1790715300,235.57,237.93,234.71,235.03,236.87,38.79739163,51
1790715600,235.87,236.07,234.0,236.07,234.50,68.6439696,21
1790715900,236.0,237.33,236.0,237.22,236.39,48.2082751,19
1790716200,235.95,236.89,235.71,236.46,236.43,16.31164931,26
1790716500,238.46,240.0,236.6,240.0,239.38,90.44021549,16
1790716800,240.29,245.04,235.0,235.0,240.15,739.43961748,202
1790717100,235.0,236.84,232.0,236.69,234.84,194.55878735,110
1790717400,236.36,237.3,235.81,236.42,236.39,71.50662506,32
1790717700,237.23,237.61,236.47,237.46,237.15,9.48336307,13
1790718000,237.18,238.7,236.81,237.07,237.06,50.54874867,19
1790718300,237.86,238.54,235.15,236.86,237.32,66.4752031,53
1790718600,237.01,238.42,233.91,234.0,236.13,69.00477752,30
1790718900,233.24,233.93,232.59,233.13,233.41,31.12278782,25
1790719200,233.74,235.13,233.2,233.2,234.55,28.25146294,36
1790719500,232.81,232.92,231.31,231.96,232.04,39.62471865,22
1790719800,232.7,232.78,227.08,227.82,228.86,70.52423079,40
1790720100,229.05,229.05,224.82,224.82,226.97,88.54929542,63
1790720400,223.69,225.21,221.9,224.7,223.21,384.80688268,53
1790720700,224.52,227.44,224.52,227.15,227.23,87.2499792,23
1790721000,227.2,228.16,225.31,225.81,226.97,102.74127661,35
1790721300,226.92,227.17,224.04,225.0,225.14,84.64269618,37
1790721600,224.44,226.33,224.36,226.21,225.16,22.28513458,11
1790721900,228.98,229.54,228.56,229.54,229.07,6.03563006,7
1790722200,229.99,230.47,229.3,229.3,229.72,44.57055016,34
1790722500,229.43,229.89,228.79,229.6,229.52,5.43628512,9
1790722800,229.79,233.64,229.79,233.15,233.06,46.8720488,15
1790723100,234.34,236.39,234.34,234.55,235.67,71.55861218,90
1790723400,234.52,236.3,233.99,235.65,235.34,23.93116429,23
1790723700,236.03,236.03,235.47,235.87,235.80,16.83858678,8
1790724000,235.52,235.52,234.33,234.46,234.75,21.0938634,15
1790724300,234.94,235.46,234.94,235.13,235.14,5.41908517,3
1790724600,235.2,237.86,234.84,237.05,235.98,48.84984127,35
1790724900,237.19,237.67,236.79,236.79,237.35,6.55884908,5
1790725200,237.15,237.15,234.19,234.81,235.51,59.4082908,43
1790725500,234.56,235.78,233.3,235.78,234.19,25.27962086,18
1790725800,236.93,236.93,235.08,235.08,235.75,14.19426792,20
1790726100,235.2,235.2,234.93,234.93,235.11,3.00037525,4
1790726400,237.82,241.48,237.82,240.78,240.51,144.86314149,78
1790726700,243.06,243.3,241.55,241.85,242.39,99.57477223,55
1790727000,241.58,249.0,240.13,249.0,244.50,81.12031761,43
1790727300,247.61,250.0,235.0,239.46,242.17,187.74716102,73
1790727600,241.94,241.94,233.14,239.38,237.78,120.60191053,65
1790727900,240.12,240.75,238.7,240.71,239.33,68.16471086,14
1790728200,241.41,241.64,234.24,234.24,239.22,38.72698374,23
1790728500,236.42,236.42,234.0,234.11,235.66,15.0736747,13
1790728800,232.54,235.84,232.54,235.5,234.72,16.6502663,11
1790729100,235.59,239.85,235.59,239.85,237.35,21.61670838,10
1790729400,237.41,238.81,237.41,238.55,238.10,7.51762083,8
1790729700,236.85,239.85,236.75,239.72,239.20,12.05741601,18
1790730000,240.0,240.87,240.0,240.87,240.28,44.27857073,10
1790730300,240.89,240.89,237.7,238.77,239.45,49.77187557,45
1790730600,241.58,242.39,240.75,241.51,241.16,6.75014223,6
1790730900,240.68,240.73,238.01,238.45,239.27,3.05352435,6
1790731200,238.98,239.0,238.98,239.0,238.98,2.33072847,2
1790731500,241.09,241.59,241.09,241.59,241.33,7.64010138,3
1790731800,242.16,245.58,241.96,243.7,244.07,66.42701239,25
1790732100,244.67,245.31,244.34,244.41,244.59,30.60310893,28
1790732400,245.67,247.27,245.09,245.51,245.79,38.7221386,21
1790732700,246.47,248.08,246.47,248.08,246.94,21.82110857,7
1790733000,248.69,251.7,248.6,249.06,250.06,323.83782007,85
1790733300,249.16,250.92,248.7,249.41,249.66,56.30501821,47
1790733600,251.42,253.74,250.14,252.43,251.85,364.95810778,96
1790733900,252.9,263.01,252.82,263.01,259.92,213.92980078,111
1790734200,262.92,270.57,259.69,267.34,267.20,424.37486214,152
1790734500,267.47,269.02,245.86,249.24,252.42,177.80499176,97
1790734800,248.77,255.28,248.77,254.72,252.24,41.20143429,25
1790735100,255.17,259.4,253.95,258.7,258.41,36.24154716,18
1790735400,258.41,258.97,253.11,258.15,257.31,67.43441126,22
1790735700,254.33,257.58,254.33,257.58,255.16,2.41056246,3
1790736000,256.08,256.1,253.59,253.59,255.23,23.96437065,6
1790736300,252.14,253.12,249.79,251.68,251.45,11.8638121,9
1790736600,250.78,251.85,249.55,249.69,250.72,38.05913155,31
1790736900,249.5,249.5,248.8,248.8,249.40,5.97613883,2
1790737200,249.0,254.23,249.0,252.33,252.18,16.5679166,11
1790737500,251.18,251.18,247.85,247.98,249.35,13.39819029,8
1790737800,250.26,257.0,250.06,257.0,254.67,118.23640105,30
1790738100,258.0,259.63,258.0,258.67,259.03,14.67679569,10
1790738400,258.49,260.67,257.64,258.32,258.63,24.81310005,25
1790738700,260.57,261.42,257.35,260.16,258.81,36.64889636,20
1790739000,258.9,258.9,254.1,258.21,256.85,20.61004461,17
1790739300,258.01,258.01,255.04,255.05,255.81,52.81108407,12
1790739600,258.0,260.72,257.02,257.02,258.34,17.13641334,8
1790739900,257.28,264.31,257.28,264.31,260.78,73.04065143,36
1790740200,262.58,262.79,260.88,262.44,262.43,3.86295835,5
1790740500,262.85,262.85,261.06,261.14,261.69,3.37194149,5
1790740800,262.06,262.23,261.09,261.26,261.73,20.92040452,31
1790741100,261.5,263.05,259.08,259.3,261.36,58.59135777,32
1790741400,258.43,258.43,252.25,252.81,254.45,78.18192796,40
1790741700,251.0,253.43,249.51,250.19,251.28,67.13898089,102
1790742000,251.54,252.2,250.92,251.23,251.70,3.64092066,10
1790742300,251.2,253.24,250.88,253.24,251.33,43.02885325,11
1790742600,252.79,252.79,252.79,252.79,252.79,0.19201709,1
1790742900,250.9,254.83,250.9,254.65,251.91,19.95113472,15
1790743200,255.27,255.28,253.22,254.95,254.46,8.23425955,14
1790743500,253.11,255.76,251.27,251.62,253.11,52.47843826,25
1790743800,251.11,251.11,249.76,250.4,250.47,3.96475987,5
1790744100,250.24,251.04,250.24,251.04,250.67,3.9013424,7
1790744400,250.78,252.51,247.17,252.51,250.36,29.82489194,23
1790744700,250.0,250.36,245.0,247.44,246.80,146.5138876,46
1790745000,247.85,248.14,245.37,246.0,246.30,45.3919699,14
1790745300,247.14,251.41,245.76,251.41,249.95,63.93188418,31
1790745600,250.83,253.37,249.89,253.37,251.72,19.90764102,17
1790745900,250.57,251.76,250.4,251.04,251.24,56.16709211,24
1790746200,250.0,250.72,248.62,249.84,249.03,101.2866284,31
1790746500,249.72,251.57,248.54,251.21,249.99,70.1484532,24
1790746800,249.89,252.27,247.69,252.14,249.32,346.23107243,134
1790747100,251.53,254.42,251.53,253.54,253.32,57.3775091,26
1790747400,253.81,254.17,250.86,250.86,252.70,23.86114437,22
1790747700,251.9,251.9,248.83,250.16,250.54,15.7488678,21
1790748000,250.1,254.8,250.09,254.8,254.01,40.51973948,24
1790748300,255.0,258.17,255.0,256.37,256.25,89.88509617,52
1790748600,256.39,256.48,254.3,255.04,255.52,98.09947638,36
1790748900,252.49,256.68,252.49,256.63,254.33,41.71038286,25
1790749200,257.52,258.68,256.78,258.25,258.03,170.58568105,100
1790749500,258.11,258.11,256.4,257.08,257.41,44.5136076,54
1790749800,257.56,259.92,257.56,259.42,259.09,58.55230645,23
1790750100,259.13,261.16,255.36,257.7,257.01,527.84161492,82
1790750400,259.05,261.05,258.35,261.05,259.51,54.52386892,44
1790750700,260.66,260.66,253.54,256.35,256.08,137.42392147,69
1790751000,256.29,256.52,251.0,252.09,254.69,40.572646,47
1790751300,252.14,252.43,249.55,251.76,250.33,139.51236781,84
1790751600,251.17,251.5,249.0,250.75,249.91,167.45766578,41
1790751900,251.76,254.77,250.85,253.42,252.92,182.37073017,37
1790752200,251.68,252.42,249.0,249.2,250.08,249.59236556,39
1790752500,249.87,251.5,249.87,251.34,250.93,19.97052825,16
1790752800,251.07,252.06,249.96,250.8,250.88,106.7923851,44
1790753100,250.0,250.0,248.47,248.8,249.85,120.63757303,25
1790753400,249.07,251.82,248.47,251.57,251.43,117.08253801,26
1790753700,251.8,251.8,249.22,250.08,250.82,70.23534776,24
1790754000,250.06,250.18,247.05,247.99,248.05,234.73074979,41
1790754300,248.6,251.48,246.68,250.82,248.96,89.28226475,60
1790754600,250.87,252.08,250.58,251.58,251.70,214.45024504,33
1790754900,251.79,251.79,250.39,250.63,250.52,6.99963641,5
1790755200,251.06,252.4,251.06,252.4,251.24,14.00000022,6
1790755500,251.68,253.5,251.68,252.62,252.37,24.92307069,13
1790755800,251.58,256.63,250.47,256.63,252.39,19.35319653,39
1790756100,257.51,258.44,252.58,254.87,255.73,50.72085841,39
1790756400,254.26,254.75,252.15,252.15,253.36,12.71363434,17
1790756700,253.35,254.5,253.35,254.17,253.97,2.67901636,4
1790757000,256.29,256.59,254.97,254.97,255.81,23.75415186,21
1790757300,255.45,255.46,252.7,253.11,254.24,12.46723186,19
1790757600,252.0,252.0,250.0,250.23,250.93,192.92368838,80
1790757900,250.11,251.6,249.09,250.9,250.22,216.08840812,59
1790758200,250.4,250.4,249.0,249.98,249.30,74.34800103,27
1790758500,249.76,251.35,248.0,248.95,249.12,81.79532044,32
1790758800,250.39,253.0,250.39,251.27,252.64,76.13199485,39
1790759100,251.05,251.05,248.86,249.41,249.24,72.06523035,26
1790759400,249.34,249.64,248.02,249.38,248.90,50.11792457,35
1790759700,250.29,251.26,249.16,250.7,250.46,23.09287328,44
1790760000,250.0,250.2,247.5,249.39,248.80,26.47299781,26
1790760300,250.23,251.4,249.47,249.91,250.41,32.98829155,41
1790760600,249.0,249.15,247.78,248.59,248.45,21.54919793,14
1790760900,249.81,249.81,245.64,245.76,246.61,69.45981228,28
1790761200,247.42,248.61,246.07,246.1,247.15,81.45507236,41
1790761500,246.1,249.72,246.1,248.56,249.25,260.80081305,54
1790761800,248.92,251.51,248.92,250.57,250.63,114.65692275,42
1790762100,250.07,251.2,250.0,250.33,250.36,27.75812226,16
1790762400,248.61,250.56,248.6,250.45,249.23,17.28924736,41
1790762700,250.52,254.07,250.52,253.74,252.13,578.87482363,229
1790763000,254.08,267.4,252.01,254.76,257.82,1269.91899748,265
1790763300,255.29,257.81,252.57,256.81,254.29,38.60748122,27
1790763600,258.99,260.22,257.0,258.35,258.34,60.58415327,46
1790763900,260.0,261.66,259.49,260.72,259.94,52.23277971,29
1790764200,260.41,260.41,258.25,259.18,259.22,35.08780635,34
1790764500,258.47,260.73,257.5,258.49,258.60,29.67341678,27
1790764800,258.74,259.83,257.14,259.5,258.49,44.51785744,47
1790765100,259.53,261.03,258.0,258.6,259.66,22.41368462,23
1790765400,258.3,260.27,257.13,259.91,258.27,46.85319356,17
1790765700,260.23,262.97,260.23,261.0,261.36,63.90208962,37
1790766000,260.9,263.38,260.34,262.42,262.37,79.30322237,37
1790766300,264.0,266.99,263.54,266.38,265.40,63.44165802,31
1790766600,264.91,267.4,262.5,266.91,266.54,67.53301775,32
1790766900,267.38,275.13,266.72,273.28,270.46,254.71350885,87
1790767200,273.37,280.7,272.0,279.5,275.68,255.66036733,109
1790767500,280.3,280.89,272.9,274.0,276.07,375.42946163,86
1790767800,276.49,287.21,276.48,287.0,284.18,293.79191126,121
1790768100,286.81,287.99,275.51,282.9,280.27,311.48886139,117
1790768400,282.94,283.84,279.19,282.01,281.50,39.12042229,32
1790768700,281.43,283.27,274.99,275.04,279.77,335.90315351,143
1790769000,275.86,275.86,269.12,274.69,271.86,152.99674276,45
1790769300,274.92,278.94,273.91,278.14,277.40,37.50753883,38
1790769600,279.17,280.91,277.95,279.12,279.58,36.53969007,21
1790769900,278.19,282.51,277.23,279.83,280.12,135.00859009,44
1790770200,280.42,281.32,276.46,277.71,278.65,91.24339183,57
1790770500,276.12,281.81,275.11,280.04,277.26,139.15614739,67
1790770800,280.2,280.9,274.01,274.52,277.89,137.50751189,128
1790771100,274.57,276.36,268.5,275.5,271.90,195.01369047,95
1790771400,276.65,279.23,274.95,276.22,276.81,330.18179572,117
1790771700,276.19,281.14,275.0,275.83,278.28,299.00837254,87
1790772000,274.22,274.31,271.3,273.35,272.74,159.34498945,65
1790772300,273.33,273.36,267.59,269.94,270.86,239.05007743,56
1790772600,270.2,271.86,267.86,271.86,270.01,45.85513237,44
1790772900,272.87,275.15,269.92,270.46,272.60,6.51610849,14
1790773200,271.28,272.29,266.36,269.0,269.06,159.72051968,81
1790773500,270.0,271.22,266.0,266.52,268.48,95.1349408,44
1790773800,266.35,269.84,266.0,268.48,267.02,466.06550615,114
1790774100,267.74,267.83,262.87,262.88,265.89,70.9434393,34
1790774400,264.41,266.53,262.78,266.53,264.59,48.23496895,42
