time,open,high,low,close,vwap,volume,count
1790463900,0.4598,0.4598,0.4598,0.4598,0.0000,0.0,0
1790464200,0.4611,0.4611,0.4611,0.4611,0.4611,883.72326,1
1790464500,0.4611,0.4611,0.4611,0.4611,0.0000,0.0,0
1790464800,0.4611,0.4611,0.4611,0.4611,0.0000,0.0,0
1790465100,0.4611,0.4611,0.4611,0.4611,0.0000,0.0,0
1790465400,0.4611,0.4611,0.4611,0.4611,0.0000,0.0,0
1790465700,0.4611,0.4611,0.4611,0.4611,0.0000,0.0,0
1790466000,0.4589,0.4589,0.4575,0.4576,0.4580,25322.28812,22
1790466300,0.4576,0.4576,0.4576,0.4576,0.0000,0.0,0
1790466600,0.4576,0.4576,0.4576,0.4576,0.0000,0.0,0
1790466900,0.4589,0.4589,0.4589,0.4589,0.4589,1652.8604,1
1790467200,0.4589,0.4589,0.4589,0.4589,0.0000,0.0,0
1790467500,0.4589,0.4589,0.4589,0.4589,0.0000,0.0,0
1790467800,0.4589,0.4589,0.4589,0.4589,0.0000,0.0,0
1790468100,0.4627,0.4629,0.4621,0.4621,0.4623,8955.34198,5
1790468400,0.4621,0.4621,0.4621,0.4621,0.0000,0.0,0
1790468700,0.4602,0.4602,0.4602,0.4602,0.4602,100.0,1
1790469000,0.4602,0.4602,0.4602,0.4602,0.0000,0.0,0
1790469300,0.4571,0.4571,0.4571,0.4571,0.4571,218.76186,1
1790469600,0.4565,0.4565,0.4565,0.4565,0.4565,1725.38872,1
1790469900,0.4565,0.4565,0.4565,0.4565,0.0000,0.0,0
1790470200,0.4565,0.4565,0.4565,0.4565,0.0000,0.0,0
1790470500,0.4565,0.4565,0.4565,0.4565,0.0000,0.0,0
1790470800,0.4565,0.4565,0.4565,0.4565,0.0000,0.0,0
1790471100,0.4556,0.4556,0.4556,0.4556,0.4556,1735.57187,1
1790471400,0.46,0.46,0.4595,0.4595,0.4595,26500.0,4
1790471700,0.46,0.46,0.46,0.46,0.4600,545.1769,1
1790472000,0.4568,0.4568,0.4568,0.4568,0.4568,1000.0,1
1790472300,0.4558,0.4558,0.4554,0.4554,0.4556,13002.82822,7
1790472600,0.4554,0.4554,0.4554,0.4554,0.0000,0.0,0
1790472900,0.4548,0.4553,0.4545,0.4553,0.4547,3761.58801,3
1790473200,0.4553,0.4553,0.4553,0.4553,0.0000,0.0,0
1790473500,0.4553,0.4553,0.4553,0.4553,0.0000,0.0,0
1790473800,0.4553,0.4553,0.4553,0.4553,0.0000,0.0,0
1790474100,0.4584,0.4584,0.4584,0.4584,0.4584,1724.36411,1
1790474400,0.4593,0.4593,0.4593,0.4593,0.4593,19.6385,1
1790474700,0.457,0.457,0.4568,0.4568,0.4569,2114.03023,2
1790475000,0.4583,0.4583,0.4583,0.4583,0.4583,185.8979,1
1790475300,0.4593,0.4608,0.4593,0.4608,0.4606,3574.85826,3
1790475600,0.4617,0.4617,0.4617,0.4617,0.4617,1500.0,1
1790475900,0.4617,0.4617,0.4617,0.4617,0.0000,0.0,0
1790476200,0.4627,0.4627,0.4627,0.4627,0.4627,3419.29,1
1790476500,0.4627,0.4627,0.4627,0.4627,0.0000,0.0,0
1790476800,0.4627,0.4627,0.4627,0.4627,0.0000,0.0,0
1790477100,0.4631,0.4631,0.4626,0.4626,0.4628,550.3728,5
1790477400,0.4648,0.4648,0.4648,0.4648,0.4648,4147.90415,1
1790477700,0.4648,0.4648,0.4648,0.4648,0.0000,0.0,0
1790478000,0.4648,0.4648,0.4648,0.4648,0.0000,0.0,0
1790478300,0.4648,0.4648,0.4648,0.4648,0.0000,0.0,0
1790478600,0.4616,0.4616,0.4616,0.4616,0.4616,216.63778,1
1790478900,0.4616,0.4616,0.4616,0.4616,0.0000,0.0,0
1790479200,0.4616,0.4616,0.4597,0.4597,0.4607,29491.86323,15
1790479500,0.4597,0.4597,0.4597,0.4597,0.0000,0.0,0
1790479800,0.4597,0.4597,0.4597,0.4597,0.0000,0.0,0
1790480100,0.4624,0.4624,0.4624,0.4624,0.4624,23.00444,1
1790480400,0.4631,0.4631,0.4631,0.4631,0.4631,53.77152,2
1790480700,0.4631,0.4631,0.4631,0.4631,0.0000,0.0,0
1790481000,0.4631,0.4631,0.4631,0.4631,0.0000,0.0,0
1790481300,0.4631,0.4631,0.4631,0.4631,0.0000,0.0,0
1790481600,0.4631,0.4631,0.4631,0.4631,0.0000,0.0,0
1790481900,0.4601,0.4601,0.4601,0.4601,0.4601,1652.8604,1
1790482200,0.4601,0.4601,0.4601,0.4601,0.0000,0.0,0
1790482500,0.4595,0.4595,0.4595,0.4595,0.4595,21.74858,1
1790482800,0.4595,0.4595,0.4595,0.4595,0.0000,0.0,0
1790483100,0.4571,0.4571,0.4493,0.4493,0.4532,45161.96306,19
1790483400,0.4493,0.4493,0.4493,0.4493,0.0000,0.0,0
1790483700,0.4493,0.4493,0.4493,0.4493,0.0000,0.0,0
1790484000,0.4493,0.4493,0.4493,0.4493,0.0000,0.0,0
1790484300,0.4541,0.4541,0.4541,0.4541,0.4541,53.77152,1
1790484600,0.4541,0.4541,0.4541,0.4541,0.0000,0.0,0
1790484900,0.4541,0.4541,0.4541,0.4541,0.0000,0.0,0
1790485200,0.4541,0.4541,0.4541,0.4541,0.0000,0.0,0
1790485500,0.4559,0.4559,0.4559,0.4559,0.4559,3617.29036,1
1790485800,0.4559,0.4559,0.4559,0.4559,0.0000,0.0,0
1790486100,0.4559,0.4559,0.4559,0.4559,0.0000,0.0,0
1790486400,0.4559,0.4559,0.4559,0.4559,0.0000,0.0,0
1790486700,0.4554,0.4554,0.4554,0.4554,0.4554,42662.71409,6
1790487000,0.4554,0.4554,0.4554,0.4554,0.0000,0.0,0
1790487300,0.4582,0.4582,0.4582,0.4582,0.4582,1873.47788,1
1790487600,0.4577,0.4577,0.4577,0.4577,0.4577,21.83882,1
1790487900,0.4577,0.4577,0.4577,0.4577,0.0000,0.0,0
1790488200,0.4577,0.4577,0.4577,0.4577,0.0000,0.0,0
1790488500,0.4577,0.4577,0.4577,0.4577,0.0000,0.0,0
1790488800,0.4577,0.4577,0.4577,0.4577,0.0000,0.0,0
1790489100,0.4634,0.4652,0.4626,0.464,0.4638,25461.86569,24
1790489400,0.4638,0.4638,0.4638,0.4638,0.4638,3328.43891,1
1790489700,0.4682,0.4684,0.4666,0.4684,0.4679,9687.68091,4
1790490000,0.4704,0.4708,0.4694,0.4694,0.4706,2404.13369,4
1790490300,0.4725,0.473,0.4725,0.473,0.4729,22043.23634,5
1790490600,0.473,0.473,0.473,0.473,0.0000,0.0,0
1790490900,0.473,0.473,0.473,0.473,0.0000,0.0,0
1790491200,0.4686,0.4692,0.4686,0.4692,0.4686,791.3274,3
1790491500,0.4701,0.4716,0.4701,0.4716,0.4715,785.8669,3
1790491800,0.4724,0.4771,0.4713,0.4771,0.4733,6279.6943,6
1790492100,0.4717,0.4717,0.4714,0.4714,0.4716,1695.67431,2
1790492400,0.4688,0.4688,0.4688,0.4688,0.4688,130.88738,2
1790492700,0.468,0.468,0.468,0.468,0.4680,138.76068,1
1790493000,0.4681,0.4682,0.468,0.468,0.4680,17942.49083,5
1790493300,0.468,0.468,0.468,0.468,0.0000,0.0,0
1790493600,0.4787,0.4788,0.4787,0.4788,0.4787,250.0,2
1790493900,0.4749,0.4749,0.4746,0.4746,0.4748,1605.60047,3
1790494200,0.4749,0.4749,0.4733,0.4738,0.4742,2553.95467,3
1790494500,0.4749,0.4749,0.4749,0.4749,0.4749,2854.19199,1
1790494800,0.4738,0.4738,0.4738,0.4738,0.4738,50.0,1
1790495100,0.4747,0.4747,0.4747,0.4747,0.4747,50.0,1
1790495400,0.4772,0.4779,0.4761,0.4761,0.4776,12222.50523,8
1790495700,0.4733,0.4733,0.472,0.472,0.4722,1211.28248,2
1790496000,0.4722,0.4743,0.4719,0.4743,0.4726,6652.8604,8
1790496300,0.473,0.4739,0.473,0.4739,0.4730,237.37075,2
1790496600,0.4739,0.4739,0.4739,0.4739,0.0000,0.0,0
1790496900,0.4746,0.4751,0.4746,0.4751,0.4748,3500.0,4
1790497200,0.477,0.477,0.477,0.477,0.4770,1000.0,1
1790497500,0.477,0.477,0.477,0.477,0.0000,0.0,0
1790497800,0.4771,0.4781,0.4771,0.4781,0.4777,1500.0,3
1790498100,0.478,0.478,0.4766,0.4766,0.4771,3418.17788,6
1790498400,0.4776,0.4786,0.4775,0.4786,0.4780,3331.06165,3
1790498700,0.479,0.479,0.4782,0.4782,0.4783,10251.83529,7
1790499000,0.4782,0.4869,0.4775,0.4857,0.4794,8247.96952,11
1790499300,0.4848,0.4848,0.4812,0.4812,0.4823,3311.77129,7
1790499600,0.481,0.481,0.4805,0.4805,0.4807,2000.0,2
1790499900,0.4809,0.4809,0.4809,0.4809,0.4809,500.0,1
1790500200,0.4808,0.4808,0.4806,0.4806,0.4806,2518.13476,2
1790500500,0.4806,0.4806,0.4806,0.4806,0.0000,0.0,0
1790500800,0.4821,0.4831,0.482,0.482,0.4830,1073.84679,3
1790501100,0.4819,0.4843,0.4817,0.4822,0.4820,2960.43082,5
1790501400,0.4821,0.4823,0.4811,0.4823,0.4818,1462.57568,5
1790501700,0.4851,0.4944,0.485,0.4933,0.4891,5787.77242,11
1790502000,0.4931,0.4931,0.4909,0.4909,0.4910,1709.66393,3
1790502300,0.4909,0.4909,0.4909,0.4909,0.0000,0.0,0
1790502600,0.4925,0.4925,0.4915,0.4915,0.4924,31686.76099,12
1790502900,0.4913,0.498,0.4913,0.498,0.4940,3494.76793,6
1790503200,0.4961,0.5,0.4961,0.4992,0.4978,24733.02664,16
1790503500,0.4987,0.4994,0.4908,0.4989,0.4944,85751.85838,58
1790503800,0.4929,0.4929,0.4897,0.4897,0.4914,5754.24648,12
1790504100,0.4902,0.493,0.4898,0.4907,0.4914,8433.43998,9
1790504400,0.4965,0.4965,0.4953,0.4959,0.4959,6000.0,7
1790504700,0.4962,0.4983,0.4933,0.4983,0.4961,38952.36945,19
1790505000,0.4983,0.4983,0.4983,0.4983,0.0000,0.0,0
1790505300,0.4979,0.5045,0.4979,0.4983,0.5003,11240.23858,11
1790505600,0.5,0.5009,0.5,0.5009,0.5000,2043.55582,2
1790505900,0.5009,0.5009,0.5009,0.5009,0.0000,0.0,0
1790506200,0.5021,0.5021,0.5007,0.5008,0.5018,4983.8211,5
1790506500,0.4945,0.4945,0.4945,0.4945,0.4945,44.12126,1
1790506800,0.4945,0.4945,0.4945,0.4945,0.0000,0.0,0
1790507100,0.4945,0.4945,0.4935,0.4935,0.4943,600.0,3
1790507400,0.4969,0.4991,0.4969,0.4991,0.4974,91.43805,3
1790507700,0.4968,0.4968,0.4968,0.4968,0.4968,50.0,1
1790508000,0.4968,0.4968,0.4968,0.4968,0.0000,0.0,0
1790508300,0.4999,0.4999,0.4999,0.4999,0.4999,48.99999,1
1790508600,0.5024,0.5151,0.5024,0.51,0.5065,29265.68191,30
1790508900,0.5124,0.5125,0.5061,0.5061,0.5100,5698.92128,6
1790509200,0.5028,0.5028,0.5021,0.5026,0.5025,106.33204,4
1790509500,0.5039,0.5039,0.5031,0.5031,0.5037,2381.62658,4
1790509800,0.5039,0.506,0.5026,0.506,0.5037,2547.98885,3
1790510100,0.5081,0.5081,0.5081,0.5081,0.5081,4536.36035,1
1790510400,0.51,0.5107,0.5096,0.5107,0.5098,4041.12957,6
1790510700,0.5081,0.5081,0.508,0.508,0.5080,79.73768,2
1790511000,0.508,0.508,0.508,0.508,0.0000,0.0,0
1790511300,0.505,0.505,0.505,0.505,0.5050,203.4135,1
1790511600,0.5097,0.5097,0.5097,0.5097,0.5097,59.621,2
1790511900,0.5084,0.5084,0.5084,0.5084,0.5084,1552.90081,1
1790512200,0.5074,0.5074,0.5074,0.5074,0.5074,1557.22556,1
1790512500,0.5101,0.5101,0.5079,0.5079,0.5087,2264.03023,4
1790512800,0.5131,0.5131,0.5111,0.5111,0.5123,9537.85627,6
1790513100,0.5151,0.5156,0.5102,0.5102,0.5113,26010.08299,16
1790513400,0.5095,0.5095,0.5082,0.5082,0.5092,10736.00025,6
1790513700,0.5088,0.5088,0.5075,0.5075,0.5081,97.76818,2
1790514000,0.5001,0.5036,0.4963,0.4964,0.5001,37788.11363,24
1790514300,0.4977,0.4977,0.4952,0.4952,0.4972,12426.81411,6
1790514600,0.498,0.498,0.498,0.498,0.4980,1652.8604,1
1790514900,0.498,0.498,0.498,0.498,0.0000,0.0,0
1790515200,0.498,0.498,0.498,0.498,0.0000,0.0,0
1790515500,0.498,0.498,0.498,0.498,0.0000,0.0,0
1790515800,0.498,0.498,0.498,0.498,0.0000,0.0,0
1790516100,0.498,0.498,0.498,0.498,0.0000,0.0,0
1790516400,0.5112,0.5134,0.51,0.51,0.5122,15346.78071,14
1790516700,0.51,0.51,0.51,0.51,0.0000,0.0,0
1790517000,0.5095,0.5095,0.5095,0.5095,0.5095,98.13542,1
1790517300,0.5095,0.5095,0.5095,0.5095,0.0000,0.0,0
1790517600,0.5095,0.5095,0.5095,0.5095,0.0000,0.0,0
1790517900,0.5095,0.5095,0.5095,0.5095,0.0000,0.0,0
1790518200,0.5056,0.5056,0.5025,0.5025,0.5028,4975.72449,5
1790518500,0.5008,0.5008,0.4997,0.4997,0.5007,1625.85568,2
1790518800,0.4997,0.4997,0.4997,0.4997,0.0000,0.0,0
1790519100,0.4956,0.4956,0.4953,0.4953,0.4955,1788.66969,2
1790519400,0.498,0.4989,0.498,0.4989,0.4986,187.0747,2
1790519700,0.4989,0.4989,0.4989,0.4989,0.0000,0.0,0
1790520000,0.4945,0.4947,0.492,0.4947,0.4936,8361.53739,9
1790520300,0.4973,0.4973,0.4973,0.4973,0.4973,14.68972,1
1790520600,0.5029,0.5029,0.5029,0.5029,0.5029,52.58277,1
1790520900,0.5,0.5,0.5,0.5,0.5000,59.9998,1
1790521200,0.4943,0.4943,0.4943,0.4943,0.4943,202.30007,1
1790521500,0.488,0.4909,0.4879,0.4909,0.4881,2149.91099,3
1790521800,0.4909,0.4909,0.4897,0.4897,0.4898,1449.14222,4
1790522100,0.4944,0.4944,0.4923,0.4923,0.4923,821.71116,2
1790522400,0.4886,0.4928,0.487,0.4928,0.4885,8602.76089,8
1790522700,0.4928,0.4928,0.4928,0.4928,0.0000,0.0,0
1790523000,0.4928,0.4928,0.4928,0.4928,0.0000,0.0,0
1790523300,0.4852,0.4859,0.4852,0.4859,0.4853,246.87419,2
1790523600,0.4863,0.4863,0.4863,0.4863,0.4863,1625.77746,1
1790523900,0.4835,0.4835,0.4835,0.4835,0.4835,25.04511,1
1790524200,0.4835,0.4835,0.4835,0.4835,0.0000,0.0,0
1790524500,0.4843,0.4861,0.4843,0.4861,0.4854,1559.13626,4
1790524800,0.4861,0.4861,0.4861,0.4861,0.0000,0.0,0
1790525100,0.4888,0.4888,0.4888,0.4888,0.4888,53.9793,1
1790525400,0.4888,0.4888,0.4888,0.4888,0.0000,0.0,0
1790525700,0.4888,0.4888,0.4888,0.4888,0.0000,0.0,0
1790526000,0.4888,0.4888,0.4888,0.4888,0.0000,0.0,0
1790526300,0.4888,0.4888,0.4888,0.4888,0.0000,0.0,0
1790526600,0.4911,0.4917,0.4911,0.4917,0.4914,1215.64,2
1790526900,0.4917,0.4917,0.4917,0.4917,0.0000,0.0,0
1790527200,0.4917,0.4917,0.4917,0.4917,0.0000,0.0,0
1790527500,0.4917,0.4917,0.4917,0.4917,0.0000,0.0,0
1790527800,0.4959,0.4968,0.4959,0.4968,0.4962,5821.69274,4
1790528100,0.4938,0.4938,0.4938,0.4938,0.4938,50.0,1
1790528400,0.4916,0.4916,0.4914,0.4914,0.4915,304.18153,2
1790528700,0.4914,0.4914,0.4914,0.4914,0.0000,0.0,0
1790529000,0.4914,0.4914,0.4914,0.4914,0.0000,0.0,0
1790529300,0.4914,0.4914,0.4914,0.4914,0.0000,0.0,0
1790529600,0.495,0.495,0.495,0.495,0.4950,500.0,1
1790529900,0.495,0.495,0.495,0.495,0.0000,0.0,0
1790530200,0.4907,0.4907,0.4898,0.4898,0.4903,3050.0,4
1790530500,0.4918,0.4921,0.4918,0.4921,0.4918,2056.96649,2
1790530800,0.4921,0.4921,0.4921,0.4921,0.0000,0.0,0
1790531100,0.489,0.489,0.489,0.489,0.4890,1616.0793,1
1790531400,0.4887,0.4887,0.4871,0.4871,0.4872,1327.48304,4
1790531700,0.4871,0.4871,0.4871,0.4871,0.0000,0.0,0
1790532000,0.4871,0.4871,0.4871,0.4871,0.0000,0.0,0
1790532300,0.4871,0.4871,0.4871,0.4871,0.0000,0.0,0
1790532600,0.4907,0.4938,0.4906,0.4938,0.4935,728.79917,4
1790532900,0.4938,0.4938,0.4938,0.4938,0.0000,0.0,0
1790533200,0.4961,0.4972,0.4958,0.4958,0.4964,4300.2757,4
1790533500,0.4958,0.4958,0.4958,0.4958,0.0000,0.0,0
1790533800,0.4941,0.4943,0.4941,0.4943,0.4941,4797.5334,3
1790534100,0.493,0.493,0.493,0.493,0.4930,53.52067,1
1790534400,0.4939,0.4939,0.4939,0.4939,0.4939,181.2111,1
1790534700,0.4967,0.4967,0.4967,0.4967,0.4967,201.32876,1
1790535000,0.4993,0.5001,0.4993,0.5001,0.5000,722.35628,2
1790535300,0.5001,0.5001,0.5001,0.5001,0.0000,0.0,0
1790535600,0.4938,0.494,0.4938,0.494,0.4938,6095.79659,2
1790535900,0.4921,0.4921,0.4911,0.4911,0.4919,3455.7208,6
1790536200,0.497,0.497,0.497,0.497,0.4970,1593.12136,1
1790536500,0.497,0.497,0.497,0.497,0.0000,0.0,0
1790536800,0.497,0.497,0.497,0.497,0.0000,0.0,0
1790537100,0.4936,0.4936,0.4936,0.4936,0.4936,1601.41777,1
1790537400,0.4917,0.4917,0.4917,0.4917,0.4917,100.0,1
1790537700,0.4916,0.4916,0.4916,0.4916,0.4916,167.3629,1
1790538000,0.4916,0.4916,0.4916,0.4916,0.0000,0.0,0
1790538300,0.491,0.491,0.491,0.491,0.4910,1607.68494,1
1790538600,0.4916,0.4918,0.4916,0.4918,0.4917,4281.54101,3
1790538900,0.4918,0.4918,0.4918,0.4918,0.0000,0.0,0
1790539200,0.4938,0.4938,0.4938,0.4938,0.4938,230.529,1
1790539500,0.4938,0.4938,0.4938,0.4938,0.0000,0.0,0
1790539800,0.4954,0.4954,0.495,0.495,0.4951,4329.36714,5
1790540100,0.495,0.495,0.495,0.495,0.4950,22.44592,1
1790540400,0.4901,0.4903,0.4893,0.4903,0.4896,5177.81442,7
1790540700,0.4909,0.4911,0.4871,0.4871,0.4909,4861.93856,6
1790541000,0.4871,0.4871,0.4871,0.4871,0.0000,0.0,0
1790541300,0.4883,0.4883,0.4883,0.4883,0.4883,1615.65443,1
1790541600,0.4888,0.4904,0.4888,0.4904,0.4890,3725.88828,4
1790541900,0.4901,0.4901,0.4901,0.4901,0.4901,1652.8604,1
1790542200,0.4864,0.4864,0.486,0.486,0.4862,2171.51362,2
1790542500,0.486,0.486,0.486,0.486,0.0000,0.0,0
1790542800,0.4881,0.4881,0.4881,0.4881,0.4881,1117.19793,1
1790543100,0.4879,0.4879,0.4876,0.4876,0.4876,2363.61245,3
1790543400,0.4896,0.4896,0.4891,0.4891,0.4893,29.38672,2
1790543700,0.4895,0.4895,0.4895,0.4895,0.4895,1414.1358,1
1790544000,0.49,0.49,0.49,0.49,0.4900,64.80102,1
1790544300,0.49,0.49,0.49,0.49,0.0000,0.0,0
1790544600,0.4871,0.4871,0.4848,0.4848,0.4853,6140.50894,5
1790544900,0.4865,0.4879,0.4774,0.484,0.4825,19952.3343,18
1790545200,0.484,0.4845,0.4839,0.4845,0.4840,70498.2769,18
1790545500,0.4845,0.4845,0.4845,0.4845,0.0000,0.0,0
1790545800,0.4845,0.4845,0.4845,0.4845,0.0000,0.0,0
1790546100,0.4845,0.4845,0.4845,0.4845,0.0000,0.0,0
1790546400,0.4895,0.4895,0.4823,0.4823,0.4890,40506.06109,14
1790546700,0.4822,0.4822,0.48,0.48,0.4801,50040.25609,13
1790547000,0.4796,0.4803,0.4782,0.4782,0.4789,6890.51891,9
1790547300,0.4761,0.4761,0.4704,0.4723,0.4740,8950.5941,10
1790547600,0.4723,0.4723,0.4723,0.4723,0.0000,0.0,0
1790547900,0.4795,0.4795,0.4795,0.4795,0.4795,208.55057,1
1790548200,0.4787,0.4787,0.4774,0.4774,0.4785,1200.0,3
1790548500,0.4756,0.4789,0.4756,0.4789,0.4769,3000.0,3
1790548800,0.4787,0.4787,0.4786,0.4786,0.4786,3305.7208,2
1790549100,0.4786,0.4786,0.4786,0.4786,0.0000,0.0,0
1790549400,0.4792,0.4808,0.4792,0.4808,0.4796,4111.5031,6
1790549700,0.4808,0.4808,0.4808,0.4808,0.0000,0.0,0
1790550000,0.481,0.481,0.4806,0.4806,0.4808,4206.1634,5
1790550300,0.4806,0.4806,0.4779,0.4779,0.4791,3000.0,4
1790550600,0.478,0.4783,0.478,0.4783,0.4782,1500.0,2
1790550900,0.4783,0.4783,0.4783,0.4783,0.0000,0.0,0
1790551200,0.479,0.479,0.479,0.479,0.4790,1000.0,1
1790551500,0.479,0.479,0.479,0.479,0.0000,0.0,0
1790551800,0.4792,0.4796,0.4792,0.4796,0.4794,2000.0,2
1790552100,0.4786,0.4786,0.4782,0.4783,0.4783,3033.7776,6
1790552400,0.4774,0.4774,0.4773,0.4773,0.4773,1500.0,2
1790552700,0.4773,0.4773,0.4773,0.4773,0.0000,0.0,0
1790553000,0.4795,0.4805,0.4795,0.4804,0.4800,1477.83044,4
1790553300,0.4788,0.4788,0.4788,0.4788,0.4788,3301.19502,2
1790553600,0.4786,0.4798,0.4785,0.4798,0.4787,6306.25458,5
1790553900,0.4798,0.4798,0.4798,0.4798,0.0000,0.0,0
1790554200,0.4748,0.4748,0.4748,0.4748,0.4748,1664.72857,1
1790554500,0.4748,0.4748,0.4748,0.4748,0.0000,0.0,0
1790554800,0.4816,0.4817,0.4816,0.4817,0.4816,2000.0,3
1790555100,0.4817,0.4817,0.4801,0.4801,0.4806,2626.47502,2
1790555400,0.4784,0.4793,0.4763,0.4763,0.4780,4000.0,4
1790555700,0.4763,0.4763,0.4763,0.4763,0.0000,0.0,0
1790556000,0.4763,0.4763,0.4763,0.4763,0.0000,0.0,0
1790556300,0.4763,0.4763,0.4763,0.4763,0.0000,0.0,0
1790556600,0.4813,0.4813,0.4794,0.4794,0.4803,2000.0,2
1790556900,0.4769,0.4769,0.4747,0.475,0.4756,9000.0,9
1790557200,0.4741,0.4758,0.4734,0.4747,0.4744,9766.50417,11
1790557500,0.4747,0.4761,0.4747,0.4761,0.4756,1728.06143,3
1790557800,0.4755,0.4755,0.4712,0.4712,0.4730,9871.56059,11
1790558100,0.4705,0.4709,0.4683,0.4693,0.4699,31049.25119,25
1790558400,0.4693,0.4693,0.4693,0.4693,0.0000,0.0,0
1790558700,0.4693,0.4693,0.4693,0.4693,0.0000,0.0,0
1790559000,0.4693,0.4693,0.4693,0.4693,0.0000,0.0,0
1790559300,0.4693,0.4693,0.4693,0.4693,0.0000,0.0,0
1790559600,0.4693,0.4693,0.4693,0.4693,0.0000,0.0,0
1790559900,0.4656,0.4656,0.4656,0.4656,0.4656,2436.00274,1
1790560200,0.4648,0.4685,0.4642,0.4685,0.4649,2338.34517,5
1790560500,0.4685,0.4685,0.4685,0.4685,0.0000,0.0,0
1790560800,0.466,0.4678,0.4658,0.4678,0.4662,6260.02781,7
1790561100,0.4681,0.4681,0.4681,0.4681,0.4681,1645.3499,1
1790561400,0.4711,0.4711,0.4711,0.4711,0.4711,212.26915,1
1790561700,0.4711,0.4711,0.4711,0.4711,0.0000,0.0,0
1790562000,0.4711,0.4711,0.4711,0.4711,0.0000,0.0,0
1790562300,0.4711,0.4711,0.4711,0.4711,0.0000,0.0,0
1790562600,0.4659,0.4659,0.4652,0.4652,0.4652,3450.65808,4
1790562900,0.4667,0.4667,0.4661,0.4661,0.4663,3819.11702,2
1790563200,0.4663,0.4667,0.4663,0.4667,0.4665,5482.87321,2
1790563500,0.4667,0.4667,0.4667,0.4667,0.0000,0.0,0
1790563800,0.4639,0.4639,0.4638,0.4638,0.4638,3093.08662,2
1790564100,0.4661,0.4661,0.4656,0.4656,0.4658,3766.89063,3
1790564400,0.4656,0.4656,0.4656,0.4656,0.0000,0.0,0
1790564700,0.4656,0.4656,0.4656,0.4656,0.0000,0.0,0
1790565000,0.4628,0.4628,0.4628,0.4628,0.4628,446.4303,1
1790565300,0.4628,0.4628,0.4628,0.4628,0.0000,0.0,0
1790565600,0.4628,0.4628,0.4628,0.4628,0.0000,0.0,0
1790565900,0.461,0.461,0.4578,0.4591,0.4586,14383.06981,7
1790566200,0.4597,0.4597,0.4584,0.4593,0.4591,44132.93956,14
1790566500,0.4586,0.4586,0.4586,0.4586,0.4586,762.95,2
1790566800,0.4606,0.4632,0.4606,0.4632,0.4619,3468.92356,3
1790567100,0.4632,0.4632,0.4632,0.4632,0.0000,0.0,0
1790567400,0.464,0.464,0.464,0.464,0.4640,41889.63362,8
1790567700,0.4625,0.4625,0.4622,0.4622,0.4623,3361.98352,2
1790568000,0.4609,0.4609,0.4602,0.4602,0.4606,3500.0,5
1790568300,0.4606,0.4637,0.4606,0.4637,0.4625,12954.54408,9
1790568600,0.4626,0.4626,0.4615,0.4615,0.4624,1957.84717,3
1790568900,0.4615,0.4615,0.4615,0.4615,0.0000,0.0,0
1790569200,0.4615,0.4615,0.4615,0.4615,0.0000,0.0,0
1790569500,0.4662,0.4662,0.466,0.466,0.4660,2152.8604,2
1790569800,0.4649,0.4649,0.4649,0.4649,0.4649,1000.0,1
1790570100,0.4667,0.4667,0.466,0.466,0.4662,7451.58479,6
1790570400,0.4677,0.4678,0.467,0.467,0.4676,5698.45139,5
1790570700,0.4665,0.4665,0.4659,0.466,0.4663,6476.24152,3
1790571000,0.4671,0.4671,0.4671,0.4671,0.4671,1666.2599,2
1790571300,0.467,0.467,0.467,0.467,0.4670,97.74288,1
1790571600,0.4673,0.4673,0.4638,0.4638,0.4653,6050.0,7
1790571900,0.4615,0.4615,0.4606,0.4606,0.4611,2000.0,3
1790572200,0.4606,0.4606,0.4571,0.4591,0.4585,4756.7687,8
1790572500,0.4585,0.4585,0.4585,0.4585,0.4585,1724.91685,1
1790572800,0.4585,0.4585,0.4585,0.4585,0.0000,0.0,0
1790573100,0.459,0.4591,0.459,0.4591,0.4590,1133.41638,2
1790573400,0.4568,0.4568,0.4554,0.4557,0.4560,7617.8082,13
1790573700,0.4544,0.4544,0.4542,0.4542,0.4542,2505.38248,3
1790574000,0.4597,0.4601,0.4591,0.4601,0.4598,4958.1695,5
1790574300,0.461,0.461,0.4596,0.4596,0.4604,4152.8604,4
1790574600,0.4596,0.4596,0.4596,0.4596,0.0000,0.0,0
1790574900,0.4596,0.4596,0.4596,0.4596,0.0000,0.0,0
1790575200,0.4596,0.4596,0.4596,0.4596,0.0000,0.0,0
1790575500,0.4596,0.4596,0.4596,0.4596,0.4596,1718.90718,1
1790575800,0.4619,0.4619,0.4594,0.4594,0.4613,195.083,2
1790576100,0.4583,0.4583,0.4583,0.4583,0.4583,500.0,1
1790576400,0.4563,0.4563,0.4556,0.4556,0.4557,4848.41514,4
1790576700,0.4554,0.4554,0.4554,0.4554,0.4554,219.58621,1
1790577000,0.4554,0.4554,0.4554,0.4554,0.0000,0.0,0
1790577300,0.4554,0.4554,0.4554,0.4554,0.0000,0.0,0
1790577600,0.4554,0.4554,0.4554,0.4554,0.0000,0.0,0
1790577900,0.4554,0.4554,0.4554,0.4554,0.0000,0.0,0
1790578200,0.457,0.457,0.4568,0.4568,0.4569,437.37351,2
1790578500,0.4563,0.4563,0.4563,0.4563,0.4563,1133.41638,1
1790578800,0.4599,0.4599,0.4599,0.4599,0.4599,86.43213,1
1790579100,0.4599,0.4599,0.4599,0.4599,0.0000,0.0,0
1790579400,0.455,0.455,0.4539,0.4539,0.4546,172.21129,2
1790579700,0.4538,0.4538,0.4538,0.4538,0.4538,208.51835,1
1790580000,0.4545,0.4545,0.4511,0.4511,0.4523,2871.32272,3
1790580300,0.4517,0.4517,0.4517,0.4517,0.4517,1000.0,1
1790580600,0.4505,0.4507,0.45,0.45,0.4505,730.20931,4
1790580900,0.4514,0.4521,0.4514,0.4521,0.4520,1048.99999,2
1790581200,0.4526,0.4526,0.4519,0.4519,0.4521,2000.0,3
1790581500,0.4519,0.4519,0.4519,0.4519,0.0000,0.0,0
1790581800,0.4497,0.4497,0.4484,0.4486,0.4491,1746.23694,3
1790582100,0.4497,0.4497,0.4469,0.4469,0.4488,7876.28068,9
1790582400,0.4476,0.4513,0.4476,0.4512,0.4498,4566.84646,6
1790582700,0.4501,0.4501,0.4501,0.4501,0.4501,100.0,1
1790583000,0.4509,0.4516,0.4509,0.4516,0.4509,3560.71548,3
1790583300,0.4516,0.4516,0.4516,0.4516,0.0000,0.0,0
1790583600,0.4516,0.4516,0.4516,0.4516,0.0000,0.0,0
1790583900,0.4531,0.4531,0.4513,0.4513,0.4521,281.94397,2
1790584200,0.4513,0.4513,0.4513,0.4513,0.0000,0.0,0
1790584500,0.4503,0.4504,0.4498,0.4498,0.4502,2687.95537,3
1790584800,0.4486,0.4486,0.4486,0.4486,0.4486,1003.67573,2
1790585100,0.4474,0.4481,0.446,0.4481,0.4466,39894.97016,13
1790585400,0.4481,0.4481,0.4481,0.4481,0.0000,0.0,0
1790585700,0.4501,0.4503,0.4501,0.4503,0.4501,3215.8704,3
1790586000,0.445,0.445,0.4449,0.4449,0.4449,25285.67295,6
1790586300,0.4434,0.4436,0.4427,0.4427,0.4431,7081.0911,10
1790586600,0.4446,0.4446,0.4446,0.4446,0.4446,88.16437,1
1790586900,0.4485,0.4485,0.4477,0.4484,0.4481,3179.1295,4
1790587200,0.4481,0.4487,0.4456,0.4456,0.4470,3629.5237,7
1790587500,0.4456,0.4456,0.4456,0.4456,0.0000,0.0,0
1790587800,0.4456,0.4456,0.4432,0.4432,0.4455,1712.33551,2
1790588100,0.4432,0.4432,0.4432,0.4432,0.0000,0.0,0
1790588400,0.4422,0.4422,0.4422,0.4422,0.4422,29.73846,1
1790588700,0.4422,0.4422,0.4422,0.4422,0.0000,0.0,0
1790589000,0.4441,0.4442,0.4441,0.4442,0.4441,5336.64873,3
1790589300,0.4439,0.4439,0.4437,0.4437,0.4438,3565.47208,2
1790589600,0.4437,0.4437,0.4437,0.4437,0.0000,0.0,0
1790589900,0.4437,0.4437,0.4437,0.4437,0.0000,0.0,0
1790590200,0.4437,0.4437,0.4437,0.4437,0.0000,0.0,0
1790590500,0.4427,0.4427,0.4427,0.4427,0.4427,183.94998,1
1790590800,0.4427,0.4427,0.4427,0.4427,0.0000,0.0,0
1790591100,0.4427,0.4427,0.4427,0.4427,0.0000,0.0,0
1790591400,0.4427,0.4427,0.4427,0.4427,0.0000,0.0,0
1790591700,0.4489,0.4489,0.4489,0.4489,0.4489,78.36125,1
1790592000,0.4489,0.4489,0.4489,0.4489,0.0000,0.0,0
1790592300,0.4493,0.4493,0.4493,0.4493,0.4493,1000.0,1
1790592600,0.4493,0.4493,0.4493,0.4493,0.0000,0.0,0
1790592900,0.4493,0.4493,0.4493,0.4493,0.0000,0.0,0
1790593200,0.4507,0.4527,0.4507,0.4521,0.4521,4654.1161,7
1790593500,0.4505,0.4505,0.4505,0.4505,0.4505,213.79515,1
1790593800,0.4505,0.4505,0.4501,0.4501,0.4504,1050.0,3
1790594100,0.4496,0.4503,0.4496,0.4499,0.4500,2936.81351,5
1790594400,0.4494,0.4494,0.4463,0.4492,0.4490,4147.99999,7
1790594700,0.4498,0.4498,0.4482,0.4482,0.4483,1111.16052,2
1790595000,0.4482,0.4482,0.4482,0.4482,0.0000,0.0,0
1790595300,0.4482,0.4482,0.4482,0.4482,0.0000,0.0,0
1790595600,0.4482,0.4482,0.4482,0.4482,0.0000,0.0,0
1790595900,0.4482,0.4482,0.4482,0.4482,0.0000,0.0,0
1790596200,0.4479,0.4479,0.4479,0.4479,0.4479,3533.48778,2
1790596500,0.4478,0.4478,0.4478,0.4478,0.4478,3766.31361,3
1790596800,0.4485,0.4485,0.4485,0.4485,0.4485,209.21168,1
1790597100,0.4532,0.4532,0.4532,0.4532,0.4532,1000.0,1
1790597400,0.4539,0.4539,0.4524,0.4524,0.4530,3378.30422,4
1790597700,0.4566,0.4566,0.4559,0.4559,0.4561,3000.0,3
1790598000,0.4542,0.4549,0.4534,0.4546,0.4542,8442.49381,7
1790598300,0.4543,0.4552,0.4536,0.4544,0.4543,10772.41,13
1790598600,0.4534,0.4537,0.4534,0.4535,0.4534,6488.47382,5
1790598900,0.4558,0.4558,0.4534,0.4534,0.4546,5500.0,7
1790599200,0.4535,0.4535,0.453,0.453,0.4533,4500.0,5
1790599500,0.4571,0.4571,0.4544,0.4551,0.4555,13534.76159,16
1790599800,0.4551,0.4551,0.4551,0.4551,0.0000,0.0,0
1790600100,0.4568,0.4569,0.4547,0.4547,0.4555,14500.0,16
1790600400,0.4547,0.4547,0.4535,0.4535,0.4538,6489.23076,5
1790600700,0.4543,0.4543,0.4538,0.4538,0.4540,3000.0,3
1790601000,0.4527,0.4537,0.4518,0.4537,0.4526,6721.3359,9
1790601300,0.4541,0.4544,0.4537,0.4539,0.4540,8000.0,10
1790601600,0.4515,0.4515,0.4515,0.4515,0.4515,21437.42836,3
1790601900,0.4519,0.4542,0.4519,0.4542,0.4533,2500.0,3
1790602200,0.4548,0.4551,0.4519,0.4519,0.4533,12500.0,14
1790602500,0.4527,0.4531,0.451,0.451,0.4520,4549.49999,6
1790602800,0.4528,0.4528,0.4517,0.4517,0.4522,5500.0,6
1790603100,0.4515,0.4526,0.4503,0.4505,0.4511,6549.49999,9
1790603400,0.4501,0.4501,0.4472,0.4475,0.4484,7314.77718,8
1790603700,0.4507,0.4507,0.4481,0.4481,0.4498,7327.9118,9
1790604000,0.4459,0.4459,0.4447,0.4459,0.4458,1100.0,3
1790604300,0.4455,0.4473,0.4447,0.4473,0.4457,7093.79178,11
1790604600,0.4456,0.4473,0.4449,0.4449,0.4458,5550.27307,9
1790604900,0.4435,0.4435,0.4374,0.4391,0.4400,25019.5208,23
1790605200,0.4427,0.4427,0.4427,0.4427,0.4427,279.36225,1
1790605500,0.442,0.4422,0.4321,0.4324,0.4382,20382.52792,19
1790605800,0.4321,0.4321,0.432,0.432,0.4320,1839.18049,2
1790606100,0.4355,0.4355,0.433,0.435,0.4349,43079.77455,9
1790606400,0.4341,0.4341,0.4193,0.4193,0.4272,12280.40474,17
1790606700,0.4264,0.4272,0.426,0.426,0.4263,1199.00334,3
1790607000,0.4254,0.4254,0.4241,0.4241,0.4243,5957.01276,3
1790607300,0.4267,0.4284,0.4261,0.4278,0.4272,8854.81409,8
1790607600,0.4278,0.4278,0.4278,0.4278,0.0000,0.0,0
1790607900,0.4236,0.4238,0.4225,0.4238,0.4231,6543.48729,8
1790608200,0.4268,0.4269,0.4234,0.4251,0.4241,36041.43505,19
1790608500,0.4256,0.4256,0.4236,0.4236,0.4236,1706.90175,2
1790608800,0.4236,0.4236,0.4236,0.4236,0.0000,0.0,0
1790609100,0.4254,0.4254,0.4253,0.4253,0.4253,1500.0,2
1790609400,0.4253,0.4253,0.4253,0.4253,0.0000,0.0,0
1790609700,0.4253,0.4253,0.4253,0.4253,0.0000,0.0,0
1790610000,0.4253,0.4253,0.4253,0.4253,0.0000,0.0,0
1790610300,0.4253,0.4253,0.4253,0.4253,0.0000,0.0,0
1790610600,0.4284,0.4284,0.4284,0.4284,0.4284,620.28478,1
1790610900,0.4284,0.4284,0.4284,0.4284,0.0000,0.0,0
1790611200,0.4295,0.4295,0.4259,0.4259,0.4284,15967.57002,14
1790611500,0.4259,0.4259,0.4259,0.4259,0.0000,0.0,0
1790611800,0.4259,0.4259,0.4259,0.4259,0.0000,0.0,0
1790612100,0.4332,0.4363,0.4329,0.4348,0.4347,10089.42051,12
1790612400,0.4383,0.4383,0.4369,0.4369,0.4374,6023.52,6
1790612700,0.438,0.4381,0.4369,0.4369,0.4378,43249.59064,13
1790613000,0.4381,0.4385,0.4381,0.4385,0.4381,2275.11919,3
1790613300,0.4388,0.4389,0.4357,0.4357,0.4386,1343.19825,4
1790613600,0.4362,0.4362,0.436,0.436,0.4360,34895.74442,6
1790613900,0.4343,0.4344,0.4331,0.4331,0.4342,2841.44067,4
1790614200,0.435,0.4356,0.435,0.4355,0.4353,3000.0,3
1790614500,0.4355,0.4355,0.4355,0.4355,0.0000,0.0,0
1790614800,0.4367,0.4367,0.4345,0.4345,0.4354,3054.14482,6
1790615100,0.4343,0.4343,0.4322,0.4332,0.4339,6549.49999,10
1790615400,0.4331,0.4393,0.4331,0.4383,0.4373,15017.23982,22
1790615700,0.4427,0.4427,0.4427,0.4427,0.4427,500.0,1
1790616000,0.4418,0.4418,0.4418,0.4418,0.4418,231.96016,1
1790616300,0.4387,0.4387,0.4371,0.4381,0.4381,4228.78059,7
1790616600,0.4414,0.4414,0.439,0.439,0.4398,2799.88,3
1790616900,0.4384,0.4392,0.4384,0.4392,0.4389,2821.49362,3
1790617200,0.4385,0.44,0.4385,0.44,0.4392,2000.0,2
1790617500,0.4403,0.4403,0.4387,0.4387,0.4391,4387.7186,7
1790617800,0.4376,0.4376,0.4372,0.4372,0.4373,3000.0,4
1790618100,0.4371,0.4371,0.4371,0.4371,0.4371,13.72369,1
1790618400,0.4368,0.439,0.4366,0.439,0.4378,3251.2438,6
1790618700,0.439,0.439,0.439,0.439,0.0000,0.0,0
1790619000,0.439,0.439,0.439,0.439,0.0000,0.0,0
1790619300,0.4392,0.4392,0.4387,0.4387,0.4391,1227.9462,2
1790619600,0.4384,0.4396,0.4383,0.4387,0.4387,3844.01212,6
1790619900,0.4387,0.4387,0.4387,0.4387,0.0000,0.0,0
1790620200,0.4373,0.4373,0.4366,0.4366,0.4369,2000.0,2
1790620500,0.4373,0.4373,0.4373,0.4373,0.4373,89.4123,1
1790620800,0.4373,0.4373,0.4373,0.4373,0.0000,0.0,0
1790621100,0.4373,0.4373,0.4373,0.4373,0.0000,0.0,0
1790621400,0.4373,0.4373,0.4373,0.4373,0.0000,0.0,0
1790621700,0.4373,0.4373,0.4373,0.4373,0.0000,0.0,0
1790622000,0.4378,0.4378,0.4375,0.4375,0.4376,3000.0,3
1790622300,0.434,0.434,0.4333,0.4333,0.4337,2672.53041,2
1790622600,0.4333,0.4333,0.4333,0.4333,0.0000,0.0,0
1790622900,0.4333,0.4333,0.4333,0.4333,0.0000,0.0,0
1790623200,0.4319,0.4319,0.4319,0.4319,0.4319,1000.0,1
1790623500,0.4319,0.4319,0.4319,0.4319,0.0000,0.0,0
1790623800,0.4314,0.4314,0.4298,0.4298,0.4299,257.09855,2
1790624100,0.4297,0.4297,0.4263,0.4272,0.4281,10560.16145,11
1790624400,0.4263,0.4263,0.4263,0.4263,0.4263,234.23947,1
1790624700,0.4249,0.4249,0.4244,0.4244,0.4246,887.7186,2
1790625000,0.4262,0.4262,0.4262,0.4262,0.4262,1000.0,1
1790625300,0.4236,0.4247,0.4234,0.4243,0.4240,6361.75769,6
1790625600,0.4254,0.4256,0.4225,0.4245,0.4248,5076.71885,7
1790625900,0.4288,0.4288,0.4288,0.4288,0.4288,66.9944,1
1790626200,0.4285,0.4285,0.4285,0.4285,0.4285,47.8413,1
1790626500,0.4285,0.4285,0.4285,0.4285,0.0000,0.0,0
1790626800,0.4285,0.4285,0.4285,0.4285,0.0000,0.0,0
1790627100,0.4285,0.4285,0.4285,0.4285,0.0000,0.0,0
1790627400,0.4274,0.4274,0.4274,0.4274,0.4274,51.28797,1
1790627700,0.4271,0.4271,0.4271,0.4271,0.4271,1000.0,1
1790628000,0.4275,0.4275,0.4262,0.4262,0.4268,5000.0,5
1790628300,0.4262,0.4262,0.4262,0.4262,0.0000,0.0,0
1790628600,0.4262,0.4262,0.4262,0.4262,0.0000,0.0,0
1790628900,0.4268,0.4268,0.4263,0.4264,0.4265,2500.0,3
1790629200,0.4299,0.4299,0.4289,0.4289,0.4293,9340.47974,10
1790629500,0.4291,0.4291,0.4291,0.4291,0.4291,43.09765,1
1790629800,0.4298,0.4299,0.4282,0.4288,0.4292,22631.52698,15
1790630100,0.4288,0.4288,0.4288,0.4288,0.0000,0.0,0
1790630400,0.4288,0.4288,0.4288,0.4288,0.0000,0.0,0
1790630700,0.4288,0.4288,0.4288,0.4288,0.0000,0.0,0
1790631000,0.4288,0.4288,0.4288,0.4288,0.0000,0.0,0
1790631300,0.4288,0.4288,0.4288,0.4288,0.0000,0.0,0
1790631600,0.4288,0.4288,0.4288,0.4288,0.0000,0.0,0
1790631900,0.4288,0.4288,0.4288,0.4288,0.0000,0.0,0
1790632200,0.4288,0.4288,0.4288,0.4288,0.0000,0.0,0
1790632500,0.4288,0.4288,0.4288,0.4288,0.0000,0.0,0
1790632800,0.4206,0.4206,0.4206,0.4206,0.4206,1225.89984,1
1790633100,0.4206,0.4206,0.4206,0.4206,0.0000,0.0,0
1790633400,0.4206,0.4206,0.4206,0.4206,0.0000,0.0,0
1790633700,0.4206,0.4206,0.4206,0.4206,0.0000,0.0,0
1790634000,0.4231,0.4231,0.4231,0.4231,0.4231,773.47822,1
1790634300,0.4231,0.4231,0.4231,0.4231,0.0000,0.0,0
1790634600,0.4231,0.4231,0.4231,0.4231,0.0000,0.0,0
1790634900,0.4231,0.4231,0.4231,0.4231,0.0000,0.0,0
1790635200,0.4231,0.4231,0.4231,0.4231,0.0000,0.0,0
1790635500,0.4261,0.4261,0.4261,0.4261,0.4261,234.68669,1
1790635800,0.4261,0.4261,0.4261,0.4261,0.0000,0.0,0
1790636100,0.4261,0.4261,0.4261,0.4261,0.0000,0.0,0
1790636400,0.426,0.426,0.426,0.426,0.4260,106.92054,1
1790636700,0.426,0.426,0.426,0.426,0.0000,0.0,0
1790637000,0.426,0.426,0.426,0.426,0.0000,0.0,0
1790637300,0.4284,0.4284,0.4284,0.4284,0.4284,91.26984,1
1790637600,0.4284,0.4284,0.4284,0.4284,0.0000,0.0,0
1790637900,0.4306,0.4306,0.4306,0.4306,0.4306,1325.41693,2
1790638200,0.4306,0.4306,0.4306,0.4306,0.0000,0.0,0
1790638500,0.4303,0.4303,0.4303,0.4303,0.4303,2339.6533,2
1790638800,0.4303,0.4303,0.4303,0.4303,0.0000,0.0,0
1790639100,0.43,0.43,0.43,0.43,0.4300,500.0,1
1790639400,0.4306,0.4306,0.4306,0.4306,0.4306,58.05852,1
1790639700,0.4306,0.4306,0.4306,0.4306,0.0000,0.0,0
1790640000,0.4306,0.4306,0.4306,0.4306,0.0000,0.0,0
1790640300,0.4306,0.4306,0.4306,0.4306,0.0000,0.0,0
1790640600,0.4332,0.4332,0.4332,0.4332,0.4332,500.0,1
1790640900,0.4332,0.4332,0.4332,0.4332,0.0000,0.0,0
1790641200,0.4332,0.4332,0.4332,0.4332,0.0000,0.0,0
1790641500,0.4332,0.4332,0.4332,0.4332,0.0000,0.0,0
1790641800,0.4332,0.4332,0.4332,0.4332,0.0000,0.0,0
1790642100,0.4353,0.4353,0.4353,0.4353,0.4353,1652.8604,1
1790642400,0.4354,0.4354,0.4354,0.4354,0.4354,1652.8604,1
1790642700,0.4354,0.4354,0.4354,0.4354,0.0000,0.0,0
1790643000,0.4308,0.4308,0.4302,0.4302,0.4305,2000.0,2
1790643300,0.4302,0.4302,0.4302,0.4302,0.0000,0.0,0
1790643600,0.429,0.429,0.429,0.429,0.4290,233.091,1
1790643900,0.4272,0.4272,0.4272,0.4272,0.4272,234.08136,1
1790644200,0.4273,0.4273,0.4273,0.4273,0.4273,1000.0,1
1790644500,0.4273,0.4273,0.4273,0.4273,0.0000,0.0,0
1790644800,0.4273,0.4273,0.4273,0.4273,0.0000,0.0,0
1790645100,0.4273,0.4273,0.4273,0.4273,0.0000,0.0,0
1790645400,0.4233,0.4233,0.4196,0.4206,0.4212,3754.91105,6
1790645700,0.4215,0.4215,0.4215,0.4215,0.4215,4608.78885,1
1790646000,0.4213,0.4216,0.4213,0.4216,0.4215,700.0,2
1790646300,0.4239,0.4251,0.4221,0.4221,0.4233,4700.0,10
1790646600,0.4217,0.4247,0.4217,0.4243,0.4235,1500.0,3
1790646900,0.4239,0.4239,0.4239,0.4239,0.4239,500.0,1
1790647200,0.4238,0.4238,0.4227,0.4227,0.4232,3000.0,6
1790647500,0.4201,0.4201,0.4191,0.4191,0.4194,2531.00357,6
1790647800,0.4188,0.4188,0.4166,0.4166,0.4172,7015.72299,6
1790648100,0.4182,0.4182,0.4182,0.4182,0.4182,500.0,1
1790648400,0.4145,0.4145,0.4145,0.4145,0.4145,1866.56307,1
1790648700,0.413,0.413,0.4127,0.4127,0.4128,2242.18513,5
1790649000,0.4127,0.4127,0.4127,0.4127,0.0000,0.0,0
1790649300,0.4127,0.4127,0.4127,0.4127,0.0000,0.0,0
1790649600,0.4136,0.4136,0.4136,0.4136,0.4136,500.0,1
1790649900,0.4146,0.4146,0.4146,0.4146,0.4146,500.0,1
1790650200,0.4129,0.4129,0.4107,0.4107,0.4111,4178.74927,9
1790650500,0.4108,0.4113,0.4106,0.4113,0.4108,5546.49806,4
1790650800,0.4134,0.4152,0.4134,0.415,0.4146,372.05666,5
1790651100,0.415,0.415,0.415,0.415,0.0000,0.0,0
1790651400,0.415,0.415,0.415,0.415,0.0000,0.0,0
1790651700,0.4147,0.4147,0.4147,0.4147,0.4147,1914.31898,1
1790652000,0.4163,0.4181,0.4156,0.4168,0.4159,2308.50048,7
1790652300,0.4168,0.4168,0.4168,0.4168,0.0000,0.0,0
1790652600,0.4171,0.4189,0.4171,0.4189,0.4173,557.69829,3
1790652900,0.4198,0.4198,0.4197,0.4197,0.4197,543.2626,4
1790653200,0.4197,0.4197,0.4197,0.4197,0.0000,0.0,0
1790653500,0.4197,0.4197,0.4197,0.4197,0.0000,0.0,0
1790653800,0.4185,0.4185,0.4179,0.4179,0.4181,93.6256,2
1790654100,0.4179,0.4179,0.4179,0.4179,0.0000,0.0,0
1790654400,0.4175,0.4175,0.4166,0.4166,0.4171,102.07011,2
1790654700,0.4164,0.4164,0.4164,0.4164,0.4164,64.50713,1
1790655000,0.4191,0.4194,0.4191,0.4194,0.4192,339.79635,3
1790655300,0.4189,0.4189,0.4189,0.4189,0.4189,260.60306,2
1790655600,0.4206,0.4206,0.4206,0.4206,0.4206,1652.8604,1
1790655900,0.4206,0.4206,0.4206,0.4206,0.0000,0.0,0
1790656200,0.4206,0.4206,0.4206,0.4206,0.0000,0.0,0
1790656500,0.4177,0.4177,0.4177,0.4177,0.4177,119.70313,1
1790656800,0.4177,0.4177,0.4177,0.4177,0.0000,0.0,0
1790657100,0.4177,0.4177,0.4177,0.4177,0.0000,0.0,0
1790657400,0.4177,0.4177,0.4177,0.4177,0.0000,0.0,0
1790657700,0.4177,0.4177,0.4177,0.4177,0.0000,0.0,0
1790658000,0.4177,0.4177,0.4177,0.4177,0.0000,0.0,0
1790658300,0.4177,0.4177,0.4177,0.4177,0.0000,0.0,0
1790658600,0.4177,0.4177,0.4177,0.4177,0.0000,0.0,0
1790658900,0.4177,0.4177,0.4177,0.4177,0.0000,0.0,0
1790659200,0.4177,0.4177,0.4177,0.4177,0.0000,0.0,0
1790659500,0.4177,0.4177,0.4177,0.4177,0.0000,0.0,0
1790659800,0.4177,0.4177,0.4177,0.4177,0.0000,0.0,0
1790660100,0.4177,0.4177,0.4177,0.4177,0.0000,0.0,0
1790660400,0.4177,0.4177,0.4177,0.4177,0.0000,0.0,0
1790660700,0.4177,0.4177,0.4177,0.4177,0.0000,0.0,0
1790661000,0.4239,0.4242,0.4239,0.4242,0.4240,2901.7229,5
1790661300,0.425,0.425,0.4249,0.4249,0.4249,7726.55271,6
1790661600,0.425,0.4252,0.4246,0.4246,0.4246,41000.0,9
1790661900,0.4246,0.4246,0.4246,0.4246,0.0000,0.0,0
1790662200,0.4261,0.4269,0.4261,0.4268,0.4265,4000.0,4
1790662500,0.4295,0.4295,0.4261,0.4264,0.4276,4000.0,4
1790662800,0.4279,0.4279,0.4279,0.4279,0.4279,1242.49106,1
1790663100,0.4282,0.4282,0.4282,0.4282,0.4282,9894.83303,2
1790663400,0.4301,0.4445,0.4295,0.4307,0.4349,58232.66119,28
1790663700,0.4296,0.4296,0.429,0.429,0.4294,2210.13798,4
1790664000,0.4294,0.4294,0.4294,0.4294,0.4294,387.76059,1
1790664300,0.4294,0.4294,0.4294,0.4294,0.0000,0.0,0
1790664600,0.4342,0.4342,0.4342,0.4342,0.4342,1108.93597,1
1790664900,0.4342,0.4342,0.4342,0.4342,0.0000,0.0,0
1790665200,0.4345,0.4387,0.4345,0.4371,0.4362,2068.75062,5
1790665500,0.4368,0.4452,0.4364,0.4434,0.4409,22912.56334,16
1790665800,0.4428,0.4428,0.4391,0.4399,0.4405,6581.97191,6
1790666100,0.4398,0.4411,0.4395,0.4401,0.4402,20610.6328,17
1790666400,0.4389,0.4389,0.4389,0.4389,0.4389,1000.0,1
1790666700,0.4389,0.4389,0.4389,0.4389,0.0000,0.0,0
1790667000,0.4395,0.4428,0.4395,0.4428,0.4414,57830.07067,13
1790667300,0.443,0.443,0.4425,0.4425,0.4425,1088.26185,2
1790667600,0.4425,0.4425,0.4425,0.4425,0.0000,0.0,0
1790667900,0.4425,0.4432,0.442,0.442,0.4425,6389.8305,4
1790668200,0.4427,0.4433,0.4427,0.443,0.4430,3815.03301,4
1790668500,0.4438,0.4438,0.4438,0.4438,0.4438,1000.0,1
1790668800,0.4419,0.4419,0.441,0.4412,0.4413,4000.0,4
1790669100,0.441,0.441,0.4409,0.4409,0.4409,2000.0,2
1790669400,0.4415,0.4415,0.4415,0.4415,0.4415,1000.0,1
1790669700,0.4415,0.4415,0.4415,0.4415,0.0000,0.0,0
1790670000,0.443,0.443,0.4418,0.4429,0.4425,3066.81967,3
1790670300,0.4439,0.4439,0.4439,0.4439,0.4439,1652.8604,1
1790670600,0.4423,0.4423,0.4399,0.4399,0.4405,4000.0,4
1790670900,0.4392,0.4395,0.4384,0.4395,0.4387,4499.61833,5
1790671200,0.4388,0.4394,0.4373,0.4394,0.4379,1544.87306,4
1790671500,0.4387,0.4387,0.4387,0.4387,0.4387,356.92482,1
1790671800,0.4398,0.44,0.4398,0.44,0.4399,27630.83767,4
1790672100,0.44,0.44,0.44,0.44,0.0000,0.0,0
1790672400,0.4395,0.4396,0.4395,0.4395,0.4395,4804.41941,4
1790672700,0.4395,0.4395,0.4395,0.4395,0.0000,0.0,0
1790673000,0.4386,0.441,0.4386,0.441,0.4402,3238.98089,6
1790673300,0.4408,0.4408,0.4407,0.4407,0.4407,1387.7186,2
1790673600,0.4407,0.4407,0.4407,0.4407,0.4407,1000.0,1
1790673900,0.4407,0.4407,0.4407,0.4407,0.4407,687.08945,2
1790674200,0.4414,0.4414,0.4414,0.4414,0.4414,1000.0,1
1790674500,0.4414,0.4414,0.4414,0.4414,0.0000,0.0,0
1790674800,0.4405,0.4405,0.4405,0.4405,0.4405,1798.53863,1
1790675100,0.4405,0.4405,0.4405,0.4405,0.0000,0.0,0
1790675400,0.442,0.442,0.442,0.442,0.4420,19326.73893,2
1790675700,0.442,0.442,0.442,0.442,0.0000,0.0,0
1790676000,0.442,0.442,0.442,0.442,0.0000,0.0,0
1790676300,0.4394,0.4394,0.4394,0.4394,0.4394,753.43103,1
1790676600,0.4394,0.4394,0.4394,0.4394,0.0000,0.0,0
1790676900,0.4394,0.4394,0.4394,0.4394,0.0000,0.0,0
1790677200,0.4394,0.4394,0.4394,0.4394,0.0000,0.0,0
1790677500,0.4394,0.4394,0.4394,0.4394,0.0000,0.0,0
1790677800,0.4394,0.4394,0.4394,0.4394,0.0000,0.0,0
1790678100,0.4389,0.4389,0.4389,0.4389,0.4389,1027.17537,2
1790678400,0.4379,0.4379,0.4379,0.4379,0.4379,1000.0,1
1790678700,0.4379,0.4379,0.4379,0.4379,0.0000,0.0,0
1790679000,0.439,0.439,0.439,0.439,0.4390,1000.0,1
1790679300,0.439,0.4392,0.439,0.4392,0.4390,2952.39009,3
1790679600,0.4395,0.4416,0.4395,0.4416,0.4406,12436.72452,3
1790679900,0.4403,0.4404,0.4403,0.4404,0.4403,2966.6085,2
1790680200,0.4392,0.4392,0.4392,0.4392,0.4392,1000.0,1
1790680500,0.4392,0.4392,0.4392,0.4392,0.0000,0.0,0
1790680800,0.4392,0.4392,0.4392,0.4392,0.0000,0.0,0
1790681100,0.4392,0.4392,0.4392,0.4392,0.0000,0.0,0
1790681400,0.4418,0.445,0.4418,0.445,0.4436,1892.69612,3
1790681700,0.445,0.445,0.445,0.445,0.0000,0.0,0
1790682000,0.445,0.445,0.445,0.445,0.0000,0.0,0
1790682300,0.445,0.445,0.445,0.445,0.0000,0.0,0
1790682600,0.445,0.445,0.445,0.445,0.0000,0.0,0
1790682900,0.445,0.445,0.445,0.445,0.0000,0.0,0
1790683200,0.445,0.445,0.445,0.445,0.0000,0.0,0
1790683500,0.4432,0.4444,0.4432,0.4444,0.4437,528.15803,2
1790683800,0.4444,0.4444,0.4444,0.4444,0.0000,0.0,0
1790684100,0.4448,0.4479,0.4448,0.4462,0.4455,1804.2,3
1790684400,0.4449,0.4453,0.4449,0.4453,0.4449,3790.94,5
1790684700,0.4453,0.4453,0.4453,0.4453,0.0000,0.0,0
1790685000,0.4453,0.4453,0.4453,0.4453,0.0000,0.0,0
1790685300,0.4471,0.4471,0.4436,0.4436,0.4453,2000.0,2
1790685600,0.4408,0.4408,0.4408,0.4408,0.4408,226.86025,1
1790685900,0.4413,0.4417,0.4413,0.4417,0.4416,2530.60668,2
1790686200,0.4417,0.4417,0.4417,0.4417,0.0000,0.0,0
1790686500,0.4426,0.4426,0.4421,0.4421,0.4421,293.56334,2
1790686800,0.4421,0.4421,0.4421,0.4421,0.0000,0.0,0
1790687100,0.4421,0.4421,0.4421,0.4421,0.0000,0.0,0
1790687400,0.4421,0.4421,0.4421,0.4421,0.0000,0.0,0
1790687700,0.4421,0.4421,0.4421,0.4421,0.0000,0.0,0
1790688000,0.4421,0.4421,0.4421,0.4421,0.0000,0.0,0
1790688300,0.4422,0.4422,0.4422,0.4422,0.4422,1000.0,1
1790688600,0.4384,0.4391,0.4384,0.4391,0.4385,1367.41364,3
1790688900,0.4391,0.4391,0.4391,0.4391,0.0000,0.0,0
1790689200,0.4391,0.4395,0.4382,0.4382,0.4388,9891.23731,14
1790689500,0.4382,0.4382,0.4382,0.4382,0.0000,0.0,0
1790689800,0.4382,0.4382,0.4382,0.4382,0.0000,0.0,0
1790690100,0.4382,0.4382,0.4382,0.4382,0.0000,0.0,0
1790690400,0.4414,0.4414,0.4414,0.4414,0.4414,115.88794,1
1790690700,0.4371,0.4396,0.437,0.4388,0.4387,330.042,6
1790691000,0.4386,0.4393,0.438,0.4386,0.4385,1559.42642,12
1790691300,0.4386,0.4426,0.4386,0.4426,0.4404,2655.83664,5
1790691600,0.4435,0.4435,0.4432,0.4432,0.4433,216.73232,2
1790691900,0.4432,0.4432,0.4432,0.4432,0.0000,0.0,0
1790692200,0.4453,0.4478,0.4453,0.4478,0.4457,909.88925,5
1790692500,0.45,0.4542,0.45,0.4542,0.4509,13221.14101,7
1790692800,0.4583,0.4583,0.4562,0.457,0.4571,110.63848,3
1790693100,0.4559,0.4559,0.4559,0.4559,0.4559,2278.62614,2
1790693400,0.4559,0.4559,0.4559,0.4559,0.0000,0.0,0
1790693700,0.4559,0.4559,0.4559,0.4559,0.0000,0.0,0
1790694000,0.4513,0.4513,0.4513,0.4513,0.4513,46.35518,1
1790694300,0.451,0.451,0.451,0.451,0.4510,110.86474,1
1790694600,0.451,0.451,0.451,0.451,0.0000,0.0,0
1790694900,0.4531,0.4531,0.4531,0.4531,0.4531,220.70183,1
1790695200,0.4494,0.4494,0.4445,0.447,0.4458,22999.56993,20
1790695500,0.443,0.4458,0.44,0.4406,0.4404,43302.33613,47
1790695800,0.4435,0.4435,0.4404,0.4418,0.4420,8360.84159,9
1790696100,0.441,0.4419,0.441,0.441,0.4414,7000.0,7
1790696400,0.4426,0.4426,0.4403,0.4403,0.4409,9370.93062,11
1790696700,0.442,0.4442,0.4396,0.4412,0.4411,3287.82236,6
1790697000,0.4384,0.4384,0.4369,0.4369,0.4369,60267.19396,7
1790697300,0.4382,0.4382,0.4362,0.4362,0.4375,10585.09382,6
1790697600,0.4375,0.4398,0.4375,0.4379,0.4384,8895.88773,10
1790697900,0.4375,0.4375,0.4359,0.4359,0.4371,3797.27347,5
1790698200,0.44,0.441,0.439,0.4407,0.4398,4599.58558,9
1790698500,0.4388,0.4388,0.4381,0.4385,0.4384,4652.8604,4
1790698800,0.4415,0.4423,0.4415,0.4422,0.4421,3432.77278,3
1790699100,0.4422,0.4423,0.442,0.442,0.4421,2488.23911,5
1790699400,0.4414,0.4415,0.4383,0.4383,0.4397,9804.99316,20
1790699700,0.4402,0.4407,0.4399,0.4402,0.4402,30732.90507,12
1790700000,0.4391,0.4391,0.435,0.4351,0.4358,113541.95167,29
1790700300,0.4339,0.4339,0.4339,0.4339,0.4339,1000.0,1
1790700600,0.437,0.437,0.4309,0.4316,0.4313,29828.46511,17
1790700900,0.4317,0.4328,0.4317,0.4328,0.4322,6254.461,7
1790701200,0.4333,0.4333,0.4321,0.4321,0.4324,5545.08088,6
1790701500,0.4339,0.4339,0.4339,0.4339,0.4339,3198.37815,2
1790701800,0.4355,0.4355,0.434,0.434,0.4349,5000.0,5
1790702100,0.4342,0.4342,0.4326,0.4326,0.4336,10000.0,10
1790702400,0.4333,0.4333,0.4333,0.4333,0.4333,1000.0,1
1790702700,0.4339,0.4339,0.4338,0.4338,0.4338,2000.0,2
1790703000,0.4355,0.4355,0.4328,0.4328,0.4343,9073.73271,8
1790703300,0.433,0.4332,0.4319,0.4319,0.4325,10000.0,10
1790703600,0.4324,0.4327,0.4319,0.4319,0.4322,5058.67659,6
1790703900,0.4331,0.4331,0.4299,0.4299,0.4317,10757.09718,11
1790704200,0.4293,0.4293,0.4283,0.4283,0.4287,2046.95901,3
1790704500,0.4283,0.4284,0.4275,0.4275,0.4281,4000.0,4
1790704800,0.4302,0.4316,0.4296,0.4296,0.4305,7000.0,7
1790705100,0.4309,0.4309,0.4296,0.4296,0.4301,5000.0,5
1790705400,0.4291,0.4293,0.4285,0.4285,0.4291,4060.09154,5
1790705700,0.4306,0.4312,0.4302,0.4312,0.4305,6208.87706,8
1790706000,0.4343,0.4343,0.4343,0.4343,0.4343,1000.0,1
1790706300,0.4337,0.4337,0.4337,0.4337,0.4337,11.5287,2
1790706600,0.4324,0.4324,0.4321,0.4321,0.4322,3000.0,4
1790706900,0.4329,0.4329,0.4329,0.4329,0.4329,894.20972,1
1790707200,0.4349,0.4382,0.4349,0.4382,0.4381,54450.86624,5
1790707500,0.4376,0.4376,0.4369,0.4369,0.4369,27109.66295,13
1790707800,0.4369,0.4369,0.4369,0.4369,0.0000,0.0,0
1790708100,0.4369,0.4369,0.4369,0.4369,0.0000,0.0,0
1790708400,0.4369,0.4369,0.4369,0.4369,0.0000,0.0,0
1790708700,0.4369,0.4369,0.4369,0.4369,0.0000,0.0,0
1790709000,0.4369,0.4369,0.4369,0.4369,0.0000,0.0,0
1790709300,0.4369,0.4369,0.4369,0.4369,0.0000,0.0,0
1790709600,0.4369,0.4369,0.4369,0.4369,0.0000,0.0,0
1790709900,0.4412,0.4412,0.4412,0.4412,0.4412,25.6514,1
1790710200,0.4412,0.4412,0.4412,0.4412,0.0000,0.0,0
1790710500,0.4401,0.4402,0.4401,0.4402,0.4401,815.27975,3
1790710800,0.4376,0.4376,0.4372,0.4372,0.4374,9336.3271,2
1790711100,0.4365,0.4379,0.4365,0.4375,0.4366,5251.95635,3
1790711400,0.4355,0.4355,0.4355,0.4355,0.4355,1000.0,1
1790711700,0.4352,0.4353,0.4346,0.4352,0.4351,7000.0,7
1790712000,0.4349,0.4349,0.434,0.434,0.4345,3500.0,4
1790712300,0.4372,0.4372,0.4327,0.4336,0.4345,34459.02382,20
1790712600,0.4326,0.4326,0.431,0.431,0.4311,55478.15007,9
1790712900,0.4347,0.4367,0.4347,0.4367,0.4359,582.40286,2
1790713200,0.4374,0.4383,0.4374,0.4383,0.4381,400.32906,3
1790713500,0.4383,0.4383,0.4383,0.4383,0.0000,0.0,0
1790713800,0.4377,0.4379,0.4368,0.4371,0.4378,9934.75607,6
1790714100,0.4371,0.4371,0.4371,0.4371,0.0000,0.0,0
1790714400,0.4372,0.4372,0.4357,0.4357,0.4371,1701.86039,2
1790714700,0.4355,0.4369,0.4345,0.4369,0.4350,27578.88171,9
1790715000,0.4368,0.4368,0.4364,0.4364,0.4364,18419.90897,4
1790715300,0.4366,0.4382,0.4365,0.4382,0.4370,5955.71989,16
1790715600,0.436,0.436,0.436,0.436,0.4360,23.7082,1
1790715900,0.436,0.436,0.4358,0.4358,0.4359,400.0,2
1790716200,0.4358,0.4358,0.4358,0.4358,0.0000,0.0,0
1790716500,0.4358,0.4358,0.4358,0.4358,0.0000,0.0,0
1790716800,0.4321,0.4321,0.4321,0.4321,0.4321,1603.16721,1
1790717100,0.4314,0.4314,0.4314,0.4314,0.4314,231.79116,1
1790717400,0.4314,0.4314,0.4314,0.4314,0.0000,0.0,0
1790717700,0.4314,0.4314,0.4314,0.4314,0.0000,0.0,0
1790718000,0.4314,0.4314,0.4314,0.4314,0.0000,0.0,0
1790718300,0.4314,0.4314,0.4314,0.4314,0.0000,0.0,0
1790718600,0.4314,0.4314,0.4314,0.4314,0.0000,0.0,0
1790718900,0.4314,0.4314,0.4314,0.4314,0.0000,0.0,0
1790719200,0.4314,0.4314,0.4314,0.4314,0.0000,0.0,0
1790719500,0.4314,0.4314,0.4314,0.4314,0.0000,0.0,0
1790719800,0.4314,0.4314,0.4314,0.4314,0.0000,0.0,0
1790720100,0.4314,0.4314,0.4314,0.4314,0.0000,0.0,0
1790720400,0.4314,0.4314,0.4314,0.4314,0.0000,0.0,0
1790720700,0.4314,0.4314,0.4314,0.4314,0.0000,0.0,0
1790721000,0.4314,0.4314,0.4314,0.4314,0.0000,0.0,0
1790721300,0.4314,0.4314,0.4314,0.4314,0.0000,0.0,0
1790721600,0.4314,0.4314,0.4314,0.4314,0.0000,0.0,0
1790721900,0.4314,0.4314,0.4314,0.4314,0.0000,0.0,0
1790722200,0.4314,0.4314,0.4314,0.4314,0.0000,0.0,0
1790722500,0.4314,0.4314,0.4314,0.4314,0.0000,0.0,0
1790722800,0.4314,0.4314,0.4314,0.4314,0.0000,0.0,0
1790723100,0.4342,0.4342,0.432,0.432,0.4334,5397.25117,5
1790723400,0.4328,0.433,0.4328,0.433,0.4329,1000.0,2
1790723700,0.4331,0.4331,0.4318,0.4319,0.4324,4500.0,9
1790724000,0.4302,0.4302,0.4302,0.4302,0.4302,1945.41002,3
1790724300,0.4289,0.4289,0.4284,0.4284,0.4287,1500.0,3
1790724600,0.4281,0.4281,0.4281,0.4281,0.4281,29.19879,1
1790724900,0.4281,0.4281,0.4281,0.4281,0.0000,0.0,0
1790725200,0.4231,0.4231,0.4214,0.4223,0.4221,17615.75753,16
1790725500,0.4228,0.4228,0.4224,0.4224,0.4226,6507.32993,4
1790725800,0.4246,0.4246,0.4245,0.4245,0.4245,2000.0,2
1790726100,0.4271,0.4271,0.4261,0.4261,0.4261,1086.35636,2
1790726400,0.4265,0.4273,0.4264,0.4264,0.4267,5000.0,5
1790726700,0.427,0.427,0.4252,0.4252,0.4257,7000.0,7
1790727000,0.4243,0.4243,0.4232,0.4232,0.4239,4000.0,4
1790727300,0.4243,0.4244,0.4243,0.4244,0.4243,2000.0,2
1790727600,0.4242,0.4242,0.4236,0.4236,0.4240,3000.0,3
1790727900,0.4239,0.4239,0.4238,0.4238,0.4238,2000.0,2
1790728200,0.4298,0.4298,0.4291,0.4291,0.4294,5269.6512,3
1790728500,0.4293,0.4293,0.428,0.428,0.4283,5212.02388,4
1790728800,0.428,0.428,0.428,0.428,0.0000,0.0,0
1790729100,0.4287,0.4287,0.4277,0.4277,0.4283,3000.0,3
1790729400,0.4277,0.4277,0.4277,0.4277,0.0000,0.0,0
1790729700,0.4277,0.4277,0.4277,0.4277,0.0000,0.0,0
1790730000,0.437,0.4378,0.437,0.4378,0.4373,1251.60858,4
1790730300,0.4371,0.4371,0.4371,0.4371,0.4371,1000.0,1
1790730600,0.439,0.4413,0.439,0.4406,0.4405,5553.4038,6
1790730900,0.4396,0.4396,0.4395,0.4395,0.4395,2000.0,2
1790731200,0.4397,0.4397,0.4397,0.4397,0.4397,1000.0,1
1790731500,0.4413,0.4413,0.4381,0.4389,0.4397,7000.0,7
1790731800,0.4377,0.4377,0.4353,0.4353,0.4367,7000.0,7
1790732100,0.4353,0.4353,0.4353,0.4353,0.0000,0.0,0
1790732400,0.4353,0.4353,0.4353,0.4353,0.0000,0.0,0
1790732700,0.4388,0.4393,0.4388,0.4393,0.4390,3832.46528,2
1790733000,0.4397,0.4397,0.4385,0.4385,0.4392,2652.8604,2
1790733300,0.4385,0.4385,0.4385,0.4385,0.0000,0.0,0
1790733600,0.4385,0.4385,0.4385,0.4385,0.0000,0.0,0
1790733900,0.4385,0.4385,0.4385,0.4385,0.0000,0.0,0
1790734200,0.4385,0.4385,0.4385,0.4385,0.0000,0.0,0
1790734500,0.4361,0.4361,0.4361,0.4361,0.4361,229.30115,1
1790734800,0.437,0.437,0.437,0.437,0.4370,2189.33199,1
1790735100,0.437,0.437,0.437,0.437,0.0000,0.0,0
1790735400,0.437,0.437,0.437,0.437,0.0000,0.0,0
1790735700,0.437,0.437,0.437,0.437,0.0000,0.0,0
1790736000,0.437,0.437,0.437,0.437,0.0000,0.0,0
1790736300,0.437,0.437,0.437,0.437,0.0000,0.0,0
1790736600,0.437,0.437,0.437,0.437,0.0000,0.0,0
1790736900,0.433,0.433,0.4326,0.4326,0.4329,5197.55841,4
1790737200,0.4326,0.4326,0.4303,0.4303,0.4315,4000.0,4
1790737500,0.4303,0.4303,0.4303,0.4303,0.0000,0.0,0
1790737800,0.4303,0.4303,0.4303,0.4303,0.0000,0.0,0
1790738100,0.4305,0.4305,0.4289,0.4289,0.4300,2023.29373,3
1790738400,0.4289,0.4289,0.4289,0.4289,0.0000,0.0,0
1790738700,0.4289,0.4289,0.4289,0.4289,0.0000,0.0,0
1790739000,0.4289,0.4289,0.4289,0.4289,0.0000,0.0,0
1790739300,0.4331,0.4331,0.4331,0.4331,0.4331,2010.99718,1
1790739600,0.4331,0.4331,0.4331,0.4331,0.0000,0.0,0
1790739900,0.4331,0.4331,0.4331,0.4331,0.0000,0.0,0
1790740200,0.4331,0.4331,0.4331,0.4331,0.0000,0.0,0
1790740500,0.4331,0.4331,0.4331,0.4331,0.0000,0.0,0
1790740800,0.4331,0.4331,0.4331,0.4331,0.0000,0.0,0
1790741100,0.4331,0.4331,0.4331,0.4331,0.0000,0.0,0
1790741400,0.4331,0.4331,0.4331,0.4331,0.0000,0.0,0
1790741700,0.4331,0.4331,0.4331,0.4331,0.0000,0.0,0
1790742000,0.4331,0.4331,0.4331,0.4331,0.0000,0.0,0
1790742300,0.4331,0.4331,0.4331,0.4331,0.0000,0.0,0
1790742600,0.4331,0.4331,0.4331,0.4331,0.0000,0.0,0
1790742900,0.4363,0.4367,0.4363,0.4367,0.4366,321.68607,2
1790743200,0.4367,0.4367,0.4367,0.4367,0.0000,0.0,0
1790743500,0.4392,0.4392,0.4392,0.4392,0.4392,1465.8385,2
1790743800,0.4391,0.4391,0.4391,0.4391,0.4391,73.0419,1
1790744100,0.4391,0.4391,0.4391,0.4391,0.0000,0.0,0
1790744400,0.4391,0.4391,0.4391,0.4391,0.0000,0.0,0
1790744700,0.4391,0.4391,0.4391,0.4391,0.0000,0.0,0
1790745000,0.4391,0.4391,0.4391,0.4391,0.0000,0.0,0
1790745300,0.4391,0.4391,0.4391,0.4391,0.0000,0.0,0
1790745600,0.4393,0.4393,0.4393,0.4393,0.4393,2390.57181,1
1790745900,0.4393,0.4393,0.4393,0.4393,0.0000,0.0,0
1790746200,0.4393,0.4393,0.4393,0.4393,0.0000,0.0,0
1790746500,0.4393,0.4393,0.4393,0.4393,0.0000,0.0,0
1790746800,0.4393,0.4393,0.4393,0.4393,0.0000,0.0,0
1790747100,0.4393,0.4393,0.4393,0.4393,0.0000,0.0,0
1790747400,0.4418,0.4418,0.441,0.441,0.4412,4000.0,4
1790747700,0.4405,0.4405,0.4405,0.4405,0.4405,2160.6005,1
1790748000,0.4405,0.4405,0.4405,0.4405,0.0000,0.0,0
1790748300,0.4405,0.4405,0.4405,0.4405,0.0000,0.0,0
1790748600,0.4405,0.4405,0.4405,0.4405,0.0000,0.0,0
1790748900,0.4405,0.4405,0.4405,0.4405,0.0000,0.0,0
1790749200,0.4392,0.4392,0.4372,0.4372,0.4385,342.47173,3
1790749500,0.4372,0.4372,0.4372,0.4372,0.0000,0.0,0
1790749800,0.4379,0.4379,0.4375,0.4375,0.4377,2000.0,2
1790750100,0.4375,0.4375,0.4375,0.4375,0.0000,0.0,0
1790750400,0.4375,0.4375,0.4375,0.4375,0.0000,0.0,0
1790750700,0.4371,0.4372,0.4371,0.4372,0.4371,487.93915,2
1790751000,0.4372,0.4372,0.4372,0.4372,0.0000,0.0,0
1790751300,0.4391,0.4391,0.4369,0.4369,0.4382,7981.08709,4
1790751600,0.4368,0.4368,0.4368,0.4368,0.4368,3180.49118,2
1790751900,0.4368,0.4368,0.4368,0.4368,0.0000,0.0,0
1790752200,0.4357,0.4357,0.4351,0.4351,0.4354,3000.0,3
1790752500,0.4364,0.4366,0.4351,0.4351,0.4361,3345.45657,4
1790752800,0.4389,0.4402,0.4389,0.4402,0.4393,3000.0,3
1790753100,0.44,0.44,0.4389,0.4389,0.4393,3000.0,3
1790753400,0.4386,0.4388,0.4377,0.4377,0.4382,5000.0,5
1790753700,0.4405,0.4421,0.4405,0.4421,0.4419,10477.04955,4
1790754000,0.4414,0.4414,0.4407,0.4407,0.4411,3000.0,3
1790754300,0.4435,0.4436,0.4417,0.4417,0.4429,5512.26364,6
1790754600,0.4426,0.4432,0.4426,0.4431,0.4429,4000.0,4
1790754900,0.4423,0.4423,0.4406,0.4416,0.4419,5226.95822,6
1790755200,0.4419,0.4427,0.441,0.441,0.4418,5000.0,5
1790755500,0.4412,0.4412,0.4399,0.4399,0.4403,10160.61918,9
1790755800,0.4418,0.4423,0.4418,0.4422,0.4421,3000.0,3
1790756100,0.4437,0.4437,0.4437,0.4437,0.4437,1000.0,1
1790756400,0.4428,0.4428,0.4428,0.4428,0.4428,1000.0,1
1790756700,0.4428,0.4428,0.4428,0.4428,0.0000,0.0,0
1790757000,0.4374,0.438,0.4373,0.4373,0.4375,16898.96174,11
1790757300,0.4369,0.4374,0.4369,0.4373,0.4373,8955.20839,5
1790757600,0.4401,0.4403,0.4401,0.4403,0.4402,1029.66443,2
1790757900,0.4403,0.4403,0.4403,0.4403,0.0000,0.0,0
1790758200,0.4403,0.4403,0.4403,0.4403,0.0000,0.0,0
1790758500,0.448,0.4559,0.448,0.4539,0.4521,3309.90225,6
1790758800,0.4523,0.454,0.4523,0.454,0.4531,3852.25357,2
1790759100,0.4571,0.4582,0.4571,0.458,0.4579,7213.6214,3
1790759400,0.458,0.458,0.458,0.458,0.0000,0.0,0
1790759700,0.4565,0.4572,0.4554,0.4554,0.4564,6366.81222,3
1790760000,0.4552,0.4552,0.4537,0.4543,0.4543,8747.37626,7
1790760300,0.4565,0.4572,0.4565,0.4566,0.4568,5519.90204,4
1790760600,0.4575,0.4602,0.4568,0.4584,0.4588,6130.8745,8
1790760900,0.4576,0.4576,0.4564,0.4568,0.4569,9000.0,9
1790761200,0.4561,0.4561,0.4559,0.456,0.4560,9300.11983,9
1790761500,0.456,0.456,0.456,0.456,0.0000,0.0,0
1790761800,0.4535,0.4535,0.4535,0.4535,0.4535,3091.52956,2
1790762100,0.4517,0.4517,0.4503,0.4505,0.4504,2086.56188,3
1790762400,0.4534,0.4551,0.4528,0.4528,0.4540,10000.0,10
1790762700,0.4534,0.4534,0.4532,0.4532,0.4533,3000.0,3
1790554800,0.4816,0.4817,0.4816,0.4817,0.4816,2000.0,3
1790555100,0.4817,0.4817,0.4801,0.4801,0.4806,2626.47502,2
1790555400,0.4784,0.4793,0.4763,0.4763,0.4780,4000.0,4
1790555700,0.4763,0.4763,0.4763,0.4763,0.0000,0.0,0
1790556000,0.4763,0.4763,0.4763,0.4763,0.0000,0.0,0
1790556300,0.4763,0.4763,0.4763,0.4763,0.0000,0.0,0
1790556600,0.4813,0.4813,0.4794,0.4794,0.4803,2000.0,2
1790556900,0.4769,0.4769,0.4747,0.475,0.4756,9000.0,9
1790557200,0.4741,0.4758,0.4734,0.4747,0.4744,9766.50417,11
1790557500,0.4747,0.4761,0.4747,0.4761,0.4756,1728.06143,3
1790557800,0.4755,0.4755,0.4712,0.4712,0.4730,9871.56059,11
1790558100,0.4705,0.4709,0.4683,0.4693,0.4699,31049.25119,25
1790558400,0.4693,0.4693,0.4693,0.4693,0.0000,0.0,0
1790558700,0.4693,0.4693,0.4693,0.4693,0.0000,0.0,0
1790559000,0.4693,0.4693,0.4693,0.4693,0.0000,0.0,0
1790559300,0.4693,0.4693,0.4693,0.4693,0.0000,0.0,0
1790559600,0.4693,0.4693,0.4693,0.4693,0.0000,0.0,0
1790559900,0.4656,0.4656,0.4656,0.4656,0.4656,2436.00274,1
1790560200,0.4648,0.4685,0.4642,0.4685,0.4649,2338.34517,5
1790560500,0.4685,0.4685,0.4685,0.4685,0.0000,0.0,0
1790560800,0.466,0.4678,0.4658,0.4678,0.4662,6260.02781,7
1790561100,0.4681,0.4681,0.4681,0.4681,0.4681,1645.3499,1
1790561400,0.4711,0.4711,0.4711,0.4711,0.4711,212.26915,1
1790561700,0.4711,0.4711,0.4711,0.4711,0.0000,0.0,0
1790562000,0.4711,0.4711,0.4711,0.4711,0.0000,0.0,0
1790562300,0.4711,0.4711,0.4711,0.4711,0.0000,0.0,0
1790562600,0.4659,0.4659,0.4652,0.4652,0.4652,3450.65808,4
1790562900,0.4667,0.4667,0.4661,0.4661,0.4663,3819.11702,2
1790563200,0.4663,0.4667,0.4663,0.4667,0.4665,5482.87321,2
1790563500,0.4667,0.4667,0.4667,0.4667,0.0000,0.0,0
1790563800,0.4639,0.4639,0.4638,0.4638,0.4638,3093.08662,2
1790564100,0.4661,0.4661,0.4656,0.4656,0.4658,3766.89063,3
1790564400,0.4656,0.4656,0.4656,0.4656,0.0000,0.0,0
1790564700,0.4656,0.4656,0.4656,0.4656,0.0000,0.0,0
1790565000,0.4628,0.4628,0.4628,0.4628,0.4628,446.4303,1
1790565300,0.4628,0.4628,0.4628,0.4628,0.0000,0.0,0
1790565600,0.4628,0.4628,0.4628,0.4628,0.0000,0.0,0
1790565900,0.461,0.461,0.4578,0.4591,0.4586,14383.06981,7
1790566200,0.4597,0.4597,0.4584,0.4593,0.4591,44132.93956,14
1790566500,0.4586,0.4586,0.4586,0.4586,0.4586,762.95,2
1790566800,0.4606,0.4632,0.4606,0.4632,0.4619,3468.92356,3
1790567100,0.4632,0.4632,0.4632,0.4632,0.0000,0.0,0
1790567400,0.464,0.464,0.464,0.464,0.4640,41889.63362,8
1790567700,0.4625,0.4625,0.4622,0.4622,0.4623,3361.98352,2
1790568000,0.4609,0.4609,0.4602,0.4602,0.4606,3500.0,5
1790568300,0.4606,0.4637,0.4606,0.4637,0.4625,12954.54408,9
1790568600,0.4626,0.4626,0.4615,0.4615,0.4624,1957.84717,3
1790568900,0.4615,0.4615,0.4615,0.4615,0.0000,0.0,0
1790569200,0.4615,0.4615,0.4615,0.4615,0.0000,0.0,0
1790569500,0.4662,0.4662,0.466,0.466,0.4660,2152.8604,2
1790569800,0.4649,0.4649,0.4649,0.4649,0.4649,1000.0,1
1790570100,0.4667,0.4667,0.466,0.466,0.4662,7451.58479,6
1790570400,0.4677,0.4678,0.467,0.467,0.4676,5698.45139,5
1790570700,0.4665,0.4665,0.4659,0.466,0.4663,6476.24152,3
1790571000,0.4671,0.4671,0.4671,0.4671,0.4671,1666.2599,2
1790571300,0.467,0.467,0.467,0.467,0.4670,97.74288,1
1790571600,0.4673,0.4673,0.4638,0.4638,0.4653,6050.0,7
1790571900,0.4615,0.4615,0.4606,0.4606,0.4611,2000.0,3
1790572200,0.4606,0.4606,0.4571,0.4591,0.4585,4756.7687,8
1790572500,0.4585,0.4585,0.4585,0.4585,0.4585,1724.91685,1
1790572800,0.4585,0.4585,0.4585,0.4585,0.0000,0.0,0
1790573100,0.459,0.4591,0.459,0.4591,0.4590,1133.41638,2
1790573400,0.4568,0.4568,0.4554,0.4557,0.4560,7617.8082,13
1790573700,0.4544,0.4544,0.4542,0.4542,0.4542,2505.38248,3
1790574000,0.4597,0.4601,0.4591,0.4601,0.4598,4958.1695,5
1790574300,0.461,0.461,0.4596,0.4596,0.4604,4152.8604,4
1790574600,0.4596,0.4596,0.4596,0.4596,0.0000,0.0,0
1790574900,0.4596,0.4596,0.4596,0.4596,0.0000,0.0,0
1790575200,0.4596,0.4596,0.4596,0.4596,0.0000,0.0,0
1790575500,0.4596,0.4596,0.4596,0.4596,0.4596,1718.90718,1
1790575800,0.4619,0.4619,0.4594,0.4594,0.4613,195.083,2
1790576100,0.4583,0.4583,0.4583,0.4583,0.4583,500.0,1
1790576400,0.4563,0.4563,0.4556,0.4556,0.4557,4848.41514,4
1790576700,0.4554,0.4554,0.4554,0.4554,0.4554,219.58621,1
1790577000,0.4554,0.4554,0.4554,0.4554,0.0000,0.0,0
1790577300,0.4554,0.4554,0.4554,0.4554,0.0000,0.0,0
1790577600,0.4554,0.4554,0.4554,0.4554,0.0000,0.0,0
1790577900,0.4554,0.4554,0.4554,0.4554,0.0000,0.0,0
1790578200,0.457,0.457,0.4568,0.4568,0.4569,437.37351,2
1790578500,0.4563,0.4563,0.4563,0.4563,0.4563,1133.41638,1
1790578800,0.4599,0.4599,0.4599,0.4599,0.4599,86.43213,1
1790579100,0.4599,0.4599,0.4599,0.4599,0.0000,0.0,0
1790579400,0.455,0.455,0.4539,0.4539,0.4546,172.21129,2
1790579700,0.4538,0.4538,0.4538,0.4538,0.4538,208.51835,1
1790580000,0.4545,0.4545,0.4511,0.4511,0.4523,2871.32272,3
1790580300,0.4517,0.4517,0.4517,0.4517,0.4517,1000.0,1
1790580600,0.4505,0.4507,0.45,0.45,0.4505,730.20931,4
1790580900,0.4514,0.4521,0.4514,0.4521,0.4520,1048.99999,2
1790581200,0.4526,0.4526,0.4519,0.4519,0.4521,2000.0,3
1790581500,0.4519,0.4519,0.4519,0.4519,0.0000,0.0,0
1790581800,0.4497,0.4497,0.4484,0.4486,0.4491,1746.23694,3
1790582100,0.4497,0.4497,0.4469,0.4469,0.4488,7876.28068,9
1790582400,0.4476,0.4513,0.4476,0.4512,0.4498,4566.84646,6
1790582700,0.4501,0.4501,0.4501,0.4501,0.4501,100.0,1
1790583000,0.4509,0.4516,0.4509,0.4516,0.4509,3560.71548,3
1790583300,0.4516,0.4516,0.4516,0.4516,0.0000,0.0,0
1790583600,0.4516,0.4516,0.4516,0.4516,0.0000,0.0,0
1790583900,0.4531,0.4531,0.4513,0.4513,0.4521,281.94397,2
1790584200,0.4513,0.4513,0.4513,0.4513,0.0000,0.0,0
1790584500,0.4503,0.4504,0.4498,0.4498,0.4502,2687.95537,3
1790584800,0.4486,0.4486,0.4486,0.4486,0.4486,1003.67573,2
1790585100,0.4474,0.4481,0.446,0.4481,0.4466,39894.97016,13
1790585400,0.4481,0.4481,0.4481,0.4481,0.0000,0.0,0
1790585700,0.4501,0.4503,0.4501,0.4503,0.4501,3215.8704,3
1790586000,0.445,0.445,0.4449,0.4449,0.4449,25285.67295,6
1790586300,0.4434,0.4436,0.4427,0.4427,0.4431,7081.0911,10
1790586600,0.4446,0.4446,0.4446,0.4446,0.4446,88.16437,1
1790586900,0.4485,0.4485,0.4477,0.4484,0.4481,3179.1295,4
1790587200,0.4481,0.4487,0.4456,0.4456,0.4470,3629.5237,7
1790587500,0.4456,0.4456,0.4456,0.4456,0.0000,0.0,0
1790587800,0.4456,0.4456,0.4432,0.4432,0.4455,1712.33551,2
1790588100,0.4432,0.4432,0.4432,0.4432,0.0000,0.0,0
1790588400,0.4422,0.4422,0.4422,0.4422,0.4422,29.73846,1
1790588700,0.4422,0.4422,0.4422,0.4422,0.0000,0.0,0
1790589000,0.4441,0.4442,0.4441,0.4442,0.4441,5336.64873,3
1790589300,0.4439,0.4439,0.4437,0.4437,0.4438,3565.47208,2
1790589600,0.4437,0.4437,0.4437,0.4437,0.0000,0.0,0
1790589900,0.4437,0.4437,0.4437,0.4437,0.0000,0.0,0
1790590200,0.4437,0.4437,0.4437,0.4437,0.0000,0.0,0
1790590500,0.4427,0.4427,0.4427,0.4427,0.4427,183.94998,1
1790590800,0.4427,0.4427,0.4427,0.4427,0.0000,0.0,0
1790591100,0.4427,0.4427,0.4427,0.4427,0.0000,0.0,0
1790591400,0.4427,0.4427,0.4427,0.4427,0.0000,0.0,0
1790591700,0.4489,0.4489,0.4489,0.4489,0.4489,78.36125,1
1790592000,0.4489,0.4489,0.4489,0.4489,0.0000,0.0,0
1790592300,0.4493,0.4493,0.4493,0.4493,0.4493,1000.0,1
1790592600,0.4493,0.4493,0.4493,0.4493,0.0000,0.0,0
1790592900,0.4493,0.4493,0.4493,0.4493,0.0000,0.0,0
1790593200,0.4507,0.4527,0.4507,0.4521,0.4521,4654.1161,7
1790593500,0.4505,0.4505,0.4505,0.4505,0.4505,213.79515,1
1790593800,0.4505,0.4505,0.4501,0.4501,0.4504,1050.0,3
1790594100,0.4496,0.4503,0.4496,0.4499,0.4500,2936.81351,5
1790594400,0.4494,0.4494,0.4463,0.4492,0.4490,4147.99999,7
1790594700,0.4498,0.4498,0.4482,0.4482,0.4483,1111.16052,2
1790595000,0.4482,0.4482,0.4482,0.4482,0.0000,0.0,0
1790595300,0.4482,0.4482,0.4482,0.4482,0.0000,0.0,0
1790595600,0.4482,0.4482,0.4482,0.4482,0.0000,0.0,0
1790595900,0.4482,0.4482,0.4482,0.4482,0.0000,0.0,0
1790596200,0.4479,0.4479,0.4479,0.4479,0.4479,3533.48778,2
1790596500,0.4478,0.4478,0.4478,0.4478,0.4478,3766.31361,3
1790596800,0.4485,0.4485,0.4485,0.4485,0.4485,209.21168,1
1790597100,0.4532,0.4532,0.4532,0.4532,0.4532,1000.0,1
1790597400,0.4539,0.4539,0.4524,0.4524,0.4530,3378.30422,4
1790597700,0.4566,0.4566,0.4559,0.4559,0.4561,3000.0,3
1790598000,0.4542,0.4549,0.4534,0.4546,0.4542,8442.49381,7
1790598300,0.4543,0.4552,0.4536,0.4544,0.4543,10772.41,13
1790598600,0.4534,0.4537,0.4534,0.4535,0.4534,6488.47382,5
1790598900,0.4558,0.4558,0.4534,0.4534,0.4546,5500.0,7
1790599200,0.4535,0.4535,0.453,0.453,0.4533,4500.0,5
1790599500,0.4571,0.4571,0.4544,0.4551,0.4555,13534.76159,16
1790599800,0.4551,0.4551,0.4551,0.4551,0.0000,0.0,0
1790600100,0.4568,0.4569,0.4547,0.4547,0.4555,14500.0,16
1790600400,0.4547,0.4547,0.4535,0.4535,0.4538,6489.23076,5
1790600700,0.4543,0.4543,0.4538,0.4538,0.4540,3000.0,3
1790601000,0.4527,0.4537,0.4518,0.4537,0.4526,6721.3359,9
1790601300,0.4541,0.4544,0.4537,0.4539,0.4540,8000.0,10
1790601600,0.4515,0.4515,0.4515,0.4515,0.4515,21437.42836,3
1790601900,0.4519,0.4542,0.4519,0.4542,0.4533,2500.0,3
1790602200,0.4548,0.4551,0.4519,0.4519,0.4533,12500.0,14
1790602500,0.4527,0.4531,0.451,0.451,0.4520,4549.49999,6
1790602800,0.4528,0.4528,0.4517,0.4517,0.4522,5500.0,6
1790603100,0.4515,0.4526,0.4503,0.4505,0.4511,6549.49999,9
1790603400,0.4501,0.4501,0.4472,0.4475,0.4484,7314.77718,8
1790603700,0.4507,0.4507,0.4481,0.4481,0.4498,7327.9118,9
1790604000,0.4459,0.4459,0.4447,0.4459,0.4458,1100.0,3
1790604300,0.4455,0.4473,0.4447,0.4473,0.4457,7093.79178,11
1790604600,0.4456,0.4473,0.4449,0.4449,0.4458,5550.27307,9
1790604900,0.4435,0.4435,0.4374,0.4391,0.4400,25019.5208,23
1790605200,0.4427,0.4427,0.4427,0.4427,0.4427,279.36225,1
1790605500,0.442,0.4422,0.4321,0.4324,0.4382,20382.52792,19
1790605800,0.4321,0.4321,0.432,0.432,0.4320,1839.18049,2
1790606100,0.4355,0.4355,0.433,0.435,0.4349,43079.77455,9
1790606400,0.4341,0.4341,0.4193,0.4193,0.4272,12280.40474,17
1790606700,0.4264,0.4272,0.426,0.426,0.4263,1199.00334,3
1790607000,0.4254,0.4254,0.4241,0.4241,0.4243,5957.01276,3
1790607300,0.4267,0.4284,0.4261,0.4278,0.4272,8854.81409,8
1790607600,0.4278,0.4278,0.4278,0.4278,0.0000,0.0,0
1790607900,0.4236,0.4238,0.4225,0.4238,0.4231,6543.48729,8
1790608200,0.4268,0.4269,0.4234,0.4251,0.4241,36041.43505,19
1790608500,0.4256,0.4256,0.4236,0.4236,0.4236,1706.90175,2
1790608800,0.4236,0.4236,0.4236,0.4236,0.0000,0.0,0
1790609100,0.4254,0.4254,0.4253,0.4253,0.4253,1500.0,2
1790609400,0.4253,0.4253,0.4253,0.4253,0.0000,0.0,0
1790609700,0.4253,0.4253,0.4253,0.4253,0.0000,0.0,0
1790610000,0.4253,0.4253,0.4253,0.4253,0.0000,0.0,0
1790610300,0.4253,0.4253,0.4253,0.4253,0.0000,0.0,0
1790610600,0.4284,0.4284,0.4284,0.4284,0.4284,620.28478,1
1790610900,0.4284,0.4284,0.4284,0.4284,0.0000,0.0,0
1790611200,0.4295,0.4295,0.4259,0.4259,0.4284,15967.57002,14
1790611500,0.4259,0.4259,0.4259,0.4259,0.0000,0.0,0
1790611800,0.4259,0.4259,0.4259,0.4259,0.0000,0.0,0
1790612100,0.4332,0.4363,0.4329,0.4348,0.4347,10089.42051,12
1790612400,0.4383,0.4383,0.4369,0.4369,0.4374,6023.52,6
1790612700,0.438,0.4381,0.4369,0.4369,0.4378,43249.59064,13
1790613000,0.4381,0.4385,0.4381,0.4385,0.4381,2275.11919,3
1790613300,0.4388,0.4389,0.4357,0.4357,0.4386,1343.19825,4
1790613600,0.4362,0.4362,0.436,0.436,0.4360,34895.74442,6
1790613900,0.4343,0.4344,0.4331,0.4331,0.4342,2841.44067,4
1790614200,0.435,0.4356,0.435,0.4355,0.4353,3000.0,3
1790614500,0.4355,0.4355,0.4355,0.4355,0.0000,0.0,0
1790614800,0.4367,0.4367,0.4345,0.4345,0.4354,3054.14482,6
1790615100,0.4343,0.4343,0.4322,0.4332,0.4339,6549.49999,10
1790615400,0.4331,0.4393,0.4331,0.4383,0.4373,15017.23982,22
1790615700,0.4427,0.4427,0.4427,0.4427,0.4427,500.0,1
1790616000,0.4418,0.4418,0.4418,0.4418,0.4418,231.96016,1
1790616300,0.4387,0.4387,0.4371,0.4381,0.4381,4228.78059,7
1790616600,0.4414,0.4414,0.439,0.439,0.4398,2799.88,3
1790616900,0.4384,0.4392,0.4384,0.4392,0.4389,2821.49362,3
1790617200,0.4385,0.44,0.4385,0.44,0.4392,2000.0,2
1790617500,0.4403,0.4403,0.4387,0.4387,0.4391,4387.7186,7
1790617800,0.4376,0.4376,0.4372,0.4372,0.4373,3000.0,4
1790618100,0.4371,0.4371,0.4371,0.4371,0.4371,13.72369,1
1790618400,0.4368,0.439,0.4366,0.439,0.4378,3251.2438,6
1790618700,0.439,0.439,0.439,0.439,0.0000,0.0,0
1790619000,0.439,0.439,0.439,0.439,0.0000,0.0,0
1790619300,0.4392,0.4392,0.4387,0.4387,0.4391,1227.9462,2
1790619600,0.4384,0.4396,0.4383,0.4387,0.4387,3844.01212,6
1790619900,0.4387,0.4387,0.4387,0.4387,0.0000,0.0,0
1790620200,0.4373,0.4373,0.4366,0.4366,0.4369,2000.0,2
1790620500,0.4373,0.4373,0.4373,0.4373,0.4373,89.4123,1
1790620800,0.4373,0.4373,0.4373,0.4373,0.0000,0.0,0
1790621100,0.4373,0.4373,0.4373,0.4373,0.0000,0.0,0
1790621400,0.4373,0.4373,0.4373,0.4373,0.0000,0.0,0
1790621700,0.4373,0.4373,0.4373,0.4373,0.0000,0.0,0
1790622000,0.4378,0.4378,0.4375,0.4375,0.4376,3000.0,3
1790622300,0.434,0.434,0.4333,0.4333,0.4337,2672.53041,2
1790622600,0.4333,0.4333,0.4333,0.4333,0.0000,0.0,0
1790622900,0.4333,0.4333,0.4333,0.4333,0.0000,0.0,0
1790623200,0.4319,0.4319,0.4319,0.4319,0.4319,1000.0,1
1790623500,0.4319,0.4319,0.4319,0.4319,0.0000,0.0,0
1790623800,0.4314,0.4314,0.4298,0.4298,0.4299,257.09855,2
1790624100,0.4297,0.4297,0.4263,0.4272,0.4281,10560.16145,11
1790624400,0.4263,0.4263,0.4263,0.4263,0.4263,234.23947,1
1790624700,0.4249,0.4249,0.4244,0.4244,0.4246,887.7186,2
1790625000,0.4262,0.4262,0.4262,0.4262,0.4262,1000.0,1
1790625300,0.4236,0.4247,0.4234,0.4243,0.4240,6361.75769,6
1790625600,0.4254,0.4256,0.4225,0.4245,0.4248,5076.71885,7
1790625900,0.4288,0.4288,0.4288,0.4288,0.4288,66.9944,1
1790626200,0.4285,0.4285,0.4285,0.4285,0.4285,47.8413,1
1790626500,0.4285,0.4285,0.4285,0.4285,0.0000,0.0,0
1790626800,0.4285,0.4285,0.4285,0.4285,0.0000,0.0,0
1790627100,0.4285,0.4285,0.4285,0.4285,0.0000,0.0,0
1790627400,0.4274,0.4274,0.4274,0.4274,0.4274,51.28797,1
1790627700,0.4271,0.4271,0.4271,0.4271,0.4271,1000.0,1
1790628000,0.4275,0.4275,0.4262,0.4262,0.4268,5000.0,5
1790628300,0.4262,0.4262,0.4262,0.4262,0.0000,0.0,0
1790628600,0.4262,0.4262,0.4262,0.4262,0.0000,0.0,0
1790628900,0.4268,0.4268,0.4263,0.4264,0.4265,2500.0,3
1790629200,0.4299,0.4299,0.4289,0.4289,0.4293,9340.47974,10
1790629500,0.4291,0.4291,0.4291,0.4291,0.4291,43.09765,1
1790629800,0.4298,0.4299,0.4282,0.4288,0.4292,22631.52698,15
1790630100,0.4288,0.4288,0.4288,0.4288,0.0000,0.0,0
1790630400,0.4288,0.4288,0.4288,0.4288,0.0000,0.0,0
1790630700,0.4288,0.4288,0.4288,0.4288,0.0000,0.0,0
1790631000,0.4288,0.4288,0.4288,0.4288,0.0000,0.0,0
1790631300,0.4288,0.4288,0.4288,0.4288,0.0000,0.0,0
1790631600,0.4288,0.4288,0.4288,0.4288,0.0000,0.0,0
1790631900,0.4288,0.4288,0.4288,0.4288,0.0000,0.0,0
1790632200,0.4288,0.4288,0.4288,0.4288,0.0000,0.0,0
1790632500,0.4288,0.4288,0.4288,0.4288,0.0000,0.0,0
1790632800,0.4206,0.4206,0.4206,0.4206,0.4206,1225.89984,1
1790633100,0.4206,0.4206,0.4206,0.4206,0.0000,0.0,0
1790633400,0.4206,0.4206,0.4206,0.4206,0.0000,0.0,0
1790633700,0.4206,0.4206,0.4206,0.4206,0.0000,0.0,0
1790634000,0.4231,0.4231,0.4231,0.4231,0.4231,773.47822,1
1790634300,0.4231,0.4231,0.4231,0.4231,0.0000,0.0,0
1790634600,0.4231,0.4231,0.4231,0.4231,0.0000,0.0,0
1790634900,0.4231,0.4231,0.4231,0.4231,0.0000,0.0,0
1790635200,0.4231,0.4231,0.4231,0.4231,0.0000,0.0,0
1790635500,0.4261,0.4261,0.4261,0.4261,0.4261,234.68669,1
1790635800,0.4261,0.4261,0.4261,0.4261,0.0000,0.0,0
1790636100,0.4261,0.4261,0.4261,0.4261,0.0000,0.0,0
1790636400,0.426,0.426,0.426,0.426,0.4260,106.92054,1
1790636700,0.426,0.426,0.426,0.426,0.0000,0.0,0
1790637000,0.426,0.426,0.426,0.426,0.0000,0.0,0
1790637300,0.4284,0.4284,0.4284,0.4284,0.4284,91.26984,1
1790637600,0.4284,0.4284,0.4284,0.4284,0.0000,0.0,0
1790637900,0.4306,0.4306,0.4306,0.4306,0.4306,1325.41693,2
1790638200,0.4306,0.4306,0.4306,0.4306,0.0000,0.0,0
1790638500,0.4303,0.4303,0.4303,0.4303,0.4303,2339.6533,2
1790638800,0.4303,0.4303,0.4303,0.4303,0.0000,0.0,0
1790639100,0.43,0.43,0.43,0.43,0.4300,500.0,1
1790639400,0.4306,0.4306,0.4306,0.4306,0.4306,58.05852,1
1790639700,0.4306,0.4306,0.4306,0.4306,0.0000,0.0,0
1790640000,0.4306,0.4306,0.4306,0.4306,0.0000,0.0,0
1790640300,0.4306,0.4306,0.4306,0.4306,0.0000,0.0,0
1790640600,0.4332,0.4332,0.4332,0.4332,0.4332,500.0,1
1790640900,0.4332,0.4332,0.4332,0.4332,0.0000,0.0,0
1790641200,0.4332,0.4332,0.4332,0.4332,0.0000,0.0,0
1790641500,0.4332,0.4332,0.4332,0.4332,0.0000,0.0,0
1790641800,0.4332,0.4332,0.4332,0.4332,0.0000,0.0,0
1790642100,0.4353,0.4353,0.4353,0.4353,0.4353,1652.8604,1
1790642400,0.4354,0.4354,0.4354,0.4354,0.4354,1652.8604,1
1790642700,0.4354,0.4354,0.4354,0.4354,0.0000,0.0,0
1790643000,0.4308,0.4308,0.4302,0.4302,0.4305,2000.0,2
1790643300,0.4302,0.4302,0.4302,0.4302,0.0000,0.0,0
1790643600,0.429,0.429,0.429,0.429,0.4290,233.091,1
1790643900,0.4272,0.4272,0.4272,0.4272,0.4272,234.08136,1
1790644200,0.4273,0.4273,0.4273,0.4273,0.4273,1000.0,1
1790644500,0.4273,0.4273,0.4273,0.4273,0.0000,0.0,0
1790644800,0.4273,0.4273,0.4273,0.4273,0.0000,0.0,0
1790645100,0.4273,0.4273,0.4273,0.4273,0.0000,0.0,0
1790645400,0.4233,0.4233,0.4196,0.4206,0.4212,3754.91105,6
1790645700,0.4215,0.4215,0.4215,0.4215,0.4215,4608.78885,1
1790646000,0.4213,0.4216,0.4213,0.4216,0.4215,700.0,2
1790646300,0.4239,0.4251,0.4221,0.4221,0.4233,4700.0,10
1790646600,0.4217,0.4247,0.4217,0.4243,0.4235,1500.0,3
1790646900,0.4239,0.4239,0.4239,0.4239,0.4239,500.0,1
1790647200,0.4238,0.4238,0.4227,0.4227,0.4232,3000.0,6
1790647500,0.4201,0.4201,0.4191,0.4191,0.4194,2531.00357,6
1790647800,0.4188,0.4188,0.4166,0.4166,0.4172,7015.72299,6
1790648100,0.4182,0.4182,0.4182,0.4182,0.4182,500.0,1
1790648400,0.4145,0.4145,0.4145,0.4145,0.4145,1866.56307,1
1790648700,0.413,0.413,0.4127,0.4127,0.4128,2242.18513,5
1790649000,0.4127,0.4127,0.4127,0.4127,0.0000,0.0,0
1790649300,0.4127,0.4127,0.4127,0.4127,0.0000,0.0,0
1790649600,0.4136,0.4136,0.4136,0.4136,0.4136,500.0,1
1790649900,0.4146,0.4146,0.4146,0.4146,0.4146,500.0,1
1790650200,0.4129,0.4129,0.4107,0.4107,0.4111,4178.74927,9
1790650500,0.4108,0.4113,0.4106,0.4113,0.4108,5546.49806,4
1790650800,0.4134,0.4152,0.4134,0.415,0.4146,372.05666,5
1790651100,0.415,0.415,0.415,0.415,0.0000,0.0,0
1790651400,0.415,0.415,0.415,0.415,0.0000,0.0,0
1790651700,0.4147,0.4147,0.4147,0.4147,0.4147,1914.31898,1
1790652000,0.4163,0.4181,0.4156,0.4168,0.4159,2308.50048,7
1790652300,0.4168,0.4168,0.4168,0.4168,0.0000,0.0,0
1790652600,0.4171,0.4189,0.4171,0.4189,0.4173,557.69829,3
1790652900,0.4198,0.4198,0.4197,0.4197,0.4197,543.2626,4
1790653200,0.4197,0.4197,0.4197,0.4197,0.0000,0.0,0
1790653500,0.4197,0.4197,0.4197,0.4197,0.0000,0.0,0
1790653800,0.4185,0.4185,0.4179,0.4179,0.4181,93.6256,2
1790654100,0.4179,0.4179,0.4179,0.4179,0.0000,0.0,0
1790654400,0.4175,0.4175,0.4166,0.4166,0.4171,102.07011,2
1790654700,0.4164,0.4164,0.4164,0.4164,0.4164,64.50713,1
1790655000,0.4191,0.4194,0.4191,0.4194,0.4192,339.79635,3
1790655300,0.4189,0.4189,0.4189,0.4189,0.4189,260.60306,2
1790655600,0.4206,0.4206,0.4206,0.4206,0.4206,1652.8604,1
1790655900,0.4206,0.4206,0.4206,0.4206,0.0000,0.0,0
1790656200,0.4206,0.4206,0.4206,0.4206,0.0000,0.0,0
1790656500,0.4177,0.4177,0.4177,0.4177,0.4177,119.70313,1
1790656800,0.4177,0.4177,0.4177,0.4177,0.0000,0.0,0
1790657100,0.4177,0.4177,0.4177,0.4177,0.0000,0.0,0
1790657400,0.4177,0.4177,0.4177,0.4177,0.0000,0.0,0
1790657700,0.4177,0.4177,0.4177,0.4177,0.0000,0.0,0
1790658000,0.4177,0.4177,0.4177,0.4177,0.0000,0.0,0
1790658300,0.4177,0.4177,0.4177,0.4177,0.0000,0.0,0
1790658600,0.4177,0.4177,0.4177,0.4177,0.0000,0.0,0
1790658900,0.4177,0.4177,0.4177,0.4177,0.0000,0.0,0
1790659200,0.4177,0.4177,0.4177,0.4177,0.0000,0.0,0
1790659500,0.4177,0.4177,0.4177,0.4177,0.0000,0.0,0
1790659800,0.4177,0.4177,0.4177,0.4177,0.0000,0.0,0
1790660100,0.4177,0.4177,0.4177,0.4177,0.0000,0.0,0
1790660400,0.4177,0.4177,0.4177,0.4177,0.0000,0.0,0
1790660700,0.4177,0.4177,0.4177,0.4177,0.0000,0.0,0
1790661000,0.4239,0.4242,0.4239,0.4242,0.4240,2901.7229,5
1790661300,0.425,0.425,0.4249,0.4249,0.4249,7726.55271,6
1790661600,0.425,0.4252,0.4246,0.4246,0.4246,41000.0,9
1790661900,0.4246,0.4246,0.4246,0.4246,0.0000,0.0,0
1790662200,0.4261,0.4269,0.4261,0.4268,0.4265,4000.0,4
1790662500,0.4295,0.4295,0.4261,0.4264,0.4276,4000.0,4
1790662800,0.4279,0.4279,0.4279,0.4279,0.4279,1242.49106,1
1790663100,0.4282,0.4282,0.4282,0.4282,0.4282,9894.83303,2
1790663400,0.4301,0.4445,0.4295,0.4307,0.4349,58232.66119,28
1790663700,0.4296,0.4296,0.429,0.429,0.4294,2210.13798,4
1790664000,0.4294,0.4294,0.4294,0.4294,0.4294,387.76059,1
1790664300,0.4294,0.4294,0.4294,0.4294,0.0000,0.0,0
1790664600,0.4342,0.4342,0.4342,0.4342,0.4342,1108.93597,1
1790664900,0.4342,0.4342,0.4342,0.4342,0.0000,0.0,0
1790665200,0.4345,0.4387,0.4345,0.4371,0.4362,2068.75062,5
1790665500,0.4368,0.4452,0.4364,0.4434,0.4409,22912.56334,16
1790665800,0.4428,0.4428,0.4391,0.4399,0.4405,6581.97191,6
1790666100,0.4398,0.4411,0.4395,0.4401,0.4402,20610.6328,17
1790666400,0.4389,0.4389,0.4389,0.4389,0.4389,1000.0,1
1790666700,0.4389,0.4389,0.4389,0.4389,0.0000,0.0,0
1790667000,0.4395,0.4428,0.4395,0.4428,0.4414,57830.07067,13
1790667300,0.443,0.443,0.4425,0.4425,0.4425,1088.26185,2
1790667600,0.4425,0.4425,0.4425,0.4425,0.0000,0.0,0
1790667900,0.4425,0.4432,0.442,0.442,0.4425,6389.8305,4
1790668200,0.4427,0.4433,0.4427,0.443,0.4430,3815.03301,4
1790668500,0.4438,0.4438,0.4438,0.4438,0.4438,1000.0,1
1790668800,0.4419,0.4419,0.441,0.4412,0.4413,4000.0,4
1790669100,0.441,0.441,0.4409,0.4409,0.4409,2000.0,2
1790669400,0.4415,0.4415,0.4415,0.4415,0.4415,1000.0,1
1790669700,0.4415,0.4415,0.4415,0.4415,0.0000,0.0,0
1790670000,0.443,0.443,0.4418,0.4429,0.4425,3066.81967,3
1790670300,0.4439,0.4439,0.4439,0.4439,0.4439,1652.8604,1
1790670600,0.4423,0.4423,0.4399,0.4399,0.4405,4000.0,4
1790670900,0.4392,0.4395,0.4384,0.4395,0.4387,4499.61833,5
1790671200,0.4388,0.4394,0.4373,0.4394,0.4379,1544.87306,4
1790671500,0.4387,0.4387,0.4387,0.4387,0.4387,356.92482,1
1790671800,0.4398,0.44,0.4398,0.44,0.4399,27630.83767,4
1790672100,0.44,0.44,0.44,0.44,0.0000,0.0,0
1790672400,0.4395,0.4396,0.4395,0.4395,0.4395,4804.41941,4
1790672700,0.4395,0.4395,0.4395,0.4395,0.0000,0.0,0
1790673000,0.4386,0.441,0.4386,0.441,0.4402,3238.98089,6
1790673300,0.4408,0.4408,0.4407,0.4407,0.4407,1387.7186,2
1790673600,0.4407,0.4407,0.4407,0.4407,0.4407,1000.0,1
1790673900,0.4407,0.4407,0.4407,0.4407,0.4407,687.08945,2
1790674200,0.4414,0.4414,0.4414,0.4414,0.4414,1000.0,1
1790674500,0.4414,0.4414,0.4414,0.4414,0.0000,0.0,0
1790674800,0.4405,0.4405,0.4405,0.4405,0.4405,1798.53863,1
1790675100,0.4405,0.4405,0.4405,0.4405,0.0000,0.0,0
1790675400,0.442,0.442,0.442,0.442,0.4420,19326.73893,2
1790675700,0.442,0.442,0.442,0.442,0.0000,0.0,0
1790676000,0.442,0.442,0.442,0.442,0.0000,0.0,0
1790676300,0.4394,0.4394,0.4394,0.4394,0.4394,753.43103,1
1790676600,0.4394,0.4394,0.4394,0.4394,0.0000,0.0,0
1790676900,0.4394,0.4394,0.4394,0.4394,0.0000,0.0,0
1790677200,0.4394,0.4394,0.4394,0.4394,0.0000,0.0,0
1790677500,0.4394,0.4394,0.4394,0.4394,0.0000,0.0,0
1790677800,0.4394,0.4394,0.4394,0.4394,0.0000,0.0,0
1790678100,0.4389,0.4389,0.4389,0.4389,0.4389,1027.17537,2
1790678400,0.4379,0.4379,0.4379,0.4379,0.4379,1000.0,1
1790678700,0.4379,0.4379,0.4379,0.4379,0.0000,0.0,0
1790679000,0.439,0.439,0.439,0.439,0.4390,1000.0,1
1790679300,0.439,0.4392,0.439,0.4392,0.4390,2952.39009,3
1790679600,0.4395,0.4416,0.4395,0.4416,0.4406,12436.72452,3
1790679900,0.4403,0.4404,0.4403,0.4404,0.4403,2966.6085,2
1790680200,0.4392,0.4392,0.4392,0.4392,0.4392,1000.0,1
1790680500,0.4392,0.4392,0.4392,0.4392,0.0000,0.0,0
1790680800,0.4392,0.4392,0.4392,0.4392,0.0000,0.0,0
1790681100,0.4392,0.4392,0.4392,0.4392,0.0000,0.0,0
1790681400,0.4418,0.445,0.4418,0.445,0.4436,1892.69612,3
1790681700,0.445,0.445,0.445,0.445,0.0000,0.0,0
1790682000,0.445,0.445,0.445,0.445,0.0000,0.0,0
1790682300,0.445,0.445,0.445,0.445,0.0000,0.0,0
1790682600,0.445,0.445,0.445,0.445,0.0000,0.0,0
1790682900,0.445,0.445,0.445,0.445,0.0000,0.0,0
1790683200,0.445,0.445,0.445,0.445,0.0000,0.0,0
1790683500,0.4432,0.4444,0.4432,0.4444,0.4437,528.15803,2
1790683800,0.4444,0.4444,0.4444,0.4444,0.0000,0.0,0
1790684100,0.4448,0.4479,0.4448,0.4462,0.4455,1804.2,3
1790684400,0.4449,0.4453,0.4449,0.4453,0.4449,3790.94,5
1790684700,0.4453,0.4453,0.4453,0.4453,0.0000,0.0,0
1790685000,0.4453,0.4453,0.4453,0.4453,0.0000,0.0,0
1790685300,0.4471,0.4471,0.4436,0.4436,0.4453,2000.0,2
1790685600,0.4408,0.4408,0.4408,0.4408,0.4408,226.86025,1
1790685900,0.4413,0.4417,0.4413,0.4417,0.4416,2530.60668,2
1790686200,0.4417,0.4417,0.4417,0.4417,0.0000,0.0,0
1790686500,0.4426,0.4426,0.4421,0.4421,0.4421,293.56334,2
1790686800,0.4421,0.4421,0.4421,0.4421,0.0000,0.0,0
1790687100,0.4421,0.4421,0.4421,0.4421,0.0000,0.0,0
1790687400,0.4421,0.4421,0.4421,0.4421,0.0000,0.0,0
1790687700,0.4421,0.4421,0.4421,0.4421,0.0000,0.0,0
1790688000,0.4421,0.4421,0.4421,0.4421,0.0000,0.0,0
1790688300,0.4422,0.4422,0.4422,0.4422,0.4422,1000.0,1
1790688600,0.4384,0.4391,0.4384,0.4391,0.4385,1367.41364,3
1790688900,0.4391,0.4391,0.4391,0.4391,0.0000,0.0,0
1790689200,0.4391,0.4395,0.4382,0.4382,0.4388,9891.23731,14
1790689500,0.4382,0.4382,0.4382,0.4382,0.0000,0.0,0
1790689800,0.4382,0.4382,0.4382,0.4382,0.0000,0.0,0
1790690100,0.4382,0.4382,0.4382,0.4382,0.0000,0.0,0
1790690400,0.4414,0.4414,0.4414,0.4414,0.4414,115.88794,1
1790690700,0.4371,0.4396,0.437,0.4388,0.4387,330.042,6
1790691000,0.4386,0.4393,0.438,0.4386,0.4385,1559.42642,12
1790691300,0.4386,0.4426,0.4386,0.4426,0.4404,2655.83664,5
1790691600,0.4435,0.4435,0.4432,0.4432,0.4433,216.73232,2
1790691900,0.4432,0.4432,0.4432,0.4432,0.0000,0.0,0
1790692200,0.4453,0.4478,0.4453,0.4478,0.4457,909.88925,5
1790692500,0.45,0.4542,0.45,0.4542,0.4509,13221.14101,7
1790692800,0.4583,0.4583,0.4562,0.457,0.4571,110.63848,3
1790693100,0.4559,0.4559,0.4559,0.4559,0.4559,2278.62614,2
1790693400,0.4559,0.4559,0.4559,0.4559,0.0000,0.0,0
1790693700,0.4559,0.4559,0.4559,0.4559,0.0000,0.0,0
1790694000,0.4513,0.4513,0.4513,0.4513,0.4513,46.35518,1
1790694300,0.451,0.451,0.451,0.451,0.4510,110.86474,1
1790694600,0.451,0.451,0.451,0.451,0.0000,0.0,0
1790694900,0.4531,0.4531,0.4531,0.4531,0.4531,220.70183,1
1790695200,0.4494,0.4494,0.4445,0.447,0.4458,22999.56993,20
1790695500,0.443,0.4458,0.44,0.4406,0.4404,43302.33613,47
1790695800,0.4435,0.4435,0.4404,0.4418,0.4420,8360.84159,9
1790696100,0.441,0.4419,0.441,0.441,0.4414,7000.0,7
1790696400,0.4426,0.4426,0.4403,0.4403,0.4409,9370.93062,11
1790696700,0.442,0.4442,0.4396,0.4412,0.4411,3287.82236,6
1790697000,0.4384,0.4384,0.4369,0.4369,0.4369,60267.19396,7
1790697300,0.4382,0.4382,0.4362,0.4362,0.4375,10585.09382,6
1790697600,0.4375,0.4398,0.4375,0.4379,0.4384,8895.88773,10
1790697900,0.4375,0.4375,0.4359,0.4359,0.4371,3797.27347,5
1790698200,0.44,0.441,0.439,0.4407,0.4398,4599.58558,9
1790698500,0.4388,0.4388,0.4381,0.4385,0.4384,4652.8604,4
1790698800,0.4415,0.4423,0.4415,0.4422,0.4421,3432.77278,3
1790699100,0.4422,0.4423,0.442,0.442,0.4421,2488.23911,5
1790699400,0.4414,0.4415,0.4383,0.4383,0.4397,9804.99316,20
1790699700,0.4402,0.4407,0.4399,0.4402,0.4402,30732.90507,12
1790700000,0.4391,0.4391,0.435,0.4351,0.4358,113541.95167,29
1790700300,0.4339,0.4339,0.4339,0.4339,0.4339,1000.0,1
1790700600,0.437,0.437,0.4309,0.4316,0.4313,29828.46511,17
1790700900,0.4317,0.4328,0.4317,0.4328,0.4322,6254.461,7
1790701200,0.4333,0.4333,0.4321,0.4321,0.4324,5545.08088,6
1790701500,0.4339,0.4339,0.4339,0.4339,0.4339,3198.37815,2
1790701800,0.4355,0.4355,0.434,0.434,0.4349,5000.0,5
1790702100,0.4342,0.4342,0.4326,0.4326,0.4336,10000.0,10
1790702400,0.4333,0.4333,0.4333,0.4333,0.4333,1000.0,1
1790702700,0.4339,0.4339,0.4338,0.4338,0.4338,2000.0,2
1790703000,0.4355,0.4355,0.4328,0.4328,0.4343,9073.73271,8
1790703300,0.433,0.4332,0.4319,0.4319,0.4325,10000.0,10
1790703600,0.4324,0.4327,0.4319,0.4319,0.4322,5058.67659,6
1790703900,0.4331,0.4331,0.4299,0.4299,0.4317,10757.09718,11
1790704200,0.4293,0.4293,0.4283,0.4283,0.4287,2046.95901,3
1790704500,0.4283,0.4284,0.4275,0.4275,0.4281,4000.0,4
1790704800,0.4302,0.4316,0.4296,0.4296,0.4305,7000.0,7
1790705100,0.4309,0.4309,0.4296,0.4296,0.4301,5000.0,5
1790705400,0.4291,0.4293,0.4285,0.4285,0.4291,4060.09154,5
1790705700,0.4306,0.4312,0.4302,0.4312,0.4305,6208.87706,8
1790706000,0.4343,0.4343,0.4343,0.4343,0.4343,1000.0,1
1790706300,0.4337,0.4337,0.4337,0.4337,0.4337,11.5287,2
1790706600,0.4324,0.4324,0.4321,0.4321,0.4322,3000.0,4
1790706900,0.4329,0.4329,0.4329,0.4329,0.4329,894.20972,1
1790707200,0.4349,0.4382,0.4349,0.4382,0.4381,54450.86624,5
1790707500,0.4376,0.4376,0.4369,0.4369,0.4369,27109.66295,13
1790707800,0.4369,0.4369,0.4369,0.4369,0.0000,0.0,0
1790708100,0.4369,0.4369,0.4369,0.4369,0.0000,0.0,0
1790708400,0.4369,0.4369,0.4369,0.4369,0.0000,0.0,0
1790708700,0.4369,0.4369,0.4369,0.4369,0.0000,0.0,0
1790709000,0.4369,0.4369,0.4369,0.4369,0.0000,0.0,0
1790709300,0.4369,0.4369,0.4369,0.4369,0.0000,0.0,0
1790709600,0.4369,0.4369,0.4369,0.4369,0.0000,0.0,0
1790709900,0.4412,0.4412,0.4412,0.4412,0.4412,25.6514,1
1790710200,0.4412,0.4412,0.4412,0.4412,0.0000,0.0,0
1790710500,0.4401,0.4402,0.4401,0.4402,0.4401,815.27975,3
1790710800,0.4376,0.4376,0.4372,0.4372,0.4374,9336.3271,2
1790711100,0.4365,0.4379,0.4365,0.4375,0.4366,5251.95635,3
1790711400,0.4355,0.4355,0.4355,0.4355,0.4355,1000.0,1
1790711700,0.4352,0.4353,0.4346,0.4352,0.4351,7000.0,7
1790712000,0.4349,0.4349,0.434,0.434,0.4345,3500.0,4
1790712300,0.4372,0.4372,0.4327,0.4336,0.4345,34459.02382,20
1790712600,0.4326,0.4326,0.431,0.431,0.4311,55478.15007,9
1790712900,0.4347,0.4367,0.4347,0.4367,0.4359,582.40286,2
1790713200,0.4374,0.4383,0.4374,0.4383,0.4381,400.32906,3
1790713500,0.4383,0.4383,0.4383,0.4383,0.0000,0.0,0
1790713800,0.4377,0.4379,0.4368,0.4371,0.4378,9934.75607,6
1790714100,0.4371,0.4371,0.4371,0.4371,0.0000,0.0,0
1790714400,0.4372,0.4372,0.4357,0.4357,0.4371,1701.86039,2
1790714700,0.4355,0.4369,0.4345,0.4369,0.4350,27578.88171,9
1790715000,0.4368,0.4368,0.4364,0.4364,0.4364,18419.90897,4
1790715300,0.4366,0.4382,0.4365,0.4382,0.4370,5955.71989,16
1790715600,0.436,0.436,0.436,0.436,0.4360,23.7082,1
1790715900,0.436,0.436,0.4358,0.4358,0.4359,400.0,2
1790716200,0.4358,0.4358,0.4358,0.4358,0.0000,0.0,0
1790716500,0.4358,0.4358,0.4358,0.4358,0.0000,0.0,0
1790716800,0.4321,0.4321,0.4321,0.4321,0.4321,1603.16721,1
1790717100,0.4314,0.4314,0.4314,0.4314,0.4314,231.79116,1
1790717400,0.4314,0.4314,0.4314,0.4314,0.0000,0.0,0
1790717700,0.4314,0.4314,0.4314,0.4314,0.0000,0.0,0
1790718000,0.4314,0.4314,0.4314,0.4314,0.0000,0.0,0
1790718300,0.4314,0.4314,0.4314,0.4314,0.0000,0.0,0
1790718600,0.4314,0.4314,0.4314,0.4314,0.0000,0.0,0
1790718900,0.4314,0.4314,0.4314,0.4314,0.0000,0.0,0
1790719200,0.4314,0.4314,0.4314,0.4314,0.0000,0.0,0
1790719500,0.4314,0.4314,0.4314,0.4314,0.0000,0.0,0
1790719800,0.4314,0.4314,0.4314,0.4314,0.0000,0.0,0
1790720100,0.4314,0.4314,0.4314,0.4314,0.0000,0.0,0
1790720400,0.4314,0.4314,0.4314,0.4314,0.0000,0.0,0
1790720700,0.4314,0.4314,0.4314,0.4314,0.0000,0.0,0
1790721000,0.4314,0.4314,0.4314,0.4314,0.0000,0.0,0
1790721300,0.4314,0.4314,0.4314,0.4314,0.0000,0.0,0
1790721600,0.4314,0.4314,0.4314,0.4314,0.0000,0.0,0
1790721900,0.4314,0.4314,0.4314,0.4314,0.0000,0.0,0
1790722200,0.4314,0.4314,0.4314,0.4314,0.0000,0.0,0
1790722500,0.4314,0.4314,0.4314,0.4314,0.0000,0.0,0
1790722800,0.4314,0.4314,0.4314,0.4314,0.0000,0.0,0
1790723100,0.4342,0.4342,0.432,0.432,0.4334,5397.25117,5
1790723400,0.4328,0.433,0.4328,0.433,0.4329,1000.0,2
1790723700,0.4331,0.4331,0.4318,0.4319,0.4324,4500.0,9
1790724000,0.4302,0.4302,0.4302,0.4302,0.4302,1945.41002,3
1790724300,0.4289,0.4289,0.4284,0.4284,0.4287,1500.0,3
1790724600,0.4281,0.4281,0.4281,0.4281,0.4281,29.19879,1
1790724900,0.4281,0.4281,0.4281,0.4281,0.0000,0.0,0
1790725200,0.4231,0.4231,0.4214,0.4223,0.4221,17615.75753,16
1790725500,0.4228,0.4228,0.4224,0.4224,0.4226,6507.32993,4
1790725800,0.4246,0.4246,0.4245,0.4245,0.4245,2000.0,2
1790726100,0.4271,0.4271,0.4261,0.4261,0.4261,1086.35636,2
1790726400,0.4265,0.4273,0.4264,0.4264,0.4267,5000.0,5
1790726700,0.427,0.427,0.4252,0.4252,0.4257,7000.0,7
1790727000,0.4243,0.4243,0.4232,0.4232,0.4239,4000.0,4
1790727300,0.4243,0.4244,0.4243,0.4244,0.4243,2000.0,2
1790727600,0.4242,0.4242,0.4236,0.4236,0.4240,3000.0,3
1790727900,0.4239,0.4239,0.4238,0.4238,0.4238,2000.0,2
1790728200,0.4298,0.4298,0.4291,0.4291,0.4294,5269.6512,3
1790728500,0.4293,0.4293,0.428,0.428,0.4283,5212.02388,4
1790728800,0.428,0.428,0.428,0.428,0.0000,0.0,0
1790729100,0.4287,0.4287,0.4277,0.4277,0.4283,3000.0,3
1790729400,0.4277,0.4277,0.4277,0.4277,0.0000,0.0,0
1790729700,0.4277,0.4277,0.4277,0.4277,0.0000,0.0,0
1790730000,0.437,0.4378,0.437,0.4378,0.4373,1251.60858,4
1790730300,0.4371,0.4371,0.4371,0.4371,0.4371,1000.0,1
1790730600,0.439,0.4413,0.439,0.4406,0.4405,5553.4038,6
1790730900,0.4396,0.4396,0.4395,0.4395,0.4395,2000.0,2
1790731200,0.4397,0.4397,0.4397,0.4397,0.4397,1000.0,1
1790731500,0.4413,0.4413,0.4381,0.4389,0.4397,7000.0,7
1790731800,0.4377,0.4377,0.4353,0.4353,0.4367,7000.0,7
1790732100,0.4353,0.4353,0.4353,0.4353,0.0000,0.0,0
1790732400,0.4353,0.4353,0.4353,0.4353,0.0000,0.0,0
1790732700,0.4388,0.4393,0.4388,0.4393,0.4390,3832.46528,2
1790733000,0.4397,0.4397,0.4385,0.4385,0.4392,2652.8604,2
1790733300,0.4385,0.4385,0.4385,0.4385,0.0000,0.0,0
1790733600,0.4385,0.4385,0.4385,0.4385,0.0000,0.0,0
1790733900,0.4385,0.4385,0.4385,0.4385,0.0000,0.0,0
1790734200,0.4385,0.4385,0.4385,0.4385,0.0000,0.0,0
1790734500,0.4361,0.4361,0.4361,0.4361,0.4361,229.30115,1
1790734800,0.437,0.437,0.437,0.437,0.4370,2189.33199,1
1790735100,0.437,0.437,0.437,0.437,0.0000,0.0,0
1790735400,0.437,0.437,0.437,0.437,0.0000,0.0,0
1790735700,0.437,0.437,0.437,0.437,0.0000,0.0,0
1790736000,0.437,0.437,0.437,0.437,0.0000,0.0,0
1790736300,0.437,0.437,0.437,0.437,0.0000,0.0,0
1790736600,0.437,0.437,0.437,0.437,0.0000,0.0,0
1790736900,0.433,0.433,0.4326,0.4326,0.4329,5197.55841,4
1790737200,0.4326,0.4326,0.4303,0.4303,0.4315,4000.0,4
1790737500,0.4303,0.4303,0.4303,0.4303,0.0000,0.0,0
1790737800,0.4303,0.4303,0.4303,0.4303,0.0000,0.0,0
1790738100,0.4305,0.4305,0.4289,0.4289,0.4300,2023.29373,3
1790738400,0.4289,0.4289,0.4289,0.4289,0.0000,0.0,0
1790738700,0.4289,0.4289,0.4289,0.4289,0.0000,0.0,0
1790739000,0.4289,0.4289,0.4289,0.4289,0.0000,0.0,0
1790739300,0.4331,0.4331,0.4331,0.4331,0.4331,2010.99718,1
1790739600,0.4331,0.4331,0.4331,0.4331,0.0000,0.0,0
1790739900,0.4331,0.4331,0.4331,0.4331,0.0000,0.0,0
1790740200,0.4331,0.4331,0.4331,0.4331,0.0000,0.0,0
1790740500,0.4331,0.4331,0.4331,0.4331,0.0000,0.0,0
1790740800,0.4331,0.4331,0.4331,0.4331,0.0000,0.0,0
1790741100,0.4331,0.4331,0.4331,0.4331,0.0000,0.0,0
1790741400,0.4331,0.4331,0.4331,0.4331,0.0000,0.0,0
1790741700,0.4331,0.4331,0.4331,0.4331,0.0000,0.0,0
1790742000,0.4331,0.4331,0.4331,0.4331,0.0000,0.0,0
1790742300,0.4331,0.4331,0.4331,0.4331,0.0000,0.0,0
1790742600,0.4331,0.4331,0.4331,0.4331,0.0000,0.0,0
1790742900,0.4363,0.4367,0.4363,0.4367,0.4366,321.68607,2
1790743200,0.4367,0.4367,0.4367,0.4367,0.0000,0.0,0
1790743500,0.4392,0.4392,0.4392,0.4392,0.4392,1465.8385,2
1790743800,0.4391,0.4391,0.4391,0.4391,0.4391,73.0419,1
1790744100,0.4391,0.4391,0.4391,0.4391,0.0000,0.0,0
1790744400,0.4391,0.4391,0.4391,0.4391,0.0000,0.0,0
1790744700,0.4391,0.4391,0.4391,0.4391,0.0000,0.0,0
1790745000,0.4391,0.4391,0.4391,0.4391,0.0000,0.0,0
1790745300,0.4391,0.4391,0.4391,0.4391,0.0000,0.0,0
1790745600,0.4393,0.4393,0.4393,0.4393,0.4393,2390.57181,1
1790745900,0.4393,0.4393,0.4393,0.4393,0.0000,0.0,0
1790746200,0.4393,0.4393,0.4393,0.4393,0.0000,0.0,0
1790746500,0.4393,0.4393,0.4393,0.4393,0.0000,0.0,0
1790746800,0.4393,0.4393,0.4393,0.4393,0.0000,0.0,0
1790747100,0.4393,0.4393,0.4393,0.4393,0.0000,0.0,0
1790747400,0.4418,0.4418,0.441,0.441,0.4412,4000.0,4
1790747700,0.4405,0.4405,0.4405,0.4405,0.4405,2160.6005,1
1790748000,0.4405,0.4405,0.4405,0.4405,0.0000,0.0,0
1790748300,0.4405,0.4405,0.4405,0.4405,0.0000,0.0,0
1790748600,0.4405,0.4405,0.4405,0.4405,0.0000,0.0,0
1790748900,0.4405,0.4405,0.4405,0.4405,0.0000,0.0,0
1790749200,0.4392,0.4392,0.4372,0.4372,0.4385,342.47173,3
1790749500,0.4372,0.4372,0.4372,0.4372,0.0000,0.0,0
1790749800,0.4379,0.4379,0.4375,0.4375,0.4377,2000.0,2
1790750100,0.4375,0.4375,0.4375,0.4375,0.0000,0.0,0
1790750400,0.4375,0.4375,0.4375,0.4375,0.0000,0.0,0
1790750700,0.4371,0.4372,0.4371,0.4372,0.4371,487.93915,2
1790751000,0.4372,0.4372,0.4372,0.4372,0.0000,0.0,0
1790751300,0.4391,0.4391,0.4369,0.4369,0.4382,7981.08709,4
1790751600,0.4368,0.4368,0.4368,0.4368,0.4368,3180.49118,2
1790751900,0.4368,0.4368,0.4368,0.4368,0.0000,0.0,0
1790752200,0.4357,0.4357,0.4351,0.4351,0.4354,3000.0,3
1790752500,0.4364,0.4366,0.4351,0.4351,0.4361,3345.45657,4
1790752800,0.4389,0.4402,0.4389,0.4402,0.4393,3000.0,3
1790753100,0.44,0.44,0.4389,0.4389,0.4393,3000.0,3
1790753400,0.4386,0.4388,0.4377,0.4377,0.4382,5000.0,5
1790753700,0.4405,0.4421,0.4405,0.4421,0.4419,10477.04955,4
1790754000,0.4414,0.4414,0.4407,0.4407,0.4411,3000.0,3
1790754300,0.4435,0.4436,0.4417,0.4417,0.4429,5512.26364,6
1790754600,0.4426,0.4432,0.4426,0.4431,0.4429,4000.0,4
1790754900,0.4423,0.4423,0.4406,0.4416,0.4419,5226.95822,6
1790755200,0.4419,0.4427,0.441,0.441,0.4418,5000.0,5
1790755500,0.4412,0.4412,0.4399,0.4399,0.4403,10160.61918,9
1790755800,0.4418,0.4423,0.4418,0.4422,0.4421,3000.0,3
1790756100,0.4437,0.4437,0.4437,0.4437,0.4437,1000.0,1
1790756400,0.4428,0.4428,0.4428,0.4428,0.4428,1000.0,1
1790756700,0.4428,0.4428,0.4428,0.4428,0.0000,0.0,0
1790757000,0.4374,0.438,0.4373,0.4373,0.4375,16898.96174,11
1790757300,0.4369,0.4374,0.4369,0.4373,0.4373,8955.20839,5
1790757600,0.4401,0.4403,0.4401,0.4403,0.4402,1029.66443,2
1790757900,0.4403,0.4403,0.4403,0.4403,0.0000,0.0,0
1790758200,0.4403,0.4403,0.4403,0.4403,0.0000,0.0,0
1790758500,0.448,0.4559,0.448,0.4539,0.4521,3309.90225,6
1790758800,0.4523,0.454,0.4523,0.454,0.4531,3852.25357,2
1790759100,0.4571,0.4582,0.4571,0.458,0.4579,7213.6214,3
1790759400,0.458,0.458,0.458,0.458,0.0000,0.0,0
1790759700,0.4565,0.4572,0.4554,0.4554,0.4564,6366.81222,3
1790760000,0.4552,0.4552,0.4537,0.4543,0.4543,8747.37626,7
1790760300,0.4565,0.4572,0.4565,0.4566,0.4568,5519.90204,4
1790760600,0.4575,0.4602,0.4568,0.4584,0.4588,6130.8745,8
1790760900,0.4576,0.4576,0.4564,0.4568,0.4569,9000.0,9
1790761200,0.4561,0.4561,0.4559,0.456,0.4560,9300.11983,9
1790761500,0.456,0.456,0.456,0.456,0.0000,0.0,0
1790761800,0.4535,0.4535,0.4535,0.4535,0.4535,3091.52956,2
1790762100,0.4517,0.4517,0.4503,0.4505,0.4504,2086.56188,3
1790762400,0.4534,0.4551,0.4528,0.4528,0.4540,10000.0,10
1790762700,0.4534,0.4534,0.4532,0.4532,0.4533,3000.0,3
1790763000,0.4534,0.4534,0.4521,0.4521,0.4527,6000.0,6
1790763300,0.4508,0.451,0.4507,0.451,0.4508,4101.85148,3
1790763600,0.4532,0.4532,0.4509,0.4509,0.4519,9000.0,9
1790763900,0.453,0.4535,0.4513,0.4513,0.4520,9436.70396,10
1790764200,0.4555,0.4555,0.4552,0.4552,0.4553,3000.0,3
1790764500,0.4554,0.4556,0.4547,0.4549,0.4550,9088.04411,8
1790764800,0.4555,0.4555,0.4533,0.4535,0.4538,5000.0,5
1790765100,0.4534,0.4534,0.4513,0.4513,0.4524,15000.0,15
1790765400,0.452,0.452,0.452,0.452,0.4520,2103.7276,1
1790765700,0.4526,0.4526,0.4526,0.4526,0.4526,1000.0,1
1790766000,0.45,0.4513,0.45,0.4513,0.4505,3000.0,4
1790766300,0.4503,0.451,0.4493,0.4505,0.4507,53486.19982,39
1790766600,0.4503,0.4503,0.4503,0.4503,0.4503,1000.0,1
1790766900,0.4504,0.4509,0.4504,0.4507,0.4506,3000.0,3
1790767200,0.4507,0.4507,0.4507,0.4507,0.0000,0.0,0
1790767500,0.4564,0.4564,0.4564,0.4564,0.4564,1000.0,1
1790767800,0.4583,0.4585,0.4583,0.4585,0.4583,1101.78032,4
1790768100,0.4582,0.4582,0.4582,0.4582,0.4582,32.71537,1
1790768400,0.4676,0.4699,0.4676,0.4699,0.4684,2934.32367,5
1790768700,0.4688,0.4688,0.4647,0.4665,0.4657,26916.61091,14
1790769000,0.4662,0.4662,0.4662,0.4662,0.4662,782.65316,1
1790769300,0.4716,0.4787,0.4716,0.4787,0.4764,32432.04125,13
1790769600,0.4775,0.4775,0.4725,0.4729,0.4745,2186.23556,9
1790769900,0.4739,0.4739,0.4705,0.4705,0.4720,13515.60158,25
1790770200,0.4712,0.472,0.4712,0.472,0.4719,1126.32182,2
1790770500,0.4713,0.4713,0.4701,0.4704,0.4708,5220.70847,10
1790770800,0.4688,0.4694,0.4675,0.4687,0.4685,1570.26981,16
1790771100,0.4692,0.4692,0.4684,0.4687,0.4688,4025.2226,6
1790771400,0.4671,0.4757,0.4671,0.4757,0.4728,4893.51452,14
1790771700,0.4783,0.4805,0.4783,0.4805,0.4785,44957.53867,12
1790772000,0.4819,0.4822,0.4795,0.48,0.4805,100138.18425,58
1790772300,0.48,0.4818,0.4758,0.4767,0.4800,35790.56579,22
1790772600,0.4787,0.4787,0.4765,0.4765,0.4775,5075.18891,7
1790772900,0.4782,0.4787,0.4767,0.478,0.4779,32549.33988,20
1790773200,0.4767,0.4814,0.4767,0.4814,0.4774,23734.26364,8
1790773500,0.489,0.4959,0.489,0.4959,0.4920,5008.04381,5
1790773800,0.4987,0.4987,0.494,0.494,0.4956,18404.52341,17
1790774100,0.4932,0.4933,0.4916,0.4933,0.4924,6680.18172,4
1790774400,0.4938,0.4938,0.4938,0.4938,0.4938,1924.29322,1
1790774700,0.4978,0.5011,0.4978,0.499,0.4993,9991.88096,9
1790775000,0.4971,0.4992,0.4962,0.4971,0.4981,5121.1564,6
1790775300,0.4936,0.4936,0.4814,0.487,0.4869,31433.23296,20
1790775600,0.4842,0.4918,0.4824,0.4918,0.4899,23024.80169,20
1790775900,0.4902,0.4902,0.4899,0.4899,0.4900,3551.94203,2
1790776200,0.4909,0.4909,0.4865,0.4865,0.4887,20349.50819,20
1790776500,0.4851,0.4865,0.4844,0.4844,0.4854,10998.51921,11
1790776800,0.4823,0.4846,0.4792,0.4828,0.4828,9832.99066,13
1790777100,0.4826,0.4826,0.4821,0.4821,0.4822,1314.33702,2
1790777400,0.4823,0.4827,0.4792,0.4792,0.4812,10228.53068,12
1790777700,0.4799,0.4799,0.479,0.479,0.4797,1429.52765,3
1790778000,0.4772,0.4772,0.471,0.4725,0.4745,8307.91334,13
1790778300,0.4732,0.4732,0.4715,0.4715,0.4717,3057.95189,3
1790778600,0.473,0.4739,0.4722,0.4722,0.4728,9000.0,10
1790778900,0.474,0.475,0.474,0.475,0.4749,1051.47886,2
1790779200,0.4723,0.4755,0.4723,0.4755,0.4753,1051.66517,2
1790779500,0.4726,0.4765,0.4723,0.4765,0.4734,4222.40039,7
1790779800,0.4774,0.4774,0.4757,0.4757,0.4764,6167.81202,8
1790780100,0.476,0.4762,0.474,0.4748,0.4755,12063.55897,10
1790780400,0.4746,0.4763,0.4746,0.4763,0.4757,3000.0,3
1790780700,0.4752,0.4757,0.4752,0.4757,0.4752,1020.0,2
1790781000,0.4757,0.4757,0.4757,0.4757,0.0000,0.0,0
1790781300,0.47,0.47,0.4652,0.4652,0.4654,2229.85114,6
1790781600,0.4652,0.4652,0.4652,0.4652,0.0000,0.0,0
1790781900,0.463,0.463,0.463,0.463,0.4630,50.0,1
1790782200,0.4707,0.4707,0.4703,0.4703,0.4705,4948.30326,5
1790782500,0.4692,0.4692,0.4692,0.4692,0.4692,1000.0,1
1790782800,0.4697,0.4699,0.4672,0.4672,0.4687,10000.0,10
1790783100,0.4668,0.4668,0.4652,0.4666,0.4664,1107.17388,4
1790783400,0.4721,0.4723,0.4721,0.4723,0.4721,3000.0,3
1790783700,0.4709,0.4709,0.4709,0.4709,0.4709,1000.0,1
1790784000,0.4729,0.4762,0.4729,0.4762,0.4747,17000.0,17
1790784300,0.4792,0.4797,0.4792,0.4797,0.4795,783.68634,2
1790784600,0.4748,0.4748,0.4746,0.4746,0.4747,3000.0,3
1790784900,0.4758,0.4761,0.4758,0.476,0.4760,4000.0,4
1790785200,0.4764,0.4764,0.4751,0.4751,0.4754,9105.19672,10
1790785500,0.4755,0.4755,0.4743,0.4744,0.4746,6000.0,6
1790785800,0.4749,0.4749,0.4728,0.4728,0.4732,3013.506,5
1790786100,0.4728,0.4728,0.4728,0.4728,0.0000,0.0,0
1790786400,0.4792,0.4792,0.4792,0.4792,0.4792,736.92,1
1790786700,0.4793,0.4806,0.4793,0.4805,0.4802,3503.52473,4
1790787000,0.4821,0.4821,0.4801,0.4801,0.4802,1061.77141,2
1790787300,0.4801,0.4801,0.4801,0.4801,0.0000,0.0,0
1790787600,0.4801,0.4801,0.4801,0.4801,0.0000,0.0,0
1790787900,0.4776,0.4805,0.4775,0.4805,0.4783,3991.04956,3
1790788200,0.4805,0.4805,0.4805,0.4805,0.0000,0.0,0
1790788500,0.4805,0.4805,0.4805,0.4805,0.0000,0.0,0
1790788800,0.4805,0.4805,0.4805,0.4805,0.0000,0.0,0
1790789100,0.4759,0.4759,0.4759,0.4759,0.4759,49.89982,1
1790789400,0.4749,0.4749,0.4731,0.4735,0.4737,6013.79095,4
1790789700,0.4716,0.4716,0.4698,0.4698,0.4708,8351.66516,8
1790790000,0.4697,0.4698,0.4696,0.4698,0.4697,3000.0,3
1790790300,0.4706,0.4719,0.4706,0.4716,0.4715,5141.89559,9
1790790600,0.4716,0.4718,0.4695,0.4695,0.4701,4020.6307,5
1790790900,0.4701,0.4701,0.4701,0.4701,0.4701,1652.8604,1
1790791200,0.4709,0.4709,0.4676,0.468,0.4693,9000.0,9
1790791500,0.4681,0.4681,0.4681,0.4681,0.4681,1000.0,1
1790791800,0.4681,0.4681,0.4681,0.4681,0.0000,0.0,0
1790792100,0.4676,0.4676,0.4665,0.4665,0.4670,2013.506,3
1790792400,0.4665,0.4665,0.4665,0.4665,0.4665,45.0,1
1790792700,0.4665,0.4665,0.4665,0.4665,0.0000,0.0,0
1790793000,0.4667,0.4667,0.4667,0.4667,0.4667,51.66517,1
1790793300,0.4648,0.4649,0.4626,0.4649,0.4636,19140.3875,17
1790793600,0.4649,0.4649,0.4649,0.4649,0.0000,0.0,0
1790793900,0.4625,0.4625,0.4621,0.4621,0.4621,6293.61324,3
1790794200,0.4621,0.4621,0.4621,0.4621,0.0000,0.0,0
1790794500,0.4621,0.4621,0.4621,0.4621,0.0000,0.0,0
1790794800,0.4669,0.4692,0.4669,0.4692,0.4670,228.71634,2
1790795100,0.4692,0.4692,0.4692,0.4692,0.0000,0.0,0
1790795400,0.4666,0.4677,0.4656,0.4677,0.4662,20942.42826,8
1790795700,0.4669,0.4674,0.4669,0.4673,0.4672,1427.87508,3
1790796000,0.4673,0.4673,0.4673,0.4673,0.0000,0.0,0
1790796300,0.4695,0.4695,0.4695,0.4695,0.4695,83.28009,1
1790796600,0.4695,0.4695,0.4695,0.4695,0.0000,0.0,0
1790796900,0.4712,0.4712,0.4712,0.4712,0.4712,11000.0,1
1790797200,0.4712,0.4712,0.4712,0.4712,0.0000,0.0,0
1790797500,0.4692,0.4698,0.4692,0.4698,0.4695,2000.0,3
1790797800,0.468,0.468,0.4675,0.4675,0.4677,2000.0,2
1790798100,0.4685,0.4685,0.468,0.4684,0.4682,2128.09565,3
1790798400,0.4684,0.4684,0.4684,0.4684,0.0000,0.0,0
1790798700,0.4717,0.4717,0.4717,0.4717,0.4717,1000.0,1
1790799000,0.4717,0.4717,0.4717,0.4717,0.0000,0.0,0
1790799300,0.47,0.4703,0.47,0.4703,0.4700,4232.39854,3
1790799600,0.4738,0.4761,0.4738,0.4761,0.4760,19609.04106,2
1790799900,0.474,0.4741,0.474,0.4741,0.4740,2000.0,2
1790800200,0.4742,0.4742,0.4742,0.4742,0.4742,1652.8604,1
1790800500,0.4711,0.4711,0.4711,0.4711,0.4711,1000.0,1
1790800800,0.4711,0.4711,0.4711,0.4711,0.4711,1000.0,1
1790801100,0.4708,0.4708,0.4708,0.4708,0.4708,1000.0,1
1790801400,0.4707,0.4707,0.4707,0.4707,0.4707,1000.0,1
1790801700,0.4707,0.4707,0.4707,0.4707,0.0000,0.0,0
1790802000,0.4736,0.4736,0.4724,0.4724,0.4727,3012.42405,2
1790802300,0.4724,0.4724,0.4724,0.4724,0.0000,0.0,0
1790802600,0.4712,0.4712,0.4703,0.4703,0.4709,5875.92327,4
1790802900,0.4714,0.4715,0.4714,0.4715,0.4714,2206.2642,2
1790803200,0.4715,0.4715,0.4715,0.4715,0.0000,0.0,0
1790803500,0.4715,0.4715,0.4715,0.4715,0.0000,0.0,0
1790803800,0.4715,0.4715,0.4715,0.4715,0.0000,0.0,0
1790804100,0.4715,0.4715,0.4715,0.4715,0.0000,0.0,0
1790804400,0.4716,0.4748,0.4716,0.4748,0.4744,21261.62995,4
1790804700,0.4742,0.4742,0.4742,0.4742,0.4742,1652.8604,1
1790805000,0.471,0.4716,0.471,0.4716,0.4714,1513.00775,5
1790805300,0.4716,0.4716,0.4716,0.4716,0.0000,0.0,0
1790805600,0.4668,0.4668,0.4668,0.4668,0.4668,51.6548,1
1790805900,0.4643,0.4643,0.4643,0.4643,0.4643,514.41051,2
1790806200,0.4643,0.4643,0.4643,0.4643,0.0000,0.0,0
1790806500,0.4684,0.4684,0.4684,0.4684,0.4684,24.18076,1
1790806800,0.4702,0.4702,0.4702,0.4702,0.4702,2027.35241,1
1790807100,0.4702,0.4702,0.4702,0.4702,0.0000,0.0,0
1790807400,0.4746,0.478,0.4746,0.478,0.4772,21924.7309,7
1790807700,0.4763,0.4763,0.4763,0.4763,0.4763,1153.36972,1
1790808000,0.4763,0.4763,0.4763,0.4763,0.0000,0.0,0
1790808300,0.4763,0.4763,0.4763,0.4763,0.0000,0.0,0
1790808600,0.4755,0.4755,0.4755,0.4755,0.4755,49.76451,1
1790808900,0.4755,0.4755,0.4755,0.4755,0.0000,0.0,0
1790809200,0.4755,0.4755,0.4755,0.4755,0.0000,0.0,0
1790809500,0.4753,0.4753,0.4753,0.4753,0.4753,500.0,1
1790809800,0.4746,0.4746,0.4746,0.4746,0.4746,500.0,1
1790810100,0.4737,0.4737,0.4737,0.4737,0.4737,129.3766,1
1790810400,0.474,0.474,0.474,0.474,0.4740,1652.8604,1
1790810700,0.473,0.4731,0.4726,0.4726,0.4729,5217.61643,3
1790811000,0.4713,0.4713,0.4713,0.4713,0.4713,2019.96885,1
1790811300,0.4729,0.4729,0.4721,0.4721,0.4728,1123.54,2
1790811600,0.4721,0.4721,0.4721,0.4721,0.0000,0.0,0
1790811900,0.4721,0.4721,0.4721,0.4721,0.0000,0.0,0
1790812200,0.4721,0.4721,0.4721,0.4721,0.0000,0.0,0
1790812500,0.4721,0.4721,0.4721,0.4721,0.0000,0.0,0
1790812800,0.4721,0.4721,0.4721,0.4721,0.0000,0.0,0
1790813100,0.4721,0.4721,0.4721,0.4721,0.0000,0.0,0
1790813400,0.474,0.474,0.474,0.474,0.4740,82.14351,1
1790813700,0.474,0.474,0.474,0.474,0.0000,0.0,0
1790814000,0.474,0.474,0.474,0.474,0.0000,0.0,0
1790814300,0.474,0.474,0.474,0.474,0.0000,0.0,0
1790814600,0.4749,0.4749,0.4749,0.4749,0.4749,1652.8604,1
1790814900,0.4758,0.4758,0.4758,0.4758,0.4758,420.34468,1
1790815200,0.4758,0.4758,0.4758,0.4758,0.0000,0.0,0
1790815500,0.4791,0.4791,0.4791,0.4791,0.4791,208.72469,1
1790815800,0.4777,0.4777,0.4777,0.4777,0.4777,208.70894,1
1790816100,0.4777,0.4777,0.4777,0.4777,0.0000,0.0,0
1790816400,0.4777,0.4777,0.4777,0.4777,0.4777,209.32569,1
1790816700,0.4777,0.4777,0.4777,0.4777,0.0000,0.0,0
1790817000,0.4777,0.4777,0.4777,0.4777,0.0000,0.0,0
1790817300,0.4777,0.4777,0.4777,0.4777,0.0000,0.0,0
1790817600,0.4777,0.4777,0.4777,0.4777,0.0000,0.0,0
1790817900,0.4777,0.4777,0.4777,0.4777,0.0000,0.0,0
1790818200,0.4777,0.4777,0.4777,0.4777,0.0000,0.0,0
1790818500,0.4777,0.4777,0.4777,0.4777,0.0000,0.0,0
1790818800,0.4777,0.4777,0.4777,0.4777,0.0000,0.0,0
1790819100,0.4758,0.4758,0.4758,0.4758,0.4758,210.16584,1
1790819400,0.4758,0.4758,0.4758,0.4758,0.0000,0.0,0
1790819700,0.4758,0.4758,0.4758,0.4758,0.0000,0.0,0
1790820000,0.4705,0.4705,0.4705,0.4705,0.4705,1652.8604,1
1790820300,0.4758,0.4758,0.4758,0.4758,0.4758,1652.8604,1
1790820600,0.4758,0.4758,0.4758,0.4758,0.0000,0.0,0
1790820900,0.474,0.474,0.474,0.474,0.4740,763.65523,2
1790821200,0.474,0.474,0.474,0.474,0.0000,0.0,0
1790821500,0.474,0.474,0.474,0.474,0.0000,0.0,0
1790821800,0.474,0.474,0.474,0.474,0.0000,0.0,0
1790822100,0.4768,0.4768,0.4768,0.4768,0.4768,3305.7208,2
1790822400,0.4758,0.4758,0.4758,0.4758,0.4758,42.03446,1
1790822700,0.4758,0.4758,0.4758,0.4758,0.0000,0.0,0
1790823000,0.4758,0.4758,0.4758,0.4758,0.0000,0.0,0
1790823300,0.4758,0.4758,0.4758,0.4758,0.0000,0.0,0
1790823600,0.4758,0.4758,0.4758,0.4758,0.0000,0.0,0
1790823900,0.4729,0.4733,0.4729,0.4733,0.4732,172.74999,2
1790824200,0.4726,0.4726,0.4726,0.4726,0.4726,148.74709,1
1790824500,0.4771,0.4771,0.4771,0.4771,0.4771,209.59966,1
1790824800,0.4771,0.4771,0.4771,0.4771,0.0000,0.0,0
1790825100,0.4723,0.4741,0.4723,0.4741,0.4735,3000.0,3
1790825400,0.4741,0.4741,0.4741,0.4741,0.0000,0.0,0
1790825700,0.475,0.4751,0.475,0.4751,0.4750,710.48014,2
1790826000,0.4746,0.4759,0.4746,0.4759,0.4757,549.52975,2
1790826300,0.4772,0.4772,0.4771,0.4771,0.4771,1862.45451,2
1790826600,0.4763,0.4763,0.475,0.475,0.4750,1673.4911,2
1790826900,0.475,0.475,0.475,0.475,0.0000,0.0,0
1790827200,0.4742,0.4742,0.4738,0.4738,0.4741,7452.78532,2
1790827500,0.4738,0.4738,0.4738,0.4738,0.0000,0.0,0
1790827800,0.4738,0.4738,0.4738,0.4738,0.0000,0.0,0
1790828100,0.4723,0.4723,0.471,0.471,0.4712,477.17981,2
1790828400,0.4737,0.4742,0.4737,0.4742,0.4740,458.07122,4
1790828700,0.473,0.474,0.4725,0.4731,0.4731,2567.79492,6
1790829000,0.4736,0.4736,0.4724,0.4724,0.4728,387.13824,2
1790829300,0.4718,0.4729,0.4704,0.4704,0.4715,3936.54239,10
1790829600,0.4718,0.4718,0.468,0.4702,0.4683,51209.40826,19
1790829900,0.4701,0.4747,0.4701,0.4747,0.4726,1991.45443,17
1790830200,0.4749,0.4749,0.4726,0.4727,0.4729,8508.98738,8
1790830500,0.471,0.471,0.4699,0.47,0.4700,3880.71991,5
1790830800,0.4709,0.4709,0.4691,0.4699,0.4697,728.80131,7
1790831100,0.4699,0.4705,0.4694,0.4694,0.4697,2746.58199,7
1790831400,0.4705,0.4706,0.4705,0.4706,0.4705,227.98322,2
1790831700,0.47,0.4702,0.47,0.4702,0.4700,550.3059,4
1790832000,0.4702,0.4718,0.4693,0.4693,0.4705,357.68819,4
1790832300,0.4688,0.4688,0.4688,0.4688,0.4688,213.30963,1
1790832600,0.4688,0.4688,0.4688,0.4688,0.0000,0.0,0
1790832900,0.4713,0.4713,0.4711,0.4711,0.4711,833.86053,2
1790833200,0.4692,0.4692,0.4692,0.4692,0.4692,99.98254,1
1790833500,0.4692,0.4692,0.4685,0.469,0.4689,381.10171,4
1790833800,0.469,0.469,0.4674,0.4674,0.4675,4375.54825,3
1790834100,0.4707,0.4708,0.4707,0.4708,0.4707,424.85395,2
1790834400,0.4712,0.4714,0.4712,0.4714,0.4712,521.38011,2
1790834700,0.4699,0.4699,0.4699,0.4699,0.4699,224.62274,2
1790835000,0.4699,0.4699,0.4699,0.4699,0.0000,0.0,0
1790835300,0.4708,0.4708,0.4708,0.4708,0.4708,212.35931,1
1790835600,0.4713,0.4728,0.4713,0.4728,0.4715,413.42585,3
1790835900,0.4735,0.4741,0.4725,0.4725,0.4726,3215.40765,8
1790836200,0.4714,0.4714,0.4714,0.4714,0.4714,546.42766,1
1790836500,0.4714,0.4714,0.4714,0.4714,0.0000,0.0,0
1790836800,0.4725,0.4725,0.4718,0.4718,0.4724,38167.84142,23
1790837100,0.4724,0.4746,0.4724,0.4739,0.4739,5000.0,7
1790837400,0.4755,0.4755,0.4753,0.4753,0.4754,3019.72197,4
1790837700,0.4778,0.4799,0.4778,0.4799,0.4789,4681.82196,7
1790838000,0.4799,0.4799,0.4799,0.4799,0.0000,0.0,0
