time,open,high,low,close,vwap,volume,count
1790639760,273.11,273.11,273.11,273.11,0.00,0.0,0
1790639820,273.11,273.11,273.11,273.11,0.00,0.0,0
1790639880,273.11,273.11,273.11,273.11,0.00,0.0,0
1790639940,273.11,273.11,273.11,273.11,0.00,0.0,0
1790640000,273.11,273.11,273.11,273.11,0.00,0.0,0
1790640060,273.11,273.11,273.11,273.11,0.00,0.0,0
1790640120,273.11,273.11,273.11,273.11,0.00,0.0,0
1790640180,272.62,272.62,272.55,272.55,272.59,6.78058403,6
1790640240,273.07,273.08,273.07,273.08,273.07,0.06870544,2
1790640300,273.08,273.08,273.08,273.08,0.00,0.0,0
1790640360,273.08,273.08,273.08,273.08,0.00,0.0,0
1790640420,273.08,273.08,273.08,273.08,0.00,0.0,0
1790640480,273.08,273.08,273.08,273.08,0.00,0.0,0
1790640540,273.08,273.08,273.08,273.08,0.00,0.0,0
1790640600,273.08,273.08,273.08,273.08,0.00,0.0,0
1790640660,273.08,273.08,273.08,273.08,0.00,0.0,0
1790640720,272.95,272.95,272.95,272.95,272.95,0.01666728,1
1790640780,272.95,272.95,272.95,272.95,0.00,0.0,0
1790640840,273.13,273.13,273.13,273.13,273.13,0.81932,2
1790640900,273.13,273.13,273.13,273.13,0.00,0.0,0
1790640960,273.13,273.13,273.13,273.13,0.00,0.0,0
1790641020,273.13,273.13,273.13,273.13,0.00,0.0,0
1790641080,273.13,273.13,273.13,273.13,0.00,0.0,0
1790641140,272.17,272.43,272.17,272.39,272.28,3.63975513,5
1790641200,272.18,272.18,272.18,272.18,272.18,0.85498036,1
1790641260,272.18,272.18,272.18,272.18,0.00,0.0,0
1790641320,272.17,272.17,272.17,272.17,272.17,0.01,1
1790641380,272.17,272.17,272.17,272.17,0.00,0.0,0
1790641440,272.17,272.17,272.17,272.17,0.00,0.0,0
1790641500,272.07,272.07,272.07,272.07,272.07,0.0323495,1
1790641560,272.54,272.54,272.51,272.51,272.53,3.81278752,3
1790641620,272.51,272.51,272.51,272.51,0.00,0.0,0
1790641680,272.59,272.59,272.59,272.59,272.59,0.03256519,1
1790641740,272.87,272.87,272.87,272.87,272.87,2.66184676,2
1790641800,272.81,272.81,272.77,272.77,272.77,9.37479768,5
1790641860,272.77,272.77,272.77,272.77,0.00,0.0,0
1790641920,272.77,272.77,272.77,272.77,0.00,0.0,0
1790641980,272.77,272.77,272.77,272.77,0.00,0.0,0
1790642040,272.77,272.77,272.77,272.77,0.00,0.0,0
1790642100,272.77,272.77,272.77,272.77,0.00,0.0,0
1790642160,272.77,272.77,272.77,272.77,0.00,0.0,0
1790642220,272.77,272.77,272.77,272.77,0.00,0.0,0
1790642280,272.77,272.77,272.77,272.77,0.00,0.0,0
1790642340,272.77,272.77,272.77,272.77,0.00,0.0,0
1790642400,272.77,272.77,272.77,272.77,0.00,0.0,0
1790642460,272.77,272.77,272.77,272.77,0.00,0.0,0
1790642520,272.77,272.77,272.77,272.77,0.00,0.0,0
1790642580,272.77,272.77,272.77,272.77,0.00,0.0,0
1790642640,272.77,272.77,272.77,272.77,0.00,0.0,0
1790642700,272.77,272.77,272.77,272.77,0.00,0.0,0
1790642760,272.77,272.77,272.77,272.77,0.00,0.0,0
1790642820,272.77,272.77,272.77,272.77,0.00,0.0,0
1790642880,272.77,272.77,272.77,272.77,0.00,0.0,0
1790642940,272.77,272.77,272.77,272.77,0.00,0.0,0
1790643000,272.77,272.77,272.77,272.77,0.00,0.0,0
1790643060,272.77,272.77,272.77,272.77,0.00,0.0,0
1790643120,271.37,271.37,271.37,271.37,271.37,0.799357,1
1790643180,271.26,271.26,271.26,271.26,271.26,0.377696,1
1790643240,271.26,271.26,271.26,271.26,0.00,0.0,0
1790643300,271.71,271.71,271.7,271.7,271.70,0.072916,2
1790643360,271.7,271.7,271.7,271.7,0.00,0.0,0
1790643420,271.7,271.7,271.7,271.7,0.00,0.0,0
1790643480,271.7,271.7,271.7,271.7,0.00,0.0,0
1790643540,271.7,271.7,271.7,271.7,0.00,0.0,0
1790643600,271.02,271.02,271.01,271.01,271.01,0.85692141,2
1790643660,271.01,271.01,271.01,271.01,0.00,0.0,0
1790643720,271.65,271.89,271.58,271.89,271.76,0.84474,5
1790643780,271.89,271.89,271.89,271.89,0.00,0.0,0
1790643840,271.89,271.89,271.89,271.89,0.00,0.0,0
1790643900,271.89,271.89,271.89,271.89,0.00,0.0,0
1790643960,271.89,271.89,271.89,271.89,0.00,0.0,0
1790644020,271.89,271.89,271.89,271.89,0.00,0.0,0
1790644080,270.69,270.69,270.69,270.69,270.69,0.15130304,1
1790644140,270.69,270.69,270.69,270.69,0.00,0.0,0
1790644200,270.69,270.69,270.69,270.69,0.00,0.0,0
1790644260,270.69,270.69,270.69,270.69,0.00,0.0,0
1790644320,270.69,270.69,270.69,270.69,0.00,0.0,0
1790644380,270.69,270.69,270.69,270.69,0.00,0.0,0
1790644440,270.69,270.69,270.69,270.69,0.00,0.0,0
1790644500,270.69,270.69,270.69,270.69,0.00,0.0,0
1790644560,270.69,270.69,270.69,270.69,0.00,0.0,0
1790644620,270.69,270.69,270.69,270.69,0.00,0.0,0
1790644680,270.69,270.69,270.69,270.69,0.00,0.0,0
1790644740,268.5,268.5,268.33,268.33,268.42,0.79421875,8
1790644800,268.55,268.65,268.55,268.65,268.55,6.79078403,2
1790644860,269.59,269.59,269.59,269.59,269.59,0.0102,1
1790644920,269.57,269.9,269.57,269.9,269.73,0.0202,2
1790644980,269.9,269.9,269.9,269.9,0.00,0.0,0
1790645040,269.9,269.9,269.9,269.9,0.00,0.0,0
1790645100,269.9,269.9,269.9,269.9,0.00,0.0,0
1790645160,269.42,269.75,269.42,269.75,269.58,0.0202,2
1790645220,269.75,269.75,269.75,269.75,0.00,0.0,0
1790645280,269.75,269.75,269.75,269.75,0.00,0.0,0
1790645340,268.0,268.0,267.26,267.26,267.95,3.99283005,8
1790645400,267.94,268.04,267.94,268.04,268.03,0.19099913,2
1790645460,268.04,268.04,268.04,268.04,0.00,0.0,0
1790645520,267.33,267.33,266.47,267.32,266.61,94.09046395,26
1790645580,267.32,267.32,267.32,267.32,0.00,0.0,0
1790645640,268.01,268.01,268.01,268.01,268.01,0.0102,1
1790645700,268.03,268.04,266.63,266.63,267.39,22.40754318,8
1790645760,267.06,267.06,267.06,267.06,267.06,0.0102,1
1790645820,267.0,267.29,267.0,267.29,267.08,0.035045,2
1790645880,267.29,267.29,267.29,267.29,0.00,0.0,0
1790645940,267.3,267.3,267.3,267.3,267.30,0.0427,1
1790646000,267.3,267.3,267.3,267.3,0.00,0.0,0
1790646060,267.18,267.28,266.36,266.36,267.06,183.95469828,30
1790646120,267.07,267.67,267.07,267.67,267.63,1.2765142,6
1790646180,267.7,267.75,267.64,267.64,267.72,36.7874076,7
1790646240,267.29,267.72,267.28,267.72,267.30,6.37033356,9
1790646300,267.79,268.21,267.79,268.21,268.01,7.69087516,10
1790646360,268.56,268.56,268.56,268.56,268.56,8.34903454,1
1790646420,268.26,268.31,268.06,268.31,268.20,13.06272707,8
1790646480,268.35,268.35,268.0,268.0,268.11,5.65867131,4
1790646540,268.0,268.0,268.0,268.0,0.00,0.0,0
1790646600,268.0,268.0,268.0,268.0,0.00,0.0,0
1790646660,267.3,267.46,267.3,267.42,267.39,7.31397003,8
1790646720,267.51,267.92,267.51,267.92,267.51,1.78977145,4
1790646780,268.55,269.04,268.55,269.04,268.99,0.10434921,2
1790646840,268.75,268.75,268.48,268.48,268.70,10.60645835,2
1790646900,268.48,268.48,268.48,268.48,0.00,0.0,0
1790646960,268.54,268.54,268.54,268.54,268.54,1.7734508,2
1790647020,268.54,268.54,268.54,268.54,0.00,0.0,0
1790647080,268.22,268.69,268.21,268.69,268.42,8.07317344,5
1790647140,268.35,268.55,268.35,268.55,268.42,6.1222947,5
1790647200,268.49,268.61,268.49,268.61,268.49,1.53759772,2
1790647260,268.64,268.64,268.15,268.15,268.21,1.86498795,3
1790647320,268.2,268.2,268.06,268.17,268.12,4.34976377,5
1790647380,267.95,267.95,267.95,267.95,267.95,1.37419564,1
1790647440,268.23,268.53,268.23,268.53,268.28,0.5591,3
1790647500,268.53,268.53,268.53,268.53,0.00,0.0,0
1790647560,267.88,267.89,267.88,267.89,267.88,1.44131148,4
1790647620,268.14,268.14,268.11,268.11,268.11,0.0455,2
1790647680,268.11,268.11,268.11,268.11,0.00,0.0,0
1790647740,267.76,267.76,267.64,267.64,267.75,1.37357628,2
1790647800,267.64,267.64,267.64,267.64,0.00,0.0,0
1790647860,267.64,267.64,267.64,267.64,0.00,0.0,0
1790647920,267.71,267.71,267.71,267.71,267.71,0.0102,1
1790647980,268.14,268.14,268.14,268.14,268.14,0.0102,1
1790648040,268.05,268.05,268.05,268.05,268.05,2.05291262,1
1790648100,268.05,268.05,268.05,268.05,0.00,0.0,0
1790648160,268.44,268.47,268.44,268.47,268.45,0.0956,3
1790648220,268.47,268.47,268.47,268.47,0.00,0.0,0
1790648280,268.47,268.47,268.47,268.47,0.00,0.0,0
1790648340,268.47,268.47,268.47,268.47,0.00,0.0,0
1790648400,268.38,268.38,268.38,268.38,268.38,0.0102,1
1790648460,268.38,268.38,268.38,268.38,0.00,0.0,0
1790648520,267.4,267.4,266.26,266.26,266.83,0.0204,2
1790648580,267.08,267.08,267.08,267.08,267.08,0.0102,1
1790648640,267.08,267.08,267.08,267.08,0.00,0.0,0
1790648700,267.08,267.08,267.08,267.08,0.00,0.0,0
1790648760,267.08,267.08,267.08,267.08,0.00,0.0,0
1790648820,267.08,267.08,267.08,267.08,0.00,0.0,0
1790648880,267.08,267.08,267.08,267.08,0.00,0.0,0
1790648940,267.08,267.08,267.08,267.08,0.00,0.0,0
1790649000,267.24,267.24,267.22,267.22,267.22,2.06291262,2
1790649060,266.73,266.73,266.73,266.73,266.73,1.31287007,1
1790649120,266.73,266.73,266.73,266.73,0.00,0.0,0
1790649180,266.73,266.73,266.73,266.73,0.00,0.0,0
1790649240,266.73,266.73,266.73,266.73,0.00,0.0,0
1790649300,266.73,266.73,266.73,266.73,0.00,0.0,0
1790649360,266.73,266.73,266.73,266.73,0.00,0.0,0
1790649420,266.61,266.61,266.61,266.61,266.61,0.0102,1
1790649480,267.18,267.21,267.18,267.21,267.20,0.09276214,2
1790649540,267.21,267.21,267.21,267.21,0.00,0.0,0
1790649600,267.21,267.21,267.21,267.21,0.00,0.0,0
1790649660,267.23,267.23,267.23,267.23,267.23,6.54317748,1
1790649720,267.23,267.23,267.23,267.23,0.00,0.0,0
1790649780,267.23,267.23,267.23,267.23,0.00,0.0,0
1790649840,267.23,267.23,267.23,267.23,0.00,0.0,0
1790649900,267.23,267.23,267.23,267.23,0.00,0.0,0
1790649960,267.23,267.23,267.23,267.23,0.00,0.0,0
1790650020,267.23,267.23,267.23,267.23,0.00,0.0,0
1790650080,267.23,267.23,267.23,267.23,0.00,0.0,0
1790650140,267.23,267.23,267.23,267.23,0.00,0.0,0
1790650200,267.23,267.23,267.23,267.23,0.00,0.0,0
1790650260,267.23,267.23,267.23,267.23,0.00,0.0,0
1790650320,267.23,267.23,267.23,267.23,0.00,0.0,0
1790650380,267.23,267.23,267.23,267.23,0.00,0.0,0
1790650440,267.23,267.23,267.23,267.23,0.00,0.0,0
1790650500,267.23,267.23,267.23,267.23,0.00,0.0,0
1790650560,267.23,267.23,267.23,267.23,0.00,0.0,0
1790650620,267.23,267.23,267.23,267.23,0.00,0.0,0
1790650680,267.23,267.23,267.23,267.23,0.00,0.0,0
1790650740,267.23,267.23,267.23,267.23,0.00,0.0,0
1790650800,267.23,267.23,267.23,267.23,0.00,0.0,0
1790650860,267.23,267.23,267.23,267.23,0.00,0.0,0
1790650920,267.11,267.11,267.11,267.11,267.11,1.65356774,1
1790650980,267.52,267.66,267.52,267.62,267.63,3.3839371,6
1790651040,266.85,266.85,266.85,266.85,266.85,1.4833,1
1790651100,266.85,266.85,266.85,266.85,0.00,0.0,0
1790651160,266.85,266.85,266.85,266.85,0.00,0.0,0
1790651220,266.85,266.85,266.85,266.85,0.00,0.0,0
1790651280,266.85,266.85,266.85,266.85,0.00,0.0,0
1790651340,266.85,266.85,266.85,266.85,0.00,0.0,0
1790651400,266.85,266.85,266.85,266.85,0.00,0.0,0
1790651460,266.85,266.85,266.85,266.85,0.00,0.0,0
1790651520,266.85,266.85,266.85,266.85,0.00,0.0,0
1790651580,266.85,266.85,266.85,266.85,0.00,0.0,0
1790651640,266.85,266.85,266.85,266.85,0.00,0.0,0
1790651700,266.85,266.85,266.85,266.85,0.00,0.0,0
1790651760,267.64,267.64,267.64,267.64,267.64,0.0102,1
1790651820,267.64,267.64,267.64,267.64,0.00,0.0,0
1790651880,267.64,267.64,267.64,267.64,0.00,0.0,0
1790651940,267.64,267.64,267.64,267.64,0.00,0.0,0
1790652000,267.64,267.64,267.64,267.64,0.00,0.0,0
1790652060,267.64,267.64,267.64,267.64,0.00,0.0,0
1790652120,268.51,268.51,268.51,268.51,268.51,0.0102,1
1790652180,268.51,268.51,268.51,268.51,0.00,0.0,0
1790652240,268.51,268.51,268.51,268.51,0.00,0.0,0
1790652300,269.07,269.07,269.07,269.07,269.07,0.0102,1
1790652360,269.07,269.07,269.07,269.07,0.00,0.0,0
1790652420,269.28,269.28,269.28,269.28,269.28,0.0102,1
1790652480,269.28,269.28,269.28,269.28,0.00,0.0,0
1790652540,269.28,269.28,269.28,269.28,0.00,0.0,0
1790652600,269.36,269.47,269.36,269.47,269.45,6.63877748,6
1790652660,269.47,269.47,269.47,269.47,0.00,0.0,0
1790652720,269.47,269.47,269.47,269.47,0.00,0.0,0
1790652780,269.47,269.47,269.47,269.47,0.00,0.0,0
1790652840,269.47,269.47,269.47,269.47,0.00,0.0,0
1790652900,269.76,269.76,269.76,269.76,269.76,0.0102,1
1790652960,269.76,269.76,269.76,269.76,0.00,0.0,0
1790653020,269.76,269.76,269.76,269.76,0.00,0.0,0
1790653080,269.76,269.76,269.76,269.76,0.00,0.0,0
1790653140,269.59,269.59,269.51,269.51,269.53,0.199022,4
1790653200,269.63,269.63,269.63,269.63,269.63,0.03701597,1
1790653260,269.63,269.63,269.63,269.63,0.00,0.0,0
1790653320,269.63,269.63,269.63,269.63,0.00,0.0,0
1790653380,269.21,269.21,269.21,269.21,269.21,0.0102,1
1790653440,269.21,269.21,269.21,269.21,0.00,0.0,0
1790653500,269.21,269.21,269.21,269.21,0.00,0.0,0
1790653560,269.21,269.21,269.21,269.21,0.00,0.0,0
1790653620,269.21,269.21,269.21,269.21,0.00,0.0,0
1790653680,269.21,269.21,269.21,269.21,0.00,0.0,0
1790653740,269.21,269.21,269.21,269.21,0.00,0.0,0
1790653800,269.21,269.21,269.21,269.21,0.00,0.0,0
1790653860,269.21,269.21,269.21,269.21,0.00,0.0,0
1790653920,269.21,269.21,269.21,269.21,0.00,0.0,0
1790653980,269.21,269.21,269.21,269.21,0.00,0.0,0
1790654040,269.21,269.21,269.21,269.21,0.00,0.0,0
1790654100,269.21,269.21,269.21,269.21,0.00,0.0,0
1790654160,269.21,269.21,269.21,269.21,0.00,0.0,0
1790654220,269.21,269.21,269.21,269.21,0.00,0.0,0
1790654280,268.34,268.34,268.03,268.03,268.30,2.16809188,6
1790654340,268.19,268.19,268.19,268.19,268.19,0.01107243,1
1790654400,268.18,268.18,268.18,268.18,268.18,0.14469045,1
1790654460,268.18,268.18,268.18,268.18,0.00,0.0,0
1790654520,268.18,268.18,268.18,268.18,0.00,0.0,0
1790654580,268.18,268.18,268.18,268.18,0.00,0.0,0
1790654640,268.18,268.18,268.18,268.18,0.00,0.0,0
1790654700,267.87,267.87,267.87,267.87,267.87,0.150393,2
1790654760,267.87,267.87,267.87,267.87,0.00,0.0,0
1790654820,267.87,267.87,267.87,267.87,0.00,0.0,0
1790654880,267.24,267.24,267.24,267.24,267.24,7.09537583,1
1790654940,267.24,267.24,267.24,267.24,0.00,0.0,0
1790655000,268.36,268.36,268.21,268.21,268.23,0.05606356,2
1790655060,268.21,268.21,268.21,268.21,0.00,0.0,0
1790655120,268.21,268.21,268.21,268.21,0.00,0.0,0
1790655180,268.21,268.21,268.21,268.21,0.00,0.0,0
1790655240,268.21,268.21,268.21,268.21,0.00,0.0,0
1790655300,268.21,268.21,268.21,268.21,0.00,0.0,0
1790655360,269.09,269.1,269.09,269.1,269.09,0.36822901,2
1790655420,269.1,269.1,269.1,269.1,0.00,0.0,0
1790655480,269.1,269.1,269.1,269.1,0.00,0.0,0
1790655540,269.1,269.1,269.1,269.1,0.00,0.0,0
1790655600,269.1,269.1,269.1,269.1,0.00,0.0,0
1790655660,269.1,269.1,269.1,269.1,0.00,0.0,0
1790655720,269.1,269.1,269.1,269.1,0.00,0.0,0
1790655780,269.1,269.1,269.1,269.1,0.00,0.0,0
1790655840,269.1,269.1,269.1,269.1,0.00,0.0,0
1790655900,269.1,269.1,269.1,269.1,0.00,0.0,0
1790655960,269.1,269.1,269.1,269.1,0.00,0.0,0
1790656020,269.1,269.1,269.1,269.1,0.00,0.0,0
1790656080,269.1,269.1,269.1,269.1,0.00,0.0,0
1790656140,269.1,269.1,269.1,269.1,0.00,0.0,0
1790656200,269.1,269.1,269.1,269.1,0.00,0.0,0
1790656260,269.1,269.1,269.1,269.1,0.00,0.0,0
1790656320,269.1,269.1,269.1,269.1,0.00,0.0,0
1790656380,269.1,269.1,269.1,269.1,0.00,0.0,0
1790656440,269.1,269.1,269.1,269.1,0.00,0.0,0
1790656500,269.1,269.1,269.1,269.1,0.00,0.0,0
1790656560,269.1,269.1,269.1,269.1,0.00,0.0,0
1790656620,269.1,269.1,269.1,269.1,0.00,0.0,0
1790656680,269.1,269.1,269.1,269.1,0.00,0.0,0
1790656740,269.1,269.1,269.1,269.1,0.00,0.0,0
1790656800,269.4,269.41,269.4,269.41,269.40,0.125,2
1790656860,269.41,269.41,269.41,269.41,0.00,0.0,0
1790656920,269.41,269.41,269.41,269.41,0.00,0.0,0
1790656980,269.41,269.41,269.41,269.41,0.00,0.0,0
1790657040,269.41,269.41,269.41,269.41,0.00,0.0,0
1790657100,269.41,269.41,269.41,269.41,0.00,0.0,0
1790657160,269.41,269.41,269.41,269.41,0.00,0.0,0
1790657220,268.57,268.59,268.57,268.59,268.58,6.58587748,2
1790657280,268.59,268.59,268.59,268.59,0.00,0.0,0
1790657340,268.59,268.59,268.59,268.59,0.00,0.0,0
1790657400,268.59,268.59,268.59,268.59,0.00,0.0,0
1790657460,268.59,268.59,268.59,268.59,0.00,0.0,0
1790657520,268.59,268.59,268.59,268.59,0.00,0.0,0
1790657580,268.59,268.59,268.59,268.59,0.00,0.0,0
1790657640,268.59,268.59,268.59,268.59,0.00,0.0,0
1790657700,268.59,268.59,268.59,268.59,0.00,0.0,0
1790657760,268.59,268.59,268.59,268.59,0.00,0.0,0
1790657820,268.59,268.59,268.59,268.59,0.00,0.0,0
1790657880,268.59,268.59,268.59,268.59,0.00,0.0,0
1790657940,268.59,268.59,268.59,268.59,0.00,0.0,0
1790658000,268.59,268.59,268.59,268.59,0.00,0.0,0
1790658060,268.59,268.59,268.59,268.59,0.00,0.0,0
1790658120,268.59,268.59,268.59,268.59,0.00,0.0,0
1790658180,268.59,268.59,268.59,268.59,0.00,0.0,0
1790658240,269.3,269.3,269.3,269.3,269.30,0.0102,1
1790658300,269.61,269.61,269.61,269.61,269.61,0.05452962,1
1790658360,269.34,269.34,269.34,269.34,269.34,0.25114731,1
1790658420,269.34,269.34,269.34,269.34,0.00,0.0,0
1790658480,269.34,269.34,269.34,269.34,0.00,0.0,0
1790658540,269.0,269.17,269.0,269.12,269.10,8.46039915,7
1790658600,269.12,269.12,269.12,269.12,0.00,0.0,0
1790658660,269.12,269.12,269.12,269.12,0.00,0.0,0
1790658720,269.12,269.12,269.12,269.12,0.00,0.0,0
1790658780,269.12,269.12,269.12,269.12,0.00,0.0,0
1790658840,269.12,269.12,269.12,269.12,0.00,0.0,0
1790658900,269.12,269.12,269.12,269.12,0.00,0.0,0
1790658960,269.12,269.12,269.12,269.12,0.00,0.0,0
1790659020,269.12,269.12,269.12,269.12,0.00,0.0,0
1790659080,269.12,269.12,269.12,269.12,0.00,0.0,0
1790659140,269.12,269.12,269.12,269.12,0.00,0.0,0
1790659200,269.12,269.12,269.12,269.12,0.00,0.0,0
1790659260,269.12,269.12,269.12,269.12,0.00,0.0,0
1790659320,269.12,269.12,269.12,269.12,0.00,0.0,0
1790659380,269.12,269.12,269.12,269.12,0.00,0.0,0
1790659440,269.12,269.12,269.12,269.12,0.00,0.0,0
1790659500,269.12,269.12,269.12,269.12,0.00,0.0,0
1790659560,269.12,269.12,269.12,269.12,0.00,0.0,0
1790659620,269.12,269.12,269.12,269.12,0.00,0.0,0
1790659680,269.12,269.12,269.12,269.12,0.00,0.0,0
1790659740,269.12,269.12,269.12,269.12,0.00,0.0,0
1790659800,269.12,269.12,269.12,269.12,0.00,0.0,0
1790659860,269.12,269.12,269.12,269.12,0.00,0.0,0
1790659920,269.12,269.12,269.12,269.12,0.00,0.0,0
1790659980,269.12,269.12,269.12,269.12,0.00,0.0,0
1790660040,268.05,268.05,268.0,268.0,268.00,1.6102,2
1790660100,268.0,268.0,268.0,268.0,0.00,0.0,0
1790660160,267.71,267.71,267.71,267.71,267.71,0.0102,1
1790660220,267.71,267.71,267.71,267.71,0.00,0.0,0
1790660280,267.71,267.71,267.71,267.71,0.00,0.0,0
1790660340,268.33,268.33,268.24,268.24,268.29,20.0,9
1790660400,268.24,268.24,268.24,268.24,0.00,0.0,0
1790660460,268.24,268.24,268.24,268.24,0.00,0.0,0
1790660520,268.24,268.24,268.24,268.24,0.00,0.0,0
1790660580,268.24,268.24,268.24,268.24,0.00,0.0,0
1790660640,268.24,268.24,268.24,268.24,0.00,0.0,0
1790660700,268.24,268.24,268.24,268.24,0.00,0.0,0
1790660760,268.24,268.24,268.24,268.24,0.00,0.0,0
1790660820,268.24,268.24,268.24,268.24,0.00,0.0,0
1790660880,268.24,268.24,268.24,268.24,0.00,0.0,0
1790660940,268.24,268.24,268.24,268.24,0.00,0.0,0
1790661000,268.24,268.24,268.24,268.24,0.00,0.0,0
1790661060,268.24,268.24,268.24,268.24,0.00,0.0,0
1790661120,268.24,268.24,268.24,268.24,0.00,0.0,0
1790661180,268.24,268.24,268.24,268.24,0.00,0.0,0
1790661240,268.24,268.24,268.24,268.24,0.00,0.0,0
1790661300,268.24,268.24,268.24,268.24,0.00,0.0,0
1790661360,268.24,268.24,268.24,268.24,0.00,0.0,0
1790661420,268.24,268.24,268.24,268.24,0.00,0.0,0
1790661480,268.24,268.24,268.24,268.24,0.00,0.0,0
1790661540,268.24,268.24,268.24,268.24,0.00,0.0,0
1790661600,268.24,268.24,268.24,268.24,0.00,0.0,0
1790661660,268.24,268.24,268.24,268.24,0.00,0.0,0
1790661720,268.24,268.24,268.24,268.24,0.00,0.0,0
1790661780,268.24,268.24,268.24,268.24,0.00,0.0,0
1790661840,270.54,270.54,270.49,270.49,270.53,155.45775506,17
1790661900,270.45,270.45,270.43,270.43,270.43,1.01899146,2
1790661960,270.43,270.43,270.43,270.43,0.00,0.0,0
1790662020,270.43,270.43,270.43,270.43,0.00,0.0,0
1790662080,270.78,270.78,270.76,270.76,270.77,1.32434033,3
1790662140,271.33,271.33,271.33,271.33,271.33,0.98423276,1
1790662200,271.33,271.33,271.33,271.33,0.00,0.0,0
1790662260,271.33,271.33,271.33,271.33,0.00,0.0,0
1790662320,271.33,271.33,271.33,271.33,0.00,0.0,0
1790662380,271.33,271.33,271.33,271.33,0.00,0.0,0
1790662440,271.33,271.33,271.33,271.33,0.00,0.0,0
1790662500,271.5,271.59,271.5,271.59,271.56,0.03337375,2
1790662560,271.05,271.05,271.05,271.05,271.05,3.89320148,17
1790662620,271.05,271.05,271.05,271.05,0.00,0.0,0
1790662680,271.05,271.05,271.05,271.05,0.00,0.0,0
1790662740,271.05,271.05,271.05,271.05,0.00,0.0,0
1790662800,271.05,271.05,271.05,271.05,0.00,0.0,0
1790662860,271.05,271.05,271.05,271.05,0.00,0.0,0
1790662920,271.17,271.17,271.17,271.17,271.17,1.7171749,1
1790662980,271.02,272.83,271.02,272.07,272.06,96.6345134,23
1790663040,272.07,272.07,272.07,272.07,0.00,0.0,0
1790663100,271.4,271.43,271.4,271.41,271.41,1.99818817,4
1790663160,271.51,271.51,271.51,271.51,271.51,0.0427,1
1790663220,271.51,271.51,271.51,271.51,0.00,0.0,0
1790663280,271.71,272.32,271.71,272.32,271.71,2.95293408,2
1790663340,272.32,272.32,272.32,272.32,0.00,0.0,0
1790663400,272.32,272.32,272.32,272.32,0.00,0.0,0
1790663460,272.32,272.32,272.32,272.32,0.00,0.0,0
1790663520,272.63,272.63,272.63,272.63,272.63,0.0102,1
1790663580,272.44,272.44,272.44,272.44,272.44,0.0102,1
1790663640,272.39,272.39,272.21,272.21,272.36,6.63877748,4
1790663700,272.21,272.21,272.21,272.21,0.00,0.0,0
1790663760,272.21,272.21,272.21,272.21,0.00,0.0,0
1790663820,272.21,272.21,272.21,272.21,0.00,0.0,0
1790663880,272.21,272.21,272.21,272.21,0.00,0.0,0
1790663940,272.06,272.48,272.06,272.48,272.19,9.26133522,6
1790664000,272.67,273.49,272.67,273.49,273.13,1.68246923,17
1790664060,273.49,273.49,273.49,273.49,0.00,0.0,0
1790664120,273.49,273.49,273.49,273.49,0.00,0.0,0
1790664180,273.12,273.12,273.12,273.12,273.12,0.0102,1
1790664240,273.12,273.12,273.12,273.12,0.00,0.0,0
1790664300,273.37,273.37,273.37,273.37,273.37,0.20186274,1
1790664360,273.37,273.37,273.37,273.37,0.00,0.0,0
1790664420,273.27,273.27,273.27,273.27,273.27,0.0102,1
1790664480,273.27,273.27,273.27,273.27,0.00,0.0,0
1790664540,273.27,273.27,273.27,273.27,0.00,0.0,0
1790664600,273.27,273.27,273.27,273.27,0.00,0.0,0
1790664660,273.27,273.27,273.27,273.27,0.00,0.0,0
1790664720,273.27,273.27,273.27,273.27,0.00,0.0,0
1790664780,273.27,273.27,273.27,273.27,0.00,0.0,0
1790664840,273.7,273.7,273.7,273.7,273.70,0.20687615,1
1790664900,273.7,273.7,273.7,273.7,0.00,0.0,0
1790664960,273.81,273.81,273.81,273.81,273.81,0.0102,1
1790665020,273.81,273.81,273.81,273.81,0.00,0.0,0
1790665080,273.43,273.43,273.43,273.43,273.43,0.0102,1
1790665140,273.43,273.43,273.43,273.43,0.00,0.0,0
1790665200,273.37,273.37,273.26,273.26,273.36,15.7002,5
1790665260,272.93,272.93,272.93,272.93,272.93,0.0102,1
1790665320,272.93,272.93,272.93,272.93,0.00,0.0,0
1790665380,272.93,272.93,272.93,272.93,0.00,0.0,0
1790665440,272.93,272.93,272.93,272.93,0.00,0.0,0
1790665500,272.93,272.93,272.93,272.93,0.00,0.0,0
1790665560,272.93,272.93,272.93,272.93,0.00,0.0,0
1790665620,272.93,272.93,272.93,272.93,0.00,0.0,0
1790665680,272.93,272.93,272.93,272.93,0.00,0.0,0
1790665740,273.33,273.35,273.11,273.15,273.14,78.83578946,15
1790665800,273.11,273.5,273.11,273.5,273.13,9.81226573,6
1790665860,273.5,273.5,273.5,273.5,0.00,0.0,0
1790665920,273.5,273.5,273.5,273.5,0.00,0.0,0
1790665980,273.5,273.5,273.5,273.5,0.00,0.0,0
1790666040,273.5,273.5,273.5,273.5,0.00,0.0,0
1790666100,273.5,273.5,273.5,273.5,0.00,0.0,0
1790666160,273.56,273.56,273.43,273.43,273.54,9.11376483,3
1790666220,273.43,273.43,273.43,273.43,0.00,0.0,0
1790666280,273.81,273.81,273.81,273.81,273.81,22.496,1
1790666340,273.81,273.81,273.81,273.81,0.00,0.0,0
1790666400,274.4,274.4,274.4,274.4,274.40,0.03729812,1
1790666460,274.4,274.4,274.4,274.4,0.00,0.0,0
1790666520,274.61,274.61,274.35,274.35,274.59,4.4062722,4
1790666580,273.87,273.87,273.87,273.87,273.87,0.0102,1
1790666640,273.87,273.87,273.87,273.87,0.00,0.0,0
1790666700,274.13,274.13,273.63,273.63,273.65,2.61375766,6
1790666760,273.63,273.63,273.3,273.3,273.62,2.94400194,3
1790666820,273.3,273.3,273.3,273.3,0.00,0.0,0
1790666880,273.25,273.46,273.25,273.46,273.42,0.34390441,4
1790666940,273.11,273.11,273.11,273.11,273.11,0.0102,1
1790667000,273.11,273.11,273.11,273.11,0.00,0.0,0
1790667060,273.11,273.11,273.11,273.11,0.00,0.0,0
1790667120,273.11,273.11,273.11,273.11,0.00,0.0,0
1790667180,273.11,273.11,273.11,273.11,0.00,0.0,0
1790667240,273.5,273.5,273.5,273.5,273.50,0.140651,1
1790667300,273.34,273.34,273.34,273.34,273.34,0.081354,1
1790667360,273.34,273.34,273.34,273.34,0.00,0.0,0
1790667420,273.7,273.7,273.7,273.7,273.70,0.0427,1
1790667480,273.7,273.7,273.7,273.7,0.00,0.0,0
1790667540,273.7,273.7,273.7,273.7,0.00,0.0,0
1790667600,274.16,274.41,274.16,274.41,274.29,18.83251463,11
1790667660,274.28,274.28,274.28,274.28,274.28,3.4343498,2
1790667720,274.06,274.06,274.06,274.06,274.06,0.0102,1
1790667780,274.06,274.06,274.06,274.06,0.00,0.0,0
1790667840,274.06,274.06,274.06,274.06,0.00,0.0,0
1790667900,274.06,274.06,274.06,274.06,0.00,0.0,0
1790667960,274.06,274.06,274.06,274.06,0.00,0.0,0
1790668020,274.25,274.25,274.25,274.25,274.25,0.179408,2
1790668080,274.25,274.25,274.25,274.25,0.00,0.0,0
1790668140,274.31,274.34,274.31,274.34,274.33,0.3352586,2
1790668200,274.34,274.34,274.34,274.34,0.00,0.0,0
1790668260,274.34,274.34,274.34,274.34,0.00,0.0,0
1790668320,274.43,274.43,274.23,274.23,274.40,0.15871083,2
1790668380,274.23,274.23,274.23,274.23,0.00,0.0,0
1790668440,274.23,274.23,274.23,274.23,0.00,0.0,0
1790668500,274.23,274.23,274.23,274.23,0.00,0.0,0
1790668560,274.23,274.23,274.23,274.23,0.00,0.0,0
1790668620,274.23,274.23,274.23,274.23,0.00,0.0,0
1790668680,274.23,274.23,274.23,274.23,0.00,0.0,0
1790668740,274.23,274.23,274.23,274.23,0.00,0.0,0
1790668800,274.13,274.13,274.13,274.13,274.13,0.02470577,1
1790668860,274.13,274.13,274.13,274.13,0.00,0.0,0
1790668920,274.13,274.13,274.13,274.13,0.00,0.0,0
1790668980,274.13,274.13,274.13,274.13,0.00,0.0,0
1790669040,274.13,274.13,274.13,274.13,0.00,0.0,0
1790669100,274.13,274.13,274.13,274.13,0.00,0.0,0
1790669160,274.13,274.13,274.13,274.13,0.00,0.0,0
1790669220,274.13,274.13,274.13,274.13,0.00,0.0,0
1790669280,274.13,274.13,274.13,274.13,0.00,0.0,0
1790669340,274.13,274.13,274.13,274.13,0.00,0.0,0
1790669400,274.13,274.13,274.13,274.13,0.00,0.0,0
1790669460,274.13,274.13,274.13,274.13,0.00,0.0,0
1790669520,273.81,273.81,273.79,273.79,273.79,0.28499555,3
1790669580,273.79,273.79,273.79,273.79,0.00,0.0,0
1790669640,274.54,274.54,274.54,274.54,274.54,2.0,1
1790669700,274.54,274.54,274.54,274.54,274.54,1.0,1
1790669760,274.54,274.54,274.54,274.54,0.00,0.0,0
1790669820,274.95,274.95,274.95,274.95,274.95,0.23999127,1
1790669880,274.95,274.95,274.95,274.95,0.00,0.0,0
1790669940,274.76,274.76,274.73,274.73,274.74,0.0854,2
1790670000,274.73,274.73,274.73,274.73,0.00,0.0,0
1790670060,274.73,274.73,274.73,274.73,0.00,0.0,0
1790670120,275.8,275.81,275.8,275.81,275.80,0.0473128,2
1790670180,275.35,275.55,275.29,275.5,275.39,0.05055068,5
1790670240,275.06,275.06,275.06,275.06,275.06,0.02017534,2
1790670300,275.06,275.06,275.06,275.06,0.00,0.0,0
1790670360,275.06,275.06,275.06,275.06,0.00,0.0,0
1790670420,275.06,275.06,275.06,275.06,0.00,0.0,0
1790670480,275.42,275.42,275.42,275.42,275.42,0.0102,1
1790670540,275.42,275.42,275.42,275.42,0.00,0.0,0
1790670600,274.85,274.85,274.85,274.85,274.85,0.0102,1
1790670660,274.71,274.71,274.71,274.71,274.71,0.07251399,1
1790670720,274.42,274.42,274.42,274.42,274.42,0.01,1
1790670780,274.13,274.13,274.13,274.13,274.13,0.0102,1
1790670840,274.13,274.13,274.13,274.13,0.00,0.0,0
1790670900,274.13,274.13,274.13,274.13,0.00,0.0,0
1790670960,274.13,274.13,274.13,274.13,0.00,0.0,0
1790671020,274.13,274.13,274.13,274.13,0.00,0.0,0
1790671080,273.23,273.23,273.23,273.23,273.23,1.81272188,1
1790671140,273.76,273.76,273.76,273.76,273.76,0.0102,1
1790671200,274.02,274.02,273.8,273.8,274.01,1.77589235,3
1790671260,273.2,273.2,273.2,273.2,273.20,0.0102,1
1790671320,273.2,273.2,273.2,273.2,0.00,0.0,0
1790671380,273.2,273.2,273.2,273.2,0.00,0.0,0
1790671440,273.2,273.2,273.2,273.2,0.00,0.0,0
1790671500,273.2,273.2,273.2,273.2,0.00,0.0,0
1790671560,273.75,273.77,273.68,273.68,273.70,0.15866349,3
1790671620,273.68,273.68,273.68,273.68,0.00,0.0,0
1790671680,273.68,273.68,273.68,273.68,0.00,0.0,0
1790671740,273.68,273.68,273.68,273.68,0.00,0.0,0
1790671800,274.07,274.07,274.07,274.07,274.07,0.07501733,1
1790671860,274.07,274.07,274.07,274.07,0.00,0.0,0
1790671920,274.07,274.07,274.07,274.07,0.00,0.0,0
1790671980,274.07,274.07,274.07,274.07,0.00,0.0,0
1790672040,274.07,274.07,274.07,274.07,0.00,0.0,0
1790672100,274.07,274.07,274.07,274.07,0.00,0.0,0
1790672160,274.07,274.07,274.07,274.07,0.00,0.0,0
1790672220,274.07,274.07,274.07,274.07,0.00,0.0,0
1790672280,274.07,274.07,274.07,274.07,0.00,0.0,0
1790672340,274.07,274.07,274.07,274.07,0.00,0.0,0
1790672400,274.07,274.07,274.07,274.07,0.00,0.0,0
1790672460,274.07,274.07,274.07,274.07,0.00,0.0,0
1790672520,274.07,274.07,274.07,274.07,0.00,0.0,0
1790672580,274.07,274.07,274.07,274.07,0.00,0.0,0
1790672640,274.07,274.07,274.07,274.07,0.00,0.0,0
1790672700,273.53,273.53,273.53,273.53,273.53,0.03220117,1
1790672760,273.45,273.46,273.45,273.46,273.45,8.65618672,4
1790672820,273.46,273.46,273.46,273.46,0.00,0.0,0
1790672880,273.78,273.86,273.78,273.86,273.81,3.89818752,5
1790672940,273.86,273.86,273.86,273.86,0.00,0.0,0
1790673000,273.86,273.86,273.86,273.86,0.00,0.0,0
1790673060,273.4,273.4,273.4,273.4,273.40,10.0,1
1790673120,273.4,273.4,273.4,273.4,0.00,0.0,0
1790673180,273.4,273.4,273.4,273.4,0.00,0.0,0
1790673240,273.4,273.4,273.4,273.4,0.00,0.0,0
1790673300,273.4,273.4,273.4,273.4,0.00,0.0,0
1790673360,273.89,273.89,273.89,273.89,273.89,0.0427,1
1790673420,273.89,273.89,273.89,273.89,0.00,0.0,0
1790673480,273.89,273.89,273.89,273.89,0.00,0.0,0
1790673540,273.89,273.89,273.89,273.89,0.00,0.0,0
1790673600,273.89,273.89,273.89,273.89,0.00,0.0,0
1790673660,273.89,273.89,273.89,273.89,0.00,0.0,0
1790673720,273.89,273.89,273.89,273.89,0.00,0.0,0
1790673780,273.82,273.82,273.82,273.82,273.82,0.01410805,1
1790673840,273.82,273.82,273.82,273.82,0.00,0.0,0
1790673900,273.82,273.82,273.82,273.82,0.00,0.0,0
1790673960,274.15,274.15,274.15,274.15,274.15,0.321732,1
1790674020,274.39,274.39,274.39,274.39,274.39,7.52713161,2
1790674080,274.4,274.4,274.39,274.39,274.39,3.77008752,2
1790674140,274.29,274.29,274.28,274.28,274.28,1.78158524,2
1790674200,274.28,274.28,274.28,274.28,0.00,0.0,0
1790674260,274.28,274.28,274.28,274.28,0.00,0.0,0
1790674320,274.28,274.28,274.28,274.28,0.00,0.0,0
1790674380,274.28,274.28,274.28,274.28,0.00,0.0,0
1790674440,275.05,275.05,275.03,275.03,275.04,0.0331,2
1790674500,274.98,275.16,274.97,275.16,275.06,36.47228101,18
1790674560,275.08,275.27,275.08,275.21,275.16,0.88435393,6
1790674620,275.57,275.57,275.57,275.57,275.57,0.036535,1
1790674680,275.57,275.57,275.57,275.57,0.00,0.0,0
1790674740,275.52,275.52,275.52,275.52,275.52,0.02170873,1
1790674800,275.52,275.52,275.52,275.52,0.00,0.0,0
1790674860,275.52,275.52,275.52,275.52,0.00,0.0,0
1790674920,275.52,275.52,275.52,275.52,0.00,0.0,0
1790674980,275.52,275.52,275.52,275.52,0.00,0.0,0
1790675040,275.52,275.52,275.52,275.52,0.00,0.0,0
1790675100,276.02,276.02,276.02,276.02,276.02,0.26006095,1
1790675160,276.02,276.02,276.02,276.02,0.00,0.0,0
1790675220,276.05,276.05,276.05,276.05,276.05,0.03751124,1
1790675280,276.02,276.02,276.02,276.02,276.02,0.2421,1
1790675340,276.02,276.02,276.02,276.02,0.00,0.0,0
1790675400,276.02,276.02,276.02,276.02,0.00,0.0,0
1790675460,276.02,276.02,276.02,276.02,0.00,0.0,0
1790675520,276.02,276.02,276.02,276.02,0.00,0.0,0
1790675580,276.02,276.02,276.02,276.02,0.00,0.0,0
1790675640,276.02,276.02,276.02,276.02,0.00,0.0,0
1790675700,275.81,275.81,275.81,275.81,275.81,0.0102,1
1790675760,275.81,275.81,275.81,275.81,0.00,0.0,0
1790675820,275.81,275.81,275.81,275.81,0.00,0.0,0
1790675880,275.81,275.81,275.81,275.81,0.00,0.0,0
1790675940,275.73,275.73,275.51,275.51,275.70,13.21515083,7
1790676000,275.51,275.51,275.51,275.51,0.00,0.0,0
1790676060,275.51,275.51,275.51,275.51,0.00,0.0,0
1790676120,275.51,275.51,275.51,275.51,0.00,0.0,0
1790676180,275.4,275.4,275.4,275.4,275.40,0.038314,1
1790676240,275.4,275.4,275.4,275.4,0.00,0.0,0
1790676300,275.4,275.4,275.4,275.4,0.00,0.0,0
1790676360,275.4,275.4,275.4,275.4,0.00,0.0,0
1790676420,275.4,275.4,275.4,275.4,0.00,0.0,0
1790676480,275.4,275.4,275.4,275.4,0.00,0.0,0
1790676540,275.62,275.62,275.61,275.61,275.61,0.03662072,2
1790676600,275.61,275.61,275.61,275.61,0.00,0.0,0
1790676660,275.61,275.61,275.61,275.61,0.00,0.0,0
1790676720,275.61,275.61,275.61,275.61,0.00,0.0,0
1790676780,275.61,275.61,275.61,275.61,0.00,0.0,0
1790676840,276.24,276.24,276.24,276.24,276.24,0.6539,3
1790676900,276.24,276.24,276.24,276.24,0.00,0.0,0
1790676960,276.24,276.24,276.24,276.24,0.00,0.0,0
1790677020,276.24,276.24,276.24,276.24,0.00,0.0,0
1790677080,276.24,276.24,276.24,276.24,0.00,0.0,0
1790677140,276.24,276.24,276.24,276.24,0.00,0.0,0
1790677200,275.31,275.33,275.31,275.33,275.31,3.77008752,2
1790677260,275.33,275.33,275.33,275.33,0.00,0.0,0
1790677320,275.51,275.81,275.51,275.81,275.57,26.6909409,12
1790677380,275.81,275.81,275.81,275.81,0.00,0.0,0
1790677440,275.81,275.81,275.81,275.81,0.00,0.0,0
1790677500,275.81,275.81,275.81,275.81,0.00,0.0,0
1790677560,275.81,275.81,275.81,275.81,0.00,0.0,0
1790677620,275.81,275.81,275.81,275.81,0.00,0.0,0
1790677680,275.81,275.81,275.81,275.81,0.00,0.0,0
1790677740,275.81,275.81,275.81,275.81,0.00,0.0,0
1790677800,275.81,275.81,275.81,275.81,0.00,0.0,0
1790677860,275.81,275.81,275.81,275.81,0.00,0.0,0
1790677920,275.16,275.16,275.16,275.16,275.16,0.429642,1
1790677980,275.2,275.2,275.2,275.2,275.20,0.11,1
1790678040,275.2,275.2,275.2,275.2,0.00,0.0,0
1790678100,275.2,275.2,275.2,275.2,0.00,0.0,0
1790678160,274.79,274.79,274.77,274.77,274.77,0.1,2
1790678220,274.71,274.71,274.7,274.7,274.70,0.742005,2
1790678280,274.7,274.7,274.7,274.7,0.00,0.0,0
1790678340,274.7,274.7,274.7,274.7,0.00,0.0,0
1790678400,274.7,274.7,274.7,274.7,0.00,0.0,0
1790678460,275.06,275.08,275.06,275.08,275.07,0.08702633,2
1790678520,275.08,275.08,275.08,275.08,0.00,0.0,0
1790678580,274.72,274.72,274.72,274.72,274.72,0.0427,1
1790678640,274.72,274.72,274.72,274.72,0.00,0.0,0
1790678700,274.72,274.72,274.72,274.72,0.00,0.0,0
1790678760,274.72,274.72,274.72,274.72,0.00,0.0,0
1790678820,274.72,274.72,274.72,274.72,0.00,0.0,0
1790678880,274.72,274.72,274.72,274.72,0.00,0.0,0
1790678940,274.72,274.72,274.72,274.72,0.00,0.0,0
1790679000,274.72,274.72,274.72,274.72,0.00,0.0,0
1790679060,275.03,275.03,275.03,275.03,275.03,0.03710563,1
1790679120,275.23,275.23,275.18,275.18,275.20,0.07330841,2
1790679180,275.18,275.18,275.18,275.18,0.00,0.0,0
1790679240,275.16,275.16,275.16,275.16,275.16,0.03,1
1790679300,275.02,275.18,275.02,275.18,275.17,1.0837331,4
1790679360,275.18,275.18,275.18,275.18,0.00,0.0,0
1790679420,274.93,274.93,274.93,274.93,274.93,0.0427,1
1790679480,274.93,274.93,274.93,274.93,0.00,0.0,0
1790679540,274.93,274.93,274.93,274.93,0.00,0.0,0
1790679600,274.93,274.93,274.93,274.93,0.00,0.0,0
1790679660,274.93,274.93,274.93,274.93,0.00,0.0,0
1790679720,274.7,274.7,274.7,274.7,274.70,0.03677493,1
1790679780,274.7,274.7,274.7,274.7,0.00,0.0,0
1790679840,274.7,274.7,274.7,274.7,0.00,0.0,0
1790679900,274.7,274.7,274.7,274.7,0.00,0.0,0
1790679960,274.7,274.7,274.7,274.7,0.00,0.0,0
1790680020,274.7,274.7,274.7,274.7,0.00,0.0,0
1790680080,274.7,274.7,274.7,274.7,0.00,0.0,0
1790680140,274.7,274.7,274.7,274.7,0.00,0.0,0
1790680200,274.7,274.7,274.7,274.7,0.00,0.0,0
1790680260,274.7,274.7,274.7,274.7,0.00,0.0,0
1790680320,274.7,274.7,274.7,274.7,0.00,0.0,0
1790680380,274.7,274.7,274.7,274.7,0.00,0.0,0
1790680440,274.7,274.7,274.7,274.7,0.00,0.0,0
1790680500,274.7,274.7,274.7,274.7,0.00,0.0,0
1790680560,274.7,274.7,274.7,274.7,0.00,0.0,0
1790680620,274.7,274.7,274.7,274.7,0.00,0.0,0
1790680680,274.7,274.7,274.7,274.7,0.00,0.0,0
1790680740,274.7,274.7,274.7,274.7,0.00,0.0,0
1790680800,274.7,274.7,274.7,274.7,0.00,0.0,0
1790680860,274.7,274.7,274.7,274.7,0.00,0.0,0
1790680920,274.7,274.7,274.7,274.7,0.00,0.0,0
1790680980,274.7,274.7,274.7,274.7,0.00,0.0,0
1790681040,274.7,274.7,274.7,274.7,0.00,0.0,0
1790681100,274.7,274.7,274.7,274.7,0.00,0.0,0
1790681160,274.7,274.7,274.7,274.7,0.00,0.0,0
1790681220,274.7,274.7,274.7,274.7,0.00,0.0,0
1790681280,274.7,274.7,274.7,274.7,0.00,0.0,0
1790681340,274.7,274.7,274.7,274.7,0.00,0.0,0
1790681400,274.7,274.7,274.7,274.7,0.00,0.0,0
1790681460,274.7,274.7,274.7,274.7,0.00,0.0,0
1790681520,274.7,274.7,274.7,274.7,0.00,0.0,0
1790681580,274.7,274.7,274.7,274.7,0.00,0.0,0
1790681640,276.1,276.1,276.1,276.1,276.10,0.1,1
1790681700,276.13,276.13,276.13,276.13,276.13,0.0427,1
1790681760,276.13,276.13,276.13,276.13,0.00,0.0,0
1790681820,275.81,275.81,275.81,275.81,275.81,0.0102,1
1790681880,275.81,275.81,275.81,275.81,0.00,0.0,0
1790681940,275.7,275.7,275.7,275.7,275.70,2.0,1
1790682000,275.7,275.7,275.7,275.7,0.00,0.0,0
1790682060,275.7,275.7,275.7,275.7,0.00,0.0,0
1790682120,275.7,275.7,275.7,275.7,0.00,0.0,0
1790682180,275.7,275.7,275.7,275.7,0.00,0.0,0
1790682240,275.7,275.7,275.7,275.7,0.00,0.0,0
1790682300,275.7,275.7,275.7,275.7,0.00,0.0,0
1790682360,275.63,275.63,275.63,275.63,275.63,22.361,1
1790682420,275.63,275.63,275.63,275.63,0.00,0.0,0
1790682480,275.63,275.63,275.63,275.63,0.00,0.0,0
1790682540,275.63,275.63,275.63,275.63,0.00,0.0,0
1790682600,275.63,275.63,275.63,275.63,0.00,0.0,0
1790682660,276.32,276.32,275.57,275.62,275.63,0.808292,4
1790682720,275.62,275.62,275.62,275.62,0.00,0.0,0
1790682780,276.07,276.14,276.07,276.14,276.13,7.54313851,3
1790682840,276.14,276.14,276.14,276.14,0.00,0.0,0
1790682900,276.14,276.14,276.14,276.14,0.00,0.0,0
1790682960,276.26,276.27,276.26,276.27,276.26,0.11706787,2
1790683020,276.27,276.27,276.27,276.27,276.27,0.02819705,1
1790683080,276.27,276.27,276.27,276.27,0.00,0.0,0
1790683140,276.27,276.27,276.27,276.27,0.00,0.0,0
1790683200,276.27,276.27,276.27,276.27,0.00,0.0,0
1790683260,276.27,276.27,276.27,276.27,0.00,0.0,0
1790683320,276.27,276.27,276.27,276.27,0.00,0.0,0
1790683380,276.27,276.27,276.27,276.27,0.00,0.0,0
1790683440,276.27,276.27,276.27,276.27,0.00,0.0,0
1790683500,275.35,275.35,275.35,275.35,275.35,1.07937886,1
1790683560,275.35,275.35,275.35,275.35,0.00,0.0,0
1790683620,275.35,275.35,275.35,275.35,0.00,0.0,0
1790683680,275.34,275.34,275.34,275.34,275.34,0.377696,1
1790683740,275.34,275.34,275.34,275.34,0.00,0.0,0
1790683800,275.34,275.34,275.34,275.34,0.00,0.0,0
1790683860,275.34,275.34,275.34,275.34,0.00,0.0,0
1790683920,275.34,275.34,275.34,275.34,0.00,0.0,0
1790683980,275.34,275.34,275.34,275.34,0.00,0.0,0
1790684040,275.34,275.34,275.34,275.34,0.00,0.0,0
1790684100,275.34,275.34,275.34,275.34,0.00,0.0,0
1790684160,275.34,275.34,275.34,275.34,0.00,0.0,0
1790684220,275.34,275.34,275.34,275.34,0.00,0.0,0
1790684280,275.34,275.34,275.34,275.34,0.00,0.0,0
1790684340,275.91,275.91,275.91,275.91,275.91,0.0102,1
1790684400,275.04,275.18,275.04,275.18,275.16,0.420396,2
1790684460,275.18,275.18,275.18,275.18,0.00,0.0,0
1790684520,275.18,275.18,275.18,275.18,0.00,0.0,0
1790684580,275.16,275.16,275.16,275.16,275.16,0.377696,1
1790684640,275.16,275.16,275.16,275.16,0.00,0.0,0
1790684700,275.16,275.16,275.16,275.16,0.00,0.0,0
1790684760,275.16,275.16,275.16,275.16,0.00,0.0,0
1790684820,275.16,275.16,275.16,275.16,0.00,0.0,0
1790684880,275.16,275.16,275.16,275.16,0.00,0.0,0
1790684940,275.16,275.16,275.16,275.16,0.00,0.0,0
1790685000,275.16,275.16,275.16,275.16,0.00,0.0,0
1790685060,275.16,275.16,275.15,275.15,275.15,7.31146249,2
1790685120,275.15,275.15,275.15,275.15,0.00,0.0,0
1790685180,275.15,275.15,275.15,275.15,0.00,0.0,0
1790685240,275.15,275.15,275.15,275.15,0.00,0.0,0
1790685300,275.15,275.15,275.15,275.15,0.00,0.0,0
1790685360,275.15,275.15,275.15,275.15,0.00,0.0,0
1790685420,275.15,275.15,275.15,275.15,0.00,0.0,0
1790685480,276.34,276.35,276.34,276.35,276.34,0.9994945,2
1790685540,276.35,276.35,276.35,276.35,0.00,0.0,0
1790685600,275.9,275.9,275.9,275.9,275.90,0.0102,1
1790685660,275.9,275.9,275.9,275.9,0.00,0.0,0
1790685720,275.9,275.9,275.9,275.9,0.00,0.0,0
1790685780,275.9,275.9,275.9,275.9,0.00,0.0,0
1790685840,275.9,275.9,275.9,275.9,0.00,0.0,0
1790685900,275.9,275.9,275.9,275.9,0.00,0.0,0
1790685960,275.9,275.9,275.9,275.9,0.00,0.0,0
1790686020,275.9,275.9,275.9,275.9,0.00,0.0,0
1790686080,275.9,275.9,275.9,275.9,0.00,0.0,0
1790686140,275.9,275.9,275.9,275.9,0.00,0.0,0
1790686200,275.9,275.9,275.9,275.9,0.00,0.0,0
1790686260,275.9,275.9,275.9,275.9,0.00,0.0,0
1790686320,275.9,275.9,275.9,275.9,0.00,0.0,0
1790686380,275.9,275.9,275.9,275.9,0.00,0.0,0
1790686440,275.9,275.9,275.9,275.9,0.00,0.0,0
1790686500,275.9,275.9,275.9,275.9,0.00,0.0,0
1790686560,275.9,275.9,275.9,275.9,0.00,0.0,0
1790686620,275.9,275.9,275.9,275.9,0.00,0.0,0
1790686680,275.9,275.9,275.9,275.9,0.00,0.0,0
1790686740,275.9,275.9,275.9,275.9,0.00,0.0,0
1790686800,275.9,275.9,275.9,275.9,0.00,0.0,0
1790686860,275.9,275.9,275.9,275.9,0.00,0.0,0
1790686920,275.9,275.9,275.9,275.9,0.00,0.0,0
1790686980,275.9,275.9,275.9,275.9,0.00,0.0,0
1790687040,275.9,275.9,275.9,275.9,0.00,0.0,0
1790687100,275.9,275.9,275.9,275.9,0.00,0.0,0
1790687160,275.9,275.9,275.9,275.9,0.00,0.0,0
1790687220,275.9,275.9,275.9,275.9,0.00,0.0,0
1790687280,275.9,275.9,275.9,275.9,0.00,0.0,0
1790687340,276.3,276.3,276.3,276.3,276.30,0.0427,1
1790687400,276.3,276.3,276.3,276.3,0.00,0.0,0
1790687460,276.3,276.3,276.3,276.3,0.00,0.0,0
1790687520,276.3,276.3,276.3,276.3,0.00,0.0,0
1790687580,276.3,276.3,276.3,276.3,0.00,0.0,0
1790687640,276.3,276.3,276.3,276.3,0.00,0.0,0
1790687700,276.3,276.3,276.3,276.3,0.00,0.0,0
1790687760,276.3,276.3,276.3,276.3,0.00,0.0,0
1790687820,276.3,276.3,276.3,276.3,0.00,0.0,0
1790687880,276.3,276.3,276.3,276.3,0.00,0.0,0
1790687940,276.3,276.3,276.3,276.3,0.00,0.0,0
1790688000,276.3,276.3,276.3,276.3,0.00,0.0,0
1790688060,276.3,276.3,276.3,276.3,0.00,0.0,0
1790688120,276.3,276.3,276.3,276.3,0.00,0.0,0
1790688180,276.3,276.3,276.3,276.3,0.00,0.0,0
1790688240,276.3,276.3,276.3,276.3,0.00,0.0,0
1790688300,276.3,276.3,276.3,276.3,0.00,0.0,0
1790688360,276.3,276.3,276.3,276.3,0.00,0.0,0
1790688420,276.3,276.3,276.3,276.3,0.00,0.0,0
1790688480,276.3,276.3,276.3,276.3,0.00,0.0,0
1790688540,276.3,276.3,276.3,276.3,0.00,0.0,0
1790688600,274.55,274.55,274.55,274.55,274.55,0.0102,1
1790688660,274.28,274.28,273.94,274.2,274.19,1.79667209,4
1790688720,274.2,274.2,274.2,274.2,0.00,0.0,0
1790688780,274.2,274.2,274.2,274.2,0.00,0.0,0
1790688840,274.2,274.2,274.2,274.2,0.00,0.0,0
1790688900,274.23,274.23,274.23,274.23,274.23,6.54317748,1
1790688960,274.23,274.23,274.23,274.23,0.00,0.0,0
1790689020,274.23,274.23,274.23,274.23,0.00,0.0,0
1790689080,274.3,274.3,274.3,274.3,274.30,0.324559,1
1790689140,274.3,274.3,274.3,274.3,0.00,0.0,0
1790689200,274.3,274.3,274.3,274.3,0.00,0.0,0
1790689260,274.17,274.17,274.15,274.15,274.15,0.40954014,2
1790689320,274.32,274.32,274.31,274.31,274.31,5.0,3
1790689380,274.31,274.31,274.31,274.31,0.00,0.0,0
1790689440,274.31,274.31,274.31,274.31,0.00,0.0,0
1790689500,274.31,274.31,274.31,274.31,0.00,0.0,0
1790689560,274.31,274.31,274.31,274.31,0.00,0.0,0
1790689620,274.3,274.3,274.3,274.3,274.30,0.0102,1
1790689680,274.14,274.14,274.14,274.14,274.14,0.7593,1
1790689740,274.14,274.14,274.14,274.14,0.00,0.0,0
1790689800,274.29,274.29,274.22,274.22,274.25,0.09742491,2
1790689860,274.22,274.22,274.22,274.22,0.00,0.0,0
1790689920,274.68,274.69,274.68,274.69,274.68,0.11516072,2
1790689980,274.74,274.74,274.73,274.73,274.73,0.07477731,2
1790690040,274.73,274.73,274.73,274.73,0.00,0.0,0
1790690100,274.73,274.73,274.73,274.73,0.00,0.0,0
1790690160,275.31,275.31,275.25,275.25,275.28,44.828,2
1790690220,275.25,275.25,275.25,275.25,0.00,0.0,0
1790690280,274.8,274.81,274.8,274.81,274.80,0.40954014,2
1790690340,274.58,274.58,274.49,274.49,274.56,7.56246234,3
1790690400,274.49,274.49,274.49,274.49,0.00,0.0,0
1790690460,274.49,274.49,274.49,274.49,0.00,0.0,0
1790690520,273.78,273.78,273.62,273.62,273.67,0.02978947,2
1790690580,273.5,273.67,273.5,273.67,273.66,4.20982771,4
1790690640,273.68,273.77,273.68,273.77,273.69,4.04897457,4
1790690700,273.77,273.77,273.77,273.77,0.00,0.0,0
1790690760,273.55,273.55,273.55,273.55,273.55,1.7171749,1
1790690820,273.55,273.55,273.55,273.55,0.00,0.0,0
1790690880,273.93,274.05,273.93,274.05,274.04,2.44295766,2
1790690940,274.05,274.05,274.05,274.05,0.00,0.0,0
1790691000,274.05,274.05,274.05,274.05,0.00,0.0,0
1790691060,274.05,274.05,274.05,274.05,0.00,0.0,0
1790691120,274.05,274.05,274.05,274.05,0.00,0.0,0
1790691180,273.75,273.75,273.75,273.75,273.75,1.11280112,1
1790691240,273.75,273.75,273.75,273.75,0.00,0.0,0
1790691300,273.75,273.75,273.75,273.75,0.00,0.0,0
1790691360,273.38,273.52,273.38,273.48,273.48,6.86083303,4
1790691420,273.74,273.86,273.74,273.86,273.85,6.60408959,3
1790691480,273.86,273.86,273.86,273.86,0.00,0.0,0
1790691540,273.86,273.86,273.86,273.86,0.00,0.0,0
1790691600,273.86,273.86,273.86,273.86,0.00,0.0,0
1790691660,274.09,274.09,274.09,274.09,274.09,0.0102,1
1790691720,274.09,274.09,274.09,274.09,0.00,0.0,0
1790691780,274.09,274.09,274.09,274.09,0.00,0.0,0
1790691840,274.09,274.09,274.09,274.09,0.00,0.0,0
1790691900,274.35,274.35,274.35,274.35,274.35,6.58587748,2
1790691960,274.35,274.35,274.35,274.35,0.00,0.0,0
1790692020,275.12,275.12,275.12,275.12,275.12,0.73199555,1
1790692080,275.12,275.12,275.12,275.12,0.00,0.0,0
1790692140,275.12,275.12,275.12,275.12,0.00,0.0,0
1790692200,275.12,275.12,275.12,275.12,0.00,0.0,0
1790692260,275.12,275.12,275.12,275.12,0.00,0.0,0
1790692320,275.12,275.12,275.12,275.12,0.00,0.0,0
1790692380,275.12,275.12,275.12,275.12,0.00,0.0,0
1790692440,275.12,275.12,275.12,275.12,0.00,0.0,0
1790692500,275.12,275.12,275.12,275.12,0.00,0.0,0
1790692560,275.12,275.12,275.12,275.12,0.00,0.0,0
1790692620,275.12,275.12,275.12,275.12,0.00,0.0,0
1790692680,275.12,275.12,275.12,275.12,0.00,0.0,0
1790692740,275.12,275.12,275.12,275.12,0.00,0.0,0
1790692800,275.12,275.12,275.12,275.12,0.00,0.0,0
1790692860,275.12,275.12,275.12,275.12,0.00,0.0,0
1790692920,275.11,275.11,275.11,275.11,275.11,0.36347975,1
1790692980,275.11,275.11,275.11,275.11,0.00,0.0,0
1790693040,275.11,275.11,275.11,275.11,0.00,0.0,0
1790693100,275.11,275.11,275.11,275.11,0.00,0.0,0
1790693160,275.11,275.11,275.11,275.11,0.00,0.0,0
1790693220,275.11,275.11,275.11,275.11,0.00,0.0,0
1790693280,275.11,275.11,275.11,275.11,0.00,0.0,0
1790693340,275.11,275.11,275.11,275.11,0.00,0.0,0
1790693400,275.11,275.11,275.11,275.11,0.00,0.0,0
1790693460,275.11,275.11,275.11,275.11,0.00,0.0,0
1790693520,275.11,275.11,275.11,275.11,0.00,0.0,0
1790693580,275.11,275.11,275.11,275.11,0.00,0.0,0
1790693640,275.11,275.11,275.11,275.11,0.00,0.0,0
1790693700,275.11,275.11,275.11,275.11,0.00,0.0,0
1790693760,275.11,275.11,275.11,275.11,0.00,0.0,0
1790693820,274.8,274.93,274.8,274.93,274.89,7.54849309,3
1790693880,274.93,274.93,274.93,274.93,0.00,0.0,0
1790693940,274.93,274.93,274.93,274.93,0.00,0.0,0
1790694000,273.82,273.82,273.82,273.82,273.82,0.0102,1
1790694060,273.82,273.82,273.82,273.82,0.00,0.0,0
1790694120,273.82,273.82,273.82,273.82,0.00,0.0,0
1790694180,273.82,273.82,273.82,273.82,0.00,0.0,0
1790694240,273.82,273.82,273.82,273.82,0.00,0.0,0
1790694300,272.99,272.99,272.65,272.65,272.65,9.14302911,5
1790694360,272.65,272.65,272.65,272.65,0.00,0.0,0
1790694420,272.24,272.24,272.24,272.24,272.24,0.0102,1
1790694480,272.1,272.1,272.1,272.1,272.10,0.11,1
1790694540,272.1,272.1,272.1,272.1,0.00,0.0,0
1790694600,273.18,273.18,273.18,273.18,273.18,0.0102,1
1790694660,273.18,273.18,273.18,273.18,0.00,0.0,0
1790694720,273.18,273.18,273.18,273.18,0.00,0.0,0
1790694780,273.18,273.18,273.18,273.18,0.00,0.0,0
1790694840,273.18,273.18,273.18,273.18,0.00,0.0,0
1790694900,273.18,273.18,273.18,273.18,0.00,0.0,0
1790694960,272.86,272.86,272.86,272.86,272.86,0.01,1
1790695020,272.86,272.86,272.86,272.86,0.00,0.0,0
1790695080,272.86,272.86,272.86,272.86,0.00,0.0,0
1790695140,271.86,271.86,271.71,271.71,271.84,4.87594218,8
1790695200,271.71,271.71,271.71,271.71,0.00,0.0,0
1790695260,270.9,270.9,270.9,270.9,270.90,0.206045,1
1790695320,270.9,270.9,270.9,270.9,0.00,0.0,0
1790695380,270.9,270.9,270.9,270.9,0.00,0.0,0
1790695440,270.1,270.1,270.1,270.1,270.10,0.11,1
1790695500,269.99,269.99,269.99,269.99,269.99,0.011,1
1790695560,270.41,270.41,270.41,270.41,270.41,0.0102,1
1790695620,270.41,270.41,270.41,270.41,0.00,0.0,0
1790695680,269.52,270.2,269.52,270.2,269.88,0.0404,4
1790695740,270.32,270.32,270.32,270.32,270.32,0.0102,1
1790695800,270.24,270.24,270.24,270.24,270.24,0.0102,1
1790695860,270.74,270.74,270.74,270.74,270.74,0.0102,1
1790695920,270.74,270.74,270.74,270.74,0.00,0.0,0
1790695980,270.74,270.74,270.74,270.74,0.00,0.0,0
1790696040,270.74,270.74,270.74,270.74,0.00,0.0,0
1790696100,270.74,270.74,270.74,270.74,0.00,0.0,0
1790696160,270.74,270.74,270.74,270.74,0.00,0.0,0
1790696220,270.74,270.74,270.74,270.74,0.00,0.0,0
1790696280,270.74,270.74,270.74,270.74,0.00,0.0,0
1790696340,270.74,270.74,270.74,270.74,0.00,0.0,0
1790696400,270.74,270.74,270.74,270.74,0.00,0.0,0
1790696460,270.74,270.74,270.74,270.74,0.00,0.0,0
1790696520,270.74,270.74,270.74,270.74,0.00,0.0,0
1790696580,270.74,270.74,270.74,270.74,0.00,0.0,0
1790696640,270.74,270.74,270.74,270.74,0.00,0.0,0
1790696700,270.74,270.74,270.74,270.74,0.00,0.0,0
1790696760,271.16,271.16,271.16,271.16,271.16,0.0102,1
1790696820,271.15,271.35,271.15,271.33,271.26,70.05685324,17
1790696880,271.75,271.77,271.75,271.77,271.76,3.4343498,2
1790696940,271.77,271.77,271.77,271.77,0.00,0.0,0
1790697000,271.51,271.51,271.51,271.51,271.51,0.0102,1
1790697060,271.51,271.51,271.51,271.51,0.00,0.0,0
1790697120,271.51,271.51,271.51,271.51,0.00,0.0,0
1790697180,271.51,271.51,271.51,271.51,0.00,0.0,0
1790697240,271.51,271.51,271.51,271.51,0.00,0.0,0
1790697300,271.51,271.51,271.51,271.51,0.00,0.0,0
1790697360,271.51,271.51,271.51,271.51,0.00,0.0,0
1790697420,271.51,271.51,271.51,271.51,0.00,0.0,0
1790697480,271.51,271.51,271.51,271.51,0.00,0.0,0
1790697540,271.51,271.51,271.51,271.51,0.00,0.0,0
1790697600,271.13,271.13,270.75,271.02,270.75,13.19616647,4
1790697660,271.02,271.02,271.02,271.02,0.00,0.0,0
1790697720,271.02,271.02,271.02,271.02,0.00,0.0,0
1790697780,271.02,271.02,271.02,271.02,0.00,0.0,0
1790697840,271.02,271.02,271.02,271.02,0.00,0.0,0
1790697900,271.15,271.15,271.15,271.15,271.15,3.27158874,1
1790697960,271.15,271.15,271.15,271.15,0.00,0.0,0
1790698020,271.15,271.15,271.15,271.15,0.00,0.0,0
1790698080,271.05,271.05,270.99,270.99,271.03,23.87373235,6
1790698140,270.99,270.99,270.99,270.99,0.00,0.0,0
1790698200,270.99,270.99,270.99,270.99,0.00,0.0,0
1790698260,271.83,271.83,271.83,271.83,271.83,0.0427,1
1790698320,271.83,271.83,271.83,271.83,0.00,0.0,0
1790698380,271.83,271.83,271.83,271.83,0.00,0.0,0
1790698440,271.83,271.83,271.83,271.83,0.00,0.0,0
1790698500,271.83,271.83,271.83,271.83,0.00,0.0,0
1790698560,271.83,271.83,271.83,271.83,0.00,0.0,0
1790698620,271.83,271.83,271.83,271.83,0.00,0.0,0
1790698680,271.79,271.79,271.79,271.79,271.79,0.0102,1
1790698740,272.12,272.13,272.04,272.04,272.12,0.938886,4
1790698800,272.19,272.19,272.19,272.19,272.19,0.02939015,1
1790698860,272.19,272.19,272.19,272.19,0.00,0.0,0
1790698920,272.19,272.19,272.19,272.19,0.00,0.0,0
1790698980,272.19,272.19,272.19,272.19,0.00,0.0,0
1790699040,272.19,272.19,272.19,272.19,0.00,0.0,0
1790699100,272.19,272.19,272.19,272.19,0.00,0.0,0
1790699160,272.19,272.19,272.19,272.19,0.00,0.0,0
1790699220,272.19,272.19,272.19,272.19,0.00,0.0,0
1790699280,272.19,272.19,272.19,272.19,0.00,0.0,0
1790699340,272.19,272.19,272.19,272.19,0.00,0.0,0
1790699400,271.91,271.91,271.91,271.91,271.91,0.0102,1
1790699460,271.91,271.91,271.91,271.91,0.00,0.0,0
1790699520,271.91,271.91,271.91,271.91,0.00,0.0,0
1790699580,271.82,271.82,271.45,271.59,271.52,13.9286715,16
1790699640,271.27,271.27,271.27,271.27,271.27,0.0102,1
1790699700,271.27,271.27,271.27,271.27,0.00,0.0,0
1790699760,271.27,271.27,271.27,271.27,0.00,0.0,0
1790699820,271.27,271.27,271.27,271.27,0.00,0.0,0
1790699880,271.27,271.27,271.27,271.27,0.00,0.0,0
1790699940,271.83,272.02,271.83,272.02,271.96,26.30854231,13
1790700000,271.22,271.22,271.14,271.14,271.20,10.83269681,3
1790700060,271.14,271.14,271.14,271.14,0.00,0.0,0
1790700120,271.14,271.14,271.14,271.14,0.00,0.0,0
1790700180,270.97,270.97,270.97,270.97,270.97,0.06930033,1
1790700240,270.97,270.97,270.97,270.97,0.00,0.0,0
1790700300,270.3,270.3,270.3,270.3,270.30,1.6,1
1790700360,270.33,270.89,270.32,270.89,270.33,10.28564154,7
1790700420,271.1,271.1,271.1,271.1,271.10,0.242006,1
1790700480,271.1,271.1,271.1,271.1,0.00,0.0,0
1790700540,270.0,270.0,270.0,270.0,270.00,0.0576923,1
1790700600,270.0,270.0,270.0,270.0,0.00,0.0,0
1790700660,270.0,270.0,270.0,270.0,0.00,0.0,0
1790700720,270.0,270.0,270.0,270.0,0.00,0.0,0
1790700780,270.0,270.0,270.0,270.0,0.00,0.0,0
1790700840,270.0,270.0,270.0,270.0,0.00,0.0,0
1790700900,270.0,270.0,270.0,270.0,0.00,0.0,0
1790700960,270.17,270.17,270.17,270.17,270.17,0.815541,3
1790701020,270.17,270.17,270.17,270.17,0.00,0.0,0
1790701080,270.83,270.83,270.83,270.83,270.83,0.0102,1
1790701140,270.83,270.83,270.83,270.83,0.00,0.0,0
1790701200,271.11,271.11,270.97,271.07,271.01,1.13674034,6
1790701260,270.3,270.32,270.3,270.3,270.30,1.96965523,3
1790701320,270.3,270.3,270.3,270.3,0.00,0.0,0
1790701380,270.3,270.3,270.3,270.3,0.00,0.0,0
1790701440,270.91,270.91,270.91,270.91,270.91,1.946289,1
1790701500,270.91,270.91,270.91,270.91,0.00,0.0,0
1790701560,270.91,270.91,270.91,270.91,0.00,0.0,0
1790701620,270.91,270.91,270.91,270.91,0.00,0.0,0
1790701680,270.91,270.91,270.91,270.91,0.00,0.0,0
1790701740,270.91,270.91,270.91,270.91,0.00,0.0,0
1790701800,270.91,270.91,270.91,270.91,0.00,0.0,0
1790701860,270.91,270.91,270.91,270.91,0.00,0.0,0
1790701920,270.91,270.91,270.91,270.91,0.00,0.0,0
1790701980,270.91,270.91,270.91,270.91,0.00,0.0,0
1790702040,271.16,271.16,271.16,271.16,271.16,0.05437277,1
1790702100,271.16,271.16,271.16,271.16,0.00,0.0,0
1790702160,270.69,270.69,270.69,270.69,270.69,0.0427,1
1790702220,270.69,270.69,270.69,270.69,0.00,0.0,0
1790702280,270.69,270.69,270.69,270.69,0.00,0.0,0
1790702340,270.69,270.69,270.69,270.69,0.00,0.0,0
1790702400,270.69,270.69,270.69,270.69,0.00,0.0,0
1790702460,270.69,270.69,270.69,270.69,0.00,0.0,0
1790702520,270.69,270.69,270.69,270.69,0.00,0.0,0
1790702580,270.69,270.69,270.69,270.69,0.00,0.0,0
1790702640,270.69,270.69,270.69,270.69,0.00,0.0,0
1790702700,270.69,270.69,270.69,270.69,0.00,0.0,0
1790702760,270.69,270.69,270.69,270.69,0.00,0.0,0
1790702820,270.69,270.69,270.69,270.69,0.00,0.0,0
1790702880,270.69,270.69,270.69,270.69,0.00,0.0,0
1790702940,270.69,270.69,270.69,270.69,0.00,0.0,0
1790703000,270.54,270.54,270.52,270.52,270.53,0.075115,2
1790703060,270.52,270.52,270.52,270.52,0.00,0.0,0
1790703120,270.52,270.52,270.52,270.52,0.00,0.0,0
1790703180,270.52,270.52,270.52,270.52,0.00,0.0,0
1790703240,270.52,270.52,270.52,270.52,0.00,0.0,0
1790703300,270.52,270.52,270.52,270.52,0.00,0.0,0
1790703360,270.52,270.52,270.52,270.52,0.00,0.0,0
1790703420,270.49,270.5,270.49,270.5,270.49,0.07911949,2
1790703480,270.5,270.5,270.5,270.5,0.00,0.0,0
1790703540,270.5,270.5,270.5,270.5,0.00,0.0,0
1790703600,270.5,270.5,270.5,270.5,0.00,0.0,0
1790703660,270.5,270.5,270.5,270.5,0.00,0.0,0
1790703720,270.5,270.5,270.5,270.5,0.00,0.0,0
1790703780,270.9,270.9,268.47,268.47,269.47,227.26071144,105
1790703840,269.08,269.08,269.08,269.08,269.08,0.15781942,2
1790703900,269.15,269.27,269.15,269.27,269.20,1.96936472,2
1790703960,269.27,269.27,269.27,269.27,0.00,0.0,0
1790704020,269.27,269.27,269.27,269.27,0.00,0.0,0
1790704080,269.27,269.27,269.27,269.27,0.00,0.0,0
1790704140,269.27,269.27,269.27,269.27,0.00,0.0,0
1790704200,268.19,268.19,268.1,268.1,268.13,0.23170849,3
1790704260,268.1,268.1,268.1,268.1,0.00,0.0,0
1790704320,268.1,268.1,268.1,268.1,0.00,0.0,0
1790704380,268.1,268.1,268.1,268.1,0.00,0.0,0
1790704440,268.38,268.38,268.38,268.38,268.38,0.0102,1
1790704500,268.72,268.72,268.72,268.72,268.72,6.54317748,1
1790704560,268.72,268.72,268.72,268.72,0.00,0.0,0
1790704620,268.72,268.72,268.72,268.72,0.00,0.0,0
1790704680,268.72,268.72,268.72,268.72,0.00,0.0,0
1790704740,269.17,269.17,269.17,269.17,269.17,0.0102,1
1790704800,269.61,270.01,269.61,270.01,269.71,0.391152,3
1790704860,270.01,270.01,270.01,270.01,0.00,0.0,0
1790704920,269.6,269.6,269.6,269.6,269.60,0.327589,1
1790704980,269.6,269.6,269.6,269.6,0.00,0.0,0
1790705040,269.6,269.6,269.6,269.6,0.00,0.0,0
1790705100,269.6,269.6,269.6,269.6,0.00,0.0,0
1790705160,270.4,270.41,270.4,270.41,270.40,3.35683115,2
1790705220,269.83,269.83,269.83,269.83,269.83,0.103493,1
1790705280,269.83,269.83,269.83,269.83,0.00,0.0,0
1790705340,269.83,269.83,269.83,269.83,0.00,0.0,0
1790705400,269.83,269.83,269.83,269.83,0.00,0.0,0
1790705460,269.83,269.83,269.83,269.83,0.00,0.0,0
1790705520,269.83,269.83,269.83,269.83,0.00,0.0,0
1790705580,269.83,269.83,269.83,269.83,0.00,0.0,0
1790705640,269.83,269.83,269.83,269.83,0.00,0.0,0
1790705700,269.83,269.83,269.83,269.83,0.00,0.0,0
1790705760,270.67,270.67,270.51,270.51,270.58,0.35381105,2
1790705820,270.36,270.36,270.36,270.36,270.36,0.978662,2
1790705880,270.36,270.36,270.36,270.36,0.00,0.0,0
1790705940,270.36,270.36,270.36,270.36,0.00,0.0,0
1790706000,270.36,270.36,270.36,270.36,0.00,0.0,0
1790706060,270.35,270.48,270.33,270.44,270.44,0.771782,8
1790706120,270.44,270.44,270.44,270.44,0.00,0.0,0
1790706180,270.44,270.44,270.44,270.44,0.00,0.0,0
1790706240,270.75,270.75,270.75,270.75,270.75,0.250866,1
1790706300,270.75,270.75,270.75,270.75,0.00,0.0,0
1790706360,270.75,270.75,270.75,270.75,0.00,0.0,0
1790706420,270.75,270.75,270.75,270.75,0.00,0.0,0
1790706480,270.75,270.75,270.75,270.75,0.00,0.0,0
1790706540,270.75,270.75,270.75,270.75,0.00,0.0,0
1790706600,270.69,270.76,270.69,270.72,270.72,0.1281,3
1790706660,270.93,270.93,270.93,270.93,270.93,0.07526121,2
1790706720,270.93,270.93,270.93,270.93,0.00,0.0,0
1790706780,270.93,270.93,270.93,270.93,0.00,0.0,0
1790706840,270.93,270.93,270.93,270.93,0.00,0.0,0
1790706900,270.93,270.93,270.93,270.93,0.00,0.0,0
1790706960,270.93,270.93,270.93,270.93,0.00,0.0,0
1790707020,270.93,270.93,270.93,270.93,0.00,0.0,0
1790707080,270.83,270.99,270.81,270.81,270.89,0.732229,5
1790707140,270.81,270.81,270.81,270.81,0.00,0.0,0
1790707200,270.81,270.81,270.81,270.81,0.00,0.0,0
1790707260,270.81,270.81,270.81,270.81,0.00,0.0,0
1790707320,271.38,271.38,271.38,271.38,271.38,0.05001513,1
1790707380,271.38,271.38,271.38,271.38,0.00,0.0,0
1790707440,271.29,271.29,271.26,271.26,271.27,3.0,2
1790707500,271.26,271.26,271.26,271.26,0.00,0.0,0
1790707560,271.26,271.26,271.26,271.26,0.00,0.0,0
1790707620,271.18,271.18,271.14,271.14,271.16,0.0854,2
1790707680,271.14,271.14,271.14,271.14,0.00,0.0,0
1790707740,271.07,271.08,271.07,271.08,271.07,0.16202952,2
1790707800,271.08,271.08,271.08,271.08,0.00,0.0,0
1790707860,271.15,271.15,271.15,271.15,271.15,0.02,1
1790707920,271.15,271.15,271.15,271.15,0.00,0.0,0
1790707980,271.15,271.15,271.15,271.15,0.00,0.0,0
1790708040,271.15,271.15,271.15,271.15,0.00,0.0,0
1790708100,271.15,271.15,271.15,271.15,0.00,0.0,0
1790708160,271.15,271.15,271.15,271.15,0.00,0.0,0
1790708220,270.97,270.97,270.97,270.97,270.97,0.0427,1
1790708280,270.97,270.97,270.97,270.97,0.00,0.0,0
1790708340,270.97,270.97,270.97,270.97,0.00,0.0,0
1790708400,270.97,270.97,270.97,270.97,0.00,0.0,0
1790708460,270.97,270.97,270.97,270.97,0.00,0.0,0
1790708520,270.97,270.97,270.97,270.97,0.00,0.0,0
1790708580,270.97,270.97,270.97,270.97,0.00,0.0,0
1790708640,270.97,270.97,270.97,270.97,0.00,0.0,0
1790708700,270.97,270.97,270.97,270.97,0.00,0.0,0
1790708760,270.97,270.97,270.97,270.97,0.00,0.0,0
1790708820,270.97,270.97,270.97,270.97,0.00,0.0,0
1790708880,270.97,270.97,270.97,270.97,0.00,0.0,0
1790708940,270.97,270.97,270.97,270.97,0.00,0.0,0
1790709000,270.97,270.97,270.97,270.97,0.00,0.0,0
1790709060,270.97,270.97,270.97,270.97,0.00,0.0,0
1790709120,271.59,271.59,271.59,271.59,271.59,0.072923,2
1790709180,271.59,271.59,271.59,271.59,0.00,0.0,0
1790709240,271.59,271.59,271.59,271.59,0.00,0.0,0
1790709300,271.59,271.59,271.59,271.59,0.00,0.0,0
1790709360,271.59,271.59,271.59,271.59,0.00,0.0,0
1790709420,271.59,271.59,271.59,271.59,0.00,0.0,0
1790709480,271.59,271.59,271.59,271.59,0.00,0.0,0
1790709540,271.59,271.59,271.59,271.59,0.00,0.0,0
1790709600,271.59,271.59,271.59,271.59,0.00,0.0,0
1790709660,271.59,271.59,271.59,271.59,0.00,0.0,0
1790709720,271.59,271.59,271.59,271.59,0.00,0.0,0
1790709780,271.8,271.8,271.8,271.8,271.80,0.01795764,1
1790709840,271.8,271.8,271.8,271.8,0.00,0.0,0
1790709900,272.1,272.1,272.1,272.1,272.10,0.1,1
1790709960,272.1,272.1,272.1,272.1,0.00,0.0,0
1790710020,272.1,272.1,272.1,272.1,0.00,0.0,0
1790710080,271.82,271.82,271.79,271.79,271.79,1.21005152,3
1790710140,271.79,271.79,271.79,271.79,0.00,0.0,0
1790710200,271.86,271.86,271.86,271.86,271.86,0.01748641,1
1790710260,271.86,271.86,271.86,271.86,0.00,0.0,0
1790710320,271.86,271.86,271.86,271.86,0.00,0.0,0
1790710380,272.41,272.43,272.41,272.43,272.42,0.88519629,3
1790710440,272.43,272.43,272.43,272.43,0.00,0.0,0
1790710500,272.43,272.43,272.43,272.43,0.00,0.0,0
1790710560,272.43,272.43,272.43,272.43,0.00,0.0,0
1790710620,272.43,272.43,272.43,272.43,0.00,0.0,0
1790710680,272.43,272.43,272.43,272.43,0.00,0.0,0
1790710740,272.2,272.2,272.2,272.2,272.20,0.0857544,1
1790710800,271.94,272.08,271.91,271.95,272.02,2.71531443,8
1790710860,271.95,271.95,271.95,271.95,0.00,0.0,0
1790710920,271.95,271.95,271.95,271.95,0.00,0.0,0
1790710980,271.95,271.95,271.95,271.95,0.00,0.0,0
1790711040,271.95,271.95,271.95,271.95,0.00,0.0,0
1790711100,271.95,271.95,271.95,271.95,0.00,0.0,0
1790711160,271.95,271.95,271.95,271.95,0.00,0.0,0
1790711220,271.13,271.13,271.13,271.13,271.13,0.644,1
1790711280,271.13,271.13,271.13,271.13,0.00,0.0,0
1790711340,271.13,271.13,271.13,271.13,0.00,0.0,0
1790711400,271.13,271.13,271.13,271.13,0.00,0.0,0
1790711460,271.13,271.13,271.13,271.13,0.00,0.0,0
1790711520,271.13,271.13,271.13,271.13,0.00,0.0,0
1790711580,271.13,271.13,271.13,271.13,0.00,0.0,0
1790711640,271.13,271.13,271.13,271.13,0.00,0.0,0
1790711700,271.13,271.13,271.13,271.13,0.00,0.0,0
1790711760,271.13,271.13,271.13,271.13,0.00,0.0,0
1790711820,271.13,271.13,271.13,271.13,0.00,0.0,0
1790711880,271.13,271.13,271.13,271.13,0.00,0.0,0
1790711940,271.13,271.13,271.13,271.13,0.00,0.0,0
1790712000,271.13,271.13,271.13,271.13,0.00,0.0,0
1790712060,270.8,270.8,270.8,270.8,270.80,0.02111494,1
1790712120,270.8,270.8,270.8,270.8,0.00,0.0,0
1790712180,270.8,270.8,270.8,270.8,0.00,0.0,0
1790712240,270.8,270.8,270.8,270.8,0.00,0.0,0
1790712300,270.63,270.63,270.63,270.63,270.63,0.341046,1
1790712360,270.63,270.63,270.63,270.63,0.00,0.0,0
1790712420,270.63,270.63,270.63,270.63,0.00,0.0,0
1790712480,270.63,270.63,270.63,270.63,0.00,0.0,0
1790712540,270.63,270.63,270.63,270.63,0.00,0.0,0
1790712600,270.63,270.63,270.63,270.63,0.00,0.0,0
1790712660,270.63,270.63,270.63,270.63,0.00,0.0,0
1790712720,270.63,270.63,270.63,270.63,0.00,0.0,0
1790712780,271.32,271.32,271.3,271.3,271.30,0.39999999,4
1790712840,271.3,271.3,271.3,271.3,0.00,0.0,0
1790712900,271.3,271.3,271.3,271.3,0.00,0.0,0
1790712960,271.3,271.3,271.3,271.3,0.00,0.0,0
1790713020,271.3,271.3,271.3,271.3,0.00,0.0,0
1790713080,271.3,271.3,271.3,271.3,0.00,0.0,0
1790713140,271.3,271.3,271.3,271.3,0.00,0.0,0
1790713200,271.3,271.3,271.3,271.3,0.00,0.0,0
1790713260,271.3,271.3,271.3,271.3,0.00,0.0,0
1790713320,271.3,271.3,271.3,271.3,0.00,0.0,0
1790713380,271.3,271.3,271.3,271.3,0.00,0.0,0
1790713440,271.3,271.3,271.3,271.3,0.00,0.0,0
1790713500,271.3,271.3,271.3,271.3,0.00,0.0,0
1790713560,271.3,271.3,271.3,271.3,0.00,0.0,0
1790713620,271.3,271.3,271.3,271.3,0.00,0.0,0
1790713680,271.3,271.3,271.3,271.3,0.00,0.0,0
1790713740,271.3,271.3,271.3,271.3,0.00,0.0,0
1790713800,271.3,271.3,271.3,271.3,0.00,0.0,0
1790713860,271.3,271.3,271.3,271.3,0.00,0.0,0
1790713920,271.3,271.3,271.3,271.3,0.00,0.0,0
1790713980,272.09,272.18,272.09,272.18,272.17,0.26147072,2
1790714040,272.17,272.17,272.17,272.17,272.17,0.125,1
1790714100,272.17,272.17,272.17,272.17,0.00,0.0,0
1790714160,272.17,272.17,272.17,272.17,0.00,0.0,0
1790714220,272.17,272.17,272.17,272.17,0.00,0.0,0
1790714280,272.17,272.17,272.17,272.17,0.00,0.0,0
1790714340,272.17,272.17,272.17,272.17,0.00,0.0,0
1790714400,272.62,272.62,272.62,272.62,272.62,12.15765461,3
1790714460,272.62,272.62,272.62,272.62,0.00,0.0,0
1790714520,272.62,272.62,272.62,272.62,0.00,0.0,0
1790714580,272.62,272.62,272.62,272.62,0.00,0.0,0
1790714640,272.62,272.62,272.62,272.62,0.00,0.0,0
1790714700,272.62,272.62,272.62,272.62,0.00,0.0,0
1790714760,272.62,272.62,272.62,272.62,0.00,0.0,0
1790714820,272.62,272.62,272.62,272.62,0.00,0.0,0
1790714880,272.62,272.62,272.62,272.62,0.00,0.0,0
1790714940,272.62,272.62,272.62,272.62,0.00,0.0,0
1790715000,272.62,272.62,272.62,272.62,0.00,0.0,0
1790715060,272.62,272.62,272.62,272.62,0.00,0.0,0
1790715120,272.62,272.62,272.62,272.62,0.00,0.0,0
1790715180,271.95,271.95,271.93,271.94,271.94,0.148553,4
1790715240,272.1,272.11,271.94,271.99,272.03,0.79782454,6
1790715300,271.99,271.99,271.99,271.99,0.00,0.0,0
1790715360,271.99,271.99,271.99,271.99,0.00,0.0,0
1790715420,272.01,272.01,272.01,272.01,272.01,0.40514135,1
1790715480,272.01,272.01,272.01,272.01,0.00,0.0,0
1790715540,272.01,272.01,272.01,272.01,0.00,0.0,0
1790715600,272.01,272.01,272.01,272.01,0.00,0.0,0
1790715660,272.01,272.01,272.01,272.01,0.00,0.0,0
1790715720,272.01,272.01,272.01,272.01,0.00,0.0,0
1790715780,272.01,272.01,272.01,272.01,0.00,0.0,0
1790715840,271.76,272.07,271.76,271.86,271.86,3.63567238,7
1790715900,272.03,272.03,271.89,271.89,271.91,0.39336169,3
1790715960,271.89,271.89,271.89,271.89,0.00,0.0,0
1790716020,271.89,271.89,271.89,271.89,0.00,0.0,0
1790716080,271.89,271.89,271.89,271.89,0.00,0.0,0
1790716140,271.89,271.89,271.89,271.89,0.00,0.0,0
1790716200,271.89,271.89,271.89,271.89,0.00,0.0,0
1790716260,271.89,271.89,271.89,271.89,0.00,0.0,0
1790716320,271.89,271.89,271.89,271.89,0.00,0.0,0
1790716380,271.89,271.89,271.89,271.89,0.00,0.0,0
1790716440,271.89,271.89,271.89,271.89,0.00,0.0,0
1790716500,271.89,271.89,271.89,271.89,0.00,0.0,0
1790716560,271.89,271.89,271.89,271.89,0.00,0.0,0
1790716620,271.89,271.89,271.89,271.89,0.00,0.0,0
1790716680,272.54,272.57,272.54,272.57,272.55,3.24642853,3
1790716740,272.38,272.4,272.38,272.4,272.39,7.01620404,4
1790716800,272.4,272.4,272.4,272.4,0.00,0.0,0
1790716860,271.82,271.99,271.82,271.99,271.94,0.53359227,3
1790716920,272.09,272.1,272.09,272.1,272.09,0.11660296,2
1790716980,271.77,271.77,271.77,271.77,271.77,0.244612,1
1790717040,271.77,271.77,271.77,271.77,0.00,0.0,0
1790717100,271.68,271.68,271.68,271.68,271.68,0.01129012,1
1790717160,271.79,271.81,271.42,271.42,271.67,0.29749014,3
1790717220,271.4,271.4,271.4,271.4,271.40,1.6,2
1790717280,271.4,271.4,271.4,271.4,0.00,0.0,0
1790717340,271.4,271.4,271.4,271.4,0.00,0.0,0
1790717400,271.4,271.4,271.4,271.4,0.00,0.0,0
1790717460,271.4,271.4,271.4,271.4,0.00,0.0,0
1790717520,271.4,271.4,271.4,271.4,0.00,0.0,0
1790717580,271.4,271.4,271.4,271.4,0.00,0.0,0
1790717640,271.4,271.4,271.4,271.4,0.00,0.0,0
1790717700,271.4,271.4,271.4,271.4,0.00,0.0,0
1790717760,271.4,271.4,271.4,271.4,0.00,0.0,0
1790717820,271.4,271.4,271.4,271.4,0.00,0.0,0
1790717880,271.4,271.4,271.4,271.4,0.00,0.0,0
1790717940,271.4,271.4,271.4,271.4,0.00,0.0,0
1790718000,271.4,271.4,271.4,271.4,0.00,0.0,0
1790718060,271.4,271.4,271.4,271.4,0.00,0.0,0
1790718120,271.4,271.4,271.4,271.4,0.00,0.0,0
1790718180,271.4,271.4,271.4,271.4,0.00,0.0,0
1790718240,272.42,272.45,272.42,272.45,272.42,0.31375727,4
1790718300,272.59,272.81,272.58,272.81,272.58,5.72846115,3
1790718360,273.0,273.06,273.0,273.06,273.02,2.432907,2
1790718420,273.89,274.17,273.4,274.17,274.02,26.70303129,14
1790718480,273.83,273.87,273.43,273.7,273.72,73.74416521,21
1790718540,273.61,274.04,273.61,273.67,273.75,124.5598276,11
1790718600,273.01,273.62,273.01,273.62,273.46,22.67575267,4
1790718660,273.31,273.96,273.09,273.09,273.61,45.22714298,9
1790718720,273.09,273.09,273.09,273.09,0.00,0.0,0
1790718780,273.09,273.09,273.09,273.09,0.00,0.0,0
1790718840,273.05,273.47,273.05,273.35,273.33,3.456134,5
1790718900,273.47,273.68,273.12,273.12,273.56,13.75936212,5
1790718960,272.6,272.6,272.6,272.6,272.60,1.90600037,1
1790719020,272.6,272.6,272.6,272.6,0.00,0.0,0
1790719080,272.51,272.51,272.15,272.15,272.46,13.18170672,5
1790719140,272.07,272.07,271.85,271.85,271.96,3.47203911,2
1790719200,271.85,271.85,271.85,271.85,0.00,0.0,0
1790719260,271.91,271.91,271.87,271.87,271.88,8.64175577,3
1790719320,272.08,272.08,272.08,272.08,272.08,0.97197109,1
1790719380,272.08,272.08,272.08,272.08,0.00,0.0,0
1790719440,272.78,272.78,272.78,272.78,272.78,0.04371286,2
1790719500,272.78,272.78,272.78,272.78,0.00,0.0,0
1790719560,272.78,272.78,272.78,272.78,0.00,0.0,0
1790719620,272.79,272.84,272.79,272.84,272.79,0.84870333,31
1790719680,272.51,272.51,272.51,272.51,272.51,8.80506821,1
1790719740,272.51,272.51,272.51,272.51,0.00,0.0,0
1790719800,272.51,272.51,272.51,272.51,0.00,0.0,0
1790719860,272.51,272.51,272.51,272.51,0.00,0.0,0
1790719920,272.51,272.51,272.51,272.51,0.00,0.0,0
1790719980,272.51,272.51,272.51,272.51,0.00,0.0,0
1790720040,272.87,272.87,272.87,272.87,272.87,1.70138029,1
1790720100,272.43,272.43,272.33,272.33,272.42,1.82480219,6
1790720160,272.33,272.33,272.33,272.33,0.00,0.0,0
1790720220,272.14,272.14,272.14,272.14,272.14,1.65522107,1
1790720280,272.14,272.14,272.14,272.14,0.00,0.0,0
1790720340,272.27,272.27,272.27,272.27,272.27,0.1911,1
1790720400,272.27,272.27,272.27,272.27,0.00,0.0,0
1790720460,272.27,272.27,272.27,272.27,0.00,0.0,0
1790720520,272.27,272.27,272.27,272.27,0.00,0.0,0
1790720580,272.27,272.27,272.27,272.27,0.00,0.0,0
1790720640,272.27,272.27,272.27,272.27,0.00,0.0,0
1790720700,272.27,272.27,272.27,272.27,0.00,0.0,0
1790720760,272.27,272.27,272.27,272.27,0.00,0.0,0
1790720820,272.27,272.27,272.27,272.27,0.00,0.0,0
1790720880,272.27,272.27,272.27,272.27,0.00,0.0,0
1790720940,272.27,272.27,272.27,272.27,0.00,0.0,0
1790721000,272.2,272.2,272.2,272.2,272.20,1.63315367,1
1790721060,272.2,272.2,272.2,272.2,0.00,0.0,0
1790721120,272.2,272.2,272.2,272.2,0.00,0.0,0
1790721180,272.2,272.2,272.2,272.2,0.00,0.0,0
1790721240,272.1,272.21,272.1,272.21,272.15,0.02059934,2
1790721300,272.21,272.21,272.21,272.21,0.00,0.0,0
1790721360,272.21,272.21,272.21,272.21,0.00,0.0,0
1790721420,272.21,272.21,272.21,272.21,0.00,0.0,0
1790721480,272.21,272.21,272.21,272.21,0.00,0.0,0
1790721540,272.21,272.21,272.21,272.21,0.00,0.0,0
1790721600,272.21,272.21,272.21,272.21,0.00,0.0,0
1790721660,272.21,272.21,272.21,272.21,0.00,0.0,0
1790721720,272.21,272.21,272.21,272.21,0.00,0.0,0
1790721780,272.21,272.21,272.21,272.21,0.00,0.0,0
1790721840,272.21,272.21,272.21,272.21,0.00,0.0,0
1790721900,272.21,272.21,272.21,272.21,0.00,0.0,0
1790721960,272.21,272.21,272.21,272.21,0.00,0.0,0
1790722020,272.21,272.21,272.21,272.21,0.00,0.0,0
1790722080,272.21,272.21,272.21,272.21,272.21,0.01,1
1790722140,272.21,272.21,272.21,272.21,0.00,0.0,0
1790722200,272.21,272.21,272.21,272.21,0.00,0.0,0
1790722260,272.21,272.21,272.21,272.21,0.00,0.0,0
1790722320,272.21,272.21,272.21,272.21,0.00,0.0,0
1790722380,272.21,272.21,272.21,272.21,0.00,0.0,0
1790722440,272.21,272.21,272.21,272.21,0.00,0.0,0
1790722500,272.21,272.21,272.21,272.21,0.00,0.0,0
1790722560,272.21,272.21,272.21,272.21,0.00,0.0,0
1790722620,272.21,272.21,272.21,272.21,0.00,0.0,0
1790722680,272.21,272.21,272.21,272.21,0.00,0.0,0
1790722740,272.21,272.21,272.21,272.21,0.00,0.0,0
1790722800,272.21,272.21,272.21,272.21,0.00,0.0,0
1790722860,272.21,272.21,272.21,272.21,0.00,0.0,0
1790722920,272.21,272.21,272.21,272.21,0.00,0.0,0
1790722980,272.21,272.21,272.21,272.21,0.00,0.0,0
1790723040,272.21,272.21,272.21,272.21,0.00,0.0,0
1790723100,272.62,272.62,272.62,272.62,272.62,0.01,1
1790723160,272.63,272.63,272.63,272.63,272.63,0.0309763,1
1790723220,272.63,272.63,272.63,272.63,0.00,0.0,0
1790723280,272.86,272.86,272.86,272.86,272.86,1.61138046,1
1790723340,272.86,272.86,272.86,272.86,0.00,0.0,0
1790723400,272.86,272.86,272.86,272.86,0.00,0.0,0
1790723460,272.86,272.86,272.86,272.86,0.00,0.0,0
1790723520,272.86,272.86,272.86,272.86,0.00,0.0,0
1790723580,272.86,272.86,272.86,272.86,0.00,0.0,0
1790723640,273.09,273.09,273.09,273.09,273.09,0.06879647,1
1790723700,273.09,273.09,273.09,273.09,0.00,0.0,0
1790723760,273.09,273.09,273.09,273.09,0.00,0.0,0
1790723820,273.09,273.09,273.09,273.09,0.00,0.0,0
1790723880,273.09,273.09,273.09,273.09,0.00,0.0,0
1790723940,273.09,273.09,273.09,273.09,0.00,0.0,0
1790724000,273.09,273.09,273.09,273.09,0.00,0.0,0
1790724060,273.09,273.09,273.09,273.09,0.00,0.0,0
1790724120,273.09,273.09,273.09,273.09,0.00,0.0,0
1790724180,273.09,273.09,273.09,273.09,0.00,0.0,0
1790724240,273.09,273.09,273.09,273.09,0.00,0.0,0
1790724300,273.09,273.09,273.09,273.09,0.00,0.0,0
1790724360,273.09,273.09,273.09,273.09,0.00,0.0,0
1790724420,273.09,273.09,273.09,273.09,0.00,0.0,0
1790724480,273.09,273.09,273.09,273.09,0.00,0.0,0
1790724540,273.09,273.09,273.09,273.09,0.00,0.0,0
1790724600,273.09,273.09,273.09,273.09,0.00,0.0,0
1790724660,273.09,273.09,273.09,273.09,0.00,0.0,0
1790724720,273.09,273.09,273.09,273.09,0.00,0.0,0
1790724780,271.54,271.54,271.49,271.49,271.50,4.36271804,2
1790724840,271.4,271.4,271.4,271.4,271.40,3.2,2
1790724900,271.4,271.4,271.4,271.4,0.00,0.0,0
1790724960,271.4,271.4,271.4,271.4,0.00,0.0,0
1790725020,271.4,271.4,271.4,271.4,0.00,0.0,0
1790725080,271.4,271.4,271.4,271.4,0.00,0.0,0
1790725140,271.4,271.4,271.4,271.4,0.00,0.0,0
1790725200,271.79,271.79,271.79,271.79,271.79,0.01,1
1790725260,271.79,271.79,271.79,271.79,0.00,0.0,0
1790725320,271.79,271.79,271.79,271.79,0.00,0.0,0
1790725380,271.79,271.79,271.79,271.79,0.00,0.0,0
1790725440,271.79,271.79,271.79,271.79,0.00,0.0,0
1790725500,271.79,271.79,271.79,271.79,0.00,0.0,0
1790725560,271.79,271.79,271.79,271.79,0.00,0.0,0
1790725620,271.79,271.79,271.79,271.79,0.00,0.0,0
1790725680,271.79,271.79,271.79,271.79,0.00,0.0,0
1790725740,271.79,271.79,271.79,271.79,0.00,0.0,0
1790725800,271.79,271.79,271.79,271.79,0.00,0.0,0
1790725860,271.79,271.79,271.79,271.79,0.00,0.0,0
1790725920,271.79,271.79,271.79,271.79,0.00,0.0,0
1790725980,271.79,271.79,271.79,271.79,0.00,0.0,0
1790726040,271.79,271.79,271.79,271.79,0.00,0.0,0
1790726100,271.79,271.79,271.79,271.79,0.00,0.0,0
1790726160,271.47,271.51,271.47,271.51,271.48,0.07053999,2
1790726220,271.51,271.51,271.51,271.51,0.00,0.0,0
1790726280,271.51,271.51,271.51,271.51,0.00,0.0,0
1790726340,271.51,271.51,271.51,271.51,0.00,0.0,0
1790726400,271.51,271.51,271.51,271.51,0.00,0.0,0
1790726460,271.51,271.51,271.51,271.51,0.00,0.0,0
1790726520,271.51,271.51,271.51,271.51,0.00,0.0,0
1790726580,271.51,271.51,271.51,271.51,0.00,0.0,0
1790726640,271.51,271.51,271.51,271.51,0.00,0.0,0
1790726700,271.51,271.51,271.51,271.51,0.00,0.0,0
1790726760,271.51,271.51,271.51,271.51,0.00,0.0,0
1790726820,271.51,271.51,271.51,271.51,0.00,0.0,0
1790726880,271.51,271.51,271.51,271.51,0.00,0.0,0
1790726940,271.51,271.51,271.51,271.51,0.00,0.0,0
1790727000,271.51,271.51,271.51,271.51,0.00,0.0,0
1790727060,271.51,271.51,271.51,271.51,0.00,0.0,0
1790727120,271.51,271.51,271.51,271.51,0.00,0.0,0
1790727180,271.51,271.51,271.51,271.51,0.00,0.0,0
1790727240,271.51,271.51,271.51,271.51,0.00,0.0,0
1790727300,271.51,271.51,271.51,271.51,0.00,0.0,0
1790727360,271.51,271.51,271.51,271.51,0.00,0.0,0
1790727420,271.51,271.51,271.51,271.51,0.00,0.0,0
1790727480,271.51,271.51,271.51,271.51,0.00,0.0,0
1790727540,271.51,271.51,271.51,271.51,0.00,0.0,0
1790727600,271.51,271.51,271.51,271.51,0.00,0.0,0
1790727660,271.51,271.51,271.51,271.51,0.00,0.0,0
1790727720,271.51,271.51,271.51,271.51,0.00,0.0,0
1790727780,271.51,271.51,271.51,271.51,0.00,0.0,0
1790727840,271.51,271.51,271.51,271.51,0.00,0.0,0
1790727900,271.51,271.51,271.51,271.51,0.00,0.0,0
1790727960,271.51,271.51,271.51,271.51,0.00,0.0,0
1790728020,271.24,271.26,271.24,271.26,271.25,0.19512195,2
1790728080,271.26,271.26,271.26,271.26,0.00,0.0,0
1790728140,271.26,271.26,271.26,271.26,0.00,0.0,0
1790728200,271.26,271.26,271.26,271.26,0.00,0.0,0
1790728260,271.26,271.26,271.26,271.26,0.00,0.0,0
1790728320,271.26,271.26,271.26,271.26,0.00,0.0,0
1790728380,271.26,271.26,271.26,271.26,0.00,0.0,0
1790728440,271.26,271.26,271.26,271.26,0.00,0.0,0
1790728500,271.26,271.26,271.26,271.26,0.00,0.0,0
1790728560,271.26,271.26,271.26,271.26,0.00,0.0,0
1790728620,271.26,271.26,271.26,271.26,0.00,0.0,0
1790728680,271.26,271.26,271.26,271.26,0.00,0.0,0
1790728740,271.26,271.26,271.26,271.26,0.00,0.0,0
1790728800,271.26,271.26,271.26,271.26,0.00,0.0,0
1790728860,271.26,271.26,271.26,271.26,0.00,0.0,0
1790728920,271.26,271.26,271.26,271.26,0.00,0.0,0
1790728980,271.26,271.26,271.26,271.26,0.00,0.0,0
1790729040,271.26,271.26,271.26,271.26,0.00,0.0,0
1790729100,271.26,271.26,271.26,271.26,0.00,0.0,0
1790729160,271.26,271.26,271.26,271.26,0.00,0.0,0
1790729220,271.26,271.26,271.26,271.26,0.00,0.0,0
1790729280,271.26,271.26,271.26,271.26,0.00,0.0,0
1790729340,271.26,271.26,271.26,271.26,0.00,0.0,0
1790729400,271.26,271.26,271.26,271.26,0.00,0.0,0
1790729460,271.26,271.26,271.26,271.26,0.00,0.0,0
1790729520,271.26,271.26,271.26,271.26,0.00,0.0,0
1790729580,271.26,271.26,271.26,271.26,0.00,0.0,0
1790729640,271.26,271.26,271.26,271.26,0.00,0.0,0
1790729700,271.26,271.26,271.26,271.26,0.00,0.0,0
1790729760,271.26,271.26,271.26,271.26,0.00,0.0,0
1790729820,271.26,271.26,271.26,271.26,0.00,0.0,0
1790729880,271.26,271.26,271.26,271.26,0.00,0.0,0
1790729940,271.26,271.26,271.26,271.26,0.00,0.0,0
1790730000,271.26,271.26,271.26,271.26,0.00,0.0,0
1790730060,271.26,271.26,271.26,271.26,0.00,0.0,0
1790730120,271.26,271.26,271.26,271.26,0.00,0.0,0
1790730180,271.26,271.26,271.26,271.26,0.00,0.0,0
1790730240,271.26,271.26,271.26,271.26,0.00,0.0,0
1790730300,271.26,271.26,271.26,271.26,0.00,0.0,0
1790730360,271.26,271.26,271.26,271.26,0.00,0.0,0
1790730420,271.26,271.26,271.26,271.26,0.00,0.0,0
1790730480,271.26,271.26,271.26,271.26,0.00,0.0,0
1790730540,271.26,271.26,271.26,271.26,0.00,0.0,0
1790730600,271.26,271.26,271.26,271.26,0.00,0.0,0
1790730660,271.26,271.26,271.26,271.26,0.00,0.0,0
1790730720,271.26,271.26,271.26,271.26,0.00,0.0,0
1790730780,271.26,271.26,271.26,271.26,0.00,0.0,0
1790730840,271.26,271.26,271.26,271.26,0.00,0.0,0
1790730900,271.26,271.26,271.26,271.26,0.00,0.0,0
1790730960,271.26,271.26,271.26,271.26,0.00,0.0,0
1790731020,271.26,271.26,271.26,271.26,0.00,0.0,0
1790731080,271.26,271.26,271.26,271.26,0.00,0.0,0
1790731140,271.26,271.26,271.26,271.26,0.00,0.0,0
1790731200,271.26,271.26,271.26,271.26,0.00,0.0,0
1790731260,271.26,271.26,271.26,271.26,0.00,0.0,0
1790731320,271.26,271.26,271.26,271.26,0.00,0.0,0
1790731380,271.26,271.26,271.26,271.26,0.00,0.0,0
1790731440,271.26,271.26,271.26,271.26,0.00,0.0,0
1790731500,271.26,271.26,271.26,271.26,0.00,0.0,0
1790731560,271.26,271.26,271.26,271.26,0.00,0.0,0
1790731620,271.26,271.26,271.26,271.26,0.00,0.0,0
1790731680,271.26,271.26,271.26,271.26,0.00,0.0,0
1790731740,271.26,271.26,271.26,271.26,0.00,0.0,0
1790731800,271.51,271.88,271.51,271.88,271.70,2.933296,4
1790731860,271.4,271.4,271.4,271.4,271.40,1.6,1
1790731920,271.4,271.4,271.4,271.4,0.00,0.0,0
1790731980,271.4,271.4,271.4,271.4,0.00,0.0,0
1790732040,271.4,271.4,271.4,271.4,0.00,0.0,0
1790732100,271.4,271.4,271.4,271.4,0.00,0.0,0
1790732160,271.4,271.4,271.4,271.4,0.00,0.0,0
1790732220,271.24,271.24,271.24,271.24,271.24,1.56870102,1
1790732280,271.24,271.24,271.24,271.24,0.00,0.0,0
1790732340,271.24,271.24,271.24,271.24,0.00,0.0,0
1790732400,271.38,271.41,271.38,271.41,271.39,0.02,2
1790732460,271.3,271.3,271.3,271.3,271.30,0.01,1
1790732520,271.46,271.46,271.46,271.46,271.46,0.01,1
1790732580,271.46,271.46,271.46,271.46,0.00,0.0,0
1790732640,271.46,271.46,271.46,271.46,0.00,0.0,0
1790732700,271.46,271.46,271.46,271.46,0.00,0.0,0
1790732760,271.46,271.46,271.46,271.46,0.00,0.0,0
1790732820,271.46,271.46,271.46,271.46,0.00,0.0,0
1790732880,271.65,271.65,271.55,271.55,271.62,0.04,4
1790732940,271.74,271.74,271.74,271.74,271.74,0.01,1
1790733000,271.74,271.74,271.74,271.74,0.00,0.0,0
1790733060,271.87,271.87,271.87,271.87,271.87,0.01,1
1790733120,271.87,271.87,271.87,271.87,0.00,0.0,0
1790733180,271.87,271.87,271.87,271.87,0.00,0.0,0
1790733240,271.87,271.87,271.87,271.87,0.00,0.0,0
1790733300,271.87,271.87,271.87,271.87,0.00,0.0,0
1790733360,271.87,271.87,271.87,271.87,0.00,0.0,0
1790733420,271.87,271.87,271.87,271.87,0.00,0.0,0
1790733480,271.87,271.87,271.87,271.87,0.00,0.0,0
1790733540,271.87,271.87,271.87,271.87,0.00,0.0,0
1790733600,271.87,271.87,271.87,271.87,0.00,0.0,0
1790733660,271.87,271.87,271.87,271.87,0.00,0.0,0
1790733720,271.68,271.68,271.68,271.68,271.68,0.01,1
1790733780,271.41,271.57,271.41,271.57,271.41,0.2771,2
1790733840,271.57,271.57,271.57,271.57,0.00,0.0,0
1790733900,271.84,271.84,271.84,271.84,271.84,0.04,4
1790733960,271.84,271.84,271.84,271.84,0.00,0.0,0
1790734020,271.84,271.84,271.84,271.84,0.00,0.0,0
1790734080,271.84,271.84,271.84,271.84,0.00,0.0,0
1790734140,271.84,271.84,271.84,271.84,0.00,0.0,0
1790734200,271.84,271.84,271.84,271.84,0.00,0.0,0
1790734260,271.84,271.84,271.84,271.84,0.00,0.0,0
1790734320,271.84,271.84,271.84,271.84,0.00,0.0,0
1790734380,271.84,271.84,271.84,271.84,0.00,0.0,0
1790734440,271.84,271.84,271.84,271.84,0.00,0.0,0
1790734500,271.84,271.84,271.84,271.84,0.00,0.0,0
1790734560,271.84,271.84,271.84,271.84,0.00,0.0,0
1790734620,271.84,271.84,271.84,271.84,0.00,0.0,0
1790734680,271.84,271.84,271.84,271.84,0.00,0.0,0
1790734740,271.84,271.84,271.84,271.84,0.00,0.0,0
1790734800,271.84,271.84,271.84,271.84,0.00,0.0,0
1790734860,271.84,271.84,271.84,271.84,0.00,0.0,0
1790734920,271.84,271.84,271.84,271.84,0.00,0.0,0
1790734980,271.27,271.27,271.27,271.27,271.27,1.5477871,1
1790735040,271.27,271.27,271.27,271.27,0.00,0.0,0
1790735100,271.27,271.27,271.27,271.27,0.00,0.0,0
1790735160,271.27,271.27,271.27,271.27,0.00,0.0,0
1790735220,270.54,270.54,270.54,270.54,270.54,3.77008752,2
1790735280,270.54,270.54,270.54,270.54,0.00,0.0,0
1790735340,270.36,270.36,270.35,270.35,270.35,1.8533356,2
1790735400,270.3,270.3,270.3,270.3,270.30,4.8,3
1790735460,270.3,270.3,270.3,270.3,0.00,0.0,0
1790735520,270.3,270.3,270.3,270.3,0.00,0.0,0
1790735580,270.3,270.3,270.3,270.3,0.00,0.0,0
1790735640,270.3,270.3,270.3,270.3,0.00,0.0,0
1790735700,270.3,270.3,270.3,270.3,0.00,0.0,0
1790735760,270.3,270.3,270.3,270.3,0.00,0.0,0
1790735820,270.3,270.3,270.3,270.3,0.00,0.0,0
1790735880,270.3,270.3,270.3,270.3,0.00,0.0,0
1790735940,270.3,270.3,270.3,270.3,0.00,0.0,0
1790736000,270.3,270.3,270.3,270.3,0.00,0.0,0
1790736060,270.3,270.3,270.3,270.3,0.00,0.0,0
1790736120,270.3,270.3,270.3,270.3,0.00,0.0,0
1790736180,270.3,270.3,270.3,270.3,0.00,0.0,0
1790736240,270.83,270.83,270.83,270.83,270.83,1.62436774,1
1790736300,270.83,270.83,270.83,270.83,0.00,0.0,0
1790736360,270.83,270.83,270.83,270.83,0.00,0.0,0
1790736420,270.83,270.83,270.83,270.83,0.00,0.0,0
1790736480,270.83,270.83,270.83,270.83,0.00,0.0,0
1790736540,270.83,270.83,270.83,270.83,0.00,0.0,0
1790736600,270.83,270.83,270.83,270.83,0.00,0.0,0
1790736660,270.83,270.83,270.83,270.83,0.00,0.0,0
1790736720,271.22,271.22,271.22,271.22,271.22,2.5784,3
1790736780,271.22,271.22,271.22,271.22,0.00,0.0,0
1790736840,271.22,271.22,271.22,271.22,0.00,0.0,0
1790736900,271.22,271.22,271.22,271.22,0.00,0.0,0
1790736960,271.22,271.22,271.22,271.22,0.00,0.0,0
1790737020,271.22,271.22,271.22,271.22,0.00,0.0,0
1790737080,271.22,271.22,271.22,271.22,0.00,0.0,0
1790737140,271.22,271.22,271.22,271.22,0.00,0.0,0
1790737200,271.22,271.22,271.22,271.22,0.00,0.0,0
1790737260,271.22,271.22,271.22,271.22,0.00,0.0,0
1790737320,271.22,271.22,271.22,271.22,0.00,0.0,0
1790737380,271.22,271.22,271.22,271.22,0.00,0.0,0
1790737440,271.22,271.22,271.22,271.22,0.00,0.0,0
1790737500,271.22,271.22,271.22,271.22,0.00,0.0,0
1790737560,271.22,271.22,271.22,271.22,0.00,0.0,0
1790737620,270.51,270.51,270.5,270.5,270.50,4.94160815,2
1790737680,270.37,270.38,270.37,270.38,270.37,3.77008752,2
1790737740,270.38,270.38,270.38,270.38,0.00,0.0,0
1790737800,270.33,270.33,270.23,270.27,270.24,4.88717282,7
1790737860,270.38,270.41,270.38,270.41,270.40,6.66337748,3
1790737920,270.41,270.41,270.41,270.41,0.00,0.0,0
1790737980,270.41,270.41,270.41,270.41,0.00,0.0,0
1790738040,270.41,270.41,270.41,270.41,0.00,0.0,0
1790738100,270.41,270.41,270.41,270.41,0.00,0.0,0
1790738160,269.55,269.55,269.55,269.55,269.55,3.23434674,1
1790738220,269.59,269.6,269.59,269.6,269.59,6.17530346,4
1790738280,269.6,269.6,269.6,269.6,0.00,0.0,0
1790738340,269.6,269.6,269.6,269.6,0.00,0.0,0
1790738400,269.6,269.6,269.6,269.6,0.00,0.0,0
1790738460,269.6,269.6,269.6,269.6,0.00,0.0,0
1790738520,269.72,269.72,269.72,269.72,269.72,0.0102,1
1790738580,269.72,269.72,269.72,269.72,0.00,0.0,0
1790738640,269.72,269.72,269.72,269.72,0.00,0.0,0
1790738700,269.72,269.72,269.72,269.72,0.00,0.0,0
1790738760,269.72,269.72,269.72,269.72,0.00,0.0,0
1790738820,269.72,269.72,269.72,269.72,0.00,0.0,0
1790738880,269.72,269.72,269.72,269.72,0.00,0.0,0
1790738940,269.72,269.72,269.72,269.72,0.00,0.0,0
1790739000,269.72,269.72,269.72,269.72,0.00,0.0,0
1790739060,269.72,269.72,269.72,269.72,0.00,0.0,0
1790739120,269.72,269.72,269.72,269.72,0.00,0.0,0
1790739180,269.72,269.72,269.72,269.72,0.00,0.0,0
1790739240,269.72,269.72,269.72,269.72,0.00,0.0,0
1790739300,269.72,269.72,269.72,269.72,0.00,0.0,0
1790739360,269.72,269.72,269.72,269.72,0.00,0.0,0
1790739420,269.72,269.72,269.72,269.72,0.00,0.0,0
1790739480,269.9,269.9,269.9,269.9,269.90,1.59430445,1
1790739540,269.9,269.9,269.9,269.9,0.00,0.0,0
1790739600,269.9,269.9,269.9,269.9,0.00,0.0,0
1790739660,269.9,269.9,269.9,269.9,0.00,0.0,0
1790739720,269.9,269.9,269.9,269.9,0.00,0.0,0
1790739780,269.9,269.9,269.9,269.9,0.00,0.0,0
1790739840,269.9,269.9,269.9,269.9,0.00,0.0,0
1790739900,269.9,269.9,269.9,269.9,0.00,0.0,0
1790739960,269.9,269.9,269.9,269.9,0.00,0.0,0
1790740020,269.9,269.9,269.9,269.9,0.00,0.0,0
1790740080,269.9,269.9,269.9,269.9,0.00,0.0,0
1790740140,269.9,269.9,269.9,269.9,0.00,0.0,0
1790740200,269.9,269.9,269.9,269.9,0.00,0.0,0
1790740260,269.9,269.9,269.9,269.9,0.00,0.0,0
1790740320,269.9,269.9,269.9,269.9,0.00,0.0,0
1790740380,269.9,269.9,269.9,269.9,0.00,0.0,0
1790740440,269.9,269.9,269.9,269.9,0.00,0.0,0
1790740500,269.9,269.9,269.9,269.9,0.00,0.0,0
1790740560,269.9,269.9,269.9,269.9,0.00,0.0,0
1790740620,269.9,269.9,269.9,269.9,0.00,0.0,0
1790740680,269.9,269.9,269.9,269.9,0.00,0.0,0
1790740740,269.9,269.9,269.9,269.9,0.00,0.0,0
1790740800,269.9,269.9,269.9,269.9,0.00,0.0,0
1790740860,269.9,269.9,269.9,269.9,0.00,0.0,0
1790740920,269.9,269.9,269.9,269.9,0.00,0.0,0
1790740980,269.9,269.9,269.9,269.9,0.00,0.0,0
1790741040,269.9,269.9,269.9,269.9,0.00,0.0,0
1790741100,269.9,269.9,269.9,269.9,0.00,0.0,0
1790741160,269.9,269.9,269.9,269.9,0.00,0.0,0
1790741220,269.9,269.9,269.9,269.9,0.00,0.0,0
1790741280,269.9,269.9,269.9,269.9,0.00,0.0,0
1790741340,269.9,269.9,269.9,269.9,0.00,0.0,0
1790741400,269.9,269.9,269.9,269.9,0.00,0.0,0
1790741460,269.9,269.9,269.9,269.9,0.00,0.0,0
1790741520,269.9,269.9,269.9,269.9,0.00,0.0,0
1790741580,269.9,269.9,269.9,269.9,0.00,0.0,0
1790741640,269.9,269.9,269.9,269.9,0.00,0.0,0
1790741700,269.9,269.9,269.9,269.9,0.00,0.0,0
1790741760,269.9,269.9,269.9,269.9,0.00,0.0,0
1790741820,269.9,269.9,269.9,269.9,0.00,0.0,0
1790741880,269.9,269.9,269.9,269.9,0.00,0.0,0
1790741940,270.71,270.71,270.71,270.71,270.71,1.7171749,1
1790742000,270.71,270.71,270.71,270.71,0.00,0.0,0
1790742060,270.71,270.71,270.71,270.71,0.00,0.0,0
1790742120,270.71,270.71,270.71,270.71,0.00,0.0,0
1790742180,270.71,270.71,270.71,270.71,0.00,0.0,0
1790742240,270.25,270.25,270.25,270.25,270.25,7.29416095,1
1790742300,270.46,270.47,270.46,270.47,270.46,2.66001262,2
1790742360,270.47,270.47,270.47,270.47,0.00,0.0,0
1790742420,270.47,270.47,270.47,270.47,0.00,0.0,0
1790742480,270.47,270.47,270.47,270.47,0.00,0.0,0
1790742540,270.47,270.47,270.47,270.47,0.00,0.0,0
1790742600,270.47,270.47,270.47,270.47,0.00,0.0,0
1790742660,270.47,270.47,270.47,270.47,0.00,0.0,0
1790742720,270.47,270.47,270.47,270.47,0.00,0.0,0
1790742780,270.47,270.47,270.47,270.47,0.00,0.0,0
1790742840,270.47,270.47,270.47,270.47,0.00,0.0,0
1790742900,270.34,270.37,270.34,270.37,270.36,0.81484566,3
1790742960,270.49,270.53,270.49,270.53,270.49,8.58649193,2
1790743020,270.53,270.53,270.53,270.53,0.00,0.0,0
1790743080,270.53,270.53,270.53,270.53,0.00,0.0,0
1790743140,270.53,270.53,270.53,270.53,0.00,0.0,0
1790743200,270.53,270.53,270.53,270.53,0.00,0.0,0
1790743260,270.53,270.53,270.53,270.53,0.00,0.0,0
1790743320,270.53,270.53,270.53,270.53,0.00,0.0,0
1790743380,270.53,270.53,270.53,270.53,0.00,0.0,0
1790743440,270.53,270.53,270.53,270.53,0.00,0.0,0
1790743500,270.53,270.53,270.53,270.53,0.00,0.0,0
1790743560,270.53,270.53,270.53,270.53,0.00,0.0,0
1790743620,270.53,270.53,270.53,270.53,0.00,0.0,0
1790743680,270.53,270.53,270.53,270.53,0.00,0.0,0
1790743740,270.53,270.53,270.53,270.53,0.00,0.0,0
1790743800,270.53,270.53,270.53,270.53,0.00,0.0,0
1790743860,270.53,270.53,270.53,270.53,0.00,0.0,0
1790743920,270.53,270.53,270.53,270.53,0.00,0.0,0
1790743980,270.53,270.53,270.53,270.53,0.00,0.0,0
1790744040,270.53,270.53,270.53,270.53,0.00,0.0,0
1790744100,270.53,270.53,270.53,270.53,0.00,0.0,0
1790744160,270.53,270.53,270.53,270.53,0.00,0.0,0
1790744220,270.53,270.53,270.53,270.53,0.00,0.0,0
1790744280,270.53,270.53,270.53,270.53,0.00,0.0,0
1790744340,270.53,270.53,270.53,270.53,0.00,0.0,0
1790744400,270.53,270.53,270.53,270.53,0.00,0.0,0
1790744460,270.53,270.53,270.53,270.53,0.00,0.0,0
1790744520,270.53,270.53,270.53,270.53,0.00,0.0,0
1790744580,270.53,270.53,270.53,270.53,0.00,0.0,0
1790744640,270.53,270.53,270.53,270.53,0.00,0.0,0
1790744700,270.53,270.53,270.53,270.53,0.00,0.0,0
1790744760,270.53,270.53,270.53,270.53,0.00,0.0,0
1790744820,270.53,270.53,270.53,270.53,0.00,0.0,0
1790744880,270.53,270.53,270.53,270.53,0.00,0.0,0
1790744940,270.53,270.53,270.53,270.53,0.00,0.0,0
1790745000,270.77,270.77,270.69,270.69,270.72,9.84557872,5
1790745060,270.69,270.69,270.69,270.69,0.00,0.0,0
1790745120,270.69,270.69,270.69,270.69,0.00,0.0,0
1790745180,270.69,270.69,270.69,270.69,0.00,0.0,0
1790745240,270.69,270.69,270.69,270.69,0.00,0.0,0
1790745300,270.69,270.69,270.69,270.69,0.00,0.0,0
1790745360,270.69,270.69,270.69,270.69,0.00,0.0,0
1790745420,270.39,270.39,270.39,270.39,270.39,0.01,1
1790745480,270.38,270.54,270.38,270.54,270.51,1.9539714,2
1790745540,270.54,270.54,270.54,270.54,0.00,0.0,0
1790745600,270.54,270.54,270.54,270.54,0.00,0.0,0
1790745660,270.54,270.54,270.54,270.54,0.00,0.0,0
1790745720,270.54,270.54,270.54,270.54,0.00,0.0,0
1790745780,270.54,270.54,270.54,270.54,0.00,0.0,0
1790745840,270.54,270.54,270.54,270.54,0.00,0.0,0
1790745900,270.77,270.77,270.77,270.77,270.77,1.57791004,2
1790745960,270.77,270.77,270.77,270.77,0.00,0.0,0
1790746020,270.84,270.84,270.84,270.84,270.84,1.55687334,4
1790746080,270.84,270.84,270.84,270.84,0.00,0.0,0
1790746140,270.84,270.84,270.84,270.84,0.00,0.0,0
1790746200,270.84,270.84,270.84,270.84,0.00,0.0,0
1790746260,270.84,270.84,270.84,270.84,0.00,0.0,0
1790746320,270.84,270.84,270.84,270.84,0.00,0.0,0
1790746380,271.64,271.64,271.64,271.64,271.64,1.53611711,1
1790746440,271.64,271.64,271.64,271.64,0.00,0.0,0
1790746500,271.63,271.69,271.63,271.69,271.64,3.267755,8
1790746560,271.57,271.57,271.57,271.57,271.57,1.51563759,1
1790746620,271.57,271.57,271.57,271.57,0.00,0.0,0
1790746680,271.57,271.57,271.57,271.57,0.00,0.0,0
1790746740,271.57,271.57,271.57,271.57,0.00,0.0,0
1790746800,271.57,271.57,271.57,271.57,0.00,0.0,0
1790746860,271.57,271.57,271.57,271.57,0.00,0.0,0
1790746920,271.72,271.73,271.72,271.73,271.72,0.51396828,2
1790746980,271.73,271.73,271.73,271.73,0.00,0.0,0
1790747040,271.73,271.73,271.73,271.73,0.00,0.0,0
1790747100,271.73,271.73,271.73,271.73,0.00,0.0,0
1790747160,271.73,271.73,271.73,271.73,0.00,0.0,0
1790747220,271.73,271.73,271.73,271.73,0.00,0.0,0
1790747280,271.73,271.73,271.73,271.73,0.00,0.0,0
1790747340,271.73,271.73,271.73,271.73,0.00,0.0,0
1790747400,272.07,272.1,272.07,272.1,272.09,0.23913155,2
1790747460,272.1,272.1,272.1,272.1,0.00,0.0,0
1790747520,271.76,271.76,271.76,271.76,271.76,0.0102,1
1790747580,271.76,271.76,271.76,271.76,0.00,0.0,0
1790747640,271.76,271.76,271.76,271.76,0.00,0.0,0
1790747700,271.76,271.76,271.76,271.76,0.00,0.0,0
1790747760,271.76,271.76,271.76,271.76,0.00,0.0,0
1790747820,271.76,271.76,271.76,271.76,0.00,0.0,0
1790747880,271.76,271.76,271.76,271.76,0.00,0.0,0
1790747940,271.62,271.62,271.62,271.62,271.62,1.49543111,1
1790748000,271.62,271.62,271.62,271.62,0.00,0.0,0
1790748060,271.72,271.72,271.72,271.72,271.72,1.47549403,1
1790748120,271.36,271.36,271.36,271.36,271.36,1.45582274,1
1790748180,271.36,271.36,271.36,271.36,0.00,0.0,0
1790748240,271.21,271.21,271.21,271.21,271.21,0.25447351,1
1790748300,271.21,271.21,271.21,271.21,0.00,0.0,0
1790748360,271.28,271.28,271.28,271.28,271.28,1.43641371,1
1790748420,271.28,271.28,271.28,271.28,0.00,0.0,0
1790748480,270.68,270.68,270.41,270.41,270.60,47.1258553,10
1790748540,270.52,270.57,270.51,270.56,270.54,3.10697686,6
1790748600,270.3,270.31,270.3,270.31,270.30,4.74805311,3
1790748660,270.1,270.1,270.0,270.0,270.00,2.11,4
1790748720,270.0,270.0,270.0,270.0,0.00,0.0,0
1790748780,270.0,270.0,270.0,270.0,0.00,0.0,0
1790748840,270.0,270.0,270.0,270.0,0.00,0.0,0
1790748900,270.0,270.0,270.0,270.0,0.00,0.0,0
1790748960,269.4,269.4,269.22,269.22,269.35,7.63938842,4
1790749020,269.22,269.22,269.22,269.22,0.00,0.0,0
1790749080,269.22,269.22,269.22,269.22,0.00,0.0,0
1790749140,269.22,269.22,269.22,269.22,0.00,0.0,0
1790749200,269.22,269.22,269.22,269.22,0.00,0.0,0
1790749260,269.22,269.22,269.22,269.22,0.00,0.0,0
1790749320,269.22,269.22,269.22,269.22,0.00,0.0,0
1790749380,269.22,269.22,269.22,269.22,0.00,0.0,0
1790749440,269.22,269.22,269.22,269.22,0.00,0.0,0
1790749500,268.6,268.6,268.6,268.6,268.60,1.6,1
1790749560,268.6,268.6,268.6,268.6,0.00,0.0,0
1790749620,268.6,268.6,268.6,268.6,0.00,0.0,0
1790749680,268.6,268.6,268.6,268.6,0.00,0.0,0
1790749740,268.6,268.6,268.6,268.6,0.00,0.0,0
1790749800,268.6,268.6,268.6,268.6,0.00,0.0,0
1790749860,268.95,268.95,268.95,268.95,268.95,0.02363609,1
1790749920,268.95,268.95,268.95,268.95,0.00,0.0,0
1790749980,268.95,268.95,268.95,268.95,0.00,0.0,0
1790750040,268.95,268.95,268.95,268.95,0.00,0.0,0
1790750100,268.95,268.95,268.95,268.95,0.00,0.0,0
1790750160,268.95,268.95,268.95,268.95,0.00,0.0,0
1790750220,268.95,268.95,268.95,268.95,0.00,0.0,0
1790750280,268.95,268.95,268.95,268.95,0.00,0.0,0
1790750340,268.95,268.95,268.95,268.95,0.00,0.0,0
1790750400,268.95,268.95,268.95,268.95,0.00,0.0,0
1790750460,268.95,268.95,268.95,268.95,0.00,0.0,0
1790750520,268.95,268.95,268.95,268.95,0.00,0.0,0
1790750580,269.52,269.52,269.52,269.52,269.52,0.0102,1
1790750640,269.52,269.52,269.52,269.52,0.00,0.0,0
1790750700,269.52,269.52,269.52,269.52,0.00,0.0,0
1790750760,269.29,269.29,269.29,269.29,269.29,2.34511594,1
1790750820,269.29,269.29,269.29,269.29,0.00,0.0,0
1790750880,269.29,269.29,269.29,269.29,0.00,0.0,0
1790750940,269.29,269.29,269.29,269.29,0.00,0.0,0
1790751000,269.29,269.29,269.29,269.29,0.00,0.0,0
1790751060,269.29,269.29,269.29,269.29,0.00,0.0,0
1790751120,269.29,269.29,269.29,269.29,0.00,0.0,0
1790751180,269.29,269.29,269.29,269.29,0.00,0.0,0
1790751240,269.29,269.29,269.29,269.29,0.00,0.0,0
1790751300,269.79,269.79,269.79,269.79,269.79,0.0102,1
1790751360,269.79,269.79,269.79,269.79,0.00,0.0,0
1790751420,269.79,269.79,269.79,269.79,0.00,0.0,0
1790751480,269.8,269.8,269.8,269.8,269.80,0.14392142,1
1790751540,269.8,269.8,269.8,269.8,0.00,0.0,0
1790751600,269.8,269.8,269.8,269.8,0.00,0.0,0
1790751660,269.8,269.8,269.8,269.8,0.00,0.0,0
1790751720,269.8,269.8,269.8,269.8,0.00,0.0,0
1790751780,269.8,269.8,269.8,269.8,0.00,0.0,0
1790751840,269.8,269.8,269.8,269.8,0.00,0.0,0
1790751900,269.8,269.8,269.8,269.8,0.00,0.0,0
1790751960,269.8,269.8,269.8,269.8,0.00,0.0,0
1790752020,269.8,269.8,269.8,269.8,0.00,0.0,0
1790752080,269.8,269.8,269.8,269.8,0.00,0.0,0
1790752140,269.8,269.8,269.8,269.8,0.00,0.0,0
1790752200,269.8,269.8,269.8,269.8,0.00,0.0,0
1790752260,269.8,269.8,269.8,269.8,0.00,0.0,0
1790752320,269.8,269.8,269.8,269.8,0.00,0.0,0
1790752380,269.8,269.8,269.8,269.8,0.00,0.0,0
1790752440,269.8,269.8,269.8,269.8,0.00,0.0,0
1790752500,269.8,269.8,269.8,269.8,0.00,0.0,0
1790752560,269.8,269.8,269.8,269.8,0.00,0.0,0
1790752620,269.8,269.8,269.8,269.8,0.00,0.0,0
1790752680,269.8,269.8,269.8,269.8,0.00,0.0,0
1790752740,269.8,269.8,269.8,269.8,0.00,0.0,0
1790752800,269.8,269.8,269.8,269.8,0.00,0.0,0
1790752860,269.8,269.8,269.8,269.8,0.00,0.0,0
1790752920,269.8,269.8,269.8,269.8,0.00,0.0,0
1790752980,269.8,269.8,269.8,269.8,0.00,0.0,0
1790753040,269.8,269.8,269.8,269.8,0.00,0.0,0
1790753100,269.8,269.8,269.8,269.8,0.00,0.0,0
1790753160,269.8,269.8,269.8,269.8,0.00,0.0,0
1790753220,271.23,271.23,271.0,271.0,271.04,3.97663041,4
1790753280,271.0,271.0,271.0,271.0,0.00,0.0,0
1790753340,271.0,271.0,271.0,271.0,0.00,0.0,0
1790753400,271.0,271.0,271.0,271.0,0.00,0.0,0
1790753460,271.0,271.0,271.0,271.0,0.00,0.0,0
1790753520,271.0,271.0,271.0,271.0,0.00,0.0,0
1790753580,271.0,271.0,271.0,271.0,0.00,0.0,0
1790753640,271.0,271.0,271.0,271.0,0.00,0.0,0
1790753700,271.0,271.0,271.0,271.0,0.00,0.0,0
1790753760,271.0,271.0,271.0,271.0,0.00,0.0,0
1790753820,271.0,271.0,271.0,271.0,0.00,0.0,0
1790753880,271.0,271.0,271.0,271.0,0.00,0.0,0
1790753940,271.0,271.0,271.0,271.0,0.00,0.0,0
1790754000,271.0,271.0,271.0,271.0,0.00,0.0,0
1790754060,271.0,271.0,271.0,271.0,0.00,0.0,0
1790754120,271.48,271.48,271.41,271.41,271.41,1.401769,2
1790754180,271.41,271.41,271.41,271.41,0.00,0.0,0
1790754240,271.41,271.41,271.41,271.41,0.00,0.0,0
1790754300,271.41,271.41,271.41,271.41,0.00,0.0,0
1790754360,271.41,271.41,271.41,271.41,0.00,0.0,0
1790754420,271.41,271.41,271.41,271.41,0.00,0.0,0
1790754480,271.41,271.41,271.41,271.41,0.00,0.0,0
1790754540,271.41,271.41,271.41,271.41,0.00,0.0,0
1790754600,271.41,271.41,271.41,271.41,0.00,0.0,0
1790754660,272.08,272.08,272.08,272.08,272.08,0.3562,1
1790754720,272.08,272.08,272.08,272.08,0.00,0.0,0
1790754780,272.08,272.08,272.08,272.08,0.00,0.0,0
1790754840,271.76,271.76,271.75,271.75,271.75,0.14709649,2
1790754900,271.75,271.75,271.75,271.75,0.00,0.0,0
1790754960,271.75,271.75,271.75,271.75,0.00,0.0,0
1790755020,271.75,271.75,271.75,271.75,0.00,0.0,0
1790755080,271.75,271.75,271.75,271.75,0.00,0.0,0
1790755140,271.38,271.4,271.38,271.4,271.39,0.663562,2
1790755200,271.31,271.31,271.31,271.31,271.31,0.974587,1
1790755260,271.31,271.31,271.31,271.31,0.00,0.0,0
1790755320,271.31,271.31,271.31,271.31,0.00,0.0,0
1790755380,271.31,271.31,271.31,271.31,0.00,0.0,0
1790755440,270.99,271.0,270.99,271.0,270.99,0.10249459,2
1790755500,271.0,271.0,271.0,271.0,0.00,0.0,0
1790755560,271.0,271.0,271.0,271.0,0.00,0.0,0
1790755620,271.0,271.0,271.0,271.0,0.00,0.0,0
1790755680,271.0,271.0,271.0,271.0,0.00,0.0,0
1790755740,271.0,271.0,271.0,271.0,0.00,0.0,0
1790755800,271.0,271.0,271.0,271.0,0.00,0.0,0
1790755860,271.0,271.0,271.0,271.0,0.00,0.0,0
1790755920,271.0,271.0,271.0,271.0,0.00,0.0,0
1790755980,271.0,271.0,271.0,271.0,0.00,0.0,0
1790756040,271.0,271.0,271.0,271.0,0.00,0.0,0
1790756100,271.0,271.0,271.0,271.0,0.00,0.0,0
1790756160,270.91,271.01,270.91,271.01,270.92,0.47010657,2
1790756220,271.01,271.01,271.01,271.01,0.00,0.0,0
1790756280,270.83,270.83,270.83,270.83,270.83,0.32976,1
1790756340,270.83,270.83,270.83,270.83,0.00,0.0,0
1790756400,270.61,270.82,270.61,270.79,270.79,4.55489331,8
1790756460,271.11,271.22,271.11,271.12,271.21,6.70971148,3
1790756520,271.12,271.12,271.12,271.12,0.00,0.0,0
1790756580,270.87,270.87,270.87,270.87,270.87,0.233374,1
1790756640,270.57,270.57,270.57,270.57,270.57,6.54317748,1
1790756700,270.69,270.69,270.69,270.69,270.69,0.717535,1
1790756760,270.69,270.69,270.69,270.69,0.00,0.0,0
1790756820,270.69,270.69,270.69,270.69,0.00,0.0,0
1790756880,270.69,270.69,270.69,270.69,0.00,0.0,0
1790756940,270.69,270.69,270.69,270.69,0.00,0.0,0
1790757000,270.22,270.22,270.22,270.22,270.22,0.146764,1
1790757060,269.9,270.01,269.9,269.98,269.98,2.480272,3
1790757120,270.77,270.77,270.77,270.77,270.77,0.0102,1
1790757180,270.78,270.78,270.59,270.59,270.74,2.048955,2
1790757240,270.59,270.59,270.59,270.59,0.00,0.0,0
1790757300,270.59,270.59,270.59,270.59,0.00,0.0,0
1790757360,270.59,270.59,270.59,270.59,0.00,0.0,0
1790757420,270.41,270.41,270.41,270.41,270.41,0.331781,1
1790757480,270.48,270.48,270.48,270.48,270.48,0.01,1
1790757540,270.48,270.48,270.48,270.48,0.00,0.0,0
1790757600,271.13,271.13,271.13,271.13,271.13,0.01,1
1790757660,271.13,271.13,271.13,271.13,0.00,0.0,0
1790757720,271.13,271.13,271.13,271.13,0.00,0.0,0
1790757780,271.13,271.13,271.13,271.13,0.00,0.0,0
1790757840,271.13,271.13,271.13,271.13,0.00,0.0,0
1790757900,271.13,271.13,271.13,271.13,0.00,0.0,0
1790757960,271.13,271.13,271.13,271.13,0.00,0.0,0
1790758020,271.13,271.13,271.13,271.13,0.00,0.0,0
1790758080,271.13,271.13,271.13,271.13,0.00,0.0,0
1790758140,271.13,271.13,271.13,271.13,0.00,0.0,0
1790758200,271.13,271.13,271.13,271.13,0.00,0.0,0
1790758260,271.13,271.13,271.13,271.13,0.00,0.0,0
1790758320,271.87,271.87,271.87,271.87,271.87,0.190265,1
1790758380,271.87,271.87,271.87,271.87,0.00,0.0,0
1790758440,271.87,271.87,271.87,271.87,0.00,0.0,0
1790758500,271.87,271.87,271.87,271.87,0.00,0.0,0
1790758560,271.87,271.87,271.87,271.87,0.00,0.0,0
1790758620,271.87,271.87,271.87,271.87,0.00,0.0,0
1790758680,271.87,271.87,271.87,271.87,0.00,0.0,0
1790758740,271.48,271.48,271.47,271.47,271.47,0.02908178,2
1790758800,271.47,271.47,271.47,271.47,0.00,0.0,0
1790758860,271.47,271.47,271.47,271.47,0.00,0.0,0
1790758920,271.82,271.82,271.82,271.82,271.82,0.01454089,1
1790758980,271.82,271.82,271.82,271.82,0.00,0.0,0
1790759040,271.82,271.82,271.82,271.82,0.00,0.0,0
1790759100,271.82,271.82,271.82,271.82,0.00,0.0,0
1790759160,271.82,271.82,271.82,271.82,0.00,0.0,0
1790759220,271.82,271.82,271.82,271.82,0.00,0.0,0
1790759280,272.14,272.14,272.14,272.14,272.14,0.687423,1
1790759340,272.14,272.14,272.14,272.14,0.00,0.0,0
1790759400,272.2,272.2,272.2,272.2,272.20,1.6,1
1790759460,272.2,272.2,272.2,272.2,0.00,0.0,0
1790759520,272.2,272.2,272.2,272.2,0.00,0.0,0
1790759580,272.2,272.2,272.2,272.2,0.00,0.0,0
1790759640,272.2,272.2,272.2,272.2,0.00,0.0,0
1790759700,272.2,272.2,272.2,272.2,0.00,0.0,0
1790759760,272.2,272.2,272.2,272.2,0.00,0.0,0
1790759820,272.2,272.2,272.2,272.2,272.20,3.2024,1
1790759880,272.2,272.2,272.2,272.2,0.00,0.0,0
1790759940,272.24,272.24,272.24,272.24,272.24,0.117656,1
1790760000,272.18,272.18,272.18,272.18,272.18,2.58301404,1
1790760060,272.18,272.18,272.18,272.18,0.00,0.0,0
1790760120,272.18,272.18,272.18,272.18,0.00,0.0,0
1790760180,272.18,272.18,272.18,272.18,0.00,0.0,0
1790760240,272.18,272.18,272.18,272.18,0.00,0.0,0
1790760300,272.99,272.99,272.71,272.71,272.97,0.2786917,2
1790760360,272.71,272.71,272.71,272.71,0.00,0.0,0
1790760420,272.71,272.71,272.71,272.71,0.00,0.0,0
1790760480,272.71,272.71,272.71,272.71,0.00,0.0,0
1790760540,272.4,272.4,272.4,272.4,272.40,0.571581,1
1790760600,272.71,272.71,272.39,272.39,272.70,2.06311262,2
1790760660,272.39,272.39,272.39,272.39,0.00,0.0,0
1790760720,273.84,273.9,273.84,273.9,273.89,5.175364,4
1790760780,273.65,273.65,273.65,273.65,273.65,0.646394,1
1790760840,273.65,273.65,273.65,273.65,0.00,0.0,0
1790760900,273.31,273.31,272.93,272.93,273.25,0.816439,5
1790760960,273.15,273.15,272.9,272.91,273.02,0.669118,4
1790761020,272.91,272.91,272.91,272.91,0.00,0.0,0
1790761080,272.91,272.91,272.91,272.91,0.00,0.0,0
1790761140,272.91,272.91,272.91,272.91,0.00,0.0,0
1790761200,272.6,272.6,272.52,272.52,272.59,0.35130878,3
1790761260,272.54,272.54,272.51,272.52,272.53,0.35388826,3
1790761320,272.52,272.52,272.52,272.52,0.00,0.0,0
1790761380,272.52,272.52,272.52,272.52,0.00,0.0,0
1790761440,272.52,272.52,272.52,272.52,0.00,0.0,0
1790761500,272.69,272.69,272.69,272.69,272.69,0.13051373,1
1790761560,272.69,272.69,272.69,272.69,0.00,0.0,0
1790761620,272.69,272.69,272.69,272.69,0.00,0.0,0
1790761680,273.04,273.19,273.04,273.19,273.18,8.74172399,2
1790761740,273.19,273.19,273.19,273.19,0.00,0.0,0
1790761800,273.19,273.19,273.19,273.19,0.00,0.0,0
1790761860,273.08,273.08,273.08,273.08,273.08,0.286439,1
1790761920,273.08,273.08,273.08,273.08,0.00,0.0,0
1790761980,272.78,272.78,272.78,272.78,272.78,0.164684,1
1790762040,272.78,272.78,272.78,272.78,0.00,0.0,0
1790762100,272.78,272.78,272.78,272.78,0.00,0.0,0
1790762160,272.83,272.83,272.77,272.77,272.80,0.204896,3
1790762220,272.79,272.79,272.77,272.77,272.78,0.371165,3
1790762280,272.77,272.77,272.77,272.77,0.00,0.0,0
1790762340,272.77,272.77,272.77,272.77,0.00,0.0,0
1790762400,272.65,273.0,272.65,273.0,272.94,0.659083,2
1790762460,273.0,273.0,273.0,273.0,0.00,0.0,0
1790762520,273.07,273.07,273.07,273.07,273.07,0.0378461,1
1790762580,273.07,273.07,273.07,273.07,0.00,0.0,0
1790762640,272.84,273.01,272.83,273.01,272.93,1.26211463,8
1790762700,273.33,273.33,273.33,273.33,273.33,0.62,2
1790762760,273.33,273.33,273.33,273.33,0.00,0.0,0
1790762820,273.36,273.36,273.34,273.34,273.35,7.08128291,4
1790762880,273.34,273.34,273.34,273.34,273.34,0.395531,2
1790762940,273.34,273.34,273.34,273.34,0.00,0.0,0
1790727840,271.51,271.51,271.51,271.51,0.00,0.0,0
1790727900,271.51,271.51,271.51,271.51,0.00,0.0,0
1790727960,271.51,271.51,271.51,271.51,0.00,0.0,0
1790728020,271.24,271.26,271.24,271.26,271.25,0.19512195,2
1790728080,271.26,271.26,271.26,271.26,0.00,0.0,0
1790728140,271.26,271.26,271.26,271.26,0.00,0.0,0
1790728200,271.26,271.26,271.26,271.26,0.00,0.0,0
1790728260,271.26,271.26,271.26,271.26,0.00,0.0,0
1790728320,271.26,271.26,271.26,271.26,0.00,0.0,0
1790728380,271.26,271.26,271.26,271.26,0.00,0.0,0
1790728440,271.26,271.26,271.26,271.26,0.00,0.0,0
1790728500,271.26,271.26,271.26,271.26,0.00,0.0,0
1790728560,271.26,271.26,271.26,271.26,0.00,0.0,0
1790728620,271.26,271.26,271.26,271.26,0.00,0.0,0
1790728680,271.26,271.26,271.26,271.26,0.00,0.0,0
1790728740,271.26,271.26,271.26,271.26,0.00,0.0,0
1790728800,271.26,271.26,271.26,271.26,0.00,0.0,0
1790728860,271.26,271.26,271.26,271.26,0.00,0.0,0
1790728920,271.26,271.26,271.26,271.26,0.00,0.0,0
1790728980,271.26,271.26,271.26,271.26,0.00,0.0,0
1790729040,271.26,271.26,271.26,271.26,0.00,0.0,0
1790729100,271.26,271.26,271.26,271.26,0.00,0.0,0
1790729160,271.26,271.26,271.26,271.26,0.00,0.0,0
1790729220,271.26,271.26,271.26,271.26,0.00,0.0,0
1790729280,271.26,271.26,271.26,271.26,0.00,0.0,0
1790729340,271.26,271.26,271.26,271.26,0.00,0.0,0
1790729400,271.26,271.26,271.26,271.26,0.00,0.0,0
1790729460,271.26,271.26,271.26,271.26,0.00,0.0,0
1790729520,271.26,271.26,271.26,271.26,0.00,0.0,0
1790729580,271.26,271.26,271.26,271.26,0.00,0.0,0
1790729640,271.26,271.26,271.26,271.26,0.00,0.0,0
1790729700,271.26,271.26,271.26,271.26,0.00,0.0,0
1790729760,271.26,271.26,271.26,271.26,0.00,0.0,0
1790729820,271.26,271.26,271.26,271.26,0.00,0.0,0
1790729880,271.26,271.26,271.26,271.26,0.00,0.0,0
1790729940,271.26,271.26,271.26,271.26,0.00,0.0,0
1790730000,271.26,271.26,271.26,271.26,0.00,0.0,0
1790730060,271.26,271.26,271.26,271.26,0.00,0.0,0
1790730120,271.26,271.26,271.26,271.26,0.00,0.0,0
1790730180,271.26,271.26,271.26,271.26,0.00,0.0,0
1790730240,271.26,271.26,271.26,271.26,0.00,0.0,0
1790730300,271.26,271.26,271.26,271.26,0.00,0.0,0
1790730360,271.26,271.26,271.26,271.26,0.00,0.0,0
1790730420,271.26,271.26,271.26,271.26,0.00,0.0,0
1790730480,271.26,271.26,271.26,271.26,0.00,0.0,0
1790730540,271.26,271.26,271.26,271.26,0.00,0.0,0
1790730600,271.26,271.26,271.26,271.26,0.00,0.0,0
1790730660,271.26,271.26,271.26,271.26,0.00,0.0,0
1790730720,271.26,271.26,271.26,271.26,0.00,0.0,0
1790730780,271.26,271.26,271.26,271.26,0.00,0.0,0
1790730840,271.26,271.26,271.26,271.26,0.00,0.0,0
1790730900,271.26,271.26,271.26,271.26,0.00,0.0,0
1790730960,271.26,271.26,271.26,271.26,0.00,0.0,0
1790731020,271.26,271.26,271.26,271.26,0.00,0.0,0
1790731080,271.26,271.26,271.26,271.26,0.00,0.0,0
1790731140,271.26,271.26,271.26,271.26,0.00,0.0,0
1790731200,271.26,271.26,271.26,271.26,0.00,0.0,0
1790731260,271.26,271.26,271.26,271.26,0.00,0.0,0
1790731320,271.26,271.26,271.26,271.26,0.00,0.0,0
1790731380,271.26,271.26,271.26,271.26,0.00,0.0,0
1790731440,271.26,271.26,271.26,271.26,0.00,0.0,0
1790731500,271.26,271.26,271.26,271.26,0.00,0.0,0
1790731560,271.26,271.26,271.26,271.26,0.00,0.0,0
1790731620,271.26,271.26,271.26,271.26,0.00,0.0,0
1790731680,271.26,271.26,271.26,271.26,0.00,0.0,0
1790731740,271.26,271.26,271.26,271.26,0.00,0.0,0
1790731800,271.51,271.88,271.51,271.88,271.70,2.933296,4
1790731860,271.4,271.4,271.4,271.4,271.40,1.6,1
1790731920,271.4,271.4,271.4,271.4,0.00,0.0,0
1790731980,271.4,271.4,271.4,271.4,0.00,0.0,0
1790732040,271.4,271.4,271.4,271.4,0.00,0.0,0
1790732100,271.4,271.4,271.4,271.4,0.00,0.0,0
1790732160,271.4,271.4,271.4,271.4,0.00,0.0,0
1790732220,271.24,271.24,271.24,271.24,271.24,1.56870102,1
1790732280,271.24,271.24,271.24,271.24,0.00,0.0,0
1790732340,271.24,271.24,271.24,271.24,0.00,0.0,0
1790732400,271.38,271.41,271.38,271.41,271.39,0.02,2
1790732460,271.3,271.3,271.3,271.3,271.30,0.01,1
1790732520,271.46,271.46,271.46,271.46,271.46,0.01,1
1790732580,271.46,271.46,271.46,271.46,0.00,0.0,0
1790732640,271.46,271.46,271.46,271.46,0.00,0.0,0
1790732700,271.46,271.46,271.46,271.46,0.00,0.0,0
1790732760,271.46,271.46,271.46,271.46,0.00,0.0,0
1790732820,271.46,271.46,271.46,271.46,0.00,0.0,0
1790732880,271.65,271.65,271.55,271.55,271.62,0.04,4
1790732940,271.74,271.74,271.74,271.74,271.74,0.01,1
1790733000,271.74,271.74,271.74,271.74,0.00,0.0,0
1790733060,271.87,271.87,271.87,271.87,271.87,0.01,1
1790733120,271.87,271.87,271.87,271.87,0.00,0.0,0
1790733180,271.87,271.87,271.87,271.87,0.00,0.0,0
1790733240,271.87,271.87,271.87,271.87,0.00,0.0,0
1790733300,271.87,271.87,271.87,271.87,0.00,0.0,0
1790733360,271.87,271.87,271.87,271.87,0.00,0.0,0
1790733420,271.87,271.87,271.87,271.87,0.00,0.0,0
1790733480,271.87,271.87,271.87,271.87,0.00,0.0,0
1790733540,271.87,271.87,271.87,271.87,0.00,0.0,0
1790733600,271.87,271.87,271.87,271.87,0.00,0.0,0
1790733660,271.87,271.87,271.87,271.87,0.00,0.0,0
1790733720,271.68,271.68,271.68,271.68,271.68,0.01,1
1790733780,271.41,271.57,271.41,271.57,271.41,0.2771,2
1790733840,271.57,271.57,271.57,271.57,0.00,0.0,0
1790733900,271.84,271.84,271.84,271.84,271.84,0.04,4
1790733960,271.84,271.84,271.84,271.84,0.00,0.0,0
1790734020,271.84,271.84,271.84,271.84,0.00,0.0,0
1790734080,271.84,271.84,271.84,271.84,0.00,0.0,0
1790734140,271.84,271.84,271.84,271.84,0.00,0.0,0
1790734200,271.84,271.84,271.84,271.84,0.00,0.0,0
1790734260,271.84,271.84,271.84,271.84,0.00,0.0,0
1790734320,271.84,271.84,271.84,271.84,0.00,0.0,0
1790734380,271.84,271.84,271.84,271.84,0.00,0.0,0
1790734440,271.84,271.84,271.84,271.84,0.00,0.0,0
1790734500,271.84,271.84,271.84,271.84,0.00,0.0,0
1790734560,271.84,271.84,271.84,271.84,0.00,0.0,0
1790734620,271.84,271.84,271.84,271.84,0.00,0.0,0
1790734680,271.84,271.84,271.84,271.84,0.00,0.0,0
1790734740,271.84,271.84,271.84,271.84,0.00,0.0,0
1790734800,271.84,271.84,271.84,271.84,0.00,0.0,0
1790734860,271.84,271.84,271.84,271.84,0.00,0.0,0
1790734920,271.84,271.84,271.84,271.84,0.00,0.0,0
1790734980,271.27,271.27,271.27,271.27,271.27,1.5477871,1
1790735040,271.27,271.27,271.27,271.27,0.00,0.0,0
1790735100,271.27,271.27,271.27,271.27,0.00,0.0,0
1790735160,271.27,271.27,271.27,271.27,0.00,0.0,0
1790735220,270.54,270.54,270.54,270.54,270.54,3.77008752,2
1790735280,270.54,270.54,270.54,270.54,0.00,0.0,0
1790735340,270.36,270.36,270.35,270.35,270.35,1.8533356,2
1790735400,270.3,270.3,270.3,270.3,270.30,4.8,3
1790735460,270.3,270.3,270.3,270.3,0.00,0.0,0
1790735520,270.3,270.3,270.3,270.3,0.00,0.0,0
1790735580,270.3,270.3,270.3,270.3,0.00,0.0,0
1790735640,270.3,270.3,270.3,270.3,0.00,0.0,0
1790735700,270.3,270.3,270.3,270.3,0.00,0.0,0
1790735760,270.3,270.3,270.3,270.3,0.00,0.0,0
1790735820,270.3,270.3,270.3,270.3,0.00,0.0,0
1790735880,270.3,270.3,270.3,270.3,0.00,0.0,0
1790735940,270.3,270.3,270.3,270.3,0.00,0.0,0
1790736000,270.3,270.3,270.3,270.3,0.00,0.0,0
1790736060,270.3,270.3,270.3,270.3,0.00,0.0,0
1790736120,270.3,270.3,270.3,270.3,0.00,0.0,0
1790736180,270.3,270.3,270.3,270.3,0.00,0.0,0
1790736240,270.83,270.83,270.83,270.83,270.83,1.62436774,1
1790736300,270.83,270.83,270.83,270.83,0.00,0.0,0
1790736360,270.83,270.83,270.83,270.83,0.00,0.0,0
1790736420,270.83,270.83,270.83,270.83,0.00,0.0,0
1790736480,270.83,270.83,270.83,270.83,0.00,0.0,0
1790736540,270.83,270.83,270.83,270.83,0.00,0.0,0
1790736600,270.83,270.83,270.83,270.83,0.00,0.0,0
1790736660,270.83,270.83,270.83,270.83,0.00,0.0,0
1790736720,271.22,271.22,271.22,271.22,271.22,2.5784,3
1790736780,271.22,271.22,271.22,271.22,0.00,0.0,0
1790736840,271.22,271.22,271.22,271.22,0.00,0.0,0
1790736900,271.22,271.22,271.22,271.22,0.00,0.0,0
1790736960,271.22,271.22,271.22,271.22,0.00,0.0,0
1790737020,271.22,271.22,271.22,271.22,0.00,0.0,0
1790737080,271.22,271.22,271.22,271.22,0.00,0.0,0
1790737140,271.22,271.22,271.22,271.22,0.00,0.0,0
1790737200,271.22,271.22,271.22,271.22,0.00,0.0,0
1790737260,271.22,271.22,271.22,271.22,0.00,0.0,0
1790737320,271.22,271.22,271.22,271.22,0.00,0.0,0
1790737380,271.22,271.22,271.22,271.22,0.00,0.0,0
1790737440,271.22,271.22,271.22,271.22,0.00,0.0,0
1790737500,271.22,271.22,271.22,271.22,0.00,0.0,0
1790737560,271.22,271.22,271.22,271.22,0.00,0.0,0
1790737620,270.51,270.51,270.5,270.5,270.50,4.94160815,2
1790737680,270.37,270.38,270.37,270.38,270.37,3.77008752,2
1790737740,270.38,270.38,270.38,270.38,0.00,0.0,0
1790737800,270.33,270.33,270.23,270.27,270.24,4.88717282,7
1790737860,270.38,270.41,270.38,270.41,270.40,6.66337748,3
1790737920,270.41,270.41,270.41,270.41,0.00,0.0,0
1790737980,270.41,270.41,270.41,270.41,0.00,0.0,0
1790738040,270.41,270.41,270.41,270.41,0.00,0.0,0
1790738100,270.41,270.41,270.41,270.41,0.00,0.0,0
1790738160,269.55,269.55,269.55,269.55,269.55,3.23434674,1
1790738220,269.59,269.6,269.59,269.6,269.59,6.17530346,4
1790738280,269.6,269.6,269.6,269.6,0.00,0.0,0
1790738340,269.6,269.6,269.6,269.6,0.00,0.0,0
1790738400,269.6,269.6,269.6,269.6,0.00,0.0,0
1790738460,269.6,269.6,269.6,269.6,0.00,0.0,0
1790738520,269.72,269.72,269.72,269.72,269.72,0.0102,1
1790738580,269.72,269.72,269.72,269.72,0.00,0.0,0
1790738640,269.72,269.72,269.72,269.72,0.00,0.0,0
1790738700,269.72,269.72,269.72,269.72,0.00,0.0,0
1790738760,269.72,269.72,269.72,269.72,0.00,0.0,0
1790738820,269.72,269.72,269.72,269.72,0.00,0.0,0
1790738880,269.72,269.72,269.72,269.72,0.00,0.0,0
1790738940,269.72,269.72,269.72,269.72,0.00,0.0,0
1790739000,269.72,269.72,269.72,269.72,0.00,0.0,0
1790739060,269.72,269.72,269.72,269.72,0.00,0.0,0
1790739120,269.72,269.72,269.72,269.72,0.00,0.0,0
1790739180,269.72,269.72,269.72,269.72,0.00,0.0,0
1790739240,269.72,269.72,269.72,269.72,0.00,0.0,0
1790739300,269.72,269.72,269.72,269.72,0.00,0.0,0
1790739360,269.72,269.72,269.72,269.72,0.00,0.0,0
1790739420,269.72,269.72,269.72,269.72,0.00,0.0,0
1790739480,269.9,269.9,269.9,269.9,269.90,1.59430445,1
1790739540,269.9,269.9,269.9,269.9,0.00,0.0,0
1790739600,269.9,269.9,269.9,269.9,0.00,0.0,0
1790739660,269.9,269.9,269.9,269.9,0.00,0.0,0
1790739720,269.9,269.9,269.9,269.9,0.00,0.0,0
1790739780,269.9,269.9,269.9,269.9,0.00,0.0,0
1790739840,269.9,269.9,269.9,269.9,0.00,0.0,0
1790739900,269.9,269.9,269.9,269.9,0.00,0.0,0
1790739960,269.9,269.9,269.9,269.9,0.00,0.0,0
1790740020,269.9,269.9,269.9,269.9,0.00,0.0,0
1790740080,269.9,269.9,269.9,269.9,0.00,0.0,0
1790740140,269.9,269.9,269.9,269.9,0.00,0.0,0
1790740200,269.9,269.9,269.9,269.9,0.00,0.0,0
1790740260,269.9,269.9,269.9,269.9,0.00,0.0,0
1790740320,269.9,269.9,269.9,269.9,0.00,0.0,0
1790740380,269.9,269.9,269.9,269.9,0.00,0.0,0
1790740440,269.9,269.9,269.9,269.9,0.00,0.0,0
1790740500,269.9,269.9,269.9,269.9,0.00,0.0,0
1790740560,269.9,269.9,269.9,269.9,0.00,0.0,0
1790740620,269.9,269.9,269.9,269.9,0.00,0.0,0
1790740680,269.9,269.9,269.9,269.9,0.00,0.0,0
1790740740,269.9,269.9,269.9,269.9,0.00,0.0,0
1790740800,269.9,269.9,269.9,269.9,0.00,0.0,0
1790740860,269.9,269.9,269.9,269.9,0.00,0.0,0
1790740920,269.9,269.9,269.9,269.9,0.00,0.0,0
1790740980,269.9,269.9,269.9,269.9,0.00,0.0,0
1790741040,269.9,269.9,269.9,269.9,0.00,0.0,0
1790741100,269.9,269.9,269.9,269.9,0.00,0.0,0
1790741160,269.9,269.9,269.9,269.9,0.00,0.0,0
1790741220,269.9,269.9,269.9,269.9,0.00,0.0,0
1790741280,269.9,269.9,269.9,269.9,0.00,0.0,0
1790741340,269.9,269.9,269.9,269.9,0.00,0.0,0
1790741400,269.9,269.9,269.9,269.9,0.00,0.0,0
1790741460,269.9,269.9,269.9,269.9,0.00,0.0,0
1790741520,269.9,269.9,269.9,269.9,0.00,0.0,0
1790741580,269.9,269.9,269.9,269.9,0.00,0.0,0
1790741640,269.9,269.9,269.9,269.9,0.00,0.0,0
1790741700,269.9,269.9,269.9,269.9,0.00,0.0,0
1790741760,269.9,269.9,269.9,269.9,0.00,0.0,0
1790741820,269.9,269.9,269.9,269.9,0.00,0.0,0
1790741880,269.9,269.9,269.9,269.9,0.00,0.0,0
1790741940,270.71,270.71,270.71,270.71,270.71,1.7171749,1
1790742000,270.71,270.71,270.71,270.71,0.00,0.0,0
1790742060,270.71,270.71,270.71,270.71,0.00,0.0,0
1790742120,270.71,270.71,270.71,270.71,0.00,0.0,0
1790742180,270.71,270.71,270.71,270.71,0.00,0.0,0
1790742240,270.25,270.25,270.25,270.25,270.25,7.29416095,1
1790742300,270.46,270.47,270.46,270.47,270.46,2.66001262,2
1790742360,270.47,270.47,270.47,270.47,0.00,0.0,0
1790742420,270.47,270.47,270.47,270.47,0.00,0.0,0
1790742480,270.47,270.47,270.47,270.47,0.00,0.0,0
1790742540,270.47,270.47,270.47,270.47,0.00,0.0,0
1790742600,270.47,270.47,270.47,270.47,0.00,0.0,0
1790742660,270.47,270.47,270.47,270.47,0.00,0.0,0
1790742720,270.47,270.47,270.47,270.47,0.00,0.0,0
1790742780,270.47,270.47,270.47,270.47,0.00,0.0,0
1790742840,270.47,270.47,270.47,270.47,0.00,0.0,0
1790742900,270.34,270.37,270.34,270.37,270.36,0.81484566,3
1790742960,270.49,270.53,270.49,270.53,270.49,8.58649193,2
1790743020,270.53,270.53,270.53,270.53,0.00,0.0,0
1790743080,270.53,270.53,270.53,270.53,0.00,0.0,0
1790743140,270.53,270.53,270.53,270.53,0.00,0.0,0
1790743200,270.53,270.53,270.53,270.53,0.00,0.0,0
1790743260,270.53,270.53,270.53,270.53,0.00,0.0,0
1790743320,270.53,270.53,270.53,270.53,0.00,0.0,0
1790743380,270.53,270.53,270.53,270.53,0.00,0.0,0
1790743440,270.53,270.53,270.53,270.53,0.00,0.0,0
1790743500,270.53,270.53,270.53,270.53,0.00,0.0,0
1790743560,270.53,270.53,270.53,270.53,0.00,0.0,0
1790743620,270.53,270.53,270.53,270.53,0.00,0.0,0
1790743680,270.53,270.53,270.53,270.53,0.00,0.0,0
1790743740,270.53,270.53,270.53,270.53,0.00,0.0,0
1790743800,270.53,270.53,270.53,270.53,0.00,0.0,0
1790743860,270.53,270.53,270.53,270.53,0.00,0.0,0
1790743920,270.53,270.53,270.53,270.53,0.00,0.0,0
1790743980,270.53,270.53,270.53,270.53,0.00,0.0,0
1790744040,270.53,270.53,270.53,270.53,0.00,0.0,0
1790744100,270.53,270.53,270.53,270.53,0.00,0.0,0
1790744160,270.53,270.53,270.53,270.53,0.00,0.0,0
1790744220,270.53,270.53,270.53,270.53,0.00,0.0,0
1790744280,270.53,270.53,270.53,270.53,0.00,0.0,0
1790744340,270.53,270.53,270.53,270.53,0.00,0.0,0
1790744400,270.53,270.53,270.53,270.53,0.00,0.0,0
1790744460,270.53,270.53,270.53,270.53,0.00,0.0,0
1790744520,270.53,270.53,270.53,270.53,0.00,0.0,0
1790744580,270.53,270.53,270.53,270.53,0.00,0.0,0
1790744640,270.53,270.53,270.53,270.53,0.00,0.0,0
1790744700,270.53,270.53,270.53,270.53,0.00,0.0,0
1790744760,270.53,270.53,270.53,270.53,0.00,0.0,0
1790744820,270.53,270.53,270.53,270.53,0.00,0.0,0
1790744880,270.53,270.53,270.53,270.53,0.00,0.0,0
1790744940,270.53,270.53,270.53,270.53,0.00,0.0,0
1790745000,270.77,270.77,270.69,270.69,270.72,9.84557872,5
1790745060,270.69,270.69,270.69,270.69,0.00,0.0,0
1790745120,270.69,270.69,270.69,270.69,0.00,0.0,0
1790745180,270.69,270.69,270.69,270.69,0.00,0.0,0
1790745240,270.69,270.69,270.69,270.69,0.00,0.0,0
1790745300,270.69,270.69,270.69,270.69,0.00,0.0,0
1790745360,270.69,270.69,270.69,270.69,0.00,0.0,0
1790745420,270.39,270.39,270.39,270.39,270.39,0.01,1
1790745480,270.38,270.54,270.38,270.54,270.51,1.9539714,2
1790745540,270.54,270.54,270.54,270.54,0.00,0.0,0
1790745600,270.54,270.54,270.54,270.54,0.00,0.0,0
1790745660,270.54,270.54,270.54,270.54,0.00,0.0,0
1790745720,270.54,270.54,270.54,270.54,0.00,0.0,0
1790745780,270.54,270.54,270.54,270.54,0.00,0.0,0
1790745840,270.54,270.54,270.54,270.54,0.00,0.0,0
1790745900,270.77,270.77,270.77,270.77,270.77,1.57791004,2
1790745960,270.77,270.77,270.77,270.77,0.00,0.0,0
1790746020,270.84,270.84,270.84,270.84,270.84,1.55687334,4
1790746080,270.84,270.84,270.84,270.84,0.00,0.0,0
1790746140,270.84,270.84,270.84,270.84,0.00,0.0,0
1790746200,270.84,270.84,270.84,270.84,0.00,0.0,0
1790746260,270.84,270.84,270.84,270.84,0.00,0.0,0
1790746320,270.84,270.84,270.84,270.84,0.00,0.0,0
1790746380,271.64,271.64,271.64,271.64,271.64,1.53611711,1
1790746440,271.64,271.64,271.64,271.64,0.00,0.0,0
1790746500,271.63,271.69,271.63,271.69,271.64,3.267755,8
1790746560,271.57,271.57,271.57,271.57,271.57,1.51563759,1
1790746620,271.57,271.57,271.57,271.57,0.00,0.0,0
1790746680,271.57,271.57,271.57,271.57,0.00,0.0,0
1790746740,271.57,271.57,271.57,271.57,0.00,0.0,0
1790746800,271.57,271.57,271.57,271.57,0.00,0.0,0
1790746860,271.57,271.57,271.57,271.57,0.00,0.0,0
1790746920,271.72,271.73,271.72,271.73,271.72,0.51396828,2
1790746980,271.73,271.73,271.73,271.73,0.00,0.0,0
1790747040,271.73,271.73,271.73,271.73,0.00,0.0,0
1790747100,271.73,271.73,271.73,271.73,0.00,0.0,0
1790747160,271.73,271.73,271.73,271.73,0.00,0.0,0
1790747220,271.73,271.73,271.73,271.73,0.00,0.0,0
1790747280,271.73,271.73,271.73,271.73,0.00,0.0,0
1790747340,271.73,271.73,271.73,271.73,0.00,0.0,0
1790747400,272.07,272.1,272.07,272.1,272.09,0.23913155,2
1790747460,272.1,272.1,272.1,272.1,0.00,0.0,0
1790747520,271.76,271.76,271.76,271.76,271.76,0.0102,1
1790747580,271.76,271.76,271.76,271.76,0.00,0.0,0
1790747640,271.76,271.76,271.76,271.76,0.00,0.0,0
1790747700,271.76,271.76,271.76,271.76,0.00,0.0,0
1790747760,271.76,271.76,271.76,271.76,0.00,0.0,0
1790747820,271.76,271.76,271.76,271.76,0.00,0.0,0
1790747880,271.76,271.76,271.76,271.76,0.00,0.0,0
1790747940,271.62,271.62,271.62,271.62,271.62,1.49543111,1
1790748000,271.62,271.62,271.62,271.62,0.00,0.0,0
1790748060,271.72,271.72,271.72,271.72,271.72,1.47549403,1
1790748120,271.36,271.36,271.36,271.36,271.36,1.45582274,1
1790748180,271.36,271.36,271.36,271.36,0.00,0.0,0
1790748240,271.21,271.21,271.21,271.21,271.21,0.25447351,1
1790748300,271.21,271.21,271.21,271.21,0.00,0.0,0
1790748360,271.28,271.28,271.28,271.28,271.28,1.43641371,1
1790748420,271.28,271.28,271.28,271.28,0.00,0.0,0
1790748480,270.68,270.68,270.41,270.41,270.60,47.1258553,10
1790748540,270.52,270.57,270.51,270.56,270.54,3.10697686,6
1790748600,270.3,270.31,270.3,270.31,270.30,4.74805311,3
1790748660,270.1,270.1,270.0,270.0,270.00,2.11,4
1790748720,270.0,270.0,270.0,270.0,0.00,0.0,0
1790748780,270.0,270.0,270.0,270.0,0.00,0.0,0
1790748840,270.0,270.0,270.0,270.0,0.00,0.0,0
1790748900,270.0,270.0,270.0,270.0,0.00,0.0,0
1790748960,269.4,269.4,269.22,269.22,269.35,7.63938842,4
1790749020,269.22,269.22,269.22,269.22,0.00,0.0,0
1790749080,269.22,269.22,269.22,269.22,0.00,0.0,0
1790749140,269.22,269.22,269.22,269.22,0.00,0.0,0
1790749200,269.22,269.22,269.22,269.22,0.00,0.0,0
1790749260,269.22,269.22,269.22,269.22,0.00,0.0,0
1790749320,269.22,269.22,269.22,269.22,0.00,0.0,0
1790749380,269.22,269.22,269.22,269.22,0.00,0.0,0
1790749440,269.22,269.22,269.22,269.22,0.00,0.0,0
1790749500,268.6,268.6,268.6,268.6,268.60,1.6,1
1790749560,268.6,268.6,268.6,268.6,0.00,0.0,0
1790749620,268.6,268.6,268.6,268.6,0.00,0.0,0
1790749680,268.6,268.6,268.6,268.6,0.00,0.0,0
1790749740,268.6,268.6,268.6,268.6,0.00,0.0,0
1790749800,268.6,268.6,268.6,268.6,0.00,0.0,0
1790749860,268.95,268.95,268.95,268.95,268.95,0.02363609,1
1790749920,268.95,268.95,268.95,268.95,0.00,0.0,0
1790749980,268.95,268.95,268.95,268.95,0.00,0.0,0
1790750040,268.95,268.95,268.95,268.95,0.00,0.0,0
1790750100,268.95,268.95,268.95,268.95,0.00,0.0,0
1790750160,268.95,268.95,268.95,268.95,0.00,0.0,0
1790750220,268.95,268.95,268.95,268.95,0.00,0.0,0
1790750280,268.95,268.95,268.95,268.95,0.00,0.0,0
1790750340,268.95,268.95,268.95,268.95,0.00,0.0,0
1790750400,268.95,268.95,268.95,268.95,0.00,0.0,0
1790750460,268.95,268.95,268.95,268.95,0.00,0.0,0
1790750520,268.95,268.95,268.95,268.95,0.00,0.0,0
1790750580,269.52,269.52,269.52,269.52,269.52,0.0102,1
1790750640,269.52,269.52,269.52,269.52,0.00,0.0,0
1790750700,269.52,269.52,269.52,269.52,0.00,0.0,0
1790750760,269.29,269.29,269.29,269.29,269.29,2.34511594,1
1790750820,269.29,269.29,269.29,269.29,0.00,0.0,0
1790750880,269.29,269.29,269.29,269.29,0.00,0.0,0
1790750940,269.29,269.29,269.29,269.29,0.00,0.0,0
1790751000,269.29,269.29,269.29,269.29,0.00,0.0,0
1790751060,269.29,269.29,269.29,269.29,0.00,0.0,0
1790751120,269.29,269.29,269.29,269.29,0.00,0.0,0
1790751180,269.29,269.29,269.29,269.29,0.00,0.0,0
1790751240,269.29,269.29,269.29,269.29,0.00,0.0,0
1790751300,269.79,269.79,269.79,269.79,269.79,0.0102,1
1790751360,269.79,269.79,269.79,269.79,0.00,0.0,0
1790751420,269.79,269.79,269.79,269.79,0.00,0.0,0
1790751480,269.8,269.8,269.8,269.8,269.80,0.14392142,1
1790751540,269.8,269.8,269.8,269.8,0.00,0.0,0
1790751600,269.8,269.8,269.8,269.8,0.00,0.0,0
1790751660,269.8,269.8,269.8,269.8,0.00,0.0,0
1790751720,269.8,269.8,269.8,269.8,0.00,0.0,0
1790751780,269.8,269.8,269.8,269.8,0.00,0.0,0
1790751840,269.8,269.8,269.8,269.8,0.00,0.0,0
1790751900,269.8,269.8,269.8,269.8,0.00,0.0,0
1790751960,269.8,269.8,269.8,269.8,0.00,0.0,0
1790752020,269.8,269.8,269.8,269.8,0.00,0.0,0
1790752080,269.8,269.8,269.8,269.8,0.00,0.0,0
1790752140,269.8,269.8,269.8,269.8,0.00,0.0,0
1790752200,269.8,269.8,269.8,269.8,0.00,0.0,0
1790752260,269.8,269.8,269.8,269.8,0.00,0.0,0
1790752320,269.8,269.8,269.8,269.8,0.00,0.0,0
1790752380,269.8,269.8,269.8,269.8,0.00,0.0,0
1790752440,269.8,269.8,269.8,269.8,0.00,0.0,0
1790752500,269.8,269.8,269.8,269.8,0.00,0.0,0
1790752560,269.8,269.8,269.8,269.8,0.00,0.0,0
1790752620,269.8,269.8,269.8,269.8,0.00,0.0,0
1790752680,269.8,269.8,269.8,269.8,0.00,0.0,0
1790752740,269.8,269.8,269.8,269.8,0.00,0.0,0
1790752800,269.8,269.8,269.8,269.8,0.00,0.0,0
1790752860,269.8,269.8,269.8,269.8,0.00,0.0,0
1790752920,269.8,269.8,269.8,269.8,0.00,0.0,0
1790752980,269.8,269.8,269.8,269.8,0.00,0.0,0
1790753040,269.8,269.8,269.8,269.8,0.00,0.0,0
1790753100,269.8,269.8,269.8,269.8,0.00,0.0,0
1790753160,269.8,269.8,269.8,269.8,0.00,0.0,0
1790753220,271.23,271.23,271.0,271.0,271.04,3.97663041,4
1790753280,271.0,271.0,271.0,271.0,0.00,0.0,0
1790753340,271.0,271.0,271.0,271.0,0.00,0.0,0
1790753400,271.0,271.0,271.0,271.0,0.00,0.0,0
1790753460,271.0,271.0,271.0,271.0,0.00,0.0,0
1790753520,271.0,271.0,271.0,271.0,0.00,0.0,0
1790753580,271.0,271.0,271.0,271.0,0.00,0.0,0
1790753640,271.0,271.0,271.0,271.0,0.00,0.0,0
1790753700,271.0,271.0,271.0,271.0,0.00,0.0,0
1790753760,271.0,271.0,271.0,271.0,0.00,0.0,0
1790753820,271.0,271.0,271.0,271.0,0.00,0.0,0
1790753880,271.0,271.0,271.0,271.0,0.00,0.0,0
1790753940,271.0,271.0,271.0,271.0,0.00,0.0,0
1790754000,271.0,271.0,271.0,271.0,0.00,0.0,0
1790754060,271.0,271.0,271.0,271.0,0.00,0.0,0
1790754120,271.48,271.48,271.41,271.41,271.41,1.401769,2
1790754180,271.41,271.41,271.41,271.41,0.00,0.0,0
1790754240,271.41,271.41,271.41,271.41,0.00,0.0,0
1790754300,271.41,271.41,271.41,271.41,0.00,0.0,0
1790754360,271.41,271.41,271.41,271.41,0.00,0.0,0
1790754420,271.41,271.41,271.41,271.41,0.00,0.0,0
1790754480,271.41,271.41,271.41,271.41,0.00,0.0,0
1790754540,271.41,271.41,271.41,271.41,0.00,0.0,0
1790754600,271.41,271.41,271.41,271.41,0.00,0.0,0
1790754660,272.08,272.08,272.08,272.08,272.08,0.3562,1
1790754720,272.08,272.08,272.08,272.08,0.00,0.0,0
1790754780,272.08,272.08,272.08,272.08,0.00,0.0,0
1790754840,271.76,271.76,271.75,271.75,271.75,0.14709649,2
1790754900,271.75,271.75,271.75,271.75,0.00,0.0,0
1790754960,271.75,271.75,271.75,271.75,0.00,0.0,0
1790755020,271.75,271.75,271.75,271.75,0.00,0.0,0
1790755080,271.75,271.75,271.75,271.75,0.00,0.0,0
1790755140,271.38,271.4,271.38,271.4,271.39,0.663562,2
1790755200,271.31,271.31,271.31,271.31,271.31,0.974587,1
1790755260,271.31,271.31,271.31,271.31,0.00,0.0,0
1790755320,271.31,271.31,271.31,271.31,0.00,0.0,0
1790755380,271.31,271.31,271.31,271.31,0.00,0.0,0
1790755440,270.99,271.0,270.99,271.0,270.99,0.10249459,2
1790755500,271.0,271.0,271.0,271.0,0.00,0.0,0
1790755560,271.0,271.0,271.0,271.0,0.00,0.0,0
1790755620,271.0,271.0,271.0,271.0,0.00,0.0,0
1790755680,271.0,271.0,271.0,271.0,0.00,0.0,0
1790755740,271.0,271.0,271.0,271.0,0.00,0.0,0
1790755800,271.0,271.0,271.0,271.0,0.00,0.0,0
1790755860,271.0,271.0,271.0,271.0,0.00,0.0,0
1790755920,271.0,271.0,271.0,271.0,0.00,0.0,0
1790755980,271.0,271.0,271.0,271.0,0.00,0.0,0
1790756040,271.0,271.0,271.0,271.0,0.00,0.0,0
1790756100,271.0,271.0,271.0,271.0,0.00,0.0,0
1790756160,270.91,271.01,270.91,271.01,270.92,0.47010657,2
1790756220,271.01,271.01,271.01,271.01,0.00,0.0,0
1790756280,270.83,270.83,270.83,270.83,270.83,0.32976,1
1790756340,270.83,270.83,270.83,270.83,0.00,0.0,0
1790756400,270.61,270.82,270.61,270.79,270.79,4.55489331,8
1790756460,271.11,271.22,271.11,271.12,271.21,6.70971148,3
1790756520,271.12,271.12,271.12,271.12,0.00,0.0,0
1790756580,270.87,270.87,270.87,270.87,270.87,0.233374,1
1790756640,270.57,270.57,270.57,270.57,270.57,6.54317748,1
1790756700,270.69,270.69,270.69,270.69,270.69,0.717535,1
1790756760,270.69,270.69,270.69,270.69,0.00,0.0,0
1790756820,270.69,270.69,270.69,270.69,0.00,0.0,0
1790756880,270.69,270.69,270.69,270.69,0.00,0.0,0
1790756940,270.69,270.69,270.69,270.69,0.00,0.0,0
1790757000,270.22,270.22,270.22,270.22,270.22,0.146764,1
1790757060,269.9,270.01,269.9,269.98,269.98,2.480272,3
1790757120,270.77,270.77,270.77,270.77,270.77,0.0102,1
1790757180,270.78,270.78,270.59,270.59,270.74,2.048955,2
1790757240,270.59,270.59,270.59,270.59,0.00,0.0,0
1790757300,270.59,270.59,270.59,270.59,0.00,0.0,0
1790757360,270.59,270.59,270.59,270.59,0.00,0.0,0
1790757420,270.41,270.41,270.41,270.41,270.41,0.331781,1
1790757480,270.48,270.48,270.48,270.48,270.48,0.01,1
1790757540,270.48,270.48,270.48,270.48,0.00,0.0,0
1790757600,271.13,271.13,271.13,271.13,271.13,0.01,1
1790757660,271.13,271.13,271.13,271.13,0.00,0.0,0
1790757720,271.13,271.13,271.13,271.13,0.00,0.0,0
1790757780,271.13,271.13,271.13,271.13,0.00,0.0,0
1790757840,271.13,271.13,271.13,271.13,0.00,0.0,0
1790757900,271.13,271.13,271.13,271.13,0.00,0.0,0
1790757960,271.13,271.13,271.13,271.13,0.00,0.0,0
1790758020,271.13,271.13,271.13,271.13,0.00,0.0,0
1790758080,271.13,271.13,271.13,271.13,0.00,0.0,0
1790758140,271.13,271.13,271.13,271.13,0.00,0.0,0
1790758200,271.13,271.13,271.13,271.13,0.00,0.0,0
1790758260,271.13,271.13,271.13,271.13,0.00,0.0,0
1790758320,271.87,271.87,271.87,271.87,271.87,0.190265,1
1790758380,271.87,271.87,271.87,271.87,0.00,0.0,0
1790758440,271.87,271.87,271.87,271.87,0.00,0.0,0
1790758500,271.87,271.87,271.87,271.87,0.00,0.0,0
1790758560,271.87,271.87,271.87,271.87,0.00,0.0,0
1790758620,271.87,271.87,271.87,271.87,0.00,0.0,0
1790758680,271.87,271.87,271.87,271.87,0.00,0.0,0
1790758740,271.48,271.48,271.47,271.47,271.47,0.02908178,2
1790758800,271.47,271.47,271.47,271.47,0.00,0.0,0
1790758860,271.47,271.47,271.47,271.47,0.00,0.0,0
1790758920,271.82,271.82,271.82,271.82,271.82,0.01454089,1
1790758980,271.82,271.82,271.82,271.82,0.00,0.0,0
1790759040,271.82,271.82,271.82,271.82,0.00,0.0,0
1790759100,271.82,271.82,271.82,271.82,0.00,0.0,0
1790759160,271.82,271.82,271.82,271.82,0.00,0.0,0
1790759220,271.82,271.82,271.82,271.82,0.00,0.0,0
1790759280,272.14,272.14,272.14,272.14,272.14,0.687423,1
1790759340,272.14,272.14,272.14,272.14,0.00,0.0,0
1790759400,272.2,272.2,272.2,272.2,272.20,1.6,1
1790759460,272.2,272.2,272.2,272.2,0.00,0.0,0
1790759520,272.2,272.2,272.2,272.2,0.00,0.0,0
1790759580,272.2,272.2,272.2,272.2,0.00,0.0,0
1790759640,272.2,272.2,272.2,272.2,0.00,0.0,0
1790759700,272.2,272.2,272.2,272.2,0.00,0.0,0
1790759760,272.2,272.2,272.2,272.2,0.00,0.0,0
1790759820,272.2,272.2,272.2,272.2,272.20,3.2024,1
1790759880,272.2,272.2,272.2,272.2,0.00,0.0,0
1790759940,272.24,272.24,272.24,272.24,272.24,0.117656,1
1790760000,272.18,272.18,272.18,272.18,272.18,2.58301404,1
1790760060,272.18,272.18,272.18,272.18,0.00,0.0,0
1790760120,272.18,272.18,272.18,272.18,0.00,0.0,0
1790760180,272.18,272.18,272.18,272.18,0.00,0.0,0
1790760240,272.18,272.18,272.18,272.18,0.00,0.0,0
1790760300,272.99,272.99,272.71,272.71,272.97,0.2786917,2
1790760360,272.71,272.71,272.71,272.71,0.00,0.0,0
1790760420,272.71,272.71,272.71,272.71,0.00,0.0,0
1790760480,272.71,272.71,272.71,272.71,0.00,0.0,0
1790760540,272.4,272.4,272.4,272.4,272.40,0.571581,1
1790760600,272.71,272.71,272.39,272.39,272.70,2.06311262,2
1790760660,272.39,272.39,272.39,272.39,0.00,0.0,0
1790760720,273.84,273.9,273.84,273.9,273.89,5.175364,4
1790760780,273.65,273.65,273.65,273.65,273.65,0.646394,1
1790760840,273.65,273.65,273.65,273.65,0.00,0.0,0
1790760900,273.31,273.31,272.93,272.93,273.25,0.816439,5
1790760960,273.15,273.15,272.9,272.91,273.02,0.669118,4
1790761020,272.91,272.91,272.91,272.91,0.00,0.0,0
1790761080,272.91,272.91,272.91,272.91,0.00,0.0,0
1790761140,272.91,272.91,272.91,272.91,0.00,0.0,0
1790761200,272.6,272.6,272.52,272.52,272.59,0.35130878,3
1790761260,272.54,272.54,272.51,272.52,272.53,0.35388826,3
1790761320,272.52,272.52,272.52,272.52,0.00,0.0,0
1790761380,272.52,272.52,272.52,272.52,0.00,0.0,0
1790761440,272.52,272.52,272.52,272.52,0.00,0.0,0
1790761500,272.69,272.69,272.69,272.69,272.69,0.13051373,1
1790761560,272.69,272.69,272.69,272.69,0.00,0.0,0
1790761620,272.69,272.69,272.69,272.69,0.00,0.0,0
1790761680,273.04,273.19,273.04,273.19,273.18,8.74172399,2
1790761740,273.19,273.19,273.19,273.19,0.00,0.0,0
1790761800,273.19,273.19,273.19,273.19,0.00,0.0,0
1790761860,273.08,273.08,273.08,273.08,273.08,0.286439,1
1790761920,273.08,273.08,273.08,273.08,0.00,0.0,0
1790761980,272.78,272.78,272.78,272.78,272.78,0.164684,1
1790762040,272.78,272.78,272.78,272.78,0.00,0.0,0
1790762100,272.78,272.78,272.78,272.78,0.00,0.0,0
1790762160,272.83,272.83,272.77,272.77,272.80,0.204896,3
1790762220,272.79,272.79,272.77,272.77,272.78,0.371165,3
1790762280,272.77,272.77,272.77,272.77,0.00,0.0,0
1790762340,272.77,272.77,272.77,272.77,0.00,0.0,0
1790762400,272.65,273.0,272.65,273.0,272.94,0.659083,2
1790762460,273.0,273.0,273.0,273.0,0.00,0.0,0
1790762520,273.07,273.07,273.07,273.07,273.07,0.0378461,1
1790762580,273.07,273.07,273.07,273.07,0.00,0.0,0
1790762640,272.84,273.01,272.83,273.01,272.93,1.26211463,8
1790762700,273.33,273.33,273.33,273.33,273.33,0.62,2
1790762760,273.33,273.33,273.33,273.33,0.00,0.0,0
1790762820,273.36,273.36,273.34,273.34,273.35,7.08128291,4
1790762880,273.34,273.34,273.34,273.34,273.34,0.395531,2
1790762940,273.34,273.34,273.34,273.34,0.00,0.0,0
1790763000,273.34,273.34,273.34,273.34,0.00,0.0,0
1790763060,273.06,273.06,273.06,273.06,273.06,0.618584,1
1790763120,273.06,273.06,273.06,273.06,0.00,0.0,0
1790763180,273.06,273.06,273.06,273.06,0.00,0.0,0
1790763240,273.06,273.06,273.06,273.06,0.00,0.0,0
1790763300,273.02,273.02,273.02,273.02,273.02,0.462884,1
1790763360,272.82,272.82,272.82,272.82,272.82,0.29239,1
1790763420,272.82,272.82,272.82,272.82,0.00,0.0,0
1790763480,272.82,272.82,272.82,272.82,0.00,0.0,0
1790763540,272.82,272.82,272.82,272.82,0.00,0.0,0
1790763600,272.82,272.82,272.82,272.82,0.00,0.0,0
1790763660,272.82,272.82,272.82,272.82,0.00,0.0,0
1790763720,272.82,272.82,272.82,272.82,0.00,0.0,0
1790763780,273.36,273.36,273.36,273.36,273.36,0.366145,1
1790763840,273.36,273.36,273.36,273.36,0.00,0.0,0
1790763900,273.36,273.36,273.36,273.36,0.00,0.0,0
1790763960,273.36,273.36,273.36,273.36,0.00,0.0,0
1790764020,273.47,273.47,273.31,273.31,273.31,14.86417748,3
1790764080,273.31,273.31,273.31,273.31,0.00,0.0,0
1790764140,273.31,273.31,273.31,273.31,0.00,0.0,0
1790764200,273.59,273.59,273.59,273.59,273.59,0.01915758,1
1790764260,273.59,273.59,273.59,273.59,0.00,0.0,0
1790764320,273.59,273.59,273.59,273.59,0.00,0.0,0
1790764380,274.1,274.24,274.1,274.17,274.21,7.23082414,5
1790764440,274.17,274.17,274.17,274.17,0.00,0.0,0
1790764500,273.94,273.94,273.94,273.94,273.94,0.361311,2
1790764560,274.06,274.06,274.06,274.06,274.06,0.585727,1
1790764620,274.06,274.06,274.06,274.06,0.00,0.0,0
1790764680,274.2,274.2,274.2,274.2,274.20,0.913355,1
1790764740,274.2,274.2,274.2,274.2,0.00,0.0,0
1790764800,274.2,274.2,274.2,274.2,0.00,0.0,0
1790764860,274.2,274.2,274.2,274.2,0.00,0.0,0
1790764920,274.03,274.03,274.03,274.03,274.03,0.084306,1
1790764980,274.03,274.03,274.03,274.03,0.00,0.0,0
1790765040,274.03,274.03,274.03,274.03,0.00,0.0,0
1790765100,274.03,274.03,274.03,274.03,0.00,0.0,0
1790765160,274.03,274.03,274.03,274.03,0.00,0.0,0
1790765220,274.03,274.03,274.03,274.03,0.00,0.0,0
1790765280,274.03,274.03,274.03,274.03,0.00,0.0,0
1790765340,274.03,274.03,274.03,274.03,0.00,0.0,0
1790765400,274.03,274.03,274.03,274.03,0.00,0.0,0
1790765460,274.03,274.03,274.03,274.03,0.00,0.0,0
1790765520,274.25,274.25,274.25,274.25,274.25,0.12211679,1
1790765580,274.25,274.25,274.25,274.25,0.00,0.0,0
1790765640,274.27,274.27,274.27,274.27,274.27,0.376025,1
1790765700,274.27,274.27,274.27,274.27,0.00,0.0,0
1790765760,274.27,274.27,274.27,274.27,0.00,0.0,0
1790765820,274.27,274.27,274.27,274.27,0.00,0.0,0
1790765880,274.19,274.19,274.19,274.19,274.19,0.02162671,1
1790765940,274.19,274.19,274.19,274.19,0.00,0.0,0
1790766000,274.18,274.18,274.18,274.18,274.18,0.462246,1
1790766060,273.68,273.68,273.22,273.22,273.22,1.73542589,2
1790766120,273.22,273.22,273.22,273.22,0.00,0.0,0
1790766180,273.15,273.3,273.15,273.3,273.22,1.33160825,3
1790766240,273.22,273.22,273.22,273.22,273.22,0.01,1
1790766300,273.23,273.23,273.23,273.23,273.23,0.322267,1
1790766360,273.23,273.23,273.23,273.23,0.00,0.0,0
1790766420,273.23,273.23,273.23,273.23,0.00,0.0,0
1790766480,273.15,273.25,273.15,273.25,273.24,11.07307327,4
1790766540,273.25,273.25,273.25,273.25,0.00,0.0,0
1790766600,273.25,273.25,273.25,273.25,0.00,0.0,0
1790766660,273.25,273.25,273.25,273.25,0.00,0.0,0
1790766720,273.25,273.25,273.25,273.25,0.00,0.0,0
1790766780,273.25,273.25,273.25,273.25,0.00,0.0,0
1790766840,273.25,273.25,273.25,273.25,0.00,0.0,0
1790766900,273.25,273.25,273.25,273.25,0.00,0.0,0
1790766960,273.25,273.25,273.25,273.25,0.00,0.0,0
1790767020,273.25,273.25,273.25,273.25,0.00,0.0,0
1790767080,273.25,273.25,273.25,273.25,0.00,0.0,0
1790767140,273.25,273.25,273.25,273.25,0.00,0.0,0
1790767200,273.25,273.25,273.25,273.25,0.00,0.0,0
1790767260,273.25,273.25,273.25,273.25,0.00,0.0,0
1790767320,273.25,273.25,273.25,273.25,0.00,0.0,0
1790767380,273.25,273.25,273.25,273.25,0.00,0.0,0
1790767440,273.25,273.25,273.25,273.25,0.00,0.0,0
1790767500,273.25,273.25,273.25,273.25,0.00,0.0,0
1790767560,273.67,273.67,273.67,273.67,273.67,0.10107,1
1790767620,273.67,273.67,273.67,273.67,0.00,0.0,0
1790767680,273.67,273.67,273.67,273.67,0.00,0.0,0
1790767740,273.67,273.67,273.67,273.67,0.00,0.0,0
1790767800,273.67,273.67,273.67,273.67,0.00,0.0,0
1790767860,273.67,273.67,273.67,273.67,0.00,0.0,0
1790767920,273.67,273.67,273.67,273.67,0.00,0.0,0
1790767980,273.67,273.67,273.67,273.67,0.00,0.0,0
1790768040,273.67,273.67,273.67,273.67,0.00,0.0,0
1790768100,273.36,273.51,273.16,273.5,273.25,1.8421382,16
1790768160,273.5,273.5,273.5,273.5,0.00,0.0,0
1790768220,273.5,273.5,273.5,273.5,0.00,0.0,0
1790768280,273.5,273.5,273.5,273.5,0.00,0.0,0
1790768340,273.5,273.5,273.5,273.5,0.00,0.0,0
1790768400,273.88,273.88,273.88,273.88,273.88,0.128451,1
1790768460,273.89,274.06,273.6,273.6,273.91,8.42577209,18
1790768520,273.57,273.57,273.53,273.53,273.55,0.274542,2
1790768580,273.97,274.17,273.7,274.17,274.11,2.436369,5
1790768640,273.98,273.98,273.98,273.98,273.98,0.208473,1
1790768700,273.95,273.95,273.95,273.95,273.95,0.212943,1
1790768760,273.89,273.89,273.71,273.71,273.88,6.65944748,2
1790768820,273.52,273.52,273.52,273.52,273.52,0.076673,1
1790768880,273.52,273.52,273.52,273.52,0.00,0.0,0
1790768940,273.76,273.76,273.71,273.71,273.75,6.63349648,2
1790769000,273.71,273.71,273.71,273.71,0.00,0.0,0
1790769060,273.71,273.71,273.71,273.71,0.00,0.0,0
1790769120,273.71,273.71,273.71,273.71,0.00,0.0,0
1790769180,273.71,273.71,273.71,273.71,0.00,0.0,0
1790769240,273.71,273.71,273.71,273.71,0.00,0.0,0
1790769300,273.71,273.71,273.71,273.71,0.00,0.0,0
1790769360,273.22,273.22,273.22,273.22,273.22,0.01159737,1
1790769420,273.22,273.22,273.22,273.22,0.00,0.0,0
1790769480,273.22,273.22,273.22,273.22,0.00,0.0,0
1790769540,273.64,273.64,273.64,273.64,273.64,0.11037597,1
1790769600,273.64,273.64,273.64,273.64,0.00,0.0,0
1790769660,273.74,273.74,273.74,273.74,273.74,0.167897,1
1790769720,273.74,273.74,273.74,273.74,0.00,0.0,0
1790769780,273.74,273.74,273.74,273.74,0.00,0.0,0
1790769840,273.74,273.74,273.74,273.74,0.00,0.0,0
1790769900,273.74,273.74,273.74,273.74,0.00,0.0,0
1790769960,273.74,273.74,273.74,273.74,0.00,0.0,0
1790770020,273.74,273.74,273.74,273.74,0.00,0.0,0
1790770080,273.28,273.28,273.28,273.28,273.28,0.01609866,1
1790770140,273.28,273.28,273.28,273.28,0.00,0.0,0
1790770200,273.28,273.28,273.28,273.28,0.00,0.0,0
1790770260,273.28,273.28,273.28,273.28,0.00,0.0,0
1790770320,273.39,273.39,273.39,273.39,273.39,0.13565582,1
1790770380,273.39,273.39,273.39,273.39,0.00,0.0,0
1790770440,273.39,273.39,273.39,273.39,0.00,0.0,0
1790770500,273.87,273.87,273.87,273.87,273.87,0.01979648,1
1790770560,273.87,273.87,273.87,273.87,0.00,0.0,0
1790770620,273.87,273.87,273.87,273.87,0.00,0.0,0
1790770680,273.87,273.87,273.87,273.87,0.00,0.0,0
1790770740,272.38,272.38,272.38,272.38,272.38,1.09361262,2
1790770800,272.38,272.38,272.38,272.38,0.00,0.0,0
1790770860,272.38,272.38,272.38,272.38,0.00,0.0,0
1790770920,272.38,272.38,272.38,272.38,0.00,0.0,0
1790770980,272.66,272.66,272.66,272.66,272.66,0.16271834,1
1790771040,272.66,272.66,272.66,272.66,0.00,0.0,0
1790771100,272.66,272.66,272.66,272.66,0.00,0.0,0
1790771160,272.66,272.66,272.66,272.66,0.00,0.0,0
1790771220,272.66,272.66,272.66,272.66,0.00,0.0,0
1790771280,272.66,272.66,272.66,272.66,0.00,0.0,0
1790771340,272.66,272.66,272.66,272.66,0.00,0.0,0
1790771400,273.02,273.23,273.02,273.23,273.02,0.7282,3
1790771460,274.75,275.03,274.75,274.8,274.82,8.46716728,9
1790771520,274.8,274.8,274.8,274.8,0.00,0.0,0
1790771580,274.31,274.31,274.25,274.25,274.30,0.13515898,2
1790771640,274.25,274.25,274.25,274.25,0.00,0.0,0
1790771700,275.2,275.27,275.2,275.27,275.23,0.02332858,2
1790771760,275.27,275.27,275.27,275.27,0.00,0.0,0
1790771820,274.49,274.49,274.28,274.28,274.28,1.7273749,2
1790771880,274.28,274.28,274.28,274.28,0.00,0.0,0
1790771940,274.28,274.28,274.28,274.28,0.00,0.0,0
1790772000,275.6,275.6,275.6,275.6,275.60,2.05291262,1
1790772060,275.85,275.85,275.71,275.71,275.75,0.12633131,2
1790772120,275.46,275.46,275.46,275.46,275.46,0.0102,1
1790772180,275.46,275.46,275.46,275.46,0.00,0.0,0
1790772240,275.46,275.46,275.46,275.46,0.00,0.0,0
1790772300,275.86,275.99,275.86,275.99,275.95,0.8296749,4
1790772360,276.1,276.1,275.75,275.75,275.88,0.25670901,3
1790772420,275.5,275.5,275.34,275.38,275.36,6.93741631,30
1790772480,276.11,276.11,276.11,276.11,276.11,0.04274608,1
1790772540,276.5,276.5,276.1,276.1,276.44,1.22224135,3
1790772600,276.47,277.1,276.47,276.86,276.99,36.57594454,8
1790772660,277.24,277.24,277.24,277.24,277.24,0.08639951,1
1790772720,277.01,277.01,276.92,276.92,276.92,0.29239,2
1790772780,276.92,276.92,276.92,276.92,0.00,0.0,0
1790772840,277.03,277.03,277.03,277.03,277.03,0.16202952,1
1790772900,277.2,277.2,277.2,277.2,277.20,1.0,1
1790772960,277.04,277.04,277.04,277.04,277.04,0.0102,1
1790773020,277.04,277.04,277.04,277.04,0.00,0.0,0
1790773080,277.2,277.2,277.2,277.2,277.20,0.01,1
1790773140,276.96,277.07,276.96,277.06,277.03,0.12507997,3
1790773200,276.97,276.97,276.67,276.67,276.93,7.10758143,7
1790773260,276.63,276.63,276.28,276.29,276.32,0.46116532,12
1790773320,276.29,276.39,276.29,276.39,276.33,0.37748396,9
1790773380,276.39,276.4,276.39,276.4,276.39,0.07694343,2
1790773440,276.4,276.4,276.4,276.4,0.00,0.0,0
1790773500,276.63,276.74,276.6,276.74,276.63,0.27467833,3
1790773560,276.71,276.85,276.66,276.85,276.71,4.40196972,6
1790773620,276.85,276.85,276.85,276.85,0.00,0.0,0
1790773680,276.85,276.85,276.85,276.85,0.00,0.0,0
1790773740,276.9,276.9,276.9,276.9,276.90,0.02628504,2
1790773800,277.02,277.25,277.02,277.25,277.22,0.20787029,2
1790773860,277.32,279.9,277.07,278.7,278.30,498.36170134,88
1790773920,278.69,278.69,278.27,278.48,278.44,8.42346961,6
1790773980,278.78,278.79,278.71,278.71,278.75,3.78821777,4
1790774040,278.56,278.56,277.68,277.68,277.99,3.99717892,5
1790774100,277.69,277.69,277.68,277.68,277.68,10.13534769,2
1790774160,277.68,277.68,277.68,277.68,0.00,0.0,0
1790774220,277.68,277.68,277.68,277.68,0.00,0.0,0
1790774280,277.68,277.68,277.68,277.68,0.00,0.0,0
1790774340,277.67,277.67,277.05,277.05,277.11,11.34126925,5
1790774400,277.08,277.23,277.08,277.23,277.15,6.57281118,2
1790774460,277.38,277.38,277.13,277.13,277.28,9.5342453,3
1790774520,277.1,277.1,277.1,277.1,277.10,0.2688431,1
1790774580,277.23,277.23,277.23,277.23,277.23,3.0937205,1
1790774640,277.12,277.12,277.12,277.12,277.12,3.05247502,1
1790774700,277.12,277.12,277.12,277.12,0.00,0.0,0
1790774760,277.5,277.5,277.5,277.5,277.50,3.14230642,1
1790774820,277.5,277.5,277.5,277.5,0.00,0.0,0
1790774880,277.5,277.5,277.5,277.5,0.00,0.0,0
1790774940,278.0,278.0,278.0,278.0,278.00,0.83589404,1
1790775000,278.0,278.0,278.0,278.0,0.00,0.0,0
1790775060,278.17,278.36,278.17,278.35,278.33,30.41175014,8
1790775120,278.35,278.35,278.35,278.35,0.00,0.0,0
1790775180,278.15,278.15,278.15,278.15,278.15,0.0102,1
1790775240,278.15,278.15,278.15,278.15,0.00,0.0,0
1790775300,277.13,277.13,276.93,276.93,276.93,4.93123127,7
1790775360,274.33,274.33,274.31,274.31,274.32,3.5014273,2
1790775420,274.95,274.95,274.36,274.36,274.43,2.8266531,4
1790775480,273.66,273.66,273.33,273.33,273.42,6.08291635,3
1790775540,273.33,273.33,273.33,273.33,0.00,0.0,0
1790775600,273.7,273.7,271.09,271.09,272.34,50.98085626,14
1790775660,272.11,272.11,272.11,272.11,272.11,2.77874965,1
1790775720,272.71,272.71,272.71,272.71,272.71,2.74170336,1
1790775780,272.85,272.85,272.72,272.72,272.77,5.90669811,2
1790775840,272.47,272.47,272.47,272.47,272.47,3.19620494,1
1790775900,272.19,272.19,272.19,272.19,272.19,3.19999842,1
1790775960,272.19,272.19,272.19,272.19,0.00,0.0,0
1790776020,272.97,272.97,272.57,272.57,272.74,7.90097934,3
1790776080,272.73,272.73,272.41,272.41,272.48,25.94316652,4
1790776140,272.41,272.41,272.41,272.41,0.00,0.0,0
1790776200,272.41,272.41,272.41,272.41,0.00,0.0,0
1790776260,272.87,272.87,272.84,272.87,272.86,4.87351035,3
1790776320,272.4,272.4,272.15,272.15,272.22,3.25972966,4
1790776380,272.15,272.15,272.15,272.15,0.00,0.0,0
1790776440,272.26,272.26,272.26,272.26,272.26,3.19739259,1
1790776500,272.26,272.26,272.26,272.26,0.00,0.0,0
1790776560,272.08,272.08,272.01,272.01,272.02,8.92082561,2
1790776620,272.27,272.27,272.27,272.27,272.27,0.01654503,1
1790776680,272.27,272.27,272.27,272.27,0.00,0.0,0
1790776740,272.42,272.74,272.42,272.74,272.57,0.033053,2
1790776800,271.82,272.35,271.82,272.35,272.26,0.59494482,2
1790776860,272.09,272.2,272.09,272.2,272.16,13.87705706,4
1790776920,272.01,272.39,272.01,272.27,272.01,1.75025766,3
1790776980,272.27,272.27,272.27,272.27,0.00,0.0,0
1790777040,272.68,273.08,272.68,272.74,272.84,7.25087433,5
1790777100,272.75,272.75,272.75,272.75,272.75,2.29526157,1
1790777160,272.74,272.74,272.73,272.73,272.73,8.80783862,2
1790777220,272.42,272.42,272.17,272.17,272.23,18.12320282,3
1790777280,272.17,272.17,272.17,272.17,0.00,0.0,0
1790777340,271.72,271.79,271.56,271.79,271.59,32.20598042,7
1790777400,271.82,271.82,271.76,271.76,271.78,6.41044462,2
1790777460,271.52,271.52,270.89,271.08,271.23,18.18650454,7
1790777520,271.16,271.16,271.16,271.16,271.16,0.0378461,1
1790777580,271.87,271.87,271.87,271.87,271.87,3.20935587,2
1790777640,271.66,271.66,271.66,271.66,271.66,0.01658222,1
1790777700,271.66,271.66,271.66,271.66,0.00,0.0,0
1790777760,271.66,271.66,271.66,271.66,0.00,0.0,0
1790777820,271.05,271.05,270.87,270.87,270.99,0.52682667,2
1790777880,270.87,270.87,270.87,270.87,0.00,0.0,0
1790777940,270.56,270.56,270.55,270.55,270.55,4.19140212,2
1790778000,270.1,270.1,270.1,270.1,270.10,0.1,1
1790778060,270.0,270.07,270.0,270.07,270.06,8.47833614,2
1790778120,269.53,269.53,268.8,268.8,269.03,11.6850882,7
1790778180,268.7,269.05,268.1,269.05,268.49,0.47536663,8
1790778240,269.07,269.07,268.85,268.85,268.92,5.04124786,4
1790778300,269.45,269.45,269.45,269.45,269.45,0.01671899,1
1790778360,269.45,269.45,269.45,269.45,0.00,0.0,0
1790778420,269.49,269.49,268.79,268.79,269.02,24.38650785,9
1790778480,268.79,268.79,268.79,268.79,0.00,0.0,0
1790778540,268.79,268.79,268.79,268.79,0.00,0.0,0
1790778600,268.54,268.82,268.54,268.82,268.81,1.73395029,2
1790778660,268.82,268.82,268.82,268.82,0.00,0.0,0
1790778720,268.85,268.85,268.0,268.25,268.10,11.02234781,6
1790778780,268.1,268.67,268.1,268.67,268.49,0.06637983,4
1790778840,268.67,268.67,268.67,268.67,0.00,0.0,0
1790778900,268.67,268.67,268.67,268.67,0.00,0.0,0
1790778960,268.67,268.67,268.67,268.67,0.00,0.0,0
1790779020,268.67,268.67,268.67,268.67,0.00,0.0,0
1790779080,268.75,268.82,268.75,268.82,268.81,0.32676227,2
1790779140,268.82,268.82,268.82,268.82,0.00,0.0,0
1790779200,267.3,267.3,267.19,267.19,267.19,8.60749554,2
1790779260,267.88,267.88,267.88,267.88,267.88,0.01681708,1
1790779320,268.32,268.32,268.32,268.32,268.32,0.01678916,1
1790779380,268.32,268.32,268.32,268.32,0.00,0.0,0
1790779440,268.32,268.32,268.32,268.32,268.32,0.01678916,1
1790779500,268.16,268.2,268.16,268.2,268.16,1.78137032,2
1790779560,268.4,268.4,268.4,268.4,268.40,46.77562478,12
1790779620,268.53,268.83,268.53,268.83,268.53,1.76279749,2
1790779680,268.81,268.81,268.81,268.81,268.81,1.7227617,1
1790779740,268.81,268.81,268.81,268.81,0.00,0.0,0
1790779800,268.86,268.86,268.71,268.71,268.78,3.37692603,2
1790779860,268.99,268.99,268.99,268.99,268.99,1.65477266,1
1790779920,269.18,269.18,269.17,269.17,269.17,1.649447,2
1790779980,269.17,269.17,269.17,269.17,0.00,0.0,0
1790780040,269.14,269.24,269.14,269.24,269.14,0.38893622,2
1790780100,269.35,269.35,269.35,269.35,269.35,1.61094393,1
1790780160,269.35,269.35,269.35,269.35,0.00,0.0,0
1790780220,269.26,269.26,269.26,269.26,269.26,1.58946682,1
1790780280,269.13,269.13,268.9,268.9,268.91,3.54782249,3
1790780340,268.9,268.9,268.9,268.9,0.00,0.0,0
1790780400,268.99,269.09,268.99,268.99,268.99,1.61730381,3
1790780460,269.03,269.03,268.5,268.87,268.76,3.25156058,3
1790780520,268.87,268.87,268.87,268.87,0.00,0.0,0
1790780580,269.08,269.08,269.08,269.08,269.08,0.4,1
1790780640,269.08,269.08,269.08,269.08,0.00,0.0,0
1790780700,269.08,269.08,269.08,269.08,0.00,0.0,0
1790780760,269.28,269.28,269.28,269.28,269.28,0.10814023,1
1790780820,269.28,269.28,269.28,269.28,0.00,0.0,0
1790780880,269.28,269.28,269.28,269.28,0.00,0.0,0
1790780940,269.28,269.28,269.28,269.28,0.00,0.0,0
1790781000,269.28,269.28,269.28,269.28,0.00,0.0,0
1790781060,269.45,269.45,269.45,269.45,269.45,1.52631376,1
1790781120,269.04,269.04,268.91,268.91,268.99,4.74434111,2
1790781180,268.91,268.91,268.91,268.91,0.00,0.0,0
1790781240,268.91,268.91,268.91,268.91,0.00,0.0,0
1790781300,268.91,268.91,268.91,268.91,0.00,0.0,0
1790781360,268.91,268.91,268.91,268.91,0.00,0.0,0
1790781420,268.91,268.91,268.91,268.91,0.00,0.0,0
1790781480,268.85,268.85,268.85,268.85,268.85,0.01082429,1
1790781540,268.85,268.85,268.85,268.85,0.00,0.0,0
1790781600,268.85,268.85,268.85,268.85,0.00,0.0,0
1790781660,268.85,268.85,268.85,268.85,0.00,0.0,0
1790781720,268.85,268.85,268.85,268.85,0.00,0.0,0
1790781780,269.18,269.18,269.12,269.12,269.16,1.79637163,3
1790781840,269.12,269.12,269.12,269.12,0.00,0.0,0
1790781900,269.12,269.12,269.12,269.12,0.00,0.0,0
1790781960,268.2,268.57,268.2,268.57,268.31,9.67687031,9
1790782020,268.57,268.57,268.57,268.57,0.00,0.0,0
1790782080,268.57,268.57,268.57,268.57,0.00,0.0,0
1790782140,268.79,268.79,268.67,268.67,268.78,25.88996498,10
1790782200,268.77,268.93,268.77,268.93,268.77,2.80557327,3
1790782260,269.95,269.95,269.95,269.95,269.95,0.18929431,1
1790782320,269.95,269.95,269.95,269.95,0.00,0.0,0
1790782380,269.95,269.95,269.95,269.95,0.00,0.0,0
1790782440,269.95,269.95,269.95,269.95,0.00,0.0,0
1790782500,269.95,269.95,269.95,269.95,0.00,0.0,0
1790782560,269.28,269.28,269.28,269.28,269.28,0.52060457,1
1790782620,269.28,269.28,269.28,269.28,0.00,0.0,0
1790782680,269.28,269.28,269.28,269.28,0.00,0.0,0
1790782740,269.28,269.28,269.28,269.28,0.00,0.0,0
1790782800,269.28,269.28,269.28,269.28,0.00,0.0,0
1790782860,270.2,270.2,270.2,270.2,270.20,0.11198343,1
1790782920,269.86,269.86,269.86,269.86,269.86,0.14388942,1
1790782980,269.95,269.95,269.95,269.95,269.95,6.54317748,1
1790783040,269.95,269.95,269.95,269.95,0.00,0.0,0
1790783100,269.95,269.95,269.95,269.95,0.00,0.0,0
1790783160,270.16,270.31,270.16,270.31,270.21,27.29122686,7
1790783220,270.35,270.44,270.35,270.44,270.40,38.66646058,6
1790783280,270.44,270.44,270.44,270.44,0.00,0.0,0
1790783340,270.44,270.44,270.44,270.44,0.00,0.0,0
1790783400,270.44,270.44,270.44,270.44,0.00,0.0,0
1790783460,270.44,270.44,270.44,270.44,0.00,0.0,0
1790783520,270.44,270.44,270.44,270.44,0.00,0.0,0
1790783580,270.44,270.44,270.44,270.44,0.00,0.0,0
1790783640,270.44,270.44,270.44,270.44,0.00,0.0,0
1790783700,270.44,270.44,270.44,270.44,0.00,0.0,0
1790783760,270.44,270.44,270.44,270.44,0.00,0.0,0
1790783820,270.44,270.44,270.44,270.44,0.00,0.0,0
1790783880,270.44,270.44,270.44,270.44,0.00,0.0,0
1790783940,270.44,270.44,270.44,270.44,0.00,0.0,0
1790784000,271.02,271.02,271.02,271.02,271.02,0.01127752,1
1790784060,271.02,271.02,271.02,271.02,0.00,0.0,0
1790784120,271.02,271.02,271.02,271.02,0.00,0.0,0
1790784180,271.02,271.02,271.02,271.02,0.00,0.0,0
1790784240,271.62,271.62,271.62,271.62,271.62,7.40781386,1
1790784300,272.0,272.0,272.0,272.0,272.00,1.6,1
1790784360,272.1,272.1,272.1,272.1,272.10,0.1,1
1790784420,272.1,272.1,272.1,272.1,0.00,0.0,0
1790784480,272.1,272.1,272.1,272.1,0.00,0.0,0
1790784540,272.1,272.1,272.1,272.1,0.00,0.0,0
1790784600,272.34,272.34,272.34,272.34,272.34,1.70129205,1
1790784660,272.34,272.34,272.34,272.34,0.00,0.0,0
1790784720,272.38,272.43,272.25,272.25,272.40,1.78432429,4
1790784780,272.25,272.25,272.25,272.25,0.00,0.0,0
1790784840,272.25,272.25,272.25,272.25,0.00,0.0,0
1790784900,272.36,272.36,272.36,272.36,272.36,0.01650709,1
1790784960,272.36,272.36,272.36,272.36,0.00,0.0,0
1790785020,272.36,272.36,272.36,272.36,0.00,0.0,0
1790785080,272.36,272.36,272.36,272.36,0.00,0.0,0
1790785140,272.36,272.36,272.36,272.36,0.00,0.0,0
1790785200,272.36,272.36,272.36,272.36,0.00,0.0,0
1790785260,272.54,272.54,272.54,272.54,272.54,1.65623119,1
1790785320,272.54,272.54,272.54,272.54,0.00,0.0,0
1790785380,272.54,272.54,272.54,272.54,0.00,0.0,0
1790785440,272.54,272.54,272.54,272.54,0.00,0.0,0
1790785500,272.54,272.54,272.54,272.54,0.00,0.0,0
1790785560,272.54,272.54,272.54,272.54,0.00,0.0,0
1790785620,272.45,272.45,272.45,272.45,272.45,0.01649953,1
1790785680,272.45,272.45,272.45,272.45,0.00,0.0,0
1790785740,272.45,272.45,272.45,272.45,0.00,0.0,0
1790785800,272.45,272.45,272.45,272.45,0.00,0.0,0
1790785860,272.45,272.45,272.45,272.45,0.00,0.0,0
1790785920,272.45,272.45,272.45,272.45,0.00,0.0,0
1790785980,272.45,272.45,272.45,272.45,0.00,0.0,0
1790786040,272.45,272.45,272.45,272.45,0.00,0.0,0
1790786100,272.45,272.45,272.45,272.45,0.00,0.0,0
1790786160,272.45,272.45,272.45,272.45,0.00,0.0,0
1790786220,272.45,272.45,272.45,272.45,0.00,0.0,0
1790786280,272.45,272.45,272.45,272.45,0.00,0.0,0
1790786340,272.33,272.33,272.31,272.31,272.31,3.35132521,2
1790786400,272.31,272.31,272.31,272.31,0.00,0.0,0
1790786460,272.31,272.31,272.31,272.31,0.00,0.0,0
1790786520,272.31,272.31,272.31,272.31,0.00,0.0,0
1790786580,272.31,272.31,272.31,272.31,0.00,0.0,0
1790786640,272.31,272.31,272.31,272.31,0.00,0.0,0
1790786700,272.31,272.31,272.31,272.31,0.00,0.0,0
1790786760,272.31,272.31,272.31,272.31,0.00,0.0,0
1790786820,273.7,273.7,273.7,273.7,273.70,0.20687615,1
1790786880,273.7,273.7,273.7,273.7,0.00,0.0,0
1790786940,273.7,273.7,273.7,273.7,0.00,0.0,0
1790787000,273.7,273.7,273.7,273.7,0.00,0.0,0
1790787060,273.7,273.7,273.7,273.7,0.00,0.0,0
1790787120,273.79,273.79,273.79,273.79,273.79,0.0167128,1
1790787180,273.6,273.6,273.6,273.6,273.60,0.01643145,1
1790787240,273.6,273.6,273.6,273.6,0.00,0.0,0
1790787300,273.6,273.6,273.6,273.6,0.00,0.0,0
1790787360,273.65,273.65,273.65,273.65,273.65,0.18274853,1
1790787420,273.65,273.65,273.65,273.65,0.00,0.0,0
1790787480,273.65,273.65,273.65,273.65,0.00,0.0,0
1790787540,273.65,273.65,273.65,273.65,0.00,0.0,0
1790787600,273.65,273.65,273.65,273.65,0.00,0.0,0
1790787660,273.65,273.65,273.65,273.65,0.00,0.0,0
1790787720,273.65,273.65,273.65,273.65,0.00,0.0,0
1790787780,273.65,273.65,273.65,273.65,0.00,0.0,0
1790787840,273.65,273.65,273.65,273.65,0.00,0.0,0
1790787900,273.65,273.65,273.65,273.65,0.00,0.0,0
1790787960,273.74,273.74,273.74,273.74,273.74,0.11649126,1
1790788020,273.74,273.74,273.74,273.74,0.00,0.0,0
1790788080,274.1,274.1,274.1,274.1,274.10,0.1,1
1790788140,273.81,273.81,273.81,273.81,273.81,0.01641287,1
1790788200,273.81,273.81,273.81,273.81,0.00,0.0,0
1790788260,273.81,273.81,273.81,273.81,0.00,0.0,0
1790788320,273.81,273.81,273.81,273.81,0.00,0.0,0
1790788380,273.63,273.63,273.38,273.47,273.41,43.25809352,8
1790788440,273.57,273.61,273.54,273.54,273.58,11.9903138,7
1790788500,273.25,273.25,273.25,273.25,273.25,0.01644496,1
1790788560,272.62,272.66,272.62,272.66,272.65,3.78656922,3
1790788620,272.66,272.66,272.66,272.66,0.00,0.0,0
1790788680,272.66,272.66,272.66,272.66,0.00,0.0,0
1790788740,272.66,272.66,272.66,272.66,0.00,0.0,0
1790788800,272.66,272.66,272.66,272.66,0.00,0.0,0
1790788860,272.66,272.66,272.66,272.66,0.00,0.0,0
1790788920,273.19,273.19,273.19,273.19,273.19,3.19449937,1
1790788980,273.19,273.19,273.19,273.19,0.00,0.0,0
1790789040,272.75,272.75,272.75,272.75,272.75,0.0403,1
1790789100,272.75,272.75,272.75,272.75,0.00,0.0,0
1790789160,272.4,272.4,271.58,271.58,271.70,41.67284968,13
1790789220,272.14,272.61,272.14,272.61,272.21,0.13143918,2
1790789280,272.65,272.65,272.52,272.52,272.58,2.77380881,2
1790789340,272.68,272.68,272.68,272.68,272.68,1.35923113,1
1790789400,272.58,272.58,272.58,272.58,272.58,1.34110987,1
1790789460,272.58,272.58,272.58,272.58,0.00,0.0,0
1790789520,272.36,272.36,272.27,272.27,272.35,3.09166033,3
1790789580,272.27,272.27,272.27,272.27,0.00,0.0,0
1790789640,272.27,272.27,272.27,272.27,0.00,0.0,0
1790789700,272.27,272.27,272.27,272.27,0.00,0.0,0
1790789760,272.27,272.27,272.27,272.27,0.00,0.0,0
1790789820,271.48,271.48,271.48,271.48,271.48,1.32323019,1
1790789880,271.93,271.93,271.93,271.93,271.93,0.01657855,1
1790789940,271.93,271.93,271.93,271.93,0.00,0.0,0
1790790000,271.93,271.93,271.93,271.93,0.00,0.0,0
1790790060,271.81,271.81,271.69,271.7,271.69,66.72970304,9
1790790120,271.4,271.4,271.32,271.39,271.38,8.50107062,5
1790790180,271.47,271.47,271.47,271.47,271.47,0.03248655,1
1790790240,271.38,271.41,271.38,271.41,271.39,6.15990412,4
1790790300,271.41,271.41,271.41,271.41,0.00,0.0,0
1790790360,271.41,271.41,271.41,271.41,0.00,0.0,0
1790790420,271.41,271.41,271.41,271.41,0.00,0.0,0
1790790480,272.19,272.19,272.19,272.19,272.19,0.01656147,1
1790790540,272.19,272.19,272.19,272.19,0.00,0.0,0
1790790600,272.19,272.19,272.19,272.19,0.00,0.0,0
1790790660,272.19,272.19,272.19,272.19,0.00,0.0,0
1790790720,272.19,272.19,272.19,272.19,0.00,0.0,0
1790790780,271.77,271.78,271.77,271.78,271.77,0.1428741,2
1790790840,271.78,271.78,271.78,271.78,0.00,0.0,0
1790790900,271.78,271.78,271.78,271.78,0.00,0.0,0
1790790960,271.78,271.78,271.78,271.78,0.00,0.0,0
1790791020,271.78,271.78,271.78,271.78,0.00,0.0,0
1790791080,271.78,271.78,271.78,271.78,0.00,0.0,0
1790791140,271.78,271.78,271.78,271.78,0.00,0.0,0
1790791200,271.78,271.78,271.78,271.78,0.00,0.0,0
1790791260,271.78,271.78,271.78,271.78,0.00,0.0,0
1790791320,271.78,271.78,271.78,271.78,0.00,0.0,0
1790791380,271.78,271.78,271.78,271.78,0.00,0.0,0
1790791440,270.9,271.37,270.9,271.37,271.05,1.93983334,7
1790791500,271.37,271.37,271.37,271.37,0.00,0.0,0
1790791560,270.94,270.94,270.94,270.94,270.94,7.26351187,1
1790791620,270.94,270.94,270.94,270.94,0.00,0.0,0
1790791680,270.94,270.94,270.94,270.94,0.00,0.0,0
1790791740,270.94,270.94,270.94,270.94,0.00,0.0,0
1790791800,270.94,270.94,270.94,270.94,0.00,0.0,0
1790791860,270.94,270.94,270.94,270.94,0.00,0.0,0
1790791920,270.94,270.94,270.94,270.94,0.00,0.0,0
1790791980,270.94,270.94,270.94,270.94,0.00,0.0,0
1790792040,270.94,270.94,270.94,270.94,0.00,0.0,0
1790792100,270.65,270.65,270.65,270.65,270.65,0.18274853,1
1790792160,270.65,270.65,270.65,270.65,0.00,0.0,0
1790792220,270.65,270.65,270.65,270.65,0.00,0.0,0
1790792280,270.65,270.65,270.65,270.65,0.00,0.0,0
1790792340,270.65,270.65,270.65,270.65,0.00,0.0,0
1790792400,270.65,270.65,270.65,270.65,0.00,0.0,0
1790792460,270.65,270.65,270.65,270.65,0.00,0.0,0
1790792520,270.65,270.65,270.65,270.65,0.00,0.0,0
1790792580,270.65,270.65,270.65,270.65,0.00,0.0,0
1790792640,270.65,270.65,270.65,270.65,0.00,0.0,0
1790792700,270.65,270.65,270.65,270.65,0.00,0.0,0
1790792760,270.65,270.65,270.65,270.65,0.00,0.0,0
1790792820,270.65,270.65,270.65,270.65,0.00,0.0,0
1790792880,270.65,270.65,270.65,270.65,0.00,0.0,0
1790792940,270.65,270.65,270.65,270.65,0.00,0.0,0
1790793000,271.73,271.73,271.73,271.73,271.73,0.3562,1
1790793060,271.73,271.73,271.73,271.73,0.00,0.0,0
1790793120,271.73,271.73,271.73,271.73,0.00,0.0,0
1790793180,271.73,271.73,271.73,271.73,0.00,0.0,0
1790793240,271.73,271.73,271.73,271.73,0.00,0.0,0
1790793300,270.87,270.87,270.87,270.87,270.87,0.18400618,1
1790793360,270.87,270.87,270.87,270.87,0.00,0.0,0
1790793420,270.87,270.87,270.87,270.87,0.00,0.0,0
1790793480,270.87,270.87,270.87,270.87,0.00,0.0,0
1790793540,270.87,270.87,270.87,270.87,0.00,0.0,0
1790793600,270.3,270.34,270.3,270.34,270.30,1.8520749,5
1790793660,270.34,270.34,270.34,270.34,0.00,0.0,0
1790793720,270.34,270.34,270.34,270.34,0.00,0.0,0
1790793780,270.34,270.34,270.34,270.34,0.00,0.0,0
1790793840,270.21,270.21,270.18,270.18,270.18,12.54707245,4
1790793900,270.23,270.23,270.23,270.23,270.23,0.18400618,1
1790793960,270.23,270.23,270.23,270.23,0.00,0.0,0
1790794020,270.23,270.23,270.23,270.23,0.00,0.0,0
1790794080,270.1,270.1,270.1,270.1,270.10,0.11,1
1790794140,270.1,270.1,270.1,270.1,0.00,0.0,0
1790794200,270.6,270.6,270.6,270.6,270.60,0.01665864,1
1790794260,270.6,270.6,270.6,270.6,0.00,0.0,0
1790794320,270.6,270.6,270.6,270.6,0.00,0.0,0
1790794380,270.6,270.6,270.6,270.6,0.00,0.0,0
1790794440,270.6,270.6,270.6,270.6,0.00,0.0,0
1790794500,270.6,270.6,270.6,270.6,0.00,0.0,0
1790794560,270.6,270.6,270.6,270.6,0.00,0.0,0
1790794620,271.0,271.0,271.0,271.0,271.00,18.35803592,3
1790794680,271.0,271.0,271.0,271.0,0.00,0.0,0
1790794740,271.0,271.0,271.0,271.0,0.00,0.0,0
1790794800,271.0,271.0,271.0,271.0,0.00,0.0,0
1790794860,271.0,271.0,271.0,271.0,0.00,0.0,0
1790794920,271.0,271.0,271.0,271.0,0.00,0.0,0
1790794980,271.0,271.0,271.0,271.0,0.00,0.0,0
1790795040,270.74,270.74,270.74,270.74,270.74,0.03951233,1
1790795100,271.01,271.01,271.01,271.01,271.01,3.77008752,3
1790795160,271.01,271.01,271.01,271.01,0.00,0.0,0
1790795220,271.01,271.01,271.01,271.01,0.00,0.0,0
1790795280,270.75,270.75,270.74,270.74,270.74,1.7423643,2
1790795340,270.69,271.01,270.68,271.01,270.94,18.02196143,7
1790795400,271.01,271.01,271.01,271.01,0.00,0.0,0
1790795460,271.01,271.01,271.01,271.01,0.00,0.0,0
1790795520,270.2,270.2,270.2,270.2,270.20,1.6,5
1790795580,270.2,270.2,270.2,270.2,0.00,0.0,0
1790795640,270.2,270.2,270.2,270.2,0.00,0.0,0
1790795700,270.2,270.2,270.2,270.2,0.00,0.0,0
1790795760,270.2,270.2,270.2,270.2,0.00,0.0,0
1790795820,270.2,270.2,270.2,270.2,0.00,0.0,0
1790795880,270.2,270.2,270.2,270.2,0.00,0.0,0
1790795940,270.2,270.2,270.2,270.2,0.00,0.0,0
1790796000,270.2,270.2,270.2,270.2,0.00,0.0,0
1790796060,270.2,270.2,270.2,270.2,0.00,0.0,0
1790796120,270.2,270.2,270.2,270.2,0.00,0.0,0
1790796180,270.2,270.2,270.2,270.2,0.00,0.0,0
1790796240,270.2,270.2,270.2,270.2,0.00,0.0,0
1790796300,270.2,270.2,270.2,270.2,0.00,0.0,0
1790796360,270.2,270.2,270.2,270.2,0.00,0.0,0
1790796420,270.2,270.2,270.2,270.2,0.00,0.0,0
1790796480,270.2,270.2,270.2,270.2,0.00,0.0,0
1790796540,270.2,270.2,270.2,270.2,0.00,0.0,0
1790796600,270.2,270.2,270.2,270.2,0.00,0.0,0
1790796660,270.2,270.2,270.2,270.2,0.00,0.0,0
1790796720,270.2,270.2,270.2,270.2,0.00,0.0,0
1790796780,270.2,270.2,270.2,270.2,0.00,0.0,0
1790796840,270.2,270.2,270.2,270.2,0.00,0.0,0
1790796900,270.2,270.2,270.2,270.2,0.00,0.0,0
1790796960,270.2,270.2,270.2,270.2,0.00,0.0,0
1790797020,270.2,270.2,270.2,270.2,0.00,0.0,0
1790797080,270.2,270.2,270.2,270.2,0.00,0.0,0
1790797140,270.2,270.2,270.2,270.2,0.00,0.0,0
1790797200,270.42,270.43,270.39,270.39,270.40,0.20137494,5
1790797260,270.39,270.39,270.39,270.39,0.00,0.0,0
1790797320,270.39,270.39,270.39,270.39,0.00,0.0,0
1790797380,270.39,270.39,270.39,270.39,0.00,0.0,0
1790797440,270.39,270.39,270.39,270.39,0.00,0.0,0
1790797500,270.39,270.39,270.39,270.39,0.00,0.0,0
1790797560,270.39,270.39,270.39,270.39,0.00,0.0,0
1790797620,270.29,270.29,270.29,270.29,270.29,0.7124,1
1790797680,270.29,270.29,270.29,270.29,0.00,0.0,0
1790797740,270.29,270.29,270.29,270.29,0.00,0.0,0
1790797800,270.29,270.29,270.29,270.29,0.00,0.0,0
1790797860,270.29,270.29,270.29,270.29,0.00,0.0,0
1790797920,270.29,270.29,270.29,270.29,0.00,0.0,0
1790797980,270.29,270.29,270.29,270.29,0.00,0.0,0
1790798040,270.29,270.29,270.29,270.29,0.00,0.0,0
1790798100,269.35,269.35,269.35,269.35,269.35,0.01673826,1
1790798160,269.35,269.35,269.35,269.35,0.00,0.0,0
1790798220,269.35,269.35,269.35,269.35,0.00,0.0,0
1790798280,269.35,269.35,269.35,269.35,0.00,0.0,0
1790798340,269.35,269.35,269.35,269.35,0.00,0.0,0
1790798400,269.35,269.35,269.35,269.35,0.00,0.0,0
1790798460,269.35,269.35,269.35,269.35,0.00,0.0,0
1790798520,269.35,269.35,269.35,269.35,269.35,0.05809489,1
1790798580,269.35,269.35,269.35,269.35,0.00,0.0,0
1790798640,269.35,269.35,269.35,269.35,0.00,0.0,0
1790798700,269.35,269.35,269.35,269.35,0.00,0.0,0
1790798760,269.47,269.47,269.47,269.47,269.47,1.4248,2
1790798820,269.47,269.47,269.47,269.47,0.00,0.0,0
1790798880,269.7,269.98,269.7,269.98,269.87,37.03038915,11
1790798940,269.98,269.98,269.98,269.98,0.00,0.0,0
1790799000,269.98,269.98,269.98,269.98,0.00,0.0,0
1790799060,269.98,269.98,269.98,269.98,0.00,0.0,0
1790799120,269.98,269.98,269.98,269.98,0.00,0.0,0
1790799180,269.98,269.98,269.98,269.98,0.00,0.0,0
1790799240,269.98,269.98,269.98,269.98,0.00,0.0,0
1790799300,269.98,269.98,269.98,269.98,0.00,0.0,0
1790799360,269.98,269.98,269.98,269.98,0.00,0.0,0
1790799420,269.98,269.98,269.98,269.98,0.00,0.0,0
1790799480,269.98,269.98,269.98,269.98,0.00,0.0,0
1790799540,270.28,270.28,270.27,270.27,270.27,5.10674155,3
1790799600,270.27,270.27,270.27,270.27,0.00,0.0,0
1790799660,270.27,270.27,270.27,270.27,0.00,0.0,0
1790799720,270.27,270.27,270.27,270.27,0.00,0.0,0
1790799780,270.27,270.27,270.27,270.27,0.00,0.0,0
1790799840,270.27,270.27,270.27,270.27,0.00,0.0,0
1790799900,270.27,270.27,270.27,270.27,0.00,0.0,0
1790799960,270.27,270.27,270.27,270.27,0.00,0.0,0
1790800020,270.27,270.27,270.27,270.27,0.00,0.0,0
1790800080,270.27,270.27,270.27,270.27,0.00,0.0,0
1790800140,270.27,270.27,270.27,270.27,0.00,0.0,0
1790800200,271.35,271.35,271.25,271.25,271.34,0.18657092,2
1790800260,271.25,271.25,271.25,271.25,0.00,0.0,0
1790800320,271.25,271.25,271.25,271.25,0.00,0.0,0
1790800380,270.9,270.9,270.9,270.9,270.90,2.4934,2
1790800440,270.72,270.72,270.72,270.72,270.72,0.01659934,1
1790800500,270.81,270.81,270.81,270.81,270.81,1.7171749,1
1790800560,270.81,270.81,270.81,270.81,0.00,0.0,0
1790800620,270.81,270.81,270.81,270.81,0.00,0.0,0
1790800680,270.81,270.81,270.81,270.81,0.00,0.0,0
1790800740,270.53,270.53,270.53,270.53,270.53,0.2923,1
1790800800,270.53,270.53,270.53,270.53,0.00,0.0,0
1790800860,270.53,270.53,270.53,270.53,0.00,0.0,0
1790800920,270.53,270.53,270.53,270.53,0.00,0.0,0
1790800980,270.53,270.53,270.53,270.53,0.00,0.0,0
1790801040,270.53,270.53,270.53,270.53,0.00,0.0,0
1790801100,270.53,270.53,270.53,270.53,0.00,0.0,0
1790801160,270.53,270.53,270.53,270.53,0.00,0.0,0
1790801220,270.53,270.53,270.53,270.53,0.00,0.0,0
1790801280,270.53,270.53,270.53,270.53,0.00,0.0,0
1790801340,270.53,270.53,270.53,270.53,0.00,0.0,0
1790801400,270.53,270.53,270.53,270.53,0.00,0.0,0
1790801460,270.53,270.53,270.53,270.53,0.00,0.0,0
1790801520,270.53,270.53,270.53,270.53,0.00,0.0,0
1790801580,270.53,270.53,270.53,270.53,0.00,0.0,0
1790801640,270.53,270.53,270.53,270.53,0.00,0.0,0
