time,open,high,low,close,vwap,volume,count
1790639820,671.74,671.74,671.74,671.74,0.00,0.0,0
1790639880,671.74,671.74,671.74,671.74,0.00,0.0,0
1790639940,671.74,671.74,671.74,671.74,0.00,0.0,0
1790640000,671.79,671.85,671.79,671.85,671.81,0.02786,2
1790640060,671.85,671.85,671.85,671.85,0.00,0.0,0
1790640120,671.44,671.44,671.34,671.34,671.35,0.06969,2
1790640180,671.34,671.34,671.34,671.34,0.00,0.0,0
1790640240,671.34,671.34,671.34,671.34,0.00,0.0,0
1790640300,671.34,671.34,671.34,671.34,0.00,0.0,0
1790640360,671.48,671.48,671.44,671.44,671.44,0.04135,2
1790640420,671.44,671.44,671.44,671.44,0.00,0.0,0
1790640480,671.44,671.44,671.44,671.44,0.00,0.0,0
1790640540,671.44,671.44,671.44,671.44,0.00,0.0,0
1790640600,671.82,671.82,671.82,671.82,671.82,0.0156,1
1790640660,671.82,671.82,671.82,671.82,0.00,0.0,0
1790640720,671.82,671.82,671.82,671.82,0.00,0.0,0
1790640780,671.82,671.82,671.82,671.82,0.00,0.0,0
1790640840,671.82,671.82,671.82,671.82,0.00,0.0,0
1790640900,671.98,671.98,671.98,671.98,671.98,0.007,1
1790640960,671.98,671.98,671.98,671.98,0.00,0.0,0
1790641020,671.98,671.98,671.98,671.98,0.00,0.0,0
1790641080,671.2,671.27,671.2,671.27,671.26,0.27548,2
1790641140,671.27,671.27,671.27,671.27,0.00,0.0,0
1790641200,671.27,671.27,671.27,671.27,0.00,0.0,0
1790641260,671.27,671.27,671.27,671.27,0.00,0.0,0
1790641320,671.27,671.27,671.27,671.27,0.00,0.0,0
1790641380,671.27,671.27,671.27,671.27,0.00,0.0,0
1790641440,671.27,671.27,671.27,671.27,0.00,0.0,0
1790641500,671.27,671.27,671.27,671.27,0.00,0.0,0
1790641560,671.27,671.27,671.27,671.27,0.00,0.0,0
1790641620,671.27,671.27,671.27,671.27,0.00,0.0,0
1790641680,671.27,671.27,671.27,671.27,0.00,0.0,0
1790641740,671.27,671.27,671.27,671.27,0.00,0.0,0
1790641800,671.27,671.27,671.27,671.27,0.00,0.0,0
1790641860,672.48,672.55,672.48,672.55,672.54,0.13744,2
1790641920,672.55,672.55,672.55,672.55,0.00,0.0,0
1790641980,672.55,672.55,672.55,672.55,0.00,0.0,0
1790642040,672.55,672.55,672.55,672.55,0.00,0.0,0
1790642100,672.55,672.55,672.55,672.55,0.00,0.0,0
1790642160,672.55,672.55,672.55,672.55,0.00,0.0,0
1790642220,672.55,672.55,672.55,672.55,0.00,0.0,0
1790642280,672.55,672.55,672.55,672.55,0.00,0.0,0
1790642340,672.6,672.62,672.6,672.62,672.61,0.13745,2
1790642400,672.61,672.68,672.61,672.68,672.66,1.00332,3
1790642460,672.68,672.68,672.68,672.68,0.00,0.0,0
1790642520,672.68,672.68,672.68,672.68,0.00,0.0,0
1790642580,672.38,672.44,672.38,672.44,672.39,0.02053,2
1790642640,672.52,672.52,672.52,672.52,672.52,0.00817,1
1790642700,672.52,672.52,672.52,672.52,0.00,0.0,0
1790642760,671.53,671.65,671.53,671.65,671.58,1.00354,4
1790642820,671.65,671.65,671.65,671.65,0.00,0.0,0
1790642880,671.65,671.65,671.65,671.65,0.00,0.0,0
1790642940,671.65,671.65,671.65,671.65,0.00,0.0,0
1790643000,670.8,670.89,670.8,670.89,670.86,0.99396,4
1790643060,670.89,670.89,670.89,670.89,0.00,0.0,0
1790643120,670.89,670.89,670.89,670.89,0.00,0.0,0
1790643180,670.89,670.89,670.89,670.89,0.00,0.0,0
1790643240,670.89,670.89,670.89,670.89,0.00,0.0,0
1790643300,670.89,670.89,670.89,670.89,0.00,0.0,0
1790643360,669.85,669.91,669.85,669.91,669.90,0.28685,2
1790643420,669.81,669.87,669.81,669.87,669.85,0.05502,2
1790643480,669.39,669.4,669.39,669.4,669.39,0.02039,2
1790643540,669.4,669.4,669.4,669.4,0.00,0.0,0
1790643600,669.4,669.4,669.4,669.4,0.00,0.0,0
1790643660,669.4,669.4,669.4,669.4,0.00,0.0,0
1790643720,669.17,669.19,669.17,669.19,669.18,0.13827,2
1790643780,669.45,669.51,669.45,669.51,669.49,0.06804,2
1790643840,669.51,669.51,669.51,669.51,0.00,0.0,0
1790643900,669.51,669.51,669.51,669.51,0.00,0.0,0
1790643960,669.51,669.51,669.51,669.51,0.00,0.0,0
1790644020,669.51,669.51,669.51,669.51,0.00,0.0,0
1790644080,669.51,669.51,669.51,669.51,0.00,0.0,0
1790644140,667.66,667.76,667.66,667.76,667.69,0.02578,3
1790644200,667.76,667.76,667.76,667.76,0.00,0.0,0
1790644260,667.76,667.76,667.76,667.76,0.00,0.0,0
1790644320,667.76,667.76,667.76,667.76,0.00,0.0,0
1790644380,667.76,667.76,667.76,667.76,0.00,0.0,0
1790644440,667.76,667.76,667.76,667.76,0.00,0.0,0
1790644500,667.76,667.76,667.76,667.76,0.00,0.0,0
1790644560,667.76,667.76,667.76,667.76,0.00,0.0,0
1790644620,667.76,667.76,667.76,667.76,0.00,0.0,0
1790644680,667.48,667.48,666.72,666.72,667.17,0.24822,13
1790644740,666.64,666.64,665.51,665.51,665.70,1.59544,6
1790644800,665.51,665.51,665.51,665.51,0.00,0.0,0
1790644860,666.44,666.44,665.82,665.82,666.20,10.0,9
1790644920,665.82,665.82,665.82,665.82,0.00,0.0,0
1790644980,665.82,665.82,665.82,665.82,0.00,0.0,0
1790645040,665.82,665.82,665.82,665.82,0.00,0.0,0
1790645100,665.82,665.82,665.82,665.82,0.00,0.0,0
1790645160,666.41,666.53,666.41,666.41,666.50,0.13734,3
1790645220,666.24,666.24,666.24,666.24,666.24,0.03013,1
1790645280,666.24,666.24,666.24,666.24,0.00,0.0,0
1790645340,665.04,665.04,664.81,664.91,665.01,6.98974,6
1790645400,664.91,664.91,664.91,664.91,0.00,0.0,0
1790645460,664.91,664.91,664.91,664.91,0.00,0.0,0
1790645520,663.79,664.47,663.35,664.39,663.80,0.37597,13
1790645580,664.51,664.51,664.27,664.36,664.38,0.035,5
1790645640,664.02,664.02,664.02,664.02,664.02,0.007,1
1790645700,663.68,663.68,663.55,663.55,663.61,0.014,2
1790645760,663.0,663.43,663.0,663.43,663.02,0.13249,2
1790645820,663.43,663.43,663.43,663.43,0.00,0.0,0
1790645880,664.29,664.29,664.13,664.13,664.21,0.014,2
1790645940,664.37,664.37,664.25,664.25,664.31,0.014,2
1790646000,664.09,664.19,664.09,664.19,664.13,0.021,3
1790646060,664.23,664.64,664.23,664.64,664.54,0.04838,3
1790646120,665.59,665.59,665.59,665.59,665.59,0.007,1
1790646180,665.65,665.82,665.65,665.82,665.78,0.03456,2
1790646240,665.08,665.08,665.08,665.08,665.08,0.007,1
1790646300,665.77,665.89,665.77,665.89,665.83,0.014,2
1790646360,667.03,667.05,667.03,667.05,667.04,0.06025,2
1790646420,667.05,667.05,667.05,667.05,0.00,0.0,0
1790646480,665.86,665.86,665.86,665.86,665.86,0.007,1
1790646540,665.86,665.86,665.86,665.86,0.00,0.0,0
1790646600,665.86,665.86,665.86,665.86,0.00,0.0,0
1790646660,665.86,665.86,665.86,665.86,0.00,0.0,0
1790646720,665.86,665.86,665.86,665.86,0.00,0.0,0
1790646780,665.86,665.86,665.86,665.86,0.00,0.0,0
1790646840,665.86,665.86,665.86,665.86,0.00,0.0,0
1790646900,665.86,665.86,665.86,665.86,0.00,0.0,0
1790646960,666.49,666.55,666.49,666.55,666.53,0.05934,2
1790647020,666.25,666.25,666.25,666.25,666.25,0.04954,1
1790647080,666.25,666.25,666.25,666.25,0.00,0.0,0
1790647140,666.25,666.25,666.25,666.25,0.00,0.0,0
1790647200,666.25,666.25,666.25,666.25,0.00,0.0,0
1790647260,666.25,666.25,666.25,666.25,0.00,0.0,0
1790647320,666.1,666.19,666.1,666.19,666.15,0.0406,2
1790647380,666.19,666.19,666.19,666.19,0.00,0.0,0
1790647440,666.19,666.19,666.19,666.19,0.00,0.0,0
1790647500,666.19,666.19,666.19,666.19,0.00,0.0,0
1790647560,666.19,666.19,666.19,666.19,0.00,0.0,0
1790647620,666.19,666.19,666.19,666.19,0.00,0.0,0
1790647680,666.19,666.19,666.19,666.19,0.00,0.0,0
1790647740,666.19,666.19,666.19,666.19,0.00,0.0,0
1790647800,666.19,666.19,666.19,666.19,0.00,0.0,0
1790647860,666.19,666.19,666.19,666.19,0.00,0.0,0
1790647920,664.3,664.35,664.3,664.35,664.33,0.0407,2
1790647980,664.35,664.35,664.35,664.35,0.00,0.0,0
1790648040,664.35,664.35,664.35,664.35,0.00,0.0,0
1790648100,664.35,664.35,664.35,664.35,0.00,0.0,0
1790648160,664.35,664.35,664.35,664.35,0.00,0.0,0
1790648220,664.35,664.35,664.35,664.35,0.00,0.0,0
1790648280,664.35,664.35,664.35,664.35,0.00,0.0,0
1790648340,665.53,665.53,665.52,665.52,665.52,0.03733,2
1790648400,665.52,665.52,665.52,665.52,0.00,0.0,0
1790648460,665.52,665.52,665.52,665.52,0.00,0.0,0
1790648520,664.64,664.74,664.03,664.03,664.57,0.04964,4
1790648580,664.03,664.03,664.03,664.03,0.00,0.0,0
1790648640,664.03,664.03,664.03,664.03,0.00,0.0,0
1790648700,664.03,664.03,664.03,664.03,0.00,0.0,0
1790648760,664.03,664.03,664.03,664.03,0.00,0.0,0
1790648820,664.03,664.03,664.03,664.03,0.00,0.0,0
1790648880,664.03,664.03,664.03,664.03,0.00,0.0,0
1790648940,664.03,664.03,664.03,664.03,0.00,0.0,0
1790649000,664.03,664.03,664.03,664.03,0.00,0.0,0
1790649060,664.03,664.03,664.03,664.03,0.00,0.0,0
1790649120,664.03,664.03,664.03,664.03,0.00,0.0,0
1790649180,664.03,664.03,664.03,664.03,0.00,0.0,0
1790649240,663.41,663.47,663.41,663.47,663.44,0.03203,2
1790649300,663.47,663.47,663.47,663.47,0.00,0.0,0
1790649360,663.47,663.47,663.47,663.47,0.00,0.0,0
1790649420,663.47,663.47,663.47,663.47,0.00,0.0,0
1790649480,664.11,664.11,664.08,664.08,664.08,1.32621,3
1790649540,664.42,664.46,664.42,664.46,664.44,0.04698,2
1790649600,664.46,664.46,664.46,664.46,0.00,0.0,0
1790649660,664.46,664.46,664.46,664.46,0.00,0.0,0
1790649720,664.46,664.46,664.46,664.46,0.00,0.0,0
1790649780,664.46,664.46,664.46,664.46,0.00,0.0,0
1790649840,664.46,664.46,664.46,664.46,0.00,0.0,0
1790649900,664.85,664.89,664.85,664.89,664.87,0.05262,2
1790649960,664.89,664.89,664.89,664.89,0.00,0.0,0
1790650020,664.89,664.89,664.89,664.89,0.00,0.0,0
1790650080,664.89,664.89,664.89,664.89,0.00,0.0,0
1790650140,664.89,664.89,664.89,664.89,0.00,0.0,0
1790650200,664.89,664.89,664.89,664.89,0.00,0.0,0
1790650260,664.89,664.89,664.89,664.89,0.00,0.0,0
1790650320,664.89,664.89,664.89,664.89,0.00,0.0,0
1790650380,664.08,664.11,664.08,664.11,664.09,0.04011,2
1790650440,664.11,664.11,664.11,664.11,0.00,0.0,0
1790650500,664.11,664.11,664.11,664.11,0.00,0.0,0
1790650560,664.11,664.11,664.11,664.11,0.00,0.0,0
1790650620,664.11,664.11,664.11,664.11,0.00,0.0,0
1790650680,664.11,664.11,664.11,664.11,0.00,0.0,0
1790650740,664.11,664.11,664.11,664.11,0.00,0.0,0
1790650800,664.11,664.11,664.11,664.11,0.00,0.0,0
1790650860,664.11,664.11,664.11,664.11,0.00,0.0,0
1790650920,664.11,664.11,664.11,664.11,0.00,0.0,0
1790650980,664.11,664.11,664.11,664.11,0.00,0.0,0
1790651040,664.11,664.11,664.11,664.11,0.00,0.0,0
1790651100,664.11,664.11,664.11,664.11,0.00,0.0,0
1790651160,665.48,665.53,665.48,665.53,665.51,0.06905,2
1790651220,665.53,665.53,665.53,665.53,0.00,0.0,0
1790651280,665.53,665.53,665.53,665.53,0.00,0.0,0
1790651340,665.53,665.53,665.53,665.53,0.00,0.0,0
1790651400,665.53,665.53,665.53,665.53,0.00,0.0,0
1790651460,665.53,665.53,665.53,665.53,0.00,0.0,0
1790651520,665.53,665.53,665.53,665.53,0.00,0.0,0
1790651580,665.31,665.31,665.19,665.19,665.25,0.014,2
1790651640,665.19,665.22,665.19,665.22,665.20,0.014,2
1790651700,664.88,664.88,664.88,664.88,664.88,0.007,1
1790651760,665.25,665.25,665.25,665.25,665.25,0.007,1
1790651820,665.03,665.03,665.03,665.03,665.03,0.007,1
1790651880,665.04,665.04,664.52,664.52,664.83,0.0522,5
1790651940,664.8,664.8,664.8,664.8,664.80,0.007,1
1790652000,666.33,666.33,666.33,666.33,666.33,0.03936,1
1790652060,666.33,666.33,666.33,666.33,0.00,0.0,0
1790652120,666.33,666.33,666.33,666.33,0.00,0.0,0
1790652180,666.33,666.33,666.33,666.33,0.00,0.0,0
1790652240,666.33,666.33,666.33,666.33,0.00,0.0,0
1790652300,666.33,666.33,666.33,666.33,0.00,0.0,0
1790652360,666.33,666.33,666.33,666.33,0.00,0.0,0
1790652420,666.33,666.33,666.33,666.33,0.00,0.0,0
1790652480,666.33,666.33,666.33,666.33,0.00,0.0,0
1790652540,668.11,668.13,668.11,668.13,668.11,0.02529,2
1790652600,668.13,668.13,668.13,668.13,0.00,0.0,0
1790652660,668.13,668.13,668.13,668.13,0.00,0.0,0
1790652720,668.13,668.13,668.13,668.13,0.00,0.0,0
1790652780,668.13,668.13,668.13,668.13,0.00,0.0,0
1790652840,668.13,668.13,668.13,668.13,0.00,0.0,0
1790652900,668.13,668.13,668.13,668.13,0.00,0.0,0
1790652960,668.13,668.13,668.13,668.13,0.00,0.0,0
1790653020,668.3,668.34,668.3,668.34,668.32,0.03183,2
1790653080,668.34,668.34,668.34,668.34,0.00,0.0,0
1790653140,668.34,668.34,668.34,668.34,0.00,0.0,0
1790653200,668.34,668.34,668.34,668.34,0.00,0.0,0
1790653260,668.34,668.34,668.34,668.34,0.00,0.0,0
1790653320,668.22,668.26,668.22,668.26,668.25,0.19877,2
1790653380,668.26,668.26,668.26,668.26,0.00,0.0,0
1790653440,668.17,668.19,668.17,668.19,668.17,0.03004,2
1790653500,668.19,668.19,668.19,668.19,0.00,0.0,0
1790653560,668.19,668.19,668.19,668.19,0.00,0.0,0
1790653620,668.19,668.19,668.19,668.19,0.00,0.0,0
1790653680,668.19,668.19,668.19,668.19,0.00,0.0,0
1790653740,668.19,668.19,668.19,668.19,0.00,0.0,0
1790653800,668.19,668.19,668.19,668.19,0.00,0.0,0
1790653860,668.19,668.19,668.19,668.19,0.00,0.0,0
1790653920,667.83,667.89,667.83,667.89,667.88,0.19867,2
1790653980,667.98,667.98,667.98,667.98,667.98,0.37417,1
1790654040,667.98,667.98,667.98,667.98,0.00,0.0,0
1790654100,667.98,667.98,667.98,667.98,0.00,0.0,0
1790654160,667.98,667.98,667.98,667.98,0.00,0.0,0
1790654220,667.98,667.98,667.98,667.98,0.00,0.0,0
1790654280,667.98,667.98,667.98,667.98,0.00,0.0,0
1790654340,667.98,667.98,667.98,667.98,0.00,0.0,0
1790654400,667.41,667.41,667.41,667.41,667.41,0.03419,1
1790654460,667.41,667.41,667.41,667.41,0.00,0.0,0
1790654520,667.41,667.41,667.41,667.41,0.00,0.0,0
1790654580,667.41,667.41,667.41,667.41,0.00,0.0,0
1790654640,667.41,667.41,667.41,667.41,0.00,0.0,0
1790654700,667.41,667.41,667.41,667.41,0.00,0.0,0
1790654760,666.86,666.9,666.86,666.9,666.87,0.0259,2
1790654820,667.0,667.26,667.0,667.26,667.01,0.20906,2
1790654880,667.26,667.26,667.26,667.26,0.00,0.0,0
1790654940,667.26,667.26,667.26,667.26,0.00,0.0,0
1790655000,667.26,667.26,667.26,667.26,0.00,0.0,0
1790655060,667.26,667.26,667.26,667.26,0.00,0.0,0
1790655120,667.26,667.26,667.26,667.26,0.00,0.0,0
1790655180,667.26,667.26,667.26,667.26,0.00,0.0,0
1790655240,667.62,667.63,667.62,667.63,667.62,0.14978,2
1790655300,667.71,667.73,667.44,667.44,667.65,0.14567,4
1790655360,667.44,667.44,667.44,667.44,0.00,0.0,0
1790655420,667.44,667.44,667.44,667.44,0.00,0.0,0
1790655480,667.44,667.44,667.44,667.44,0.00,0.0,0
1790655540,667.44,667.44,667.44,667.44,0.00,0.0,0
1790655600,668.53,668.54,668.53,668.54,668.53,0.03801,2
1790655660,668.54,668.54,668.54,668.54,0.00,0.0,0
1790655720,668.54,668.54,668.54,668.54,0.00,0.0,0
1790655780,668.77,668.78,668.77,668.78,668.77,0.58018,2
1790655840,668.78,668.78,668.78,668.78,0.00,0.0,0
1790655900,668.78,668.78,668.78,668.78,0.00,0.0,0
1790655960,668.78,668.78,668.78,668.78,0.00,0.0,0
1790656020,668.78,668.78,668.78,668.78,0.00,0.0,0
1790656080,667.98,667.98,667.98,667.98,667.98,0.02046,1
1790656140,667.98,667.98,667.98,667.98,0.00,0.0,0
1790656200,667.98,667.98,667.98,667.98,0.00,0.0,0
1790656260,667.98,667.98,667.98,667.98,0.00,0.0,0
1790656320,667.98,667.98,667.98,667.98,0.00,0.0,0
1790656380,667.98,667.98,667.98,667.98,0.00,0.0,0
1790656440,667.98,667.98,667.98,667.98,0.00,0.0,0
1790656500,666.79,666.79,666.79,666.79,666.79,0.0156,2
1790656560,666.79,666.79,666.79,666.79,0.00,0.0,0
1790656620,666.79,666.79,666.79,666.79,0.00,0.0,0
1790656680,666.79,666.79,666.79,666.79,0.00,0.0,0
1790656740,666.79,666.79,666.79,666.79,0.00,0.0,0
1790656800,666.79,666.79,666.79,666.79,0.00,0.0,0
1790656860,666.79,666.79,666.79,666.79,0.00,0.0,0
1790656920,666.79,666.79,666.79,666.79,0.00,0.0,0
1790656980,666.79,666.79,666.79,666.79,0.00,0.0,0
1790657040,667.17,667.2,667.17,667.2,667.19,0.67521,2
1790657100,667.2,667.2,667.2,667.2,0.00,0.0,0
1790657160,667.2,667.2,667.2,667.2,0.00,0.0,0
1790657220,666.25,666.25,666.25,666.25,666.25,0.03752,1
1790657280,666.25,666.25,666.25,666.25,0.00,0.0,0
1790657340,666.25,666.25,666.25,666.25,0.00,0.0,0
1790657400,665.65,665.68,665.65,665.68,665.66,0.04,2
1790657460,665.68,665.68,665.68,665.68,0.00,0.0,0
1790657520,666.42,666.95,666.42,666.95,666.78,3.03939,9
1790657580,666.95,666.95,666.95,666.95,0.00,0.0,0
1790657640,666.31,666.31,666.31,666.31,666.31,0.01205,1
1790657700,666.25,666.25,666.2,666.2,666.20,1.00601,3
1790657760,666.2,666.2,666.2,666.2,0.00,0.0,0
1790657820,666.33,666.34,666.33,666.34,666.33,0.19913,2
1790657880,666.34,666.34,666.34,666.34,0.00,0.0,0
1790657940,666.34,666.34,666.34,666.34,0.00,0.0,0
1790658000,666.34,666.34,666.34,666.34,0.00,0.0,0
1790658060,666.57,666.57,666.57,666.57,666.57,0.04277,1
1790658120,666.57,666.57,666.57,666.57,0.00,0.0,0
1790658180,666.57,666.57,666.57,666.57,0.00,0.0,0
1790658240,665.95,665.95,665.95,665.95,665.95,0.01531,1
1790658300,665.95,665.95,665.95,665.95,0.00,0.0,0
1790658360,665.79,665.82,665.79,665.82,665.81,0.15291,2
1790658420,665.82,665.82,665.82,665.82,0.00,0.0,0
1790658480,665.34,665.34,665.34,665.34,665.34,0.256,1
1790658540,665.51,665.52,665.51,665.52,665.51,0.038,2
1790658600,665.52,665.52,665.52,665.52,0.00,0.0,0
1790658660,665.52,665.52,665.52,665.52,0.00,0.0,0
1790658720,665.52,665.52,665.52,665.52,0.00,0.0,0
1790658780,665.52,665.52,665.52,665.52,0.00,0.0,0
1790658840,665.52,665.52,665.52,665.52,0.00,0.0,0
1790658900,665.52,665.52,665.52,665.52,0.00,0.0,0
1790658960,665.52,665.52,665.52,665.52,0.00,0.0,0
1790659020,665.52,665.52,665.52,665.52,0.00,0.0,0
1790659080,665.52,665.52,665.52,665.52,0.00,0.0,0
1790659140,665.52,665.52,665.52,665.52,0.00,0.0,0
1790659200,665.52,665.52,665.52,665.52,0.00,0.0,0
1790659260,665.52,665.52,665.52,665.52,0.00,0.0,0
1790659320,667.16,667.2,667.16,667.2,667.19,0.5879,2
1790659380,667.2,667.2,667.2,667.2,0.00,0.0,0
1790659440,667.2,667.2,667.2,667.2,0.00,0.0,0
1790659500,667.2,667.2,667.2,667.2,0.00,0.0,0
1790659560,667.2,667.2,667.2,667.2,0.00,0.0,0
1790659620,667.2,667.2,667.2,667.2,0.00,0.0,0
1790659680,667.17,667.17,667.16,667.16,667.16,0.1474,2
1790659740,667.16,667.16,667.16,667.16,0.00,0.0,0
1790659800,667.16,667.16,667.16,667.16,0.00,0.0,0
1790659860,667.16,667.16,667.16,667.16,0.00,0.0,0
1790659920,665.89,665.91,665.89,665.91,665.90,0.09219,2
1790659980,665.91,665.91,665.91,665.91,0.00,0.0,0
1790660040,665.91,665.91,665.91,665.91,0.00,0.0,0
1790660100,665.91,665.91,665.91,665.91,0.00,0.0,0
1790660160,665.91,665.91,665.91,665.91,0.00,0.0,0
1790660220,664.68,664.79,664.68,664.79,664.76,0.0688,2
1790660280,664.79,664.79,664.79,664.79,0.00,0.0,0
1790660340,664.79,664.79,664.79,664.79,0.00,0.0,0
1790660400,665.8,665.81,665.8,665.81,665.80,0.01695,2
1790660460,665.81,665.81,665.81,665.81,0.00,0.0,0
1790660520,665.81,665.81,665.81,665.81,0.00,0.0,0
1790660580,665.81,665.81,665.81,665.81,0.00,0.0,0
1790660640,665.81,665.81,665.81,665.81,0.00,0.0,0
1790660700,665.81,665.81,665.81,665.81,0.00,0.0,0
1790660760,665.81,665.81,665.81,665.81,0.00,0.0,0
1790660820,666.95,667.01,666.95,667.01,667.00,0.1485,2
1790660880,666.96,667.78,666.96,667.78,667.64,3.86241,9
1790660940,667.78,667.78,667.78,667.78,0.00,0.0,0
1790661000,667.78,667.78,667.78,667.78,0.00,0.0,0
1790661060,667.78,667.78,667.78,667.78,0.00,0.0,0
1790661120,667.78,667.78,667.78,667.78,0.00,0.0,0
1790661180,667.78,667.78,667.78,667.78,0.00,0.0,0
1790661240,667.78,667.78,667.78,667.78,0.00,0.0,0
1790661300,667.78,667.78,667.78,667.78,0.00,0.0,0
1790661360,668.55,668.92,668.55,668.92,668.82,0.10595,3
1790661420,668.92,668.92,668.92,668.92,0.00,0.0,0
1790661480,668.92,668.92,668.92,668.92,0.00,0.0,0
1790661540,668.65,668.65,668.53,668.53,668.57,0.04502,2
1790661600,668.67,668.67,668.67,668.67,668.67,0.00986,1
1790661660,668.67,668.67,668.67,668.67,0.00,0.0,0
1790661720,668.56,668.6,668.56,668.6,668.58,0.03927,2
1790661780,668.6,668.6,668.6,668.6,0.00,0.0,0
1790661840,668.6,668.6,668.6,668.6,0.00,0.0,0
1790661900,668.6,668.6,668.6,668.6,0.00,0.0,0
1790661960,668.6,668.6,668.6,668.6,0.00,0.0,0
1790662020,668.6,668.6,668.6,668.6,0.00,0.0,0
1790662080,668.6,668.6,668.6,668.6,0.00,0.0,0
1790662140,668.6,668.6,668.6,668.6,0.00,0.0,0
1790662200,668.6,668.6,668.6,668.6,0.00,0.0,0
1790662260,669.89,670.01,669.89,670.01,669.95,1.32858,3
1790662320,670.01,670.01,670.01,670.01,0.00,0.0,0
1790662380,670.09,670.09,670.09,670.09,670.09,0.06794,1
1790662440,670.29,670.29,670.29,670.29,670.29,0.0071,1
1790662500,670.29,670.29,670.29,670.29,0.00,0.0,0
1790662560,670.29,670.29,670.29,670.29,0.00,0.0,0
1790662620,670.29,670.29,670.29,670.29,0.00,0.0,0
1790662680,670.29,670.29,670.29,670.29,0.00,0.0,0
1790662740,670.29,670.29,670.29,670.29,0.00,0.0,0
1790662800,670.29,670.29,670.29,670.29,0.00,0.0,0
1790662860,670.29,670.29,670.29,670.29,0.00,0.0,0
1790662920,670.91,670.91,670.91,670.91,670.91,0.65584,1
1790662980,670.91,670.91,670.91,670.91,0.00,0.0,0
1790663040,670.91,670.91,670.91,670.91,0.00,0.0,0
1790663100,670.91,670.91,670.91,670.91,0.00,0.0,0
1790663160,670.91,670.91,670.91,670.91,0.00,0.0,0
1790663220,670.91,670.91,670.91,670.91,0.00,0.0,0
1790663280,670.91,670.91,670.91,670.91,0.00,0.0,0
1790663340,670.85,670.85,670.82,670.82,670.82,1.49089,3
1790663400,670.82,670.82,670.82,670.82,0.00,0.0,0
1790663460,670.82,670.82,670.82,670.82,0.00,0.0,0
1790663520,670.82,670.82,670.82,670.82,0.00,0.0,0
1790663580,670.82,670.82,670.82,670.82,0.00,0.0,0
1790663640,671.38,671.54,671.38,671.51,671.50,0.16579,4
1790663700,671.51,671.51,671.51,671.51,0.00,0.0,0
1790663760,671.51,671.51,671.51,671.51,0.00,0.0,0
1790663820,671.51,671.51,671.51,671.51,0.00,0.0,0
1790663880,671.51,671.51,671.51,671.51,0.00,0.0,0
1790663940,671.51,671.51,671.51,671.51,0.00,0.0,0
1790664000,671.51,671.51,671.51,671.51,0.00,0.0,0
1790664060,671.51,671.51,671.51,671.51,0.00,0.0,0
1790664120,671.52,671.52,671.52,671.52,671.52,0.02934,1
1790664180,671.52,671.52,671.52,671.52,0.00,0.0,0
1790664240,671.52,671.52,671.52,671.52,0.00,0.0,0
1790664300,671.71,671.71,671.57,671.57,671.64,0.06485,4
1790664360,671.57,671.57,671.57,671.57,0.00,0.0,0
1790664420,671.57,671.57,671.57,671.57,0.00,0.0,0
1790664480,671.57,671.57,671.57,671.57,0.00,0.0,0
1790664540,671.57,671.57,671.57,671.57,0.00,0.0,0
1790664600,671.57,671.57,671.57,671.57,0.00,0.0,0
1790664660,671.57,671.57,671.57,671.57,0.00,0.0,0
1790664720,671.57,671.57,671.57,671.57,0.00,0.0,0
1790664780,671.57,671.57,671.57,671.57,0.00,0.0,0
1790664840,672.85,672.87,672.85,672.87,672.86,0.07043,3
1790664900,673.3,673.3,673.3,673.3,673.30,0.0156,1
1790664960,673.39,673.39,673.39,673.39,673.39,0.00594,1
1790665020,673.32,673.32,673.01,673.01,673.20,7.2648,13
1790665080,673.01,673.01,673.01,673.01,0.00,0.0,0
1790665140,674.19,674.19,674.19,674.19,674.19,0.01153,1
1790665200,674.0,674.0,674.0,674.0,674.00,28.18991,5
1790665260,674.0,674.0,674.0,674.0,0.00,0.0,0
1790665320,674.0,674.0,674.0,674.0,0.00,0.0,0
1790665380,674.0,674.0,674.0,674.0,0.00,0.0,0
1790665440,674.46,674.49,674.27,674.27,674.31,0.18572,3
1790665500,674.27,674.27,674.27,674.27,0.00,0.0,0
1790665560,674.27,674.27,674.27,674.27,0.00,0.0,0
1790665620,675.56,675.6,675.49,675.49,675.52,0.61997,4
1790665680,675.5,675.5,675.5,675.5,675.50,0.04721,1
1790665740,676.0,676.01,676.0,676.01,676.00,0.07251,2
1790665800,676.01,676.01,676.01,676.01,0.00,0.0,0
1790665860,676.29,676.29,676.29,676.29,676.29,0.13098,1
1790665920,676.29,676.29,676.29,676.29,0.00,0.0,0
1790665980,676.29,676.29,676.29,676.29,0.00,0.0,0
1790666040,676.29,676.29,676.29,676.29,0.00,0.0,0
1790666100,676.29,676.29,676.29,676.29,0.00,0.0,0
1790666160,676.01,676.01,676.01,676.01,676.01,0.11035,1
1790666220,676.01,676.01,676.01,676.01,0.00,0.0,0
1790666280,676.01,676.01,676.01,676.01,0.00,0.0,0
1790666340,676.01,676.01,676.01,676.01,0.00,0.0,0
1790666400,676.09,676.09,676.05,676.05,676.07,0.03075,2
1790666460,676.05,676.05,676.05,676.05,0.00,0.0,0
1790666520,676.05,676.05,676.05,676.05,0.00,0.0,0
1790666580,675.81,676.32,675.81,676.32,676.29,0.16654,2
1790666640,676.32,676.32,676.32,676.32,0.00,0.0,0
1790666700,676.42,676.42,676.42,676.42,676.42,0.01684,1
1790666760,676.42,676.42,676.42,676.42,0.00,0.0,0
1790666820,676.42,676.42,676.42,676.42,0.00,0.0,0
1790666880,676.42,676.42,676.42,676.42,0.00,0.0,0
1790666940,676.42,676.42,676.42,676.42,0.00,0.0,0
1790667000,676.21,676.23,676.21,676.23,676.22,0.04108,2
1790667060,676.23,676.23,676.23,676.23,0.00,0.0,0
1790667120,676.23,676.23,676.23,676.23,0.00,0.0,0
1790667180,677.03,677.04,677.03,677.04,677.03,0.10869,2
1790667240,677.04,677.04,677.04,677.04,0.00,0.0,0
1790667300,677.04,677.04,677.04,677.04,0.00,0.0,0
1790667360,677.04,677.04,677.04,677.04,0.00,0.0,0
1790667420,677.04,677.04,677.04,677.04,0.00,0.0,0
1790667480,677.0,677.01,677.0,677.01,677.00,0.12525,2
1790667540,677.42,677.59,677.42,677.59,677.55,0.16999,3
1790667600,677.59,677.59,677.59,677.59,0.00,0.0,0
1790667660,677.59,677.59,677.59,677.59,0.00,0.0,0
1790667720,677.59,677.59,677.59,677.59,0.00,0.0,0
1790667780,677.59,677.59,677.59,677.59,0.00,0.0,0
1790667840,677.59,677.59,677.59,677.59,0.00,0.0,0
1790667900,677.59,677.59,677.59,677.59,0.00,0.0,0
1790667960,676.73,676.73,676.73,676.73,676.73,0.07334,1
1790668020,676.73,676.73,676.73,676.73,0.00,0.0,0
1790668080,677.03,677.14,677.03,677.14,677.07,2.195,3
1790668140,677.14,677.14,677.14,677.14,0.00,0.0,0
1790668200,677.14,677.14,677.14,677.14,0.00,0.0,0
1790668260,677.14,677.14,677.14,677.14,0.00,0.0,0
1790668320,677.24,677.24,673.33,674.59,676.53,9.58624,33
1790668380,674.59,674.59,674.59,674.59,0.00,0.0,0
1790668440,675.38,675.38,675.38,675.38,675.38,0.01172,1
1790668500,675.27,675.27,674.68,674.68,675.11,0.10967,5
1790668560,674.68,674.68,674.68,674.68,0.00,0.0,0
1790668620,674.68,674.68,674.68,674.68,0.00,0.0,0
1790668680,674.56,674.57,674.56,674.57,674.56,1.18117,2
1790668740,674.42,674.42,674.42,674.42,674.42,0.007,1
1790668800,674.68,674.84,674.68,674.84,674.68,0.22065,2
1790668860,674.84,674.84,674.84,674.84,0.00,0.0,0
1790668920,674.84,674.84,674.84,674.84,0.00,0.0,0
1790668980,674.84,674.84,674.84,674.84,0.00,0.0,0
1790669040,674.14,674.19,674.14,674.19,674.18,0.08046,2
1790669100,674.19,674.19,674.19,674.19,0.00,0.0,0
1790669160,674.19,674.19,674.19,674.19,0.00,0.0,0
1790669220,673.8,673.8,673.76,673.76,673.76,0.5324,4
1790669280,673.76,673.76,673.76,673.76,0.00,0.0,0
1790669340,673.76,673.76,673.76,673.76,0.00,0.0,0
1790669400,673.72,673.72,673.72,673.72,673.72,0.0156,1
1790669460,673.72,673.72,673.72,673.72,0.00,0.0,0
1790669520,673.72,673.72,673.72,673.72,0.00,0.0,0
1790669580,673.72,673.72,673.72,673.72,0.00,0.0,0
1790669640,673.72,673.72,673.72,673.72,0.00,0.0,0
1790669700,673.72,673.72,673.72,673.72,0.00,0.0,0
1790669760,674.52,674.52,674.52,674.52,674.52,0.20496,1
1790669820,674.52,674.52,674.52,674.52,0.00,0.0,0
1790669880,674.52,674.52,674.52,674.52,0.00,0.0,0
1790669940,674.57,674.57,674.57,674.57,674.57,0.0156,1
1790670000,674.57,674.57,674.57,674.57,0.00,0.0,0
1790670060,675.37,675.37,675.37,675.37,675.37,0.0156,1
1790670120,676.41,676.53,676.36,676.36,676.40,0.98017,5
1790670180,676.36,676.36,676.36,676.36,0.00,0.0,0
1790670240,676.36,676.36,676.36,676.36,0.00,0.0,0
1790670300,675.71,675.81,675.71,675.81,675.74,0.04423,3
1790670360,676.03,676.03,676.03,676.03,676.03,0.38769,1
1790670420,675.72,675.74,675.72,675.74,675.73,0.14664,2
1790670480,675.87,675.9,675.87,675.9,675.89,0.07839,3
1790670540,675.67,675.67,675.67,675.67,675.67,0.0156,1
1790670600,675.73,675.73,675.73,675.73,675.73,0.02727,1
1790670660,675.73,675.73,675.73,675.73,0.00,0.0,0
1790670720,675.1,675.1,675.1,675.1,675.10,0.0295,1
1790670780,674.73,674.73,674.73,674.73,674.73,0.14821,1
1790670840,674.58,674.58,674.58,674.58,674.58,0.01479,1
1790670900,674.58,674.58,674.58,674.58,0.00,0.0,0
1790670960,674.58,674.58,674.58,674.58,0.00,0.0,0
1790671020,674.58,674.58,674.58,674.58,0.00,0.0,0
1790671080,674.58,674.58,674.58,674.58,0.00,0.0,0
1790671140,674.58,674.58,674.58,674.58,0.00,0.0,0
1790671200,674.29,674.29,674.0,674.0,674.26,0.17081,2
1790671260,674.0,674.0,674.0,674.0,0.00,0.0,0
1790671320,673.75,673.75,673.69,673.69,673.69,0.145,2
1790671380,673.91,673.91,673.91,673.91,673.91,0.62997,1
1790671440,673.91,673.91,673.91,673.91,0.00,0.0,0
1790671500,673.91,673.91,673.91,673.91,0.00,0.0,0
1790671560,673.91,673.91,673.91,673.91,0.00,0.0,0
1790671620,673.91,673.91,673.91,673.91,0.00,0.0,0
1790671680,673.31,673.34,673.31,673.34,673.32,0.03694,2
1790671740,673.76,673.76,673.73,673.73,673.73,0.2642,2
1790671800,673.73,673.73,673.73,673.73,0.00,0.0,0
1790671860,673.72,673.73,673.72,673.73,673.72,0.07082,2
1790671920,673.73,673.73,673.73,673.73,0.00,0.0,0
1790671980,673.01,673.08,673.01,673.08,673.02,0.89119,2
1790672040,673.08,673.08,673.08,673.08,0.00,0.0,0
1790672100,673.09,673.09,673.09,673.09,673.09,0.0279,1
1790672160,673.09,673.09,673.09,673.09,0.00,0.0,0
1790672220,673.09,673.09,673.09,673.09,0.00,0.0,0
1790672280,673.39,673.39,673.39,673.39,673.39,0.02126,1
1790672340,673.39,673.39,673.39,673.39,0.00,0.0,0
1790672400,673.39,673.39,673.39,673.39,0.00,0.0,0
1790672460,673.25,673.25,673.25,673.25,673.25,0.03436,1
1790672520,673.25,673.25,673.25,673.25,0.00,0.0,0
1790672580,673.02,673.02,673.02,673.02,673.02,0.0111,1
1790672640,673.02,673.02,673.02,673.02,0.00,0.0,0
1790672700,673.25,673.25,673.21,673.21,673.21,0.12336,2
1790672760,673.21,673.21,673.21,673.21,0.00,0.0,0
1790672820,673.08,673.08,673.08,673.08,673.08,0.65482,1
1790672880,672.87,672.99,672.87,672.98,672.89,0.12872,3
1790672940,672.9,672.9,672.9,672.9,672.90,0.0156,1
1790673000,672.9,672.9,672.9,672.9,0.00,0.0,0
1790673060,672.87,672.87,672.84,672.84,672.85,0.19711,3
1790673120,672.88,672.91,672.88,672.91,672.88,0.01648,2
1790673180,673.04,673.04,673.04,673.04,673.04,0.0156,1
1790673240,673.04,673.04,673.04,673.04,0.00,0.0,0
1790673300,673.04,673.04,673.04,673.04,0.00,0.0,0
1790673360,673.04,673.04,673.04,673.04,0.00,0.0,0
1790673420,673.38,673.44,673.38,673.44,673.40,0.07054,2
1790673480,673.54,673.56,673.54,673.55,673.54,0.13335,3
1790673540,673.55,673.55,673.55,673.55,0.00,0.0,0
1790673600,673.55,673.55,673.55,673.55,0.00,0.0,0
1790673660,673.32,673.32,673.32,673.32,673.32,0.65491,1
1790673720,673.11,673.11,673.11,673.11,673.11,0.65506,1
1790673780,673.11,673.11,673.11,673.11,0.00,0.0,0
1790673840,673.18,673.18,673.18,673.18,673.18,0.65513,1
1790673900,673.19,673.19,673.13,673.13,673.13,0.18486,2
1790673960,673.23,673.23,673.17,673.17,673.17,1.47925,3
1790674020,673.28,673.49,673.28,673.49,673.45,2.01424,5
1790674080,673.49,673.49,673.49,673.49,0.00,0.0,0
1790674140,673.49,673.49,673.49,673.49,0.00,0.0,0
1790674200,673.49,673.49,673.49,673.49,0.00,0.0,0
1790674260,673.34,673.34,673.34,673.34,673.34,1.18117,2
1790674320,673.46,673.57,673.46,673.57,673.46,1.21225,2
1790674380,673.45,673.62,673.44,673.62,673.53,2.23436,5
1790674440,673.62,673.62,673.62,673.62,0.00,0.0,0
1790674500,673.62,673.62,673.62,673.62,0.00,0.0,0
1790674560,673.55,673.56,673.55,673.56,673.55,0.08534,2
1790674620,673.56,673.56,673.56,673.56,0.00,0.0,0
1790674680,673.96,673.98,673.95,673.95,673.95,0.07652,3
1790674740,673.95,673.95,673.95,673.95,0.00,0.0,0
1790674800,673.95,673.95,673.95,673.95,0.00,0.0,0
1790674860,673.95,673.95,673.95,673.95,0.00,0.0,0
1790674920,673.95,673.95,673.95,673.95,0.00,0.0,0
1790674980,673.95,673.95,673.95,673.95,0.00,0.0,0
1790675040,673.95,673.95,673.95,673.95,0.00,0.0,0
1790675100,674.21,674.21,674.21,674.21,674.21,0.01177,1
1790675160,674.21,674.21,674.21,674.21,0.00,0.0,0
1790675220,674.21,674.21,674.21,674.21,0.00,0.0,0
1790675280,674.21,674.21,674.21,674.21,0.00,0.0,0
1790675340,674.21,674.21,674.21,674.21,0.00,0.0,0
1790675400,675.3,675.3,675.3,675.3,675.30,0.65328,1
1790675460,675.3,675.3,675.3,675.3,675.30,0.01604,1
1790675520,675.3,675.3,675.3,675.3,0.00,0.0,0
1790675580,675.3,675.3,675.3,675.3,0.00,0.0,0
1790675640,675.32,675.32,675.32,675.32,675.32,0.007,1
1790675700,674.89,674.89,674.86,674.86,674.87,0.04139,2
1790675760,674.86,674.86,674.86,674.86,0.00,0.0,0
1790675820,674.86,674.86,674.86,674.86,0.00,0.0,0
1790675880,674.86,674.86,674.86,674.86,0.00,0.0,0
1790675940,674.86,674.86,674.86,674.86,0.00,0.0,0
1790676000,674.8,674.8,674.52,674.52,674.55,0.05719,3
1790676060,674.52,674.52,674.52,674.52,0.00,0.0,0
1790676120,674.52,674.52,674.52,674.52,0.00,0.0,0
1790676180,674.52,674.52,674.52,674.52,0.00,0.0,0
1790676240,674.04,674.04,674.04,674.04,674.04,0.29697,1
1790676300,673.99,673.99,673.99,673.99,673.99,0.03029,1
1790676360,673.99,673.99,673.99,673.99,0.00,0.0,0
1790676420,673.99,673.99,673.99,673.99,0.00,0.0,0
1790676480,673.99,673.99,673.99,673.99,0.00,0.0,0
1790676540,673.99,673.99,673.99,673.99,0.00,0.0,0
1790676600,673.99,673.99,673.99,673.99,0.00,0.0,0
1790676660,673.99,673.99,673.99,673.99,0.00,0.0,0
1790676720,673.99,673.99,673.99,673.99,0.00,0.0,0
1790676780,674.64,674.64,674.59,674.59,674.62,0.02348,2
1790676840,674.59,674.59,674.59,674.59,0.00,0.0,0
1790676900,674.3,674.44,674.3,674.44,674.34,0.74147,3
1790676960,674.41,674.41,674.41,674.41,674.41,0.02891,1
1790677020,674.25,674.25,674.25,674.25,674.25,0.0156,1
1790677080,674.25,674.25,674.25,674.25,0.00,0.0,0
1790677140,674.25,674.25,674.25,674.25,0.00,0.0,0
1790677200,674.25,674.25,674.25,674.25,0.00,0.0,0
1790677260,674.25,674.25,674.25,674.25,0.00,0.0,0
1790677320,674.25,674.25,674.25,674.25,0.00,0.0,0
1790677380,674.25,674.25,674.25,674.25,0.00,0.0,0
1790677440,674.25,674.25,674.25,674.25,0.00,0.0,0
1790677500,674.25,674.25,674.25,674.25,0.00,0.0,0
1790677560,673.7,673.71,673.7,673.71,673.70,0.01699,2
1790677620,673.71,673.71,673.71,673.71,0.00,0.0,0
1790677680,673.71,673.71,673.71,673.71,0.00,0.0,0
1790677740,673.71,673.71,673.71,673.71,0.00,0.0,0
1790677800,673.71,673.71,673.71,673.71,0.00,0.0,0
1790677860,673.71,673.71,673.71,673.71,0.00,0.0,0
1790677920,673.71,673.71,673.71,673.71,0.00,0.0,0
1790677980,673.71,673.71,673.71,673.71,0.00,0.0,0
1790678040,673.46,673.5,673.46,673.5,673.47,1.26882,2
1790678100,673.75,673.75,673.75,673.75,673.75,0.06875,1
1790678160,673.75,673.75,673.75,673.75,0.00,0.0,0
1790678220,673.75,673.75,673.75,673.75,0.00,0.0,0
1790678280,673.75,673.75,673.75,673.75,0.00,0.0,0
1790678340,673.75,673.75,673.75,673.75,0.00,0.0,0
1790678400,673.48,673.48,673.48,673.48,673.48,0.02989,1
1790678460,673.48,673.48,673.48,673.48,0.00,0.0,0
1790678520,673.12,673.12,673.12,673.12,673.12,0.04038,1
1790678580,672.97,672.97,672.95,672.95,672.95,0.33637,2
1790678640,672.95,672.95,672.95,672.95,0.00,0.0,0
1790678700,672.95,672.95,672.95,672.95,0.00,0.0,0
1790678760,673.11,673.13,673.01,673.01,673.04,0.20257,8
1790678820,672.88,672.88,672.88,672.88,672.88,0.01,1
1790678880,672.99,673.11,672.99,673.11,673.05,2.18569,4
1790678940,673.11,673.11,673.11,673.11,0.00,0.0,0
1790679000,673.11,673.11,673.11,673.11,0.00,0.0,0
1790679060,672.76,672.76,672.76,672.76,672.76,0.02613,1
1790679120,672.76,672.76,672.76,672.76,0.00,0.0,0
1790679180,672.76,672.76,672.76,672.76,0.00,0.0,0
1790679240,672.76,672.76,672.76,672.76,0.00,0.0,0
1790679300,672.76,672.76,672.76,672.76,0.00,0.0,0
1790679360,672.76,672.76,672.76,672.76,0.00,0.0,0
1790679420,672.76,672.76,672.76,672.76,0.00,0.0,0
1790679480,673.17,673.38,673.13,673.13,673.27,0.09515,4
1790679540,673.24,673.24,673.19,673.19,673.19,0.44,2
1790679600,673.19,673.19,673.19,673.19,0.00,0.0,0
1790679660,673.19,673.19,673.19,673.19,0.00,0.0,0
1790679720,673.19,673.19,673.19,673.19,0.00,0.0,0
1790679780,673.5,673.56,673.5,673.56,673.52,0.02611,2
1790679840,673.56,673.56,673.56,673.56,0.00,0.0,0
1790679900,673.56,673.56,673.56,673.56,0.00,0.0,0
1790679960,673.37,673.39,673.37,673.39,673.37,0.0293,2
1790680020,673.46,673.46,673.41,673.41,673.43,0.03469,2
1790680080,673.41,673.41,673.41,673.41,0.00,0.0,0
1790680140,673.41,673.41,673.41,673.41,0.00,0.0,0
1790680200,673.41,673.41,673.41,673.41,0.00,0.0,0
1790680260,673.41,673.41,673.41,673.41,0.00,0.0,0
1790680320,673.17,673.35,673.17,673.35,673.20,0.7003,3
1790680380,673.35,673.35,673.35,673.35,0.00,0.0,0
1790680440,673.35,673.35,673.35,673.35,0.00,0.0,0
1790680500,673.35,673.35,673.35,673.35,0.00,0.0,0
1790680560,673.35,673.35,673.35,673.35,0.00,0.0,0
1790680620,673.35,673.35,673.35,673.35,0.00,0.0,0
1790680680,673.35,673.35,673.35,673.35,0.00,0.0,0
1790680740,673.35,673.35,673.35,673.35,0.00,0.0,0
1790680800,673.35,673.35,673.35,673.35,0.00,0.0,0
1790680860,673.35,673.35,673.35,673.35,0.00,0.0,0
1790680920,673.04,673.04,673.04,673.04,673.04,0.37145,1
1790680980,673.04,673.04,673.04,673.04,0.00,0.0,0
1790681040,673.04,673.04,673.04,673.04,0.00,0.0,0
1790681100,673.12,673.12,673.06,673.06,673.08,0.04044,2
1790681160,673.06,673.06,673.06,673.06,0.00,0.0,0
1790681220,673.06,673.06,673.06,673.06,0.00,0.0,0
1790681280,673.06,673.06,673.06,673.06,0.00,0.0,0
1790681340,673.06,673.06,673.06,673.06,0.00,0.0,0
1790681400,673.06,673.06,673.06,673.06,0.00,0.0,0
1790681460,673.06,673.06,673.06,673.06,0.00,0.0,0
1790681520,673.75,674.08,673.75,674.08,673.83,0.18277,2
1790681580,674.08,674.08,674.08,674.08,0.00,0.0,0
1790681640,674.08,674.08,674.08,674.08,0.00,0.0,0
1790681700,674.89,674.89,674.89,674.89,674.89,0.02085,1
1790681760,674.89,674.89,674.89,674.89,0.00,0.0,0
1790681820,674.5,674.5,674.5,674.5,674.50,0.65314,1
1790681880,674.5,674.5,674.5,674.5,0.00,0.0,0
1790681940,674.5,674.5,674.5,674.5,0.00,0.0,0
1790682000,674.5,674.5,674.5,674.5,0.00,0.0,0
1790682060,674.12,674.15,674.12,674.15,674.14,0.33682,2
1790682120,674.15,674.15,674.15,674.15,0.00,0.0,0
1790682180,674.15,674.15,674.15,674.15,0.00,0.0,0
1790682240,674.39,674.39,674.39,674.39,674.39,0.0156,1
1790682300,674.62,674.74,674.62,674.71,674.62,0.69743,3
1790682360,674.67,674.67,674.67,674.67,674.67,0.65304,1
1790682420,675.11,675.15,675.01,675.15,675.14,1.20046,4
1790682480,675.15,675.15,675.15,675.15,0.00,0.0,0
1790682540,675.27,675.34,675.02,675.26,675.22,1.97023,9
1790682600,675.26,675.26,675.26,675.26,0.00,0.0,0
1790682660,675.57,675.57,675.57,675.57,675.57,0.034,1
1790682720,675.06,675.06,675.06,675.06,675.06,0.65253,1
1790682780,675.06,675.06,675.06,675.06,0.00,0.0,0
1790682840,675.06,675.06,675.06,675.06,0.00,0.0,0
1790682900,675.28,675.28,675.28,675.28,675.28,0.06845,1
1790682960,675.28,675.28,675.28,675.28,0.00,0.0,0
1790683020,675.28,675.28,675.28,675.28,0.00,0.0,0
1790683080,675.21,675.21,675.13,675.13,675.17,0.02961,2
1790683140,675.13,675.13,675.13,675.13,0.00,0.0,0
1790683200,675.13,675.13,675.13,675.13,0.00,0.0,0
1790683260,675.13,675.13,675.13,675.13,0.00,0.0,0
1790683320,675.22,675.26,675.22,675.26,675.24,0.04653,2
1790683380,675.26,675.26,675.26,675.26,0.00,0.0,0
1790683440,674.79,674.79,674.79,674.79,674.79,0.03763,1
1790683500,674.79,674.79,674.79,674.79,0.00,0.0,0
1790683560,674.79,674.79,674.79,674.79,0.00,0.0,0
1790683620,674.79,674.79,674.79,674.79,0.00,0.0,0
1790683680,674.79,674.79,674.79,674.79,0.00,0.0,0
1790683740,674.79,674.79,674.79,674.79,0.00,0.0,0
1790683800,674.79,674.79,674.79,674.79,0.00,0.0,0
1790683860,674.79,674.79,674.79,674.79,0.00,0.0,0
1790683920,674.41,674.41,674.38,674.38,674.38,0.4429,2
1790683980,674.41,674.41,674.41,674.41,674.41,0.0128,1
1790684040,674.41,674.41,674.41,674.41,0.00,0.0,0
1790684100,674.41,674.41,674.41,674.41,0.00,0.0,0
1790684160,674.97,675.49,674.97,675.49,675.24,0.09127,2
1790684220,675.49,675.49,675.49,675.49,0.00,0.0,0
1790684280,675.49,675.49,675.49,675.49,0.00,0.0,0
1790684340,675.49,675.49,675.49,675.49,0.00,0.0,0
1790684400,675.49,675.49,675.49,675.49,0.00,0.0,0
1790684460,674.07,674.07,674.06,674.06,674.06,0.03677,2
1790684520,674.06,674.06,674.06,674.06,0.00,0.0,0
1790684580,673.92,673.92,673.91,673.91,673.91,0.08925,2
1790684640,673.91,673.91,673.91,673.91,0.00,0.0,0
1790684700,673.91,673.91,673.91,673.91,0.00,0.0,0
1790684760,673.91,673.91,673.91,673.91,0.00,0.0,0
1790684820,674.14,674.14,673.95,673.96,674.07,0.13724,4
1790684880,673.96,673.96,673.96,673.96,0.00,0.0,0
1790684940,673.96,673.96,673.96,673.96,0.00,0.0,0
1790685000,673.96,673.96,673.96,673.96,0.00,0.0,0
1790685060,673.96,673.96,673.96,673.96,0.00,0.0,0
1790685120,673.96,673.96,673.96,673.96,0.00,0.0,0
1790685180,673.96,673.96,673.96,673.96,0.00,0.0,0
1790685240,673.96,673.96,673.96,673.96,0.00,0.0,0
1790685300,673.96,673.96,673.96,673.96,0.00,0.0,0
1790685360,674.59,674.66,674.59,674.66,674.62,0.0348,2
1790685420,674.69,674.78,674.69,674.78,674.75,0.0747,2
1790685480,674.78,674.78,674.78,674.78,0.00,0.0,0
1790685540,675.74,675.74,675.73,675.73,675.73,0.02654,2
1790685600,675.73,675.73,675.73,675.73,0.00,0.0,0
1790685660,675.73,675.73,675.73,675.73,0.00,0.0,0
1790685720,675.73,675.73,675.73,675.73,0.00,0.0,0
1790685780,674.97,674.97,674.96,674.96,674.96,0.36412,2
1790685840,675.2,675.2,675.14,675.14,675.17,0.0312,2
1790685900,674.52,674.52,674.44,674.44,674.50,0.70585,4
1790685960,674.03,674.03,674.03,674.03,674.03,0.03188,1
1790686020,674.46,674.51,674.46,674.51,674.49,0.07764,2
1790686080,674.51,674.51,674.51,674.51,0.00,0.0,0
1790686140,674.51,674.51,674.51,674.51,0.00,0.0,0
1790686200,674.51,674.51,674.51,674.51,0.00,0.0,0
1790686260,674.51,674.51,674.51,674.51,0.00,0.0,0
1790686320,674.41,674.41,674.41,674.41,674.41,0.007,1
1790686380,674.24,674.24,674.24,674.24,674.24,0.14832,1
1790686440,674.23,674.23,674.23,674.23,674.23,0.007,1
1790686500,674.52,674.52,674.52,674.52,674.52,0.007,1
1790686560,674.42,674.42,674.42,674.42,674.42,0.08364,1
1790686620,674.68,674.74,674.68,674.74,674.70,0.02958,2
1790686680,674.65,674.65,674.65,674.65,674.65,0.07411,1
1790686740,674.65,674.65,674.65,674.65,0.00,0.0,0
1790686800,674.65,674.65,674.65,674.65,0.00,0.0,0
1790686860,674.65,674.65,674.65,674.65,0.00,0.0,0
1790686920,674.65,674.65,674.65,674.65,0.00,0.0,0
1790686980,674.33,674.33,674.33,674.33,674.33,0.03692,1
1790687040,674.17,674.42,674.09,674.42,674.29,0.16711,5
1790687100,674.42,674.42,674.42,674.42,0.00,0.0,0
1790687160,674.35,674.49,674.35,674.49,674.42,0.82047,4
1790687220,674.51,674.62,674.51,674.62,674.61,0.75,3
1790687280,675.02,675.03,675.02,675.03,675.02,0.1115,3
1790687340,675.36,675.41,675.36,675.41,675.40,1.02656,2
1790687400,675.23,675.36,675.23,675.36,675.34,0.04629,2
1790687460,675.36,675.36,675.36,675.36,0.00,0.0,0
1790687520,675.36,675.36,675.36,675.36,0.00,0.0,0
1790687580,675.36,675.36,675.36,675.36,0.00,0.0,0
1790687640,675.36,675.36,675.36,675.36,0.00,0.0,0
1790687700,674.83,674.83,674.83,674.83,674.83,10.0,3
1790687760,675.0,675.1,675.0,675.01,675.02,0.99177,3
1790687820,675.27,675.27,675.27,675.27,675.27,0.00761,1
1790687880,675.27,675.27,675.27,675.27,0.00,0.0,0
1790687940,675.45,675.45,675.45,675.45,675.45,0.00808,1
1790688000,675.53,675.53,675.53,675.53,675.53,0.00805,1
1790688060,675.45,675.45,675.45,675.45,675.45,0.16427,1
1790688120,675.52,675.52,675.52,675.52,675.52,0.05557,1
1790688180,675.44,675.44,675.44,675.44,675.44,0.26287,1
1790688240,675.44,675.44,675.44,675.44,0.00,0.0,0
1790688300,675.44,675.44,675.44,675.44,0.00,0.0,0
1790688360,675.44,675.44,675.44,675.44,0.00,0.0,0
1790688420,675.32,675.32,675.32,675.32,675.32,0.05559,1
1790688480,675.69,675.69,675.6,675.6,675.67,0.1712,3
1790688540,675.6,675.6,675.6,675.6,0.00,0.0,0
1790688600,675.6,675.6,675.6,675.6,0.00,0.0,0
1790688660,675.6,675.6,675.6,675.6,0.00,0.0,0
1790688720,675.6,675.6,675.6,675.6,0.00,0.0,0
1790688780,675.6,675.6,675.6,675.6,0.00,0.0,0
1790688840,673.7,673.7,673.7,673.7,673.70,0.65445,1
1790688900,673.7,673.7,673.7,673.7,0.00,0.0,0
1790688960,673.42,673.42,673.42,673.42,673.42,0.02222,1
1790689020,673.42,673.42,673.42,673.42,0.00,0.0,0
1790689080,673.42,673.42,673.42,673.42,0.00,0.0,0
1790689140,674.75,674.75,674.75,674.75,674.75,0.03623,1
1790689200,674.75,674.75,674.75,674.75,0.00,0.0,0
1790689260,674.45,674.45,674.45,674.45,674.45,0.04012,1
1790689320,674.31,674.31,674.31,674.31,674.31,0.04019,1
1790689380,674.11,674.48,674.11,674.48,674.22,0.10088,4
1790689440,673.95,674.07,673.95,674.07,674.06,0.21519,2
1790689500,674.07,674.07,674.07,674.07,0.00,0.0,0
1790689560,673.61,673.61,673.61,673.61,673.61,5.0,1
1790689620,673.61,673.61,673.61,673.61,0.00,0.0,0
1790689680,673.84,673.89,673.71,673.71,673.79,0.18139,4
1790689740,673.71,673.71,673.71,673.71,0.00,0.0,0
1790689800,673.71,673.71,673.71,673.71,0.00,0.0,0
1790689860,673.95,673.95,673.94,673.94,673.94,0.187,2
1790689920,674.51,674.51,674.51,674.51,674.51,0.0156,1
1790689980,674.51,674.51,674.51,674.51,0.00,0.0,0
1790690040,674.51,674.51,674.51,674.51,0.00,0.0,0
1790690100,674.51,674.51,674.51,674.51,0.00,0.0,0
1790690160,674.51,674.51,674.51,674.51,0.00,0.0,0
1790690220,674.51,674.51,674.51,674.51,0.00,0.0,0
1790690280,674.55,674.55,674.55,674.55,674.55,0.20712,1
1790690340,674.42,674.42,674.0,674.0,674.16,0.33262,6
1790690400,674.0,674.0,674.0,674.0,0.00,0.0,0
1790690460,674.0,674.0,674.0,674.0,0.00,0.0,0
1790690520,673.41,673.41,673.38,673.38,673.39,0.03494,2
1790690580,673.38,673.38,673.38,673.38,0.00,0.0,0
1790690640,672.98,672.98,672.98,672.98,672.98,0.14934,1
1790690700,672.98,672.98,672.98,672.98,0.00,0.0,0
1790690760,672.83,672.83,672.81,672.81,672.81,0.03992,3
1790690820,672.79,672.8,672.4,672.4,672.72,0.08429,3
1790690880,672.34,672.34,672.34,672.34,672.34,0.05793,1
1790690940,672.02,672.16,672.02,672.16,672.13,0.09948,3
1790691000,671.88,671.88,671.88,671.88,671.88,0.01464,1
1790691060,671.88,671.88,671.88,671.88,0.00,0.0,0
1790691120,671.88,671.88,671.88,671.88,0.00,0.0,0
1790691180,671.88,671.88,671.88,671.88,0.00,0.0,0
1790691240,671.88,671.88,671.88,671.88,0.00,0.0,0
1790691300,671.86,671.86,671.86,671.86,671.86,0.01184,1
1790691360,671.5,671.79,671.5,671.79,671.63,0.02978,2
1790691420,671.79,671.79,671.79,671.79,0.00,0.0,0
1790691480,671.79,671.79,671.79,671.79,0.00,0.0,0
1790691540,671.79,671.79,671.79,671.79,0.00,0.0,0
1790691600,673.33,673.5,673.28,673.39,673.38,0.15399,5
1790691660,673.39,673.39,673.39,673.39,0.00,0.0,0
1790691720,673.39,673.39,673.39,673.39,0.00,0.0,0
1790691780,672.76,672.76,672.76,672.76,672.76,0.0156,1
1790691840,672.76,672.76,672.76,672.76,0.00,0.0,0
1790691900,672.76,672.76,672.76,672.76,0.00,0.0,0
1790691960,672.76,672.76,672.76,672.76,0.00,0.0,0
1790692020,673.56,673.56,673.56,673.56,673.56,0.48194,1
1790692080,673.56,673.56,673.56,673.56,0.00,0.0,0
1790692140,673.56,673.56,673.56,673.56,0.00,0.0,0
1790692200,673.11,673.16,673.11,673.16,673.13,0.03297,2
1790692260,673.7,673.79,673.67,673.79,673.75,0.12667,3
1790692320,673.79,673.79,673.79,673.79,0.00,0.0,0
1790692380,673.7,673.7,673.7,673.7,673.70,0.007,1
1790692440,673.92,673.96,673.92,673.96,673.94,0.03965,2
1790692500,673.63,673.63,673.21,673.21,673.60,0.47101,3
1790692560,673.21,673.21,673.21,673.21,0.00,0.0,0
1790692620,672.93,672.97,672.93,672.97,672.94,0.02694,2
1790692680,673.65,673.83,673.65,673.83,673.73,1.39539,7
1790692740,673.83,673.83,673.83,673.83,0.00,0.0,0
1790692800,674.39,674.39,674.39,674.39,674.39,0.65347,1
1790692860,674.39,674.39,674.39,674.39,0.00,0.0,0
1790692920,674.4,674.4,674.4,674.4,674.40,0.6536,1
1790692980,674.4,674.4,674.4,674.4,0.00,0.0,0
1790693040,674.4,674.4,674.4,674.4,0.00,0.0,0
1790693100,674.68,674.68,674.66,674.66,674.66,0.03719,2
1790693160,674.66,674.66,674.66,674.66,0.00,0.0,0
1790693220,674.66,674.66,674.66,674.66,0.00,0.0,0
1790693280,674.66,674.66,674.66,674.66,0.00,0.0,0
1790693340,674.66,674.66,674.66,674.66,0.00,0.0,0
1790693400,673.75,673.77,673.75,673.77,673.76,0.13159,2
1790693460,673.77,673.77,673.77,673.77,0.00,0.0,0
1790693520,673.77,673.77,673.77,673.77,0.00,0.0,0
1790693580,673.77,673.77,673.77,673.77,0.00,0.0,0
1790693640,673.9,673.9,673.9,673.9,673.90,0.12926,1
1790693700,673.99,674.12,673.99,674.11,674.07,0.04318,3
1790693760,674.11,674.11,674.11,674.11,0.00,0.0,0
1790693820,674.29,674.29,674.29,674.29,674.29,0.03853,1
1790693880,674.29,674.29,674.29,674.29,0.00,0.0,0
1790693940,674.29,674.29,674.29,674.29,0.00,0.0,0
1790694000,674.29,674.29,674.29,674.29,0.00,0.0,0
1790694060,674.29,674.29,674.29,674.29,0.00,0.0,0
1790694120,674.29,674.29,674.29,674.29,0.00,0.0,0
1790694180,671.76,671.77,671.76,671.77,671.76,0.72126,2
1790694240,671.77,671.77,671.77,671.77,0.00,0.0,0
1790694300,671.77,671.77,671.77,671.77,0.00,0.0,0
1790694360,670.85,670.85,670.82,670.82,670.83,0.02963,2
1790694420,670.99,671.23,670.99,671.23,671.19,0.1367,3
1790694480,671.23,671.23,671.23,671.23,0.00,0.0,0
1790694540,671.23,671.23,671.23,671.23,0.00,0.0,0
1790694600,671.23,671.23,671.23,671.23,0.00,0.0,0
1790694660,670.67,670.68,670.67,670.68,670.67,0.2088,2
1790694720,670.67,670.67,670.53,670.53,670.54,0.21808,3
1790694780,670.53,670.53,670.53,670.53,0.00,0.0,0
1790694840,669.36,669.47,669.25,669.47,669.30,0.04368,4
1790694900,670.11,670.11,670.11,670.11,670.11,0.13956,1
1790694960,670.31,670.31,670.31,670.31,670.31,0.06932,1
1790695020,670.15,670.15,670.15,670.15,670.15,0.0156,1
1790695080,669.64,669.64,669.56,669.57,669.59,1.8399,3
1790695140,669.57,669.57,669.57,669.57,0.00,0.0,0
1790695200,669.05,669.14,669.05,669.14,669.09,0.03008,2
1790695260,668.72,669.48,668.72,669.46,669.21,0.04886,3
1790695320,669.46,669.46,669.46,669.46,0.00,0.0,0
1790695380,669.46,669.46,669.46,669.46,0.00,0.0,0
1790695440,668.08,668.08,668.08,668.08,668.08,0.03186,1
1790695500,666.79,666.79,666.79,666.79,666.79,0.09432,1
1790695560,666.46,666.46,666.46,666.46,666.46,0.007,1
1790695620,665.81,665.81,665.81,665.81,665.81,0.03837,1
1790695680,665.02,665.02,665.02,665.02,665.02,0.01154,1
1790695740,665.02,665.02,665.02,665.02,0.00,0.0,0
1790695800,666.13,666.13,666.13,666.13,666.13,0.05579,1
1790695860,666.13,666.13,666.13,666.13,0.00,0.0,0
1790695920,666.89,666.89,666.87,666.87,666.87,0.07029,2
1790695980,666.77,666.77,666.77,666.77,666.77,0.13585,1
1790696040,666.77,666.77,666.77,666.77,0.00,0.0,0
1790696100,666.37,666.37,666.37,666.37,666.37,0.03199,1
1790696160,666.37,666.37,666.37,666.37,0.00,0.0,0
1790696220,666.37,666.37,666.37,666.37,0.00,0.0,0
1790696280,666.12,666.12,666.12,666.12,666.12,0.00962,1
1790696340,666.4,666.4,666.38,666.38,666.38,0.68764,2
1790696400,666.5,666.53,666.46,666.46,666.52,0.32694,4
1790696460,666.81,666.81,666.81,666.81,666.81,0.0156,1
1790696520,666.81,666.81,666.81,666.81,0.00,0.0,0
1790696580,666.35,666.39,666.35,666.39,666.36,0.03001,2
1790696640,666.68,666.72,666.68,666.72,666.71,0.0938,2
1790696700,667.17,667.17,667.17,667.17,667.17,0.0259,1
1790696760,667.17,667.17,667.17,667.17,0.00,0.0,0
1790696820,666.09,666.95,665.94,666.95,666.12,2.37501,7
1790696880,667.61,667.63,667.61,667.63,667.62,0.0312,2
1790696940,667.48,667.48,667.48,667.48,667.48,0.02589,1
1790697000,666.73,666.89,666.73,666.89,666.87,0.27511,3
1790697060,666.16,666.16,666.16,666.16,666.16,0.14411,1
1790697120,666.16,666.16,666.16,666.16,0.00,0.0,0
1790697180,666.16,666.16,666.16,666.16,0.00,0.0,0
1790697240,666.16,666.16,666.16,666.16,0.00,0.0,0
1790697300,665.25,665.63,665.25,665.63,665.59,0.7341,2
1790697360,665.63,665.63,665.63,665.63,0.00,0.0,0
1790697420,665.63,665.63,665.63,665.63,0.00,0.0,0
1790697480,665.63,665.63,665.63,665.63,0.00,0.0,0
1790697540,664.74,664.78,664.27,664.61,664.71,0.35163,7
1790697600,664.75,665.06,664.61,664.99,664.84,0.0506,6
1790697660,665.41,665.71,665.41,665.63,665.56,2.36934,3
1790697720,665.81,665.85,665.76,665.76,665.81,1.99454,4
1790697780,665.85,665.85,665.82,665.82,665.83,0.014,2
1790697840,665.52,665.61,665.28,665.28,665.42,1.55787,4
1790697900,664.9,665.2,664.9,665.2,665.19,0.8562,7
1790697960,665.2,665.2,665.2,665.2,0.00,0.0,0
1790698020,665.26,665.26,665.26,665.26,665.26,0.07644,1
1790698080,665.26,665.26,665.26,665.26,0.00,0.0,0
1790698140,665.82,665.82,665.82,665.82,665.82,0.00747,1
1790698200,665.82,665.82,665.82,665.82,0.00,0.0,0
1790698260,666.28,666.37,666.28,666.37,666.30,0.06917,2
1790698320,666.37,666.37,666.37,666.37,0.00,0.0,0
1790698380,666.37,666.37,666.37,666.37,0.00,0.0,0
1790698440,665.87,665.89,665.87,665.89,665.88,0.22156,2
1790698500,666.46,666.46,666.46,666.46,666.46,0.06242,2
1790698560,666.77,666.77,666.77,666.77,666.77,0.04007,1
1790698620,666.77,666.77,666.77,666.77,0.00,0.0,0
1790698680,666.77,666.77,666.77,666.77,0.00,0.0,0
1790698740,667.29,667.29,667.29,667.29,667.29,0.06653,1
1790698800,667.55,667.55,667.51,667.51,667.52,0.04263,2
1790698860,667.51,667.51,667.51,667.51,0.00,0.0,0
1790698920,667.51,667.51,667.51,667.51,0.00,0.0,0
1790698980,667.51,667.51,667.51,667.51,0.00,0.0,0
1790699040,667.51,667.51,667.51,667.51,0.00,0.0,0
1790699100,667.51,667.51,667.51,667.51,0.00,0.0,0
1790699160,667.79,667.79,667.66,667.66,667.77,0.30448,2
1790699220,667.66,667.66,667.66,667.66,0.00,0.0,0
1790699280,667.66,667.66,667.66,667.66,0.00,0.0,0
1790699340,668.21,668.21,668.21,668.21,668.21,0.30144,1
1790699400,668.21,668.21,668.21,668.21,0.00,0.0,0
1790699460,668.21,668.21,668.21,668.21,0.00,0.0,0
1790699520,668.21,668.21,668.21,668.21,0.00,0.0,0
1790699580,668.21,668.21,668.21,668.21,0.00,0.0,0
1790699640,668.21,668.21,668.21,668.21,0.00,0.0,0
1790699700,668.21,668.21,668.21,668.21,0.00,0.0,0
1790699760,668.21,668.21,668.21,668.21,0.00,0.0,0
1790699820,668.21,668.21,668.21,668.21,0.00,0.0,0
1790699880,667.43,667.43,667.43,667.43,667.43,0.01189,1
1790699940,667.43,667.43,667.43,667.43,0.00,0.0,0
1790700000,666.62,666.62,666.62,666.62,666.62,0.0156,1
1790700060,666.44,666.44,666.04,666.04,666.26,0.07265,3
1790700120,665.81,665.84,665.57,665.57,665.79,0.28729,3
1790700180,665.49,665.55,665.49,665.55,665.54,0.13373,2
1790700240,665.55,665.55,665.55,665.55,0.00,0.0,0
1790700300,665.15,665.15,664.77,664.82,664.90,0.14762,7
1790700360,665.83,665.83,665.83,665.83,665.83,0.66339,1
1790700420,665.98,666.01,665.79,666.01,665.96,1.2036,3
1790700480,666.01,666.01,666.01,666.01,0.00,0.0,0
1790700540,665.49,665.49,665.16,665.16,665.33,0.15856,4
1790700600,665.26,665.27,665.26,665.27,665.26,1.50875,2
1790700660,665.77,665.85,665.77,665.85,665.84,0.70777,6
1790700720,665.07,665.31,665.07,665.31,665.07,0.00715,2
1790700780,665.04,665.04,665.04,665.04,665.04,0.03745,1
1790700840,665.04,665.04,665.04,665.04,0.00,0.0,0
1790700900,665.04,665.04,665.04,665.04,0.00,0.0,0
1790700960,664.65,664.65,664.59,664.59,664.61,0.03336,2
1790701020,665.28,665.28,665.28,665.28,665.28,0.75156,1
1790701080,665.28,665.28,665.28,665.28,0.00,0.0,0
1790701140,665.28,665.28,665.28,665.28,0.00,0.0,0
1790701200,665.28,665.28,665.28,665.28,0.00,0.0,0
1790701260,665.28,665.28,665.28,665.28,0.00,0.0,0
1790701320,665.28,665.28,665.28,665.28,0.00,0.0,0
1790701380,665.28,665.28,665.28,665.28,0.00,0.0,0
1790701440,665.28,665.28,665.28,665.28,0.00,0.0,0
1790701500,666.16,666.16,666.16,666.16,666.16,0.03002,2
1790701560,666.16,666.16,666.16,666.16,0.00,0.0,0
1790701620,666.16,666.16,666.16,666.16,0.00,0.0,0
1790701680,666.16,666.16,666.16,666.16,0.00,0.0,0
1790701740,666.58,666.58,666.58,666.58,666.58,0.02607,1
1790701800,666.55,666.55,666.55,666.55,666.55,0.07161,1
1790701860,666.55,666.55,666.55,666.55,0.00,0.0,0
1790701920,665.76,665.77,665.74,665.77,665.74,0.14969,3
1790701980,665.77,665.77,665.77,665.77,0.00,0.0,0
1790702040,666.41,666.41,666.41,666.41,666.41,0.66298,1
1790702100,666.35,666.35,666.35,666.35,666.35,0.66306,1
1790702160,666.35,666.35,666.35,666.35,0.00,0.0,0
1790702220,665.58,665.58,665.58,665.58,665.58,0.66384,1
1790702280,666.01,666.01,666.01,666.01,666.01,0.66342,1
1790702340,666.01,666.01,666.01,666.01,0.00,0.0,0
1790702400,665.91,665.91,665.88,665.88,665.88,1.20524,2
1790702460,665.88,665.88,665.88,665.88,0.00,0.0,0
1790702520,664.9,664.9,664.87,664.87,664.88,1.32922,2
1790702580,664.88,664.88,664.88,664.88,664.88,0.66457,1
1790702640,664.88,664.88,664.88,664.88,0.00,0.0,0
1790702700,664.63,664.63,664.6,664.6,664.60,0.3131,2
1790702760,664.57,664.57,664.55,664.55,664.55,0.04116,2
1790702820,664.58,664.58,664.57,664.57,664.57,1.0,3
1790702880,664.57,664.57,664.57,664.57,0.00,0.0,0
1790702940,664.92,664.92,664.92,664.92,664.92,0.0156,1
1790703000,665.58,665.63,665.58,665.63,665.62,3.14381,2
1790703060,665.63,665.63,665.63,665.63,0.00,0.0,0
1790703120,665.63,665.63,665.63,665.63,0.00,0.0,0
1790703180,665.63,665.63,665.63,665.63,0.00,0.0,0
1790703240,665.59,665.59,665.59,665.59,665.59,0.0625,1
1790703300,665.59,665.59,665.59,665.59,0.00,0.0,0
1790703360,665.03,665.03,665.03,665.03,665.03,0.00822,1
1790703420,665.03,665.03,665.03,665.03,0.00,0.0,0
1790703480,664.7,664.7,664.65,664.65,664.65,0.21076,2
1790703540,664.65,664.65,664.65,664.65,0.00,0.0,0
1790703600,665.0,665.01,665.0,665.01,665.00,0.03376,2
1790703660,665.08,665.12,665.08,665.12,665.11,0.13901,2
1790703720,665.12,665.12,665.12,665.12,0.00,0.0,0
1790703780,665.07,665.08,665.07,665.08,665.07,0.17411,2
1790703840,665.08,665.08,665.08,665.08,0.00,0.0,0
1790703900,664.84,664.84,664.84,664.84,664.84,0.06948,1
1790703960,664.76,664.76,664.76,664.76,664.76,0.66448,1
1790704020,664.52,664.52,664.52,664.52,664.52,0.66482,1
1790704080,664.64,664.64,664.64,664.64,664.64,0.0742,1
1790704140,664.33,664.53,664.33,664.53,664.41,3.59169,4
1790704200,663.45,663.45,663.44,663.44,663.44,1.0,2
1790704260,663.44,663.44,663.44,663.44,0.00,0.0,0
1790704320,663.44,663.44,663.44,663.44,0.00,0.0,0
1790704380,663.44,663.44,663.44,663.44,0.00,0.0,0
1790704440,663.44,663.44,663.44,663.44,0.00,0.0,0
1790704500,663.44,663.44,663.44,663.44,0.00,0.0,0
1790704560,663.44,663.44,663.44,663.44,0.00,0.0,0
1790704620,663.44,663.44,663.44,663.44,0.00,0.0,0
1790704680,663.44,663.44,663.44,663.44,0.00,0.0,0
1790704740,663.44,663.44,663.44,663.44,0.00,0.0,0
1790704800,664.29,664.36,664.29,664.36,664.32,0.0312,2
1790704860,665.65,665.65,665.65,665.65,665.65,0.04631,1
1790704920,665.65,665.65,665.65,665.65,0.00,0.0,0
1790704980,665.65,665.65,665.65,665.65,0.00,0.0,0
1790705040,665.65,665.65,665.65,665.65,0.00,0.0,0
1790705100,665.65,665.65,665.65,665.65,0.00,0.0,0
1790705160,665.05,665.05,664.99,664.99,665.01,0.0333,2
1790705220,664.99,664.99,664.99,664.99,0.00,0.0,0
1790705280,664.58,664.58,664.55,664.55,664.56,0.038,2
1790705340,664.71,664.99,664.71,664.99,664.81,0.69507,3
1790705400,664.99,664.99,664.99,664.99,0.00,0.0,0
1790705460,664.99,664.99,664.99,664.99,0.00,0.0,0
1790705520,665.15,665.15,665.1,665.1,665.10,3.56115,4
1790705580,665.1,665.1,665.1,665.1,0.00,0.0,0
1790705640,665.1,665.1,665.1,665.1,0.00,0.0,0
1790705700,665.1,665.1,665.1,665.1,0.00,0.0,0
1790705760,666.09,666.09,666.03,666.03,666.08,0.01589,2
1790705820,665.65,665.67,665.65,665.67,665.66,0.07511,2
1790705880,665.67,665.67,665.67,665.67,0.00,0.0,0
1790705940,665.67,665.67,665.67,665.67,0.00,0.0,0
1790706000,665.67,665.67,665.67,665.67,0.00,0.0,0
1790706060,665.77,665.77,665.77,665.77,665.77,0.06452,1
1790706120,665.86,665.86,665.86,665.86,665.86,0.15281,1
1790706180,665.86,665.86,665.86,665.86,0.00,0.0,0
1790706240,665.86,665.86,665.86,665.86,0.00,0.0,0
1790706300,666.07,666.07,666.02,666.02,666.04,0.03195,2
1790706360,665.98,666.09,665.98,666.09,666.08,0.57835,2
1790706420,666.09,666.09,666.09,666.09,0.00,0.0,0
1790706480,666.09,666.09,666.09,666.09,0.00,0.0,0
1790706540,665.42,665.42,665.41,665.41,665.41,0.77239,3
1790706600,665.41,665.41,665.41,665.41,0.00,0.0,0
1790706660,665.54,665.64,665.54,665.6,665.59,0.065,4
1790706720,665.55,665.59,665.55,665.59,665.58,0.05016,2
1790706780,666.17,666.17,666.11,666.14,666.11,0.73219,5
1790706840,666.14,666.14,666.14,666.14,0.00,0.0,0
1790706900,666.14,666.14,666.14,666.14,0.00,0.0,0
1790706960,666.14,666.14,666.14,666.14,0.00,0.0,0
1790707020,666.14,666.14,666.14,666.14,0.00,0.0,0
1790707080,666.14,666.14,666.14,666.14,0.00,0.0,0
1790707140,666.14,666.14,666.14,666.14,0.00,0.0,0
1790707200,666.14,666.14,666.14,666.14,0.00,0.0,0
1790707260,666.14,666.14,666.14,666.14,0.00,0.0,0
1790707320,667.05,667.05,667.05,667.05,667.05,0.007,1
1790707380,667.05,667.05,667.05,667.05,0.00,0.0,0
1790707440,667.05,667.05,667.05,667.05,0.00,0.0,0
1790707500,667.05,667.05,667.05,667.05,0.00,0.0,0
1790707560,667.05,667.05,667.05,667.05,0.00,0.0,0
1790707620,666.63,666.69,666.63,666.69,666.68,0.62999,2
1790707680,666.6,666.61,666.6,666.61,666.60,0.07155,2
1790707740,666.52,666.56,666.52,666.56,666.55,0.06942,2
1790707800,666.56,666.56,666.56,666.56,0.00,0.0,0
1790707860,666.39,666.39,666.39,666.39,666.39,0.33014,1
1790707920,666.39,666.39,666.39,666.39,0.00,0.0,0
1790707980,666.39,666.39,666.39,666.39,0.00,0.0,0
1790708040,666.39,666.39,666.39,666.39,0.00,0.0,0
1790708100,666.39,666.39,666.39,666.39,0.00,0.0,0
1790708160,666.39,666.39,666.39,666.39,0.00,0.0,0
1790708220,666.39,666.39,666.39,666.39,0.00,0.0,0
1790708280,666.39,666.39,666.39,666.39,0.00,0.0,0
1790708340,666.02,666.02,666.02,666.02,666.02,0.007,1
1790708400,666.02,666.02,666.02,666.02,0.00,0.0,0
1790708460,666.02,666.02,666.02,666.02,0.00,0.0,0
1790708520,666.02,666.02,666.02,666.02,0.00,0.0,0
1790708580,666.02,666.02,666.02,666.02,0.00,0.0,0
1790708640,666.02,666.02,666.02,666.02,0.00,0.0,0
1790708700,666.02,666.02,666.02,666.02,0.00,0.0,0
1790708760,666.29,666.29,666.29,666.29,666.29,0.02927,1
1790708820,666.55,666.63,666.55,666.63,666.59,0.02458,3
1790708880,666.63,666.63,666.63,666.63,0.00,0.0,0
1790708940,666.63,666.63,666.63,666.63,0.00,0.0,0
1790709000,666.75,666.8,666.75,666.8,666.75,0.66838,2
1790709060,666.8,666.8,666.8,666.8,0.00,0.0,0
1790709120,666.8,666.8,666.8,666.8,0.00,0.0,0
1790709180,666.39,666.39,666.39,666.39,666.39,0.53484,1
1790709240,666.39,666.39,666.39,666.39,0.00,0.0,0
1790709300,666.16,666.23,665.93,665.93,666.05,0.05319,4
1790709360,665.93,665.93,665.93,665.93,0.00,0.0,0
1790709420,665.93,665.93,665.93,665.93,0.00,0.0,0
1790709480,665.93,665.93,665.93,665.93,0.00,0.0,0
1790709540,666.29,666.3,666.29,666.3,666.29,0.11116,2
1790709600,666.24,666.24,666.24,666.24,666.24,0.06242,1
1790709660,666.24,666.24,666.24,666.24,0.00,0.0,0
1790709720,666.24,666.24,666.24,666.24,0.00,0.0,0
1790709780,666.43,666.44,666.43,666.44,666.43,0.05344,2
1790709840,666.44,666.44,666.44,666.44,0.00,0.0,0
1790709900,666.73,666.73,666.67,666.67,666.71,0.0602,3
1790709960,666.67,666.67,666.67,666.67,0.00,0.0,0
1790710020,666.3,666.3,666.3,666.3,666.30,0.0119,1
1790710080,666.3,666.3,666.3,666.3,0.00,0.0,0
1790710140,666.3,666.3,666.3,666.3,0.00,0.0,0
1790710200,666.3,666.3,666.3,666.3,0.00,0.0,0
1790710260,666.37,666.37,666.37,666.37,666.37,0.01191,1
1790710320,666.38,666.38,666.38,666.38,666.38,0.66158,1
1790710380,666.38,666.38,666.38,666.38,0.00,0.0,0
1790710440,666.38,666.38,666.38,666.38,0.00,0.0,0
1790710500,666.23,666.23,666.23,666.23,666.23,0.22315,1
1790710560,666.23,666.23,666.23,666.23,0.00,0.0,0
1790710620,666.23,666.23,666.23,666.23,0.00,0.0,0
1790710680,665.86,665.86,665.86,665.86,665.86,0.66201,1
1790710740,665.86,665.86,665.86,665.86,0.00,0.0,0
1790710800,665.98,665.98,665.72,665.72,665.79,0.03272,3
1790710860,665.46,665.48,665.46,665.48,665.47,0.014,2
1790710920,665.36,665.36,665.36,665.36,665.36,0.03614,1
1790710980,665.36,665.36,665.36,665.36,0.00,0.0,0
1790711040,665.1,665.1,665.0,665.0,665.09,0.15642,2
1790711100,665.0,665.0,665.0,665.0,0.00,0.0,0
1790711160,664.59,664.59,664.57,664.57,664.58,0.02528,3
1790711220,665.5,665.5,665.5,665.5,665.50,0.66276,1
1790711280,665.36,665.47,665.36,665.47,665.39,1.97461,3
1790711340,665.43,665.54,665.43,665.54,665.53,1.20834,2
1790711400,665.46,665.46,665.38,665.46,665.44,0.03579,3
1790711460,665.46,665.46,665.46,665.46,0.00,0.0,0
1790711520,665.95,666.04,665.95,666.04,666.03,0.69817,2
1790711580,665.58,665.58,665.58,665.58,665.58,0.06848,1
1790711640,665.58,665.58,665.58,665.58,0.00,0.0,0
1790711700,665.4,665.48,665.4,665.48,665.44,0.014,2
1790711760,665.63,665.63,665.63,665.63,665.63,1.18117,1
1790711820,665.63,665.63,665.63,665.63,0.00,0.0,0
1790711880,665.63,665.63,665.63,665.63,0.00,0.0,0
1790711940,665.78,665.78,665.78,665.78,665.78,0.007,1
1790712000,665.83,665.83,665.83,665.83,665.83,0.007,1
1790712060,666.26,666.26,665.55,665.55,666.21,1.25726,2
1790712120,665.47,665.47,665.47,665.47,665.47,0.007,1
1790712180,665.61,665.61,665.61,665.61,665.61,0.007,1
1790712240,665.67,665.83,665.67,665.83,665.76,1.84362,3
1790712300,665.88,666.09,665.88,666.09,665.89,1.36857,4
1790712360,666.17,666.37,666.17,666.37,666.26,2.6542,5
1790712420,666.58,666.6,666.56,666.56,666.59,1.3487,4
1790712480,666.58,666.65,666.58,666.65,666.61,1.18117,2
1790712540,666.52,666.53,666.52,666.53,666.52,0.08252,2
1790712600,666.12,666.12,666.12,666.12,666.12,0.66212,1
1790712660,665.68,665.68,665.67,665.67,665.67,0.02767,2
1790712720,665.67,665.67,665.67,665.67,0.00,0.0,0
1790712780,665.67,665.67,665.67,665.67,0.00,0.0,0
1790712840,665.67,665.67,665.67,665.67,0.00,0.0,0
1790712900,666.25,666.53,666.25,666.53,666.27,1.33965,3
1790712960,666.7,666.88,666.59,666.88,666.71,3.18144,7
1790713020,666.99,667.11,666.84,667.11,667.04,2.36934,3
1790713080,667.11,667.11,666.96,667.11,667.02,0.75842,4
1790713140,667.23,667.27,667.14,667.26,667.23,2.01053,6
1790713200,667.26,667.38,667.26,667.38,667.37,0.67014,2
1790713260,667.3,667.36,667.22,667.22,667.29,1.21414,5
1790713320,667.3,667.3,667.3,667.3,667.30,0.01171,1
1790713380,667.29,667.29,667.29,667.29,667.29,0.01117,1
1790713440,667.24,667.4,667.24,667.4,667.39,1.20314,3
1790713500,667.25,667.39,667.25,667.39,667.32,2.36234,2
1790713560,667.64,667.89,667.64,667.87,667.76,2.37073,4
1790713620,667.97,668.03,667.87,667.87,667.87,1.3116,5
1790713680,667.91,668.0,667.91,668.0,667.95,2.5561,4
1790713740,668.0,668.0,668.0,668.0,0.00,0.0,0
1790713800,667.88,667.88,667.88,667.88,667.88,1.32094,2
1790713860,667.88,667.88,667.88,667.88,0.00,0.0,0
1790713920,667.88,667.88,667.88,667.88,0.00,0.0,0
1790713980,667.88,667.88,667.88,667.88,0.00,0.0,0
1790714040,667.88,667.88,667.88,667.88,0.00,0.0,0
1790714100,667.88,667.88,667.88,667.88,0.00,0.0,0
1790714160,667.88,667.88,667.88,667.88,0.00,0.0,0
1790714220,667.88,667.88,667.88,667.88,0.00,0.0,0
1790714280,667.88,667.88,667.88,667.88,0.00,0.0,0
1790714340,668.25,668.25,668.25,668.25,668.25,0.0156,1
1790714400,668.02,668.04,668.02,668.04,668.02,0.70809,2
1790714460,667.89,667.89,667.89,667.89,667.89,0.16122,1
1790714520,667.89,667.89,667.89,667.89,0.00,0.0,0
1790714580,667.97,667.97,667.94,667.94,667.96,0.4645,2
1790714640,668.0,668.0,668.0,668.0,668.00,0.01187,1
1790714700,668.0,668.0,668.0,668.0,0.00,0.0,0
1790714760,668.0,668.0,668.0,668.0,0.00,0.0,0
1790714820,668.0,668.0,668.0,668.0,0.00,0.0,0
1790714880,667.91,667.91,667.89,667.89,667.89,0.03745,2
1790714940,667.89,667.89,667.89,667.89,0.00,0.0,0
1790715000,667.89,667.89,667.89,667.89,0.00,0.0,0
1790715060,667.89,667.89,667.89,667.89,0.00,0.0,0
1790715120,667.97,668.0,667.97,668.0,667.98,0.02994,2
1790715180,667.94,668.2,667.94,668.2,668.06,4.15256,6
1790715240,668.2,668.2,668.2,668.2,0.00,0.0,0
1790715300,668.2,668.2,668.2,668.2,0.00,0.0,0
1790715360,668.2,668.2,668.2,668.2,0.00,0.0,0
1790715420,668.27,668.27,668.27,668.27,668.27,0.65965,1
1790715480,668.27,668.27,668.27,668.27,0.00,0.0,0
1790715540,668.27,668.27,668.27,668.27,0.00,0.0,0
1790715600,668.28,668.28,668.28,668.28,668.28,0.65969,1
1790715660,668.46,668.46,668.46,668.46,668.46,1.30604,2
1790715720,667.94,667.94,667.93,667.93,667.93,0.0816,2
1790715780,667.93,667.93,667.93,667.93,0.00,0.0,0
1790715840,667.58,668.07,667.58,668.07,667.63,1.14029,4
1790715900,667.84,667.84,667.84,667.84,667.84,0.04068,1
1790715960,667.84,667.84,667.84,667.84,0.00,0.0,0
1790716020,668.01,668.08,668.01,668.08,668.04,1.30895,2
1790716080,668.08,668.08,668.08,668.08,0.00,0.0,0
1790716140,668.03,668.03,668.03,668.03,668.03,0.65989,1
1790716200,668.03,668.03,668.03,668.03,0.00,0.0,0
1790716260,668.26,668.26,668.26,668.26,668.26,0.03734,1
1790716320,668.26,668.26,668.26,668.26,0.00,0.0,0
1790716380,668.01,668.07,668.01,668.07,668.03,1.18117,2
1790716440,668.07,668.07,668.07,668.07,0.00,0.0,0
1790716500,668.36,668.36,668.26,668.26,668.33,0.07724,3
1790716560,668.19,668.19,668.08,668.17,668.16,4.14199,6
1790716620,668.01,668.01,668.01,668.01,668.01,0.66001,1
1790716680,668.01,668.01,668.01,668.01,0.00,0.0,0
1790716740,668.01,668.01,668.01,668.01,0.00,0.0,0
1790716800,668.01,668.01,668.01,668.01,0.00,0.0,0
1790716860,667.69,667.69,667.69,667.69,667.69,0.66024,1
1790716920,667.69,667.69,667.69,667.69,0.00,0.0,0
1790716980,667.69,667.69,667.69,667.69,0.00,0.0,0
1790717040,667.69,667.69,667.69,667.69,0.00,0.0,0
1790717100,667.69,667.69,667.69,667.69,0.00,0.0,0
1790717160,667.69,667.69,667.69,667.69,0.00,0.0,0
1790717220,666.57,666.57,666.45,666.45,666.45,0.45349,4
1790717280,666.72,666.76,666.72,666.76,666.72,0.74361,2
1790717340,666.89,666.93,666.89,666.93,666.90,1.18117,2
1790717400,666.83,666.83,666.83,666.83,666.83,0.03142,1
1790717460,666.83,666.83,666.83,666.83,0.00,0.0,0
1790717520,666.83,666.83,666.83,666.83,0.00,0.0,0
1790717580,666.76,666.76,666.76,666.76,666.76,0.66108,1
1790717640,666.76,666.76,666.76,666.76,0.00,0.0,0
1790717700,666.76,666.76,666.76,666.76,0.00,0.0,0
1790717760,666.55,666.55,666.55,666.55,666.55,0.4501,1
1790717820,666.55,666.55,666.55,666.55,0.00,0.0,0
1790717880,666.55,666.55,666.55,666.55,0.00,0.0,0
1790717940,666.55,666.55,666.55,666.55,0.00,0.0,0
1790718000,666.95,666.95,666.95,666.95,666.95,0.11994,1
1790718060,666.95,666.95,666.95,666.95,0.00,0.0,0
1790718120,667.06,667.06,667.06,667.06,667.06,0.08245,1
1790718180,667.06,667.06,667.06,667.06,0.00,0.0,0
1790718240,667.06,667.06,667.06,667.06,0.00,0.0,0
1790718300,667.06,667.06,667.06,667.06,0.00,0.0,0
1790718360,667.06,667.06,667.06,667.06,0.00,0.0,0
1790718420,666.45,666.45,666.45,666.45,666.45,0.1729,1
1790718480,666.45,666.45,666.45,666.45,0.00,0.0,0
1790718540,666.45,666.45,666.45,666.45,0.00,0.0,0
1790718600,666.45,666.45,666.45,666.45,0.00,0.0,0
1790718660,666.45,666.45,666.45,666.45,0.00,0.0,0
1790718720,667.2,667.26,667.2,667.26,667.21,1.92307,3
1790718780,667.26,667.26,667.26,667.26,0.00,0.0,0
1790718840,667.26,667.26,667.26,667.26,0.00,0.0,0
1790718900,667.26,667.26,667.26,667.26,0.00,0.0,0
1790718960,667.32,667.32,667.32,667.32,667.32,0.23074,1
1790719020,667.32,667.32,667.32,667.32,0.00,0.0,0
1790719080,667.32,667.32,667.32,667.32,0.00,0.0,0
1790719140,667.32,667.32,667.32,667.32,0.00,0.0,0
1790719200,667.32,667.32,667.32,667.32,0.00,0.0,0
1790719260,668.13,668.97,668.13,668.97,668.25,0.0477,2
1790719320,668.89,668.89,668.89,668.89,668.89,0.007,1
1790719380,668.79,668.79,668.79,668.79,668.79,0.007,1
1790719440,669.18,669.18,668.65,668.65,668.75,0.07663,5
1790719500,668.95,668.95,668.53,668.71,668.71,0.028,4
1790719560,668.71,668.71,668.71,668.71,0.00,0.0,0
1790719620,668.71,668.71,668.71,668.71,0.00,0.0,0
1790719680,668.71,668.71,668.71,668.71,0.00,0.0,0
1790719740,668.71,668.71,668.71,668.71,0.00,0.0,0
1790719800,668.95,668.95,668.85,668.85,668.87,0.066,2
1790719860,669.31,669.31,669.31,669.31,669.31,0.007,1
1790719920,668.96,668.96,668.96,668.96,668.96,0.65897,1
1790719980,669.53,669.53,669.53,669.53,669.53,0.07606,1
1790720040,669.88,669.88,669.72,669.72,669.80,0.014,2
1790720100,669.41,669.41,668.44,668.44,668.92,0.014,2
1790720160,668.44,668.44,668.44,668.44,0.00,0.0,0
1790720220,668.4,668.4,668.4,668.4,668.40,0.4287,1
1790720280,668.4,668.4,668.4,668.4,0.00,0.0,0
1790720340,668.5,668.5,668.5,668.5,668.50,1.15,1
1790720400,668.5,668.5,668.5,668.5,0.00,0.0,0
1790720460,668.5,668.5,668.5,668.5,0.00,0.0,0
1790720520,668.5,668.5,668.5,668.5,0.00,0.0,0
1790720580,668.5,668.5,668.5,668.5,0.00,0.0,0
1790720640,668.5,668.5,668.5,668.5,0.00,0.0,0
1790720700,668.6,668.6,668.52,668.52,668.54,0.04334,3
1790720760,668.52,668.52,668.52,668.52,0.00,0.0,0
1790720820,668.52,668.52,668.52,668.52,0.00,0.0,0
1790720880,668.52,668.52,668.52,668.52,0.00,0.0,0
1790720940,668.52,668.52,668.52,668.52,0.00,0.0,0
1790721000,668.44,668.44,668.44,668.44,668.44,0.04105,1
1790721060,668.44,668.44,668.44,668.44,0.00,0.0,0
1790721120,668.44,668.44,668.44,668.44,0.00,0.0,0
1790721180,668.44,668.44,668.44,668.44,0.00,0.0,0
1790721240,668.44,668.44,668.44,668.44,0.00,0.0,0
1790721300,668.44,668.44,668.44,668.44,0.00,0.0,0
1790721360,668.44,668.44,668.44,668.44,0.00,0.0,0
1790721420,668.44,668.44,668.44,668.44,0.00,0.0,0
1790721480,668.7,668.7,668.7,668.7,668.70,0.36562,1
1790721540,668.7,668.7,668.7,668.7,0.00,0.0,0
1790721600,668.7,668.7,668.7,668.7,0.00,0.0,0
1790721660,668.7,668.7,668.7,668.7,0.00,0.0,0
1790721720,668.7,668.7,668.7,668.7,0.00,0.0,0
1790721780,669.0,669.0,669.0,669.0,669.00,0.01426,1
1790721840,669.0,669.0,669.0,669.0,0.00,0.0,0
1790721900,669.0,669.0,669.0,669.0,0.00,0.0,0
1790721960,669.0,669.0,669.0,669.0,0.00,0.0,0
1790722020,669.0,669.0,669.0,669.0,0.00,0.0,0
1790722080,669.13,669.13,669.13,669.13,669.13,0.02989,1
1790722140,669.13,669.13,669.13,669.13,0.00,0.0,0
1790722200,669.13,669.13,669.13,669.13,0.00,0.0,0
1790722260,669.13,669.13,669.13,669.13,0.00,0.0,0
1790722320,669.13,669.13,669.13,669.13,0.00,0.0,0
1790722380,669.13,669.13,669.13,669.13,0.00,0.0,0
1790722440,669.13,669.13,669.13,669.13,0.00,0.0,0
1790722500,669.13,669.13,669.13,669.13,0.00,0.0,0
1790722560,669.13,669.13,669.13,669.13,0.00,0.0,0
1790722620,669.13,669.13,669.13,669.13,0.00,0.0,0
1790722680,669.13,669.13,669.13,669.13,0.00,0.0,0
1790722740,669.13,669.13,669.13,669.13,0.00,0.0,0
1790722800,669.11,669.11,669.11,669.11,669.11,0.14767,1
1790722860,669.11,669.11,669.11,669.11,0.00,0.0,0
1790722920,669.11,669.11,669.11,669.11,0.00,0.0,0
1790722980,669.11,669.11,669.11,669.11,0.00,0.0,0
1790723040,669.11,669.11,669.11,669.11,0.00,0.0,0
1790723100,670.17,670.17,670.17,670.17,670.17,0.04476,1
1790723160,670.17,670.17,670.17,670.17,0.00,0.0,0
1790723220,670.17,670.17,670.17,670.17,0.00,0.0,0
1790723280,670.79,670.79,670.79,670.79,670.79,0.0928,1
1790723340,670.79,670.79,670.79,670.79,0.00,0.0,0
1790723400,670.57,670.77,670.57,670.66,670.66,5.9702,6
1790723460,670.96,671.42,670.96,671.42,671.19,0.014,2
1790723520,671.23,671.31,671.23,671.31,671.25,0.0219,2
1790723580,671.28,671.28,671.28,671.28,671.28,0.007,1
1790723640,671.28,671.28,671.28,671.28,0.00,0.0,0
1790723700,671.23,671.23,671.23,671.23,671.23,0.007,1
1790723760,671.23,671.23,671.23,671.23,0.00,0.0,0
1790723820,671.25,671.25,671.15,671.15,671.17,0.02753,2
1790723880,671.27,671.27,670.97,670.97,671.11,0.035,5
1790723940,671.05,671.05,671.05,671.05,671.05,0.014,2
1790724000,670.67,670.77,670.64,670.73,670.66,0.08442,4
1790724060,670.49,670.49,670.49,670.49,670.49,0.007,1
1790724120,670.43,670.43,670.43,670.43,670.43,0.19199,2
1790724180,670.43,670.43,670.43,670.43,0.00,0.0,0
1790724240,670.43,670.43,670.43,670.43,0.00,0.0,0
1790724300,670.08,670.3,670.0,670.3,670.10,0.03103,4
1790724360,670.19,670.19,670.19,670.19,670.19,0.05707,1
1790724420,670.21,670.21,670.21,670.21,670.21,0.04887,1
1790724480,670.21,670.21,670.21,670.21,0.00,0.0,0
1790724540,670.21,670.21,670.21,670.21,0.00,0.0,0
1790724600,670.21,670.21,670.21,670.21,0.00,0.0,0
1790724660,670.21,670.21,670.21,670.21,0.00,0.0,0
1790724720,670.21,670.21,670.21,670.21,0.00,0.0,0
1790724780,670.21,670.21,670.21,670.21,0.00,0.0,0
1790724840,670.21,670.21,670.21,670.21,0.00,0.0,0
1790724900,669.26,669.26,669.26,669.26,669.26,0.03989,1
1790724960,669.26,669.26,669.26,669.26,0.00,0.0,0
1790725020,669.26,669.26,669.26,669.26,0.00,0.0,0
1790725080,669.26,669.26,669.26,669.26,0.00,0.0,0
1790725140,669.32,669.32,669.32,669.32,669.32,0.0298,1
1790725200,669.17,669.17,669.17,669.17,669.17,0.0171,1
1790725260,669.17,669.17,669.17,669.17,0.00,0.0,0
1790725320,669.17,669.17,669.17,669.17,0.00,0.0,0
1790725380,668.31,668.31,667.5,667.5,667.82,8.80295,8
1790725440,667.5,667.5,667.5,667.5,0.00,0.0,0
1790725500,667.5,667.5,667.5,667.5,0.00,0.0,0
1790725560,667.5,667.5,667.5,667.5,0.00,0.0,0
1790725620,667.5,667.5,667.5,667.5,0.00,0.0,0
1790725680,668.5,668.5,668.34,668.34,668.42,6.339,3
1790725740,668.72,668.72,668.67,668.67,668.67,1.20785,2
1790725800,668.67,668.67,668.67,668.67,0.00,0.0,0
1790725860,668.83,668.83,668.83,668.83,668.83,1.18117,1
1790725920,668.83,668.83,668.83,668.83,0.00,0.0,0
1790725980,668.95,668.95,668.79,668.79,668.86,0.12334,2
1790726040,668.79,668.79,668.79,668.79,0.00,0.0,0
1790726100,668.53,668.53,668.21,668.21,668.44,0.11735,2
1790726160,668.21,668.21,668.21,668.21,0.00,0.0,0
1790726220,668.21,668.21,668.21,668.21,0.00,0.0,0
1790726280,668.21,668.21,668.21,668.21,0.00,0.0,0
1790726340,668.21,668.21,668.21,668.21,0.00,0.0,0
1790726400,669.17,669.17,669.17,669.17,669.17,0.09039,1
1790726460,669.29,669.37,669.29,669.37,669.31,0.23048,2
1790726520,669.58,669.65,669.58,669.65,669.58,0.6964,2
1790726580,669.97,669.97,669.92,669.92,669.92,1.06176,2
1790726640,669.8,669.8,669.68,669.68,669.75,2.85703,3
1790726700,669.46,669.46,669.46,669.46,669.46,0.65865,1
1790726760,669.46,669.46,669.46,669.46,0.00,0.0,0
1790726820,669.46,669.46,669.46,669.46,0.00,0.0,0
1790726880,669.46,669.46,669.46,669.46,0.00,0.0,0
1790726940,669.46,669.46,669.46,669.46,0.00,0.0,0
1790727000,669.46,669.46,669.46,669.46,0.00,0.0,0
1790727060,669.46,669.46,669.46,669.46,0.00,0.0,0
1790727120,669.46,669.46,669.46,669.46,0.00,0.0,0
1790727180,669.46,669.46,669.46,669.46,0.00,0.0,0
1790727240,669.46,669.46,669.46,669.46,0.00,0.0,0
1790727300,668.46,668.46,668.46,668.46,668.46,0.03071,1
1790727360,668.36,668.36,668.36,668.36,668.36,0.65984,1
1790727420,668.32,668.48,668.24,668.48,668.40,0.04593,3
1790727480,667.89,668.11,667.89,668.11,667.89,0.68053,2
1790727540,668.11,668.11,668.11,668.11,0.00,0.0,0
1790727600,668.08,668.08,668.08,668.08,668.08,0.02042,1
1790727660,668.08,668.08,668.08,668.08,0.00,0.0,0
1790727720,668.08,668.08,668.08,668.08,0.00,0.0,0
1790727780,668.08,668.08,668.08,668.08,0.00,0.0,0
1790727840,668.08,668.08,668.08,668.08,0.00,0.0,0
1790727900,668.08,668.08,668.08,668.08,0.00,0.0,0
1790727960,668.08,668.08,668.08,668.08,0.00,0.0,0
1790728020,668.08,668.08,668.08,668.08,0.00,0.0,0
1790728080,669.39,669.46,669.39,669.46,669.41,0.95578,2
1790728140,669.46,669.46,669.46,669.46,0.00,0.0,0
1790728200,669.46,669.46,669.46,669.46,0.00,0.0,0
1790728260,669.46,669.46,669.46,669.46,0.00,0.0,0
1790728320,670.22,670.22,670.22,670.22,670.22,0.65796,1
1790728380,670.34,670.34,670.34,670.34,670.34,0.007,1
1790728440,670.52,670.52,670.52,670.52,670.52,0.007,1
1790728500,670.56,670.56,670.56,670.56,670.56,0.03339,1
1790728560,670.2,670.2,670.2,670.2,670.20,0.007,1
1790728620,669.46,669.46,669.46,669.46,669.46,0.02841,1
1790728680,669.46,669.46,669.46,669.46,0.00,0.0,0
1790728740,669.46,669.46,669.46,669.46,0.00,0.0,0
1790728800,669.45,669.45,669.45,669.45,669.45,0.0348,1
1790728860,669.64,669.73,669.64,669.73,669.68,1.31689,2
1790728920,669.73,669.73,669.73,669.73,0.00,0.0,0
1790728980,669.5,669.5,669.5,669.5,669.50,0.03888,1
1790729040,669.56,669.56,669.56,669.56,669.56,0.0338,1
1790729100,669.56,669.56,669.56,669.56,0.00,0.0,0
1790729160,669.56,669.56,669.56,669.56,0.00,0.0,0
1790729220,669.6,669.6,669.3,669.3,669.44,1.31749,2
1790729280,669.3,669.3,669.3,669.3,0.00,0.0,0
1790729340,669.3,669.3,669.3,669.3,0.00,0.0,0
1790729400,669.3,669.3,669.3,669.3,0.00,0.0,0
1790729460,669.3,669.3,669.3,669.3,0.00,0.0,0
1790729520,669.3,669.3,669.3,669.3,0.00,0.0,0
1790729580,668.98,668.98,668.98,668.98,668.98,1.18117,1
1790729640,668.98,668.98,668.98,668.98,0.00,0.0,0
1790729700,668.98,668.98,668.98,668.98,0.00,0.0,0
1790729760,669.4,669.4,669.4,669.4,669.40,0.007,1
1790729820,669.4,669.4,669.4,669.4,0.00,0.0,0
1790729880,669.4,669.4,669.4,669.4,0.00,0.0,0
1790729940,669.4,669.4,669.4,669.4,0.00,0.0,0
1790730000,669.4,669.4,669.4,669.4,0.00,0.0,0
1790730060,669.4,669.4,669.4,669.4,0.00,0.0,0
1790730120,669.4,669.4,669.4,669.4,0.00,0.0,0
1790730180,669.4,669.4,669.4,669.4,0.00,0.0,0
1790730240,670.6,670.6,670.3,670.3,670.45,1.32256,3
1790730300,670.3,670.3,670.3,670.3,0.00,0.0,0
1790730360,670.3,670.3,670.3,670.3,0.00,0.0,0
1790730420,670.3,670.3,670.3,670.3,0.00,0.0,0
1790730480,670.3,670.3,670.3,670.3,0.00,0.0,0
1790730540,670.3,670.3,670.3,670.3,0.00,0.0,0
1790730600,671.25,671.25,671.17,671.17,671.17,0.66416,2
1790730660,671.17,671.17,671.17,671.17,0.00,0.0,0
1790730720,671.37,671.37,671.37,671.37,671.37,0.65694,1
1790730780,671.37,671.37,671.37,671.37,0.00,0.0,0
1790730840,671.37,671.37,671.37,671.37,0.00,0.0,0
1790730900,671.37,671.37,671.37,671.37,0.00,0.0,0
1790730960,671.37,671.37,671.37,671.37,0.00,0.0,0
1790731020,671.37,671.37,671.37,671.37,0.00,0.0,0
1790731080,671.37,671.37,671.37,671.37,0.00,0.0,0
1790731140,671.37,671.37,671.37,671.37,0.00,0.0,0
1790731200,671.37,671.37,671.37,671.37,0.00,0.0,0
1790731260,671.37,671.37,671.37,671.37,0.00,0.0,0
1790731320,671.37,671.37,671.37,671.37,0.00,0.0,0
1790731380,671.37,671.37,671.37,671.37,0.00,0.0,0
1790731440,671.37,671.37,671.37,671.37,0.00,0.0,0
1790731500,671.08,671.08,671.08,671.08,671.08,0.007,1
1790731560,671.08,671.08,671.08,671.08,0.00,0.0,0
1790731620,671.08,671.08,671.08,671.08,0.00,0.0,0
1790731680,671.08,671.08,671.08,671.08,0.00,0.0,0
1790731740,671.08,671.08,671.08,671.08,0.00,0.0,0
1790731800,671.08,671.08,671.08,671.08,0.00,0.0,0
1790731860,671.08,671.08,671.08,671.08,0.00,0.0,0
1790731920,671.08,671.08,671.08,671.08,0.00,0.0,0
1790731980,671.08,671.08,671.08,671.08,0.00,0.0,0
1790732040,671.08,671.08,671.08,671.08,0.00,0.0,0
1790732100,671.08,671.08,671.08,671.08,0.00,0.0,0
1790732160,671.08,671.08,671.08,671.08,0.00,0.0,0
1790732220,671.08,671.08,671.08,671.08,0.00,0.0,0
1790732280,671.08,671.08,671.08,671.08,0.00,0.0,0
1790732340,671.08,671.08,671.08,671.08,0.00,0.0,0
1790732400,671.08,671.08,671.08,671.08,0.00,0.0,0
1790732460,671.08,671.08,671.08,671.08,0.00,0.0,0
1790732520,671.08,671.08,671.08,671.08,0.00,0.0,0
1790732580,671.08,671.08,671.08,671.08,0.00,0.0,0
1790732640,671.08,671.08,671.08,671.08,0.00,0.0,0
1790732700,669.95,669.95,669.95,669.95,669.95,1.18117,1
1790732760,669.95,669.95,669.95,669.95,0.00,0.0,0
1790732820,669.95,669.95,669.95,669.95,0.00,0.0,0
1790732880,669.95,669.95,669.95,669.95,0.00,0.0,0
1790732940,670.5,670.5,670.44,670.44,670.45,2.00676,2
1790733000,670.44,670.44,670.44,670.44,0.00,0.0,0
1790733060,671.13,671.13,671.13,671.13,671.13,0.12656,1
1790733120,671.13,671.13,671.13,671.13,0.00,0.0,0
1790733180,671.13,671.13,671.13,671.13,0.00,0.0,0
1790733240,671.13,671.13,671.13,671.13,0.00,0.0,0
1790733300,670.36,670.36,670.36,670.36,670.36,0.0295,1
1790733360,670.36,670.36,670.36,670.36,0.00,0.0,0
1790733420,670.36,670.36,670.36,670.36,0.00,0.0,0
1790733480,670.36,670.36,670.36,670.36,0.00,0.0,0
1790733540,670.36,670.36,670.36,670.36,0.00,0.0,0
1790733600,670.36,670.36,670.36,670.36,0.00,0.0,0
1790733660,670.36,670.36,670.36,670.36,0.00,0.0,0
1790733720,670.36,670.36,670.36,670.36,0.00,0.0,0
1790733780,670.34,670.34,670.34,670.34,670.34,0.65801,1
1790733840,670.34,670.34,670.34,670.34,0.00,0.0,0
1790733900,670.34,670.34,670.34,670.34,0.00,0.0,0
1790733960,670.89,670.89,670.89,670.89,670.89,0.07039,1
1790734020,671.14,671.14,671.14,671.14,671.14,0.49885,1
1790734080,671.38,671.38,671.38,671.38,671.38,0.65696,1
1790734140,671.16,671.16,671.16,671.16,671.16,0.65718,1
1790734200,671.23,671.23,671.23,671.23,671.23,0.6571,1
1790734260,671.05,671.05,671.05,671.05,671.05,0.65728,1
1790734320,671.05,671.05,671.05,671.05,0.00,0.0,0
1790734380,670.92,671.63,670.92,671.63,670.92,0.6644,2
1790734440,671.63,671.63,671.63,671.63,0.00,0.0,0
1790734500,670.84,670.84,670.84,670.84,670.84,0.65741,1
1790734560,670.84,670.84,670.84,670.84,0.00,0.0,0
1790734620,670.64,670.64,670.64,670.64,670.64,1.18117,1
1790734680,670.95,670.95,670.95,670.95,670.95,1.18117,1
1790734740,670.95,670.95,670.95,670.95,0.00,0.0,0
1790734800,670.95,670.95,670.95,670.95,0.00,0.0,0
1790734860,670.56,670.56,670.53,670.53,670.55,1.23384,2
1790734920,671.31,671.31,671.31,671.31,671.31,1.18117,1
1790734980,671.72,672.06,671.72,672.06,671.93,1.83765,2
1790735040,671.52,671.52,671.52,671.52,671.52,0.00991,1
1790735100,671.52,671.52,671.52,671.52,0.00,0.0,0
1790735160,671.52,671.52,671.52,671.52,0.00,0.0,0
1790735220,671.52,671.52,671.52,671.52,0.00,0.0,0
1790735280,670.79,670.79,670.79,670.79,670.79,0.02853,1
1790735340,670.79,670.79,670.79,670.79,0.00,0.0,0
1790735400,671.17,671.17,671.17,671.17,671.17,0.08686,1
1790735460,671.45,671.45,671.45,671.45,671.45,0.65668,1
1790735520,671.45,671.45,671.45,671.45,0.00,0.0,0
1790735580,671.45,671.45,671.45,671.45,0.00,0.0,0
1790735640,670.98,670.98,670.98,670.98,670.98,1.18117,1
1790735700,670.98,670.98,670.98,670.98,0.00,0.0,0
1790735760,671.04,671.28,671.0,671.28,671.11,1.4453,5
1790735820,671.53,671.53,671.53,671.53,671.53,0.65668,1
1790735880,671.18,671.18,671.18,671.18,671.18,0.02896,1
1790735940,671.18,671.18,671.18,671.18,0.00,0.0,0
1790736000,671.18,671.18,671.18,671.18,0.00,0.0,0
1790736060,671.18,671.18,671.18,671.18,0.00,0.0,0
1790736120,671.18,671.18,671.18,671.18,0.00,0.0,0
1790736180,671.18,671.18,671.18,671.18,0.00,0.0,0
1790736240,671.18,671.18,671.18,671.18,0.00,0.0,0
1790736300,671.18,671.18,671.18,671.18,0.00,0.0,0
1790736360,671.18,671.18,671.18,671.18,0.00,0.0,0
1790736420,671.18,671.18,671.18,671.18,0.00,0.0,0
1790736480,671.18,671.18,671.18,671.18,0.00,0.0,0
1790736540,671.18,671.18,671.18,671.18,0.00,0.0,0
1790736600,671.18,671.18,671.18,671.18,0.00,0.0,0
1790736660,672.6,672.6,672.6,672.6,672.60,0.65545,1
1790736720,672.43,672.9,672.43,672.9,672.47,1.21832,3
1790736780,672.7,672.7,672.7,672.7,672.70,0.09615,1
1790736840,672.64,672.64,672.52,672.52,672.52,0.66263,2
1790736900,672.52,672.52,672.52,672.52,0.00,0.0,0
1790736960,672.52,672.52,672.52,672.52,0.00,0.0,0
1790737020,672.52,672.52,672.52,672.52,0.00,0.0,0
1790737080,672.52,672.52,672.52,672.52,0.00,0.0,0
1790737140,672.52,672.52,672.52,672.52,0.00,0.0,0
1790737200,672.52,672.52,672.52,672.52,0.00,0.0,0
1790737260,671.91,671.91,671.91,671.91,671.91,1.048,1
1790737320,671.91,671.91,671.91,671.91,0.00,0.0,0
1790737380,671.82,671.82,671.82,671.82,671.82,0.07663,1
1790737440,671.82,671.82,671.82,671.82,0.00,0.0,0
1790737500,671.82,671.82,671.82,671.82,0.00,0.0,0
1790737560,671.82,671.82,671.82,671.82,0.00,0.0,0
1790737620,671.82,671.82,671.82,671.82,0.00,0.0,0
1790737680,671.82,671.82,671.82,671.82,0.00,0.0,0
1790737740,672.11,672.21,672.11,672.21,672.11,0.68177,2
1790737800,672.21,672.21,672.21,672.21,0.00,0.0,0
1790737860,672.21,672.21,672.21,672.21,0.00,0.0,0
1790737920,672.21,672.21,672.21,672.21,0.00,0.0,0
1790737980,672.21,672.21,672.21,672.21,0.00,0.0,0
1790738040,672.21,672.21,672.21,672.21,0.00,0.0,0
1790738100,672.21,672.21,672.21,672.21,0.00,0.0,0
1790738160,671.14,671.14,670.38,670.38,671.07,6.43533,6
1790738220,670.38,670.38,670.38,670.38,0.00,0.0,0
1790738280,669.25,669.25,669.14,669.14,669.22,0.03562,2
1790738340,669.13,669.13,669.13,669.13,669.13,1.05,1
1790738400,669.13,669.13,669.13,669.13,0.00,0.0,0
1790738460,669.13,669.13,669.13,669.13,0.00,0.0,0
1790738520,669.13,669.13,669.13,669.13,0.00,0.0,0
1790738580,669.13,669.13,669.13,669.13,0.00,0.0,0
1790738640,669.13,669.13,669.13,669.13,0.00,0.0,0
1790738700,669.13,669.13,669.13,669.13,0.00,0.0,0
1790738760,669.13,669.13,669.13,669.13,0.00,0.0,0
1790738820,669.13,669.13,669.13,669.13,0.00,0.0,0
1790738880,669.13,669.13,669.13,669.13,0.00,0.0,0
1790738940,669.13,669.13,669.13,669.13,0.00,0.0,0
1790739000,669.13,669.13,669.13,669.13,0.00,0.0,0
1790739060,669.0,669.0,669.0,669.0,669.00,0.09225,1
1790739120,669.35,669.35,669.35,669.35,669.35,0.03735,1
1790739180,669.35,669.35,669.35,669.35,0.00,0.0,0
1790739240,669.97,669.97,669.97,669.97,669.97,0.65838,1
1790739300,670.06,670.06,669.86,669.86,669.95,1.31692,2
1790739360,669.73,669.73,669.73,669.73,669.73,1.18117,1
1790739420,670.38,670.52,670.38,670.52,670.47,1.22913,3
1790739480,670.52,670.52,670.52,670.52,0.00,0.0,0
1790739540,670.98,670.98,670.98,670.98,670.98,0.65739,1
1790739600,670.98,670.98,670.98,670.98,0.00,0.0,0
1790739660,671.32,671.32,671.32,671.32,671.32,0.03724,1
1790739720,671.32,671.32,671.32,671.32,0.00,0.0,0
1790739780,671.32,671.32,671.32,671.32,0.00,0.0,0
1790739840,671.11,671.11,671.11,671.11,671.11,0.1237,1
1790739900,670.71,670.71,670.6,670.6,670.64,0.08239,2
1790739960,670.6,670.6,670.6,670.6,0.00,0.0,0
1790740020,670.6,670.6,670.6,670.6,0.00,0.0,0
1790740080,670.29,670.29,670.29,670.29,670.29,0.02402,1
1790740140,670.16,670.16,670.16,670.16,670.16,0.03723,1
1790740200,670.16,670.16,670.16,670.16,0.00,0.0,0
1790740260,670.05,670.05,670.05,670.05,670.05,0.02985,1
1790740320,670.05,670.05,670.05,670.05,0.00,0.0,0
1790740380,669.78,669.94,669.78,669.84,669.87,1.84673,3
1790740440,669.84,669.84,669.84,669.84,0.00,0.0,0
1790740500,669.84,669.84,669.84,669.84,0.00,0.0,0
1790740560,670.17,670.21,670.17,670.21,670.20,0.0373,2
1790740620,670.46,670.46,670.46,670.46,670.46,0.09447,1
1790740680,670.46,670.46,670.46,670.46,0.00,0.0,0
1790740740,670.46,670.46,670.46,670.46,0.00,0.0,0
1790740800,670.46,670.46,670.46,670.46,0.00,0.0,0
1790740860,670.46,670.46,670.46,670.46,0.00,0.0,0
1790740920,670.46,670.46,670.46,670.46,0.00,0.0,0
1790740980,672.22,672.22,672.22,672.22,672.22,0.02678,1
1790741040,672.22,672.22,672.22,672.22,0.00,0.0,0
1790741100,672.64,672.64,672.64,672.64,672.64,0.007,1
1790741160,672.29,672.29,672.29,672.29,672.29,0.007,1
1790741220,672.37,672.37,672.37,672.37,672.37,0.007,1
1790741280,672.37,672.37,672.37,672.37,0.00,0.0,0
1790741340,672.14,672.14,672.14,672.14,672.14,0.02678,1
1790741400,672.14,672.14,672.14,672.14,0.00,0.0,0
1790741460,672.14,672.14,672.14,672.14,0.00,0.0,0
1790741520,672.67,672.67,672.67,672.67,672.67,0.04906,1
1790741580,672.67,672.67,672.67,672.67,0.00,0.0,0
1790741640,672.67,672.67,672.67,672.67,0.00,0.0,0
1790741700,673.06,673.06,673.06,673.06,673.06,0.02968,1
1790741760,673.06,673.06,673.06,673.06,0.00,0.0,0
1790741820,673.28,673.28,673.28,673.28,673.28,0.03713,1
1790741880,673.28,673.28,673.28,673.28,0.00,0.0,0
1790741940,673.28,673.28,673.28,673.28,0.00,0.0,0
1790742000,673.28,673.28,673.28,673.28,0.00,0.0,0
1790742060,673.28,673.28,673.28,673.28,0.00,0.0,0
1790742120,673.7,673.7,673.7,673.7,673.70,0.03711,1
1790742180,673.7,673.7,673.7,673.7,0.00,0.0,0
1790742240,673.7,673.7,673.7,673.7,0.00,0.0,0
1790742300,673.7,673.7,673.7,673.7,0.00,0.0,0
1790742360,674.15,674.15,674.15,674.15,674.15,0.03708,1
1790742420,674.15,674.15,674.15,674.15,0.00,0.0,0
1790742480,674.15,674.15,674.15,674.15,0.00,0.0,0
1790742540,674.15,674.15,674.15,674.15,0.00,0.0,0
1790742600,673.81,673.81,673.81,673.81,673.81,0.0371,1
1790742660,673.81,673.81,673.81,673.81,0.00,0.0,0
1790742720,673.44,673.59,673.44,673.59,673.49,1.73447,2
1790742780,673.59,673.59,673.59,673.59,0.00,0.0,0
1790742840,673.59,673.59,673.59,673.59,0.00,0.0,0
1790742900,673.12,673.12,673.11,673.11,673.11,0.28454,2
1790742960,673.11,673.11,673.11,673.11,0.00,0.0,0
1790743020,673.11,673.11,673.11,673.11,0.00,0.0,0
1790743080,673.11,673.11,673.11,673.11,0.00,0.0,0
1790743140,673.11,673.11,673.11,673.11,0.00,0.0,0
1790743200,673.27,673.27,673.27,673.27,673.27,0.03478,1
1790743260,673.27,673.27,673.27,673.27,0.00,0.0,0
1790743320,673.45,673.45,673.45,673.45,673.45,0.03712,1
1790743380,673.45,673.45,673.45,673.45,0.00,0.0,0
1790743440,673.23,673.23,673.23,673.23,673.23,0.17167,1
1790743500,673.36,673.36,673.36,673.36,673.36,0.06276,1
1790743560,673.36,673.36,673.36,673.36,0.00,0.0,0
1790743620,673.36,673.36,673.36,673.36,0.00,0.0,0
1790743680,673.36,673.36,673.36,673.36,0.00,0.0,0
1790743740,673.36,673.36,673.36,673.36,0.00,0.0,0
1790743800,673.29,673.29,673.29,673.29,673.29,0.11674,1
1790743860,673.29,673.29,673.29,673.29,0.00,0.0,0
1790743920,673.11,673.11,673.11,673.11,673.11,0.03714,1
1790743980,673.11,673.11,673.11,673.11,0.00,0.0,0
1790744040,673.11,673.11,673.11,673.11,0.00,0.0,0
1790744100,673.11,673.11,673.11,673.11,0.00,0.0,0
1790744160,673.11,673.11,673.11,673.11,0.00,0.0,0
1790744220,672.73,672.73,672.73,672.73,672.73,1.047,1
1790744280,672.73,672.73,672.73,672.73,0.00,0.0,0
1790744340,672.48,672.48,672.48,672.48,672.48,0.03718,1
1790744400,672.48,672.48,672.48,672.48,0.00,0.0,0
1790744460,672.48,672.48,672.48,672.48,0.00,0.0,0
1790744520,672.48,672.48,672.48,672.48,0.00,0.0,0
1790744580,672.48,672.48,672.48,672.48,0.00,0.0,0
1790744640,672.48,672.48,672.48,672.48,0.00,0.0,0
1790744700,673.47,674.19,673.47,674.19,673.64,0.04671,2
1790744760,674.19,674.19,674.19,674.19,0.00,0.0,0
1790744820,674.19,674.19,674.19,674.19,0.00,0.0,0
1790744880,674.19,674.19,674.19,674.19,0.00,0.0,0
1790744940,673.99,673.99,673.91,673.91,673.94,1.70061,2
1790745000,673.91,673.91,673.91,673.91,0.00,0.0,0
1790745060,673.91,673.91,673.91,673.91,0.00,0.0,0
1790745120,673.91,673.91,673.91,673.91,0.00,0.0,0
1790745180,673.28,673.28,673.19,673.19,673.27,1.07941,2
1790745240,673.19,673.19,673.19,673.19,0.00,0.0,0
1790745300,673.57,673.57,673.57,673.57,673.57,0.06755,1
1790745360,673.57,673.57,673.57,673.57,0.00,0.0,0
1790745420,673.57,673.57,673.57,673.57,0.00,0.0,0
1790745480,673.57,673.57,673.57,673.57,0.00,0.0,0
1790745540,673.57,673.57,673.57,673.57,0.00,0.0,0
1790745600,673.57,673.57,673.57,673.57,0.00,0.0,0
1790745660,673.57,673.57,673.57,673.57,0.00,0.0,0
1790745720,673.57,673.57,673.57,673.57,0.00,0.0,0
1790745780,673.57,673.57,673.57,673.57,0.00,0.0,0
1790745840,673.57,673.57,673.57,673.57,0.00,0.0,0
1790745900,673.57,673.57,673.57,673.57,0.00,0.0,0
1790745960,673.57,673.57,673.57,673.57,0.00,0.0,0
1790746020,673.57,673.57,673.57,673.57,0.00,0.0,0
1790746080,673.57,673.57,673.57,673.57,0.00,0.0,0
1790746140,673.57,673.57,673.57,673.57,0.00,0.0,0
1790746200,674.25,674.25,674.25,674.25,674.25,0.007,1
1790746260,674.25,674.25,674.25,674.25,0.00,0.0,0
1790746320,674.84,674.84,674.84,674.84,674.84,0.007,1
1790746380,674.84,674.84,674.84,674.84,0.00,0.0,0
1790746440,674.84,674.84,674.84,674.84,0.00,0.0,0
1790746500,673.98,673.98,673.98,673.98,673.98,0.1892,2
1790746560,673.98,673.98,673.98,673.98,0.00,0.0,0
1790746620,673.98,673.98,673.98,673.98,0.00,0.0,0
1790746680,673.84,673.84,673.84,673.84,673.84,0.14839,1
1790746740,673.84,673.84,673.84,673.84,0.00,0.0,0
1790746800,673.77,673.77,673.77,673.77,673.77,0.02373,1
1790746860,673.77,673.77,673.77,673.77,0.00,0.0,0
1790746920,673.77,673.77,673.77,673.77,0.00,0.0,0
1790746980,673.77,673.77,673.77,673.77,0.00,0.0,0
1790747040,674.47,674.47,674.47,674.47,674.47,0.05286,1
1790747100,674.47,674.47,674.47,674.47,0.00,0.0,0
1790747160,674.47,674.47,674.47,674.47,0.00,0.0,0
1790747220,674.47,674.47,674.47,674.47,0.00,0.0,0
1790747280,674.47,674.47,674.47,674.47,0.00,0.0,0
1790747340,674.47,674.47,674.47,674.47,0.00,0.0,0
1790747400,674.14,674.14,674.14,674.14,674.14,0.03036,1
1790747460,674.14,674.14,674.14,674.14,0.00,0.0,0
1790747520,674.14,674.14,674.14,674.14,0.00,0.0,0
1790747580,673.54,673.54,673.54,673.54,673.54,0.01811,1
1790747640,673.54,673.54,673.54,673.54,0.00,0.0,0
1790747700,673.54,673.54,673.54,673.54,0.00,0.0,0
1790747760,673.54,673.54,673.54,673.54,0.00,0.0,0
1790747820,673.54,673.54,673.54,673.54,0.00,0.0,0
1790747880,673.14,673.14,673.14,673.14,673.14,0.1819,2
1790747940,673.14,673.14,673.14,673.14,0.00,0.0,0
1790748000,673.46,673.46,673.21,673.21,673.40,0.35185,2
1790748060,673.21,673.21,673.21,673.21,0.00,0.0,0
1790748120,673.21,673.21,673.21,673.21,0.00,0.0,0
1790748180,673.21,673.21,673.21,673.21,0.00,0.0,0
1790748240,673.21,673.21,673.21,673.21,0.00,0.0,0
1790748300,673.25,673.25,673.25,673.25,673.25,0.07434,1
1790748360,673.25,673.25,673.25,673.25,0.00,0.0,0
1790748420,672.58,672.72,672.52,672.65,672.65,0.70221,4
1790748480,672.65,672.65,672.65,672.65,0.00,0.0,0
1790748540,672.65,672.65,672.65,672.65,0.00,0.0,0
1790748600,672.44,672.44,672.1,672.1,672.40,0.0671,2
1790748660,672.1,672.1,672.1,672.1,0.00,0.0,0
1790748720,672.1,672.1,672.1,672.1,0.00,0.0,0
1790748780,671.37,671.37,671.37,671.37,671.37,0.02978,1
1790748840,670.75,670.75,670.75,670.75,670.75,0.007,1
1790748900,670.75,670.75,670.75,670.75,0.00,0.0,0
1790748960,670.75,670.75,670.75,670.75,0.00,0.0,0
1790749020,670.81,670.81,670.81,670.81,670.81,0.007,1
1790749080,670.59,670.59,670.59,670.59,670.59,0.007,1
1790749140,670.59,670.59,670.59,670.59,0.00,0.0,0
1790749200,670.59,670.59,670.59,670.59,0.00,0.0,0
1790749260,669.75,669.75,669.64,669.64,669.73,0.07591,2
1790749320,669.64,669.64,669.64,669.64,0.00,0.0,0
1790749380,669.64,669.64,669.64,669.64,0.00,0.0,0
1790749440,668.97,668.97,668.97,668.97,668.97,0.06598,2
1790749500,668.93,668.93,668.93,668.93,668.93,0.007,1
1790749560,668.93,668.93,668.93,668.93,0.00,0.0,0
1790749620,668.93,668.93,668.93,668.93,0.00,0.0,0
1790749680,668.93,668.93,668.93,668.93,0.00,0.0,0
1790749740,668.93,668.93,668.93,668.93,0.00,0.0,0
1790749800,668.93,668.93,668.93,668.93,0.00,0.0,0
1790749860,668.93,668.93,668.93,668.93,0.00,0.0,0
1790749920,668.93,668.93,668.93,668.93,0.00,0.0,0
1790749980,668.93,668.93,668.93,668.93,0.00,0.0,0
1790750040,668.93,668.93,668.93,668.93,0.00,0.0,0
1790750100,668.93,668.93,668.93,668.93,0.00,0.0,0
1790750160,668.93,668.93,668.93,668.93,0.00,0.0,0
1790750220,668.93,668.93,668.93,668.93,0.00,0.0,0
1790750280,668.61,668.61,668.61,668.61,668.61,0.007,1
1790750340,668.61,668.61,668.61,668.61,0.00,0.0,0
1790750400,668.59,668.59,668.59,668.59,668.59,0.02998,1
1790750460,668.72,668.72,668.72,668.72,668.72,0.01573,1
1790750520,668.72,668.72,668.72,668.72,0.00,0.0,0
1790750580,668.72,668.72,668.72,668.72,0.00,0.0,0
1790750640,668.34,668.34,668.34,668.34,668.34,0.007,1
1790750700,667.66,667.66,667.66,667.66,667.66,0.007,1
1790750760,667.66,667.66,667.66,667.66,0.00,0.0,0
1790750820,667.66,667.66,667.66,667.66,0.00,0.0,0
1790750880,667.66,667.66,667.66,667.66,0.00,0.0,0
1790750940,666.63,666.76,666.63,666.76,666.72,0.02585,2
1790751000,666.76,666.76,666.76,666.76,0.00,0.0,0
1790751060,666.91,666.91,666.71,666.71,666.74,15.8,5
1790751120,666.71,666.71,666.71,666.71,0.00,0.0,0
1790751180,667.1,667.1,667.1,667.1,667.10,0.07855,1
1790751240,667.22,667.27,667.22,667.27,667.24,0.05313,2
1790751300,667.38,668.08,667.38,668.08,667.48,0.15062,2
1790751360,668.28,668.28,668.28,668.28,668.28,0.6185,1
1790751420,668.28,668.28,668.28,668.28,0.00,0.0,0
1790751480,667.36,667.4,667.36,667.4,667.38,0.03647,2
1790751540,667.4,667.4,667.4,667.4,0.00,0.0,0
1790751600,666.75,666.75,666.71,666.71,666.73,1.00084,2
1790751660,666.71,666.71,666.71,666.71,0.00,0.0,0
1790751720,666.71,666.71,666.71,666.71,0.00,0.0,0
1790751780,666.71,666.71,666.71,666.71,0.00,0.0,0
1790751840,666.71,666.71,666.71,666.71,0.00,0.0,0
1790751900,666.71,666.71,666.71,666.71,0.00,0.0,0
1790751960,666.71,666.71,666.71,666.71,0.00,0.0,0
1790752020,666.71,666.71,666.71,666.71,0.00,0.0,0
1790752080,666.3,666.3,666.3,666.3,666.30,0.007,1
1790752140,666.3,666.3,666.3,666.3,0.00,0.0,0
1790752200,666.3,666.3,666.3,666.3,0.00,0.0,0
1790752260,666.3,666.3,666.3,666.3,0.00,0.0,0
1790752320,666.3,666.3,666.3,666.3,0.00,0.0,0
1790752380,666.3,666.3,666.3,666.3,0.00,0.0,0
1790752440,666.24,666.53,666.24,666.53,666.39,0.10152,4
1790752500,666.52,666.78,666.29,666.78,666.54,0.042,6
1790752560,666.66,667.05,666.66,667.05,666.85,0.02929,4
1790752620,667.05,667.05,667.05,667.05,0.00,0.0,0
1790752680,667.38,667.51,667.38,667.51,667.44,0.014,2
1790752740,667.51,667.51,667.51,667.51,0.00,0.0,0
1790752800,667.51,667.51,667.51,667.51,0.00,0.0,0
1790752860,667.51,667.51,667.51,667.51,0.00,0.0,0
1790752920,667.51,667.51,667.51,667.51,0.00,0.0,0
1790752980,667.51,667.51,667.51,667.51,0.00,0.0,0
1790753040,667.51,667.51,667.51,667.51,0.00,0.0,0
1790753100,667.51,667.51,667.51,667.51,0.00,0.0,0
1790753160,667.51,667.51,667.51,667.51,0.00,0.0,0
1790753220,667.51,667.51,667.51,667.51,0.00,0.0,0
1790753280,667.51,667.51,667.51,667.51,0.00,0.0,0
1790753340,667.51,667.51,667.51,667.51,0.00,0.0,0
1790753400,667.96,667.96,667.96,667.96,667.96,0.03976,1
1790753460,667.96,667.96,667.96,667.96,0.00,0.0,0
1790753520,667.96,667.96,667.96,667.96,0.00,0.0,0
1790753580,667.96,667.96,667.96,667.96,0.00,0.0,0
1790753640,667.96,667.96,667.96,667.96,0.00,0.0,0
1790753700,668.32,668.32,668.26,668.26,668.28,1.82981,2
1790753760,668.26,668.26,668.26,668.26,0.00,0.0,0
1790753820,668.26,668.26,668.26,668.26,0.00,0.0,0
1790753880,668.26,668.26,668.26,668.26,0.00,0.0,0
1790753940,668.26,668.26,668.26,668.26,0.00,0.0,0
1790754000,668.26,668.26,668.26,668.26,0.00,0.0,0
1790754060,668.26,668.26,668.26,668.26,0.00,0.0,0
1790754120,668.26,668.26,668.26,668.26,0.00,0.0,0
1790754180,668.26,668.26,668.26,668.26,0.00,0.0,0
1790754240,668.26,668.26,668.26,668.26,0.00,0.0,0
1790754300,670.06,670.06,670.06,670.06,670.06,0.01418,1
1790754360,670.06,670.06,670.06,670.06,0.00,0.0,0
1790754420,669.75,669.75,669.75,669.75,669.75,0.02606,1
1790754480,669.75,669.75,669.75,669.75,0.00,0.0,0
1790754540,669.75,669.75,669.75,669.75,0.00,0.0,0
1790754600,670.14,670.14,670.14,670.14,670.14,0.65776,1
1790754660,670.14,670.14,670.14,670.14,0.00,0.0,0
1790754720,670.14,670.14,670.14,670.14,0.00,0.0,0
1790754780,670.14,670.14,670.14,670.14,0.00,0.0,0
1790754840,670.14,670.14,670.14,670.14,0.00,0.0,0
1790754900,669.6,669.6,669.54,669.54,669.59,0.68483,2
1790754960,669.54,669.54,669.54,669.54,0.00,0.0,0
1790755020,669.23,669.23,669.23,669.23,669.23,0.03453,1
1790755080,669.23,669.23,669.23,669.23,0.00,0.0,0
1790755140,669.23,669.23,669.23,669.23,0.00,0.0,0
1790755200,669.23,669.23,669.23,669.23,0.00,0.0,0
1790755260,669.23,669.23,669.23,669.23,0.00,0.0,0
1790755320,669.23,669.23,669.23,669.23,0.00,0.0,0
1790755380,668.73,668.73,668.73,668.73,668.73,0.26917,1
1790755440,668.73,668.73,668.73,668.73,0.00,0.0,0
1790755500,668.73,668.73,668.73,668.73,0.00,0.0,0
1790755560,668.73,668.73,668.73,668.73,0.00,0.0,0
1790755620,667.9,667.9,667.9,667.9,667.90,0.02998,1
1790755680,667.9,667.9,667.9,667.9,0.00,0.0,0
1790755740,667.9,667.9,667.9,667.9,0.00,0.0,0
1790755800,667.9,667.9,667.9,667.9,0.00,0.0,0
1790755860,667.9,667.9,667.9,667.9,0.00,0.0,0
1790755920,667.9,667.9,667.9,667.9,0.00,0.0,0
1790755980,667.8,667.8,667.8,667.8,667.80,0.19344,1
1790756040,667.8,667.8,667.8,667.8,0.00,0.0,0
1790756100,667.8,667.8,667.8,667.8,0.00,0.0,0
1790756160,667.8,667.8,667.8,667.8,0.00,0.0,0
1790756220,667.8,667.8,667.8,667.8,0.00,0.0,0
1790756280,667.8,667.8,667.8,667.8,0.00,0.0,0
1790756340,668.51,668.51,668.51,668.51,668.51,0.07815,1
1790756400,668.36,668.5,668.36,668.5,668.37,0.08028,2
1790756460,668.5,668.5,668.5,668.5,0.00,0.0,0
1790756520,668.5,668.5,668.5,668.5,0.00,0.0,0
1790756580,668.5,668.5,668.5,668.5,0.00,0.0,0
1790756640,668.51,668.51,668.3,668.3,668.47,0.77885,2
1790756700,668.3,668.3,668.3,668.3,0.00,0.0,0
1790756760,668.3,668.3,668.3,668.3,0.00,0.0,0
1790756820,668.85,668.85,668.85,668.85,668.85,0.05891,1
1790756880,668.85,668.85,668.85,668.85,0.00,0.0,0
1790756940,668.85,668.85,668.85,668.85,0.00,0.0,0
1790757000,668.85,668.85,668.85,668.85,0.00,0.0,0
1790757060,668.85,668.85,668.85,668.85,0.00,0.0,0
1790757120,668.85,668.85,668.85,668.85,0.00,0.0,0
1790757180,668.85,668.85,668.85,668.85,0.00,0.0,0
1790757240,668.85,668.85,668.85,668.85,0.00,0.0,0
1790757300,667.26,667.49,667.26,667.49,667.39,0.15684,2
1790757360,667.63,667.63,667.36,667.36,667.50,0.21893,2
1790757420,667.36,667.36,667.36,667.36,0.00,0.0,0
1790757480,667.51,667.51,667.51,667.51,667.51,0.08899,1
1790757540,667.51,667.51,667.51,667.51,0.00,0.0,0
1790757600,668.0,668.0,668.0,668.0,668.00,0.03181,1
1790757660,668.0,668.0,668.0,668.0,0.00,0.0,0
1790757720,668.0,668.0,668.0,668.0,0.00,0.0,0
1790757780,667.93,668.1,667.93,668.1,668.08,0.32213,2
1790757840,668.1,668.1,668.1,668.1,0.00,0.0,0
1790757900,668.1,668.1,668.1,668.1,0.00,0.0,0
1790757960,669.28,669.28,669.28,669.28,669.28,0.11987,1
1790758020,669.3,669.3,669.03,669.03,669.28,0.22339,2
1790758080,669.03,669.03,669.03,669.03,0.00,0.0,0
1790758140,669.03,669.03,669.03,669.03,0.00,0.0,0
1790758200,669.24,669.24,669.24,669.24,669.24,0.55689,1
1790758260,669.08,669.08,668.36,668.36,668.84,0.23282,7
1790758320,668.36,668.36,668.36,668.36,0.00,0.0,0
1790758380,669.01,669.01,669.01,669.01,669.01,0.007,1
1790758440,669.01,669.01,669.01,669.01,0.00,0.0,0
1790758500,669.01,669.01,669.01,669.01,0.00,0.0,0
1790758560,669.01,669.01,669.01,669.01,0.00,0.0,0
1790758620,669.01,669.01,669.01,669.01,0.00,0.0,0
1790758680,669.01,669.01,669.01,669.01,0.00,0.0,0
1790758740,668.58,668.58,668.58,668.58,668.58,0.02394,1
1790758800,668.67,668.67,668.67,668.67,668.67,0.00768,1
1790758860,668.67,668.67,668.67,668.67,0.00,0.0,0
1790758920,668.67,668.67,668.67,668.67,0.00,0.0,0
1790758980,668.67,668.67,668.67,668.67,0.00,0.0,0
1790759040,669.13,669.54,669.13,669.54,669.45,0.62518,2
1790759100,669.54,669.54,669.54,669.54,0.00,0.0,0
1790759160,669.54,669.54,669.54,669.54,0.00,0.0,0
1790759220,669.54,669.54,669.54,669.54,0.00,0.0,0
1790759280,669.54,669.54,669.54,669.54,0.00,0.0,0
1790759340,669.54,669.54,669.54,669.54,0.00,0.0,0
1790759400,669.54,669.54,669.54,669.54,0.00,0.0,0
1790759460,670.32,670.32,670.32,670.32,670.32,0.0146,1
1790759520,670.32,670.32,670.32,670.32,0.00,0.0,0
1790759580,670.57,670.57,670.57,670.57,670.57,0.06897,1
1790759640,670.57,670.57,670.57,670.57,0.00,0.0,0
1790759700,670.57,670.57,670.57,670.57,0.00,0.0,0
1790759760,670.57,670.57,670.57,670.57,0.00,0.0,0
1790759820,670.93,670.93,670.93,670.93,670.93,0.01898,1
1790759880,670.93,670.93,670.93,670.93,0.00,0.0,0
1790759940,670.93,670.93,670.93,670.93,0.00,0.0,0
1790760000,670.93,670.93,670.93,670.93,0.00,0.0,0
1790760060,670.93,670.93,670.93,670.93,0.00,0.0,0
1790760120,671.79,671.79,671.79,671.79,671.79,0.03608,1
1790760180,671.79,671.79,671.79,671.79,0.00,0.0,0
1790760240,671.89,671.89,671.89,671.89,671.89,0.03178,1
1790760300,671.89,671.89,671.89,671.89,0.00,0.0,0
1790760360,671.89,671.89,671.89,671.89,0.00,0.0,0
1790760420,671.91,671.91,671.91,671.91,671.91,0.0372,1
1790760480,671.91,671.91,671.91,671.91,0.00,0.0,0
1790760540,671.91,671.91,671.91,671.91,0.00,0.0,0
1790760600,672.53,672.53,672.53,672.53,672.53,0.03723,1
1790760660,672.53,672.53,672.53,672.53,0.00,0.0,0
1790760720,672.81,673.94,672.81,673.94,673.21,4.00741,10
1790760780,674.31,674.31,673.96,674.1,674.13,1.38709,4
1790760840,674.1,674.1,674.1,674.1,0.00,0.0,0
1790760900,673.78,673.78,673.53,673.53,673.60,1.72573,2
1790760960,674.01,674.01,674.01,674.01,674.01,0.6533,1
1790761020,673.92,674.02,673.92,674.02,673.93,0.05163,2
1790761080,673.94,674.01,673.7,673.7,673.92,0.77011,3
1790761140,673.91,673.91,673.91,673.91,673.91,0.65344,1
1790761200,673.76,673.85,673.55,673.55,673.76,0.72855,4
1790761260,673.55,673.55,673.55,673.55,0.00,0.0,0
1790761320,673.87,673.87,673.87,673.87,673.87,0.07202,1
1790761380,673.96,674.02,673.96,674.02,673.98,4.32283,4
1790761440,674.02,674.02,674.02,674.02,0.00,0.0,0
1790761500,674.31,674.31,674.01,674.01,674.22,1.31415,4
1790761560,674.01,674.01,674.01,674.01,0.00,0.0,0
1790761620,673.5,673.5,673.13,673.13,673.30,0.07047,2
1790761680,673.21,673.21,673.21,673.21,673.21,0.074,1
1790761740,673.06,673.06,673.06,673.06,673.06,0.007,1
1790761800,673.12,673.12,673.12,673.12,673.12,0.0422,1
1790761860,673.12,673.12,673.12,673.12,0.00,0.0,0
1790761920,673.12,673.12,673.12,673.12,0.00,0.0,0
1790761980,672.7,672.98,672.7,672.98,672.86,3.87561,4
1790762040,672.98,672.98,672.98,672.98,0.00,0.0,0
1790762100,672.81,672.81,672.81,672.81,672.81,0.6543,1
1790762160,672.81,672.81,672.81,672.81,0.00,0.0,0
1790762220,672.81,672.81,672.81,672.81,0.00,0.0,0
1790762280,672.81,672.81,672.81,672.81,0.00,0.0,0
1790762340,672.81,672.81,672.81,672.81,0.00,0.0,0
1790762400,672.81,672.81,672.81,672.81,0.00,0.0,0
1790762460,673.51,673.51,673.39,673.39,673.43,0.04336,3
1790762520,673.19,673.19,673.19,673.19,673.19,0.6537,1
1790762580,673.5,673.5,673.5,673.5,673.50,0.01039,1
1790762640,673.89,673.89,673.71,673.71,673.80,0.014,2
1790762700,673.6,673.6,673.38,673.38,673.45,0.07845,5
1790762760,674.44,674.44,674.44,674.44,674.44,0.02746,1
1790762820,674.31,674.31,674.31,674.31,674.31,0.06863,1
1790762880,674.31,674.31,674.31,674.31,0.00,0.0,0
1790762940,674.31,674.31,674.31,674.31,0.00,0.0,0
1790727840,668.08,668.08,668.08,668.08,0.00,0.0,0
1790727900,668.08,668.08,668.08,668.08,0.00,0.0,0
1790727960,668.08,668.08,668.08,668.08,0.00,0.0,0
1790728020,668.08,668.08,668.08,668.08,0.00,0.0,0
1790728080,669.39,669.46,669.39,669.46,669.41,0.95578,2
1790728140,669.46,669.46,669.46,669.46,0.00,0.0,0
1790728200,669.46,669.46,669.46,669.46,0.00,0.0,0
1790728260,669.46,669.46,669.46,669.46,0.00,0.0,0
1790728320,670.22,670.22,670.22,670.22,670.22,0.65796,1
1790728380,670.34,670.34,670.34,670.34,670.34,0.007,1
1790728440,670.52,670.52,670.52,670.52,670.52,0.007,1
1790728500,670.56,670.56,670.56,670.56,670.56,0.03339,1
1790728560,670.2,670.2,670.2,670.2,670.20,0.007,1
1790728620,669.46,669.46,669.46,669.46,669.46,0.02841,1
1790728680,669.46,669.46,669.46,669.46,0.00,0.0,0
1790728740,669.46,669.46,669.46,669.46,0.00,0.0,0
1790728800,669.45,669.45,669.45,669.45,669.45,0.0348,1
1790728860,669.64,669.73,669.64,669.73,669.68,1.31689,2
1790728920,669.73,669.73,669.73,669.73,0.00,0.0,0
1790728980,669.5,669.5,669.5,669.5,669.50,0.03888,1
1790729040,669.56,669.56,669.56,669.56,669.56,0.0338,1
1790729100,669.56,669.56,669.56,669.56,0.00,0.0,0
1790729160,669.56,669.56,669.56,669.56,0.00,0.0,0
1790729220,669.6,669.6,669.3,669.3,669.44,1.31749,2
1790729280,669.3,669.3,669.3,669.3,0.00,0.0,0
1790729340,669.3,669.3,669.3,669.3,0.00,0.0,0
1790729400,669.3,669.3,669.3,669.3,0.00,0.0,0
1790729460,669.3,669.3,669.3,669.3,0.00,0.0,0
1790729520,669.3,669.3,669.3,669.3,0.00,0.0,0
1790729580,668.98,668.98,668.98,668.98,668.98,1.18117,1
1790729640,668.98,668.98,668.98,668.98,0.00,0.0,0
1790729700,668.98,668.98,668.98,668.98,0.00,0.0,0
1790729760,669.4,669.4,669.4,669.4,669.40,0.007,1
1790729820,669.4,669.4,669.4,669.4,0.00,0.0,0
1790729880,669.4,669.4,669.4,669.4,0.00,0.0,0
1790729940,669.4,669.4,669.4,669.4,0.00,0.0,0
1790730000,669.4,669.4,669.4,669.4,0.00,0.0,0
1790730060,669.4,669.4,669.4,669.4,0.00,0.0,0
1790730120,669.4,669.4,669.4,669.4,0.00,0.0,0
1790730180,669.4,669.4,669.4,669.4,0.00,0.0,0
1790730240,670.6,670.6,670.3,670.3,670.45,1.32256,3
1790730300,670.3,670.3,670.3,670.3,0.00,0.0,0
1790730360,670.3,670.3,670.3,670.3,0.00,0.0,0
1790730420,670.3,670.3,670.3,670.3,0.00,0.0,0
1790730480,670.3,670.3,670.3,670.3,0.00,0.0,0
1790730540,670.3,670.3,670.3,670.3,0.00,0.0,0
1790730600,671.25,671.25,671.17,671.17,671.17,0.66416,2
1790730660,671.17,671.17,671.17,671.17,0.00,0.0,0
1790730720,671.37,671.37,671.37,671.37,671.37,0.65694,1
1790730780,671.37,671.37,671.37,671.37,0.00,0.0,0
1790730840,671.37,671.37,671.37,671.37,0.00,0.0,0
1790730900,671.37,671.37,671.37,671.37,0.00,0.0,0
1790730960,671.37,671.37,671.37,671.37,0.00,0.0,0
1790731020,671.37,671.37,671.37,671.37,0.00,0.0,0
1790731080,671.37,671.37,671.37,671.37,0.00,0.0,0
1790731140,671.37,671.37,671.37,671.37,0.00,0.0,0
1790731200,671.37,671.37,671.37,671.37,0.00,0.0,0
1790731260,671.37,671.37,671.37,671.37,0.00,0.0,0
1790731320,671.37,671.37,671.37,671.37,0.00,0.0,0
1790731380,671.37,671.37,671.37,671.37,0.00,0.0,0
1790731440,671.37,671.37,671.37,671.37,0.00,0.0,0
1790731500,671.08,671.08,671.08,671.08,671.08,0.007,1
1790731560,671.08,671.08,671.08,671.08,0.00,0.0,0
1790731620,671.08,671.08,671.08,671.08,0.00,0.0,0
1790731680,671.08,671.08,671.08,671.08,0.00,0.0,0
1790731740,671.08,671.08,671.08,671.08,0.00,0.0,0
1790731800,671.08,671.08,671.08,671.08,0.00,0.0,0
1790731860,671.08,671.08,671.08,671.08,0.00,0.0,0
1790731920,671.08,671.08,671.08,671.08,0.00,0.0,0
1790731980,671.08,671.08,671.08,671.08,0.00,0.0,0
1790732040,671.08,671.08,671.08,671.08,0.00,0.0,0
1790732100,671.08,671.08,671.08,671.08,0.00,0.0,0
1790732160,671.08,671.08,671.08,671.08,0.00,0.0,0
1790732220,671.08,671.08,671.08,671.08,0.00,0.0,0
1790732280,671.08,671.08,671.08,671.08,0.00,0.0,0
1790732340,671.08,671.08,671.08,671.08,0.00,0.0,0
1790732400,671.08,671.08,671.08,671.08,0.00,0.0,0
1790732460,671.08,671.08,671.08,671.08,0.00,0.0,0
1790732520,671.08,671.08,671.08,671.08,0.00,0.0,0
1790732580,671.08,671.08,671.08,671.08,0.00,0.0,0
1790732640,671.08,671.08,671.08,671.08,0.00,0.0,0
1790732700,669.95,669.95,669.95,669.95,669.95,1.18117,1
1790732760,669.95,669.95,669.95,669.95,0.00,0.0,0
1790732820,669.95,669.95,669.95,669.95,0.00,0.0,0
1790732880,669.95,669.95,669.95,669.95,0.00,0.0,0
1790732940,670.5,670.5,670.44,670.44,670.45,2.00676,2
1790733000,670.44,670.44,670.44,670.44,0.00,0.0,0
1790733060,671.13,671.13,671.13,671.13,671.13,0.12656,1
1790733120,671.13,671.13,671.13,671.13,0.00,0.0,0
1790733180,671.13,671.13,671.13,671.13,0.00,0.0,0
1790733240,671.13,671.13,671.13,671.13,0.00,0.0,0
1790733300,670.36,670.36,670.36,670.36,670.36,0.0295,1
1790733360,670.36,670.36,670.36,670.36,0.00,0.0,0
1790733420,670.36,670.36,670.36,670.36,0.00,0.0,0
1790733480,670.36,670.36,670.36,670.36,0.00,0.0,0
1790733540,670.36,670.36,670.36,670.36,0.00,0.0,0
1790733600,670.36,670.36,670.36,670.36,0.00,0.0,0
1790733660,670.36,670.36,670.36,670.36,0.00,0.0,0
1790733720,670.36,670.36,670.36,670.36,0.00,0.0,0
1790733780,670.34,670.34,670.34,670.34,670.34,0.65801,1
1790733840,670.34,670.34,670.34,670.34,0.00,0.0,0
1790733900,670.34,670.34,670.34,670.34,0.00,0.0,0
1790733960,670.89,670.89,670.89,670.89,670.89,0.07039,1
1790734020,671.14,671.14,671.14,671.14,671.14,0.49885,1
1790734080,671.38,671.38,671.38,671.38,671.38,0.65696,1
1790734140,671.16,671.16,671.16,671.16,671.16,0.65718,1
1790734200,671.23,671.23,671.23,671.23,671.23,0.6571,1
1790734260,671.05,671.05,671.05,671.05,671.05,0.65728,1
1790734320,671.05,671.05,671.05,671.05,0.00,0.0,0
1790734380,670.92,671.63,670.92,671.63,670.92,0.6644,2
1790734440,671.63,671.63,671.63,671.63,0.00,0.0,0
1790734500,670.84,670.84,670.84,670.84,670.84,0.65741,1
1790734560,670.84,670.84,670.84,670.84,0.00,0.0,0
1790734620,670.64,670.64,670.64,670.64,670.64,1.18117,1
1790734680,670.95,670.95,670.95,670.95,670.95,1.18117,1
1790734740,670.95,670.95,670.95,670.95,0.00,0.0,0
1790734800,670.95,670.95,670.95,670.95,0.00,0.0,0
1790734860,670.56,670.56,670.53,670.53,670.55,1.23384,2
1790734920,671.31,671.31,671.31,671.31,671.31,1.18117,1
1790734980,671.72,672.06,671.72,672.06,671.93,1.83765,2
1790735040,671.52,671.52,671.52,671.52,671.52,0.00991,1
1790735100,671.52,671.52,671.52,671.52,0.00,0.0,0
1790735160,671.52,671.52,671.52,671.52,0.00,0.0,0
1790735220,671.52,671.52,671.52,671.52,0.00,0.0,0
1790735280,670.79,670.79,670.79,670.79,670.79,0.02853,1
1790735340,670.79,670.79,670.79,670.79,0.00,0.0,0
1790735400,671.17,671.17,671.17,671.17,671.17,0.08686,1
1790735460,671.45,671.45,671.45,671.45,671.45,0.65668,1
1790735520,671.45,671.45,671.45,671.45,0.00,0.0,0
1790735580,671.45,671.45,671.45,671.45,0.00,0.0,0
1790735640,670.98,670.98,670.98,670.98,670.98,1.18117,1
1790735700,670.98,670.98,670.98,670.98,0.00,0.0,0
1790735760,671.04,671.28,671.0,671.28,671.11,1.4453,5
1790735820,671.53,671.53,671.53,671.53,671.53,0.65668,1
1790735880,671.18,671.18,671.18,671.18,671.18,0.02896,1
1790735940,671.18,671.18,671.18,671.18,0.00,0.0,0
1790736000,671.18,671.18,671.18,671.18,0.00,0.0,0
1790736060,671.18,671.18,671.18,671.18,0.00,0.0,0
1790736120,671.18,671.18,671.18,671.18,0.00,0.0,0
1790736180,671.18,671.18,671.18,671.18,0.00,0.0,0
1790736240,671.18,671.18,671.18,671.18,0.00,0.0,0
1790736300,671.18,671.18,671.18,671.18,0.00,0.0,0
1790736360,671.18,671.18,671.18,671.18,0.00,0.0,0
1790736420,671.18,671.18,671.18,671.18,0.00,0.0,0
1790736480,671.18,671.18,671.18,671.18,0.00,0.0,0
1790736540,671.18,671.18,671.18,671.18,0.00,0.0,0
1790736600,671.18,671.18,671.18,671.18,0.00,0.0,0
1790736660,672.6,672.6,672.6,672.6,672.60,0.65545,1
1790736720,672.43,672.9,672.43,672.9,672.47,1.21832,3
1790736780,672.7,672.7,672.7,672.7,672.70,0.09615,1
1790736840,672.64,672.64,672.52,672.52,672.52,0.66263,2
1790736900,672.52,672.52,672.52,672.52,0.00,0.0,0
1790736960,672.52,672.52,672.52,672.52,0.00,0.0,0
1790737020,672.52,672.52,672.52,672.52,0.00,0.0,0
1790737080,672.52,672.52,672.52,672.52,0.00,0.0,0
1790737140,672.52,672.52,672.52,672.52,0.00,0.0,0
1790737200,672.52,672.52,672.52,672.52,0.00,0.0,0
1790737260,671.91,671.91,671.91,671.91,671.91,1.048,1
1790737320,671.91,671.91,671.91,671.91,0.00,0.0,0
1790737380,671.82,671.82,671.82,671.82,671.82,0.07663,1
1790737440,671.82,671.82,671.82,671.82,0.00,0.0,0
1790737500,671.82,671.82,671.82,671.82,0.00,0.0,0
1790737560,671.82,671.82,671.82,671.82,0.00,0.0,0
1790737620,671.82,671.82,671.82,671.82,0.00,0.0,0
1790737680,671.82,671.82,671.82,671.82,0.00,0.0,0
1790737740,672.11,672.21,672.11,672.21,672.11,0.68177,2
1790737800,672.21,672.21,672.21,672.21,0.00,0.0,0
1790737860,672.21,672.21,672.21,672.21,0.00,0.0,0
1790737920,672.21,672.21,672.21,672.21,0.00,0.0,0
1790737980,672.21,672.21,672.21,672.21,0.00,0.0,0
1790738040,672.21,672.21,672.21,672.21,0.00,0.0,0
1790738100,672.21,672.21,672.21,672.21,0.00,0.0,0
1790738160,671.14,671.14,670.38,670.38,671.07,6.43533,6
1790738220,670.38,670.38,670.38,670.38,0.00,0.0,0
1790738280,669.25,669.25,669.14,669.14,669.22,0.03562,2
1790738340,669.13,669.13,669.13,669.13,669.13,1.05,1
1790738400,669.13,669.13,669.13,669.13,0.00,0.0,0
1790738460,669.13,669.13,669.13,669.13,0.00,0.0,0
1790738520,669.13,669.13,669.13,669.13,0.00,0.0,0
1790738580,669.13,669.13,669.13,669.13,0.00,0.0,0
1790738640,669.13,669.13,669.13,669.13,0.00,0.0,0
1790738700,669.13,669.13,669.13,669.13,0.00,0.0,0
1790738760,669.13,669.13,669.13,669.13,0.00,0.0,0
1790738820,669.13,669.13,669.13,669.13,0.00,0.0,0
1790738880,669.13,669.13,669.13,669.13,0.00,0.0,0
1790738940,669.13,669.13,669.13,669.13,0.00,0.0,0
1790739000,669.13,669.13,669.13,669.13,0.00,0.0,0
1790739060,669.0,669.0,669.0,669.0,669.00,0.09225,1
1790739120,669.35,669.35,669.35,669.35,669.35,0.03735,1
1790739180,669.35,669.35,669.35,669.35,0.00,0.0,0
1790739240,669.97,669.97,669.97,669.97,669.97,0.65838,1
1790739300,670.06,670.06,669.86,669.86,669.95,1.31692,2
1790739360,669.73,669.73,669.73,669.73,669.73,1.18117,1
1790739420,670.38,670.52,670.38,670.52,670.47,1.22913,3
1790739480,670.52,670.52,670.52,670.52,0.00,0.0,0
1790739540,670.98,670.98,670.98,670.98,670.98,0.65739,1
1790739600,670.98,670.98,670.98,670.98,0.00,0.0,0
1790739660,671.32,671.32,671.32,671.32,671.32,0.03724,1
1790739720,671.32,671.32,671.32,671.32,0.00,0.0,0
1790739780,671.32,671.32,671.32,671.32,0.00,0.0,0
1790739840,671.11,671.11,671.11,671.11,671.11,0.1237,1
1790739900,670.71,670.71,670.6,670.6,670.64,0.08239,2
1790739960,670.6,670.6,670.6,670.6,0.00,0.0,0
1790740020,670.6,670.6,670.6,670.6,0.00,0.0,0
1790740080,670.29,670.29,670.29,670.29,670.29,0.02402,1
1790740140,670.16,670.16,670.16,670.16,670.16,0.03723,1
1790740200,670.16,670.16,670.16,670.16,0.00,0.0,0
1790740260,670.05,670.05,670.05,670.05,670.05,0.02985,1
1790740320,670.05,670.05,670.05,670.05,0.00,0.0,0
1790740380,669.78,669.94,669.78,669.84,669.87,1.84673,3
1790740440,669.84,669.84,669.84,669.84,0.00,0.0,0
1790740500,669.84,669.84,669.84,669.84,0.00,0.0,0
1790740560,670.17,670.21,670.17,670.21,670.20,0.0373,2
1790740620,670.46,670.46,670.46,670.46,670.46,0.09447,1
1790740680,670.46,670.46,670.46,670.46,0.00,0.0,0
1790740740,670.46,670.46,670.46,670.46,0.00,0.0,0
1790740800,670.46,670.46,670.46,670.46,0.00,0.0,0
1790740860,670.46,670.46,670.46,670.46,0.00,0.0,0
1790740920,670.46,670.46,670.46,670.46,0.00,0.0,0
1790740980,672.22,672.22,672.22,672.22,672.22,0.02678,1
1790741040,672.22,672.22,672.22,672.22,0.00,0.0,0
1790741100,672.64,672.64,672.64,672.64,672.64,0.007,1
1790741160,672.29,672.29,672.29,672.29,672.29,0.007,1
1790741220,672.37,672.37,672.37,672.37,672.37,0.007,1
1790741280,672.37,672.37,672.37,672.37,0.00,0.0,0
1790741340,672.14,672.14,672.14,672.14,672.14,0.02678,1
1790741400,672.14,672.14,672.14,672.14,0.00,0.0,0
1790741460,672.14,672.14,672.14,672.14,0.00,0.0,0
1790741520,672.67,672.67,672.67,672.67,672.67,0.04906,1
1790741580,672.67,672.67,672.67,672.67,0.00,0.0,0
1790741640,672.67,672.67,672.67,672.67,0.00,0.0,0
1790741700,673.06,673.06,673.06,673.06,673.06,0.02968,1
1790741760,673.06,673.06,673.06,673.06,0.00,0.0,0
1790741820,673.28,673.28,673.28,673.28,673.28,0.03713,1
1790741880,673.28,673.28,673.28,673.28,0.00,0.0,0
1790741940,673.28,673.28,673.28,673.28,0.00,0.0,0
1790742000,673.28,673.28,673.28,673.28,0.00,0.0,0
1790742060,673.28,673.28,673.28,673.28,0.00,0.0,0
1790742120,673.7,673.7,673.7,673.7,673.70,0.03711,1
1790742180,673.7,673.7,673.7,673.7,0.00,0.0,0
1790742240,673.7,673.7,673.7,673.7,0.00,0.0,0
1790742300,673.7,673.7,673.7,673.7,0.00,0.0,0
1790742360,674.15,674.15,674.15,674.15,674.15,0.03708,1
1790742420,674.15,674.15,674.15,674.15,0.00,0.0,0
1790742480,674.15,674.15,674.15,674.15,0.00,0.0,0
1790742540,674.15,674.15,674.15,674.15,0.00,0.0,0
1790742600,673.81,673.81,673.81,673.81,673.81,0.0371,1
1790742660,673.81,673.81,673.81,673.81,0.00,0.0,0
1790742720,673.44,673.59,673.44,673.59,673.49,1.73447,2
1790742780,673.59,673.59,673.59,673.59,0.00,0.0,0
1790742840,673.59,673.59,673.59,673.59,0.00,0.0,0
1790742900,673.12,673.12,673.11,673.11,673.11,0.28454,2
1790742960,673.11,673.11,673.11,673.11,0.00,0.0,0
1790743020,673.11,673.11,673.11,673.11,0.00,0.0,0
1790743080,673.11,673.11,673.11,673.11,0.00,0.0,0
1790743140,673.11,673.11,673.11,673.11,0.00,0.0,0
1790743200,673.27,673.27,673.27,673.27,673.27,0.03478,1
1790743260,673.27,673.27,673.27,673.27,0.00,0.0,0
1790743320,673.45,673.45,673.45,673.45,673.45,0.03712,1
1790743380,673.45,673.45,673.45,673.45,0.00,0.0,0
1790743440,673.23,673.23,673.23,673.23,673.23,0.17167,1
1790743500,673.36,673.36,673.36,673.36,673.36,0.06276,1
1790743560,673.36,673.36,673.36,673.36,0.00,0.0,0
1790743620,673.36,673.36,673.36,673.36,0.00,0.0,0
1790743680,673.36,673.36,673.36,673.36,0.00,0.0,0
1790743740,673.36,673.36,673.36,673.36,0.00,0.0,0
1790743800,673.29,673.29,673.29,673.29,673.29,0.11674,1
1790743860,673.29,673.29,673.29,673.29,0.00,0.0,0
1790743920,673.11,673.11,673.11,673.11,673.11,0.03714,1
1790743980,673.11,673.11,673.11,673.11,0.00,0.0,0
1790744040,673.11,673.11,673.11,673.11,0.00,0.0,0
1790744100,673.11,673.11,673.11,673.11,0.00,0.0,0
1790744160,673.11,673.11,673.11,673.11,0.00,0.0,0
1790744220,672.73,672.73,672.73,672.73,672.73,1.047,1
1790744280,672.73,672.73,672.73,672.73,0.00,0.0,0
1790744340,672.48,672.48,672.48,672.48,672.48,0.03718,1
1790744400,672.48,672.48,672.48,672.48,0.00,0.0,0
1790744460,672.48,672.48,672.48,672.48,0.00,0.0,0
1790744520,672.48,672.48,672.48,672.48,0.00,0.0,0
1790744580,672.48,672.48,672.48,672.48,0.00,0.0,0
1790744640,672.48,672.48,672.48,672.48,0.00,0.0,0
1790744700,673.47,674.19,673.47,674.19,673.64,0.04671,2
1790744760,674.19,674.19,674.19,674.19,0.00,0.0,0
1790744820,674.19,674.19,674.19,674.19,0.00,0.0,0
1790744880,674.19,674.19,674.19,674.19,0.00,0.0,0
1790744940,673.99,673.99,673.91,673.91,673.94,1.70061,2
1790745000,673.91,673.91,673.91,673.91,0.00,0.0,0
1790745060,673.91,673.91,673.91,673.91,0.00,0.0,0
1790745120,673.91,673.91,673.91,673.91,0.00,0.0,0
1790745180,673.28,673.28,673.19,673.19,673.27,1.07941,2
1790745240,673.19,673.19,673.19,673.19,0.00,0.0,0
1790745300,673.57,673.57,673.57,673.57,673.57,0.06755,1
1790745360,673.57,673.57,673.57,673.57,0.00,0.0,0
1790745420,673.57,673.57,673.57,673.57,0.00,0.0,0
1790745480,673.57,673.57,673.57,673.57,0.00,0.0,0
1790745540,673.57,673.57,673.57,673.57,0.00,0.0,0
1790745600,673.57,673.57,673.57,673.57,0.00,0.0,0
1790745660,673.57,673.57,673.57,673.57,0.00,0.0,0
1790745720,673.57,673.57,673.57,673.57,0.00,0.0,0
1790745780,673.57,673.57,673.57,673.57,0.00,0.0,0
1790745840,673.57,673.57,673.57,673.57,0.00,0.0,0
1790745900,673.57,673.57,673.57,673.57,0.00,0.0,0
1790745960,673.57,673.57,673.57,673.57,0.00,0.0,0
1790746020,673.57,673.57,673.57,673.57,0.00,0.0,0
1790746080,673.57,673.57,673.57,673.57,0.00,0.0,0
1790746140,673.57,673.57,673.57,673.57,0.00,0.0,0
1790746200,674.25,674.25,674.25,674.25,674.25,0.007,1
1790746260,674.25,674.25,674.25,674.25,0.00,0.0,0
1790746320,674.84,674.84,674.84,674.84,674.84,0.007,1
1790746380,674.84,674.84,674.84,674.84,0.00,0.0,0
1790746440,674.84,674.84,674.84,674.84,0.00,0.0,0
1790746500,673.98,673.98,673.98,673.98,673.98,0.1892,2
1790746560,673.98,673.98,673.98,673.98,0.00,0.0,0
1790746620,673.98,673.98,673.98,673.98,0.00,0.0,0
1790746680,673.84,673.84,673.84,673.84,673.84,0.14839,1
1790746740,673.84,673.84,673.84,673.84,0.00,0.0,0
1790746800,673.77,673.77,673.77,673.77,673.77,0.02373,1
1790746860,673.77,673.77,673.77,673.77,0.00,0.0,0
1790746920,673.77,673.77,673.77,673.77,0.00,0.0,0
1790746980,673.77,673.77,673.77,673.77,0.00,0.0,0
1790747040,674.47,674.47,674.47,674.47,674.47,0.05286,1
1790747100,674.47,674.47,674.47,674.47,0.00,0.0,0
1790747160,674.47,674.47,674.47,674.47,0.00,0.0,0
1790747220,674.47,674.47,674.47,674.47,0.00,0.0,0
1790747280,674.47,674.47,674.47,674.47,0.00,0.0,0
1790747340,674.47,674.47,674.47,674.47,0.00,0.0,0
1790747400,674.14,674.14,674.14,674.14,674.14,0.03036,1
1790747460,674.14,674.14,674.14,674.14,0.00,0.0,0
1790747520,674.14,674.14,674.14,674.14,0.00,0.0,0
1790747580,673.54,673.54,673.54,673.54,673.54,0.01811,1
1790747640,673.54,673.54,673.54,673.54,0.00,0.0,0
1790747700,673.54,673.54,673.54,673.54,0.00,0.0,0
1790747760,673.54,673.54,673.54,673.54,0.00,0.0,0
1790747820,673.54,673.54,673.54,673.54,0.00,0.0,0
1790747880,673.14,673.14,673.14,673.14,673.14,0.1819,2
1790747940,673.14,673.14,673.14,673.14,0.00,0.0,0
1790748000,673.46,673.46,673.21,673.21,673.40,0.35185,2
1790748060,673.21,673.21,673.21,673.21,0.00,0.0,0
1790748120,673.21,673.21,673.21,673.21,0.00,0.0,0
1790748180,673.21,673.21,673.21,673.21,0.00,0.0,0
1790748240,673.21,673.21,673.21,673.21,0.00,0.0,0
1790748300,673.25,673.25,673.25,673.25,673.25,0.07434,1
1790748360,673.25,673.25,673.25,673.25,0.00,0.0,0
1790748420,672.58,672.72,672.52,672.65,672.65,0.70221,4
1790748480,672.65,672.65,672.65,672.65,0.00,0.0,0
1790748540,672.65,672.65,672.65,672.65,0.00,0.0,0
1790748600,672.44,672.44,672.1,672.1,672.40,0.0671,2
1790748660,672.1,672.1,672.1,672.1,0.00,0.0,0
1790748720,672.1,672.1,672.1,672.1,0.00,0.0,0
1790748780,671.37,671.37,671.37,671.37,671.37,0.02978,1
1790748840,670.75,670.75,670.75,670.75,670.75,0.007,1
1790748900,670.75,670.75,670.75,670.75,0.00,0.0,0
1790748960,670.75,670.75,670.75,670.75,0.00,0.0,0
1790749020,670.81,670.81,670.81,670.81,670.81,0.007,1
1790749080,670.59,670.59,670.59,670.59,670.59,0.007,1
1790749140,670.59,670.59,670.59,670.59,0.00,0.0,0
1790749200,670.59,670.59,670.59,670.59,0.00,0.0,0
1790749260,669.75,669.75,669.64,669.64,669.73,0.07591,2
1790749320,669.64,669.64,669.64,669.64,0.00,0.0,0
1790749380,669.64,669.64,669.64,669.64,0.00,0.0,0
1790749440,668.97,668.97,668.97,668.97,668.97,0.06598,2
1790749500,668.93,668.93,668.93,668.93,668.93,0.007,1
1790749560,668.93,668.93,668.93,668.93,0.00,0.0,0
1790749620,668.93,668.93,668.93,668.93,0.00,0.0,0
1790749680,668.93,668.93,668.93,668.93,0.00,0.0,0
1790749740,668.93,668.93,668.93,668.93,0.00,0.0,0
1790749800,668.93,668.93,668.93,668.93,0.00,0.0,0
1790749860,668.93,668.93,668.93,668.93,0.00,0.0,0
1790749920,668.93,668.93,668.93,668.93,0.00,0.0,0
1790749980,668.93,668.93,668.93,668.93,0.00,0.0,0
1790750040,668.93,668.93,668.93,668.93,0.00,0.0,0
1790750100,668.93,668.93,668.93,668.93,0.00,0.0,0
1790750160,668.93,668.93,668.93,668.93,0.00,0.0,0
1790750220,668.93,668.93,668.93,668.93,0.00,0.0,0
1790750280,668.61,668.61,668.61,668.61,668.61,0.007,1
1790750340,668.61,668.61,668.61,668.61,0.00,0.0,0
1790750400,668.59,668.59,668.59,668.59,668.59,0.02998,1
1790750460,668.72,668.72,668.72,668.72,668.72,0.01573,1
1790750520,668.72,668.72,668.72,668.72,0.00,0.0,0
1790750580,668.72,668.72,668.72,668.72,0.00,0.0,0
1790750640,668.34,668.34,668.34,668.34,668.34,0.007,1
1790750700,667.66,667.66,667.66,667.66,667.66,0.007,1
1790750760,667.66,667.66,667.66,667.66,0.00,0.0,0
1790750820,667.66,667.66,667.66,667.66,0.00,0.0,0
1790750880,667.66,667.66,667.66,667.66,0.00,0.0,0
1790750940,666.63,666.76,666.63,666.76,666.72,0.02585,2
1790751000,666.76,666.76,666.76,666.76,0.00,0.0,0
1790751060,666.91,666.91,666.71,666.71,666.74,15.8,5
1790751120,666.71,666.71,666.71,666.71,0.00,0.0,0
1790751180,667.1,667.1,667.1,667.1,667.10,0.07855,1
1790751240,667.22,667.27,667.22,667.27,667.24,0.05313,2
1790751300,667.38,668.08,667.38,668.08,667.48,0.15062,2
1790751360,668.28,668.28,668.28,668.28,668.28,0.6185,1
1790751420,668.28,668.28,668.28,668.28,0.00,0.0,0
1790751480,667.36,667.4,667.36,667.4,667.38,0.03647,2
1790751540,667.4,667.4,667.4,667.4,0.00,0.0,0
1790751600,666.75,666.75,666.71,666.71,666.73,1.00084,2
1790751660,666.71,666.71,666.71,666.71,0.00,0.0,0
1790751720,666.71,666.71,666.71,666.71,0.00,0.0,0
1790751780,666.71,666.71,666.71,666.71,0.00,0.0,0
1790751840,666.71,666.71,666.71,666.71,0.00,0.0,0
1790751900,666.71,666.71,666.71,666.71,0.00,0.0,0
1790751960,666.71,666.71,666.71,666.71,0.00,0.0,0
1790752020,666.71,666.71,666.71,666.71,0.00,0.0,0
1790752080,666.3,666.3,666.3,666.3,666.30,0.007,1
1790752140,666.3,666.3,666.3,666.3,0.00,0.0,0
1790752200,666.3,666.3,666.3,666.3,0.00,0.0,0
1790752260,666.3,666.3,666.3,666.3,0.00,0.0,0
1790752320,666.3,666.3,666.3,666.3,0.00,0.0,0
1790752380,666.3,666.3,666.3,666.3,0.00,0.0,0
1790752440,666.24,666.53,666.24,666.53,666.39,0.10152,4
1790752500,666.52,666.78,666.29,666.78,666.54,0.042,6
1790752560,666.66,667.05,666.66,667.05,666.85,0.02929,4
1790752620,667.05,667.05,667.05,667.05,0.00,0.0,0
1790752680,667.38,667.51,667.38,667.51,667.44,0.014,2
1790752740,667.51,667.51,667.51,667.51,0.00,0.0,0
1790752800,667.51,667.51,667.51,667.51,0.00,0.0,0
1790752860,667.51,667.51,667.51,667.51,0.00,0.0,0
1790752920,667.51,667.51,667.51,667.51,0.00,0.0,0
1790752980,667.51,667.51,667.51,667.51,0.00,0.0,0
1790753040,667.51,667.51,667.51,667.51,0.00,0.0,0
1790753100,667.51,667.51,667.51,667.51,0.00,0.0,0
1790753160,667.51,667.51,667.51,667.51,0.00,0.0,0
1790753220,667.51,667.51,667.51,667.51,0.00,0.0,0
1790753280,667.51,667.51,667.51,667.51,0.00,0.0,0
1790753340,667.51,667.51,667.51,667.51,0.00,0.0,0
1790753400,667.96,667.96,667.96,667.96,667.96,0.03976,1
1790753460,667.96,667.96,667.96,667.96,0.00,0.0,0
1790753520,667.96,667.96,667.96,667.96,0.00,0.0,0
1790753580,667.96,667.96,667.96,667.96,0.00,0.0,0
1790753640,667.96,667.96,667.96,667.96,0.00,0.0,0
1790753700,668.32,668.32,668.26,668.26,668.28,1.82981,2
1790753760,668.26,668.26,668.26,668.26,0.00,0.0,0
1790753820,668.26,668.26,668.26,668.26,0.00,0.0,0
1790753880,668.26,668.26,668.26,668.26,0.00,0.0,0
1790753940,668.26,668.26,668.26,668.26,0.00,0.0,0
1790754000,668.26,668.26,668.26,668.26,0.00,0.0,0
1790754060,668.26,668.26,668.26,668.26,0.00,0.0,0
1790754120,668.26,668.26,668.26,668.26,0.00,0.0,0
1790754180,668.26,668.26,668.26,668.26,0.00,0.0,0
1790754240,668.26,668.26,668.26,668.26,0.00,0.0,0
1790754300,670.06,670.06,670.06,670.06,670.06,0.01418,1
1790754360,670.06,670.06,670.06,670.06,0.00,0.0,0
1790754420,669.75,669.75,669.75,669.75,669.75,0.02606,1
1790754480,669.75,669.75,669.75,669.75,0.00,0.0,0
1790754540,669.75,669.75,669.75,669.75,0.00,0.0,0
1790754600,670.14,670.14,670.14,670.14,670.14,0.65776,1
1790754660,670.14,670.14,670.14,670.14,0.00,0.0,0
1790754720,670.14,670.14,670.14,670.14,0.00,0.0,0
1790754780,670.14,670.14,670.14,670.14,0.00,0.0,0
1790754840,670.14,670.14,670.14,670.14,0.00,0.0,0
1790754900,669.6,669.6,669.54,669.54,669.59,0.68483,2
1790754960,669.54,669.54,669.54,669.54,0.00,0.0,0
1790755020,669.23,669.23,669.23,669.23,669.23,0.03453,1
1790755080,669.23,669.23,669.23,669.23,0.00,0.0,0
1790755140,669.23,669.23,669.23,669.23,0.00,0.0,0
1790755200,669.23,669.23,669.23,669.23,0.00,0.0,0
1790755260,669.23,669.23,669.23,669.23,0.00,0.0,0
1790755320,669.23,669.23,669.23,669.23,0.00,0.0,0
1790755380,668.73,668.73,668.73,668.73,668.73,0.26917,1
1790755440,668.73,668.73,668.73,668.73,0.00,0.0,0
1790755500,668.73,668.73,668.73,668.73,0.00,0.0,0
1790755560,668.73,668.73,668.73,668.73,0.00,0.0,0
1790755620,667.9,667.9,667.9,667.9,667.90,0.02998,1
1790755680,667.9,667.9,667.9,667.9,0.00,0.0,0
1790755740,667.9,667.9,667.9,667.9,0.00,0.0,0
1790755800,667.9,667.9,667.9,667.9,0.00,0.0,0
1790755860,667.9,667.9,667.9,667.9,0.00,0.0,0
1790755920,667.9,667.9,667.9,667.9,0.00,0.0,0
1790755980,667.8,667.8,667.8,667.8,667.80,0.19344,1
1790756040,667.8,667.8,667.8,667.8,0.00,0.0,0
1790756100,667.8,667.8,667.8,667.8,0.00,0.0,0
1790756160,667.8,667.8,667.8,667.8,0.00,0.0,0
1790756220,667.8,667.8,667.8,667.8,0.00,0.0,0
1790756280,667.8,667.8,667.8,667.8,0.00,0.0,0
1790756340,668.51,668.51,668.51,668.51,668.51,0.07815,1
1790756400,668.36,668.5,668.36,668.5,668.37,0.08028,2
1790756460,668.5,668.5,668.5,668.5,0.00,0.0,0
1790756520,668.5,668.5,668.5,668.5,0.00,0.0,0
1790756580,668.5,668.5,668.5,668.5,0.00,0.0,0
1790756640,668.51,668.51,668.3,668.3,668.47,0.77885,2
1790756700,668.3,668.3,668.3,668.3,0.00,0.0,0
1790756760,668.3,668.3,668.3,668.3,0.00,0.0,0
1790756820,668.85,668.85,668.85,668.85,668.85,0.05891,1
1790756880,668.85,668.85,668.85,668.85,0.00,0.0,0
1790756940,668.85,668.85,668.85,668.85,0.00,0.0,0
1790757000,668.85,668.85,668.85,668.85,0.00,0.0,0
1790757060,668.85,668.85,668.85,668.85,0.00,0.0,0
1790757120,668.85,668.85,668.85,668.85,0.00,0.0,0
1790757180,668.85,668.85,668.85,668.85,0.00,0.0,0
1790757240,668.85,668.85,668.85,668.85,0.00,0.0,0
1790757300,667.26,667.49,667.26,667.49,667.39,0.15684,2
1790757360,667.63,667.63,667.36,667.36,667.50,0.21893,2
1790757420,667.36,667.36,667.36,667.36,0.00,0.0,0
1790757480,667.51,667.51,667.51,667.51,667.51,0.08899,1
1790757540,667.51,667.51,667.51,667.51,0.00,0.0,0
1790757600,668.0,668.0,668.0,668.0,668.00,0.03181,1
1790757660,668.0,668.0,668.0,668.0,0.00,0.0,0
1790757720,668.0,668.0,668.0,668.0,0.00,0.0,0
1790757780,667.93,668.1,667.93,668.1,668.08,0.32213,2
1790757840,668.1,668.1,668.1,668.1,0.00,0.0,0
1790757900,668.1,668.1,668.1,668.1,0.00,0.0,0
1790757960,669.28,669.28,669.28,669.28,669.28,0.11987,1
1790758020,669.3,669.3,669.03,669.03,669.28,0.22339,2
1790758080,669.03,669.03,669.03,669.03,0.00,0.0,0
1790758140,669.03,669.03,669.03,669.03,0.00,0.0,0
1790758200,669.24,669.24,669.24,669.24,669.24,0.55689,1
1790758260,669.08,669.08,668.36,668.36,668.84,0.23282,7
1790758320,668.36,668.36,668.36,668.36,0.00,0.0,0
1790758380,669.01,669.01,669.01,669.01,669.01,0.007,1
1790758440,669.01,669.01,669.01,669.01,0.00,0.0,0
1790758500,669.01,669.01,669.01,669.01,0.00,0.0,0
1790758560,669.01,669.01,669.01,669.01,0.00,0.0,0
1790758620,669.01,669.01,669.01,669.01,0.00,0.0,0
1790758680,669.01,669.01,669.01,669.01,0.00,0.0,0
1790758740,668.58,668.58,668.58,668.58,668.58,0.02394,1
1790758800,668.67,668.67,668.67,668.67,668.67,0.00768,1
1790758860,668.67,668.67,668.67,668.67,0.00,0.0,0
1790758920,668.67,668.67,668.67,668.67,0.00,0.0,0
1790758980,668.67,668.67,668.67,668.67,0.00,0.0,0
1790759040,669.13,669.54,669.13,669.54,669.45,0.62518,2
1790759100,669.54,669.54,669.54,669.54,0.00,0.0,0
1790759160,669.54,669.54,669.54,669.54,0.00,0.0,0
1790759220,669.54,669.54,669.54,669.54,0.00,0.0,0
1790759280,669.54,669.54,669.54,669.54,0.00,0.0,0
1790759340,669.54,669.54,669.54,669.54,0.00,0.0,0
1790759400,669.54,669.54,669.54,669.54,0.00,0.0,0
1790759460,670.32,670.32,670.32,670.32,670.32,0.0146,1
1790759520,670.32,670.32,670.32,670.32,0.00,0.0,0
1790759580,670.57,670.57,670.57,670.57,670.57,0.06897,1
1790759640,670.57,670.57,670.57,670.57,0.00,0.0,0
1790759700,670.57,670.57,670.57,670.57,0.00,0.0,0
1790759760,670.57,670.57,670.57,670.57,0.00,0.0,0
1790759820,670.93,670.93,670.93,670.93,670.93,0.01898,1
1790759880,670.93,670.93,670.93,670.93,0.00,0.0,0
1790759940,670.93,670.93,670.93,670.93,0.00,0.0,0
1790760000,670.93,670.93,670.93,670.93,0.00,0.0,0
1790760060,670.93,670.93,670.93,670.93,0.00,0.0,0
1790760120,671.79,671.79,671.79,671.79,671.79,0.03608,1
1790760180,671.79,671.79,671.79,671.79,0.00,0.0,0
1790760240,671.89,671.89,671.89,671.89,671.89,0.03178,1
1790760300,671.89,671.89,671.89,671.89,0.00,0.0,0
1790760360,671.89,671.89,671.89,671.89,0.00,0.0,0
1790760420,671.91,671.91,671.91,671.91,671.91,0.0372,1
1790760480,671.91,671.91,671.91,671.91,0.00,0.0,0
1790760540,671.91,671.91,671.91,671.91,0.00,0.0,0
1790760600,672.53,672.53,672.53,672.53,672.53,0.03723,1
1790760660,672.53,672.53,672.53,672.53,0.00,0.0,0
1790760720,672.81,673.94,672.81,673.94,673.21,4.00741,10
1790760780,674.31,674.31,673.96,674.1,674.13,1.38709,4
1790760840,674.1,674.1,674.1,674.1,0.00,0.0,0
1790760900,673.78,673.78,673.53,673.53,673.60,1.72573,2
1790760960,674.01,674.01,674.01,674.01,674.01,0.6533,1
1790761020,673.92,674.02,673.92,674.02,673.93,0.05163,2
1790761080,673.94,674.01,673.7,673.7,673.92,0.77011,3
1790761140,673.91,673.91,673.91,673.91,673.91,0.65344,1
1790761200,673.76,673.85,673.55,673.55,673.76,0.72855,4
1790761260,673.55,673.55,673.55,673.55,0.00,0.0,0
1790761320,673.87,673.87,673.87,673.87,673.87,0.07202,1
1790761380,673.96,674.02,673.96,674.02,673.98,4.32283,4
1790761440,674.02,674.02,674.02,674.02,0.00,0.0,0
1790761500,674.31,674.31,674.01,674.01,674.22,1.31415,4
1790761560,674.01,674.01,674.01,674.01,0.00,0.0,0
1790761620,673.5,673.5,673.13,673.13,673.30,0.07047,2
1790761680,673.21,673.21,673.21,673.21,673.21,0.074,1
1790761740,673.06,673.06,673.06,673.06,673.06,0.007,1
1790761800,673.12,673.12,673.12,673.12,673.12,0.0422,1
1790761860,673.12,673.12,673.12,673.12,0.00,0.0,0
1790761920,673.12,673.12,673.12,673.12,0.00,0.0,0
1790761980,672.7,672.98,672.7,672.98,672.86,3.87561,4
1790762040,672.98,672.98,672.98,672.98,0.00,0.0,0
1790762100,672.81,672.81,672.81,672.81,672.81,0.6543,1
1790762160,672.81,672.81,672.81,672.81,0.00,0.0,0
1790762220,672.81,672.81,672.81,672.81,0.00,0.0,0
1790762280,672.81,672.81,672.81,672.81,0.00,0.0,0
1790762340,672.81,672.81,672.81,672.81,0.00,0.0,0
1790762400,672.81,672.81,672.81,672.81,0.00,0.0,0
1790762460,673.51,673.51,673.39,673.39,673.43,0.04336,3
1790762520,673.19,673.19,673.19,673.19,673.19,0.6537,1
1790762580,673.5,673.5,673.5,673.5,673.50,0.01039,1
1790762640,673.89,673.89,673.71,673.71,673.80,0.014,2
1790762700,673.6,673.6,673.38,673.38,673.45,0.07845,5
1790762760,674.44,674.44,674.44,674.44,674.44,0.02746,1
1790762820,674.31,674.31,674.31,674.31,674.31,0.06863,1
1790762880,674.31,674.31,674.31,674.31,0.00,0.0,0
1790762940,674.31,674.31,674.31,674.31,0.00,0.0,0
1790763000,674.31,674.31,674.31,674.31,0.00,0.0,0
1790763060,674.31,674.31,674.31,674.31,0.00,0.0,0
1790763120,674.31,674.31,674.31,674.31,0.00,0.0,0
1790763180,674.31,674.31,674.31,674.31,0.00,0.0,0
1790763240,674.31,674.31,674.31,674.31,0.00,0.0,0
1790763300,674.87,674.87,674.87,674.87,674.87,0.96346,1
1790763360,674.74,674.74,674.74,674.74,674.74,0.65226,1
1790763420,674.74,674.74,674.74,674.74,0.00,0.0,0
1790763480,674.74,674.74,674.74,674.74,0.00,0.0,0
1790763540,674.74,674.74,674.74,674.74,0.00,0.0,0
1790763600,674.74,674.74,674.74,674.74,0.00,0.0,0
1790763660,674.74,674.74,674.74,674.74,0.00,0.0,0
1790763720,675.81,675.84,675.81,675.84,675.81,0.8239,2
1790763780,675.84,675.84,675.84,675.84,0.00,0.0,0
1790763840,675.84,675.84,675.84,675.84,0.00,0.0,0
1790763900,676.21,676.41,676.13,676.41,676.16,2.02808,4
1790763960,676.41,676.41,676.41,676.41,676.41,0.6523,1
1790764020,676.41,676.41,676.41,676.41,676.41,0.22306,1
1790764080,676.41,676.41,676.41,676.41,0.00,0.0,0
1790764140,676.16,676.16,675.94,675.94,676.11,0.03727,2
1790764200,676.17,676.17,676.17,676.17,676.17,0.27615,1
1790764260,676.17,676.17,676.17,676.17,0.00,0.0,0
1790764320,676.53,676.63,676.53,676.61,676.61,0.19618,3
1790764380,676.61,676.61,676.61,676.61,0.00,0.0,0
1790764440,676.61,676.61,676.61,676.61,0.00,0.0,0
1790764500,676.61,676.61,676.61,676.61,0.00,0.0,0
1790764560,676.61,676.61,676.61,676.61,0.00,0.0,0
1790764620,676.61,676.61,676.61,676.61,0.00,0.0,0
1790764680,676.61,676.61,676.61,676.61,0.00,0.0,0
1790764740,676.61,676.61,676.61,676.61,0.00,0.0,0
1790764800,676.61,676.61,676.61,676.61,0.00,0.0,0
1790764860,676.61,676.61,676.61,676.61,0.00,0.0,0
1790764920,676.61,676.61,676.61,676.61,0.00,0.0,0
1790764980,676.61,676.61,676.61,676.61,0.00,0.0,0
1790765040,676.61,676.61,676.61,676.61,0.00,0.0,0
1790765100,676.61,676.61,676.61,676.61,0.00,0.0,0
1790765160,676.29,676.3,676.29,676.3,676.29,1.78377,2
1790765220,676.3,676.3,676.3,676.3,0.00,0.0,0
1790765280,676.3,676.3,676.3,676.3,0.00,0.0,0
1790765340,676.59,676.59,676.59,676.59,676.59,0.14831,1
1790765400,676.9,676.9,676.75,676.75,676.77,0.04771,2
1790765460,676.75,676.75,676.75,676.75,0.00,0.0,0
1790765520,676.75,676.75,676.75,676.75,0.00,0.0,0
1790765580,677.66,677.67,677.47,677.47,677.58,0.08023,3
1790765640,677.47,677.47,677.47,677.47,0.00,0.0,0
1790765700,677.72,677.86,677.72,677.86,677.81,0.92628,2
1790765760,677.96,677.96,677.66,677.95,677.74,1.63294,4
1790765820,678.08,678.08,677.99,677.99,677.99,0.1875,2
1790765880,677.99,677.99,677.99,677.99,0.00,0.0,0
1790765940,677.99,677.99,677.99,677.99,0.00,0.0,0
1790766000,677.99,677.99,677.99,677.99,0.00,0.0,0
1790766060,677.99,677.99,677.99,677.99,0.00,0.0,0
1790766120,677.71,677.71,677.71,677.71,677.71,0.007,1
1790766180,677.71,677.71,677.71,677.71,0.00,0.0,0
1790766240,677.71,677.71,677.71,677.71,0.00,0.0,0
1790766300,677.71,677.71,677.71,677.71,0.00,0.0,0
1790766360,675.83,675.83,675.83,675.83,675.83,0.14797,1
1790766420,676.01,676.01,676.01,676.01,676.01,0.02513,1
1790766480,676.01,676.01,676.01,676.01,0.00,0.0,0
1790766540,677.15,677.15,676.82,676.82,677.00,0.06572,2
1790766600,676.82,676.82,676.82,676.82,0.00,0.0,0
1790766660,676.82,676.82,676.82,676.82,0.00,0.0,0
1790766720,676.82,676.82,676.82,676.82,0.00,0.0,0
1790766780,676.82,676.82,676.82,676.82,0.00,0.0,0
1790766840,678.02,678.02,678.02,678.02,678.02,0.91733,1
1790766900,678.09,678.09,678.09,678.09,678.09,0.0864,1
1790766960,678.28,678.28,678.28,678.28,678.28,0.03689,1
1790767020,676.95,676.95,676.95,676.95,676.95,0.18528,1
1790767080,676.95,676.95,676.95,676.95,0.00,0.0,0
1790767140,676.95,676.95,676.95,676.95,0.00,0.0,0
1790767200,676.95,676.95,676.95,676.95,0.00,0.0,0
1790767260,676.46,676.46,676.46,676.46,676.46,0.02673,1
1790767320,676.46,676.46,676.46,676.46,0.00,0.0,0
1790767380,677.17,677.17,677.17,677.17,677.17,0.01886,1
1790767440,677.17,677.17,677.17,677.17,0.00,0.0,0
1790767500,677.17,677.17,677.17,677.17,0.00,0.0,0
1790767560,677.17,677.17,677.17,677.17,0.00,0.0,0
1790767620,677.16,677.16,677.16,677.16,677.16,0.02742,1
1790767680,677.16,677.16,677.16,677.16,0.00,0.0,0
1790767740,677.33,677.33,677.33,677.33,677.33,0.007,1
1790767800,676.97,676.97,676.97,676.97,676.97,0.04094,1
1790767860,676.97,676.97,676.97,676.97,0.00,0.0,0
1790767920,676.99,677.17,676.77,677.12,677.06,0.33593,7
1790767980,676.9,676.9,676.9,676.9,676.90,0.03257,1
1790768040,676.9,676.9,676.9,676.9,0.00,0.0,0
1790768100,677.29,677.29,677.29,677.29,677.29,0.04002,1
1790768160,677.29,677.29,677.29,677.29,0.00,0.0,0
1790768220,677.29,677.29,677.29,677.29,0.00,0.0,0
1790768280,677.29,677.29,677.29,677.29,0.00,0.0,0
1790768340,677.29,677.29,677.29,677.29,0.00,0.0,0
1790768400,677.29,677.29,677.29,677.29,0.00,0.0,0
1790768460,677.29,677.29,677.29,677.29,0.00,0.0,0
1790768520,677.29,677.29,677.29,677.29,0.00,0.0,0
1790768580,677.66,677.66,677.66,677.66,677.66,0.04028,1
1790768640,677.91,677.91,677.91,677.91,677.91,0.07375,1
1790768700,677.74,677.74,677.74,677.74,677.74,0.02297,1
1790768760,677.74,677.74,677.74,677.74,0.00,0.0,0
1790768820,677.74,677.74,677.74,677.74,0.00,0.0,0
1790768880,678.02,678.02,678.02,678.02,678.02,0.02277,1
1790768940,678.02,678.02,678.02,678.02,0.00,0.0,0
1790769000,678.02,678.02,678.02,678.02,0.00,0.0,0
1790769060,678.02,678.02,678.02,678.02,0.00,0.0,0
1790769120,678.03,678.03,678.03,678.03,678.03,0.03872,1
1790769180,678.03,678.03,678.03,678.03,0.00,0.0,0
1790769240,678.03,678.03,678.03,678.03,0.00,0.0,0
1790769300,678.25,678.25,678.25,678.25,678.25,0.07759,1
1790769360,677.84,677.84,677.84,677.84,677.84,0.41197,1
1790769420,677.9,677.9,677.43,677.43,677.45,0.29884,3
1790769480,677.43,677.43,677.43,677.43,0.00,0.0,0
1790769540,678.39,678.39,678.39,678.39,678.39,0.02767,1
1790769600,678.0,678.62,678.0,678.62,678.46,0.16976,2
1790769660,678.62,678.62,678.62,678.62,0.00,0.0,0
1790769720,678.62,678.62,678.62,678.62,0.00,0.0,0
1790769780,678.04,678.04,678.02,678.02,678.03,0.52845,3
1790769840,678.02,678.02,678.02,678.02,0.00,0.0,0
1790769900,678.02,678.02,678.02,678.02,0.00,0.0,0
1790769960,678.02,678.02,678.02,678.02,0.00,0.0,0
1790770020,678.02,678.02,678.02,678.02,0.00,0.0,0
1790770080,678.02,678.02,678.02,678.02,0.00,0.0,0
1790770140,676.7,676.7,676.7,676.7,676.70,0.01768,1
1790770200,676.7,676.7,676.7,676.7,0.00,0.0,0
1790770260,676.93,676.93,676.52,676.52,676.52,0.74563,2
1790770320,676.52,676.52,676.52,676.52,0.00,0.0,0
1790770380,677.33,677.33,677.33,677.33,677.33,0.10082,1
1790770440,677.33,677.33,677.33,677.33,0.00,0.0,0
1790770500,677.01,677.01,677.0,677.0,677.00,1.40693,2
1790770560,676.88,676.88,676.88,676.88,676.88,0.11819,1
1790770620,676.88,676.88,676.88,676.88,0.00,0.0,0
1790770680,676.93,676.93,676.93,676.93,676.93,0.02769,1
1790770740,676.93,676.93,676.93,676.93,0.00,0.0,0
1790770800,676.16,676.18,675.81,675.81,676.02,0.07687,4
1790770860,675.81,675.81,675.81,675.81,0.00,0.0,0
1790770920,675.81,675.81,675.81,675.81,0.00,0.0,0
1790770980,675.81,675.81,675.81,675.81,0.00,0.0,0
1790771040,676.71,676.71,676.71,676.71,676.71,0.19525,1
1790771100,676.71,676.71,676.71,676.71,0.00,0.0,0
1790771160,676.71,676.71,676.71,676.71,0.00,0.0,0
1790771220,676.79,676.79,676.45,676.45,676.52,0.05187,2
1790771280,676.45,676.45,676.45,676.45,0.00,0.0,0
1790771340,676.45,676.45,676.45,676.45,0.00,0.0,0
1790771400,677.99,678.0,677.99,678.0,677.99,13.13618,5
1790771460,679.35,680.13,679.35,680.13,679.99,32.96235,10
1790771520,680.82,681.66,680.82,681.66,681.61,5.1,7
1790771580,678.6,678.6,678.54,678.54,678.54,0.82368,2
1790771640,678.2,679.81,678.2,679.81,678.71,0.41308,3
1790771700,681.16,681.16,681.16,681.16,681.16,1.29033,1
1790771760,680.62,680.62,679.92,679.92,679.95,1.24911,3
1790771820,679.92,679.92,679.92,679.92,0.00,0.0,0
1790771880,679.92,679.92,679.92,679.92,0.00,0.0,0
1790771940,680.87,680.95,680.87,680.95,680.88,0.74862,2
1790772000,681.7,681.7,681.63,681.63,681.67,0.87829,2
1790772060,682.17,682.17,682.17,682.17,682.17,0.02933,1
1790772120,680.61,681.11,680.61,681.11,680.99,0.96115,3
1790772180,681.05,681.39,681.05,681.39,681.20,0.08831,2
1790772240,681.39,681.39,681.39,681.39,0.00,0.0,0
1790772300,681.1,681.1,681.1,681.1,681.10,0.29576,1
1790772360,681.89,681.89,681.68,681.68,681.78,1.28354,2
1790772420,681.11,681.11,680.79,680.81,680.87,0.59387,3
1790772480,680.81,680.81,680.81,680.81,0.00,0.0,0
1790772540,681.96,681.96,681.96,681.96,681.96,0.02246,1
1790772600,682.01,682.01,682.01,682.01,682.01,0.03064,1
1790772660,683.55,683.55,683.03,683.24,683.07,0.50628,3
1790772720,683.66,683.66,683.66,683.66,683.66,0.64341,1
1790772780,683.66,683.66,683.66,683.66,0.00,0.0,0
1790772840,683.66,683.66,683.66,683.66,0.00,0.0,0
1790772900,683.5,683.65,683.5,683.65,683.53,0.06957,2
1790772960,683.23,683.23,683.23,683.23,683.23,0.14636,1
1790773020,683.28,683.28,683.28,683.28,683.28,0.1405,1
1790773080,683.28,683.28,683.28,683.28,0.00,0.0,0
1790773140,683.28,683.28,683.28,683.28,0.00,0.0,0
1790773200,683.28,683.28,683.28,683.28,0.00,0.0,0
1790773260,683.06,683.06,682.63,682.63,682.72,6.18888,6
1790773320,682.96,682.96,682.96,682.96,682.96,0.02949,1
1790773380,682.84,683.12,682.84,683.12,682.97,0.10004,4
1790773440,682.94,683.64,682.94,683.64,683.33,2.86637,7
1790773500,682.98,683.04,682.98,683.04,683.03,0.66584,2
1790773560,683.25,684.0,683.25,684.0,683.79,2.64681,4
1790773620,684.23,684.23,684.23,684.23,684.23,0.04189,1
1790773680,684.23,684.23,684.23,684.23,0.00,0.0,0
1790773740,685.0,685.44,684.99,685.44,685.10,1.29913,5
1790773800,685.42,685.42,684.15,684.15,684.46,2.62111,13
1790773860,683.88,684.02,683.88,683.91,683.97,0.06559,3
1790773920,684.42,684.42,684.14,684.28,684.34,0.09647,4
1790773980,684.28,684.28,684.28,684.28,0.00,0.0,0
1790774040,683.38,683.38,683.38,683.38,683.38,0.05125,1
1790774100,683.17,683.17,683.17,683.17,683.17,0.03089,1
1790774160,683.56,683.8,683.56,683.8,683.75,0.05711,2
1790774220,683.8,683.8,683.8,683.8,0.00,0.0,0
1790774280,683.07,683.15,683.07,683.15,683.11,1.33817,2
1790774340,682.12,682.36,682.12,682.36,682.15,0.08773,2
