time,open,high,low,close,vwap,volume,count
1790639760,73468.7,73469.6,73468.7,73469.6,73468.9,0.00855493,3
1790639820,73465.8,73465.8,73464.0,73464.0,73465.5,0.00292467,3
1790639880,73442.9,73442.9,73442.9,73442.9,73442.9,0.00149279,1
1790639940,73446.3,73446.3,73415.8,73415.8,73445.9,0.00538088,3
1790640000,73417.6,73417.6,73398.3,73399.2,73412.3,0.11556358,30
1790640060,73422.7,73422.7,73422.7,73422.7,73422.7,0.0107878,3
1790640120,73430.2,73440.3,73430.2,73439.6,73436.0,0.04125085,9
1790640180,73445.0,73454.0,73410.4,73433.8,73439.2,0.02497986,11
1790640240,73443.1,73443.1,73443.1,73443.1,73443.1,0.04062,2
1790640300,73459.1,73465.9,73459.1,73465.2,73462.0,0.01133986,5
1790640360,73430.0,73450.6,73430.0,73450.6,73435.4,0.0105531,3
1790640420,73468.6,73468.6,73468.5,73468.5,73468.5,0.01110352,3
1790640480,73455.5,73463.5,73455.5,73463.5,73462.1,0.00361292,2
1790640540,73454.5,73469.2,73454.5,73469.0,73454.7,0.0673906,5
1790640600,73454.5,73455.0,73434.3,73434.3,73441.0,0.0396295,5
1790640660,73423.1,73439.3,73411.9,73439.3,73417.1,0.02075361,6
1790640720,73439.8,73439.8,73422.3,73436.6,73439.6,0.01539581,7
1790640780,73452.9,73452.9,73452.9,73452.9,73452.9,0.005,1
1790640840,73471.5,73474.9,73464.8,73464.8,73474.1,0.00626083,4
1790640900,73463.7,73463.8,73444.0,73457.1,73459.2,0.05490257,8
1790640960,73416.4,73416.4,73416.4,73416.4,73416.4,0.00292342,1
1790641020,73405.5,73406.8,73374.8,73374.8,73401.5,0.02103611,5
1790641080,73382.2,73382.2,73365.8,73365.8,73382.0,0.00505411,2
1790641140,73381.8,73395.3,73381.8,73395.3,73394.9,0.0111146,2
1790641200,73405.0,73405.0,73391.7,73391.7,73403.2,0.00252955,3
1790641260,73396.3,73396.3,73380.7,73380.7,73395.1,0.01708164,4
1790641320,73380.6,73380.6,73370.2,73370.2,73380.3,0.00447861,4
1790641380,73351.4,73352.1,73351.4,73352.1,73351.9,0.00042002,2
1790641440,73344.1,73344.1,73318.8,73343.8,73331.3,0.06876342,7
1790641500,73350.2,73411.1,73340.6,73411.1,73375.6,0.07251402,9
1790641560,73434.0,73434.0,73418.9,73418.9,73433.9,0.06110348,4
1790641620,73438.5,73438.5,73414.6,73414.6,73438.2,0.00630617,3
1790641680,73412.0,73491.1,73412.0,73491.1,73481.2,0.22416693,9
1790641740,73494.7,73498.2,73463.3,73470.3,73464.8,0.20511912,9
1790641800,73494.8,73504.5,73494.8,73504.5,73502.0,0.00794873,6
1790641860,73481.3,73481.3,73480.9,73480.9,73481.2,0.00124371,2
1790641920,73412.6,73451.0,73412.6,73451.0,73425.5,0.00530605,3
1790641980,73465.4,73479.3,73465.4,73479.3,73476.6,0.01444594,7
1790642040,73523.7,73551.4,73505.6,73505.6,73536.1,0.05516908,5
1790642100,73498.8,73520.9,73498.8,73520.9,73506.9,0.00170868,2
1790642160,73545.3,73545.3,73541.5,73543.0,73543.7,0.01523862,3
1790642220,73542.9,73542.9,73501.2,73501.2,73512.9,0.01781474,2
1790642280,73496.5,73498.0,73495.3,73495.3,73496.4,0.05372431,3
1790642340,73456.1,73475.1,73456.1,73475.1,73456.5,0.00225325,2
1790642400,73458.3,73458.3,73454.4,73454.4,73458.1,0.00811044,5
1790642460,73449.8,73449.8,73444.4,73444.4,73445.9,0.0069332,2
1790642520,73435.4,73476.2,73435.4,73457.1,73450.0,0.01706142,7
1790642580,73457.1,73467.4,73448.8,73467.4,73457.0,0.0080946,4
1790642640,73469.4,73475.5,73469.3,73475.5,73469.6,0.01910136,5
1790642700,73471.2,73471.2,73421.8,73421.8,73443.9,0.0282753,5
1790642760,73405.8,73405.8,73384.6,73392.9,73391.8,0.03015539,5
1790642820,73378.1,73378.1,73363.8,73373.5,73371.1,0.04931243,5
1790642880,73371.8,73376.6,73350.7,73370.2,73362.1,0.07729663,11
1790642940,73365.2,73365.2,73332.3,73332.3,73350.2,0.01466583,4
1790643000,73314.6,73314.6,73307.1,73307.1,73310.8,0.01124158,7
1790643060,73295.8,73295.8,73282.7,73282.7,73294.0,0.01356517,5
1790643120,73276.3,73276.3,73259.8,73259.8,73272.9,0.00833624,2
1790643180,73260.4,73261.7,73250.1,73250.2,73258.1,0.00774772,7
1790643240,73268.6,73268.7,73236.0,73241.8,73245.7,0.04293193,8
1790643300,73264.6,73264.6,73258.2,73258.2,73260.1,0.00723808,2
1790643360,73233.5,73233.5,73210.6,73210.6,73223.5,0.00467701,2
1790643420,73207.3,73207.3,73158.8,73158.8,73183.8,0.0282277,8
1790643480,73164.0,73191.7,73164.0,73191.7,73190.8,0.00992851,2
1790643540,73201.1,73201.1,73164.0,73164.0,73197.5,0.01086834,3
1790643600,73159.4,73159.4,73099.8,73099.8,73146.1,0.10070147,24
1790643660,73105.1,73148.5,73079.3,73145.1,73120.3,0.128404,11
1790643720,73134.8,73206.9,73134.8,73206.9,73157.0,0.48072655,9
1790643780,73198.3,73199.0,73169.9,73169.9,73188.9,0.04797367,9
1790643840,73145.8,73165.2,73133.0,73133.0,73149.5,0.1190036,15
1790643900,73127.2,73137.9,73116.1,73132.9,73126.5,0.10517953,6
1790643960,73142.2,73142.2,73111.5,73111.5,73131.0,0.01205601,6
1790644020,73104.2,73104.2,73064.3,73066.5,73092.4,0.02689551,5
1790644080,73057.4,73059.1,73030.1,73030.1,73037.2,0.05839257,11
1790644140,73030.1,73038.5,73030.1,73030.1,73031.3,0.00154554,3
1790644200,73030.8,73041.6,73017.2,73041.6,73034.2,0.06571812,8
1790644260,73029.7,73029.7,73017.2,73017.2,73018.5,0.00046812,2
1790644320,73017.2,73069.4,73017.2,73069.4,73039.5,0.02221331,4
1790644380,73053.6,73053.6,72993.0,72993.0,73005.6,1.50826308,52
1790644440,72988.9,73033.5,72988.9,72996.6,72991.3,0.32670894,19
1790644500,73011.3,73019.4,72965.3,73012.8,72985.9,0.11546396,15
1790644560,72989.6,72989.6,72933.6,72933.6,72948.9,0.11582189,18
1790644620,72945.8,72947.7,72930.0,72930.0,72934.6,0.04455686,8
1790644680,72927.6,72942.8,72911.0,72911.7,72915.6,0.09287858,10
1790644740,72910.1,72910.1,72834.2,72837.8,72877.5,1.75100614,22
1790644800,72850.3,72913.0,72847.4,72913.0,72883.1,0.06830083,9
1790644860,72925.7,72977.2,72925.7,72927.6,72955.1,0.12382987,7
1790644920,72966.3,73000.6,72963.4,73000.6,72971.4,0.13304457,6
1790644980,73029.9,73029.9,72989.6,72989.6,73024.4,0.06119737,6
1790645040,72989.5,73008.1,72973.7,73008.1,72985.2,0.02674052,6
1790645100,73007.4,73007.4,72960.6,72960.6,72984.7,0.03570458,5
1790645160,72965.7,72982.9,72937.6,72958.8,72960.5,0.25151002,8
1790645220,72955.9,72955.9,72937.4,72944.7,72942.0,0.36408465,7
1790645280,72936.5,72936.5,72910.9,72910.9,72916.9,0.08387869,8
1790645340,72904.4,72904.4,72854.1,72854.1,72885.2,0.19707536,8
1790645400,72830.3,72915.9,72821.1,72915.9,72878.8,0.25855326,19
1790645460,72924.1,72937.2,72840.3,72840.3,72881.4,0.14648511,8
1790645520,72821.0,72853.5,72800.0,72853.5,72835.2,0.06810006,14
1790645580,72890.8,72929.0,72890.8,72929.0,72909.0,0.05503428,8
1790645640,72924.9,72924.9,72879.1,72885.9,72893.6,0.07907257,9
1790645700,72887.3,72900.6,72844.1,72850.4,72884.4,0.06689961,10
1790645760,72849.7,72849.7,72794.0,72812.9,72803.8,0.43183565,30
1790645820,72832.2,72832.2,72809.9,72811.4,72811.8,0.07000618,3
1790645880,72870.7,72877.9,72865.2,72869.2,72868.1,0.00692096,6
1790645940,72863.7,72887.2,72838.7,72852.5,72853.2,0.08645258,6
1790646000,72852.5,72852.5,72852.5,72852.5,0.0,0.0,0
1790646060,72879.8,72889.4,72840.5,72889.4,72885.8,0.11363295,8
1790646120,72943.2,72954.8,72943.2,72954.8,72947.5,0.00977493,4
1790646180,72990.1,72990.1,72907.3,72907.3,72908.3,0.01034658,2
1790646240,72907.3,72955.2,72907.3,72955.2,72919.4,0.04020183,6
1790646300,72956.1,73042.9,72949.8,73042.9,73028.0,0.11260952,11
1790646360,73063.4,73063.4,73016.0,73016.0,73040.2,0.00874485,3
1790646420,73009.5,73026.6,73009.4,73009.4,73022.7,0.00644388,3
1790646480,72998.8,73011.0,72993.3,72993.3,73008.2,0.00644313,3
1790646540,72982.5,72982.5,72974.3,72974.3,72981.4,0.01310095,2
1790646600,72964.3,72965.8,72964.3,72965.8,72965.4,0.00439836,4
1790646660,72934.5,72934.5,72932.6,72932.6,72932.6,0.00505411,2
1790646720,72925.5,73000.0,72923.7,73000.0,72950.6,0.05089171,8
1790646780,73020.0,73065.7,73020.0,73065.7,73030.0,0.01031007,3
1790646840,73062.1,73062.1,73018.2,73041.0,73052.1,0.0079112,13
1790646900,73051.0,73052.9,73026.5,73035.2,73039.7,0.00640638,6
1790646960,73026.2,73026.2,73026.2,73026.2,73026.2,0.00423826,1
1790647020,73049.5,73049.5,73022.2,73022.2,73046.9,0.03364548,6
1790647080,73010.1,73057.9,73010.1,73057.9,73036.2,0.30329995,11
1790647140,73051.2,73065.5,73051.2,73065.5,73062.8,0.00613094,2
1790647200,73066.7,73086.3,73056.2,73075.2,73079.3,0.02747875,16
1790647260,73076.3,73076.3,73051.6,73051.6,73059.5,0.0077214,4
1790647320,73007.9,73034.4,73007.8,73034.4,73010.4,0.08633959,7
1790647380,73030.8,73030.8,73000.3,73000.3,73002.6,0.05476594,5
1790647440,73000.0,73013.5,72986.9,73013.5,73001.8,0.01986779,6
1790647500,73000.8,73013.1,72988.3,72988.3,72994.5,0.06689208,9
1790647560,72974.5,72984.1,72963.3,72984.1,72973.7,0.02295942,4
1790647620,73022.0,73027.0,73005.2,73019.1,73022.6,0.21595858,8
1790647680,73034.7,73041.4,73034.0,73041.4,73035.5,0.01216307,3
1790647740,72993.7,72993.7,72976.2,72982.7,72987.1,0.0036135,12
1790647800,72966.8,72993.1,72960.6,72960.6,72966.9,0.03844738,18
1790647860,72932.0,72953.0,72932.0,72946.6,72945.4,0.00633462,6
1790647920,72968.0,72981.6,72968.0,72981.6,72968.1,0.00505411,2
1790647980,73004.0,73004.0,72989.3,72989.3,72996.3,0.0005188,2
1790648040,73047.3,73047.3,73019.9,73019.9,73030.7,0.12324656,11
1790648100,72998.3,73035.4,72998.3,73035.4,73012.3,0.00642728,7
1790648160,73065.9,73071.0,73024.4,73024.4,73063.5,0.11522631,11
1790648220,73033.5,73033.5,73027.1,73027.1,73029.8,0.00708645,2
1790648280,73013.8,73032.4,73008.8,73032.4,73027.6,0.01557301,16
1790648340,73045.7,73050.8,73030.6,73043.3,73040.0,0.01078613,30
1790648400,73077.5,73105.1,73077.5,73095.8,73096.0,0.05825001,23
1790648460,73085.0,73096.8,73048.6,73048.6,73080.2,0.01245174,5
1790648520,73012.8,73012.8,72910.4,72910.4,72947.7,0.01018096,7
1790648580,72953.3,72953.3,72953.2,72953.2,72953.2,0.03325668,2
1790648640,72995.4,72995.4,72979.6,72979.6,72995.3,0.00963219,2
1790648700,72974.3,72974.3,72943.5,72943.6,72965.7,0.20299981,5
1790648760,72971.4,72971.4,72957.0,72957.0,72963.7,0.0075177,3
1790648820,72942.2,72978.2,72942.2,72955.4,72976.6,0.07249001,9
1790648880,72946.5,72946.5,72942.0,72942.0,72942.3,0.0264587,2
1790648940,72938.2,72951.8,72938.2,72951.8,72938.7,0.03773058,3
1790649000,72968.2,73005.9,72968.2,73005.9,72985.0,0.02728935,5
1790649060,72952.5,72952.5,72942.6,72942.6,72952.3,0.00795749,2
1790649120,72963.5,72963.5,72948.3,72948.3,72948.8,0.07487717,5
1790649180,72943.0,72943.0,72927.6,72927.6,72942.7,0.00367483,2
1790649240,72913.4,72935.7,72900.0,72900.1,72902.7,0.04592279,6
1790649300,72892.8,72944.0,72892.8,72944.0,72930.8,0.26411565,11
1790649360,72936.1,72936.1,72901.8,72914.0,72911.0,0.01420404,13
1790649420,72921.8,72945.8,72920.1,72932.4,72929.0,0.0316655,33
1790649480,72953.3,72968.2,72953.3,72967.1,72966.6,0.09132955,4
1790649540,72982.8,72982.8,72980.1,72980.1,72982.7,0.00289739,3
1790649600,72951.6,72955.9,72951.6,72955.9,72951.6,0.0108383,3
1790649660,72950.6,72950.6,72950.6,72950.6,72950.6,0.00253621,1
1790649720,72981.9,72995.9,72942.3,72942.3,72965.0,0.03198749,8
1790649780,72951.2,72973.8,72938.4,72972.2,72964.3,0.01898904,13
1790649840,72986.2,73015.4,72986.2,73015.4,73009.1,0.08889321,5
1790649900,73009.5,73049.1,73009.5,73049.1,73019.8,0.163002,7
1790649960,73059.4,73063.4,73059.4,73063.4,73062.3,0.00673218,2
1790650020,73064.5,73072.5,73046.8,73046.9,73064.0,0.06195424,10
1790650080,73044.7,73044.7,73040.5,73040.5,73044.4,0.0008687,2
1790650140,73040.4,73040.4,73039.5,73039.5,73040.3,0.0953195,3
1790650200,73002.8,73002.8,72991.4,72991.4,72995.5,0.00790286,2
1790650260,72974.8,72990.7,72940.0,72940.0,72967.6,0.07391757,9
1790650320,72910.2,72911.4,72910.2,72911.4,72911.0,0.00041146,2
1790650380,72909.2,72952.8,72909.2,72952.8,72919.6,0.05345029,7
1790650440,72952.8,72952.8,72940.4,72940.4,72951.3,0.00060879,3
1790650500,72957.8,72971.9,72957.8,72971.9,72958.5,0.00974977,2
1790650560,72980.3,72980.3,72978.3,72978.3,72979.3,0.01080093,2
1790650620,72946.8,72949.1,72946.8,72949.1,72947.9,0.00010411,2
1790650680,72953.6,72953.6,72953.6,72953.6,72953.6,0.01012739,3
1790650740,72959.3,72959.5,72959.3,72959.5,72959.3,0.00303047,2
1790650800,72969.3,72969.3,72946.8,72964.2,72961.1,0.00799862,32
1790650860,73008.9,73028.3,72971.3,72988.5,73013.4,0.10254433,7
1790650920,72990.0,72990.0,72982.5,72985.7,72985.0,0.01338963,5
1790650980,72992.8,73027.6,72992.8,73021.4,73003.2,0.01796555,5
1790651040,72971.9,72971.9,72916.4,72916.4,72930.6,0.01702189,5
1790651100,72919.1,72931.9,72915.4,72915.4,72922.3,0.01141107,13
1790651160,72927.8,72927.8,72925.7,72925.7,72927.7,0.01001521,4
1790651220,72935.5,72954.3,72935.5,72954.2,72942.1,0.01617868,3
1790651280,72948.6,72952.9,72939.1,72943.1,72943.3,0.02799291,6
1790651340,72939.6,72944.4,72933.0,72944.4,72941.7,0.01101102,5
1790651400,72940.6,72940.6,72932.1,72932.1,72933.8,0.00291905,2
1790651460,72938.3,72938.3,72938.3,72938.3,72938.3,0.00703546,1
1790651520,72936.5,72944.6,72936.4,72944.6,72936.4,0.00560133,3
1790651580,72938.2,72945.2,72938.1,72938.1,72938.4,0.11495682,7
1790651640,72919.2,72919.2,72918.8,72918.8,72918.8,0.08080229,3
1790651700,72910.4,72910.4,72875.0,72900.3,72897.8,0.15741642,15
1790651760,72930.7,72930.7,72930.7,72930.7,72930.7,0.005,1
1790651820,72932.1,72932.1,72932.1,72932.1,72932.1,0.00274228,1
1790651880,72929.9,72944.8,72920.4,72933.0,72927.3,0.00668557,6
1790651940,72944.8,72990.1,72944.8,72990.1,72989.5,0.28026836,4
1790652000,73012.6,73063.5,73009.0,73063.5,73056.0,0.00585241,3
1790652060,73066.5,73098.2,73066.5,73088.2,73077.7,0.01055844,4
1790652120,73064.2,73068.3,73051.5,73056.7,73052.2,0.20121612,6
1790652180,73048.7,73057.2,73048.7,73057.2,73050.9,0.00542229,2
1790652240,73072.8,73116.5,73072.8,73116.4,73093.6,0.01513631,4
1790652300,73140.9,73140.9,73100.3,73100.3,73122.8,0.00558442,4
1790652360,73130.7,73151.3,73128.1,73151.3,73130.8,0.03357374,11
1790652420,73149.1,73151.2,73149.1,73149.5,73150.6,0.00684292,7
1790652480,73149.5,73149.5,73149.5,73149.5,0.0,0.0,0
1790652540,73156.2,73172.5,73156.2,73172.5,73156.5,0.01001744,3
1790652600,73178.3,73178.3,73102.5,73102.5,73163.8,0.01834341,30
1790652660,73119.3,73121.4,73105.8,73121.4,73114.0,0.0779609,5
1790652720,73137.9,73162.9,73137.9,73157.0,73157.6,0.04086445,3
1790652780,73166.0,73177.0,73163.1,73163.1,73168.6,0.04761375,5
1790652840,73171.8,73187.5,73171.8,73187.5,73173.5,0.00248234,2
1790652900,73189.0,73189.1,73159.7,73159.7,73171.1,0.06752501,9
1790652960,73159.8,73182.7,73159.8,73171.8,73171.3,0.01565102,7
1790653020,73171.9,73175.0,73148.8,73148.8,73173.9,0.00710571,3
1790653080,73150.3,73150.3,73138.6,73138.6,73144.0,0.0010749,3
1790653140,73129.2,73129.2,73129.2,73129.2,73129.2,0.00070999,2
1790653200,73129.2,73129.2,73129.2,73129.2,73129.2,0.00016518,2
1790653260,73118.8,73152.9,73118.8,73152.9,73120.1,0.03640677,3
1790653320,73149.9,73149.9,73149.9,73149.9,73149.9,0.00016411,2
1790653380,73146.2,73146.2,73146.2,73146.2,73146.2,0.00055041,2
1790653440,73146.2,73146.2,73146.2,73146.2,0.0,0.0,0
1790653500,73127.5,73127.5,73127.1,73127.1,73127.4,0.01612057,4
1790653560,73146.1,73148.2,73146.1,73148.2,73147.3,0.00572496,2
1790653620,73150.0,73150.0,73143.1,73143.1,73143.8,0.00397053,3
1790653680,73160.4,73160.4,73160.4,73160.4,73160.4,0.00083406,2
1790653740,73145.2,73145.2,73144.7,73144.7,73144.9,0.00335296,2
1790653800,73144.7,73164.1,73144.7,73150.0,73145.7,0.03876973,6
1790653860,73133.9,73133.9,73131.3,73131.3,73133.6,0.00060809,2
1790653920,73125.8,73125.8,73096.7,73096.7,73122.4,0.00914523,3
1790653980,73096.7,73156.3,73096.7,73156.3,73129.4,0.09011138,5
1790654040,73134.0,73134.0,73093.2,73093.2,73119.7,0.15256518,4
1790654100,73093.3,73103.3,73093.3,73103.3,73097.9,0.00441636,2
1790654160,73103.3,73103.3,73103.3,73103.3,73103.3,0.00660898,2
1790654220,73095.2,73095.2,73089.8,73090.2,73090.5,0.00116203,5
1790654280,73090.1,73090.1,73080.2,73080.2,73081.2,0.00769525,4
1790654340,73071.6,73093.4,73071.6,73093.4,73077.7,0.00017764,2
1790654400,73093.5,73093.5,73086.1,73086.1,73092.2,0.01118034,47
1790654460,73057.5,73106.5,73057.5,73106.5,73101.2,0.00727747,6
1790654520,73106.6,73118.6,73105.3,73105.3,73110.4,0.00900359,7
1790654580,73108.6,73108.6,73053.7,73056.9,73077.1,0.01268369,8
1790654640,73072.9,73072.9,73072.9,73072.9,73072.9,0.00399091,1
1790654700,73092.3,73092.3,73084.0,73089.8,73091.3,0.01154579,4
1790654760,73082.5,73087.4,73082.5,73087.4,73082.5,0.01412656,4
1790654820,73100.7,73102.5,73096.2,73096.2,73100.1,0.00074066,3
1790654880,73096.1,73096.1,73049.0,73049.0,73089.4,0.00581765,3
1790654940,73057.1,73077.6,73057.1,73077.6,73064.8,0.00229898,4
1790655000,73077.6,73111.4,73077.6,73111.4,73078.9,0.01217184,6
1790655060,73111.4,73129.8,73111.4,73129.8,73128.1,0.00206189,5
1790655120,73129.8,73144.2,73129.8,73142.3,73135.1,0.01407521,3
1790655180,73147.6,73173.7,73147.6,73169.0,73156.5,0.49834963,14
1790655240,73163.4,73167.1,73163.4,73167.0,73166.3,0.00718198,5
1790655300,73144.0,73162.1,73144.0,73153.7,73154.3,0.0034839,11
1790655360,73160.5,73165.1,73159.9,73165.1,73160.6,0.01889861,4
1790655420,73165.9,73220.0,73165.9,73220.0,73214.5,0.34724879,11
1790655480,73220.0,73220.0,73183.8,73183.8,73200.5,0.00151358,4
1790655540,73183.8,73183.8,73183.8,73183.8,0.0,0.0,0
1790655600,73220.0,73250.0,73220.0,73245.0,73222.9,0.01769322,5
1790655660,73228.8,73232.8,73228.1,73232.8,73228.2,0.00345816,4
1790655720,73270.1,73274.8,73270.1,73274.8,73271.9,0.01809863,3
1790655780,73271.8,73271.9,73271.8,73271.9,73271.8,0.00389883,2
1790655840,73266.0,73266.0,73249.3,73262.1,73265.4,0.01582371,4
1790655900,73247.1,73247.1,73247.1,73247.1,73247.1,0.0001,1
1790655960,73252.3,73252.3,73252.3,73252.3,73252.3,0.00222002,1
1790656020,73231.5,73231.5,73227.7,73229.8,73228.7,0.02470897,4
1790656080,73231.1,73231.3,73225.8,73225.8,73229.7,0.01334597,4
1790656140,73229.6,73229.6,73229.6,73229.6,73229.6,0.00216147,2
1790656200,73222.5,73222.5,73196.6,73204.8,73220.5,0.087805,9
1790656260,73195.6,73195.6,73191.2,73194.7,73193.5,0.00858526,4
1790656320,73191.8,73191.8,73187.8,73187.8,73190.1,0.00011831,2
1790656380,73188.8,73188.8,73174.4,73174.4,73180.1,0.00121411,3
1790656440,73175.7,73175.7,73167.5,73174.3,73172.3,0.01948488,6
1790656500,73152.6,73152.6,73132.0,73132.7,73152.2,0.04220331,6
1790656560,73127.3,73128.9,73127.3,73128.1,73127.9,0.0057103,8
1790656620,73128.1,73156.5,73128.1,73156.5,73136.5,0.01914451,8
1790656680,73173.6,73173.6,73173.3,73173.3,73173.4,0.00211731,2
1790656740,73175.3,73191.0,73175.3,73175.8,73186.4,0.0886009,6
1790656800,73174.0,73187.0,73167.9,73167.9,73174.0,0.00857777,5
1790656860,73168.8,73180.1,73168.8,73179.6,73179.3,0.01479929,5
1790656920,73177.7,73177.7,73172.8,73172.8,73173.1,0.00073742,2
1790656980,73170.7,73170.7,73170.7,73170.7,73170.7,0.00017975,1
1790657040,73182.0,73182.0,73174.5,73174.5,73180.8,0.00325102,2
1790657100,73169.5,73175.6,73167.7,73175.6,73170.2,0.0002397,3
1790657160,73170.1,73170.2,73167.4,73167.4,73169.9,0.1177435,11
1790657220,73150.1,73150.1,73137.9,73137.9,73149.7,0.01126528,5
1790657280,73127.2,73127.2,73100.0,73100.0,73120.3,0.00166079,4
1790657340,73110.1,73110.2,73110.1,73110.2,73110.1,0.01102933,3
1790657400,73113.6,73113.6,73108.8,73108.8,73112.8,0.00713834,4
1790657460,73113.6,73191.5,73113.6,73191.5,73135.8,0.02423248,11
1790657520,73191.5,73209.4,73191.5,73207.8,73205.5,0.01770374,48
1790657580,73207.8,73218.7,73207.7,73216.3,73213.5,0.02270071,62
1790657640,73219.9,73220.0,73203.5,73208.0,73212.7,0.02427637,81
1790657700,73208.1,73208.1,73203.5,73203.5,73204.1,0.02896606,84
1790657760,73212.2,73218.0,73212.2,73218.0,73214.3,0.07815773,87
1790657820,73218.0,73218.0,73215.2,73215.2,73216.2,0.03324699,125
1790657880,73215.2,73223.8,73215.2,73218.0,73216.5,0.02893972,115
1790657940,73221.2,73224.1,73221.2,73224.1,73223.5,0.01348125,18
1790658000,73224.1,73248.1,73224.1,73248.1,73230.6,0.03130502,70
1790658060,73258.9,73262.7,73256.6,73258.4,73259.0,0.01063609,6
1790658120,73263.7,73265.3,73261.0,73261.0,73263.7,0.00383557,5
1790658180,73261.0,73263.5,73232.9,73232.9,73260.6,0.15416842,7
1790658240,73226.9,73227.8,73208.1,73227.8,73220.4,0.01182734,5
1790658300,73242.6,73254.8,73242.6,73254.8,73253.9,0.00074826,2
1790658360,73254.8,73254.8,73227.9,73227.9,73246.7,0.0343279,10
1790658420,73227.9,73227.9,73220.0,73220.0,73223.7,0.00500688,6
1790658480,73209.8,73209.8,73208.1,73208.1,73208.1,0.04428768,4
1790658540,73208.1,73208.1,73205.0,73207.4,73207.4,0.0113683,10
1790658600,73215.9,73221.4,73214.3,73219.6,73218.5,0.00728238,8
1790658660,73225.9,73225.9,73225.8,73225.9,73225.8,0.02668064,4
1790658720,73261.0,73261.8,73261.0,73261.8,73261.7,0.00421791,4
1790658780,73261.9,73262.8,73257.8,73262.8,73261.6,0.01531121,5
1790658840,73262.8,73269.5,73262.8,73269.5,73267.4,0.00870383,2
1790658900,73282.1,73282.1,73277.0,73280.0,73281.9,0.02398643,7
1790658960,73280.0,73280.0,73266.2,73266.2,73266.9,0.10630621,9
1790659020,73260.2,73260.7,73230.4,73242.7,73259.5,0.02336082,6
1790659080,73271.9,73317.5,73271.9,73312.2,73289.3,0.10136647,11
1790659140,73304.7,73334.6,73304.7,73326.2,73327.2,0.00877609,5
1790659200,73302.0,73305.8,73293.6,73293.6,73302.6,0.01705763,8
1790659260,73282.6,73297.0,73282.1,73282.1,73293.6,0.01278019,8
1790659320,73282.6,73293.0,73282.5,73293.0,73283.2,0.01004402,5
1790659380,73300.0,73309.2,73300.0,73309.1,73307.7,0.00166879,3
1790659440,73309.3,73340.4,73309.3,73339.9,73312.7,0.00114683,4
1790659500,73340.4,73343.6,73340.4,73342.6,73343.5,0.12024417,7
1790659560,73334.4,73340.2,73303.3,73303.3,73331.8,0.01097084,6
1790659620,73302.2,73302.2,73290.1,73290.1,73299.1,0.00101244,5
1790659680,73296.7,73308.2,73296.7,73308.2,73296.7,0.01134385,2
1790659740,73319.2,73319.2,73319.1,73319.1,73319.1,0.00216808,3
1790659800,73319.1,73319.1,73276.8,73276.8,73281.4,0.02260437,15
1790659860,73268.0,73268.0,73255.9,73255.9,73261.2,0.00263017,3
1790659920,73217.3,73217.3,73214.9,73214.9,73217.2,0.01403422,3
1790659980,73214.9,73214.9,73169.8,73169.8,73202.6,0.04387449,11
1790660040,73165.4,73165.4,73073.0,73073.0,73106.0,0.04320097,12
1790660100,73073.0,73127.8,73057.5,73127.8,73070.9,0.25130846,10
1790660160,73112.8,73121.7,73050.1,73060.7,73082.5,0.25418599,11
1790660220,73060.0,73060.0,73039.2,73042.0,73045.7,0.02206455,19
1790660280,73026.5,73065.8,73026.5,73065.8,73049.3,0.01647987,7
1790660340,73105.9,73177.4,73105.9,73132.0,73156.4,4.8019787,38
1790660400,73164.4,73198.9,73164.4,73188.8,73192.2,10.34386771,39
1790660460,73188.9,73214.6,73147.7,73214.6,73181.9,3.0508384,33
1790660520,73214.6,73221.7,73210.3,73212.1,73213.5,0.10786412,13
1790660580,73224.9,73329.9,73224.9,73329.9,73296.0,2.29590749,21
1790660640,73336.0,73348.6,73331.1,73331.1,73336.8,0.02058065,11
1790660700,73331.1,73338.5,73318.9,73318.9,73320.9,9.64438764,20
1790660760,73318.9,73319.0,73292.6,73294.3,73318.8,1.97534804,8
1790660820,73281.9,73281.9,73278.0,73278.0,73278.0,2.08149714,4
1790660880,73286.8,73336.5,73281.5,73316.7,73287.1,0.11646796,9
1790660940,73315.1,73393.4,73315.1,73393.4,73372.5,0.39474915,11
1790661000,73397.0,73398.5,73378.5,73391.9,73396.6,1.06691493,8
1790661060,73398.6,73398.6,73378.1,73378.1,73397.4,0.21411313,7
1790661120,73387.9,73400.0,73387.9,73400.0,73399.9,2.00168799,5
1790661180,73378.1,73400.0,73378.1,73400.0,73397.2,0.06413827,10
1790661240,73400.0,73437.6,73400.0,73437.6,73400.0,2.9206936,16
1790661300,73437.3,73439.0,73424.2,73424.2,73436.2,0.01445983,5
1790661360,73437.0,73437.0,73428.9,73434.0,73429.8,0.02097166,4
1790661420,73438.6,73443.6,73428.1,73441.0,73434.9,0.04409887,15
1790661480,73428.1,73429.2,73428.1,73429.2,73428.3,0.86400966,10
1790661540,73429.3,73435.9,73429.3,73429.4,73430.6,0.00691835,4
1790661600,73444.7,73469.4,73442.5,73443.8,73450.3,0.31886359,96
1790661660,73443.8,73445.0,73443.8,73445.0,73444.0,0.01262135,6
1790661720,73461.3,73463.0,73449.5,73462.8,73462.4,0.47254945,13
1790661780,73462.5,73480.0,73461.3,73480.0,73466.5,0.07286635,17
1790661840,73480.0,73491.5,73480.0,73484.1,73483.6,0.03774796,6
1790661900,73487.1,73520.5,73480.0,73480.0,73501.3,0.17650766,15
1790661960,73484.3,73520.7,73484.3,73518.0,73511.4,0.03941042,8
1790662020,73520.5,73623.1,73520.5,73596.9,73589.6,2.22484661,27
1790662080,73598.0,73615.1,73598.0,73615.1,73598.4,1.44446743,10
1790662140,73623.0,73698.1,73623.0,73698.1,73639.0,0.02722099,7
1790662200,73694.3,73694.3,73667.5,73683.8,73680.2,0.0668874,7
1790662260,73705.6,73717.3,73686.3,73717.3,73711.6,0.19124772,11
1790662320,73719.9,73745.4,73700.1,73700.1,73736.9,0.02069986,10
1790662380,73713.1,73723.7,73696.5,73723.7,73706.0,0.25531853,8
1790662440,73720.6,73777.0,73720.6,73777.0,73764.6,2.67798763,41
1790662500,73799.0,73799.9,73742.8,73742.8,73781.7,0.01554277,13
1790662560,73757.0,73757.0,73696.7,73696.7,73726.0,0.01603321,13
1790662620,73699.8,73700.0,73698.1,73700.0,73699.2,0.00143877,4
1790662680,73687.0,73700.0,73687.0,73700.0,73691.2,0.01212113,5
1790662740,73700.0,73749.3,73700.0,73749.2,73701.6,0.29540482,11
1790662800,73746.9,73749.9,73727.9,73749.9,73745.6,0.02986725,14
1790662860,73760.2,73792.8,73758.0,73792.8,73765.1,1.60549316,17
1790662920,73793.1,73806.1,73793.1,73806.1,73799.5,0.02704954,12
1790662980,73800.1,73800.2,73764.9,73764.9,73794.4,0.06714514,7
1790663040,73750.5,73750.6,73746.8,73750.6,73749.7,0.00174562,7
1790663100,73750.6,73776.5,73750.6,73763.2,73751.8,0.2697188,23
1790663160,73775.0,73786.0,73764.9,73764.9,73779.1,0.05399362,28
1790663220,73768.7,73770.1,73750.6,73751.4,73759.0,0.1706901,37
1790663280,73752.2,73762.3,73751.7,73758.2,73756.0,0.0669979,21
1790663340,73760.0,73788.8,73760.0,73788.8,73771.4,0.01797016,9
1790663400,73792.8,73824.2,73783.5,73824.2,73803.1,0.11441461,15
1790663460,73824.3,73840.0,73824.3,73837.9,73836.1,0.22762427,14
1790663520,73843.1,73843.1,73817.2,73843.1,73834.3,0.01687052,13
1790663580,73843.1,73857.4,73828.7,73848.3,73851.2,0.02538784,13
1790663640,73846.9,73859.0,73844.2,73859.0,73845.3,0.02707675,7
1790663700,73859.1,73859.1,73803.1,73803.1,73857.6,0.29627423,14
1790663760,73803.1,73808.3,73785.7,73803.1,73798.7,0.04716369,16
1790663820,73811.5,73811.5,73785.8,73785.8,73798.1,0.06358505,16
1790663880,73783.2,73787.0,73783.2,73787.0,73786.3,0.00811493,4
1790663940,73781.1,73781.1,73776.8,73779.0,73779.3,0.0276435,9
1790664000,73780.0,73800.0,73780.0,73796.6,73780.2,0.55727084,30
1790664060,73800.0,73800.0,73800.0,73800.0,73800.0,0.00817051,10
1790664120,73800.0,73800.0,73799.9,73800.0,73799.9,0.07686467,21
1790664180,73800.0,73800.0,73799.9,73800.0,73799.9,0.02403666,10
1790664240,73800.0,73809.1,73800.0,73809.0,73802.2,0.20137403,6
1790664300,73821.4,73821.5,73817.8,73817.8,73821.3,0.1735036,6
1790664360,73813.6,73813.6,73813.6,73813.6,73813.6,0.01545565,2
1790664420,73814.3,73814.3,73790.9,73790.9,73802.2,0.1410505,12
1790664480,73779.5,73806.7,73775.9,73806.7,73787.9,0.01532342,20
1790664540,73816.9,73820.0,73816.9,73820.0,73818.3,0.00340153,6
1790664600,73820.0,73826.9,73820.0,73826.8,73825.9,0.15065438,9
1790664660,73827.0,73899.1,73827.0,73899.1,73840.9,0.47011144,12
1790664720,73893.0,73893.0,73866.8,73879.0,73879.1,1.08779065,61
1790664780,73879.0,73899.1,73873.0,73899.1,73880.2,0.01698357,72
1790664840,73899.1,73900.0,73899.0,73899.9,73899.9,0.03711233,22
1790664900,73899.9,73919.9,73889.7,73919.9,73907.3,1.35709194,148
1790664960,73919.5,73919.9,73917.4,73919.9,73919.4,0.07628531,72
1790665020,73917.9,73919.9,73891.1,73911.1,73903.6,0.13332908,39
1790665080,73910.0,73914.0,73889.7,73914.0,73912.1,0.14044669,22
1790665140,73914.0,73920.0,73914.0,73919.0,73915.9,1.10472505,13
1790665200,73919.0,73919.0,73835.5,73835.5,73906.8,1.43554182,79
1790665260,73833.9,73833.9,73816.1,73823.5,73817.9,0.05011098,10
1790665320,73816.1,73830.2,73816.0,73830.1,73827.8,0.00817049,8
1790665380,73830.6,73866.7,73830.6,73863.4,73833.4,0.01010844,4
1790665440,73864.0,73871.6,73862.5,73868.9,73866.9,0.04382239,14
1790665500,73873.2,73884.9,73873.2,73884.9,73884.5,0.02167643,5
1790665560,73918.9,73918.9,73910.2,73917.1,73911.0,0.01508102,4
1790665620,73919.0,73939.0,73919.0,73935.5,73921.4,0.63977138,8
1790665680,73924.1,73930.4,73924.1,73930.4,73924.1,0.92579179,2
1790665740,73934.3,73945.9,73934.3,73945.2,73939.6,0.05078479,9
1790665800,73929.9,73947.7,73904.8,73942.9,73923.1,1.39339927,21
1790665860,73947.8,73947.8,73937.3,73940.1,73942.6,0.05370769,8
1790665920,73944.8,73952.0,73934.0,73952.0,73945.3,0.07781734,12
1790665980,73929.8,73937.4,73911.6,73911.6,73933.7,0.77819068,10
1790666040,73920.0,73920.0,73915.1,73919.9,73918.2,0.02922691,10
1790666100,73919.9,73958.5,73919.9,73958.5,73923.1,0.89956241,17
1790666160,73957.0,73959.8,73933.3,73959.8,73948.8,0.01207742,10
1790666220,73960.0,74000.0,73960.0,73998.2,73967.0,1.23376376,15
1790666280,73996.6,73996.6,73910.8,73915.3,73964.9,0.15530309,19
1790666340,73926.7,73928.8,73910.0,73919.4,73914.1,0.12013822,11
1790666400,73915.3,73956.5,73915.3,73948.9,73921.7,0.0861036,13
1790666460,73945.0,73948.9,73922.5,73925.1,73946.2,0.34476538,10
1790666520,73920.1,73920.1,73900.0,73900.0,73909.7,0.91980623,17
1790666580,73888.6,73891.3,73883.0,73886.1,73883.8,0.168573,9
1790666640,73891.9,73945.7,73891.9,73945.7,73916.1,0.07289024,13
1790666700,73949.0,73974.0,73936.2,73971.2,73963.8,0.02032517,13
1790666760,73971.2,73971.5,73950.1,73950.1,73966.9,0.01005037,7
1790666820,73957.0,73976.4,73957.0,73976.3,73965.5,0.03381744,14
1790666880,73976.2,73976.2,73950.0,73955.8,73952.7,0.01354793,12
1790666940,73953.8,73953.8,73936.1,73936.1,73949.3,0.06268535,7
1790667000,73944.1,73974.1,73944.1,73968.2,73956.8,0.04570613,23
1790667060,73976.7,73979.0,73963.3,73977.2,73975.2,0.06817715,19
1790667120,73977.2,74048.8,73977.2,74048.8,73996.2,1.5760213,23
1790667180,74048.8,74060.0,74044.3,74044.3,74055.5,0.01921003,10
1790667240,74055.8,74078.0,74051.1,74077.0,74062.3,0.02493504,9
1790667300,74077.8,74077.8,74062.0,74062.0,74063.2,0.26384507,11
1790667360,74063.0,74063.0,74053.1,74058.5,74060.4,0.02008295,6
1790667420,74065.5,74065.5,74057.1,74064.7,74063.5,0.07934704,12
1790667480,74078.8,74096.9,74066.0,74096.9,74082.7,0.00828465,7
1790667540,74098.3,74160.8,74098.3,74111.2,74134.1,0.75757721,26
1790667600,74100.1,74109.5,74073.3,74079.8,74103.0,0.43526964,12
1790667660,74087.6,74092.0,74071.5,74071.5,74090.6,0.03844719,6
1790667720,74068.7,74068.7,74048.7,74048.7,74053.4,0.53205287,16
1790667780,74035.3,74035.3,73979.2,74000.8,73997.0,0.08846625,18
1790667840,74001.9,74015.6,74001.9,74015.6,74011.5,0.00101323,3
1790667900,74015.0,74048.5,74015.0,74018.7,74038.2,0.53885217,16
1790667960,74016.6,74025.5,74016.6,74025.5,74023.3,0.08150562,8
1790668020,74025.5,74038.2,74025.5,74031.4,74031.5,0.02370992,8
1790668080,74020.3,74029.3,74020.3,74029.3,74026.7,0.21203756,12
1790668140,74029.3,74035.5,74020.4,74020.4,74025.8,0.14469925,18
1790668200,74020.4,74048.2,74020.4,74048.2,74032.8,0.00606661,7
1790668260,74042.4,74049.9,74041.1,74049.9,74045.2,0.04278922,7
1790668320,74050.0,74050.0,74032.1,74032.2,74048.2,0.02354173,10
1790668380,74032.2,74036.9,74019.6,74019.6,74033.7,0.08782897,84
1790668440,74025.9,74028.7,74016.6,74018.4,74022.3,0.06625339,8
1790668500,74016.6,74016.6,74000.0,74000.0,74004.6,1.43489564,24
1790668560,73989.6,74000.0,73989.6,74000.0,73997.7,0.0040586,2
1790668620,73999.9,73999.9,73989.6,73989.7,73999.5,0.04926097,5
1790668680,73989.6,73989.6,73963.8,73966.1,73979.6,0.55981991,13
1790668740,73966.1,73972.8,73962.1,73972.8,73965.4,0.27498872,16
1790668800,73972.8,74054.3,73972.8,74054.3,74006.0,0.54198972,20
1790668860,74049.4,74051.6,74026.4,74048.1,74038.0,0.05322703,13
1790668920,74048.1,74057.3,74048.1,74053.2,74050.1,0.00583249,10
1790668980,74037.2,74040.6,74027.7,74034.1,74030.6,0.18104839,14
1790669040,74029.3,74053.0,74026.1,74026.1,74038.1,0.05505115,9
1790669100,74026.9,74026.9,73993.8,74021.3,73998.3,0.09916024,15
1790669160,74025.4,74041.0,74015.2,74041.0,74032.0,0.04685691,9
1790669220,74033.1,74033.1,73989.8,73989.8,74025.5,0.0252284,9
1790669280,73985.0,73985.0,73985.0,73985.0,73985.0,0.02187672,1
1790669340,73995.7,74010.6,73994.7,74010.6,74002.0,0.15687395,12
1790669400,74021.1,74049.8,74021.1,74034.3,74038.3,0.02562562,14
1790669460,74030.3,74030.5,74006.6,74030.5,74009.2,0.65601408,22
1790669520,74032.6,74062.1,74032.6,74047.9,74051.0,0.06772002,16
1790669580,74049.8,74049.8,74019.5,74046.7,74028.6,0.49998331,11
1790669640,74052.7,74065.8,74040.4,74040.4,74053.5,0.03121349,9
1790669700,74041.2,74067.5,74041.2,74067.5,74047.1,0.15561247,20
1790669760,74067.7,74090.2,74063.5,74090.2,74081.0,0.36669443,11
1790669820,74094.0,74094.0,74086.7,74089.8,74087.0,0.01154191,6
1790669880,74072.1,74072.1,74048.2,74052.6,74066.1,0.0137461,8
1790669940,74044.6,74074.6,74044.6,74074.6,74044.9,4.06804709,11
1790670000,74070.3,74113.5,74069.7,74113.5,74070.3,2.88712825,22
1790670060,74118.1,74254.1,74118.1,74254.1,74146.7,0.79885059,30
1790670120,74252.0,74298.6,74252.0,74268.9,74268.1,0.38907359,16
1790670180,74267.0,74268.1,74152.0,74217.5,74227.4,0.76465016,17
1790670240,74201.6,74201.6,74153.0,74172.1,74174.7,0.76485549,18
1790670300,74162.8,74206.5,74141.8,74204.2,74168.7,0.16123471,15
1790670360,74207.7,74215.1,74177.8,74188.5,74201.6,0.400879,15
1790670420,74199.5,74199.5,74183.0,74188.0,74184.3,0.30911206,12
1790670480,74191.5,74191.5,74177.1,74177.1,74184.6,0.10638568,6
1790670540,74161.6,74161.6,74151.2,74151.3,74160.2,0.01037462,4
1790670600,74147.3,74147.3,74113.6,74116.4,74144.8,0.05644254,23
1790670660,74102.6,74106.6,74100.1,74101.9,74102.6,0.01042126,6
1790670720,74104.0,74104.0,74081.7,74087.3,74093.6,0.02655701,9
1790670780,74085.2,74085.2,74020.0,74022.1,74027.1,0.26433261,15
1790670840,74020.1,74054.6,74020.0,74020.1,74025.5,0.06573148,12
1790670900,74042.8,74059.4,74042.8,74047.8,74056.9,0.02476485,7
1790670960,74044.9,74044.9,73984.9,73984.9,74011.7,0.31421879,18
1790671020,73976.9,73976.9,73931.3,73944.7,73937.1,0.54630577,18
1790671080,73964.4,73964.4,73928.5,73929.2,73944.4,0.06910701,8
1790671140,73967.4,73989.4,73965.4,73986.8,73980.6,0.01251365,10
1790671200,73975.3,73990.9,73928.2,73928.2,73962.6,0.20851536,17
1790671260,73926.1,73948.6,73898.9,73948.6,73927.1,0.89542176,17
1790671320,73956.3,73962.8,73955.9,73962.8,73956.1,0.05248541,8
1790671380,73981.6,73983.2,73958.8,73958.8,73980.3,0.33383941,15
1790671440,73958.9,73958.9,73897.6,73897.6,73935.8,0.26800741,13
1790671500,73902.5,73902.5,73879.6,73895.6,73886.2,0.20979533,14
1790671560,73902.7,73902.7,73880.4,73880.4,73900.5,0.197604,9
1790671620,73872.4,73878.3,73854.2,73854.7,73862.2,0.04625423,7
1790671680,73854.6,73915.5,73854.6,73915.5,73863.5,0.03265176,9
1790671740,73907.1,73916.1,73903.8,73905.8,73905.2,0.22971632,14
1790671800,73903.5,73904.4,73900.0,73900.1,73900.0,3.35941621,13
1790671860,73885.6,73885.7,73882.3,73884.2,73885.5,0.05445421,8
1790671920,73875.7,73875.7,73856.1,73856.1,73859.9,0.11038545,11
1790671980,73840.1,73840.1,73840.0,73840.0,73840.0,0.14928454,3
1790672040,73840.2,73861.3,73840.2,73861.3,73840.7,0.0257841,5
1790672100,73861.3,73911.1,73860.9,73911.1,73885.3,0.10028994,12
1790672160,73926.4,73926.4,73924.9,73925.0,73925.0,0.01090589,5
1790672220,73920.2,73920.2,73916.0,73916.0,73917.9,0.00434016,10
1790672280,73920.1,73920.8,73916.0,73916.1,73916.4,0.27012458,13
1790672340,73916.5,73919.4,73916.5,73919.3,73916.8,0.00382402,3
1790672400,73916.5,73916.5,73873.3,73880.2,73885.3,0.29735852,28
1790672460,73890.5,73911.6,73883.6,73904.5,73900.6,0.21455517,8
1790672520,73897.0,73905.1,73897.0,73901.8,73901.6,0.026379,9
1790672580,73873.3,73873.3,73824.8,73824.8,73863.4,0.07974921,14
1790672640,73825.2,73866.2,73818.7,73866.2,73825.9,0.16017031,11
1790672700,73853.9,73867.3,73849.5,73849.5,73857.6,0.00243497,3
1790672760,73826.6,73838.5,73826.6,73838.5,73830.5,0.01946946,5
1790672820,73846.7,73846.7,73828.9,73829.0,73835.2,0.02883567,9
1790672880,73829.0,73859.9,73828.8,73859.8,73833.7,0.30359782,12
1790672940,73850.8,73855.8,73842.2,73855.8,73848.3,0.01705768,5
1790673000,73853.4,73854.8,73834.3,73845.8,73849.3,0.12518752,12
1790673060,73845.9,73849.7,73829.3,73838.5,73834.2,0.95192567,24
1790673120,73839.3,73872.3,73839.3,73861.1,73839.9,0.04186347,3
1790673180,73868.3,73884.4,73864.4,73884.4,73874.2,0.1020094,13
1790673240,73885.6,73888.2,73876.8,73882.9,73882.3,0.01349528,10
1790673300,73878.2,73887.2,73870.3,73882.0,73882.2,0.01605724,7
1790673360,73877.6,73889.9,73877.6,73889.9,73884.1,0.03926326,7
1790673420,73884.0,73890.0,73884.0,73889.9,73887.2,0.83273821,18
1790673480,73890.0,73909.0,73890.0,73907.7,73891.0,0.15582844,9
1790673540,73900.6,73905.7,73897.1,73897.1,73901.4,0.11184491,7
1790673600,73882.3,73918.2,73882.3,73918.0,73903.8,0.03823665,12
1790673660,73909.9,73919.8,73903.7,73919.2,73906.9,0.01439176,8
1790673720,73919.2,73919.2,73894.1,73894.5,73908.6,0.03638613,12
1790673780,73894.6,73895.5,73889.2,73889.2,73894.2,0.14335018,10
1790673840,73891.6,73897.9,73891.6,73897.9,73892.2,0.12988302,6
1790673900,73931.9,73931.9,73927.6,73927.7,73928.9,0.04794223,6
1790673960,73939.7,73939.7,73930.6,73930.6,73933.8,0.00312429,4
1790674020,73930.7,74000.0,73930.6,74000.0,73958.0,1.55060349,39
1790674080,73991.1,73991.1,73963.3,73963.3,73979.7,0.22561913,18
1790674140,73963.2,73963.2,73951.4,73951.4,73955.3,0.02972053,5
1790674200,73951.0,73963.3,73943.0,73963.1,73956.9,0.0468619,18
1790674260,73963.3,74034.3,73962.6,74032.7,73992.1,0.3985426,16
1790674320,74033.7,74034.4,74033.7,74034.4,74034.3,0.03254571,7
1790674380,74034.3,74047.0,74034.3,74043.5,74037.9,0.31781397,10
1790674440,74047.0,74056.5,74035.3,74053.3,74051.7,1.99465843,28
1790674500,74053.3,74053.4,74035.3,74050.6,74051.4,0.02881449,7
1790674560,74050.0,74060.4,74042.4,74060.4,74050.0,0.33497389,12
1790674620,74060.2,74060.5,74054.8,74060.5,74055.5,0.16365846,8
1790674680,74070.4,74089.4,74070.4,74083.3,74085.2,0.00946121,5
1790674740,74093.9,74099.8,74083.6,74099.7,74093.7,0.04665338,7
1790674800,74095.6,74095.6,74075.1,74075.1,74084.5,0.0651636,13
1790674860,74071.1,74071.1,74058.6,74058.6,74067.4,0.02601593,7
1790674920,74058.5,74063.3,74049.2,74060.1,74052.2,0.02932341,13
1790674980,74095.2,74095.2,74079.6,74079.6,74083.3,0.05129015,9
1790675040,74071.2,74079.1,74058.0,74079.1,74072.5,0.67820134,9
1790675100,74095.2,74100.0,74080.4,74080.4,74082.2,0.48262422,8
1790675160,74078.3,74121.3,74078.1,74121.3,74111.7,0.18691672,9
1790675220,74119.8,74218.6,74116.1,74207.5,74185.9,0.3543038,14
1790675280,74217.6,74219.9,74205.7,74219.6,74213.2,0.03051657,9
1790675340,74219.7,74271.0,74202.6,74271.0,74217.9,1.47608071,17
1790675400,74280.6,74355.5,74280.6,74355.5,74305.6,1.55663351,22
1790675460,74353.5,74353.5,74281.2,74288.5,74303.4,0.04713072,12
1790675520,74288.5,74298.9,74280.6,74280.6,74296.2,0.34324272,12
1790675580,74288.1,74304.2,74288.1,74304.2,74298.1,0.0041415,8
1790675640,74323.0,74340.9,74323.0,74330.5,74334.6,0.03981165,6
1790675700,74310.2,74361.4,74310.2,74361.4,74340.4,1.10025179,9
1790675760,74355.4,74355.4,74326.6,74328.0,74329.5,0.01576572,15
1790675820,74330.2,74331.9,74316.0,74318.6,74319.1,0.0824729,12
1790675880,74317.0,74321.1,74309.6,74315.0,74315.7,0.09873936,19
1790675940,74315.0,74315.0,74314.9,74315.0,74314.9,0.0148216,5
1790676000,74315.0,74315.0,74271.0,74271.0,74300.2,0.69576085,57
1790676060,74271.1,74271.1,74259.9,74260.0,74260.0,0.17359053,9
1790676120,74266.0,74266.0,74227.5,74227.5,74245.7,0.0268075,7
1790676180,74221.2,74246.6,74221.2,74246.6,74231.8,0.02058428,12
1790676240,74247.1,74260.3,74247.1,74257.5,74257.8,0.34117899,9
1790676300,74252.7,74254.0,74249.6,74249.6,74252.5,0.0184764,9
1790676360,74251.0,74254.6,74220.3,74220.3,74245.9,0.1487493,16
1790676420,74230.8,74241.8,74230.8,74241.8,74231.2,0.01180773,3
1790676480,74246.6,74252.0,74246.2,74248.1,74250.0,0.03860281,8
1790676540,74254.6,74310.0,74254.6,74310.0,74271.1,0.0427783,9
1790676600,74310.0,74339.9,74310.0,74339.9,74315.0,0.82742081,11
1790676660,74345.0,74357.5,74345.0,74349.9,74349.9,0.72779162,5
1790676720,74346.5,74349.9,74319.2,74337.7,74332.7,0.02055849,8
1790676780,74337.8,74337.8,74318.3,74318.3,74326.6,0.06718441,16
1790676840,74301.0,74301.0,74253.4,74261.7,74283.9,0.23094989,11
1790676900,74260.8,74274.3,74258.2,74264.5,74267.5,0.22129046,17
1790676960,74250.2,74250.2,74246.6,74246.6,74250.1,0.03337693,5
1790677020,74244.6,74244.6,74232.4,74232.4,74241.6,0.04286031,5
1790677080,74216.6,74216.6,74187.7,74187.7,74200.0,0.17896346,13
1790677140,74187.8,74187.8,74159.7,74166.9,74166.0,1.25276768,25
1790677200,74158.5,74161.9,74154.9,74155.3,74156.8,0.28905453,13
1790677260,74155.3,74157.2,74123.1,74132.1,74140.8,0.51768969,16
1790677320,74134.9,74172.0,74134.9,74172.0,74148.4,0.27768702,9
1790677380,74169.3,74169.3,74145.5,74153.5,74150.1,0.44457107,12
1790677440,74159.2,74180.5,74159.2,74172.3,74166.4,0.09073229,11
1790677500,74165.4,74170.2,74165.4,74170.2,74165.5,0.01427023,4
1790677560,74171.6,74176.7,74169.1,74169.1,74172.3,0.05808693,9
1790677620,74169.2,74180.0,74169.2,74180.0,74177.1,0.1114986,3
1790677680,74192.5,74192.5,74185.4,74185.4,74190.6,0.00497231,8
1790677740,74192.5,74192.5,74142.7,74142.7,74159.7,4.83561252,39
1790677800,74180.8,74181.0,74150.1,74152.9,74177.0,0.01692536,7
1790677860,74152.9,74156.1,74141.6,74146.1,74152.8,0.27333641,15
1790677920,74146.1,74149.1,74114.0,74145.4,74143.9,0.94845913,31
1790677980,74158.8,74158.9,74100.1,74101.9,74136.0,0.06233271,34
1790678040,74100.1,74105.9,74087.1,74105.0,74096.1,0.05265402,19
1790678100,74097.5,74097.5,74084.7,74086.6,74088.6,0.06408358,9
1790678160,74084.9,74091.5,74084.9,74087.0,74085.5,0.00375368,6
1790678220,74093.4,74097.6,74076.4,74076.4,74085.7,0.17835554,11
1790678280,74075.5,74076.8,74063.8,74064.0,74065.7,0.08055866,10
1790678340,74060.1,74060.3,74052.9,74058.2,74059.9,0.08379347,7
1790678400,74058.3,74116.4,74058.3,74116.3,74085.5,0.04213829,8
1790678460,74114.6,74114.6,74088.7,74088.7,74109.6,0.0058043,4
1790678520,74078.2,74085.6,74078.2,74083.2,74082.6,0.01299483,10
1790678580,74083.1,74083.1,74027.7,74041.8,74053.8,0.58263188,23
1790678640,74039.1,74046.4,74039.1,74046.4,74044.6,0.29378089,6
1790678700,74044.9,74052.7,74024.4,74037.7,74042.7,0.05479918,10
1790678760,74037.5,74055.0,74037.2,74055.0,74038.0,0.03544848,5
1790678820,74055.0,74058.7,74012.9,74019.7,74026.9,0.04280615,8
1790678880,74018.0,74031.4,74015.4,74031.3,74026.4,0.16535654,11
1790678940,74037.3,74037.3,74026.0,74028.7,74035.4,0.00971644,6
1790679000,74035.9,74048.8,74035.9,74047.7,74040.8,0.02756723,6
1790679060,74056.5,74074.6,74056.5,74074.6,74058.1,0.00690252,4
1790679120,74056.5,74072.1,74056.5,74072.1,74069.5,0.01664069,4
1790679180,74058.8,74058.9,74052.1,74053.6,74056.0,0.03201816,7
1790679240,74050.2,74056.3,74049.6,74049.6,74053.5,0.01875156,10
1790679300,74065.7,74080.1,74058.7,74080.1,74069.6,0.06411221,8
1790679360,74080.1,74080.1,74056.6,74056.6,74076.1,0.07130881,6
1790679420,74053.1,74053.1,74030.8,74030.8,74031.7,0.04421719,7
1790679480,74030.8,74030.8,74018.6,74018.6,74025.3,0.12858259,6
1790679540,74034.1,74044.9,74030.9,74030.9,74035.0,0.05156577,7
1790679600,74026.8,74028.8,74026.6,74028.8,74026.7,0.01367479,9
1790679660,74036.9,74045.6,74028.4,74039.6,74034.2,0.10081073,8
1790679720,74033.9,74033.9,74004.2,74011.9,74022.0,0.09923079,17
1790679780,74021.2,74041.4,74000.0,74029.9,74024.8,0.07726658,17
1790679840,74009.2,74011.3,73964.7,73964.7,73999.5,0.51849187,24
1790679900,73955.0,73976.8,73955.0,73976.8,73973.3,0.03654196,9
1790679960,74001.3,74056.9,74001.3,74056.9,74018.3,0.33654541,18
1790680020,74060.3,74060.3,74052.6,74052.6,74057.4,0.01617958,4
1790680080,74064.3,74089.4,74064.3,74089.4,74087.5,0.15944642,9
1790680140,74087.0,74087.0,74044.8,74053.0,74078.0,0.0383263,6
1790680200,74061.2,74071.9,74051.3,74051.3,74064.2,0.14262331,14
1790680260,74012.1,74051.7,74012.1,74051.7,74035.8,0.04265841,7
1790680320,74042.3,74064.0,74042.3,74056.4,74047.5,0.06465311,10
1790680380,74058.9,74058.9,74044.0,74055.8,74054.0,0.01143506,6
1790680440,74044.7,74046.1,74035.3,74035.3,74035.8,0.12368885,7
1790680500,74045.1,74050.0,74025.1,74025.1,74045.2,0.0099567,7
1790680560,74017.0,74017.0,74000.2,74014.6,74007.7,0.01467962,8
1790680620,74018.3,74024.9,74017.5,74022.0,74020.0,0.06583578,10
1790680680,74020.2,74064.0,74020.2,74064.0,74040.9,0.0607365,5
1790680740,74064.0,74080.0,74064.0,74065.2,74065.4,0.1826743,9
1790680800,74038.4,74047.7,74025.7,74047.7,74041.9,0.11164735,12
1790680860,74027.9,74049.5,74026.8,74049.5,74032.7,0.07239324,11
1790680920,74049.6,74061.8,74049.6,74058.7,74053.9,0.00098548,3
1790680980,74059.8,74063.0,74057.9,74058.1,74061.6,0.0437743,7
1790681040,74061.2,74064.0,74058.6,74064.0,74063.9,0.06050773,12
1790681100,74063.9,74069.0,74060.0,74060.0,74064.4,1.1236726,13
1790681160,74069.0,74086.6,74069.0,74086.6,74069.5,0.10300836,2
1790681220,74086.5,74090.4,74076.3,74090.4,74088.9,0.05140047,4
1790681280,74090.3,74090.3,74075.4,74077.5,74084.9,0.05622412,8
1790681340,74077.5,74083.7,74067.3,74069.9,74079.6,0.11969952,10
1790681400,74070.3,74096.2,74070.2,74096.2,74070.3,0.99081827,11
1790681460,74096.2,74109.3,74096.2,74101.5,74103.3,0.01492912,5
1790681520,74122.6,74220.9,74122.6,74220.9,74181.9,0.29151403,13
1790681580,74208.7,74208.9,74189.2,74208.9,74202.0,0.04278927,17
1790681640,74209.0,74234.0,74209.0,74226.9,74221.9,0.21183799,5
1790681700,74231.7,74244.7,74203.6,74238.3,74227.0,0.35912751,11
1790681760,74242.5,74250.3,74194.8,74194.8,74231.6,0.08073502,8
1790681820,74180.4,74217.0,74179.3,74179.3,74187.7,0.765359,18
1790681880,74181.9,74235.3,74181.9,74235.3,74201.2,0.03501032,13
1790681940,74245.0,74245.0,74222.9,74222.9,74244.1,0.07214735,5
1790682000,74225.3,74225.7,74210.7,74215.8,74223.4,0.03433662,16
1790682060,74215.8,74217.8,74204.2,74207.5,74207.7,0.03092487,9
1790682120,74210.6,74210.6,74196.3,74196.3,74202.8,0.05472878,12
1790682180,74202.6,74220.4,74194.0,74220.4,74204.4,0.19235073,10
1790682240,74219.8,74238.4,74219.8,74238.4,74221.6,0.03327278,6
1790682300,74250.3,74274.7,74237.7,74237.8,74239.3,0.25637536,14
1790682360,74254.6,74272.3,74241.2,74271.7,74261.6,0.23273868,8
1790682420,74280.5,74292.9,74267.3,74288.5,74283.2,0.22275202,11
1790682480,74286.6,74293.0,74286.6,74292.9,74292.4,0.01560676,6
1790682540,74293.0,74373.3,74290.0,74362.3,74328.3,1.93990716,33
1790682600,74381.7,74420.2,74352.3,74391.8,74398.6,0.21733649,22
1790682660,74394.1,74394.1,74286.6,74286.6,74296.3,0.2563532,8
1790682720,74303.5,74372.1,74303.5,74360.6,74345.5,0.77984906,18
1790682780,74357.5,74382.0,74357.5,74367.1,74371.3,0.22672872,10
1790682840,74356.8,74358.7,74331.4,74349.9,74346.3,0.77066906,13
1790682900,74379.5,74382.2,74359.2,74359.5,74379.3,0.27875458,9
1790682960,74358.0,74377.4,74355.6,74367.6,74364.1,0.1013072,14
1790683020,74362.0,74362.0,74332.2,74332.6,74361.3,0.0131657,3
1790683080,74325.0,74342.0,74325.0,74332.8,74335.8,0.02769672,7
1790683140,74329.1,74329.1,74299.0,74299.0,74301.7,0.26328735,7
1790683200,74299.2,74306.0,74257.0,74306.0,74281.3,0.04769726,17
1790683260,74307.6,74323.7,74297.5,74300.7,74311.7,0.03455543,10
1790683320,74310.7,74341.8,74310.7,74331.9,74331.1,0.0833356,7
1790683380,74324.2,74332.1,74299.0,74299.0,74310.5,0.05065419,12
1790683440,74288.2,74327.3,74288.2,74327.3,74291.6,0.69561099,11
1790683500,74317.4,74317.4,74290.4,74294.8,74294.6,0.17626386,11
1790683560,74291.3,74293.3,74243.1,74243.1,74291.0,0.13228026,9
1790683620,74240.6,74255.8,74240.6,74240.6,74247.6,0.02834469,6
1790683680,74248.9,74248.9,74236.0,74236.0,74242.7,0.02783842,7
1790683740,74236.0,74258.5,74220.1,74255.8,74237.1,0.33245998,15
1790683800,74255.7,74256.7,74252.7,74253.7,74255.5,0.28444325,9
1790683860,74244.9,74244.9,74240.0,74240.0,74241.1,0.03696973,10
1790683920,74258.2,74263.3,74244.1,74244.1,74258.3,0.11259946,8
1790683980,74246.5,74285.4,74246.5,74285.4,74267.5,0.02578487,6
1790684040,74278.4,74281.0,74247.9,74247.9,74261.3,0.03484545,7
1790684100,74252.1,74289.0,74252.1,74270.3,74280.2,0.04475804,10
1790684160,74271.8,74284.5,74267.1,74284.5,74274.1,0.01516802,5
1790684220,74313.2,74346.3,74298.7,74346.3,74309.4,0.27295721,16
1790684280,74363.1,74394.5,74315.9,74331.7,74329.1,0.5474433,15
1790684340,74304.6,74304.6,74200.0,74201.1,74242.6,0.43974805,16
1790684400,74212.7,74216.8,74160.9,74193.6,74202.8,0.15370502,32
1790684460,74201.0,74212.2,74168.3,74168.3,74203.8,0.27895795,29
1790684520,74168.3,74202.8,74158.4,74202.7,74170.2,0.08510469,17
1790684580,74176.2,74186.5,74172.0,74172.0,74180.6,0.90275831,15
1790684640,74183.0,74183.0,74138.9,74138.9,74168.2,0.07183555,14
1790684700,74137.8,74137.8,74115.0,74115.0,74118.8,0.01162678,12
1790684760,74115.0,74151.4,74105.7,74143.6,74114.3,0.65545632,27
1790684820,74145.1,74171.4,74135.4,74135.4,74159.1,0.04901412,11
1790684880,74157.7,74165.8,74139.4,74139.4,74160.2,0.14542315,11
1790684940,74153.7,74161.0,74153.6,74161.0,74155.3,0.00993063,4
1790685000,74172.4,74197.3,74168.1,74194.5,74185.2,0.06549694,15
1790685060,74194.3,74205.5,74182.8,74205.5,74199.4,0.03396624,9
1790685120,74206.4,74231.6,74195.1,74215.6,74217.6,0.09601203,23
1790685180,74215.6,74215.6,74196.8,74196.8,74202.6,0.27360143,19
1790685240,74217.6,74254.2,74217.6,74254.2,74227.8,0.08930884,8
1790685300,74265.4,74306.6,74265.4,74267.1,74277.7,0.0648906,20
1790685360,74282.1,74289.2,74267.6,74279.5,74282.1,0.04296617,13
1790685420,74289.3,74388.8,74289.3,74388.8,74349.8,0.29848886,12
1790685480,74400.0,74426.0,74400.0,74426.0,74403.4,0.13583936,8
1790685540,74431.1,74431.1,74380.0,74380.0,74411.3,0.02286444,10
1790685600,74359.3,74359.3,74333.4,74353.9,74351.4,0.02493732,8
1790685660,74368.6,74379.8,74356.1,74356.1,74358.9,0.86684023,8
1790685720,74373.5,74374.5,74329.8,74346.8,74367.3,0.05743642,10
1790685780,74333.4,74333.4,74320.7,74320.7,74322.9,0.25696401,13
1790685840,74317.7,74317.7,74305.7,74311.8,74306.4,0.05904183,6
1790685900,74313.8,74327.8,74255.6,74255.6,74319.7,0.03455489,10
1790685960,74261.4,74263.4,74244.4,74253.5,74253.3,0.01295196,11
1790686020,74268.8,74296.6,74268.8,74296.6,74289.3,0.698899,13
1790686080,74283.1,74294.4,74265.0,74285.0,74273.0,0.110003,16
1790686140,74288.5,74288.5,74264.5,74281.0,74282.9,0.01887529,4
1790686200,74270.2,74270.2,74249.5,74249.5,74267.2,0.23345846,8
1790686260,74253.8,74270.2,74246.8,74270.2,74258.5,0.14365233,13
1790686320,74277.0,74315.2,74277.0,74313.7,74287.1,0.23140775,15
1790686380,74305.9,74307.1,74277.0,74277.0,74291.4,0.02385625,8
1790686440,74284.5,74299.8,74284.5,74299.8,74297.8,0.0136621,6
1790686500,74318.7,74322.3,74297.9,74302.6,74316.9,0.36076397,14
1790686560,74315.7,74349.9,74315.7,74334.9,74341.8,0.17713491,12
1790686620,74334.9,74338.9,74334.1,74338.9,74334.9,0.07735906,13
1790686680,74339.0,74339.0,74309.9,74311.6,74321.0,0.07248214,16
1790686740,74312.5,74322.3,74312.5,74322.3,74320.5,0.00670782,4
1790686800,74322.3,74341.4,74312.4,74312.4,74329.8,0.15609667,16
1790686860,74300.0,74300.0,74260.7,74299.0,74296.8,0.47036452,9
1790686920,74297.3,74309.1,74294.5,74309.1,74298.0,0.00746647,8
1790686980,74305.0,74305.0,74260.4,74260.4,74297.7,0.04140073,9
1790687040,74262.6,74279.1,74254.3,74279.1,74260.2,0.01498437,7
1790687100,74291.7,74322.1,74291.7,74310.6,74305.0,0.04411351,15
1790687160,74312.0,74314.2,74301.0,74312.7,74304.3,0.01045352,11
1790687220,74312.8,74336.7,74312.8,74336.7,74334.3,0.04510683,6
1790687280,74337.9,74365.0,74337.9,74363.8,74348.2,0.18693739,12
1790687340,74380.2,74399.9,74380.2,74399.9,74386.3,0.22673192,7
1790687400,74411.8,74411.8,74392.0,74398.8,74403.9,0.02944561,11
1790687460,74386.4,74403.8,74362.7,74403.8,74376.1,1.66524186,27
1790687520,74403.8,74403.8,74390.1,74390.1,74391.1,0.03794511,9
1790687580,74390.1,74390.1,74370.1,74370.1,74389.5,0.08947171,5
1790687640,74395.8,74395.8,74379.4,74379.4,74389.4,0.0368234,10
1790687700,74380.6,74386.3,74331.1,74352.3,74370.1,0.22036451,13
1790687760,74354.1,74375.5,74354.1,74375.5,74365.4,0.49809297,11
1790687820,74370.0,74379.8,74370.0,74379.8,74374.7,0.26325602,11
1790687880,74399.0,74403.8,74386.3,74386.3,74403.1,0.05020286,8
1790687940,74389.0,74422.1,74389.0,74422.1,74404.1,0.09936023,5
1790688000,74429.0,74429.0,74415.2,74415.2,74421.0,0.42570807,14
1790688060,74418.1,74419.3,74418.1,74419.3,74418.1,0.00117139,2
1790688120,74418.0,74423.9,74412.8,74412.8,74416.2,0.39043971,11
1790688180,74423.0,74423.3,74423.0,74423.2,74423.0,0.03250424,4
1790688240,74423.2,74450.0,74423.2,74450.0,74432.3,0.04265885,16
1790688300,74459.3,74513.0,74390.0,74390.0,74458.3,3.09623308,74
1790688360,74381.0,74387.4,74360.0,74386.2,74372.1,0.1678745,13
1790688420,74381.6,74404.8,74362.4,74404.8,74377.8,0.30267942,9
1790688480,74400.0,74400.1,74350.0,74350.0,74374.0,0.85504978,18
1790688540,74350.0,74368.1,74333.6,74358.6,74353.3,0.06572476,10
1790688600,74338.7,74338.7,74214.8,74227.9,74279.7,3.41415987,34
1790688660,74267.2,74284.0,74222.2,74235.0,74261.6,0.57596219,14
1790688720,74251.5,74256.9,74177.4,74177.4,74218.1,0.46340798,16
1790688780,74145.5,74187.4,74111.9,74111.9,74145.4,0.25232733,26
1790688840,74109.0,74172.3,74086.5,74170.8,74152.5,1.18447705,19
1790688900,74169.5,74178.3,74073.6,74073.6,74116.8,0.39362402,13
1790688960,74085.2,74153.6,74081.6,74153.6,74099.7,0.05970855,7
1790689020,74160.7,74205.5,74160.5,74197.0,74170.7,0.02722895,6
1790689080,74168.7,74195.6,74149.3,74195.6,74186.9,0.0152213,5
1790689140,74222.4,74262.8,74222.4,74250.9,74248.5,0.09624664,9
1790689200,74249.5,74249.5,74185.2,74186.6,74203.9,0.21012553,10
1790689260,74188.6,74235.9,74188.6,74235.9,74228.9,1.65281322,21
1790689320,74222.6,74265.0,74222.6,74240.3,74245.8,0.02075499,8
1790689380,74238.8,74298.1,74210.2,74210.2,74236.4,0.12025476,11
1790689440,74214.1,74234.2,74214.1,74215.9,74233.2,0.00526845,4
1790689500,74245.4,74252.8,74212.6,74212.6,74237.6,0.0251507,16
1790689560,74200.1,74230.6,74147.4,74147.4,74164.2,0.25450968,13
1790689620,74134.3,74191.6,74118.8,74174.1,74184.7,0.29231034,14
1790689680,74167.9,74167.9,74118.2,74137.8,74135.8,1.07544161,26
1790689740,74113.6,74194.4,74113.6,74160.4,74166.5,5.9229549,46
1790689800,74213.9,74221.6,74159.7,74196.2,74193.5,0.79418111,14
1790689860,74201.6,74226.6,74201.6,74221.8,74218.6,0.03768479,11
1790689920,74223.7,74308.4,74223.7,74296.0,74279.0,0.67981144,12
1790689980,74307.7,74349.0,74304.7,74331.5,74332.1,0.0301376,8
1790690040,74348.8,74384.0,74348.8,74384.0,74361.5,0.0504285,9
1790690100,74383.7,74421.7,74383.7,74421.7,74391.5,0.13067672,6
1790690160,74433.0,74436.7,74375.9,74375.9,74395.3,0.05257863,11
1790690220,74359.1,74365.9,74310.2,74316.5,74351.9,0.07895323,9
1790690280,74301.1,74301.1,74265.2,74272.9,74287.1,0.04655899,7
1790690340,74269.1,74269.1,74250.0,74250.0,74257.4,0.06971193,11
1790690400,74244.2,74292.1,74233.8,74292.1,74267.1,0.53956618,16
1790690460,74260.3,74276.8,74169.5,74169.5,74212.0,0.10682236,8
1790690520,74134.8,74134.8,74051.6,74069.6,74080.0,0.78243501,38
1790690580,74067.8,74126.4,74035.4,74120.2,74075.1,0.57498363,29
1790690640,74099.1,74099.1,74026.9,74033.8,74060.0,0.06525581,10
1790690700,74042.1,74045.7,74020.9,74028.3,74027.6,0.20993593,22
1790690760,74030.7,74030.7,73929.0,73950.9,73996.2,1.60316485,46
1790690820,73964.0,73980.9,73964.0,73974.1,73980.1,0.13536692,6
1790690880,73981.7,74045.3,73981.7,74020.5,74010.7,0.03392558,10
1790690940,73977.3,73977.3,73950.2,73950.2,73955.7,0.04462694,8
1790691000,73948.5,74005.9,73923.8,74005.9,73949.2,0.08346806,11
1790691060,74013.3,74014.1,73944.6,73964.6,73977.5,0.15156237,20
1790691120,73964.6,73964.6,73924.3,73948.0,73949.9,0.12221561,16
1790691180,73958.0,73998.5,73958.0,73976.5,73981.0,0.1916117,10
1790691240,73978.1,74005.8,73959.9,73959.9,73982.6,0.30957186,13
1790691300,73963.0,73964.6,73937.4,73956.9,73955.7,0.09448579,9
1790691360,73956.6,73957.8,73921.8,73932.6,73942.6,0.13607323,22
1790691420,73958.2,74009.4,73957.1,73999.4,73974.6,2.58906334,27
1790691480,73996.8,74026.9,73996.8,74025.5,74004.4,0.11295835,6
1790691540,74053.3,74095.6,74053.3,74079.6,74083.8,0.12841031,9
1790691600,74099.9,74122.1,73985.7,73985.7,74075.6,1.29396086,40
1790691660,73959.7,73988.8,73930.2,73988.8,73975.2,0.33217651,22
1790691720,73986.2,73998.6,73965.2,73998.6,73993.2,0.27497092,11
1790691780,74017.8,74017.8,73948.1,73985.5,73977.8,0.33467304,25
1790691840,73985.2,73985.2,73940.0,73982.3,73949.5,0.57909335,17
1790691900,73978.5,74070.3,73962.7,74070.3,74045.1,0.28441509,10
1790691960,74081.5,74097.7,74081.5,74089.9,74088.9,0.35505202,9
1790692020,74104.8,74104.9,74089.0,74095.1,74100.5,0.13900997,13
1790692080,74102.0,74102.0,74036.7,74036.7,74072.9,0.16765875,13
1790692140,74018.1,74021.5,73982.6,73984.5,74007.3,0.11961182,21
1790692200,73972.7,73988.7,73945.8,73972.1,73981.2,0.26476367,21
1790692260,73995.5,74037.5,73992.6,74035.9,74003.1,0.67470634,13
1790692320,74012.4,74040.3,73975.6,73983.5,74016.3,0.02514133,10
1790692380,74010.8,74022.8,73967.1,73967.1,73986.6,0.32219937,18
1790692440,73988.2,73994.5,73968.5,73971.0,73987.4,0.06211221,14
1790692500,73959.4,73959.4,73900.0,73921.0,73930.5,0.06748083,13
1790692560,73941.1,73941.4,73859.1,73859.3,73892.8,0.5350163,19
1790692620,73873.0,73881.7,73840.0,73872.3,73846.0,1.22969037,20
1790692680,73893.2,73950.6,73893.2,73937.7,73928.6,0.04245707,4
1790692740,73928.0,73951.0,73928.0,73951.0,73933.9,0.09491922,10
1790692800,73962.8,74001.1,73955.3,73963.2,73973.6,2.91788906,36
1790692860,73975.4,74022.3,73975.3,74022.3,73985.7,0.24936189,10
1790692920,73989.4,74039.9,73989.3,74014.7,74006.6,0.17010161,18
1790692980,74004.9,74011.0,74000.0,74000.0,74000.0,3.02601052,14
1790693040,73939.2,73939.2,73914.1,73934.8,73935.2,0.25688014,12
1790693100,73948.6,74040.0,73948.6,74040.0,73989.8,0.20577247,13
1790693160,74033.7,74055.8,74019.7,74035.1,74025.1,0.08762243,7
1790693220,74018.5,74021.1,73966.8,73966.8,74011.7,1.05056949,20
1790693280,73966.8,74011.6,73966.8,74009.4,74001.2,0.22944442,9
1790693340,73974.0,73974.0,73870.6,73877.9,73912.9,0.24863257,15
1790693400,73861.0,73863.1,73797.2,73846.5,73815.3,0.41700704,51
1790693460,73825.8,73949.2,73825.8,73949.1,73870.8,0.28995293,24
1790693520,73925.7,73957.6,73906.0,73906.0,73949.8,0.48296194,17
1790693580,73907.5,73910.8,73900.0,73900.1,73900.0,3.93548963,12
1790693640,73900.1,73919.3,73900.0,73900.1,73900.0,1.05112453,20
1790693700,73909.6,73965.4,73909.6,73945.5,73932.2,0.46499162,28
1790693760,73935.1,73941.2,73935.1,73938.7,73938.9,0.12979824,7
1790693820,73942.8,73942.8,73909.6,73922.2,73932.7,0.0300254,5
1790693880,73943.9,73944.9,73915.5,73915.5,73925.8,0.14984121,11
1790693940,73912.0,73912.1,73841.0,73841.0,73897.4,1.20640328,11
1790694000,73842.2,73842.2,73788.0,73788.0,73812.0,1.13536109,20
1790694060,73788.0,73788.0,73733.9,73785.2,73781.1,0.52382737,28
1790694120,73793.8,73832.8,73769.3,73775.2,73793.7,0.05428322,11
1790694180,73756.0,73779.7,73756.0,73759.1,73773.0,0.3644835,19
1790694240,73750.0,73776.0,73737.6,73737.6,73759.1,0.05060413,8
1790694300,73720.0,73727.2,73640.4,73643.5,73694.1,0.29324087,25
1790694360,73627.7,73734.7,73619.7,73734.7,73679.7,0.6125317,30
1790694420,73729.5,73729.5,73650.0,73658.2,73669.0,0.35479574,18
1790694480,73671.2,73696.8,73630.1,73684.6,73657.2,0.37736762,27
1790694540,73695.2,73760.1,73695.2,73755.7,73733.6,0.02300691,6
1790694600,73735.9,73778.0,73735.9,73743.7,73751.8,0.34038686,10
1790694660,73676.3,73720.9,73676.3,73689.7,73695.4,0.05728936,9
1790694720,73697.1,73697.1,73577.6,73577.6,73643.3,1.36877524,23
1790694780,73564.0,73564.0,73529.6,73556.0,73548.8,0.29563335,17
1790694840,73549.1,73582.5,73521.3,73548.8,73561.5,0.1769912,14
1790694900,73570.1,73613.0,73570.1,73590.2,73597.0,0.14006082,12
1790694960,73615.3,73630.7,73612.9,73620.7,73618.7,0.04619832,15
1790695020,73612.0,73615.8,73565.9,73565.9,73603.2,0.27836706,15
1790695080,73539.2,73539.2,73456.5,73466.6,73503.9,2.14861733,49
1790695140,73459.9,73488.6,73459.9,73485.1,73462.2,0.0928739,7
1790695200,73458.5,73500.3,73431.7,73500.3,73484.2,1.18250162,27
1790695260,73442.9,73456.9,73415.8,73456.3,73427.4,0.11940872,19
1790695320,73471.0,73485.4,73429.0,73432.3,73441.2,0.41451884,12
1790695380,73429.0,73439.2,73359.7,73373.0,73397.1,0.59645039,27
1790695440,73355.4,73355.4,73259.8,73263.5,73280.6,1.44233933,44
1790695500,73259.6,73267.4,73206.3,73242.5,73229.7,1.73567882,37
1790695560,73246.4,73298.0,73243.1,73298.0,73261.3,0.18313337,9
1790695620,73249.7,73249.7,73185.6,73185.6,73205.9,0.95467659,49
1790695680,73185.6,73253.4,73169.4,73242.0,73219.3,0.349102,19
1790695740,73232.2,73256.8,73225.1,73225.1,73234.6,0.73415524,16
1790695800,73213.8,73309.2,73213.8,73259.6,73266.1,0.10675071,16
1790695860,73251.2,73282.9,73217.1,73282.9,73249.8,0.54177716,21
1790695920,73280.0,73369.7,73279.7,73369.7,73334.8,0.24978931,16
1790695980,73367.3,73408.1,73347.3,73350.8,73393.5,4.98757086,47
1790696040,73353.8,73364.8,73345.7,73355.5,73363.0,0.21454074,10
1790696100,73340.2,73381.6,73340.1,73380.4,73369.6,0.45033332,12
1790696160,73389.3,73394.5,73377.0,73377.0,73382.2,0.02454826,16
1790696220,73375.9,73397.9,73375.9,73382.6,73390.2,0.03906414,7
1790696280,73376.4,73382.5,73370.9,73370.9,73372.0,0.05912394,7
1790696340,73403.2,73409.9,73385.3,73409.9,73404.2,0.01645111,6
1790696400,73408.8,73426.5,73408.8,73426.5,73421.5,0.09617412,10
1790696460,73430.4,73447.1,73388.9,73389.0,73440.0,0.56629417,18
1790696520,73374.7,73404.5,73370.1,73387.5,73383.8,0.05037065,19
1790696580,73379.7,73379.7,73353.2,73365.1,73361.7,0.025552,10
1790696640,73360.0,73360.0,73353.2,73353.2,73354.8,0.01548925,10
1790696700,73378.9,73428.0,73378.9,73398.7,73399.6,2.47263708,29
1790696760,73396.8,73397.4,73319.8,73319.8,73356.4,0.48169165,15
1790696820,73308.3,73456.6,73300.2,73434.2,73440.6,0.30601001,14
1790696880,73444.8,73496.5,73434.5,73496.5,73481.4,0.14288251,10
1790696940,73493.8,73499.9,73446.7,73452.9,73475.3,0.10334626,10
1790697000,73447.2,73464.6,73325.9,73346.3,73367.5,1.07533771,32
1790697060,73357.0,73357.0,73342.7,73342.7,73351.6,0.00591137,3
1790697120,73346.3,73349.3,73285.4,73285.4,73293.3,0.32545502,7
1790697180,73276.9,73276.9,73200.0,73214.6,73222.1,0.1555331,16
1790697240,73200.0,73216.1,73161.9,73208.6,73194.2,1.14705774,42
1790697300,73223.7,73279.9,73222.8,73233.1,73257.9,0.1287665,13
1790697360,73237.0,73264.0,73237.0,73258.1,73252.1,0.09516966,9
1790697420,73269.1,73282.7,73220.2,73220.2,73237.5,0.36532107,21
1790697480,73208.3,73214.6,73194.3,73194.3,73206.7,0.11115632,9
1790697540,73186.3,73264.2,73186.2,73264.2,73205.7,0.3066963,17
1790697600,73274.2,73325.0,73271.6,73319.8,73299.1,0.31833721,30
1790697660,73316.4,73334.2,73309.9,73315.5,73328.7,0.6980802,14
1790697720,73316.0,73348.6,73303.8,73347.5,73321.8,0.03521644,6
1790697780,73332.5,73333.9,73300.1,73305.4,73322.5,0.49859005,16
1790697840,73300.1,73300.1,73268.9,73268.9,73298.9,0.57112793,9
1790697900,73266.0,73322.8,73265.9,73322.8,73267.7,0.50048342,25
1790697960,73304.2,73304.2,73253.7,73253.7,73273.7,0.20246462,16
1790698020,73250.0,73250.0,73200.1,73243.0,73218.1,1.56565927,21
1790698080,73247.5,73247.5,73217.5,73217.5,73227.9,0.19208946,14
1790698140,73208.0,73213.2,73200.1,73203.4,73205.5,0.06297936,11
1790698200,73237.8,73295.2,73237.8,73271.2,73289.3,1.28605939,18
1790698260,73268.2,73275.9,73236.2,73275.7,73273.8,0.02804658,6
1790698320,73259.9,73272.6,73257.6,73257.6,73258.1,0.14731593,13
1790698380,73251.8,73279.4,73251.8,73278.4,73256.6,0.04664139,5
1790698440,73236.8,73270.9,73207.2,73270.9,73225.9,0.32720749,10
1790698500,73270.8,73271.9,73244.1,73261.3,73267.8,0.0731269,10
1790698560,73255.6,73324.2,73236.5,73322.1,73293.7,0.13303407,19
1790698620,73366.1,73379.8,73351.5,73354.3,73371.8,0.27375277,12
1790698680,73340.6,73340.7,73321.1,73338.9,73338.3,0.02214465,7
1790698740,73347.0,73361.4,73319.9,73330.5,73356.4,0.04899289,9
1790698800,73330.6,73386.6,73330.6,73384.2,73336.2,0.09411704,11
1790698860,73374.6,73413.0,73374.6,73400.7,73387.2,0.06638039,13
1790698920,73396.2,73413.3,73388.7,73413.2,73390.8,0.15552101,7
1790698980,73412.0,73412.2,73385.5,73385.5,73409.7,0.05761476,8
1790699040,73414.9,73435.8,73410.3,73420.1,73419.7,0.02381003,9
1790699100,73420.0,73435.8,73398.5,73422.8,73429.5,0.17879643,16
1790699160,73431.1,73444.7,73431.1,73444.7,73435.4,0.03083245,7
1790699220,73461.4,73471.2,73461.4,73462.8,73463.4,0.03023654,6
1790699280,73479.9,73500.0,73471.1,73471.1,73496.3,0.26508083,11
1790699340,73462.8,73469.3,73462.8,73468.7,73465.2,0.13058305,4
1790699400,73466.7,73466.7,73416.8,73423.6,73434.3,0.2474084,24
1790699460,73400.0,73416.5,73375.7,73397.6,73395.7,0.15817257,8
1790699520,73385.2,73437.8,73385.2,73404.1,73407.4,0.0900352,10
1790699580,73402.3,73417.5,73391.2,73417.5,73393.0,0.04064775,6
1790699640,73413.6,73439.6,73411.7,73439.6,73417.4,0.02367753,10
1790699700,73439.6,73488.9,73439.6,73460.7,73471.3,0.13738157,7
1790699760,73455.8,73474.3,73446.4,73474.3,73456.6,0.02405852,6
1790699820,73471.7,73483.7,73458.5,73477.2,73460.8,0.01697061,6
1790699880,73479.0,73486.2,73465.7,73484.4,73477.9,0.14698433,12
1790699940,73477.2,73477.2,73418.2,73418.2,73441.1,0.12949059,10
1790700000,73415.0,73415.0,73380.1,73380.1,73406.8,0.01449637,8
1790700060,73382.2,73402.8,73332.3,73350.7,73344.9,1.85803432,23
1790700120,73330.2,73360.2,73330.2,73331.9,73335.7,0.06522926,11
1790700180,73329.1,73335.0,73300.0,73316.2,73327.3,0.23354102,20
1790700240,73315.4,73316.5,73300.0,73300.0,73310.0,0.10568055,11
1790700300,73301.6,73322.0,73272.4,73272.4,73301.4,0.25720773,14
1790700360,73268.9,73373.6,73268.9,73373.6,73342.0,0.81295947,12
1790700420,73359.3,73381.3,73350.0,73350.0,73351.2,2.96222209,12
1790700480,73330.0,73345.0,73312.3,73329.9,73327.3,0.10078099,11
1790700540,73338.7,73338.7,73297.7,73314.7,73315.9,0.03047678,10
1790700600,73324.4,73350.6,73319.9,73319.9,73325.7,0.0726407,6
1790700660,73364.2,73374.4,73350.0,73350.0,73367.0,0.02714133,9
1790700720,73323.9,73349.4,73300.5,73327.1,73346.2,0.5701196,17
1790700780,73309.5,73311.1,73269.2,73269.2,73292.5,0.2876611,17
1790700840,73268.9,73268.9,73260.3,73260.3,73268.1,0.02380531,6
1790700900,73254.9,73254.9,73254.0,73254.1,73254.1,0.05900914,6
1790700960,73254.1,73254.1,73231.7,73231.7,73236.2,0.03695476,6
1790701020,73245.7,73330.8,73245.7,73330.8,73296.0,0.29353145,21
1790701080,73354.9,73397.2,73353.9,73394.1,73376.7,0.39118436,14
1790701140,73379.3,73388.0,73378.4,73385.0,73383.3,0.04265107,6
1790701200,73390.8,73390.8,73352.3,73353.0,73384.6,0.01743794,16
1790701260,73354.0,73379.0,73350.5,73369.4,73357.4,0.08701537,6
1790701320,73371.0,73372.7,73356.4,73370.9,73369.7,0.03132858,11
1790701380,73362.0,73384.0,73360.0,73384.0,73360.3,0.27885033,11
1790701440,73399.1,73420.9,73399.1,73402.3,73401.4,0.06214692,7
1790701500,73394.6,73453.6,73394.6,73450.2,73420.6,0.2362924,12
1790701560,73450.4,73484.8,73450.4,73476.1,73463.8,0.5885413,13
1790701620,73475.6,73475.6,73457.5,73457.5,73464.4,0.03358941,4
1790701680,73458.5,73472.5,73458.5,73459.0,73459.0,0.05512843,4
1790701740,73476.6,73499.9,73471.9,73471.9,73486.1,0.57041411,13
1790701800,73470.2,73470.2,73452.8,73458.1,73466.4,0.1143885,9
1790701860,73458.7,73490.5,73435.5,73452.5,73479.7,1.46319592,16
1790701920,73437.9,73437.9,73410.0,73425.4,73433.1,0.75017255,12
1790701980,73421.4,73436.4,73417.9,73431.0,73434.2,0.1458023,16
1790702040,73430.9,73445.5,73430.9,73445.5,73441.7,0.26389377,11
1790702100,73469.0,73469.0,73448.6,73451.5,73466.1,0.01360207,8
1790702160,73445.7,73447.9,73400.0,73400.0,73423.9,0.02369423,5
1790702220,73393.7,73415.9,73382.4,73389.0,73405.4,0.03400674,11
1790702280,73406.6,73425.9,73406.6,73425.9,73415.5,0.01931902,4
1790702340,73407.5,73438.0,73407.5,73431.9,73428.2,0.26455335,10
1790702400,73441.8,73447.5,73421.7,73421.7,73444.7,0.03525199,5
1790702460,73418.7,73418.7,73382.3,73382.3,73384.6,0.01388668,6
1790702520,73365.5,73379.1,73364.4,73378.8,73366.3,0.0379925,8
1790702580,73397.8,73422.4,73396.2,73420.6,73416.3,0.02219683,7
1790702640,73418.6,73427.7,73417.8,73427.0,73422.9,0.04452006,12
1790702700,73428.9,73436.8,73425.1,73425.1,73431.6,0.0646438,11
1790702760,73425.1,73429.2,73419.8,73419.8,73425.1,0.02505427,9
1790702820,73429.1,73444.7,73414.1,73444.7,73426.2,0.00937475,10
1790702880,73444.7,73455.6,73421.3,73422.4,73442.6,0.18023906,17
1790702940,73419.7,73458.2,73419.7,73458.2,73427.9,0.08124665,8
1790703000,73475.4,73497.2,73473.9,73492.7,73483.7,0.06799345,14
1790703060,73499.5,73522.0,73499.5,73522.0,73500.2,0.1812644,13
1790703120,73516.3,73521.3,73478.8,73478.8,73504.9,0.71198939,13
1790703180,73511.3,73513.7,73498.3,73498.3,73502.8,0.00810009,6
1790703240,73514.9,73519.0,73494.9,73494.9,73509.5,0.0130592,3
1790703300,73480.4,73484.3,73432.7,73432.7,73478.3,0.16721642,11
1790703360,73439.3,73459.5,73439.0,73456.4,73455.5,0.15362335,10
1790703420,73439.6,73452.5,73438.1,73438.1,73449.7,0.01967493,9
1790703480,73448.9,73448.9,73429.7,73429.7,73446.5,0.01482629,5
1790703540,73422.4,73453.5,73422.4,73446.5,73441.9,0.17231979,11
1790703600,73448.9,73473.7,73448.9,73455.5,73455.5,0.05510944,12
1790703660,73464.7,73489.5,73464.7,73476.5,73467.8,0.08240788,5
1790703720,73476.5,73476.5,73455.2,73456.8,73471.6,0.16445171,7
1790703780,73460.3,73460.3,73449.0,73449.0,73453.2,0.01266904,4
1790703840,73452.8,73454.9,73451.7,73451.7,73452.1,0.03580026,5
1790703900,73443.9,73487.2,73443.9,73461.4,73477.8,1.06406708,27
1790703960,73454.3,73454.3,73408.1,73409.2,73426.7,0.0515527,16
1790704020,73400.0,73412.1,73384.2,73403.8,73398.6,0.09344698,10
1790704080,73394.2,73414.3,73393.2,73414.3,73405.1,0.00697704,6
1790704140,73414.2,73414.2,73380.1,73380.1,73402.1,0.20623295,8
1790704200,73383.5,73387.2,73375.4,73375.4,73384.4,0.03380965,7
1790704260,73353.0,73366.5,73306.6,73366.5,73351.4,0.17009903,14
1790704320,73357.8,73377.2,73357.8,73377.2,73373.7,0.01349088,8
1790704380,73379.5,73379.5,73331.8,73356.8,73349.8,0.96075868,10
1790704440,73356.8,73384.2,73354.1,73382.0,73363.8,0.14923276,15
1790704500,73363.6,73363.6,73357.8,73357.8,73360.7,0.0539586,10
1790704560,73369.0,73369.0,73338.4,73338.4,73361.9,0.01044632,4
1790704620,73342.1,73353.4,73341.2,73348.4,73343.7,0.01230939,6
1790704680,73343.5,73343.5,73314.4,73324.7,73318.4,0.14413661,14
1790704740,73351.4,73351.6,73350.5,73351.6,73351.0,0.02876697,3
1790704800,73403.8,73517.6,73403.5,73512.5,73433.6,0.40038071,28
1790704860,73520.0,73549.7,73480.9,73483.1,73506.3,0.27154407,15
1790704920,73484.3,73500.6,73474.2,73485.2,73484.3,3.2753344,12
1790704980,73485.3,73485.3,73456.9,73470.0,73485.1,7.67383545,13
1790705040,73462.5,73519.5,73462.5,73518.6,73511.7,1.9932216,22
1790705100,73495.7,73548.0,73481.9,73534.8,73527.7,0.83418125,16
1790705160,73529.1,73583.5,73529.1,73572.8,73569.3,0.71113378,18
1790705220,73608.4,73608.4,73543.0,73543.0,73555.6,0.05166195,7
1790705280,73541.5,73541.5,73519.7,73519.7,73530.5,0.05078512,7
1790705340,73549.1,73549.8,73524.4,73525.5,73538.5,0.10377123,7
1790705400,73507.2,73523.7,73501.0,73511.6,73517.4,0.02540716,13
1790705460,73523.6,73524.5,73510.9,73510.9,73522.7,0.06572075,10
1790705520,73516.6,73545.6,73513.7,73545.6,73528.6,0.02822666,12
1790705580,73547.5,73568.0,73540.9,73568.0,73560.7,0.0544882,5
1790705640,73573.2,73573.3,73567.8,73569.2,73568.7,0.00763698,5
1790705700,73579.0,73622.1,73579.0,73606.5,73587.9,0.06805306,11
1790705760,73616.8,73628.8,73616.8,73624.5,73618.2,0.11510937,7
1790705820,73611.0,73611.0,73550.0,73568.1,73569.5,0.03450635,9
1790705880,73559.1,73560.6,73551.6,73560.3,73559.1,0.11202477,10
1790705940,73552.4,73563.0,73552.4,73556.8,73554.3,0.00519748,4
1790706000,73562.9,73576.8,73556.0,73576.8,73564.2,0.40890027,20
1790706060,73595.5,73602.7,73581.5,73602.7,73587.2,0.2796119,8
1790706120,73611.3,73628.9,73590.9,73628.9,73606.6,0.71504519,8
1790706180,73648.3,73648.3,73630.1,73630.1,73646.8,0.02122417,4
1790706240,73643.0,73643.0,73636.6,73638.2,73642.8,0.01490141,6
1790706300,73630.9,73641.4,73630.8,73630.8,73633.0,0.03552941,7
1790706360,73617.9,73620.1,73592.8,73592.8,73616.8,0.06438734,8
1790706420,73581.9,73596.8,73581.9,73586.9,73590.2,0.01399175,7
1790706480,73597.7,73607.0,73591.3,73606.0,73601.8,0.0688374,7
1790706540,73593.9,73593.9,73568.0,73568.0,73581.1,0.36990587,10
1790706600,73566.5,73633.4,73566.4,73618.9,73601.8,1.09055519,40
1790706660,73634.1,73634.1,73597.3,73616.0,73629.0,0.16394949,9
1790706720,73637.5,73685.8,73637.5,73685.8,73667.7,0.08583726,13
1790706780,73686.8,73693.7,73686.8,73690.0,73690.1,0.04138973,7
1790706840,73688.1,73708.6,73687.2,73708.6,73697.0,0.03277154,9
1790706900,73706.0,73706.0,73674.2,73674.2,73696.0,0.03673635,11
1790706960,73676.3,73692.6,73670.1,73692.6,73672.5,0.07151453,9
1790707020,73692.5,73692.5,73679.1,73679.1,73690.0,0.00543043,4
1790707080,73670.1,73689.9,73670.1,73689.9,73679.5,0.01395282,4
1790707140,73678.0,73693.5,73670.0,73670.0,73674.2,0.1152546,5
1790707200,73663.4,73694.9,73663.2,73694.9,73665.8,0.06158015,4
1790707260,73724.1,73756.8,73724.1,73756.5,73740.8,0.02704816,5
1790707320,73763.6,73770.0,73760.2,73769.9,73768.8,0.02884719,6
1790707380,73754.1,73777.2,73752.5,73755.1,73770.6,0.5718849,5
1790707440,73755.0,73761.7,73729.0,73729.0,73740.9,0.09851954,9
1790707500,73719.2,73756.5,73719.2,73751.5,73726.6,0.03447969,12
1790707560,73751.2,73758.5,73739.6,73739.6,73750.4,0.01446336,5
1790707620,73735.1,73735.1,73698.6,73713.5,73727.7,0.04688856,8
1790707680,73712.8,73724.2,73712.8,73724.2,73716.9,0.01957547,6
1790707740,73740.5,73740.5,73734.0,73735.6,73735.2,0.1148858,5
1790707800,73752.0,73752.0,73719.4,73719.4,73729.7,0.02350559,4
1790707860,73731.1,73751.7,73730.2,73751.7,73730.8,0.02297339,5
1790707920,73757.0,73757.0,73757.0,73757.0,73757.0,0.02799171,2
1790707980,73759.1,73760.6,73759.1,73759.7,73760.5,0.25362029,3
1790708040,73724.9,73727.8,73721.9,73721.9,73726.1,0.00836856,8
1790708100,73718.6,73718.6,73718.5,73718.6,73718.5,0.00826962,6
1790708160,73718.6,73718.6,73718.6,73718.6,73718.6,0.01003727,3
1790708220,73718.6,73718.6,73718.5,73718.6,73718.5,0.0068393,6
1790708280,73718.6,73718.6,73710.0,73716.1,73715.9,0.02977642,9
1790708340,73717.7,73738.1,73717.7,73730.8,73720.6,0.00326282,3
1790708400,73723.5,73732.4,73717.2,73717.2,73724.7,0.02572781,24
1790708460,73727.3,73727.3,73702.9,73703.0,73709.7,0.18508358,6
1790708520,73709.7,73740.5,73707.1,73740.5,73736.0,0.00728414,5
1790708580,73733.5,73740.5,73728.5,73732.9,73738.8,0.01411381,8
1790708640,73717.5,73750.0,73717.5,73738.4,73744.5,2.48055659,14
1790708700,73736.9,73736.9,73736.8,73736.8,73736.8,0.05120035,3
1790708760,73735.9,73763.4,73735.8,73763.4,73741.5,0.4694604,7
1790708820,73764.4,73764.4,73761.8,73761.8,73763.7,0.00580666,2
1790708880,73774.0,73774.0,73764.9,73767.0,73768.8,0.00665544,3
1790708940,73746.4,73762.6,73745.5,73750.4,73746.2,0.40900266,16
1790709000,73745.7,73745.7,73740.7,73742.3,73741.7,0.16221507,11
1790709060,73754.3,73754.3,73737.1,73737.1,73747.3,0.01308791,5
1790709120,73737.1,73737.1,73712.8,73712.8,73731.0,0.05146184,8
1790709180,73708.5,73708.5,73700.5,73700.5,73705.4,0.01091306,5
1790709240,73700.1,73708.0,73684.4,73692.4,73691.4,0.55232957,13
1790709300,73692.9,73719.3,73682.9,73685.4,73695.6,0.18529792,23
1790709360,73688.6,73702.1,73677.6,73677.6,73686.2,0.08320392,16
1790709420,73680.6,73719.5,73677.6,73719.5,73694.5,0.0734214,6
1790709480,73724.8,73750.4,73721.9,73750.4,73733.6,0.33913782,9
1790709540,73732.0,73734.8,73713.5,73734.8,73725.2,0.02719062,6
1790709600,73733.8,73733.8,73714.0,73718.2,73720.3,0.04424434,16
1790709660,73712.3,73712.3,73707.8,73711.6,73709.8,0.35883109,17
1790709720,73711.6,73711.6,73700.1,73707.6,73704.7,0.09269488,5
1790709780,73709.4,73709.4,73708.4,73708.4,73709.3,0.03459953,4
1790709840,73723.1,73723.1,73707.6,73709.4,73718.2,0.01719497,6
1790709900,73711.9,73717.9,73709.0,73715.2,73714.8,0.09853141,13
1790709960,73703.7,73703.7,73700.0,73700.0,73700.5,0.00756516,7
1790710020,73681.9,73681.9,73662.1,73670.5,73671.1,0.07601854,8
1790710080,73670.6,73670.6,73648.4,73651.6,73649.7,0.13399921,9
1790710140,73648.7,73648.7,73647.3,73647.3,73647.7,0.00440502,2
1790710200,73649.6,73659.8,73627.4,73659.8,73632.5,0.04730501,10
1790710260,73667.5,73679.0,73667.4,73679.0,73672.1,0.00865104,3
1790710320,73668.7,73713.2,73668.7,73713.2,73682.8,0.02797859,10
1790710380,73711.5,73711.5,73697.6,73697.8,73710.7,0.05045479,4
1790710440,73699.6,73702.0,73690.0,73694.2,73698.9,0.06846812,7
1790710500,73690.8,73690.8,73683.5,73683.5,73689.7,0.10271574,14
1790710560,73670.0,73670.0,73654.1,73660.2,73658.1,0.01500382,6
1790710620,73661.5,73665.1,73654.0,73654.0,73658.3,0.01476115,5
1790710680,73650.0,73661.3,73636.0,73644.1,73641.2,0.15990464,13
1790710740,73648.9,73648.9,73636.6,73642.0,73648.3,0.04290309,5
1790710800,73641.1,73642.8,73600.0,73600.0,73617.5,0.11037706,14
1790710860,73605.5,73606.3,73603.6,73603.7,73603.8,0.10135201,9
1790710920,73615.7,73616.7,73592.6,73612.7,73606.9,0.0636154,7
1790710980,73612.8,73614.0,73612.8,73613.1,73613.3,0.06316734,4
1790711040,73612.6,73612.6,73564.8,73564.8,73599.3,0.02511484,9
1790711100,73560.0,73563.0,73550.2,73550.2,73553.1,0.05305488,15
1790711160,73550.1,73596.6,73550.1,73596.6,73562.3,0.34432973,14
1790711220,73601.3,73729.0,73585.1,73707.6,73633.9,0.41881238,24
1790711280,73737.0,73746.2,73651.9,73658.5,73716.5,0.19172602,15
1790711340,73667.4,73723.1,73654.3,73683.9,73697.9,0.25455444,13
1790711400,73684.8,73700.9,73650.3,73689.5,73684.7,0.68191778,21
1790711460,73688.7,73737.7,73688.7,73737.7,73703.1,0.0176852,6
1790711520,73742.2,73752.5,73711.9,73711.9,73743.2,0.02478216,7
1790711580,73686.3,73686.3,73677.3,73678.2,73680.5,0.01181389,4
1790711640,73696.4,73696.4,73671.0,73671.3,73675.8,0.0825481,13
1790711700,73669.0,73682.8,73656.7,73682.8,73669.2,0.09255933,10
1790711760,73709.8,73724.6,73693.9,73693.9,73702.9,0.03065683,10
1790711820,73703.9,73709.9,73703.8,73706.3,73705.0,0.01532649,5
1790711880,73706.4,73721.0,73702.6,73702.6,73710.2,0.01886143,6
1790711940,73700.0,73700.7,73689.9,73700.7,73695.9,0.03644768,9
1790712000,73708.9,73708.9,73672.8,73692.7,73682.4,0.0470977,23
1790712060,73700.1,73706.5,73700.1,73702.9,73706.2,0.01135606,4
1790712120,73643.6,73644.0,73634.7,73640.8,73640.4,0.08415253,8
1790712180,73654.3,73654.3,73647.3,73649.8,73651.5,0.00999386,8
1790712240,73649.6,73661.5,73647.1,73651.1,73655.3,0.26769944,8
1790712300,73647.3,73679.6,73645.5,73679.5,73657.4,0.08506094,18
1790712360,73679.6,73691.0,73679.6,73681.7,73682.0,0.02000304,11
1790712420,73680.6,73699.0,73680.6,73699.0,73681.4,0.13174458,6
1790712480,73699.0,73699.0,73686.0,73686.0,73695.5,0.00873471,6
1790712540,73700.0,73700.2,73645.6,73645.6,73689.6,0.05321371,7
1790712600,73647.1,73651.8,73637.4,73651.8,73648.4,0.00871865,6
1790712660,73648.8,73648.8,73639.1,73645.4,73643.8,0.0715975,5
1790712720,73659.3,73668.4,73659.3,73668.4,73659.4,0.0126315,5
1790712780,73678.3,73682.8,73678.2,73681.3,73679.1,0.02462403,6
1790712840,73683.4,73694.5,73683.1,73694.5,73684.3,0.02558349,5
1790712900,73670.0,73682.7,73670.0,73682.7,73680.3,0.07616297,13
1790712960,73690.5,73701.1,73690.5,73701.1,73690.9,0.00602072,3
1790713020,73702.4,73715.8,73702.4,73715.8,73711.3,0.09469376,13
1790713080,73726.4,73729.8,73726.2,73729.8,73726.4,0.0042711,4
1790713140,73740.6,73752.4,73740.6,73750.4,73746.0,0.06732984,7
1790713200,73749.3,73754.8,73749.3,73751.0,73751.1,0.00662255,5
1790713260,73750.9,73751.0,73749.2,73749.2,73750.8,0.02414356,8
1790713320,73749.2,73749.2,73746.9,73746.9,73748.2,0.05523563,9
1790713380,73747.0,73749.1,73747.0,73747.6,73748.4,0.2357097,7
1790713440,73747.7,73747.7,73739.2,73739.3,73741.1,0.03861127,8
1790713500,73739.3,73739.3,73731.5,73731.7,73738.8,0.05699666,6
1790713560,73733.0,73763.2,73733.0,73763.2,73752.0,0.22378318,10
1790713620,73769.4,73774.1,73769.4,73772.1,73772.2,0.05114199,9
1790713680,73770.7,73770.7,73755.9,73755.9,73768.9,0.02798408,6
1790713740,73761.7,73763.1,73761.1,73761.2,73761.7,0.01056815,6
1790713800,73761.2,73761.2,73743.7,73743.7,73747.9,0.72989045,17
1790713860,73741.4,73741.4,73735.0,73735.0,73737.8,0.17647966,6
1790713920,73720.2,73720.2,73717.2,73719.3,73717.4,0.09007468,9
1790713980,73720.3,73732.8,73720.3,73731.1,73722.2,0.06522841,6
1790714040,73729.4,73729.9,73710.0,73710.0,73724.9,0.8202825,5
1790714100,73707.9,73724.3,73704.9,73724.3,73710.9,0.00526516,4
1790714160,73727.8,73729.3,73715.7,73715.7,73727.6,0.00907198,11
1790714220,73719.1,73720.5,73719.1,73720.5,73719.1,0.01394959,3
1790714280,73716.1,73717.4,73716.0,73716.0,73716.2,0.0344472,5
1790714340,73709.2,73732.0,73709.2,73732.0,73711.1,0.00142876,4
1790714400,73732.0,73740.3,73732.0,73740.2,73732.8,0.14690209,5
1790714460,73740.2,73740.7,73740.2,73740.7,73740.3,0.00754482,3
1790714520,73748.6,73748.6,73745.2,73746.6,73747.2,0.03258985,6
1790714580,73755.9,73757.2,73747.4,73747.5,73748.7,0.01123381,6
1790714640,73747.5,73750.9,73742.6,73743.9,73746.7,0.06562527,11
1790714700,73747.3,73747.3,73727.5,73727.5,73745.5,0.05739068,12
1790714760,73727.5,73731.1,73727.5,73731.1,73727.5,0.01777458,4
1790714820,73726.8,73738.0,73723.8,73738.0,73726.0,0.15863845,15
1790714880,73737.7,73743.2,73737.7,73743.1,73742.0,0.01181593,4
1790714940,73743.1,73747.7,73743.1,73747.4,73744.0,0.0129981,4
1790715000,73747.3,73747.3,73747.0,73747.0,73747.2,0.01701691,4
1790715060,73747.3,73747.4,73747.3,73747.4,73747.3,0.00315502,3
1790715120,73747.4,73749.5,73747.3,73749.4,73748.3,0.02741187,5
1790715180,73751.5,73753.0,73749.0,73749.0,73752.9,0.02139225,6
1790715240,73749.1,73749.1,73744.1,73744.1,73748.9,0.14325141,6
1790715300,73727.4,73732.5,73727.4,73732.5,73728.9,0.07168499,4
1790715360,73734.0,73734.0,73719.5,73719.5,73727.6,0.0911798,9
1790715420,73718.0,73723.8,73710.9,73723.8,73712.6,0.05994227,15
1790715480,73723.7,73738.9,73723.7,73734.8,73725.4,0.04256369,5
1790715540,73736.5,73736.6,73711.6,73711.6,73724.0,0.71246913,5
1790715600,73710.9,73710.9,73706.0,73709.2,73710.1,0.06910403,16
1790715660,73710.3,73710.4,73706.6,73706.6,73710.0,0.02180046,5
1790715720,73699.0,73699.0,73669.6,73669.6,73677.1,0.06908817,10
1790715780,73666.1,73666.1,73624.6,73644.6,73660.5,0.21202687,11
1790715840,73637.6,73678.8,73633.1,73649.2,73644.4,0.19645331,21
1790715900,73647.8,73647.8,73633.4,73633.4,73645.2,0.01681073,3
1790715960,73626.0,73650.4,73626.0,73650.4,73627.1,0.2049021,8
1790716020,73640.3,73640.3,73640.2,73640.2,73640.2,0.00296436,5
1790716080,73640.3,73640.3,73632.8,73632.8,73640.0,0.00359788,3
1790716140,73632.7,73640.3,73624.9,73640.3,73630.7,0.94659844,12
1790716200,73653.2,73657.0,73653.2,73656.9,73653.5,0.06077382,6
1790716260,73642.2,73642.2,73642.1,73642.1,73642.1,0.00547178,2
1790716320,73642.1,73651.3,73642.1,73651.3,73643.1,0.06073268,7
1790716380,73651.3,73657.0,73640.4,73657.0,73642.9,0.18240591,19
1790716440,73666.5,73672.9,73666.5,73667.3,73667.6,0.02987602,4
1790716500,73667.2,73667.2,73622.3,73629.7,73659.9,1.04703263,27
1790716560,73622.9,73630.4,73622.9,73630.4,73630.1,0.09755225,2
1790716620,73627.3,73627.3,73619.8,73619.8,73625.1,0.02564926,3
1790716680,73613.7,73613.7,73595.1,73598.0,73610.6,0.32844975,15
1790716740,73597.9,73597.9,73596.9,73596.9,73597.7,0.00057488,4
1790716800,73595.0,73595.0,73562.9,73564.3,73579.4,0.32351887,11
1790716860,73565.7,73579.3,73565.7,73579.3,73576.4,0.02375911,6
1790716920,73558.5,73559.5,73558.5,73558.5,73558.5,0.00862795,4
1790716980,73558.4,73558.5,73550.8,73555.4,73558.3,0.01858054,5
1790717040,73555.4,73555.4,73550.4,73550.4,73555.0,0.01519603,6
1790717100,73550.4,73560.1,73523.4,73560.1,73532.0,0.24613395,9
1790717160,73558.1,73558.1,73511.2,73511.2,73554.7,0.0672248,5
1790717220,73500.0,73505.0,73500.0,73500.1,73500.0,0.03888702,5
1790717280,73501.5,73501.5,73500.2,73500.2,73501.4,0.00989131,4
1790717340,73511.8,73530.8,73508.4,73530.8,73511.7,0.23505002,10
1790717400,73530.9,73530.9,73530.8,73530.9,73530.8,0.0533375,10
1790717460,73530.9,73545.6,73530.9,73531.6,73535.7,0.01618365,5
1790717520,73530.7,73530.8,73521.5,73521.5,73529.2,0.0091744,5
1790717580,73530.8,73549.6,73530.8,73549.6,73543.4,0.17895425,9
1790717640,73561.6,73561.6,73559.7,73559.7,73560.7,0.00954723,3
1790717700,73570.4,73576.9,73563.3,73566.5,73572.6,0.01378211,5
1790717760,73566.1,73571.2,73566.1,73570.2,73569.4,0.00901304,5
1790717820,73570.2,73571.2,73570.2,73571.2,73570.5,0.01680698,3
1790717880,73565.3,73565.3,73563.1,73563.2,73563.8,0.0172996,13
1790717940,73563.7,73576.3,73563.5,73576.3,73566.4,0.01598284,6
1790718000,73576.3,73600.0,73569.0,73599.9,73580.6,1.24525818,27
1790718060,73600.0,73613.5,73600.0,73613.5,73600.4,0.04223117,6
1790718120,73613.5,73621.6,73613.5,73621.6,73615.8,0.06545245,6
1790718180,73625.8,73626.7,73615.0,73615.0,73620.9,0.0209296,6
1790718240,73615.0,73615.0,73615.0,73615.0,0.0,0.0,0
1790718300,73602.8,73602.8,73539.0,73547.5,73568.4,0.04798771,8
1790718360,73533.1,73533.1,73520.1,73524.2,73530.4,0.01622493,5
1790718420,73531.4,73533.6,73527.5,73533.6,73532.1,0.01094483,4
1790718480,73533.7,73539.9,73533.7,73539.8,73533.8,0.07684618,11
1790718540,73527.5,73529.7,73518.0,73529.7,73523.9,0.01456693,6
1790718600,73535.2,73551.6,73535.2,73551.6,73546.7,1.11103504,14
1790718660,73542.3,73554.8,73542.3,73554.8,73542.4,0.03609201,3
1790718720,73554.8,73569.2,73554.8,73569.2,73566.0,0.05882819,6
1790718780,73584.3,73589.9,73567.3,73567.3,73578.0,1.15427231,21
1790718840,73583.2,73584.5,73576.9,73579.0,73581.1,0.95149892,11
1790718900,73588.3,73588.3,73588.2,73588.3,73588.2,0.02339717,7
1790718960,73586.4,73586.4,73586.3,73586.3,73586.3,0.02503439,3
1790719020,73586.1,73586.1,73557.8,73557.8,73582.4,0.04728603,6
1790719080,73559.3,73579.5,73559.3,73579.2,73563.6,0.00773757,3
1790719140,73587.2,73587.2,73587.2,73587.2,73587.2,0.00087679,1
1790719200,73590.0,73636.0,73589.9,73631.5,73590.2,0.19069432,19
1790719260,73637.1,73654.2,73637.1,73653.7,73646.9,0.13200029,59
1790719320,73654.3,73663.1,73654.3,73663.1,73654.3,0.02014597,3
1790719380,73660.0,73670.3,73660.0,73670.2,73667.3,0.01949967,6
1790719440,73670.3,73692.3,73659.9,73659.9,73679.0,0.58566177,16
1790719500,73679.1,73679.1,73627.6,73653.2,73638.4,0.1328343,13
1790719560,73647.0,73657.7,73635.1,73635.1,73647.8,0.03178767,7
1790719620,73630.7,73638.1,73630.7,73638.1,73631.2,0.0492856,5
1790719680,73633.6,73656.2,73619.0,73656.2,73626.9,0.10343956,14
1790719740,73654.0,73666.8,73643.5,73666.8,73652.5,0.0549397,7
1790719800,73689.0,73689.0,73670.2,73670.2,73687.9,0.01267019,2
1790719860,73695.6,73702.4,73690.6,73690.6,73693.1,0.02231342,6
1790719920,73686.6,73717.7,73686.6,73717.4,73693.6,0.10477777,7
1790719980,73717.6,73763.6,73717.6,73763.6,73722.3,0.09352554,6
1790720040,73756.2,73756.2,73739.1,73739.1,73754.3,0.02954049,3
1790720100,73729.0,73740.4,73684.3,73684.3,73711.5,0.08840339,8
1790720160,73691.6,73706.2,73691.6,73706.2,73698.1,0.02253301,3
1790720220,73677.1,73677.1,73660.3,73665.6,73665.7,0.00440939,3
1790720280,73666.1,73666.1,73660.4,73660.4,73661.2,0.00314936,4
1790720340,73660.3,73747.6,73647.0,73746.3,73696.0,1.06914955,24
1790720400,73741.2,73756.9,73725.7,73725.7,73728.4,0.05847393,7
1790720460,73684.9,73703.4,73684.9,73703.4,73685.3,0.0193397,5
1790720520,73692.6,73737.7,73690.9,73737.4,73729.7,0.15377252,9
1790720580,73738.4,73738.4,73738.4,73738.4,73738.4,0.01605182,1
1790720640,73740.5,73746.9,73740.5,73745.9,73741.3,0.02811132,4
1790720700,73731.5,73731.5,73731.5,73731.5,73731.5,0.00268488,1
1790720760,73762.9,73762.9,73738.2,73738.2,73758.2,0.0289337,3
1790720820,73727.4,73727.4,73700.0,73701.5,73707.3,0.00783921,4
1790720880,73704.9,73704.9,73704.9,73704.9,73704.9,0.00021817,1
1790720940,73703.5,73703.5,73687.9,73687.9,73702.2,0.01578722,4
1790721000,73683.9,73693.1,73674.7,73687.6,73687.6,0.01844468,9
1790721060,73668.6,73675.3,73643.6,73643.6,73656.9,0.30535144,6
1790721120,73660.7,73674.0,73660.7,73665.3,73666.7,0.0290027,5
1790721180,73682.3,73682.3,73680.0,73680.0,73680.8,0.00215661,3
1790721240,73667.3,73679.7,73667.3,73679.7,73676.2,0.00982191,2
1790721300,73683.4,73683.4,73673.4,73674.0,73681.1,0.01178763,4
1790721360,73681.4,73681.5,73681.4,73681.4,73681.4,0.00148403,3
1790721420,73675.7,73700.0,73675.7,73700.0,73679.7,0.00674998,3
1790721480,73700.0,73700.0,73697.4,73697.4,73699.8,0.00809565,2
1790721540,73681.2,73681.2,73676.4,73676.4,73677.2,0.00748981,3
1790721600,73676.4,73679.5,73676.4,73679.5,73677.7,0.00815137,7
1790721660,73679.1,73700.0,73679.1,73700.0,73685.6,0.00718888,6
1790721720,73700.0,73718.1,73700.0,73718.1,73700.9,0.01960439,6
1790721780,73719.2,73719.2,73719.2,73719.2,73719.2,0.00319301,1
1790721840,73712.3,73712.3,73712.3,73712.3,73712.3,0.01981991,2
1790721900,73712.4,73736.4,73712.1,73712.1,73726.0,0.06270531,8
1790721960,73698.6,73705.3,73698.6,73705.3,73699.8,0.0033324,2
1790722020,73705.4,73705.4,73693.5,73693.5,73705.0,0.02423812,3
1790722080,73704.8,73705.1,73704.8,73705.1,73704.8,0.00159411,2
1790722140,73705.0,73705.0,73691.7,73694.8,73698.7,0.02298487,4
1790722200,73706.4,73713.2,73696.3,73712.6,73707.0,0.01689707,6
1790722260,73712.8,73742.4,73712.8,73742.4,73713.0,0.03601653,4
1790722320,73744.0,73744.0,73730.0,73730.0,73730.9,0.00218605,2
1790722380,73728.4,73734.8,73728.4,73734.8,73732.4,0.00885542,2
1790722440,73741.8,73746.7,73741.8,73746.7,73741.8,0.01083311,3
1790722500,73722.2,73727.9,73722.2,73726.5,73723.6,0.00846303,6
1790722560,73735.2,73735.2,73726.2,73726.2,73734.2,0.00560351,2
1790722620,73727.8,73732.6,73727.8,73732.6,73728.0,0.00114341,2
1790722680,73730.8,73730.8,73726.1,73726.1,73730.0,0.00966164,3
1790722740,73710.2,73712.2,73710.2,73712.2,73711.4,0.00322641,2
1790722800,73724.2,73735.9,73716.4,73735.9,73721.2,0.0355488,8
1790722860,73742.7,73752.5,73742.7,73752.5,73743.2,0.00539488,2
1790722920,73773.0,73773.0,73773.0,73773.0,73773.0,0.00013555,1
1790722980,73777.3,73788.6,73761.6,73788.6,73779.2,0.01715213,8
1790723040,73792.8,73817.0,73792.8,73817.0,73806.9,0.06893227,8
1790723100,73842.0,73870.2,73842.0,73870.2,73844.4,0.00576067,3
1790723160,73874.3,73896.5,73874.3,73896.5,73885.1,0.12572609,7
1790723220,73887.8,73916.1,73887.8,73916.1,73896.3,0.03484625,3
1790723280,73916.2,73916.3,73845.7,73845.7,73891.8,0.94566356,12
1790723340,73844.3,73864.4,73844.3,73864.4,73847.1,0.04132825,4
1790723400,73876.4,73880.2,73876.4,73880.2,73877.9,0.00734423,5
1790723460,73882.0,73886.3,73882.0,73886.3,73883.9,0.00222656,3
1790723520,73884.3,73884.3,73879.8,73879.8,73884.1,0.02917275,5
1790723580,73880.6,73892.9,73880.6,73892.9,73892.5,0.03595051,3
1790723640,73911.7,73911.7,73911.7,73911.7,73911.7,0.01846243,1
1790723700,73912.1,73912.1,73908.0,73908.0,73910.8,0.00787355,6
1790723760,73902.0,73916.1,73882.4,73916.1,73893.2,0.17972711,11
1790723820,73918.3,73918.3,73918.3,73918.3,73918.3,0.03516931,2
1790723880,73910.5,73910.5,73886.9,73886.9,73908.2,0.0811025,4
1790723940,73894.1,73895.6,73887.3,73887.3,73893.6,0.00304885,5
1790724000,73881.8,73882.3,73853.8,73853.8,73880.8,0.08168092,10
1790724060,73843.8,73843.8,73822.1,73830.7,73833.7,0.01053568,21
1790724120,73823.0,73829.2,73823.0,73829.2,73827.3,0.04982534,4
1790724180,73826.1,73827.4,73822.1,73822.1,73823.7,0.01237947,8
1790724240,73826.3,73826.3,73811.8,73811.8,73825.9,0.04146351,6
1790724300,73810.3,73819.9,73809.1,73819.9,73815.6,0.02186924,25
1790724360,73826.5,73829.9,73825.6,73829.9,73829.0,0.04180151,13
1790724420,73830.2,73839.6,73830.2,73837.8,73831.8,0.00980198,5
1790724480,73839.5,73839.5,73838.1,73838.2,73838.4,0.02345779,3
1790724540,73829.1,73829.5,73829.1,73829.5,73829.3,0.02088737,2
1790724600,73844.5,73844.6,73822.7,73822.7,73843.7,0.00138829,4
1790724660,73815.9,73815.9,73815.7,73815.8,73815.7,0.01991484,7
1790724720,73815.8,73815.8,73815.8,73815.8,73815.8,0.00120213,2
1790724780,73815.8,73815.8,73815.7,73815.8,73815.7,0.01036997,5
1790724840,73815.8,73815.8,73809.1,73809.1,73813.8,0.01275246,6
1790724900,73794.9,73801.2,73781.9,73783.4,73786.9,0.05866703,8
1790724960,73787.7,73797.1,73785.0,73797.1,73785.2,0.049653,4
1790725020,73790.6,73790.6,73790.6,73790.6,73790.6,0.01971581,1
1790725080,73781.9,73783.9,73781.9,73783.9,73782.4,0.00037124,2
1790725140,73779.2,73810.9,73777.7,73810.9,73783.3,0.19510436,11
1790725200,73810.9,73815.4,73804.9,73804.9,73812.5,0.00577383,5
1790725260,73779.0,73791.5,73771.6,73771.6,73783.8,1.60189945,17
1790725320,73773.5,73773.9,73773.4,73773.4,73773.7,0.02008188,5
1790725380,73766.8,73766.8,73741.9,73741.9,73762.8,0.04332533,6
1790725440,73741.9,73741.9,73741.9,73741.9,0.0,0.0,0
1790725500,73771.3,73788.0,73771.3,73788.0,73771.5,0.01152673,4
1790725560,73780.4,73780.4,73780.4,73780.4,73780.4,0.00338574,2
1790725620,73796.3,73803.4,73796.3,73803.4,73798.0,0.04136279,3
1790725680,73804.4,73804.6,73785.3,73785.3,73801.2,0.01229231,4
1790725740,73803.7,73808.9,73803.7,73805.9,73807.4,0.12241687,7
1790725800,73812.8,73812.8,73812.8,73812.8,73812.8,0.0005,1
1790725860,73805.1,73805.1,73797.2,73797.2,73804.3,0.01163437,3
1790725920,73800.1,73809.1,73800.1,73809.0,73802.9,0.01708829,4
1790725980,73809.1,73809.1,73782.7,73782.7,73806.0,0.02734705,4
1790726040,73752.9,73752.9,73743.9,73743.9,73751.6,0.00382713,3
1790726100,73744.5,73744.5,73744.5,73744.5,73744.5,0.012887,1
1790726160,73760.2,73763.6,73760.2,73763.6,73760.8,0.00869459,3
1790726220,73765.5,73765.5,73751.9,73751.9,73765.4,0.01644566,6
1790726280,73756.8,73756.8,73750.2,73750.2,73752.2,0.00397646,3
1790726340,73748.9,73753.5,73748.8,73753.5,73749.3,0.01851355,3
1790726400,73763.6,73780.3,73763.6,73771.4,73775.8,0.00666629,11
1790726460,73773.6,73773.7,73770.8,73772.3,73773.1,0.00274316,4
1790726520,73780.3,73816.1,73780.3,73816.1,73787.1,0.02371846,6
1790726580,73818.7,73818.7,73792.3,73806.5,73801.6,0.02474868,7
1790726640,73779.3,73779.3,73747.2,73754.9,73764.1,0.01781431,6
1790726700,73771.4,73801.0,73771.4,73801.0,73776.2,0.01216112,3
1790726760,73801.8,73801.8,73786.5,73787.1,73797.8,0.00221386,3
1790726820,73782.7,73782.7,73771.0,73771.0,73781.4,0.00153713,3
1790726880,73740.4,73740.4,73740.4,73740.4,73740.4,0.0002875,1
1790726940,73731.2,73731.8,73720.6,73720.6,73731.6,0.041466,4
1790727000,73678.1,73678.2,73670.6,73670.6,73678.0,0.11047996,5
1790727060,73679.8,73679.8,73657.1,73657.1,73668.7,0.00827726,4
1790727120,73630.5,73643.4,73630.5,73643.4,73635.0,0.02153207,4
1790727180,73658.3,73658.3,73658.3,73658.3,73658.3,0.00024511,1
1790727240,73657.9,73657.9,73654.0,73654.0,73655.0,0.00018401,2
1790727300,73653.6,73653.6,73650.0,73653.2,73652.0,0.01087201,4
1790727360,73653.3,73653.3,73653.3,73653.3,73653.3,0.00036962,1
1790727420,73661.7,73661.7,73640.6,73640.6,73647.4,0.07691507,13
1790727480,73622.7,73622.7,73590.1,73590.1,73603.0,0.02087668,8
1790727540,73590.7,73590.7,73581.5,73581.5,73584.4,0.03105,4
1790727600,73573.9,73573.9,73553.8,73565.2,73561.4,0.09653907,11
1790727660,73568.2,73581.0,73557.0,73579.2,73567.7,0.0189828,5
1790727720,73583.1,73583.1,73578.4,73578.4,73580.4,0.00152988,3
1790727780,73578.4,73578.4,73578.4,73578.4,0.0,0.0,0
1790727840,73580.8,73623.3,73580.8,73622.9,73609.7,0.03976172,4
1790727900,73592.6,73651.8,73592.6,73650.0,73642.2,0.14944494,7
1790727960,73619.0,73621.2,73619.0,73621.2,73621.1,0.049667,2
1790728020,73638.8,73659.9,73618.1,73623.7,73638.8,0.15689169,12
1790728080,73662.8,73662.8,73662.8,73662.8,73662.8,0.0029,2
1790728140,73662.8,73662.8,73662.8,73662.8,0.0,0.0,0
1790728200,73681.1,73702.4,73681.1,73695.4,73701.1,0.00622966,5
1790728260,73687.7,73687.7,73687.7,73687.7,73687.7,5.005e-05,1
1790728320,73684.4,73694.0,73677.3,73694.0,73679.7,0.03102324,4
1790728380,73693.9,73694.3,73689.2,73690.9,73693.1,0.00040335,4
1790728440,73706.4,73715.2,73706.4,73715.2,73710.0,0.00123975,4
1790728500,73724.0,73731.6,73694.9,73694.9,73708.9,0.00811168,4
1790728560,73647.9,73647.9,73647.9,73647.9,73647.9,5.411e-05,1
1790728620,73629.0,73629.0,73629.0,73629.0,73629.0,5e-05,1
1790728680,73629.0,73629.0,73625.5,73625.5,73628.5,0.01083459,2
1790728740,73623.7,73625.8,73623.7,73625.6,73625.5,0.13492811,6
1790728800,73625.5,73631.8,73621.9,73631.8,73627.0,0.02455099,4
1790728860,73636.2,73654.8,73636.2,73654.8,73644.3,0.02541475,4
1790728920,73659.5,73659.5,73626.5,73626.5,73656.0,0.01558935,3
1790728980,73633.3,73633.3,73596.1,73596.1,73629.6,0.00895832,4
1790729040,73596.1,73596.1,73596.1,73596.1,0.0,0.0,0
1790729100,73616.1,73616.1,73572.2,73572.2,73613.3,0.00726563,4
1790729160,73569.5,73585.3,73569.5,73585.3,73573.9,0.006942,2
1790729220,73586.9,73595.8,73574.3,73584.1,73579.7,0.07261674,5
1790729280,73554.6,73554.6,73544.1,73544.9,73544.8,0.02823458,5
1790729340,73546.1,73546.1,73546.1,73546.1,73546.1,7.086e-05,1
1790729400,73524.1,73524.1,73524.1,73524.1,73524.1,7.177e-05,1
1790729460,73523.0,73523.0,73520.1,73520.2,73520.1,0.01672617,3
1790729520,73520.2,73544.5,73520.2,73542.2,73543.2,0.0137123,3
1790729580,73520.1,73520.1,73520.1,73520.1,73520.1,0.02638,2
1790729640,73520.1,73525.4,73507.7,73507.9,73518.2,0.07183039,8
1790729700,73507.3,73513.0,73501.6,73501.6,73507.0,0.1659842,5
1790729760,73504.1,73523.1,73503.1,73509.3,73510.3,0.04137217,8
1790729820,73501.1,73551.3,73501.1,73551.3,73502.7,0.13851363,4
1790729880,73547.9,73547.9,73522.5,73522.5,73523.6,0.193109,3
1790729940,73550.3,73576.8,73550.3,73554.7,73552.3,0.05847842,6
1790730000,73575.9,73575.9,73527.4,73544.5,73536.2,0.0543632,41
1790730060,73555.2,73555.2,73544.0,73545.7,73548.2,0.03943358,4
1790730120,73561.0,73590.9,73561.0,73590.9,73571.6,0.13408094,9
1790730180,73598.1,73599.6,73587.2,73587.2,73598.5,0.07464003,5
1790730240,73591.4,73591.4,73587.7,73590.2,73589.3,0.04751173,4
1790730300,73545.8,73553.2,73545.8,73553.2,73549.3,0.1164308,3
1790730360,73578.8,73578.8,73574.7,73574.7,73578.6,0.00116206,2
1790730420,73546.8,73546.8,73546.8,73546.8,73546.8,0.0357269,1
1790730480,73550.7,73551.5,73550.7,73551.5,73550.9,0.05073105,2
1790730540,73562.9,73622.8,73562.9,73615.1,73565.7,0.0578293,8
1790730600,73592.2,73592.2,73592.2,73592.2,73592.2,0.174788,1
1790730660,73575.9,73586.1,73575.9,73586.1,73575.9,0.01084534,2
1790730720,73590.9,73590.9,73570.6,73573.2,73580.1,0.00064844,3
1790730780,73550.8,73550.8,73550.8,73550.8,73550.8,0.0001,1
1790730840,73570.9,73570.9,73570.9,73570.9,73570.9,0.0018663,1
1790730900,73571.2,73581.1,73557.7,73557.7,73571.1,0.02100559,4
1790730960,73579.9,73579.9,73572.2,73572.2,73579.7,0.00673594,2
1790731020,73581.0,73582.2,73581.0,73582.2,73581.4,0.01923332,5
1790731080,73562.6,73562.6,73553.3,73553.3,73553.9,0.00078393,4
1790731140,73550.8,73550.8,73522.4,73522.4,73543.1,0.042879,3
1790731200,73525.7,73529.7,73524.7,73529.7,73527.2,0.01899563,5
1790731260,73550.8,73550.8,73533.8,73533.8,73544.8,0.00015411,2
1790731320,73539.4,73544.7,73539.4,73544.7,73543.6,0.06261094,4
1790731380,73571.3,73600.2,73571.3,73600.2,73571.8,0.01385548,2
1790731440,73604.2,73629.4,73604.2,73628.6,73625.2,0.07047667,6
1790731500,73648.0,73666.1,73646.1,73661.0,73657.3,0.00484213,7
1790731560,73663.5,73663.5,73628.7,73628.7,73640.6,0.03032021,3
1790731620,73604.4,73604.4,73588.7,73591.3,73590.8,0.06777596,5
1790731680,73579.8,73579.8,73579.8,73579.8,73579.8,0.00012474,1
1790731740,73579.5,73579.5,73564.6,73564.6,73565.7,0.13937157,2
1790731800,73550.8,73550.8,73469.0,73536.0,73500.1,0.2977593,40
1790731860,73525.4,73525.4,73503.7,73520.6,73524.8,0.02199802,3
1790731920,73520.6,73520.6,73520.6,73520.6,0.0,0.0,0
1790731980,73479.1,73484.1,73479.0,73484.1,73480.4,0.00019543,3
1790732040,73498.2,73498.2,73464.8,73464.8,73485.8,0.15107733,8
1790732100,73461.3,73476.8,73457.8,73476.8,73459.1,0.01736666,5
1790732160,73467.9,73492.3,73464.0,73492.3,73465.8,0.03495314,5
1790732220,73495.0,73498.8,73482.8,73496.7,73494.9,0.03358104,5
1790732280,73498.6,73498.6,73487.4,73487.4,73492.9,0.08998448,3
1790732340,73476.0,73476.0,73475.6,73475.6,73475.9,0.03600403,2
1790732400,73490.6,73490.6,73485.6,73485.6,73486.2,0.00124561,3
1790732460,73490.5,73490.5,73490.5,73490.5,73490.5,0.002064,1
1790732520,73494.2,73520.7,73494.2,73514.4,73495.7,0.00940043,5
1790732580,73507.3,73512.5,73507.3,73512.5,73509.8,0.004286,2
1790732640,73549.3,73549.3,73546.0,73546.0,73548.7,0.166518,2
1790732700,73558.5,73568.0,73546.7,73546.7,73563.0,0.07168841,5
1790732760,73545.9,73557.1,73545.9,73557.1,73546.0,0.03614508,2
1790732820,73557.1,73557.1,73557.1,73557.1,0.0,0.0,0
1790732880,73553.7,73553.7,73547.5,73547.5,73553.6,0.01005411,2
1790732940,73586.2,73586.2,73586.2,73586.2,73586.2,0.003288,1
1790733000,73586.2,73586.2,73586.2,73586.2,0.0,0.0,0
1790733060,73600.6,73624.1,73600.6,73621.4,73606.2,0.03529194,5
1790733120,73628.9,73636.8,73625.8,73625.8,73625.9,0.02668846,5
1790733180,73600.8,73600.8,73600.8,73600.8,73600.8,0.002699,1
1790733240,73593.7,73593.7,73593.7,73593.7,73593.7,5.411e-05,1
1790733300,73583.5,73583.5,73570.4,73581.4,73574.6,0.00572667,3
1790733360,73591.3,73591.3,73591.3,73591.3,73591.3,0.002577,1
1790733420,73589.3,73609.3,73589.3,73609.3,73589.3,0.13769298,2
1790733480,73587.5,73587.5,73587.5,73587.5,73587.5,0.004335,1
1790733540,73587.5,73587.5,73587.5,73587.5,0.0,0.0,0
1790733600,73600.0,73611.0,73582.0,73609.3,73595.4,0.03003567,31
1790733660,73630.8,73630.8,73630.8,73630.8,73630.8,0.00076477,2
1790733720,73618.9,73633.2,73615.4,73615.4,73618.3,0.0073241,3
1790733780,73601.6,73622.0,73593.9,73612.7,73616.5,0.02374368,7
1790733840,73620.6,73620.6,73620.6,73620.6,73620.6,0.0001103,1
1790733900,73657.2,73667.6,73657.2,73658.9,73661.9,0.1091592,5
1790733960,73673.6,73673.6,73672.6,73672.6,73673.2,0.00430809,3
1790734020,73672.6,73672.6,73672.6,73672.6,0.0,0.0,0
1790734080,73710.8,73710.8,73710.8,73710.8,73710.8,0.179512,1
1790734140,73668.0,73668.0,73650.6,73650.6,73665.3,0.00256316,3
1790734200,73650.6,73650.6,73650.6,73650.6,0.0,0.0,0
1790734260,73628.1,73646.0,73628.1,73646.0,73645.4,0.00160609,2
1790734320,73637.9,73637.9,73618.8,73618.8,73626.2,0.00267991,5
1790734380,73616.1,73665.3,73616.1,73665.3,73644.7,0.00213884,2
1790734440,73621.5,73621.5,73621.5,73621.5,73621.5,6.791e-05,1
1790734500,73603.1,73622.9,73576.1,73622.9,73595.5,0.00232425,6
1790734560,73601.3,73601.3,73565.9,73565.9,73570.3,0.00155483,3
1790734620,73566.9,73568.5,73566.9,73568.4,73567.4,0.00134028,3
1790734680,73544.9,73544.9,73537.9,73543.6,73540.2,0.09549482,5
1790734740,73550.8,73551.9,73538.4,73547.7,73543.1,0.09424516,9
1790734800,73508.4,73515.5,73508.3,73515.5,73513.7,0.00245926,6
1790734860,73538.5,73563.5,73538.5,73563.5,73539.4,0.00141394,2
1790734920,73594.6,73614.9,73594.6,73614.9,73612.7,0.00088585,2
1790734980,73637.8,73637.8,73637.8,73637.8,73637.8,0.00133757,1
1790735040,73618.6,73618.6,73594.3,73594.3,73617.2,0.09488111,3
1790735100,73588.2,73588.2,73566.1,73567.6,73567.8,0.00633887,4
1790735160,73567.6,73567.6,73567.6,73567.6,0.0,0.0,0
1790735220,73556.7,73556.7,73546.1,73546.1,73554.5,0.00271334,4
1790735280,73551.7,73551.7,73551.7,73551.7,73551.7,0.00028,1
1790735340,73551.7,73551.7,73528.8,73528.8,73529.5,0.16639326,3
1790735400,73552.0,73561.3,73535.8,73536.1,73547.9,0.00830243,10
1790735460,73547.7,73547.7,73547.7,73547.7,73547.7,0.00066125,1
1790735520,73515.1,73517.0,73500.1,73500.1,73513.7,0.00704479,3
1790735580,73502.3,73502.3,73502.3,73502.3,73502.3,5.411e-05,1
1790735640,73500.0,73500.0,73487.6,73487.6,73494.1,0.0011511,3
1790735700,73487.6,73487.6,73487.6,73487.6,0.0,0.0,0
1790735760,73458.5,73458.5,73429.8,73434.3,73436.8,0.08027455,15
1790735820,73460.8,73495.6,73460.8,73468.8,73474.8,0.04514436,7
1790735880,73453.9,73453.9,73444.8,73444.8,73451.1,0.16110471,6
1790735940,73454.5,73464.1,73447.6,73464.1,73462.3,0.01475925,5
1790736000,73479.0,73539.2,73479.0,73539.2,73486.4,0.07040777,7
1790736060,73570.3,73570.3,73570.3,73570.3,73570.3,0.00503217,1
1790736120,73565.3,73565.3,73495.2,73495.2,73511.1,0.21763061,7
1790736180,73489.8,73497.8,73489.8,73497.8,73491.5,0.01230574,3
1790736240,73497.8,73515.1,73497.8,73515.1,73502.6,0.04247018,3
1790736300,73500.3,73510.7,73500.3,73500.3,73501.0,0.00517481,6
1790736360,73513.0,73535.6,73513.0,73525.0,73517.9,0.01887198,4
1790736420,73537.8,73560.1,73537.8,73560.1,73544.7,0.01323046,3
1790736480,73570.4,73570.4,73570.4,73570.4,73570.4,5.411e-05,1
1790736540,73570.9,73570.9,73549.9,73549.9,73564.9,0.01046667,4
1790736600,73532.0,73532.0,73532.0,73532.0,73532.0,0.00455273,1
1790736660,73545.1,73565.9,73545.1,73552.8,73553.4,0.01245531,5
1790736720,73536.1,73574.6,73536.1,73547.6,73544.1,0.05172086,28
1790736780,73549.1,73552.8,73537.0,73540.3,73546.1,0.05622768,62
1790736840,73540.3,73543.4,73529.3,73536.1,73535.4,0.00778243,9
1790736900,73536.1,73536.1,73536.1,73536.1,0.0,0.0,0
1790736960,73542.4,73542.4,73500.6,73500.6,73528.6,0.01292678,3
1790737020,73500.5,73500.5,73500.5,73500.5,73500.5,5.411e-05,1
1790737080,73500.2,73500.2,73500.2,73500.2,73500.2,0.00268842,1
1790737140,73500.2,73500.2,73500.2,73500.2,0.0,0.0,0
1790737200,73500.0,73543.3,73500.0,73509.8,73506.1,0.0161606,15
1790737260,73499.3,73500.9,73486.5,73486.5,73499.7,0.03112871,3
1790737320,73466.7,73478.0,73466.7,73477.1,73469.9,0.00042878,3
1790737380,73487.4,73487.4,73471.7,73477.1,73486.4,0.00216783,4
1790737440,73491.3,73510.8,73491.3,73510.8,73495.4,0.09649084,4
1790737500,73519.1,73527.9,73519.1,73527.9,73521.4,0.01530086,12
1790737560,73541.8,73541.8,73522.8,73522.8,73535.5,0.01316904,3
1790737620,73502.7,73502.7,73496.8,73502.2,73499.8,0.01893416,3
1790737680,73505.9,73505.9,73483.0,73489.9,73498.4,0.00645823,7
1790737740,73515.5,73515.5,73512.0,73512.8,73514.5,0.07374095,6
1790737800,73509.8,73509.8,73502.3,73502.3,73502.3,0.019918,2
1790737860,73482.9,73482.9,73482.9,73482.9,73482.9,0.00136082,1
1790737920,73484.8,73484.8,73484.6,73484.6,73484.6,0.01243584,3
1790737980,73482.8,73482.8,73468.1,73468.1,73471.2,0.02884143,10
1790738040,73468.0,73468.0,73466.1,73466.1,73466.6,0.00028311,3
1790738100,73463.3,73463.3,73457.0,73461.6,73461.3,0.00469197,17
1790738160,73450.8,73450.8,73389.3,73391.3,73395.9,0.96356627,54
1790738220,73384.5,73397.0,73382.0,73382.0,73387.0,0.01203395,6
1790738280,73370.0,73370.0,73339.1,73339.1,73348.6,0.06776357,31
1790738340,73343.6,73343.6,73330.1,73330.1,73332.0,0.01027331,19
1790738400,73330.1,73337.8,73330.1,73337.8,73337.3,0.00737034,4
1790738460,73366.5,73394.0,73366.5,73394.0,73366.6,0.00919672,3
1790738520,73429.0,73437.0,73419.9,73419.9,73428.4,0.02772744,5
1790738580,73436.3,73442.4,73436.3,73442.4,73438.1,0.018685,3
1790738640,73434.1,73435.6,73410.7,73416.8,73421.6,0.04806088,9
1790738700,73404.1,73414.5,73402.4,73402.4,73404.7,0.01164457,5
1790738760,73402.4,73402.4,73402.4,73402.4,0.0,0.0,0
1790738820,73395.4,73411.8,73395.4,73411.8,73396.2,0.01075011,3
1790738880,73443.3,73443.3,73443.0,73443.0,73443.2,0.20026866,3
1790738940,73453.8,73453.8,73444.3,73447.8,73446.4,0.01459482,6
1790739000,73447.8,73447.8,73425.1,73425.1,73447.1,0.01027055,9
1790739060,73420.6,73420.6,73414.6,73414.6,73416.2,0.0339626,4
1790739120,73414.6,73414.6,73414.6,73414.6,0.0,0.0,0
1790739180,73416.2,73442.5,73416.2,73442.5,73421.2,0.06975257,6
1790739240,73447.1,73450.4,73447.1,73450.4,73449.3,0.00454757,2
1790739300,73460.3,73460.3,73456.7,73456.7,73457.2,0.03199665,2
1790739360,73446.4,73459.3,73438.9,73459.3,73444.3,0.01508745,5
1790739420,73477.1,73503.0,73477.1,73502.9,73497.1,0.06782013,6
1790739480,73514.1,73514.1,73511.1,73511.1,73512.3,0.0001181,2
1790739540,73512.4,73535.4,73512.4,73535.4,73513.2,0.00274448,3
1790739600,73523.6,73541.8,73523.5,73541.8,73532.1,0.01079108,8
1790739660,73550.8,73576.5,73550.8,73557.7,73561.6,0.03071604,11
1790739720,73567.1,73567.1,73543.2,73557.0,73557.8,0.05057887,5
1790739780,73548.7,73562.5,73548.7,73562.5,73556.5,0.6719482,5
1790739840,73546.8,73546.8,73516.3,73516.3,73528.7,0.01021695,3
1790739900,73516.2,73516.2,73511.0,73511.0,73511.1,0.00352799,4
1790739960,73485.8,73486.8,73485.7,73486.8,73485.9,0.00587945,3
1790740020,73498.9,73498.9,73493.8,73493.8,73497.8,0.00634705,2
1790740080,73494.6,73494.6,73489.6,73489.6,73494.5,0.0054967,2
1790740140,73492.1,73492.1,73492.1,73492.1,73492.1,0.00020049,1
1790740200,73489.7,73500.6,73473.8,73500.2,73486.7,0.0851529,14
1790740260,73499.8,73499.8,73469.0,73475.4,73489.2,0.01394761,7
1790740320,73460.0,73460.0,73459.2,73459.2,73459.2,0.00635109,2
1790740380,73471.5,73474.0,73459.7,73474.0,73463.4,0.02840256,3
1790740440,73483.5,73486.8,73481.9,73481.9,73483.7,0.00705184,4
1790740500,73484.8,73484.8,73457.1,73457.1,73478.1,0.11325585,9
1790740560,73462.7,73462.7,73457.1,73457.1,73459.5,0.01193736,3
1790740620,73452.8,73456.3,73452.8,73456.3,73452.8,0.04510311,2
1790740680,73456.2,73478.6,73456.2,73478.6,73459.7,0.00919135,6
1790740740,73476.4,73476.4,73476.4,73476.4,73476.4,0.00681225,2
1790740800,73476.4,73507.7,73476.4,73507.7,73484.0,0.05549744,45
1790740860,73502.4,73502.4,73502.4,73502.4,73502.4,0.0088,1
1790740920,73515.0,73515.0,73515.0,73515.0,73515.0,0.00981233,1
1790740980,73556.4,73558.1,73556.4,73558.1,73556.4,0.0063358,3
1790741040,73569.0,73571.9,73549.8,73571.9,73567.1,0.03527785,6
1790741100,73575.5,73577.5,73574.6,73577.5,73576.1,0.01708472,5
1790741160,73554.6,73554.6,73530.2,73534.4,73550.7,0.01134326,8
1790741220,73535.3,73535.3,73535.3,73535.3,73535.3,0.00428305,2
1790741280,73518.1,73518.1,73511.8,73516.1,73513.2,0.05889903,4
1790741340,73512.0,73512.0,73495.1,73495.5,73511.7,0.02988934,4
1790741400,73495.5,73509.3,73495.5,73508.7,73497.7,0.04399956,8
1790741460,73506.2,73509.5,73506.2,73509.5,73509.1,0.01201872,2
1790741520,73537.9,73537.9,73531.1,73531.1,73536.0,0.00249399,5
1790741580,73543.8,73544.6,73543.8,73544.6,73544.2,0.01651983,2
1790741640,73554.4,73554.4,73554.4,73554.4,73554.4,0.00135954,1
1790741700,73543.4,73555.8,73543.4,73555.8,73547.7,0.00015364,2
1790741760,73559.6,73569.3,73559.6,73569.3,73568.9,0.01941838,4
1790741820,73569.3,73572.9,73569.3,73572.9,73569.5,0.00357425,2
1790741880,73578.4,73592.0,73578.4,73592.0,73578.4,0.01198763,3
1790741940,73597.0,73597.0,73590.4,73590.4,73593.3,0.12385618,4
1790742000,73555.1,73561.1,73553.4,73561.1,73555.0,0.00105198,6
1790742060,73561.0,73574.7,73561.0,73574.7,73564.4,0.04777602,5
1790742120,73574.6,73579.5,73574.6,73574.9,73575.1,0.17873988,6
1790742180,73563.2,73563.2,73553.0,73553.0,73559.5,0.00298984,3
1790742240,73559.6,73559.6,73537.9,73537.9,73553.2,0.0315731,5
1790742300,73536.4,73573.6,73536.4,73573.6,73559.9,0.29083935,9
1790742360,73589.0,73589.0,73586.5,73586.5,73587.6,0.0002732,2
1790742420,73578.7,73578.9,73578.7,73578.9,73578.7,0.00717332,3
1790742480,73578.6,73578.6,73562.0,73562.0,73573.6,0.0028437,2
1790742540,73545.9,73552.1,73540.6,73540.6,73543.5,0.02554669,3
1790742600,73542.2,73542.2,73542.2,73542.2,73542.2,0.00012223,2
1790742660,73514.4,73514.4,73514.4,73514.4,73514.4,0.06292032,2
1790742720,73523.6,73523.6,73509.8,73513.8,73509.9,0.04524117,6
1790742780,73500.3,73500.3,73500.2,73500.3,73500.2,0.0058529,3
1790742840,73500.2,73500.2,73500.2,73500.2,73500.2,0.00014503,1
1790742900,73495.0,73495.0,73476.7,73488.4,73479.0,0.30343038,21
1790742960,73488.4,73573.2,73481.5,73573.2,73496.9,0.23576222,22
1790743020,73576.2,73576.2,73550.8,73550.9,73551.0,0.01912016,23
1790743080,73550.1,73550.2,73550.1,73550.2,73550.1,0.01337327,2
1790743140,73550.0,73550.0,73533.2,73533.2,73549.5,0.00209353,2
1790743200,73538.6,73538.6,73526.4,73526.4,73526.5,0.17367535,5
1790743260,73500.0,73503.6,73499.0,73503.6,73503.4,0.03721004,4
1790743320,73510.6,73511.8,73510.6,73511.8,73511.5,0.01079705,5
1790743380,73511.7,73511.8,73511.7,73511.7,73511.7,0.02182729,5
1790743440,73501.7,73501.7,73501.7,73501.7,73501.7,0.00067213,1
1790743500,73503.6,73516.2,73503.6,73510.1,73504.0,0.2869671,8
1790743560,73510.1,73510.1,73510.0,73510.0,73510.0,0.00425993,3
1790743620,73500.0,73500.0,73500.0,73500.0,73500.0,0.00914285,3
1790743680,73490.0,73490.1,73490.0,73490.1,73490.0,0.01506416,8
1790743740,73490.0,73490.0,73469.1,73469.1,73481.0,0.01374117,7
1790743800,73456.8,73456.8,73450.1,73450.3,73450.3,0.03746935,3
1790743860,73459.5,73459.5,73448.8,73448.8,73450.1,0.04256711,8
1790743920,73439.9,73439.9,73429.5,73435.7,73436.6,0.00820166,19
1790743980,73435.7,73435.7,73435.7,73435.7,73435.7,0.01448727,62
1790744040,73435.7,73435.7,73413.7,73413.7,73432.4,0.13086104,102
1790744100,73413.7,73422.0,73413.7,73422.0,73415.0,0.01741708,44
1790744160,73421.3,73421.4,73421.3,73421.3,73421.3,0.00734364,13
1790744220,73417.8,73424.3,73417.8,73418.0,73420.3,0.05028704,15
1790744280,73418.0,73418.0,73418.0,73418.0,0.0,0.0,0
1790744340,73421.1,73421.1,73406.0,73406.0,73414.3,0.08084495,11
1790744400,73407.5,73485.5,73407.5,73485.5,73451.5,0.04035664,44
1790744460,73508.2,73522.6,73508.2,73522.6,73512.4,0.00914685,3
1790744520,73530.3,73530.3,73511.5,73511.5,73528.6,0.01177035,2
1790744580,73495.0,73495.0,73467.1,73470.4,73478.9,0.22978439,7
1790744640,73475.9,73478.1,73460.1,73463.1,73473.9,0.0070018,7
1790744700,73467.4,73467.4,73460.0,73467.1,73465.0,0.03070251,9
1790744760,73479.9,73504.7,73479.9,73500.1,73488.0,0.00168586,4
1790744820,73495.2,73496.6,73460.0,73460.0,73480.6,0.05719586,6
1790744880,73460.1,73463.2,73460.0,73463.2,73460.8,0.0145332,5
1790744940,73460.8,73491.0,73458.8,73491.0,73464.2,0.01164177,8
1790745000,73476.2,73484.8,73458.0,73458.0,73481.7,0.01106232,7
1790745060,73458.0,73468.9,73458.0,73468.7,73463.9,0.00910258,6
1790745120,73474.7,73474.7,73452.7,73452.7,73469.7,0.00558693,5
1790745180,73430.1,73438.9,73428.9,73430.4,73430.2,0.01240579,4
1790745240,73429.2,73429.2,73429.1,73429.1,73429.1,0.05445963,13
1790745300,73429.0,73429.0,73382.1,73382.1,73402.7,0.0794674,14
1790745360,73384.8,73385.0,73382.6,73385.0,73384.8,0.00327938,4
1790745420,73385.0,73403.4,73385.0,73403.4,73393.1,0.01963454,6
1790745480,73403.3,73428.6,73403.3,73428.6,73405.8,0.02039418,3
1790745540,73428.2,73452.5,73428.2,73452.4,73432.6,0.09644414,9
1790745600,73450.0,73468.3,73431.6,73463.6,73458.2,0.02064292,11
1790745660,73464.6,73464.7,73455.3,73455.4,73459.6,0.03714096,8
1790745720,73455.4,73455.4,73441.4,73441.5,73454.1,0.07368528,8
1790745780,73450.3,73470.5,73450.3,73470.5,73460.0,0.06102973,9
1790745840,73488.5,73496.0,73488.5,73496.0,73495.9,0.73764548,6
1790745900,73536.4,73536.4,73472.7,73472.7,73499.1,0.17141328,11
1790745960,73475.0,73476.9,73471.1,73471.2,73474.6,0.02208272,7
1790746020,73460.0,73509.6,73460.0,73509.6,73475.1,0.03424403,7
1790746080,73509.6,73509.6,73509.6,73509.6,0.0,0.0,0
1790746140,73516.7,73535.0,73516.7,73535.0,73526.5,0.00466076,8
1790746200,73537.1,73584.4,73537.1,73584.4,73568.4,0.07477255,12
1790746260,73589.0,73626.7,73589.0,73618.5,73597.6,0.05046088,11
1790746320,73622.5,73637.1,73568.5,73585.4,73597.1,0.18603317,9
1790746380,73564.1,73567.7,73557.3,73567.7,73563.8,0.00208206,5
1790746440,73564.8,73594.3,73564.8,73594.3,73570.6,0.01897199,7
1790746500,73587.4,73629.3,73573.0,73605.5,73604.6,1.51794153,25
1790746560,73576.9,73609.6,73576.9,73608.6,73577.3,0.02026672,3
1790746620,73590.8,73592.4,73572.3,73577.5,73578.8,0.10194495,23
1790746680,73573.7,73583.0,73573.7,73583.0,73578.4,0.10281844,9
1790746740,73583.0,73610.2,73583.0,73609.0,73594.1,0.01530288,4
1790746800,73607.6,73607.6,73597.8,73597.8,73598.7,0.03715386,10
1790746860,73597.7,73597.8,73597.7,73597.8,73597.7,0.02960718,14
1790746920,73597.8,73597.8,73597.7,73597.8,73597.7,0.02248258,17
1790746980,73597.8,73598.0,73597.7,73598.0,73597.8,0.02785754,14
1790747040,73598.0,73615.7,73598.0,73600.2,73600.5,0.06850652,17
1790747100,73600.1,73610.9,73598.2,73600.4,73602.6,0.05309322,26
1790747160,73597.8,73609.8,73565.6,73565.6,73597.6,0.99613743,20
1790747220,73567.0,73573.8,73560.4,73560.4,73564.7,0.02165528,18
1790747280,73561.2,73561.2,73541.8,73548.6,73551.2,0.18975945,23
1790747340,73550.1,73553.7,73540.7,73553.7,73553.0,0.10424903,22
1790747400,73550.4,73562.9,73546.3,73561.2,73554.8,0.030243,19
1790747460,73561.2,73561.2,73529.8,73529.8,73546.4,0.11957409,40
1790747520,73529.7,73529.7,73504.6,73504.6,73511.1,0.0171249,20
1790747580,73506.0,73508.1,73500.0,73500.2,73503.7,0.02252837,17
1790747640,73500.1,73500.1,73500.1,73500.1,73500.1,0.00935097,18
1790747700,73500.0,73500.0,73480.1,73480.1,73498.1,0.06869943,19
1790747760,73480.1,73480.1,73480.0,73480.0,73480.0,0.00552011,14
1790747820,73471.1,73471.1,73430.0,73430.0,73469.1,0.03823083,20
1790747880,73430.0,73496.3,73419.8,73496.3,73437.8,0.18774262,21
1790747940,73509.0,73509.0,73477.9,73479.6,73498.8,0.11007932,20
1790748000,73479.6,73493.6,73453.5,73493.6,73470.1,0.02992841,23
1790748060,73497.0,73498.8,73478.2,73489.4,73486.4,0.00635273,4
1790748120,73470.3,73527.4,73470.0,73527.4,73514.6,1.10582109,16
1790748180,73486.6,73486.6,73465.4,73473.1,73476.8,0.00505814,7
1790748240,73465.4,73465.4,73456.9,73459.5,73464.8,0.1095075,6
1790748300,73459.0,73460.4,73459.0,73460.4,73459.3,0.03469361,6
1790748360,73465.0,73465.0,73419.9,73419.9,73456.6,0.00631357,6
1790748420,73419.7,73419.7,73377.4,73377.4,73400.1,0.3196631,8
1790748480,73391.8,73391.8,73373.3,73375.7,73381.8,0.00554798,8
1790748540,73377.5,73377.5,73370.0,73370.0,73370.4,0.00578809,5
1790748600,73362.7,73363.8,73362.7,73363.8,73362.7,0.01015782,5
1790748660,73363.8,73363.8,73350.0,73350.0,73361.4,0.01800575,5
1790748720,73338.8,73338.8,73301.2,73301.2,73317.9,0.21942187,10
1790748780,73300.1,73300.2,73279.6,73279.6,73299.7,0.09100058,22
1790748840,73280.0,73280.0,73200.1,73205.7,73246.8,0.49654758,24
1790748900,73221.6,73252.2,73220.2,73220.2,73234.9,0.22919094,16
1790748960,73207.7,73215.0,73203.0,73203.0,73207.3,0.01729145,7
1790749020,73222.7,73242.8,73222.1,73242.8,73227.9,0.03360949,4
1790749080,73230.7,73254.6,73230.7,73253.6,73241.9,0.07009592,10
1790749140,73253.6,73253.6,73250.0,73250.0,73250.0,0.24691337,7
1790749200,73235.6,73235.6,73210.9,73219.3,73230.7,0.13491736,30
1790749260,73219.3,73244.7,73219.3,73227.7,73227.9,0.02888749,26
1790749320,73233.1,73233.1,73200.1,73200.7,73220.7,0.10649706,31
1790749380,73200.7,73230.1,73200.7,73221.0,73218.9,0.22546674,31
1790749440,73214.5,73215.1,73186.4,73186.5,73200.1,0.83047033,28
1790749500,73186.5,73186.5,73169.5,73172.2,73171.6,0.16878699,12
1790749560,73171.1,73171.2,73163.0,73163.0,73168.9,0.41107438,6
1790749620,73160.1,73160.1,73134.1,73153.6,73144.8,0.03843466,13
1790749680,73152.9,73191.1,73152.9,73191.1,73168.0,0.05897183,8
1790749740,73212.2,73219.4,73212.2,73214.2,73215.0,0.0163142,5
1790749800,73213.3,73213.3,73182.4,73205.5,73189.2,0.04991065,9
1790749860,73202.6,73230.8,73197.8,73230.8,73210.1,0.20983902,12
1790749920,73230.8,73230.8,73198.4,73212.0,73208.2,0.15972539,10
1790749980,73216.6,73227.8,73197.8,73197.8,73210.7,0.06164559,14
1790750040,73183.1,73200.6,73183.1,73200.6,73193.1,0.01687004,7
1790750100,73218.5,73218.5,73195.7,73198.3,73212.4,0.00934142,9
1790750160,73209.6,73225.9,73209.6,73225.9,73216.5,0.41289642,14
1790750220,73226.8,73226.8,73190.4,73192.1,73206.1,0.08748717,14
1790750280,73192.1,73214.3,73192.1,73214.3,73201.8,0.07932862,10
1790750340,73211.5,73211.5,73176.0,73176.0,73189.3,0.04501356,17
1790750400,73176.1,73216.3,73163.4,73216.3,73172.4,0.17389023,20
1790750460,73209.8,73212.5,73187.7,73191.0,73190.9,0.18131247,9
1790750520,73165.4,73199.9,73165.4,73199.9,73169.0,0.02440907,6
1790750580,73199.9,73217.7,73182.8,73190.3,73198.8,0.01922087,11
1790750640,73180.7,73199.6,73180.6,73180.8,73183.3,0.03287041,6
1790750700,73166.1,73166.1,73112.2,73118.7,73139.6,0.0280987,15
1790750760,73140.9,73140.9,73127.4,73133.5,73133.6,0.15730918,16
1790750820,73131.6,73131.6,73106.2,73106.2,73117.5,0.00136571,4
1790750880,73110.3,73116.6,73105.9,73116.6,73112.8,0.0646417,15
1790750940,73109.3,73109.3,73105.6,73105.6,73107.4,0.01611217,16
1790751000,73105.6,73118.6,73082.6,73088.1,73097.1,0.39251875,42
1790751060,73088.1,73100.3,73081.1,73100.3,73093.7,0.03749129,55
1790751120,73127.5,73161.9,73111.3,73161.9,73139.4,0.11724495,98
1790751180,73162.7,73165.7,73150.6,73162.3,73159.1,0.27983562,39
1790751240,73165.0,73181.4,73163.4,73181.4,73165.4,0.19558834,24
1790751300,73186.5,73267.8,73185.8,73267.8,73204.5,0.04476586,33
1790751360,73267.7,73267.7,73212.3,73212.4,73263.9,0.63099011,12
1790751420,73212.5,73220.7,73212.5,73217.0,73219.4,0.17738772,15
1790751480,73216.9,73227.1,73216.9,73227.1,73222.5,0.00495142,3
1790751540,73227.1,73227.1,73129.6,73133.6,73208.4,0.55105388,37
1790751600,73133.6,73133.6,73072.3,73072.4,73101.2,0.16559182,81
1790751660,73072.4,73105.1,73058.2,73101.2,73076.0,0.10559387,24
1790751720,73105.4,73153.9,73105.4,73148.2,73146.6,0.02255272,10
1790751780,73153.6,73174.6,73148.6,73148.6,73155.8,0.15907645,20
1790751840,73143.6,73143.9,73126.6,73126.6,73136.3,0.01197667,10
1790751900,73126.6,73134.6,73114.6,73134.6,73124.7,0.0132409,10
1790751960,73114.7,73114.7,73091.8,73099.0,73101.9,0.51067695,15
1790752020,73099.0,73099.0,73092.1,73094.6,73096.0,0.00366246,5
1790752080,73109.6,73121.2,73109.6,73120.5,73118.9,0.41396773,12
1790752140,73134.5,73134.6,73126.7,73129.8,73130.5,0.28658763,16
1790752200,73134.5,73134.6,73125.2,73134.6,73125.9,0.03654258,13
1790752260,73132.7,73134.6,73121.0,73121.0,73131.1,0.16451105,15
1790752320,73109.6,73109.6,73100.1,73100.1,73106.7,0.02019151,9
1790752380,73100.0,73105.0,73094.0,73105.0,73098.8,0.16042417,10
1790752440,73112.7,73130.4,73107.8,73108.5,73115.4,0.01372499,8
1790752500,73112.5,73134.6,73112.5,73134.6,73126.5,0.07267018,34
1790752560,73154.9,73178.1,73153.2,73178.1,73160.5,0.00702341,9
1790752620,73178.1,73181.5,73177.7,73179.7,73180.8,0.02223691,5
1790752680,73179.4,73222.0,73179.4,73213.5,73193.4,0.02798406,14
1790752740,73223.2,73293.8,73223.2,73293.8,73245.1,0.06899302,17
1790752800,73294.8,73308.2,73293.1,73300.3,73299.8,0.06118059,24
1790752860,73300.7,73309.5,73293.5,73300.9,73305.8,0.06043344,19
1790752920,73307.3,73329.2,73307.3,73308.0,73316.3,0.03745462,10
1790752980,73310.0,73373.3,73310.0,73373.3,73349.8,0.06437132,8
1790753040,73400.0,73400.0,73369.4,73391.6,73398.6,0.29441227,12
1790753100,73396.6,73440.0,73396.6,73419.6,73421.8,0.1065843,13
1790753160,73419.2,73426.6,73403.9,73403.9,73425.8,0.01435458,4
1790753220,73439.9,73440.0,73402.2,73402.2,73426.8,0.09701087,10
1790753280,73402.2,73402.2,73355.6,73355.6,73386.0,2.46082542,17
1790753340,73355.6,73355.6,73337.9,73345.6,73347.0,0.07805906,11
1790753400,73364.1,73364.1,73325.0,73348.3,73337.0,0.15118076,28
1790753460,73355.8,73376.4,73351.9,73372.0,73355.1,0.09255584,15
1790753520,73383.5,73385.3,73375.6,73375.6,73379.4,0.0167818,9
1790753580,73373.3,73389.5,73373.3,73389.5,73384.0,0.0246601,13
1790753640,73389.6,73405.8,73389.6,73405.8,73399.1,0.06027939,7
1790753700,73418.9,73418.9,73418.8,73418.8,73418.8,0.00047312,2
1790753760,73440.0,73481.7,73440.0,73461.2,73452.9,0.77204515,12
1790753820,73461.2,73480.0,73461.1,73465.9,73476.4,0.40236128,19
1790753880,73469.6,73475.9,73452.2,73467.9,73467.2,0.08682965,10
1790753940,73464.6,73475.9,73463.3,73463.3,73470.4,0.02818174,12
1790754000,73460.0,73475.9,73460.0,73474.3,73472.7,0.01392432,15
1790754060,73474.3,73475.9,73470.2,73470.2,73475.6,0.00960385,7
1790754120,73470.0,73476.0,73470.0,73476.0,73471.6,0.03313942,10
1790754180,73476.0,73476.0,73476.0,73476.0,73476.0,0.00809737,4
1790754240,73476.0,73500.0,73476.0,73499.9,73479.4,1.1617089,11
1790754300,73500.0,73504.4,73500.0,73500.2,73501.8,0.17253741,17
1790754360,73500.2,73500.2,73464.1,73479.3,73496.1,0.2160476,15
1790754420,73483.0,73487.6,73466.6,73469.0,73481.9,0.02776633,11
1790754480,73483.5,73483.5,73470.6,73482.6,73476.1,0.0625219,15
1790754540,73482.6,73513.7,73479.3,73513.7,73501.4,2.70157453,14
1790754600,73513.8,73550.7,73513.8,73550.7,73533.0,0.04044198,4
1790754660,73550.8,73553.0,73515.0,73524.4,73533.6,0.69230828,16
1790754720,73524.7,73540.9,73524.6,73532.2,73532.7,0.02635398,14
1790754780,73522.4,73537.6,73520.0,73524.2,73522.8,0.02533334,15
1790754840,73524.1,73537.6,73493.9,73493.9,73521.6,0.05707869,15
1790754900,73493.7,73499.6,73477.9,73479.1,73493.9,0.16535396,12
1790754960,73481.3,73481.3,73450.0,73450.0,73467.4,0.20987348,20
1790755020,73450.2,73451.6,73432.5,73432.5,73443.4,0.06416526,36
1790755080,73432.5,73449.9,73432.5,73438.9,73445.8,0.02962211,6
1790755140,73437.1,73437.1,73395.4,73395.4,73404.7,0.07516414,20
1790755200,73395.1,73395.1,73376.3,73377.8,73394.6,0.60412546,75
1790755260,73377.8,73378.6,73340.4,73340.4,73371.8,0.15380605,14
1790755320,73332.4,73332.4,73318.9,73330.9,73329.1,0.02441789,8
1790755380,73341.2,73395.6,73341.2,73395.6,73359.5,0.47331211,20
1790755440,73400.2,73400.2,73350.8,73364.3,73380.9,0.03052271,14
1790755500,73377.1,73377.4,73333.7,73345.6,73349.8,0.31307196,19
1790755560,73360.4,73364.4,73358.5,73360.1,73360.6,0.02533964,14
1790755620,73358.4,73358.4,73300.0,73300.0,73331.4,0.13317887,24
1790755680,73300.8,73321.9,73299.2,73312.9,73305.6,0.01368983,10
1790755740,73310.8,73315.4,73298.4,73298.4,73312.6,0.019337,6
1790755800,73296.1,73298.4,73287.3,73298.4,73294.2,0.00763057,8
1790755860,73300.5,73300.5,73266.9,73266.9,73278.0,0.02710156,10
1790755920,73264.9,73269.6,73250.8,73253.6,73264.4,0.09037136,9
1790755980,73253.6,73257.1,73248.9,73248.9,73255.6,0.06306821,15
1790756040,73242.0,73242.5,73226.1,73237.1,73241.4,0.01278438,7
1790756100,73237.1,73260.8,73232.9,73260.8,73237.2,0.06131762,8
1790756160,73262.2,73280.7,73262.2,73280.7,73264.3,0.28625212,12
1790756220,73303.0,73316.0,73277.4,73297.0,73292.3,3.13391266,37
1790756280,73309.8,73360.4,73309.8,73354.0,73330.0,0.00566151,8
1790756340,73352.1,73352.4,73310.3,73310.3,73328.0,0.08207175,12
1790756400,73288.2,73304.5,73288.2,73300.9,73302.5,0.20711165,14
1790756460,73322.6,73352.4,73322.6,73352.4,73334.4,0.02526351,11
1790756520,73351.5,73351.6,73325.0,73325.0,73345.6,0.07470192,14
1790756580,73325.1,73330.4,73308.8,73308.8,73324.5,0.09093669,9
1790756640,73304.0,73304.0,73252.1,73271.8,73296.1,0.2004831,12
1790756700,73265.8,73265.8,73248.2,73248.2,73264.3,0.00250897,2
1790756760,73232.9,73232.9,73216.5,73232.3,73217.4,0.19416096,8
1790756820,73233.6,73251.2,73219.1,73251.2,73239.1,0.01611298,9
1790756880,73246.7,73268.5,73233.5,73268.5,73242.5,0.03237193,6
1790756940,73239.3,73241.8,73231.7,73231.7,73241.3,0.01707482,8
1790757000,73221.3,73221.3,73150.1,73150.1,73197.4,0.44663464,36
1790757060,73150.1,73150.1,73131.3,73131.3,73148.2,0.05560217,7
1790757120,73133.5,73133.5,73114.5,73122.9,73120.7,0.04141628,10
1790757180,73115.0,73126.8,73115.0,73118.1,73118.8,0.0393174,8
1790757240,73132.2,73154.5,73132.2,73153.7,73141.5,0.01361086,9
1790757300,73148.7,73149.0,73115.9,73145.0,73146.9,0.06682463,10
1790757360,73148.3,73150.0,73127.9,73127.9,73149.5,0.35658786,10
1790757420,73133.9,73133.9,73133.4,73133.5,73133.4,0.03246255,6
1790757480,73180.6,73213.2,73180.6,73209.3,73195.5,0.15431382,11
1790757540,73211.3,73219.9,73211.3,73213.7,73215.0,0.00060198,5
1790757600,73220.0,73220.7,73206.0,73214.6,73215.2,0.98025585,31
1790757660,73212.7,73214.9,73180.0,73180.0,73199.8,0.72232708,10
1790757720,73180.1,73180.1,73158.4,73158.4,73163.4,0.08869867,9
1790757780,73158.4,73158.4,73133.2,73133.2,73146.5,0.03837858,11
1790757840,73138.8,73151.5,73138.8,73151.5,73139.6,0.01273503,3
1790757900,73149.8,73152.3,73144.2,73144.5,73145.5,0.31169607,16
1790757960,73144.5,73153.7,73144.5,73153.7,73153.6,7.02907199,29
1790758020,73153.6,73200.3,73153.6,73180.6,73155.3,1.03901851,10
1790758080,73177.0,73201.5,73173.8,73201.5,73180.5,0.13940219,15
1790758140,73204.8,73224.4,73190.1,73199.9,73208.5,0.0148371,9
1790758200,73200.4,73213.5,73173.7,73173.7,73186.1,0.23795118,25
1790758260,73178.1,73183.0,73099.2,73128.1,73144.1,3.42103227,55
1790758320,73128.0,73147.3,73127.9,73133.2,73136.1,0.13659597,11
1790758380,73137.5,73137.5,73133.1,73137.4,73134.1,0.00532067,8
1790758440,73137.3,73144.3,73130.3,73137.0,73139.2,0.74917258,32
1790758500,73130.2,73130.2,73111.0,73111.0,73129.2,0.08332101,9
1790758560,73118.3,73123.9,73111.1,73123.9,73117.4,0.03166124,4
1790758620,73126.2,73126.2,73115.4,73115.4,73124.2,0.00192123,4
1790758680,73115.4,73118.2,73111.2,73116.3,73114.9,0.96288779,15
1790758740,73118.2,73118.2,73110.0,73110.0,73112.2,0.0752476,13
1790758800,73106.1,73132.4,73100.1,73132.4,73124.0,0.35443929,26
1790758860,73137.6,73137.8,73137.6,73137.8,73137.6,0.0088479,5
1790758920,73127.9,73173.3,73127.9,73173.3,73146.3,0.25621798,13
1790758980,73196.8,73203.1,73177.5,73202.5,73192.8,0.01423406,13
1790759040,73192.1,73218.3,73192.1,73218.3,73211.4,0.03072035,7
1790759100,73218.2,73249.0,73218.2,73249.0,73240.6,0.54380095,18
1790759160,73264.5,73288.5,73261.8,73286.3,73268.1,0.29584496,21
1790759220,73286.3,73286.4,73258.0,73265.7,73263.5,0.09952507,9
1790759280,73259.3,73295.0,73259.3,73294.9,73268.9,0.0520655,8
1790759340,73268.5,73297.8,73263.8,73297.8,73274.8,0.07041587,11
1790759400,73298.6,73323.7,73298.6,73304.5,73315.9,0.10170375,14
1790759460,73310.9,73310.9,73309.5,73309.5,73310.4,0.0098324,5
1790759520,73309.5,73344.6,73298.9,73298.9,73336.9,1.17178397,21
1790759580,73306.3,73327.2,73306.3,73325.5,73316.1,0.08916022,11
1790759640,73326.1,73341.1,73325.7,73335.5,73333.3,0.86472774,12
1790759700,73335.9,73342.1,73335.9,73342.1,73337.6,0.01748502,12
1790759760,73338.6,73338.6,73331.4,73337.6,73336.6,0.02223765,7
1790759820,73340.3,73357.4,73338.1,73357.4,73351.5,0.147905,10
1790759880,73340.8,73367.9,73338.0,73367.9,73345.6,0.14108455,14
1790759940,73368.9,73371.1,73348.7,73356.0,73368.4,0.00900625,5
1790760000,73337.3,73355.6,73330.7,73355.6,73337.1,0.2440666,24
1790760060,73370.5,73412.6,73355.6,73388.9,73368.7,1.56429551,41
1790760120,73393.7,73393.7,73350.1,73375.3,73359.0,1.26751485,27
1790760180,73377.5,73395.7,73362.1,73395.7,73375.4,1.71683571,23
1790760240,73377.1,73422.7,73377.1,73422.7,73408.4,0.10625159,12
1790760300,73423.9,73444.0,73416.6,73416.6,73429.6,0.00836272,6
1790760360,73417.2,73437.7,73416.2,73434.6,73433.3,0.04825173,8
1790760420,73434.2,73444.7,73434.2,73444.6,73444.5,0.0053106,3
1790760480,73444.6,73444.6,73430.9,73443.2,73442.0,0.03193316,8
1790760540,73443.3,73443.3,73440.1,73440.1,73443.1,3.80445382,14
1790760600,73444.7,73528.2,73444.7,73453.6,73464.4,1.27588348,36
1790760660,73462.3,73527.0,73462.3,73514.9,73481.4,0.0760349,7
1790760720,73537.6,73739.8,73537.6,73728.9,73671.5,0.78932498,37
1790760780,73737.7,73778.6,73689.1,73702.1,73722.1,0.35629813,18
1790760840,73737.1,73737.1,73667.8,73667.8,73692.4,1.10422039,22
1790760900,73667.7,73684.9,73605.6,73684.9,73647.2,0.09070114,12
1790760960,73674.1,73694.5,73635.0,73635.9,73670.2,0.03959409,17
1790761020,73635.8,73635.8,73601.0,73601.0,73630.6,0.02871139,6
1790761080,73606.5,73612.3,73582.9,73594.1,73601.1,0.06802935,17
1790761140,73619.4,73619.4,73581.5,73581.5,73594.5,0.0227377,8
1790761200,73581.4,73581.4,73566.7,73576.7,73576.9,0.03434105,14
1790761260,73566.4,73566.4,73540.0,73549.9,73559.5,0.97615379,24
1790761320,73550.0,73576.1,73542.8,73562.1,73550.5,1.40329694,30
1790761380,73549.4,73549.4,73543.0,73546.1,73546.1,0.01918719,7
1790761440,73546.3,73574.1,73546.3,73574.1,73566.8,0.01904811,5
1790761500,73576.3,73582.2,73546.5,73572.6,73557.2,0.27278768,22
1790761560,73575.6,73587.3,73575.1,73587.3,73585.6,0.00590618,5
1790761620,73587.3,73587.3,73572.5,73582.5,73585.6,0.03330043,8
1790761680,73583.5,73592.2,73583.2,73583.2,73587.3,0.00672909,8
1790761740,73586.1,73590.5,73572.7,73590.5,73577.7,0.03531325,8
1790761800,73589.1,73597.4,73589.0,73597.4,73594.9,0.01156166,5
1790761860,73593.7,73605.2,73593.7,73603.8,73598.5,0.67224197,11
1790761920,73604.5,73604.5,73570.3,73574.4,73578.6,0.08592128,8
1790761980,73571.0,73571.0,73566.3,73566.3,73570.2,0.15349101,6
1790762040,73570.6,73615.6,73570.6,73615.6,73594.8,0.07057552,9
1790762100,73618.6,73640.0,73593.4,73593.4,73609.0,1.64620583,22
1790762160,73606.8,73606.8,73594.1,73594.1,73596.4,0.00903094,5
1790762220,73597.8,73618.5,73597.8,73618.5,73601.5,0.03783618,7
1790762280,73618.5,73618.5,73606.3,73606.4,73614.9,0.02209818,6
1790762340,73611.2,73612.2,73608.6,73608.6,73611.5,0.03739568,11
1790762400,73608.6,73705.9,73607.5,73675.5,73620.6,0.1850837,42
1790762460,73685.4,73689.8,73654.8,73655.1,73674.0,0.34722618,14
1790762520,73654.4,73695.4,73633.8,73694.5,73661.5,1.85559998,29
1790762580,73685.8,73687.7,73652.6,73664.5,73675.4,0.23807809,13
1790762640,73665.6,73731.0,73665.6,73710.9,73687.7,0.3969774,11
1790762700,73687.7,73687.7,73679.0,73684.8,73685.3,0.18155022,8
1790762760,73684.7,73696.0,73684.6,73693.5,73688.6,0.05174235,10
1790762820,73683.7,73698.3,73683.7,73688.1,73691.4,0.00476793,5
1790762880,73686.2,73699.9,73686.2,73699.8,73689.4,0.02668439,3
1790762940,73699.9,73699.9,73666.9,73678.4,73693.7,0.14059405,13
1790727780,73578.4,73578.4,73578.4,73578.4,0.0,0.0,0
1790727840,73580.8,73623.3,73580.8,73622.9,73609.7,0.03976172,4
1790727900,73592.6,73651.8,73592.6,73650.0,73642.2,0.14944494,7
1790727960,73619.0,73621.2,73619.0,73621.2,73621.1,0.049667,2
1790728020,73638.8,73659.9,73618.1,73623.7,73638.8,0.15689169,12
1790728080,73662.8,73662.8,73662.8,73662.8,73662.8,0.0029,2
1790728140,73662.8,73662.8,73662.8,73662.8,0.0,0.0,0
1790728200,73681.1,73702.4,73681.1,73695.4,73701.1,0.00622966,5
1790728260,73687.7,73687.7,73687.7,73687.7,73687.7,5.005e-05,1
1790728320,73684.4,73694.0,73677.3,73694.0,73679.7,0.03102324,4
1790728380,73693.9,73694.3,73689.2,73690.9,73693.1,0.00040335,4
1790728440,73706.4,73715.2,73706.4,73715.2,73710.0,0.00123975,4
1790728500,73724.0,73731.6,73694.9,73694.9,73708.9,0.00811168,4
1790728560,73647.9,73647.9,73647.9,73647.9,73647.9,5.411e-05,1
1790728620,73629.0,73629.0,73629.0,73629.0,73629.0,5e-05,1
1790728680,73629.0,73629.0,73625.5,73625.5,73628.5,0.01083459,2
1790728740,73623.7,73625.8,73623.7,73625.6,73625.5,0.13492811,6
1790728800,73625.5,73631.8,73621.9,73631.8,73627.0,0.02455099,4
1790728860,73636.2,73654.8,73636.2,73654.8,73644.3,0.02541475,4
1790728920,73659.5,73659.5,73626.5,73626.5,73656.0,0.01558935,3
1790728980,73633.3,73633.3,73596.1,73596.1,73629.6,0.00895832,4
1790729040,73596.1,73596.1,73596.1,73596.1,0.0,0.0,0
1790729100,73616.1,73616.1,73572.2,73572.2,73613.3,0.00726563,4
1790729160,73569.5,73585.3,73569.5,73585.3,73573.9,0.006942,2
1790729220,73586.9,73595.8,73574.3,73584.1,73579.7,0.07261674,5
1790729280,73554.6,73554.6,73544.1,73544.9,73544.8,0.02823458,5
1790729340,73546.1,73546.1,73546.1,73546.1,73546.1,7.086e-05,1
1790729400,73524.1,73524.1,73524.1,73524.1,73524.1,7.177e-05,1
1790729460,73523.0,73523.0,73520.1,73520.2,73520.1,0.01672617,3
1790729520,73520.2,73544.5,73520.2,73542.2,73543.2,0.0137123,3
1790729580,73520.1,73520.1,73520.1,73520.1,73520.1,0.02638,2
1790729640,73520.1,73525.4,73507.7,73507.9,73518.2,0.07183039,8
1790729700,73507.3,73513.0,73501.6,73501.6,73507.0,0.1659842,5
1790729760,73504.1,73523.1,73503.1,73509.3,73510.3,0.04137217,8
1790729820,73501.1,73551.3,73501.1,73551.3,73502.7,0.13851363,4
1790729880,73547.9,73547.9,73522.5,73522.5,73523.6,0.193109,3
1790729940,73550.3,73576.8,73550.3,73554.7,73552.3,0.05847842,6
1790730000,73575.9,73575.9,73527.4,73544.5,73536.2,0.0543632,41
1790730060,73555.2,73555.2,73544.0,73545.7,73548.2,0.03943358,4
1790730120,73561.0,73590.9,73561.0,73590.9,73571.6,0.13408094,9
1790730180,73598.1,73599.6,73587.2,73587.2,73598.5,0.07464003,5
1790730240,73591.4,73591.4,73587.7,73590.2,73589.3,0.04751173,4
1790730300,73545.8,73553.2,73545.8,73553.2,73549.3,0.1164308,3
1790730360,73578.8,73578.8,73574.7,73574.7,73578.6,0.00116206,2
1790730420,73546.8,73546.8,73546.8,73546.8,73546.8,0.0357269,1
1790730480,73550.7,73551.5,73550.7,73551.5,73550.9,0.05073105,2
1790730540,73562.9,73622.8,73562.9,73615.1,73565.7,0.0578293,8
1790730600,73592.2,73592.2,73592.2,73592.2,73592.2,0.174788,1
1790730660,73575.9,73586.1,73575.9,73586.1,73575.9,0.01084534,2
1790730720,73590.9,73590.9,73570.6,73573.2,73580.1,0.00064844,3
1790730780,73550.8,73550.8,73550.8,73550.8,73550.8,0.0001,1
1790730840,73570.9,73570.9,73570.9,73570.9,73570.9,0.0018663,1
1790730900,73571.2,73581.1,73557.7,73557.7,73571.1,0.02100559,4
1790730960,73579.9,73579.9,73572.2,73572.2,73579.7,0.00673594,2
1790731020,73581.0,73582.2,73581.0,73582.2,73581.4,0.01923332,5
1790731080,73562.6,73562.6,73553.3,73553.3,73553.9,0.00078393,4
1790731140,73550.8,73550.8,73522.4,73522.4,73543.1,0.042879,3
1790731200,73525.7,73529.7,73524.7,73529.7,73527.2,0.01899563,5
1790731260,73550.8,73550.8,73533.8,73533.8,73544.8,0.00015411,2
1790731320,73539.4,73544.7,73539.4,73544.7,73543.6,0.06261094,4
1790731380,73571.3,73600.2,73571.3,73600.2,73571.8,0.01385548,2
1790731440,73604.2,73629.4,73604.2,73628.6,73625.2,0.07047667,6
1790731500,73648.0,73666.1,73646.1,73661.0,73657.3,0.00484213,7
1790731560,73663.5,73663.5,73628.7,73628.7,73640.6,0.03032021,3
1790731620,73604.4,73604.4,73588.7,73591.3,73590.8,0.06777596,5
1790731680,73579.8,73579.8,73579.8,73579.8,73579.8,0.00012474,1
1790731740,73579.5,73579.5,73564.6,73564.6,73565.7,0.13937157,2
1790731800,73550.8,73550.8,73469.0,73536.0,73500.1,0.2977593,40
1790731860,73525.4,73525.4,73503.7,73520.6,73524.8,0.02199802,3
1790731920,73520.6,73520.6,73520.6,73520.6,0.0,0.0,0
1790731980,73479.1,73484.1,73479.0,73484.1,73480.4,0.00019543,3
1790732040,73498.2,73498.2,73464.8,73464.8,73485.8,0.15107733,8
1790732100,73461.3,73476.8,73457.8,73476.8,73459.1,0.01736666,5
1790732160,73467.9,73492.3,73464.0,73492.3,73465.8,0.03495314,5
1790732220,73495.0,73498.8,73482.8,73496.7,73494.9,0.03358104,5
1790732280,73498.6,73498.6,73487.4,73487.4,73492.9,0.08998448,3
1790732340,73476.0,73476.0,73475.6,73475.6,73475.9,0.03600403,2
1790732400,73490.6,73490.6,73485.6,73485.6,73486.2,0.00124561,3
1790732460,73490.5,73490.5,73490.5,73490.5,73490.5,0.002064,1
1790732520,73494.2,73520.7,73494.2,73514.4,73495.7,0.00940043,5
1790732580,73507.3,73512.5,73507.3,73512.5,73509.8,0.004286,2
1790732640,73549.3,73549.3,73546.0,73546.0,73548.7,0.166518,2
1790732700,73558.5,73568.0,73546.7,73546.7,73563.0,0.07168841,5
1790732760,73545.9,73557.1,73545.9,73557.1,73546.0,0.03614508,2
1790732820,73557.1,73557.1,73557.1,73557.1,0.0,0.0,0
1790732880,73553.7,73553.7,73547.5,73547.5,73553.6,0.01005411,2
1790732940,73586.2,73586.2,73586.2,73586.2,73586.2,0.003288,1
1790733000,73586.2,73586.2,73586.2,73586.2,0.0,0.0,0
1790733060,73600.6,73624.1,73600.6,73621.4,73606.2,0.03529194,5
1790733120,73628.9,73636.8,73625.8,73625.8,73625.9,0.02668846,5
1790733180,73600.8,73600.8,73600.8,73600.8,73600.8,0.002699,1
1790733240,73593.7,73593.7,73593.7,73593.7,73593.7,5.411e-05,1
1790733300,73583.5,73583.5,73570.4,73581.4,73574.6,0.00572667,3
1790733360,73591.3,73591.3,73591.3,73591.3,73591.3,0.002577,1
1790733420,73589.3,73609.3,73589.3,73609.3,73589.3,0.13769298,2
1790733480,73587.5,73587.5,73587.5,73587.5,73587.5,0.004335,1
1790733540,73587.5,73587.5,73587.5,73587.5,0.0,0.0,0
1790733600,73600.0,73611.0,73582.0,73609.3,73595.4,0.03003567,31
1790733660,73630.8,73630.8,73630.8,73630.8,73630.8,0.00076477,2
1790733720,73618.9,73633.2,73615.4,73615.4,73618.3,0.0073241,3
1790733780,73601.6,73622.0,73593.9,73612.7,73616.5,0.02374368,7
1790733840,73620.6,73620.6,73620.6,73620.6,73620.6,0.0001103,1
1790733900,73657.2,73667.6,73657.2,73658.9,73661.9,0.1091592,5
1790733960,73673.6,73673.6,73672.6,73672.6,73673.2,0.00430809,3
1790734020,73672.6,73672.6,73672.6,73672.6,0.0,0.0,0
1790734080,73710.8,73710.8,73710.8,73710.8,73710.8,0.179512,1
1790734140,73668.0,73668.0,73650.6,73650.6,73665.3,0.00256316,3
1790734200,73650.6,73650.6,73650.6,73650.6,0.0,0.0,0
1790734260,73628.1,73646.0,73628.1,73646.0,73645.4,0.00160609,2
1790734320,73637.9,73637.9,73618.8,73618.8,73626.2,0.00267991,5
1790734380,73616.1,73665.3,73616.1,73665.3,73644.7,0.00213884,2
1790734440,73621.5,73621.5,73621.5,73621.5,73621.5,6.791e-05,1
1790734500,73603.1,73622.9,73576.1,73622.9,73595.5,0.00232425,6
1790734560,73601.3,73601.3,73565.9,73565.9,73570.3,0.00155483,3
1790734620,73566.9,73568.5,73566.9,73568.4,73567.4,0.00134028,3
1790734680,73544.9,73544.9,73537.9,73543.6,73540.2,0.09549482,5
1790734740,73550.8,73551.9,73538.4,73547.7,73543.1,0.09424516,9
1790734800,73508.4,73515.5,73508.3,73515.5,73513.7,0.00245926,6
1790734860,73538.5,73563.5,73538.5,73563.5,73539.4,0.00141394,2
1790734920,73594.6,73614.9,73594.6,73614.9,73612.7,0.00088585,2
1790734980,73637.8,73637.8,73637.8,73637.8,73637.8,0.00133757,1
1790735040,73618.6,73618.6,73594.3,73594.3,73617.2,0.09488111,3
1790735100,73588.2,73588.2,73566.1,73567.6,73567.8,0.00633887,4
1790735160,73567.6,73567.6,73567.6,73567.6,0.0,0.0,0
1790735220,73556.7,73556.7,73546.1,73546.1,73554.5,0.00271334,4
1790735280,73551.7,73551.7,73551.7,73551.7,73551.7,0.00028,1
1790735340,73551.7,73551.7,73528.8,73528.8,73529.5,0.16639326,3
1790735400,73552.0,73561.3,73535.8,73536.1,73547.9,0.00830243,10
1790735460,73547.7,73547.7,73547.7,73547.7,73547.7,0.00066125,1
1790735520,73515.1,73517.0,73500.1,73500.1,73513.7,0.00704479,3
1790735580,73502.3,73502.3,73502.3,73502.3,73502.3,5.411e-05,1
1790735640,73500.0,73500.0,73487.6,73487.6,73494.1,0.0011511,3
1790735700,73487.6,73487.6,73487.6,73487.6,0.0,0.0,0
1790735760,73458.5,73458.5,73429.8,73434.3,73436.8,0.08027455,15
1790735820,73460.8,73495.6,73460.8,73468.8,73474.8,0.04514436,7
1790735880,73453.9,73453.9,73444.8,73444.8,73451.1,0.16110471,6
1790735940,73454.5,73464.1,73447.6,73464.1,73462.3,0.01475925,5
1790736000,73479.0,73539.2,73479.0,73539.2,73486.4,0.07040777,7
1790736060,73570.3,73570.3,73570.3,73570.3,73570.3,0.00503217,1
1790736120,73565.3,73565.3,73495.2,73495.2,73511.1,0.21763061,7
1790736180,73489.8,73497.8,73489.8,73497.8,73491.5,0.01230574,3
1790736240,73497.8,73515.1,73497.8,73515.1,73502.6,0.04247018,3
1790736300,73500.3,73510.7,73500.3,73500.3,73501.0,0.00517481,6
1790736360,73513.0,73535.6,73513.0,73525.0,73517.9,0.01887198,4
1790736420,73537.8,73560.1,73537.8,73560.1,73544.7,0.01323046,3
1790736480,73570.4,73570.4,73570.4,73570.4,73570.4,5.411e-05,1
1790736540,73570.9,73570.9,73549.9,73549.9,73564.9,0.01046667,4
1790736600,73532.0,73532.0,73532.0,73532.0,73532.0,0.00455273,1
1790736660,73545.1,73565.9,73545.1,73552.8,73553.4,0.01245531,5
1790736720,73536.1,73574.6,73536.1,73547.6,73544.1,0.05172086,28
1790736780,73549.1,73552.8,73537.0,73540.3,73546.1,0.05622768,62
1790736840,73540.3,73543.4,73529.3,73536.1,73535.4,0.00778243,9
1790736900,73536.1,73536.1,73536.1,73536.1,0.0,0.0,0
1790736960,73542.4,73542.4,73500.6,73500.6,73528.6,0.01292678,3
1790737020,73500.5,73500.5,73500.5,73500.5,73500.5,5.411e-05,1
1790737080,73500.2,73500.2,73500.2,73500.2,73500.2,0.00268842,1
1790737140,73500.2,73500.2,73500.2,73500.2,0.0,0.0,0
1790737200,73500.0,73543.3,73500.0,73509.8,73506.1,0.0161606,15
1790737260,73499.3,73500.9,73486.5,73486.5,73499.7,0.03112871,3
1790737320,73466.7,73478.0,73466.7,73477.1,73469.9,0.00042878,3
1790737380,73487.4,73487.4,73471.7,73477.1,73486.4,0.00216783,4
1790737440,73491.3,73510.8,73491.3,73510.8,73495.4,0.09649084,4
1790737500,73519.1,73527.9,73519.1,73527.9,73521.4,0.01530086,12
1790737560,73541.8,73541.8,73522.8,73522.8,73535.5,0.01316904,3
1790737620,73502.7,73502.7,73496.8,73502.2,73499.8,0.01893416,3
1790737680,73505.9,73505.9,73483.0,73489.9,73498.4,0.00645823,7
1790737740,73515.5,73515.5,73512.0,73512.8,73514.5,0.07374095,6
1790737800,73509.8,73509.8,73502.3,73502.3,73502.3,0.019918,2
1790737860,73482.9,73482.9,73482.9,73482.9,73482.9,0.00136082,1
1790737920,73484.8,73484.8,73484.6,73484.6,73484.6,0.01243584,3
1790737980,73482.8,73482.8,73468.1,73468.1,73471.2,0.02884143,10
1790738040,73468.0,73468.0,73466.1,73466.1,73466.6,0.00028311,3
1790738100,73463.3,73463.3,73457.0,73461.6,73461.3,0.00469197,17
1790738160,73450.8,73450.8,73389.3,73391.3,73395.9,0.96356627,54
1790738220,73384.5,73397.0,73382.0,73382.0,73387.0,0.01203395,6
1790738280,73370.0,73370.0,73339.1,73339.1,73348.6,0.06776357,31
1790738340,73343.6,73343.6,73330.1,73330.1,73332.0,0.01027331,19
1790738400,73330.1,73337.8,73330.1,73337.8,73337.3,0.00737034,4
1790738460,73366.5,73394.0,73366.5,73394.0,73366.6,0.00919672,3
1790738520,73429.0,73437.0,73419.9,73419.9,73428.4,0.02772744,5
1790738580,73436.3,73442.4,73436.3,73442.4,73438.1,0.018685,3
1790738640,73434.1,73435.6,73410.7,73416.8,73421.6,0.04806088,9
1790738700,73404.1,73414.5,73402.4,73402.4,73404.7,0.01164457,5
1790738760,73402.4,73402.4,73402.4,73402.4,0.0,0.0,0
1790738820,73395.4,73411.8,73395.4,73411.8,73396.2,0.01075011,3
1790738880,73443.3,73443.3,73443.0,73443.0,73443.2,0.20026866,3
1790738940,73453.8,73453.8,73444.3,73447.8,73446.4,0.01459482,6
1790739000,73447.8,73447.8,73425.1,73425.1,73447.1,0.01027055,9
1790739060,73420.6,73420.6,73414.6,73414.6,73416.2,0.0339626,4
1790739120,73414.6,73414.6,73414.6,73414.6,0.0,0.0,0
1790739180,73416.2,73442.5,73416.2,73442.5,73421.2,0.06975257,6
1790739240,73447.1,73450.4,73447.1,73450.4,73449.3,0.00454757,2
1790739300,73460.3,73460.3,73456.7,73456.7,73457.2,0.03199665,2
1790739360,73446.4,73459.3,73438.9,73459.3,73444.3,0.01508745,5
1790739420,73477.1,73503.0,73477.1,73502.9,73497.1,0.06782013,6
1790739480,73514.1,73514.1,73511.1,73511.1,73512.3,0.0001181,2
1790739540,73512.4,73535.4,73512.4,73535.4,73513.2,0.00274448,3
1790739600,73523.6,73541.8,73523.5,73541.8,73532.1,0.01079108,8
1790739660,73550.8,73576.5,73550.8,73557.7,73561.6,0.03071604,11
1790739720,73567.1,73567.1,73543.2,73557.0,73557.8,0.05057887,5
1790739780,73548.7,73562.5,73548.7,73562.5,73556.5,0.6719482,5
1790739840,73546.8,73546.8,73516.3,73516.3,73528.7,0.01021695,3
1790739900,73516.2,73516.2,73511.0,73511.0,73511.1,0.00352799,4
1790739960,73485.8,73486.8,73485.7,73486.8,73485.9,0.00587945,3
1790740020,73498.9,73498.9,73493.8,73493.8,73497.8,0.00634705,2
1790740080,73494.6,73494.6,73489.6,73489.6,73494.5,0.0054967,2
1790740140,73492.1,73492.1,73492.1,73492.1,73492.1,0.00020049,1
1790740200,73489.7,73500.6,73473.8,73500.2,73486.7,0.0851529,14
1790740260,73499.8,73499.8,73469.0,73475.4,73489.2,0.01394761,7
1790740320,73460.0,73460.0,73459.2,73459.2,73459.2,0.00635109,2
1790740380,73471.5,73474.0,73459.7,73474.0,73463.4,0.02840256,3
1790740440,73483.5,73486.8,73481.9,73481.9,73483.7,0.00705184,4
1790740500,73484.8,73484.8,73457.1,73457.1,73478.1,0.11325585,9
1790740560,73462.7,73462.7,73457.1,73457.1,73459.5,0.01193736,3
1790740620,73452.8,73456.3,73452.8,73456.3,73452.8,0.04510311,2
1790740680,73456.2,73478.6,73456.2,73478.6,73459.7,0.00919135,6
1790740740,73476.4,73476.4,73476.4,73476.4,73476.4,0.00681225,2
1790740800,73476.4,73507.7,73476.4,73507.7,73484.0,0.05549744,45
1790740860,73502.4,73502.4,73502.4,73502.4,73502.4,0.0088,1
1790740920,73515.0,73515.0,73515.0,73515.0,73515.0,0.00981233,1
1790740980,73556.4,73558.1,73556.4,73558.1,73556.4,0.0063358,3
1790741040,73569.0,73571.9,73549.8,73571.9,73567.1,0.03527785,6
1790741100,73575.5,73577.5,73574.6,73577.5,73576.1,0.01708472,5
1790741160,73554.6,73554.6,73530.2,73534.4,73550.7,0.01134326,8
1790741220,73535.3,73535.3,73535.3,73535.3,73535.3,0.00428305,2
1790741280,73518.1,73518.1,73511.8,73516.1,73513.2,0.05889903,4
1790741340,73512.0,73512.0,73495.1,73495.5,73511.7,0.02988934,4
1790741400,73495.5,73509.3,73495.5,73508.7,73497.7,0.04399956,8
1790741460,73506.2,73509.5,73506.2,73509.5,73509.1,0.01201872,2
1790741520,73537.9,73537.9,73531.1,73531.1,73536.0,0.00249399,5
1790741580,73543.8,73544.6,73543.8,73544.6,73544.2,0.01651983,2
1790741640,73554.4,73554.4,73554.4,73554.4,73554.4,0.00135954,1
1790741700,73543.4,73555.8,73543.4,73555.8,73547.7,0.00015364,2
1790741760,73559.6,73569.3,73559.6,73569.3,73568.9,0.01941838,4
1790741820,73569.3,73572.9,73569.3,73572.9,73569.5,0.00357425,2
1790741880,73578.4,73592.0,73578.4,73592.0,73578.4,0.01198763,3
1790741940,73597.0,73597.0,73590.4,73590.4,73593.3,0.12385618,4
1790742000,73555.1,73561.1,73553.4,73561.1,73555.0,0.00105198,6
1790742060,73561.0,73574.7,73561.0,73574.7,73564.4,0.04777602,5
1790742120,73574.6,73579.5,73574.6,73574.9,73575.1,0.17873988,6
1790742180,73563.2,73563.2,73553.0,73553.0,73559.5,0.00298984,3
1790742240,73559.6,73559.6,73537.9,73537.9,73553.2,0.0315731,5
1790742300,73536.4,73573.6,73536.4,73573.6,73559.9,0.29083935,9
1790742360,73589.0,73589.0,73586.5,73586.5,73587.6,0.0002732,2
1790742420,73578.7,73578.9,73578.7,73578.9,73578.7,0.00717332,3
1790742480,73578.6,73578.6,73562.0,73562.0,73573.6,0.0028437,2
1790742540,73545.9,73552.1,73540.6,73540.6,73543.5,0.02554669,3
1790742600,73542.2,73542.2,73542.2,73542.2,73542.2,0.00012223,2
1790742660,73514.4,73514.4,73514.4,73514.4,73514.4,0.06292032,2
1790742720,73523.6,73523.6,73509.8,73513.8,73509.9,0.04524117,6
1790742780,73500.3,73500.3,73500.2,73500.3,73500.2,0.0058529,3
1790742840,73500.2,73500.2,73500.2,73500.2,73500.2,0.00014503,1
1790742900,73495.0,73495.0,73476.7,73488.4,73479.0,0.30343038,21
1790742960,73488.4,73573.2,73481.5,73573.2,73496.9,0.23576222,22
1790743020,73576.2,73576.2,73550.8,73550.9,73551.0,0.01912016,23
1790743080,73550.1,73550.2,73550.1,73550.2,73550.1,0.01337327,2
1790743140,73550.0,73550.0,73533.2,73533.2,73549.5,0.00209353,2
1790743200,73538.6,73538.6,73526.4,73526.4,73526.5,0.17367535,5
1790743260,73500.0,73503.6,73499.0,73503.6,73503.4,0.03721004,4
1790743320,73510.6,73511.8,73510.6,73511.8,73511.5,0.01079705,5
1790743380,73511.7,73511.8,73511.7,73511.7,73511.7,0.02182729,5
1790743440,73501.7,73501.7,73501.7,73501.7,73501.7,0.00067213,1
1790743500,73503.6,73516.2,73503.6,73510.1,73504.0,0.2869671,8
1790743560,73510.1,73510.1,73510.0,73510.0,73510.0,0.00425993,3
1790743620,73500.0,73500.0,73500.0,73500.0,73500.0,0.00914285,3
1790743680,73490.0,73490.1,73490.0,73490.1,73490.0,0.01506416,8
1790743740,73490.0,73490.0,73469.1,73469.1,73481.0,0.01374117,7
1790743800,73456.8,73456.8,73450.1,73450.3,73450.3,0.03746935,3
1790743860,73459.5,73459.5,73448.8,73448.8,73450.1,0.04256711,8
1790743920,73439.9,73439.9,73429.5,73435.7,73436.6,0.00820166,19
1790743980,73435.7,73435.7,73435.7,73435.7,73435.7,0.01448727,62
1790744040,73435.7,73435.7,73413.7,73413.7,73432.4,0.13086104,102
1790744100,73413.7,73422.0,73413.7,73422.0,73415.0,0.01741708,44
1790744160,73421.3,73421.4,73421.3,73421.3,73421.3,0.00734364,13
1790744220,73417.8,73424.3,73417.8,73418.0,73420.3,0.05028704,15
1790744280,73418.0,73418.0,73418.0,73418.0,0.0,0.0,0
1790744340,73421.1,73421.1,73406.0,73406.0,73414.3,0.08084495,11
1790744400,73407.5,73485.5,73407.5,73485.5,73451.5,0.04035664,44
1790744460,73508.2,73522.6,73508.2,73522.6,73512.4,0.00914685,3
1790744520,73530.3,73530.3,73511.5,73511.5,73528.6,0.01177035,2
1790744580,73495.0,73495.0,73467.1,73470.4,73478.9,0.22978439,7
1790744640,73475.9,73478.1,73460.1,73463.1,73473.9,0.0070018,7
1790744700,73467.4,73467.4,73460.0,73467.1,73465.0,0.03070251,9
1790744760,73479.9,73504.7,73479.9,73500.1,73488.0,0.00168586,4
1790744820,73495.2,73496.6,73460.0,73460.0,73480.6,0.05719586,6
1790744880,73460.1,73463.2,73460.0,73463.2,73460.8,0.0145332,5
1790744940,73460.8,73491.0,73458.8,73491.0,73464.2,0.01164177,8
1790745000,73476.2,73484.8,73458.0,73458.0,73481.7,0.01106232,7
1790745060,73458.0,73468.9,73458.0,73468.7,73463.9,0.00910258,6
1790745120,73474.7,73474.7,73452.7,73452.7,73469.7,0.00558693,5
1790745180,73430.1,73438.9,73428.9,73430.4,73430.2,0.01240579,4
1790745240,73429.2,73429.2,73429.1,73429.1,73429.1,0.05445963,13
1790745300,73429.0,73429.0,73382.1,73382.1,73402.7,0.0794674,14
1790745360,73384.8,73385.0,73382.6,73385.0,73384.8,0.00327938,4
1790745420,73385.0,73403.4,73385.0,73403.4,73393.1,0.01963454,6
1790745480,73403.3,73428.6,73403.3,73428.6,73405.8,0.02039418,3
1790745540,73428.2,73452.5,73428.2,73452.4,73432.6,0.09644414,9
1790745600,73450.0,73468.3,73431.6,73463.6,73458.2,0.02064292,11
1790745660,73464.6,73464.7,73455.3,73455.4,73459.6,0.03714096,8
1790745720,73455.4,73455.4,73441.4,73441.5,73454.1,0.07368528,8
1790745780,73450.3,73470.5,73450.3,73470.5,73460.0,0.06102973,9
1790745840,73488.5,73496.0,73488.5,73496.0,73495.9,0.73764548,6
1790745900,73536.4,73536.4,73472.7,73472.7,73499.1,0.17141328,11
1790745960,73475.0,73476.9,73471.1,73471.2,73474.6,0.02208272,7
1790746020,73460.0,73509.6,73460.0,73509.6,73475.1,0.03424403,7
1790746080,73509.6,73509.6,73509.6,73509.6,0.0,0.0,0
1790746140,73516.7,73535.0,73516.7,73535.0,73526.5,0.00466076,8
1790746200,73537.1,73584.4,73537.1,73584.4,73568.4,0.07477255,12
1790746260,73589.0,73626.7,73589.0,73618.5,73597.6,0.05046088,11
1790746320,73622.5,73637.1,73568.5,73585.4,73597.1,0.18603317,9
1790746380,73564.1,73567.7,73557.3,73567.7,73563.8,0.00208206,5
1790746440,73564.8,73594.3,73564.8,73594.3,73570.6,0.01897199,7
1790746500,73587.4,73629.3,73573.0,73605.5,73604.6,1.51794153,25
1790746560,73576.9,73609.6,73576.9,73608.6,73577.3,0.02026672,3
1790746620,73590.8,73592.4,73572.3,73577.5,73578.8,0.10194495,23
1790746680,73573.7,73583.0,73573.7,73583.0,73578.4,0.10281844,9
1790746740,73583.0,73610.2,73583.0,73609.0,73594.1,0.01530288,4
1790746800,73607.6,73607.6,73597.8,73597.8,73598.7,0.03715386,10
1790746860,73597.7,73597.8,73597.7,73597.8,73597.7,0.02960718,14
1790746920,73597.8,73597.8,73597.7,73597.8,73597.7,0.02248258,17
1790746980,73597.8,73598.0,73597.7,73598.0,73597.8,0.02785754,14
1790747040,73598.0,73615.7,73598.0,73600.2,73600.5,0.06850652,17
1790747100,73600.1,73610.9,73598.2,73600.4,73602.6,0.05309322,26
1790747160,73597.8,73609.8,73565.6,73565.6,73597.6,0.99613743,20
1790747220,73567.0,73573.8,73560.4,73560.4,73564.7,0.02165528,18
1790747280,73561.2,73561.2,73541.8,73548.6,73551.2,0.18975945,23
1790747340,73550.1,73553.7,73540.7,73553.7,73553.0,0.10424903,22
1790747400,73550.4,73562.9,73546.3,73561.2,73554.8,0.030243,19
1790747460,73561.2,73561.2,73529.8,73529.8,73546.4,0.11957409,40
1790747520,73529.7,73529.7,73504.6,73504.6,73511.1,0.0171249,20
1790747580,73506.0,73508.1,73500.0,73500.2,73503.7,0.02252837,17
1790747640,73500.1,73500.1,73500.1,73500.1,73500.1,0.00935097,18
1790747700,73500.0,73500.0,73480.1,73480.1,73498.1,0.06869943,19
1790747760,73480.1,73480.1,73480.0,73480.0,73480.0,0.00552011,14
1790747820,73471.1,73471.1,73430.0,73430.0,73469.1,0.03823083,20
1790747880,73430.0,73496.3,73419.8,73496.3,73437.8,0.18774262,21
1790747940,73509.0,73509.0,73477.9,73479.6,73498.8,0.11007932,20
1790748000,73479.6,73493.6,73453.5,73493.6,73470.1,0.02992841,23
1790748060,73497.0,73498.8,73478.2,73489.4,73486.4,0.00635273,4
1790748120,73470.3,73527.4,73470.0,73527.4,73514.6,1.10582109,16
1790748180,73486.6,73486.6,73465.4,73473.1,73476.8,0.00505814,7
1790748240,73465.4,73465.4,73456.9,73459.5,73464.8,0.1095075,6
1790748300,73459.0,73460.4,73459.0,73460.4,73459.3,0.03469361,6
1790748360,73465.0,73465.0,73419.9,73419.9,73456.6,0.00631357,6
1790748420,73419.7,73419.7,73377.4,73377.4,73400.1,0.3196631,8
1790748480,73391.8,73391.8,73373.3,73375.7,73381.8,0.00554798,8
1790748540,73377.5,73377.5,73370.0,73370.0,73370.4,0.00578809,5
1790748600,73362.7,73363.8,73362.7,73363.8,73362.7,0.01015782,5
1790748660,73363.8,73363.8,73350.0,73350.0,73361.4,0.01800575,5
1790748720,73338.8,73338.8,73301.2,73301.2,73317.9,0.21942187,10
1790748780,73300.1,73300.2,73279.6,73279.6,73299.7,0.09100058,22
1790748840,73280.0,73280.0,73200.1,73205.7,73246.8,0.49654758,24
1790748900,73221.6,73252.2,73220.2,73220.2,73234.9,0.22919094,16
1790748960,73207.7,73215.0,73203.0,73203.0,73207.3,0.01729145,7
1790749020,73222.7,73242.8,73222.1,73242.8,73227.9,0.03360949,4
1790749080,73230.7,73254.6,73230.7,73253.6,73241.9,0.07009592,10
1790749140,73253.6,73253.6,73250.0,73250.0,73250.0,0.24691337,7
1790749200,73235.6,73235.6,73210.9,73219.3,73230.7,0.13491736,30
1790749260,73219.3,73244.7,73219.3,73227.7,73227.9,0.02888749,26
1790749320,73233.1,73233.1,73200.1,73200.7,73220.7,0.10649706,31
1790749380,73200.7,73230.1,73200.7,73221.0,73218.9,0.22546674,31
1790749440,73214.5,73215.1,73186.4,73186.5,73200.1,0.83047033,28
1790749500,73186.5,73186.5,73169.5,73172.2,73171.6,0.16878699,12
1790749560,73171.1,73171.2,73163.0,73163.0,73168.9,0.41107438,6
1790749620,73160.1,73160.1,73134.1,73153.6,73144.8,0.03843466,13
1790749680,73152.9,73191.1,73152.9,73191.1,73168.0,0.05897183,8
1790749740,73212.2,73219.4,73212.2,73214.2,73215.0,0.0163142,5
1790749800,73213.3,73213.3,73182.4,73205.5,73189.2,0.04991065,9
1790749860,73202.6,73230.8,73197.8,73230.8,73210.1,0.20983902,12
1790749920,73230.8,73230.8,73198.4,73212.0,73208.2,0.15972539,10
1790749980,73216.6,73227.8,73197.8,73197.8,73210.7,0.06164559,14
1790750040,73183.1,73200.6,73183.1,73200.6,73193.1,0.01687004,7
1790750100,73218.5,73218.5,73195.7,73198.3,73212.4,0.00934142,9
1790750160,73209.6,73225.9,73209.6,73225.9,73216.5,0.41289642,14
1790750220,73226.8,73226.8,73190.4,73192.1,73206.1,0.08748717,14
1790750280,73192.1,73214.3,73192.1,73214.3,73201.8,0.07932862,10
1790750340,73211.5,73211.5,73176.0,73176.0,73189.3,0.04501356,17
1790750400,73176.1,73216.3,73163.4,73216.3,73172.4,0.17389023,20
1790750460,73209.8,73212.5,73187.7,73191.0,73190.9,0.18131247,9
1790750520,73165.4,73199.9,73165.4,73199.9,73169.0,0.02440907,6
1790750580,73199.9,73217.7,73182.8,73190.3,73198.8,0.01922087,11
1790750640,73180.7,73199.6,73180.6,73180.8,73183.3,0.03287041,6
1790750700,73166.1,73166.1,73112.2,73118.7,73139.6,0.0280987,15
1790750760,73140.9,73140.9,73127.4,73133.5,73133.6,0.15730918,16
1790750820,73131.6,73131.6,73106.2,73106.2,73117.5,0.00136571,4
1790750880,73110.3,73116.6,73105.9,73116.6,73112.8,0.0646417,15
1790750940,73109.3,73109.3,73105.6,73105.6,73107.4,0.01611217,16
1790751000,73105.6,73118.6,73082.6,73088.1,73097.1,0.39251875,42
1790751060,73088.1,73100.3,73081.1,73100.3,73093.7,0.03749129,55
1790751120,73127.5,73161.9,73111.3,73161.9,73139.4,0.11724495,98
1790751180,73162.7,73165.7,73150.6,73162.3,73159.1,0.27983562,39
1790751240,73165.0,73181.4,73163.4,73181.4,73165.4,0.19558834,24
1790751300,73186.5,73267.8,73185.8,73267.8,73204.5,0.04476586,33
1790751360,73267.7,73267.7,73212.3,73212.4,73263.9,0.63099011,12
1790751420,73212.5,73220.7,73212.5,73217.0,73219.4,0.17738772,15
1790751480,73216.9,73227.1,73216.9,73227.1,73222.5,0.00495142,3
1790751540,73227.1,73227.1,73129.6,73133.6,73208.4,0.55105388,37
1790751600,73133.6,73133.6,73072.3,73072.4,73101.2,0.16559182,81
1790751660,73072.4,73105.1,73058.2,73101.2,73076.0,0.10559387,24
1790751720,73105.4,73153.9,73105.4,73148.2,73146.6,0.02255272,10
1790751780,73153.6,73174.6,73148.6,73148.6,73155.8,0.15907645,20
1790751840,73143.6,73143.9,73126.6,73126.6,73136.3,0.01197667,10
1790751900,73126.6,73134.6,73114.6,73134.6,73124.7,0.0132409,10
1790751960,73114.7,73114.7,73091.8,73099.0,73101.9,0.51067695,15
1790752020,73099.0,73099.0,73092.1,73094.6,73096.0,0.00366246,5
1790752080,73109.6,73121.2,73109.6,73120.5,73118.9,0.41396773,12
1790752140,73134.5,73134.6,73126.7,73129.8,73130.5,0.28658763,16
1790752200,73134.5,73134.6,73125.2,73134.6,73125.9,0.03654258,13
1790752260,73132.7,73134.6,73121.0,73121.0,73131.1,0.16451105,15
1790752320,73109.6,73109.6,73100.1,73100.1,73106.7,0.02019151,9
1790752380,73100.0,73105.0,73094.0,73105.0,73098.8,0.16042417,10
1790752440,73112.7,73130.4,73107.8,73108.5,73115.4,0.01372499,8
1790752500,73112.5,73134.6,73112.5,73134.6,73126.5,0.07267018,34
1790752560,73154.9,73178.1,73153.2,73178.1,73160.5,0.00702341,9
1790752620,73178.1,73181.5,73177.7,73179.7,73180.8,0.02223691,5
1790752680,73179.4,73222.0,73179.4,73213.5,73193.4,0.02798406,14
1790752740,73223.2,73293.8,73223.2,73293.8,73245.1,0.06899302,17
1790752800,73294.8,73308.2,73293.1,73300.3,73299.8,0.06118059,24
1790752860,73300.7,73309.5,73293.5,73300.9,73305.8,0.06043344,19
1790752920,73307.3,73329.2,73307.3,73308.0,73316.3,0.03745462,10
1790752980,73310.0,73373.3,73310.0,73373.3,73349.8,0.06437132,8
1790753040,73400.0,73400.0,73369.4,73391.6,73398.6,0.29441227,12
1790753100,73396.6,73440.0,73396.6,73419.6,73421.8,0.1065843,13
1790753160,73419.2,73426.6,73403.9,73403.9,73425.8,0.01435458,4
1790753220,73439.9,73440.0,73402.2,73402.2,73426.8,0.09701087,10
1790753280,73402.2,73402.2,73355.6,73355.6,73386.0,2.46082542,17
1790753340,73355.6,73355.6,73337.9,73345.6,73347.0,0.07805906,11
1790753400,73364.1,73364.1,73325.0,73348.3,73337.0,0.15118076,28
1790753460,73355.8,73376.4,73351.9,73372.0,73355.1,0.09255584,15
1790753520,73383.5,73385.3,73375.6,73375.6,73379.4,0.0167818,9
1790753580,73373.3,73389.5,73373.3,73389.5,73384.0,0.0246601,13
1790753640,73389.6,73405.8,73389.6,73405.8,73399.1,0.06027939,7
1790753700,73418.9,73418.9,73418.8,73418.8,73418.8,0.00047312,2
1790753760,73440.0,73481.7,73440.0,73461.2,73452.9,0.77204515,12
1790753820,73461.2,73480.0,73461.1,73465.9,73476.4,0.40236128,19
1790753880,73469.6,73475.9,73452.2,73467.9,73467.2,0.08682965,10
1790753940,73464.6,73475.9,73463.3,73463.3,73470.4,0.02818174,12
1790754000,73460.0,73475.9,73460.0,73474.3,73472.7,0.01392432,15
1790754060,73474.3,73475.9,73470.2,73470.2,73475.6,0.00960385,7
1790754120,73470.0,73476.0,73470.0,73476.0,73471.6,0.03313942,10
1790754180,73476.0,73476.0,73476.0,73476.0,73476.0,0.00809737,4
1790754240,73476.0,73500.0,73476.0,73499.9,73479.4,1.1617089,11
1790754300,73500.0,73504.4,73500.0,73500.2,73501.8,0.17253741,17
1790754360,73500.2,73500.2,73464.1,73479.3,73496.1,0.2160476,15
1790754420,73483.0,73487.6,73466.6,73469.0,73481.9,0.02776633,11
1790754480,73483.5,73483.5,73470.6,73482.6,73476.1,0.0625219,15
1790754540,73482.6,73513.7,73479.3,73513.7,73501.4,2.70157453,14
1790754600,73513.8,73550.7,73513.8,73550.7,73533.0,0.04044198,4
1790754660,73550.8,73553.0,73515.0,73524.4,73533.6,0.69230828,16
1790754720,73524.7,73540.9,73524.6,73532.2,73532.7,0.02635398,14
1790754780,73522.4,73537.6,73520.0,73524.2,73522.8,0.02533334,15
1790754840,73524.1,73537.6,73493.9,73493.9,73521.6,0.05707869,15
1790754900,73493.7,73499.6,73477.9,73479.1,73493.9,0.16535396,12
1790754960,73481.3,73481.3,73450.0,73450.0,73467.4,0.20987348,20
1790755020,73450.2,73451.6,73432.5,73432.5,73443.4,0.06416526,36
1790755080,73432.5,73449.9,73432.5,73438.9,73445.8,0.02962211,6
1790755140,73437.1,73437.1,73395.4,73395.4,73404.7,0.07516414,20
1790755200,73395.1,73395.1,73376.3,73377.8,73394.6,0.60412546,75
1790755260,73377.8,73378.6,73340.4,73340.4,73371.8,0.15380605,14
1790755320,73332.4,73332.4,73318.9,73330.9,73329.1,0.02441789,8
1790755380,73341.2,73395.6,73341.2,73395.6,73359.5,0.47331211,20
1790755440,73400.2,73400.2,73350.8,73364.3,73380.9,0.03052271,14
1790755500,73377.1,73377.4,73333.7,73345.6,73349.8,0.31307196,19
1790755560,73360.4,73364.4,73358.5,73360.1,73360.6,0.02533964,14
1790755620,73358.4,73358.4,73300.0,73300.0,73331.4,0.13317887,24
1790755680,73300.8,73321.9,73299.2,73312.9,73305.6,0.01368983,10
1790755740,73310.8,73315.4,73298.4,73298.4,73312.6,0.019337,6
1790755800,73296.1,73298.4,73287.3,73298.4,73294.2,0.00763057,8
1790755860,73300.5,73300.5,73266.9,73266.9,73278.0,0.02710156,10
1790755920,73264.9,73269.6,73250.8,73253.6,73264.4,0.09037136,9
1790755980,73253.6,73257.1,73248.9,73248.9,73255.6,0.06306821,15
1790756040,73242.0,73242.5,73226.1,73237.1,73241.4,0.01278438,7
1790756100,73237.1,73260.8,73232.9,73260.8,73237.2,0.06131762,8
1790756160,73262.2,73280.7,73262.2,73280.7,73264.3,0.28625212,12
1790756220,73303.0,73316.0,73277.4,73297.0,73292.3,3.13391266,37
1790756280,73309.8,73360.4,73309.8,73354.0,73330.0,0.00566151,8
1790756340,73352.1,73352.4,73310.3,73310.3,73328.0,0.08207175,12
1790756400,73288.2,73304.5,73288.2,73300.9,73302.5,0.20711165,14
1790756460,73322.6,73352.4,73322.6,73352.4,73334.4,0.02526351,11
1790756520,73351.5,73351.6,73325.0,73325.0,73345.6,0.07470192,14
1790756580,73325.1,73330.4,73308.8,73308.8,73324.5,0.09093669,9
1790756640,73304.0,73304.0,73252.1,73271.8,73296.1,0.2004831,12
1790756700,73265.8,73265.8,73248.2,73248.2,73264.3,0.00250897,2
1790756760,73232.9,73232.9,73216.5,73232.3,73217.4,0.19416096,8
1790756820,73233.6,73251.2,73219.1,73251.2,73239.1,0.01611298,9
1790756880,73246.7,73268.5,73233.5,73268.5,73242.5,0.03237193,6
1790756940,73239.3,73241.8,73231.7,73231.7,73241.3,0.01707482,8
1790757000,73221.3,73221.3,73150.1,73150.1,73197.4,0.44663464,36
1790757060,73150.1,73150.1,73131.3,73131.3,73148.2,0.05560217,7
1790757120,73133.5,73133.5,73114.5,73122.9,73120.7,0.04141628,10
1790757180,73115.0,73126.8,73115.0,73118.1,73118.8,0.0393174,8
1790757240,73132.2,73154.5,73132.2,73153.7,73141.5,0.01361086,9
1790757300,73148.7,73149.0,73115.9,73145.0,73146.9,0.06682463,10
1790757360,73148.3,73150.0,73127.9,73127.9,73149.5,0.35658786,10
1790757420,73133.9,73133.9,73133.4,73133.5,73133.4,0.03246255,6
1790757480,73180.6,73213.2,73180.6,73209.3,73195.5,0.15431382,11
1790757540,73211.3,73219.9,73211.3,73213.7,73215.0,0.00060198,5
1790757600,73220.0,73220.7,73206.0,73214.6,73215.2,0.98025585,31
1790757660,73212.7,73214.9,73180.0,73180.0,73199.8,0.72232708,10
1790757720,73180.1,73180.1,73158.4,73158.4,73163.4,0.08869867,9
1790757780,73158.4,73158.4,73133.2,73133.2,73146.5,0.03837858,11
1790757840,73138.8,73151.5,73138.8,73151.5,73139.6,0.01273503,3
1790757900,73149.8,73152.3,73144.2,73144.5,73145.5,0.31169607,16
1790757960,73144.5,73153.7,73144.5,73153.7,73153.6,7.02907199,29
1790758020,73153.6,73200.3,73153.6,73180.6,73155.3,1.03901851,10
1790758080,73177.0,73201.5,73173.8,73201.5,73180.5,0.13940219,15
1790758140,73204.8,73224.4,73190.1,73199.9,73208.5,0.0148371,9
1790758200,73200.4,73213.5,73173.7,73173.7,73186.1,0.23795118,25
1790758260,73178.1,73183.0,73099.2,73128.1,73144.1,3.42103227,55
1790758320,73128.0,73147.3,73127.9,73133.2,73136.1,0.13659597,11
1790758380,73137.5,73137.5,73133.1,73137.4,73134.1,0.00532067,8
1790758440,73137.3,73144.3,73130.3,73137.0,73139.2,0.74917258,32
1790758500,73130.2,73130.2,73111.0,73111.0,73129.2,0.08332101,9
1790758560,73118.3,73123.9,73111.1,73123.9,73117.4,0.03166124,4
1790758620,73126.2,73126.2,73115.4,73115.4,73124.2,0.00192123,4
1790758680,73115.4,73118.2,73111.2,73116.3,73114.9,0.96288779,15
1790758740,73118.2,73118.2,73110.0,73110.0,73112.2,0.0752476,13
1790758800,73106.1,73132.4,73100.1,73132.4,73124.0,0.35443929,26
1790758860,73137.6,73137.8,73137.6,73137.8,73137.6,0.0088479,5
1790758920,73127.9,73173.3,73127.9,73173.3,73146.3,0.25621798,13
1790758980,73196.8,73203.1,73177.5,73202.5,73192.8,0.01423406,13
1790759040,73192.1,73218.3,73192.1,73218.3,73211.4,0.03072035,7
1790759100,73218.2,73249.0,73218.2,73249.0,73240.6,0.54380095,18
1790759160,73264.5,73288.5,73261.8,73286.3,73268.1,0.29584496,21
1790759220,73286.3,73286.4,73258.0,73265.7,73263.5,0.09952507,9
1790759280,73259.3,73295.0,73259.3,73294.9,73268.9,0.0520655,8
1790759340,73268.5,73297.8,73263.8,73297.8,73274.8,0.07041587,11
1790759400,73298.6,73323.7,73298.6,73304.5,73315.9,0.10170375,14
1790759460,73310.9,73310.9,73309.5,73309.5,73310.4,0.0098324,5
1790759520,73309.5,73344.6,73298.9,73298.9,73336.9,1.17178397,21
1790759580,73306.3,73327.2,73306.3,73325.5,73316.1,0.08916022,11
1790759640,73326.1,73341.1,73325.7,73335.5,73333.3,0.86472774,12
1790759700,73335.9,73342.1,73335.9,73342.1,73337.6,0.01748502,12
1790759760,73338.6,73338.6,73331.4,73337.6,73336.6,0.02223765,7
1790759820,73340.3,73357.4,73338.1,73357.4,73351.5,0.147905,10
1790759880,73340.8,73367.9,73338.0,73367.9,73345.6,0.14108455,14
1790759940,73368.9,73371.1,73348.7,73356.0,73368.4,0.00900625,5
1790760000,73337.3,73355.6,73330.7,73355.6,73337.1,0.2440666,24
1790760060,73370.5,73412.6,73355.6,73388.9,73368.7,1.56429551,41
1790760120,73393.7,73393.7,73350.1,73375.3,73359.0,1.26751485,27
1790760180,73377.5,73395.7,73362.1,73395.7,73375.4,1.71683571,23
1790760240,73377.1,73422.7,73377.1,73422.7,73408.4,0.10625159,12
1790760300,73423.9,73444.0,73416.6,73416.6,73429.6,0.00836272,6
1790760360,73417.2,73437.7,73416.2,73434.6,73433.3,0.04825173,8
1790760420,73434.2,73444.7,73434.2,73444.6,73444.5,0.0053106,3
1790760480,73444.6,73444.6,73430.9,73443.2,73442.0,0.03193316,8
1790760540,73443.3,73443.3,73440.1,73440.1,73443.1,3.80445382,14
1790760600,73444.7,73528.2,73444.7,73453.6,73464.4,1.27588348,36
1790760660,73462.3,73527.0,73462.3,73514.9,73481.4,0.0760349,7
1790760720,73537.6,73739.8,73537.6,73728.9,73671.5,0.78932498,37
1790760780,73737.7,73778.6,73689.1,73702.1,73722.1,0.35629813,18
1790760840,73737.1,73737.1,73667.8,73667.8,73692.4,1.10422039,22
1790760900,73667.7,73684.9,73605.6,73684.9,73647.2,0.09070114,12
1790760960,73674.1,73694.5,73635.0,73635.9,73670.2,0.03959409,17
1790761020,73635.8,73635.8,73601.0,73601.0,73630.6,0.02871139,6
1790761080,73606.5,73612.3,73582.9,73594.1,73601.1,0.06802935,17
1790761140,73619.4,73619.4,73581.5,73581.5,73594.5,0.0227377,8
1790761200,73581.4,73581.4,73566.7,73576.7,73576.9,0.03434105,14
1790761260,73566.4,73566.4,73540.0,73549.9,73559.5,0.97615379,24
1790761320,73550.0,73576.1,73542.8,73562.1,73550.5,1.40329694,30
1790761380,73549.4,73549.4,73543.0,73546.1,73546.1,0.01918719,7
1790761440,73546.3,73574.1,73546.3,73574.1,73566.8,0.01904811,5
1790761500,73576.3,73582.2,73546.5,73572.6,73557.2,0.27278768,22
1790761560,73575.6,73587.3,73575.1,73587.3,73585.6,0.00590618,5
1790761620,73587.3,73587.3,73572.5,73582.5,73585.6,0.03330043,8
1790761680,73583.5,73592.2,73583.2,73583.2,73587.3,0.00672909,8
1790761740,73586.1,73590.5,73572.7,73590.5,73577.7,0.03531325,8
1790761800,73589.1,73597.4,73589.0,73597.4,73594.9,0.01156166,5
1790761860,73593.7,73605.2,73593.7,73603.8,73598.5,0.67224197,11
1790761920,73604.5,73604.5,73570.3,73574.4,73578.6,0.08592128,8
1790761980,73571.0,73571.0,73566.3,73566.3,73570.2,0.15349101,6
1790762040,73570.6,73615.6,73570.6,73615.6,73594.8,0.07057552,9
1790762100,73618.6,73640.0,73593.4,73593.4,73609.0,1.64620583,22
1790762160,73606.8,73606.8,73594.1,73594.1,73596.4,0.00903094,5
1790762220,73597.8,73618.5,73597.8,73618.5,73601.5,0.03783618,7
1790762280,73618.5,73618.5,73606.3,73606.4,73614.9,0.02209818,6
1790762340,73611.2,73612.2,73608.6,73608.6,73611.5,0.03739568,11
1790762400,73608.6,73705.9,73607.5,73675.5,73620.6,0.1850837,42
1790762460,73685.4,73689.8,73654.8,73655.1,73674.0,0.34722618,14
1790762520,73654.4,73695.4,73633.8,73694.5,73661.5,1.85559998,29
1790762580,73685.8,73687.7,73652.6,73664.5,73675.4,0.23807809,13
1790762640,73665.6,73731.0,73665.6,73710.9,73687.7,0.3969774,11
1790762700,73687.7,73687.7,73679.0,73684.8,73685.3,0.18155022,8
1790762760,73684.7,73696.0,73684.6,73693.5,73688.6,0.05174235,10
1790762820,73683.7,73698.3,73683.7,73688.1,73691.4,0.00476793,5
1790762880,73686.2,73699.9,73686.2,73699.8,73689.4,0.02668439,3
1790762940,73699.9,73699.9,73666.9,73678.4,73693.7,0.14059405,13
1790763000,73673.5,73678.5,73673.5,73678.5,73677.3,0.01624974,11
1790763060,73672.4,73691.8,73672.4,73691.8,73679.5,0.13974851,14
1790763120,73691.8,73699.9,73687.9,73696.4,73695.3,0.05312456,17
1790763180,73699.9,73709.3,73699.9,73702.5,73703.8,0.06052493,16
1790763240,73700.2,73700.2,73683.3,73683.3,73689.5,0.08721697,10
1790763300,73665.0,73665.0,73645.0,73654.3,73656.2,0.04673404,14
1790763360,73654.3,73657.1,73628.2,73657.1,73645.5,0.06022583,10
1790763420,73656.2,73677.5,73652.2,73676.5,73654.1,0.36297919,12
1790763480,73676.0,73677.7,73655.2,73655.2,73675.7,0.02361049,8
1790763540,73670.9,73693.5,73670.9,73693.5,73687.4,0.05103354,6
1790763600,73693.5,73748.9,73693.5,73748.9,73702.4,0.15407072,14
1790763660,73759.8,73787.0,73759.8,73783.3,73769.4,0.44931697,10
1790763720,73758.5,73759.5,73707.6,73707.6,73712.1,0.06580229,6
1790763780,73713.3,73719.5,73713.2,73713.2,73716.8,0.03810313,8
1790763840,73704.3,73757.3,73704.3,73757.3,73722.2,0.0126674,6
1790763900,73754.2,73799.0,73754.2,73799.0,73760.9,0.02849076,7
1790763960,73799.9,73799.9,73798.0,73799.9,73799.7,0.00585979,4
1790764020,73799.9,73800.0,73750.1,73750.1,73795.4,0.06160292,14
1790764080,73750.1,73760.4,73741.6,73760.4,73749.3,0.20383241,9
1790764140,73760.3,73760.4,73760.3,73760.4,73760.3,0.01014175,2
1790764200,73753.4,73783.9,73753.3,73783.9,73764.8,0.06668823,12
1790764260,73797.8,73813.4,73797.8,73812.4,73800.0,0.81794267,9
1790764320,73811.5,73828.2,73808.5,73822.9,73815.1,0.36168111,28
1790764380,73822.9,73832.5,73814.5,73828.8,73822.4,0.16157663,24
1790764440,73828.7,73830.9,73820.1,73828.6,73824.5,0.04907244,25
1790764500,73828.6,73828.6,73825.1,73825.1,73828.3,0.13121418,17
1790764560,73825.0,73826.9,73815.5,73824.1,73821.9,0.0370202,12
1790764620,73827.2,73857.9,73827.2,73857.9,73841.0,0.87762049,31
1790764680,73858.7,73862.1,73858.7,73860.0,73859.3,0.03658399,7
1790764740,73861.3,73874.4,73810.7,73810.7,73861.6,0.11038601,15
1790764800,73812.7,73815.6,73812.7,73815.6,73812.8,0.01091207,3
1790764860,73813.9,73849.4,73811.0,73840.2,73838.5,0.25888008,21
1790764920,73842.1,73859.0,73842.0,73855.5,73856.2,0.14122861,12
1790764980,73855.5,73855.5,73837.2,73845.6,73845.8,0.2239771,12
1790765040,73864.4,73871.8,73854.7,73854.7,73868.8,1.12143167,15
1790765100,73856.2,73867.6,73837.8,73837.8,73859.1,0.05908821,15
1790765160,73838.9,73838.9,73838.9,73838.9,73838.9,0.01723955,3
1790765220,73830.6,73868.4,73830.6,73868.4,73838.2,0.30875116,5
1790765280,73867.6,73871.6,73866.6,73869.9,73868.8,0.50185183,11
1790765340,73870.0,73892.0,73870.0,73876.0,73876.9,0.11137073,5
1790765400,73878.1,73886.3,73878.1,73886.3,73881.8,0.06380886,6
1790765460,73886.3,73886.3,73870.4,73878.3,73875.0,0.07101359,10
1790765520,73885.4,73896.4,73885.4,73896.1,73890.6,1.29187128,14
1790765580,73895.9,73895.9,73891.5,73891.5,73891.7,0.00137979,4
1790765640,73900.0,73900.0,73900.0,73900.0,73900.0,0.20583536,11
1790765700,73899.9,73900.0,73881.8,73881.8,73898.3,0.17674725,11
1790765760,73881.8,73882.0,73855.0,73882.0,73877.8,0.09348887,11
1790765820,73868.4,73885.1,73868.4,73877.7,73875.8,0.01386427,6
1790765880,73865.4,73865.4,73864.9,73864.9,73865.0,0.00460589,5
1790765940,73856.6,73858.1,73848.8,73848.8,73858.0,0.26608972,8
1790766000,73841.4,73844.0,73800.1,73800.1,73825.9,0.3168427,25
1790766060,73800.1,73800.1,73749.8,73749.8,73769.7,0.31306113,15
1790766120,73729.4,73746.6,73722.2,73724.5,73734.2,0.12753899,17
1790766180,73724.9,73750.0,73717.9,73750.0,73734.4,0.16680654,11
1790766240,73750.0,73750.0,73733.4,73733.4,73737.6,0.20521466,16
1790766300,73731.8,73741.2,73728.1,73728.1,73732.1,0.23556537,13
1790766360,73721.0,73721.1,73687.1,73687.1,73711.4,0.04896434,12
1790766420,73687.1,73687.1,73672.5,73674.3,73676.6,0.04570692,8
1790766480,73674.3,73733.7,73674.3,73725.7,73698.5,2.56323232,27
1790766540,73725.7,73741.2,73704.9,73704.9,73724.5,1.14605505,18
1790766600,73690.5,73704.0,73690.5,73704.0,73695.8,0.0023161,4
1790766660,73708.7,73731.8,73708.7,73713.4,73726.1,0.19178342,13
1790766720,73712.4,73807.9,73712.4,73807.9,73742.3,0.08254587,14
1790766780,73816.1,73831.4,73815.4,73815.4,73820.8,0.10328966,11
1790766840,73816.4,73819.1,73804.2,73804.2,73817.4,0.09346327,12
1790766900,73822.0,73834.4,73822.0,73822.5,73832.3,0.06620243,10
1790766960,73822.5,73822.5,73806.1,73812.7,73820.7,0.04168192,9
1790767020,73812.8,73812.8,73780.2,73780.2,73802.0,0.17362957,18
1790767080,73794.9,73802.8,73794.9,73802.8,73796.5,0.03433298,5
1790767140,73802.8,73802.8,73732.4,73732.4,73776.5,0.68593611,20
1790767200,73732.4,73732.4,73732.3,73732.3,73732.3,0.01964887,2
1790767260,73730.2,73730.2,73730.0,73730.1,73730.1,0.31997605,14
1790767320,73730.1,73732.3,73722.8,73732.3,73730.2,0.04442389,12
1790767380,73750.6,73807.5,73750.6,73807.5,73796.1,0.01181611,5
1790767440,73830.2,73835.9,73811.3,73811.3,73827.7,0.07236093,10
1790767500,73811.3,73811.3,73794.2,73794.2,73797.0,0.01721699,4
1790767560,73824.2,73824.2,73805.6,73811.7,73814.9,0.17514997,8
1790767620,73811.7,73815.6,73798.7,73798.7,73812.6,0.03081303,4
1790767680,73798.7,73807.1,73798.7,73804.0,73800.5,0.03202311,4
1790767740,73804.1,73804.1,73804.0,73804.0,73804.0,0.0112919,4
1790767800,73804.1,73804.1,73779.3,73790.7,73793.6,0.03358933,9
1790767860,73780.4,73780.4,73734.0,73734.0,73753.1,0.04601504,11
1790767920,73721.3,73721.8,73719.0,73719.0,73720.8,0.04333466,8
1790767980,73719.5,73737.3,73715.5,73737.3,73718.5,0.06244855,10
1790768040,73738.8,73779.9,73738.8,73779.8,73776.8,0.03471751,6
1790768100,73770.2,73770.2,73770.0,73770.1,73770.1,0.01332802,6
1790768160,73770.1,73770.1,73757.1,73770.1,73769.6,0.02096457,7
1790768220,73766.3,73792.3,73766.3,73792.3,73773.6,0.09994324,5
1790768280,73792.3,73833.9,73792.3,73833.9,73798.8,0.04979994,21
1790768340,73819.5,73842.0,73811.7,73842.0,73819.9,0.02929768,8
1790768400,73851.0,73865.0,73851.0,73865.0,73858.1,0.03437521,8
1790768460,73865.0,73922.7,73865.0,73878.3,73884.6,0.82963923,35
1790768520,73872.7,73880.0,73849.2,73869.4,73862.3,0.07353961,11
1790768580,73869.4,73916.3,73869.4,73907.9,73894.7,0.14077769,16
1790768640,73907.8,73907.8,73878.5,73878.6,73885.2,0.08226922,13
1790768700,73878.6,73878.6,73857.1,73857.1,73875.5,0.06343814,8
1790768760,73851.5,73905.8,73849.1,73881.5,73872.3,0.60382496,20
1790768820,73879.1,73879.1,73811.1,73854.8,73842.6,0.613067,23
1790768880,73841.5,73847.8,73838.8,73847.8,73841.4,0.12195294,12
1790768940,73847.8,73849.9,73815.9,73849.9,73836.0,0.2764201,27
1790769000,73850.0,73850.0,73841.5,73841.8,73849.9,0.18274795,12
1790769060,73827.1,73827.4,73825.2,73825.2,73826.2,0.0728499,6
1790769120,73825.1,73825.2,73802.3,73802.3,73813.1,0.00856496,7
1790769180,73802.3,73824.6,73802.3,73808.0,73805.3,0.05846214,7
1790769240,73801.5,73809.0,73801.5,73809.0,73801.9,0.03155973,8
1790769300,73807.2,73813.3,73807.2,73813.3,73810.8,0.04350123,12
1790769360,73813.5,73839.4,73813.5,73839.4,73818.8,0.04356353,7
1790769420,73842.1,73844.6,73842.0,73844.6,73842.1,0.00407047,7
1790769480,73844.6,73846.2,73844.5,73844.5,73844.5,0.00734,4
1790769540,73850.0,73883.7,73850.0,73883.7,73857.9,0.01464707,7
1790769600,73897.4,73921.8,73891.0,73921.7,73897.6,0.0643291,14
1790769660,73925.7,73925.7,73888.1,73907.5,73902.2,0.03015017,7
1790769720,73890.2,73890.2,73854.5,73854.5,73874.7,0.07724386,10
1790769780,73852.4,73854.9,73823.5,73828.2,73844.1,0.12655692,13
1790769840,73824.2,73834.1,73821.6,73830.8,73830.5,0.03943179,4
1790769900,73830.5,73830.5,73815.8,73815.8,73821.3,0.1099051,9
1790769960,73800.1,73808.2,73772.4,73772.4,73798.0,0.12429637,20
1790770020,73772.4,73789.7,73772.4,73789.7,73779.1,0.07412863,13
1790770080,73791.4,73791.4,73776.4,73780.4,73783.7,0.06186808,12
1790770140,73786.9,73788.7,73774.3,73779.2,73782.5,0.12557577,17
1790770200,73774.6,73794.0,73774.6,73794.0,73792.1,0.31234154,6
1790770260,73798.2,73798.2,73720.3,73787.4,73742.2,4.0747037,79
1790770320,73787.4,73790.9,73787.2,73790.9,73788.6,0.14329888,18
1790770380,73798.9,73815.7,73794.3,73800.4,73799.9,0.2032897,15
1790770440,73800.1,73823.4,73794.0,73823.4,73814.7,0.08461341,10
1790770500,73832.9,73832.9,73789.6,73789.6,73806.7,0.08556208,13
1790770560,73788.9,73788.9,73750.1,73753.8,73760.3,0.08669598,9
1790770620,73762.9,73787.0,73742.0,73781.0,73776.2,3.9918674,37
1790770680,73773.8,73773.9,73773.8,73773.9,73773.8,0.01535074,8
1790770740,73773.9,73778.6,73770.0,73770.1,73774.3,0.34303118,15
1790770800,73770.0,73771.3,73738.0,73743.5,73742.9,0.09926483,26
1790770860,73743.6,73801.6,73743.6,73801.6,73774.0,0.38107396,37
1790770920,73810.7,73866.0,73804.6,73866.0,73844.9,0.22307089,27
1790770980,73873.3,73886.6,73823.8,73823.9,73849.7,0.07019622,16
1790771040,73822.3,73861.5,73822.3,73859.3,73838.5,0.02732856,11
1790771100,73859.3,73870.9,73852.0,73852.0,73859.9,0.20018857,15
1790771160,73870.0,73875.1,73853.6,73853.6,73863.5,0.03980646,7
1790771220,73820.5,73821.7,73820.5,73821.7,73820.5,0.01189001,3
1790771280,73821.2,73853.4,73815.0,73853.4,73831.1,0.04490464,9
1790771340,73859.3,73865.2,73836.1,73850.0,73850.0,0.047316,10
1790771400,73879.5,74070.3,73817.1,74069.3,73962.1,3.35107383,96
1790771460,74083.8,74282.4,74061.1,74234.8,74220.2,3.21679527,80
1790771520,74220.4,74234.9,74166.1,74178.1,74208.9,0.44641818,29
1790771580,74170.4,74170.4,74057.1,74057.1,74104.0,0.05492706,9
1790771640,74089.6,74227.8,74053.9,74227.8,74143.1,0.04982421,14
1790771700,74257.9,74548.5,74257.9,74441.4,74423.0,6.43234402,152
1790771760,74447.0,74480.1,74343.4,74343.4,74448.2,0.58209685,22
1790771820,74319.5,74400.0,74305.5,74397.8,74369.0,1.83034395,27
1790771880,74389.5,74553.3,74389.5,74508.5,74509.6,0.58191099,48
1790771940,74501.7,74620.0,74497.1,74585.6,74542.4,0.59455172,53
1790772000,74612.2,74821.1,74414.1,74771.4,74631.1,14.32841861,362
1790772060,74771.4,74771.4,74602.8,74602.8,74701.7,5.49421959,93
1790772120,74631.9,74664.1,74519.0,74552.4,74581.4,2.93361689,39
1790772180,74557.3,74646.0,74557.3,74633.4,74596.0,1.98060446,67
1790772240,74631.3,74635.5,74550.8,74550.8,74586.2,0.93153544,36
1790772300,74572.1,74687.2,74549.3,74685.2,74610.3,2.14983214,26
1790772360,74689.6,74703.5,74629.1,74646.9,74667.6,0.94010741,58
1790772420,74618.9,74653.9,74534.0,74653.9,74567.5,2.00854269,47
1790772480,74639.4,74817.8,74639.4,74817.8,74739.9,2.05295593,34
1790772540,74793.6,74900.5,74765.7,74837.7,74854.1,1.80447811,63
1790772600,74856.9,75124.2,74855.9,75122.6,75057.3,15.13613494,256
1790772660,75124.8,75156.1,75018.0,75142.8,75071.7,4.67376251,66
1790772720,75149.0,75150.0,75089.6,75127.7,75116.1,0.5779682,34
1790772780,75130.8,75158.1,75088.6,75088.6,75130.7,1.63181842,42
1790772840,75119.3,75185.0,75112.5,75154.4,75155.4,1.6560785,34
1790772900,75152.3,75185.9,75128.0,75185.9,75149.8,0.74985456,37
1790772960,75183.6,75183.6,75100.0,75131.5,75140.6,1.39998857,38
1790773020,75130.7,75170.5,75130.7,75159.1,75152.2,1.93835972,29
1790773080,75152.9,75152.9,75050.0,75050.0,75113.2,0.53719914,27
1790773140,75033.5,75059.9,75024.9,75025.3,75035.9,0.77500146,29
1790773200,75050.1,75050.1,74976.8,74976.8,75011.1,2.36210283,58
1790773260,74999.7,74999.7,74880.7,74883.9,74900.9,0.24375431,17
1790773320,74888.1,74927.1,74851.5,74927.1,74885.7,1.69608206,31
1790773380,74905.8,74976.8,74862.8,74976.8,74943.0,0.51366768,18
1790773440,74966.7,74980.0,74966.7,74980.0,74968.6,0.18557645,13
1790773500,74979.9,74999.9,74959.5,74997.0,74985.9,1.47471301,35
1790773560,74988.3,75084.9,74988.3,75054.6,75026.5,1.60711992,49
1790773620,75084.4,75090.3,75011.7,75011.7,75028.6,1.30881949,27
1790773680,75025.7,75124.9,75019.0,75079.6,75112.9,0.68130484,32
1790773740,75110.0,75345.8,75110.0,75329.5,75273.4,4.61463623,108
1790773800,75300.4,75301.4,75210.6,75226.8,75259.0,0.21040317,23
1790773860,75215.1,75294.1,75215.1,75280.5,75262.1,1.65879433,33
1790773920,75287.0,75287.0,75228.2,75230.0,75246.7,0.4427743,15
1790773980,75230.0,75230.0,75161.0,75179.2,75195.8,0.14180875,15
1790774040,75119.9,75132.4,75100.0,75100.0,75109.1,0.11351874,20
1790774100,75126.0,75152.6,75110.9,75112.8,75125.4,0.59311331,31
1790774160,75132.9,75198.5,75115.1,75198.5,75148.9,0.28084557,24
1790774220,75192.7,75202.7,75150.0,75173.8,75169.7,1.54099086,22
1790774280,75163.5,75165.5,75136.1,75136.1,75154.0,0.14923511,12
1790774340,75135.4,75135.4,75040.6,75071.4,75083.2,0.38033869,22
1790774400,75041.8,75084.1,75041.0,75084.1,75067.3,0.27294721,18
1790774460,75096.7,75108.9,75050.1,75082.8,75086.3,0.1939072,27
1790774520,75087.1,75090.0,75055.4,75055.4,75074.6,0.05431916,9
1790774580,75053.6,75082.3,75050.3,75078.0,75058.1,0.24921981,8
1790774640,75055.5,75068.9,75053.9,75059.5,75058.4,0.29395796,15
1790774700,75063.7,75064.8,75039.9,75047.0,75050.1,0.12942899,14
1790774760,75044.3,75058.7,75034.1,75058.1,75038.9,0.52491583,11
1790774820,75064.7,75069.4,75046.7,75059.6,75060.1,0.11078876,10
1790774880,75041.9,75041.9,74918.7,74918.7,74985.2,0.37401023,33
1790774940,74918.9,74937.9,74916.1,74927.6,74923.1,0.33962368,20
1790775000,74938.0,75068.7,74909.1,75068.7,74924.1,1.31182338,37
1790775060,75074.4,75200.0,75074.4,75200.0,75128.0,0.49009957,29
1790775120,75246.8,75246.8,75078.7,75101.0,75173.8,0.20329669,16
1790775180,75046.6,75046.6,74997.0,75019.4,75014.3,0.06080239,6
1790775240,75011.2,75043.9,74957.4,74957.4,75011.8,0.86387958,35
1790775300,74960.1,74960.1,74569.0,74666.3,74739.7,2.33003227,82
1790775360,74567.0,74652.5,74433.9,74575.4,74519.2,5.94333949,103
1790775420,74588.6,74588.6,74396.7,74435.0,74471.3,0.4510942,28
1790775480,74419.6,74419.6,74146.0,74280.0,74267.9,2.39136555,117
1790775540,74249.9,74252.7,74110.9,74163.8,74161.4,1.32554428,18
1790775600,74161.0,74261.4,73961.7,73981.7,74098.9,2.26868251,90
1790775660,74000.0,74161.0,73998.8,74129.8,74052.3,1.18408295,45
1790775720,74191.3,74368.2,74191.3,74368.2,74317.0,0.19196995,10
1790775780,74364.4,74419.6,74336.1,74336.1,74374.2,0.87477935,17
1790775840,74331.0,74358.0,74275.8,74275.8,74346.8,0.09196073,8
1790775900,74393.2,74425.8,74290.8,74311.7,74343.3,0.65770717,28
1790775960,74296.9,74441.2,74288.1,74441.2,74323.7,0.0355561,12
1790776020,74494.5,74495.0,74408.1,74480.3,74468.6,0.19798195,13
1790776080,74471.5,74476.4,74355.3,74355.3,74407.5,0.99318081,38
1790776140,74350.0,74488.3,74321.1,74441.5,74414.5,0.11248203,16
1790776200,74416.0,74472.1,74392.0,74406.6,74432.4,1.29824682,28
1790776260,74413.5,74561.6,74413.5,74511.3,74500.8,0.05678453,8
1790776320,74475.1,74502.3,74421.0,74421.0,74464.7,5.286298,53
1790776380,74424.1,74507.9,74393.2,74507.9,74420.2,0.22387859,26
1790776440,74507.9,74507.9,74429.3,74431.9,74489.1,0.51509894,28
1790776500,74439.1,74493.9,74413.4,74419.1,74462.1,0.16896788,23
1790776560,74428.4,74456.2,74383.3,74409.3,74402.8,0.23698772,19
1790776620,74411.1,74448.5,74336.0,74379.9,74361.3,0.37391002,24
1790776680,74376.1,74390.7,74326.3,74364.6,74373.9,0.15079477,21
1790776740,74440.0,74487.8,74393.0,74487.8,74416.5,0.5276913,25
1790776800,74487.8,74499.4,74336.2,74336.2,74444.2,0.30554116,49
1790776860,74338.5,74427.6,74300.0,74300.0,74372.6,0.38039192,53
1790776920,74256.4,74307.9,74206.4,74275.2,74272.1,0.24382855,24
1790776980,74271.0,74316.5,74270.9,74316.5,74293.0,0.27968466,25
1790777040,74316.4,74447.3,74316.4,74393.9,74369.5,0.69465476,22
1790777100,74366.0,74395.0,74339.9,74365.3,74377.5,0.25443355,21
1790777160,74395.7,74438.5,74377.8,74377.8,74433.2,0.06120228,12
1790777220,74331.6,74334.1,74209.9,74209.9,74289.0,0.28811034,17
1790777280,74201.0,74228.3,74122.3,74228.3,74183.6,0.26852461,25
1790777340,74240.2,74264.1,74190.2,74242.6,74235.9,0.50279676,22
1790777400,74247.7,74254.4,74151.2,74179.6,74194.6,0.0737702,17
1790777460,74150.0,74150.0,74055.9,74115.8,74085.2,0.32148366,33
1790777520,74125.4,74283.9,74125.3,74246.3,74176.7,0.27638495,30
1790777580,74291.9,74344.0,74220.0,74228.1,74309.0,0.19459051,16
1790777640,74228.1,74258.0,74219.9,74240.0,74232.0,0.30517966,14
1790777700,74213.3,74224.8,74144.9,74158.0,74204.2,0.42973685,15
1790777760,74181.4,74181.4,74052.4,74052.4,74077.9,1.07282319,14
1790777820,74086.5,74147.1,74010.3,74010.3,74025.9,1.19445989,13
1790777880,74020.8,74038.7,73903.8,73995.2,73971.1,1.6181844,60
1790777940,73961.8,74021.1,73934.6,74021.1,73971.3,0.07335103,12
1790778000,74030.3,74030.3,73963.6,74027.8,74013.1,0.24380607,27
1790778060,74043.0,74051.3,74012.3,74012.3,74049.2,0.16455016,5
1790778120,73984.9,73984.9,73800.0,73800.0,73860.3,0.43566479,50
1790778180,73781.4,73789.2,73613.0,73773.4,73687.8,0.386067,48
1790778240,73813.4,73821.2,73764.3,73791.7,73782.5,0.31780183,23
1790778300,73836.1,73891.0,73836.1,73890.9,73888.3,0.02046393,5
1790778360,73885.5,73920.0,73847.3,73875.9,73876.1,0.12237941,26
1790778420,73875.9,73875.9,73705.0,73713.6,73797.3,0.10103746,15
1790778480,73724.1,73745.3,73670.8,73682.1,73697.9,0.31883925,20
1790778540,73688.3,73698.4,73644.2,73698.4,73676.9,0.07869516,13
1790778600,73726.7,73773.7,73689.1,73772.6,73739.5,0.44479448,23
1790778660,73729.7,73772.5,73700.3,73726.0,73734.7,1.59252545,56
1790778720,73700.0,73700.0,73390.4,73488.5,73549.6,4.72534554,156
1790778780,73449.4,73540.6,73441.7,73540.6,73461.2,0.78883762,30
1790778840,73538.4,73581.5,73477.8,73496.2,73518.5,0.23564405,16
1790778900,73444.6,73506.2,73390.2,73506.2,73434.7,0.07817346,16
1790778960,73475.3,73554.7,73457.2,73479.4,73483.8,1.28964445,35
1790779020,73478.1,73688.9,73478.1,73688.1,73669.3,2.49772327,49
1790779080,73654.2,73722.6,73654.2,73722.6,73664.9,0.31020985,16
1790779140,73710.0,73710.2,73629.1,73629.1,73702.0,0.05171728,8
1790779200,73613.9,73613.9,73511.0,73612.5,73566.9,0.63957637,27
1790779260,73600.1,73638.2,73526.6,73638.2,73565.6,0.66868695,48
1790779320,73655.7,73673.6,73650.0,73650.0,73657.4,1.15019084,17
1790779380,73667.1,73715.3,73600.5,73600.5,73664.8,0.12192048,15
1790779440,73608.1,73608.1,73566.8,73572.7,73569.6,0.11867185,8
1790779500,73548.2,73615.2,73536.6,73615.2,73567.6,0.04797202,13
1790779560,73620.0,73631.6,73581.5,73631.6,73625.0,0.23082341,15
1790779620,73622.7,73678.1,73602.3,73664.8,73629.2,0.83570934,28
1790779680,73678.6,73756.0,73678.6,73688.3,73710.6,0.03275222,12
1790779740,73699.2,73717.0,73671.0,73699.2,73698.4,0.29006522,11
1790779800,73716.0,73716.0,73682.9,73715.5,73711.3,0.01474701,9
1790779860,73737.4,73788.9,73719.1,73728.9,73761.3,0.45755448,20
1790779920,73737.9,73892.7,73737.9,73822.5,73799.5,0.41788873,26
1790779980,73827.8,73876.5,73827.8,73850.0,73849.9,0.34128185,7
1790780040,73836.7,73865.1,73783.2,73862.9,73831.6,0.72158912,37
1790780100,73851.6,73949.9,73851.6,73949.9,73915.1,0.17077756,19
1790780160,73919.6,73937.6,73894.0,73894.0,73907.1,0.28809478,7
1790780220,73863.1,73883.1,73832.6,73832.6,73857.2,0.0080923,5
1790780280,73834.8,73834.8,73766.5,73769.5,73827.3,0.27045144,14
1790780340,73755.3,73757.9,73751.4,73751.4,73756.6,0.03094754,4
1790780400,73750.0,73757.4,73709.8,73751.3,73733.2,0.54850876,31
1790780460,73757.0,73773.8,73675.3,73773.6,73725.8,0.67590837,33
1790780520,73761.2,73761.2,73718.5,73718.8,73728.4,0.0749522,7
1790780580,73716.2,73800.1,73716.2,73800.1,73763.7,0.07864002,7
1790780640,73839.2,73839.2,73790.1,73832.1,73815.0,0.08743905,13
1790780700,73826.2,73884.8,73826.2,73864.3,73864.3,0.04979075,11
1790780760,73846.8,73860.0,73812.6,73860.0,73841.2,0.59786144,24
1790780820,73883.3,73883.3,73855.7,73861.3,73859.2,0.00840114,6
1790780880,73865.6,73865.6,73834.9,73849.4,73847.1,0.04613612,15
1790780940,73862.5,73898.8,73862.5,73892.9,73892.7,0.02302329,5
1790781000,73892.1,73934.7,73892.1,73925.6,73927.8,0.06626789,11
1790781060,73914.1,73951.8,73914.1,73918.7,73922.5,0.00770762,8
1790781120,73890.4,73890.5,73835.0,73858.0,73878.8,0.35972328,18
1790781180,73875.2,73918.5,73875.2,73909.2,73908.5,0.85273206,20
1790781240,73895.8,73935.6,73885.2,73913.4,73892.0,0.29632583,14
1790781300,73890.1,73919.9,73864.5,73919.9,73884.9,1.78132973,23
1790781360,73905.9,73941.8,73905.9,73941.8,73935.5,0.01839922,5
1790781420,73935.8,73935.8,73852.8,73852.8,73910.0,0.01971714,8
1790781480,73834.1,73834.1,73746.3,73746.3,73800.9,0.04681699,11
1790781540,73760.3,73791.2,73729.4,73762.8,73741.8,0.2645301,18
1790781600,73764.9,73802.6,73746.4,73802.6,73777.1,0.18840706,23
1790781660,73813.5,73834.4,73800.0,73834.3,73823.4,0.11206595,18
1790781720,73852.9,73911.6,73852.9,73873.4,73878.0,0.27116231,16
1790781780,73801.4,73842.9,73801.4,73804.4,73820.4,0.33653774,18
1790781840,73804.0,73804.0,73711.0,73711.0,73792.7,0.41888555,13
1790781900,73697.3,73721.7,73697.3,73699.5,73706.5,0.18533982,16
1790781960,73675.3,73723.5,73675.2,73716.6,73684.8,0.01414016,8
1790782020,73703.8,73708.9,73679.4,73708.9,73693.3,0.29896231,11
1790782080,73742.5,73791.3,73719.6,73791.3,73766.0,0.01249017,6
1790782140,73786.6,73829.4,73786.6,73820.8,73813.0,0.03469608,12
1790782200,73825.8,73911.5,73820.7,73911.5,73849.5,0.40218077,17
1790782260,73930.5,74121.6,73930.5,74121.6,74060.9,0.42230121,18
1790782320,74121.8,74156.9,74069.0,74084.5,74126.5,0.02460265,5
1790782380,74048.3,74057.3,74019.7,74019.7,74051.4,0.44028159,12
1790782440,74030.1,74037.0,74011.1,74018.2,74030.3,0.20185086,15
1790782500,74017.0,74031.5,74013.3,74024.1,74021.6,0.0377996,8
1790782560,74020.7,74035.2,74013.2,74013.6,74017.2,0.01466272,9
1790782620,74013.6,74116.7,73982.8,74108.6,74034.2,0.33752879,22
1790782680,74116.7,74125.2,74086.7,74103.0,74099.5,0.09045467,8
1790782740,74115.5,74115.5,74115.5,74115.5,74115.5,0.00026156,1
1790782800,74157.0,74170.0,74117.2,74117.2,74169.2,1.21226955,19
1790782860,74122.0,74122.0,74087.3,74087.3,74108.8,0.168547,4
1790782920,74080.0,74105.9,74080.0,74105.9,74086.5,0.05565404,4
1790782980,74107.4,74113.4,74075.4,74108.7,74095.9,0.02758089,11
1790783040,74080.7,74080.7,74060.0,74060.0,74060.0,0.20295694,2
1790783100,74058.3,74078.8,74044.7,74078.8,74063.0,0.03651818,10
1790783160,74077.2,74091.1,74077.2,74091.1,74089.8,0.04914238,4
1790783220,74112.0,74143.9,74112.0,74143.9,74117.2,0.01572745,6
1790783280,74159.1,74186.6,74157.6,74157.6,74163.6,0.01345747,6
1790783340,74189.2,74189.2,74180.0,74188.2,74180.5,0.22516371,7
1790783400,74211.1,74211.1,74187.0,74190.8,74192.4,0.00267727,7
1790783460,74210.4,74210.4,74191.0,74191.0,74207.0,0.0310653,5
1790783520,74191.0,74211.1,74180.5,74189.3,74190.5,0.10688973,9
1790783580,74202.7,74221.0,74189.7,74221.0,74210.8,0.56497325,6
1790783640,74221.0,74221.0,74180.0,74180.0,74183.6,0.07600488,4
1790783700,74167.5,74167.5,74105.7,74105.7,74118.9,0.42474715,18
1790783760,74111.6,74138.5,74111.6,74134.0,74132.6,0.00688509,4
1790783820,74136.9,74141.0,74112.5,74112.6,74114.3,0.21738654,5
1790783880,74115.9,74135.5,74115.9,74135.5,74131.6,0.00682855,5
1790783940,74135.2,74135.2,74128.2,74128.2,74129.2,0.03740669,5
1790784000,74123.5,74145.2,74123.5,74128.1,74129.9,0.02817947,26
1790784060,74143.9,74143.9,74143.8,74143.8,74143.8,0.01808232,6
1790784120,74156.6,74233.8,74156.6,74223.3,74181.1,1.21138392,22
1790784180,74233.9,74237.0,74233.7,74237.0,74234.0,0.01455393,6
1790784240,74266.5,74288.6,74266.5,74288.6,74277.4,0.07002965,16
1790784300,74298.1,74321.0,74277.1,74321.0,74297.2,0.06620797,10
1790784360,74327.9,74342.6,74327.9,74342.6,74329.9,0.26187313,6
1790784420,74342.6,74345.0,74333.0,74341.9,74342.6,0.17575947,15
1790784480,74332.9,74332.9,74318.3,74332.4,74323.2,0.28841204,8
1790784540,74343.4,74384.6,74343.4,74384.5,74349.5,0.06572013,8
1790784600,74384.6,74384.6,74331.5,74331.5,74349.0,0.08091282,11
1790784660,74333.0,74347.1,74318.6,74342.3,74335.1,0.34149589,18
1790784720,74355.0,74355.0,74319.9,74319.9,74343.3,0.02110382,11
1790784780,74314.3,74360.9,74314.3,74360.9,74325.7,0.11487719,11
1790784840,74369.8,74384.9,74369.8,74378.1,74376.4,0.07782268,8
1790784900,74381.6,74383.3,74326.3,74340.6,74366.8,0.04635831,11
1790784960,74359.8,74365.8,74358.1,74365.8,74364.0,0.00849331,6
1790785020,74358.9,74358.9,74339.1,74339.1,74347.4,0.02589775,5
1790785080,74353.1,74381.2,74353.1,74381.2,74354.5,0.00361672,3
1790785140,74384.9,74430.9,74384.9,74399.2,74401.3,0.19382779,16
1790785200,74398.4,74412.0,74388.1,74403.9,74395.6,0.74431673,18
1790785260,74418.9,74423.7,74414.8,74420.3,74418.8,0.08177047,10
1790785320,74426.0,74453.6,74426.0,74440.7,74435.1,1.98844422,16
1790785380,74442.6,74451.3,74442.6,74451.3,74450.6,0.00542566,3
1790785440,74452.8,74479.4,74452.8,74465.2,74454.4,0.01341904,5
1790785500,74444.9,74480.7,74443.2,74473.5,74466.8,0.33751665,19
1790785560,74460.6,74466.2,74398.9,74413.8,74427.7,0.06568921,10
1790785620,74397.2,74397.2,74372.6,74381.6,74377.9,0.02772359,5
1790785680,74388.0,74393.7,74376.0,74380.0,74386.2,0.0176737,7
1790785740,74375.9,74375.9,74300.0,74301.9,74340.5,0.72867939,28
1790785800,74306.1,74315.2,74300.0,74300.0,74311.0,0.02902896,10
1790785860,74283.8,74300.0,74282.4,74282.4,74293.8,0.72730015,21
1790785920,74290.1,74292.2,74290.1,74292.2,74290.4,0.00130112,3
1790785980,74288.9,74340.5,74288.9,74329.3,74291.4,0.50940617,13
1790786040,74335.9,74366.1,74335.9,74350.5,74358.8,0.00466414,6
1790786100,74320.0,74320.1,74306.8,74314.0,74319.7,0.16042234,9
1790786160,74279.6,74279.6,74253.5,74253.5,74261.1,0.20228867,8
1790786220,74264.6,74306.8,74264.6,74286.3,74279.7,0.24148692,13
1790786280,74269.3,74306.1,74269.3,74301.3,74296.7,0.08016051,9
1790786340,74301.2,74303.2,74298.3,74303.2,74302.8,0.0343565,3
1790786400,74311.5,74316.2,74288.7,74288.7,74298.0,0.35807564,17
1790786460,74303.8,74303.8,74291.7,74291.7,74295.0,0.05447929,10
1790786520,74303.4,74309.7,74287.1,74300.0,74288.7,0.03111243,10
1790786580,74300.0,74333.8,74300.0,74333.8,74300.2,0.34899577,12
1790786640,74345.9,74358.3,74345.9,74355.9,74354.5,0.00237282,4
1790786700,74361.1,74361.1,74347.8,74347.8,74359.4,0.25792236,9
1790786760,74372.1,74414.9,74361.9,74414.9,74382.8,0.13029191,15
1790786820,74420.2,74440.0,74420.2,74440.0,74434.7,0.02188942,5
1790786880,74428.6,74428.6,74387.8,74410.8,74398.8,1.60220234,14
1790786940,74382.9,74382.9,74365.0,74370.1,74373.8,0.01013115,11
1790787000,74395.5,74400.0,74394.8,74394.9,74396.4,0.01378454,6
1790787060,74386.2,74389.1,74360.9,74360.9,74375.2,0.8307421,21
1790787120,74360.5,74394.1,74356.8,74394.1,74370.2,0.10669614,12
1790787180,74375.1,74375.1,74369.1,74369.2,74370.2,0.42671689,17
1790787240,74372.3,74372.3,74365.5,74368.5,74372.1,0.01398698,3
1790787300,74365.0,74365.0,74343.9,74343.9,74347.8,0.01126413,9
1790787360,74359.5,74359.5,74359.4,74359.4,74359.4,0.00071271,2
1790787420,74321.4,74332.1,74320.0,74320.0,74325.1,0.04045468,4
1790787480,74331.1,74348.1,74321.2,74321.2,74339.7,0.11627138,14
1790787540,74332.7,74334.4,74332.7,74334.4,74332.7,0.04575754,4
1790787600,74353.8,74353.8,74326.4,74326.4,74349.9,0.14279521,14
1790787660,74319.9,74320.0,74305.4,74314.5,74311.6,0.23258461,12
1790787720,74314.5,74316.3,74314.4,74314.4,74314.5,0.08271112,9
1790787780,74303.2,74316.0,74290.0,74316.0,74298.2,0.04581367,12
1790787840,74332.3,74336.2,74273.4,74273.4,74283.3,1.04095507,17
1790787900,74285.9,74322.9,74285.9,74310.5,74314.3,0.1336825,7
1790787960,74311.1,74319.2,74302.2,74319.2,74305.3,0.05028282,6
1790788020,74320.8,74360.5,74320.8,74359.2,74342.7,0.1374915,9
1790788080,74363.1,74419.9,74363.1,74419.9,74399.9,0.33591251,7
1790788140,74407.5,74407.5,74303.3,74327.2,74375.2,0.4727595,18
1790788200,74322.8,74342.6,74322.8,74341.5,74329.7,0.0176969,6
1790788260,74342.6,74348.3,74321.0,74321.0,74339.3,0.02722565,6
1790788320,74300.1,74310.1,74299.7,74299.7,74302.7,0.05982349,10
1790788380,74288.8,74312.4,74280.8,74294.8,74299.9,0.20340845,20
1790788440,74294.8,74327.0,74294.6,74322.4,74297.1,0.19010088,8
1790788500,74283.3,74283.3,74205.5,74205.5,74263.5,0.03995176,10
1790788560,74200.0,74200.0,74179.2,74197.1,74186.6,0.03573977,13
1790788620,74186.0,74200.2,74173.5,74200.2,74175.5,0.44491308,7
1790788680,74212.8,74255.6,74206.3,74236.7,74223.3,0.51514415,18
1790788740,74235.8,74235.8,74187.5,74187.5,74212.7,0.01829434,10
1790788800,74163.0,74182.0,74135.2,74136.7,74140.9,0.16751672,14
1790788860,74153.4,74210.0,74153.4,74210.0,74165.8,0.05187197,7
1790788920,74195.6,74195.6,74135.9,74136.3,74152.8,0.04963554,5
1790788980,74125.2,74138.0,74113.6,74138.0,74126.2,0.15970864,11
1790789040,74137.9,74154.3,74137.9,74151.8,74146.6,0.03454161,5
1790789100,74121.1,74121.1,74116.1,74117.5,74119.8,0.0286939,10
1790789160,74103.9,74103.9,74041.7,74047.9,74073.9,0.09824897,14
1790789220,74069.6,74069.6,74069.6,74069.6,74069.6,0.00555367,1
1790789280,74152.8,74167.8,74139.9,74167.8,74155.2,0.02500002,12
1790789340,74165.6,74214.1,74165.6,74214.1,74186.7,0.0102512,4
1790789400,74221.0,74221.0,74176.3,74193.0,74197.8,0.01727929,10
1790789460,74181.0,74183.4,74110.8,74142.0,74158.4,0.06916352,16
1790789520,74128.1,74159.2,74106.1,74106.1,74121.8,0.04608072,8
1790789580,74121.2,74121.2,74104.4,74120.8,74115.2,0.01786554,9
1790789640,74116.1,74116.1,74081.1,74081.1,74103.3,0.0805831,12
1790789700,74081.1,74081.1,74059.1,74059.6,74072.5,0.06402557,8
1790789760,74069.5,74100.1,74063.2,74076.1,74080.9,0.26784046,25
1790789820,74067.6,74067.6,73976.4,73976.4,74011.0,0.53308761,45
1790789880,73980.4,74027.3,73980.4,74027.3,73988.2,0.02891269,3
1790789940,74059.9,74076.0,74034.4,74040.4,74060.3,0.09153395,12
1790790000,74032.7,74046.2,74017.6,74045.2,74030.0,0.07062368,7
1790790060,74047.5,74055.9,74043.9,74055.9,74045.3,0.01584106,6
1790790120,74056.4,74057.0,74053.2,74057.0,74056.0,0.14742046,9
1790790180,74064.7,74093.6,74064.7,74073.4,74073.0,0.05039488,7
1790790240,74074.9,74074.9,74043.5,74043.5,74061.2,0.01698198,5
1790790300,74035.9,74051.0,74017.3,74051.0,74030.9,0.01075247,10
1790790360,74051.0,74087.9,74051.0,74087.9,74070.9,0.03153843,10
1790790420,74090.6,74154.9,74090.0,74099.9,74094.3,0.43166257,22
1790790480,74100.0,74152.5,74100.0,74152.5,74115.9,0.05780022,9
1790790540,74152.5,74152.5,74121.3,74135.9,74124.5,0.49817193,13
1790790600,74153.0,74164.4,74153.0,74164.4,74158.4,0.0354437,9
1790790660,74152.9,74156.6,74143.8,74143.8,74151.9,0.95003925,6
1790790720,74135.0,74144.0,74111.0,74111.0,74132.3,1.02026476,25
1790790780,74090.5,74090.5,74090.5,74090.5,74090.5,0.00038253,1
1790790840,74090.6,74092.4,74090.6,74090.6,74092.1,0.00594262,5
1790790900,74090.5,74090.6,74067.8,74076.4,74078.3,0.08729115,10
1790790960,74089.0,74089.0,74074.4,74078.2,74086.5,0.07894833,9
1790791020,74078.9,74078.9,74066.0,74066.0,74076.7,0.00683339,5
1790791080,74065.1,74098.5,74065.1,74097.8,74094.0,0.14674638,10
1790791140,74098.6,74113.7,74098.6,74110.2,74106.8,0.0936532,11
1790791200,74090.3,74143.6,74072.5,74123.4,74118.7,0.05747543,14
1790791260,74109.4,74109.4,74055.7,74055.7,74093.9,0.00705764,4
1790791320,74054.5,74061.5,74030.6,74030.6,74035.9,0.12122476,6
1790791380,74030.1,74072.0,74030.1,74072.0,74053.5,0.02518892,12
1790791440,74027.7,74098.1,74027.7,74092.4,74081.4,0.09384013,15
1790791500,74075.1,74075.1,74061.8,74061.8,74071.7,0.01364277,3
1790791560,74037.6,74037.6,74000.1,74000.1,74026.1,0.01939733,6
1790791620,74017.1,74045.3,74017.1,74045.3,74025.8,0.03213747,8
1790791680,74061.0,74085.4,74039.7,74085.4,74062.1,0.03109686,8
1790791740,74086.5,74130.0,74086.4,74127.1,74106.9,0.07165577,11
1790791800,74126.7,74126.7,74111.8,74118.2,74121.6,0.01859066,6
1790791860,74095.6,74122.5,74095.6,74122.5,74116.8,0.00186234,2
1790791920,74122.5,74127.6,74111.8,74127.6,74125.4,0.12948992,8
1790791980,74127.6,74127.6,74108.4,74108.6,74111.4,0.02096719,9
1790792040,74118.3,74127.6,74096.5,74096.5,74122.8,0.01581484,7
1790792100,74072.7,74095.1,74072.7,74080.0,74091.3,0.00503986,4
1790792160,74083.6,74088.8,74080.0,74080.0,74082.4,0.44540864,14
1790792220,74055.0,74061.6,74050.1,74050.1,74060.3,0.0386647,5
1790792280,74050.1,74061.6,74050.0,74060.0,74050.5,0.5350687,10
1790792340,74068.2,74075.1,74046.3,74046.3,74064.5,0.03180979,10
1790792400,74046.3,74046.3,74046.3,74046.3,0.0,0.0,0
1790792460,74069.0,74069.0,74019.9,74023.4,74037.3,0.01435138,7
1790792520,74030.6,74044.2,74024.6,74041.1,74031.6,0.11834583,9
1790792580,74041.0,74041.0,74005.7,74005.7,74020.1,0.02857581,9
1790792640,74000.0,74014.7,74000.0,74014.6,74000.3,1.67905422,20
1790792700,73990.0,73990.0,73968.2,73968.2,73972.0,0.01636168,5
1790792760,73981.6,74014.5,73981.6,74005.5,73992.2,0.0422942,5
1790792820,74003.1,74005.0,74001.9,74001.9,74003.2,0.00481145,4
1790792880,73996.1,74009.4,73986.6,73999.7,74005.3,0.01531015,7
1790792940,73999.2,74009.1,73991.4,74008.7,74008.2,0.07604023,14
1790793000,74016.4,74038.7,73996.8,74038.7,74001.8,0.19682037,15
1790793060,74035.9,74044.8,74005.1,74005.1,74023.3,0.06002729,13
1790793120,74000.0,74000.0,73976.5,73976.5,73983.6,0.11358302,9
1790793180,73976.4,73998.5,73976.4,73998.5,73986.3,0.00122153,2
1790793240,73973.1,73977.8,73967.1,73977.8,73970.2,0.03348454,14
1790793300,73976.6,73976.6,73954.4,73954.4,73966.1,0.01313369,7
1790793360,73939.8,73950.9,73933.8,73933.8,73949.6,0.11885582,5
1790793420,73930.3,73930.3,73930.3,73930.3,73930.3,0.02562549,2
1790793480,73930.1,73944.4,73930.1,73944.4,73931.4,0.29975588,16
1790793540,73942.2,73946.9,73942.2,73946.9,73945.9,0.00524,5
1790793600,73942.3,73978.9,73931.0,73977.2,73955.7,0.37744381,21
1790793660,73971.8,73971.8,73957.6,73969.8,73968.9,0.10759044,7
1790793720,73960.5,73962.6,73960.5,73961.4,73961.3,0.02272537,6
1790793780,73969.8,73987.6,73969.5,73969.5,73969.9,0.1838306,11
1790793840,73990.1,73990.1,73968.0,73972.4,73988.5,0.05536082,5
1790793900,73972.3,73972.3,73938.9,73940.9,73947.4,0.01018846,4
1790793960,73945.1,73967.8,73943.5,73947.8,73959.1,0.08609338,8
1790794020,73942.5,73949.3,73942.5,73949.3,73946.5,0.00467804,2
1790794080,73930.1,73930.1,73930.1,73930.1,73930.1,0.0038733,2
1790794140,73930.1,73975.8,73930.1,73975.8,73956.3,0.05058311,13
1790794200,74000.0,74039.7,74000.0,74024.8,74002.9,0.11843073,5
1790794260,74023.8,74023.9,74018.5,74018.5,74018.8,0.27456432,4
1790794320,74025.3,74047.7,74013.6,74047.7,74020.5,0.05675706,10
1790794380,74055.1,74055.1,74013.2,74013.2,74054.5,0.24780104,8
1790794440,74007.1,74039.9,74007.1,74036.8,74010.2,0.04362897,4
1790794500,74032.4,74041.4,74028.2,74041.4,74039.9,0.00834471,7
1790794560,74047.3,74059.8,74041.9,74059.8,74047.6,0.79269333,15
1790794620,74054.1,74069.3,74044.9,74069.3,74048.6,0.20873712,7
1790794680,74059.9,74085.1,74059.0,74084.5,74071.3,0.11859037,9
1790794740,74084.7,74084.7,74056.5,74056.5,74068.9,0.00791898,4
1790794800,74069.7,74071.6,74011.4,74011.4,74048.5,0.01586641,14
1790794860,74005.1,74031.4,74005.1,74020.3,74023.4,0.02008895,7
1790794920,74005.1,74027.9,74000.0,74027.9,74005.9,0.04344437,10
1790794980,74035.1,74042.2,74035.1,74042.2,74038.4,0.00891395,6
1790795040,74031.6,74031.6,74025.6,74025.6,74025.9,0.00714422,4
1790795100,74033.9,74044.7,74015.0,74015.0,74036.7,0.00904278,8
1790795160,74008.0,74008.0,73998.6,74000.0,74003.2,0.0034222,4
1790795220,73995.8,74020.4,73995.8,74020.1,74009.9,0.03703701,6
1790795280,74020.0,74020.0,73988.1,73988.1,73995.2,0.07013059,11
1790795340,73965.0,73965.0,73956.3,73956.3,73961.5,0.00830219,6
1790795400,73956.2,73956.2,73930.2,73930.2,73942.6,0.01427758,8
1790795460,73930.0,73930.0,73912.1,73912.2,73929.9,1.01099775,8
1790795520,73912.0,73912.0,73884.9,73892.9,73890.9,0.01360257,8
1790795580,73907.4,73909.7,73895.0,73904.0,73903.9,0.04833127,8
1790795640,73904.6,73921.5,73900.7,73915.0,73913.8,0.01768335,7
1790795700,73900.6,73900.6,73862.2,73869.2,73862.9,0.02771538,8
1790795760,73862.5,73862.7,73847.6,73851.1,73854.8,0.03864765,7
1790795820,73843.0,73843.0,73773.5,73797.6,73803.6,0.29734201,24
1790795880,73803.3,73844.5,73803.3,73844.5,73815.0,0.19597243,12
1790795940,73851.0,73884.3,73851.0,73884.3,73866.3,0.01419847,5
1790796000,73890.9,73890.9,73863.3,73865.6,73875.4,0.02649341,10
1790796060,73865.6,73902.4,73865.6,73899.9,73866.2,0.55797316,11
1790796120,73863.0,73870.0,73862.8,73862.8,73862.8,0.28721445,7
1790796180,73839.9,73839.9,73839.9,73839.9,73839.9,0.0002179,1
1790796240,73834.3,73838.0,73834.3,73837.9,73837.2,0.01604135,6
1790796300,73835.8,73855.6,73835.8,73855.6,73849.8,0.03422336,9
1790796360,73889.9,73908.1,73888.8,73888.8,73889.8,0.01737693,4
1790796420,73876.9,73876.9,73866.7,73866.7,73873.9,0.11850669,6
1790796480,73877.6,73928.2,73877.6,73907.8,73911.6,1.90258467,33
1790796540,73907.8,73907.8,73876.4,73876.4,73892.7,0.28571198,8
1790796600,73868.9,73924.1,73868.9,73924.1,73906.3,0.09507155,15
1790796660,73929.1,73950.7,73929.1,73950.1,73947.4,0.10076638,14
1790796720,73955.6,73961.1,73950.4,73961.0,73952.2,0.00891893,5
1790796780,73964.1,73965.5,73959.0,73965.5,73959.8,0.00946377,3
1790796840,73981.8,73994.3,73949.8,73980.6,73982.9,0.0196316,10
1790796900,73976.1,73999.9,73968.0,73984.6,73979.2,0.06197736,18
1790796960,73984.6,73984.7,73984.6,73984.7,73984.6,0.01092023,6
1790797020,73984.7,74016.9,73984.7,74008.8,74001.6,0.21534072,11
1790797080,74017.0,74055.1,74017.0,74055.0,74045.3,0.11443894,11
1790797140,74044.8,74044.8,74020.0,74037.9,74034.2,0.21200554,11
1790797200,74031.1,74031.1,74003.8,74006.9,74008.2,0.01433583,8
1790797260,74000.0,74015.8,73997.0,74015.6,74006.4,0.07332491,8
1790797320,74013.1,74013.1,73984.6,73984.6,74002.3,0.27330628,9
1790797380,73989.9,73989.9,73981.0,73981.0,73984.5,0.21452211,5
1790797440,73978.4,73978.4,73975.2,73975.2,73975.4,0.06216176,5
1790797500,73975.0,73977.9,73968.8,73969.8,73971.9,0.00893214,10
1790797560,73970.1,73977.9,73970.1,73977.9,73977.7,0.0099571,8
1790797620,73981.1,73997.6,73885.9,73900.1,73954.1,2.80477478,57
1790797680,73900.3,73947.0,73861.5,73861.5,73906.8,1.39119701,44
1790797740,73855.6,73869.9,73855.6,73864.8,73863.8,0.14656672,12
1790797800,73862.9,73904.1,73833.0,73833.0,73868.3,0.37439012,28
1790797860,73800.8,73800.8,73724.9,73742.2,73738.4,1.74991428,50
1790797920,73749.1,73778.6,73720.0,73724.2,73739.0,0.57552268,34
1790797980,73738.3,73778.1,73701.6,73701.6,73721.9,1.13126626,18
1790798040,73700.1,73728.1,73700.0,73700.0,73700.7,0.24097004,17
1790798100,73694.6,73756.6,73694.6,73756.6,73722.0,0.16587488,20
1790798160,73782.7,73784.0,73748.9,73753.8,73767.4,0.03281638,12
1790798220,73746.3,73765.1,73743.4,73765.1,73743.8,0.03986084,6
1790798280,73759.0,73770.9,73756.4,73770.6,73764.3,0.03135383,10
1790798340,73770.5,73802.4,73770.5,73772.4,73789.6,0.09658742,9
1790798400,73776.6,73838.3,73776.6,73802.7,73805.7,0.19530107,22
1790798460,73774.3,73774.3,73727.0,73767.9,73746.0,0.10778193,8
1790798520,73781.0,73781.0,73729.3,73729.3,73755.3,0.00206087,3
1790798580,73766.6,73767.1,73763.4,73767.1,73765.4,0.04780115,6
1790798640,73773.4,73792.5,73752.0,73752.0,73785.2,0.37060101,12
1790798700,73760.7,73769.6,73750.3,73754.4,73759.7,0.04917445,12
1790798760,73780.0,73780.0,73709.6,73760.7,73742.2,0.47368201,22
1790798820,73766.3,73775.6,73761.3,73768.3,73768.4,0.03597607,9
1790798880,73777.2,73779.9,73763.4,73763.4,73777.3,0.0070474,3
1790798940,73773.5,73773.5,73766.0,73766.0,73767.7,0.01435423,4
1790799000,73756.4,73794.4,73756.4,73794.4,73775.6,0.07790109,11
1790799060,73795.2,73817.2,73795.2,73799.1,73805.2,0.02783071,6
1790799120,73791.4,73791.4,73791.4,73791.4,73791.4,0.00022783,1
1790799180,73795.8,73795.8,73787.9,73787.9,73791.5,0.05222957,7
1790799240,73818.0,73832.2,73818.0,73832.2,73819.6,0.014893,3
1790799300,73824.8,73824.8,73804.0,73804.0,73810.2,0.03670186,9
1790799360,73808.1,73809.4,73787.6,73787.6,73803.1,0.118142,18
1790799420,73788.0,73788.0,73788.0,73788.0,73788.0,0.01406845,3
1790799480,73788.0,73794.9,73776.5,73776.5,73790.7,0.06648899,5
1790799540,73793.5,73825.7,73793.4,73825.7,73808.6,0.20006626,16
1790799600,73829.9,73853.5,73829.9,73843.2,73835.6,0.08210465,8
1790799660,73832.1,73854.0,73832.1,73854.0,73851.8,0.00975342,2
1790799720,73854.0,73868.4,73848.5,73858.0,73854.6,0.1887898,11
1790799780,73871.5,73880.5,73867.1,73880.5,73870.9,0.04243642,6
1790799840,73883.6,73891.5,73867.1,73873.1,73874.4,0.22847961,12
1790799900,73886.0,73890.2,73885.9,73886.6,73886.1,0.15063673,8
1790799960,73889.2,73890.0,73884.1,73890.0,73888.0,0.03051453,7
1790800020,73894.6,73903.6,73894.6,73903.6,73900.1,0.09994505,7
1790800080,73903.6,73903.8,73879.1,73879.1,73902.7,0.09199149,8
1790800140,73893.8,73893.8,73891.1,73891.9,73893.4,0.04548633,6
1790800200,73858.9,73863.7,73850.0,73850.0,73858.0,0.02682457,13
1790800260,73836.1,73836.1,73802.1,73802.1,73820.6,0.09609784,11
1790800320,73799.8,73800.0,73793.0,73800.0,73799.4,0.00574656,4
1790800380,73815.4,73815.5,73801.5,73811.3,73807.3,0.0849667,8
1790800440,73811.5,73826.3,73788.0,73788.0,73815.7,0.3012644,16
1790800500,73802.6,73822.5,73802.6,73822.5,73814.6,0.01479721,5
1790800560,73812.2,73812.2,73802.9,73805.2,73805.7,0.25934058,15
1790800620,73799.8,73820.2,73795.8,73820.2,73800.3,0.07072005,4
1790800680,73820.2,73834.5,73820.2,73834.2,73832.1,0.07077723,5
1790800740,73828.8,73851.7,73828.7,73851.7,73841.5,0.07343115,6
1790800800,73849.5,73853.9,73849.3,73853.9,73849.5,0.32449904,14
1790800860,73851.8,73852.0,73850.0,73850.0,73850.0,0.90314759,11
1790800920,73855.0,73855.0,73819.2,73819.2,73849.1,1.03215955,26
1790800980,73819.1,73819.1,73816.5,73816.5,73818.1,0.03283688,7
1790801040,73816.8,73817.4,73816.8,73817.4,73817.3,0.00433867,2
1790801100,73817.4,73818.7,73812.6,73812.6,73816.1,0.04974699,6
1790801160,73820.3,73822.0,73818.9,73818.9,73820.6,0.00991037,4
1790801220,73808.1,73819.5,73808.1,73819.1,73809.1,0.00952009,6
1790801280,73819.5,73819.5,73803.7,73803.7,73816.8,0.04723949,9
1790801340,73803.7,73803.7,73780.0,73803.4,73797.7,0.12891469,9
1790801400,73800.5,73801.1,73788.1,73801.1,73799.9,0.06168091,8
1790801460,73800.1,73829.4,73800.1,73829.4,73813.2,0.08991449,6
1790801520,73828.0,73846.7,73828.0,73846.7,73843.3,0.01449809,7
1790801580,73848.0,73848.0,73847.9,73847.9,73847.9,0.0169084,6
1790801640,73840.7,73844.9,73840.6,73840.7,73840.7,0.01255264,7
1790801700,73840.6,73840.6,73805.1,73805.1,73820.9,0.05179697,12
1790801760,73805.0,73805.0,73784.6,73785.4,73786.4,0.33340761,12
1790801820,73790.8,73790.8,73783.9,73786.2,73789.4,0.51686293,8
1790801880,73785.7,73792.8,73782.3,73792.8,73783.7,0.02785187,8
1790801940,73790.6,73807.4,73790.6,73803.4,73791.7,0.22057208,10
1790802000,73820.7,73844.2,73820.7,73844.2,73835.6,0.0299039,12
1790802060,73842.2,73851.9,73842.2,73843.8,73844.5,0.13388848,9
1790802120,73826.8,73831.0,73826.8,73831.0,73826.8,0.01274846,3
1790802180,73837.1,73884.7,73837.0,73869.6,73850.9,0.02033483,9
1790802240,73871.8,73881.3,73871.8,73876.5,73879.0,0.31560245,7
1790802300,73870.9,73870.9,73853.1,73853.1,73866.5,0.05779801,9
1790802360,73852.8,73868.1,73852.8,73868.1,73858.3,0.01834046,5
1790802420,73866.7,73868.5,73859.2,73859.2,73867.3,0.01697998,7
1790802480,73843.8,73854.7,73841.9,73852.9,73843.2,0.01563234,8
1790802540,73852.7,73860.6,73852.7,73860.6,73859.2,0.16488983,12
1790802600,73864.0,73884.9,73864.0,73872.9,73876.2,0.22849939,13
1790802660,73856.0,73856.0,73845.9,73845.9,73847.8,0.03353082,2
1790802720,73874.4,73912.8,73874.2,73900.6,73899.5,0.0311286,6
1790802780,73889.1,73889.1,73875.0,73877.7,73878.8,0.02315395,4
1790802840,73867.5,73867.5,73867.5,73867.5,73867.5,0.03583707,1
1790802900,73870.1,73870.1,73855.6,73855.6,73864.9,0.03899208,15
1790802960,73855.0,73880.3,73836.5,73880.3,73850.0,0.18822749,10
1790803020,73882.4,73898.5,73882.4,73898.5,73896.3,0.02198637,5
1790803080,73899.0,73923.0,73899.0,73922.9,73913.7,0.00960161,3
1790803140,73904.0,73920.8,73891.6,73891.6,73900.1,0.02132008,6
1790803200,73897.3,73897.3,73897.2,73897.3,73897.2,0.00468331,7
1790803260,73902.2,73902.2,73890.6,73890.6,73901.1,0.03762948,6
1790803320,73890.5,73890.5,73883.1,73883.3,73885.0,0.01598519,6
1790803380,73884.6,73885.0,73884.6,73884.9,73884.6,0.01525701,7
1790803440,73885.0,73885.0,73843.9,73843.9,73877.7,0.04649883,7
1790803500,73835.1,73847.5,73835.1,73842.2,73835.3,0.02928829,5
1790803560,73851.3,73855.7,73848.2,73855.7,73853.5,0.09609965,7
1790803620,73864.0,73864.0,73863.9,73864.0,73863.9,0.00330583,6
1790803680,73859.0,73859.0,73853.1,73853.1,73856.0,0.02034206,8
1790803740,73854.6,73860.0,73846.6,73846.6,73854.7,0.22049935,12
1790803800,73831.2,73836.6,73831.2,73836.6,73835.8,0.02256365,8
1790803860,73836.6,73861.9,73836.6,73861.9,73840.7,0.01616661,6
1790803920,73861.9,73890.7,73861.9,73890.7,73873.5,0.0132442,5
1790803980,73859.9,73869.5,73859.8,73869.5,73860.4,0.02786826,6
1790804040,73877.1,73877.1,73875.6,73875.6,73877.0,0.00397268,3
1790804100,73885.0,73887.2,73884.9,73887.2,73886.8,0.06015936,5
1790804160,73900.0,73915.4,73900.0,73915.2,73905.5,0.14076327,9
1790804220,73903.6,73903.6,73903.6,73903.6,73903.6,0.01460213,3
1790804280,73893.3,73897.0,73893.0,73893.7,73896.0,0.00136102,4
1790804340,73895.0,73895.0,73862.8,73862.9,73883.5,0.01543371,5
1790804400,73853.4,73866.8,73853.4,73866.4,73866.4,0.01057322,10
1790804460,73866.4,73866.5,73853.4,73853.5,73859.4,0.034843,5
1790804520,73853.5,73863.9,73852.0,73852.0,73853.8,0.22547114,7
1790804580,73843.3,73852.5,73843.3,73850.3,73843.6,0.02271348,5
1790804640,73850.3,73850.3,73834.2,73834.2,73848.3,0.00650231,3
1790804700,73813.3,73830.6,73813.3,73830.5,73830.1,0.03194404,8
1790804760,73831.4,73831.4,73831.3,73831.3,73831.3,0.03752071,4
1790804820,73847.5,73856.0,73847.5,73856.0,73854.8,0.00163033,3
1790804880,73856.0,73858.7,73843.3,73843.3,73856.7,0.01265468,5
1790804940,73843.3,73856.4,73843.2,73843.3,73843.4,0.3203531,11
1790805000,73843.2,73863.8,73843.2,73863.0,73861.3,0.0136616,9
1790805060,73858.9,73858.9,73843.2,73849.4,73851.6,0.01648207,8
1790805120,73843.2,73844.0,73843.1,73843.1,73843.4,0.02396903,5
1790805180,73853.5,73853.6,73849.3,73850.5,73851.7,0.00456229,7
1790805240,73849.3,73861.9,73849.3,73861.8,73860.1,0.51458248,14
1790805300,73860.6,73860.6,73856.4,73856.5,73857.5,0.01699246,12
1790805360,73856.5,73863.9,73856.5,73863.9,73857.9,0.00235303,11
1790805420,73863.8,73866.7,73863.8,73865.7,73865.4,0.01438383,5
1790805480,73865.6,73865.7,73865.6,73865.7,73865.6,0.00718763,5
1790805540,73865.6,73865.6,73865.5,73865.6,73865.5,0.00711727,3
1790805600,73882.9,73900.4,73877.1,73883.2,73885.3,0.0426412,15
1790805660,73883.2,73883.3,73867.4,73867.4,73883.0,0.1895539,14
1790805720,73866.2,73866.2,73843.8,73864.4,73855.3,1.63520977,23
1790805780,73854.2,73854.2,73819.0,73819.0,73834.1,0.05986517,5
1790805840,73831.2,73837.3,73824.5,73824.5,73832.1,0.01533485,5
1790805900,73827.3,73832.5,73827.2,73832.5,73829.3,0.00816132,5
1790805960,73830.6,73830.6,73790.3,73790.3,73815.8,0.0429818,11
1790806020,73768.1,73768.1,73716.6,73716.6,73737.1,1.41339027,30
1790806080,73716.7,73745.3,73716.7,73734.0,73736.8,0.00844209,12
1790806140,73739.6,73739.6,73729.5,73729.7,73736.8,0.00362235,3
1790806200,73731.1,73762.9,73731.1,73762.9,73749.2,0.07686595,8
1790806260,73767.8,73776.2,73764.0,73776.2,73768.0,0.03166468,8
1790806320,73774.7,73787.0,73774.7,73787.0,73775.0,0.02946117,3
1790806380,73790.2,73817.2,73790.2,73817.2,73790.7,0.03002461,9
1790806440,73817.1,73829.4,73816.4,73829.4,73825.8,0.00944093,3
1790806500,73840.1,73852.8,73840.1,73851.3,73844.9,0.00705493,9
1790806560,73851.3,73851.4,73851.3,73851.3,73851.3,0.04895084,5
1790806620,73853.1,73854.4,73853.1,73854.4,73853.7,0.02152174,4
1790806680,73854.5,73859.8,73841.4,73841.4,73852.4,0.02940644,9
1790806740,73843.3,73844.8,73838.5,73839.9,73840.7,0.02210702,6
1790806800,73840.0,73842.8,73840.0,73841.1,73841.4,0.01571655,11
1790806860,73841.1,73846.8,73841.1,73846.7,73846.0,0.12681041,10
1790806920,73844.6,73848.6,73844.6,73848.6,73846.0,0.02712702,7
1790806980,73850.0,73872.9,73850.0,73872.8,73854.5,0.06334714,8
1790807040,73876.1,73876.1,73876.1,73876.1,73876.1,0.00632963,1
1790807100,73876.4,73897.3,73876.4,73897.3,73878.9,0.38947951,7
1790807160,73897.3,73907.2,73897.3,73907.2,73901.6,0.00386111,2
1790807220,73913.2,73913.2,73913.2,73913.2,73913.2,0.00279106,1
1790807280,73912.7,73912.8,73912.7,73912.8,73912.7,0.00498968,5
1790807340,73914.1,73914.1,73914.1,73914.1,73914.1,0.0567269,3
1790807400,73923.3,73923.3,73922.1,73922.1,73923.1,0.00442181,6
1790807460,73925.2,73942.5,73925.2,73938.9,73931.8,0.00749583,6
1790807520,73938.9,73938.9,73930.0,73930.0,73931.9,0.05260438,7
1790807580,73924.1,73924.1,73920.8,73920.8,73923.7,0.00964784,3
1790807640,73940.4,73940.4,73940.4,73940.4,73940.4,0.00371971,2
1790807700,73938.9,73938.9,73937.5,73938.5,73937.6,0.01414444,7
1790807760,73936.9,73937.3,73936.9,73937.3,73937.1,0.00599299,5
1790807820,73938.3,73940.8,73938.3,73940.8,73940.7,0.00363992,2
1790807880,73939.4,73939.4,73937.6,73937.6,73939.3,0.00544084,3
1790807940,73936.2,73936.2,73920.4,73922.0,73930.2,0.16120716,5
1790808000,73922.0,73922.0,73921.9,73921.9,73921.9,0.01374502,4
1790808060,73938.6,73938.6,73935.4,73935.4,73936.2,0.00963153,2
1790808120,73936.4,73936.4,73936.3,73936.3,73936.3,0.01064047,4
1790808180,73936.4,73936.5,73906.3,73910.3,73928.3,0.04394396,7
1790808240,73918.4,73918.4,73913.9,73913.9,73914.2,0.03772949,7
1790808300,73914.6,73915.8,73914.5,73915.8,73915.4,0.01360942,4
1790808360,73914.2,73914.2,73914.1,73914.1,73914.1,0.00614225,3
1790808420,73904.2,73904.2,73904.2,73904.2,73904.2,0.00040593,1
1790808480,73902.1,73902.1,73879.9,73883.4,73896.1,0.03515212,8
1790808540,73883.4,73883.4,73865.0,73865.0,73876.3,0.01166548,6
1790808600,73865.1,73886.9,73865.1,73886.8,73885.2,0.01509827,4
1790808660,73864.3,73864.3,73851.6,73851.6,73854.5,0.01788053,3
1790808720,73841.2,73856.7,73841.2,73856.4,73849.7,0.08125204,6
1790808780,73856.4,73856.4,73843.4,73843.4,73845.3,0.00234747,3
1790808840,73843.5,73843.5,73843.5,73843.5,73843.5,0.03441019,2
1790808900,73851.1,73863.5,73851.1,73858.0,73860.8,0.03896627,4
1790808960,73829.1,73852.5,73829.1,73852.5,73833.5,0.07180342,4
1790809020,73847.7,73847.7,73847.7,73847.7,73847.7,0.005,1
1790809080,73820.1,73833.4,73820.1,73825.9,73831.4,0.00673541,3
1790809140,73816.2,73816.2,73815.6,73815.6,73815.7,0.04525579,5
1790809200,73813.9,73835.2,73803.5,73835.2,73809.6,0.08502168,35
1790809260,73831.6,73853.5,73831.6,73853.5,73844.3,0.00865127,3
1790809320,73831.9,73856.0,73831.9,73856.0,73843.3,0.00264002,5
1790809380,73861.1,73884.3,73833.3,73884.3,73856.8,0.05126137,8
1790809440,73871.0,73871.0,73852.6,73852.6,73867.7,0.00228406,3
1790809500,73852.6,73852.6,73842.1,73842.1,73844.3,0.00485369,2
1790809560,73835.9,73835.9,73816.7,73816.7,73833.2,0.00600718,3
1790809620,73808.6,73808.6,73808.6,73808.6,73808.6,5.412e-05,1
1790809680,73817.0,73817.0,73774.7,73774.7,73816.0,0.0027736,2
1790809740,73770.3,73770.3,73770.3,73770.3,73770.3,0.0001848,2
1790809800,73785.3,73785.3,73781.8,73781.8,73781.8,0.00372884,3
1790809860,73781.8,73781.8,73773.0,73773.0,73778.4,0.0105775,2
1790809920,73766.3,73766.3,73766.3,73766.3,73766.3,0.06282998,3
1790809980,73786.9,73826.9,73786.9,73826.9,73799.8,0.03233185,5
1790810040,73826.3,73841.5,73826.3,73841.5,73828.6,0.03384241,3
1790810100,73806.6,73822.3,73799.6,73799.6,73804.0,0.01802627,7
1790810160,73789.4,73840.0,73785.0,73840.0,73803.7,0.06116754,9
1790810220,73835.5,73847.7,73824.8,73847.7,73838.3,0.01416624,6
1790810280,73823.3,73823.7,73823.2,73823.2,73823.6,0.0134902,4
1790810340,73827.4,73842.7,73827.4,73838.3,73828.1,0.0193971,7
1790810400,73836.4,73836.4,73834.3,73834.3,73835.5,0.00208138,4
1790810460,73861.6,73928.2,73861.6,73887.1,73901.9,0.96343398,11
1790810520,73850.1,73853.0,73847.4,73848.4,73850.2,0.00246778,4
1790810580,73848.3,73848.7,73848.3,73848.7,73848.4,0.00093278,2
1790810640,73872.2,73872.2,73864.3,73870.4,73870.1,0.03922369,4
1790810700,73871.9,73871.9,73867.8,73867.8,73870.7,0.00457153,3
1790810760,73866.8,73878.8,73866.8,73877.3,73868.0,0.00990835,3
1790810820,73877.2,73877.2,73867.0,73867.0,73873.6,0.01637722,2
1790810880,73866.4,73866.4,73816.1,73816.1,73858.2,0.07664704,9
1790810940,73802.7,73802.7,73784.9,73784.9,73800.7,0.02873426,8
1790811000,73782.4,73802.9,73781.7,73802.9,73782.8,0.23753441,15
1790811060,73803.0,73803.0,73764.7,73764.7,73799.4,0.188852,9
1790811120,73759.1,73759.1,73747.6,73747.6,73758.6,0.00241047,3
1790811180,73746.3,73746.3,73660.0,73681.7,73704.8,0.16172069,30
1790811240,73693.2,73721.5,73693.2,73721.5,73713.9,0.2050156,13
1790811300,73734.6,73734.6,73732.4,73732.4,73734.5,0.03585543,3
1790811360,73742.9,73797.8,73742.9,73755.3,73783.2,0.0378965,8
1790811420,73752.0,73782.5,73751.9,73782.5,73755.0,0.00601924,3
1790811480,73782.1,73787.1,73779.8,73787.1,73782.2,0.00741351,3
1790811540,73776.3,73776.3,73762.8,73762.9,73768.5,0.01113586,6
1790811600,73762.7,73771.5,73762.5,73771.5,73770.0,0.02561091,9
1790811660,73772.9,73772.9,73772.9,73772.9,73772.9,0.00284742,1
1790811720,73770.4,73770.4,73762.4,73762.4,73768.7,0.01898409,3
1790811780,73748.2,73748.2,73748.2,73748.2,73748.2,0.02770874,4
1790811840,73754.8,73757.2,73754.8,73757.2,73756.6,0.06780932,2
1790811900,73754.3,73754.3,73745.0,73745.0,73751.3,0.00606195,3
1790811960,73721.3,73721.3,73711.8,73721.0,73719.6,0.00626351,5
1790812020,73721.0,73730.9,73721.0,73730.9,73724.1,0.05584908,4
1790812080,73710.6,73710.6,73697.9,73708.0,73698.0,0.03664811,4
1790812140,73714.0,73721.7,73714.0,73721.0,73717.8,0.07177346,6
1790812200,73718.6,73745.7,73709.2,73745.7,73729.8,0.27528515,17
1790812260,73721.1,73772.5,73719.3,73752.0,73754.2,0.5710499,26
1790812320,73734.1,73755.8,73734.1,73746.8,73747.4,0.03105412,8
1790812380,73761.0,73791.5,73761.0,73779.0,73775.2,0.66671017,9
1790812440,73781.3,73781.3,73760.1,73767.5,73769.1,0.66858508,12
1790812500,73761.9,73761.9,73758.4,73758.4,73758.7,0.00056829,2
1790812560,73754.0,73754.0,73754.0,73754.0,73754.0,0.00133599,2
1790812620,73754.0,73754.0,73754.0,73754.0,0.0,0.0,0
1790812680,73753.6,73753.6,73751.9,73751.9,73752.2,0.0002809,2
1790812740,73768.7,73781.3,73767.5,73781.3,73769.3,0.03192685,4
1790812800,73775.0,73802.9,73774.4,73781.3,73787.0,0.2569346,42
1790812860,73737.3,73737.3,73711.1,73711.1,73724.7,0.01775633,10
1790812920,73705.4,73705.4,73693.2,73693.2,73703.4,0.00056866,2
1790812980,73693.3,73693.3,73693.3,73693.3,73693.3,0.00077734,1
1790813040,73706.5,73711.6,73693.3,73693.3,73698.2,0.02318302,6
1790813100,73693.2,73693.2,73689.8,73689.8,73691.0,0.01270628,4
1790813160,73688.9,73688.9,73680.0,73680.0,73682.8,0.00403597,3
1790813220,73691.9,73692.4,73691.8,73692.2,73692.1,0.00049835,4
1790813280,73696.6,73696.6,73694.0,73694.1,73696.5,0.06890898,4
1790813340,73688.7,73688.7,73657.0,73657.0,73676.2,0.01897527,7
1790813400,73656.7,73656.7,73650.0,73650.0,73650.0,0.01018241,4
1790813460,73649.3,73649.3,73649.3,73649.3,73649.3,0.01104395,1
1790813520,73691.6,73691.6,73691.6,73691.6,73691.6,0.0009186,1
1790813580,73693.0,73693.0,73691.7,73691.7,73691.7,0.00141111,2
1790813640,73691.5,73691.5,73691.5,73691.5,73691.5,0.0002714,1
1790813700,73674.4,73674.4,73651.0,73651.0,73651.8,0.00145776,3
1790813760,73620.1,73649.5,73616.2,73617.2,73622.9,0.00418163,5
1790813820,73636.5,73636.5,73618.9,73618.9,73636.3,0.01081607,3
1790813880,73610.0,73610.0,73592.3,73609.4,73600.1,0.34411908,11
1790813940,73613.5,73613.5,73603.5,73610.3,73604.6,0.00675908,5
1790814000,73616.5,73643.6,73616.5,73643.6,73635.7,0.11342232,6
1790814060,73638.0,73642.2,73638.0,73642.2,73642.0,0.03057636,2
1790814120,73642.3,73648.2,73639.9,73648.2,73646.7,0.00686896,5
1790814180,73633.0,73633.0,73605.9,73605.9,73628.6,0.00338573,2
1790814240,73607.0,73632.7,73607.0,73632.7,73629.9,0.00344273,4
1790814300,73616.4,73633.6,73616.4,73633.6,73628.7,0.00019225,2
1790814360,73636.1,73636.1,73636.1,73636.1,73636.1,0.004,1
1790814420,73617.4,73625.6,73617.4,73625.6,73618.5,0.0076832,3
1790814480,73622.9,73622.9,73607.0,73607.3,73618.2,0.03866705,6
1790814540,73619.2,73619.2,73619.2,73619.2,73619.2,0.00198187,1
1790814600,73618.0,73618.0,73583.6,73585.3,73593.9,0.00563598,6
1790814660,73601.1,73601.1,73587.6,73589.8,73597.7,0.01436112,4
1790814720,73625.6,73634.5,73625.4,73631.3,73630.3,0.01321674,5
1790814780,73613.8,73613.8,73611.0,73611.0,73613.7,0.03510387,4
1790814840,73628.0,73638.0,73628.0,73638.0,73628.8,0.00355512,4
1790814900,73616.0,73616.0,73616.0,73616.0,73616.0,0.00510978,1
1790814960,73610.5,73632.1,73610.5,73632.1,73615.6,0.00042325,3
1790815020,73661.1,73661.1,73656.5,73656.5,73659.4,0.00015411,2
1790815080,73637.8,73637.8,73624.1,73624.6,73624.7,0.00332373,3
1790815140,73637.0,73637.3,73632.6,73632.6,73635.0,0.00401907,3
1790815200,73649.6,73651.1,73635.3,73650.4,73645.7,0.0077048,9
1790815260,73654.7,73667.7,73649.4,73649.4,73661.3,0.02127863,3
1790815320,73640.2,73641.9,73640.2,73641.9,73640.3,0.00197751,3
1790815380,73648.9,73648.9,73642.9,73642.9,73647.0,0.00439289,4
1790815440,73657.5,73657.5,73657.1,73657.1,73657.1,0.03301419,2
1790815500,73676.0,73678.7,73676.0,73678.7,73676.0,0.01771779,5
1790815560,73661.1,73661.1,73642.7,73642.7,73653.3,0.00797842,5
1790815620,73650.4,73650.4,73640.5,73640.5,73640.5,0.0676518,2
1790815680,73633.2,73633.2,73633.2,73633.2,73633.2,0.00273262,1
1790815740,73642.6,73646.0,73642.6,73644.0,73645.2,0.33959318,5
1790815800,73653.8,73653.8,73624.5,73624.5,73638.7,0.00757398,3
1790815860,73624.5,73626.6,73624.5,73626.6,73624.6,0.00262515,2
1790815920,73643.6,73643.6,73642.9,73642.9,73643.1,0.00271248,4
1790815980,73654.3,73654.3,73635.2,73635.2,73639.9,0.04090668,4
1790816040,73620.1,73621.8,73620.1,73620.1,73620.3,0.00595171,3
1790816100,73626.2,73639.9,73626.2,73639.9,73627.4,0.00169036,6
1790816160,73650.9,73652.5,73650.7,73652.5,73650.9,0.03145185,3
1790816220,73650.3,73653.3,73650.3,73653.3,73650.3,0.00800005,2
1790816280,73655.2,73655.2,73655.2,73655.2,73655.2,0.00070387,2
1790816340,73658.0,73658.0,73646.6,73646.6,73654.6,0.00264257,3
1790816400,73632.7,73648.0,73632.7,73643.2,73636.3,0.08121554,13
1790816460,73643.1,73654.9,73637.7,73637.7,73644.0,0.06609688,38
1790816520,73643.1,73683.7,73643.1,73683.7,73660.1,0.01950567,3
1790816580,73686.6,73701.5,73686.6,73701.5,73695.0,0.00247373,3
1790816640,73637.8,73662.0,73637.8,73662.0,73639.5,0.01336058,4
1790816700,73647.8,73680.7,73646.8,73680.7,73665.7,0.30485999,13
1790816760,73700.0,73701.5,73700.0,73701.5,73700.8,0.01252133,2
1790816820,73699.8,73715.0,73699.8,73707.9,73700.0,0.00894908,5
1790816880,73698.3,73705.3,73698.3,73705.3,73704.7,0.00437808,2
1790816940,73714.8,73714.8,73714.8,73714.8,73714.8,0.00020548,1
1790817000,73701.4,73701.4,73696.0,73696.0,73698.4,0.00214802,4
1790817060,73685.8,73688.5,73684.6,73684.6,73686.3,0.00543735,3
1790817120,73687.3,73699.0,73686.4,73697.3,73696.9,0.05501954,10
1790817180,73706.5,73712.1,73706.5,73710.1,73709.2,0.00195708,4
1790817240,73710.1,73710.1,73710.1,73710.1,0.0,0.0,0
1790817300,73689.0,73689.0,73659.1,73663.4,73681.4,0.03685785,5
1790817360,73710.2,73710.2,73710.2,73710.2,73710.2,5.412e-05,1
1790817420,73710.4,73715.0,73710.4,73715.0,73710.5,0.00127845,2
1790817480,73757.8,73757.8,73757.8,73757.8,73757.8,0.00900301,1
1790817540,73744.5,73756.4,73744.5,73756.4,73750.0,0.00472094,4
1790817600,73760.2,73760.2,73756.6,73757.9,73756.9,0.02737691,5
1790817660,73770.0,73770.0,73751.4,73751.4,73769.1,0.00418324,2
1790817720,73744.4,73744.4,73737.7,73737.7,73739.7,0.00053879,3
1790817780,73745.3,73745.3,73745.3,73745.3,73745.3,0.00032422,1
1790817840,73767.1,73767.1,73757.2,73757.2,73765.2,0.00369476,2
1790817900,73765.9,73771.2,73761.6,73767.1,73766.3,0.00529589,9
1790817960,73765.8,73765.8,73765.8,73765.8,73765.8,0.00064,1
1790818020,73765.8,73765.8,73765.8,73765.8,0.0,0.0,0
1790818080,73738.4,73742.6,73738.4,73738.9,73740.1,0.00700335,6
1790818140,73737.9,73737.9,73737.9,73737.9,73737.9,0.00305114,1
1790818200,73722.8,73722.8,73669.1,73669.1,73701.2,0.00436753,9
1790818260,73654.3,73654.9,73620.1,73634.6,73629.1,0.05160367,10
1790818320,73643.0,73677.7,73643.0,73673.9,73645.2,0.05774752,5
1790818380,73677.8,73695.0,73677.8,73695.0,73677.8,0.00929606,3
1790818440,73678.0,73693.5,73678.0,73693.5,73680.0,0.00264601,7
1790818500,73687.8,73687.8,73660.4,73660.8,73678.3,0.00546251,7
1790818560,73646.7,73648.4,73646.7,73648.4,73648.1,0.00088023,2
1790818620,73630.8,73630.8,73608.0,73626.3,73612.0,0.01345275,7
1790818680,73626.4,73648.8,73626.4,73648.8,73629.5,0.01109886,3
1790818740,73674.5,73674.5,73674.5,73674.5,73674.5,0.0033424,1
1790818800,73683.2,73700.0,73683.2,73700.0,73692.5,0.00437832,11
1790818860,73673.2,73673.2,73673.2,73673.2,73673.2,0.00667539,1
1790818920,73679.5,73709.1,73679.5,73709.1,73697.4,0.04739945,6
1790818980,73723.1,73734.7,73723.1,73727.7,73727.9,0.04205991,4
1790819040,73727.7,73727.7,73720.8,73720.9,73726.3,0.0026093,5
1790819100,73720.9,73720.9,73700.0,73700.0,73714.6,0.00047237,3
1790819160,73683.7,73683.7,73680.1,73681.9,73683.2,0.01412945,5
1790819220,73680.1,73680.1,73665.4,73665.4,73672.7,0.0002116,2
1790819280,73673.9,73677.0,73673.9,73677.0,73674.0,0.00269931,4
1790819340,73677.0,73690.5,73660.0,73660.0,73688.3,0.00573602,7
1790819400,73652.1,73700.1,73652.1,73700.1,73660.4,0.00028935,2
1790819460,73700.1,73700.1,73700.1,73700.1,0.0,0.0,0
1790819520,73715.8,73718.5,73682.6,73682.6,73706.7,0.01279828,8
1790819580,73675.1,73675.1,73675.1,73675.1,73675.1,0.006,1
1790819640,73687.0,73687.0,73684.7,73684.7,73686.6,0.00031333,2
1790819700,73682.0,73695.3,73672.2,73695.3,73679.3,0.01764422,5
1790819760,73708.5,73708.5,73708.5,73708.5,73708.5,0.01340617,1
1790819820,73708.5,73708.5,73708.5,73708.5,0.0,0.0,0
1790819880,73677.7,73677.7,73677.7,73677.7,73677.7,5.411e-05,1
1790819940,73680.1,73680.1,73680.0,73680.1,73680.0,0.24248725,8
1790820000,73680.1,73708.9,73680.0,73708.9,73699.9,0.00484616,18
1790820060,73718.0,73723.0,73718.0,73720.7,73721.8,0.00289128,4
1790820120,73700.6,73700.6,73690.0,73690.0,73693.7,0.00885708,4
1790820180,73689.9,73689.9,73687.1,73687.1,73688.2,0.00973229,4
1790820240,73687.5,73689.9,73687.0,73689.9,73688.1,0.0178399,10
1790820300,73704.4,73724.2,73704.4,73716.8,73719.4,0.01221342,6
1790820360,73727.4,73741.6,73727.4,73741.6,73738.4,0.01340953,3
1790820420,73747.6,73747.6,73747.6,73747.6,73747.6,5.411e-05,1
1790820480,73763.7,73807.1,73763.7,73807.1,73774.1,0.01510915,3
1790820540,73803.9,73803.9,73803.9,73803.9,73803.9,0.00225668,2
1790820600,73792.4,73792.4,73792.4,73792.4,73792.4,5.411e-05,1
1790820660,73796.0,73796.0,73796.0,73796.0,73796.0,0.00880806,1
1790820720,73796.0,73796.0,73796.0,73796.0,0.0,0.0,0
1790820780,73814.3,73814.3,73814.3,73814.3,73814.3,5.412e-05,1
1790820840,73796.8,73796.8,73796.8,73796.8,73796.8,0.00067347,1
1790820900,73775.0,73775.0,73767.5,73767.5,73773.5,0.00120253,7
1790820960,73765.0,73770.1,73752.1,73752.1,73761.9,0.00299011,3
1790821020,73750.4,73754.4,73750.4,73754.4,73750.6,0.00071779,2
1790821080,73745.4,73745.4,73745.4,73745.4,73745.4,0.00201002,1
1790821140,73705.9,73705.9,73702.2,73702.2,73703.4,0.00182814,3
1790821200,73700.1,73700.1,73671.1,73671.1,73696.5,0.10743688,8
1790821260,73649.3,73649.8,73649.3,73649.8,73649.4,0.00201629,2
1790821320,73660.9,73701.5,73660.9,73701.5,73678.1,0.0308481,8
1790821380,73679.9,73709.9,73679.9,73709.9,73707.3,0.34304364,10
1790821440,73716.7,73716.7,73716.7,73716.7,73716.7,0.00053718,1
1790821500,73688.8,73688.8,73649.2,73649.2,73671.0,0.0019088,5
1790821560,73640.0,73640.0,73632.8,73632.8,73634.5,0.0004211,3
1790821620,73634.0,73637.0,73634.0,73637.0,73636.3,0.00942262,3
1790821680,73633.3,73657.9,73633.3,73657.9,73648.1,0.10244905,11
1790821740,73691.9,73699.6,73691.9,73699.6,73695.8,0.02087732,21
1790821800,73718.2,73764.9,73716.6,73764.9,73721.8,0.00396091,6
1790821860,73725.2,73729.8,73724.8,73729.5,73728.7,0.01307126,6
1790821920,73723.6,73738.5,73723.5,73738.4,73729.7,0.00886063,4
1790821980,73738.4,73738.4,73738.4,73738.4,0.0,0.0,0
1790822040,73718.1,73718.1,73696.2,73696.2,73696.6,0.00276877,2
1790822100,73696.2,73696.2,73696.2,73696.2,0.0,0.0,0
1790822160,73706.1,73706.1,73706.1,73706.1,73706.1,0.00407385,1
1790822220,73675.1,73675.1,73673.6,73673.6,73673.6,0.00274165,2
1790822280,73641.5,73641.5,73641.5,73641.5,73641.5,0.0006656,1
1790822340,73627.3,73633.0,73625.5,73628.4,73628.8,0.17805356,6
1790822400,73637.7,73646.9,73631.6,73646.9,73644.5,0.00589333,6
1790822460,73646.9,73646.9,73636.8,73636.8,73644.3,0.00243072,5
1790822520,73635.6,73650.1,73635.6,73650.1,73646.5,0.01703806,2
1790822580,73646.5,73649.0,73643.3,73649.0,73644.0,0.00422571,7
1790822640,73639.3,73639.3,73635.0,73635.2,73635.5,0.0020255,5
1790822700,73635.1,73635.1,73620.1,73625.3,73632.8,0.00771455,9
1790822760,73622.0,73623.8,73622.0,73623.8,73622.0,0.00340828,2
1790822820,73620.1,73622.9,73620.1,73622.9,73621.3,0.00292913,8
1790822880,73629.1,73642.7,73629.1,73642.7,73633.3,0.00063559,3
1790822940,73620.1,73620.1,73607.8,73610.8,73614.4,0.00256852,8
1790823000,73620.1,73634.9,73620.1,73634.3,73633.5,0.00244143,5
1790823060,73629.0,73629.0,73629.0,73629.0,73629.0,0.00133779,1
1790823120,73646.7,73653.7,73646.0,73653.7,73647.2,0.08921832,24
1790823180,73653.7,73682.3,73653.7,73679.6,73666.8,0.06059381,59
1790823240,73679.6,73681.8,73673.9,73677.8,73679.2,0.0855201,53
1790823300,73677.8,73681.7,73677.8,73681.7,73681.5,0.02022544,19
1790823360,73681.7,73681.7,73681.7,73681.7,0.0,0.0,0
1790823420,73694.3,73694.3,73694.3,73694.3,73694.3,6.296e-05,1
1790823480,73695.9,73707.4,73688.2,73707.4,73689.5,0.01822584,8
1790823540,73693.0,73693.0,73681.6,73681.6,73690.7,0.00252955,3
1790823600,73681.5,73696.2,73665.6,73696.2,73679.0,0.0239824,26
1790823660,73695.3,73701.8,73692.4,73692.4,73698.8,0.00680378,5
1790823720,73683.1,73683.1,73683.0,73683.0,73683.0,0.00139359,2
1790823780,73682.4,73682.4,73677.5,73677.5,73678.9,0.00189119,2
1790823840,73658.7,73660.9,73658.7,73660.8,73660.5,0.00070421,3
1790823900,73654.0,73654.1,73654.0,73654.1,73654.0,0.00982292,12
1790823960,73642.3,73642.3,73619.4,73619.4,73630.8,0.00067886,2
1790824020,73657.8,73657.8,73657.8,73657.8,73657.8,5.411e-05,1
1790824080,73651.2,73660.1,73651.2,73660.1,73652.4,0.00145111,4
1790824140,73651.1,73663.0,73651.1,73663.0,73658.4,0.00107328,9
1790824200,73667.0,73681.6,73667.0,73679.0,73680.6,0.02565235,16
1790824260,73696.0,73700.4,73696.0,73700.4,73696.4,0.00101392,6
1790824320,73673.0,73674.4,73673.0,73674.4,73673.1,0.00169623,4
1790824380,73661.6,73663.0,73661.6,73661.9,73661.8,0.00308025,6
1790824440,73672.3,73672.3,73672.3,73672.3,73672.3,0.00134433,2
1790824500,73658.5,73669.3,73658.5,73669.3,73663.8,0.00212609,10
1790824560,73666.8,73689.5,73666.8,73689.5,73677.7,0.00010411,2
1790824620,73697.1,73703.4,73697.0,73703.4,73700.2,0.10069879,8
1790824680,73663.0,73663.0,73662.9,73662.9,73662.9,0.00267126,2
1790824740,73662.5,73668.4,73662.5,73664.0,73664.3,0.00178017,5
1790824800,73661.7,73661.7,73661.4,73661.4,73661.4,0.00168786,3
1790824860,73651.0,73651.0,73636.6,73637.5,73638.5,0.50304827,6
1790824920,73637.8,73647.0,73637.8,73639.4,73641.8,0.00408714,3
1790824980,73639.4,73663.9,73639.4,73663.9,73640.1,0.07104569,6
1790825040,73658.7,73658.7,73643.4,73644.4,73649.2,0.00179118,3
1790825100,73644.8,73644.9,73641.9,73644.9,73644.3,0.00172594,3
1790825160,73654.3,73682.5,73654.2,73682.5,73661.7,0.09503412,7
1790825220,73697.9,73700.0,73697.6,73700.0,73698.3,0.04999056,4
1790825280,73702.9,73702.9,73702.9,73702.9,73702.9,0.00127354,2
1790825340,73702.9,73727.2,73702.9,73727.2,73727.0,0.00665576,3
1790825400,73722.8,73722.8,73700.0,73700.1,73711.6,0.00742362,8
1790825460,73700.0,73700.0,73666.0,73668.9,73688.6,0.00205354,5
1790825520,73691.2,73697.8,73691.2,73692.9,73691.5,0.00708334,3
1790825580,73700.7,73712.3,73700.7,73712.3,73708.4,0.00281585,3
1790825640,73717.0,73724.9,73707.0,73721.8,73716.8,1.36070712,19
1790825700,73720.9,73720.9,73707.8,73720.9,73715.6,1.3608505,18
1790825760,73720.9,73730.3,73720.9,73730.3,73725.8,0.01365893,5
1790825820,73751.2,73779.5,73751.2,73779.5,73761.6,0.05882804,6
1790825880,73765.0,73770.3,73765.0,73770.3,73765.1,0.02254437,2
1790825940,73768.7,73809.3,73768.7,73805.8,73805.8,0.19348351,6
1790826000,73807.7,73807.7,73800.3,73800.3,73807.4,1.98971938,11
1790826060,73790.0,73790.0,73790.0,73790.0,73790.0,0.00645082,2
1790826120,73824.7,73824.7,73824.7,73824.7,73824.7,0.00117114,1
1790826180,73847.8,73876.0,73847.8,73876.0,73851.9,0.0475802,14
1790826240,73876.1,73881.5,73876.1,73876.1,73878.2,0.01277027,5
1790826300,73876.1,73880.0,73837.5,73837.5,73867.5,0.07641114,14
1790826360,73848.5,73872.0,73843.4,73856.3,73865.8,0.10981609,14
1790826420,73858.2,73858.2,73845.0,73845.0,73854.9,0.19129605,7
1790826480,73837.5,73837.5,73810.8,73818.8,73815.1,0.03930818,7
1790826540,73810.8,73826.3,73809.1,73809.2,73817.8,0.03777203,6
1790826600,73827.2,73876.0,73827.2,73876.0,73859.0,0.23904364,14
1790826660,73882.0,73900.0,73882.0,73894.0,73883.4,0.04421722,6
1790826720,73882.5,73906.1,73882.5,73898.0,73903.4,0.01288304,5
1790826780,73894.3,73894.3,73891.3,73891.3,73894.0,0.000671,2
1790826840,73892.7,73892.7,73881.1,73883.4,73885.7,0.02733522,5
1790826900,73898.7,73898.7,73872.5,73873.4,73877.1,0.01935914,7
1790826960,73861.5,73889.1,73861.5,73888.8,73875.4,0.02032362,5
1790827020,73891.7,73907.0,73891.7,73907.0,73895.4,0.00931203,2
1790827080,73908.8,73908.8,73894.9,73894.9,73897.9,0.00183032,4
1790827140,73898.1,73902.8,73884.3,73884.3,73901.1,0.0963998,8
1790827200,73885.8,73901.6,73885.8,73901.5,73900.3,0.06645239,60
1790827260,73901.5,73906.5,73900.7,73904.9,73902.4,0.07503044,20
1790827320,73896.9,73896.9,73876.9,73876.9,73894.5,0.03659173,6
1790827380,73886.0,73889.5,73884.1,73888.9,73888.0,0.00583311,4
1790827440,73887.8,73902.4,73878.0,73902.4,73901.7,0.01247967,3
1790827500,73905.6,73905.6,73905.6,73905.6,73905.6,0.00253354,1
1790827560,73914.2,73947.5,73914.2,73940.9,73924.5,0.00415554,5
1790827620,73946.7,73954.6,73927.1,73927.1,73944.6,0.03185603,5
1790827680,73916.4,73916.4,73896.0,73896.0,73914.5,0.0038286,3
1790827740,73919.3,73968.2,73919.3,73968.2,73931.3,0.20675408,15
1790827800,73968.2,73999.9,73968.2,73994.8,73978.6,0.21313706,18
1790827860,73994.7,74041.1,73994.7,74024.0,74004.2,0.01220803,7
1790827920,73997.1,73999.4,73997.1,73999.4,73998.4,0.01898495,4
1790827980,74005.1,74025.6,74005.1,74025.6,74008.7,0.09777312,12
1790828040,74029.9,74034.3,74029.9,74034.3,74033.2,0.00242497,3
1790828100,74044.4,74044.4,74030.3,74030.3,74037.2,0.05965953,10
1790828160,74035.2,74054.3,74035.2,74039.6,74050.0,0.04742105,8
1790828220,74038.2,74048.7,73997.5,73997.5,74000.0,0.45392103,12
1790828280,73977.0,73977.0,73957.8,73957.8,73974.6,0.01729389,4
1790828340,73959.9,73959.9,73915.1,73915.1,73947.7,0.0067238,9
1790828400,73938.0,73938.0,73900.4,73900.4,73928.9,1.11174426,19
1790828460,73914.5,73946.5,73914.5,73942.3,73945.1,0.2220229,4
1790828520,73945.1,73985.7,73929.3,73985.7,73946.6,0.00510828,16
1790828580,73977.9,73990.6,73977.4,73986.6,73984.5,0.02078966,17
1790828640,73965.7,73965.7,73965.7,73965.7,73965.7,0.00031634,1
1790828700,73972.9,73972.9,73958.0,73958.1,73968.9,0.00477784,5
1790828760,73958.1,73958.1,73958.1,73958.1,0.0,0.0,0
1790828820,73983.8,73983.8,73983.7,73983.7,73983.7,0.00809638,2
1790828880,74008.7,74010.2,74008.7,74010.2,74010.1,0.01356576,2
1790828940,74024.0,74024.0,74024.0,74024.0,74024.0,0.01164725,2
1790829000,74027.3,74061.9,74027.3,74059.2,74031.6,0.19034846,14
1790829060,74044.4,74044.4,74007.2,74007.2,74019.2,0.00605747,6
1790829120,74007.1,74007.1,73973.2,73976.8,73996.0,0.01646825,5
1790829180,73961.3,73968.9,73961.3,73968.9,73963.4,0.01383398,2
1790829240,73976.4,73976.4,73976.4,73976.4,73976.4,5.412e-05,1
1790829300,73977.1,73990.3,73977.1,73982.2,73985.0,0.30961775,9
1790829360,74011.7,74011.9,74011.7,74011.9,74011.7,0.04202032,3
1790829420,74027.7,74031.8,74006.6,74006.6,74022.6,0.00789896,4
1790829480,74034.0,74039.1,74034.0,74034.0,74036.7,0.05252672,33
1790829540,74034.0,74062.3,74034.0,74062.3,74043.8,0.05392377,4
1790829600,74052.5,74052.5,74035.4,74050.9,74042.8,0.02443765,14
1790829660,74051.0,74071.6,74051.0,74071.6,74057.1,0.00519468,6
1790829720,74066.8,74066.8,74060.1,74060.1,74063.6,0.012751,7
1790829780,74055.7,74075.1,74055.7,74071.4,74066.5,0.02795975,6
1790829840,74074.4,74090.0,74074.2,74090.0,74074.4,0.11229055,9
1790829900,74090.0,74090.0,74090.0,74090.0,74090.0,0.00767175,7
1790829960,74090.0,74250.0,74090.0,74250.0,74129.1,0.74027379,24
1790830020,74247.5,74247.5,74214.8,74214.8,74236.1,0.008724,3
1790830080,74216.9,74247.9,74210.5,74247.9,74241.3,0.23985278,7
1790830140,74241.8,74276.7,74231.5,74248.9,74257.0,0.37610136,16
1790830200,74255.2,74275.4,74239.4,74275.4,74250.7,0.05491589,18
1790830260,74278.0,74313.8,74275.1,74313.8,74282.4,0.03773016,15
1790830320,74298.9,74333.8,74298.1,74305.6,74317.4,0.49137489,55
1790830380,74300.1,74300.2,74232.4,74232.4,74276.5,0.06576465,88
1790830440,74256.0,74271.2,74251.3,74255.3,74256.4,0.04160867,104
1790830500,74253.5,74253.7,74192.0,74192.0,74209.3,0.06073756,33
1790830560,74182.1,74182.1,74163.0,74163.0,74170.3,0.00175033,2
1790830620,74164.1,74166.8,74153.9,74160.3,74163.1,1.14172534,12
1790830680,74164.9,74189.6,74164.9,74189.6,74181.4,0.14769221,14
1790830740,74218.1,74245.7,74218.1,74245.7,74220.7,0.0396142,4
1790830800,74263.1,74263.1,74223.0,74223.0,74238.2,0.02900585,39
1790830860,74244.7,74257.8,74208.4,74208.4,74244.4,0.18722367,12
1790830920,74208.2,74230.6,74208.1,74230.6,74215.1,0.07788017,8
1790830980,74240.1,74268.0,74240.1,74268.0,74240.4,0.02570501,2
1790831040,74303.5,74335.0,74299.2,74335.0,74321.6,0.01486102,6
1790831100,74358.0,74366.3,74342.9,74353.5,74347.2,0.11294588,14
1790831160,74353.6,74389.7,74330.7,74389.7,74366.0,0.65588116,18
1790831220,74353.9,74353.9,74347.8,74347.8,74352.6,0.09196066,4
1790831280,74331.5,74331.5,74321.3,74321.3,74327.6,0.06503544,10
1790831340,74322.1,74324.9,74322.1,74324.9,74323.6,0.01207164,3
1790831400,74330.1,74330.1,74311.8,74311.8,74329.4,0.06403022,9
1790831460,74317.5,74398.2,74317.4,74398.2,74327.9,1.48469412,21
1790831520,74399.9,74399.9,74389.5,74389.5,74394.9,0.02367438,10
1790831580,74389.5,74389.5,74373.4,74382.9,74377.5,0.02952894,9
1790831640,74374.7,74400.0,74374.7,74397.8,74378.8,0.03275771,4
1790831700,74398.1,74420.5,74391.4,74420.5,74399.9,0.98210361,15
1790831760,74412.8,74412.8,74406.1,74406.1,74411.7,0.00162209,4
1790831820,74404.2,74406.1,74398.7,74406.1,74403.7,0.00570598,4
1790831880,74409.9,74409.9,74395.2,74395.2,74403.3,0.05925069,7
1790831940,74401.0,74442.2,74401.0,74442.2,74417.8,1.21640525,21
1790832000,74443.0,74443.0,74423.2,74430.4,74428.6,0.03021493,15
1790832060,74430.4,74458.0,74430.4,74458.0,74435.9,1.03490358,9
1790832120,74458.0,74458.0,74452.0,74453.4,74453.7,0.0020223,5
1790832180,74452.0,74452.0,74415.1,74415.1,74436.6,0.00778346,5
1790832240,74415.1,74428.2,74415.1,74426.0,74425.9,0.00328968,8
1790832300,74411.5,74414.4,74408.3,74408.3,74408.3,0.05039336,4
1790832360,74401.4,74401.4,74400.1,74400.2,74401.2,0.00557839,6
1790832420,74406.8,74406.8,74401.1,74401.1,74402.5,0.00860113,4
1790832480,74401.5,74417.3,74401.5,74417.3,74402.4,0.03236501,5
1790832540,74409.6,74417.3,74409.6,74417.3,74416.8,0.25227243,9
1790832600,74417.3,74431.0,74417.3,74426.0,74418.1,0.093494,10
1790832660,74426.0,74426.0,74411.7,74411.7,74425.8,0.05752733,10
1790832720,74414.8,74414.8,74412.1,74412.1,74414.3,0.00597974,3
1790832780,74411.6,74411.6,74400.1,74400.1,74411.3,0.33479315,5
1790832840,74400.1,74411.4,74400.1,74411.4,74407.5,0.05482927,7
1790832900,74426.0,74431.0,74411.9,74411.9,74427.3,0.11217788,9
1790832960,74414.0,74420.6,74408.1,74409.9,74410.4,0.00543948,4
1790833020,74401.5,74420.0,74401.5,74420.0,74411.0,0.00427565,5
1790833080,74431.0,74431.0,74430.9,74431.0,74430.9,0.05552968,45
1790833140,74431.0,74450.0,74411.6,74411.6,74431.2,0.50964443,14
1790833200,74410.3,74429.1,74410.3,74421.1,74425.2,0.00977333,10
1790833260,74421.3,74421.3,74402.1,74402.1,74413.8,0.00435548,6
1790833320,74400.1,74400.1,74400.1,74400.1,74400.1,0.00866886,7
1790833380,74400.1,74400.1,74357.7,74357.7,74386.5,0.17474822,15
1790833440,74353.9,74353.9,74331.8,74331.8,74335.3,0.33731489,15
1790833500,74346.2,74351.9,74346.2,74351.9,74351.7,0.020009,14
1790833560,74351.9,74351.9,74351.8,74351.9,74351.8,0.04617459,5
1790833620,74351.9,74363.6,74351.9,74363.5,74363.3,0.03566658,5
1790833680,74364.0,74372.8,74364.0,74372.8,74369.3,0.00203035,3
1790833740,74374.8,74400.2,74372.9,74400.2,74394.2,0.07538132,8
1790833800,74405.4,74426.5,74405.4,74425.9,74425.1,0.00716919,8
1790833860,74423.3,74426.1,74423.0,74426.1,74423.1,0.01637816,6
1790833920,74435.6,74438.9,74435.6,74438.9,74438.8,0.02967088,14
1790833980,74438.9,74464.9,74438.9,74464.9,74440.2,1.42165842,14
1790834040,74466.4,74486.0,74466.4,74486.0,74476.5,0.04198688,7
1790834100,74465.0,74465.6,74452.9,74459.1,74460.0,0.69694062,12
1790834160,74440.4,74446.2,74440.4,74446.2,74444.2,0.01577142,8
1790834220,74430.2,74430.2,74417.1,74418.6,74425.1,0.15224486,10
1790834280,74419.0,74419.0,74406.7,74406.9,74415.5,0.0040848,5
1790834340,74400.4,74428.6,74400.4,74428.6,74407.6,0.01014132,5
1790834400,74428.6,74433.3,74415.1,74415.1,74417.0,0.11373552,87
1790834460,74418.1,74418.1,74350.0,74350.1,74404.9,0.28895369,21
1790834520,74350.1,74378.1,74350.1,74378.1,74367.4,0.00783799,5
1790834580,74376.5,74377.9,74376.5,74377.9,74376.9,0.00039552,2
1790834640,74375.3,74382.4,74375.3,74382.4,74379.0,0.07427151,11
1790834700,74400.0,74426.0,74399.9,74412.2,74406.5,0.13078482,12
1790834760,74392.0,74393.8,74391.9,74393.8,74392.3,0.01022807,5
1790834820,74387.8,74389.4,74387.7,74387.9,74387.8,0.07508772,8
1790834880,74387.9,74387.9,74387.7,74387.7,74387.7,0.02404192,6
1790834940,74396.5,74396.5,74392.6,74392.6,74395.1,0.00075522,2
1790835000,74400.6,74400.6,74400.5,74400.5,74400.5,0.00319336,5
1790835060,74423.6,74441.2,74423.6,74439.9,74428.5,0.0170304,4
1790835120,74447.0,74470.0,74447.0,74470.0,74454.5,0.00198381,2
1790835180,74478.8,74485.7,74461.7,74485.6,74485.0,0.10806208,8
1790835240,74483.8,74487.4,74467.1,74472.1,74485.2,0.17132006,13
1790835300,74467.1,74473.0,74467.1,74470.8,74470.4,0.03295001,15
1790835360,74473.1,74473.1,74454.9,74454.9,74469.2,0.01121193,9
1790835420,74467.3,74482.1,74462.3,74463.7,74464.8,0.0116994,7
1790835480,74462.9,74462.9,74438.5,74441.7,74451.0,0.24329229,12
1790835540,74441.8,74441.8,74425.6,74430.6,74432.7,0.01032783,8
1790835600,74431.8,74431.8,74422.7,74422.7,74423.3,0.20454248,35
1790835660,74422.7,74422.7,74418.7,74422.7,74422.2,0.24283579,29
1790835720,74422.6,74441.9,74422.6,74441.9,74435.8,0.03099036,13
1790835780,74424.1,74439.6,74412.8,74439.6,74421.7,0.00604953,7
1790835840,74439.7,74441.9,74439.7,74441.9,74441.8,0.12618178,9
1790835900,74441.9,74441.9,74426.0,74441.9,74440.7,0.11982917,23
1790835960,74441.9,74470.7,74441.9,74460.3,74454.3,0.98979464,37
1790836020,74446.7,74465.5,74446.7,74464.6,74452.7,0.11855487,28
1790836080,74464.6,74464.7,74464.6,74464.7,74464.6,0.03945647,25
1790836140,74464.7,74470.4,74464.7,74470.4,74468.7,0.08857335,28
1790836200,74472.8,74483.4,74453.3,74459.7,74470.2,0.08879202,35
1790836260,74459.7,74459.7,74424.3,74426.3,74443.8,0.05704848,29
1790836320,74426.3,74426.3,74329.3,74332.9,74394.2,0.11152576,47
1790836380,74329.3,74367.2,74329.3,74364.3,74338.3,0.35081279,37
1790836440,74361.2,74363.2,74342.6,74346.1,74344.0,0.21431562,19
1790836500,74347.5,74386.9,74347.5,74379.8,74365.2,0.06205301,16
1790836560,74361.7,74361.7,74350.7,74350.7,74352.4,0.01468433,6
1790836620,74350.7,74350.7,74350.1,74350.1,74350.1,0.02301898,22
1790836680,74350.0,74350.0,74329.3,74337.2,74349.3,0.02145457,9
1790836740,74337.2,74337.2,74316.6,74323.8,74324.0,0.01820032,5
1790836800,74323.8,74347.1,74315.0,74347.1,74325.4,0.35923351,19
1790836860,74348.1,74348.1,74344.7,74344.7,74347.8,0.24118569,13
1790836920,74344.7,74349.3,74344.6,74349.3,74344.6,0.11527117,9
1790836980,74349.2,74356.9,74343.9,74356.9,74349.2,0.00432335,4
1790837040,74348.8,74350.0,74348.8,74350.0,74349.9,0.11532868,9
1790837100,74357.0,74371.7,74356.9,74360.2,74357.0,0.10914015,16
1790837160,74360.2,74367.7,74360.2,74366.8,74364.8,0.04518332,12
1790837220,74367.6,74398.1,74367.6,74398.1,74368.0,0.0712199,8
1790837280,74398.1,74398.1,74389.6,74389.6,74391.1,0.07308968,11
1790837340,74366.1,74366.2,74347.3,74347.3,74365.7,0.67539677,15
1790837400,74344.2,74350.4,74343.0,74345.7,74345.8,0.05223051,26
1790837460,74345.7,74383.2,74345.7,74383.2,74349.8,0.0423441,21
1790837520,74383.2,74394.4,74360.8,74377.1,74391.9,0.0610856,9
1790837580,74377.1,74392.2,74372.9,74381.0,74376.3,0.34643108,69
1790837640,74381.0,74381.6,74370.7,74381.2,74377.5,0.19197429,64
1790837700,74381.9,74384.5,74349.7,74350.0,74380.1,0.51816362,36
1790837760,74352.8,74352.8,74345.7,74345.8,74350.1,0.01749835,19
1790837820,74345.6,74345.6,74314.3,74314.3,74316.9,0.30683225,17
1790837880,74323.0,74326.8,74315.0,74315.0,74316.1,0.16386601,16
1790837940,74307.3,74307.3,74282.2,74295.5,74298.1,0.14981174,23
1790838000,74293.7,74409.7,74284.8,74302.7,74349.7,7.96638983,119
1790838060,74302.7,74302.7,74302.7,74302.7,0.0,0.0,0
1790838120,74302.7,74302.7,74302.7,74302.7,0.0,0.0,0
1790838180,74302.7,74302.7,74302.7,74302.7,0.0,0.0,0
1790838240,74302.7,74302.7,74302.7,74302.7,0.0,0.0,0
1790838300,74302.7,74302.7,74302.7,74302.7,0.0,0.0,0
1790838360,74302.5,74302.7,74302.5,74302.7,74302.6,0.02095524,7
1790838420,74302.7,74302.7,74302.1,74302.1,74302.2,0.01224207,10
1790838480,74302.1,74346.7,74300.0,74346.7,74303.6,0.24499976,22
1790838540,74351.4,74380.9,74351.4,74379.5,74365.6,0.04478003,18
1790838600,74367.4,74374.5,74365.3,74374.1,74366.7,0.02105452,14
1790838660,74363.1,74363.1,74329.2,74334.3,74350.0,0.07122556,19
1790838720,74306.9,74306.9,74274.3,74274.3,74302.8,0.1431269,19
1790838780,74265.5,74265.5,74258.0,74263.3,74262.1,0.04154737,12
1790838840,74250.1,74252.9,74250.1,74250.3,74250.5,0.41011268,24
1790838900,74250.0,74250.0,74228.7,74241.3,74232.2,0.02406324,17
1790838960,74241.4,74268.4,74229.0,74234.0,74265.9,0.36877708,9
1790839020,74234.4,74237.3,74111.9,74111.9,74129.8,0.45969243,34
1790839080,74121.7,74161.1,74121.7,74134.7,74140.3,0.01963864,9
1790839140,74114.5,74114.5,74074.8,74074.8,74086.4,0.04352384,14
1790839200,74068.7,74068.7,73946.5,73946.5,73991.2,0.83600326,53
1790839260,73940.4,73949.8,73860.5,73908.5,73922.3,1.49877765,46
1790839320,73907.4,73939.0,73892.2,73938.1,73899.1,1.3761707,20
1790839380,73926.1,73955.8,73899.6,73899.6,73931.8,0.87114275,27
1790839440,73880.0,73884.8,73731.2,73731.2,73807.8,0.7683851,54
1790839500,73723.0,73784.3,73700.0,73712.3,73727.3,0.32135782,22
1790839560,73704.9,73782.5,73660.8,73715.9,73712.5,0.9513928,32
1790839620,73713.4,73715.7,73660.8,73662.6,73688.8,0.02718441,13
1790839680,73690.6,73727.2,73683.2,73683.2,73716.4,1.62731914,19
1790839740,73668.2,73706.6,73668.2,73694.5,73678.6,0.52224468,22
1790839800,73700.1,73771.7,73691.4,73771.7,73709.6,0.15684505,24
1790839860,73786.2,73853.9,73786.2,73853.9,73808.0,0.20821001,15
1790839920,73857.6,73870.8,73846.4,73846.4,73853.7,0.25353575,15
1790839980,73853.9,73926.2,73853.9,73926.2,73912.4,1.17192443,16
1790840040,73919.8,73936.5,73912.2,73917.8,73925.1,0.26374405,14
1790840100,73947.6,73954.0,73892.8,73892.8,73949.5,0.31313055,13
1790840160,73884.4,73884.4,73813.1,73867.8,73824.3,0.46571066,27
1790840220,73879.9,73894.6,73846.8,73846.8,73880.1,0.04135909,11
1790840280,73861.5,73892.6,73846.6,73863.3,73871.4,0.02491946,8
1790840340,73863.0,73887.6,73849.5,73849.5,73871.4,0.08312831,9
1790840400,73833.3,73833.3,73717.8,73717.8,73748.0,0.10079256,21
1790840460,73712.7,73826.5,73712.7,73826.5,73755.2,0.0477179,10
1790840520,73839.5,73865.7,73832.2,73865.7,73853.1,0.14950868,12
1790840580,73854.2,73880.0,73852.8,73861.8,73865.3,0.20518972,14
1790840640,73866.3,73879.9,73847.7,73872.6,73857.8,0.21594063,15
1790840700,73853.6,73880.0,73825.0,73880.0,73838.5,0.27877459,16
1790840760,73880.0,73899.5,73860.6,73888.0,73886.0,0.36460976,15
1790840820,73900.2,73915.4,73874.3,73915.4,73902.4,0.31972991,11
1790840880,73914.9,73921.5,73878.1,73880.8,73913.9,0.03197979,8
1790840940,73870.2,73872.6,73850.1,73850.1,73869.2,0.02059113,15
1790841000,73850.0,73889.5,73850.0,73867.0,73872.4,0.0103901,16
1790841060,73884.8,73915.2,73884.8,73912.4,73911.9,0.43737369,12
1790841120,73905.2,73920.9,73864.0,73864.0,73892.9,0.12208498,24
1790841180,73850.1,73856.7,73840.0,73840.1,73841.7,2.15615771,18
1790841240,73840.1,73849.3,73832.9,73832.9,73836.7,0.4125967,22
1790841300,73823.9,73839.9,73823.9,73839.9,73835.4,0.07547962,9
1790841360,73850.3,73850.3,73835.7,73848.3,73845.0,0.01736435,7
1790841420,73844.8,73844.8,73717.7,73717.7,73763.2,0.57392716,21
1790841480,73711.0,73759.2,73710.0,73759.2,73719.3,0.94333559,28
1790841540,73768.9,73768.9,73752.8,73752.8,73765.4,0.002282,4
1790841600,73752.8,73789.2,73752.7,73778.7,73770.1,0.17833061,62
1790841660,73798.6,73806.1,73762.5,73762.5,73790.0,0.10750362,11
1790841720,73762.5,73812.1,73746.2,73812.1,73784.4,0.18236079,11
1790841780,73825.1,73859.8,73823.6,73859.8,73847.9,0.24581565,11
1790841840,73854.8,73856.7,73815.0,73844.3,73838.6,0.01597308,13
1790841900,73837.3,73837.3,73769.8,73773.1,73804.2,0.26782498,18
1790841960,73763.8,73771.4,73749.2,73758.4,73750.7,0.09572418,13
1790842020,73767.6,73782.8,73767.6,73777.3,73779.5,0.01518553,7
1790842080,73776.0,73781.4,73710.0,73710.0,73728.4,0.33050701,13
1790842140,73723.1,73739.0,73700.0,73738.9,73712.4,0.21958265,19
1790842200,73742.6,73779.5,73738.3,73779.5,73758.0,0.05194249,11
1790842260,73781.8,73781.8,73776.6,73776.6,73776.6,0.13913017,2
1790842320,73788.2,73801.0,73769.5,73769.6,73769.9,0.0428782,6
1790842380,73781.6,73795.3,73769.6,73769.6,73785.4,0.01340053,5
1790842440,73769.6,73769.6,73760.2,73760.2,73768.0,0.08375386,6
1790842500,73760.2,73776.5,73760.2,73776.5,73771.1,0.02505216,8
1790842560,73769.4,73806.1,73769.4,73806.1,73790.7,0.02036117,7
1790842620,73780.0,73781.2,73760.1,73780.1,73776.5,0.04723111,6
1790842680,73794.5,73818.1,73794.5,73804.0,73811.8,0.03983956,8
1790842740,73783.2,73797.6,73767.0,73772.3,73787.2,0.99588089,20
1790842800,73766.4,73766.7,73743.6,73743.7,73756.4,0.33428686,46
1790842860,73743.6,73781.8,73726.8,73770.2,73760.9,0.37133935,33
1790842920,73764.3,73780.0,73764.3,73778.7,73764.7,5.21240881,16
1790842980,73778.6,73798.6,73763.5,73788.9,73780.5,0.10441379,12
1790843040,73800.0,73800.0,73782.3,73782.3,73797.2,0.03598511,8
1790843100,73782.3,73807.8,73782.2,73802.0,73805.9,0.06948235,8
1790843160,73806.7,73806.7,73777.9,73785.1,73785.8,1.4342675,11
1790843220,73804.1,73804.1,73777.0,73777.0,73784.6,0.06697353,13
1790843280,73763.7,73790.0,73763.7,73771.0,73772.5,1.2704827,18
1790843340,73773.1,73773.1,73772.6,73772.6,73772.9,0.04170866,3
1790843400,73750.9,73751.0,73689.3,73713.5,73733.0,0.39091839,22
1790843460,73735.4,73750.9,73665.5,73665.5,73691.2,0.10196748,18
1790843520,73664.7,73674.4,73585.2,73585.2,73646.9,1.01775033,41
1790843580,73583.4,73611.1,73580.1,73611.1,73605.7,0.18385828,16
1790843640,73618.1,73618.1,73600.1,73600.1,73610.9,0.02767939,8
1790843700,73600.1,73629.9,73572.3,73629.9,73596.1,0.38311981,15
1790843760,73629.9,73733.4,73629.9,73711.1,73657.6,0.03495025,14
1790843820,73709.4,73759.6,73709.4,73759.6,73736.0,0.0736868,10
1790843880,73772.7,73800.0,73745.2,73799.9,73777.1,0.04522581,10
1790843940,73800.0,73884.9,73799.8,73884.9,73855.5,1.33137885,22
1790844000,73899.3,73899.3,73836.0,73843.0,73860.5,0.10825897,20
1790844060,73850.0,73893.6,73829.9,73893.6,73873.3,0.75905183,22
1790844120,73895.7,73949.3,73895.7,73947.7,73923.0,0.16280697,16
1790844180,73936.9,73936.9,73900.1,73902.0,73935.2,0.0491888,8
1790844240,73904.4,73909.5,73903.8,73909.4,73906.3,0.03894252,10
1790844300,73903.9,73903.9,73881.0,73881.1,73900.4,0.40938972,17
1790844360,73881.0,73881.0,73849.0,73871.2,73874.1,0.0638205,10
1790844420,73864.7,73927.7,73864.7,73926.2,73895.8,0.02479806,11
1790844480,73912.5,73912.5,73875.5,73883.9,73903.0,0.09646172,15
1790844540,73896.1,73896.1,73884.0,73885.9,73895.2,0.17311746,6
1790844600,73883.9,73883.9,73861.7,73863.7,73877.6,0.04533957,8
1790844660,73840.8,73926.1,73829.9,73926.1,73844.3,0.42351175,23
1790844720,73926.2,73935.6,73926.2,73935.6,73933.8,0.11659999,11
1790844780,73940.1,73940.1,73900.5,73904.2,73915.9,0.05487439,7
1790844840,73901.2,73904.3,73900.1,73904.3,73904.2,0.50357248,7
1790844900,73922.4,73940.3,73908.1,73940.3,73921.0,0.0642849,10
1790844960,73942.6,73971.6,73942.6,73959.5,73960.4,0.20414366,16
1790845020,73961.3,73963.3,73946.6,73946.6,73959.6,0.15167536,16
1790845080,73948.5,73959.3,73942.6,73942.6,73956.0,0.38507042,14
1790845140,73943.8,73957.6,73943.8,73955.6,73955.7,0.05676232,10
1790845200,73959.3,73999.8,73959.3,73980.9,73984.7,0.29210766,29
1790845260,73979.7,73980.5,73966.4,73966.4,73973.9,0.25592072,15
1790845320,73967.8,73967.8,73959.3,73963.9,73965.6,0.01315204,11
1790845380,73960.7,73972.7,73960.7,73967.3,73963.9,0.06836308,12
1790845440,73967.3,73967.3,73967.3,73967.3,73967.3,0.00519743,5
1790845500,73967.3,73967.3,73958.8,73958.8,73966.7,0.07138684,9
1790845560,73965.1,73967.3,73965.1,73967.3,73967.2,0.02957049,7
1790845620,73967.3,73990.5,73967.3,73990.5,73981.5,0.22279117,7
1790845680,73974.5,73981.6,73966.3,73969.3,73972.8,0.03101807,7
1790845740,73964.6,73987.6,73964.6,73987.6,73969.2,0.25869351,10
1790845800,73986.4,74023.8,73984.8,74023.8,74003.8,0.59637196,18
1790845860,74044.8,74088.8,74016.3,74019.5,74052.8,0.17909923,8
1790845920,74025.1,74037.1,74011.9,74011.9,74034.9,0.02247448,9
1790845980,74002.6,74029.0,73980.1,74029.0,73986.2,0.5927035,16
1790846040,74021.5,74030.1,74020.5,74030.1,74021.9,0.00508176,3
1790846100,74050.1,74050.7,74035.3,74035.3,74048.6,0.04595786,9
1790846160,74028.4,74034.8,74015.9,74015.9,74027.4,0.05544785,8
1790846220,74011.5,74018.3,74010.0,74014.4,74014.2,0.02882887,9
1790846280,74014.4,74070.5,74014.4,74060.0,74062.7,0.09340853,10
1790846340,74053.0,74053.0,74040.1,74046.6,74046.0,0.08142941,11
1790846400,74054.1,74064.4,74051.1,74051.2,74059.9,0.04723127,11
1790846460,74048.7,74048.8,74042.5,74044.6,74045.6,0.02336284,11
1790846520,74084.0,74102.8,74084.0,74094.7,74094.0,0.06908332,15
1790846580,74094.7,74094.7,74074.7,74074.7,74077.5,1.46326225,9
1790846640,74073.5,74099.8,74073.5,74091.8,74091.8,0.05908599,8
1790846700,74092.8,74100.0,74092.8,74100.0,74093.7,0.03757815,6
1790846760,74100.0,74100.0,74099.0,74099.0,74099.9,0.43395905,10
1790846820,74092.2,74095.1,74074.6,74074.6,74085.0,0.044324,13
1790846880,74064.7,74100.0,74064.7,74097.5,74082.8,0.07685507,11
1790846940,74094.3,74099.9,74093.9,74099.9,74094.0,0.12006377,8
1790847000,74100.0,74163.3,74100.0,74140.0,74109.2,0.59041174,21
1790847060,74140.0,74178.8,74140.0,74170.1,74147.0,0.18317694,18
1790847120,74170.1,74223.6,74170.1,74223.1,74200.8,0.05351857,18
1790847180,74224.6,74224.6,74193.6,74200.4,74216.3,0.2465102,13
1790847240,74192.0,74192.1,74159.3,74159.3,74180.3,0.03259257,11
1790847300,74162.6,74195.1,74162.6,74194.6,74177.6,0.10057299,12
1790847360,74202.3,74202.3,74172.8,74172.9,74190.8,0.013427,6
1790847420,74172.9,74207.4,74172.9,74207.4,74186.9,0.01853922,7
1790847480,74206.6,74209.8,74194.1,74194.1,74204.4,0.04242131,15
1790847540,74195.1,74208.1,74188.8,74208.0,74203.8,0.40956268,20
1790847600,74213.5,74222.0,74213.5,74222.0,74221.8,0.02309254,11
1790847660,74222.0,74226.0,74222.0,74225.9,74223.3,0.01676587,7
1790847720,74223.2,74225.7,74223.2,74225.6,74225.4,0.0033319,4
1790847780,74226.0,74249.9,74226.0,74249.9,74226.9,0.62267318,5
1790847840,74249.9,74256.5,74249.9,74255.6,74252.8,0.12080634,9
1790847900,74255.5,74255.5,74228.2,74232.8,74249.5,0.34386168,14
1790847960,74243.2,74243.2,74232.7,74237.6,74235.6,0.03279975,5
1790848020,74241.8,74248.5,74241.8,74248.5,74245.0,0.00452026,5
1790848080,74248.5,74270.3,74248.5,74260.4,74257.0,0.16296158,14
1790848140,74251.0,74251.0,74215.6,74229.2,74231.9,0.30820188,24
1790848200,74240.8,74247.3,74229.0,74247.3,74231.7,0.09719972,10
1790848260,74254.4,74256.2,74237.7,74243.4,74249.1,0.03492407,15
1790848320,74243.4,74246.2,74215.0,74215.0,74240.4,0.26638519,18
1790848380,74215.0,74224.6,74211.3,74221.9,74217.8,0.05086408,16
1790848440,74228.3,74230.0,74228.2,74229.9,74228.3,0.03633453,14
1790848500,74230.0,74230.0,74219.4,74229.4,74227.7,0.03301095,10
1790848560,74230.0,74230.2,74204.5,74219.3,74212.7,1.11833469,21
1790848620,74224.7,74245.1,74224.7,74245.1,74224.8,0.17399675,12
1790848680,74253.6,74267.3,74246.6,74267.3,74248.0,0.11824268,14
1790848740,74267.9,74267.9,74266.5,74267.6,74267.3,0.04247722,12
1790848800,74270.8,74297.6,74244.1,74244.1,74273.6,1.10721883,75
1790848860,74236.9,74236.9,74154.6,74154.6,74196.0,3.7928322,46
1790848920,74154.6,74154.6,74102.7,74122.8,74135.3,0.2055251,20
1790848980,74128.4,74141.9,74120.0,74132.0,74135.0,0.06833762,13
1790849040,74121.2,74121.2,74028.8,74028.8,74084.3,0.30821492,15
1790849100,74026.4,74026.4,73990.3,74020.4,74003.8,0.09582685,13
1790849160,73983.9,74023.8,73963.9,74023.8,73987.4,0.0067823,8
1790849220,74030.6,74111.5,74029.0,74108.6,74047.0,0.02560997,12
1790849280,74110.1,74168.5,74110.1,74168.5,74136.8,0.00749499,7
1790849340,74167.4,74182.9,74157.1,74175.5,74174.2,0.23587546,12
1790849400,74173.7,74174.5,74150.3,74160.0,74162.5,0.01309657,9
1790849460,74136.8,74136.8,74119.6,74136.3,74133.9,0.17819025,10
1790849520,74147.9,74152.9,74136.1,74136.1,74143.9,0.19875251,10
1790849580,74144.3,74174.0,74144.3,74148.5,74162.1,1.06037448,9
1790849640,74161.1,74169.0,74161.1,74169.0,74167.9,0.01630101,4
1790849700,74169.0,74169.0,74102.7,74102.7,74138.4,0.18595473,21
1790849760,74103.7,74103.7,74062.3,74062.3,74085.2,0.09875387,9
1790849820,74056.2,74104.2,74056.2,74104.2,74074.3,0.5571474,34
1790849880,74119.0,74181.9,74112.1,74181.9,74149.1,0.05156446,9
1790849940,74192.7,74192.7,74127.5,74127.5,74181.2,0.10843453,7
1790850000,74132.2,74146.2,74132.2,74135.3,74137.4,0.03473668,8
1790850060,74149.2,74190.8,74147.5,74187.3,74151.7,0.11677695,7
1790850120,74191.5,74198.7,74152.6,74152.6,74165.6,0.25074137,12
1790850180,74142.9,74142.9,74142.9,74142.9,74142.9,0.00796413,6
1790850240,74142.9,74142.9,74137.2,74137.2,74140.0,0.17318659,10
1790850300,74117.3,74117.3,74094.3,74094.3,74116.0,0.03820026,5
1790850360,74095.1,74106.3,74091.8,74091.8,74096.7,0.03539953,4
1790850420,74068.0,74073.2,74046.7,74046.7,74057.1,0.04779934,9
1790850480,74035.1,74060.3,74035.0,74056.8,74051.0,0.13972716,15
1790850540,74083.0,74090.0,74078.7,74081.3,74083.1,0.11214237,11
1790850600,74084.9,74119.5,74084.9,74119.5,74100.8,0.01038008,7
1790850660,74116.7,74168.2,74114.4,74160.6,74151.6,0.08275296,19
1790850720,74159.0,74166.9,74154.9,74156.7,74159.1,0.01479407,25
1790850780,74154.6,74160.3,74151.6,74159.5,74158.5,0.56137424,19
1790850840,74159.5,74177.4,74127.0,74127.0,74146.6,0.06694358,20
1790850900,74127.6,74127.6,74127.6,74127.6,74127.6,0.04233765,6
1790850960,74127.6,74127.6,74107.0,74115.6,74122.9,0.183194,25
1790851020,74115.8,74132.4,74115.8,74126.4,74126.8,0.01945407,17
1790851080,74126.4,74149.5,74121.0,74124.1,74136.7,2.31246246,36
1790851140,74129.1,74129.1,74116.2,74116.2,74119.7,0.04383739,27
1790851200,74116.2,74124.8,74104.0,74104.0,74113.0,0.16621128,18
1790851260,74104.8,74136.2,74104.8,74135.9,74121.2,0.06946726,11
1790851320,74135.9,74189.2,74135.9,74189.2,74150.1,0.01611769,11
1790851380,74200.0,74209.2,74200.0,74209.2,74200.0,2.23123734,6
1790851440,74215.9,74236.7,74207.2,74236.7,74219.9,0.24945153,16
1790851500,74247.2,74262.5,74224.0,74229.3,74238.0,0.03941747,10
1790851560,74226.5,74257.2,74226.5,74246.4,74231.5,0.69111155,21
1790851620,74243.2,74336.0,74226.3,74335.1,74261.2,2.49786786,41
1790851680,74335.1,74335.2,74324.9,74329.9,74329.8,0.3031745,11
1790851740,74320.2,74323.1,74300.2,74311.4,74306.8,0.05304654,9
1790851800,74306.0,74324.2,74300.2,74300.2,74308.2,0.02438176,8
1790851860,74311.9,74311.9,74281.4,74283.1,74294.7,0.57976552,13
1790851920,74287.6,74308.7,74287.6,74308.7,74291.2,0.02137975,6
1790851980,74312.0,74313.4,74297.3,74307.3,74312.5,0.05662869,7
1790852040,74314.2,74392.0,74314.0,74392.0,74344.8,1.60267515,26
1790852100,74387.7,74389.5,74330.8,74330.8,74375.6,0.03922671,13
1790852160,74320.0,74320.0,74306.4,74314.3,74311.6,0.29944868,8
1790852220,74309.5,74311.1,74309.5,74310.0,74310.5,0.08322428,12
1790852280,74300.0,74300.0,74275.0,74275.5,74285.0,0.32091081,14
1790852340,74275.5,74308.9,74275.5,74305.8,74302.0,0.24834022,18
1790852400,74308.6,74308.6,74251.6,74251.7,74269.1,0.03747221,27
1790852460,74251.7,74251.7,74200.2,74200.2,74236.8,0.05544024,10
1790852520,74203.3,74209.9,74165.3,74171.4,74198.1,0.09643042,17
1790852580,74171.4,74194.9,74171.4,74174.3,74184.3,0.21396248,31
1790852640,74171.3,74211.2,74156.5,74211.2,74178.6,0.29355214,19
1790852700,74227.2,74227.2,74184.9,74184.9,74203.4,0.19915227,22
1790852760,74229.6,74254.3,74229.6,74239.6,74250.1,0.0176647,8
1790852820,74250.0,74277.5,74250.0,74252.9,74254.9,0.09556571,12
1790852880,74254.2,74263.7,74240.2,74246.0,74249.7,0.19275626,13
1790852940,74246.0,74249.1,74239.0,74239.0,74244.9,0.02843803,9
1790853000,74238.9,74238.9,74210.4,74218.1,74234.7,1.02836374,22
1790853060,74229.0,74244.2,74223.9,74223.9,74227.8,0.13477768,12
1790853120,74219.4,74229.9,74218.7,74225.4,74222.7,0.11444894,13
1790853180,74225.4,74241.6,74225.4,74241.6,74227.5,0.25790894,8
1790853240,74247.9,74247.9,74230.9,74231.2,74236.6,0.05236182,10
1790853300,74231.7,74234.0,74210.1,74210.1,74230.9,0.07846277,12
1790853360,74217.3,74234.2,74217.3,74234.2,74223.3,0.0233562,8
1790853420,74243.0,74243.0,74228.7,74228.9,74231.3,0.26151387,18
1790853480,74228.8,74228.9,74215.2,74228.9,74225.2,0.09664816,16
1790853540,74228.8,74245.4,74216.3,74245.4,74229.3,0.26204039,11
1790853600,74245.4,74248.6,74222.0,74222.0,74238.2,0.26131523,22
1790853660,74221.8,74221.8,74212.0,74212.0,74217.4,0.27980802,11
1790853720,74210.0,74254.0,74197.3,74252.7,74241.0,0.06285636,11
1790853780,74231.8,74238.5,74230.2,74235.0,74236.3,0.05161813,13
1790853840,74217.5,74217.5,74206.0,74206.0,74214.2,0.03883269,12
1790853900,74197.1,74208.3,74193.9,74193.9,74200.4,0.33663139,11
1790853960,74198.9,74215.0,74198.8,74215.0,74201.4,0.08609816,8
1790854020,74215.2,74231.1,74210.3,74231.1,74218.2,0.16648721,8
1790854080,74224.4,74232.9,74224.4,74232.9,74225.8,0.04393882,6
1790854140,74229.7,74299.1,74229.7,74299.1,74250.8,0.25765543,13
1790854200,74299.2,74301.3,74285.3,74294.4,74288.7,0.02704422,15
1790854260,74304.0,74318.1,74282.9,74282.9,74306.2,0.13309699,13
1790854320,74261.6,74263.1,74218.9,74218.9,74256.0,0.05553891,11
1790854380,74225.9,74239.4,74217.0,74239.4,74224.8,0.10813471,19
1790854440,74239.4,74255.1,74239.4,74251.9,74241.2,0.10151695,11
1790854500,74251.9,74261.8,74251.9,74255.3,74253.3,0.02654714,11
1790854560,74260.4,74277.6,74256.2,74267.9,74267.1,1.9657324,34
1790854620,74275.0,74316.1,74268.7,74294.0,74299.3,2.69625665,43
1790854680,74302.5,74302.5,74277.0,74285.9,74290.7,1.03167776,16
1790854740,74293.2,74295.9,74289.6,74295.9,74290.8,0.00534959,6
1790854800,74292.7,74303.6,74278.1,74303.6,74288.4,0.05142957,12
1790854860,74302.2,74321.3,74302.1,74316.5,74313.0,0.09940979,7
1790854920,74302.1,74312.0,74292.0,74292.0,74301.7,0.03938288,11
1790854980,74292.0,74298.7,74284.9,74298.5,74296.3,0.00936016,9
1790855040,74298.3,74298.3,74284.5,74285.1,74296.2,0.06332529,15
1790855100,74285.5,74298.7,74285.0,74298.7,74286.9,0.05650529,17
1790855160,74306.3,74311.4,74294.4,74294.4,74309.5,0.11036448,7
1790855220,74290.3,74321.0,74286.5,74321.0,74320.6,0.04557986,5
1790855280,74319.6,74319.6,74285.0,74285.2,74309.7,0.06951394,16
1790855340,74285.2,74285.2,74241.7,74241.7,74276.1,0.01467958,9
1790855400,74245.5,74283.1,74234.0,74276.5,74247.8,0.16791679,20
1790855460,74285.1,74291.3,74281.5,74291.2,74288.6,0.04635536,11
1790855520,74287.1,74289.9,74243.7,74243.7,74250.3,0.11825808,9
1790855580,74237.8,74248.5,74237.8,74248.5,74244.7,0.07082956,6
1790855640,74242.5,74246.9,74239.9,74239.9,74243.8,0.14306593,16
1790855700,74234.0,74234.0,74192.0,74192.0,74204.7,0.16862755,14
1790855760,74207.5,74218.5,74206.6,74218.5,74207.4,0.21332362,9
1790855820,74218.5,74237.6,74217.6,74237.6,74219.6,0.01493743,6
1790855880,74241.5,74242.2,74225.9,74225.9,74238.0,0.09623795,18
1790855940,74211.4,74211.4,74185.1,74202.3,74192.4,0.0614937,10
1790856000,74208.5,74263.5,74208.4,74263.5,74227.6,0.08214523,22
1790856060,74241.8,74262.5,74241.8,74262.5,74251.0,0.00297805,4
1790856120,74263.9,74264.0,74246.6,74246.6,74262.0,0.05214698,5
1790856180,74246.6,74251.7,74239.8,74242.3,74245.3,0.04060555,14
1790856240,74242.5,74245.3,74206.1,74209.4,74218.4,0.0496547,11
1790856300,74210.1,74221.1,74209.7,74221.1,74215.8,0.00876938,4
1790856360,74221.2,74244.0,74221.2,74229.0,74238.5,0.20529211,21
1790856420,74221.2,74244.6,74221.2,74236.3,74228.9,0.11074645,8
1790856480,74247.8,74268.6,74241.5,74258.9,74249.4,1.01869145,19
1790856540,74266.0,74288.5,74266.0,74280.7,74272.0,0.01843906,7
1790856600,74295.4,74316.2,74295.4,74316.2,74300.1,0.32526787,6
1790856660,74316.2,74325.7,74303.1,74325.7,74317.0,0.09301802,6
1790856720,74310.0,74310.0,74296.9,74298.6,74299.9,0.29837772,16
1790856780,74311.5,74318.5,74304.2,74304.2,74311.4,0.02248267,5
1790856840,74304.3,74309.6,74304.3,74309.6,74305.2,0.01252299,12
1790856900,74306.0,74306.0,74266.1,74266.1,74281.7,0.03752177,16
1790856960,74266.0,74276.0,74266.0,74273.0,74269.4,0.02794474,9
1790857020,74273.0,74282.7,74201.9,74201.9,74237.9,0.13834414,16
1790857080,74206.7,74274.3,74203.4,74270.5,74228.6,0.07729491,10
1790857140,74268.9,74283.9,74268.9,74276.1,74277.8,0.10562724,10
1790857200,74274.7,74276.4,74237.6,74243.5,74244.8,0.11133327,27
1790857260,74243.5,74295.5,74243.5,74295.5,74269.2,0.13508522,26
1790857320,74272.7,74274.5,74246.0,74274.5,74250.6,0.54901,29
1790857380,74277.1,74287.1,74271.2,74287.1,74276.5,0.06461809,25
1790857440,74287.1,74287.2,74256.0,74273.2,74266.8,0.3267137,30
1790857500,74276.3,74300.0,74276.2,74300.0,74284.8,0.13540692,24
1790857560,74300.0,74338.1,74275.3,74328.7,74301.4,0.17173996,34
1790857620,74338.1,74338.1,74312.3,74322.6,74323.2,0.14912445,31
1790857680,74326.3,74333.4,74322.4,74333.4,74327.7,0.08875531,20
1790857740,74332.0,74336.3,74273.3,74294.3,74302.0,0.36228739,12
1790857800,74282.9,74303.1,74274.8,74276.3,74298.1,0.21506232,26
1790857860,74276.3,74280.5,74249.6,74249.6,74267.5,0.06042292,14
1790857920,74258.2,74270.5,74213.9,74213.9,74242.8,0.39918635,17
1790857980,74211.8,74215.0,74200.0,74212.7,74203.6,0.11896499,14
1790858040,74228.6,74290.1,74228.6,74289.7,74278.3,0.04520921,8
1790858100,74291.1,74291.1,74231.3,74231.3,74247.0,0.16755042,13
1790858160,74231.3,74231.3,74218.1,74218.1,74222.0,0.05210807,7
1790858220,74223.5,74235.2,74223.5,74235.2,74229.0,0.01120213,2
1790858280,74236.8,74242.6,74236.7,74242.5,74239.9,0.00520014,5
1790858340,74247.4,74293.7,74247.4,74281.1,74278.0,0.1439374,17
1790858400,74302.5,74339.5,74302.5,74326.4,74323.8,1.07720957,16
1790858460,74326.2,74373.8,74324.7,74373.8,74348.7,0.39114263,12
1790858520,74320.2,74320.2,74264.5,74264.5,74295.6,0.01805074,12
1790858580,74264.5,74285.9,74264.5,74272.5,74276.6,0.0363666,6
1790858640,74278.3,74292.4,74267.4,74267.4,74284.6,0.29939764,17
1790858700,74262.1,74270.6,74250.0,74269.6,74262.8,0.13423678,16
1790858760,74274.1,74278.5,74274.1,74277.1,74277.4,0.02340442,6
1790858820,74281.5,74296.1,74263.0,74263.0,74266.2,0.04934713,10
1790858880,74263.0,74263.0,74223.6,74233.8,74262.2,1.1901819,8
1790858940,74229.8,74231.3,74212.9,74212.9,74226.5,0.15530231,13
1790859000,74205.8,74212.7,74177.0,74197.2,74198.2,0.07202992,19
1790859060,74192.8,74207.6,74189.3,74189.3,74194.2,0.07050087,7
1790859120,74182.3,74210.4,74178.7,74210.2,74192.8,0.13641244,15
1790859180,74187.8,74189.8,74126.9,74142.5,74167.4,0.22491699,14
1790859240,74142.7,74157.3,74104.1,74144.9,74126.0,0.16954698,19
1790859300,74144.1,74178.8,74120.4,74120.4,74152.4,0.2590332,23
1790859360,74124.5,74197.0,74124.5,74143.3,74169.1,0.28348403,22
1790859420,74143.1,74155.4,74100.7,74155.4,74122.2,1.08297224,17
1790859480,74152.3,74196.9,74144.0,74164.0,74172.2,0.41438097,16
1790859540,74161.4,74197.0,74156.5,74186.4,74186.2,0.21310653,13
1790859600,74157.6,74162.7,74111.2,74111.2,74155.8,0.03281213,28
1790859660,74100.0,74134.8,74061.5,74134.8,74096.6,0.08230891,14
1790859720,74135.6,74152.6,74096.2,74112.6,74102.6,0.6729226,20
1790859780,74110.4,74117.9,74075.5,74075.5,74096.5,0.6171351,12
1790859840,74073.9,74080.6,74058.7,74058.7,74065.1,0.04858639,10
1790859900,74037.7,74058.2,74000.0,74000.0,74004.8,1.0405073,37
1790859960,74000.1,74035.1,73988.9,74035.1,74000.1,2.23750981,17
1790860020,74014.7,74072.8,74014.7,74072.8,74021.1,0.04939922,5
1790860080,74076.9,74088.0,74049.2,74053.1,74061.0,0.06207733,8
1790860140,74061.4,74061.4,74025.9,74025.9,74038.6,0.02870092,8
1790860200,74005.2,74019.4,73974.7,73974.7,73987.5,0.76632738,19
1790860260,73976.6,73995.8,73976.6,73995.8,73980.6,0.02346996,5
1790860320,73996.2,74014.7,73996.2,74014.7,74008.1,0.03493176,6
1790860380,74010.8,74010.8,73976.4,73976.5,73994.3,0.04599235,11
1790860440,73968.7,73978.3,73957.1,73973.0,73964.6,0.29600478,17
1790860500,73982.2,73992.7,73950.0,73950.0,73978.0,0.23087613,28
1790860560,73979.5,73979.7,73940.0,73956.3,73950.5,3.86402618,42
1790860620,73976.7,74024.7,73975.8,74024.7,73995.3,0.13235557,10
1790860680,74024.8,74025.7,73996.0,73996.0,74010.4,0.01732545,12
1790860740,73989.1,74011.2,73970.6,74011.2,73989.2,0.09506448,6
1790860800,74010.1,74051.5,73999.9,74051.5,74031.7,0.05664957,29
1790860860,74053.3,74053.4,74042.6,74051.1,74043.1,0.18987813,7
1790860920,74051.0,74051.0,74005.9,74005.9,74050.7,2.35216519,16
1790860980,74005.9,74009.8,73970.2,73970.3,73991.2,0.10117124,11
1790861040,73970.2,74003.4,73943.6,74003.3,73963.0,0.4828733,40
1790861100,73987.7,73987.7,73966.1,73981.2,73980.2,0.05641527,12
1790861160,73964.4,73964.4,73944.6,73944.6,73951.9,0.04106577,7
1790861220,73933.6,73952.3,73932.2,73943.6,73944.2,0.25433529,11
1790861280,73965.6,73981.3,73955.7,73955.7,73961.7,0.09817016,10
1790861340,73955.8,73955.8,73951.0,73951.0,73954.8,0.05608223,11
1790861400,73928.0,73977.7,73928.0,73952.5,73952.1,0.80409031,16
1790861460,73950.5,73984.9,73930.2,73948.9,73950.0,1.06053135,25
1790861520,73959.1,73968.8,73918.1,73961.9,73946.2,0.26624253,9
1790861580,74001.8,74148.5,74001.8,74123.5,74102.6,3.37681327,47
1790861640,74155.8,74199.0,74060.0,74103.8,74141.2,0.17019699,16
1790861700,74129.0,74163.7,74111.8,74163.4,74137.9,0.09303693,17
1790861760,74172.6,74172.6,74118.1,74118.1,74148.9,0.13841898,8
1790861820,74097.5,74279.0,74095.8,74279.0,74186.3,0.26139355,20
1790861880,74284.3,74353.9,74240.4,74328.3,74295.2,0.10427243,7
1790861940,74335.3,74368.6,74225.5,74225.5,74280.5,1.20662376,22
1790862000,74217.5,74297.5,74197.4,74233.3,74235.2,0.3337595,20
1790862060,74228.6,74332.8,74228.6,74286.7,74267.4,0.29374005,13
1790862120,74292.9,74292.9,74226.8,74226.8,74259.3,0.05068763,9
1790862180,74263.2,74296.9,74255.7,74296.9,74261.8,0.08782805,4
1790862240,74278.2,74349.5,74278.2,74334.1,74327.6,1.56224331,34
1790862300,74349.6,74400.0,74349.6,74365.0,74377.6,0.07488859,13
1790862360,74339.9,74382.2,74296.3,74319.7,74317.9,0.62163826,22
1790862420,74352.4,74376.7,74299.2,74367.3,74340.9,0.06725754,14
1790862480,74368.7,74368.8,74272.9,74283.7,74293.1,1.68326742,21
1790862540,74298.9,74298.9,74072.5,74082.0,74161.1,0.4041593,22
1790862600,74089.8,74190.4,74089.8,74168.4,74127.7,0.20319186,24
1790862660,74176.8,74198.2,74168.0,74168.0,74184.9,0.2245984,22
1790862720,74168.0,74265.3,74149.3,74265.3,74196.4,0.42023771,20
1790862780,74260.6,74260.6,74210.9,74229.0,74237.8,0.21425638,13
1790862840,74235.0,74278.8,74231.6,74278.8,74244.4,0.05480384,14
1790862900,74297.9,74318.0,74218.5,74228.9,74272.9,0.29787995,22
1790862960,74234.2,74234.4,74160.1,74201.3,74169.9,0.37799329,15
1790863020,74206.5,74244.3,74206.5,74238.1,74234.6,0.76146364,13
1790863080,74228.8,74262.0,74227.0,74262.0,74241.9,0.0184882,6
1790863140,74258.4,74319.7,74243.3,74319.7,74284.3,0.09522252,8
1790863200,74303.6,74319.2,74165.4,74181.0,74209.9,0.09638878,21
1790863260,74150.4,74154.0,74087.3,74117.3,74122.9,0.28279999,21
1790863320,74134.5,74143.0,74011.7,74131.1,74060.7,2.33171322,59
1790863380,74159.7,74209.1,74120.1,74130.3,74145.4,0.19897371,15
1790863440,74138.0,74167.5,74084.0,74084.0,74132.0,0.08627442,20
1790863500,74062.6,74108.2,74001.8,74105.5,74053.1,0.29559077,37
1790863560,74115.1,74192.0,74103.1,74153.3,74128.0,0.25538895,20
1790863620,74186.8,74275.6,74186.8,74221.7,74235.5,1.29379791,29
1790863680,74232.1,74340.6,74232.1,74322.6,74267.6,0.39574073,23
1790863740,74300.8,74402.1,74294.3,74396.3,74370.2,0.04329741,8
1790863800,74414.1,74414.1,74322.7,74346.9,74374.6,0.11781136,13
1790863860,74321.6,74343.5,74244.6,74244.6,74284.3,0.02307434,7
1790863920,74254.4,74278.9,74211.8,74211.8,74231.7,0.28624865,24
1790863980,74208.8,74263.7,74179.8,74217.0,74200.7,0.85835673,19
1790864040,74215.3,74215.9,74145.9,74190.6,74189.5,0.02120773,9
1790864100,74220.3,74262.6,74206.4,74253.0,74249.0,2.53043768,20
1790864160,74249.2,74302.0,74234.6,74285.8,74267.5,0.03255311,11
1790864220,74285.8,74407.3,74270.4,74407.3,74303.3,0.03861811,15
1790864280,74416.9,74417.0,74379.5,74386.1,74397.3,0.08806585,13
1790864340,74377.5,74415.2,74302.0,74376.0,74376.5,0.3877664,28
1790864400,74360.5,74400.1,74335.3,74378.9,74381.8,0.24720471,25
1790864460,74371.6,74413.9,74336.1,74336.1,74381.5,0.13972958,11
1790864520,74333.1,74348.3,74278.8,74278.8,74337.4,0.43781957,23
1790864580,74258.2,74312.9,74257.4,74312.9,74291.8,0.04735555,15
1790864640,74351.8,74422.2,74351.8,74422.2,74421.2,1.01365897,6
1790864700,74422.1,74444.3,74422.1,74440.7,74422.8,0.37011613,11
1790864760,74418.2,74542.4,74370.5,74528.9,74488.8,1.26394224,43
1790864820,74548.5,74575.8,74527.0,74527.0,74559.4,0.1220945,13
1790864880,74538.4,74538.4,74436.5,74497.5,74471.7,0.00778154,7
1790864940,74529.3,74529.3,74510.3,74510.3,74517.2,0.08049126,5
1790865000,74508.1,74546.8,74494.2,74546.8,74513.8,0.04062849,10
1790865060,74557.2,74591.7,74475.2,74475.2,74515.1,0.61257487,26
1790865120,74492.6,74537.1,74492.6,74526.4,74524.3,0.16764703,14
1790865180,74535.8,74581.8,74518.3,74538.1,74539.0,0.07089582,10
1790865240,74516.2,74578.9,74477.7,74578.9,74554.8,0.99271578,27
1790865300,74591.9,74609.8,74581.6,74589.9,74598.6,0.18031064,20
1790865360,74603.8,74683.6,74587.0,74671.1,74666.5,0.19428797,71
1790865420,74665.3,74698.3,74658.8,74661.7,74685.8,0.36407274,21
1790865480,74625.0,74633.9,74573.5,74610.3,74584.2,2.40292334,32
1790865540,74609.7,74610.2,74567.9,74586.6,74603.1,1.25246088,14
1790865600,74583.6,74583.6,74501.0,74513.0,74546.3,0.31093441,19
1790865660,74495.4,74506.8,74416.4,74445.0,74475.4,0.33459339,19
1790865720,74458.3,74491.2,74429.4,74473.5,74455.3,0.02604429,10
1790865780,74450.1,74542.6,74450.0,74538.7,74499.9,3.78468099,25
1790865840,74522.5,74522.5,74474.2,74492.2,74485.3,1.60219292,22
1790865900,74479.1,74538.9,74479.1,74538.9,74499.2,0.76931351,21
1790865960,74543.4,74551.8,74447.9,74468.6,74511.1,0.18043268,16
1790866020,74472.1,74491.4,74420.9,74420.9,74484.2,0.16193353,15
1790866080,74405.6,74405.7,74373.7,74373.7,74396.3,0.81172487,13
1790866140,74349.7,74400.0,74315.4,74400.0,74398.9,19.03910034,35
1790866200,74400.0,74434.5,74358.7,74406.4,74399.9,5.78712607,32
1790866260,74410.0,74451.7,74392.6,74400.1,74416.0,0.18602935,15
1790866320,74386.0,74390.6,74347.5,74347.6,74373.7,0.09368512,18
1790866380,74351.7,74439.4,74343.5,74439.4,74390.1,0.54334878,19
1790866440,74439.3,74481.6,74439.3,74477.6,74449.1,1.01432278,19
1790866500,74464.1,74515.7,74455.0,74514.0,74470.7,2.86223476,31
1790866560,74478.7,74504.2,74456.5,74504.2,74474.1,0.01687982,8
1790866620,74488.9,74498.3,74449.2,74493.4,74483.9,0.03438194,12
1790866680,74511.5,74590.2,74509.8,74509.8,74554.1,0.39668265,27
1790866740,74509.8,74580.9,74507.5,74572.4,74553.1,0.07179608,16
1790866800,74565.7,74611.7,74565.7,74573.2,74589.1,0.06452736,17
1790866860,74589.0,74590.6,74537.0,74540.4,74570.3,0.05428654,10
1790866920,74540.8,74593.4,74540.8,74575.4,74547.7,0.36180313,14
1790866980,74576.2,74658.1,74576.2,74658.1,74615.0,1.45603174,32
1790867040,74659.4,74788.6,74659.4,74698.3,74726.8,6.67152568,114
1790867100,74696.8,74826.8,74696.8,74767.8,74793.7,18.47319145,184
1790867160,74746.3,74746.3,74698.7,74698.7,74732.7,0.3731913,19
1790867220,74649.4,74677.0,74649.4,74650.0,74650.5,0.96624182,10
1790867280,74615.7,74619.7,74590.3,74598.5,74608.3,0.36223475,14
1790867340,74600.6,74607.2,74513.0,74513.0,74588.6,0.38959238,18
1790867400,74464.8,74545.8,74456.1,74545.8,74490.3,0.96189747,24
1790867460,74555.2,74603.9,74550.0,74584.5,74569.7,0.74114289,16
1790867520,74569.2,74585.6,74538.2,74539.3,74555.0,0.73051172,17
1790867580,74546.9,74608.6,74546.9,74608.6,74577.0,0.4624614,10
1790867640,74610.0,74646.9,74604.5,74646.9,74611.8,0.11633981,9
1790867700,74655.6,74684.3,74632.0,74684.3,74639.0,0.2766433,10
1790867760,74684.4,74707.6,74677.9,74704.5,74684.8,0.27392289,14
1790867820,74717.6,74758.2,74709.4,74751.9,74724.9,0.36837248,19
1790867880,74779.1,74800.0,74774.8,74791.6,74797.3,0.83903819,21
1790867940,74782.7,74820.6,74782.7,74817.0,74814.8,0.51126774,17
1790868000,74817.9,74834.0,74806.1,74827.5,74824.9,1.35782559,29
1790868060,74827.5,74830.5,74812.0,74812.0,74813.3,0.44627923,19
1790868120,74807.6,74807.6,74775.5,74797.3,74780.0,0.44530834,12
1790868180,74781.1,74787.4,74754.8,74754.8,74780.1,0.03885869,10
1790868240,74754.8,74765.6,74751.3,74751.3,74764.7,0.29899273,12
1790868300,74737.0,74737.0,74700.9,74714.9,74727.9,0.10388988,14
1790868360,74699.3,74732.0,74695.3,74729.4,74695.5,0.92967344,9
1790868420,74732.1,74732.1,74731.1,74731.2,74731.1,0.02312965,6
1790868480,74734.2,74736.9,74734.2,74736.9,74734.9,0.04197729,5
1790868540,74694.6,74719.7,74694.5,74707.5,74701.4,0.03463613,5
1790868600,74690.3,74697.0,74643.9,74688.9,74673.5,1.33016759,33
1790868660,74658.4,74658.4,74564.0,74597.2,74625.5,0.90162589,24
1790868720,74560.0,74652.6,74557.0,74652.6,74579.4,0.10006498,10
1790868780,74644.4,74685.0,74632.6,74684.1,74654.7,0.03152507,10
1790868840,74648.0,74648.0,74625.9,74625.9,74632.6,0.15919544,11
1790868900,74614.0,74631.4,74600.6,74627.5,74613.9,0.19938488,20
1790868960,74631.0,74639.5,74592.8,74593.2,74624.3,0.04024897,12
1790869020,74592.8,74595.5,74581.0,74589.3,74590.5,0.07832217,7
1790869080,74599.8,74631.0,74584.9,74631.0,74607.7,0.24052489,13
1790869140,74639.2,74652.9,74622.7,74635.3,74646.7,1.08904576,19
1790869200,74641.2,74647.0,74622.8,74627.7,74640.6,0.02585315,15
1790869260,74629.2,74643.1,74598.4,74598.4,74620.6,0.16088025,17
1790869320,74600.2,74612.4,74599.3,74612.4,74611.3,0.10409142,6
1790869380,74618.5,74622.9,74594.0,74594.0,74608.8,0.23899912,7
1790869440,74543.8,74614.9,74543.8,74614.9,74557.3,0.05683934,10
1790869500,74617.1,74650.0,74607.6,74650.0,74611.1,0.03813359,11
1790869560,74663.7,74699.3,74655.6,74660.1,74668.2,0.11577635,12
1790869620,74638.5,74740.9,74638.5,74740.9,74672.8,0.08065339,19
1790869680,74793.8,74906.0,74756.5,74906.0,74844.8,2.2949471,37
1790869740,74925.8,74980.0,74889.4,74969.5,74928.1,0.7706324,18
1790869800,74969.6,74985.4,74917.8,74922.2,74951.7,1.10953112,23
1790869860,74928.3,74944.0,74899.6,74899.6,74926.4,0.15514063,16
1790869920,74899.5,74910.0,74859.8,74868.3,74870.6,0.13390174,13
1790869980,74891.5,74900.4,74870.7,74888.4,74892.2,0.11193632,16
1790870040,74900.0,74952.3,74900.0,74923.1,74917.3,0.20811301,20
1790870100,74919.5,74934.1,74903.1,74927.5,74919.9,0.13552966,11
1790870160,74930.0,74989.9,74910.1,74925.7,74928.2,0.5958919,25
1790870220,74922.0,74925.4,74910.0,74916.2,74918.3,0.04508799,12
1790870280,74917.8,74918.1,74841.5,74841.5,74881.8,0.22416956,16
1790870340,74850.1,74877.3,74847.3,74877.3,74862.5,0.07539269,8
1790870400,74902.0,74913.0,74877.4,74913.0,74907.7,2.09515146,27
1790870460,74884.2,74920.3,74879.4,74920.3,74893.1,0.05261721,10
1790870520,74932.7,74950.2,74932.5,74950.2,74936.5,0.12828078,6
1790870580,74953.6,74977.8,74953.6,74977.2,74961.2,0.00873114,5
1790870640,74966.5,74970.4,74935.4,74935.4,74963.9,0.14213123,11
1790870700,74943.7,74943.7,74917.2,74917.3,74923.9,0.03199379,13
1790870760,74914.0,74967.3,74913.6,74967.3,74924.8,0.28697993,14
1790870820,74983.6,74989.7,74967.9,74975.6,74980.5,0.03649243,13
1790870880,74939.9,74964.5,74936.8,74936.8,74939.3,0.27326167,19
1790870940,74915.5,74933.8,74884.2,74885.7,74914.1,0.06940185,14
1790871000,74904.4,74912.6,74882.3,74882.3,74898.0,0.14039269,18
1790871060,74866.0,74866.0,74857.1,74857.1,74860.4,0.29137917,6
1790871120,74843.5,74922.0,74843.5,74922.0,74866.5,0.37441592,12
1790871180,74951.3,74964.4,74925.5,74925.5,74949.3,0.12316228,14
1790871240,74936.2,74994.4,74925.3,74994.4,74955.6,0.20756076,19
1790871300,74994.4,74999.0,74983.3,74999.0,74998.9,45.78765554,335
1790871360,74999.0,75000.0,74984.6,74984.6,74999.4,9.1685717,67
1790871420,74979.3,75039.5,74972.4,75027.4,75004.1,4.51129864,36
1790871480,75022.3,75022.3,74972.0,74979.9,75015.2,0.55326269,31
1790871540,74956.1,75038.9,74952.0,75014.4,75016.4,0.07101599,20
1790871600,75021.2,75021.2,74988.0,75008.2,74998.3,0.19336225,23
1790871660,75014.8,75014.8,74987.4,74987.4,75005.4,0.05385615,12
1790871720,74978.5,75000.0,74973.0,74992.4,74988.4,0.01390934,10
1790871780,74972.9,74972.9,74928.0,74929.7,74949.7,0.07571114,12
1790871840,74965.0,75014.3,74965.0,74976.8,74996.1,0.32492291,15
1790871900,74994.2,74995.0,74989.8,74995.0,74993.2,0.01758889,3
1790871960,75007.3,75013.2,74961.1,74961.1,74986.2,0.0747172,9
1790872020,74950.2,74951.0,74932.1,74932.1,74946.6,0.75402123,20
1790872080,74928.1,74931.2,74918.9,74918.9,74926.6,0.07004022,12
1790872140,74919.0,74930.0,74919.0,74930.0,74921.7,0.18049051,5
1790872200,74969.9,75002.1,74969.9,74998.3,74997.0,0.33339322,32
1790872260,74998.6,75050.0,74998.6,75050.0,75001.8,0.83640891,8
1790872320,75052.9,75100.0,75052.9,75100.0,75079.3,0.08913816,17
1790872380,75100.0,75161.2,75100.0,75161.2,75121.7,0.5654253,19
1790872440,75161.4,75187.3,75146.4,75178.7,75163.7,3.19525364,30
1790872500,75184.6,75300.0,75184.6,75299.9,75220.8,0.75990005,49
1790872560,75300.0,75302.9,75214.4,75218.2,75275.6,1.827237,46
1790872620,75207.9,75207.9,75039.3,75060.6,75059.5,4.61309254,61
1790872680,75060.7,75060.7,74970.2,74987.5,75013.4,0.72501116,56
1790872740,74987.7,75020.2,74910.5,74968.1,74938.4,5.01843962,51
1790872800,74950.1,75006.6,74950.1,74956.6,74962.7,0.16054509,21
1790872860,74974.3,74999.9,74970.3,74999.6,74998.1,0.19727415,15
1790872920,74972.9,74991.9,74972.3,74991.9,74980.9,0.07121651,10
1790872980,74974.8,75053.7,74972.2,75053.7,75000.1,1.14229885,11
1790873040,75053.5,75066.4,75052.3,75066.4,75054.0,0.34780063,9
1790873100,75070.5,75126.1,75070.5,75126.1,75109.8,0.40073049,12
1790873160,75128.6,75128.6,75083.6,75083.6,75095.6,0.54538172,17
1790873220,75090.8,75090.8,75090.8,75090.8,75090.8,0.01127356,1
1790873280,75083.8,75131.8,75029.5,75029.5,75103.9,0.25389889,20
1790873340,75034.4,75053.2,75021.3,75023.3,75045.4,0.06146746,9
1790873400,75030.4,75040.1,74980.3,75009.8,75014.0,0.24574143,12
1790873460,74996.2,75022.9,74981.8,74999.5,74987.4,0.38066041,10
1790873520,74991.1,75004.0,74976.8,75004.0,74984.1,0.07922728,12
1790873580,75028.9,75029.4,75011.2,75021.9,75020.2,0.01594118,7
1790873640,75023.1,75030.1,74999.0,75002.1,75012.4,0.09737617,9
1790873700,74984.7,74993.2,74953.0,74953.0,74984.7,0.01834422,7
1790873760,74945.0,74945.1,74881.4,74907.0,74935.1,0.04352339,16
1790873820,74915.7,74932.0,74913.5,74924.2,74927.9,0.0733284,11
1790873880,74942.5,74980.4,74942.4,74942.4,74952.9,0.09017243,13
1790873940,74962.7,74996.5,74948.3,74996.5,74970.0,0.02774872,5
1790874000,74999.8,75016.7,74999.8,75016.7,75000.1,0.81049362,21
1790874060,75019.0,75036.0,75019.0,75036.0,75021.6,0.07410086,10
1790874120,75051.5,75161.4,75051.5,75147.9,75110.3,0.50829468,42
1790874180,75161.9,75195.0,75157.0,75188.9,75164.4,0.31701432,16
1790874240,75189.8,75195.0,75158.7,75169.4,75190.6,1.39464498,14
1790874300,75170.1,75184.2,75148.6,75178.2,75175.8,0.11276521,8
1790874360,75175.3,75217.4,75175.3,75191.4,75196.2,0.39586055,17
1790874420,75187.9,75199.2,75164.0,75164.0,75190.5,0.1908116,16
1790874480,75172.2,75172.2,75160.2,75168.0,75164.6,0.08900513,7
1790874540,75160.1,75163.4,75151.7,75151.7,75161.2,0.04869325,11
1790874600,75152.2,75183.6,75152.0,75172.4,75155.1,0.53735201,14
1790874660,75172.9,75193.5,75153.2,75182.5,75166.1,0.04560127,5
1790874720,75214.5,75214.5,75144.8,75172.2,75180.0,0.69699687,28
1790874780,75185.6,75210.1,75184.6,75210.1,75186.4,0.09430944,8
1790874840,75212.0,75229.4,75207.2,75208.8,75211.2,0.52931178,17
1790874900,75205.8,75259.0,75205.8,75258.9,75238.0,0.18359173,10
1790874960,75261.2,75303.7,75248.6,75303.7,75279.5,0.12545306,10
1790875020,75303.7,75457.9,75303.7,75402.9,75386.3,1.75791615,87
1790875080,75458.8,75463.0,75379.1,75379.1,75426.9,0.98209676,25
1790875140,75379.1,75476.6,75372.6,75476.6,75441.7,1.63527389,26
1790875200,75479.6,75499.9,75463.0,75476.6,75484.0,0.46600348,35
1790875260,75465.1,75490.3,75441.9,75490.3,75467.8,0.11775146,11
1790875320,75490.0,75490.0,75445.9,75445.9,75480.7,0.38958007,11
1790875380,75437.6,75438.5,75399.5,75399.5,75415.0,0.14525363,21
1790875440,75399.4,75399.4,75367.9,75388.8,75378.1,0.10981236,11
1790875500,75441.7,75441.7,75425.5,75440.0,75435.4,0.19813713,20
1790875560,75458.6,75490.0,75444.7,75452.4,75478.6,0.32903847,15
1790875620,75431.2,75491.8,75429.5,75491.8,75475.8,2.19533566,22
1790875680,75492.8,75550.1,75469.9,75550.0,75520.2,11.32947675,77
1790875740,75550.2,75579.2,75543.0,75579.2,75556.3,0.26814112,30
1790875800,75579.3,75651.7,75545.4,75591.4,75644.1,42.57781399,168
1790875860,75573.4,75589.2,75518.5,75518.5,75568.2,0.26541922,21
1790875920,75555.9,75555.9,75473.3,75523.0,75520.5,0.54632241,20
1790875980,75524.4,75541.8,75478.0,75478.0,75514.9,0.67783617,21
1790876040,75512.3,75517.5,75449.0,75450.1,75461.9,0.35808009,21
1790876100,75462.1,75503.1,75460.2,75475.9,75481.1,0.57130462,13
1790876160,75455.6,75496.6,75450.1,75496.6,75468.4,4.06016169,42
1790876220,75521.6,75580.1,75477.9,75576.8,75512.5,0.09695077,12
1790876280,75584.6,75648.6,75564.9,75630.9,75621.8,0.5915773,21
1790876340,75657.7,75670.2,75604.9,75604.9,75663.2,0.32871334,18
1790876400,75607.1,75670.3,75607.1,75642.3,75650.4,0.59396803,20
1790876460,75641.4,75677.6,75623.6,75677.6,75651.8,0.0552617,12
1790876520,75677.8,75677.8,75639.2,75656.9,75662.1,0.81099476,22
1790876580,75636.8,75662.6,75628.7,75662.6,75641.9,0.19632647,15
1790876640,75649.8,75682.0,75642.6,75682.0,75676.9,0.70935442,11
1790876700,75690.2,75694.3,75666.5,75674.2,75676.3,0.19240013,16
1790876760,75679.3,75736.8,75660.8,75722.9,75722.1,1.62894435,56
1790876820,75722.9,75722.9,75668.5,75697.7,75707.4,0.17311219,23
1790876880,75689.9,75689.9,75668.7,75688.7,75684.4,0.1521658,14
1790876940,75689.7,75689.8,75666.9,75677.0,75670.4,0.28488109,20
1790877000,75689.9,75690.0,75666.9,75683.5,75678.5,0.28092729,14
1790877060,75682.9,75694.6,75680.0,75694.6,75686.3,0.17156506,11
1790877120,75694.5,75699.8,75683.2,75688.5,75690.4,0.70022708,19
1790877180,75688.6,75714.2,75681.2,75708.8,75708.5,0.22007863,10
1790877240,75707.7,75707.7,75557.6,75557.6,75669.4,0.16600646,20
1790877300,75554.7,75585.7,75528.9,75585.0,75545.4,1.34283127,36
1790877360,75595.4,75595.4,75543.0,75546.6,75556.4,0.6727201,21
1790877420,75564.1,75564.1,75482.5,75537.8,75523.4,0.56592281,29
1790877480,75533.1,75557.9,75513.3,75514.2,75526.8,0.32290444,12
1790877540,75514.2,75588.6,75480.2,75586.5,75509.0,3.06347442,40
1790877600,75589.6,75592.8,75496.2,75496.2,75563.5,0.22661511,25
1790877660,75501.8,75504.6,75487.8,75504.6,75503.1,0.1726362,13
1790877720,75546.0,75546.0,75494.5,75494.5,75514.1,0.10841873,10
1790877780,75483.7,75483.7,75423.2,75425.2,75431.8,0.3642406,21
1790877840,75424.7,75448.0,75424.7,75448.0,75445.2,0.02857851,8
1790877900,75448.9,75450.0,75420.2,75450.0,75434.5,0.26448088,22
1790877960,75447.8,75447.8,75443.1,75446.6,75445.5,0.05645849,7
1790878020,75447.7,75450.0,75423.5,75450.0,75445.3,0.1791821,9
1790878080,75488.2,75499.2,75459.6,75479.9,75487.6,0.08745832,11
1790878140,75485.3,75559.3,75485.3,75559.3,75527.3,2.57406393,30
1790878200,75564.5,75588.3,75524.4,75524.4,75579.0,0.03758666,14
1790878260,75550.4,75593.0,75539.3,75593.0,75589.0,0.32281921,7
1790878320,75610.7,75619.0,75604.6,75616.5,75613.1,0.06132772,11
1790878380,75616.7,75637.7,75593.0,75593.0,75611.3,0.04763527,11
1790878440,75613.1,75615.9,75549.4,75549.4,75590.6,0.21753155,14
1790878500,75560.4,75568.6,75537.2,75537.2,75551.6,0.04574906,17
1790878560,75519.6,75519.6,75515.9,75515.9,75516.6,0.16870037,5
1790878620,75538.2,75539.6,75515.4,75515.4,75516.1,0.10322204,5
1790878680,75517.7,75548.4,75517.7,75545.5,75518.5,0.05604864,6
1790878740,75537.6,75539.9,75493.7,75493.7,75507.7,0.26360758,15
1790878800,75494.4,75518.5,75494.4,75508.3,75504.2,0.84238992,21
1790878860,75505.3,75528.5,75505.3,75528.5,75513.2,0.11845675,4
1790878920,75505.0,75506.8,75486.1,75486.1,75494.9,0.22148954,12
1790878980,75487.1,75551.5,75487.1,75551.5,75520.8,0.06123577,11
1790879040,75586.5,75586.5,75550.0,75550.0,75560.4,0.16843439,12
1790879100,75537.3,75549.7,75534.3,75549.7,75537.4,0.05163914,8
1790879160,75552.0,75552.0,75529.6,75532.6,75547.3,0.01350204,10
1790879220,75532.5,75538.4,75513.4,75518.2,75518.7,0.25127666,17
1790879280,75495.6,75523.3,75494.9,75494.9,75511.5,0.10961985,6
1790879340,75493.9,75493.9,75457.0,75464.0,75488.6,0.02421965,6
1790879400,75468.8,75489.2,75462.3,75478.7,75475.6,0.23778957,15
1790879460,75492.6,75517.0,75482.3,75517.0,75495.2,0.20689198,14
1790879520,75506.2,75528.8,75503.3,75521.4,75510.8,0.03348358,8
1790879580,75523.1,75523.1,75494.2,75497.6,75502.2,0.09272211,10
1790879640,75510.1,75568.3,75507.4,75568.3,75545.3,0.11585962,9
1790879700,75556.9,75666.0,75554.1,75666.0,75585.1,0.53058008,27
1790879760,75654.3,75654.3,75623.4,75649.1,75642.2,0.54262082,25
1790879820,75652.1,75678.5,75623.5,75678.5,75639.2,0.09741387,12
1790879880,75700.0,75844.1,75700.0,75839.8,75788.1,1.84404786,74
1790879940,75846.5,75856.8,75777.7,75786.0,75823.1,0.55665784,33
1790880000,75780.6,75780.6,75646.9,75646.9,75715.5,0.30484481,29
1790880060,75640.3,75661.8,75615.1,75643.0,75633.5,0.1081514,15
1790880120,75635.9,75636.0,75586.1,75617.8,75596.2,0.55468326,15
1790880180,75589.8,75589.8,75520.6,75527.9,75551.8,0.11720431,10
1790880240,75535.4,75575.4,75535.4,75573.3,75547.9,0.15446273,18
1790880300,75550.3,75565.4,75550.2,75561.0,75552.3,0.02852215,7
1790880360,75553.4,75558.4,75532.9,75532.9,75545.9,0.10387049,9
1790880420,75540.1,75540.1,75464.1,75464.1,75480.3,0.05058933,16
1790880480,75463.0,75463.1,75397.3,75397.3,75420.5,0.82416564,32
1790880540,75389.7,75389.7,75359.0,75367.8,75376.1,0.47187721,21
1790880600,75366.0,75373.6,75341.7,75356.5,75365.4,0.11437819,24
1790880660,75359.9,75363.4,75359.9,75363.4,75360.0,0.04121348,4
1790880720,75377.8,75377.8,75303.9,75318.8,75319.7,1.12122512,18
1790880780,75340.0,75390.6,75340.0,75380.6,75342.0,1.46099436,9
1790880840,75398.5,75403.5,75394.1,75403.5,75399.0,0.26993684,12
1790880900,75417.0,75427.7,75410.2,75410.2,75417.9,0.01294333,8
1790880960,75421.6,75426.3,75413.8,75413.8,75422.2,0.02847634,9
1790881020,75432.2,75432.2,75430.4,75430.7,75430.7,0.02027223,9
1790881080,75443.9,75452.2,75443.9,75452.2,75449.6,0.09603077,2
1790881140,75457.0,75457.4,75433.8,75437.0,75443.5,0.08910698,18
1790881200,75434.6,75455.9,75423.9,75453.8,75436.6,0.06018531,27
1790881260,75454.0,75454.0,75390.0,75390.0,75404.9,0.33712258,9
1790881320,75390.0,75394.8,75385.2,75387.4,75389.7,0.01401801,10
1790881380,75393.8,75415.4,75390.1,75415.4,75391.1,0.02851961,7
1790881440,75414.8,75442.9,75414.8,75431.9,75439.5,0.3525624,9
1790881500,75442.5,75442.5,75421.7,75430.6,75435.4,0.0599797,16
1790881560,75432.7,75440.3,75426.5,75440.3,75432.2,0.03537663,11
1790881620,75440.2,75491.8,75440.2,75466.7,75464.1,0.18699586,15
1790881680,75444.0,75466.6,75429.8,75466.6,75448.9,0.01063938,5
1790881740,75474.8,75491.2,75474.8,75485.6,75481.4,0.14173704,9
1790881800,75487.0,75493.6,75485.9,75490.7,75487.1,0.02710613,14
1790881860,75473.0,75473.0,75414.5,75414.5,75468.1,0.33783951,14
1790881920,75424.9,75427.5,75387.8,75395.3,75400.9,0.08225756,7
1790881980,75397.4,75405.4,75397.2,75404.8,75402.9,0.05052847,7
1790882040,75420.7,75420.7,75391.6,75406.5,75419.0,0.03283466,5
1790882100,75401.1,75420.0,75389.0,75420.0,75407.9,0.02400887,9
1790882160,75420.0,75420.0,75404.5,75411.0,75409.9,0.38361903,9
1790882220,75417.7,75431.3,75403.1,75403.1,75423.2,0.07537378,14
1790882280,75386.5,75392.6,75380.9,75392.6,75386.0,0.0560405,12
1790882340,75399.2,75414.6,75399.2,75413.6,75408.5,0.11738626,10
1790882400,75398.0,75406.8,75361.6,75361.6,75386.0,0.11105713,19
1790882460,75354.1,75367.0,75349.9,75349.9,75357.0,0.08525372,11
1790882520,75349.4,75349.4,75300.0,75300.0,75307.1,0.23855503,15
1790882580,75285.9,75285.9,75245.8,75250.7,75253.4,0.49411067,24
1790882640,75242.7,75242.7,75230.7,75234.5,75234.6,0.01781681,14
1790882700,75234.5,75310.0,75234.5,75309.4,75258.1,0.1166632,13
1790882760,75292.7,75319.0,75292.4,75292.4,75317.6,0.10867824,6
1790882820,75292.5,75292.5,75226.4,75226.4,75281.5,0.03587539,11
1790882880,75229.4,75253.3,75229.4,75242.9,75232.7,0.00857093,4
1790882940,75247.5,75247.5,75223.7,75223.7,75242.3,0.14055299,5
1790883000,75223.9,75245.9,75199.3,75244.6,75222.3,0.86706321,29
1790883060,75249.3,75316.4,75249.3,75308.6,75259.3,0.40053501,17
1790883120,75305.1,75340.5,75305.1,75339.4,75335.0,0.09357305,5
1790883180,75342.4,75358.0,75342.4,75355.1,75357.8,0.11703484,6
1790883240,75355.7,75361.8,75321.0,75321.0,75355.8,0.01420106,7
1790883300,75333.0,75333.0,75301.6,75314.7,75322.7,0.08420256,11
1790883360,75314.8,75315.5,75267.1,75267.7,75283.9,0.10887182,12
1790883420,75267.1,75267.4,75244.7,75244.7,75254.0,0.20958878,13
1790883480,75249.4,75250.0,75247.9,75249.8,75249.7,0.01095973,5
1790883540,75249.9,75261.2,75249.8,75261.2,75249.9,1.01196439,7
1790883600,75249.9,75275.7,75249.8,75275.7,75263.0,0.06738349,11
1790883660,75279.1,75304.6,75279.1,75291.7,75294.9,0.08616245,22
1790883720,75282.0,75284.4,75244.1,75245.9,75258.7,0.22731309,24
1790883780,75240.6,75256.6,75240.6,75256.6,75244.7,0.00923136,9
1790883840,75258.6,75258.6,75242.0,75242.0,75244.0,0.02737052,5
1790883900,75236.5,75246.1,75236.2,75239.6,75239.6,0.12210945,10
1790883960,75239.7,75251.2,75236.2,75249.1,75246.3,0.0735775,5
1790884020,75252.9,75253.0,75252.9,75253.0,75252.9,0.04976744,3
1790884080,75253.0,75253.1,75225.1,75225.1,75240.8,0.01740745,10
1790884140,75201.2,75223.6,75200.0,75200.0,75201.5,0.22709393,7
1790884200,75203.2,75267.9,75203.2,75267.9,75214.1,0.30078641,13
1790884260,75267.5,75302.3,75267.5,75301.4,75283.7,0.05904413,22
1790884320,75289.5,75292.8,75279.0,75292.7,75287.7,0.05096917,7
1790884380,75290.8,75290.8,75258.1,75275.5,75272.1,0.02631684,7
1790884440,75275.5,75295.3,75266.0,75266.0,75276.6,0.12389843,17
1790884500,75237.1,75238.8,75198.5,75203.0,75234.5,0.0291378,7
1790884560,75204.1,75229.9,75204.1,75229.9,75216.5,0.17061464,9
1790884620,75229.9,75254.3,75229.9,75254.3,75253.4,0.04142524,6
1790884680,75252.5,75279.6,75252.2,75277.6,75262.3,0.02660452,6
1790884740,75296.4,75296.4,75261.8,75265.0,75268.9,0.07260867,6
1790884800,75288.7,75331.5,75288.3,75331.5,75300.3,0.27905714,13
1790884860,75343.1,75350.0,75338.9,75350.0,75343.3,0.24764687,14
1790884920,75352.0,75367.9,75344.5,75350.4,75352.8,0.10650201,7
1790884980,75366.4,75366.4,75366.3,75366.3,75366.3,0.00280465,3
1790885040,75369.7,75433.5,75369.7,75433.4,75406.9,0.23657539,9
1790885100,75433.2,75433.2,75412.6,75422.4,75432.3,0.08826315,8
1790885160,75411.7,75415.1,75386.1,75415.1,75390.3,0.43054364,13
1790885220,75424.0,75429.0,75380.0,75393.7,75386.2,0.38182594,7
1790885280,75392.1,75392.1,75378.8,75378.8,75391.8,0.20556701,9
1790885340,75382.0,75387.9,75381.9,75387.9,75382.3,0.00262447,4
1790885400,75383.6,75383.6,75359.4,75361.8,75370.5,0.06163246,11
1790885460,75365.0,75377.1,75348.7,75366.4,75359.1,0.05288602,8
1790885520,75366.6,75366.6,75350.4,75359.0,75353.9,0.09073573,11
1790885580,75364.5,75390.5,75364.4,75383.5,75370.1,0.0180372,8
1790885640,75387.5,75394.0,75362.6,75371.0,75388.2,1.62388441,23
1790885700,75372.3,75372.3,75360.6,75365.9,75367.1,0.01573397,5
1790885760,75370.8,75403.4,75368.9,75384.5,75393.6,0.70002055,18
1790885820,75344.3,75356.6,75344.3,75356.6,75344.5,0.02130803,2
1790885880,75344.3,75359.3,75344.3,75359.3,75358.6,0.29075167,7
1790885940,75361.0,75381.4,75361.0,75372.9,75364.9,0.07628302,10
1790886000,75373.5,75387.3,75373.5,75387.2,75376.3,0.03059652,12
1790886060,75401.4,75401.4,75396.9,75396.9,75398.0,0.34632555,7
1790886120,75388.3,75399.9,75388.3,75399.9,75392.0,0.06345792,9
1790886180,75400.0,75414.0,75400.0,75413.9,75412.0,0.09889379,8
1790886240,75413.7,75413.7,75400.1,75400.2,75409.6,0.04812389,6
1790886300,75401.0,75402.5,75401.0,75401.8,75402.4,0.04944371,7
1790886360,75402.6,75402.6,75373.1,75373.1,75388.8,0.15735118,14
1790886420,75373.1,75377.3,75373.1,75377.2,75373.2,0.04282359,8
1790886480,75377.1,75377.3,75377.1,75377.3,75377.2,0.02086045,8
1790886540,75377.2,75377.3,75350.9,75350.9,75374.4,0.02180187,9
1790886600,75350.1,75350.1,75350.1,75350.1,75350.1,0.00797121,6
1790886660,75350.9,75350.9,75331.4,75331.4,75338.1,0.02884259,9
1790886720,75334.6,75334.6,75324.6,75324.6,75332.9,0.35735945,17
1790886780,75316.9,75328.1,75316.8,75327.0,75323.0,0.00803359,8
1790886840,75327.0,75331.4,75327.0,75331.4,75327.8,0.05488375,10
1790886900,75333.2,75333.2,75329.2,75329.3,75330.3,0.14528455,10
1790886960,75329.3,75330.9,75329.3,75329.3,75329.3,0.08839673,10
1790887020,75329.4,75329.4,75288.0,75308.3,75317.5,0.24921863,15
1790887080,75308.3,75308.3,75294.9,75296.5,75305.2,0.83799338,16
1790887140,75290.4,75290.7,75268.8,75268.8,75289.2,0.09402837,10
1790887200,75269.5,75269.5,75266.0,75266.1,75266.5,0.09934116,14
1790887260,75265.0,75265.0,75245.2,75245.2,75259.1,0.02957207,9
1790887320,75224.0,75224.0,75203.6,75213.8,75211.3,0.20498179,19
1790887380,75211.6,75222.2,75211.6,75222.2,75218.4,0.00513937,4
1790887440,75216.2,75219.1,75216.0,75217.3,75218.4,0.00717971,4
1790887500,75218.6,75218.6,75173.7,75173.7,75181.5,0.164434,13
1790887560,75173.8,75217.8,75173.8,75217.8,75180.1,0.13767724,12
1790887620,75218.0,75229.5,75218.0,75229.5,75219.1,0.00236044,2
1790887680,75239.9,75240.2,75237.2,75237.2,75239.9,0.04344555,7
1790887740,75228.9,75228.9,75218.6,75218.6,75225.6,0.01401549,10
1790887800,75209.3,75249.4,75209.3,75249.4,75234.1,0.09274838,7
1790887860,75265.8,75274.7,75237.1,75239.0,75250.2,0.03374028,7
1790887920,75241.0,75243.6,75239.6,75239.6,75242.5,0.01607045,10
1790887980,75242.3,75242.3,75242.3,75242.3,75242.3,0.01481481,4
1790888040,75227.6,75261.9,75227.6,75261.9,75238.1,0.02176775,5
1790888100,75261.5,75275.3,75261.4,75275.3,75264.1,0.05812698,7
1790888160,75275.3,75275.3,75259.7,75259.7,75274.5,0.15836756,10
1790888220,75258.7,75258.7,75258.6,75258.6,75258.6,0.02505411,2
1790888280,75258.7,75258.7,75258.0,75258.0,75258.5,0.04189574,5
1790888340,75242.1,75242.1,75242.1,75242.1,75242.1,0.00373177,1
1790888400,75236.8,75238.3,75236.7,75238.3,75237.6,0.11197874,18
1790888460,75238.3,75239.2,75238.3,75239.2,75238.4,0.00613401,3
1790888520,75239.2,75248.3,75239.2,75240.8,75243.3,0.05748863,11
1790888580,75240.8,75240.8,75229.6,75229.6,75239.1,0.00093914,4
1790888640,75230.6,75230.6,75229.6,75229.8,75229.8,0.0565079,9
1790888700,75229.7,75229.7,75229.1,75229.1,75229.1,0.13797626,7
1790888760,75240.7,75270.9,75240.7,75256.5,75247.9,0.33861792,17
1790888820,75258.1,75258.1,75243.4,75243.4,75255.9,0.11311702,9
1790888880,75240.8,75240.8,75240.8,75240.8,75240.8,0.00293663,1
1790888940,75240.5,75240.5,75240.5,75240.5,75240.5,0.00680966,3
1790889000,75228.4,75228.4,75228.2,75228.4,75228.3,0.06719153,12
1790889060,75229.9,75239.8,75229.9,75232.5,75236.5,0.08251575,10
1790889120,75232.5,75239.1,75230.0,75233.5,75233.2,0.02315459,6
1790889180,75240.3,75240.3,75239.1,75240.1,75239.6,0.10665731,6
1790889240,75233.1,75233.1,75220.0,75220.0,75227.2,0.11796907,6
1790889300,75204.2,75205.3,75177.2,75184.6,75198.1,0.04301333,15
1790889360,75181.5,75182.1,75169.1,75182.1,75178.8,0.0167733,6
1790889420,75190.3,75206.2,75190.3,75202.3,75201.6,0.10657077,4
1790889480,75213.5,75213.5,75197.3,75197.3,75201.5,0.00264181,5
1790889540,75198.8,75216.2,75198.8,75216.2,75199.8,0.00265997,2
1790889600,75217.6,75262.2,75217.6,75258.5,75236.8,0.05278463,10
1790889660,75255.0,75255.0,75240.0,75240.0,75252.6,0.02202026,7
1790889720,75240.0,75240.0,75217.9,75227.8,75228.2,0.16684559,6
1790889780,75222.9,75222.9,75218.5,75218.6,75218.6,0.00812193,5
1790889840,75218.5,75218.5,75201.8,75201.8,75216.4,0.03083018,7
1790889900,75201.8,75201.8,75187.7,75188.0,75196.9,0.10108028,14
1790889960,75188.0,75189.2,75187.9,75189.2,75188.5,0.01222268,4
1790890020,75196.6,75196.6,75196.6,75196.6,75196.6,0.00435797,2
1790890080,75196.7,75196.7,75190.5,75190.5,75196.0,0.01348149,6
1790890140,75190.4,75190.4,75181.4,75181.4,75184.8,0.00238206,3
1790890200,75172.5,75172.5,75169.1,75169.1,75171.0,0.04346788,7
1790890260,75169.1,75173.7,75169.1,75173.7,75169.7,0.04820576,5
1790890320,75173.8,75206.7,75169.1,75202.3,75183.6,0.11424702,9
1790890380,75178.8,75178.8,75169.1,75169.1,75173.8,0.00995908,4
1790890440,75169.1,75169.1,75150.1,75150.1,75154.8,0.24151819,9
1790890500,75150.0,75165.0,75143.0,75165.0,75149.0,0.08349092,9
1790890560,75157.6,75161.7,75157.6,75161.7,75159.1,0.00126811,4
1790890620,75161.2,75161.2,75131.2,75131.2,75155.7,0.01294315,5
1790890680,75134.2,75134.2,75126.1,75126.1,75126.6,0.22396126,7
1790890740,75138.1,75138.1,75126.6,75130.9,75128.4,0.08089136,7
1790890800,75149.0,75149.0,75119.1,75119.1,75146.1,0.02535429,6
1790890860,75120.6,75126.1,75119.3,75126.1,75122.1,0.12079653,12
1790890920,75133.4,75133.4,75119.3,75119.3,75132.2,0.0301106,4
1790890980,75119.4,75119.4,75119.1,75119.3,75119.3,0.03354241,4
1790891040,75119.3,75119.3,75119.2,75119.2,75119.2,0.00752593,3
1790891100,75119.4,75119.4,75119.0,75119.3,75119.3,0.02029144,7
1790891160,75119.4,75142.0,75119.4,75126.9,75132.1,0.23435407,12
1790891220,75135.5,75182.7,75135.5,75182.7,75138.0,0.02720163,4
1790891280,75184.5,75184.5,75173.8,75173.8,75181.4,0.00817096,4
1790891340,75174.3,75175.7,75174.3,75175.7,75174.6,0.00089597,3
1790891400,75177.9,75179.4,75153.2,75179.4,75169.2,0.14651661,12
1790891460,75183.3,75183.3,75178.7,75178.7,75183.0,0.00106101,2
1790891520,75165.8,75165.8,75155.3,75155.3,75164.0,0.00520933,5
1790891580,75155.3,75170.2,75155.3,75169.6,75169.2,0.11918772,6
1790891640,75169.6,75180.4,75169.6,75180.4,75170.5,0.00254888,3
1790891700,75181.1,75183.4,75181.1,75181.1,75182.0,0.34673049,8
1790891760,75182.6,75182.6,75181.1,75181.1,75182.1,0.00415506,3
1790891820,75190.2,75192.8,75160.2,75176.5,75187.6,0.10235392,12
1790891880,75178.0,75182.5,75178.0,75182.5,75178.1,0.00521437,4
1790891940,75185.2,75199.8,75185.2,75199.8,75193.4,0.0202136,11
1790892000,75194.4,75224.4,75163.4,75224.4,75215.5,0.38562113,36
1790892060,75239.2,75271.3,75239.2,75271.3,75264.5,0.0389177,21
1790892120,75271.8,75300.0,75271.8,75300.0,75298.8,0.37077483,16
1790892180,75309.9,75314.6,75304.9,75311.5,75310.3,0.53869526,11
1790892240,75304.3,75321.3,75292.2,75319.0,75301.4,0.01936144,10
1790892300,75347.1,75377.2,75333.7,75356.9,75370.3,0.08845816,13
1790892360,75345.8,75345.9,75340.1,75341.6,75343.7,0.10266348,7
1790892420,75374.2,75377.2,75351.8,75362.9,75359.2,0.01433134,6
1790892480,75334.0,75334.0,75322.3,75322.3,75323.8,0.27109452,5
1790892540,75325.6,75326.1,75314.5,75316.0,75315.6,0.26107035,7
1790892600,75300.1,75339.7,75300.1,75337.3,75311.1,0.01285583,8
1790892660,75373.4,75381.5,75362.6,75381.5,75371.8,0.07850764,7
1790892720,75370.3,75370.3,75355.5,75365.3,75362.1,0.00618528,6
1790892780,75365.5,75371.1,75365.5,75371.1,75367.0,0.05544716,5
1790892840,75370.6,75370.6,75361.1,75361.1,75369.7,0.01458111,3
1790892900,75361.0,75361.0,75330.6,75337.0,75339.6,0.86425169,15
1790892960,75337.0,75354.0,75337.0,75354.0,75343.8,0.12706962,6
1790893020,75335.4,75375.2,75335.4,75375.2,75337.6,0.00700336,2
1790893080,75368.6,75368.6,75358.4,75358.4,75368.0,0.0063512,3
1790893140,75341.1,75348.1,75330.2,75348.1,75341.8,0.05855496,5
1790893200,75330.3,75340.7,75320.1,75320.1,75332.4,0.03231888,6
1790893260,75324.2,75343.0,75324.2,75343.0,75339.5,0.00677548,6
1790893320,75352.6,75352.6,75349.4,75349.4,75349.6,0.021348,4
1790893380,75343.1,75343.1,75320.1,75323.0,75333.7,0.00497835,6
1790893440,75324.8,75332.0,75324.8,75332.0,75324.8,0.00603493,2
1790893500,75341.1,75341.1,75324.7,75324.8,75336.9,0.00870078,5
1790893560,75330.0,75344.0,75330.0,75343.7,75339.6,0.01247963,6
1790893620,75343.6,75343.6,75324.9,75329.9,75329.3,0.03162123,7
1790893680,75329.9,75335.5,75329.9,75333.3,75331.4,0.00129299,3
1790893740,75329.8,75329.8,75320.0,75320.0,75320.0,0.07328115,4
1790893800,75301.9,75302.1,75301.8,75302.1,75301.8,0.00399407,5
1790893860,75311.3,75318.2,75311.3,75312.0,75312.0,0.00630799,4
1790893920,75324.8,75324.8,75324.8,75324.8,75324.8,0.06254189,1
1790893980,75312.9,75314.0,75278.0,75278.0,75296.7,0.09903767,11
1790894040,75273.9,75276.6,75272.4,75272.4,75272.4,0.01008393,3
1790894100,75306.4,75342.6,75306.4,75342.6,75318.8,0.00586427,4
1790894160,75348.0,75348.0,75346.6,75346.6,75346.6,0.00173555,2
1790894220,75342.7,75344.0,75342.7,75344.0,75342.8,0.00569919,4
1790894280,75366.7,75375.8,75366.7,75375.8,75367.9,0.00459969,3
1790894340,75376.3,75376.3,75363.5,75363.5,75366.1,0.05132543,7
1790894400,75358.8,75359.9,75350.1,75350.1,75357.0,0.04940465,8
1790894460,75350.1,75356.8,75350.1,75356.8,75350.2,0.00921293,2
1790894520,75356.9,75356.9,75342.5,75342.5,75352.2,0.04640997,9
1790894580,75330.8,75330.8,75296.6,75296.6,75316.3,0.05972946,9
1790894640,75296.6,75296.6,75291.6,75291.6,75294.5,0.03359587,3
1790894700,75284.0,75284.0,75276.8,75280.7,75280.5,0.00901803,5
1790894760,75263.6,75268.7,75263.6,75268.7,75264.0,0.00187776,2
1790894820,75261.0,75261.0,75260.9,75261.0,75260.9,0.00772473,4
1790894880,75261.0,75263.1,75261.0,75263.1,75261.0,0.05106175,4
1790894940,75260.9,75260.9,75260.9,75260.9,75260.9,0.00016876,1
1790895000,75261.0,75261.0,75254.2,75254.3,75255.1,0.02375281,8
1790895060,75254.3,75254.3,75230.8,75230.8,75241.8,0.00602422,7
1790895120,75235.9,75297.3,75235.9,75297.3,75261.1,0.01912434,8
1790895180,75298.7,75298.7,75298.7,75298.7,75298.7,0.01216762,1
1790895240,75321.4,75353.8,75321.4,75353.8,75335.3,0.01384539,5
1790895300,75353.8,75366.2,75353.8,75362.4,75361.7,0.01748344,4
1790895360,75365.3,75365.3,75365.3,75365.3,75365.3,0.00026537,1
1790895420,75343.2,75343.2,75328.7,75328.7,75340.9,0.01124,4
1790895480,75328.8,75330.9,75328.7,75330.9,75330.7,0.00429695,3
1790895540,75341.0,75345.9,75339.5,75339.5,75342.6,0.01335727,3
1790895600,75339.5,75339.5,75290.4,75300.0,75307.2,0.05410746,34
1790895660,75292.0,75292.0,75276.7,75276.7,75278.2,0.00287411,5
1790895720,75309.0,75309.0,75295.4,75295.4,75302.5,0.00418432,2
1790895780,75324.5,75330.2,75324.5,75330.2,75327.3,0.00010759,2
1790895840,75327.6,75327.7,75318.5,75318.5,75327.2,0.01228812,4
1790895900,75315.7,75317.0,75303.8,75303.8,75304.8,0.00381075,4
1790895960,75290.7,75300.6,75290.7,75294.4,75291.9,0.04871502,6
1790896020,75306.8,75306.8,75297.7,75297.7,75300.7,0.00024653,2
1790896080,75289.5,75295.1,75289.5,75295.0,75294.2,0.01252879,4
1790896140,75291.1,75302.0,75291.1,75294.6,75293.9,0.00247137,7
1790896200,75299.7,75299.7,75289.5,75289.6,75292.4,0.02205343,6
1790896260,75281.6,75283.7,75281.6,75283.7,75283.5,0.1068723,3
1790896320,75283.8,75283.8,75278.0,75278.0,75283.5,0.00438456,5
1790896380,75277.9,75277.9,75269.8,75269.8,75272.8,0.00016876,2
1790896440,75269.9,75269.9,75268.5,75268.5,75268.8,0.00594459,3
1790896500,75265.1,75265.1,75245.8,75245.8,75248.4,0.0838895,7
1790896560,75245.4,75278.0,75245.4,75278.0,75251.9,0.0354187,6
1790896620,75281.1,75292.0,75281.1,75292.0,75283.1,0.00132804,2
1790896680,75294.3,75327.5,75294.3,75327.5,75297.0,0.01301353,3
1790896740,75331.3,75356.4,75331.3,75356.4,75331.4,0.04717497,3
1790896800,75358.0,75358.0,75331.6,75331.6,75343.1,0.00660345,3
1790896860,75331.6,75331.6,75331.6,75331.6,75331.6,0.04911631,6
1790896920,75336.3,75349.2,75336.3,75346.2,75338.3,0.18105289,5
1790896980,75346.3,75346.3,75344.8,75346.2,75345.5,0.00650126,3
1790897040,75346.2,75346.2,75343.3,75343.3,75345.3,0.00018764,2
1790897100,75342.9,75348.1,75342.8,75348.1,75344.3,0.00757958,20
1790897160,75348.2,75348.2,75348.2,75348.2,75348.2,0.00834981,1
1790897220,75348.3,75348.4,75348.2,75348.2,75348.3,0.002129,6
1790897280,75358.5,75358.5,75348.3,75348.3,75351.7,0.05009127,2
1790897340,75360.7,75362.1,75331.6,75331.6,75360.4,0.03953467,10
1790897400,75331.6,75331.6,75300.3,75300.3,75327.7,0.02228857,6
1790897460,75294.3,75318.9,75294.3,75318.9,75297.7,0.04003106,2
1790897520,75339.2,75345.3,75339.1,75345.3,75340.3,0.0014199,3
1790897580,75359.8,75378.9,75359.8,75378.9,75361.9,0.00367856,3
1790897640,75381.5,75381.5,75381.5,75381.5,75381.5,0.01933721,1
1790897700,75390.8,75409.7,75390.7,75409.7,75407.2,0.00359465,3
1790897760,75396.9,75398.6,75396.7,75398.6,75396.9,0.07847451,5
1790897820,75396.0,75397.2,75396.0,75397.2,75396.4,0.02065558,3
1790897880,75369.9,75384.0,75369.8,75374.5,75375.7,0.09775606,11
1790897940,75416.3,75420.7,75415.3,75415.4,75417.7,0.02057407,4
1790898000,75395.4,75395.4,75395.4,75395.4,75395.4,0.00029724,1
1790898060,75393.8,75393.8,75388.0,75388.0,75388.8,0.00317167,3
1790898120,75388.0,75406.3,75387.9,75406.3,75397.9,0.00734288,6
1790898180,75410.3,75410.9,75410.3,75410.9,75410.6,0.02917068,2
1790898240,75423.4,75427.5,75423.4,75427.5,75423.5,0.00504055,3
1790898300,75405.5,75405.5,75386.2,75387.7,75397.1,0.01694757,8
1790898360,75367.4,75377.8,75367.3,75367.3,75370.1,0.0101249,3
1790898420,75367.4,75367.4,75367.2,75367.2,75367.3,0.00197376,3
1790898480,75367.3,75367.3,75367.3,75367.3,75367.3,0.00690054,2
1790898540,75367.3,75381.3,75365.6,75381.3,75371.9,0.01181482,10
1790898600,75391.2,75411.0,75391.1,75411.0,75391.6,0.00599245,3
1790898660,75402.7,75402.7,75397.0,75401.4,75401.9,0.00462866,3
1790898720,75413.4,75413.4,75394.8,75394.8,75413.0,0.02670155,2
1790898780,75388.2,75396.3,75388.2,75396.3,75394.7,0.0164923,6
1790898840,75407.1,75407.1,75388.8,75389.0,75394.6,0.01217059,5
1790898900,75407.1,75407.2,75407.1,75407.1,75407.1,0.00276006,3
1790898960,75408.2,75412.7,75408.2,75412.7,75408.2,0.01869208,2
1790899020,75410.5,75410.5,75409.9,75409.9,75410.4,0.00590131,3
1790899080,75423.5,75435.8,75423.5,75435.8,75426.5,0.00529088,2
1790899140,75437.6,75447.3,75429.2,75429.2,75438.8,0.01913959,5
1790899200,75425.0,75425.0,75367.6,75367.6,75402.3,0.01611914,26
1790899260,75368.7,75392.1,75367.3,75386.5,75375.7,0.03271946,14
1790899320,75384.6,75384.6,75369.4,75369.4,75371.4,0.00491261,5
1790899380,75369.4,75377.2,75368.0,75368.0,75369.4,0.00307203,4
1790899440,75358.7,75358.7,75358.7,75358.7,75358.7,0.00131259,1
1790899500,75363.2,75370.0,75363.2,75368.8,75367.6,0.00361416,5
1790899560,75394.9,75394.9,75394.9,75394.9,75394.9,0.0077372,4
1790899620,75400.6,75403.3,75392.0,75392.0,75400.3,0.00584212,3
1790899680,75384.9,75384.9,75381.1,75381.1,75384.7,0.00360778,2
1790899740,75360.3,75382.1,75360.3,75382.1,75371.3,0.00417632,6
1790899800,75374.3,75387.7,75374.3,75387.7,75385.0,0.04461058,4
1790899860,75422.6,75431.8,75422.6,75430.1,75429.2,0.00468962,4
1790899920,75414.0,75414.0,75409.5,75409.6,75413.8,0.00705596,5
1790899980,75428.0,75500.0,75428.0,75466.2,75473.1,0.2041548,12
1790900040,75483.9,75499.9,75483.9,75499.9,75494.7,0.00620342,5
1790900100,75470.2,75500.2,75451.0,75500.2,75496.9,0.09679262,8
1790900160,75524.5,75538.4,75524.5,75538.4,75537.2,0.00435405,2
1790900220,75455.6,75489.3,75455.6,75489.3,75466.1,0.01281244,4
1790900280,75489.0,75518.7,75485.2,75518.7,75498.4,0.01389661,6
1790900340,75518.7,75518.7,75518.7,75518.7,0.0,0.0,0
1790900400,75510.8,75519.5,75510.8,75514.7,75514.6,0.01816422,4
1790900460,75515.6,75515.6,75472.9,75472.9,75504.0,0.02774357,11
1790900520,75455.1,75458.0,75442.1,75457.9,75455.7,0.0079234,7
1790900580,75481.2,75493.7,75481.2,75493.7,75485.8,0.00067233,3
1790900640,75491.1,75493.4,75480.4,75480.4,75483.8,0.01390177,5
1790900700,75484.1,75484.1,75458.2,75458.2,75471.1,0.008,2
1790900760,75452.5,75463.7,75426.6,75426.6,75456.9,0.00579415,5
1790900820,75444.6,75444.6,75427.7,75427.7,75442.5,0.00465771,3
1790900880,75443.9,75443.9,75442.7,75442.7,75442.9,0.00665958,2
1790900940,75429.9,75429.9,75417.7,75417.7,75428.3,0.00131681,3
1790901000,75412.5,75415.2,75361.4,75361.4,75399.8,0.47465644,8
1790901060,75361.4,75400.5,75361.3,75400.5,75366.6,0.02973185,3
1790901120,75388.8,75408.7,75388.4,75388.4,75397.0,0.00965987,3
1790901180,75390.7,75397.2,75390.7,75397.2,75393.9,0.00810413,4
1790901240,75376.0,75376.0,75375.9,75375.9,75375.9,0.00996168,3
1790901300,75393.1,75393.2,75393.1,75393.2,75393.1,0.00021421,2
1790901360,75417.8,75417.8,75405.7,75405.7,75410.3,0.06951431,6
1790901420,75399.2,75399.2,75390.7,75390.7,75391.0,0.03939941,6
1790901480,75362.0,75362.0,75351.6,75351.6,75361.5,0.00416876,2
1790901540,75379.1,75380.2,75379.1,75380.2,75380.1,0.01616254,2
1790901600,75390.2,75495.1,75390.2,75495.1,75441.8,0.00891674,7
1790901660,75474.8,75505.7,75474.7,75484.6,75495.0,0.0143889,7
1790901720,75494.8,75494.8,75494.8,75494.8,75494.8,5.411e-05,1
1790901780,75495.0,75498.5,75495.0,75495.4,75496.7,0.00970098,5
1790901840,75493.7,75493.7,75474.6,75474.6,75489.5,0.00076244,2
1790901900,75454.3,75454.3,75390.5,75390.5,75428.1,0.0111865,9
1790901960,75377.9,75377.9,75358.3,75372.0,75372.3,0.06932309,6
1790902020,75410.0,75427.0,75410.0,75414.5,75423.2,0.00647051,3
1790902080,75415.3,75418.4,75415.3,75418.4,75415.3,0.01129976,4
1790902140,75424.3,75424.3,75424.2,75424.2,75424.2,0.01205618,2
