time,open,high,low,close,vwap,volume,count
1790639760,0.935,0.935,0.935,0.935,0.000,0.0,0
1790639820,0.935,0.935,0.935,0.935,0.000,0.0,0
1790639880,0.935,0.935,0.935,0.935,0.000,0.0,0
1790639940,0.935,0.935,0.935,0.935,0.000,0.0,0
1790640000,0.935,0.935,0.935,0.935,0.000,0.0,0
1790640060,0.935,0.935,0.935,0.935,0.000,0.0,0
1790640120,0.931,0.931,0.931,0.931,0.931,94.47905451,1
1790640180,0.933,0.933,0.933,0.933,0.933,335.790635,1
1790640240,0.933,0.933,0.933,0.933,0.000,0.0,0
1790640300,0.933,0.933,0.933,0.933,0.000,0.0,0
1790640360,0.933,0.933,0.933,0.933,0.000,0.0,0
1790640420,0.933,0.933,0.933,0.933,0.000,0.0,0
1790640480,0.933,0.933,0.933,0.933,0.000,0.0,0
1790640540,0.933,0.933,0.933,0.933,0.000,0.0,0
1790640600,0.934,0.934,0.934,0.934,0.934,1883.4,1
1790640660,0.934,0.934,0.934,0.934,0.000,0.0,0
1790640720,0.934,0.934,0.934,0.934,0.000,0.0,0
1790640780,0.935,0.935,0.935,0.935,0.935,7.27,1
1790640840,0.935,0.935,0.935,0.935,0.000,0.0,0
1790640900,0.935,0.935,0.935,0.935,0.000,0.0,0
1790640960,0.935,0.935,0.935,0.935,0.000,0.0,0
1790641020,0.935,0.935,0.935,0.935,0.000,0.0,0
1790641080,0.931,0.931,0.93,0.93,0.930,730.760675,3
1790641140,0.93,0.93,0.93,0.93,0.000,0.0,0
1790641200,0.93,0.93,0.93,0.93,0.000,0.0,0
1790641260,0.93,0.93,0.93,0.93,0.000,0.0,0
1790641320,0.93,0.93,0.93,0.93,0.000,0.0,0
1790641380,0.93,0.93,0.93,0.93,0.000,0.0,0
1790641440,0.93,0.93,0.93,0.93,0.000,0.0,0
1790641500,0.93,0.93,0.93,0.93,0.000,0.0,0
1790641560,0.93,0.93,0.93,0.93,0.000,0.0,0
1790641620,0.93,0.93,0.93,0.93,0.000,0.0,0
1790641680,0.93,0.93,0.93,0.93,0.000,0.0,0
1790641740,0.93,0.93,0.93,0.93,0.000,0.0,0
1790641800,0.93,0.93,0.93,0.93,0.000,0.0,0
1790641860,0.93,0.93,0.93,0.93,0.000,0.0,0
1790641920,0.93,0.93,0.93,0.93,0.000,0.0,0
1790641980,0.932,0.932,0.932,0.932,0.932,271.1214126,1
1790642040,0.932,0.932,0.932,0.932,0.000,0.0,0
1790642100,0.932,0.932,0.932,0.932,0.000,0.0,0
1790642160,0.932,0.932,0.932,0.932,0.000,0.0,0
1790642220,0.932,0.932,0.932,0.932,0.000,0.0,0
1790642280,0.932,0.932,0.932,0.932,0.000,0.0,0
1790642340,0.932,0.932,0.932,0.932,0.000,0.0,0
1790642400,0.932,0.932,0.932,0.932,0.000,0.0,0
1790642460,0.932,0.932,0.932,0.932,0.000,0.0,0
1790642520,0.932,0.932,0.932,0.932,0.000,0.0,0
1790642580,0.932,0.932,0.932,0.932,0.000,0.0,0
1790642640,0.932,0.932,0.932,0.932,0.000,0.0,0
1790642700,0.932,0.932,0.932,0.932,0.000,0.0,0
1790642760,0.938,0.938,0.938,0.938,0.938,197.9,1
1790642820,0.938,0.938,0.938,0.938,0.000,0.0,0
1790642880,0.938,0.938,0.938,0.938,0.000,0.0,0
1790642940,0.938,0.938,0.938,0.938,0.000,0.0,0
1790643000,0.938,0.938,0.938,0.938,0.000,0.0,0
1790643060,0.938,0.938,0.938,0.938,0.000,0.0,0
1790643120,0.931,0.931,0.93,0.93,0.930,1047.07185,3
1790643180,0.93,0.93,0.93,0.93,0.000,0.0,0
1790643240,0.93,0.93,0.93,0.93,0.000,0.0,0
1790643300,0.93,0.93,0.93,0.93,0.000,0.0,0
1790643360,0.93,0.93,0.93,0.93,0.000,0.0,0
1790643420,0.93,0.93,0.93,0.93,0.000,0.0,0
1790643480,0.93,0.93,0.93,0.93,0.000,0.0,0
1790643540,0.93,0.93,0.93,0.93,0.000,0.0,0
1790643600,0.93,0.932,0.93,0.931,0.931,640.783176,3
1790643660,0.931,0.931,0.931,0.931,0.000,0.0,0
1790643720,0.931,0.931,0.931,0.931,0.000,0.0,0
1790643780,0.931,0.931,0.931,0.931,0.000,0.0,0
1790643840,0.931,0.931,0.931,0.931,0.000,0.0,0
1790643900,0.929,0.929,0.929,0.929,0.929,1071.95014969,5
1790643960,0.929,0.929,0.929,0.929,0.000,0.0,0
1790644020,0.929,0.929,0.929,0.929,0.000,0.0,0
1790644080,0.929,0.929,0.929,0.929,0.000,0.0,0
1790644140,0.929,0.929,0.929,0.929,0.000,0.0,0
1790644200,0.929,0.929,0.929,0.929,0.000,0.0,0
1790644260,0.929,0.929,0.929,0.929,0.000,0.0,0
1790644320,0.929,0.929,0.929,0.929,0.000,0.0,0
1790644380,0.929,0.929,0.929,0.929,0.000,0.0,0
1790644440,0.929,0.929,0.929,0.929,0.000,0.0,0
1790644500,0.929,0.929,0.929,0.929,0.000,0.0,0
1790644560,0.929,0.929,0.929,0.929,0.000,0.0,0
1790644620,0.92,0.92,0.919,0.919,0.919,174.915,2
1790644680,0.919,0.919,0.919,0.919,0.000,0.0,0
1790644740,0.917,0.917,0.917,0.917,0.917,275.56183172,4
1790644800,0.922,0.922,0.922,0.922,0.922,275.5618317,1
1790644860,0.922,0.922,0.922,0.922,0.000,0.0,0
1790644920,0.922,0.922,0.922,0.922,0.000,0.0,0
1790644980,0.922,0.922,0.922,0.922,0.000,0.0,0
1790645040,0.922,0.922,0.922,0.922,0.000,0.0,0
1790645100,0.922,0.922,0.922,0.922,0.000,0.0,0
1790645160,0.922,0.922,0.922,0.922,0.000,0.0,0
1790645220,0.919,0.919,0.919,0.919,0.919,3008.4300044,1
1790645280,0.919,0.919,0.919,0.919,0.000,0.0,0
1790645340,0.919,0.919,0.919,0.919,0.000,0.0,0
1790645400,0.919,0.919,0.919,0.919,0.000,0.0,0
1790645460,0.919,0.919,0.919,0.919,0.000,0.0,0
1790645520,0.91,0.91,0.91,0.91,0.910,279.20131852,6
1790645580,0.91,0.91,0.91,0.91,0.000,0.0,0
1790645640,0.91,0.91,0.91,0.91,0.000,0.0,0
1790645700,0.91,0.91,0.91,0.91,0.000,0.0,0
1790645760,0.91,0.91,0.91,0.91,0.000,0.0,0
1790645820,0.91,0.91,0.91,0.91,0.000,0.0,0
1790645880,0.91,0.91,0.91,0.91,0.000,0.0,0
1790645940,0.91,0.91,0.91,0.91,0.000,0.0,0
1790646000,0.91,0.91,0.91,0.91,0.000,0.0,0
1790646060,0.908,0.91,0.908,0.91,0.909,290.9913185,3
1790646120,0.91,0.91,0.91,0.91,0.000,0.0,0
1790646180,0.91,0.91,0.91,0.91,0.000,0.0,0
1790646240,0.911,0.913,0.911,0.913,0.911,1148.91663263,6
1790646300,0.916,0.917,0.915,0.917,0.915,1022.47322131,4
1790646360,0.918,0.918,0.917,0.917,0.917,1014.593484,3
1790646420,0.917,0.917,0.917,0.917,0.000,0.0,0
1790646480,0.917,0.917,0.917,0.917,0.000,0.0,0
1790646540,0.917,0.917,0.917,0.917,0.000,0.0,0
1790646600,0.917,0.917,0.917,0.917,0.000,0.0,0
1790646660,0.917,0.917,0.917,0.917,0.000,0.0,0
1790646720,0.917,0.917,0.917,0.917,0.000,0.0,0
1790646780,0.917,0.917,0.917,0.917,0.000,0.0,0
1790646840,0.917,0.917,0.917,0.917,0.000,0.0,0
1790646900,0.917,0.917,0.917,0.917,0.000,0.0,0
1790646960,0.917,0.917,0.917,0.917,0.000,0.0,0
1790647020,0.917,0.917,0.917,0.917,0.000,0.0,0
1790647080,0.917,0.917,0.917,0.917,0.000,0.0,0
1790647140,0.917,0.917,0.917,0.917,0.000,0.0,0
1790647200,0.913,0.913,0.913,0.913,0.913,309.196238,1
1790647260,0.913,0.913,0.913,0.913,0.000,0.0,0
1790647320,0.913,0.913,0.913,0.913,0.000,0.0,0
1790647380,0.913,0.913,0.913,0.913,0.000,0.0,0
1790647440,0.913,0.913,0.913,0.913,0.000,0.0,0
1790647500,0.908,0.908,0.908,0.908,0.908,485.2226367,2
1790647560,0.905,0.905,0.905,0.905,0.905,35.37,3
1790647620,0.907,0.907,0.907,0.907,0.907,93.3525,2
1790647680,0.907,0.907,0.907,0.907,0.000,0.0,0
1790647740,0.904,0.904,0.904,0.904,0.904,485.22263678,1
1790647800,0.904,0.904,0.904,0.904,0.000,0.0,0
1790647860,0.904,0.904,0.904,0.904,0.000,0.0,0
1790647920,0.904,0.904,0.904,0.904,0.000,0.0,0
1790647980,0.907,0.907,0.907,0.907,0.907,345.3343,5
1790648040,0.904,0.904,0.904,0.904,0.904,485.2226367,1
1790648100,0.906,0.906,0.906,0.906,0.906,485.2226367,1
1790648160,0.908,0.908,0.908,0.908,0.908,485.2226367,2
1790648220,0.908,0.908,0.908,0.908,0.000,0.0,0
1790648280,0.906,0.906,0.906,0.906,0.906,139.9391139,1
1790648340,0.906,0.906,0.906,0.906,0.000,0.0,0
1790648400,0.906,0.906,0.906,0.906,0.000,0.0,0
1790648460,0.906,0.906,0.906,0.906,0.000,0.0,0
1790648520,0.901,0.901,0.9,0.9,0.900,301.99611507,4
1790648580,0.9,0.9,0.9,0.9,0.000,0.0,0
1790648640,0.9,0.9,0.9,0.9,0.000,0.0,0
1790648700,0.9,0.9,0.9,0.9,0.000,0.0,0
1790648760,0.9,0.9,0.9,0.9,0.000,0.0,0
1790648820,0.902,0.902,0.902,0.902,0.902,490.755036,2
1790648880,0.898,0.899,0.898,0.899,0.898,998.09288186,3
1790648940,0.899,0.899,0.899,0.899,0.000,0.0,0
1790649000,0.901,0.901,0.901,0.901,0.901,2434.6826367,2
1790649060,0.901,0.901,0.901,0.901,0.901,335.790635,1
1790649120,0.901,0.901,0.901,0.901,0.000,0.0,0
1790649180,0.898,0.898,0.898,0.898,0.898,213.594392,1
1790649240,0.898,0.898,0.898,0.898,0.000,0.0,0
1790649300,0.898,0.898,0.898,0.898,0.000,0.0,0
1790649360,0.898,0.898,0.898,0.898,0.000,0.0,0
1790649420,0.899,0.899,0.888,0.892,0.894,13863.09032142,34
1790649480,0.894,0.897,0.894,0.897,0.894,1455.61146358,17
1790649540,0.899,0.899,0.899,0.899,0.899,335.790635,1
1790649600,0.899,0.899,0.899,0.899,0.000,0.0,0
1790649660,0.899,0.899,0.899,0.899,0.899,213.594392,1
1790649720,0.899,0.899,0.899,0.899,0.000,0.0,0
1790649780,0.9,0.9,0.9,0.9,0.900,485.22263677,2
1790649840,0.899,0.899,0.895,0.897,0.897,26407.31384215,49
1790649900,0.898,0.899,0.898,0.899,0.898,826.12776284,4
1790649960,0.899,0.899,0.898,0.899,0.898,1677.82973694,10
1790650020,0.899,0.899,0.899,0.899,0.899,213.5943929,1
1790650080,0.898,0.899,0.898,0.899,0.898,2351.76640212,9
1790650140,0.899,0.899,0.898,0.898,0.898,490.47687189,2
1790650200,0.898,0.898,0.898,0.898,0.000,0.0,0
1790650260,0.896,0.896,0.896,0.896,0.896,279.016629,1
1790650320,0.896,0.896,0.896,0.896,0.000,0.0,0
1790650380,0.892,0.892,0.892,0.892,0.892,213.5943929,1
1790650440,0.892,0.892,0.892,0.892,0.000,0.0,0
1790650500,0.892,0.892,0.892,0.892,0.000,0.0,0
1790650560,0.893,0.893,0.893,0.893,0.893,279.952744,1
1790650620,0.893,0.893,0.893,0.893,0.000,0.0,0
1790650680,0.895,0.895,0.895,0.895,0.895,279.327151,1
1790650740,0.895,0.895,0.895,0.895,0.000,0.0,0
1790650800,0.896,0.897,0.896,0.897,0.896,709.184901,3
1790650860,0.9,0.9,0.898,0.898,0.899,2907.46557878,8
1790650920,0.899,0.899,0.899,0.899,0.899,1455.6679102,3
1790650980,0.9,0.902,0.9,0.901,0.900,1400.47160744,6
1790651040,0.9,0.9,0.9,0.9,0.900,277.777777,1
1790651100,0.9,0.9,0.9,0.9,0.000,0.0,0
1790651160,0.898,0.898,0.898,0.898,0.898,258.1205803,1
1790651220,0.899,0.899,0.898,0.899,0.898,1397.63405747,5
1790651280,0.898,0.898,0.898,0.898,0.898,698.8170287,2
1790651340,0.897,0.897,0.897,0.897,0.897,411.494392,3
1790651400,0.897,0.897,0.897,0.897,0.000,0.0,0
1790651460,0.897,0.897,0.897,0.897,0.000,0.0,0
1790651520,0.897,0.897,0.897,0.897,0.000,0.0,0
1790651580,0.896,0.897,0.896,0.897,0.896,492.606111,2
1790651640,0.896,0.896,0.896,0.896,0.896,209.69,2
1790651700,0.896,0.896,0.896,0.896,0.000,0.0,0
1790651760,0.896,0.896,0.896,0.896,0.000,0.0,0
1790651820,0.896,0.896,0.896,0.896,0.000,0.0,0
1790651880,0.896,0.896,0.896,0.896,0.000,0.0,0
1790651940,0.896,0.896,0.896,0.896,0.000,0.0,0
1790652000,0.896,0.896,0.896,0.896,0.000,0.0,0
1790652060,0.896,0.896,0.896,0.896,0.000,0.0,0
1790652120,0.906,0.906,0.906,0.906,0.906,275.93818984,2
1790652180,0.906,0.906,0.906,0.906,0.000,0.0,0
1790652240,0.906,0.906,0.906,0.906,0.000,0.0,0
1790652300,0.906,0.906,0.906,0.906,0.000,0.0,0
1790652360,0.906,0.906,0.906,0.906,0.000,0.0,0
1790652420,0.906,0.906,0.906,0.906,0.000,0.0,0
1790652480,0.906,0.906,0.906,0.906,0.000,0.0,0
1790652540,0.906,0.906,0.906,0.906,0.000,0.0,0
1790652600,0.906,0.906,0.906,0.906,0.000,0.0,0
1790652660,0.909,0.909,0.909,0.909,0.909,483.6852539,1
1790652720,0.909,0.909,0.909,0.909,0.000,0.0,0
1790652780,0.909,0.909,0.909,0.909,0.000,0.0,0
1790652840,0.91,0.91,0.91,0.91,0.910,213.594392,1
1790652900,0.91,0.91,0.91,0.91,0.910,19.37650909,1
1790652960,0.91,0.91,0.91,0.91,0.000,0.0,0
1790653020,0.91,0.91,0.91,0.91,0.000,0.0,0
1790653080,0.91,0.91,0.91,0.91,0.000,0.0,0
1790653140,0.91,0.91,0.91,0.91,0.000,0.0,0
1790653200,0.91,0.91,0.91,0.91,0.000,0.0,0
1790653260,0.91,0.91,0.91,0.91,0.000,0.0,0
1790653320,0.91,0.91,0.91,0.91,0.000,0.0,0
1790653380,0.91,0.91,0.91,0.91,0.000,0.0,0
1790653440,0.91,0.91,0.91,0.91,0.000,0.0,0
1790653500,0.91,0.91,0.91,0.91,0.000,0.0,0
1790653560,0.908,0.908,0.908,0.908,0.908,8.44229158,1
1790653620,0.908,0.908,0.908,0.908,0.000,0.0,0
1790653680,0.908,0.908,0.908,0.908,0.000,0.0,0
1790653740,0.908,0.908,0.908,0.908,0.000,0.0,0
1790653800,0.908,0.908,0.908,0.908,0.000,0.0,0
1790653860,0.908,0.908,0.908,0.908,0.000,0.0,0
1790653920,0.908,0.908,0.908,0.908,0.000,0.0,0
1790653980,0.908,0.908,0.908,0.908,0.000,0.0,0
1790654040,0.908,0.908,0.908,0.908,0.000,0.0,0
1790654100,0.908,0.908,0.908,0.908,0.000,0.0,0
1790654160,0.908,0.908,0.908,0.908,0.000,0.0,0
1790654220,0.908,0.908,0.908,0.908,0.000,0.0,0
1790654280,0.908,0.908,0.908,0.908,0.000,0.0,0
1790654340,0.908,0.908,0.908,0.908,0.000,0.0,0
1790654400,0.906,0.906,0.906,0.906,0.906,278.8890726,2
1790654460,0.908,0.908,0.908,0.908,0.908,278.8890726,1
1790654520,0.908,0.908,0.908,0.908,0.000,0.0,0
1790654580,0.906,0.906,0.906,0.906,0.906,106.456791,2
1790654640,0.906,0.906,0.906,0.906,0.000,0.0,0
1790654700,0.906,0.906,0.906,0.906,0.000,0.0,0
1790654760,0.906,0.906,0.906,0.906,0.000,0.0,0
1790654820,0.906,0.906,0.906,0.906,0.000,0.0,0
1790654880,0.906,0.906,0.906,0.906,0.000,0.0,0
1790654940,0.906,0.906,0.906,0.906,0.000,0.0,0
1790655000,0.906,0.906,0.906,0.906,0.000,0.0,0
1790655060,0.906,0.906,0.906,0.906,0.000,0.0,0
1790655120,0.906,0.906,0.906,0.906,0.000,0.0,0
1790655180,0.906,0.906,0.906,0.906,0.000,0.0,0
1790655240,0.906,0.906,0.906,0.906,0.000,0.0,0
1790655300,0.906,0.906,0.906,0.906,0.000,0.0,0
1790655360,0.906,0.906,0.906,0.906,0.000,0.0,0
1790655420,0.906,0.906,0.906,0.906,0.000,0.0,0
1790655480,0.906,0.906,0.906,0.906,0.000,0.0,0
1790655540,0.906,0.906,0.906,0.906,0.000,0.0,0
1790655600,0.906,0.906,0.906,0.906,0.000,0.0,0
1790655660,0.906,0.906,0.906,0.906,0.000,0.0,0
1790655720,0.906,0.906,0.906,0.906,0.000,0.0,0
1790655780,0.906,0.906,0.906,0.906,0.000,0.0,0
1790655840,0.906,0.906,0.906,0.906,0.000,0.0,0
1790655900,0.906,0.906,0.906,0.906,0.000,0.0,0
1790655960,0.906,0.906,0.906,0.906,0.000,0.0,0
1790656020,0.909,0.909,0.909,0.909,0.909,485.2226367,1
1790656080,0.909,0.909,0.909,0.909,0.000,0.0,0
1790656140,0.909,0.909,0.909,0.909,0.000,0.0,0
1790656200,0.909,0.909,0.909,0.909,0.000,0.0,0
1790656260,0.909,0.909,0.909,0.909,0.000,0.0,0
1790656320,0.907,0.907,0.907,0.907,0.907,485.22263678,1
1790656380,0.907,0.907,0.907,0.907,0.000,0.0,0
1790656440,0.907,0.907,0.907,0.907,0.000,0.0,0
1790656500,0.905,0.905,0.904,0.904,0.904,799.60559629,2
1790656560,0.904,0.904,0.904,0.904,0.904,199.467461,1
1790656620,0.904,0.904,0.904,0.904,0.000,0.0,0
1790656680,0.904,0.904,0.904,0.904,0.000,0.0,0
1790656740,0.904,0.904,0.904,0.904,0.000,0.0,0
1790656800,0.907,0.907,0.907,0.907,0.907,7.99994583,1
1790656860,0.906,0.906,0.906,0.906,0.906,335.790635,1
1790656920,0.906,0.906,0.906,0.906,0.000,0.0,0
1790656980,0.906,0.906,0.906,0.906,0.000,0.0,0
1790657040,0.905,0.905,0.905,0.905,0.905,43.7346,1
1790657100,0.905,0.905,0.905,0.905,0.000,0.0,0
1790657160,0.904,0.904,0.904,0.904,0.904,485.2226367,1
1790657220,0.903,0.903,0.902,0.902,0.902,765.66150688,2
1790657280,0.902,0.902,0.902,0.902,0.000,0.0,0
1790657340,0.902,0.902,0.902,0.902,0.902,277.1582031,1
1790657400,0.902,0.902,0.902,0.902,0.000,0.0,0
1790657460,0.906,0.906,0.906,0.906,0.906,485.22263678,3
1790657520,0.906,0.906,0.906,0.906,0.000,0.0,0
1790657580,0.907,0.907,0.907,0.907,0.907,485.22263678,1
1790657640,0.907,0.907,0.907,0.907,0.000,0.0,0
1790657700,0.907,0.907,0.907,0.907,0.907,431.0,2
1790657760,0.907,0.907,0.907,0.907,0.000,0.0,0
1790657820,0.907,0.907,0.907,0.907,0.000,0.0,0
1790657880,0.907,0.907,0.907,0.907,0.000,0.0,0
1790657940,0.907,0.907,0.907,0.907,0.000,0.0,0
1790658000,0.908,0.908,0.908,0.908,0.908,280.4388701,1
1790658060,0.908,0.908,0.908,0.908,0.000,0.0,0
1790658120,0.908,0.908,0.908,0.908,0.000,0.0,0
1790658180,0.908,0.908,0.908,0.908,0.000,0.0,0
1790658240,0.909,0.91,0.909,0.91,0.909,970.4452734,2
1790658300,0.91,0.91,0.91,0.91,0.000,0.0,0
1790658360,0.91,0.91,0.91,0.91,0.000,0.0,0
1790658420,0.907,0.907,0.907,0.907,0.907,493.6003464,2
1790658480,0.907,0.907,0.907,0.907,0.000,0.0,0
1790658540,0.907,0.907,0.907,0.907,0.000,0.0,0
1790658600,0.907,0.907,0.907,0.907,0.000,0.0,0
1790658660,0.908,0.908,0.908,0.908,0.908,549.385028,2
1790658720,0.908,0.908,0.908,0.908,0.000,0.0,0
1790658780,0.908,0.908,0.908,0.908,0.000,0.0,0
1790658840,0.908,0.908,0.908,0.908,0.000,0.0,0
1790658900,0.908,0.908,0.908,0.908,0.000,0.0,0
1790658960,0.908,0.908,0.908,0.908,0.000,0.0,0
1790659020,0.908,0.908,0.908,0.908,0.000,0.0,0
1790659080,0.908,0.908,0.908,0.908,0.000,0.0,0
1790659140,0.908,0.908,0.908,0.908,0.000,0.0,0
1790659200,0.908,0.908,0.908,0.908,0.000,0.0,0
1790659260,0.908,0.908,0.908,0.908,0.000,0.0,0
1790659320,0.908,0.908,0.908,0.908,0.000,0.0,0
1790659380,0.908,0.908,0.908,0.908,0.000,0.0,0
1790659440,0.916,0.916,0.916,0.916,0.916,213.594392,1
1790659500,0.916,0.916,0.916,0.916,0.916,973.0379116,4
1790659560,0.916,0.916,0.916,0.916,0.916,213.5943929,1
1790659620,0.916,0.916,0.916,0.916,0.000,0.0,0
1790659680,0.916,0.916,0.916,0.916,0.000,0.0,0
1790659740,0.916,0.916,0.916,0.916,0.000,0.0,0
1790659800,0.916,0.916,0.916,0.916,0.000,0.0,0
1790659860,0.916,0.916,0.916,0.916,0.000,0.0,0
1790659920,0.913,0.913,0.913,0.913,0.913,1200.0,2
1790659980,0.91,0.91,0.91,0.91,0.910,486.73319376,1
1790660040,0.91,0.91,0.91,0.91,0.000,0.0,0
1790660100,0.906,0.906,0.905,0.905,0.905,552.27406925,3
1790660160,0.906,0.906,0.904,0.904,0.904,2946.38226083,5
1790660220,0.904,0.904,0.904,0.904,0.000,0.0,0
1790660280,0.904,0.904,0.904,0.904,0.000,0.0,0
1790660340,0.904,0.904,0.904,0.904,0.000,0.0,0
1790660400,0.904,0.904,0.904,0.904,0.000,0.0,0
1790660460,0.911,0.911,0.911,0.911,0.911,485.2226367,1
1790660520,0.911,0.911,0.911,0.911,0.000,0.0,0
1790660580,0.913,0.913,0.913,0.913,0.913,485.2226367,1
1790660640,0.913,0.913,0.913,0.913,0.000,0.0,0
1790660700,0.913,0.913,0.913,0.913,0.000,0.0,0
1790660760,0.913,0.913,0.913,0.913,0.000,0.0,0
1790660820,0.913,0.913,0.913,0.913,0.000,0.0,0
1790660880,0.913,0.916,0.913,0.916,0.914,970.44527348,3
1790660940,0.915,0.917,0.915,0.917,0.916,970.44527356,6
1790661000,0.917,0.917,0.917,0.917,0.000,0.0,0
1790661060,0.916,0.916,0.916,0.916,0.916,272.91975467,1
1790661120,0.917,0.917,0.917,0.917,0.917,311.12045254,1
1790661180,0.919,0.919,0.919,0.919,0.919,272.0312266,1
1790661240,0.919,0.919,0.919,0.919,0.000,0.0,0
1790661300,0.919,0.919,0.919,0.919,0.000,0.0,0
1790661360,0.921,0.921,0.921,0.921,0.921,213.594392,1
1790661420,0.921,0.921,0.921,0.921,0.000,0.0,0
1790661480,0.921,0.921,0.921,0.921,0.000,0.0,0
1790661540,0.921,0.921,0.921,0.921,0.000,0.0,0
1790661600,0.921,0.921,0.921,0.921,0.000,0.0,0
1790661660,0.921,0.921,0.921,0.921,0.000,0.0,0
1790661720,0.921,0.921,0.921,0.921,0.000,0.0,0
1790661780,0.921,0.921,0.921,0.921,0.000,0.0,0
1790661840,0.92,0.92,0.92,0.92,0.920,271.73913043,1
1790661900,0.918,0.918,0.918,0.918,0.918,485.22263675,2
1790661960,0.918,0.918,0.918,0.918,0.000,0.0,0
1790662020,0.918,0.918,0.918,0.918,0.000,0.0,0
1790662080,0.918,0.918,0.918,0.918,0.000,0.0,0
1790662140,0.918,0.918,0.918,0.918,0.000,0.0,0
1790662200,0.918,0.918,0.918,0.918,0.000,0.0,0
1790662260,0.918,0.918,0.918,0.918,0.000,0.0,0
1790662320,0.918,0.918,0.918,0.918,0.000,0.0,0
1790662380,0.918,0.918,0.918,0.918,0.000,0.0,0
1790662440,0.918,0.918,0.918,0.918,0.000,0.0,0
1790662500,0.922,0.922,0.922,0.922,0.922,24.05115146,1
1790662560,0.921,0.921,0.921,0.921,0.921,485.22263678,2
1790662620,0.921,0.921,0.921,0.921,0.000,0.0,0
1790662680,0.921,0.921,0.921,0.921,0.000,0.0,0
1790662740,0.92,0.922,0.92,0.922,0.920,566.7851367,2
1790662800,0.923,0.923,0.923,0.923,0.923,485.2226367,1
1790662860,0.923,0.923,0.923,0.923,0.000,0.0,0
1790662920,0.923,0.923,0.923,0.923,0.000,0.0,0
1790662980,0.923,0.923,0.923,0.923,0.000,0.0,0
1790663040,0.923,0.923,0.923,0.923,0.000,0.0,0
1790663100,0.923,0.923,0.923,0.923,0.000,0.0,0
1790663160,0.923,0.923,0.923,0.923,0.000,0.0,0
1790663220,0.919,0.919,0.919,0.919,0.919,485.2226367,1
1790663280,0.919,0.919,0.919,0.919,0.000,0.0,0
1790663340,0.919,0.919,0.919,0.919,0.000,0.0,0
1790663400,0.919,0.919,0.919,0.919,0.000,0.0,0
1790663460,0.919,0.919,0.919,0.919,0.000,0.0,0
1790663520,0.919,0.919,0.919,0.919,0.000,0.0,0
1790663580,0.919,0.919,0.919,0.919,0.000,0.0,0
1790663640,0.919,0.919,0.919,0.919,0.000,0.0,0
1790663700,0.919,0.919,0.919,0.919,0.000,0.0,0
1790663760,0.919,0.919,0.919,0.919,0.000,0.0,0
1790663820,0.919,0.919,0.919,0.919,0.000,0.0,0
1790663880,0.919,0.919,0.919,0.919,0.000,0.0,0
1790663940,0.919,0.919,0.919,0.919,0.000,0.0,0
1790664000,0.919,0.919,0.919,0.919,0.000,0.0,0
1790664060,0.919,0.919,0.919,0.919,0.000,0.0,0
1790664120,0.919,0.919,0.919,0.919,0.000,0.0,0
1790664180,0.919,0.919,0.919,0.919,0.000,0.0,0
1790664240,0.919,0.919,0.919,0.919,0.000,0.0,0
1790664300,0.919,0.919,0.919,0.919,0.000,0.0,0
1790664360,0.919,0.919,0.919,0.919,0.000,0.0,0
1790664420,0.919,0.919,0.919,0.919,0.000,0.0,0
1790664480,0.919,0.919,0.919,0.919,0.000,0.0,0
1790664540,0.919,0.919,0.919,0.919,0.000,0.0,0
1790664600,0.919,0.919,0.919,0.919,0.000,0.0,0
1790664660,0.92,0.92,0.92,0.92,0.920,559.8542133,1
1790664720,0.921,0.921,0.921,0.921,0.921,665.4048987,3
1790664780,0.921,0.921,0.921,0.921,0.921,379.6719513,1
1790664840,0.921,0.921,0.921,0.921,0.000,0.0,0
1790664900,0.921,0.921,0.921,0.921,0.000,0.0,0
1790664960,0.921,0.921,0.921,0.921,0.000,0.0,0
1790665020,0.921,0.921,0.921,0.921,0.000,0.0,0
1790665080,0.921,0.921,0.921,0.921,0.000,0.0,0
1790665140,0.921,0.921,0.921,0.921,0.000,0.0,0
1790665200,0.921,0.921,0.921,0.921,0.000,0.0,0
1790665260,0.921,0.921,0.921,0.921,0.000,0.0,0
1790665320,0.921,0.921,0.921,0.921,0.000,0.0,0
1790665380,0.921,0.921,0.921,0.921,0.000,0.0,0
1790665440,0.922,0.922,0.922,0.922,0.922,213.594392,1
1790665500,0.922,0.922,0.922,0.922,0.000,0.0,0
1790665560,0.922,0.922,0.922,0.922,0.000,0.0,0
1790665620,0.922,0.922,0.922,0.922,0.000,0.0,0
1790665680,0.923,0.923,0.923,0.923,0.923,485.2226367,1
1790665740,0.924,0.924,0.924,0.924,0.924,559.8542133,1
1790665800,0.924,0.924,0.924,0.924,0.000,0.0,0
1790665860,0.924,0.924,0.924,0.924,0.000,0.0,0
1790665920,0.924,0.924,0.924,0.924,0.000,0.0,0
1790665980,0.924,0.924,0.924,0.924,0.000,0.0,0
1790666040,0.924,0.924,0.924,0.924,0.000,0.0,0
1790666100,0.924,0.924,0.924,0.924,0.000,0.0,0
1790666160,0.925,0.925,0.925,0.925,0.925,485.2226367,1
1790666220,0.926,0.926,0.926,0.926,0.926,335.790635,1
1790666280,0.926,0.926,0.926,0.926,0.000,0.0,0
1790666340,0.926,0.926,0.926,0.926,0.000,0.0,0
1790666400,0.926,0.926,0.926,0.926,0.000,0.0,0
1790666460,0.926,0.926,0.926,0.926,0.000,0.0,0
1790666520,0.926,0.926,0.926,0.926,0.000,0.0,0
1790666580,0.926,0.926,0.926,0.926,0.000,0.0,0
1790666640,0.926,0.926,0.926,0.926,0.000,0.0,0
1790666700,0.928,0.928,0.928,0.928,0.928,60.59173152,2
1790666760,0.927,0.927,0.927,0.927,0.927,62.047756,1
1790666820,0.927,0.927,0.927,0.927,0.927,76.371131,1
1790666880,0.927,0.927,0.927,0.927,0.000,0.0,0
1790666940,0.927,0.927,0.927,0.927,0.000,0.0,0
1790667000,0.927,0.927,0.927,0.927,0.000,0.0,0
1790667060,0.927,0.927,0.927,0.927,0.000,0.0,0
1790667120,0.928,0.928,0.928,0.928,0.928,485.2226367,1
1790667180,0.928,0.928,0.928,0.928,0.000,0.0,0
1790667240,0.928,0.928,0.928,0.928,0.000,0.0,0
1790667300,0.929,0.929,0.929,0.929,0.929,479.962933,1
1790667360,0.929,0.929,0.929,0.929,0.000,0.0,0
1790667420,0.929,0.929,0.929,0.929,0.000,0.0,0
1790667480,0.929,0.929,0.929,0.929,0.000,0.0,0
1790667540,0.929,0.929,0.929,0.929,0.000,0.0,0
1790667600,0.932,0.932,0.932,0.932,0.932,485.22263678,1
1790667660,0.932,0.932,0.932,0.932,0.000,0.0,0
1790667720,0.932,0.932,0.932,0.932,0.000,0.0,0
1790667780,0.931,0.931,0.931,0.931,0.931,979.2400165,3
1790667840,0.931,0.931,0.931,0.931,0.000,0.0,0
1790667900,0.931,0.931,0.931,0.931,0.000,0.0,0
1790667960,0.931,0.931,0.931,0.931,0.000,0.0,0
1790668020,0.931,0.931,0.931,0.931,0.000,0.0,0
1790668080,0.931,0.931,0.931,0.931,0.000,0.0,0
1790668140,0.931,0.931,0.931,0.931,0.000,0.0,0
1790668200,0.931,0.931,0.931,0.931,0.000,0.0,0
1790668260,0.935,0.935,0.935,0.935,0.935,529.41176471,2
1790668320,0.935,0.935,0.935,0.935,0.000,0.0,0
1790668380,0.935,0.935,0.935,0.935,0.000,0.0,0
1790668440,0.935,0.935,0.935,0.935,0.000,0.0,0
1790668500,0.935,0.935,0.935,0.935,0.000,0.0,0
1790668560,0.935,0.935,0.935,0.935,0.000,0.0,0
1790668620,0.935,0.935,0.935,0.935,0.000,0.0,0
1790668680,0.931,0.931,0.931,0.931,0.931,8.44229157,1
1790668740,0.931,0.931,0.931,0.931,0.000,0.0,0
1790668800,0.931,0.931,0.931,0.931,0.000,0.0,0
1790668860,0.931,0.931,0.931,0.931,0.000,0.0,0
1790668920,0.931,0.931,0.931,0.931,0.000,0.0,0
1790668980,0.931,0.931,0.931,0.931,0.000,0.0,0
1790669040,0.931,0.931,0.931,0.931,0.000,0.0,0
1790669100,0.929,0.929,0.929,0.929,0.929,479.962933,1
1790669160,0.931,0.931,0.931,0.931,0.931,7.40927728,1
1790669220,0.929,0.929,0.929,0.929,0.929,485.2226367,1
1790669280,0.928,0.928,0.928,0.928,0.928,485.2226367,1
1790669340,0.928,0.928,0.928,0.928,0.000,0.0,0
1790669400,0.928,0.928,0.928,0.928,0.000,0.0,0
1790669460,0.928,0.928,0.928,0.928,0.000,0.0,0
1790669520,0.928,0.928,0.928,0.928,0.000,0.0,0
1790669580,0.931,0.931,0.931,0.931,0.931,485.2226367,1
1790669640,0.931,0.931,0.931,0.931,0.931,2934.53859671,23
1790669700,0.932,0.932,0.932,0.932,0.932,485.2060313,1
1790669760,0.932,0.932,0.932,0.932,0.000,0.0,0
1790669820,0.932,0.932,0.932,0.932,0.000,0.0,0
1790669880,0.932,0.932,0.932,0.932,0.000,0.0,0
1790669940,0.932,0.932,0.932,0.932,0.000,0.0,0
1790670000,0.932,0.932,0.932,0.932,0.000,0.0,0
1790670060,0.932,0.932,0.932,0.932,0.000,0.0,0
1790670120,0.932,0.932,0.932,0.932,0.000,0.0,0
1790670180,0.936,0.936,0.933,0.933,0.935,232.002936,4
1790670240,0.936,0.937,0.936,0.937,0.936,800.0,5
1790670300,0.937,0.937,0.937,0.937,0.000,0.0,0
1790670360,0.937,0.937,0.937,0.937,0.000,0.0,0
1790670420,0.937,0.937,0.937,0.937,0.000,0.0,0
1790670480,0.937,0.937,0.937,0.937,0.000,0.0,0
1790670540,0.937,0.937,0.937,0.937,0.000,0.0,0
1790670600,0.937,0.937,0.937,0.937,0.000,0.0,0
1790670660,0.937,0.937,0.937,0.937,0.000,0.0,0
1790670720,0.937,0.937,0.937,0.937,0.000,0.0,0
1790670780,0.938,0.938,0.938,0.938,0.938,480.1142143,2
1790670840,0.938,0.938,0.938,0.938,0.000,0.0,0
1790670900,0.938,0.938,0.938,0.938,0.000,0.0,0
1790670960,0.938,0.938,0.938,0.938,0.000,0.0,0
1790671020,0.938,0.938,0.938,0.938,0.000,0.0,0
1790671080,0.937,0.938,0.937,0.938,0.937,533.04904051,3
1790671140,0.938,0.938,0.938,0.938,0.000,0.0,0
1790671200,0.938,0.938,0.938,0.938,0.000,0.0,0
1790671260,0.938,0.938,0.938,0.938,0.000,0.0,0
1790671320,0.938,0.938,0.938,0.938,0.000,0.0,0
1790671380,0.938,0.938,0.938,0.938,0.000,0.0,0
1790671440,0.938,0.938,0.938,0.938,0.000,0.0,0
1790671500,0.938,0.938,0.938,0.938,0.000,0.0,0
1790671560,0.935,0.935,0.935,0.935,0.935,10.69518716,1
1790671620,0.935,0.935,0.935,0.935,0.000,0.0,0
1790671680,0.935,0.935,0.935,0.935,0.000,0.0,0
1790671740,0.935,0.935,0.935,0.935,0.000,0.0,0
1790671800,0.935,0.935,0.935,0.935,0.000,0.0,0
1790671860,0.935,0.935,0.935,0.935,0.000,0.0,0
1790671920,0.936,0.936,0.936,0.936,0.936,485.22263678,2
1790671980,0.936,0.936,0.936,0.936,0.000,0.0,0
1790672040,0.936,0.936,0.936,0.936,0.000,0.0,0
1790672100,0.936,0.936,0.936,0.936,0.000,0.0,0
1790672160,0.936,0.936,0.936,0.936,0.000,0.0,0
1790672220,0.936,0.936,0.936,0.936,0.000,0.0,0
1790672280,0.936,0.936,0.936,0.936,0.000,0.0,0
1790672340,0.936,0.936,0.936,0.936,0.000,0.0,0
1790672400,0.936,0.936,0.936,0.936,0.000,0.0,0
1790672460,0.938,0.938,0.938,0.938,0.938,213.5943929,1
1790672520,0.938,0.938,0.938,0.938,0.000,0.0,0
1790672580,0.938,0.938,0.938,0.938,0.000,0.0,0
1790672640,0.938,0.938,0.938,0.938,0.938,485.22263189,1
1790672700,0.938,0.938,0.938,0.938,0.000,0.0,0
1790672760,0.938,0.938,0.938,0.938,0.000,0.0,0
1790672820,0.938,0.938,0.938,0.938,0.000,0.0,0
1790672880,0.938,0.938,0.938,0.938,0.000,0.0,0
1790672940,0.938,0.938,0.938,0.938,0.000,0.0,0
1790673000,0.938,0.938,0.938,0.938,0.000,0.0,0
1790673060,0.936,0.936,0.936,0.936,0.936,485.2226367,1
1790673120,0.936,0.936,0.936,0.936,0.000,0.0,0
1790673180,0.936,0.936,0.936,0.936,0.000,0.0,0
1790673240,0.936,0.936,0.936,0.936,0.000,0.0,0
1790673300,0.939,0.939,0.939,0.939,0.939,485.2226367,1
1790673360,0.939,0.939,0.939,0.939,0.000,0.0,0
1790673420,0.939,0.939,0.939,0.939,0.000,0.0,0
1790673480,0.939,0.939,0.939,0.939,0.000,0.0,0
1790673540,0.939,0.939,0.939,0.939,0.000,0.0,0
1790673600,0.939,0.939,0.939,0.939,0.000,0.0,0
1790673660,0.939,0.939,0.939,0.939,0.000,0.0,0
1790673720,0.939,0.939,0.939,0.939,0.000,0.0,0
1790673780,0.939,0.939,0.939,0.939,0.000,0.0,0
1790673840,0.941,0.941,0.941,0.941,0.941,335.790635,1
1790673900,0.943,0.944,0.943,0.944,0.943,316.89691817,2
1790673960,0.944,0.944,0.944,0.944,0.000,0.0,0
1790674020,0.944,0.944,0.944,0.944,0.944,213.59439296,1
1790674080,0.944,0.944,0.944,0.944,0.000,0.0,0
1790674140,0.944,0.944,0.944,0.944,0.000,0.0,0
1790674200,0.944,0.944,0.944,0.944,0.000,0.0,0
1790674260,0.944,0.944,0.944,0.944,0.000,0.0,0
1790674320,0.944,0.944,0.944,0.944,0.000,0.0,0
1790674380,0.951,0.951,0.951,0.951,0.951,162.6128046,2
1790674440,0.951,0.951,0.951,0.951,0.000,0.0,0
1790674500,0.951,0.951,0.951,0.951,0.000,0.0,0
1790674560,0.951,0.951,0.951,0.951,0.000,0.0,0
1790674620,0.951,0.951,0.951,0.951,0.000,0.0,0
1790674680,0.951,0.951,0.951,0.951,0.000,0.0,0
1790674740,0.951,0.951,0.951,0.951,0.000,0.0,0
1790674800,0.951,0.951,0.951,0.951,0.000,0.0,0
1790674860,0.953,0.955,0.953,0.955,0.953,10857.22557235,8
1790674920,0.952,0.952,0.952,0.952,0.952,1048.4741153,7
1790674980,0.953,0.953,0.953,0.953,0.953,104.12179259,2
1790675040,0.953,0.953,0.953,0.953,0.000,0.0,0
1790675100,0.953,0.953,0.953,0.953,0.000,0.0,0
1790675160,0.952,0.952,0.951,0.951,0.951,276.43830927,3
1790675220,0.951,0.951,0.951,0.951,0.000,0.0,0
1790675280,0.951,0.951,0.951,0.951,0.000,0.0,0
1790675340,0.95,0.95,0.95,0.95,0.950,213.594392,1
1790675400,0.95,0.95,0.95,0.95,0.000,0.0,0
1790675460,0.95,0.95,0.95,0.95,0.000,0.0,0
1790675520,0.95,0.95,0.95,0.95,0.000,0.0,0
1790675580,0.95,0.95,0.95,0.95,0.000,0.0,0
1790675640,0.949,0.949,0.948,0.948,0.948,698.8170287,2
1790675700,0.949,0.949,0.948,0.948,0.948,699.60146499,4
1790675760,0.948,0.948,0.948,0.948,0.000,0.0,0
1790675820,0.948,0.948,0.948,0.948,0.000,0.0,0
1790675880,0.948,0.948,0.948,0.948,0.000,0.0,0
1790675940,0.948,0.948,0.948,0.948,0.000,0.0,0
1790676000,0.948,0.948,0.948,0.948,0.000,0.0,0
1790676060,0.948,0.948,0.948,0.948,0.000,0.0,0
1790676120,0.95,0.95,0.95,0.95,0.950,485.2226367,1
1790676180,0.95,0.95,0.95,0.95,0.000,0.0,0
1790676240,0.95,0.95,0.95,0.95,0.000,0.0,0
1790676300,0.95,0.95,0.95,0.95,0.000,0.0,0
1790676360,0.95,0.95,0.95,0.95,0.000,0.0,0
1790676420,0.95,0.95,0.95,0.95,0.000,0.0,0
1790676480,0.95,0.95,0.95,0.95,0.000,0.0,0
1790676540,0.95,0.95,0.95,0.95,0.000,0.0,0
1790676600,0.951,0.951,0.951,0.951,0.951,213.594392,1
1790676660,0.951,0.951,0.951,0.951,0.000,0.0,0
1790676720,0.951,0.951,0.951,0.951,0.000,0.0,0
1790676780,0.951,0.951,0.951,0.951,0.951,63.09148264,1
1790676840,0.951,0.951,0.951,0.951,0.000,0.0,0
1790676900,0.951,0.951,0.951,0.951,0.000,0.0,0
1790676960,0.949,0.949,0.949,0.949,0.949,38.61888703,1
1790677020,0.949,0.949,0.949,0.949,0.000,0.0,0
1790677080,0.948,0.948,0.948,0.948,0.948,25.0,1
1790677140,0.948,0.948,0.948,0.948,0.000,0.0,0
1790677200,0.945,0.945,0.945,0.945,0.945,18.15767081,1
1790677260,0.944,0.945,0.944,0.945,0.944,36.31534162,2
1790677320,0.945,0.945,0.945,0.945,0.000,0.0,0
1790677380,0.945,0.945,0.945,0.945,0.000,0.0,0
1790677440,0.945,0.945,0.945,0.945,0.000,0.0,0
1790677500,0.945,0.945,0.945,0.945,0.000,0.0,0
1790677560,0.945,0.945,0.945,0.945,0.000,0.0,0
1790677620,0.945,0.945,0.945,0.945,0.000,0.0,0
1790677680,0.945,0.945,0.945,0.945,0.000,0.0,0
1790677740,0.944,0.944,0.944,0.944,0.944,63.09148264,1
1790677800,0.944,0.944,0.944,0.944,0.000,0.0,0
1790677860,0.944,0.944,0.944,0.944,0.944,750.0508102,2
1790677920,0.944,0.944,0.944,0.944,0.000,0.0,0
1790677980,0.944,0.944,0.944,0.944,0.000,0.0,0
1790678040,0.944,0.944,0.944,0.944,0.000,0.0,0
1790678100,0.944,0.944,0.944,0.944,0.000,0.0,0
1790678160,0.944,0.944,0.944,0.944,0.000,0.0,0
1790678220,0.944,0.944,0.944,0.944,0.000,0.0,0
1790678280,0.944,0.944,0.944,0.944,0.000,0.0,0
1790678340,0.944,0.944,0.944,0.944,0.000,0.0,0
1790678400,0.944,0.944,0.944,0.944,0.000,0.0,0
1790678460,0.944,0.944,0.944,0.944,0.000,0.0,0
1790678520,0.944,0.944,0.944,0.944,0.000,0.0,0
1790678580,0.944,0.944,0.944,0.944,0.000,0.0,0
1790678640,0.944,0.944,0.944,0.944,0.000,0.0,0
1790678700,0.944,0.944,0.944,0.944,0.000,0.0,0
1790678760,0.944,0.944,0.944,0.944,0.000,0.0,0
1790678820,0.944,0.944,0.944,0.944,0.000,0.0,0
1790678880,0.945,0.945,0.945,0.945,0.945,485.2226367,1
1790678940,0.946,0.946,0.946,0.946,0.946,264.269448,1
1790679000,0.946,0.946,0.946,0.946,0.000,0.0,0
1790679060,0.946,0.946,0.946,0.946,0.000,0.0,0
1790679120,0.946,0.946,0.946,0.946,0.000,0.0,0
1790679180,0.946,0.946,0.946,0.946,0.000,0.0,0
1790679240,0.946,0.946,0.946,0.946,0.000,0.0,0
1790679300,0.946,0.946,0.946,0.946,0.000,0.0,0
1790679360,0.946,0.946,0.946,0.946,0.000,0.0,0
1790679420,0.946,0.946,0.946,0.946,0.000,0.0,0
1790679480,0.946,0.946,0.946,0.946,0.000,0.0,0
1790679540,0.946,0.946,0.946,0.946,0.000,0.0,0
1790679600,0.946,0.946,0.946,0.946,0.000,0.0,0
1790679660,0.946,0.946,0.946,0.946,0.000,0.0,0
1790679720,0.946,0.946,0.946,0.946,0.000,0.0,0
1790679780,0.946,0.946,0.946,0.946,0.000,0.0,0
1790679840,0.946,0.946,0.946,0.946,0.000,0.0,0
1790679900,0.946,0.946,0.946,0.946,0.000,0.0,0
1790679960,0.946,0.946,0.946,0.946,0.000,0.0,0
1790680020,0.946,0.946,0.946,0.946,0.000,0.0,0
1790680080,0.946,0.946,0.946,0.946,0.000,0.0,0
1790680140,0.946,0.946,0.946,0.946,0.000,0.0,0
1790680200,0.948,0.948,0.948,0.948,0.948,263.71308016,1
1790680260,0.949,0.952,0.949,0.952,0.950,1441.9531784,2
1790680320,0.952,0.952,0.952,0.952,0.000,0.0,0
1790680380,0.952,0.952,0.952,0.952,0.000,0.0,0
1790680440,0.952,0.952,0.952,0.952,0.000,0.0,0
1790680500,0.952,0.952,0.952,0.952,0.000,0.0,0
1790680560,0.952,0.952,0.952,0.952,0.000,0.0,0
1790680620,0.952,0.952,0.952,0.952,0.000,0.0,0
1790680680,0.952,0.952,0.952,0.952,0.000,0.0,0
1790680740,0.952,0.952,0.952,0.952,0.000,0.0,0
1790680800,0.952,0.952,0.952,0.952,0.000,0.0,0
1790680860,0.952,0.952,0.952,0.952,0.000,0.0,0
1790680920,0.952,0.952,0.952,0.952,0.000,0.0,0
1790680980,0.952,0.952,0.952,0.952,0.000,0.0,0
1790681040,0.952,0.952,0.952,0.952,0.000,0.0,0
1790681100,0.952,0.952,0.952,0.952,0.000,0.0,0
1790681160,0.952,0.952,0.952,0.952,0.000,0.0,0
1790681220,0.952,0.952,0.952,0.952,0.000,0.0,0
1790681280,0.952,0.952,0.952,0.952,0.000,0.0,0
1790681340,0.952,0.952,0.952,0.952,0.000,0.0,0
1790681400,0.952,0.952,0.952,0.952,0.952,460.9911621,1
1790681460,0.955,0.955,0.955,0.955,0.955,427.43569335,1
1790681520,0.955,0.955,0.955,0.955,0.000,0.0,0
1790681580,0.957,0.957,0.957,0.957,0.957,368.59929199,1
1790681640,0.957,0.957,0.957,0.957,0.000,0.0,0
1790681700,0.957,0.957,0.957,0.957,0.000,0.0,0
1790681760,0.957,0.957,0.957,0.957,0.957,14.6951004,1
1790681820,0.957,0.957,0.957,0.957,0.957,28.61037754,1
1790681880,0.957,0.957,0.957,0.957,0.000,0.0,0
1790681940,0.957,0.957,0.957,0.957,0.000,0.0,0
1790682000,0.957,0.957,0.957,0.957,0.000,0.0,0
1790682060,0.956,0.956,0.956,0.956,0.956,335.790635,1
1790682120,0.956,0.956,0.956,0.956,0.956,335.790635,1
1790682180,0.956,0.956,0.956,0.956,0.000,0.0,0
1790682240,0.957,0.957,0.957,0.957,0.957,213.594392,1
1790682300,0.958,0.959,0.957,0.957,0.957,609.21892508,4
1790682360,0.957,0.957,0.957,0.957,0.000,0.0,0
1790682420,0.957,0.957,0.957,0.957,0.000,0.0,0
1790682480,0.957,0.957,0.957,0.957,0.000,0.0,0
1790682540,0.957,0.957,0.957,0.957,0.000,0.0,0
1790682600,0.957,0.957,0.957,0.957,0.000,0.0,0
1790682660,0.957,0.957,0.957,0.957,0.000,0.0,0
1790682720,0.958,0.958,0.958,0.958,0.958,213.594392,1
1790682780,0.958,0.958,0.958,0.958,0.000,0.0,0
1790682840,0.958,0.958,0.958,0.958,0.000,0.0,0
1790682900,0.958,0.958,0.958,0.958,0.000,0.0,0
1790682960,0.957,0.959,0.957,0.957,0.957,3135.57964175,13
1790683020,0.957,0.957,0.957,0.957,0.000,0.0,0
1790683080,0.957,0.957,0.957,0.957,0.000,0.0,0
1790683140,0.956,0.956,0.956,0.956,0.956,213.5943929,1
1790683200,0.955,0.955,0.954,0.954,0.954,340.82713783,3
1790683260,0.954,0.954,0.954,0.954,0.000,0.0,0
1790683320,0.954,0.954,0.954,0.954,0.000,0.0,0
1790683380,0.957,0.957,0.957,0.957,0.957,449.66332713,2
1790683440,0.957,0.957,0.957,0.957,0.957,20.89864159,1
1790683500,0.957,0.957,0.957,0.957,0.000,0.0,0
1790683560,0.957,0.957,0.957,0.957,0.000,0.0,0
1790683620,0.957,0.957,0.957,0.957,0.000,0.0,0
1790683680,0.957,0.957,0.957,0.957,0.000,0.0,0
1790683740,0.957,0.957,0.957,0.957,0.000,0.0,0
1790683800,0.957,0.957,0.957,0.957,0.000,0.0,0
1790683860,0.957,0.957,0.957,0.957,0.000,0.0,0
1790683920,0.957,0.957,0.957,0.957,0.000,0.0,0
1790683980,0.957,0.957,0.957,0.957,0.000,0.0,0
1790684040,0.957,0.957,0.957,0.957,0.000,0.0,0
1790684100,0.957,0.957,0.957,0.957,0.957,213.594392,1
1790684160,0.957,0.957,0.957,0.957,0.000,0.0,0
1790684220,0.957,0.957,0.957,0.957,0.000,0.0,0
1790684280,0.957,0.957,0.957,0.957,0.000,0.0,0
1790684340,0.957,0.957,0.957,0.957,0.000,0.0,0
1790684400,0.957,0.957,0.957,0.957,0.000,0.0,0
1790684460,0.954,0.954,0.954,0.954,0.954,485.2226367,1
1790684520,0.954,0.954,0.954,0.954,0.000,0.0,0
1790684580,0.952,0.952,0.952,0.952,0.952,262.60504201,1
1790684640,0.952,0.952,0.952,0.952,0.000,0.0,0
1790684700,0.952,0.952,0.952,0.952,0.000,0.0,0
1790684760,0.952,0.952,0.952,0.952,0.000,0.0,0
1790684820,0.952,0.952,0.952,0.952,0.000,0.0,0
1790684880,0.952,0.952,0.952,0.952,0.000,0.0,0
1790684940,0.952,0.952,0.952,0.952,0.000,0.0,0
1790685000,0.952,0.952,0.952,0.952,0.000,0.0,0
1790685060,0.952,0.952,0.952,0.952,0.000,0.0,0
1790685120,0.952,0.952,0.952,0.952,0.000,0.0,0
1790685180,0.952,0.952,0.952,0.952,0.000,0.0,0
1790685240,0.952,0.952,0.952,0.952,0.000,0.0,0
1790685300,0.952,0.952,0.952,0.952,0.000,0.0,0
1790685360,0.952,0.952,0.952,0.952,0.000,0.0,0
1790685420,0.953,0.953,0.953,0.953,0.953,335.790635,1
1790685480,0.953,0.953,0.953,0.953,0.000,0.0,0
1790685540,0.953,0.953,0.953,0.953,0.953,485.222557,2
1790685600,0.952,0.952,0.952,0.952,0.952,671.58127,2
1790685660,0.952,0.952,0.952,0.952,0.000,0.0,0
1790685720,0.952,0.952,0.952,0.952,0.000,0.0,0
1790685780,0.952,0.952,0.952,0.952,0.000,0.0,0
1790685840,0.952,0.952,0.952,0.952,0.000,0.0,0
1790685900,0.952,0.952,0.952,0.952,0.000,0.0,0
1790685960,0.952,0.952,0.952,0.952,0.000,0.0,0
1790686020,0.948,0.948,0.948,0.948,0.948,213.594392,1
1790686080,0.948,0.948,0.948,0.948,0.000,0.0,0
1790686140,0.948,0.948,0.948,0.948,0.000,0.0,0
1790686200,0.948,0.948,0.948,0.948,0.000,0.0,0
1790686260,0.948,0.948,0.948,0.948,0.000,0.0,0
1790686320,0.948,0.948,0.948,0.948,0.948,213.594392,1
1790686380,0.948,0.948,0.948,0.948,0.000,0.0,0
1790686440,0.948,0.948,0.948,0.948,0.000,0.0,0
1790686500,0.948,0.948,0.948,0.948,0.000,0.0,0
1790686560,0.948,0.948,0.948,0.948,0.000,0.0,0
1790686620,0.948,0.948,0.948,0.948,0.000,0.0,0
1790686680,0.948,0.948,0.948,0.948,0.000,0.0,0
1790686740,0.948,0.948,0.948,0.948,0.000,0.0,0
1790686800,0.949,0.949,0.949,0.949,0.949,335.790635,1
1790686860,0.948,0.948,0.946,0.947,0.947,1828.38517678,8
1790686920,0.947,0.947,0.947,0.947,0.000,0.0,0
1790686980,0.947,0.947,0.947,0.947,0.000,0.0,0
1790687040,0.947,0.947,0.947,0.947,0.947,485.2226367,1
1790687100,0.947,0.947,0.947,0.947,0.000,0.0,0
1790687160,0.947,0.947,0.947,0.947,0.000,0.0,0
1790687220,0.947,0.947,0.947,0.947,0.000,0.0,0
1790687280,0.947,0.947,0.947,0.947,0.000,0.0,0
1790687340,0.947,0.947,0.947,0.947,0.000,0.0,0
1790687400,0.947,0.947,0.947,0.947,0.000,0.0,0
1790687460,0.947,0.947,0.947,0.947,0.000,0.0,0
1790687520,0.947,0.947,0.947,0.947,0.000,0.0,0
1790687580,0.947,0.947,0.947,0.947,0.000,0.0,0
1790687640,0.947,0.947,0.947,0.947,0.000,0.0,0
1790687700,0.947,0.947,0.947,0.947,0.000,0.0,0
1790687760,0.947,0.947,0.947,0.947,0.000,0.0,0
1790687820,0.947,0.947,0.947,0.947,0.000,0.0,0
1790687880,0.951,0.951,0.951,0.951,0.951,698.81702968,4
1790687940,0.951,0.951,0.951,0.951,0.000,0.0,0
1790688000,0.951,0.951,0.951,0.951,0.000,0.0,0
1790688060,0.951,0.951,0.951,0.951,0.000,0.0,0
1790688120,0.951,0.951,0.951,0.951,0.000,0.0,0
1790688180,0.951,0.951,0.951,0.951,0.000,0.0,0
1790688240,0.951,0.951,0.951,0.951,0.000,0.0,0
1790688300,0.951,0.951,0.951,0.951,0.000,0.0,0
1790688360,0.951,0.951,0.951,0.951,0.000,0.0,0
1790688420,0.951,0.951,0.951,0.951,0.000,0.0,0
1790688480,0.951,0.951,0.951,0.951,0.000,0.0,0
1790688540,0.951,0.951,0.951,0.951,0.000,0.0,0
1790688600,0.951,0.951,0.951,0.951,0.000,0.0,0
1790688660,0.951,0.951,0.951,0.951,0.000,0.0,0
1790688720,0.951,0.951,0.951,0.951,0.000,0.0,0
1790688780,0.951,0.951,0.951,0.951,0.000,0.0,0
1790688840,0.951,0.951,0.951,0.951,0.000,0.0,0
1790688900,0.945,0.945,0.942,0.942,0.942,1230.88276021,5
1790688960,0.942,0.942,0.942,0.942,0.000,0.0,0
1790689020,0.946,0.946,0.946,0.946,0.946,485.2226367,1
1790689080,0.946,0.946,0.946,0.946,0.000,0.0,0
1790689140,0.948,0.948,0.947,0.947,0.947,1636.52578458,6
1790689200,0.946,0.946,0.946,0.946,0.946,821.0132718,2
1790689260,0.946,0.946,0.946,0.946,0.000,0.0,0
1790689320,0.947,0.947,0.947,0.947,0.947,485.22263678,2
1790689380,0.948,0.948,0.948,0.948,0.948,485.2226367,1
1790689440,0.947,0.947,0.947,0.947,0.947,485.2226367,1
1790689500,0.947,0.947,0.947,0.947,0.000,0.0,0
1790689560,0.947,0.947,0.947,0.947,0.000,0.0,0
1790689620,0.946,0.946,0.946,0.946,0.946,349.07638813,3
1790689680,0.946,0.946,0.946,0.946,0.000,0.0,0
1790689740,0.947,0.947,0.947,0.947,0.947,213.594392,1
1790689800,0.948,0.948,0.947,0.947,0.947,549.38502794,2
1790689860,0.948,0.949,0.948,0.949,0.948,833.96777004,3
1790689920,0.949,0.949,0.949,0.949,0.949,12.0,1
1790689980,0.949,0.949,0.949,0.949,0.000,0.0,0
1790690040,0.949,0.949,0.949,0.949,0.000,0.0,0
1790690100,0.953,0.953,0.953,0.953,0.953,67.230662,2
1790690160,0.953,0.953,0.952,0.952,0.952,275.481829,5
1790690220,0.951,0.951,0.951,0.951,0.951,78.46422,2
1790690280,0.951,0.951,0.951,0.951,0.000,0.0,0
1790690340,0.951,0.951,0.951,0.951,0.000,0.0,0
1790690400,0.951,0.951,0.951,0.951,0.000,0.0,0
1790690460,0.948,0.948,0.948,0.948,0.948,605.4376453,2
1790690520,0.947,0.947,0.947,0.947,0.947,605.4376453,2
1790690580,0.947,0.947,0.947,0.947,0.000,0.0,0
1790690640,0.947,0.947,0.947,0.947,0.947,821.01327174,2
1790690700,0.947,0.947,0.947,0.947,0.000,0.0,0
1790690760,0.947,0.947,0.947,0.947,0.947,485.2226367,1
1790690820,0.947,0.947,0.947,0.947,0.947,485.2226367,1
1790690880,0.948,0.948,0.948,0.948,0.948,485.181805,1
1790690940,0.948,0.948,0.948,0.948,0.000,0.0,0
1790691000,0.948,0.948,0.948,0.948,0.000,0.0,0
1790691060,0.948,0.948,0.948,0.948,0.000,0.0,0
1790691120,0.948,0.948,0.948,0.948,0.000,0.0,0
1790691180,0.948,0.948,0.948,0.948,0.000,0.0,0
1790691240,0.948,0.948,0.948,0.948,0.000,0.0,0
1790691300,0.948,0.948,0.948,0.948,0.000,0.0,0
1790691360,0.948,0.948,0.948,0.948,0.000,0.0,0
1790691420,0.953,0.953,0.953,0.953,0.953,605.4376453,2
1790691480,0.953,0.956,0.952,0.955,0.952,1477.98449533,8
1790691540,0.955,0.955,0.955,0.955,0.000,0.0,0
1790691600,0.956,0.956,0.955,0.955,0.955,1053.18626014,3
1790691660,0.955,0.955,0.955,0.955,0.000,0.0,0
1790691720,0.954,0.954,0.954,0.954,0.954,55.563205,2
1790691780,0.954,0.954,0.954,0.954,0.000,0.0,0
1790691840,0.954,0.954,0.954,0.954,0.000,0.0,0
1790691900,0.954,0.954,0.954,0.954,0.000,0.0,0
1790691960,0.959,0.959,0.959,0.959,0.959,33.748952,1
1790692020,0.959,0.959,0.959,0.959,0.000,0.0,0
1790692080,0.959,0.959,0.959,0.959,0.000,0.0,0
1790692140,0.959,0.959,0.959,0.959,0.000,0.0,0
1790692200,0.962,0.963,0.962,0.963,0.962,1325.27265858,5
1790692260,0.964,0.965,0.964,0.965,0.964,2726.24613008,11
1790692320,0.964,0.964,0.964,0.964,0.964,464.155657,2
1790692380,0.964,0.964,0.964,0.964,0.000,0.0,0
1790692440,0.964,0.964,0.964,0.964,0.000,0.0,0
1790692500,0.958,0.958,0.958,0.958,0.958,485.2226367,1
1790692560,0.958,0.958,0.958,0.958,0.000,0.0,0
1790692620,0.956,0.956,0.956,0.956,0.956,7.40927728,1
1790692680,0.956,0.956,0.956,0.956,0.000,0.0,0
1790692740,0.962,0.962,0.962,0.962,0.962,485.2226245,1
1790692800,0.962,0.962,0.962,0.962,0.000,0.0,0
1790692860,0.962,0.962,0.962,0.962,0.000,0.0,0
1790692920,0.962,0.962,0.962,0.962,0.000,0.0,0
1790692980,0.962,0.962,0.962,0.962,0.000,0.0,0
1790693040,0.962,0.962,0.962,0.962,0.000,0.0,0
1790693100,0.962,0.962,0.962,0.962,0.000,0.0,0
1790693160,0.962,0.962,0.962,0.962,0.000,0.0,0
1790693220,0.962,0.962,0.962,0.962,0.000,0.0,0
1790693280,0.972,0.972,0.971,0.971,0.971,470.79603809,2
1790693340,0.97,0.97,0.97,0.97,0.970,66.6882,1
1790693400,0.97,0.97,0.97,0.97,0.000,0.0,0
1790693460,0.971,0.971,0.971,0.971,0.971,411.94644696,1
1790693520,0.971,0.971,0.971,0.971,0.000,0.0,0
1790693580,0.971,0.971,0.971,0.971,0.000,0.0,0
1790693640,0.974,0.975,0.972,0.972,0.974,19008.12424356,27
1790693700,0.979,0.98,0.979,0.98,0.979,5440.70973016,6
1790693760,0.98,0.98,0.98,0.98,0.000,0.0,0
1790693820,0.981,0.982,0.98,0.982,0.981,5056.99165425,11
1790693880,0.982,0.982,0.982,0.982,0.000,0.0,0
1790693940,0.979,0.979,0.979,0.979,0.979,122.19959266,1
1790694000,0.971,0.971,0.971,0.971,0.971,1591.38668173,5
1790694060,0.971,0.975,0.97,0.975,0.971,10291.31782633,29
1790694120,0.977,0.977,0.973,0.973,0.976,651.83957882,3
1790694180,0.973,0.973,0.973,0.973,0.000,0.0,0
1790694240,0.97,0.97,0.969,0.969,0.969,1500.0,4
1790694300,0.971,0.971,0.969,0.969,0.969,1373.18860504,9
1790694360,0.968,0.974,0.968,0.974,0.972,1333.73723504,5
1790694420,0.972,0.972,0.968,0.968,0.970,1799.81538785,5
1790694480,0.968,0.968,0.968,0.968,0.968,698.8170287,2
1790694540,0.968,0.968,0.968,0.968,0.000,0.0,0
1790694600,0.973,0.973,0.973,0.973,0.973,335.790635,1
1790694660,0.972,0.972,0.971,0.971,0.971,1156.80390678,4
1790694720,0.971,0.971,0.971,0.971,0.000,0.0,0
1790694780,0.964,0.964,0.964,0.964,0.964,2887.1091361,1
1790694840,0.965,0.966,0.965,0.966,0.965,698.8170287,2
1790694900,0.966,0.966,0.966,0.966,0.000,0.0,0
1790694960,0.969,0.969,0.969,0.969,0.969,213.594392,1
1790695020,0.968,0.968,0.968,0.968,0.968,213.594392,1
1790695080,0.968,0.968,0.968,0.968,0.968,485.22263678,7
1790695140,0.964,0.964,0.964,0.964,0.964,84.089773,1
1790695200,0.964,0.965,0.963,0.963,0.963,763.0456117,8
1790695260,0.962,0.967,0.961,0.967,0.963,818.0667135,4
1790695320,0.969,0.969,0.963,0.963,0.964,2846.53046569,14
1790695380,0.962,0.963,0.961,0.961,0.961,1277.9188263,5
1790695440,0.96,0.96,0.96,0.96,0.960,485.2226367,1
1790695500,0.955,0.956,0.955,0.955,0.955,1037.00744693,3
1790695560,0.957,0.957,0.954,0.954,0.955,4042.27382169,5
1790695620,0.954,0.954,0.954,0.954,0.000,0.0,0
1790695680,0.954,0.955,0.95,0.95,0.952,2662.96288115,7
1790695740,0.952,0.952,0.952,0.952,0.952,527.3063857,2
1790695800,0.953,0.954,0.953,0.954,0.953,628.5836803,4
1790695860,0.954,0.954,0.954,0.954,0.954,335.790635,1
1790695920,0.954,0.954,0.954,0.954,0.000,0.0,0
1790695980,0.954,0.954,0.954,0.954,0.000,0.0,0
1790696040,0.954,0.954,0.954,0.954,0.954,674.1917757,4
1790696100,0.954,0.954,0.954,0.954,0.954,485.2226367,1
1790696160,0.954,0.954,0.954,0.954,0.000,0.0,0
1790696220,0.954,0.954,0.954,0.954,0.000,0.0,0
1790696280,0.955,0.959,0.955,0.959,0.957,1719.33122839,10
1790696340,0.961,0.961,0.96,0.96,0.960,821.01327182,3
1790696400,0.96,0.96,0.96,0.96,0.000,0.0,0
1790696460,0.962,0.963,0.962,0.962,0.962,1492.59454178,5
1790696520,0.959,0.96,0.959,0.96,0.959,821.01327178,4
1790696580,0.958,0.958,0.956,0.956,0.957,671.58127,2
1790696640,0.956,0.956,0.956,0.956,0.000,0.0,0
1790696700,0.96,0.961,0.96,0.961,0.960,970.44527351,3
1790696760,0.959,0.959,0.957,0.957,0.958,1098.770054,4
1790696820,0.957,0.959,0.956,0.959,0.956,1751.6979888,14
1790696880,0.961,0.964,0.961,0.964,0.962,1401.94367156,6
1790696940,0.964,0.965,0.964,0.965,0.964,577.39845128,2
1790697000,0.963,0.963,0.963,0.963,0.963,549.385028,2
1790697060,0.963,0.963,0.963,0.963,0.000,0.0,0
1790697120,0.958,0.958,0.957,0.957,0.957,3304.1705774,2
1790697180,0.957,0.957,0.957,0.957,0.000,0.0,0
1790697240,0.957,0.957,0.957,0.957,0.000,0.0,0
1790697300,0.957,0.957,0.956,0.956,0.956,882.1749186,5
1790697360,0.955,0.955,0.955,0.955,0.955,465.0385827,2
1790697420,0.956,0.956,0.956,0.956,0.956,335.79063504,2
1790697480,0.954,0.954,0.953,0.953,0.953,821.01327178,3
1790697540,0.953,0.953,0.953,0.953,0.000,0.0,0
1790697600,0.957,0.957,0.957,0.957,0.957,561.74199909,2
1790697660,0.957,0.957,0.956,0.956,0.956,657.88823678,3
1790697720,0.955,0.955,0.955,0.955,0.955,995.3916701,1
1790697780,0.956,0.956,0.956,0.956,0.956,485.22263678,3
1790697840,0.955,0.955,0.953,0.953,0.954,753.0007058,7
1790697900,0.952,0.953,0.952,0.953,0.952,956.39560681,6
1790697960,0.955,0.955,0.955,0.955,0.955,485.2226367,1
1790698020,0.955,0.955,0.955,0.955,0.000,0.0,0
1790698080,0.956,0.956,0.954,0.954,0.954,753.00070578,2
1790698140,0.955,0.955,0.955,0.955,0.955,213.594392,1
1790698200,0.956,0.958,0.956,0.958,0.957,970.4452734,2
1790698260,0.955,0.958,0.955,0.958,0.956,970.44527348,3
1790698320,0.958,0.958,0.958,0.958,0.000,0.0,0
1790698380,0.957,0.957,0.957,0.957,0.957,485.2226367,1
1790698440,0.955,0.955,0.955,0.955,0.955,485.22263678,3
1790698500,0.955,0.955,0.955,0.955,0.955,898.1494807,3
1790698560,0.955,0.955,0.955,0.955,0.000,0.0,0
1790698620,0.956,0.956,0.956,0.956,0.956,213.594392,1
1790698680,0.955,0.956,0.955,0.956,0.955,721.8727477,4
1790698740,0.956,0.956,0.956,0.956,0.000,0.0,0
1790698800,0.955,0.955,0.955,0.955,0.955,485.22263678,2
1790698860,0.955,0.955,0.955,0.955,0.000,0.0,0
1790698920,0.954,0.954,0.954,0.954,0.954,485.22263678,2
1790698980,0.954,0.954,0.954,0.954,0.000,0.0,0
1790699040,0.954,0.954,0.954,0.954,0.000,0.0,0
1790699100,0.954,0.954,0.954,0.954,0.000,0.0,0
1790699160,0.954,0.954,0.954,0.954,0.000,0.0,0
1790699220,0.951,0.951,0.951,0.951,0.951,8.41219768,1
1790699280,0.952,0.952,0.952,0.952,0.952,809.46003394,3
1790699340,0.951,0.951,0.951,0.951,0.951,335.790635,1
1790699400,0.95,0.95,0.945,0.945,0.948,1346.77147905,4
1790699460,0.944,0.944,0.944,0.944,0.944,485.22263678,2
1790699520,0.943,0.943,0.943,0.943,0.943,1009.1720368,1
1790699580,0.943,0.943,0.943,0.943,0.000,0.0,0
1790699640,0.943,0.943,0.943,0.943,0.000,0.0,0
1790699700,0.945,0.945,0.945,0.945,0.945,1874.78449646,6
1790699760,0.945,0.945,0.945,0.945,0.000,0.0,0
1790699820,0.945,0.945,0.945,0.945,0.000,0.0,0
1790699880,0.945,0.945,0.945,0.945,0.000,0.0,0
1790699940,0.945,0.945,0.945,0.945,0.000,0.0,0
1790700000,0.945,0.945,0.945,0.945,0.000,0.0,0
1790700060,0.942,0.942,0.942,0.942,0.942,485.22263678,1
1790700120,0.941,0.941,0.941,0.941,0.941,27.380346,1
1790700180,0.941,0.941,0.941,0.941,0.000,0.0,0
1790700240,0.938,0.938,0.938,0.938,0.938,272.92217443,1
1790700300,0.938,0.938,0.937,0.937,0.937,1499.39537794,6
1790700360,0.937,0.937,0.937,0.937,0.000,0.0,0
1790700420,0.937,0.937,0.937,0.937,0.000,0.0,0
1790700480,0.937,0.937,0.937,0.937,0.000,0.0,0
1790700540,0.937,0.937,0.937,0.937,0.937,7.0,1
1790700600,0.937,0.937,0.937,0.937,0.000,0.0,0
1790700660,0.937,0.937,0.937,0.937,0.000,0.0,0
1790700720,0.937,0.937,0.937,0.937,0.000,0.0,0
1790700780,0.937,0.937,0.937,0.937,0.000,0.0,0
1790700840,0.937,0.937,0.937,0.937,0.000,0.0,0
1790700900,0.937,0.937,0.937,0.937,0.000,0.0,0
1790700960,0.937,0.937,0.937,0.937,0.000,0.0,0
1790701020,0.937,0.937,0.937,0.937,0.000,0.0,0
1790701080,0.939,0.939,0.939,0.939,0.939,213.5943929,1
1790701140,0.939,0.939,0.939,0.939,0.000,0.0,0
1790701200,0.939,0.939,0.939,0.939,0.000,0.0,0
1790701260,0.939,0.939,0.939,0.939,0.000,0.0,0
1790701320,0.936,0.936,0.936,0.936,0.936,475.48338603,1
1790701380,0.936,0.936,0.936,0.936,0.000,0.0,0
1790701440,0.938,0.938,0.938,0.938,0.938,758.1448112,5
1790701500,0.939,0.939,0.939,0.939,0.939,485.2226367,3
1790701560,0.939,0.939,0.939,0.939,0.000,0.0,0
1790701620,0.939,0.939,0.939,0.939,0.000,0.0,0
1790701680,0.938,0.938,0.938,0.938,0.938,485.22263678,1
1790701740,0.938,0.938,0.938,0.938,0.000,0.0,0
1790701800,0.938,0.938,0.938,0.938,0.000,0.0,0
1790701860,0.938,0.938,0.938,0.938,0.000,0.0,0
1790701920,0.938,0.938,0.938,0.938,0.000,0.0,0
1790701980,0.938,0.938,0.938,0.938,0.000,0.0,0
1790702040,0.938,0.938,0.938,0.938,0.000,0.0,0
1790702100,0.938,0.938,0.938,0.938,0.938,485.22260466,2
1790702160,0.938,0.938,0.938,0.938,0.000,0.0,0
1790702220,0.938,0.938,0.938,0.938,0.000,0.0,0
1790702280,0.938,0.938,0.938,0.938,0.000,0.0,0
1790702340,0.938,0.938,0.938,0.938,0.000,0.0,0
1790702400,0.938,0.938,0.938,0.938,0.000,0.0,0
1790702460,0.934,0.934,0.934,0.934,0.934,221.08903868,2
1790702520,0.932,0.932,0.932,0.932,0.932,268.24034334,1
1790702580,0.932,0.932,0.932,0.932,0.000,0.0,0
1790702640,0.932,0.932,0.932,0.932,0.000,0.0,0
1790702700,0.935,0.935,0.935,0.935,0.935,213.59439296,1
1790702760,0.936,0.936,0.936,0.936,0.936,7.47863248,1
1790702820,0.936,0.936,0.936,0.936,0.000,0.0,0
1790702880,0.936,0.936,0.936,0.936,0.000,0.0,0
1790702940,0.935,0.937,0.935,0.937,0.936,754.869647,2
1790703000,0.937,0.937,0.937,0.937,0.000,0.0,0
1790703060,0.937,0.937,0.937,0.937,0.000,0.0,0
1790703120,0.937,0.937,0.937,0.937,0.000,0.0,0
1790703180,0.937,0.937,0.937,0.937,0.000,0.0,0
1790703240,0.937,0.937,0.937,0.937,0.000,0.0,0
1790703300,0.937,0.937,0.937,0.937,0.000,0.0,0
1790703360,0.937,0.937,0.937,0.937,0.000,0.0,0
1790703420,0.937,0.937,0.937,0.937,0.000,0.0,0
1790703480,0.937,0.937,0.937,0.937,0.000,0.0,0
1790703540,0.937,0.937,0.937,0.937,0.000,0.0,0
1790703600,0.937,0.937,0.937,0.937,0.000,0.0,0
1790703660,0.936,0.936,0.936,0.936,0.936,485.22263678,2
1790703720,0.937,0.937,0.937,0.937,0.937,213.5943929,1
1790703780,0.937,0.937,0.937,0.937,0.000,0.0,0
1790703840,0.937,0.937,0.937,0.937,0.937,266.8042493,1
1790703900,0.938,0.938,0.938,0.938,0.938,485.22263678,2
1790703960,0.938,0.938,0.938,0.938,0.000,0.0,0
1790704020,0.936,0.936,0.936,0.936,0.936,485.22263678,3
1790704080,0.936,0.936,0.936,0.936,0.000,0.0,0
1790704140,0.936,0.936,0.936,0.936,0.000,0.0,0
1790704200,0.936,0.936,0.936,0.936,0.000,0.0,0
1790704260,0.93,0.93,0.93,0.93,0.930,167.5412198,2
1790704320,0.93,0.93,0.93,0.93,0.000,0.0,0
1790704380,0.93,0.93,0.93,0.93,0.000,0.0,0
1790704440,0.93,0.93,0.93,0.93,0.000,0.0,0
1790704500,0.93,0.93,0.93,0.93,0.000,0.0,0
1790704560,0.93,0.93,0.93,0.93,0.000,0.0,0
1790704620,0.934,0.934,0.934,0.934,0.934,485.2226367,1
1790704680,0.934,0.934,0.934,0.934,0.000,0.0,0
1790704740,0.934,0.935,0.934,0.935,0.934,774.40759545,4
1790704800,0.937,0.937,0.937,0.937,0.937,39.150829,1
1790704860,0.937,0.937,0.937,0.937,0.000,0.0,0
1790704920,0.937,0.937,0.937,0.937,0.000,0.0,0
1790704980,0.937,0.937,0.937,0.937,0.000,0.0,0
1790705040,0.937,0.937,0.937,0.937,0.000,0.0,0
1790705100,0.937,0.937,0.937,0.937,0.000,0.0,0
1790705160,0.937,0.937,0.937,0.937,0.000,0.0,0
1790705220,0.937,0.937,0.937,0.937,0.937,485.22263678,1
1790705280,0.937,0.937,0.937,0.937,0.000,0.0,0
1790705340,0.937,0.937,0.937,0.937,0.000,0.0,0
1790705400,0.937,0.937,0.937,0.937,0.000,0.0,0
1790705460,0.937,0.937,0.937,0.937,0.000,0.0,0
1790705520,0.937,0.937,0.937,0.937,0.000,0.0,0
1790705580,0.937,0.937,0.937,0.937,0.000,0.0,0
1790705640,0.937,0.937,0.937,0.937,0.000,0.0,0
1790705700,0.939,0.939,0.939,0.939,0.939,222.8823,3
1790705760,0.939,0.939,0.939,0.939,0.000,0.0,0
1790705820,0.939,0.939,0.939,0.939,0.000,0.0,0
1790705880,0.942,0.942,0.942,0.942,0.942,21.563008,1
1790705940,0.942,0.942,0.942,0.942,0.000,0.0,0
1790706000,0.943,0.943,0.943,0.943,0.943,247.5289779,2
1790706060,0.944,0.944,0.944,0.944,0.944,184.090906,4
1790706120,0.944,0.947,0.944,0.947,0.945,509.72547427,5
1790706180,0.947,0.947,0.947,0.947,0.000,0.0,0
1790706240,0.947,0.947,0.947,0.947,0.000,0.0,0
1790706300,0.947,0.947,0.947,0.947,0.000,0.0,0
1790706360,0.947,0.947,0.947,0.947,0.000,0.0,0
1790706420,0.947,0.947,0.947,0.947,0.000,0.0,0
1790706480,0.947,0.947,0.947,0.947,0.000,0.0,0
1790706540,0.943,0.943,0.943,0.943,0.943,330.244783,3
1790706600,0.943,0.943,0.943,0.943,0.943,32.430439,2
1790706660,0.943,0.943,0.943,0.943,0.000,0.0,0
1790706720,0.943,0.943,0.943,0.943,0.000,0.0,0
1790706780,0.943,0.943,0.943,0.943,0.000,0.0,0
1790706840,0.943,0.943,0.943,0.943,0.000,0.0,0
1790706900,0.943,0.943,0.943,0.943,0.000,0.0,0
1790706960,0.943,0.943,0.943,0.943,0.000,0.0,0
1790707020,0.943,0.943,0.943,0.943,0.000,0.0,0
1790707080,0.943,0.943,0.943,0.943,0.000,0.0,0
1790707140,0.943,0.943,0.943,0.943,0.000,0.0,0
1790707200,0.943,0.943,0.943,0.943,0.000,0.0,0
1790707260,0.943,0.943,0.943,0.943,0.000,0.0,0
1790707320,0.949,0.949,0.949,0.949,0.949,477.0272651,2
1790707380,0.949,0.949,0.949,0.949,0.000,0.0,0
1790707440,0.949,0.949,0.949,0.949,0.000,0.0,0
1790707500,0.949,0.949,0.949,0.949,0.000,0.0,0
1790707560,0.949,0.949,0.949,0.949,0.000,0.0,0
1790707620,0.949,0.949,0.949,0.949,0.000,0.0,0
1790707680,0.949,0.949,0.949,0.949,0.000,0.0,0
1790707740,0.949,0.949,0.949,0.949,0.000,0.0,0
1790707800,0.949,0.949,0.949,0.949,0.000,0.0,0
1790707860,0.949,0.949,0.949,0.949,0.000,0.0,0
1790707920,0.949,0.949,0.949,0.949,0.000,0.0,0
1790707980,0.949,0.949,0.949,0.949,0.000,0.0,0
1790708040,0.949,0.949,0.949,0.949,0.000,0.0,0
1790708100,0.949,0.949,0.949,0.949,0.000,0.0,0
1790708160,0.949,0.949,0.949,0.949,0.000,0.0,0
1790708220,0.949,0.949,0.949,0.949,0.000,0.0,0
1790708280,0.949,0.949,0.949,0.949,0.000,0.0,0
1790708340,0.949,0.949,0.949,0.949,0.000,0.0,0
1790708400,0.946,0.946,0.946,0.946,0.946,335.790635,1
1790708460,0.946,0.946,0.946,0.946,0.000,0.0,0
1790708520,0.946,0.946,0.946,0.946,0.000,0.0,0
1790708580,0.946,0.946,0.946,0.946,0.000,0.0,0
1790708640,0.946,0.946,0.946,0.946,0.000,0.0,0
1790708700,0.946,0.946,0.946,0.946,0.000,0.0,0
1790708760,0.946,0.946,0.946,0.946,0.000,0.0,0
1790708820,0.946,0.946,0.946,0.946,0.000,0.0,0
1790708880,0.946,0.946,0.946,0.946,0.000,0.0,0
1790708940,0.946,0.946,0.946,0.946,0.000,0.0,0
1790709000,0.946,0.946,0.946,0.946,0.000,0.0,0
1790709060,0.946,0.946,0.946,0.946,0.000,0.0,0
1790709120,0.946,0.946,0.946,0.946,0.000,0.0,0
1790709180,0.946,0.946,0.946,0.946,0.000,0.0,0
1790709240,0.946,0.946,0.946,0.946,0.000,0.0,0
1790709300,0.949,0.949,0.949,0.949,0.949,15.81501057,1
1790709360,0.948,0.948,0.948,0.948,0.948,1007.371905,3
1790709420,0.948,0.948,0.948,0.948,0.000,0.0,0
1790709480,0.948,0.948,0.948,0.948,0.000,0.0,0
1790709540,0.948,0.948,0.948,0.948,0.948,1910.26259067,1
1790709600,0.948,0.948,0.948,0.948,0.948,485.22263678,2
1790709660,0.948,0.948,0.948,0.948,0.000,0.0,0
1790709720,0.948,0.948,0.948,0.948,0.000,0.0,0
1790709780,0.948,0.948,0.948,0.948,0.000,0.0,0
1790709840,0.948,0.948,0.948,0.948,0.000,0.0,0
1790709900,0.948,0.948,0.948,0.948,0.000,0.0,0
1790709960,0.948,0.948,0.948,0.948,0.000,0.0,0
1790710020,0.948,0.948,0.948,0.948,0.000,0.0,0
1790710080,0.948,0.948,0.948,0.948,0.000,0.0,0
1790710140,0.948,0.948,0.948,0.948,0.948,375.90749904,2
1790710200,0.948,0.948,0.948,0.948,0.000,0.0,0
1790710260,0.948,0.949,0.948,0.949,0.948,1500.0,5
1790710320,0.949,0.949,0.949,0.949,0.000,0.0,0
1790710380,0.949,0.949,0.949,0.949,0.000,0.0,0
1790710440,0.949,0.949,0.949,0.949,0.000,0.0,0
1790710500,0.951,0.951,0.951,0.951,0.951,485.09556693,1
1790710560,0.951,0.951,0.951,0.951,0.000,0.0,0
1790710620,0.951,0.951,0.951,0.951,0.000,0.0,0
1790710680,0.951,0.951,0.951,0.951,0.000,0.0,0
1790710740,0.951,0.951,0.951,0.951,0.000,0.0,0
1790710800,0.95,0.95,0.95,0.95,0.950,1971.5142333,5
1790710860,0.95,0.95,0.95,0.95,0.000,0.0,0
1790710920,0.95,0.95,0.95,0.95,0.000,0.0,0
1790710980,0.95,0.95,0.95,0.95,0.000,0.0,0
1790711040,0.95,0.95,0.95,0.95,0.000,0.0,0
1790711100,0.945,0.945,0.945,0.945,0.945,497.4317843,2
1790711160,0.945,0.945,0.945,0.945,0.000,0.0,0
1790711220,0.946,0.946,0.946,0.946,0.946,335.79063504,1
1790711280,0.946,0.946,0.946,0.946,0.000,0.0,0
1790711340,0.946,0.946,0.946,0.946,0.000,0.0,0
1790711400,0.945,0.945,0.945,0.945,0.945,335.790635,1
1790711460,0.945,0.945,0.945,0.945,0.000,0.0,0
1790711520,0.945,0.945,0.945,0.945,0.000,0.0,0
1790711580,0.944,0.944,0.944,0.944,0.944,485.22263678,2
1790711640,0.944,0.944,0.944,0.944,0.000,0.0,0
1790711700,0.944,0.944,0.944,0.944,0.000,0.0,0
1790711760,0.944,0.944,0.944,0.944,0.000,0.0,0
1790711820,0.944,0.944,0.944,0.944,0.000,0.0,0
1790711880,0.943,0.943,0.943,0.943,0.943,485.2226367,1
1790711940,0.943,0.943,0.943,0.943,0.000,0.0,0
1790712000,0.943,0.943,0.943,0.943,0.000,0.0,0
1790712060,0.943,0.943,0.943,0.943,0.943,485.22263678,1
1790712120,0.941,0.941,0.941,0.941,0.941,335.790635,1
1790712180,0.941,0.941,0.941,0.941,0.000,0.0,0
1790712240,0.942,0.942,0.942,0.942,0.942,335.790635,1
1790712300,0.942,0.942,0.942,0.942,0.000,0.0,0
1790712360,0.942,0.942,0.942,0.942,0.000,0.0,0
1790712420,0.947,0.947,0.947,0.947,0.947,485.2226367,1
1790712480,0.947,0.947,0.947,0.947,0.000,0.0,0
1790712540,0.947,0.947,0.947,0.947,0.000,0.0,0
1790712600,0.947,0.947,0.947,0.947,0.000,0.0,0
1790712660,0.947,0.947,0.947,0.947,0.000,0.0,0
1790712720,0.945,0.945,0.945,0.945,0.945,485.2226367,1
1790712780,0.947,0.947,0.947,0.947,0.947,485.22263678,2
1790712840,0.948,0.948,0.947,0.947,0.947,427.18878586,2
1790712900,0.947,0.947,0.947,0.947,0.000,0.0,0
1790712960,0.948,0.949,0.948,0.949,0.948,497.57360776,2
1790713020,0.949,0.949,0.949,0.949,0.000,0.0,0
1790713080,0.949,0.949,0.949,0.949,0.000,0.0,0
1790713140,0.949,0.949,0.949,0.949,0.000,0.0,0
1790713200,0.949,0.949,0.949,0.949,0.000,0.0,0
1790713260,0.949,0.949,0.949,0.949,0.000,0.0,0
1790713320,0.949,0.949,0.949,0.949,0.000,0.0,0
1790713380,0.949,0.949,0.949,0.949,0.000,0.0,0
1790713440,0.955,0.955,0.955,0.955,0.955,335.790635,1
1790713500,0.955,0.955,0.955,0.955,0.000,0.0,0
1790713560,0.955,0.955,0.955,0.955,0.000,0.0,0
1790713620,0.955,0.955,0.955,0.955,0.000,0.0,0
1790713680,0.955,0.955,0.955,0.955,0.000,0.0,0
1790713740,0.955,0.955,0.955,0.955,0.000,0.0,0
1790713800,0.957,0.957,0.957,0.957,0.957,55.81170415,2
1790713860,0.957,0.957,0.957,0.957,0.000,0.0,0
1790713920,0.957,0.957,0.957,0.957,0.000,0.0,0
1790713980,0.957,0.957,0.957,0.957,0.000,0.0,0
1790714040,0.957,0.957,0.957,0.957,0.000,0.0,0
1790714100,0.957,0.957,0.957,0.957,0.000,0.0,0
1790714160,0.954,0.954,0.954,0.954,0.954,7.0,1
1790714220,0.954,0.954,0.954,0.954,0.000,0.0,0
1790714280,0.954,0.954,0.954,0.954,0.000,0.0,0
1790714340,0.954,0.954,0.954,0.954,0.000,0.0,0
1790714400,0.954,0.954,0.954,0.954,0.000,0.0,0
1790714460,0.955,0.955,0.955,0.955,0.955,342.790635,2
1790714520,0.955,0.955,0.955,0.955,0.000,0.0,0
1790714580,0.955,0.955,0.955,0.955,0.000,0.0,0
1790714640,0.955,0.955,0.955,0.955,0.000,0.0,0
1790714700,0.955,0.955,0.955,0.955,0.000,0.0,0
1790714760,0.955,0.955,0.955,0.955,0.000,0.0,0
1790714820,0.955,0.955,0.955,0.955,0.000,0.0,0
1790714880,0.955,0.955,0.955,0.955,0.000,0.0,0
1790714940,0.955,0.955,0.955,0.955,0.000,0.0,0
1790715000,0.955,0.955,0.955,0.955,0.000,0.0,0
1790715060,0.955,0.955,0.955,0.955,0.000,0.0,0
1790715120,0.955,0.955,0.955,0.955,0.000,0.0,0
1790715180,0.955,0.955,0.955,0.955,0.000,0.0,0
1790715240,0.955,0.955,0.955,0.955,0.000,0.0,0
1790715300,0.955,0.955,0.955,0.955,0.000,0.0,0
1790715360,0.955,0.955,0.955,0.955,0.000,0.0,0
1790715420,0.955,0.955,0.955,0.955,0.000,0.0,0
1790715480,0.957,0.957,0.957,0.957,0.957,104.49320794,1
1790715540,0.955,0.955,0.955,0.955,0.955,472.4056113,1
1790715600,0.955,0.955,0.955,0.955,0.000,0.0,0
1790715660,0.955,0.955,0.955,0.955,0.000,0.0,0
1790715720,0.955,0.955,0.955,0.955,0.000,0.0,0
1790715780,0.955,0.955,0.955,0.955,0.000,0.0,0
1790715840,0.952,0.953,0.952,0.953,0.952,527.21447523,3
1790715900,0.953,0.953,0.953,0.953,0.000,0.0,0
1790715960,0.955,0.955,0.955,0.955,0.955,485.0808178,1
1790716020,0.955,0.955,0.955,0.955,0.000,0.0,0
1790716080,0.955,0.955,0.955,0.955,0.000,0.0,0
1790716140,0.955,0.955,0.955,0.955,0.955,7.18745294,1
1790716200,0.956,0.956,0.956,0.956,0.956,7.18745294,1
1790716260,0.955,0.955,0.955,0.955,0.955,7.18745294,1
1790716320,0.956,0.956,0.956,0.956,0.956,7.18745294,1
1790716380,0.956,0.956,0.956,0.956,0.956,483.2414032,2
1790716440,0.956,0.956,0.956,0.956,0.000,0.0,0
1790716500,0.957,0.957,0.957,0.957,0.957,1843.13716841,6
1790716560,0.957,0.957,0.957,0.957,0.000,0.0,0
1790716620,0.957,0.957,0.957,0.957,0.000,0.0,0
1790716680,0.957,0.957,0.957,0.957,0.000,0.0,0
1790716740,0.954,0.954,0.954,0.954,0.954,7.0,1
1790716800,0.955,0.955,0.953,0.953,0.953,793.13145092,4
1790716860,0.953,0.953,0.953,0.953,0.000,0.0,0
1790716920,0.954,0.954,0.954,0.954,0.954,38.42458475,1
1790716980,0.953,0.953,0.951,0.951,0.952,1065.48391755,4
1790717040,0.953,0.953,0.953,0.953,0.953,7.0,1
1790717100,0.95,0.951,0.95,0.951,0.950,30.13553703,2
1790717160,0.951,0.951,0.951,0.951,0.951,7.0,1
1790717220,0.949,0.949,0.949,0.949,0.949,263.42706494,1
1790717280,0.95,0.95,0.95,0.95,0.950,7.0,1
1790717340,0.951,0.952,0.951,0.952,0.951,14.0,2
1790717400,0.952,0.952,0.952,0.952,0.000,0.0,0
1790717460,0.952,0.952,0.952,0.952,0.000,0.0,0
1790717520,0.952,0.952,0.952,0.952,0.000,0.0,0
1790717580,0.951,0.951,0.951,0.951,0.951,9.79225332,1
1790717640,0.954,0.955,0.954,0.955,0.954,495.01489002,2
1790717700,0.955,0.955,0.955,0.955,0.000,0.0,0
1790717760,0.951,0.951,0.951,0.951,0.951,777.43697287,5
1790717820,0.951,0.951,0.951,0.951,0.000,0.0,0
1790717880,0.951,0.951,0.951,0.951,0.000,0.0,0
1790717940,0.951,0.951,0.951,0.951,0.000,0.0,0
1790718000,0.951,0.951,0.951,0.951,0.000,0.0,0
1790718060,0.951,0.951,0.951,0.951,0.000,0.0,0
1790718120,0.951,0.951,0.951,0.951,0.000,0.0,0
1790718180,0.951,0.951,0.951,0.951,0.000,0.0,0
1790718240,0.95,0.95,0.95,0.95,0.950,7.0,1
1790718300,0.95,0.95,0.95,0.95,0.950,478.2226367,1
1790718360,0.95,0.95,0.95,0.95,0.000,0.0,0
1790718420,0.949,0.949,0.948,0.948,0.948,5102.87292399,14
1790718480,0.946,0.946,0.946,0.946,0.946,335.790635,1
1790718540,0.946,0.946,0.946,0.946,0.000,0.0,0
1790718600,0.946,0.946,0.946,0.946,0.000,0.0,0
1790718660,0.946,0.946,0.946,0.946,0.000,0.0,0
1790718720,0.946,0.946,0.946,0.946,0.000,0.0,0
1790718780,0.946,0.946,0.946,0.946,0.000,0.0,0
1790718840,0.95,0.95,0.95,0.95,0.950,52.63157894,1
1790718900,0.95,0.95,0.95,0.95,0.000,0.0,0
1790718960,0.951,0.951,0.951,0.951,0.951,485.22263678,1
1790719020,0.951,0.951,0.951,0.951,0.000,0.0,0
1790719080,0.951,0.951,0.951,0.951,0.000,0.0,0
1790719140,0.951,0.951,0.951,0.951,0.000,0.0,0
1790719200,0.954,0.954,0.954,0.954,0.954,270.0487331,1
1790719260,0.954,0.954,0.954,0.954,0.000,0.0,0
1790719320,0.955,0.955,0.955,0.955,0.955,13.61256545,1
1790719380,0.955,0.955,0.955,0.955,0.955,485.2226367,1
1790719440,0.956,0.956,0.956,0.956,0.956,498.96336701,2
1790719500,0.956,0.956,0.956,0.956,0.000,0.0,0
1790719560,0.956,0.956,0.956,0.956,0.000,0.0,0
1790719620,0.956,0.956,0.956,0.956,0.000,0.0,0
1790719680,0.954,0.954,0.953,0.953,0.953,962.15937836,2
1790719740,0.953,0.953,0.953,0.953,0.000,0.0,0
1790719800,0.954,0.954,0.954,0.954,0.954,485.2226367,1
1790719860,0.954,0.954,0.954,0.954,0.000,0.0,0
1790719920,0.952,0.952,0.952,0.952,0.952,1103.80023451,2
1790719980,0.952,0.952,0.952,0.952,0.000,0.0,0
1790720040,0.954,0.954,0.954,0.954,0.954,485.22263678,3
1790720100,0.951,0.951,0.951,0.951,0.951,3026.41862051,6
1790720160,0.951,0.951,0.951,0.951,0.000,0.0,0
1790720220,0.951,0.951,0.951,0.951,0.000,0.0,0
1790720280,0.95,0.95,0.95,0.95,0.950,14.0009,1
1790720340,0.95,0.95,0.95,0.95,0.950,14.0009,1
1790720400,0.95,0.95,0.95,0.95,0.000,0.0,0
1790720460,0.949,0.949,0.949,0.949,0.949,2289.04558006,7
1790720520,0.949,0.949,0.949,0.949,0.949,335.790635,1
1790720580,0.95,0.95,0.95,0.95,0.950,335.790635,1
1790720640,0.95,0.95,0.95,0.95,0.000,0.0,0
1790720700,0.95,0.95,0.95,0.95,0.000,0.0,0
1790720760,0.95,0.95,0.95,0.95,0.950,14.0009,1
1790720820,0.95,0.95,0.95,0.95,0.000,0.0,0
1790720880,0.948,0.948,0.948,0.948,0.948,14.0009,1
1790720940,0.948,0.948,0.948,0.948,0.000,0.0,0
1790721000,0.946,0.946,0.946,0.946,0.946,11.79,1
1790721060,0.944,0.944,0.944,0.944,0.944,107.41191694,2
1790721120,0.944,0.944,0.944,0.944,0.000,0.0,0
1790721180,0.945,0.945,0.945,0.945,0.945,472.30617442,1
1790721240,0.945,0.945,0.945,0.945,0.000,0.0,0
1790721300,0.945,0.945,0.945,0.945,0.000,0.0,0
1790721360,0.945,0.945,0.945,0.945,0.000,0.0,0
1790721420,0.945,0.945,0.945,0.945,0.000,0.0,0
1790721480,0.945,0.945,0.945,0.945,0.000,0.0,0
1790721540,0.945,0.945,0.945,0.945,0.000,0.0,0
1790721600,0.945,0.945,0.945,0.945,0.000,0.0,0
1790721660,0.945,0.945,0.945,0.945,0.000,0.0,0
1790721720,0.945,0.945,0.945,0.945,0.000,0.0,0
1790721780,0.945,0.945,0.945,0.945,0.000,0.0,0
1790721840,0.945,0.945,0.945,0.945,0.000,0.0,0
1790721900,0.948,0.948,0.948,0.948,0.948,471.58730904,1
1790721960,0.948,0.948,0.948,0.948,0.000,0.0,0
1790722020,0.948,0.948,0.948,0.948,0.000,0.0,0
1790722080,0.948,0.948,0.948,0.948,0.000,0.0,0
1790722140,0.948,0.948,0.948,0.948,0.000,0.0,0
1790722200,0.949,0.949,0.949,0.949,0.949,608.785146,2
1790722260,0.949,0.949,0.949,0.949,0.000,0.0,0
1790722320,0.949,0.949,0.949,0.949,0.000,0.0,0
1790722380,0.949,0.949,0.949,0.949,0.000,0.0,0
1790722440,0.949,0.949,0.949,0.949,0.000,0.0,0
1790722500,0.949,0.949,0.949,0.949,0.000,0.0,0
1790722560,0.949,0.949,0.949,0.949,0.000,0.0,0
1790722620,0.949,0.949,0.949,0.949,0.000,0.0,0
1790722680,0.949,0.949,0.949,0.949,0.000,0.0,0
1790722740,0.947,0.947,0.947,0.947,0.947,158.154756,5
1790722800,0.947,0.947,0.947,0.947,0.000,0.0,0
1790722860,0.947,0.947,0.947,0.947,0.000,0.0,0
1790722920,0.947,0.947,0.947,0.947,0.000,0.0,0
1790722980,0.947,0.947,0.947,0.947,0.000,0.0,0
1790723040,0.947,0.947,0.947,0.947,0.000,0.0,0
1790723100,0.947,0.947,0.947,0.947,0.000,0.0,0
1790723160,0.947,0.947,0.947,0.947,0.000,0.0,0
1790723220,0.949,0.949,0.948,0.948,0.948,536.95268683,5
1790723280,0.949,0.949,0.949,0.949,0.949,485.22263678,1
1790723340,0.949,0.949,0.949,0.949,0.000,0.0,0
1790723400,0.947,0.947,0.947,0.947,0.947,335.790635,1
1790723460,0.947,0.947,0.947,0.947,0.000,0.0,0
1790723520,0.947,0.947,0.947,0.947,0.000,0.0,0
1790723580,0.947,0.947,0.947,0.947,0.000,0.0,0
1790723640,0.947,0.947,0.947,0.947,0.000,0.0,0
1790723700,0.948,0.948,0.948,0.948,0.948,485.2226367,1
1790723760,0.948,0.948,0.948,0.948,0.000,0.0,0
1790723820,0.948,0.948,0.948,0.948,0.000,0.0,0
1790723880,0.948,0.948,0.948,0.948,0.000,0.0,0
1790723940,0.948,0.948,0.948,0.948,0.000,0.0,0
1790724000,0.948,0.948,0.948,0.948,0.000,0.0,0
1790724060,0.948,0.948,0.948,0.948,0.000,0.0,0
1790724120,0.948,0.948,0.948,0.948,0.000,0.0,0
1790724180,0.948,0.948,0.948,0.948,0.000,0.0,0
1790724240,0.948,0.948,0.948,0.948,0.000,0.0,0
1790724300,0.948,0.948,0.948,0.948,0.000,0.0,0
1790724360,0.948,0.948,0.948,0.948,0.000,0.0,0
1790724420,0.948,0.948,0.948,0.948,0.000,0.0,0
1790724480,0.948,0.948,0.948,0.948,0.000,0.0,0
1790724540,0.948,0.948,0.948,0.948,0.000,0.0,0
1790724600,0.948,0.948,0.948,0.948,0.000,0.0,0
1790724660,0.948,0.948,0.948,0.948,0.000,0.0,0
1790724720,0.948,0.948,0.948,0.948,0.000,0.0,0
1790724780,0.948,0.948,0.948,0.948,0.000,0.0,0
1790724840,0.948,0.948,0.948,0.948,0.000,0.0,0
1790724900,0.936,0.936,0.936,0.936,0.936,862.19472096,1
1790724960,0.936,0.937,0.936,0.937,0.936,1409.40085888,7
1790725020,0.937,0.937,0.937,0.937,0.000,0.0,0
1790725080,0.937,0.937,0.937,0.937,0.000,0.0,0
1790725140,0.937,0.937,0.937,0.937,0.000,0.0,0
1790725200,0.937,0.937,0.937,0.937,0.000,0.0,0
1790725260,0.932,0.932,0.932,0.932,0.932,58.67991,2
1790725320,0.93,0.93,0.93,0.93,0.930,129.9505251,1
1790725380,0.928,0.928,0.928,0.928,0.928,142.3270436,2
1790725440,0.928,0.928,0.928,0.928,0.928,375.43392317,3
1790725500,0.929,0.929,0.929,0.929,0.929,136.0300427,2
1790725560,0.929,0.929,0.929,0.929,0.000,0.0,0
1790725620,0.93,0.931,0.93,0.931,0.930,267.50305975,4
1790725680,0.931,0.931,0.931,0.931,0.000,0.0,0
1790725740,0.932,0.932,0.932,0.932,0.932,131.51091274,2
1790725800,0.933,0.933,0.933,0.933,0.933,329.63553055,3
1790725860,0.934,0.934,0.934,0.934,0.934,14.0009,1
1790725920,0.934,0.934,0.934,0.934,0.000,0.0,0
1790725980,0.934,0.934,0.934,0.934,0.000,0.0,0
1790726040,0.934,0.934,0.934,0.934,0.000,0.0,0
1790726100,0.934,0.934,0.934,0.934,0.000,0.0,0
1790726160,0.934,0.934,0.934,0.934,0.000,0.0,0
1790726220,0.934,0.934,0.934,0.934,0.000,0.0,0
1790726280,0.934,0.934,0.934,0.934,0.000,0.0,0
1790726340,0.934,0.934,0.934,0.934,0.000,0.0,0
1790726400,0.934,0.934,0.934,0.934,0.000,0.0,0
1790726460,0.934,0.934,0.934,0.934,0.000,0.0,0
1790726520,0.934,0.934,0.934,0.934,0.000,0.0,0
1790726580,0.934,0.935,0.934,0.935,0.934,427.1887858,2
1790726640,0.934,0.934,0.934,0.934,0.934,281.66331149,3
1790726700,0.935,0.935,0.935,0.935,0.935,31.375619,2
1790726760,0.935,0.935,0.935,0.935,0.935,320.374333,9
1790726820,0.935,0.935,0.935,0.935,0.000,0.0,0
1790726880,0.935,0.935,0.935,0.935,0.000,0.0,0
1790726940,0.935,0.935,0.935,0.935,0.000,0.0,0
1790727000,0.935,0.935,0.935,0.935,0.000,0.0,0
1790727060,0.935,0.935,0.935,0.935,0.000,0.0,0
1790727120,0.935,0.935,0.935,0.935,0.000,0.0,0
1790727180,0.932,0.932,0.932,0.932,0.932,481.8323706,2
1790727240,0.932,0.932,0.932,0.932,0.000,0.0,0
1790727300,0.932,0.932,0.932,0.932,0.000,0.0,0
1790727360,0.932,0.932,0.932,0.932,0.000,0.0,0
1790727420,0.932,0.932,0.932,0.932,0.000,0.0,0
1790727480,0.929,0.929,0.929,0.929,0.929,363.792435,4
1790727540,0.929,0.929,0.929,0.929,0.000,0.0,0
1790727600,0.929,0.929,0.929,0.929,0.929,111.702319,2
1790727660,0.929,0.929,0.929,0.929,0.000,0.0,0
1790727720,0.929,0.929,0.929,0.929,0.929,513.2614477,3
1790727780,0.928,0.929,0.928,0.929,0.928,111.017652,3
1790727840,0.929,0.929,0.929,0.929,0.000,0.0,0
1790727900,0.929,0.929,0.929,0.929,0.000,0.0,0
1790727960,0.928,0.928,0.928,0.928,0.928,485.2226367,1
1790728020,0.929,0.929,0.929,0.929,0.929,485.22263678,5
1790728080,0.929,0.929,0.929,0.929,0.929,14.0009,1
1790728140,0.929,0.929,0.929,0.929,0.000,0.0,0
1790728200,0.929,0.929,0.929,0.929,0.000,0.0,0
1790728260,0.929,0.929,0.929,0.929,0.000,0.0,0
1790728320,0.929,0.929,0.929,0.929,0.000,0.0,0
1790728380,0.929,0.929,0.929,0.929,0.000,0.0,0
1790728440,0.929,0.929,0.929,0.929,0.000,0.0,0
1790728500,0.929,0.929,0.929,0.929,0.000,0.0,0
1790728560,0.929,0.929,0.929,0.929,0.000,0.0,0
1790728620,0.929,0.929,0.929,0.929,0.000,0.0,0
1790728680,0.929,0.929,0.929,0.929,0.000,0.0,0
1790728740,0.931,0.932,0.931,0.931,0.931,255.75804367,4
1790728800,0.932,0.932,0.931,0.931,0.931,198.578813,3
1790728860,0.935,0.935,0.935,0.935,0.935,499.2235367,2
1790728920,0.935,0.935,0.935,0.935,0.000,0.0,0
1790728980,0.935,0.935,0.935,0.935,0.935,51.90374492,2
1790729040,0.935,0.935,0.935,0.935,0.000,0.0,0
1790729100,0.932,0.932,0.932,0.932,0.932,47.232075,2
1790729160,0.932,0.932,0.932,0.932,0.000,0.0,0
1790729220,0.932,0.932,0.932,0.932,0.000,0.0,0
1790729280,0.932,0.932,0.932,0.932,0.932,72.883056,2
1790729340,0.932,0.932,0.932,0.932,0.000,0.0,0
1790729400,0.932,0.932,0.932,0.932,0.932,363.792435,4
1790729460,0.932,0.932,0.932,0.932,0.932,60.525426,2
1790729520,0.932,0.932,0.932,0.932,0.000,0.0,0
1790729580,0.932,0.932,0.932,0.932,0.000,0.0,0
1790729640,0.932,0.932,0.932,0.932,0.000,0.0,0
1790729700,0.932,0.932,0.932,0.932,0.000,0.0,0
1790729760,0.932,0.932,0.932,0.932,0.000,0.0,0
1790729820,0.932,0.932,0.932,0.932,0.932,163.591292,2
1790729880,0.933,0.933,0.933,0.933,0.933,14.0009,1
1790729940,0.933,0.933,0.933,0.933,0.933,14.0009,1
1790730000,0.933,0.933,0.933,0.933,0.000,0.0,0
1790730060,0.935,0.935,0.935,0.935,0.935,485.22263678,4
1790730120,0.936,0.937,0.936,0.937,0.936,591.24514533,4
1790730180,0.938,0.938,0.938,0.938,0.938,227.5952929,2
1790730240,0.94,0.94,0.94,0.94,0.940,213.5943929,1
1790730300,0.94,0.94,0.94,0.94,0.000,0.0,0
1790730360,0.94,0.94,0.94,0.94,0.000,0.0,0
1790730420,0.94,0.94,0.94,0.94,0.000,0.0,0
1790730480,0.941,0.941,0.941,0.941,0.941,485.22263678,3
1790730540,0.941,0.941,0.941,0.941,0.000,0.0,0
1790730600,0.941,0.941,0.941,0.941,0.000,0.0,0
1790730660,0.943,0.945,0.943,0.945,0.944,970.44527356,2
1790730720,0.945,0.945,0.945,0.945,0.000,0.0,0
1790730780,0.945,0.945,0.945,0.945,0.945,485.22263678,2
1790730840,0.945,0.945,0.945,0.945,0.000,0.0,0
1790730900,0.945,0.945,0.945,0.945,0.000,0.0,0
1790730960,0.945,0.945,0.945,0.945,0.000,0.0,0
1790731020,0.945,0.945,0.945,0.945,0.000,0.0,0
1790731080,0.945,0.945,0.945,0.945,0.000,0.0,0
1790731140,0.945,0.945,0.945,0.945,0.000,0.0,0
1790731200,0.945,0.945,0.945,0.945,0.000,0.0,0
1790731260,0.945,0.945,0.945,0.945,0.000,0.0,0
1790731320,0.945,0.945,0.945,0.945,0.000,0.0,0
1790731380,0.945,0.945,0.945,0.945,0.000,0.0,0
1790731440,0.945,0.945,0.945,0.945,0.000,0.0,0
1790731500,0.95,0.95,0.95,0.95,0.950,59.034462,2
1790731560,0.95,0.95,0.95,0.95,0.000,0.0,0
1790731620,0.95,0.95,0.95,0.95,0.000,0.0,0
1790731680,0.95,0.95,0.95,0.95,0.000,0.0,0
1790731740,0.95,0.95,0.95,0.95,0.000,0.0,0
1790731800,0.944,0.944,0.944,0.944,0.944,1861.47,1
1790731860,0.944,0.944,0.944,0.944,0.000,0.0,0
1790731920,0.944,0.944,0.944,0.944,0.000,0.0,0
1790731980,0.944,0.944,0.944,0.944,0.000,0.0,0
1790732040,0.941,0.941,0.941,0.941,0.941,485.2226367,1
1790732100,0.941,0.941,0.941,0.941,0.000,0.0,0
1790732160,0.941,0.941,0.941,0.941,0.941,485.22263678,4
1790732220,0.941,0.941,0.941,0.941,0.000,0.0,0
1790732280,0.941,0.941,0.941,0.941,0.000,0.0,0
1790732340,0.941,0.941,0.941,0.941,0.000,0.0,0
1790732400,0.944,0.944,0.944,0.944,0.944,98.685305,2
1790732460,0.944,0.944,0.944,0.944,0.000,0.0,0
1790732520,0.944,0.944,0.944,0.944,0.000,0.0,0
1790732580,0.944,0.944,0.944,0.944,0.000,0.0,0
1790732640,0.944,0.944,0.944,0.944,0.000,0.0,0
1790732700,0.945,0.945,0.945,0.945,0.945,315.8898305,1
1790732760,0.945,0.945,0.945,0.945,0.000,0.0,0
1790732820,0.945,0.945,0.945,0.945,0.000,0.0,0
1790732880,0.945,0.945,0.945,0.945,0.000,0.0,0
1790732940,0.945,0.945,0.945,0.945,0.945,485.22263678,3
1790733000,0.945,0.945,0.945,0.945,0.000,0.0,0
1790733060,0.945,0.945,0.945,0.945,0.000,0.0,0
1790733120,0.945,0.945,0.945,0.945,0.000,0.0,0
1790733180,0.944,0.944,0.943,0.943,0.943,555.9538007,3
1790733240,0.943,0.943,0.943,0.943,0.000,0.0,0
1790733300,0.943,0.943,0.943,0.943,0.000,0.0,0
1790733360,0.942,0.942,0.942,0.942,0.942,82.412097,2
1790733420,0.942,0.942,0.942,0.942,0.000,0.0,0
1790733480,0.942,0.942,0.942,0.942,0.000,0.0,0
1790733540,0.942,0.942,0.942,0.942,0.000,0.0,0
1790733600,0.942,0.942,0.942,0.942,0.000,0.0,0
1790733660,0.942,0.942,0.942,0.942,0.000,0.0,0
1790733720,0.942,0.942,0.942,0.942,0.000,0.0,0
1790733780,0.942,0.942,0.942,0.942,0.942,485.22263678,1
1790733840,0.942,0.942,0.942,0.942,0.000,0.0,0
1790733900,0.942,0.942,0.942,0.942,0.000,0.0,0
1790733960,0.942,0.942,0.942,0.942,0.000,0.0,0
1790734020,0.945,0.945,0.945,0.945,0.945,485.2226367,1
1790734080,0.944,0.944,0.944,0.944,0.944,551.90556378,5
1790734140,0.944,0.944,0.944,0.944,0.000,0.0,0
1790734200,0.942,0.942,0.942,0.942,0.942,180.9593,3
1790734260,0.942,0.942,0.942,0.942,0.942,334.26333678,3
1790734320,0.942,0.942,0.942,0.942,0.000,0.0,0
1790734380,0.942,0.942,0.942,0.942,0.000,0.0,0
1790734440,0.94,0.94,0.94,0.94,0.940,485.22263678,2
1790734500,0.94,0.94,0.94,0.94,0.000,0.0,0
1790734560,0.939,0.939,0.939,0.939,0.939,485.22263678,1
1790734620,0.939,0.939,0.939,0.939,0.000,0.0,0
1790734680,0.939,0.939,0.939,0.939,0.000,0.0,0
1790734740,0.939,0.939,0.939,0.939,0.000,0.0,0
1790734800,0.939,0.939,0.939,0.939,0.000,0.0,0
1790734860,0.939,0.939,0.939,0.939,0.000,0.0,0
1790734920,0.939,0.939,0.938,0.938,0.938,6029.26922405,10
1790734980,0.94,0.94,0.939,0.939,0.939,1150.48956878,7
1790735040,0.939,0.939,0.939,0.939,0.000,0.0,0
1790735100,0.936,0.936,0.936,0.936,0.936,4673.34214419,15
1790735160,0.936,0.936,0.936,0.936,0.000,0.0,0
1790735220,0.934,0.934,0.934,0.934,0.934,14.0009,1
1790735280,0.934,0.934,0.934,0.934,0.934,338.14946136,2
1790735340,0.934,0.934,0.934,0.934,0.000,0.0,0
1790735400,0.934,0.934,0.934,0.934,0.000,0.0,0
1790735460,0.934,0.934,0.934,0.934,0.000,0.0,0
1790735520,0.934,0.934,0.934,0.934,0.000,0.0,0
1790735580,0.934,0.934,0.934,0.934,0.000,0.0,0
1790735640,0.934,0.934,0.934,0.934,0.000,0.0,0
1790735700,0.934,0.934,0.934,0.934,0.000,0.0,0
1790735760,0.935,0.936,0.935,0.936,0.935,28.0018,2
1790735820,0.936,0.936,0.936,0.936,0.936,833.0329382,4
1790735880,0.936,0.937,0.936,0.937,0.936,1063.6245901,3
1790735940,0.937,0.938,0.937,0.938,0.937,363.79243504,3
1790736000,0.94,0.94,0.94,0.94,0.940,274.66065931,1
1790736060,0.94,0.94,0.94,0.94,0.000,0.0,0
1790736120,0.94,0.94,0.94,0.94,0.000,0.0,0
1790736180,0.94,0.94,0.94,0.94,0.000,0.0,0
1790736240,0.94,0.94,0.94,0.94,0.940,485.2226367,1
1790736300,0.94,0.94,0.94,0.94,0.000,0.0,0
1790736360,0.941,0.941,0.941,0.941,0.941,485.2226367,1
1790736420,0.942,0.942,0.942,0.942,0.942,38.50898075,2
1790736480,0.942,0.942,0.942,0.942,0.000,0.0,0
1790736540,0.942,0.943,0.942,0.943,0.942,2531.64369034,10
1790736600,0.942,0.942,0.942,0.942,0.942,485.2226367,1
1790736660,0.942,0.942,0.942,0.942,0.000,0.0,0
1790736720,0.942,0.942,0.942,0.942,0.000,0.0,0
1790736780,0.942,0.942,0.942,0.942,0.000,0.0,0
1790736840,0.942,0.942,0.942,0.942,0.000,0.0,0
1790736900,0.942,0.942,0.942,0.942,0.000,0.0,0
1790736960,0.942,0.942,0.942,0.942,0.942,14.0009,1
1790737020,0.942,0.942,0.942,0.942,0.000,0.0,0
1790737080,0.942,0.942,0.942,0.942,0.000,0.0,0
1790737140,0.942,0.942,0.942,0.942,0.000,0.0,0
1790737200,0.942,0.942,0.942,0.942,0.000,0.0,0
1790737260,0.938,0.938,0.937,0.937,0.937,28.0018,2
1790737320,0.937,0.937,0.937,0.937,0.937,14.0009,1
1790737380,0.937,0.937,0.937,0.937,0.000,0.0,0
1790737440,0.937,0.937,0.937,0.937,0.000,0.0,0
1790737500,0.937,0.937,0.937,0.937,0.000,0.0,0
1790737560,0.937,0.937,0.937,0.937,0.000,0.0,0
1790737620,0.937,0.937,0.937,0.937,0.937,14.19519195,1
1790737680,0.937,0.937,0.937,0.937,0.000,0.0,0
1790737740,0.937,0.937,0.937,0.937,0.000,0.0,0
1790737800,0.937,0.937,0.937,0.937,0.000,0.0,0
1790737860,0.937,0.937,0.937,0.937,0.000,0.0,0
1790737920,0.937,0.937,0.937,0.937,0.000,0.0,0
1790737980,0.937,0.937,0.937,0.937,0.000,0.0,0
1790738040,0.937,0.937,0.937,0.937,0.000,0.0,0
1790738100,0.937,0.937,0.937,0.937,0.000,0.0,0
1790738160,0.937,0.937,0.937,0.937,0.000,0.0,0
1790738220,0.937,0.937,0.937,0.937,0.000,0.0,0
1790738280,0.937,0.937,0.937,0.937,0.000,0.0,0
1790738340,0.937,0.937,0.937,0.937,0.000,0.0,0
1790738400,0.937,0.937,0.937,0.937,0.000,0.0,0
1790738460,0.937,0.937,0.937,0.937,0.000,0.0,0
1790738520,0.937,0.937,0.937,0.937,0.000,0.0,0
1790738580,0.937,0.937,0.937,0.937,0.000,0.0,0
1790738640,0.937,0.937,0.937,0.937,0.000,0.0,0
1790738700,0.937,0.937,0.937,0.937,0.000,0.0,0
1790738760,0.931,0.931,0.931,0.931,0.931,485.2226367,1
1790738820,0.931,0.931,0.931,0.931,0.000,0.0,0
1790738880,0.931,0.931,0.931,0.931,0.000,0.0,0
1790738940,0.931,0.931,0.931,0.931,0.000,0.0,0
1790739000,0.931,0.931,0.931,0.931,0.000,0.0,0
1790739060,0.931,0.931,0.931,0.931,0.000,0.0,0
1790739120,0.931,0.931,0.931,0.931,0.000,0.0,0
1790739180,0.931,0.931,0.931,0.931,0.000,0.0,0
1790739240,0.931,0.931,0.931,0.931,0.000,0.0,0
1790739300,0.931,0.931,0.931,0.931,0.000,0.0,0
1790739360,0.931,0.931,0.931,0.931,0.000,0.0,0
1790739420,0.931,0.931,0.931,0.931,0.000,0.0,0
1790739480,0.931,0.931,0.931,0.931,0.000,0.0,0
1790739540,0.936,0.936,0.936,0.936,0.936,485.2226367,1
1790739600,0.936,0.936,0.936,0.936,0.000,0.0,0
1790739660,0.936,0.936,0.936,0.936,0.000,0.0,0
1790739720,0.936,0.936,0.936,0.936,0.000,0.0,0
1790739780,0.936,0.936,0.936,0.936,0.000,0.0,0
1790739840,0.936,0.936,0.936,0.936,0.000,0.0,0
1790739900,0.932,0.932,0.932,0.932,0.932,485.2226367,1
1790739960,0.932,0.932,0.932,0.932,0.000,0.0,0
1790740020,0.932,0.932,0.932,0.932,0.000,0.0,0
1790740080,0.932,0.932,0.932,0.932,0.000,0.0,0
1790740140,0.932,0.932,0.932,0.932,0.000,0.0,0
1790740200,0.932,0.932,0.932,0.932,0.000,0.0,0
1790740260,0.932,0.932,0.932,0.932,0.000,0.0,0
1790740320,0.932,0.932,0.932,0.932,0.000,0.0,0
1790740380,0.93,0.93,0.93,0.93,0.930,335.790635,1
1790740440,0.93,0.93,0.93,0.93,0.000,0.0,0
1790740500,0.93,0.93,0.93,0.93,0.930,485.22263678,2
1790740560,0.93,0.93,0.93,0.93,0.000,0.0,0
1790740620,0.93,0.93,0.93,0.93,0.000,0.0,0
1790740680,0.93,0.93,0.93,0.93,0.000,0.0,0
1790740740,0.93,0.93,0.93,0.93,0.000,0.0,0
1790740800,0.93,0.93,0.93,0.93,0.000,0.0,0
1790740860,0.93,0.93,0.93,0.93,0.000,0.0,0
1790740920,0.93,0.93,0.93,0.93,0.000,0.0,0
1790740980,0.935,0.935,0.935,0.935,0.935,30.432358,2
1790741040,0.935,0.935,0.935,0.935,0.935,485.22263678,1
1790741100,0.935,0.935,0.935,0.935,0.000,0.0,0
1790741160,0.935,0.935,0.935,0.935,0.000,0.0,0
1790741220,0.935,0.935,0.935,0.935,0.000,0.0,0
1790741280,0.935,0.935,0.935,0.935,0.000,0.0,0
1790741340,0.935,0.935,0.935,0.935,0.000,0.0,0
1790741400,0.935,0.935,0.935,0.935,0.000,0.0,0
1790741460,0.935,0.935,0.935,0.935,0.935,514.73171271,6
1790741520,0.935,0.935,0.935,0.935,0.000,0.0,0
1790741580,0.935,0.935,0.935,0.935,0.000,0.0,0
1790741640,0.937,0.937,0.937,0.937,0.937,511.06237487,4
1790741700,0.938,0.938,0.938,0.938,0.938,507.8515667,5
1790741760,0.938,0.938,0.938,0.938,0.000,0.0,0
1790741820,0.938,0.938,0.938,0.938,0.000,0.0,0
1790741880,0.939,0.939,0.939,0.939,0.939,372.14921223,2
1790741940,0.939,0.939,0.939,0.939,0.000,0.0,0
1790742000,0.939,0.939,0.939,0.939,0.000,0.0,0
1790742060,0.939,0.939,0.939,0.939,0.000,0.0,0
1790742120,0.939,0.939,0.939,0.939,0.000,0.0,0
1790742180,0.939,0.939,0.939,0.939,0.000,0.0,0
1790742240,0.939,0.939,0.939,0.939,0.000,0.0,0
1790742300,0.939,0.939,0.939,0.939,0.000,0.0,0
1790742360,0.939,0.939,0.939,0.939,0.000,0.0,0
1790742420,0.939,0.939,0.939,0.939,0.000,0.0,0
1790742480,0.939,0.939,0.939,0.939,0.000,0.0,0
1790742540,0.94,0.94,0.94,0.94,0.940,18.6679,1
1790742600,0.94,0.94,0.94,0.94,0.000,0.0,0
1790742660,0.94,0.94,0.94,0.94,0.000,0.0,0
1790742720,0.94,0.94,0.94,0.94,0.000,0.0,0
1790742780,0.94,0.94,0.94,0.94,0.000,0.0,0
1790742840,0.94,0.94,0.94,0.94,0.000,0.0,0
1790742900,0.937,0.937,0.937,0.937,0.937,213.59439296,2
1790742960,0.937,0.937,0.937,0.937,0.000,0.0,0
1790743020,0.937,0.937,0.937,0.937,0.000,0.0,0
1790743080,0.937,0.937,0.937,0.937,0.000,0.0,0
1790743140,0.937,0.937,0.937,0.937,0.000,0.0,0
1790743200,0.937,0.937,0.937,0.937,0.000,0.0,0
1790743260,0.937,0.937,0.937,0.937,0.000,0.0,0
1790743320,0.937,0.937,0.937,0.937,0.000,0.0,0
1790743380,0.937,0.937,0.937,0.937,0.000,0.0,0
1790743440,0.937,0.937,0.937,0.937,0.000,0.0,0
1790743500,0.937,0.937,0.937,0.937,0.000,0.0,0
1790743560,0.937,0.937,0.937,0.937,0.000,0.0,0
1790743620,0.937,0.937,0.937,0.937,0.000,0.0,0
1790743680,0.937,0.937,0.937,0.937,0.000,0.0,0
1790743740,0.937,0.937,0.937,0.937,0.000,0.0,0
1790743800,0.937,0.937,0.937,0.937,0.000,0.0,0
1790743860,0.939,0.939,0.939,0.939,0.939,213.59439296,1
1790743920,0.939,0.939,0.939,0.939,0.000,0.0,0
1790743980,0.939,0.939,0.939,0.939,0.000,0.0,0
1790744040,0.939,0.939,0.939,0.939,0.000,0.0,0
1790744100,0.939,0.939,0.939,0.939,0.000,0.0,0
1790744160,0.939,0.939,0.939,0.939,0.000,0.0,0
1790744220,0.939,0.939,0.939,0.939,0.000,0.0,0
1790744280,0.936,0.936,0.936,0.936,0.936,503.89053678,3
1790744340,0.936,0.936,0.936,0.936,0.936,18.6679,1
1790744400,0.938,0.938,0.938,0.938,0.938,485.1246658,1
1790744460,0.938,0.938,0.938,0.938,0.000,0.0,0
1790744520,0.938,0.938,0.938,0.938,0.000,0.0,0
1790744580,0.938,0.938,0.938,0.938,0.000,0.0,0
1790744640,0.938,0.938,0.938,0.938,0.000,0.0,0
1790744700,0.938,0.938,0.938,0.938,0.000,0.0,0
1790744760,0.938,0.938,0.938,0.938,0.000,0.0,0
1790744820,0.938,0.938,0.938,0.938,0.000,0.0,0
1790744880,0.939,0.939,0.939,0.939,0.939,485.2226367,1
1790744940,0.939,0.939,0.938,0.938,0.938,68.31797126,3
1790745000,0.938,0.938,0.938,0.938,0.000,0.0,0
1790745060,0.938,0.938,0.938,0.938,0.000,0.0,0
1790745120,0.938,0.938,0.938,0.938,0.938,485.22263678,3
1790745180,0.938,0.938,0.938,0.938,0.000,0.0,0
1790745240,0.938,0.938,0.938,0.938,0.000,0.0,0
1790745300,0.936,0.936,0.936,0.936,0.936,485.2226367,1
1790745360,0.936,0.936,0.936,0.936,0.936,354.45853504,2
1790745420,0.936,0.936,0.936,0.936,0.000,0.0,0
1790745480,0.939,0.94,0.939,0.94,0.939,970.44527356,4
1790745540,0.94,0.94,0.94,0.94,0.940,480.72669381,1
1790745600,0.94,0.94,0.94,0.94,0.000,0.0,0
1790745660,0.94,0.94,0.94,0.94,0.000,0.0,0
1790745720,0.94,0.94,0.94,0.94,0.000,0.0,0
1790745780,0.94,0.94,0.94,0.94,0.000,0.0,0
1790745840,0.94,0.94,0.94,0.94,0.000,0.0,0
1790745900,0.94,0.94,0.94,0.94,0.000,0.0,0
1790745960,0.94,0.94,0.94,0.94,0.000,0.0,0
1790746020,0.94,0.94,0.94,0.94,0.000,0.0,0
1790746080,0.94,0.94,0.94,0.94,0.000,0.0,0
1790746140,0.94,0.94,0.94,0.94,0.000,0.0,0
1790746200,0.94,0.94,0.94,0.94,0.000,0.0,0
1790746260,0.94,0.94,0.94,0.94,0.000,0.0,0
1790746320,0.946,0.946,0.946,0.946,0.946,18.6679,1
1790746380,0.946,0.946,0.946,0.946,0.000,0.0,0
1790746440,0.946,0.946,0.946,0.946,0.000,0.0,0
1790746500,0.946,0.946,0.946,0.946,0.000,0.0,0
1790746560,0.946,0.946,0.946,0.946,0.000,0.0,0
1790746620,0.946,0.946,0.946,0.946,0.000,0.0,0
1790746680,0.946,0.946,0.946,0.946,0.000,0.0,0
1790746740,0.946,0.946,0.946,0.946,0.000,0.0,0
1790746800,0.946,0.946,0.946,0.946,0.000,0.0,0
1790746860,0.946,0.946,0.946,0.946,0.000,0.0,0
1790746920,0.946,0.946,0.946,0.946,0.000,0.0,0
1790746980,0.946,0.946,0.946,0.946,0.000,0.0,0
1790747040,0.946,0.946,0.946,0.946,0.000,0.0,0
1790747100,0.946,0.946,0.946,0.946,0.000,0.0,0
1790747160,0.946,0.946,0.946,0.946,0.946,335.790635,1
1790747220,0.946,0.946,0.946,0.946,0.000,0.0,0
1790747280,0.946,0.946,0.946,0.946,0.000,0.0,0
1790747340,0.946,0.946,0.946,0.946,0.000,0.0,0
1790747400,0.946,0.946,0.946,0.946,0.000,0.0,0
1790747460,0.944,0.944,0.944,0.944,0.944,485.2226367,1
1790747520,0.944,0.944,0.944,0.944,0.000,0.0,0
1790747580,0.942,0.942,0.942,0.942,0.942,485.22263678,3
1790747640,0.942,0.942,0.942,0.942,0.000,0.0,0
1790747700,0.942,0.942,0.942,0.942,0.000,0.0,0
1790747760,0.942,0.942,0.942,0.942,0.000,0.0,0
1790747820,0.942,0.942,0.942,0.942,0.000,0.0,0
1790747880,0.941,0.942,0.941,0.942,0.941,667.1722408,2
1790747940,0.942,0.942,0.942,0.942,0.942,485.22263678,4
1790748000,0.942,0.942,0.942,0.942,0.000,0.0,0
1790748060,0.945,0.945,0.945,0.945,0.945,485.2226367,1
1790748120,0.943,0.943,0.943,0.943,0.943,485.22263678,2
1790748180,0.942,0.942,0.942,0.942,0.942,485.22263678,3
1790748240,0.942,0.942,0.942,0.942,0.000,0.0,0
1790748300,0.942,0.942,0.942,0.942,0.000,0.0,0
1790748360,0.942,0.942,0.942,0.942,0.000,0.0,0
1790748420,0.942,0.942,0.942,0.942,0.000,0.0,0
1790748480,0.942,0.942,0.942,0.942,0.000,0.0,0
1790748540,0.942,0.942,0.942,0.942,0.000,0.0,0
1790748600,0.942,0.942,0.942,0.942,0.000,0.0,0
1790748660,0.942,0.942,0.942,0.942,0.000,0.0,0
1790748720,0.939,0.939,0.939,0.939,0.939,485.22263678,2
1790748780,0.939,0.939,0.939,0.939,0.000,0.0,0
1790748840,0.939,0.939,0.939,0.939,0.000,0.0,0
1790748900,0.939,0.939,0.939,0.939,0.000,0.0,0
1790748960,0.939,0.939,0.939,0.939,0.000,0.0,0
1790749020,0.939,0.939,0.939,0.939,0.939,485.2226367,1
1790749080,0.939,0.939,0.939,0.939,0.000,0.0,0
1790749140,0.939,0.939,0.939,0.939,0.000,0.0,0
1790749200,0.939,0.939,0.939,0.939,0.000,0.0,0
1790749260,0.939,0.939,0.939,0.939,0.000,0.0,0
1790749320,0.936,0.936,0.936,0.936,0.936,18.6679,1
1790749380,0.936,0.936,0.936,0.936,0.000,0.0,0
1790749440,0.936,0.936,0.936,0.936,0.000,0.0,0
1790749500,0.933,0.935,0.932,0.935,0.933,11616.52321593,18
1790749560,0.935,0.935,0.935,0.935,0.000,0.0,0
1790749620,0.935,0.935,0.935,0.935,0.000,0.0,0
1790749680,0.935,0.935,0.935,0.935,0.000,0.0,0
1790749740,0.932,0.932,0.932,0.932,0.932,56.40026015,2
1790749800,0.932,0.932,0.932,0.932,0.932,428.82237663,2
1790749860,0.932,0.932,0.932,0.932,0.000,0.0,0
1790749920,0.932,0.932,0.932,0.932,0.932,485.22263678,3
1790749980,0.932,0.932,0.932,0.932,0.932,485.2226367,1
1790750040,0.932,0.932,0.932,0.932,0.000,0.0,0
1790750100,0.932,0.932,0.932,0.932,0.000,0.0,0
1790750160,0.932,0.932,0.932,0.932,0.000,0.0,0
1790750220,0.932,0.932,0.932,0.932,0.000,0.0,0
1790750280,0.931,0.932,0.931,0.932,0.931,885.175663,3
1790750340,0.932,0.932,0.932,0.932,0.000,0.0,0
1790750400,0.932,0.932,0.932,0.932,0.000,0.0,0
1790750460,0.932,0.932,0.932,0.932,0.000,0.0,0
1790750520,0.932,0.932,0.932,0.932,0.932,18.6679,1
1790750580,0.932,0.932,0.932,0.932,0.000,0.0,0
1790750640,0.931,0.931,0.931,0.931,0.931,18.6679,1
1790750700,0.93,0.93,0.93,0.93,0.930,184.63235778,2
1790750760,0.93,0.93,0.93,0.93,0.000,0.0,0
1790750820,0.929,0.929,0.929,0.929,0.929,485.2226367,1
1790750880,0.927,0.927,0.927,0.927,0.927,1340.68716289,2
1790750940,0.925,0.925,0.925,0.925,0.925,18.6679,1
1790751000,0.929,0.929,0.929,0.929,0.929,37.3358,2
1790751060,0.929,0.929,0.929,0.929,0.000,0.0,0
1790751120,0.929,0.929,0.929,0.929,0.000,0.0,0
1790751180,0.929,0.929,0.929,0.929,0.000,0.0,0
1790751240,0.929,0.929,0.929,0.929,0.929,671.58127,2
1790751300,0.929,0.929,0.929,0.929,0.000,0.0,0
1790751360,0.929,0.929,0.929,0.929,0.000,0.0,0
1790751420,0.929,0.929,0.929,0.929,0.929,335.790635,1
1790751480,0.929,0.929,0.929,0.929,0.000,0.0,0
1790751540,0.929,0.929,0.929,0.929,0.000,0.0,0
1790751600,0.929,0.929,0.929,0.929,0.000,0.0,0
1790751660,0.928,0.928,0.928,0.928,0.928,485.22263672,2
1790751720,0.928,0.928,0.928,0.928,0.000,0.0,0
1790751780,0.928,0.928,0.928,0.928,0.000,0.0,0
1790751840,0.928,0.928,0.928,0.928,0.000,0.0,0
1790751900,0.928,0.928,0.928,0.928,0.000,0.0,0
1790751960,0.928,0.928,0.928,0.928,0.000,0.0,0
1790752020,0.928,0.928,0.928,0.928,0.000,0.0,0
1790752080,0.928,0.928,0.928,0.928,0.000,0.0,0
1790752140,0.928,0.928,0.928,0.928,0.000,0.0,0
1790752200,0.929,0.929,0.929,0.929,0.929,485.2226367,1
1790752260,0.927,0.927,0.927,0.927,0.927,649.37444383,2
1790752320,0.927,0.927,0.927,0.927,0.000,0.0,0
1790752380,0.927,0.927,0.927,0.927,0.000,0.0,0
1790752440,0.927,0.927,0.927,0.927,0.000,0.0,0
1790752500,0.928,0.928,0.928,0.928,0.928,770.21889548,5
1790752560,0.928,0.928,0.928,0.928,0.000,0.0,0
1790752620,0.928,0.928,0.928,0.928,0.000,0.0,0
1790752680,0.93,0.93,0.93,0.93,0.930,485.22263678,3
1790752740,0.933,0.933,0.933,0.933,0.933,485.22263678,1
1790752800,0.935,0.935,0.935,0.935,0.935,485.22263678,2
1790752860,0.935,0.935,0.935,0.935,0.000,0.0,0
1790752920,0.935,0.935,0.935,0.935,0.935,801.00821518,4
1790752980,0.935,0.935,0.935,0.935,0.935,87.82031672,1
1790753040,0.935,0.935,0.935,0.935,0.000,0.0,0
1790753100,0.937,0.937,0.937,0.937,0.937,18.6679,1
1790753160,0.937,0.937,0.937,0.937,0.000,0.0,0
1790753220,0.936,0.936,0.936,0.936,0.936,212.4613152,5
1790753280,0.936,0.936,0.936,0.936,0.000,0.0,0
1790753340,0.936,0.936,0.936,0.936,0.000,0.0,0
1790753400,0.936,0.936,0.936,0.936,0.000,0.0,0
1790753460,0.936,0.936,0.936,0.936,0.000,0.0,0
1790753520,0.936,0.936,0.936,0.936,0.000,0.0,0
1790753580,0.936,0.936,0.936,0.936,0.000,0.0,0
1790753640,0.936,0.936,0.936,0.936,0.000,0.0,0
1790753700,0.936,0.936,0.936,0.936,0.000,0.0,0
1790753760,0.936,0.936,0.936,0.936,0.000,0.0,0
1790753820,0.936,0.936,0.936,0.936,0.000,0.0,0
1790753880,0.936,0.936,0.936,0.936,0.000,0.0,0
1790753940,0.936,0.936,0.936,0.936,0.000,0.0,0
1790754000,0.936,0.936,0.936,0.936,0.000,0.0,0
1790754060,0.936,0.936,0.936,0.936,0.000,0.0,0
1790754120,0.936,0.936,0.936,0.936,0.000,0.0,0
1790754180,0.936,0.936,0.936,0.936,0.936,213.594392,1
1790754240,0.938,0.938,0.938,0.938,0.938,749.34807725,4
1790754300,0.938,0.938,0.938,0.938,0.000,0.0,0
1790754360,0.938,0.938,0.938,0.938,0.000,0.0,0
1790754420,0.938,0.938,0.938,0.938,0.000,0.0,0
1790754480,0.938,0.938,0.938,0.938,0.000,0.0,0
1790754540,0.938,0.938,0.938,0.938,0.000,0.0,0
1790754600,0.938,0.938,0.938,0.938,0.000,0.0,0
1790754660,0.938,0.938,0.938,0.938,0.938,213.59439296,1
1790754720,0.938,0.938,0.938,0.938,0.000,0.0,0
1790754780,0.938,0.938,0.938,0.938,0.000,0.0,0
1790754840,0.937,0.937,0.937,0.937,0.937,485.22263678,1
1790754900,0.937,0.937,0.937,0.937,0.000,0.0,0
1790754960,0.934,0.934,0.934,0.934,0.934,485.222636,1
1790755020,0.934,0.934,0.934,0.934,0.000,0.0,0
1790755080,0.934,0.934,0.934,0.934,0.000,0.0,0
1790755140,0.935,0.935,0.935,0.935,0.935,286.045222,2
1790755200,0.935,0.935,0.935,0.935,0.000,0.0,0
1790755260,0.935,0.935,0.935,0.935,0.935,485.2226367,1
1790755320,0.935,0.935,0.935,0.935,0.000,0.0,0
1790755380,0.935,0.935,0.935,0.935,0.000,0.0,0
1790755440,0.934,0.934,0.934,0.934,0.934,18.6679,1
1790755500,0.933,0.933,0.933,0.933,0.933,485.2226367,1
1790755560,0.933,0.933,0.933,0.933,0.000,0.0,0
1790755620,0.932,0.932,0.932,0.932,0.932,21.831535,2
1790755680,0.931,0.931,0.93,0.93,0.930,1460.44219636,6
1790755740,0.93,0.93,0.93,0.93,0.000,0.0,0
1790755800,0.93,0.93,0.93,0.93,0.000,0.0,0
1790755860,0.93,0.93,0.93,0.93,0.000,0.0,0
1790755920,0.93,0.93,0.93,0.93,0.000,0.0,0
1790755980,0.931,0.931,0.931,0.931,0.931,232.262292,2
1790756040,0.931,0.931,0.931,0.931,0.000,0.0,0
1790756100,0.931,0.931,0.931,0.931,0.000,0.0,0
1790756160,0.935,0.935,0.935,0.935,0.935,485.22263678,2
1790756220,0.935,0.935,0.935,0.935,0.000,0.0,0
1790756280,0.936,0.938,0.936,0.938,0.937,1004.435246,4
1790756340,0.939,0.939,0.939,0.939,0.939,485.22263678,3
1790756400,0.936,0.936,0.936,0.936,0.936,238.23104839,1
1790756460,0.938,0.939,0.938,0.939,0.938,258.465171,4
1790756520,0.939,0.939,0.939,0.939,0.000,0.0,0
1790756580,0.939,0.939,0.939,0.939,0.000,0.0,0
1790756640,0.939,0.939,0.939,0.939,0.000,0.0,0
1790756700,0.939,0.939,0.939,0.939,0.000,0.0,0
1790756760,0.939,0.939,0.939,0.939,0.000,0.0,0
1790756820,0.941,0.941,0.941,0.941,0.941,213.594392,1
1790756880,0.941,0.941,0.941,0.941,0.000,0.0,0
1790756940,0.941,0.941,0.941,0.941,0.000,0.0,0
1790757000,0.941,0.941,0.941,0.941,0.000,0.0,0
1790757060,0.941,0.941,0.941,0.941,0.000,0.0,0
1790757120,0.941,0.941,0.941,0.941,0.000,0.0,0
1790757180,0.935,0.935,0.935,0.935,0.935,464.155657,3
1790757240,0.935,0.935,0.935,0.935,0.000,0.0,0
1790757300,0.935,0.935,0.935,0.935,0.000,0.0,0
1790757360,0.935,0.935,0.935,0.935,0.000,0.0,0
1790757420,0.935,0.935,0.935,0.935,0.000,0.0,0
1790757480,0.935,0.935,0.935,0.935,0.000,0.0,0
1790757540,0.935,0.935,0.935,0.935,0.000,0.0,0
1790757600,0.936,0.936,0.936,0.936,0.936,232.262292,2
1790757660,0.936,0.936,0.936,0.936,0.000,0.0,0
1790757720,0.936,0.936,0.936,0.936,0.000,0.0,0
1790757780,0.936,0.936,0.936,0.936,0.000,0.0,0
1790757840,0.936,0.936,0.936,0.936,0.000,0.0,0
1790757900,0.936,0.936,0.936,0.936,0.000,0.0,0
1790757960,0.936,0.936,0.936,0.936,0.000,0.0,0
1790758020,0.936,0.936,0.936,0.936,0.000,0.0,0
1790758080,0.936,0.936,0.936,0.936,0.000,0.0,0
1790758140,0.943,0.943,0.943,0.943,0.943,18.6679,1
1790758200,0.943,0.943,0.943,0.943,0.000,0.0,0
1790758260,0.943,0.943,0.943,0.943,0.000,0.0,0
1790758320,0.943,0.943,0.943,0.943,0.000,0.0,0
1790758380,0.943,0.943,0.943,0.943,0.000,0.0,0
1790758440,0.943,0.943,0.943,0.943,0.000,0.0,0
1790758500,0.943,0.943,0.943,0.943,0.000,0.0,0
1790758560,0.943,0.943,0.943,0.943,0.000,0.0,0
1790758620,0.942,0.942,0.942,0.942,0.942,9.90036594,1
1790758680,0.942,0.942,0.942,0.942,0.000,0.0,0
1790758740,0.942,0.942,0.942,0.942,0.942,18.6679,1
1790758800,0.942,0.942,0.942,0.942,0.000,0.0,0
1790758860,0.942,0.942,0.942,0.942,0.000,0.0,0
1790758920,0.944,0.944,0.944,0.944,0.944,232.262292,2
1790758980,0.944,0.944,0.944,0.944,0.944,50.367341,2
1790759040,0.944,0.944,0.944,0.944,0.000,0.0,0
1790759100,0.944,0.944,0.944,0.944,0.000,0.0,0
1790759160,0.944,0.944,0.944,0.944,0.000,0.0,0
1790759220,0.944,0.944,0.944,0.944,0.000,0.0,0
1790759280,0.947,0.947,0.947,0.947,0.947,18.6679,1
1790759340,0.945,0.945,0.945,0.945,0.945,18.6679,1
1790759400,0.945,0.945,0.945,0.945,0.000,0.0,0
1790759460,0.945,0.945,0.945,0.945,0.000,0.0,0
1790759520,0.945,0.945,0.945,0.945,0.945,28.940716,2
1790759580,0.945,0.945,0.945,0.945,0.945,354.458535,2
1790759640,0.945,0.945,0.945,0.945,0.000,0.0,0
1790759700,0.945,0.945,0.945,0.945,0.000,0.0,0
1790759760,0.945,0.945,0.945,0.945,0.000,0.0,0
1790759820,0.945,0.945,0.945,0.945,0.000,0.0,0
1790759880,0.945,0.945,0.945,0.945,0.000,0.0,0
1790759940,0.945,0.945,0.945,0.945,0.000,0.0,0
1790760000,0.945,0.945,0.945,0.945,0.000,0.0,0
1790760060,0.946,0.946,0.946,0.946,0.946,18.6679,1
1790760120,0.946,0.946,0.946,0.946,0.946,232.262292,2
1790760180,0.946,0.946,0.946,0.946,0.000,0.0,0
1790760240,0.946,0.946,0.946,0.946,0.000,0.0,0
1790760300,0.946,0.946,0.946,0.946,0.000,0.0,0
1790760360,0.946,0.946,0.946,0.946,0.000,0.0,0
1790760420,0.948,0.948,0.948,0.948,0.948,282.378657,2
1790760480,0.948,0.948,0.948,0.948,0.000,0.0,0
1790760540,0.948,0.948,0.948,0.948,0.000,0.0,0
1790760600,0.95,0.95,0.949,0.949,0.949,493.31132696,3
1790760660,0.949,0.949,0.949,0.949,0.000,0.0,0
1790760720,0.954,0.954,0.953,0.953,0.953,580.56622505,4
1790760780,0.954,0.954,0.954,0.954,0.954,494.119251,5
1790760840,0.954,0.954,0.954,0.954,0.000,0.0,0
1790760900,0.954,0.954,0.954,0.954,0.000,0.0,0
1790760960,0.952,0.952,0.952,0.952,0.952,503.8905363,3
1790761020,0.952,0.952,0.952,0.952,0.000,0.0,0
1790761080,0.95,0.95,0.95,0.95,0.950,485.22263678,1
1790761140,0.95,0.95,0.95,0.95,0.000,0.0,0
1790761200,0.95,0.95,0.95,0.95,0.000,0.0,0
1790761260,0.95,0.95,0.95,0.95,0.000,0.0,0
1790761320,0.95,0.95,0.95,0.95,0.000,0.0,0
1790761380,0.95,0.95,0.95,0.95,0.000,0.0,0
1790761440,0.95,0.95,0.95,0.95,0.950,354.458535,2
1790761500,0.95,0.95,0.95,0.95,0.000,0.0,0
1790761560,0.95,0.95,0.95,0.95,0.000,0.0,0
1790761620,0.95,0.95,0.95,0.95,0.000,0.0,0
1790761680,0.95,0.95,0.95,0.95,0.000,0.0,0
1790761740,0.95,0.95,0.95,0.95,0.000,0.0,0
1790761800,0.95,0.95,0.95,0.95,0.950,485.2226367,1
1790761860,0.95,0.95,0.95,0.95,0.000,0.0,0
1790761920,0.95,0.95,0.95,0.95,0.000,0.0,0
1790761980,0.949,0.949,0.949,0.949,0.949,485.22263678,3
1790762040,0.947,0.947,0.947,0.947,0.947,107.18113194,2
1790762100,0.948,0.948,0.948,0.948,0.948,32.02954,2
1790762160,0.948,0.948,0.948,0.948,0.000,0.0,0
1790762220,0.947,0.947,0.947,0.947,0.947,485.2226367,1
1790762280,0.947,0.947,0.947,0.947,0.000,0.0,0
1790762340,0.947,0.947,0.947,0.947,0.000,0.0,0
1790762400,0.947,0.947,0.947,0.947,0.000,0.0,0
1790762460,0.947,0.947,0.947,0.947,0.000,0.0,0
1790762520,0.946,0.946,0.946,0.946,0.946,485.22263678,2
1790762580,0.946,0.946,0.946,0.946,0.000,0.0,0
1790762640,0.946,0.946,0.946,0.946,0.000,0.0,0
1790762700,0.947,0.947,0.947,0.947,0.947,7.98715203,1
1790762760,0.947,0.947,0.947,0.947,0.947,27.484758,2
1790762820,0.947,0.947,0.947,0.947,0.000,0.0,0
1790762880,0.946,0.946,0.946,0.946,0.946,485.2226367,1
1790762940,0.945,0.945,0.945,0.945,0.945,357.2,2
1790727840,0.929,0.929,0.929,0.929,0.000,0.0,0
1790727900,0.929,0.929,0.929,0.929,0.000,0.0,0
1790727960,0.928,0.928,0.928,0.928,0.928,485.2226367,1
1790728020,0.929,0.929,0.929,0.929,0.929,485.22263678,5
1790728080,0.929,0.929,0.929,0.929,0.929,14.0009,1
1790728140,0.929,0.929,0.929,0.929,0.000,0.0,0
1790728200,0.929,0.929,0.929,0.929,0.000,0.0,0
1790728260,0.929,0.929,0.929,0.929,0.000,0.0,0
1790728320,0.929,0.929,0.929,0.929,0.000,0.0,0
1790728380,0.929,0.929,0.929,0.929,0.000,0.0,0
1790728440,0.929,0.929,0.929,0.929,0.000,0.0,0
1790728500,0.929,0.929,0.929,0.929,0.000,0.0,0
1790728560,0.929,0.929,0.929,0.929,0.000,0.0,0
1790728620,0.929,0.929,0.929,0.929,0.000,0.0,0
1790728680,0.929,0.929,0.929,0.929,0.000,0.0,0
1790728740,0.931,0.932,0.931,0.931,0.931,255.75804367,4
1790728800,0.932,0.932,0.931,0.931,0.931,198.578813,3
1790728860,0.935,0.935,0.935,0.935,0.935,499.2235367,2
1790728920,0.935,0.935,0.935,0.935,0.000,0.0,0
1790728980,0.935,0.935,0.935,0.935,0.935,51.90374492,2
1790729040,0.935,0.935,0.935,0.935,0.000,0.0,0
1790729100,0.932,0.932,0.932,0.932,0.932,47.232075,2
1790729160,0.932,0.932,0.932,0.932,0.000,0.0,0
1790729220,0.932,0.932,0.932,0.932,0.000,0.0,0
1790729280,0.932,0.932,0.932,0.932,0.932,72.883056,2
1790729340,0.932,0.932,0.932,0.932,0.000,0.0,0
1790729400,0.932,0.932,0.932,0.932,0.932,363.792435,4
1790729460,0.932,0.932,0.932,0.932,0.932,60.525426,2
1790729520,0.932,0.932,0.932,0.932,0.000,0.0,0
1790729580,0.932,0.932,0.932,0.932,0.000,0.0,0
1790729640,0.932,0.932,0.932,0.932,0.000,0.0,0
1790729700,0.932,0.932,0.932,0.932,0.000,0.0,0
1790729760,0.932,0.932,0.932,0.932,0.000,0.0,0
1790729820,0.932,0.932,0.932,0.932,0.932,163.591292,2
1790729880,0.933,0.933,0.933,0.933,0.933,14.0009,1
1790729940,0.933,0.933,0.933,0.933,0.933,14.0009,1
1790730000,0.933,0.933,0.933,0.933,0.000,0.0,0
1790730060,0.935,0.935,0.935,0.935,0.935,485.22263678,4
1790730120,0.936,0.937,0.936,0.937,0.936,591.24514533,4
1790730180,0.938,0.938,0.938,0.938,0.938,227.5952929,2
1790730240,0.94,0.94,0.94,0.94,0.940,213.5943929,1
1790730300,0.94,0.94,0.94,0.94,0.000,0.0,0
1790730360,0.94,0.94,0.94,0.94,0.000,0.0,0
1790730420,0.94,0.94,0.94,0.94,0.000,0.0,0
1790730480,0.941,0.941,0.941,0.941,0.941,485.22263678,3
1790730540,0.941,0.941,0.941,0.941,0.000,0.0,0
1790730600,0.941,0.941,0.941,0.941,0.000,0.0,0
1790730660,0.943,0.945,0.943,0.945,0.944,970.44527356,2
1790730720,0.945,0.945,0.945,0.945,0.000,0.0,0
1790730780,0.945,0.945,0.945,0.945,0.945,485.22263678,2
1790730840,0.945,0.945,0.945,0.945,0.000,0.0,0
1790730900,0.945,0.945,0.945,0.945,0.000,0.0,0
1790730960,0.945,0.945,0.945,0.945,0.000,0.0,0
1790731020,0.945,0.945,0.945,0.945,0.000,0.0,0
1790731080,0.945,0.945,0.945,0.945,0.000,0.0,0
1790731140,0.945,0.945,0.945,0.945,0.000,0.0,0
1790731200,0.945,0.945,0.945,0.945,0.000,0.0,0
1790731260,0.945,0.945,0.945,0.945,0.000,0.0,0
1790731320,0.945,0.945,0.945,0.945,0.000,0.0,0
1790731380,0.945,0.945,0.945,0.945,0.000,0.0,0
1790731440,0.945,0.945,0.945,0.945,0.000,0.0,0
1790731500,0.95,0.95,0.95,0.95,0.950,59.034462,2
1790731560,0.95,0.95,0.95,0.95,0.000,0.0,0
1790731620,0.95,0.95,0.95,0.95,0.000,0.0,0
1790731680,0.95,0.95,0.95,0.95,0.000,0.0,0
1790731740,0.95,0.95,0.95,0.95,0.000,0.0,0
1790731800,0.944,0.944,0.944,0.944,0.944,1861.47,1
1790731860,0.944,0.944,0.944,0.944,0.000,0.0,0
1790731920,0.944,0.944,0.944,0.944,0.000,0.0,0
1790731980,0.944,0.944,0.944,0.944,0.000,0.0,0
1790732040,0.941,0.941,0.941,0.941,0.941,485.2226367,1
1790732100,0.941,0.941,0.941,0.941,0.000,0.0,0
1790732160,0.941,0.941,0.941,0.941,0.941,485.22263678,4
1790732220,0.941,0.941,0.941,0.941,0.000,0.0,0
1790732280,0.941,0.941,0.941,0.941,0.000,0.0,0
1790732340,0.941,0.941,0.941,0.941,0.000,0.0,0
1790732400,0.944,0.944,0.944,0.944,0.944,98.685305,2
1790732460,0.944,0.944,0.944,0.944,0.000,0.0,0
1790732520,0.944,0.944,0.944,0.944,0.000,0.0,0
1790732580,0.944,0.944,0.944,0.944,0.000,0.0,0
1790732640,0.944,0.944,0.944,0.944,0.000,0.0,0
1790732700,0.945,0.945,0.945,0.945,0.945,315.8898305,1
1790732760,0.945,0.945,0.945,0.945,0.000,0.0,0
1790732820,0.945,0.945,0.945,0.945,0.000,0.0,0
1790732880,0.945,0.945,0.945,0.945,0.000,0.0,0
1790732940,0.945,0.945,0.945,0.945,0.945,485.22263678,3
1790733000,0.945,0.945,0.945,0.945,0.000,0.0,0
1790733060,0.945,0.945,0.945,0.945,0.000,0.0,0
1790733120,0.945,0.945,0.945,0.945,0.000,0.0,0
1790733180,0.944,0.944,0.943,0.943,0.943,555.9538007,3
1790733240,0.943,0.943,0.943,0.943,0.000,0.0,0
1790733300,0.943,0.943,0.943,0.943,0.000,0.0,0
1790733360,0.942,0.942,0.942,0.942,0.942,82.412097,2
1790733420,0.942,0.942,0.942,0.942,0.000,0.0,0
1790733480,0.942,0.942,0.942,0.942,0.000,0.0,0
1790733540,0.942,0.942,0.942,0.942,0.000,0.0,0
1790733600,0.942,0.942,0.942,0.942,0.000,0.0,0
1790733660,0.942,0.942,0.942,0.942,0.000,0.0,0
1790733720,0.942,0.942,0.942,0.942,0.000,0.0,0
1790733780,0.942,0.942,0.942,0.942,0.942,485.22263678,1
1790733840,0.942,0.942,0.942,0.942,0.000,0.0,0
1790733900,0.942,0.942,0.942,0.942,0.000,0.0,0
1790733960,0.942,0.942,0.942,0.942,0.000,0.0,0
1790734020,0.945,0.945,0.945,0.945,0.945,485.2226367,1
1790734080,0.944,0.944,0.944,0.944,0.944,551.90556378,5
1790734140,0.944,0.944,0.944,0.944,0.000,0.0,0
1790734200,0.942,0.942,0.942,0.942,0.942,180.9593,3
1790734260,0.942,0.942,0.942,0.942,0.942,334.26333678,3
1790734320,0.942,0.942,0.942,0.942,0.000,0.0,0
1790734380,0.942,0.942,0.942,0.942,0.000,0.0,0
1790734440,0.94,0.94,0.94,0.94,0.940,485.22263678,2
1790734500,0.94,0.94,0.94,0.94,0.000,0.0,0
1790734560,0.939,0.939,0.939,0.939,0.939,485.22263678,1
1790734620,0.939,0.939,0.939,0.939,0.000,0.0,0
1790734680,0.939,0.939,0.939,0.939,0.000,0.0,0
1790734740,0.939,0.939,0.939,0.939,0.000,0.0,0
1790734800,0.939,0.939,0.939,0.939,0.000,0.0,0
1790734860,0.939,0.939,0.939,0.939,0.000,0.0,0
1790734920,0.939,0.939,0.938,0.938,0.938,6029.26922405,10
1790734980,0.94,0.94,0.939,0.939,0.939,1150.48956878,7
1790735040,0.939,0.939,0.939,0.939,0.000,0.0,0
1790735100,0.936,0.936,0.936,0.936,0.936,4673.34214419,15
1790735160,0.936,0.936,0.936,0.936,0.000,0.0,0
1790735220,0.934,0.934,0.934,0.934,0.934,14.0009,1
1790735280,0.934,0.934,0.934,0.934,0.934,338.14946136,2
1790735340,0.934,0.934,0.934,0.934,0.000,0.0,0
1790735400,0.934,0.934,0.934,0.934,0.000,0.0,0
1790735460,0.934,0.934,0.934,0.934,0.000,0.0,0
1790735520,0.934,0.934,0.934,0.934,0.000,0.0,0
1790735580,0.934,0.934,0.934,0.934,0.000,0.0,0
1790735640,0.934,0.934,0.934,0.934,0.000,0.0,0
1790735700,0.934,0.934,0.934,0.934,0.000,0.0,0
1790735760,0.935,0.936,0.935,0.936,0.935,28.0018,2
1790735820,0.936,0.936,0.936,0.936,0.936,833.0329382,4
1790735880,0.936,0.937,0.936,0.937,0.936,1063.6245901,3
1790735940,0.937,0.938,0.937,0.938,0.937,363.79243504,3
1790736000,0.94,0.94,0.94,0.94,0.940,274.66065931,1
1790736060,0.94,0.94,0.94,0.94,0.000,0.0,0
1790736120,0.94,0.94,0.94,0.94,0.000,0.0,0
1790736180,0.94,0.94,0.94,0.94,0.000,0.0,0
1790736240,0.94,0.94,0.94,0.94,0.940,485.2226367,1
1790736300,0.94,0.94,0.94,0.94,0.000,0.0,0
1790736360,0.941,0.941,0.941,0.941,0.941,485.2226367,1
1790736420,0.942,0.942,0.942,0.942,0.942,38.50898075,2
1790736480,0.942,0.942,0.942,0.942,0.000,0.0,0
1790736540,0.942,0.943,0.942,0.943,0.942,2531.64369034,10
1790736600,0.942,0.942,0.942,0.942,0.942,485.2226367,1
1790736660,0.942,0.942,0.942,0.942,0.000,0.0,0
1790736720,0.942,0.942,0.942,0.942,0.000,0.0,0
1790736780,0.942,0.942,0.942,0.942,0.000,0.0,0
1790736840,0.942,0.942,0.942,0.942,0.000,0.0,0
1790736900,0.942,0.942,0.942,0.942,0.000,0.0,0
1790736960,0.942,0.942,0.942,0.942,0.942,14.0009,1
1790737020,0.942,0.942,0.942,0.942,0.000,0.0,0
1790737080,0.942,0.942,0.942,0.942,0.000,0.0,0
1790737140,0.942,0.942,0.942,0.942,0.000,0.0,0
1790737200,0.942,0.942,0.942,0.942,0.000,0.0,0
1790737260,0.938,0.938,0.937,0.937,0.937,28.0018,2
1790737320,0.937,0.937,0.937,0.937,0.937,14.0009,1
1790737380,0.937,0.937,0.937,0.937,0.000,0.0,0
1790737440,0.937,0.937,0.937,0.937,0.000,0.0,0
1790737500,0.937,0.937,0.937,0.937,0.000,0.0,0
1790737560,0.937,0.937,0.937,0.937,0.000,0.0,0
1790737620,0.937,0.937,0.937,0.937,0.937,14.19519195,1
1790737680,0.937,0.937,0.937,0.937,0.000,0.0,0
1790737740,0.937,0.937,0.937,0.937,0.000,0.0,0
1790737800,0.937,0.937,0.937,0.937,0.000,0.0,0
1790737860,0.937,0.937,0.937,0.937,0.000,0.0,0
1790737920,0.937,0.937,0.937,0.937,0.000,0.0,0
1790737980,0.937,0.937,0.937,0.937,0.000,0.0,0
1790738040,0.937,0.937,0.937,0.937,0.000,0.0,0
1790738100,0.937,0.937,0.937,0.937,0.000,0.0,0
1790738160,0.937,0.937,0.937,0.937,0.000,0.0,0
1790738220,0.937,0.937,0.937,0.937,0.000,0.0,0
1790738280,0.937,0.937,0.937,0.937,0.000,0.0,0
1790738340,0.937,0.937,0.937,0.937,0.000,0.0,0
1790738400,0.937,0.937,0.937,0.937,0.000,0.0,0
1790738460,0.937,0.937,0.937,0.937,0.000,0.0,0
1790738520,0.937,0.937,0.937,0.937,0.000,0.0,0
1790738580,0.937,0.937,0.937,0.937,0.000,0.0,0
1790738640,0.937,0.937,0.937,0.937,0.000,0.0,0
1790738700,0.937,0.937,0.937,0.937,0.000,0.0,0
1790738760,0.931,0.931,0.931,0.931,0.931,485.2226367,1
1790738820,0.931,0.931,0.931,0.931,0.000,0.0,0
1790738880,0.931,0.931,0.931,0.931,0.000,0.0,0
1790738940,0.931,0.931,0.931,0.931,0.000,0.0,0
1790739000,0.931,0.931,0.931,0.931,0.000,0.0,0
1790739060,0.931,0.931,0.931,0.931,0.000,0.0,0
1790739120,0.931,0.931,0.931,0.931,0.000,0.0,0
1790739180,0.931,0.931,0.931,0.931,0.000,0.0,0
1790739240,0.931,0.931,0.931,0.931,0.000,0.0,0
1790739300,0.931,0.931,0.931,0.931,0.000,0.0,0
1790739360,0.931,0.931,0.931,0.931,0.000,0.0,0
1790739420,0.931,0.931,0.931,0.931,0.000,0.0,0
1790739480,0.931,0.931,0.931,0.931,0.000,0.0,0
1790739540,0.936,0.936,0.936,0.936,0.936,485.2226367,1
1790739600,0.936,0.936,0.936,0.936,0.000,0.0,0
1790739660,0.936,0.936,0.936,0.936,0.000,0.0,0
1790739720,0.936,0.936,0.936,0.936,0.000,0.0,0
1790739780,0.936,0.936,0.936,0.936,0.000,0.0,0
1790739840,0.936,0.936,0.936,0.936,0.000,0.0,0
1790739900,0.932,0.932,0.932,0.932,0.932,485.2226367,1
1790739960,0.932,0.932,0.932,0.932,0.000,0.0,0
1790740020,0.932,0.932,0.932,0.932,0.000,0.0,0
1790740080,0.932,0.932,0.932,0.932,0.000,0.0,0
1790740140,0.932,0.932,0.932,0.932,0.000,0.0,0
1790740200,0.932,0.932,0.932,0.932,0.000,0.0,0
1790740260,0.932,0.932,0.932,0.932,0.000,0.0,0
1790740320,0.932,0.932,0.932,0.932,0.000,0.0,0
1790740380,0.93,0.93,0.93,0.93,0.930,335.790635,1
1790740440,0.93,0.93,0.93,0.93,0.000,0.0,0
1790740500,0.93,0.93,0.93,0.93,0.930,485.22263678,2
1790740560,0.93,0.93,0.93,0.93,0.000,0.0,0
1790740620,0.93,0.93,0.93,0.93,0.000,0.0,0
1790740680,0.93,0.93,0.93,0.93,0.000,0.0,0
1790740740,0.93,0.93,0.93,0.93,0.000,0.0,0
1790740800,0.93,0.93,0.93,0.93,0.000,0.0,0
1790740860,0.93,0.93,0.93,0.93,0.000,0.0,0
1790740920,0.93,0.93,0.93,0.93,0.000,0.0,0
1790740980,0.935,0.935,0.935,0.935,0.935,30.432358,2
1790741040,0.935,0.935,0.935,0.935,0.935,485.22263678,1
1790741100,0.935,0.935,0.935,0.935,0.000,0.0,0
1790741160,0.935,0.935,0.935,0.935,0.000,0.0,0
1790741220,0.935,0.935,0.935,0.935,0.000,0.0,0
1790741280,0.935,0.935,0.935,0.935,0.000,0.0,0
1790741340,0.935,0.935,0.935,0.935,0.000,0.0,0
1790741400,0.935,0.935,0.935,0.935,0.000,0.0,0
1790741460,0.935,0.935,0.935,0.935,0.935,514.73171271,6
1790741520,0.935,0.935,0.935,0.935,0.000,0.0,0
1790741580,0.935,0.935,0.935,0.935,0.000,0.0,0
1790741640,0.937,0.937,0.937,0.937,0.937,511.06237487,4
1790741700,0.938,0.938,0.938,0.938,0.938,507.8515667,5
1790741760,0.938,0.938,0.938,0.938,0.000,0.0,0
1790741820,0.938,0.938,0.938,0.938,0.000,0.0,0
1790741880,0.939,0.939,0.939,0.939,0.939,372.14921223,2
1790741940,0.939,0.939,0.939,0.939,0.000,0.0,0
1790742000,0.939,0.939,0.939,0.939,0.000,0.0,0
1790742060,0.939,0.939,0.939,0.939,0.000,0.0,0
1790742120,0.939,0.939,0.939,0.939,0.000,0.0,0
1790742180,0.939,0.939,0.939,0.939,0.000,0.0,0
1790742240,0.939,0.939,0.939,0.939,0.000,0.0,0
1790742300,0.939,0.939,0.939,0.939,0.000,0.0,0
1790742360,0.939,0.939,0.939,0.939,0.000,0.0,0
1790742420,0.939,0.939,0.939,0.939,0.000,0.0,0
1790742480,0.939,0.939,0.939,0.939,0.000,0.0,0
1790742540,0.94,0.94,0.94,0.94,0.940,18.6679,1
1790742600,0.94,0.94,0.94,0.94,0.000,0.0,0
1790742660,0.94,0.94,0.94,0.94,0.000,0.0,0
1790742720,0.94,0.94,0.94,0.94,0.000,0.0,0
1790742780,0.94,0.94,0.94,0.94,0.000,0.0,0
1790742840,0.94,0.94,0.94,0.94,0.000,0.0,0
1790742900,0.937,0.937,0.937,0.937,0.937,213.59439296,2
1790742960,0.937,0.937,0.937,0.937,0.000,0.0,0
1790743020,0.937,0.937,0.937,0.937,0.000,0.0,0
1790743080,0.937,0.937,0.937,0.937,0.000,0.0,0
1790743140,0.937,0.937,0.937,0.937,0.000,0.0,0
1790743200,0.937,0.937,0.937,0.937,0.000,0.0,0
1790743260,0.937,0.937,0.937,0.937,0.000,0.0,0
1790743320,0.937,0.937,0.937,0.937,0.000,0.0,0
1790743380,0.937,0.937,0.937,0.937,0.000,0.0,0
1790743440,0.937,0.937,0.937,0.937,0.000,0.0,0
1790743500,0.937,0.937,0.937,0.937,0.000,0.0,0
1790743560,0.937,0.937,0.937,0.937,0.000,0.0,0
1790743620,0.937,0.937,0.937,0.937,0.000,0.0,0
1790743680,0.937,0.937,0.937,0.937,0.000,0.0,0
1790743740,0.937,0.937,0.937,0.937,0.000,0.0,0
1790743800,0.937,0.937,0.937,0.937,0.000,0.0,0
1790743860,0.939,0.939,0.939,0.939,0.939,213.59439296,1
1790743920,0.939,0.939,0.939,0.939,0.000,0.0,0
1790743980,0.939,0.939,0.939,0.939,0.000,0.0,0
1790744040,0.939,0.939,0.939,0.939,0.000,0.0,0
1790744100,0.939,0.939,0.939,0.939,0.000,0.0,0
1790744160,0.939,0.939,0.939,0.939,0.000,0.0,0
1790744220,0.939,0.939,0.939,0.939,0.000,0.0,0
1790744280,0.936,0.936,0.936,0.936,0.936,503.89053678,3
1790744340,0.936,0.936,0.936,0.936,0.936,18.6679,1
1790744400,0.938,0.938,0.938,0.938,0.938,485.1246658,1
1790744460,0.938,0.938,0.938,0.938,0.000,0.0,0
1790744520,0.938,0.938,0.938,0.938,0.000,0.0,0
1790744580,0.938,0.938,0.938,0.938,0.000,0.0,0
1790744640,0.938,0.938,0.938,0.938,0.000,0.0,0
1790744700,0.938,0.938,0.938,0.938,0.000,0.0,0
1790744760,0.938,0.938,0.938,0.938,0.000,0.0,0
1790744820,0.938,0.938,0.938,0.938,0.000,0.0,0
1790744880,0.939,0.939,0.939,0.939,0.939,485.2226367,1
1790744940,0.939,0.939,0.938,0.938,0.938,68.31797126,3
1790745000,0.938,0.938,0.938,0.938,0.000,0.0,0
1790745060,0.938,0.938,0.938,0.938,0.000,0.0,0
1790745120,0.938,0.938,0.938,0.938,0.938,485.22263678,3
1790745180,0.938,0.938,0.938,0.938,0.000,0.0,0
1790745240,0.938,0.938,0.938,0.938,0.000,0.0,0
1790745300,0.936,0.936,0.936,0.936,0.936,485.2226367,1
1790745360,0.936,0.936,0.936,0.936,0.936,354.45853504,2
1790745420,0.936,0.936,0.936,0.936,0.000,0.0,0
1790745480,0.939,0.94,0.939,0.94,0.939,970.44527356,4
1790745540,0.94,0.94,0.94,0.94,0.940,480.72669381,1
1790745600,0.94,0.94,0.94,0.94,0.000,0.0,0
1790745660,0.94,0.94,0.94,0.94,0.000,0.0,0
1790745720,0.94,0.94,0.94,0.94,0.000,0.0,0
1790745780,0.94,0.94,0.94,0.94,0.000,0.0,0
1790745840,0.94,0.94,0.94,0.94,0.000,0.0,0
1790745900,0.94,0.94,0.94,0.94,0.000,0.0,0
1790745960,0.94,0.94,0.94,0.94,0.000,0.0,0
1790746020,0.94,0.94,0.94,0.94,0.000,0.0,0
1790746080,0.94,0.94,0.94,0.94,0.000,0.0,0
1790746140,0.94,0.94,0.94,0.94,0.000,0.0,0
1790746200,0.94,0.94,0.94,0.94,0.000,0.0,0
1790746260,0.94,0.94,0.94,0.94,0.000,0.0,0
1790746320,0.946,0.946,0.946,0.946,0.946,18.6679,1
1790746380,0.946,0.946,0.946,0.946,0.000,0.0,0
1790746440,0.946,0.946,0.946,0.946,0.000,0.0,0
1790746500,0.946,0.946,0.946,0.946,0.000,0.0,0
1790746560,0.946,0.946,0.946,0.946,0.000,0.0,0
1790746620,0.946,0.946,0.946,0.946,0.000,0.0,0
1790746680,0.946,0.946,0.946,0.946,0.000,0.0,0
1790746740,0.946,0.946,0.946,0.946,0.000,0.0,0
1790746800,0.946,0.946,0.946,0.946,0.000,0.0,0
1790746860,0.946,0.946,0.946,0.946,0.000,0.0,0
1790746920,0.946,0.946,0.946,0.946,0.000,0.0,0
1790746980,0.946,0.946,0.946,0.946,0.000,0.0,0
1790747040,0.946,0.946,0.946,0.946,0.000,0.0,0
1790747100,0.946,0.946,0.946,0.946,0.000,0.0,0
1790747160,0.946,0.946,0.946,0.946,0.946,335.790635,1
1790747220,0.946,0.946,0.946,0.946,0.000,0.0,0
1790747280,0.946,0.946,0.946,0.946,0.000,0.0,0
1790747340,0.946,0.946,0.946,0.946,0.000,0.0,0
1790747400,0.946,0.946,0.946,0.946,0.000,0.0,0
1790747460,0.944,0.944,0.944,0.944,0.944,485.2226367,1
1790747520,0.944,0.944,0.944,0.944,0.000,0.0,0
1790747580,0.942,0.942,0.942,0.942,0.942,485.22263678,3
1790747640,0.942,0.942,0.942,0.942,0.000,0.0,0
1790747700,0.942,0.942,0.942,0.942,0.000,0.0,0
1790747760,0.942,0.942,0.942,0.942,0.000,0.0,0
1790747820,0.942,0.942,0.942,0.942,0.000,0.0,0
1790747880,0.941,0.942,0.941,0.942,0.941,667.1722408,2
1790747940,0.942,0.942,0.942,0.942,0.942,485.22263678,4
1790748000,0.942,0.942,0.942,0.942,0.000,0.0,0
1790748060,0.945,0.945,0.945,0.945,0.945,485.2226367,1
1790748120,0.943,0.943,0.943,0.943,0.943,485.22263678,2
1790748180,0.942,0.942,0.942,0.942,0.942,485.22263678,3
1790748240,0.942,0.942,0.942,0.942,0.000,0.0,0
1790748300,0.942,0.942,0.942,0.942,0.000,0.0,0
1790748360,0.942,0.942,0.942,0.942,0.000,0.0,0
1790748420,0.942,0.942,0.942,0.942,0.000,0.0,0
1790748480,0.942,0.942,0.942,0.942,0.000,0.0,0
1790748540,0.942,0.942,0.942,0.942,0.000,0.0,0
1790748600,0.942,0.942,0.942,0.942,0.000,0.0,0
1790748660,0.942,0.942,0.942,0.942,0.000,0.0,0
1790748720,0.939,0.939,0.939,0.939,0.939,485.22263678,2
1790748780,0.939,0.939,0.939,0.939,0.000,0.0,0
1790748840,0.939,0.939,0.939,0.939,0.000,0.0,0
1790748900,0.939,0.939,0.939,0.939,0.000,0.0,0
1790748960,0.939,0.939,0.939,0.939,0.000,0.0,0
1790749020,0.939,0.939,0.939,0.939,0.939,485.2226367,1
1790749080,0.939,0.939,0.939,0.939,0.000,0.0,0
1790749140,0.939,0.939,0.939,0.939,0.000,0.0,0
1790749200,0.939,0.939,0.939,0.939,0.000,0.0,0
1790749260,0.939,0.939,0.939,0.939,0.000,0.0,0
1790749320,0.936,0.936,0.936,0.936,0.936,18.6679,1
1790749380,0.936,0.936,0.936,0.936,0.000,0.0,0
1790749440,0.936,0.936,0.936,0.936,0.000,0.0,0
1790749500,0.933,0.935,0.932,0.935,0.933,11616.52321593,18
1790749560,0.935,0.935,0.935,0.935,0.000,0.0,0
1790749620,0.935,0.935,0.935,0.935,0.000,0.0,0
1790749680,0.935,0.935,0.935,0.935,0.000,0.0,0
1790749740,0.932,0.932,0.932,0.932,0.932,56.40026015,2
1790749800,0.932,0.932,0.932,0.932,0.932,428.82237663,2
1790749860,0.932,0.932,0.932,0.932,0.000,0.0,0
1790749920,0.932,0.932,0.932,0.932,0.932,485.22263678,3
1790749980,0.932,0.932,0.932,0.932,0.932,485.2226367,1
1790750040,0.932,0.932,0.932,0.932,0.000,0.0,0
1790750100,0.932,0.932,0.932,0.932,0.000,0.0,0
1790750160,0.932,0.932,0.932,0.932,0.000,0.0,0
1790750220,0.932,0.932,0.932,0.932,0.000,0.0,0
1790750280,0.931,0.932,0.931,0.932,0.931,885.175663,3
1790750340,0.932,0.932,0.932,0.932,0.000,0.0,0
1790750400,0.932,0.932,0.932,0.932,0.000,0.0,0
1790750460,0.932,0.932,0.932,0.932,0.000,0.0,0
1790750520,0.932,0.932,0.932,0.932,0.932,18.6679,1
1790750580,0.932,0.932,0.932,0.932,0.000,0.0,0
1790750640,0.931,0.931,0.931,0.931,0.931,18.6679,1
1790750700,0.93,0.93,0.93,0.93,0.930,184.63235778,2
1790750760,0.93,0.93,0.93,0.93,0.000,0.0,0
1790750820,0.929,0.929,0.929,0.929,0.929,485.2226367,1
1790750880,0.927,0.927,0.927,0.927,0.927,1340.68716289,2
1790750940,0.925,0.925,0.925,0.925,0.925,18.6679,1
1790751000,0.929,0.929,0.929,0.929,0.929,37.3358,2
1790751060,0.929,0.929,0.929,0.929,0.000,0.0,0
1790751120,0.929,0.929,0.929,0.929,0.000,0.0,0
1790751180,0.929,0.929,0.929,0.929,0.000,0.0,0
1790751240,0.929,0.929,0.929,0.929,0.929,671.58127,2
1790751300,0.929,0.929,0.929,0.929,0.000,0.0,0
1790751360,0.929,0.929,0.929,0.929,0.000,0.0,0
1790751420,0.929,0.929,0.929,0.929,0.929,335.790635,1
1790751480,0.929,0.929,0.929,0.929,0.000,0.0,0
1790751540,0.929,0.929,0.929,0.929,0.000,0.0,0
1790751600,0.929,0.929,0.929,0.929,0.000,0.0,0
1790751660,0.928,0.928,0.928,0.928,0.928,485.22263672,2
1790751720,0.928,0.928,0.928,0.928,0.000,0.0,0
1790751780,0.928,0.928,0.928,0.928,0.000,0.0,0
1790751840,0.928,0.928,0.928,0.928,0.000,0.0,0
1790751900,0.928,0.928,0.928,0.928,0.000,0.0,0
1790751960,0.928,0.928,0.928,0.928,0.000,0.0,0
1790752020,0.928,0.928,0.928,0.928,0.000,0.0,0
1790752080,0.928,0.928,0.928,0.928,0.000,0.0,0
1790752140,0.928,0.928,0.928,0.928,0.000,0.0,0
1790752200,0.929,0.929,0.929,0.929,0.929,485.2226367,1
1790752260,0.927,0.927,0.927,0.927,0.927,649.37444383,2
1790752320,0.927,0.927,0.927,0.927,0.000,0.0,0
1790752380,0.927,0.927,0.927,0.927,0.000,0.0,0
1790752440,0.927,0.927,0.927,0.927,0.000,0.0,0
1790752500,0.928,0.928,0.928,0.928,0.928,770.21889548,5
1790752560,0.928,0.928,0.928,0.928,0.000,0.0,0
1790752620,0.928,0.928,0.928,0.928,0.000,0.0,0
1790752680,0.93,0.93,0.93,0.93,0.930,485.22263678,3
1790752740,0.933,0.933,0.933,0.933,0.933,485.22263678,1
1790752800,0.935,0.935,0.935,0.935,0.935,485.22263678,2
1790752860,0.935,0.935,0.935,0.935,0.000,0.0,0
1790752920,0.935,0.935,0.935,0.935,0.935,801.00821518,4
1790752980,0.935,0.935,0.935,0.935,0.935,87.82031672,1
1790753040,0.935,0.935,0.935,0.935,0.000,0.0,0
1790753100,0.937,0.937,0.937,0.937,0.937,18.6679,1
1790753160,0.937,0.937,0.937,0.937,0.000,0.0,0
1790753220,0.936,0.936,0.936,0.936,0.936,212.4613152,5
1790753280,0.936,0.936,0.936,0.936,0.000,0.0,0
1790753340,0.936,0.936,0.936,0.936,0.000,0.0,0
1790753400,0.936,0.936,0.936,0.936,0.000,0.0,0
1790753460,0.936,0.936,0.936,0.936,0.000,0.0,0
1790753520,0.936,0.936,0.936,0.936,0.000,0.0,0
1790753580,0.936,0.936,0.936,0.936,0.000,0.0,0
1790753640,0.936,0.936,0.936,0.936,0.000,0.0,0
1790753700,0.936,0.936,0.936,0.936,0.000,0.0,0
1790753760,0.936,0.936,0.936,0.936,0.000,0.0,0
1790753820,0.936,0.936,0.936,0.936,0.000,0.0,0
1790753880,0.936,0.936,0.936,0.936,0.000,0.0,0
1790753940,0.936,0.936,0.936,0.936,0.000,0.0,0
1790754000,0.936,0.936,0.936,0.936,0.000,0.0,0
1790754060,0.936,0.936,0.936,0.936,0.000,0.0,0
1790754120,0.936,0.936,0.936,0.936,0.000,0.0,0
1790754180,0.936,0.936,0.936,0.936,0.936,213.594392,1
1790754240,0.938,0.938,0.938,0.938,0.938,749.34807725,4
1790754300,0.938,0.938,0.938,0.938,0.000,0.0,0
1790754360,0.938,0.938,0.938,0.938,0.000,0.0,0
1790754420,0.938,0.938,0.938,0.938,0.000,0.0,0
1790754480,0.938,0.938,0.938,0.938,0.000,0.0,0
1790754540,0.938,0.938,0.938,0.938,0.000,0.0,0
1790754600,0.938,0.938,0.938,0.938,0.000,0.0,0
1790754660,0.938,0.938,0.938,0.938,0.938,213.59439296,1
1790754720,0.938,0.938,0.938,0.938,0.000,0.0,0
1790754780,0.938,0.938,0.938,0.938,0.000,0.0,0
1790754840,0.937,0.937,0.937,0.937,0.937,485.22263678,1
1790754900,0.937,0.937,0.937,0.937,0.000,0.0,0
1790754960,0.934,0.934,0.934,0.934,0.934,485.222636,1
1790755020,0.934,0.934,0.934,0.934,0.000,0.0,0
1790755080,0.934,0.934,0.934,0.934,0.000,0.0,0
1790755140,0.935,0.935,0.935,0.935,0.935,286.045222,2
1790755200,0.935,0.935,0.935,0.935,0.000,0.0,0
1790755260,0.935,0.935,0.935,0.935,0.935,485.2226367,1
1790755320,0.935,0.935,0.935,0.935,0.000,0.0,0
1790755380,0.935,0.935,0.935,0.935,0.000,0.0,0
1790755440,0.934,0.934,0.934,0.934,0.934,18.6679,1
1790755500,0.933,0.933,0.933,0.933,0.933,485.2226367,1
1790755560,0.933,0.933,0.933,0.933,0.000,0.0,0
1790755620,0.932,0.932,0.932,0.932,0.932,21.831535,2
1790755680,0.931,0.931,0.93,0.93,0.930,1460.44219636,6
1790755740,0.93,0.93,0.93,0.93,0.000,0.0,0
1790755800,0.93,0.93,0.93,0.93,0.000,0.0,0
1790755860,0.93,0.93,0.93,0.93,0.000,0.0,0
1790755920,0.93,0.93,0.93,0.93,0.000,0.0,0
1790755980,0.931,0.931,0.931,0.931,0.931,232.262292,2
1790756040,0.931,0.931,0.931,0.931,0.000,0.0,0
1790756100,0.931,0.931,0.931,0.931,0.000,0.0,0
1790756160,0.935,0.935,0.935,0.935,0.935,485.22263678,2
1790756220,0.935,0.935,0.935,0.935,0.000,0.0,0
1790756280,0.936,0.938,0.936,0.938,0.937,1004.435246,4
1790756340,0.939,0.939,0.939,0.939,0.939,485.22263678,3
1790756400,0.936,0.936,0.936,0.936,0.936,238.23104839,1
1790756460,0.938,0.939,0.938,0.939,0.938,258.465171,4
1790756520,0.939,0.939,0.939,0.939,0.000,0.0,0
1790756580,0.939,0.939,0.939,0.939,0.000,0.0,0
1790756640,0.939,0.939,0.939,0.939,0.000,0.0,0
1790756700,0.939,0.939,0.939,0.939,0.000,0.0,0
1790756760,0.939,0.939,0.939,0.939,0.000,0.0,0
1790756820,0.941,0.941,0.941,0.941,0.941,213.594392,1
1790756880,0.941,0.941,0.941,0.941,0.000,0.0,0
1790756940,0.941,0.941,0.941,0.941,0.000,0.0,0
1790757000,0.941,0.941,0.941,0.941,0.000,0.0,0
1790757060,0.941,0.941,0.941,0.941,0.000,0.0,0
1790757120,0.941,0.941,0.941,0.941,0.000,0.0,0
1790757180,0.935,0.935,0.935,0.935,0.935,464.155657,3
1790757240,0.935,0.935,0.935,0.935,0.000,0.0,0
1790757300,0.935,0.935,0.935,0.935,0.000,0.0,0
1790757360,0.935,0.935,0.935,0.935,0.000,0.0,0
1790757420,0.935,0.935,0.935,0.935,0.000,0.0,0
1790757480,0.935,0.935,0.935,0.935,0.000,0.0,0
1790757540,0.935,0.935,0.935,0.935,0.000,0.0,0
1790757600,0.936,0.936,0.936,0.936,0.936,232.262292,2
1790757660,0.936,0.936,0.936,0.936,0.000,0.0,0
1790757720,0.936,0.936,0.936,0.936,0.000,0.0,0
1790757780,0.936,0.936,0.936,0.936,0.000,0.0,0
1790757840,0.936,0.936,0.936,0.936,0.000,0.0,0
1790757900,0.936,0.936,0.936,0.936,0.000,0.0,0
1790757960,0.936,0.936,0.936,0.936,0.000,0.0,0
1790758020,0.936,0.936,0.936,0.936,0.000,0.0,0
1790758080,0.936,0.936,0.936,0.936,0.000,0.0,0
1790758140,0.943,0.943,0.943,0.943,0.943,18.6679,1
1790758200,0.943,0.943,0.943,0.943,0.000,0.0,0
1790758260,0.943,0.943,0.943,0.943,0.000,0.0,0
1790758320,0.943,0.943,0.943,0.943,0.000,0.0,0
1790758380,0.943,0.943,0.943,0.943,0.000,0.0,0
1790758440,0.943,0.943,0.943,0.943,0.000,0.0,0
1790758500,0.943,0.943,0.943,0.943,0.000,0.0,0
1790758560,0.943,0.943,0.943,0.943,0.000,0.0,0
1790758620,0.942,0.942,0.942,0.942,0.942,9.90036594,1
1790758680,0.942,0.942,0.942,0.942,0.000,0.0,0
1790758740,0.942,0.942,0.942,0.942,0.942,18.6679,1
1790758800,0.942,0.942,0.942,0.942,0.000,0.0,0
1790758860,0.942,0.942,0.942,0.942,0.000,0.0,0
1790758920,0.944,0.944,0.944,0.944,0.944,232.262292,2
1790758980,0.944,0.944,0.944,0.944,0.944,50.367341,2
1790759040,0.944,0.944,0.944,0.944,0.000,0.0,0
1790759100,0.944,0.944,0.944,0.944,0.000,0.0,0
1790759160,0.944,0.944,0.944,0.944,0.000,0.0,0
1790759220,0.944,0.944,0.944,0.944,0.000,0.0,0
1790759280,0.947,0.947,0.947,0.947,0.947,18.6679,1
1790759340,0.945,0.945,0.945,0.945,0.945,18.6679,1
1790759400,0.945,0.945,0.945,0.945,0.000,0.0,0
1790759460,0.945,0.945,0.945,0.945,0.000,0.0,0
1790759520,0.945,0.945,0.945,0.945,0.945,28.940716,2
1790759580,0.945,0.945,0.945,0.945,0.945,354.458535,2
1790759640,0.945,0.945,0.945,0.945,0.000,0.0,0
1790759700,0.945,0.945,0.945,0.945,0.000,0.0,0
1790759760,0.945,0.945,0.945,0.945,0.000,0.0,0
1790759820,0.945,0.945,0.945,0.945,0.000,0.0,0
1790759880,0.945,0.945,0.945,0.945,0.000,0.0,0
1790759940,0.945,0.945,0.945,0.945,0.000,0.0,0
1790760000,0.945,0.945,0.945,0.945,0.000,0.0,0
1790760060,0.946,0.946,0.946,0.946,0.946,18.6679,1
1790760120,0.946,0.946,0.946,0.946,0.946,232.262292,2
1790760180,0.946,0.946,0.946,0.946,0.000,0.0,0
1790760240,0.946,0.946,0.946,0.946,0.000,0.0,0
1790760300,0.946,0.946,0.946,0.946,0.000,0.0,0
1790760360,0.946,0.946,0.946,0.946,0.000,0.0,0
1790760420,0.948,0.948,0.948,0.948,0.948,282.378657,2
1790760480,0.948,0.948,0.948,0.948,0.000,0.0,0
1790760540,0.948,0.948,0.948,0.948,0.000,0.0,0
1790760600,0.95,0.95,0.949,0.949,0.949,493.31132696,3
1790760660,0.949,0.949,0.949,0.949,0.000,0.0,0
1790760720,0.954,0.954,0.953,0.953,0.953,580.56622505,4
1790760780,0.954,0.954,0.954,0.954,0.954,494.119251,5
1790760840,0.954,0.954,0.954,0.954,0.000,0.0,0
1790760900,0.954,0.954,0.954,0.954,0.000,0.0,0
1790760960,0.952,0.952,0.952,0.952,0.952,503.8905363,3
1790761020,0.952,0.952,0.952,0.952,0.000,0.0,0
1790761080,0.95,0.95,0.95,0.95,0.950,485.22263678,1
1790761140,0.95,0.95,0.95,0.95,0.000,0.0,0
1790761200,0.95,0.95,0.95,0.95,0.000,0.0,0
1790761260,0.95,0.95,0.95,0.95,0.000,0.0,0
1790761320,0.95,0.95,0.95,0.95,0.000,0.0,0
1790761380,0.95,0.95,0.95,0.95,0.000,0.0,0
1790761440,0.95,0.95,0.95,0.95,0.950,354.458535,2
1790761500,0.95,0.95,0.95,0.95,0.000,0.0,0
1790761560,0.95,0.95,0.95,0.95,0.000,0.0,0
1790761620,0.95,0.95,0.95,0.95,0.000,0.0,0
1790761680,0.95,0.95,0.95,0.95,0.000,0.0,0
1790761740,0.95,0.95,0.95,0.95,0.000,0.0,0
1790761800,0.95,0.95,0.95,0.95,0.950,485.2226367,1
1790761860,0.95,0.95,0.95,0.95,0.000,0.0,0
1790761920,0.95,0.95,0.95,0.95,0.000,0.0,0
1790761980,0.949,0.949,0.949,0.949,0.949,485.22263678,3
1790762040,0.947,0.947,0.947,0.947,0.947,107.18113194,2
1790762100,0.948,0.948,0.948,0.948,0.948,32.02954,2
1790762160,0.948,0.948,0.948,0.948,0.000,0.0,0
1790762220,0.947,0.947,0.947,0.947,0.947,485.2226367,1
1790762280,0.947,0.947,0.947,0.947,0.000,0.0,0
1790762340,0.947,0.947,0.947,0.947,0.000,0.0,0
1790762400,0.947,0.947,0.947,0.947,0.000,0.0,0
1790762460,0.947,0.947,0.947,0.947,0.000,0.0,0
1790762520,0.946,0.946,0.946,0.946,0.946,485.22263678,2
1790762580,0.946,0.946,0.946,0.946,0.000,0.0,0
1790762640,0.946,0.946,0.946,0.946,0.000,0.0,0
1790762700,0.947,0.947,0.947,0.947,0.947,7.98715203,1
1790762760,0.947,0.947,0.947,0.947,0.947,27.484758,2
1790762820,0.947,0.947,0.947,0.947,0.000,0.0,0
1790762880,0.946,0.946,0.946,0.946,0.946,485.2226367,1
1790762940,0.945,0.945,0.945,0.945,0.945,357.2,2
1790763000,0.945,0.945,0.945,0.945,0.000,0.0,0
1790763060,0.945,0.945,0.945,0.945,0.000,0.0,0
1790763120,0.945,0.945,0.945,0.945,0.000,0.0,0
1790763180,0.943,0.943,0.943,0.943,0.943,393.044053,1
1790763240,0.943,0.943,0.943,0.943,0.000,0.0,0
1790763300,0.943,0.943,0.943,0.943,0.943,92.1785837,1
1790763360,0.943,0.943,0.943,0.943,0.000,0.0,0
1790763420,0.943,0.943,0.943,0.943,0.000,0.0,0
1790763480,0.943,0.943,0.943,0.943,0.000,0.0,0
1790763540,0.943,0.943,0.943,0.943,0.000,0.0,0
1790763600,0.944,0.944,0.944,0.944,0.944,357.5561688,2
1790763660,0.946,0.946,0.946,0.946,0.946,372.826976,3
1790763720,0.944,0.944,0.944,0.944,0.944,485.22263678,4
1790763780,0.944,0.944,0.944,0.944,0.000,0.0,0
1790763840,0.943,0.943,0.943,0.943,0.943,485.22263678,1
1790763900,0.943,0.943,0.943,0.943,0.000,0.0,0
1790763960,0.943,0.943,0.943,0.943,0.000,0.0,0
1790764020,0.943,0.943,0.943,0.943,0.000,0.0,0
1790764080,0.944,0.944,0.944,0.944,0.944,25.880205,2
1790764140,0.944,0.944,0.944,0.944,0.000,0.0,0
1790764200,0.944,0.944,0.944,0.944,0.000,0.0,0
1790764260,0.944,0.945,0.944,0.945,0.944,1469.9832459,3
1790764320,0.945,0.945,0.945,0.945,0.000,0.0,0
1790764380,0.945,0.945,0.945,0.945,0.000,0.0,0
1790764440,0.945,0.945,0.945,0.945,0.000,0.0,0
1790764500,0.945,0.945,0.945,0.945,0.000,0.0,0
1790764560,0.945,0.945,0.945,0.945,0.000,0.0,0
1790764620,0.945,0.945,0.945,0.945,0.000,0.0,0
1790764680,0.945,0.945,0.945,0.945,0.000,0.0,0
1790764740,0.947,0.947,0.947,0.947,0.947,251.520627,2
1790764800,0.947,0.947,0.947,0.947,0.000,0.0,0
1790764860,0.947,0.947,0.947,0.947,0.000,0.0,0
1790764920,0.947,0.947,0.947,0.947,0.000,0.0,0
1790764980,0.947,0.947,0.947,0.947,0.000,0.0,0
1790765040,0.947,0.947,0.947,0.947,0.000,0.0,0
1790765100,0.947,0.947,0.947,0.947,0.000,0.0,0
1790765160,0.947,0.947,0.947,0.947,0.000,0.0,0
1790765220,0.947,0.947,0.947,0.947,0.000,0.0,0
1790765280,0.947,0.947,0.947,0.947,0.000,0.0,0
1790765340,0.947,0.947,0.947,0.947,0.000,0.0,0
1790765400,0.947,0.947,0.947,0.947,0.000,0.0,0
1790765460,0.946,0.946,0.946,0.946,0.946,20.999139,2
1790765520,0.946,0.946,0.946,0.946,0.946,354.458535,2
1790765580,0.946,0.946,0.946,0.946,0.946,28.962292,2
1790765640,0.946,0.946,0.946,0.946,0.000,0.0,0
1790765700,0.946,0.946,0.946,0.946,0.000,0.0,0
1790765760,0.946,0.946,0.946,0.946,0.946,23.970936,2
1790765820,0.946,0.946,0.946,0.946,0.000,0.0,0
1790765880,0.946,0.946,0.946,0.946,0.000,0.0,0
1790765940,0.946,0.946,0.946,0.946,0.000,0.0,0
1790766000,0.946,0.946,0.946,0.946,0.000,0.0,0
1790766060,0.942,0.942,0.942,0.942,0.942,3888.00426453,7
1790766120,0.942,0.942,0.942,0.942,0.000,0.0,0
1790766180,0.942,0.942,0.942,0.942,0.000,0.0,0
1790766240,0.942,0.942,0.942,0.942,0.000,0.0,0
1790766300,0.939,0.939,0.939,0.939,0.939,18.6679,1
1790766360,0.937,0.937,0.937,0.937,0.937,485.22263678,2
1790766420,0.935,0.935,0.935,0.935,0.935,18.6679,1
1790766480,0.935,0.935,0.935,0.935,0.000,0.0,0
1790766540,0.936,0.936,0.936,0.936,0.936,171.2951,3
1790766600,0.935,0.935,0.935,0.935,0.935,232.262292,2
1790766660,0.935,0.935,0.935,0.935,0.000,0.0,0
1790766720,0.935,0.935,0.935,0.935,0.000,0.0,0
1790766780,0.935,0.935,0.935,0.935,0.000,0.0,0
1790766840,0.937,0.937,0.937,0.937,0.937,485.2226367,1
1790766900,0.937,0.937,0.937,0.937,0.000,0.0,0
1790766960,0.936,0.936,0.936,0.936,0.936,18.6679,1
1790767020,0.936,0.936,0.936,0.936,0.000,0.0,0
1790767080,0.936,0.936,0.936,0.936,0.000,0.0,0
1790767140,0.936,0.936,0.935,0.935,0.935,1320.45224191,5
1790767200,0.935,0.935,0.935,0.935,0.935,232.262292,2
1790767260,0.935,0.935,0.935,0.935,0.000,0.0,0
1790767320,0.935,0.935,0.935,0.935,0.000,0.0,0
1790767380,0.935,0.935,0.935,0.935,0.000,0.0,0
1790767440,0.935,0.935,0.935,0.935,0.000,0.0,0
1790767500,0.935,0.935,0.935,0.935,0.000,0.0,0
1790767560,0.935,0.935,0.935,0.935,0.000,0.0,0
1790767620,0.935,0.935,0.935,0.935,0.000,0.0,0
1790767680,0.94,0.941,0.94,0.941,0.940,525.30513578,9
1790767740,0.941,0.941,0.941,0.941,0.000,0.0,0
1790767800,0.941,0.941,0.941,0.941,0.000,0.0,0
1790767860,0.938,0.938,0.938,0.938,0.938,232.262292,2
1790767920,0.938,0.938,0.938,0.938,0.000,0.0,0
1790767980,0.938,0.938,0.938,0.938,0.000,0.0,0
1790768040,0.938,0.938,0.938,0.938,0.938,485.22263678,6
1790768100,0.938,0.938,0.938,0.938,0.000,0.0,0
1790768160,0.939,0.939,0.939,0.939,0.939,485.22263678,2
1790768220,0.94,0.94,0.94,0.94,0.940,335.790635,1
1790768280,0.941,0.941,0.941,0.941,0.941,485.22263678,3
1790768340,0.941,0.941,0.941,0.941,0.941,354.458535,2
1790768400,0.941,0.941,0.941,0.941,0.941,335.790635,1
1790768460,0.941,0.941,0.941,0.941,0.000,0.0,0
1790768520,0.942,0.942,0.942,0.942,0.942,153.474081,3
1790768580,0.942,0.944,0.942,0.944,0.942,971.02730108,13
1790768640,0.944,0.945,0.944,0.944,0.944,1068.9447807,13
1790768700,0.944,0.944,0.944,0.944,0.000,0.0,0
1790768760,0.944,0.944,0.944,0.944,0.944,288.32969,3
1790768820,0.942,0.945,0.942,0.945,0.943,1312.6114067,13
1790768880,0.944,0.944,0.944,0.944,0.944,285.539554,2
1790768940,0.944,0.944,0.944,0.944,0.944,206.540494,3
1790769000,0.944,0.944,0.944,0.944,0.944,496.54645,7
1790769060,0.944,0.944,0.943,0.944,0.943,350.213955,6
1790769120,0.944,0.944,0.944,0.944,0.944,691.9665957,3
1790769180,0.944,0.944,0.944,0.944,0.944,222.924182,4
1790769240,0.944,0.944,0.944,0.944,0.944,183.460284,2
1790769300,0.944,0.944,0.944,0.944,0.000,0.0,0
1790769360,0.944,0.944,0.944,0.944,0.000,0.0,0
1790769420,0.944,0.944,0.944,0.944,0.944,485.2226367,1
1790769480,0.945,0.945,0.945,0.945,0.945,521.6145134,4
1790769540,0.946,0.946,0.946,0.946,0.946,878.57646278,6
1790769600,0.947,0.948,0.947,0.948,0.947,372.37235427,3
1790769660,0.946,0.946,0.946,0.946,0.946,65.506494,3
1790769720,0.946,0.946,0.946,0.946,0.000,0.0,0
1790769780,0.946,0.946,0.946,0.946,0.000,0.0,0
1790769840,0.946,0.946,0.946,0.946,0.000,0.0,0
1790769900,0.943,0.943,0.943,0.943,0.943,232.262292,2
1790769960,0.942,0.942,0.942,0.942,0.942,232.262292,3
1790770020,0.942,0.942,0.942,0.942,0.942,232.262292,3
1790770080,0.943,0.943,0.943,0.943,0.943,576.429099,4
1790770140,0.943,0.943,0.943,0.943,0.000,0.0,0
1790770200,0.943,0.943,0.943,0.943,0.000,0.0,0
1790770260,0.943,0.943,0.943,0.943,0.000,0.0,0
1790770320,0.943,0.943,0.943,0.943,0.000,0.0,0
1790770380,0.943,0.943,0.943,0.943,0.943,173.346418,3
1790770440,0.943,0.943,0.943,0.943,0.000,0.0,0
1790770500,0.943,0.943,0.943,0.943,0.000,0.0,0
1790770560,0.94,0.94,0.94,0.94,0.940,44.187992,2
1790770620,0.94,0.94,0.94,0.94,0.000,0.0,0
1790770680,0.938,0.938,0.938,0.938,0.938,18.6679,1
1790770740,0.938,0.938,0.938,0.938,0.000,0.0,0
1790770800,0.938,0.938,0.938,0.938,0.000,0.0,0
1790770860,0.938,0.938,0.938,0.938,0.000,0.0,0
1790770920,0.938,0.938,0.938,0.938,0.000,0.0,0
1790770980,0.938,0.938,0.938,0.938,0.938,1338.4304295,6
1790771040,0.938,0.938,0.938,0.938,0.938,746.25287,6
1790771100,0.938,0.938,0.938,0.938,0.938,253.251304,2
1790771160,0.936,0.937,0.936,0.936,0.936,1953.382694,10
1790771220,0.936,0.936,0.936,0.936,0.000,0.0,0
1790771280,0.937,0.937,0.937,0.937,0.937,354.458535,2
1790771340,0.938,0.939,0.937,0.939,0.937,1082.043505,7
1790771400,0.938,0.947,0.938,0.947,0.939,907.32038157,12
1790771460,0.949,0.951,0.949,0.951,0.950,56.0037,3
1790771520,0.953,0.953,0.953,0.953,0.953,18.6679,1
1790771580,0.95,0.95,0.95,0.95,0.950,288.31491,2
1790771640,0.948,0.948,0.948,0.948,0.948,354.458535,2
1790771700,0.952,0.952,0.952,0.952,0.952,213.594392,1
1790771760,0.95,0.951,0.95,0.951,0.950,4923.2991802,19
1790771820,0.95,0.95,0.95,0.95,0.950,1191.27513626,4
1790771880,0.953,0.953,0.953,0.953,0.953,37.3358,2
1790771940,0.952,0.952,0.952,0.952,0.952,997.5722331,2
1790772000,0.955,0.957,0.955,0.956,0.955,717.50508228,4
1790772060,0.956,0.956,0.954,0.954,0.954,1796.02936054,9
1790772120,0.954,0.954,0.953,0.953,0.953,3856.72466056,21
1790772180,0.953,0.954,0.953,0.954,0.953,2273.75128223,13
1790772240,0.954,0.954,0.954,0.954,0.954,213.59439386,2
1790772300,0.954,0.955,0.954,0.955,0.954,792.1165062,3
1790772360,0.954,0.954,0.954,0.954,0.954,485.2226367,1
1790772420,0.953,0.953,0.951,0.951,0.951,959.1325072,6
1790772480,0.955,0.955,0.955,0.955,0.955,755.5730043,2
1790772540,0.957,0.957,0.957,0.957,0.957,3435.94271086,5
1790772600,0.957,0.957,0.957,0.957,0.000,0.0,0
1790772660,0.957,0.957,0.957,0.957,0.000,0.0,0
1790772720,0.957,0.957,0.957,0.957,0.000,0.0,0
1790772780,0.958,0.959,0.958,0.959,0.958,37.3358,2
1790772840,0.959,0.959,0.959,0.959,0.000,0.0,0
1790772900,0.958,0.958,0.958,0.958,0.958,18.6679,1
1790772960,0.958,0.958,0.958,0.958,0.000,0.0,0
1790773020,0.957,0.957,0.957,0.957,0.957,1056.01702968,5
1790773080,0.957,0.957,0.955,0.955,0.955,1812.68879782,12
1790773140,0.954,0.955,0.954,0.954,0.954,1243.8842234,6
1790773200,0.954,0.954,0.952,0.952,0.952,3824.90544044,9
1790773260,0.952,0.952,0.952,0.952,0.952,427.18878586,2
1790773320,0.953,0.953,0.953,0.953,0.953,640.7831787,3
1790773380,0.953,0.955,0.953,0.955,0.953,895.833095,12
1790773440,0.955,0.955,0.955,0.955,0.000,0.0,0
1790773500,0.955,0.955,0.955,0.955,0.000,0.0,0
1790773560,0.956,0.956,0.956,0.956,0.956,485.2226367,1
1790773620,0.956,0.956,0.956,0.956,0.000,0.0,0
1790773680,0.956,0.956,0.956,0.956,0.956,213.5943929,1
1790773740,0.957,0.958,0.957,0.958,0.957,774.24634824,3
1790773800,0.957,0.957,0.957,0.957,0.957,485.2226367,1
1790773860,0.957,0.957,0.957,0.957,0.000,0.0,0
1790773920,0.956,0.956,0.956,0.956,0.956,485.2226367,1
1790773980,0.956,0.956,0.956,0.956,0.000,0.0,0
1790774040,0.955,0.955,0.955,0.955,0.955,485.2226367,2
1790774100,0.955,0.955,0.955,0.955,0.000,0.0,0
1790774160,0.955,0.955,0.955,0.955,0.000,0.0,0
1790774220,0.953,0.953,0.953,0.953,0.953,757.00238489,7
1790774280,0.954,0.954,0.954,0.954,0.954,213.5943929,1
1790774340,0.954,0.954,0.954,0.954,0.000,0.0,0
1790774400,0.955,0.955,0.955,0.955,0.955,104.7120466,2
1790774460,0.955,0.955,0.955,0.955,0.000,0.0,0
1790774520,0.954,0.954,0.954,0.954,0.954,717.4849297,3
1790774580,0.954,0.954,0.954,0.954,0.000,0.0,0
1790774640,0.955,0.955,0.955,0.955,0.955,485.2226367,1
1790774700,0.955,0.955,0.955,0.955,0.000,0.0,0
1790774760,0.955,0.955,0.955,0.955,0.000,0.0,0
1790774820,0.955,0.955,0.955,0.955,0.000,0.0,0
1790774880,0.954,0.955,0.953,0.953,0.954,7660.32620486,17
1790774940,0.953,0.953,0.953,0.953,0.000,0.0,0
1790775000,0.953,0.953,0.953,0.953,0.000,0.0,0
1790775060,0.956,0.956,0.956,0.956,0.956,271.7797481,1
1790775120,0.955,0.955,0.955,0.955,0.955,63.6679,2
1790775180,0.955,0.955,0.955,0.955,0.000,0.0,0
1790775240,0.953,0.953,0.953,0.953,0.953,464.60160671,1
1790775300,0.949,0.949,0.942,0.942,0.946,11008.10875028,23
1790775360,0.938,0.938,0.936,0.936,0.937,375.5672461,6
1790775420,0.938,0.938,0.938,0.938,0.938,492.00474502,1
1790775480,0.934,0.935,0.933,0.933,0.933,3506.9011711,6
1790775540,0.935,0.935,0.934,0.934,0.934,1500.5135463,3
1790775600,0.936,0.936,0.93,0.93,0.932,12489.09693564,28
1790775660,0.93,0.933,0.93,0.933,0.931,1296.46803064,5
1790775720,0.935,0.936,0.934,0.934,0.935,14556.31360955,26
1790775780,0.937,0.937,0.937,0.937,0.937,1490.1006366,3
1790775840,0.937,0.937,0.937,0.937,0.000,0.0,0
1790775900,0.936,0.936,0.935,0.935,0.935,1088.43501671,2
1790775960,0.935,0.935,0.935,0.935,0.000,0.0,0
1790776020,0.941,0.941,0.941,0.941,0.941,221.25,2
1790776080,0.939,0.939,0.938,0.938,0.938,7970.99381664,25
1790776140,0.938,0.938,0.938,0.938,0.000,0.0,0
1790776200,0.939,0.939,0.939,0.939,0.939,617.76789559,3
1790776260,0.94,0.94,0.94,0.94,0.940,544.5667705,2
1790776320,0.94,0.94,0.94,0.94,0.000,0.0,0
1790776380,0.939,0.94,0.939,0.94,0.939,502.03525097,3
1790776440,0.941,0.941,0.941,0.941,0.941,485.22263678,3
1790776500,0.941,0.941,0.941,0.941,0.000,0.0,0
1790776560,0.94,0.94,0.939,0.939,0.939,1458.20539273,4
1790776620,0.938,0.939,0.938,0.939,0.938,994.4541398,3
1790776680,0.939,0.939,0.939,0.939,0.000,0.0,0
1790776740,0.939,0.94,0.939,0.939,0.939,726.12926918,5
1790776800,0.942,0.942,0.942,0.942,0.942,671.58127,2
1790776860,0.942,0.942,0.942,0.942,0.000,0.0,0
1790776920,0.942,0.942,0.942,0.942,0.000,0.0,0
1790776980,0.942,0.942,0.942,0.942,0.000,0.0,0
1790777040,0.942,0.942,0.942,0.942,0.942,354.458535,2
1790777100,0.942,0.942,0.942,0.942,0.000,0.0,0
1790777160,0.942,0.942,0.942,0.942,0.000,0.0,0
1790777220,0.942,0.942,0.942,0.942,0.000,0.0,0
1790777280,0.942,0.942,0.942,0.942,0.000,0.0,0
1790777340,0.942,0.942,0.942,0.942,0.000,0.0,0
1790777400,0.942,0.942,0.942,0.942,0.000,0.0,0
1790777460,0.942,0.942,0.942,0.942,0.000,0.0,0
1790777520,0.942,0.942,0.942,0.942,0.000,0.0,0
1790777580,0.942,0.942,0.942,0.942,0.000,0.0,0
1790777640,0.941,0.941,0.941,0.941,0.941,1154.54664663,3
1790777700,0.941,0.941,0.939,0.939,0.939,1734.4644433,5
1790777760,0.939,0.939,0.939,0.939,0.939,18.6679,1
1790777820,0.939,0.939,0.939,0.939,0.000,0.0,0
1790777880,0.939,0.939,0.939,0.939,0.000,0.0,0
1790777940,0.933,0.933,0.933,0.933,0.933,18.6679,1
1790778000,0.933,0.933,0.933,0.933,0.000,0.0,0
1790778060,0.933,0.933,0.933,0.933,0.000,0.0,0
1790778120,0.932,0.932,0.928,0.928,0.930,1549.42465661,11
1790778180,0.927,0.927,0.924,0.925,0.925,1075.5347367,5
1790778240,0.928,0.928,0.928,0.928,0.928,485.2226367,1
1790778300,0.929,0.929,0.929,0.929,0.929,485.22263678,3
1790778360,0.929,0.929,0.929,0.929,0.929,485.2226367,1
1790778420,0.926,0.926,0.926,0.926,0.926,485.2226367,1
1790778480,0.923,0.924,0.923,0.924,0.923,1993.40140205,8
1790778540,0.923,0.923,0.923,0.923,0.923,7.0,1
1790778600,0.923,0.923,0.923,0.923,0.000,0.0,0
1790778660,0.928,0.928,0.928,0.928,0.928,485.2226367,1
1790778720,0.926,0.926,0.921,0.922,0.923,6222.76151151,11
1790778780,0.922,0.925,0.922,0.925,0.924,298.2891442,2
1790778840,0.923,0.923,0.922,0.922,0.922,354.35494469,2
1790778900,0.922,0.922,0.922,0.922,0.000,0.0,0
1790778960,0.922,0.922,0.922,0.922,0.000,0.0,0
1790779020,0.925,0.925,0.925,0.925,0.925,46.8791494,1
1790779080,0.925,0.925,0.925,0.925,0.925,485.2226367,1
1790779140,0.925,0.925,0.925,0.925,0.000,0.0,0
1790779200,0.925,0.925,0.925,0.925,0.000,0.0,0
1790779260,0.925,0.925,0.925,0.925,0.000,0.0,0
1790779320,0.925,0.926,0.925,0.926,0.925,542.2769545,2
1790779380,0.926,0.926,0.926,0.926,0.000,0.0,0
1790779440,0.926,0.926,0.926,0.926,0.000,0.0,0
1790779500,0.925,0.925,0.925,0.925,0.925,535.14730377,6
1790779560,0.926,0.926,0.926,0.926,0.926,970.44527356,6
1790779620,0.927,0.927,0.927,0.927,0.927,349.92421129,1
1790779680,0.927,0.927,0.927,0.927,0.000,0.0,0
1790779740,0.927,0.927,0.927,0.927,0.000,0.0,0
1790779800,0.927,0.927,0.927,0.927,0.000,0.0,0
1790779860,0.93,0.931,0.93,0.93,0.930,445.8566858,3
1790779920,0.93,0.93,0.93,0.93,0.000,0.0,0
1790779980,0.93,0.93,0.93,0.93,0.930,213.5943929,1
1790780040,0.93,0.93,0.93,0.93,0.930,213.5943929,1
1790780100,0.93,0.93,0.93,0.93,0.000,0.0,0
1790780160,0.93,0.93,0.93,0.93,0.000,0.0,0
1790780220,0.93,0.93,0.93,0.93,0.000,0.0,0
1790780280,0.929,0.929,0.929,0.929,0.929,503.8905367,2
1790780340,0.929,0.929,0.929,0.929,0.000,0.0,0
1790780400,0.928,0.928,0.928,0.928,0.928,18.6679,1
1790780460,0.928,0.928,0.928,0.928,0.000,0.0,0
1790780520,0.928,0.928,0.928,0.928,0.000,0.0,0
1790780580,0.93,0.93,0.93,0.93,0.930,110.625,1
1790780640,0.93,0.93,0.93,0.93,0.930,485.2226367,1
1790780700,0.93,0.93,0.93,0.93,0.930,485.2226367,1
1790780760,0.93,0.931,0.928,0.929,0.929,7901.8542133,40
1790780820,0.929,0.929,0.929,0.929,0.000,0.0,0
1790780880,0.929,0.929,0.929,0.929,0.000,0.0,0
1790780940,0.929,0.929,0.929,0.929,0.000,0.0,0
1790781000,0.932,0.932,0.932,0.932,0.932,545.815823,2
1790781060,0.932,0.932,0.932,0.932,0.000,0.0,0
1790781120,0.93,0.93,0.929,0.929,0.929,30.4579,2
1790781180,0.929,0.929,0.929,0.929,0.000,0.0,0
1790781240,0.929,0.929,0.929,0.929,0.929,485.2226367,1
1790781300,0.929,0.929,0.929,0.929,0.929,335.790635,1
1790781360,0.929,0.929,0.929,0.929,0.000,0.0,0
1790781420,0.929,0.929,0.928,0.928,0.928,970.44527348,5
1790781480,0.926,0.926,0.926,0.926,0.926,485.2226258,4
1790781540,0.926,0.926,0.926,0.926,0.000,0.0,0
1790781600,0.926,0.926,0.925,0.925,0.925,404.15229456,4
1790781660,0.927,0.927,0.927,0.927,0.927,454.94468034,3
1790781720,0.927,0.927,0.927,0.927,0.000,0.0,0
1790781780,0.927,0.927,0.927,0.927,0.000,0.0,0
1790781840,0.929,0.929,0.924,0.924,0.928,5994.91528566,17
1790781900,0.924,0.925,0.924,0.925,0.924,354.458535,2
1790781960,0.924,0.924,0.923,0.924,0.923,2064.26088638,7
1790782020,0.923,0.923,0.919,0.922,0.920,5280.69340627,16
1790782080,0.923,0.925,0.923,0.924,0.923,1255.6685919,13
1790782140,0.926,0.927,0.926,0.927,0.926,2153.9231588,7
1790782200,0.928,0.93,0.928,0.93,0.929,970.4452734,2
1790782260,0.933,0.933,0.933,0.933,0.933,764.24636885,4
1790782320,0.934,0.934,0.934,0.934,0.934,213.5943929,1
1790782380,0.932,0.933,0.932,0.933,0.932,645.22263678,4
1790782440,0.933,0.933,0.933,0.933,0.000,0.0,0
1790782500,0.933,0.933,0.933,0.933,0.000,0.0,0
1790782560,0.933,0.933,0.933,0.933,0.000,0.0,0
1790782620,0.933,0.933,0.933,0.933,0.000,0.0,0
1790782680,0.933,0.933,0.933,0.933,0.000,0.0,0
1790782740,0.933,0.933,0.933,0.933,0.000,0.0,0
1790782800,0.932,0.932,0.932,0.932,0.932,695.4255855,3
1790782860,0.931,0.931,0.931,0.931,0.931,500.7588298,3
1790782920,0.931,0.931,0.931,0.931,0.000,0.0,0
1790782980,0.931,0.931,0.931,0.931,0.000,0.0,0
1790783040,0.931,0.931,0.931,0.931,0.000,0.0,0
1790783100,0.931,0.931,0.931,0.931,0.000,0.0,0
1790783160,0.931,0.931,0.931,0.931,0.000,0.0,0
1790783220,0.931,0.931,0.931,0.931,0.000,0.0,0
1790783280,0.931,0.931,0.931,0.931,0.000,0.0,0
1790783340,0.933,0.933,0.933,0.933,0.933,485.22263678,3
1790783400,0.933,0.933,0.933,0.933,0.000,0.0,0
1790783460,0.934,0.934,0.934,0.934,0.934,110.625,1
1790783520,0.934,0.934,0.934,0.934,0.000,0.0,0
1790783580,0.934,0.934,0.934,0.934,0.000,0.0,0
1790783640,0.933,0.933,0.933,0.933,0.933,18.6679,1
1790783700,0.932,0.932,0.932,0.932,0.932,1007.7810734,4
1790783760,0.932,0.932,0.932,0.932,0.000,0.0,0
1790783820,0.933,0.933,0.933,0.933,0.933,485.2226367,2
1790783880,0.935,0.935,0.935,0.935,0.935,503.89053674,3
1790783940,0.935,0.935,0.935,0.935,0.000,0.0,0
1790784000,0.935,0.935,0.935,0.935,0.000,0.0,0
1790784060,0.935,0.935,0.935,0.935,0.000,0.0,0
1790784120,0.935,0.936,0.935,0.936,0.935,524.53546976,3
1790784180,0.936,0.936,0.936,0.936,0.000,0.0,0
1790784240,0.937,0.937,0.937,0.937,0.937,485.22263678,2
1790784300,0.938,0.938,0.938,0.938,0.938,485.22263678,2
1790784360,0.94,0.942,0.94,0.942,0.940,567.57134799,9
1790784420,0.942,0.943,0.942,0.942,0.942,307.71474292,4
1790784480,0.941,0.941,0.941,0.941,0.941,7.0,1
1790784540,0.942,0.942,0.942,0.942,0.942,7.0,1
1790784600,0.941,0.941,0.941,0.941,0.941,56.49713144,4
1790784660,0.941,0.941,0.941,0.941,0.000,0.0,0
1790784720,0.941,0.941,0.941,0.941,0.000,0.0,0
1790784780,0.941,0.941,0.941,0.941,0.941,7.0,1
1790784840,0.941,0.941,0.941,0.941,0.941,81.35339107,2
1790784900,0.94,0.94,0.94,0.94,0.940,7.0,1
1790784960,0.94,0.94,0.94,0.94,0.000,0.0,0
1790785020,0.94,0.94,0.939,0.939,0.939,14.0,2
1790785080,0.938,0.938,0.938,0.938,0.938,14.0,2
1790785140,0.94,0.94,0.94,0.94,0.940,24.65110186,3
1790785200,0.94,0.94,0.94,0.94,0.940,7.0,1
1790785260,0.939,0.939,0.939,0.939,0.939,250.9301929,4
1790785320,0.939,0.939,0.939,0.939,0.000,0.0,0
1790785380,0.939,0.939,0.939,0.939,0.000,0.0,0
1790785440,0.939,0.939,0.939,0.939,0.000,0.0,0
1790785500,0.939,0.939,0.939,0.939,0.000,0.0,0
1790785560,0.939,0.939,0.939,0.939,0.000,0.0,0
1790785620,0.939,0.939,0.939,0.939,0.000,0.0,0
1790785680,0.941,0.941,0.941,0.941,0.941,7.0,1
1790785740,0.941,0.941,0.941,0.941,0.000,0.0,0
1790785800,0.94,0.94,0.94,0.94,0.940,730.48203272,5
1790785860,0.94,0.94,0.94,0.94,0.000,0.0,0
1790785920,0.94,0.94,0.94,0.94,0.000,0.0,0
1790785980,0.94,0.94,0.94,0.94,0.000,0.0,0
1790786040,0.94,0.94,0.94,0.94,0.000,0.0,0
1790786100,0.937,0.938,0.937,0.938,0.937,447.94559229,4
1790786160,0.936,0.936,0.935,0.935,0.935,989.11317348,5
1790786220,0.935,0.935,0.935,0.935,0.000,0.0,0
1790786280,0.937,0.937,0.937,0.937,0.937,335.790635,1
1790786340,0.937,0.937,0.937,0.937,0.000,0.0,0
1790786400,0.939,0.939,0.939,0.939,0.939,354.458535,2
1790786460,0.94,0.94,0.94,0.94,0.940,485.2226367,1
1790786520,0.94,0.94,0.94,0.94,0.000,0.0,0
1790786580,0.942,0.942,0.942,0.942,0.942,485.08643055,5
1790786640,0.942,0.942,0.942,0.942,0.000,0.0,0
1790786700,0.942,0.942,0.942,0.942,0.000,0.0,0
1790786760,0.942,0.942,0.942,0.942,0.000,0.0,0
1790786820,0.942,0.942,0.942,0.942,0.000,0.0,0
1790786880,0.942,0.942,0.942,0.942,0.000,0.0,0
1790786940,0.942,0.942,0.942,0.942,0.000,0.0,0
1790787000,0.942,0.942,0.942,0.942,0.000,0.0,0
1790787060,0.942,0.942,0.942,0.942,0.000,0.0,0
1790787120,0.942,0.942,0.942,0.942,0.000,0.0,0
1790787180,0.942,0.942,0.942,0.942,0.000,0.0,0
1790787240,0.942,0.942,0.942,0.942,0.000,0.0,0
1790787300,0.939,0.939,0.939,0.939,0.939,503.8905367,2
1790787360,0.939,0.939,0.939,0.939,0.000,0.0,0
1790787420,0.939,0.939,0.939,0.939,0.000,0.0,0
1790787480,0.939,0.939,0.939,0.939,0.000,0.0,0
1790787540,0.939,0.939,0.939,0.939,0.000,0.0,0
1790787600,0.938,0.938,0.938,0.938,0.938,485.2226367,1
1790787660,0.938,0.938,0.938,0.938,0.000,0.0,0
1790787720,0.938,0.938,0.938,0.938,0.000,0.0,0
1790787780,0.938,0.938,0.938,0.938,0.000,0.0,0
1790787840,0.938,0.938,0.938,0.938,0.000,0.0,0
1790787900,0.937,0.937,0.937,0.937,0.937,335.790635,1
1790787960,0.937,0.937,0.937,0.937,0.000,0.0,0
1790788020,0.937,0.937,0.937,0.937,0.000,0.0,0
1790788080,0.939,0.939,0.939,0.939,0.939,485.2226367,1
1790788140,0.94,0.94,0.938,0.938,0.939,503.8904959,2
1790788200,0.938,0.938,0.938,0.938,0.000,0.0,0
1790788260,0.938,0.938,0.938,0.938,0.000,0.0,0
1790788320,0.938,0.938,0.938,0.938,0.000,0.0,0
1790788380,0.936,0.936,0.936,0.936,0.936,18.6679,1
1790788440,0.936,0.936,0.936,0.936,0.000,0.0,0
1790788500,0.935,0.935,0.935,0.935,0.935,485.22263678,2
1790788560,0.935,0.935,0.935,0.935,0.000,0.0,0
1790788620,0.935,0.935,0.935,0.935,0.000,0.0,0
1790788680,0.935,0.935,0.935,0.935,0.000,0.0,0
1790788740,0.932,0.932,0.932,0.932,0.932,485.22263678,4
1790788800,0.932,0.932,0.932,0.932,0.000,0.0,0
1790788860,0.932,0.932,0.932,0.932,0.000,0.0,0
1790788920,0.933,0.933,0.933,0.933,0.933,875.1142,3
1790788980,0.933,0.933,0.933,0.933,0.000,0.0,0
1790789040,0.933,0.933,0.933,0.933,0.000,0.0,0
1790789100,0.933,0.933,0.933,0.933,0.000,0.0,0
1790789160,0.933,0.933,0.933,0.933,0.000,0.0,0
1790789220,0.933,0.933,0.933,0.933,0.000,0.0,0
1790789280,0.933,0.933,0.933,0.933,0.000,0.0,0
1790789340,0.933,0.933,0.933,0.933,0.000,0.0,0
1790789400,0.933,0.933,0.933,0.933,0.000,0.0,0
1790789460,0.933,0.933,0.933,0.933,0.000,0.0,0
1790789520,0.931,0.931,0.931,0.931,0.931,18.6679,1
1790789580,0.931,0.931,0.931,0.931,0.000,0.0,0
1790789640,0.929,0.929,0.929,0.929,0.929,717.48492974,9
1790789700,0.929,0.929,0.929,0.929,0.000,0.0,0
1790789760,0.928,0.928,0.928,0.928,0.928,18.6679,1
1790789820,0.928,0.928,0.928,0.928,0.000,0.0,0
1790789880,0.928,0.928,0.928,0.928,0.000,0.0,0
1790789940,0.928,0.928,0.928,0.928,0.000,0.0,0
1790790000,0.926,0.926,0.923,0.923,0.924,1537.92165529,13
1790790060,0.921,0.921,0.921,0.921,0.921,919.2378668,1
1790790120,0.921,0.921,0.921,0.921,0.000,0.0,0
1790790180,0.921,0.922,0.921,0.922,0.921,190.9004329,2
1790790240,0.922,0.922,0.922,0.922,0.000,0.0,0
1790790300,0.922,0.922,0.922,0.922,0.000,0.0,0
1790790360,0.922,0.922,0.922,0.922,0.000,0.0,0
1790790420,0.922,0.922,0.922,0.922,0.000,0.0,0
1790790480,0.922,0.922,0.922,0.922,0.000,0.0,0
1790790540,0.922,0.922,0.922,0.922,0.000,0.0,0
1790790600,0.922,0.922,0.922,0.922,0.000,0.0,0
1790790660,0.922,0.922,0.922,0.922,0.000,0.0,0
1790790720,0.923,0.923,0.922,0.922,0.922,1100.0,5
1790790780,0.922,0.922,0.922,0.922,0.000,0.0,0
1790790840,0.92,0.92,0.92,0.92,0.920,126.0869565,1
1790790900,0.92,0.92,0.92,0.92,0.000,0.0,0
1790790960,0.917,0.917,0.917,0.917,0.917,18.6679,1
1790791020,0.917,0.917,0.917,0.917,0.000,0.0,0
1790791080,0.917,0.917,0.917,0.917,0.000,0.0,0
1790791140,0.917,0.917,0.917,0.917,0.000,0.0,0
1790791200,0.919,0.919,0.919,0.919,0.919,862.9577856,2
1790791260,0.919,0.919,0.919,0.919,0.000,0.0,0
1790791320,0.919,0.919,0.919,0.919,0.000,0.0,0
1790791380,0.919,0.919,0.919,0.919,0.000,0.0,0
1790791440,0.919,0.919,0.919,0.919,0.000,0.0,0
1790791500,0.919,0.919,0.919,0.919,0.000,0.0,0
1790791560,0.919,0.919,0.919,0.919,0.000,0.0,0
1790791620,0.915,0.915,0.915,0.915,0.915,18.6679,1
1790791680,0.915,0.915,0.915,0.915,0.000,0.0,0
1790791740,0.915,0.915,0.915,0.915,0.000,0.0,0
1790791800,0.919,0.919,0.918,0.918,0.918,4381.03734593,16
1790791860,0.919,0.919,0.919,0.919,0.919,766.9698221,2
1790791920,0.92,0.92,0.92,0.92,0.920,2682.3,7
1790791980,0.92,0.92,0.92,0.92,0.000,0.0,0
1790792040,0.918,0.918,0.918,0.918,0.918,1239.7857477,1
1790792100,0.918,0.918,0.918,0.918,0.000,0.0,0
1790792160,0.918,0.918,0.918,0.918,0.000,0.0,0
1790792220,0.918,0.918,0.918,0.918,0.000,0.0,0
1790792280,0.917,0.918,0.917,0.918,0.917,1003.68783188,6
1790792340,0.918,0.918,0.918,0.918,0.000,0.0,0
1790792400,0.918,0.918,0.918,0.918,0.918,43.59477124,1
1790792460,0.918,0.918,0.918,0.918,0.000,0.0,0
1790792520,0.918,0.918,0.918,0.918,0.918,189.28261941,2
1790792580,0.918,0.918,0.918,0.918,0.000,0.0,0
1790792640,0.918,0.918,0.918,0.918,0.000,0.0,0
1790792700,0.918,0.918,0.918,0.918,0.000,0.0,0
1790792760,0.918,0.918,0.918,0.918,0.000,0.0,0
1790792820,0.918,0.918,0.918,0.918,0.000,0.0,0
1790792880,0.918,0.918,0.918,0.918,0.000,0.0,0
1790792940,0.918,0.918,0.918,0.918,0.000,0.0,0
1790793000,0.917,0.917,0.917,0.917,0.917,18.6679,1
1790793060,0.917,0.917,0.917,0.917,0.000,0.0,0
1790793120,0.917,0.917,0.917,0.917,0.000,0.0,0
1790793180,0.917,0.917,0.917,0.917,0.000,0.0,0
1790793240,0.917,0.917,0.917,0.917,0.000,0.0,0
1790793300,0.917,0.917,0.917,0.917,0.000,0.0,0
1790793360,0.914,0.914,0.914,0.914,0.914,335.790635,1
1790793420,0.914,0.914,0.914,0.914,0.000,0.0,0
1790793480,0.914,0.914,0.914,0.914,0.000,0.0,0
1790793540,0.913,0.913,0.913,0.913,0.913,54.24863089,1
1790793600,0.913,0.913,0.913,0.913,0.913,354.458535,2
1790793660,0.913,0.913,0.913,0.913,0.000,0.0,0
1790793720,0.913,0.913,0.913,0.913,0.000,0.0,0
1790793780,0.912,0.912,0.912,0.912,0.912,485.2226367,1
1790793840,0.912,0.913,0.912,0.913,0.912,1135.18301325,6
1790793900,0.913,0.913,0.913,0.913,0.000,0.0,0
1790793960,0.911,0.911,0.908,0.908,0.908,6245.79577961,11
1790794020,0.908,0.908,0.908,0.908,0.000,0.0,0
1790794080,0.908,0.908,0.908,0.908,0.908,485.2226367,1
1790794140,0.908,0.908,0.908,0.908,0.000,0.0,0
1790794200,0.908,0.908,0.908,0.908,0.000,0.0,0
1790794260,0.908,0.908,0.908,0.908,0.000,0.0,0
1790794320,0.912,0.912,0.912,0.912,0.912,620.9568244,2
1790794380,0.911,0.911,0.91,0.91,0.910,582.4032534,3
1790794440,0.91,0.91,0.91,0.91,0.000,0.0,0
1790794500,0.91,0.91,0.91,0.91,0.000,0.0,0
1790794560,0.91,0.91,0.91,0.91,0.000,0.0,0
1790794620,0.91,0.91,0.91,0.91,0.000,0.0,0
1790794680,0.91,0.91,0.91,0.91,0.000,0.0,0
1790794740,0.91,0.91,0.91,0.91,0.000,0.0,0
1790794800,0.911,0.911,0.911,0.911,0.911,28.93752194,2
1790794860,0.911,0.911,0.911,0.911,0.911,17.960935,2
1790794920,0.912,0.912,0.912,0.912,0.912,485.2226367,1
1790794980,0.913,0.913,0.913,0.913,0.913,7.0064727,1
1790795040,0.913,0.913,0.913,0.913,0.000,0.0,0
1790795100,0.913,0.913,0.913,0.913,0.000,0.0,0
1790795160,0.912,0.912,0.912,0.912,0.912,17.96970203,1
1790795220,0.912,0.912,0.911,0.912,0.911,214.44906872,5
1790795280,0.912,0.912,0.912,0.912,0.912,17.957223,2
1790795340,0.912,0.912,0.912,0.912,0.912,28.91901021,2
1790795400,0.91,0.91,0.91,0.91,0.910,39.88344159,2
1790795460,0.91,0.91,0.91,0.91,0.910,496.21152693,2
1790795520,0.907,0.907,0.907,0.907,0.907,209.69,3
1790795580,0.909,0.909,0.909,0.909,0.909,7.0,1
1790795640,0.909,0.909,0.909,0.909,0.000,0.0,0
1790795700,0.909,0.909,0.909,0.909,0.000,0.0,0
1790795760,0.909,0.909,0.909,0.909,0.000,0.0,0
1790795820,0.907,0.907,0.904,0.904,0.906,8319.7604637,12
1790795880,0.905,0.907,0.905,0.907,0.906,14.0,2
1790795940,0.907,0.907,0.907,0.907,0.907,91.20158458,3
1790796000,0.907,0.907,0.907,0.907,0.000,0.0,0
1790796060,0.908,0.91,0.908,0.91,0.908,1045.11499513,11
1790796120,0.91,0.91,0.91,0.91,0.000,0.0,0
1790796180,0.907,0.907,0.907,0.907,0.907,29.04719165,2
1790796240,0.907,0.907,0.907,0.907,0.907,124.3448276,2
1790796300,0.907,0.908,0.907,0.908,0.907,1696.8668536,7
1790796360,0.909,0.909,0.908,0.909,0.908,638.00645116,9
1790796420,0.909,0.909,0.909,0.909,0.909,25.04276088,2
1790796480,0.909,0.909,0.909,0.909,0.909,393.3903849,1
1790796540,0.909,0.909,0.909,0.909,0.000,0.0,0
1790796600,0.909,0.909,0.909,0.909,0.909,478.1185949,1
1790796660,0.91,0.91,0.91,0.91,0.910,21.00121442,4
1790796720,0.91,0.91,0.91,0.91,0.000,0.0,0
1790796780,0.91,0.91,0.91,0.91,0.910,17.97815347,1
1790796840,0.911,0.911,0.911,0.911,0.911,14.0,2
1790796900,0.911,0.912,0.911,0.912,0.911,21.0,3
1790796960,0.912,0.912,0.912,0.912,0.000,0.0,0
1790797020,0.913,0.913,0.913,0.913,0.913,21.0006,3
1790797080,0.913,0.914,0.913,0.914,0.913,18.66790721,4
1790797140,0.914,0.914,0.914,0.914,0.000,0.0,0
1790797200,0.914,0.914,0.914,0.914,0.000,0.0,0
1790797260,0.913,0.913,0.913,0.913,0.913,7.0,1
1790797320,0.913,0.913,0.913,0.913,0.000,0.0,0
1790797380,0.913,0.913,0.913,0.913,0.000,0.0,0
1790797440,0.912,0.912,0.912,0.912,0.912,7.0,1
1790797500,0.912,0.912,0.912,0.912,0.000,0.0,0
1790797560,0.913,0.913,0.913,0.913,0.913,18.6679,1
1790797620,0.911,0.911,0.911,0.911,0.911,292.4849613,2
1790797680,0.911,0.911,0.911,0.911,0.000,0.0,0
1790797740,0.912,0.912,0.912,0.912,0.912,7.0,1
1790797800,0.911,0.911,0.91,0.91,0.910,101.85416208,3
1790797860,0.907,0.907,0.907,0.907,0.907,7.0,1
1790797920,0.908,0.908,0.908,0.908,0.908,7.0,1
1790797980,0.909,0.909,0.909,0.909,0.909,7.0,1
1790798040,0.907,0.907,0.907,0.907,0.907,274.46725812,4
1790798100,0.907,0.908,0.907,0.908,0.907,14.0,2
1790798160,0.91,0.91,0.909,0.909,0.909,227.5943929,3
1790798220,0.909,0.91,0.908,0.908,0.908,627.0,7
1790798280,0.908,0.908,0.908,0.908,0.000,0.0,0
1790798340,0.908,0.908,0.908,0.908,0.908,7.0,1
1790798400,0.909,0.909,0.909,0.909,0.909,14.0,2
1790798460,0.909,0.909,0.909,0.909,0.000,0.0,0
1790798520,0.912,0.912,0.911,0.911,0.911,57.86542088,4
1790798580,0.911,0.911,0.911,0.911,0.000,0.0,0
1790798640,0.91,0.91,0.91,0.91,0.910,7.0,1
1790798700,0.91,0.91,0.91,0.91,0.000,0.0,0
1790798760,0.911,0.912,0.911,0.912,0.911,57.9232222,3
1790798820,0.913,0.913,0.913,0.913,0.913,25.14263969,3
1790798880,0.913,0.913,0.913,0.913,0.000,0.0,0
1790798940,0.913,0.913,0.913,0.913,0.000,0.0,0
1790799000,0.912,0.912,0.912,0.912,0.912,36.01682482,3
1790799060,0.912,0.912,0.912,0.912,0.000,0.0,0
1790799120,0.912,0.912,0.912,0.912,0.000,0.0,0
1790799180,0.913,0.913,0.913,0.913,0.913,7.0,1
1790799240,0.913,0.913,0.913,0.913,0.913,7.0,1
1790799300,0.915,0.915,0.915,0.915,0.915,7.0,1
1790799360,0.915,0.915,0.915,0.915,0.000,0.0,0
1790799420,0.914,0.914,0.914,0.914,0.914,7.0,1
1790799480,0.914,0.914,0.914,0.914,0.000,0.0,0
1790799540,0.915,0.915,0.915,0.915,0.915,7.0,1
1790799600,0.915,0.915,0.915,0.915,0.000,0.0,0
1790799660,0.915,0.915,0.915,0.915,0.000,0.0,0
1790799720,0.915,0.915,0.915,0.915,0.000,0.0,0
1790799780,0.915,0.915,0.915,0.915,0.000,0.0,0
1790799840,0.915,0.915,0.915,0.915,0.000,0.0,0
1790799900,0.915,0.915,0.915,0.915,0.000,0.0,0
1790799960,0.915,0.915,0.915,0.915,0.000,0.0,0
1790800020,0.92,0.92,0.92,0.92,0.920,18.6679,1
1790800080,0.92,0.92,0.92,0.92,0.000,0.0,0
1790800140,0.92,0.92,0.92,0.92,0.000,0.0,0
1790800200,0.919,0.919,0.919,0.919,0.919,43.4787342,2
1790800260,0.919,0.919,0.919,0.919,0.000,0.0,0
1790800320,0.919,0.919,0.919,0.919,0.000,0.0,0
1790800380,0.919,0.919,0.919,0.919,0.000,0.0,0
1790800440,0.919,0.919,0.919,0.919,0.000,0.0,0
1790800500,0.916,0.916,0.916,0.916,0.916,231.03274842,2
1790800560,0.916,0.916,0.916,0.916,0.916,21.0,3
1790800620,0.916,0.916,0.916,0.916,0.000,0.0,0
1790800680,0.916,0.916,0.916,0.916,0.000,0.0,0
1790800740,0.916,0.916,0.916,0.916,0.000,0.0,0
1790800800,0.916,0.916,0.916,0.916,0.916,485.2226367,1
1790800860,0.916,0.916,0.916,0.916,0.000,0.0,0
1790800920,0.916,0.916,0.916,0.916,0.000,0.0,0
1790800980,0.916,0.916,0.916,0.916,0.000,0.0,0
1790801040,0.916,0.916,0.916,0.916,0.916,335.790635,1
1790801100,0.916,0.916,0.916,0.916,0.916,335.790635,1
1790801160,0.916,0.916,0.916,0.916,0.000,0.0,0
1790801220,0.916,0.916,0.916,0.916,0.000,0.0,0
1790801280,0.916,0.916,0.916,0.916,0.000,0.0,0
1790801340,0.916,0.916,0.916,0.916,0.000,0.0,0
1790801400,0.916,0.917,0.916,0.917,0.916,360.0,4
1790801460,0.917,0.917,0.917,0.917,0.917,654.6356603,2
1790801520,0.917,0.917,0.917,0.917,0.000,0.0,0
1790801580,0.917,0.917,0.917,0.917,0.000,0.0,0
1790801640,0.917,0.917,0.917,0.917,0.000,0.0,0
1790801700,0.917,0.917,0.917,0.917,0.000,0.0,0
1790801760,0.917,0.917,0.917,0.917,0.000,0.0,0
1790801820,0.917,0.917,0.917,0.917,0.000,0.0,0
1790801880,0.917,0.917,0.917,0.917,0.000,0.0,0
1790801940,0.917,0.917,0.917,0.917,0.000,0.0,0
1790802000,0.917,0.917,0.917,0.917,0.000,0.0,0
1790802060,0.918,0.918,0.918,0.918,0.918,272.3263461,1
1790802120,0.918,0.918,0.918,0.918,0.000,0.0,0
1790802180,0.918,0.918,0.918,0.918,0.000,0.0,0
1790802240,0.918,0.918,0.918,0.918,0.000,0.0,0
1790802300,0.918,0.918,0.918,0.918,0.000,0.0,0
1790802360,0.918,0.918,0.918,0.918,0.000,0.0,0
1790802420,0.918,0.918,0.918,0.918,0.000,0.0,0
1790802480,0.915,0.915,0.915,0.915,0.915,18.6679,1
1790802540,0.915,0.915,0.915,0.915,0.000,0.0,0
1790802600,0.915,0.915,0.915,0.915,0.000,0.0,0
1790802660,0.915,0.915,0.915,0.915,0.000,0.0,0
1790802720,0.915,0.915,0.915,0.915,0.000,0.0,0
1790802780,0.915,0.915,0.915,0.915,0.915,18.6679,1
1790802840,0.915,0.915,0.915,0.915,0.000,0.0,0
1790802900,0.915,0.915,0.915,0.915,0.000,0.0,0
1790802960,0.915,0.915,0.915,0.915,0.000,0.0,0
1790803020,0.915,0.915,0.915,0.915,0.000,0.0,0
1790803080,0.917,0.917,0.917,0.917,0.917,1100.0,3
1790803140,0.917,0.917,0.917,0.917,0.000,0.0,0
1790803200,0.917,0.917,0.917,0.917,0.000,0.0,0
1790803260,0.917,0.917,0.917,0.917,0.000,0.0,0
1790803320,0.917,0.917,0.917,0.917,0.000,0.0,0
1790803380,0.917,0.917,0.917,0.917,0.000,0.0,0
1790803440,0.917,0.917,0.917,0.917,0.000,0.0,0
1790803500,0.917,0.917,0.917,0.917,0.000,0.0,0
1790803560,0.917,0.917,0.917,0.917,0.000,0.0,0
1790803620,0.917,0.917,0.917,0.917,0.000,0.0,0
1790803680,0.917,0.917,0.917,0.917,0.000,0.0,0
1790803740,0.917,0.917,0.917,0.917,0.000,0.0,0
1790803800,0.917,0.917,0.917,0.917,0.000,0.0,0
1790803860,0.915,0.915,0.915,0.915,0.915,213.5943929,1
1790803920,0.915,0.915,0.915,0.915,0.000,0.0,0
1790803980,0.915,0.915,0.915,0.915,0.000,0.0,0
1790804040,0.915,0.915,0.915,0.915,0.000,0.0,0
1790804100,0.915,0.915,0.915,0.915,0.000,0.0,0
1790804160,0.918,0.918,0.918,0.918,0.918,21.78649237,1
1790804220,0.918,0.918,0.918,0.918,0.000,0.0,0
1790804280,0.919,0.919,0.919,0.919,0.919,213.5943929,1
1790804340,0.919,0.919,0.919,0.919,0.000,0.0,0
1790804400,0.919,0.919,0.919,0.919,0.000,0.0,0
1790804460,0.919,0.919,0.919,0.919,0.000,0.0,0
1790804520,0.919,0.919,0.919,0.919,0.000,0.0,0
1790804580,0.919,0.919,0.919,0.919,0.000,0.0,0
1790804640,0.919,0.919,0.919,0.919,0.000,0.0,0
1790804700,0.919,0.919,0.919,0.919,0.000,0.0,0
1790804760,0.919,0.919,0.919,0.919,0.000,0.0,0
1790804820,0.919,0.919,0.919,0.919,0.000,0.0,0
1790804880,0.919,0.919,0.919,0.919,0.000,0.0,0
1790804940,0.919,0.919,0.919,0.919,0.000,0.0,0
1790805000,0.919,0.919,0.919,0.919,0.000,0.0,0
1790805060,0.919,0.919,0.919,0.919,0.000,0.0,0
1790805120,0.919,0.919,0.919,0.919,0.000,0.0,0
1790805180,0.919,0.919,0.919,0.919,0.000,0.0,0
1790805240,0.919,0.919,0.919,0.919,0.000,0.0,0
1790805300,0.919,0.919,0.919,0.919,0.000,0.0,0
1790805360,0.919,0.919,0.919,0.919,0.000,0.0,0
1790805420,0.919,0.919,0.919,0.919,0.000,0.0,0
1790805480,0.919,0.919,0.919,0.919,0.000,0.0,0
1790805540,0.914,0.914,0.914,0.914,0.914,485.2226367,1
1790805600,0.913,0.913,0.913,0.913,0.913,13.61256545,1
1790805660,0.913,0.913,0.913,0.913,0.000,0.0,0
1790805720,0.913,0.913,0.913,0.913,0.913,286.69550883,1
1790805780,0.913,0.913,0.913,0.913,0.000,0.0,0
1790805840,0.913,0.913,0.913,0.913,0.000,0.0,0
1790805900,0.913,0.913,0.913,0.913,0.000,0.0,0
1790805960,0.913,0.913,0.913,0.913,0.000,0.0,0
1790806020,0.913,0.913,0.913,0.913,0.000,0.0,0
1790806080,0.913,0.913,0.913,0.913,0.000,0.0,0
1790806140,0.913,0.913,0.913,0.913,0.000,0.0,0
1790806200,0.913,0.913,0.913,0.913,0.000,0.0,0
1790806260,0.913,0.913,0.913,0.913,0.000,0.0,0
1790806320,0.909,0.909,0.909,0.909,0.909,335.790635,1
1790806380,0.91,0.91,0.91,0.91,0.910,335.79063502,2
1790806440,0.91,0.91,0.91,0.91,0.000,0.0,0
1790806500,0.91,0.91,0.91,0.91,0.000,0.0,0
1790806560,0.91,0.91,0.91,0.91,0.000,0.0,0
1790806620,0.91,0.91,0.91,0.91,0.000,0.0,0
1790806680,0.91,0.91,0.91,0.91,0.000,0.0,0
1790806740,0.91,0.91,0.91,0.91,0.000,0.0,0
1790806800,0.914,0.914,0.914,0.914,0.914,485.2226367,1
1790806860,0.913,0.913,0.913,0.913,0.913,231.03274842,1
1790806920,0.914,0.914,0.914,0.914,0.914,461.69959778,4
1790806980,0.914,0.914,0.914,0.914,0.000,0.0,0
1790807040,0.914,0.914,0.914,0.914,0.000,0.0,0
1790807100,0.914,0.914,0.914,0.914,0.000,0.0,0
1790807160,0.914,0.914,0.914,0.914,0.000,0.0,0
1790807220,0.914,0.914,0.914,0.914,0.000,0.0,0
1790807280,0.914,0.914,0.914,0.914,0.000,0.0,0
1790807340,0.916,0.916,0.916,0.916,0.916,31.9039094,1
1790807400,0.916,0.916,0.916,0.916,0.000,0.0,0
1790807460,0.916,0.916,0.916,0.916,0.000,0.0,0
1790807520,0.916,0.916,0.916,0.916,0.000,0.0,0
1790807580,0.916,0.916,0.916,0.916,0.000,0.0,0
1790807640,0.916,0.916,0.916,0.916,0.000,0.0,0
1790807700,0.916,0.916,0.916,0.916,0.000,0.0,0
1790807760,0.916,0.916,0.916,0.916,0.000,0.0,0
1790807820,0.919,0.919,0.919,0.919,0.919,485.6220115,2
1790807880,0.919,0.919,0.919,0.919,0.000,0.0,0
1790807940,0.919,0.919,0.919,0.919,0.000,0.0,0
1790808000,0.919,0.919,0.919,0.919,0.000,0.0,0
1790808060,0.919,0.919,0.919,0.919,0.000,0.0,0
1790808120,0.919,0.919,0.919,0.919,0.000,0.0,0
1790808180,0.919,0.919,0.919,0.919,0.000,0.0,0
1790808240,0.919,0.919,0.919,0.919,0.000,0.0,0
1790808300,0.919,0.919,0.919,0.919,0.000,0.0,0
1790808360,0.919,0.919,0.919,0.919,0.000,0.0,0
1790808420,0.919,0.919,0.919,0.919,0.000,0.0,0
1790808480,0.919,0.919,0.919,0.919,0.000,0.0,0
1790808540,0.919,0.919,0.919,0.919,0.000,0.0,0
1790808600,0.919,0.919,0.919,0.919,0.000,0.0,0
1790808660,0.919,0.919,0.919,0.919,0.000,0.0,0
1790808720,0.919,0.919,0.919,0.919,0.000,0.0,0
1790808780,0.919,0.919,0.919,0.919,0.000,0.0,0
1790808840,0.919,0.919,0.919,0.919,0.919,335.790635,1
1790808900,0.919,0.919,0.919,0.919,0.000,0.0,0
1790808960,0.919,0.919,0.919,0.919,0.000,0.0,0
1790809020,0.919,0.919,0.919,0.919,0.000,0.0,0
1790809080,0.919,0.919,0.919,0.919,0.000,0.0,0
1790809140,0.919,0.919,0.919,0.919,0.000,0.0,0
1790809200,0.919,0.921,0.919,0.921,0.919,622.4861438,2
1790809260,0.921,0.921,0.921,0.921,0.921,335.790635,1
1790809320,0.921,0.921,0.921,0.921,0.000,0.0,0
1790809380,0.923,0.923,0.923,0.923,0.923,270.8535142,1
1790809440,0.924,0.924,0.924,0.924,0.924,484.1464183,2
1790809500,0.924,0.924,0.924,0.924,0.000,0.0,0
1790809560,0.924,0.924,0.924,0.924,0.000,0.0,0
1790809620,0.924,0.924,0.924,0.924,0.000,0.0,0
1790809680,0.92,0.92,0.92,0.92,0.920,543.4758626,2
1790809740,0.92,0.92,0.92,0.92,0.000,0.0,0
1790809800,0.92,0.92,0.92,0.92,0.000,0.0,0
1790809860,0.92,0.92,0.92,0.92,0.000,0.0,0
1790809920,0.92,0.92,0.92,0.92,0.000,0.0,0
1790809980,0.92,0.92,0.92,0.92,0.000,0.0,0
1790810040,0.921,0.921,0.921,0.921,0.921,271.43929142,1
1790810100,0.921,0.921,0.921,0.921,0.000,0.0,0
1790810160,0.921,0.921,0.921,0.921,0.000,0.0,0
1790810220,0.921,0.921,0.921,0.921,0.000,0.0,0
1790810280,0.921,0.921,0.921,0.921,0.000,0.0,0
1790810340,0.921,0.921,0.921,0.921,0.000,0.0,0
1790810400,0.921,0.921,0.921,0.921,0.000,0.0,0
1790810460,0.921,0.921,0.921,0.921,0.000,0.0,0
1790810520,0.921,0.921,0.921,0.921,0.000,0.0,0
1790810580,0.921,0.921,0.921,0.921,0.000,0.0,0
1790810640,0.921,0.921,0.921,0.921,0.000,0.0,0
1790810700,0.921,0.921,0.921,0.921,0.000,0.0,0
1790810760,0.921,0.921,0.921,0.921,0.000,0.0,0
1790810820,0.921,0.921,0.921,0.921,0.000,0.0,0
1790810880,0.921,0.921,0.921,0.921,0.000,0.0,0
1790810940,0.921,0.921,0.921,0.921,0.000,0.0,0
1790811000,0.921,0.921,0.921,0.921,0.000,0.0,0
1790811060,0.921,0.921,0.921,0.921,0.000,0.0,0
1790811120,0.921,0.921,0.921,0.921,0.000,0.0,0
1790811180,0.921,0.921,0.921,0.921,0.000,0.0,0
1790811240,0.921,0.921,0.921,0.921,0.000,0.0,0
1790811300,0.921,0.921,0.921,0.921,0.000,0.0,0
1790811360,0.921,0.921,0.921,0.921,0.000,0.0,0
1790811420,0.921,0.921,0.921,0.921,0.000,0.0,0
1790811480,0.921,0.921,0.921,0.921,0.000,0.0,0
1790811540,0.921,0.921,0.921,0.921,0.000,0.0,0
1790811600,0.921,0.921,0.921,0.921,0.000,0.0,0
1790811660,0.921,0.921,0.921,0.921,0.000,0.0,0
1790811720,0.921,0.921,0.921,0.921,0.000,0.0,0
1790811780,0.921,0.921,0.921,0.921,0.000,0.0,0
1790811840,0.921,0.921,0.921,0.921,0.000,0.0,0
1790811900,0.921,0.921,0.921,0.921,0.921,11.79,1
1790811960,0.921,0.921,0.921,0.921,0.000,0.0,0
1790812020,0.921,0.921,0.921,0.921,0.000,0.0,0
1790812080,0.92,0.92,0.92,0.92,0.920,335.790635,1
1790812140,0.92,0.92,0.92,0.92,0.000,0.0,0
1790812200,0.92,0.92,0.92,0.92,0.000,0.0,0
1790812260,0.92,0.92,0.92,0.92,0.000,0.0,0
1790812320,0.92,0.92,0.92,0.92,0.000,0.0,0
1790812380,0.92,0.92,0.92,0.92,0.000,0.0,0
1790812440,0.92,0.92,0.92,0.92,0.000,0.0,0
1790812500,0.92,0.92,0.92,0.92,0.000,0.0,0
1790812560,0.92,0.92,0.92,0.92,0.000,0.0,0
1790812620,0.92,0.92,0.92,0.92,0.000,0.0,0
1790812680,0.92,0.92,0.92,0.92,0.000,0.0,0
1790812740,0.92,0.92,0.92,0.92,0.000,0.0,0
1790812800,0.92,0.92,0.92,0.92,0.000,0.0,0
1790812860,0.918,0.918,0.918,0.918,0.918,671.58127,2
1790812920,0.918,0.918,0.918,0.918,0.000,0.0,0
1790812980,0.918,0.918,0.918,0.918,0.000,0.0,0
1790813040,0.918,0.918,0.918,0.918,0.000,0.0,0
1790813100,0.918,0.918,0.918,0.918,0.000,0.0,0
1790813160,0.918,0.918,0.918,0.918,0.000,0.0,0
1790813220,0.918,0.918,0.918,0.918,0.000,0.0,0
1790813280,0.918,0.918,0.918,0.918,0.000,0.0,0
1790813340,0.918,0.918,0.918,0.918,0.000,0.0,0
1790813400,0.918,0.918,0.918,0.918,0.918,324.8366013,1
1790813460,0.917,0.917,0.917,0.917,0.917,335.790635,1
1790813520,0.917,0.917,0.917,0.917,0.000,0.0,0
1790813580,0.917,0.917,0.917,0.917,0.000,0.0,0
1790813640,0.917,0.917,0.917,0.917,0.000,0.0,0
1790813700,0.917,0.917,0.917,0.917,0.000,0.0,0
1790813760,0.919,0.919,0.919,0.919,0.919,347.581224,2
1790813820,0.919,0.919,0.919,0.919,0.000,0.0,0
1790813880,0.919,0.919,0.919,0.919,0.000,0.0,0
1790813940,0.919,0.919,0.919,0.919,0.000,0.0,0
1790814000,0.919,0.919,0.919,0.919,0.000,0.0,0
1790814060,0.919,0.919,0.919,0.919,0.000,0.0,0
1790814120,0.919,0.919,0.919,0.919,0.000,0.0,0
1790814180,0.919,0.919,0.919,0.919,0.000,0.0,0
1790814240,0.919,0.919,0.919,0.919,0.000,0.0,0
1790814300,0.919,0.919,0.919,0.919,0.000,0.0,0
1790814360,0.919,0.919,0.919,0.919,0.000,0.0,0
1790814420,0.919,0.919,0.919,0.919,0.000,0.0,0
1790814480,0.919,0.919,0.919,0.919,0.000,0.0,0
1790814540,0.919,0.919,0.919,0.919,0.000,0.0,0
1790814600,0.923,0.925,0.923,0.924,0.923,5427.2426854,5
1790814660,0.924,0.924,0.924,0.924,0.000,0.0,0
1790814720,0.923,0.923,0.923,0.923,0.923,3589.1343762,15
1790814780,0.922,0.922,0.922,0.922,0.922,674.310681,3
1790814840,0.922,0.922,0.922,0.922,0.000,0.0,0
1790814900,0.922,0.922,0.922,0.922,0.000,0.0,0
1790814960,0.922,0.922,0.922,0.922,0.000,0.0,0
1790815020,0.922,0.922,0.922,0.922,0.000,0.0,0
1790815080,0.922,0.922,0.922,0.922,0.922,324.8366013,2
1790815140,0.922,0.922,0.922,0.922,0.000,0.0,0
1790815200,0.922,0.922,0.922,0.922,0.000,0.0,0
1790815260,0.922,0.922,0.922,0.922,0.000,0.0,0
1790815320,0.922,0.922,0.922,0.922,0.000,0.0,0
1790815380,0.924,0.924,0.924,0.924,0.924,213.5943929,1
1790815440,0.924,0.924,0.924,0.924,0.000,0.0,0
1790815500,0.924,0.924,0.924,0.924,0.000,0.0,0
1790815560,0.924,0.924,0.924,0.924,0.000,0.0,0
1790815620,0.924,0.924,0.924,0.924,0.000,0.0,0
1790815680,0.924,0.924,0.924,0.924,0.000,0.0,0
1790815740,0.924,0.924,0.924,0.924,0.000,0.0,0
1790815800,0.924,0.924,0.924,0.924,0.000,0.0,0
1790815860,0.924,0.924,0.924,0.924,0.000,0.0,0
1790815920,0.924,0.924,0.924,0.924,0.000,0.0,0
1790815980,0.923,0.923,0.923,0.923,0.923,485.2226367,1
1790816040,0.923,0.923,0.923,0.923,0.000,0.0,0
1790816100,0.923,0.923,0.923,0.923,0.000,0.0,0
1790816160,0.923,0.923,0.923,0.923,0.000,0.0,0
1790816220,0.923,0.923,0.923,0.923,0.000,0.0,0
1790816280,0.923,0.923,0.923,0.923,0.923,213.5943929,1
1790816340,0.923,0.923,0.923,0.923,0.000,0.0,0
1790816400,0.925,0.925,0.925,0.925,0.925,755.35092,2
1790816460,0.925,0.925,0.925,0.925,0.000,0.0,0
1790816520,0.925,0.925,0.925,0.925,0.000,0.0,0
1790816580,0.925,0.925,0.925,0.925,0.000,0.0,0
1790816640,0.925,0.925,0.925,0.925,0.000,0.0,0
1790816700,0.925,0.925,0.925,0.925,0.000,0.0,0
1790816760,0.925,0.925,0.925,0.925,0.000,0.0,0
1790816820,0.925,0.925,0.925,0.925,0.000,0.0,0
1790816880,0.925,0.925,0.925,0.925,0.000,0.0,0
1790816940,0.925,0.925,0.925,0.925,0.000,0.0,0
1790817000,0.925,0.925,0.925,0.925,0.000,0.0,0
1790817060,0.925,0.925,0.925,0.925,0.000,0.0,0
1790817120,0.925,0.925,0.925,0.925,0.000,0.0,0
1790817180,0.925,0.925,0.925,0.925,0.000,0.0,0
1790817240,0.925,0.925,0.925,0.925,0.000,0.0,0
1790817300,0.928,0.928,0.928,0.928,0.928,335.79063504,2
1790817360,0.928,0.928,0.928,0.928,0.000,0.0,0
1790817420,0.928,0.928,0.928,0.928,0.000,0.0,0
1790817480,0.933,0.935,0.933,0.935,0.934,1090.92886526,5
1790817540,0.935,0.935,0.935,0.935,0.000,0.0,0
1790817600,0.935,0.935,0.935,0.935,0.000,0.0,0
1790817660,0.934,0.934,0.934,0.934,0.934,335.790635,1
1790817720,0.934,0.934,0.934,0.934,0.000,0.0,0
1790817780,0.934,0.934,0.934,0.934,0.000,0.0,0
1790817840,0.934,0.934,0.934,0.934,0.000,0.0,0
1790817900,0.934,0.934,0.934,0.934,0.000,0.0,0
1790817960,0.934,0.934,0.934,0.934,0.000,0.0,0
1790818020,0.934,0.934,0.934,0.934,0.000,0.0,0
1790818080,0.934,0.934,0.934,0.934,0.000,0.0,0
1790818140,0.934,0.934,0.934,0.934,0.000,0.0,0
1790818200,0.934,0.934,0.934,0.934,0.000,0.0,0
1790818260,0.934,0.934,0.934,0.934,0.000,0.0,0
1790818320,0.934,0.934,0.934,0.934,0.000,0.0,0
1790818380,0.934,0.934,0.934,0.934,0.000,0.0,0
1790818440,0.934,0.934,0.934,0.934,0.000,0.0,0
1790818500,0.934,0.934,0.934,0.934,0.000,0.0,0
1790818560,0.934,0.934,0.934,0.934,0.000,0.0,0
1790818620,0.925,0.925,0.925,0.925,0.925,285.4614046,1
1790818680,0.925,0.925,0.925,0.925,0.000,0.0,0
1790818740,0.925,0.925,0.925,0.925,0.000,0.0,0
1790818800,0.925,0.925,0.925,0.925,0.000,0.0,0
1790818860,0.925,0.925,0.925,0.925,0.000,0.0,0
1790818920,0.925,0.925,0.925,0.925,0.000,0.0,0
1790818980,0.925,0.925,0.925,0.925,0.000,0.0,0
1790819040,0.925,0.925,0.925,0.925,0.000,0.0,0
1790819100,0.925,0.925,0.925,0.925,0.000,0.0,0
1790819160,0.925,0.925,0.925,0.925,0.000,0.0,0
1790819220,0.925,0.925,0.925,0.925,0.000,0.0,0
1790819280,0.925,0.925,0.925,0.925,0.000,0.0,0
1790819340,0.925,0.925,0.925,0.925,0.000,0.0,0
1790819400,0.925,0.925,0.925,0.925,0.000,0.0,0
1790819460,0.925,0.925,0.925,0.925,0.000,0.0,0
1790819520,0.923,0.923,0.923,0.923,0.923,440.7906,5
1790819580,0.923,0.923,0.923,0.923,0.000,0.0,0
1790819640,0.923,0.923,0.923,0.923,0.000,0.0,0
1790819700,0.923,0.923,0.923,0.923,0.000,0.0,0
1790819760,0.923,0.923,0.923,0.923,0.000,0.0,0
1790819820,0.923,0.923,0.923,0.923,0.000,0.0,0
1790819880,0.923,0.923,0.923,0.923,0.000,0.0,0
1790819940,0.923,0.923,0.923,0.923,0.000,0.0,0
1790820000,0.923,0.923,0.923,0.923,0.000,0.0,0
1790820060,0.923,0.923,0.923,0.923,0.000,0.0,0
1790820120,0.923,0.923,0.923,0.923,0.000,0.0,0
1790820180,0.923,0.923,0.923,0.923,0.000,0.0,0
1790820240,0.923,0.923,0.923,0.923,0.000,0.0,0
1790820300,0.923,0.923,0.923,0.923,0.000,0.0,0
1790820360,0.923,0.923,0.923,0.923,0.000,0.0,0
1790820420,0.923,0.923,0.923,0.923,0.000,0.0,0
1790820480,0.923,0.923,0.923,0.923,0.923,440.803883,1
1790820540,0.923,0.923,0.923,0.923,0.000,0.0,0
1790820600,0.923,0.923,0.923,0.923,0.000,0.0,0
1790820660,0.923,0.923,0.923,0.923,0.000,0.0,0
1790820720,0.923,0.923,0.923,0.923,0.000,0.0,0
1790820780,0.923,0.923,0.923,0.923,0.000,0.0,0
1790820840,0.923,0.923,0.923,0.923,0.000,0.0,0
1790820900,0.922,0.922,0.922,0.922,0.922,335.790635,1
1790820960,0.922,0.922,0.922,0.922,0.000,0.0,0
1790821020,0.922,0.922,0.922,0.922,0.000,0.0,0
1790821080,0.922,0.922,0.922,0.922,0.000,0.0,0
1790821140,0.92,0.92,0.92,0.92,0.920,1217.161905,5
1790821200,0.92,0.92,0.92,0.92,0.000,0.0,0
1790821260,0.92,0.92,0.92,0.92,0.000,0.0,0
1790821320,0.921,0.921,0.921,0.921,0.921,285.46140463,3
1790821380,0.921,0.921,0.921,0.921,0.000,0.0,0
1790821440,0.921,0.921,0.921,0.921,0.000,0.0,0
1790821500,0.921,0.921,0.921,0.921,0.000,0.0,0
1790821560,0.921,0.921,0.921,0.921,0.000,0.0,0
1790821620,0.921,0.921,0.921,0.921,0.000,0.0,0
1790821680,0.921,0.921,0.921,0.921,0.000,0.0,0
1790821740,0.921,0.921,0.921,0.921,0.000,0.0,0
1790821800,0.924,0.924,0.924,0.924,0.924,209.85928342,1
1790821860,0.924,0.924,0.924,0.924,0.000,0.0,0
1790821920,0.924,0.924,0.924,0.924,0.000,0.0,0
1790821980,0.924,0.924,0.924,0.924,0.000,0.0,0
1790822040,0.924,0.924,0.924,0.924,0.000,0.0,0
1790822100,0.924,0.924,0.924,0.924,0.000,0.0,0
1790822160,0.924,0.924,0.924,0.924,0.924,284.5401513,1
1790822220,0.924,0.924,0.924,0.924,0.000,0.0,0
1790822280,0.924,0.924,0.924,0.924,0.000,0.0,0
1790822340,0.924,0.924,0.924,0.924,0.000,0.0,0
1790822400,0.924,0.924,0.924,0.924,0.000,0.0,0
1790822460,0.924,0.924,0.924,0.924,0.000,0.0,0
1790822520,0.924,0.924,0.924,0.924,0.000,0.0,0
1790822580,0.924,0.924,0.924,0.924,0.000,0.0,0
1790822640,0.924,0.924,0.924,0.924,0.000,0.0,0
1790822700,0.924,0.924,0.924,0.924,0.000,0.0,0
1790822760,0.924,0.924,0.924,0.924,0.000,0.0,0
1790822820,0.924,0.924,0.924,0.924,0.000,0.0,0
1790822880,0.924,0.924,0.924,0.924,0.000,0.0,0
1790822940,0.924,0.924,0.924,0.924,0.000,0.0,0
1790823000,0.924,0.924,0.924,0.924,0.000,0.0,0
1790823060,0.924,0.924,0.924,0.924,0.000,0.0,0
1790823120,0.924,0.924,0.924,0.924,0.000,0.0,0
1790823180,0.924,0.924,0.924,0.924,0.000,0.0,0
1790823240,0.924,0.924,0.924,0.924,0.000,0.0,0
1790823300,0.924,0.924,0.924,0.924,0.000,0.0,0
1790823360,0.924,0.924,0.924,0.924,0.000,0.0,0
1790823420,0.924,0.924,0.924,0.924,0.000,0.0,0
1790823480,0.924,0.924,0.924,0.924,0.000,0.0,0
1790823540,0.924,0.924,0.924,0.924,0.000,0.0,0
1790823600,0.924,0.924,0.924,0.924,0.000,0.0,0
1790823660,0.924,0.924,0.924,0.924,0.000,0.0,0
1790823720,0.924,0.924,0.924,0.924,0.000,0.0,0
1790823780,0.924,0.924,0.924,0.924,0.000,0.0,0
1790823840,0.924,0.924,0.924,0.924,0.000,0.0,0
1790823900,0.924,0.924,0.924,0.924,0.000,0.0,0
1790823960,0.924,0.924,0.924,0.924,0.000,0.0,0
1790824020,0.924,0.924,0.924,0.924,0.000,0.0,0
1790824080,0.924,0.924,0.924,0.924,0.000,0.0,0
1790824140,0.924,0.924,0.924,0.924,0.000,0.0,0
1790824200,0.924,0.924,0.924,0.924,0.000,0.0,0
1790824260,0.924,0.924,0.924,0.924,0.000,0.0,0
1790824320,0.924,0.924,0.924,0.924,0.000,0.0,0
1790824380,0.924,0.924,0.924,0.924,0.000,0.0,0
1790824440,0.924,0.924,0.924,0.924,0.000,0.0,0
1790824500,0.924,0.924,0.924,0.924,0.000,0.0,0
1790824560,0.924,0.924,0.924,0.924,0.000,0.0,0
1790824620,0.924,0.924,0.924,0.924,0.000,0.0,0
1790824680,0.924,0.924,0.924,0.924,0.000,0.0,0
1790824740,0.924,0.924,0.924,0.924,0.000,0.0,0
1790824800,0.924,0.924,0.924,0.924,0.000,0.0,0
1790824860,0.924,0.924,0.924,0.924,0.000,0.0,0
1790824920,0.924,0.924,0.924,0.924,0.000,0.0,0
1790824980,0.924,0.924,0.924,0.924,0.000,0.0,0
1790825040,0.924,0.924,0.924,0.924,0.000,0.0,0
1790825100,0.924,0.924,0.924,0.924,0.000,0.0,0
1790825160,0.924,0.924,0.924,0.924,0.000,0.0,0
1790825220,0.924,0.924,0.924,0.924,0.000,0.0,0
1790825280,0.924,0.924,0.924,0.924,0.000,0.0,0
1790825340,0.924,0.924,0.924,0.924,0.000,0.0,0
1790825400,0.924,0.924,0.924,0.924,0.000,0.0,0
1790825460,0.924,0.924,0.924,0.924,0.000,0.0,0
1790825520,0.924,0.924,0.924,0.924,0.000,0.0,0
1790825580,0.924,0.924,0.924,0.924,0.000,0.0,0
1790825640,0.93,0.93,0.93,0.93,0.930,28.55955455,1
1790825700,0.93,0.93,0.93,0.93,0.000,0.0,0
1790825760,0.93,0.93,0.93,0.93,0.000,0.0,0
1790825820,0.93,0.93,0.93,0.93,0.000,0.0,0
1790825880,0.93,0.93,0.93,0.93,0.000,0.0,0
1790825940,0.93,0.93,0.93,0.93,0.000,0.0,0
1790826000,0.93,0.93,0.93,0.93,0.000,0.0,0
1790826060,0.93,0.93,0.93,0.93,0.000,0.0,0
1790826120,0.93,0.93,0.93,0.93,0.000,0.0,0
1790826180,0.93,0.93,0.93,0.93,0.000,0.0,0
1790826240,0.93,0.93,0.93,0.93,0.000,0.0,0
1790826300,0.93,0.93,0.93,0.93,0.000,0.0,0
1790826360,0.93,0.93,0.93,0.93,0.000,0.0,0
1790826420,0.93,0.93,0.93,0.93,0.000,0.0,0
1790826480,0.93,0.93,0.93,0.93,0.000,0.0,0
1790826540,0.93,0.93,0.93,0.93,0.000,0.0,0
1790826600,0.93,0.93,0.93,0.93,0.000,0.0,0
1790826660,0.93,0.93,0.93,0.93,0.000,0.0,0
1790826720,0.93,0.93,0.93,0.93,0.000,0.0,0
1790826780,0.93,0.93,0.93,0.93,0.000,0.0,0
1790826840,0.93,0.93,0.93,0.93,0.000,0.0,0
1790826900,0.93,0.93,0.93,0.93,0.000,0.0,0
1790826960,0.933,0.933,0.933,0.933,0.933,671.58127,2
1790827020,0.933,0.933,0.933,0.933,0.000,0.0,0
1790827080,0.933,0.933,0.933,0.933,0.000,0.0,0
1790827140,0.933,0.933,0.933,0.933,0.000,0.0,0
1790827200,0.933,0.933,0.933,0.933,0.000,0.0,0
1790827260,0.933,0.933,0.933,0.933,0.000,0.0,0
1790827320,0.933,0.933,0.933,0.933,0.000,0.0,0
1790827380,0.932,0.932,0.932,0.932,0.932,12.92248229,1
1790827440,0.932,0.932,0.932,0.932,0.000,0.0,0
1790827500,0.932,0.932,0.932,0.932,0.000,0.0,0
1790827560,0.932,0.932,0.932,0.932,0.000,0.0,0
1790827620,0.932,0.932,0.932,0.932,0.000,0.0,0
1790827680,0.932,0.932,0.932,0.932,0.000,0.0,0
1790827740,0.932,0.932,0.932,0.932,0.000,0.0,0
1790827800,0.932,0.932,0.932,0.932,0.000,0.0,0
1790827860,0.932,0.932,0.932,0.932,0.000,0.0,0
1790827920,0.932,0.932,0.932,0.932,0.000,0.0,0
1790827980,0.932,0.932,0.932,0.932,0.000,0.0,0
1790828040,0.932,0.932,0.932,0.932,0.000,0.0,0
1790828100,0.932,0.932,0.932,0.932,0.000,0.0,0
1790828160,0.932,0.932,0.932,0.932,0.000,0.0,0
1790828220,0.93,0.93,0.93,0.93,0.930,10.28533723,2
1790828280,0.93,0.93,0.93,0.93,0.000,0.0,0
1790828340,0.93,0.93,0.93,0.93,0.000,0.0,0
1790828400,0.93,0.93,0.93,0.93,0.000,0.0,0
1790828460,0.93,0.93,0.93,0.93,0.000,0.0,0
1790828520,0.93,0.93,0.93,0.93,0.930,12.9815,1
1790828580,0.93,0.93,0.93,0.93,0.000,0.0,0
1790828640,0.93,0.93,0.93,0.93,0.000,0.0,0
1790828700,0.93,0.93,0.93,0.93,0.000,0.0,0
1790828760,0.93,0.93,0.93,0.93,0.000,0.0,0
1790828820,0.93,0.93,0.93,0.93,0.000,0.0,0
1790828880,0.93,0.93,0.93,0.93,0.000,0.0,0
1790828940,0.93,0.93,0.93,0.93,0.000,0.0,0
1790829000,0.93,0.93,0.93,0.93,0.000,0.0,0
1790829060,0.93,0.93,0.93,0.93,0.000,0.0,0
1790829120,0.931,0.931,0.931,0.931,0.931,36.827231,1
1790829180,0.929,0.929,0.929,0.929,0.929,33.59595,1
1790829240,0.929,0.929,0.929,0.929,0.000,0.0,0
1790829300,0.929,0.929,0.929,0.929,0.000,0.0,0
1790829360,0.928,0.929,0.928,0.929,0.928,91.646808,2
1790829420,0.929,0.929,0.929,0.929,0.929,967.9033932,3
1790829480,0.929,0.929,0.929,0.929,0.000,0.0,0
1790829540,0.929,0.929,0.929,0.929,0.929,102.649741,3
1790829600,0.929,0.929,0.929,0.929,0.929,27.860959,1
1790829660,0.929,0.929,0.929,0.929,0.000,0.0,0
1790829720,0.929,0.929,0.929,0.929,0.000,0.0,0
1790829780,0.929,0.929,0.929,0.929,0.000,0.0,0
1790829840,0.928,0.928,0.928,0.928,0.928,55.229067,2
1790829900,0.928,0.928,0.928,0.928,0.000,0.0,0
1790829960,0.928,0.928,0.928,0.928,0.000,0.0,0
1790830020,0.93,0.93,0.93,0.93,0.930,1322.85589271,5
1790830080,0.93,0.93,0.93,0.93,0.000,0.0,0
1790830140,0.93,0.93,0.93,0.93,0.000,0.0,0
1790830200,0.93,0.93,0.93,0.93,0.000,0.0,0
1790830260,0.93,0.93,0.93,0.93,0.000,0.0,0
1790830320,0.93,0.93,0.93,0.93,0.000,0.0,0
1790830380,0.93,0.93,0.93,0.93,0.000,0.0,0
1790830440,0.93,0.93,0.93,0.93,0.000,0.0,0
1790830500,0.93,0.93,0.93,0.93,0.000,0.0,0
1790830560,0.93,0.93,0.93,0.93,0.000,0.0,0
1790830620,0.927,0.927,0.927,0.927,0.927,605.47779793,2
1790830680,0.927,0.927,0.926,0.927,0.926,1251.94858423,5
1790830740,0.927,0.927,0.927,0.927,0.000,0.0,0
1790830800,0.927,0.927,0.927,0.927,0.000,0.0,0
1790830860,0.927,0.927,0.927,0.927,0.000,0.0,0
1790830920,0.927,0.928,0.927,0.928,0.927,56.39461103,3
1790830980,0.929,0.93,0.929,0.93,0.929,970.3036892,2
1790831040,0.93,0.93,0.93,0.93,0.000,0.0,0
1790831100,0.93,0.93,0.93,0.93,0.000,0.0,0
1790831160,0.93,0.93,0.93,0.93,0.000,0.0,0
1790831220,0.93,0.93,0.93,0.93,0.000,0.0,0
1790831280,0.93,0.93,0.93,0.93,0.000,0.0,0
1790831340,0.93,0.93,0.93,0.93,0.000,0.0,0
1790831400,0.93,0.93,0.93,0.93,0.000,0.0,0
1790831460,0.93,0.93,0.93,0.93,0.000,0.0,0
1790831520,0.93,0.93,0.93,0.93,0.000,0.0,0
1790831580,0.93,0.93,0.93,0.93,0.000,0.0,0
1790831640,0.93,0.93,0.93,0.93,0.000,0.0,0
1790831700,0.93,0.93,0.93,0.93,0.000,0.0,0
1790831760,0.93,0.93,0.93,0.93,0.000,0.0,0
1790831820,0.93,0.93,0.93,0.93,0.000,0.0,0
1790831880,0.929,0.929,0.929,0.929,0.929,59.864519,1
1790831940,0.929,0.929,0.929,0.929,0.000,0.0,0
1790832000,0.929,0.929,0.929,0.929,0.000,0.0,0
1790832060,0.929,0.929,0.929,0.929,0.000,0.0,0
1790832120,0.929,0.929,0.929,0.929,0.000,0.0,0
1790832180,0.929,0.929,0.929,0.929,0.000,0.0,0
1790832240,0.929,0.929,0.929,0.929,0.000,0.0,0
1790832300,0.929,0.929,0.929,0.929,0.000,0.0,0
1790832360,0.929,0.929,0.929,0.929,0.000,0.0,0
1790832420,0.929,0.929,0.929,0.929,0.000,0.0,0
1790832480,0.929,0.929,0.929,0.929,0.000,0.0,0
1790832540,0.929,0.929,0.929,0.929,0.000,0.0,0
1790832600,0.929,0.929,0.929,0.929,0.000,0.0,0
1790832660,0.929,0.929,0.929,0.929,0.000,0.0,0
1790832720,0.929,0.929,0.929,0.929,0.000,0.0,0
1790832780,0.929,0.929,0.929,0.929,0.000,0.0,0
1790832840,0.929,0.929,0.929,0.929,0.000,0.0,0
1790832900,0.929,0.929,0.929,0.929,0.000,0.0,0
1790832960,0.929,0.929,0.929,0.929,0.000,0.0,0
1790833020,0.929,0.929,0.929,0.929,0.000,0.0,0
1790833080,0.929,0.929,0.929,0.929,0.000,0.0,0
1790833140,0.929,0.929,0.929,0.929,0.929,485.2226367,1
1790833200,0.929,0.929,0.929,0.929,0.000,0.0,0
1790833260,0.929,0.929,0.929,0.929,0.000,0.0,0
1790833320,0.927,0.927,0.927,0.927,0.927,269.68716289,1
1790833380,0.927,0.927,0.927,0.927,0.000,0.0,0
1790833440,0.927,0.927,0.927,0.927,0.000,0.0,0
1790833500,0.927,0.927,0.927,0.927,0.000,0.0,0
1790833560,0.928,0.928,0.928,0.928,0.928,17.77539761,1
1790833620,0.928,0.928,0.928,0.928,0.000,0.0,0
1790833680,0.928,0.928,0.928,0.928,0.000,0.0,0
1790833740,0.928,0.928,0.928,0.928,0.000,0.0,0
1790833800,0.928,0.928,0.928,0.928,0.928,21.57497303,2
1790833860,0.928,0.928,0.928,0.928,0.000,0.0,0
1790833920,0.928,0.928,0.928,0.928,0.000,0.0,0
1790833980,0.928,0.928,0.928,0.928,0.000,0.0,0
1790834040,0.928,0.928,0.928,0.928,0.000,0.0,0
1790834100,0.928,0.928,0.928,0.928,0.000,0.0,0
1790834160,0.928,0.928,0.928,0.928,0.000,0.0,0
1790834220,0.928,0.928,0.928,0.928,0.000,0.0,0
1790834280,0.928,0.928,0.928,0.928,0.000,0.0,0
1790834340,0.928,0.928,0.928,0.928,0.000,0.0,0
1790834400,0.928,0.928,0.928,0.928,0.000,0.0,0
1790834460,0.928,0.928,0.928,0.928,0.000,0.0,0
1790834520,0.928,0.928,0.928,0.928,0.000,0.0,0
1790834580,0.928,0.928,0.928,0.928,0.000,0.0,0
1790834640,0.928,0.928,0.928,0.928,0.000,0.0,0
1790834700,0.928,0.928,0.928,0.928,0.000,0.0,0
1790834760,0.928,0.928,0.928,0.928,0.000,0.0,0
1790834820,0.928,0.928,0.928,0.928,0.000,0.0,0
1790834880,0.928,0.928,0.928,0.928,0.000,0.0,0
1790834940,0.928,0.928,0.928,0.928,0.000,0.0,0
1790835000,0.928,0.928,0.928,0.928,0.000,0.0,0
1790835060,0.928,0.928,0.928,0.928,0.000,0.0,0
1790835120,0.928,0.928,0.928,0.928,0.000,0.0,0
1790835180,0.928,0.928,0.928,0.928,0.000,0.0,0
1790835240,0.928,0.928,0.928,0.928,0.000,0.0,0
1790835300,0.924,0.924,0.924,0.924,0.924,485.2226367,1
1790835360,0.924,0.924,0.924,0.924,0.000,0.0,0
1790835420,0.924,0.924,0.924,0.924,0.000,0.0,0
1790835480,0.924,0.924,0.924,0.924,0.000,0.0,0
1790835540,0.924,0.924,0.924,0.924,0.000,0.0,0
1790835600,0.924,0.924,0.924,0.924,0.000,0.0,0
1790835660,0.924,0.924,0.924,0.924,0.000,0.0,0
1790835720,0.925,0.925,0.925,0.925,0.925,335.790635,1
1790835780,0.925,0.925,0.925,0.925,0.000,0.0,0
1790835840,0.925,0.925,0.925,0.925,0.000,0.0,0
1790835900,0.925,0.925,0.925,0.925,0.000,0.0,0
1790835960,0.925,0.925,0.925,0.925,0.925,40.172717,1
1790836020,0.925,0.925,0.925,0.925,0.000,0.0,0
1790836080,0.925,0.925,0.925,0.925,0.925,335.790635,1
1790836140,0.925,0.925,0.925,0.925,0.000,0.0,0
1790836200,0.925,0.925,0.925,0.925,0.000,0.0,0
1790836260,0.925,0.925,0.925,0.925,0.000,0.0,0
1790836320,0.925,0.925,0.925,0.925,0.000,0.0,0
1790836380,0.925,0.925,0.925,0.925,0.000,0.0,0
1790836440,0.923,0.923,0.923,0.923,0.923,485.2226367,1
1790836500,0.924,0.924,0.924,0.924,0.924,485.2225942,1
1790836560,0.923,0.923,0.923,0.923,0.923,485.2226367,1
1790836620,0.923,0.923,0.923,0.923,0.000,0.0,0
1790836680,0.923,0.923,0.923,0.923,0.000,0.0,0
1790836740,0.923,0.923,0.923,0.923,0.000,0.0,0
1790836800,0.923,0.923,0.923,0.923,0.923,485.22263678,1
1790836860,0.923,0.923,0.923,0.923,0.000,0.0,0
1790836920,0.923,0.923,0.923,0.923,0.000,0.0,0
1790836980,0.925,0.925,0.925,0.925,0.925,90.0,1
1790837040,0.925,0.925,0.925,0.925,0.000,0.0,0
1790837100,0.925,0.925,0.925,0.925,0.000,0.0,0
1790837160,0.925,0.925,0.925,0.925,0.000,0.0,0
1790837220,0.925,0.925,0.925,0.925,0.000,0.0,0
1790837280,0.925,0.925,0.925,0.925,0.000,0.0,0
1790837340,0.926,0.926,0.926,0.926,0.926,39.988037,1
1790837400,0.926,0.926,0.926,0.926,0.000,0.0,0
1790837460,0.926,0.926,0.926,0.926,0.000,0.0,0
1790837520,0.926,0.926,0.926,0.926,0.000,0.0,0
1790837580,0.926,0.926,0.926,0.926,0.000,0.0,0
1790837640,0.926,0.926,0.926,0.926,0.000,0.0,0
1790837700,0.926,0.926,0.926,0.926,0.000,0.0,0
1790837760,0.926,0.926,0.926,0.926,0.000,0.0,0
1790837820,0.926,0.926,0.926,0.926,0.000,0.0,0
1790837880,0.926,0.926,0.926,0.926,0.000,0.0,0
1790837940,0.926,0.926,0.926,0.926,0.000,0.0,0
1790838000,0.926,0.926,0.926,0.926,0.000,0.0,0
1790838060,0.926,0.926,0.926,0.926,0.000,0.0,0
1790838120,0.926,0.926,0.926,0.926,0.000,0.0,0
1790838180,0.926,0.926,0.926,0.926,0.000,0.0,0
1790838240,0.926,0.926,0.926,0.926,0.000,0.0,0
1790838300,0.926,0.926,0.926,0.926,0.000,0.0,0
1790838360,0.926,0.926,0.926,0.926,0.000,0.0,0
1790838420,0.926,0.926,0.926,0.926,0.000,0.0,0
1790838480,0.926,0.926,0.926,0.926,0.000,0.0,0
1790838540,0.926,0.926,0.926,0.926,0.000,0.0,0
1790838600,0.927,0.927,0.926,0.926,0.926,7581.27111758,18
1790838660,0.926,0.926,0.926,0.926,0.000,0.0,0
1790838720,0.924,0.924,0.924,0.924,0.924,40.40948276,1
1790838780,0.924,0.924,0.924,0.924,0.000,0.0,0
1790838840,0.922,0.922,0.922,0.922,0.922,335.790635,1
1790838900,0.922,0.922,0.922,0.922,0.000,0.0,0
1790838960,0.922,0.922,0.922,0.922,0.000,0.0,0
1790839020,0.922,0.922,0.922,0.922,0.000,0.0,0
1790839080,0.922,0.922,0.922,0.922,0.000,0.0,0
1790839140,0.92,0.92,0.92,0.92,0.920,485.2226367,1
1790839200,0.92,0.92,0.92,0.92,0.000,0.0,0
1790839260,0.92,0.92,0.92,0.92,0.000,0.0,0
1790839320,0.913,0.913,0.913,0.913,0.913,223.87972923,2
1790839380,0.913,0.913,0.913,0.913,0.000,0.0,0
1790839440,0.911,0.911,0.906,0.907,0.909,3134.93693589,7
1790839500,0.906,0.906,0.906,0.906,0.906,102.416683,1
1790839560,0.905,0.905,0.905,0.905,0.905,33.375689,1
1790839620,0.905,0.905,0.905,0.905,0.905,23.952591,1
1790839680,0.905,0.905,0.905,0.905,0.905,335.790635,1
1790839740,0.905,0.905,0.905,0.905,0.000,0.0,0
1790839800,0.907,0.907,0.907,0.907,0.907,284.8260636,1
1790839860,0.907,0.907,0.907,0.907,0.000,0.0,0
1790839920,0.907,0.907,0.907,0.907,0.000,0.0,0
1790839980,0.909,0.909,0.909,0.909,0.909,485.2226367,1
1790840040,0.91,0.91,0.91,0.91,0.910,485.2226367,1
1790840100,0.91,0.91,0.91,0.91,0.000,0.0,0
1790840160,0.909,0.909,0.908,0.908,0.908,1315.7285625,4
1790840220,0.908,0.908,0.908,0.908,0.000,0.0,0
1790840280,0.908,0.908,0.908,0.908,0.908,485.2226367,1
1790840340,0.908,0.908,0.908,0.908,0.908,192.7045545,1
1790840400,0.908,0.908,0.908,0.908,0.000,0.0,0
1790840460,0.902,0.902,0.902,0.902,0.902,277.1618,1
1790840520,0.902,0.902,0.902,0.902,0.000,0.0,0
1790840580,0.902,0.902,0.902,0.902,0.000,0.0,0
1790840640,0.902,0.902,0.902,0.902,0.000,0.0,0
1790840700,0.902,0.902,0.902,0.902,0.000,0.0,0
1790840760,0.902,0.902,0.902,0.902,0.000,0.0,0
1790840820,0.902,0.902,0.902,0.902,0.000,0.0,0
1790840880,0.906,0.906,0.906,0.906,0.906,485.2226367,1
1790840940,0.906,0.906,0.906,0.906,0.000,0.0,0
1790841000,0.906,0.906,0.906,0.906,0.000,0.0,0
1790841060,0.907,0.907,0.907,0.907,0.907,485.1349076,1
1790841120,0.905,0.905,0.905,0.905,0.905,485.2226367,1
1790841180,0.905,0.905,0.905,0.905,0.000,0.0,0
1790841240,0.905,0.905,0.905,0.905,0.000,0.0,0
1790841300,0.905,0.905,0.905,0.905,0.000,0.0,0
1790841360,0.905,0.905,0.905,0.905,0.000,0.0,0
1790841420,0.905,0.905,0.905,0.905,0.000,0.0,0
1790841480,0.905,0.905,0.905,0.905,0.905,821.0132454,2
1790841540,0.905,0.905,0.905,0.905,0.000,0.0,0
1790841600,0.905,0.905,0.905,0.905,0.000,0.0,0
1790841660,0.905,0.905,0.905,0.905,0.000,0.0,0
1790841720,0.905,0.905,0.905,0.905,0.000,0.0,0
1790841780,0.905,0.905,0.905,0.905,0.000,0.0,0
1790841840,0.905,0.905,0.905,0.905,0.000,0.0,0
1790841900,0.905,0.905,0.905,0.905,0.000,0.0,0
1790841960,0.905,0.905,0.905,0.905,0.000,0.0,0
1790842020,0.905,0.905,0.905,0.905,0.000,0.0,0
1790842080,0.905,0.905,0.905,0.905,0.000,0.0,0
1790842140,0.905,0.905,0.905,0.905,0.000,0.0,0
1790842200,0.905,0.905,0.905,0.905,0.000,0.0,0
1790842260,0.905,0.905,0.905,0.905,0.000,0.0,0
1790842320,0.905,0.905,0.905,0.905,0.000,0.0,0
1790842380,0.905,0.905,0.905,0.905,0.000,0.0,0
1790842440,0.905,0.905,0.905,0.905,0.000,0.0,0
1790842500,0.905,0.905,0.905,0.905,0.000,0.0,0
1790842560,0.905,0.905,0.905,0.905,0.000,0.0,0
1790842620,0.905,0.905,0.905,0.905,0.000,0.0,0
1790842680,0.905,0.905,0.905,0.905,0.000,0.0,0
1790842740,0.905,0.905,0.905,0.905,0.000,0.0,0
1790842800,0.905,0.905,0.905,0.905,0.000,0.0,0
1790842860,0.905,0.905,0.905,0.905,0.000,0.0,0
1790842920,0.905,0.905,0.905,0.905,0.000,0.0,0
1790842980,0.905,0.905,0.905,0.905,0.000,0.0,0
1790843040,0.905,0.905,0.905,0.905,0.000,0.0,0
1790843100,0.905,0.905,0.905,0.905,0.000,0.0,0
1790843160,0.905,0.905,0.905,0.905,0.000,0.0,0
1790843220,0.905,0.905,0.905,0.905,0.000,0.0,0
1790843280,0.905,0.905,0.905,0.905,0.000,0.0,0
1790843340,0.905,0.905,0.905,0.905,0.000,0.0,0
1790843400,0.907,0.907,0.907,0.907,0.907,284.8289961,1
1790843460,0.907,0.907,0.907,0.907,0.000,0.0,0
1790843520,0.907,0.907,0.907,0.907,0.000,0.0,0
1790843580,0.907,0.907,0.907,0.907,0.000,0.0,0
1790843640,0.906,0.906,0.906,0.906,0.906,95.619899,1
1790843700,0.907,0.907,0.907,0.907,0.907,100.0,1
1790843760,0.907,0.907,0.907,0.907,0.907,70.946226,1
1790843820,0.907,0.907,0.907,0.907,0.907,335.790635,1
1790843880,0.907,0.907,0.907,0.907,0.000,0.0,0
1790843940,0.91,0.91,0.91,0.91,0.910,86.629575,1
1790844000,0.91,0.91,0.91,0.91,0.000,0.0,0
1790844060,0.91,0.91,0.91,0.91,0.000,0.0,0
1790844120,0.91,0.91,0.91,0.91,0.000,0.0,0
1790844180,0.91,0.91,0.91,0.91,0.000,0.0,0
1790844240,0.908,0.908,0.908,0.908,0.908,39.724323,1
1790844300,0.908,0.908,0.908,0.908,0.000,0.0,0
1790844360,0.907,0.907,0.907,0.907,0.907,124.91003,2
1790844420,0.908,0.908,0.908,0.908,0.908,335.79063504,4
1790844480,0.908,0.908,0.908,0.908,0.000,0.0,0
1790844540,0.909,0.909,0.909,0.909,0.909,53.48651,1
1790844600,0.909,0.909,0.909,0.909,0.000,0.0,0
1790844660,0.909,0.909,0.909,0.909,0.000,0.0,0
1790844720,0.909,0.909,0.909,0.909,0.000,0.0,0
1790844780,0.909,0.909,0.909,0.909,0.000,0.0,0
1790844840,0.909,0.909,0.909,0.909,0.000,0.0,0
1790844900,0.909,0.909,0.909,0.909,0.000,0.0,0
1790844960,0.909,0.909,0.909,0.909,0.000,0.0,0
1790845020,0.909,0.909,0.909,0.909,0.000,0.0,0
1790845080,0.909,0.909,0.909,0.909,0.000,0.0,0
1790845140,0.909,0.909,0.909,0.909,0.000,0.0,0
1790845200,0.909,0.909,0.909,0.909,0.000,0.0,0
1790845260,0.91,0.91,0.91,0.91,0.910,213.5943929,1
1790845320,0.91,0.91,0.91,0.91,0.000,0.0,0
1790845380,0.91,0.91,0.91,0.91,0.000,0.0,0
1790845440,0.91,0.91,0.91,0.91,0.000,0.0,0
1790845500,0.91,0.91,0.91,0.91,0.910,213.5943929,1
1790845560,0.91,0.91,0.91,0.91,0.000,0.0,0
1790845620,0.91,0.91,0.91,0.91,0.000,0.0,0
1790845680,0.91,0.91,0.91,0.91,0.000,0.0,0
1790845740,0.91,0.91,0.91,0.91,0.000,0.0,0
1790845800,0.91,0.91,0.91,0.91,0.000,0.0,0
1790845860,0.91,0.91,0.91,0.91,0.000,0.0,0
1790845920,0.91,0.91,0.91,0.91,0.000,0.0,0
1790845980,0.91,0.91,0.91,0.91,0.000,0.0,0
1790846040,0.91,0.91,0.91,0.91,0.000,0.0,0
1790846100,0.91,0.91,0.91,0.91,0.000,0.0,0
1790846160,0.91,0.91,0.91,0.91,0.910,376.01086,2
1790846220,0.909,0.909,0.909,0.909,0.909,206.698705,4
1790846280,0.909,0.909,0.909,0.909,0.000,0.0,0
1790846340,0.909,0.909,0.909,0.909,0.000,0.0,0
1790846400,0.909,0.909,0.909,0.909,0.000,0.0,0
1790846460,0.908,0.908,0.908,0.908,0.908,335.790635,2
1790846520,0.908,0.908,0.908,0.908,0.000,0.0,0
1790846580,0.908,0.908,0.908,0.908,0.000,0.0,0
1790846640,0.908,0.908,0.908,0.908,0.000,0.0,0
1790846700,0.908,0.908,0.908,0.908,0.000,0.0,0
1790846760,0.908,0.908,0.908,0.908,0.000,0.0,0
1790846820,0.909,0.909,0.909,0.909,0.909,335.79063504,1
1790846880,0.909,0.909,0.909,0.909,0.000,0.0,0
1790846940,0.909,0.909,0.909,0.909,0.000,0.0,0
1790847000,0.909,0.909,0.909,0.909,0.000,0.0,0
1790847060,0.909,0.909,0.909,0.909,0.000,0.0,0
1790847120,0.909,0.909,0.909,0.909,0.000,0.0,0
1790847180,0.909,0.909,0.909,0.909,0.000,0.0,0
1790847240,0.909,0.909,0.909,0.909,0.000,0.0,0
1790847300,0.909,0.909,0.909,0.909,0.000,0.0,0
1790847360,0.909,0.909,0.909,0.909,0.000,0.0,0
1790847420,0.909,0.909,0.909,0.909,0.000,0.0,0
1790847480,0.909,0.909,0.909,0.909,0.000,0.0,0
1790847540,0.909,0.909,0.909,0.909,0.000,0.0,0
1790847600,0.909,0.909,0.909,0.909,0.000,0.0,0
1790847660,0.909,0.909,0.909,0.909,0.000,0.0,0
1790847720,0.909,0.909,0.909,0.909,0.000,0.0,0
1790847780,0.909,0.909,0.909,0.909,0.000,0.0,0
1790847840,0.909,0.909,0.909,0.909,0.000,0.0,0
1790847900,0.909,0.909,0.909,0.909,0.000,0.0,0
1790847960,0.909,0.909,0.909,0.909,0.000,0.0,0
1790848020,0.909,0.909,0.909,0.909,0.000,0.0,0
1790848080,0.909,0.909,0.909,0.909,0.000,0.0,0
1790848140,0.909,0.909,0.909,0.909,0.000,0.0,0
1790848200,0.909,0.909,0.909,0.909,0.000,0.0,0
1790848260,0.909,0.909,0.909,0.909,0.000,0.0,0
1790848320,0.909,0.909,0.909,0.909,0.000,0.0,0
1790848380,0.909,0.909,0.909,0.909,0.000,0.0,0
1790848440,0.909,0.909,0.909,0.909,0.000,0.0,0
1790848500,0.909,0.909,0.909,0.909,0.000,0.0,0
1790848560,0.909,0.909,0.909,0.909,0.000,0.0,0
1790848620,0.909,0.909,0.909,0.909,0.000,0.0,0
1790848680,0.909,0.909,0.909,0.909,0.000,0.0,0
1790848740,0.909,0.909,0.909,0.909,0.000,0.0,0
1790848800,0.909,0.909,0.909,0.909,0.000,0.0,0
1790848860,0.903,0.903,0.903,0.903,0.903,605.4376453,3
1790848920,0.9,0.9,0.9,0.9,0.900,20.0,1
1790848980,0.902,0.902,0.902,0.902,0.902,335.790635,1
1790849040,0.902,0.902,0.902,0.902,0.000,0.0,0
1790849100,0.896,0.896,0.893,0.896,0.894,14615.02104054,17
1790849160,0.896,0.896,0.894,0.894,0.895,369.134735,2
1790849220,0.895,0.899,0.895,0.899,0.897,35.81581758,3
1790849280,0.899,0.899,0.899,0.899,0.899,11.79,1
1790849340,0.9,0.9,0.9,0.9,0.900,284.8289961,1
1790849400,0.9,0.9,0.9,0.9,0.900,335.790635,1
1790849460,0.899,0.899,0.899,0.899,0.899,1007.371905,3
1790849520,0.899,0.899,0.899,0.899,0.000,0.0,0
1790849580,0.899,0.899,0.899,0.899,0.899,168.93580284,1
1790849640,0.9,0.9,0.9,0.9,0.900,671.58127,2
1790849700,0.9,0.9,0.9,0.9,0.900,335.790635,1
1790849760,0.9,0.9,0.9,0.9,0.000,0.0,0
1790849820,0.9,0.9,0.9,0.9,0.000,0.0,0
1790849880,0.9,0.9,0.9,0.9,0.000,0.0,0
1790849940,0.9,0.9,0.9,0.9,0.000,0.0,0
1790850000,0.9,0.9,0.9,0.9,0.000,0.0,0
1790850060,0.9,0.9,0.9,0.9,0.900,525.0,4
1790850120,0.9,0.9,0.9,0.9,0.000,0.0,0
1790850180,0.9,0.9,0.9,0.9,0.000,0.0,0
1790850240,0.9,0.9,0.9,0.9,0.000,0.0,0
1790850300,0.899,0.899,0.899,0.899,0.899,11.3429564,1
1790850360,0.899,0.899,0.899,0.899,0.000,0.0,0
1790850420,0.896,0.896,0.896,0.896,0.896,279.01785714,1
1790850480,0.896,0.896,0.896,0.896,0.000,0.0,0
1790850540,0.896,0.896,0.896,0.896,0.000,0.0,0
1790850600,0.896,0.896,0.896,0.896,0.000,0.0,0
1790850660,0.901,0.901,0.901,0.901,0.901,152.61931188,1
1790850720,0.901,0.901,0.901,0.901,0.000,0.0,0
1790850780,0.901,0.901,0.901,0.901,0.000,0.0,0
1790850840,0.901,0.901,0.901,0.901,0.000,0.0,0
1790850900,0.901,0.901,0.901,0.901,0.000,0.0,0
1790850960,0.901,0.901,0.901,0.901,0.901,485.2226367,1
1790851020,0.901,0.901,0.901,0.901,0.000,0.0,0
1790851080,0.901,0.901,0.901,0.901,0.901,23.8352644,1
1790851140,0.901,0.901,0.901,0.901,0.901,213.59439296,1
1790851200,0.902,0.903,0.902,0.903,0.902,3665.24390243,5
1790851260,0.903,0.903,0.903,0.903,0.000,0.0,0
1790851320,0.903,0.903,0.903,0.903,0.000,0.0,0
1790851380,0.903,0.903,0.903,0.903,0.000,0.0,0
1790851440,0.903,0.903,0.903,0.903,0.000,0.0,0
1790851500,0.903,0.903,0.903,0.903,0.000,0.0,0
1790851560,0.902,0.902,0.902,0.902,0.902,485.2226367,1
1790851620,0.902,0.902,0.902,0.902,0.000,0.0,0
1790851680,0.904,0.904,0.904,0.904,0.904,485.2226367,1
1790851740,0.904,0.904,0.904,0.904,0.000,0.0,0
1790851800,0.904,0.904,0.904,0.904,0.000,0.0,0
1790851860,0.903,0.903,0.903,0.903,0.903,335.790635,1
1790851920,0.903,0.903,0.903,0.903,0.000,0.0,0
1790851980,0.903,0.903,0.903,0.903,0.000,0.0,0
1790852040,0.903,0.903,0.903,0.903,0.000,0.0,0
1790852100,0.905,0.905,0.905,0.905,0.905,489.8301513,2
1790852160,0.904,0.904,0.904,0.904,0.904,698.81702966,2
1790852220,0.904,0.904,0.904,0.904,0.000,0.0,0
1790852280,0.904,0.904,0.904,0.904,0.000,0.0,0
1790852340,0.904,0.904,0.904,0.904,0.904,1304.254675,4
1790852400,0.904,0.904,0.904,0.904,0.000,0.0,0
1790852460,0.902,0.902,0.902,0.902,0.902,105.0,1
1790852520,0.901,0.901,0.901,0.901,0.901,885.17566296,3
1790852580,0.901,0.901,0.901,0.901,0.901,76.35098037,2
1790852640,0.901,0.901,0.901,0.901,0.901,210.0,1
1790852700,0.901,0.901,0.901,0.901,0.000,0.0,0
1790852760,0.901,0.901,0.901,0.901,0.000,0.0,0
1790852820,0.901,0.901,0.901,0.901,0.000,0.0,0
1790852880,0.901,0.901,0.901,0.901,0.000,0.0,0
1790852940,0.901,0.901,0.901,0.901,0.000,0.0,0
1790853000,0.901,0.901,0.901,0.901,0.000,0.0,0
1790853060,0.902,0.902,0.902,0.902,0.902,485.2226367,1
1790853120,0.902,0.902,0.902,0.902,0.000,0.0,0
1790853180,0.902,0.902,0.902,0.902,0.000,0.0,0
1790853240,0.902,0.902,0.902,0.902,0.000,0.0,0
1790853300,0.902,0.902,0.902,0.902,0.000,0.0,0
1790853360,0.902,0.902,0.902,0.902,0.000,0.0,0
1790853420,0.902,0.902,0.902,0.902,0.000,0.0,0
1790853480,0.902,0.902,0.902,0.902,0.000,0.0,0
1790853540,0.901,0.901,0.901,0.901,0.901,30.0,1
1790853600,0.901,0.901,0.901,0.901,0.901,50.0,1
1790853660,0.901,0.901,0.901,0.901,0.000,0.0,0
1790853720,0.902,0.903,0.902,0.903,0.902,300.0,2
1790853780,0.903,0.903,0.903,0.903,0.000,0.0,0
1790853840,0.903,0.903,0.903,0.903,0.000,0.0,0
1790853900,0.903,0.903,0.903,0.903,0.000,0.0,0
1790853960,0.901,0.901,0.901,0.901,0.901,485.22263678,1
1790854020,0.901,0.901,0.901,0.901,0.000,0.0,0
1790854080,0.901,0.901,0.901,0.901,0.000,0.0,0
1790854140,0.902,0.902,0.902,0.902,0.902,970.4452734,2
1790854200,0.903,0.903,0.903,0.903,0.903,560.9914403,2
1790854260,0.903,0.903,0.903,0.903,0.000,0.0,0
1790854320,0.903,0.903,0.903,0.903,0.000,0.0,0
1790854380,0.903,0.903,0.903,0.903,0.000,0.0,0
1790854440,0.903,0.903,0.903,0.903,0.000,0.0,0
1790854500,0.903,0.903,0.903,0.903,0.000,0.0,0
1790854560,0.904,0.904,0.904,0.904,0.904,100.0,1
1790854620,0.904,0.904,0.904,0.904,0.000,0.0,0
1790854680,0.904,0.904,0.904,0.904,0.000,0.0,0
1790854740,0.904,0.904,0.904,0.904,0.000,0.0,0
1790854800,0.904,0.904,0.904,0.904,0.000,0.0,0
1790854860,0.906,0.906,0.906,0.906,0.906,300.0,2
1790854920,0.906,0.906,0.906,0.906,0.000,0.0,0
1790854980,0.906,0.906,0.906,0.906,0.000,0.0,0
1790855040,0.906,0.906,0.906,0.906,0.000,0.0,0
1790855100,0.906,0.906,0.906,0.906,0.000,0.0,0
1790855160,0.906,0.906,0.906,0.906,0.000,0.0,0
1790855220,0.906,0.906,0.906,0.906,0.906,123.152333,1
1790855280,0.906,0.906,0.906,0.906,0.000,0.0,0
1790855340,0.906,0.906,0.906,0.906,0.000,0.0,0
1790855400,0.906,0.906,0.906,0.906,0.000,0.0,0
1790855460,0.906,0.906,0.906,0.906,0.000,0.0,0
1790855520,0.906,0.906,0.906,0.906,0.000,0.0,0
1790855580,0.906,0.906,0.906,0.906,0.000,0.0,0
1790855640,0.906,0.906,0.906,0.906,0.906,47.984342,1
1790855700,0.906,0.906,0.906,0.906,0.000,0.0,0
1790855760,0.906,0.906,0.906,0.906,0.000,0.0,0
1790855820,0.906,0.906,0.906,0.906,0.000,0.0,0
1790855880,0.906,0.906,0.906,0.906,0.000,0.0,0
1790855940,0.906,0.906,0.906,0.906,0.000,0.0,0
1790856000,0.906,0.906,0.906,0.906,0.000,0.0,0
1790856060,0.906,0.906,0.906,0.906,0.000,0.0,0
1790856120,0.906,0.906,0.906,0.906,0.000,0.0,0
1790856180,0.906,0.906,0.906,0.906,0.000,0.0,0
1790856240,0.906,0.906,0.906,0.906,0.000,0.0,0
1790856300,0.906,0.906,0.906,0.906,0.000,0.0,0
1790856360,0.907,0.907,0.907,0.907,0.907,110.25358324,1
1790856420,0.907,0.907,0.907,0.907,0.000,0.0,0
1790856480,0.907,0.907,0.907,0.907,0.000,0.0,0
1790856540,0.907,0.907,0.907,0.907,0.000,0.0,0
1790856600,0.907,0.907,0.907,0.907,0.907,30.620942,1
1790856660,0.907,0.907,0.907,0.907,0.000,0.0,0
1790856720,0.907,0.907,0.907,0.907,0.000,0.0,0
1790856780,0.907,0.907,0.907,0.907,0.000,0.0,0
1790856840,0.907,0.907,0.907,0.907,0.000,0.0,0
1790856900,0.905,0.905,0.905,0.905,0.905,269.64701,1
1790856960,0.905,0.905,0.905,0.905,0.000,0.0,0
1790857020,0.905,0.905,0.905,0.905,0.000,0.0,0
1790857080,0.905,0.905,0.905,0.905,0.000,0.0,0
1790857140,0.905,0.905,0.905,0.905,0.000,0.0,0
1790857200,0.904,0.904,0.904,0.904,0.904,22.811828,1
1790857260,0.904,0.904,0.904,0.904,0.904,213.5943929,1
1790857320,0.904,0.904,0.904,0.904,0.904,637.3285736,3
1790857380,0.904,0.904,0.903,0.903,0.903,102.260675,3
1790857440,0.903,0.903,0.903,0.903,0.000,0.0,0
1790857500,0.903,0.903,0.903,0.903,0.000,0.0,0
1790857560,0.903,0.903,0.903,0.903,0.000,0.0,0
1790857620,0.904,0.904,0.904,0.904,0.904,213.5943929,1
1790857680,0.904,0.904,0.904,0.904,0.000,0.0,0
1790857740,0.904,0.904,0.904,0.904,0.000,0.0,0
1790857800,0.904,0.904,0.904,0.904,0.000,0.0,0
1790857860,0.904,0.904,0.904,0.904,0.000,0.0,0
1790857920,0.904,0.904,0.904,0.904,0.000,0.0,0
1790857980,0.904,0.904,0.904,0.904,0.000,0.0,0
1790858040,0.904,0.904,0.904,0.904,0.000,0.0,0
1790858100,0.904,0.904,0.904,0.904,0.000,0.0,0
1790858160,0.902,0.902,0.902,0.902,0.902,496.56255996,4
1790858220,0.901,0.901,0.901,0.901,0.901,1151.10869418,6
1790858280,0.901,0.901,0.901,0.901,0.000,0.0,0
1790858340,0.901,0.901,0.901,0.901,0.000,0.0,0
1790858400,0.901,0.901,0.901,0.901,0.000,0.0,0
1790858460,0.901,0.901,0.901,0.901,0.000,0.0,0
1790858520,0.903,0.903,0.903,0.903,0.903,485.2226367,1
1790858580,0.903,0.903,0.903,0.903,0.000,0.0,0
1790858640,0.902,0.902,0.902,0.902,0.902,371.609503,6
1790858700,0.902,0.902,0.902,0.902,0.000,0.0,0
1790858760,0.902,0.902,0.902,0.902,0.000,0.0,0
1790858820,0.902,0.902,0.902,0.902,0.000,0.0,0
1790858880,0.9,0.9,0.9,0.9,0.900,368.88685,2
1790858940,0.899,0.899,0.898,0.898,0.898,558.716456,5
1790859000,0.898,0.898,0.898,0.898,0.000,0.0,0
1790859060,0.898,0.898,0.898,0.898,0.000,0.0,0
1790859120,0.898,0.898,0.898,0.898,0.000,0.0,0
1790859180,0.898,0.898,0.898,0.898,0.000,0.0,0
1790859240,0.898,0.898,0.898,0.898,0.000,0.0,0
1790859300,0.898,0.898,0.898,0.898,0.000,0.0,0
1790859360,0.898,0.898,0.898,0.898,0.000,0.0,0
1790859420,0.895,0.895,0.895,0.895,0.895,771.64866987,3
1790859480,0.898,0.898,0.898,0.898,0.898,478.945008,2
1790859540,0.898,0.898,0.898,0.898,0.000,0.0,0
1790859600,0.898,0.898,0.898,0.898,0.000,0.0,0
1790859660,0.898,0.898,0.898,0.898,0.000,0.0,0
1790859720,0.898,0.898,0.898,0.898,0.000,0.0,0
1790859780,0.898,0.898,0.898,0.898,0.000,0.0,0
1790859840,0.898,0.898,0.898,0.898,0.000,0.0,0
1790859900,0.898,0.898,0.898,0.898,0.000,0.0,0
1790859960,0.898,0.898,0.898,0.898,0.000,0.0,0
1790860020,0.898,0.898,0.898,0.898,0.000,0.0,0
1790860080,0.892,0.893,0.889,0.89,0.891,11197.98923993,17
1790860140,0.889,0.891,0.889,0.891,0.890,2770.17987589,5
1790860200,0.89,0.89,0.89,0.89,0.890,485.2226367,1
1790860260,0.891,0.891,0.891,0.891,0.891,81.406729,1
1790860320,0.891,0.891,0.891,0.891,0.000,0.0,0
1790860380,0.891,0.891,0.891,0.891,0.000,0.0,0
1790860440,0.891,0.891,0.891,0.891,0.891,378.47281373,3
1790860500,0.891,0.891,0.891,0.891,0.000,0.0,0
1790860560,0.891,0.891,0.891,0.891,0.000,0.0,0
1790860620,0.891,0.891,0.891,0.891,0.000,0.0,0
1790860680,0.891,0.891,0.891,0.891,0.891,236.14138183,1
1790860740,0.891,0.891,0.891,0.891,0.891,392.3546291,4
1790860800,0.891,0.891,0.891,0.891,0.000,0.0,0
1790860860,0.893,0.893,0.893,0.893,0.893,463.00571109,2
1790860920,0.893,0.893,0.893,0.893,0.893,773.475044,3
1790860980,0.892,0.892,0.891,0.891,0.891,707.77239971,3
1790861040,0.891,0.891,0.891,0.891,0.891,485.22263678,3
1790861100,0.891,0.891,0.891,0.891,0.891,280.5686961,1
1790861160,0.89,0.89,0.89,0.89,0.890,324.8315376,2
1790861220,0.89,0.89,0.89,0.89,0.890,494.47958039,2
1790861280,0.891,0.891,0.891,0.891,0.891,213.5943929,1
1790861340,0.89,0.89,0.89,0.89,0.890,213.5943929,1
1790861400,0.891,0.891,0.891,0.891,0.891,542.8266238,3
1790861460,0.891,0.892,0.891,0.892,0.891,427.1887858,2
1790861520,0.892,0.892,0.892,0.892,0.892,213.5943929,1
1790861580,0.892,0.892,0.892,0.892,0.000,0.0,0
1790861640,0.892,0.892,0.892,0.892,0.000,0.0,0
1790861700,0.893,0.893,0.893,0.893,0.893,485.22263678,3
1790861760,0.893,0.893,0.893,0.893,0.000,0.0,0
1790861820,0.893,0.893,0.893,0.893,0.000,0.0,0
1790861880,0.894,0.894,0.894,0.894,0.894,485.2226367,1
1790861940,0.895,0.895,0.895,0.895,0.895,26.64441528,1
1790862000,0.895,0.895,0.895,0.895,0.000,0.0,0
1790862060,0.895,0.895,0.895,0.895,0.895,485.2226367,3
1790862120,0.895,0.895,0.895,0.895,0.000,0.0,0
1790862180,0.895,0.895,0.895,0.895,0.000,0.0,0
1790862240,0.895,0.895,0.895,0.895,0.000,0.0,0
1790862300,0.895,0.895,0.895,0.895,0.000,0.0,0
1790862360,0.894,0.894,0.894,0.894,0.894,335.790635,1
1790862420,0.894,0.894,0.894,0.894,0.000,0.0,0
1790862480,0.894,0.894,0.894,0.894,0.000,0.0,0
1790862540,0.894,0.894,0.894,0.894,0.000,0.0,0
1790862600,0.894,0.894,0.894,0.894,0.000,0.0,0
1790862660,0.894,0.894,0.894,0.894,0.000,0.0,0
1790862720,0.894,0.894,0.894,0.894,0.894,485.2226367,1
1790862780,0.894,0.894,0.894,0.894,0.000,0.0,0
1790862840,0.894,0.894,0.894,0.894,0.894,485.2226367,1
1790862900,0.894,0.894,0.894,0.894,0.000,0.0,0
1790862960,0.894,0.894,0.894,0.894,0.000,0.0,0
1790863020,0.894,0.894,0.894,0.894,0.000,0.0,0
1790863080,0.894,0.894,0.894,0.894,0.000,0.0,0
1790863140,0.894,0.894,0.894,0.894,0.000,0.0,0
1790863200,0.894,0.894,0.894,0.894,0.000,0.0,0
1790863260,0.886,0.886,0.886,0.886,0.886,53.30490406,1
1790863320,0.886,0.886,0.886,0.886,0.000,0.0,0
1790863380,0.886,0.886,0.886,0.886,0.000,0.0,0
1790863440,0.886,0.886,0.886,0.886,0.000,0.0,0
1790863500,0.886,0.886,0.886,0.886,0.000,0.0,0
1790863560,0.888,0.888,0.888,0.888,0.888,335.790635,1
1790863620,0.89,0.89,0.89,0.89,0.890,1455.6679101,3
1790863680,0.889,0.89,0.889,0.89,0.889,692.3465578,2
1790863740,0.89,0.89,0.89,0.89,0.000,0.0,0
1790863800,0.89,0.89,0.89,0.89,0.000,0.0,0
1790863860,0.89,0.89,0.89,0.89,0.000,0.0,0
1790863920,0.89,0.89,0.89,0.89,0.000,0.0,0
1790863980,0.89,0.89,0.89,0.89,0.000,0.0,0
1790864040,0.89,0.89,0.89,0.89,0.000,0.0,0
1790864100,0.89,0.89,0.89,0.89,0.000,0.0,0
1790864160,0.89,0.89,0.89,0.89,0.000,0.0,0
1790864220,0.89,0.89,0.89,0.89,0.000,0.0,0
1790864280,0.89,0.89,0.89,0.89,0.000,0.0,0
1790864340,0.888,0.89,0.888,0.89,0.888,264.1598442,4
1790864400,0.89,0.89,0.89,0.89,0.000,0.0,0
1790864460,0.89,0.89,0.89,0.89,0.000,0.0,0
1790864520,0.89,0.89,0.89,0.89,0.000,0.0,0
1790864580,0.89,0.89,0.89,0.89,0.000,0.0,0
1790864640,0.89,0.89,0.89,0.89,0.000,0.0,0
1790864700,0.89,0.89,0.89,0.89,0.000,0.0,0
1790864760,0.89,0.89,0.89,0.89,0.000,0.0,0
1790864820,0.89,0.89,0.89,0.89,0.000,0.0,0
1790864880,0.89,0.89,0.89,0.89,0.000,0.0,0
1790864940,0.89,0.89,0.89,0.89,0.000,0.0,0
1790865000,0.892,0.892,0.892,0.892,0.892,213.5943929,1
1790865060,0.892,0.892,0.892,0.892,0.000,0.0,0
1790865120,0.892,0.892,0.892,0.892,0.892,14.1523,1
1790865180,0.892,0.892,0.892,0.892,0.000,0.0,0
1790865240,0.892,0.892,0.892,0.892,0.000,0.0,0
1790865300,0.892,0.892,0.892,0.892,0.000,0.0,0
1790865360,0.893,0.894,0.893,0.894,0.893,1007.371905,3
1790865420,0.894,0.894,0.894,0.894,0.000,0.0,0
1790865480,0.894,0.894,0.894,0.894,0.000,0.0,0
1790865540,0.894,0.894,0.894,0.894,0.000,0.0,0
1790865600,0.894,0.894,0.894,0.894,0.000,0.0,0
1790865660,0.894,0.894,0.894,0.894,0.000,0.0,0
1790865720,0.894,0.894,0.894,0.894,0.000,0.0,0
1790865780,0.888,0.889,0.888,0.889,0.888,3419.9295331,4
1790865840,0.889,0.889,0.889,0.889,0.000,0.0,0
1790865900,0.889,0.889,0.889,0.889,0.000,0.0,0
1790865960,0.889,0.889,0.889,0.889,0.000,0.0,0
1790866020,0.889,0.889,0.889,0.889,0.000,0.0,0
1790866080,0.889,0.889,0.889,0.889,0.000,0.0,0
1790866140,0.889,0.889,0.889,0.889,0.000,0.0,0
1790866200,0.889,0.889,0.889,0.889,0.000,0.0,0
1790866260,0.889,0.889,0.889,0.889,0.000,0.0,0
1790866320,0.889,0.889,0.889,0.889,0.000,0.0,0
1790866380,0.88,0.882,0.88,0.882,0.881,513.900335,2
1790866440,0.882,0.882,0.882,0.882,0.000,0.0,0
1790866500,0.884,0.884,0.884,0.884,0.884,335.790635,1
1790866560,0.884,0.884,0.884,0.884,0.000,0.0,0
1790866620,0.885,0.885,0.885,0.885,0.885,213.594392,1
1790866680,0.885,0.885,0.885,0.885,0.000,0.0,0
1790866740,0.885,0.885,0.885,0.885,0.000,0.0,0
1790866800,0.885,0.885,0.885,0.885,0.000,0.0,0
1790866860,0.886,0.886,0.886,0.886,0.886,213.594392,1
1790866920,0.888,0.888,0.888,0.888,0.888,221.48,3
1790866980,0.888,0.888,0.888,0.888,0.000,0.0,0
1790867040,0.89,0.89,0.89,0.89,0.890,197.9,1
1790867100,0.89,0.89,0.89,0.89,0.000,0.0,0
1790867160,0.889,0.889,0.889,0.889,0.889,42.79,1
1790867220,0.889,0.889,0.889,0.889,0.000,0.0,0
1790867280,0.884,0.884,0.884,0.884,0.884,1950.22360901,5
1790867340,0.884,0.884,0.884,0.884,0.884,618.5960298,2
1790867400,0.885,0.885,0.885,0.885,0.885,269.647,1
1790867460,0.885,0.885,0.885,0.885,0.000,0.0,0
1790867520,0.889,0.889,0.889,0.889,0.889,438.20728354,3
1790867580,0.889,0.889,0.889,0.889,0.000,0.0,0
1790867640,0.889,0.889,0.889,0.889,0.000,0.0,0
1790867700,0.893,0.894,0.893,0.894,0.893,296.6008893,2
1790867760,0.894,0.894,0.894,0.894,0.000,0.0,0
1790867820,0.894,0.894,0.894,0.894,0.000,0.0,0
1790867880,0.898,0.898,0.898,0.898,0.898,378.48775599,2
1790867940,0.898,0.898,0.898,0.898,0.000,0.0,0
1790868000,0.899,0.899,0.899,0.899,0.899,7.82677733,1
1790868060,0.899,0.899,0.899,0.899,0.000,0.0,0
1790868120,0.899,0.899,0.899,0.899,0.000,0.0,0
1790868180,0.899,0.899,0.899,0.899,0.000,0.0,0
1790868240,0.899,0.899,0.899,0.899,0.000,0.0,0
1790868300,0.899,0.899,0.899,0.899,0.000,0.0,0
1790868360,0.899,0.899,0.899,0.899,0.000,0.0,0
1790868420,0.899,0.899,0.899,0.899,0.000,0.0,0
1790868480,0.899,0.899,0.899,0.899,0.000,0.0,0
1790868540,0.899,0.899,0.899,0.899,0.000,0.0,0
1790868600,0.899,0.899,0.899,0.899,0.000,0.0,0
1790868660,0.899,0.899,0.899,0.899,0.000,0.0,0
1790868720,0.899,0.899,0.899,0.899,0.000,0.0,0
1790868780,0.899,0.899,0.899,0.899,0.000,0.0,0
1790868840,0.893,0.893,0.893,0.893,0.893,10.0,1
1790868900,0.893,0.893,0.893,0.893,0.000,0.0,0
1790868960,0.893,0.893,0.893,0.893,0.000,0.0,0
1790869020,0.893,0.893,0.893,0.893,0.000,0.0,0
1790869080,0.893,0.893,0.893,0.893,0.000,0.0,0
1790869140,0.893,0.893,0.893,0.893,0.000,0.0,0
1790869200,0.893,0.893,0.893,0.893,0.000,0.0,0
1790869260,0.893,0.893,0.893,0.893,0.000,0.0,0
1790869320,0.893,0.893,0.893,0.893,0.000,0.0,0
1790869380,0.893,0.893,0.893,0.893,0.000,0.0,0
1790869440,0.893,0.893,0.893,0.893,0.000,0.0,0
1790869500,0.893,0.893,0.893,0.893,0.000,0.0,0
1790869560,0.893,0.893,0.893,0.893,0.000,0.0,0
1790869620,0.893,0.893,0.893,0.893,0.000,0.0,0
1790869680,0.893,0.893,0.893,0.893,0.000,0.0,0
1790869740,0.893,0.893,0.893,0.893,0.000,0.0,0
1790869800,0.893,0.893,0.893,0.893,0.000,0.0,0
1790869860,0.893,0.893,0.893,0.893,0.000,0.0,0
1790869920,0.893,0.893,0.893,0.893,0.000,0.0,0
1790869980,0.893,0.893,0.893,0.893,0.000,0.0,0
1790870040,0.893,0.893,0.893,0.893,0.000,0.0,0
1790870100,0.893,0.893,0.893,0.893,0.000,0.0,0
1790870160,0.893,0.893,0.893,0.893,0.000,0.0,0
1790870220,0.893,0.893,0.893,0.893,0.000,0.0,0
1790870280,0.895,0.895,0.895,0.895,0.895,165.45061435,1
1790870340,0.895,0.895,0.895,0.895,0.000,0.0,0
1790870400,0.895,0.895,0.895,0.895,0.000,0.0,0
1790870460,0.895,0.895,0.895,0.895,0.000,0.0,0
1790870520,0.895,0.895,0.895,0.895,0.000,0.0,0
1790870580,0.895,0.895,0.895,0.895,0.000,0.0,0
1790870640,0.895,0.895,0.895,0.895,0.000,0.0,0
1790870700,0.895,0.895,0.895,0.895,0.000,0.0,0
1790870760,0.895,0.895,0.895,0.895,0.000,0.0,0
1790870820,0.895,0.895,0.895,0.895,0.000,0.0,0
1790870880,0.895,0.895,0.895,0.895,0.000,0.0,0
1790870940,0.895,0.895,0.895,0.895,0.000,0.0,0
1790871000,0.895,0.895,0.895,0.895,0.000,0.0,0
1790871060,0.895,0.895,0.895,0.895,0.895,495.2226367,2
1790871120,0.895,0.895,0.895,0.895,0.000,0.0,0
1790871180,0.895,0.895,0.895,0.895,0.000,0.0,0
1790871240,0.895,0.895,0.895,0.895,0.895,42.1416,1
1790871300,0.896,0.896,0.896,0.896,0.896,485.2226367,1
1790871360,0.896,0.896,0.896,0.896,0.000,0.0,0
1790871420,0.896,0.896,0.896,0.896,0.000,0.0,0
1790871480,0.896,0.896,0.896,0.896,0.000,0.0,0
1790871540,0.896,0.896,0.896,0.896,0.000,0.0,0
1790871600,0.896,0.896,0.896,0.896,0.000,0.0,0
1790871660,0.896,0.896,0.896,0.896,0.000,0.0,0
1790871720,0.896,0.896,0.896,0.896,0.000,0.0,0
1790871780,0.896,0.896,0.896,0.896,0.000,0.0,0
1790871840,0.896,0.896,0.896,0.896,0.000,0.0,0
1790871900,0.896,0.896,0.896,0.896,0.000,0.0,0
1790871960,0.896,0.896,0.896,0.896,0.000,0.0,0
1790872020,0.896,0.896,0.896,0.896,0.000,0.0,0
1790872080,0.896,0.896,0.896,0.896,0.000,0.0,0
1790872140,0.895,0.895,0.895,0.895,0.895,485.22263673,2
1790872200,0.896,0.896,0.896,0.896,0.896,485.1085971,1
1790872260,0.896,0.896,0.896,0.896,0.000,0.0,0
1790872320,0.896,0.896,0.896,0.896,0.000,0.0,0
1790872380,0.896,0.896,0.896,0.896,0.000,0.0,0
1790872440,0.896,0.896,0.896,0.896,0.000,0.0,0
1790872500,0.896,0.896,0.896,0.896,0.000,0.0,0
1790872560,0.896,0.896,0.896,0.896,0.000,0.0,0
1790872620,0.9,0.9,0.9,0.9,0.900,335.790635,1
1790872680,0.896,0.897,0.896,0.896,0.896,1556.756932,5
1790872740,0.897,0.897,0.897,0.897,0.897,335.790635,1
1790872800,0.897,0.897,0.897,0.897,0.000,0.0,0
1790872860,0.897,0.897,0.897,0.897,0.897,335.790635,1
1790872920,0.897,0.897,0.897,0.897,0.000,0.0,0
1790872980,0.897,0.897,0.897,0.897,0.897,335.790635,1
1790873040,0.897,0.897,0.897,0.897,0.000,0.0,0
1790873100,0.897,0.897,0.897,0.897,0.000,0.0,0
1790873160,0.897,0.897,0.897,0.897,0.000,0.0,0
1790873220,0.897,0.897,0.897,0.897,0.000,0.0,0
1790873280,0.897,0.897,0.897,0.897,0.000,0.0,0
1790873340,0.899,0.899,0.899,0.899,0.899,213.594392,1
1790873400,0.899,0.899,0.899,0.899,0.899,549.385027,2
1790873460,0.898,0.898,0.898,0.898,0.898,213.594392,1
1790873520,0.898,0.898,0.897,0.897,0.897,549.385027,2
1790873580,0.897,0.897,0.897,0.897,0.000,0.0,0
1790873640,0.897,0.897,0.897,0.897,0.000,0.0,0
1790873700,0.896,0.896,0.896,0.896,0.896,141.742433,1
1790873760,0.896,0.896,0.896,0.896,0.000,0.0,0
1790873820,0.896,0.896,0.896,0.896,0.000,0.0,0
1790873880,0.896,0.896,0.895,0.895,0.895,427.188784,2
1790873940,0.895,0.895,0.895,0.895,0.000,0.0,0
1790874000,0.895,0.895,0.895,0.895,0.000,0.0,0
1790874060,0.895,0.895,0.895,0.895,0.000,0.0,0
1790874120,0.895,0.895,0.895,0.895,0.000,0.0,0
1790874180,0.895,0.895,0.895,0.895,0.000,0.0,0
1790874240,0.895,0.895,0.895,0.895,0.000,0.0,0
1790874300,0.895,0.895,0.895,0.895,0.000,0.0,0
1790874360,0.895,0.895,0.895,0.895,0.000,0.0,0
1790874420,0.895,0.895,0.895,0.895,0.000,0.0,0
1790874480,0.895,0.895,0.895,0.895,0.000,0.0,0
1790874540,0.895,0.895,0.895,0.895,0.000,0.0,0
1790874600,0.901,0.901,0.901,0.901,0.901,491.060163,2
1790874660,0.901,0.901,0.901,0.901,0.000,0.0,0
1790874720,0.901,0.901,0.901,0.901,0.000,0.0,0
1790874780,0.901,0.901,0.901,0.901,0.000,0.0,0
1790874840,0.901,0.901,0.901,0.901,0.000,0.0,0
1790874900,0.901,0.901,0.901,0.901,0.000,0.0,0
1790874960,0.901,0.901,0.901,0.901,0.000,0.0,0
1790875020,0.901,0.901,0.901,0.901,0.000,0.0,0
1790875080,0.901,0.901,0.901,0.901,0.000,0.0,0
1790875140,0.901,0.901,0.901,0.901,0.000,0.0,0
1790875200,0.901,0.901,0.901,0.901,0.000,0.0,0
1790875260,0.901,0.901,0.901,0.901,0.000,0.0,0
1790875320,0.901,0.901,0.901,0.901,0.000,0.0,0
1790875380,0.901,0.901,0.901,0.901,0.000,0.0,0
1790875440,0.901,0.901,0.901,0.901,0.000,0.0,0
1790875500,0.901,0.901,0.901,0.901,0.000,0.0,0
1790875560,0.911,0.911,0.911,0.911,0.911,274.42371,1
1790875620,0.911,0.911,0.911,0.911,0.000,0.0,0
1790875680,0.911,0.911,0.911,0.911,0.000,0.0,0
1790875740,0.911,0.911,0.911,0.911,0.000,0.0,0
1790875800,0.911,0.911,0.911,0.911,0.000,0.0,0
1790875860,0.911,0.911,0.911,0.911,0.000,0.0,0
1790875920,0.911,0.911,0.911,0.911,0.000,0.0,0
1790875980,0.911,0.911,0.911,0.911,0.000,0.0,0
1790876040,0.911,0.911,0.911,0.911,0.000,0.0,0
1790876100,0.909,0.909,0.909,0.909,0.909,197.9,1
1790876160,0.909,0.909,0.909,0.909,0.000,0.0,0
1790876220,0.91,0.91,0.91,0.91,0.910,427.1887858,2
1790876280,0.911,0.915,0.911,0.915,0.913,5809.6832844,8
1790876340,0.913,0.915,0.913,0.915,0.913,9690.9,18
1790876400,0.914,0.914,0.914,0.914,0.914,854.3775716,4
1790876460,0.914,0.914,0.914,0.914,0.000,0.0,0
1790876520,0.914,0.914,0.914,0.914,0.000,0.0,0
1790876580,0.915,0.915,0.915,0.915,0.915,213.5943929,1
1790876640,0.915,0.915,0.915,0.915,0.000,0.0,0
1790876700,0.915,0.915,0.915,0.915,0.000,0.0,0
1790876760,0.915,0.915,0.915,0.915,0.000,0.0,0
1790876820,0.915,0.915,0.915,0.915,0.000,0.0,0
1790876880,0.915,0.915,0.915,0.915,0.000,0.0,0
1790876940,0.916,0.917,0.916,0.916,0.916,1700.3,5
1790877000,0.916,0.916,0.916,0.916,0.000,0.0,0
1790877060,0.916,0.916,0.916,0.916,0.000,0.0,0
1790877120,0.916,0.916,0.916,0.916,0.916,272.919688,1
1790877180,0.916,0.916,0.916,0.916,0.000,0.0,0
1790877240,0.915,0.915,0.914,0.914,0.914,497.111278,3
1790877300,0.914,0.914,0.914,0.914,0.000,0.0,0
1790877360,0.914,0.914,0.914,0.914,0.000,0.0,0
1790877420,0.914,0.914,0.914,0.914,0.000,0.0,0
1790877480,0.914,0.914,0.914,0.914,0.000,0.0,0
1790877540,0.914,0.914,0.914,0.914,0.000,0.0,0
1790877600,0.914,0.914,0.914,0.914,0.000,0.0,0
1790877660,0.914,0.914,0.914,0.914,0.000,0.0,0
1790877720,0.913,0.913,0.913,0.913,0.913,11.79,1
1790877780,0.913,0.913,0.913,0.913,0.000,0.0,0
1790877840,0.913,0.913,0.913,0.913,0.000,0.0,0
1790877900,0.913,0.913,0.913,0.913,0.000,0.0,0
1790877960,0.913,0.913,0.913,0.913,0.000,0.0,0
1790878020,0.913,0.913,0.913,0.913,0.000,0.0,0
1790878080,0.913,0.913,0.913,0.913,0.000,0.0,0
1790878140,0.913,0.913,0.913,0.913,0.000,0.0,0
1790878200,0.913,0.913,0.913,0.913,0.000,0.0,0
1790878260,0.913,0.913,0.913,0.913,0.000,0.0,0
1790878320,0.913,0.913,0.913,0.913,0.000,0.0,0
1790878380,0.913,0.913,0.913,0.913,0.000,0.0,0
1790878440,0.913,0.913,0.913,0.913,0.000,0.0,0
1790878500,0.913,0.913,0.913,0.913,0.000,0.0,0
1790878560,0.913,0.913,0.913,0.913,0.000,0.0,0
1790878620,0.913,0.913,0.913,0.913,0.000,0.0,0
1790878680,0.913,0.913,0.913,0.913,0.000,0.0,0
1790878740,0.913,0.913,0.913,0.913,0.000,0.0,0
1790878800,0.913,0.913,0.913,0.913,0.000,0.0,0
1790878860,0.913,0.913,0.913,0.913,0.000,0.0,0
1790878920,0.913,0.913,0.913,0.913,0.000,0.0,0
1790878980,0.913,0.913,0.913,0.913,0.000,0.0,0
1790879040,0.913,0.913,0.913,0.913,0.000,0.0,0
1790879100,0.913,0.913,0.913,0.913,0.000,0.0,0
1790879160,0.914,0.914,0.911,0.911,0.911,24.30681203,2
1790879220,0.911,0.911,0.911,0.911,0.000,0.0,0
1790879280,0.911,0.911,0.911,0.911,0.000,0.0,0
1790879340,0.911,0.911,0.911,0.911,0.000,0.0,0
1790879400,0.911,0.911,0.911,0.911,0.000,0.0,0
1790879460,0.911,0.911,0.911,0.911,0.000,0.0,0
1790879520,0.911,0.911,0.911,0.911,0.000,0.0,0
1790879580,0.911,0.911,0.911,0.911,0.000,0.0,0
1790879640,0.911,0.911,0.911,0.911,0.000,0.0,0
1790879700,0.911,0.911,0.911,0.911,0.000,0.0,0
1790879760,0.91,0.91,0.91,0.91,0.910,65.409281,1
1790879820,0.91,0.91,0.91,0.91,0.000,0.0,0
1790879880,0.91,0.91,0.91,0.91,0.000,0.0,0
1790879940,0.91,0.91,0.91,0.91,0.000,0.0,0
1790880000,0.91,0.91,0.91,0.91,0.000,0.0,0
1790880060,0.911,0.911,0.911,0.911,0.911,131.7233809,1
1790880120,0.911,0.911,0.911,0.911,0.911,570.7943929,2
1790880180,0.911,0.911,0.911,0.911,0.000,0.0,0
1790880240,0.91,0.91,0.91,0.91,0.910,427.1887858,2
1790880300,0.91,0.91,0.91,0.91,0.000,0.0,0
1790880360,0.91,0.91,0.91,0.91,0.000,0.0,0
1790880420,0.91,0.91,0.91,0.91,0.000,0.0,0
1790880480,0.91,0.91,0.91,0.91,0.000,0.0,0
1790880540,0.91,0.91,0.91,0.91,0.000,0.0,0
1790880600,0.91,0.91,0.91,0.91,0.000,0.0,0
1790880660,0.91,0.91,0.91,0.91,0.000,0.0,0
1790880720,0.91,0.91,0.91,0.91,0.000,0.0,0
1790880780,0.91,0.91,0.91,0.91,0.000,0.0,0
1790880840,0.91,0.91,0.91,0.91,0.000,0.0,0
1790880900,0.909,0.91,0.909,0.91,0.909,983.07692307,6
1790880960,0.91,0.91,0.91,0.91,0.000,0.0,0
1790881020,0.91,0.91,0.91,0.91,0.000,0.0,0
1790881080,0.91,0.91,0.91,0.91,0.000,0.0,0
1790881140,0.91,0.91,0.91,0.91,0.000,0.0,0
1790881200,0.91,0.91,0.91,0.91,0.000,0.0,0
1790881260,0.91,0.91,0.91,0.91,0.000,0.0,0
1790881320,0.91,0.91,0.91,0.91,0.000,0.0,0
1790881380,0.91,0.91,0.91,0.91,0.000,0.0,0
1790881440,0.91,0.91,0.91,0.91,0.000,0.0,0
1790881500,0.91,0.91,0.91,0.91,0.000,0.0,0
1790881560,0.91,0.91,0.91,0.91,0.000,0.0,0
1790881620,0.91,0.91,0.91,0.91,0.000,0.0,0
1790881680,0.91,0.91,0.91,0.91,0.000,0.0,0
1790881740,0.91,0.91,0.91,0.91,0.000,0.0,0
1790881800,0.911,0.911,0.911,0.911,0.911,45.36158503,1
1790881860,0.911,0.911,0.911,0.911,0.000,0.0,0
1790881920,0.911,0.911,0.911,0.911,0.000,0.0,0
1790881980,0.911,0.911,0.911,0.911,0.000,0.0,0
1790882040,0.911,0.911,0.911,0.911,0.000,0.0,0
1790882100,0.909,0.91,0.909,0.909,0.909,1759.93554191,9
1790882160,0.909,0.909,0.909,0.909,0.000,0.0,0
1790882220,0.909,0.909,0.909,0.909,0.000,0.0,0
1790882280,0.906,0.906,0.906,0.906,0.906,70.6889,1
1790882340,0.906,0.906,0.906,0.906,0.000,0.0,0
1790882400,0.906,0.906,0.906,0.906,0.000,0.0,0
1790882460,0.906,0.906,0.906,0.906,0.000,0.0,0
1790882520,0.905,0.905,0.905,0.905,0.905,22.09944751,2
1790882580,0.905,0.905,0.905,0.905,0.000,0.0,0
1790882640,0.905,0.905,0.905,0.905,0.000,0.0,0
1790882700,0.905,0.905,0.905,0.905,0.000,0.0,0
1790882760,0.905,0.905,0.905,0.905,0.000,0.0,0
1790882820,0.905,0.905,0.905,0.905,0.000,0.0,0
1790882880,0.905,0.905,0.905,0.905,0.000,0.0,0
1790882940,0.905,0.905,0.905,0.905,0.000,0.0,0
1790883000,0.901,0.901,0.901,0.901,0.901,22.09944751,1
1790883060,0.901,0.901,0.901,0.901,0.000,0.0,0
1790883120,0.901,0.901,0.901,0.901,0.000,0.0,0
1790883180,0.901,0.901,0.901,0.901,0.000,0.0,0
1790883240,0.901,0.901,0.901,0.901,0.000,0.0,0
1790883300,0.901,0.901,0.901,0.901,0.000,0.0,0
1790883360,0.901,0.901,0.901,0.901,0.000,0.0,0
1790883420,0.901,0.901,0.901,0.901,0.000,0.0,0
1790883480,0.901,0.901,0.901,0.901,0.000,0.0,0
1790883540,0.901,0.901,0.901,0.901,0.000,0.0,0
1790883600,0.901,0.901,0.901,0.901,0.000,0.0,0
1790883660,0.901,0.901,0.901,0.901,0.000,0.0,0
1790883720,0.901,0.901,0.901,0.901,0.000,0.0,0
1790883780,0.901,0.901,0.901,0.901,0.000,0.0,0
1790883840,0.901,0.901,0.901,0.901,0.000,0.0,0
1790883900,0.903,0.903,0.903,0.903,0.903,335.79063504,3
1790883960,0.904,0.904,0.904,0.904,0.904,335.79063504,2
1790884020,0.904,0.904,0.904,0.904,0.000,0.0,0
1790884080,0.904,0.904,0.904,0.904,0.000,0.0,0
1790884140,0.904,0.904,0.904,0.904,0.000,0.0,0
1790884200,0.904,0.904,0.904,0.904,0.000,0.0,0
1790884260,0.904,0.904,0.904,0.904,0.000,0.0,0
1790884320,0.904,0.904,0.904,0.904,0.000,0.0,0
1790884380,0.904,0.904,0.904,0.904,0.000,0.0,0
1790884440,0.904,0.904,0.904,0.904,0.000,0.0,0
1790884500,0.904,0.904,0.904,0.904,0.000,0.0,0
1790884560,0.904,0.904,0.904,0.904,0.000,0.0,0
1790884620,0.904,0.904,0.904,0.904,0.904,335.79063504,2
1790884680,0.905,0.905,0.905,0.905,0.905,335.79063504,3
1790884740,0.905,0.905,0.905,0.905,0.000,0.0,0
1790884800,0.905,0.905,0.905,0.905,0.000,0.0,0
1790884860,0.905,0.905,0.905,0.905,0.000,0.0,0
1790884920,0.905,0.905,0.905,0.905,0.000,0.0,0
1790884980,0.905,0.905,0.905,0.905,0.000,0.0,0
1790885040,0.908,0.908,0.908,0.908,0.908,488.92478943,2
1790885100,0.908,0.908,0.908,0.908,0.000,0.0,0
1790885160,0.908,0.908,0.908,0.908,0.000,0.0,0
1790885220,0.908,0.908,0.908,0.908,0.000,0.0,0
1790885280,0.908,0.908,0.908,0.908,0.000,0.0,0
1790885340,0.908,0.908,0.908,0.908,0.000,0.0,0
1790885400,0.908,0.908,0.908,0.908,0.000,0.0,0
1790885460,0.908,0.908,0.908,0.908,0.000,0.0,0
1790885520,0.908,0.908,0.908,0.908,0.000,0.0,0
1790885580,0.908,0.908,0.908,0.908,0.000,0.0,0
1790885640,0.908,0.908,0.908,0.908,0.000,0.0,0
1790885700,0.908,0.908,0.908,0.908,0.000,0.0,0
1790885760,0.908,0.908,0.908,0.908,0.000,0.0,0
1790885820,0.906,0.906,0.906,0.906,0.906,197.9,1
1790885880,0.906,0.906,0.906,0.906,0.000,0.0,0
1790885940,0.906,0.906,0.906,0.906,0.000,0.0,0
1790886000,0.906,0.906,0.906,0.906,0.000,0.0,0
1790886060,0.906,0.906,0.906,0.906,0.906,80.27,1
1790886120,0.906,0.906,0.906,0.906,0.000,0.0,0
1790886180,0.906,0.906,0.906,0.906,0.000,0.0,0
1790886240,0.906,0.906,0.906,0.906,0.000,0.0,0
1790886300,0.906,0.906,0.906,0.906,0.000,0.0,0
1790886360,0.906,0.906,0.906,0.906,0.000,0.0,0
1790886420,0.906,0.906,0.906,0.906,0.000,0.0,0
1790886480,0.906,0.906,0.906,0.906,0.000,0.0,0
1790886540,0.906,0.906,0.906,0.906,0.000,0.0,0
1790886600,0.906,0.906,0.906,0.906,0.000,0.0,0
1790886660,0.906,0.906,0.906,0.906,0.000,0.0,0
1790886720,0.906,0.906,0.906,0.906,0.000,0.0,0
1790886780,0.906,0.906,0.906,0.906,0.000,0.0,0
1790886840,0.906,0.906,0.906,0.906,0.000,0.0,0
1790886900,0.906,0.906,0.906,0.906,0.000,0.0,0
1790886960,0.906,0.906,0.906,0.906,0.000,0.0,0
1790887020,0.906,0.906,0.906,0.906,0.000,0.0,0
1790887080,0.906,0.906,0.906,0.906,0.000,0.0,0
1790887140,0.906,0.906,0.906,0.906,0.000,0.0,0
1790887200,0.906,0.906,0.906,0.906,0.000,0.0,0
1790887260,0.906,0.906,0.906,0.906,0.000,0.0,0
1790887320,0.904,0.904,0.904,0.904,0.904,218.3654859,1
1790887380,0.904,0.904,0.904,0.904,0.000,0.0,0
1790887440,0.904,0.904,0.904,0.904,0.000,0.0,0
1790887500,0.904,0.904,0.904,0.904,0.000,0.0,0
1790887560,0.904,0.904,0.904,0.904,0.000,0.0,0
1790887620,0.904,0.904,0.904,0.904,0.000,0.0,0
1790887680,0.904,0.904,0.904,0.904,0.000,0.0,0
1790887740,0.904,0.904,0.904,0.904,0.000,0.0,0
1790887800,0.904,0.904,0.904,0.904,0.000,0.0,0
1790887860,0.904,0.904,0.904,0.904,0.000,0.0,0
1790887920,0.904,0.904,0.904,0.904,0.000,0.0,0
1790887980,0.904,0.904,0.904,0.904,0.000,0.0,0
1790888040,0.904,0.904,0.904,0.904,0.000,0.0,0
1790888100,0.904,0.904,0.904,0.904,0.000,0.0,0
1790888160,0.904,0.904,0.904,0.904,0.000,0.0,0
1790888220,0.904,0.904,0.904,0.904,0.000,0.0,0
1790888280,0.904,0.904,0.904,0.904,0.000,0.0,0
1790888340,0.904,0.904,0.904,0.904,0.000,0.0,0
1790888400,0.904,0.904,0.904,0.904,0.000,0.0,0
1790888460,0.904,0.904,0.904,0.904,0.000,0.0,0
1790888520,0.904,0.904,0.904,0.904,0.000,0.0,0
1790888580,0.904,0.904,0.904,0.904,0.000,0.0,0
1790888640,0.904,0.904,0.904,0.904,0.000,0.0,0
1790888700,0.904,0.904,0.904,0.904,0.000,0.0,0
1790888760,0.904,0.904,0.904,0.904,0.000,0.0,0
1790888820,0.904,0.904,0.904,0.904,0.000,0.0,0
1790888880,0.904,0.904,0.904,0.904,0.000,0.0,0
1790888940,0.904,0.904,0.904,0.904,0.000,0.0,0
1790889000,0.903,0.903,0.903,0.903,0.903,11.0741,1
1790889060,0.903,0.903,0.903,0.903,0.903,9.713e-05,1
1790889120,0.903,0.903,0.903,0.903,0.000,0.0,0
1790889180,0.903,0.903,0.903,0.903,0.000,0.0,0
1790889240,0.903,0.903,0.903,0.903,0.000,0.0,0
1790889300,0.903,0.903,0.903,0.903,0.000,0.0,0
1790889360,0.903,0.903,0.903,0.903,0.000,0.0,0
1790889420,0.903,0.903,0.903,0.903,0.000,0.0,0
1790889480,0.903,0.903,0.903,0.903,0.000,0.0,0
1790889540,0.903,0.903,0.903,0.903,0.000,0.0,0
1790889600,0.903,0.903,0.903,0.903,0.000,0.0,0
1790889660,0.903,0.903,0.903,0.903,0.000,0.0,0
1790889720,0.902,0.902,0.902,0.902,0.902,213.59439296,1
1790889780,0.902,0.902,0.902,0.902,0.000,0.0,0
1790889840,0.902,0.902,0.902,0.902,0.000,0.0,0
1790889900,0.902,0.902,0.902,0.902,0.000,0.0,0
1790889960,0.9,0.9,0.9,0.9,0.900,2095.40560704,2
1790890020,0.9,0.9,0.9,0.9,0.000,0.0,0
1790890080,0.901,0.901,0.901,0.901,0.901,206.44900943,1
1790890140,0.901,0.901,0.901,0.901,0.000,0.0,0
1790890200,0.901,0.901,0.901,0.901,0.000,0.0,0
1790890260,0.901,0.901,0.901,0.901,0.000,0.0,0
1790890320,0.901,0.901,0.901,0.901,0.000,0.0,0
1790890380,0.901,0.901,0.901,0.901,0.000,0.0,0
1790890440,0.901,0.901,0.901,0.901,0.000,0.0,0
1790890500,0.901,0.901,0.901,0.901,0.000,0.0,0
1790890560,0.901,0.901,0.901,0.901,0.000,0.0,0
1790890620,0.901,0.901,0.901,0.901,0.000,0.0,0
1790890680,0.901,0.901,0.901,0.901,0.000,0.0,0
1790890740,0.901,0.901,0.901,0.901,0.000,0.0,0
1790890800,0.901,0.901,0.901,0.901,0.000,0.0,0
1790890860,0.901,0.901,0.901,0.901,0.000,0.0,0
1790890920,0.895,0.895,0.895,0.895,0.895,299.20700149,3
1790890980,0.895,0.895,0.895,0.895,0.895,99.55291057,1
1790891040,0.895,0.895,0.895,0.895,0.000,0.0,0
1790891100,0.895,0.895,0.895,0.895,0.000,0.0,0
1790891160,0.895,0.895,0.895,0.895,0.000,0.0,0
1790891220,0.897,0.897,0.897,0.897,0.897,278.70680044,1
1790891280,0.897,0.897,0.897,0.897,0.000,0.0,0
1790891340,0.897,0.897,0.897,0.897,0.000,0.0,0
1790891400,0.897,0.897,0.897,0.897,0.897,228.96897884,8
1790891460,0.897,0.897,0.897,0.897,0.897,322.29605254,4
1790891520,0.897,0.897,0.897,0.897,0.000,0.0,0
1790891580,0.897,0.897,0.897,0.897,0.000,0.0,0
1790891640,0.897,0.897,0.897,0.897,0.000,0.0,0
1790891700,0.897,0.897,0.897,0.897,0.000,0.0,0
1790891760,0.898,0.898,0.898,0.898,0.898,213.5943929,1
1790891820,0.898,0.898,0.898,0.898,0.000,0.0,0
1790891880,0.898,0.898,0.898,0.898,0.000,0.0,0
1790891940,0.898,0.898,0.898,0.898,0.000,0.0,0
1790892000,0.898,0.898,0.898,0.898,0.000,0.0,0
1790892060,0.898,0.898,0.898,0.898,0.000,0.0,0
1790892120,0.898,0.898,0.898,0.898,0.000,0.0,0
1790892180,0.898,0.898,0.898,0.898,0.000,0.0,0
1790892240,0.898,0.898,0.898,0.898,0.000,0.0,0
1790892300,0.898,0.898,0.898,0.898,0.000,0.0,0
1790892360,0.898,0.898,0.898,0.898,0.000,0.0,0
1790892420,0.898,0.898,0.898,0.898,0.000,0.0,0
1790892480,0.898,0.898,0.898,0.898,0.000,0.0,0
1790892540,0.898,0.898,0.898,0.898,0.000,0.0,0
1790892600,0.898,0.898,0.898,0.898,0.000,0.0,0
1790892660,0.904,0.904,0.903,0.903,0.903,427.1887858,2
1790892720,0.903,0.903,0.903,0.903,0.000,0.0,0
1790892780,0.903,0.903,0.903,0.903,0.000,0.0,0
1790892840,0.903,0.903,0.903,0.903,0.000,0.0,0
1790892900,0.903,0.903,0.903,0.903,0.000,0.0,0
1790892960,0.901,0.901,0.901,0.901,0.901,335.790635,1
1790893020,0.901,0.901,0.901,0.901,0.000,0.0,0
1790893080,0.902,0.902,0.902,0.902,0.902,213.5943929,1
1790893140,0.902,0.902,0.902,0.902,0.000,0.0,0
1790893200,0.902,0.902,0.902,0.902,0.000,0.0,0
1790893260,0.902,0.902,0.902,0.902,0.000,0.0,0
1790893320,0.902,0.902,0.902,0.902,0.000,0.0,0
1790893380,0.902,0.902,0.902,0.902,0.000,0.0,0
1790893440,0.902,0.902,0.902,0.902,0.000,0.0,0
1790893500,0.902,0.902,0.902,0.902,0.902,110.86474501,1
1790893560,0.902,0.902,0.902,0.902,0.000,0.0,0
1790893620,0.902,0.902,0.901,0.901,0.901,3665.24390243,6
1790893680,0.902,0.902,0.902,0.902,0.902,213.59439296,1
1790893740,0.902,0.902,0.902,0.902,0.902,1258.66574512,6
1790893800,0.902,0.902,0.902,0.902,0.000,0.0,0
1790893860,0.902,0.902,0.902,0.902,0.000,0.0,0
1790893920,0.902,0.902,0.902,0.902,0.000,0.0,0
1790893980,0.902,0.902,0.902,0.902,0.000,0.0,0
1790894040,0.902,0.902,0.902,0.902,0.000,0.0,0
1790894100,0.902,0.902,0.902,0.902,0.000,0.0,0
1790894160,0.902,0.902,0.902,0.902,0.000,0.0,0
1790894220,0.902,0.902,0.902,0.902,0.000,0.0,0
1790894280,0.902,0.902,0.902,0.902,0.000,0.0,0
1790894340,0.902,0.902,0.902,0.902,0.000,0.0,0
1790894400,0.902,0.902,0.902,0.902,0.000,0.0,0
1790894460,0.902,0.902,0.902,0.902,0.902,66.51884701,1
1790894520,0.902,0.902,0.902,0.902,0.000,0.0,0
1790894580,0.902,0.902,0.902,0.902,0.000,0.0,0
1790894640,0.902,0.902,0.902,0.902,0.000,0.0,0
1790894700,0.902,0.902,0.902,0.902,0.000,0.0,0
1790894760,0.899,0.899,0.899,0.899,0.899,335.790635,1
1790894820,0.899,0.899,0.899,0.899,0.000,0.0,0
1790894880,0.899,0.899,0.899,0.899,0.000,0.0,0
1790894940,0.899,0.899,0.899,0.899,0.000,0.0,0
1790895000,0.899,0.899,0.899,0.899,0.000,0.0,0
1790895060,0.899,0.899,0.899,0.899,0.000,0.0,0
1790895120,0.899,0.899,0.899,0.899,0.000,0.0,0
1790895180,0.901,0.901,0.901,0.901,0.901,213.5943929,1
1790895240,0.901,0.901,0.901,0.901,0.000,0.0,0
1790895300,0.901,0.901,0.901,0.901,0.000,0.0,0
1790895360,0.901,0.901,0.901,0.901,0.000,0.0,0
1790895420,0.901,0.901,0.901,0.901,0.000,0.0,0
1790895480,0.901,0.901,0.901,0.901,0.000,0.0,0
1790895540,0.901,0.901,0.901,0.901,0.000,0.0,0
1790895600,0.901,0.901,0.901,0.901,0.000,0.0,0
1790895660,0.901,0.901,0.901,0.901,0.000,0.0,0
1790895720,0.901,0.901,0.901,0.901,0.000,0.0,0
1790895780,0.903,0.903,0.903,0.903,0.903,213.5943929,1
1790895840,0.903,0.903,0.903,0.903,0.000,0.0,0
1790895900,0.903,0.903,0.903,0.903,0.000,0.0,0
1790895960,0.903,0.903,0.903,0.903,0.000,0.0,0
1790896020,0.903,0.903,0.903,0.903,0.000,0.0,0
1790896080,0.903,0.903,0.903,0.903,0.000,0.0,0
1790896140,0.903,0.903,0.903,0.903,0.000,0.0,0
1790896200,0.903,0.903,0.903,0.903,0.000,0.0,0
1790896260,0.903,0.903,0.903,0.903,0.000,0.0,0
1790896320,0.903,0.903,0.903,0.903,0.000,0.0,0
1790896380,0.903,0.903,0.903,0.903,0.000,0.0,0
1790896440,0.903,0.903,0.903,0.903,0.000,0.0,0
1790896500,0.903,0.903,0.903,0.903,0.000,0.0,0
1790896560,0.903,0.903,0.903,0.903,0.000,0.0,0
1790896620,0.904,0.904,0.904,0.904,0.904,213.5943929,1
1790896680,0.904,0.904,0.904,0.904,0.904,213.5943929,1
1790896740,0.904,0.904,0.904,0.904,0.000,0.0,0
1790896800,0.904,0.904,0.904,0.904,0.000,0.0,0
1790896860,0.904,0.904,0.904,0.904,0.000,0.0,0
1790896920,0.904,0.904,0.904,0.904,0.000,0.0,0
1790896980,0.904,0.904,0.904,0.904,0.000,0.0,0
1790897040,0.904,0.904,0.904,0.904,0.000,0.0,0
1790897100,0.904,0.904,0.904,0.904,0.000,0.0,0
1790897160,0.904,0.904,0.904,0.904,0.000,0.0,0
1790897220,0.904,0.904,0.904,0.904,0.000,0.0,0
1790897280,0.904,0.904,0.904,0.904,0.000,0.0,0
1790897340,0.904,0.904,0.904,0.904,0.000,0.0,0
1790897400,0.904,0.904,0.904,0.904,0.904,19.6171,1
1790897460,0.904,0.904,0.904,0.904,0.000,0.0,0
1790897520,0.904,0.904,0.904,0.904,0.000,0.0,0
1790897580,0.904,0.904,0.904,0.904,0.000,0.0,0
1790897640,0.904,0.904,0.904,0.904,0.000,0.0,0
1790897700,0.904,0.904,0.904,0.904,0.000,0.0,0
1790897760,0.904,0.904,0.904,0.904,0.000,0.0,0
1790897820,0.905,0.905,0.905,0.905,0.905,35.849441,2
1790897880,0.905,0.905,0.905,0.905,0.000,0.0,0
1790897940,0.905,0.905,0.905,0.905,0.000,0.0,0
1790898000,0.905,0.905,0.905,0.905,0.000,0.0,0
1790898060,0.905,0.905,0.905,0.905,0.000,0.0,0
1790898120,0.905,0.905,0.905,0.905,0.000,0.0,0
1790898180,0.905,0.905,0.905,0.905,0.000,0.0,0
1790898240,0.905,0.905,0.905,0.905,0.000,0.0,0
1790898300,0.905,0.905,0.905,0.905,0.000,0.0,0
1790898360,0.905,0.905,0.905,0.905,0.000,0.0,0
1790898420,0.905,0.905,0.905,0.905,0.000,0.0,0
1790898480,0.905,0.905,0.905,0.905,0.000,0.0,0
1790898540,0.905,0.905,0.905,0.905,0.000,0.0,0
1790898600,0.906,0.906,0.906,0.906,0.906,335.790635,1
1790898660,0.906,0.906,0.906,0.906,0.000,0.0,0
1790898720,0.906,0.906,0.906,0.906,0.000,0.0,0
1790898780,0.906,0.906,0.906,0.906,0.000,0.0,0
1790898840,0.906,0.906,0.906,0.906,0.000,0.0,0
1790898900,0.906,0.906,0.906,0.906,0.000,0.0,0
1790898960,0.906,0.906,0.906,0.906,0.000,0.0,0
1790899020,0.906,0.906,0.906,0.906,0.000,0.0,0
1790899080,0.906,0.906,0.906,0.906,0.000,0.0,0
1790899140,0.906,0.906,0.906,0.906,0.000,0.0,0
1790899200,0.906,0.906,0.906,0.906,0.000,0.0,0
1790899260,0.906,0.906,0.906,0.906,0.000,0.0,0
1790899320,0.906,0.906,0.906,0.906,0.000,0.0,0
1790899380,0.906,0.906,0.906,0.906,0.000,0.0,0
1790899440,0.906,0.906,0.906,0.906,0.000,0.0,0
1790899500,0.906,0.906,0.906,0.906,0.000,0.0,0
1790899560,0.906,0.906,0.906,0.906,0.000,0.0,0
1790899620,0.906,0.906,0.906,0.906,0.000,0.0,0
1790899680,0.906,0.906,0.906,0.906,0.000,0.0,0
1790899740,0.906,0.906,0.906,0.906,0.000,0.0,0
1790899800,0.906,0.906,0.906,0.906,0.000,0.0,0
1790899860,0.906,0.906,0.906,0.906,0.000,0.0,0
1790899920,0.906,0.906,0.906,0.906,0.000,0.0,0
1790899980,0.906,0.906,0.906,0.906,0.000,0.0,0
1790900040,0.906,0.906,0.906,0.906,0.000,0.0,0
1790900100,0.906,0.906,0.906,0.906,0.000,0.0,0
1790900160,0.906,0.906,0.906,0.906,0.000,0.0,0
1790900220,0.906,0.906,0.906,0.906,0.000,0.0,0
1790900280,0.906,0.906,0.906,0.906,0.000,0.0,0
1790900340,0.906,0.906,0.906,0.906,0.000,0.0,0
1790900400,0.906,0.906,0.906,0.906,0.000,0.0,0
1790900460,0.906,0.906,0.906,0.906,0.000,0.0,0
1790900520,0.906,0.906,0.906,0.906,0.000,0.0,0
1790900580,0.906,0.906,0.906,0.906,0.000,0.0,0
1790900640,0.906,0.906,0.906,0.906,0.000,0.0,0
1790900700,0.906,0.906,0.906,0.906,0.000,0.0,0
1790900760,0.906,0.906,0.906,0.906,0.000,0.0,0
1790900820,0.906,0.906,0.906,0.906,0.000,0.0,0
1790900880,0.907,0.907,0.907,0.907,0.907,19.6171,1
1790900940,0.907,0.907,0.907,0.907,0.000,0.0,0
1790901000,0.907,0.907,0.907,0.907,0.000,0.0,0
1790901060,0.907,0.907,0.907,0.907,0.000,0.0,0
1790901120,0.907,0.907,0.907,0.907,0.000,0.0,0
1790901180,0.907,0.907,0.907,0.907,0.000,0.0,0
1790901240,0.907,0.907,0.907,0.907,0.000,0.0,0
1790901300,0.907,0.907,0.907,0.907,0.000,0.0,0
1790901360,0.907,0.907,0.907,0.907,0.000,0.0,0
1790901420,0.907,0.907,0.907,0.907,0.000,0.0,0
1790901480,0.907,0.907,0.907,0.907,0.000,0.0,0
1790901540,0.907,0.907,0.907,0.907,0.000,0.0,0
1790901600,0.907,0.907,0.907,0.907,0.000,0.0,0
1790901660,0.906,0.906,0.906,0.906,0.906,213.5943929,1
1790901720,0.906,0.906,0.906,0.906,0.000,0.0,0
1790901780,0.906,0.906,0.906,0.906,0.000,0.0,0
1790901840,0.906,0.906,0.906,0.906,0.000,0.0,0
1790901900,0.906,0.906,0.906,0.906,0.000,0.0,0
1790901960,0.906,0.906,0.906,0.906,0.000,0.0,0
1790902020,0.906,0.906,0.906,0.906,0.000,0.0,0
1790902080,0.906,0.906,0.906,0.906,0.000,0.0,0
1790902140,0.906,0.906,0.906,0.906,0.000,0.0,0
1790902200,0.906,0.906,0.906,0.906,0.000,0.0,0
1790902260,0.906,0.906,0.906,0.906,0.000,0.0,0
1790902320,0.906,0.906,0.906,0.906,0.000,0.0,0
1790902380,0.906,0.906,0.906,0.906,0.000,0.0,0
1790902440,0.906,0.906,0.906,0.906,0.000,0.0,0
1790902500,0.906,0.906,0.906,0.906,0.000,0.0,0
1790902560,0.906,0.906,0.906,0.906,0.000,0.0,0
1790902620,0.906,0.906,0.906,0.906,0.000,0.0,0
1790902680,0.906,0.906,0.906,0.906,0.000,0.0,0
1790902740,0.906,0.906,0.906,0.906,0.000,0.0,0
1790902800,0.906,0.906,0.906,0.906,0.000,0.0,0
1790902860,0.906,0.906,0.906,0.906,0.000,0.0,0
1790902920,0.906,0.906,0.906,0.906,0.000,0.0,0
1790902980,0.906,0.906,0.906,0.906,0.000,0.0,0
1790903040,0.906,0.906,0.906,0.906,0.000,0.0,0
1790903100,0.906,0.906,0.906,0.906,0.000,0.0,0
1790903160,0.906,0.906,0.906,0.906,0.000,0.0,0
1790903220,0.906,0.906,0.906,0.906,0.000,0.0,0
1790903280,0.906,0.906,0.906,0.906,0.000,0.0,0
1790903340,0.906,0.906,0.906,0.906,0.000,0.0,0
1790903400,0.906,0.906,0.906,0.906,0.000,0.0,0
1790903460,0.906,0.906,0.906,0.906,0.000,0.0,0
1790903520,0.901,0.901,0.901,0.901,0.901,19.6171,1
1790903580,0.901,0.901,0.901,0.901,0.000,0.0,0
1790903640,0.901,0.901,0.901,0.901,0.000,0.0,0
1790903700,0.901,0.901,0.901,0.901,0.000,0.0,0
1790903760,0.901,0.901,0.901,0.901,0.000,0.0,0
1790903820,0.901,0.901,0.901,0.901,0.000,0.0,0
1790903880,0.901,0.901,0.901,0.901,0.000,0.0,0
1790903940,0.901,0.901,0.901,0.901,0.000,0.0,0
1790904000,0.901,0.901,0.901,0.901,0.000,0.0,0
1790904060,0.901,0.901,0.901,0.901,0.000,0.0,0
1790904120,0.901,0.901,0.901,0.901,0.000,0.0,0
1790904180,0.901,0.901,0.901,0.901,0.000,0.0,0
1790904240,0.901,0.901,0.901,0.901,0.000,0.0,0
1790904300,0.901,0.901,0.901,0.901,0.000,0.0,0
1790904360,0.901,0.901,0.901,0.901,0.000,0.0,0
1790904420,0.901,0.901,0.901,0.901,0.000,0.0,0
1790904480,0.901,0.901,0.901,0.901,0.000,0.0,0
1790904540,0.901,0.901,0.901,0.901,0.000,0.0,0
1790904600,0.901,0.901,0.901,0.901,0.000,0.0,0
1790904660,0.901,0.901,0.901,0.901,0.000,0.0,0
1790904720,0.901,0.901,0.901,0.901,0.000,0.0,0
1790904780,0.901,0.901,0.901,0.901,0.000,0.0,0
1790904840,0.901,0.901,0.901,0.901,0.000,0.0,0
1790904900,0.901,0.901,0.901,0.901,0.000,0.0,0
1790904960,0.901,0.901,0.901,0.901,0.000,0.0,0
1790905020,0.901,0.901,0.901,0.901,0.000,0.0,0
1790905080,0.901,0.901,0.901,0.901,0.000,0.0,0
1790905140,0.901,0.901,0.901,0.901,0.000,0.0,0
1790905200,0.901,0.901,0.901,0.901,0.000,0.0,0
1790905260,0.901,0.901,0.901,0.901,0.000,0.0,0
1790905320,0.901,0.901,0.901,0.901,0.000,0.0,0
1790905380,0.901,0.901,0.901,0.901,0.000,0.0,0
1790905440,0.901,0.901,0.901,0.901,0.000,0.0,0
1790905500,0.901,0.901,0.901,0.901,0.000,0.0,0
1790905560,0.901,0.901,0.901,0.901,0.000,0.0,0
1790905620,0.901,0.901,0.901,0.901,0.000,0.0,0
1790905680,0.901,0.901,0.901,0.901,0.000,0.0,0
1790905740,0.901,0.901,0.901,0.901,0.000,0.0,0
1790905800,0.901,0.901,0.901,0.901,0.000,0.0,0
1790905860,0.901,0.901,0.901,0.901,0.000,0.0,0
1790905920,0.901,0.901,0.901,0.901,0.000,0.0,0
1790905980,0.901,0.901,0.901,0.901,0.000,0.0,0
1790906040,0.901,0.901,0.901,0.901,0.000,0.0,0
1790906100,0.901,0.901,0.901,0.901,0.000,0.0,0
1790906160,0.901,0.901,0.901,0.901,0.000,0.0,0
1790906220,0.901,0.901,0.901,0.901,0.000,0.0,0
1790906280,0.901,0.901,0.901,0.901,0.000,0.0,0
1790906340,0.901,0.901,0.901,0.901,0.000,0.0,0
1790906400,0.901,0.901,0.901,0.901,0.000,0.0,0
1790906460,0.901,0.901,0.901,0.901,0.000,0.0,0
1790906520,0.901,0.901,0.901,0.901,0.000,0.0,0
1790906580,0.901,0.901,0.901,0.901,0.000,0.0,0
1790906640,0.901,0.901,0.901,0.901,0.000,0.0,0
1790906700,0.901,0.901,0.901,0.901,0.000,0.0,0
1790906760,0.901,0.901,0.901,0.901,0.000,0.0,0
1790906820,0.901,0.901,0.901,0.901,0.000,0.0,0
1790906880,0.908,0.908,0.908,0.908,0.908,275.3303964,1
1790906940,0.908,0.908,0.908,0.908,0.000,0.0,0
1790907000,0.908,0.908,0.908,0.908,0.000,0.0,0
1790907060,0.908,0.908,0.908,0.908,0.000,0.0,0
1790907120,0.908,0.908,0.908,0.908,0.000,0.0,0
1790907180,0.908,0.908,0.908,0.908,0.000,0.0,0
1790907240,0.908,0.908,0.908,0.908,0.000,0.0,0
1790907300,0.908,0.908,0.908,0.908,0.000,0.0,0
1790907360,0.908,0.908,0.908,0.908,0.000,0.0,0
1790907420,0.908,0.908,0.908,0.908,0.000,0.0,0
1790907480,0.908,0.908,0.908,0.908,0.000,0.0,0
1790907540,0.908,0.908,0.908,0.908,0.000,0.0,0
1790907600,0.908,0.908,0.908,0.908,0.000,0.0,0
1790907660,0.908,0.908,0.908,0.908,0.000,0.0,0
1790907720,0.908,0.908,0.908,0.908,0.000,0.0,0
1790907780,0.908,0.908,0.908,0.908,0.000,0.0,0
1790907840,0.908,0.908,0.908,0.908,0.000,0.0,0
1790907900,0.908,0.908,0.908,0.908,0.000,0.0,0
1790907960,0.908,0.908,0.908,0.908,0.000,0.0,0
1790908020,0.908,0.908,0.908,0.908,0.000,0.0,0
1790908080,0.908,0.908,0.908,0.908,0.000,0.0,0
1790908140,0.908,0.908,0.908,0.908,0.000,0.0,0
1790908200,0.908,0.908,0.908,0.908,0.000,0.0,0
1790908260,0.908,0.908,0.908,0.908,0.000,0.0,0
1790908320,0.908,0.908,0.908,0.908,0.000,0.0,0
1790908380,0.908,0.908,0.908,0.908,0.000,0.0,0
1790908440,0.907,0.907,0.907,0.907,0.907,485.2226367,3
1790908500,0.907,0.907,0.907,0.907,0.000,0.0,0
1790908560,0.907,0.907,0.907,0.907,0.000,0.0,0
1790908620,0.907,0.907,0.907,0.907,0.000,0.0,0
1790908680,0.907,0.907,0.907,0.907,0.000,0.0,0
1790908740,0.907,0.907,0.907,0.907,0.000,0.0,0
1790908800,0.906,0.906,0.906,0.906,0.906,426.1463982,2
1790908860,0.906,0.906,0.906,0.906,0.000,0.0,0
1790908920,0.906,0.906,0.906,0.906,0.906,59.0762385,1
1790908980,0.906,0.906,0.906,0.906,0.000,0.0,0
1790909040,0.907,0.907,0.907,0.907,0.907,355.407735,2
1790909100,0.907,0.907,0.907,0.907,0.000,0.0,0
1790909160,0.907,0.907,0.907,0.907,0.000,0.0,0
1790909220,0.907,0.907,0.907,0.907,0.000,0.0,0
1790909280,0.907,0.907,0.907,0.907,0.000,0.0,0
1790909340,0.907,0.907,0.907,0.907,0.000,0.0,0
1790909400,0.907,0.907,0.907,0.907,0.000,0.0,0
1790909460,0.907,0.907,0.907,0.907,0.000,0.0,0
1790909520,0.907,0.907,0.907,0.907,0.000,0.0,0
1790909580,0.907,0.907,0.907,0.907,0.000,0.0,0
1790909640,0.907,0.907,0.907,0.907,0.000,0.0,0
1790909700,0.91,0.91,0.91,0.91,0.910,485.2226367,1
1790909760,0.91,0.91,0.91,0.91,0.000,0.0,0
1790909820,0.91,0.91,0.91,0.91,0.000,0.0,0
1790909880,0.91,0.91,0.91,0.91,0.000,0.0,0
1790909940,0.91,0.91,0.91,0.91,0.000,0.0,0
1790910000,0.911,0.911,0.911,0.911,0.911,504.8397025,2
1790910060,0.912,0.912,0.912,0.912,0.912,616.4444444,1
1790910120,0.912,0.912,0.912,0.912,0.000,0.0,0
1790910180,0.912,0.912,0.912,0.912,0.000,0.0,0
1790910240,0.912,0.912,0.912,0.912,0.000,0.0,0
1790910300,0.912,0.912,0.912,0.912,0.000,0.0,0
1790910360,0.912,0.912,0.912,0.912,0.000,0.0,0
1790910420,0.912,0.912,0.912,0.912,0.000,0.0,0
1790910480,0.908,0.908,0.908,0.908,0.908,2278.207821,3
1790910540,0.908,0.908,0.908,0.908,0.000,0.0,0
1790910600,0.908,0.908,0.908,0.908,0.000,0.0,0
1790910660,0.908,0.908,0.908,0.908,0.000,0.0,0
1790910720,0.908,0.908,0.908,0.908,0.000,0.0,0
1790910780,0.908,0.908,0.908,0.908,0.000,0.0,0
1790910840,0.908,0.908,0.908,0.908,0.000,0.0,0
1790910900,0.908,0.908,0.908,0.908,0.000,0.0,0
1790910960,0.908,0.908,0.908,0.908,0.000,0.0,0
1790911020,0.908,0.908,0.908,0.908,0.000,0.0,0
1790911080,0.908,0.908,0.908,0.908,0.000,0.0,0
1790911140,0.908,0.908,0.908,0.908,0.000,0.0,0
1790911200,0.908,0.908,0.908,0.908,0.000,0.0,0
1790911260,0.906,0.906,0.906,0.906,0.906,335.790635,1
1790911320,0.906,0.906,0.906,0.906,0.906,335.790635,1
1790911380,0.906,0.906,0.906,0.906,0.000,0.0,0
1790911440,0.905,0.905,0.905,0.905,0.905,335.790635,1
1790911500,0.905,0.905,0.905,0.905,0.000,0.0,0
1790911560,0.905,0.905,0.905,0.905,0.000,0.0,0
1790911620,0.905,0.905,0.905,0.905,0.000,0.0,0
1790911680,0.905,0.905,0.905,0.905,0.000,0.0,0
1790911740,0.905,0.905,0.905,0.905,0.000,0.0,0
1790911800,0.904,0.904,0.904,0.904,0.904,485.2226367,1
1790911860,0.904,0.905,0.904,0.905,0.904,671.58127,2
1790911920,0.905,0.905,0.905,0.905,0.000,0.0,0
1790911980,0.907,0.907,0.907,0.907,0.907,24.855419,1
1790912040,0.907,0.907,0.907,0.907,0.000,0.0,0
1790912100,0.907,0.907,0.907,0.907,0.000,0.0,0
1790912160,0.907,0.907,0.907,0.907,0.000,0.0,0
1790912220,0.907,0.907,0.907,0.907,0.000,0.0,0
1790912280,0.904,0.904,0.904,0.904,0.904,335.790635,1
1790912340,0.904,0.904,0.904,0.904,0.000,0.0,0
1790912400,0.906,0.906,0.906,0.906,0.906,485.2226367,1
1790912460,0.906,0.906,0.906,0.906,0.000,0.0,0
1790912520,0.906,0.906,0.906,0.906,0.906,58.49284787,1
1790912580,0.906,0.906,0.906,0.906,0.000,0.0,0
1790912640,0.906,0.906,0.906,0.906,0.000,0.0,0
1790912700,0.906,0.906,0.906,0.906,0.000,0.0,0
1790912760,0.906,0.906,0.906,0.906,0.000,0.0,0
1790912820,0.906,0.906,0.906,0.906,0.000,0.0,0
1790912880,0.906,0.906,0.906,0.906,0.000,0.0,0
1790912940,0.906,0.906,0.906,0.906,0.000,0.0,0
1790913000,0.906,0.906,0.906,0.906,0.000,0.0,0
1790913060,0.906,0.906,0.906,0.906,0.000,0.0,0
1790913120,0.906,0.906,0.906,0.906,0.000,0.0,0
1790913180,0.905,0.905,0.905,0.905,0.905,335.79063504,2
1790913240,0.905,0.905,0.905,0.905,0.000,0.0,0
1790913300,0.907,0.907,0.907,0.907,0.907,335.790635,1
1790913360,0.907,0.907,0.907,0.907,0.000,0.0,0
1790913420,0.907,0.907,0.907,0.907,0.000,0.0,0
1790913480,0.907,0.907,0.907,0.907,0.000,0.0,0
1790913540,0.907,0.907,0.907,0.907,0.000,0.0,0
1790913600,0.907,0.907,0.907,0.907,0.000,0.0,0
1790913660,0.908,0.908,0.908,0.908,0.908,485.22263678,2
1790913720,0.908,0.908,0.908,0.908,0.000,0.0,0
1790913780,0.908,0.908,0.908,0.908,0.000,0.0,0
1790913840,0.908,0.908,0.908,0.908,0.000,0.0,0
1790913900,0.908,0.908,0.908,0.908,0.000,0.0,0
1790913960,0.908,0.908,0.908,0.908,0.000,0.0,0
1790914020,0.908,0.908,0.908,0.908,0.000,0.0,0
1790914080,0.908,0.908,0.908,0.908,0.000,0.0,0
1790914140,0.908,0.908,0.908,0.908,0.000,0.0,0
1790914200,0.908,0.908,0.908,0.908,0.000,0.0,0
1790914260,0.906,0.906,0.906,0.906,0.906,10.98461974,1
1790914320,0.906,0.906,0.906,0.906,0.000,0.0,0
1790914380,0.906,0.906,0.906,0.906,0.000,0.0,0
1790914440,0.906,0.906,0.906,0.906,0.000,0.0,0
1790914500,0.906,0.906,0.906,0.906,0.000,0.0,0
1790914560,0.905,0.905,0.905,0.905,0.905,485.2226367,1
1790914620,0.905,0.905,0.905,0.905,0.000,0.0,0
1790914680,0.905,0.905,0.905,0.905,0.905,485.2226367,1
1790914740,0.906,0.907,0.906,0.907,0.906,295.55528984,2
1790914800,0.908,0.916,0.908,0.916,0.908,1249.23444138,9
1790914860,0.919,0.921,0.919,0.921,0.920,2401.99969211,17
1790914920,0.92,0.92,0.919,0.919,0.919,1592.73613177,8
1790914980,0.919,0.919,0.919,0.919,0.000,0.0,0
1790915040,0.919,0.919,0.919,0.919,0.000,0.0,0
1790915100,0.919,0.919,0.919,0.919,0.000,0.0,0
1790915160,0.919,0.919,0.919,0.919,0.000,0.0,0
1790915220,0.919,0.919,0.919,0.919,0.000,0.0,0
1790915280,0.919,0.919,0.919,0.919,0.000,0.0,0
1790915340,0.925,0.927,0.925,0.927,0.926,47.16,4
1790915400,0.927,0.927,0.927,0.927,0.000,0.0,0
1790915460,0.927,0.927,0.927,0.927,0.000,0.0,0
1790915520,0.924,0.924,0.923,0.923,0.923,665.25025267,3
1790915580,0.923,0.923,0.923,0.923,0.000,0.0,0
1790915640,0.923,0.923,0.923,0.923,0.000,0.0,0
1790915700,0.921,0.921,0.921,0.921,0.921,1060.3334033,3
1790915760,0.921,0.921,0.921,0.921,0.000,0.0,0
1790915820,0.921,0.921,0.921,0.921,0.000,0.0,0
1790915880,0.923,0.923,0.923,0.923,0.923,357.2,1
1790915940,0.923,0.923,0.923,0.923,0.000,0.0,0
1790916000,0.924,0.924,0.924,0.924,0.924,1037.3205913,2
1790916060,0.922,0.923,0.922,0.923,0.922,466.4229858,4
1790916120,0.923,0.923,0.923,0.923,0.000,0.0,0
1790916180,0.923,0.923,0.923,0.923,0.000,0.0,0
1790916240,0.923,0.923,0.923,0.923,0.000,0.0,0
1790916300,0.923,0.923,0.923,0.923,0.000,0.0,0
1790916360,0.923,0.923,0.923,0.923,0.000,0.0,0
1790916420,0.923,0.923,0.923,0.923,0.000,0.0,0
1790916480,0.923,0.923,0.923,0.923,0.000,0.0,0
1790916540,0.923,0.923,0.923,0.923,0.000,0.0,0
1790916600,0.923,0.923,0.923,0.923,0.000,0.0,0
1790916660,0.923,0.923,0.923,0.923,0.000,0.0,0
1790916720,0.928,0.928,0.928,0.928,0.928,213.5943929,1
1790916780,0.928,0.928,0.928,0.928,0.000,0.0,0
1790916840,0.928,0.928,0.928,0.928,0.000,0.0,0
1790916900,0.928,0.928,0.928,0.928,0.000,0.0,0
1790916960,0.928,0.928,0.928,0.928,0.000,0.0,0
1790917020,0.928,0.928,0.928,0.928,0.000,0.0,0
1790917080,0.928,0.928,0.928,0.928,0.000,0.0,0
1790917140,0.926,0.926,0.926,0.926,0.926,335.790635,1
1790917200,0.925,0.925,0.925,0.925,0.925,335.790635,1
1790917260,0.925,0.925,0.925,0.925,0.925,19.6171,1
1790917320,0.925,0.925,0.925,0.925,0.000,0.0,0
1790917380,0.925,0.925,0.925,0.925,0.000,0.0,0
1790917440,0.923,0.923,0.922,0.922,0.922,1261.650001,8
1790917500,0.922,0.922,0.922,0.922,0.000,0.0,0
1790917560,0.922,0.922,0.922,0.922,0.000,0.0,0
1790917620,0.922,0.922,0.922,0.922,0.000,0.0,0
1790917680,0.922,0.922,0.922,0.922,0.000,0.0,0
1790917740,0.922,0.922,0.922,0.922,0.922,19.6171,1
1790917800,0.922,0.922,0.922,0.922,0.000,0.0,0
1790917860,0.922,0.922,0.922,0.922,0.000,0.0,0
1790917920,0.922,0.922,0.922,0.922,0.000,0.0,0
1790917980,0.922,0.922,0.922,0.922,0.000,0.0,0
1790918040,0.922,0.922,0.922,0.922,0.000,0.0,0
1790918100,0.922,0.922,0.922,0.922,0.000,0.0,0
1790918160,0.922,0.922,0.922,0.922,0.000,0.0,0
1790918220,0.922,0.922,0.922,0.922,0.000,0.0,0
1790918280,0.922,0.922,0.922,0.922,0.000,0.0,0
1790918340,0.922,0.922,0.922,0.922,0.000,0.0,0
1790918400,0.922,0.922,0.922,0.922,0.000,0.0,0
1790918460,0.922,0.922,0.922,0.922,0.000,0.0,0
1790918520,0.922,0.922,0.922,0.922,0.000,0.0,0
1790918580,0.922,0.922,0.922,0.922,0.000,0.0,0
1790918640,0.922,0.922,0.922,0.922,0.000,0.0,0
1790918700,0.922,0.922,0.922,0.922,0.000,0.0,0
1790918760,0.924,0.926,0.924,0.926,0.925,5359.95194825,13
1790918820,0.926,0.926,0.926,0.926,0.000,0.0,0
1790918880,0.926,0.926,0.926,0.926,0.000,0.0,0
1790918940,0.926,0.926,0.926,0.926,0.000,0.0,0
1790919000,0.926,0.926,0.926,0.926,0.000,0.0,0
1790919060,0.926,0.926,0.926,0.926,0.000,0.0,0
1790919120,0.926,0.926,0.926,0.926,0.000,0.0,0
1790919180,0.926,0.926,0.926,0.926,0.000,0.0,0
1790919240,0.926,0.926,0.926,0.926,0.000,0.0,0
1790919300,0.926,0.926,0.926,0.926,0.000,0.0,0
1790919360,0.926,0.926,0.926,0.926,0.000,0.0,0
1790919420,0.926,0.926,0.926,0.926,0.000,0.0,0
1790919480,0.926,0.926,0.926,0.926,0.000,0.0,0
1790919540,0.919,0.919,0.918,0.918,0.918,368.18461974,4
1790919600,0.918,0.918,0.918,0.918,0.000,0.0,0
1790919660,0.918,0.918,0.918,0.918,0.000,0.0,0
1790919720,0.918,0.918,0.918,0.918,0.000,0.0,0
1790919780,0.92,0.92,0.92,0.92,0.920,233.2114929,2
1790919840,0.92,0.92,0.92,0.92,0.000,0.0,0
1790919900,0.92,0.92,0.92,0.92,0.000,0.0,0
1790919960,0.92,0.92,0.92,0.92,0.000,0.0,0
1790920020,0.92,0.92,0.92,0.92,0.000,0.0,0
1790920080,0.92,0.92,0.92,0.92,0.000,0.0,0
1790920140,0.92,0.92,0.92,0.92,0.000,0.0,0
1790920200,0.92,0.92,0.92,0.92,0.000,0.0,0
1790920260,0.92,0.92,0.92,0.92,0.000,0.0,0
1790920320,0.92,0.92,0.92,0.92,0.000,0.0,0
1790920380,0.92,0.92,0.92,0.92,0.920,10.2458447,2
1790920440,0.92,0.92,0.92,0.92,0.000,0.0,0
1790920500,0.92,0.92,0.92,0.92,0.000,0.0,0
1790920560,0.92,0.92,0.92,0.92,0.000,0.0,0
1790920620,0.92,0.92,0.92,0.92,0.000,0.0,0
1790920680,0.92,0.92,0.92,0.92,0.000,0.0,0
1790920740,0.92,0.92,0.92,0.92,0.000,0.0,0
1790920800,0.92,0.92,0.92,0.92,0.000,0.0,0
1790920860,0.92,0.92,0.92,0.92,0.000,0.0,0
1790920920,0.92,0.92,0.92,0.92,0.000,0.0,0
1790920980,0.92,0.92,0.92,0.92,0.000,0.0,0
1790921040,0.92,0.92,0.92,0.92,0.000,0.0,0
1790921100,0.92,0.92,0.92,0.92,0.000,0.0,0
1790921160,0.92,0.92,0.92,0.92,0.000,0.0,0
1790921220,0.92,0.92,0.92,0.92,0.000,0.0,0
1790921280,0.92,0.92,0.92,0.92,0.000,0.0,0
1790921340,0.921,0.922,0.921,0.922,0.921,30.0,2
1790921400,0.922,0.922,0.922,0.922,0.000,0.0,0
1790921460,0.922,0.922,0.922,0.922,0.000,0.0,0
1790921520,0.922,0.922,0.922,0.922,0.000,0.0,0
1790921580,0.922,0.922,0.922,0.922,0.000,0.0,0
1790921640,0.922,0.922,0.922,0.922,0.000,0.0,0
1790921700,0.922,0.922,0.922,0.922,0.000,0.0,0
1790921760,0.922,0.922,0.922,0.922,0.000,0.0,0
1790921820,0.922,0.922,0.922,0.922,0.000,0.0,0
1790921880,0.922,0.922,0.922,0.922,0.000,0.0,0
1790921940,0.922,0.922,0.922,0.922,0.000,0.0,0
1790922000,0.922,0.922,0.922,0.922,0.000,0.0,0
1790922060,0.922,0.922,0.922,0.922,0.000,0.0,0
1790922120,0.92,0.92,0.92,0.92,0.920,19.6171,1
1790922180,0.92,0.92,0.92,0.92,0.920,16.61,1
1790922240,0.92,0.92,0.92,0.92,0.000,0.0,0
1790922300,0.92,0.92,0.92,0.92,0.000,0.0,0
1790922360,0.921,0.921,0.921,0.921,0.921,19.6171,1
1790922420,0.921,0.921,0.921,0.921,0.921,446.8058858,3
1790922480,0.921,0.921,0.921,0.921,0.000,0.0,0
1790922540,0.922,0.922,0.922,0.922,0.922,233.2114929,2
1790922600,0.922,0.922,0.922,0.922,0.000,0.0,0
1790922660,0.922,0.922,0.922,0.922,0.000,0.0,0
1790922720,0.922,0.922,0.922,0.922,0.000,0.0,0
1790922780,0.923,0.923,0.923,0.923,0.923,504.0601806,3
1790922840,0.923,0.923,0.923,0.923,0.000,0.0,0
1790922900,0.923,0.923,0.923,0.923,0.000,0.0,0
1790922960,0.923,0.923,0.923,0.923,0.000,0.0,0
1790923020,0.923,0.923,0.923,0.923,0.000,0.0,0
1790923080,0.923,0.923,0.923,0.923,0.000,0.0,0
1790923140,0.923,0.923,0.923,0.923,0.000,0.0,0
1790923200,0.923,0.923,0.923,0.923,0.000,0.0,0
1790923260,0.923,0.923,0.923,0.923,0.000,0.0,0
1790923320,0.923,0.923,0.923,0.923,0.000,0.0,0
1790923380,0.923,0.923,0.923,0.923,0.000,0.0,0
1790923440,0.923,0.923,0.923,0.923,0.000,0.0,0
1790923500,0.923,0.923,0.923,0.923,0.000,0.0,0
1790923560,0.923,0.923,0.923,0.923,0.000,0.0,0
1790923620,0.923,0.923,0.923,0.923,0.000,0.0,0
1790923680,0.923,0.923,0.923,0.923,0.000,0.0,0
1790923740,0.923,0.923,0.923,0.923,0.000,0.0,0
1790923800,0.921,0.921,0.921,0.921,0.921,458.3604777,2
1790923860,0.921,0.921,0.921,0.921,0.000,0.0,0
1790923920,0.921,0.921,0.921,0.921,0.000,0.0,0
1790923980,0.921,0.921,0.921,0.921,0.000,0.0,0
1790924040,0.921,0.921,0.921,0.921,0.000,0.0,0
1790924100,0.921,0.921,0.921,0.921,0.000,0.0,0
1790924160,0.921,0.921,0.921,0.921,0.000,0.0,0
1790924220,0.921,0.921,0.921,0.921,0.000,0.0,0
1790924280,0.921,0.921,0.921,0.921,0.000,0.0,0
1790924340,0.921,0.921,0.921,0.921,0.000,0.0,0
1790924400,0.921,0.921,0.921,0.921,0.000,0.0,0
1790924460,0.921,0.921,0.921,0.921,0.000,0.0,0
1790924520,0.921,0.921,0.921,0.921,0.000,0.0,0
1790924580,0.921,0.921,0.921,0.921,0.000,0.0,0
1790924640,0.921,0.921,0.921,0.921,0.000,0.0,0
1790924700,0.921,0.921,0.921,0.921,0.000,0.0,0
1790924760,0.921,0.921,0.921,0.921,0.000,0.0,0
1790924820,0.921,0.921,0.921,0.921,0.000,0.0,0
1790924880,0.921,0.921,0.921,0.921,0.000,0.0,0
1790924940,0.921,0.921,0.921,0.921,0.000,0.0,0
1790925000,0.921,0.921,0.921,0.921,0.000,0.0,0
1790925060,0.921,0.921,0.921,0.921,0.000,0.0,0
1790925120,0.921,0.921,0.921,0.921,0.000,0.0,0
1790925180,0.921,0.921,0.921,0.921,0.000,0.0,0
1790925240,0.922,0.922,0.922,0.922,0.922,279.2607,3
1790925300,0.922,0.922,0.922,0.922,0.922,392.32053504,3
1790925360,0.922,0.922,0.922,0.922,0.000,0.0,0
1790925420,0.922,0.922,0.922,0.922,0.922,335.790635,1
1790925480,0.922,0.922,0.922,0.922,0.000,0.0,0
1790925540,0.921,0.921,0.921,0.921,0.921,19.6171,1
1790925600,0.921,0.921,0.921,0.921,0.000,0.0,0
1790925660,0.921,0.921,0.921,0.921,0.921,19.6171,1
1790925720,0.921,0.921,0.921,0.921,0.000,0.0,0
1790925780,0.92,0.92,0.92,0.92,0.920,19.6171,1
1790925840,0.92,0.92,0.92,0.92,0.000,0.0,0
1790925900,0.922,0.922,0.922,0.922,0.922,19.6171,1
1790925960,0.922,0.922,0.922,0.922,0.000,0.0,0
1790926020,0.921,0.921,0.921,0.921,0.921,466.42298586,4
1790926080,0.921,0.921,0.921,0.921,0.000,0.0,0
1790926140,0.921,0.921,0.921,0.921,0.000,0.0,0
1790926200,0.918,0.918,0.918,0.918,0.918,252.8285929,3
1790926260,0.917,0.917,0.917,0.917,0.917,19.6171,1
1790926320,0.917,0.917,0.917,0.917,0.000,0.0,0
1790926380,0.917,0.917,0.917,0.917,0.000,0.0,0
1790926440,0.917,0.917,0.917,0.917,0.000,0.0,0
1790926500,0.918,0.918,0.918,0.918,0.918,39.2342,2
1790926560,0.918,0.918,0.918,0.918,0.000,0.0,0
1790926620,0.918,0.918,0.918,0.918,0.000,0.0,0
1790926680,0.918,0.918,0.918,0.918,0.000,0.0,0
1790926740,0.918,0.918,0.918,0.918,0.000,0.0,0
1790926800,0.918,0.918,0.918,0.918,0.000,0.0,0
1790926860,0.918,0.918,0.918,0.918,0.000,0.0,0
1790926920,0.918,0.918,0.918,0.918,0.000,0.0,0
1790926980,0.918,0.918,0.918,0.918,0.000,0.0,0
1790927040,0.918,0.918,0.918,0.918,0.000,0.0,0
1790927100,0.918,0.918,0.918,0.918,0.000,0.0,0
1790927160,0.918,0.918,0.918,0.918,0.000,0.0,0
1790927220,0.921,0.921,0.921,0.921,0.921,16.27037458,1
1790927280,0.921,0.921,0.921,0.921,0.000,0.0,0
1790927340,0.921,0.921,0.921,0.921,0.000,0.0,0
1790927400,0.921,0.921,0.921,0.921,0.000,0.0,0
1790927460,0.921,0.921,0.921,0.921,0.000,0.0,0
1790927520,0.921,0.921,0.921,0.921,0.000,0.0,0
1790927580,0.921,0.921,0.921,0.921,0.000,0.0,0
1790927640,0.921,0.921,0.921,0.921,0.000,0.0,0
1790927700,0.921,0.921,0.921,0.921,0.000,0.0,0
1790927760,0.921,0.921,0.921,0.921,0.000,0.0,0
1790927820,0.921,0.921,0.921,0.921,0.000,0.0,0
1790927880,0.921,0.921,0.921,0.921,0.000,0.0,0
1790927940,0.921,0.921,0.921,0.921,0.000,0.0,0
1790928000,0.921,0.921,0.921,0.921,0.000,0.0,0
1790928060,0.921,0.921,0.921,0.921,0.000,0.0,0
1790928120,0.921,0.921,0.921,0.921,0.000,0.0,0
1790928180,0.921,0.921,0.921,0.921,0.000,0.0,0
1790928240,0.921,0.921,0.921,0.921,0.000,0.0,0
1790928300,0.921,0.921,0.921,0.921,0.000,0.0,0
1790928360,0.921,0.921,0.921,0.921,0.000,0.0,0
1790928420,0.921,0.921,0.921,0.921,0.000,0.0,0
1790928480,0.921,0.921,0.921,0.921,0.000,0.0,0
1790928540,0.921,0.921,0.921,0.921,0.921,19.6171,1
1790928600,0.921,0.921,0.921,0.921,0.000,0.0,0
1790928660,0.92,0.92,0.92,0.92,0.920,335.7906,2
1790928720,0.92,0.92,0.92,0.92,0.920,271.73913043,1
1790928780,0.92,0.92,0.92,0.92,0.000,0.0,0
1790928840,0.92,0.92,0.92,0.92,0.920,479.39418261,2
1790928900,0.92,0.92,0.92,0.92,0.000,0.0,0
1790928960,0.92,0.92,0.92,0.92,0.000,0.0,0
1790929020,0.924,0.926,0.924,0.926,0.924,665.34703296,4
1790929080,0.928,0.928,0.928,0.928,0.928,19.6171,1
1790929140,0.928,0.928,0.928,0.928,0.000,0.0,0
1790929200,0.928,0.928,0.928,0.928,0.000,0.0,0
1790929260,0.929,0.929,0.929,0.929,0.929,465.0,1
1790929320,0.929,0.929,0.929,0.929,0.000,0.0,0
1790929380,0.929,0.929,0.929,0.929,0.000,0.0,0
1790929440,0.929,0.929,0.929,0.929,0.000,0.0,0
1790929500,0.929,0.929,0.929,0.929,0.000,0.0,0
1790929560,0.928,0.928,0.927,0.927,0.927,547.1056852,4
1790929620,0.926,0.926,0.926,0.926,0.926,290.3280776,1
1790929680,0.926,0.926,0.926,0.926,0.000,0.0,0
1790929740,0.926,0.926,0.926,0.926,0.000,0.0,0
1790929800,0.926,0.926,0.926,0.926,0.000,0.0,0
1790929860,0.926,0.926,0.926,0.926,0.000,0.0,0
1790929920,0.926,0.926,0.926,0.926,0.000,0.0,0
1790929980,0.926,0.926,0.926,0.926,0.000,0.0,0
1790930040,0.923,0.923,0.923,0.923,0.923,116.25,1
1790930100,0.924,0.924,0.924,0.924,0.924,335.790635,1
1790930160,0.924,0.924,0.924,0.924,0.000,0.0,0
1790930220,0.924,0.924,0.924,0.924,0.000,0.0,0
1790930280,0.924,0.924,0.924,0.924,0.000,0.0,0
1790930340,0.924,0.924,0.924,0.924,0.000,0.0,0
1790930400,0.924,0.924,0.924,0.924,0.000,0.0,0
1790930460,0.924,0.924,0.924,0.924,0.000,0.0,0
1790930520,0.924,0.924,0.924,0.924,0.000,0.0,0
1790930580,0.924,0.924,0.924,0.924,0.000,0.0,0
1790930640,0.924,0.924,0.924,0.924,0.000,0.0,0
1790930700,0.924,0.924,0.924,0.924,0.000,0.0,0
1790930760,0.924,0.924,0.924,0.924,0.000,0.0,0
1790930820,0.924,0.924,0.924,0.924,0.000,0.0,0
1790930880,0.924,0.924,0.924,0.924,0.000,0.0,0
1790930940,0.923,0.923,0.923,0.923,0.923,19.6171,1
1790931000,0.923,0.923,0.923,0.923,0.000,0.0,0
1790931060,0.923,0.923,0.923,0.923,0.000,0.0,0
1790931120,0.922,0.922,0.922,0.922,0.922,197.9,2
1790931180,0.921,0.921,0.921,0.921,0.921,19.6171,1
1790931240,0.921,0.921,0.921,0.921,0.000,0.0,0
1790931300,0.921,0.921,0.921,0.921,0.000,0.0,0
1790931360,0.921,0.921,0.921,0.921,0.000,0.0,0
1790931420,0.921,0.921,0.921,0.921,0.921,215.91267196,3
1790931480,0.921,0.921,0.921,0.921,0.000,0.0,0
1790931540,0.921,0.921,0.921,0.921,0.000,0.0,0
1790931600,0.921,0.921,0.921,0.921,0.000,0.0,0
1790931660,0.921,0.921,0.921,0.921,0.000,0.0,0
1790931720,0.921,0.921,0.921,0.921,0.000,0.0,0
1790931780,0.921,0.921,0.921,0.921,0.000,0.0,0
1790931840,0.918,0.918,0.918,0.918,0.918,46.3836045,1
1790931900,0.918,0.918,0.918,0.918,0.000,0.0,0
1790931960,0.919,0.919,0.919,0.919,0.919,37.6016433,1
1790932020,0.919,0.919,0.919,0.919,0.000,0.0,0
1790932080,0.919,0.919,0.919,0.919,0.000,0.0,0
1790932140,0.92,0.92,0.92,0.92,0.920,34.30620112,2
1790932200,0.92,0.92,0.92,0.92,0.000,0.0,0
1790932260,0.92,0.92,0.92,0.92,0.000,0.0,0
1790932320,0.92,0.92,0.92,0.92,0.000,0.0,0
1790932380,0.92,0.92,0.92,0.92,0.000,0.0,0
1790932440,0.92,0.92,0.92,0.92,0.000,0.0,0
1790932500,0.92,0.92,0.92,0.92,0.000,0.0,0
1790932560,0.92,0.92,0.92,0.92,0.000,0.0,0
1790932620,0.92,0.92,0.92,0.92,0.000,0.0,0
1790932680,0.92,0.92,0.92,0.92,0.000,0.0,0
1790932740,0.92,0.92,0.92,0.92,0.000,0.0,0
1790932800,0.92,0.92,0.92,0.92,0.000,0.0,0
1790932860,0.92,0.92,0.92,0.92,0.000,0.0,0
1790932920,0.92,0.92,0.92,0.92,0.000,0.0,0
1790932980,0.92,0.92,0.92,0.92,0.000,0.0,0
1790933040,0.92,0.92,0.92,0.92,0.000,0.0,0
1790933100,0.92,0.92,0.92,0.92,0.000,0.0,0
1790933160,0.92,0.92,0.92,0.92,0.000,0.0,0
1790933220,0.92,0.92,0.92,0.92,0.000,0.0,0
1790933280,0.92,0.92,0.92,0.92,0.000,0.0,0
1790933340,0.92,0.92,0.92,0.92,0.000,0.0,0
1790933400,0.92,0.92,0.92,0.92,0.000,0.0,0
1790933460,0.92,0.92,0.92,0.92,0.000,0.0,0
1790933520,0.92,0.92,0.92,0.92,0.000,0.0,0
1790933580,0.92,0.92,0.92,0.92,0.000,0.0,0
1790933640,0.92,0.92,0.92,0.92,0.000,0.0,0
1790933700,0.92,0.92,0.92,0.92,0.000,0.0,0
1790933760,0.92,0.92,0.92,0.92,0.000,0.0,0
1790933820,0.92,0.92,0.92,0.92,0.000,0.0,0
1790933880,0.92,0.92,0.92,0.92,0.000,0.0,0
1790933940,0.92,0.92,0.92,0.92,0.000,0.0,0
1790934000,0.92,0.92,0.92,0.92,0.000,0.0,0
1790934060,0.92,0.92,0.92,0.92,0.000,0.0,0
1790934120,0.92,0.92,0.92,0.92,0.000,0.0,0
1790934180,0.92,0.92,0.92,0.92,0.000,0.0,0
1790934240,0.92,0.92,0.92,0.92,0.000,0.0,0
1790934300,0.92,0.92,0.92,0.92,0.000,0.0,0
1790934360,0.92,0.92,0.92,0.92,0.000,0.0,0
1790934420,0.92,0.92,0.92,0.92,0.000,0.0,0
1790934480,0.92,0.92,0.92,0.92,0.000,0.0,0
1790934540,0.92,0.92,0.92,0.92,0.000,0.0,0
1790934600,0.92,0.92,0.92,0.92,0.000,0.0,0
1790934660,0.92,0.92,0.92,0.92,0.000,0.0,0
1790934720,0.92,0.92,0.92,0.92,0.000,0.0,0
1790934780,0.92,0.92,0.92,0.92,0.000,0.0,0
1790934840,0.92,0.92,0.92,0.92,0.000,0.0,0
1790934900,0.92,0.92,0.92,0.92,0.000,0.0,0
1790934960,0.92,0.92,0.92,0.92,0.000,0.0,0
1790935020,0.92,0.92,0.92,0.92,0.000,0.0,0
1790935080,0.92,0.92,0.92,0.92,0.000,0.0,0
1790935140,0.92,0.92,0.92,0.92,0.000,0.0,0
1790935200,0.92,0.92,0.92,0.92,0.000,0.0,0
1790935260,0.92,0.92,0.92,0.92,0.000,0.0,0
1790935320,0.92,0.92,0.92,0.92,0.000,0.0,0
1790935380,0.92,0.92,0.92,0.92,0.000,0.0,0
1790935440,0.92,0.92,0.92,0.92,0.000,0.0,0
1790935500,0.92,0.92,0.92,0.92,0.000,0.0,0
1790935560,0.92,0.92,0.92,0.92,0.000,0.0,0
1790935620,0.923,0.923,0.923,0.923,0.923,504.0673976,3
1790935680,0.923,0.923,0.923,0.923,0.000,0.0,0
1790935740,0.923,0.923,0.923,0.923,0.000,0.0,0
1790935800,0.923,0.923,0.923,0.923,0.000,0.0,0
1790935860,0.923,0.923,0.923,0.923,0.000,0.0,0
1790935920,0.923,0.923,0.923,0.923,0.000,0.0,0
1790935980,0.923,0.923,0.923,0.923,0.000,0.0,0
1790936040,0.923,0.923,0.923,0.923,0.000,0.0,0
1790936100,0.923,0.923,0.923,0.923,0.000,0.0,0
1790936160,0.923,0.923,0.923,0.923,0.000,0.0,0
1790936220,0.923,0.923,0.923,0.923,0.000,0.0,0
1790936280,0.923,0.923,0.923,0.923,0.000,0.0,0
1790936340,0.92,0.92,0.92,0.92,0.920,691.19837,3
1790936400,0.92,0.92,0.92,0.92,0.000,0.0,0
1790936460,0.92,0.92,0.92,0.92,0.000,0.0,0
1790936520,0.921,0.921,0.921,0.921,0.921,355.407735,2
1790936580,0.921,0.921,0.921,0.921,0.000,0.0,0
1790936640,0.917,0.917,0.917,0.917,0.917,19.6171,1
1790936700,0.917,0.917,0.917,0.917,0.000,0.0,0
1790936760,0.917,0.917,0.917,0.917,0.000,0.0,0
1790936820,0.917,0.917,0.917,0.917,0.000,0.0,0
1790936880,0.917,0.917,0.917,0.917,0.000,0.0,0
1790936940,0.917,0.917,0.917,0.917,0.000,0.0,0
1790937000,0.917,0.917,0.917,0.917,0.000,0.0,0
1790937060,0.917,0.917,0.917,0.917,0.000,0.0,0
1790937120,0.92,0.921,0.92,0.921,0.920,671.58127,2
1790937180,0.921,0.921,0.921,0.921,0.000,0.0,0
1790937240,0.922,0.922,0.922,0.922,0.922,213.59439296,1
1790937300,0.922,0.922,0.922,0.922,0.922,335.79063502,2
1790937360,0.922,0.922,0.922,0.922,0.000,0.0,0
1790937420,0.922,0.922,0.922,0.922,0.922,549.38502794,3
1790937480,0.922,0.922,0.922,0.922,0.000,0.0,0
1790937540,0.922,0.922,0.922,0.922,0.922,335.790635,1
1790937600,0.922,0.922,0.922,0.922,0.000,0.0,0
1790937660,0.923,0.923,0.923,0.923,0.923,335.790635,1
1790937720,0.923,0.923,0.923,0.923,0.000,0.0,0
1790937780,0.923,0.923,0.923,0.923,0.000,0.0,0
1790937840,0.923,0.923,0.923,0.923,0.000,0.0,0
1790937900,0.923,0.923,0.923,0.923,0.000,0.0,0
1790937960,0.923,0.923,0.923,0.923,0.000,0.0,0
1790938020,0.923,0.923,0.923,0.923,0.000,0.0,0
1790938080,0.923,0.923,0.923,0.923,0.000,0.0,0
1790938140,0.923,0.923,0.923,0.923,0.000,0.0,0
1790938200,0.923,0.923,0.923,0.923,0.000,0.0,0
1790938260,0.923,0.923,0.923,0.923,0.000,0.0,0
1790938320,0.923,0.923,0.923,0.923,0.000,0.0,0
1790938380,0.923,0.923,0.923,0.923,0.000,0.0,0
1790938440,0.923,0.923,0.923,0.923,0.000,0.0,0
1790938500,0.923,0.923,0.923,0.923,0.000,0.0,0
1790938560,0.923,0.923,0.923,0.923,0.000,0.0,0
1790938620,0.923,0.923,0.923,0.923,0.000,0.0,0
1790938680,0.923,0.923,0.923,0.923,0.000,0.0,0
1790938740,0.923,0.923,0.923,0.923,0.000,0.0,0
1790938800,0.923,0.923,0.923,0.923,0.000,0.0,0
1790938860,0.923,0.923,0.923,0.923,0.000,0.0,0
1790938920,0.923,0.923,0.923,0.923,0.000,0.0,0
1790938980,0.923,0.923,0.923,0.923,0.000,0.0,0
1790939040,0.923,0.923,0.923,0.923,0.000,0.0,0
1790939100,0.923,0.923,0.923,0.923,0.000,0.0,0
1790939160,0.923,0.923,0.923,0.923,0.000,0.0,0
1790939220,0.923,0.923,0.923,0.923,0.000,0.0,0
1790939280,0.923,0.923,0.923,0.923,0.000,0.0,0
1790939340,0.92,0.921,0.92,0.921,0.920,357.31916029,3
1790939400,0.921,0.921,0.921,0.921,0.000,0.0,0
1790939460,0.921,0.921,0.921,0.921,0.000,0.0,0
1790939520,0.921,0.921,0.921,0.921,0.000,0.0,0
1790939580,0.921,0.921,0.921,0.921,0.000,0.0,0
1790939640,0.919,0.919,0.919,0.919,0.919,19.6171,2
1790939700,0.919,0.919,0.919,0.919,0.000,0.0,0
1790939760,0.919,0.919,0.919,0.919,0.000,0.0,0
1790939820,0.919,0.919,0.919,0.919,0.919,19.6171,1
1790939880,0.919,0.919,0.919,0.919,0.000,0.0,0
1790939940,0.919,0.919,0.919,0.919,0.000,0.0,0
1790940000,0.919,0.919,0.919,0.919,0.000,0.0,0
1790940060,0.919,0.919,0.919,0.919,0.000,0.0,0
1790940120,0.919,0.919,0.919,0.919,0.000,0.0,0
1790940180,0.919,0.919,0.919,0.919,0.000,0.0,0
1790940240,0.919,0.919,0.919,0.919,0.000,0.0,0
1790940300,0.919,0.919,0.919,0.919,0.000,0.0,0
1790940360,0.919,0.919,0.919,0.919,0.000,0.0,0
1790940420,0.919,0.919,0.919,0.919,0.000,0.0,0
1790940480,0.919,0.919,0.919,0.919,0.000,0.0,0
1790940540,0.919,0.919,0.919,0.919,0.000,0.0,0
1790940600,0.919,0.919,0.919,0.919,0.000,0.0,0
1790940660,0.919,0.919,0.919,0.919,0.000,0.0,0
1790940720,0.919,0.919,0.919,0.919,0.000,0.0,0
1790940780,0.919,0.919,0.919,0.919,0.000,0.0,0
1790940840,0.919,0.919,0.919,0.919,0.000,0.0,0
1790940900,0.919,0.919,0.919,0.919,0.000,0.0,0
1790940960,0.919,0.919,0.919,0.919,0.000,0.0,0
1790941020,0.919,0.919,0.919,0.919,0.000,0.0,0
1790941080,0.919,0.919,0.919,0.919,0.000,0.0,0
1790941140,0.919,0.919,0.919,0.919,0.000,0.0,0
1790941200,0.919,0.919,0.919,0.919,0.000,0.0,0
1790941260,0.919,0.919,0.919,0.919,0.000,0.0,0
1790941320,0.919,0.919,0.919,0.919,0.000,0.0,0
1790941380,0.919,0.919,0.919,0.919,0.000,0.0,0
1790941440,0.919,0.919,0.919,0.919,0.000,0.0,0
1790941500,0.919,0.919,0.919,0.919,0.000,0.0,0
1790941560,0.919,0.919,0.919,0.919,0.000,0.0,0
1790941620,0.919,0.919,0.919,0.919,0.000,0.0,0
1790941680,0.919,0.919,0.919,0.919,0.000,0.0,0
1790941740,0.919,0.919,0.919,0.919,0.000,0.0,0
1790941800,0.919,0.919,0.919,0.919,0.000,0.0,0
1790941860,0.916,0.916,0.916,0.916,0.916,335.790635,1
1790941920,0.916,0.916,0.916,0.916,0.000,0.0,0
1790941980,0.917,0.917,0.917,0.917,0.917,959.3821718,4
1790942040,0.917,0.917,0.917,0.917,0.000,0.0,0
1790942100,0.917,0.917,0.917,0.917,0.000,0.0,0
1790942160,0.917,0.917,0.917,0.917,0.000,0.0,0
1790942220,0.917,0.917,0.917,0.917,0.000,0.0,0
1790942280,0.917,0.917,0.917,0.917,0.000,0.0,0
1790942340,0.917,0.917,0.917,0.917,0.000,0.0,0
1790942400,0.917,0.917,0.917,0.917,0.000,0.0,0
1790942460,0.917,0.917,0.917,0.917,0.000,0.0,0
1790942520,0.917,0.917,0.917,0.917,0.917,48.52780883,2
1790942580,0.917,0.917,0.917,0.917,0.000,0.0,0
1790942640,0.917,0.917,0.917,0.917,0.000,0.0,0
1790942700,0.917,0.917,0.917,0.917,0.000,0.0,0
1790942760,0.917,0.917,0.917,0.917,0.000,0.0,0
1790942820,0.917,0.917,0.917,0.917,0.000,0.0,0
1790942880,0.917,0.917,0.917,0.917,0.000,0.0,0
1790942940,0.917,0.917,0.917,0.917,0.000,0.0,0
1790943000,0.917,0.917,0.917,0.917,0.000,0.0,0
1790943060,0.917,0.917,0.917,0.917,0.000,0.0,0
1790943120,0.921,0.921,0.921,0.921,0.921,335.790635,1
1790943180,0.921,0.921,0.921,0.921,0.921,335.790635,1
1790943240,0.921,0.921,0.921,0.921,0.000,0.0,0
1790943300,0.922,0.922,0.922,0.922,0.922,335.790635,1
1790943360,0.922,0.922,0.922,0.922,0.000,0.0,0
1790943420,0.922,0.922,0.922,0.922,0.000,0.0,0
1790943480,0.922,0.922,0.922,0.922,0.000,0.0,0
1790943540,0.922,0.922,0.922,0.922,0.000,0.0,0
1790943600,0.922,0.922,0.922,0.922,0.000,0.0,0
1790943660,0.922,0.922,0.922,0.922,0.000,0.0,0
1790943720,0.922,0.922,0.922,0.922,0.000,0.0,0
1790943780,0.923,0.923,0.923,0.923,0.923,233.21149293,3
1790943840,0.923,0.923,0.923,0.923,0.000,0.0,0
1790943900,0.923,0.923,0.923,0.923,0.000,0.0,0
1790943960,0.923,0.923,0.923,0.923,0.000,0.0,0
1790944020,0.923,0.923,0.923,0.923,0.000,0.0,0
1790944080,0.923,0.923,0.923,0.923,0.000,0.0,0
1790944140,0.923,0.923,0.923,0.923,0.000,0.0,0
1790944200,0.921,0.925,0.921,0.921,0.922,1312.24801505,12
1790944260,0.923,0.926,0.923,0.923,0.923,268.5626673,4
1790944320,0.923,0.923,0.923,0.923,0.923,777.789135,7
1790944380,0.923,0.924,0.922,0.923,0.922,748.43013369,6
1790944440,0.923,0.923,0.923,0.923,0.923,213.5943929,1
1790944500,0.923,0.923,0.923,0.923,0.923,233.21149296,2
1790944560,0.924,0.924,0.924,0.924,0.924,19.6171,1
1790944620,0.924,0.924,0.924,0.924,0.000,0.0,0
1790944680,0.924,0.924,0.924,0.924,0.924,11.79,1
1790944740,0.924,0.924,0.924,0.924,0.000,0.0,0
1790944800,0.922,0.922,0.922,0.922,0.922,233.2114929,2
1790944860,0.922,0.922,0.922,0.922,0.000,0.0,0
1790944920,0.922,0.922,0.922,0.922,0.000,0.0,0
1790944980,0.922,0.922,0.922,0.922,0.000,0.0,0
1790945040,0.922,0.922,0.922,0.922,0.000,0.0,0
1790945100,0.922,0.922,0.922,0.922,0.000,0.0,0
1790945160,0.922,0.922,0.922,0.922,0.000,0.0,0
1790945220,0.922,0.922,0.922,0.922,0.000,0.0,0
1790945280,0.922,0.922,0.922,0.922,0.000,0.0,0
1790945340,0.922,0.922,0.922,0.922,0.000,0.0,0
1790945400,0.922,0.922,0.922,0.922,0.000,0.0,0
1790945460,0.922,0.922,0.922,0.922,0.000,0.0,0
1790945520,0.922,0.922,0.922,0.922,0.000,0.0,0
1790945580,0.922,0.922,0.922,0.922,0.000,0.0,0
1790945640,0.926,0.926,0.926,0.926,0.926,10.79913606,1
1790945700,0.926,0.926,0.926,0.926,0.926,19.6171,1
1790945760,0.926,0.926,0.926,0.926,0.000,0.0,0
1790945820,0.926,0.926,0.926,0.926,0.000,0.0,0
1790945880,0.926,0.926,0.926,0.926,0.000,0.0,0
1790945940,0.926,0.926,0.926,0.926,0.000,0.0,0
1790946000,0.926,0.926,0.926,0.926,0.000,0.0,0
1790946060,0.926,0.926,0.926,0.926,0.000,0.0,0
1790946120,0.926,0.926,0.926,0.926,0.000,0.0,0
1790946180,0.926,0.926,0.926,0.926,0.000,0.0,0
1790946240,0.926,0.926,0.926,0.926,0.000,0.0,0
1790946300,0.926,0.926,0.926,0.926,0.000,0.0,0
1790946360,0.926,0.926,0.926,0.926,0.000,0.0,0
1790946420,0.926,0.926,0.926,0.926,0.000,0.0,0
1790946480,0.928,0.929,0.928,0.929,0.928,3052.79827822,6
1790946540,0.929,0.929,0.929,0.929,0.000,0.0,0
1790946600,0.929,0.929,0.929,0.929,0.000,0.0,0
1790946660,0.929,0.929,0.929,0.929,0.000,0.0,0
1790946720,0.929,0.929,0.929,0.929,0.000,0.0,0
1790946780,0.929,0.929,0.929,0.929,0.000,0.0,0
1790946840,0.929,0.929,0.929,0.929,0.000,0.0,0
1790946900,0.929,0.929,0.929,0.929,0.000,0.0,0
1790946960,0.929,0.929,0.929,0.929,0.000,0.0,0
1790947020,0.929,0.929,0.929,0.929,0.000,0.0,0
1790947080,0.929,0.929,0.929,0.929,0.000,0.0,0
1790947140,0.929,0.929,0.929,0.929,0.000,0.0,0
