time,open,high,low,close,vwap,volume,count
1790639760,0.02519,0.02519,0.02519,0.02519,0.00000,0.0,0
1790639820,0.02519,0.02519,0.02519,0.02519,0.00000,0.0,0
1790639880,0.02514,0.02514,0.02512,0.02512,0.02512,753.05762,2
1790639940,0.02512,0.02512,0.02512,0.02512,0.00000,0.0,0
1790640000,0.02512,0.02512,0.02512,0.02512,0.00000,0.0,0
1790640060,0.02518,0.02518,0.02518,0.02518,0.02518,6772.1103,3
1790640120,0.02511,0.02511,0.02511,0.02511,0.02511,403.4179,1
1790640180,0.02501,0.02501,0.02496,0.02496,0.02498,12141.8703,3
1790640240,0.02505,0.02505,0.02504,0.02504,0.02504,23125.736,4
1790640300,0.02504,0.02504,0.02504,0.02504,0.00000,0.0,0
1790640360,0.025,0.025,0.025,0.025,0.02500,403.4179,1
1790640420,0.025,0.025,0.025,0.025,0.00000,0.0,0
1790640480,0.02501,0.02501,0.02501,0.02501,0.02501,7529.6781,3
1790640540,0.02501,0.02501,0.02501,0.02501,0.00000,0.0,0
1790640600,0.02501,0.02501,0.02501,0.02501,0.00000,0.0,0
1790640660,0.02495,0.02495,0.02495,0.02495,0.02495,5656.7959,1
1790640720,0.02495,0.02495,0.02495,0.02495,0.00000,0.0,0
1790640780,0.02503,0.02503,0.02503,0.02503,0.02503,2390.625,1
1790640840,0.02497,0.02497,0.02496,0.02496,0.02496,4781.25,4
1790640900,0.02496,0.02496,0.02496,0.02496,0.00000,0.0,0
1790640960,0.02496,0.02496,0.02496,0.02496,0.00000,0.0,0
1790641020,0.02496,0.02496,0.02496,0.02496,0.00000,0.0,0
1790641080,0.0249,0.0249,0.02489,0.02489,0.02489,806.8358,2
1790641140,0.02491,0.02491,0.02491,0.02491,0.02491,2390.625,1
1790641200,0.02491,0.02491,0.02491,0.02491,0.02491,353.25943,1
1790641260,0.02491,0.02491,0.02491,0.02491,0.00000,0.0,0
1790641320,0.02491,0.02491,0.02491,0.02491,0.00000,0.0,0
1790641380,0.0248,0.0248,0.0248,0.0248,0.02480,7096.758,2
1790641440,0.0248,0.0248,0.0248,0.0248,0.00000,0.0,0
1790641500,0.0248,0.0248,0.0248,0.0248,0.00000,0.0,0
1790641560,0.02487,0.02487,0.02486,0.02486,0.02486,26163.008,4
1790641620,0.02481,0.02481,0.02481,0.02481,0.02481,403.4179,1
1790641680,0.02479,0.02482,0.02479,0.02481,0.02481,15281.77956,5
1790641740,0.02481,0.02481,0.02481,0.02481,0.00000,0.0,0
1790641800,0.02483,0.02486,0.02483,0.02486,0.02483,1408.72711,2
1790641860,0.02486,0.02486,0.02486,0.02486,0.00000,0.0,0
1790641920,0.02486,0.02486,0.02486,0.02486,0.00000,0.0,0
1790641980,0.02486,0.02486,0.02486,0.02486,0.00000,0.0,0
1790642040,0.02492,0.02495,0.02492,0.02494,0.02493,36113.33797,8
1790642100,0.02494,0.02494,0.02494,0.02494,0.00000,0.0,0
1790642160,0.02495,0.02495,0.02495,0.02495,0.02495,4922.1208,2
1790642220,0.02495,0.02495,0.02495,0.02495,0.00000,0.0,0
1790642280,0.02499,0.02499,0.02499,0.02499,0.02499,403.4179,1
1790642340,0.02495,0.02495,0.02495,0.02495,0.02495,344.8537,1
1790642400,0.02493,0.02494,0.02493,0.02494,0.02493,15013.8076,5
1790642460,0.02494,0.02494,0.02494,0.02494,0.00000,0.0,0
1790642520,0.02494,0.02494,0.02494,0.02494,0.00000,0.0,0
1790642580,0.02494,0.02494,0.02494,0.02494,0.00000,0.0,0
1790642640,0.02494,0.02494,0.02494,0.02494,0.00000,0.0,0
1790642700,0.02488,0.02488,0.02488,0.02488,0.02488,403.4179,1
1790642760,0.02488,0.02488,0.02488,0.02488,0.00000,0.0,0
1790642820,0.02482,0.0249,0.02482,0.0249,0.02488,40248.13515,10
1790642880,0.02486,0.02486,0.02474,0.02475,0.02480,32182.23128,7
1790642940,0.02475,0.02475,0.02475,0.02475,0.00000,0.0,0
1790643000,0.02475,0.02475,0.02475,0.02475,0.00000,0.0,0
1790643060,0.02475,0.02475,0.02475,0.02475,0.00000,0.0,0
1790643120,0.02475,0.02475,0.02475,0.02475,0.00000,0.0,0
1790643180,0.02473,0.02473,0.02473,0.02473,0.02473,8789.707,2
1790643240,0.02473,0.02473,0.02473,0.02473,0.00000,0.0,0
1790643300,0.02481,0.02481,0.02481,0.02481,0.02481,403.4179,1
1790643360,0.02481,0.02481,0.02481,0.02481,0.00000,0.0,0
1790643420,0.02472,0.02472,0.02472,0.02472,0.02472,348.06229,1
1790643480,0.02472,0.02472,0.02472,0.02472,0.00000,0.0,0
1790643540,0.02472,0.02472,0.02472,0.02472,0.00000,0.0,0
1790643600,0.02472,0.02472,0.02472,0.02472,0.00000,0.0,0
1790643660,0.02474,0.02474,0.02474,0.02474,0.02474,355.6161,1
1790643720,0.02479,0.02479,0.02479,0.02479,0.02479,403.4179,1
1790643780,0.02487,0.02487,0.02487,0.02487,0.02487,2390.625,1
1790643840,0.02487,0.02487,0.02487,0.02487,0.00000,0.0,0
1790643900,0.02487,0.02487,0.02487,0.02487,0.00000,0.0,0
1790643960,0.02473,0.02473,0.02464,0.02464,0.02464,10809.25746,3
1790644020,0.02462,0.02462,0.02462,0.02462,0.02462,1960.3417,1
1790644080,0.02462,0.02462,0.02462,0.02462,0.00000,0.0,0
1790644140,0.02462,0.02462,0.02462,0.02462,0.00000,0.0,0
1790644200,0.0245,0.0245,0.02449,0.02449,0.02449,20272.59922,3
1790644260,0.02448,0.02449,0.02447,0.02448,0.02447,27618.2845,6
1790644320,0.02448,0.02448,0.02448,0.02448,0.00000,0.0,0
1790644380,0.02447,0.02447,0.02446,0.02446,0.02446,18450.90829,3
1790644440,0.02455,0.02455,0.02455,0.02455,0.02455,10462.2498,4
1790644500,0.02452,0.02452,0.02452,0.02452,0.02452,7247.9742,4
1790644560,0.02449,0.0245,0.02448,0.02448,0.02449,3197.4608,3
1790644620,0.02448,0.02448,0.02448,0.02448,0.00000,0.0,0
1790644680,0.02445,0.02451,0.02444,0.0245,0.02444,25030.43709,8
1790644740,0.02445,0.02445,0.02445,0.02445,0.02445,403.4179,1
1790644800,0.02447,0.02452,0.0243,0.02447,0.02440,106978.29875,29
1790644860,0.02445,0.02451,0.02445,0.02451,0.02446,6659.1325,4
1790644920,0.02448,0.02448,0.02448,0.02448,0.02448,526.5838,1
1790644980,0.02458,0.02458,0.02456,0.02456,0.02457,4763.7039,2
1790645040,0.02455,0.02455,0.02455,0.02455,0.02455,8969.13577,2
1790645100,0.02454,0.02454,0.02454,0.02454,0.02454,1018.74,1
1790645160,0.02452,0.02452,0.02452,0.02452,0.02452,2390.625,1
1790645220,0.02452,0.02452,0.02452,0.02452,0.02452,7920.58707,3
1790645280,0.02443,0.02443,0.02441,0.02441,0.02441,9661.98765,2
1790645340,0.02435,0.02435,0.02435,0.02435,0.02435,403.4179,1
1790645400,0.0243,0.02435,0.02419,0.02422,0.02422,153794.63893,24
1790645460,0.02418,0.0242,0.02383,0.02387,0.02401,457391.37138,82
1790645520,0.02392,0.02393,0.0238,0.02386,0.02386,245356.77367,55
1790645580,0.02388,0.02391,0.02386,0.0239,0.02389,35927.876,10
1790645640,0.02388,0.02394,0.02388,0.02394,0.02393,9778.30001,5
1790645700,0.02392,0.02393,0.02388,0.02389,0.02392,15388.45902,5
1790645760,0.0239,0.02391,0.0239,0.02391,0.02390,8645.2341,2
1790645820,0.02393,0.02397,0.02392,0.02397,0.02394,1422.20791,4
1790645880,0.02397,0.02397,0.02397,0.02397,0.00000,0.0,0
1790645940,0.024,0.024,0.02397,0.02397,0.02398,806.8358,2
1790646000,0.02386,0.02386,0.02381,0.02381,0.02381,8450.33184,3
1790646060,0.02391,0.02391,0.02391,0.02391,0.02391,395.50775,1
1790646120,0.02399,0.02399,0.02399,0.02399,0.02399,3307.8909,2
1790646180,0.02409,0.02414,0.024,0.024,0.02408,3227.3432,8
1790646240,0.02402,0.02403,0.02402,0.02403,0.02402,28606.28161,4
1790646300,0.02427,0.02427,0.02427,0.02427,0.02427,1704.621,1
1790646360,0.02425,0.02425,0.02425,0.02425,0.02425,14343.75,2
1790646420,0.0242,0.02422,0.02417,0.02417,0.02420,95093.23852,16
1790646480,0.02423,0.02423,0.02418,0.02418,0.02422,9185.17263,3
1790646540,0.02417,0.02418,0.02416,0.02418,0.02417,1210.2537,3
1790646600,0.02413,0.02413,0.02411,0.02411,0.02411,5463.9043,2
1790646660,0.02411,0.02411,0.02411,0.02411,0.00000,0.0,0
1790646720,0.02411,0.02411,0.02411,0.02411,0.00000,0.0,0
1790646780,0.02423,0.02423,0.02423,0.02423,0.02423,617.8315,1
1790646840,0.02421,0.02421,0.02421,0.02421,0.02421,403.4179,1
1790646900,0.02421,0.02421,0.02421,0.02421,0.00000,0.0,0
1790646960,0.02421,0.02421,0.02421,0.02421,0.00000,0.0,0
1790647020,0.02412,0.02412,0.02412,0.02412,0.02412,8070.05269,1
1790647080,0.02408,0.02408,0.02408,0.02408,0.02408,7898.5336,1
1790647140,0.02412,0.02414,0.02412,0.02414,0.02412,24879.7466,5
1790647200,0.02412,0.02412,0.02412,0.02412,0.02412,874.8441,1
1790647260,0.02416,0.02416,0.02416,0.02416,0.02416,4781.25,1
1790647320,0.02416,0.02416,0.02416,0.02416,0.00000,0.0,0
1790647380,0.02416,0.02416,0.02416,0.02416,0.00000,0.0,0
1790647440,0.02401,0.02401,0.02401,0.02401,0.02401,1003.935,1
1790647500,0.0241,0.0241,0.0241,0.0241,0.02410,8030.2043,1
1790647560,0.0241,0.0241,0.0241,0.0241,0.00000,0.0,0
1790647620,0.0241,0.0241,0.0241,0.0241,0.00000,0.0,0
1790647680,0.02398,0.02398,0.02396,0.02396,0.02397,12138.15432,6
1790647740,0.02396,0.02396,0.02396,0.02396,0.00000,0.0,0
1790647800,0.02397,0.02397,0.02394,0.02394,0.02396,11018.76546,4
1790647860,0.02394,0.02394,0.02394,0.02394,0.02394,403.4179,1
1790647920,0.02389,0.02389,0.02372,0.02385,0.02379,69209.76413,15
1790647980,0.02386,0.02392,0.02386,0.02392,0.02387,52704.19944,12
1790648040,0.02393,0.02393,0.02392,0.02392,0.02392,32608.75984,5
1790648100,0.024,0.024,0.024,0.024,0.02400,403.4179,1
1790648160,0.024,0.024,0.024,0.024,0.00000,0.0,0
1790648220,0.024,0.024,0.02398,0.02398,0.02399,3711.236,3
1790648280,0.0239,0.02393,0.02387,0.02392,0.02390,115165.9363,16
1790648340,0.02392,0.02395,0.02392,0.02392,0.02392,54238.52407,7
1790648400,0.02395,0.02395,0.02395,0.02395,0.02395,7544.8912,2
1790648460,0.02395,0.02395,0.02395,0.02395,0.00000,0.0,0
1790648520,0.02376,0.02381,0.02376,0.02381,0.02380,9436.4694,4
1790648580,0.0239,0.0239,0.0239,0.0239,0.02390,3327.8246,1
1790648640,0.0239,0.0239,0.0239,0.0239,0.00000,0.0,0
1790648700,0.0239,0.0239,0.0239,0.0239,0.00000,0.0,0
1790648760,0.0239,0.0239,0.0239,0.0239,0.00000,0.0,0
1790648820,0.02388,0.02388,0.02388,0.02388,0.02388,403.4179,1
1790648880,0.02382,0.02385,0.02382,0.02385,0.02384,14690.811,3
1790648940,0.0238,0.0238,0.0238,0.0238,0.02380,6581.6515,1
1790649000,0.02382,0.02382,0.02382,0.02382,0.02382,5588.0858,3
1790649060,0.02383,0.02383,0.0238,0.02383,0.02382,8425.954,5
1790649120,0.02381,0.02381,0.02374,0.02374,0.02378,32147.64283,10
1790649180,0.02371,0.02371,0.02371,0.02371,0.02371,403.4179,1
1790649240,0.02371,0.02371,0.02371,0.02371,0.00000,0.0,0
1790649300,0.02371,0.02371,0.02371,0.02371,0.00000,0.0,0
1790649360,0.02371,0.02371,0.02371,0.02371,0.00000,0.0,0
1790649420,0.02376,0.02376,0.02376,0.02376,0.02376,403.4179,1
1790649480,0.02379,0.02379,0.02379,0.02379,0.02379,4781.25,1
1790649540,0.02379,0.02379,0.02379,0.02379,0.00000,0.0,0
1790649600,0.0238,0.02386,0.0238,0.02386,0.02383,4781.25,2
1790649660,0.02382,0.02382,0.02382,0.02382,0.02382,3606.3253,1
1790649720,0.02382,0.02382,0.02382,0.02382,0.00000,0.0,0
1790649780,0.02382,0.02382,0.02382,0.02382,0.00000,0.0,0
1790649840,0.02382,0.02382,0.02382,0.02382,0.00000,0.0,0
1790649900,0.02382,0.02382,0.02382,0.02382,0.00000,0.0,0
1790649960,0.02399,0.02399,0.02399,0.02399,0.02399,7171.875,1
1790650020,0.02399,0.02399,0.02399,0.02399,0.00000,0.0,0
1790650080,0.02398,0.02398,0.02398,0.02398,0.02398,3197.4608,2
1790650140,0.02394,0.02397,0.02394,0.02396,0.02396,17308.8596,4
1790650200,0.02395,0.02396,0.02395,0.02396,0.02395,9159.9999,5
1790650260,0.02399,0.02399,0.02399,0.02399,0.02399,392.65982,1
1790650320,0.02393,0.02393,0.02393,0.02393,0.02393,7624.8019,1
1790650380,0.02387,0.02387,0.02386,0.02386,0.02386,39659.62334,9
1790650440,0.02386,0.02386,0.02386,0.02386,0.00000,0.0,0
1790650500,0.02386,0.02389,0.02386,0.02389,0.02387,38359.14807,10
1790650560,0.0239,0.0239,0.0239,0.0239,0.02390,403.4179,1
1790650620,0.0239,0.0239,0.0239,0.0239,0.00000,0.0,0
1790650680,0.0239,0.0239,0.0239,0.0239,0.00000,0.0,0
1790650740,0.0239,0.0239,0.0239,0.0239,0.00000,0.0,0
1790650800,0.02401,0.02401,0.02401,0.02401,0.02401,10064.90712,2
1790650860,0.02404,0.02407,0.02404,0.02407,0.02406,8670.4245,3
1790650920,0.02403,0.02403,0.02403,0.02403,0.02403,10765.1728,2
1790650980,0.02408,0.02408,0.02408,0.02408,0.02408,1301.7043,1
1790651040,0.02403,0.02403,0.02392,0.02392,0.02401,5841.1976,3
1790651100,0.02392,0.02392,0.02392,0.02392,0.00000,0.0,0
1790651160,0.02392,0.02392,0.02392,0.02392,0.00000,0.0,0
1790651220,0.02395,0.02395,0.02395,0.02395,0.02395,403.4179,1
1790651280,0.02395,0.02395,0.02395,0.02395,0.00000,0.0,0
1790651340,0.02387,0.02387,0.02387,0.02387,0.02387,8687.0935,1
1790651400,0.02386,0.02386,0.02385,0.02385,0.02385,113082.43178,13
1790651460,0.02386,0.02386,0.02386,0.02386,0.02386,403.4179,1
1790651520,0.02386,0.02386,0.02386,0.02386,0.00000,0.0,0
1790651580,0.02386,0.02386,0.02386,0.02386,0.00000,0.0,0
1790651640,0.02386,0.02386,0.02386,0.02386,0.00000,0.0,0
1790651700,0.02374,0.02379,0.02374,0.02379,0.02378,9553.21461,2
1790651760,0.02387,0.02387,0.02383,0.02383,0.02383,9110.353,2
1790651820,0.0238,0.0238,0.0236,0.02366,0.02369,90543.26809,23
1790651880,0.02366,0.02367,0.02366,0.02367,0.02366,41652.12074,13
1790651940,0.02368,0.02373,0.02368,0.02373,0.02370,60865.57435,7
1790652000,0.02378,0.02378,0.02378,0.02378,0.02378,403.4179,1
1790652060,0.02382,0.02382,0.02382,0.02382,0.02382,403.4179,1
1790652120,0.02382,0.02382,0.02382,0.02382,0.00000,0.0,0
1790652180,0.02382,0.02382,0.02382,0.02382,0.00000,0.0,0
1790652240,0.02382,0.02382,0.02382,0.02382,0.00000,0.0,0
1790652300,0.02382,0.02382,0.02382,0.02382,0.00000,0.0,0
1790652360,0.02382,0.02382,0.02382,0.02382,0.00000,0.0,0
1790652420,0.02392,0.02392,0.0239,0.02391,0.02390,12738.8744,5
1790652480,0.02392,0.02395,0.02392,0.02395,0.02392,11377.0892,3
1790652540,0.02393,0.02396,0.02393,0.02396,0.02394,15782.6487,6
1790652600,0.02396,0.02396,0.02396,0.02396,0.00000,0.0,0
1790652660,0.02396,0.02396,0.02396,0.02396,0.00000,0.0,0
1790652720,0.02405,0.02405,0.02405,0.02405,0.02405,2390.625,1
1790652780,0.02405,0.02405,0.02405,0.02405,0.00000,0.0,0
1790652840,0.0241,0.0241,0.02406,0.02406,0.02409,18675.66014,3
1790652900,0.02406,0.02406,0.02406,0.02406,0.00000,0.0,0
1790652960,0.02409,0.02409,0.02409,0.02409,0.02409,2390.625,1
1790653020,0.02408,0.02408,0.02408,0.02408,0.02408,6197.2078,3
1790653080,0.02408,0.02408,0.02408,0.02408,0.00000,0.0,0
1790653140,0.02408,0.02408,0.02408,0.02408,0.00000,0.0,0
1790653200,0.02409,0.02409,0.02409,0.02409,0.02409,7966.5407,1
1790653260,0.02409,0.02409,0.02409,0.02409,0.00000,0.0,0
1790653320,0.02417,0.02417,0.02417,0.02417,0.02417,7171.875,2
1790653380,0.02419,0.02419,0.02417,0.02417,0.02418,9359.03211,2
1790653440,0.02417,0.02417,0.02417,0.02417,0.00000,0.0,0
1790653500,0.02414,0.02415,0.02414,0.02415,0.02414,12773.38971,3
1790653560,0.02415,0.02415,0.02415,0.02415,0.00000,0.0,0
1790653620,0.02415,0.02415,0.02415,0.02415,0.00000,0.0,0
1790653680,0.02415,0.02415,0.02415,0.02415,0.00000,0.0,0
1790653740,0.02415,0.02415,0.02415,0.02415,0.00000,0.0,0
1790653800,0.02415,0.02415,0.02415,0.02415,0.00000,0.0,0
1790653860,0.02416,0.02416,0.02416,0.02416,0.02416,1210.2537,1
1790653920,0.02416,0.02416,0.02416,0.02416,0.00000,0.0,0
1790653980,0.02416,0.02416,0.02416,0.02416,0.00000,0.0,0
1790654040,0.02416,0.02416,0.02416,0.02416,0.00000,0.0,0
1790654100,0.024,0.02401,0.024,0.02401,0.02400,20001.55796,2
1790654160,0.02401,0.02401,0.02401,0.02401,0.00000,0.0,0
1790654220,0.02393,0.02393,0.02379,0.02392,0.02385,33251.65251,11
1790654280,0.0239,0.0239,0.0239,0.0239,0.02390,9562.5,1
1790654340,0.02385,0.02385,0.02385,0.02385,0.02385,403.4179,1
1790654400,0.02389,0.02391,0.02389,0.0239,0.02390,16670.08101,5
1790654460,0.0239,0.0239,0.0239,0.0239,0.00000,0.0,0
1790654520,0.0239,0.0239,0.0239,0.0239,0.00000,0.0,0
1790654580,0.02395,0.02395,0.02395,0.02395,0.02395,403.4179,1
1790654640,0.02395,0.02395,0.02395,0.02395,0.00000,0.0,0
1790654700,0.02392,0.02392,0.02392,0.02392,0.02392,9898.44911,3
1790654760,0.02392,0.02392,0.02392,0.02392,0.00000,0.0,0
1790654820,0.02408,0.02408,0.02408,0.02408,0.02408,10027.0046,1
1790654880,0.02408,0.02408,0.02408,0.02408,0.00000,0.0,0
1790654940,0.02408,0.02408,0.02408,0.02408,0.00000,0.0,0
1790655000,0.02408,0.02408,0.02408,0.02408,0.00000,0.0,0
1790655060,0.02408,0.02408,0.02408,0.02408,0.00000,0.0,0
1790655120,0.02408,0.02408,0.02408,0.02408,0.00000,0.0,0
1790655180,0.02408,0.02408,0.02408,0.02408,0.00000,0.0,0
1790655240,0.02419,0.02419,0.02417,0.02417,0.02417,18563.6815,2
1790655300,0.02418,0.02418,0.02418,0.02418,0.02418,1033.91,1
1790655360,0.02418,0.02418,0.02418,0.02418,0.00000,0.0,0
1790655420,0.02422,0.02422,0.02422,0.02422,0.02422,4132.3316,3
1790655480,0.02422,0.02422,0.02422,0.02422,0.00000,0.0,0
1790655540,0.02418,0.02418,0.02418,0.02418,0.02418,403.4179,1
1790655600,0.02418,0.02418,0.02418,0.02418,0.00000,0.0,0
1790655660,0.02418,0.02418,0.02418,0.02418,0.00000,0.0,0
1790655720,0.02418,0.02418,0.02418,0.02418,0.00000,0.0,0
1790655780,0.02418,0.02418,0.02418,0.02418,0.00000,0.0,0
1790655840,0.02414,0.02414,0.02414,0.02414,0.02414,10824.79848,1
1790655900,0.02414,0.02414,0.02414,0.02414,0.00000,0.0,0
1790655960,0.02408,0.02408,0.02408,0.02408,0.02408,403.4179,1
1790656020,0.02406,0.02406,0.02406,0.02406,0.02406,6043.5484,2
1790656080,0.02406,0.02406,0.02406,0.02406,0.00000,0.0,0
1790656140,0.02406,0.02406,0.02406,0.02406,0.00000,0.0,0
1790656200,0.02406,0.02406,0.02406,0.02406,0.00000,0.0,0
1790656260,0.02398,0.02398,0.02398,0.02398,0.02398,8686.83378,2
1790656320,0.02398,0.02398,0.02398,0.02398,0.00000,0.0,0
1790656380,0.02394,0.02394,0.02394,0.02394,0.02394,403.4179,1
1790656440,0.02394,0.02394,0.02394,0.02394,0.00000,0.0,0
1790656500,0.02394,0.02394,0.02394,0.02394,0.00000,0.0,0
1790656560,0.02394,0.02394,0.02394,0.02394,0.00000,0.0,0
1790656620,0.02393,0.02393,0.02392,0.02392,0.02392,41503.12258,6
1790656680,0.02389,0.02395,0.02389,0.02395,0.02392,10352.5565,3
1790656740,0.02394,0.02399,0.02394,0.02399,0.02396,16259.63466,4
1790656800,0.02397,0.02397,0.02396,0.02396,0.02396,8858.52379,2
1790656860,0.02394,0.02394,0.02394,0.02394,0.02394,10445.56344,1
1790656920,0.02395,0.02395,0.02395,0.02395,0.02395,8212.2239,2
1790656980,0.02395,0.02395,0.02395,0.02395,0.00000,0.0,0
1790657040,0.02399,0.02399,0.02399,0.02399,0.02399,7820.63553,3
1790657100,0.02398,0.02398,0.02398,0.02398,0.02398,7171.875,2
1790657160,0.02398,0.02398,0.02398,0.02398,0.00000,0.0,0
1790657220,0.02389,0.02389,0.02387,0.02387,0.02387,1818.67084,3
1790657280,0.02387,0.02387,0.02387,0.02387,0.00000,0.0,0
1790657340,0.02385,0.02385,0.02385,0.02385,0.02385,2390.625,1
1790657400,0.02385,0.02385,0.02385,0.02385,0.00000,0.0,0
1790657460,0.02396,0.02396,0.02396,0.02396,0.02396,2390.625,1
1790657520,0.02396,0.02396,0.02396,0.02396,0.00000,0.0,0
1790657580,0.02396,0.02396,0.02396,0.02396,0.00000,0.0,0
1790657640,0.02405,0.02405,0.02405,0.02405,0.02405,8157.77909,1
1790657700,0.02405,0.02405,0.02405,0.02405,0.00000,0.0,0
1790657760,0.02405,0.02405,0.02405,0.02405,0.00000,0.0,0
1790657820,0.02405,0.02405,0.02405,0.02405,0.00000,0.0,0
1790657880,0.02406,0.02406,0.02405,0.02405,0.02405,8506.3549,5
1790657940,0.02405,0.02405,0.02405,0.02405,0.00000,0.0,0
1790658000,0.02408,0.02408,0.02408,0.02408,0.02408,9318.3733,1
1790658060,0.02408,0.02408,0.02408,0.02408,0.00000,0.0,0
1790658120,0.02414,0.02415,0.02414,0.02415,0.02414,11755.61362,3
1790658180,0.02415,0.02415,0.02415,0.02415,0.00000,0.0,0
1790658240,0.02415,0.02415,0.02415,0.02415,0.00000,0.0,0
1790658300,0.02415,0.02415,0.02415,0.02415,0.00000,0.0,0
1790658360,0.02403,0.02403,0.02403,0.02403,0.02403,238.26459,1
1790658420,0.02403,0.02403,0.02403,0.02403,0.00000,0.0,0
1790658480,0.02405,0.02405,0.02405,0.02405,0.02405,2390.625,1
1790658540,0.02405,0.02405,0.02405,0.02405,0.00000,0.0,0
1790658600,0.02405,0.02405,0.02405,0.02405,0.00000,0.0,0
1790658660,0.02405,0.02405,0.02405,0.02405,0.00000,0.0,0
1790658720,0.02417,0.02417,0.02417,0.02417,0.02417,2390.625,1
1790658780,0.02416,0.02416,0.02416,0.02416,0.02416,8550.30048,3
1790658840,0.02418,0.02418,0.02418,0.02418,0.02418,403.4179,1
1790658900,0.0242,0.0242,0.0242,0.0242,0.02420,5591.1041,1
1790658960,0.0242,0.0242,0.0242,0.0242,0.00000,0.0,0
1790659020,0.0242,0.0242,0.0242,0.0242,0.00000,0.0,0
1790659080,0.0242,0.0242,0.0242,0.0242,0.00000,0.0,0
1790659140,0.0242,0.0242,0.0242,0.0242,0.00000,0.0,0
1790659200,0.02424,0.02424,0.02424,0.02424,0.02424,403.4179,1
1790659260,0.02424,0.02427,0.02424,0.02424,0.02424,27105.70905,5
1790659320,0.02424,0.02424,0.02424,0.02424,0.00000,0.0,0
1790659380,0.02424,0.02424,0.02424,0.02424,0.00000,0.0,0
1790659440,0.02426,0.02426,0.02426,0.02426,0.02426,403.4179,1
1790659500,0.02428,0.02433,0.02428,0.02433,0.02428,19316.634,7
1790659560,0.02427,0.02427,0.02427,0.02427,0.02427,362.33713,1
1790659620,0.02427,0.02427,0.02427,0.02427,0.00000,0.0,0
1790659680,0.02427,0.02427,0.02427,0.02427,0.00000,0.0,0
1790659740,0.02426,0.02426,0.02426,0.02426,0.02426,14343.75,2
1790659800,0.02426,0.02426,0.02426,0.02426,0.00000,0.0,0
1790659860,0.02412,0.02412,0.02409,0.02409,0.02409,20433.61222,4
1790659920,0.02404,0.02407,0.02404,0.02407,0.02404,9441.2308,2
1790659980,0.024,0.024,0.024,0.024,0.02400,4531.8728,1
1790660040,0.024,0.024,0.024,0.024,0.00000,0.0,0
1790660100,0.02389,0.02389,0.02388,0.02388,0.02388,2794.0429,2
1790660160,0.02388,0.02388,0.02383,0.02383,0.02387,4150.33602,3
1790660220,0.02383,0.02383,0.02383,0.02383,0.00000,0.0,0
1790660280,0.02386,0.02386,0.02386,0.02386,0.02386,806.8358,1
1790660340,0.02386,0.02386,0.02386,0.02386,0.00000,0.0,0
1790660400,0.02386,0.02386,0.02386,0.02386,0.00000,0.0,0
1790660460,0.02386,0.02386,0.02386,0.02386,0.00000,0.0,0
1790660520,0.02408,0.02408,0.02408,0.02408,0.02408,6173.1169,1
1790660580,0.02408,0.02408,0.02408,0.02408,0.00000,0.0,0
1790660640,0.02408,0.02408,0.02408,0.02408,0.00000,0.0,0
1790660700,0.02413,0.02413,0.02406,0.02406,0.02408,14358.04243,3
1790660760,0.02406,0.02406,0.02406,0.02406,0.00000,0.0,0
1790660820,0.02406,0.02406,0.02406,0.02406,0.00000,0.0,0
1790660880,0.02408,0.02409,0.02408,0.02409,0.02408,9562.50001,3
1790660940,0.02411,0.02411,0.02411,0.02411,0.02411,10983.13663,2
1790661000,0.02411,0.02411,0.02411,0.02411,0.00000,0.0,0
1790661060,0.02411,0.02411,0.02411,0.02411,0.00000,0.0,0
1790661120,0.02419,0.02419,0.02419,0.02419,0.02419,8628.2278,2
1790661180,0.02419,0.02419,0.02419,0.02419,0.00000,0.0,0
1790661240,0.02425,0.02427,0.02425,0.02427,0.02425,11315.14664,2
1790661300,0.02427,0.02427,0.02427,0.02427,0.00000,0.0,0
1790661360,0.02427,0.02427,0.02427,0.02427,0.00000,0.0,0
1790661420,0.02428,0.02428,0.02428,0.02428,0.02428,5458.7229,2
1790661480,0.02428,0.02428,0.02428,0.02428,0.00000,0.0,0
1790661540,0.02426,0.02426,0.02417,0.02417,0.02421,31869.23488,10
1790661600,0.02417,0.02417,0.02415,0.02415,0.02416,614.41524,2
1790661660,0.02415,0.02415,0.02415,0.02415,0.00000,0.0,0
1790661720,0.02416,0.02416,0.02409,0.02413,0.02413,52041.39904,12
1790661780,0.02418,0.02418,0.02413,0.02413,0.02413,5325.5387,3
1790661840,0.02413,0.02413,0.02413,0.02413,0.00000,0.0,0
1790661900,0.02417,0.02418,0.02417,0.02418,0.02417,5325.5387,2
1790661960,0.02419,0.02419,0.02419,0.02419,0.02419,10343.6513,1
1790662020,0.02419,0.02419,0.02419,0.02419,0.00000,0.0,0
1790662080,0.02428,0.02428,0.02428,0.02428,0.02428,403.4179,1
1790662140,0.02435,0.02436,0.02435,0.02436,0.02435,92347.80207,5
1790662200,0.02436,0.02439,0.02436,0.02438,0.02438,306440.83097,48
1790662260,0.02438,0.02439,0.02437,0.02439,0.02437,70332.27029,73
1790662320,0.02439,0.02439,0.02438,0.02438,0.02438,118512.0862,15
1790662380,0.02438,0.02438,0.02438,0.02438,0.00000,0.0,0
1790662440,0.02434,0.02434,0.02434,0.02434,0.02434,403.4179,1
1790662500,0.02434,0.02434,0.02434,0.02434,0.00000,0.0,0
1790662560,0.02421,0.02421,0.02421,0.02421,0.02421,403.4179,1
1790662620,0.02421,0.02421,0.02421,0.02421,0.00000,0.0,0
1790662680,0.02417,0.02417,0.02417,0.02417,0.02417,806.8358,1
1790662740,0.02417,0.02417,0.02417,0.02417,0.00000,0.0,0
1790662800,0.02417,0.02417,0.02417,0.02417,0.00000,0.0,0
1790662860,0.02433,0.02433,0.02433,0.02433,0.02433,2390.625,1
1790662920,0.0243,0.0243,0.0243,0.0243,0.02430,2390.625,1
1790662980,0.0243,0.0243,0.0243,0.0243,0.00000,0.0,0
1790663040,0.0243,0.0243,0.0243,0.0243,0.00000,0.0,0
1790663100,0.02429,0.02433,0.02429,0.02432,0.02430,15685.6274,4
1790663160,0.02432,0.02432,0.02432,0.02432,0.00000,0.0,0
1790663220,0.02432,0.02432,0.02432,0.02432,0.00000,0.0,0
1790663280,0.02432,0.02432,0.02432,0.02432,0.02432,7632.52435,1
1790663340,0.02434,0.02434,0.02424,0.02426,0.02427,154161.28957,22
1790663400,0.02426,0.0243,0.02426,0.02427,0.02427,186201.77442,45
1790663460,0.02429,0.02429,0.02429,0.02429,0.02429,20738.5429,3
1790663520,0.02438,0.02441,0.02438,0.02441,0.02438,12417.6199,2
1790663580,0.0244,0.02441,0.02433,0.02433,0.02438,22782.2092,12
1790663640,0.0243,0.0243,0.02428,0.02428,0.02428,14379.0512,5
1790663700,0.02428,0.02428,0.02428,0.02428,0.02428,5325.5387,2
1790663760,0.02428,0.02428,0.02428,0.02428,0.00000,0.0,0
1790663820,0.02426,0.02426,0.02426,0.02426,0.02426,4922.1208,1
1790663880,0.02425,0.02433,0.02425,0.02433,0.02427,35358.37996,7
1790663940,0.02434,0.02436,0.02433,0.02433,0.02434,23035.85954,9
1790664000,0.02433,0.02433,0.02433,0.02433,0.00000,0.0,0
1790664060,0.02432,0.02433,0.02432,0.02433,0.02432,11711.24608,2
1790664120,0.02433,0.02433,0.02433,0.02433,0.00000,0.0,0
1790664180,0.02433,0.02433,0.02433,0.02433,0.02433,403.4179,1
1790664240,0.02436,0.02441,0.02436,0.02441,0.02437,16305.1386,6
1790664300,0.02441,0.02441,0.02441,0.02441,0.00000,0.0,0
1790664360,0.02437,0.02439,0.02437,0.02439,0.02438,1729.8457,2
1790664420,0.02439,0.02441,0.02439,0.02441,0.02440,10888.75478,3
1790664480,0.02441,0.02441,0.02441,0.02441,0.00000,0.0,0
1790664540,0.02442,0.02442,0.02442,0.02442,0.02442,1582.1009,1
1790664600,0.02442,0.02442,0.02442,0.02442,0.00000,0.0,0
1790664660,0.02436,0.02436,0.02436,0.02436,0.02436,3311.7735,3
1790664720,0.02441,0.02463,0.02441,0.02463,0.02451,135229.05705,36
1790664780,0.02463,0.02466,0.02463,0.02466,0.02463,8308.27397,4
1790664840,0.02468,0.02476,0.02468,0.02476,0.02473,30820.74367,7
1790664900,0.02482,0.02482,0.02482,0.02482,0.02482,9183.435,1
1790664960,0.0248,0.0248,0.02479,0.02479,0.02479,15383.4179,3
1790665020,0.02483,0.02487,0.02483,0.02486,0.02485,28860.0835,5
1790665080,0.02491,0.02492,0.02491,0.02492,0.02491,6403.4179,2
1790665140,0.02491,0.02493,0.02491,0.02493,0.02492,18890.90037,4
1790665200,0.02481,0.02481,0.02481,0.02481,0.02481,7989.4764,4
1790665260,0.02485,0.02494,0.02485,0.02487,0.02490,19687.2629,6
1790665320,0.02487,0.02487,0.02485,0.02485,0.02485,16578.6115,4
1790665380,0.02493,0.02493,0.02493,0.02493,0.02493,7171.875,2
1790665440,0.02495,0.02496,0.02495,0.02496,0.02495,18600.718,9
1790665500,0.02495,0.02495,0.02493,0.02493,0.02493,13011.51272,4
1790665560,0.02499,0.02499,0.02499,0.02499,0.02499,403.4179,1
1790665620,0.02502,0.02502,0.02499,0.02499,0.02500,806.8358,2
1790665680,0.02499,0.02499,0.02499,0.02499,0.00000,0.0,0
1790665740,0.02499,0.02499,0.02499,0.02499,0.02499,8050.29639,2
1790665800,0.02495,0.02495,0.02495,0.02495,0.02495,403.4179,1
1790665860,0.025,0.02502,0.025,0.02502,0.02501,7171.875,3
1790665920,0.02502,0.02502,0.02502,0.02502,0.02502,8186.6611,2
1790665980,0.025,0.025,0.025,0.025,0.02500,403.4179,1
1790666040,0.02507,0.02507,0.02506,0.02506,0.02506,806.8358,2
1790666100,0.02505,0.02505,0.02505,0.02505,0.02505,403.4179,1
1790666160,0.02503,0.02503,0.02503,0.02503,0.02503,5753.671,1
1790666220,0.02509,0.02509,0.02509,0.02509,0.02509,255.1388,1
1790666280,0.02507,0.02507,0.025,0.025,0.02500,5728.9566,4
1790666340,0.02502,0.02502,0.02502,0.02502,0.02502,1878.4972,1
1790666400,0.02502,0.02502,0.02502,0.02502,0.00000,0.0,0
1790666460,0.02502,0.02502,0.02502,0.02502,0.00000,0.0,0
1790666520,0.02502,0.02502,0.02502,0.02502,0.00000,0.0,0
1790666580,0.02502,0.02502,0.02502,0.02502,0.00000,0.0,0
1790666640,0.02501,0.02501,0.02501,0.02501,0.02501,4922.1208,2
1790666700,0.02501,0.02501,0.02501,0.02501,0.00000,0.0,0
1790666760,0.02501,0.02501,0.02501,0.02501,0.00000,0.0,0
1790666820,0.025,0.02504,0.025,0.02504,0.02503,5184.6679,2
1790666880,0.02504,0.02504,0.02504,0.02504,0.00000,0.0,0
1790666940,0.02504,0.02504,0.02504,0.02504,0.00000,0.0,0
1790667000,0.02504,0.02504,0.02504,0.02504,0.00000,0.0,0
1790667060,0.02517,0.02517,0.02517,0.02517,0.02517,18650.53594,3
1790667120,0.02517,0.02517,0.02517,0.02517,0.00000,0.0,0
1790667180,0.02517,0.02517,0.02517,0.02517,0.00000,0.0,0
1790667240,0.02523,0.02523,0.02523,0.02523,0.02523,403.4179,1
1790667300,0.02521,0.02521,0.02521,0.02521,0.02521,9194.0989,3
1790667360,0.02521,0.02521,0.02521,0.02521,0.00000,0.0,0
1790667420,0.02527,0.02528,0.02527,0.02528,0.02527,1210.2537,3
1790667480,0.02528,0.02528,0.02528,0.02528,0.00000,0.0,0
1790667540,0.02531,0.02532,0.02531,0.02532,0.02531,7910.53606,3
1790667600,0.02532,0.02532,0.02532,0.02532,0.00000,0.0,0
1790667660,0.02528,0.0253,0.02528,0.0253,0.02528,8540.30071,2
1790667720,0.0253,0.0253,0.0253,0.0253,0.00000,0.0,0
1790667780,0.0253,0.0253,0.0253,0.0253,0.02530,403.4179,1
1790667840,0.0253,0.0253,0.0253,0.0253,0.00000,0.0,0
1790667900,0.0253,0.0253,0.0253,0.0253,0.00000,0.0,0
1790667960,0.02529,0.02529,0.02527,0.02527,0.02528,3865.1137,3
1790668020,0.02527,0.02527,0.02527,0.02527,0.00000,0.0,0
1790668080,0.02527,0.02527,0.02527,0.02527,0.00000,0.0,0
1790668140,0.02523,0.02523,0.02523,0.02523,0.02523,8236.86363,1
1790668200,0.02523,0.02523,0.02523,0.02523,0.00000,0.0,0
1790668260,0.02523,0.02523,0.02523,0.02523,0.00000,0.0,0
1790668320,0.02526,0.02526,0.02525,0.02525,0.02525,3522.1144,4
1790668380,0.02525,0.02525,0.02525,0.02525,0.00000,0.0,0
1790668440,0.02525,0.02525,0.02525,0.02525,0.00000,0.0,0
1790668500,0.02515,0.02516,0.02515,0.02516,0.02515,29054.61019,4
1790668560,0.02516,0.02516,0.02516,0.02516,0.02516,4883.37334,2
1790668620,0.02516,0.02516,0.02516,0.02516,0.00000,0.0,0
1790668680,0.02521,0.02521,0.02519,0.02519,0.02520,9842.64794,3
1790668740,0.02519,0.02519,0.02519,0.02519,0.00000,0.0,0
1790668800,0.02525,0.02525,0.02525,0.02525,0.02525,4222.11814,2
1790668860,0.02519,0.02519,0.02519,0.02519,0.02519,2390.625,1
1790668920,0.02519,0.02519,0.02519,0.02519,0.00000,0.0,0
1790668980,0.02519,0.02519,0.02519,0.02519,0.00000,0.0,0
1790669040,0.0252,0.0252,0.0252,0.0252,0.02520,8293.10217,1
1790669100,0.0252,0.0252,0.0252,0.0252,0.00000,0.0,0
1790669160,0.0252,0.0252,0.0252,0.0252,0.00000,0.0,0
1790669220,0.0252,0.0252,0.0252,0.0252,0.00000,0.0,0
1790669280,0.02511,0.02511,0.0251,0.0251,0.02510,665.9179,2
1790669340,0.02513,0.02513,0.02513,0.02513,0.02513,7460.3648,2
1790669400,0.02517,0.02517,0.02516,0.02516,0.02516,16396.9166,2
1790669460,0.02516,0.02516,0.02516,0.02516,0.00000,0.0,0
1790669520,0.02518,0.0252,0.02518,0.02518,0.02518,38152.41279,10
1790669580,0.02515,0.02515,0.02511,0.02513,0.02513,46440.752,13
1790669640,0.02513,0.02513,0.02513,0.02513,0.02513,3979.3076,1
1790669700,0.02513,0.02513,0.02513,0.02513,0.02513,9985.475,2
1790669760,0.02515,0.02518,0.02515,0.02517,0.02516,3039.91698,4
1790669820,0.02517,0.02517,0.02517,0.02517,0.00000,0.0,0
1790669880,0.02517,0.02517,0.02517,0.02517,0.00000,0.0,0
1790669940,0.02509,0.02509,0.02509,0.02509,0.02509,403.4179,1
1790670000,0.0251,0.0251,0.0251,0.0251,0.02510,4922.1208,3
1790670060,0.02512,0.02512,0.02512,0.02512,0.02512,9707.67191,2
1790670120,0.02512,0.02512,0.02512,0.02512,0.00000,0.0,0
1790670180,0.02506,0.02506,0.02506,0.02506,0.02506,4922.1208,1
1790670240,0.02506,0.02506,0.02506,0.02506,0.00000,0.0,0
1790670300,0.02506,0.02506,0.02506,0.02506,0.00000,0.0,0
1790670360,0.02506,0.02506,0.02506,0.02506,0.00000,0.0,0
1790670420,0.02506,0.02506,0.02506,0.02506,0.00000,0.0,0
1790670480,0.02506,0.02506,0.02506,0.02506,0.02506,3186.39765,2
1790670540,0.02506,0.02506,0.02506,0.02506,0.00000,0.0,0
1790670600,0.025,0.025,0.025,0.025,0.02500,5588.0387,3
1790670660,0.025,0.025,0.02498,0.02498,0.02498,26661.44331,7
1790670720,0.02498,0.02498,0.02498,0.02498,0.00000,0.0,0
1790670780,0.02494,0.02494,0.02494,0.02494,0.02494,802.6515,1
1790670840,0.02491,0.02492,0.0249,0.0249,0.02490,6129.9574,4
1790670900,0.02492,0.02492,0.02492,0.02492,0.02492,8178.45236,1
1790670960,0.0249,0.0249,0.0249,0.0249,0.02490,4015.95804,1
1790671020,0.0249,0.0249,0.0249,0.0249,0.00000,0.0,0
1790671080,0.02483,0.02483,0.02483,0.02483,0.02483,2111.2534,2
1790671140,0.02484,0.02484,0.02484,0.02484,0.02484,2390.625,1
1790671200,0.02484,0.02484,0.02484,0.02484,0.02484,4025.71165,1
1790671260,0.02484,0.02484,0.02484,0.02484,0.00000,0.0,0
1790671320,0.02479,0.02479,0.02479,0.02479,0.02479,1270.96814,2
1790671380,0.0248,0.0248,0.0248,0.0248,0.02480,403.4179,1
1790671440,0.0248,0.0248,0.0248,0.0248,0.00000,0.0,0
1790671500,0.0248,0.0248,0.0248,0.0248,0.00000,0.0,0
1790671560,0.0248,0.0248,0.0248,0.0248,0.02480,7171.875,1
1790671620,0.0248,0.0248,0.0248,0.0248,0.00000,0.0,0
1790671680,0.0248,0.0248,0.0248,0.0248,0.00000,0.0,0
1790671740,0.0248,0.0248,0.0248,0.0248,0.00000,0.0,0
1790671800,0.02486,0.02492,0.02486,0.02492,0.02488,16667.52956,6
1790671860,0.02492,0.02492,0.02492,0.02492,0.00000,0.0,0
1790671920,0.02487,0.02487,0.02487,0.02487,0.02487,7796.6268,2
1790671980,0.02487,0.02487,0.02487,0.02487,0.00000,0.0,0
1790672040,0.02487,0.02487,0.02487,0.02487,0.00000,0.0,0
1790672100,0.02487,0.02487,0.02487,0.02487,0.00000,0.0,0
1790672160,0.02491,0.02491,0.02491,0.02491,0.02491,5325.5387,2
1790672220,0.02491,0.02491,0.02491,0.02491,0.00000,0.0,0
1790672280,0.02491,0.02491,0.02491,0.02491,0.00000,0.0,0
1790672340,0.02491,0.02491,0.02491,0.02491,0.00000,0.0,0
1790672400,0.02493,0.02493,0.02493,0.02493,0.02493,4922.1208,2
1790672460,0.025,0.02508,0.025,0.02503,0.02505,37403.76564,10
1790672520,0.02503,0.02503,0.02501,0.02503,0.02501,12132.3745,7
1790672580,0.02504,0.02504,0.02501,0.02501,0.02502,16421.885,4
1790672640,0.02501,0.02501,0.02501,0.02501,0.00000,0.0,0
1790672700,0.02508,0.02508,0.02508,0.02508,0.02508,403.4179,1
1790672760,0.02507,0.02513,0.02507,0.02513,0.02509,35461.97087,4
1790672820,0.02511,0.02511,0.02511,0.02511,0.02511,8821.5439,2
1790672880,0.02505,0.02505,0.02505,0.02505,0.02505,9844.2416,2
1790672940,0.02505,0.02505,0.02505,0.02505,0.00000,0.0,0
1790673000,0.02505,0.02505,0.02505,0.02505,0.00000,0.0,0
1790673060,0.02505,0.02505,0.02505,0.02505,0.00000,0.0,0
1790673120,0.02505,0.02505,0.02505,0.02505,0.02505,544.3358,1
1790673180,0.02505,0.02505,0.02505,0.02505,0.00000,0.0,0
1790673240,0.02505,0.02505,0.02505,0.02505,0.02505,6665.0943,1
1790673300,0.02503,0.02503,0.02503,0.02503,0.02503,8885.93606,2
1790673360,0.02503,0.02503,0.02503,0.02503,0.00000,0.0,0
1790673420,0.02503,0.02503,0.02503,0.02503,0.00000,0.0,0
1790673480,0.0251,0.02515,0.0251,0.02515,0.02512,20920.42548,4
1790673540,0.02515,0.02515,0.02515,0.02515,0.00000,0.0,0
1790673600,0.02516,0.02518,0.02515,0.02515,0.02516,34207.93446,9
1790673660,0.02517,0.02517,0.02514,0.02514,0.02514,9604.92658,2
1790673720,0.02514,0.02514,0.02514,0.02514,0.00000,0.0,0
1790673780,0.02513,0.02513,0.02513,0.02513,0.02513,9679.3634,1
1790673840,0.02513,0.02513,0.02513,0.02513,0.00000,0.0,0
1790673900,0.02516,0.02516,0.02514,0.02514,0.02514,14835.73713,2
1790673960,0.02514,0.02514,0.02514,0.02514,0.00000,0.0,0
1790674020,0.02514,0.02514,0.02514,0.02514,0.00000,0.0,0
1790674080,0.02519,0.02519,0.02519,0.02519,0.02519,9873.70255,2
1790674140,0.02519,0.02519,0.02519,0.02519,0.00000,0.0,0
1790674200,0.02519,0.02519,0.02519,0.02519,0.00000,0.0,0
1790674260,0.02519,0.02519,0.02519,0.02519,0.00000,0.0,0
1790674320,0.02519,0.02519,0.02519,0.02519,0.00000,0.0,0
1790674380,0.02519,0.02519,0.02519,0.02519,0.00000,0.0,0
1790674440,0.02519,0.02519,0.02519,0.02519,0.00000,0.0,0
1790674500,0.02527,0.02527,0.02527,0.02527,0.02527,6119.0329,2
1790674560,0.02527,0.02527,0.02527,0.02527,0.00000,0.0,0
1790674620,0.02527,0.02527,0.02527,0.02527,0.00000,0.0,0
1790674680,0.02527,0.02527,0.02527,0.02527,0.00000,0.0,0
1790674740,0.02534,0.02534,0.02534,0.02534,0.02534,403.4179,1
1790674800,0.02534,0.02534,0.02534,0.02534,0.00000,0.0,0
1790674860,0.02537,0.02537,0.02536,0.02536,0.02536,5184.6679,3
1790674920,0.02536,0.02536,0.02536,0.02536,0.00000,0.0,0
1790674980,0.02538,0.02538,0.02538,0.02538,0.02538,5823.92775,1
1790675040,0.02539,0.02541,0.02539,0.02541,0.02539,140170.69283,12
1790675100,0.02541,0.02541,0.02541,0.02541,0.00000,0.0,0
1790675160,0.02541,0.02541,0.02541,0.02541,0.00000,0.0,0
1790675220,0.02547,0.02547,0.02547,0.02547,0.02547,7119.6363,1
1790675280,0.02557,0.02557,0.02556,0.02556,0.02556,29163.258,3
1790675340,0.02554,0.02566,0.02554,0.02566,0.02559,175204.4679,10
1790675400,0.02569,0.02573,0.02569,0.02573,0.02569,159939.59812,23
1790675460,0.02567,0.0257,0.02567,0.0257,0.02568,28950.98155,5
1790675520,0.02569,0.0257,0.02568,0.0257,0.02568,33130.28836,4
1790675580,0.02572,0.02572,0.0257,0.0257,0.02571,16444.3302,2
1790675640,0.02573,0.02573,0.02573,0.02573,0.02573,10278.53966,2
1790675700,0.02579,0.02583,0.02575,0.02575,0.02578,62335.81148,13
1790675760,0.02574,0.02574,0.02574,0.02574,0.02574,8407.5935,1
1790675820,0.02568,0.02572,0.02568,0.02572,0.02571,5325.5387,2
1790675880,0.02571,0.02571,0.0257,0.0257,0.02570,12669.90284,2
1790675940,0.02564,0.02564,0.0256,0.0256,0.02562,52592.93398,12
1790676000,0.02559,0.02559,0.02559,0.02559,0.02559,262.5,1
1790676060,0.02559,0.02559,0.02559,0.02559,0.00000,0.0,0
1790676120,0.02554,0.02554,0.02554,0.02554,0.02554,9188.89923,2
1790676180,0.02553,0.02553,0.02553,0.02553,0.02553,403.4179,1
1790676240,0.02547,0.02548,0.02546,0.02546,0.02546,37321.77922,10
1790676300,0.02557,0.02557,0.02556,0.02556,0.02556,26877.01669,2
1790676360,0.02556,0.02556,0.02556,0.02556,0.00000,0.0,0
1790676420,0.02554,0.02554,0.02554,0.02554,0.02554,5361.3916,2
1790676480,0.02554,0.02554,0.02554,0.02554,0.02554,9542.0002,1
1790676540,0.02554,0.02554,0.02554,0.02554,0.00000,0.0,0
1790676600,0.02554,0.02554,0.02554,0.02554,0.00000,0.0,0
1790676660,0.02554,0.02554,0.02554,0.02554,0.00000,0.0,0
1790676720,0.02553,0.02553,0.02553,0.02553,0.02553,4533.55713,2
1790676780,0.02553,0.02553,0.02553,0.02553,0.00000,0.0,0
1790676840,0.02552,0.02552,0.02552,0.02552,0.02552,799.68153,2
1790676900,0.02552,0.02552,0.02552,0.02552,0.00000,0.0,0
1790676960,0.02553,0.02553,0.02552,0.02552,0.02552,1617.19852,3
1790677020,0.02552,0.02552,0.02552,0.02552,0.00000,0.0,0
1790677080,0.02552,0.02552,0.02552,0.02552,0.00000,0.0,0
1790677140,0.02552,0.02552,0.02552,0.02552,0.00000,0.0,0
1790677200,0.02552,0.02552,0.02552,0.02552,0.00000,0.0,0
1790677260,0.02549,0.02549,0.02543,0.02543,0.02548,15581.9016,3
1790677320,0.02543,0.02543,0.02543,0.02543,0.00000,0.0,0
1790677380,0.02543,0.02543,0.02543,0.02543,0.00000,0.0,0
1790677440,0.02543,0.02543,0.02543,0.02543,0.00000,0.0,0
1790677500,0.0255,0.02553,0.0255,0.02553,0.02551,8665.15143,4
1790677560,0.02553,0.02553,0.02553,0.02553,0.02553,403.4179,1
1790677620,0.02551,0.02551,0.02551,0.02551,0.02551,9551.9565,1
1790677680,0.02551,0.02551,0.02551,0.02551,0.00000,0.0,0
1790677740,0.02551,0.02551,0.02551,0.02551,0.00000,0.0,0
1790677800,0.02551,0.02551,0.02551,0.02551,0.00000,0.0,0
1790677860,0.02551,0.02551,0.02551,0.02551,0.00000,0.0,0
1790677920,0.02552,0.02554,0.02552,0.02554,0.02552,7210.92755,2
1790677980,0.02554,0.02554,0.02554,0.02554,0.00000,0.0,0
1790678040,0.02554,0.02554,0.02554,0.02554,0.00000,0.0,0
1790678100,0.02553,0.02553,0.02553,0.02553,0.02553,7233.5706,2
1790678160,0.02554,0.02554,0.02554,0.02554,0.02554,3534.88037,1
1790678220,0.02553,0.02553,0.02548,0.02548,0.02552,7736.3185,2
1790678280,0.02548,0.02548,0.02548,0.02548,0.00000,0.0,0
1790678340,0.02548,0.02548,0.02548,0.02548,0.00000,0.0,0
1790678400,0.02547,0.02547,0.02547,0.02547,0.02547,403.4179,1
1790678460,0.02547,0.02547,0.02547,0.02547,0.00000,0.0,0
1790678520,0.02547,0.02547,0.02547,0.02547,0.02547,7890.97684,2
1790678580,0.02546,0.02546,0.02546,0.02546,0.02546,9014.07479,5
1790678640,0.02546,0.02546,0.02546,0.02546,0.00000,0.0,0
1790678700,0.02546,0.02546,0.02546,0.02546,0.00000,0.0,0
1790678760,0.02546,0.02546,0.02546,0.02546,0.00000,0.0,0
1790678820,0.02558,0.02558,0.02557,0.02557,0.02557,806.8358,2
1790678880,0.02558,0.02558,0.02558,0.02558,0.02558,458.9424,1
1790678940,0.02559,0.02559,0.02559,0.02559,0.02559,2204.09847,2
1790679000,0.02559,0.02559,0.02559,0.02559,0.00000,0.0,0
1790679060,0.02559,0.02559,0.02559,0.02559,0.00000,0.0,0
1790679120,0.02559,0.02559,0.02559,0.02559,0.00000,0.0,0
1790679180,0.02558,0.02559,0.02558,0.02559,0.02558,14705.77113,3
1790679240,0.02559,0.02559,0.02559,0.02559,0.00000,0.0,0
1790679300,0.02559,0.02559,0.02559,0.02559,0.00000,0.0,0
1790679360,0.02559,0.02559,0.02559,0.02559,0.00000,0.0,0
1790679420,0.02559,0.02559,0.02559,0.02559,0.00000,0.0,0
1790679480,0.02559,0.02559,0.02559,0.02559,0.00000,0.0,0
1790679540,0.02559,0.02559,0.02559,0.02559,0.00000,0.0,0
1790679600,0.02548,0.02548,0.02548,0.02548,0.02548,9675.096,3
1790679660,0.02548,0.02548,0.02548,0.02548,0.00000,0.0,0
1790679720,0.02541,0.02541,0.02534,0.02534,0.02539,10351.69379,8
1790679780,0.02534,0.02534,0.02534,0.02534,0.00000,0.0,0
1790679840,0.02534,0.02534,0.02534,0.02534,0.00000,0.0,0
1790679900,0.02537,0.02539,0.02537,0.02539,0.02538,31905.82436,6
1790679960,0.02544,0.02544,0.02544,0.02544,0.02544,7803.2184,2
1790680020,0.02544,0.02544,0.02544,0.02544,0.00000,0.0,0
1790680080,0.02536,0.02536,0.02536,0.02536,0.02536,1213.5324,1
1790680140,0.02536,0.02536,0.02536,0.02536,0.00000,0.0,0
1790680200,0.0253,0.0253,0.02529,0.02529,0.02529,603.4179,2
1790680260,0.02529,0.02529,0.02529,0.02529,0.00000,0.0,0
1790680320,0.02529,0.02529,0.02529,0.02529,0.00000,0.0,0
1790680380,0.02529,0.02529,0.02529,0.02529,0.00000,0.0,0
1790680440,0.02529,0.02529,0.02529,0.02529,0.00000,0.0,0
1790680500,0.02529,0.02529,0.02529,0.02529,0.00000,0.0,0
1790680560,0.02529,0.02529,0.02529,0.02529,0.00000,0.0,0
1790680620,0.02529,0.02529,0.02529,0.02529,0.00000,0.0,0
1790680680,0.02529,0.02529,0.02529,0.02529,0.00000,0.0,0
1790680740,0.02534,0.02534,0.02534,0.02534,0.02534,403.4179,1
1790680800,0.02534,0.02534,0.02534,0.02534,0.00000,0.0,0
1790680860,0.02534,0.02534,0.02534,0.02534,0.00000,0.0,0
1790680920,0.02534,0.02534,0.02534,0.02534,0.00000,0.0,0
1790680980,0.02534,0.02534,0.02534,0.02534,0.00000,0.0,0
1790681040,0.02534,0.02534,0.02534,0.02534,0.00000,0.0,0
1790681100,0.02534,0.02534,0.02534,0.02534,0.00000,0.0,0
1790681160,0.02535,0.02535,0.02535,0.02535,0.02535,403.4179,1
1790681220,0.02537,0.02537,0.02536,0.02536,0.02536,15426.37664,4
1790681280,0.02536,0.02536,0.02536,0.02536,0.00000,0.0,0
1790681340,0.02536,0.02536,0.02536,0.02536,0.00000,0.0,0
1790681400,0.02536,0.02536,0.02536,0.02536,0.00000,0.0,0
1790681460,0.02537,0.02537,0.02537,0.02537,0.02537,403.4179,1
1790681520,0.02546,0.02546,0.02546,0.02546,0.02546,261.7307,1
1790681580,0.02546,0.02546,0.02546,0.02546,0.00000,0.0,0
1790681640,0.02546,0.02546,0.02546,0.02546,0.00000,0.0,0
1790681700,0.02557,0.02557,0.02557,0.02557,0.02557,9019.25077,1
1790681760,0.02557,0.02557,0.02557,0.02557,0.00000,0.0,0
1790681820,0.02549,0.02549,0.02549,0.02549,0.02549,8885.30791,1
1790681880,0.02551,0.02551,0.02551,0.02551,0.02551,7619.19299,2
1790681940,0.02551,0.02551,0.02551,0.02551,0.00000,0.0,0
1790682000,0.02551,0.02551,0.02551,0.02551,0.00000,0.0,0
1790682060,0.02551,0.02551,0.02551,0.02551,0.00000,0.0,0
1790682120,0.02551,0.02551,0.02551,0.02551,0.00000,0.0,0
1790682180,0.02551,0.02551,0.02551,0.02551,0.00000,0.0,0
1790682240,0.02548,0.02548,0.02542,0.02542,0.02546,38012.87481,9
1790682300,0.02542,0.02542,0.02542,0.02542,0.00000,0.0,0
1790682360,0.02542,0.02542,0.02542,0.02542,0.00000,0.0,0
1790682420,0.0255,0.02559,0.0255,0.02555,0.02552,74825.98285,13
1790682480,0.02554,0.02556,0.02554,0.02554,0.02554,27492.8759,5
1790682540,0.02548,0.02548,0.02548,0.02548,0.02548,9919.3775,1
1790682600,0.02558,0.02558,0.02558,0.02558,0.02558,4715.10853,1
1790682660,0.02554,0.02554,0.02553,0.02553,0.02553,10185.53686,4
1790682720,0.02557,0.0256,0.02557,0.02557,0.02558,1210.2537,3
1790682780,0.02557,0.02557,0.02557,0.02557,0.00000,0.0,0
1790682840,0.02552,0.02553,0.02552,0.02553,0.02552,6951.75703,2
1790682900,0.02558,0.02558,0.02558,0.02558,0.02558,4922.1208,1
1790682960,0.02558,0.02558,0.02558,0.02558,0.00000,0.0,0
1790683020,0.02558,0.02558,0.02558,0.02558,0.00000,0.0,0
1790683080,0.0256,0.0256,0.0256,0.0256,0.02560,8538.24524,3
1790683140,0.02555,0.02555,0.02555,0.02555,0.02555,403.4179,1
1790683200,0.02551,0.02561,0.02543,0.02543,0.02553,79428.26481,23
1790683260,0.02543,0.02543,0.02543,0.02543,0.00000,0.0,0
1790683320,0.0256,0.0256,0.0256,0.0256,0.02560,9097.01628,2
1790683380,0.02564,0.02564,0.02564,0.02564,0.02564,403.4179,1
1790683440,0.02564,0.02564,0.02564,0.02564,0.00000,0.0,0
1790683500,0.02558,0.02562,0.02558,0.02562,0.02561,25890.9631,7
1790683560,0.02569,0.02569,0.02565,0.02565,0.02568,10837.99186,2
1790683620,0.02567,0.0257,0.02567,0.02569,0.02568,13953.87968,4
1790683680,0.02576,0.02576,0.02574,0.02574,0.02574,19169.26643,7
1790683740,0.02568,0.02568,0.02568,0.02568,0.02568,403.4179,1
1790683800,0.02568,0.02568,0.02568,0.02568,0.00000,0.0,0
1790683860,0.02568,0.02568,0.02568,0.02568,0.00000,0.0,0
1790683920,0.02568,0.02568,0.02568,0.02568,0.00000,0.0,0
1790683980,0.02568,0.02568,0.02568,0.02568,0.00000,0.0,0
1790684040,0.02569,0.02569,0.02569,0.02569,0.02569,7481.3685,1
1790684100,0.02569,0.02569,0.02569,0.02569,0.00000,0.0,0
1790684160,0.02569,0.02569,0.02569,0.02569,0.00000,0.0,0
1790684220,0.02579,0.02579,0.02579,0.02579,0.02579,403.4179,1
1790684280,0.02579,0.02579,0.02577,0.02577,0.02577,10127.4751,3
1790684340,0.02577,0.02577,0.02577,0.02577,0.00000,0.0,0
1790684400,0.02577,0.02577,0.02577,0.02577,0.00000,0.0,0
1790684460,0.02571,0.02571,0.0257,0.0257,0.02570,28536.17804,6
1790684520,0.02563,0.02563,0.02563,0.02563,0.02563,9395.9591,2
1790684580,0.02564,0.02567,0.02564,0.02567,0.02564,9859.5624,4
1790684640,0.02562,0.02562,0.02562,0.02562,0.02562,8332.39783,1
1790684700,0.02562,0.02562,0.02562,0.02562,0.00000,0.0,0
1790684760,0.02562,0.02562,0.02562,0.02562,0.00000,0.0,0
1790684820,0.02562,0.02562,0.02562,0.02562,0.00000,0.0,0
1790684880,0.02562,0.02562,0.02562,0.02562,0.00000,0.0,0
1790684940,0.02562,0.02562,0.02562,0.02562,0.00000,0.0,0
1790685000,0.02564,0.02564,0.02564,0.02564,0.02564,403.4179,1
1790685060,0.02563,0.02563,0.02559,0.02559,0.02560,14570.78778,3
1790685120,0.02559,0.02559,0.02559,0.02559,0.00000,0.0,0
1790685180,0.02564,0.02564,0.02564,0.02564,0.02564,806.8358,1
1790685240,0.02564,0.02566,0.02564,0.02566,0.02564,9852.77614,3
1790685300,0.02566,0.02566,0.02566,0.02566,0.00000,0.0,0
1790685360,0.02569,0.02569,0.02568,0.02568,0.02568,4781.25,2
1790685420,0.02568,0.02568,0.02568,0.02568,0.00000,0.0,0
1790685480,0.02568,0.02568,0.02568,0.02568,0.00000,0.0,0
1790685540,0.02568,0.02568,0.02568,0.02568,0.00000,0.0,0
1790685600,0.02568,0.02568,0.02568,0.02568,0.00000,0.0,0
1790685660,0.02565,0.02566,0.02565,0.02566,0.02565,15940.05619,3
1790685720,0.02574,0.02574,0.02574,0.02574,0.02574,2390.625,1
1790685780,0.02581,0.02581,0.02581,0.02581,0.02581,403.4179,1
1790685840,0.02579,0.02579,0.02579,0.02579,0.02579,10376.3861,2
1790685900,0.0258,0.0258,0.0258,0.0258,0.02580,7699.2762,1
1790685960,0.02571,0.02571,0.02564,0.02564,0.02570,10012.2681,3
1790686020,0.02561,0.02566,0.02561,0.02566,0.02563,15453.69212,4
1790686080,0.02571,0.02572,0.02571,0.02572,0.02571,15210.582,7
1790686140,0.02572,0.02572,0.02572,0.02572,0.00000,0.0,0
1790686200,0.02572,0.02572,0.02572,0.02572,0.00000,0.0,0
1790686260,0.02572,0.02572,0.02572,0.02572,0.00000,0.0,0
1790686320,0.02577,0.02577,0.02577,0.02577,0.02577,403.4179,1
1790686380,0.02574,0.02575,0.02574,0.02574,0.02574,14577.41607,3
1790686440,0.02574,0.02574,0.02574,0.02574,0.00000,0.0,0
1790686500,0.02574,0.02574,0.02574,0.02574,0.00000,0.0,0
1790686560,0.02574,0.02574,0.02574,0.02574,0.00000,0.0,0
1790686620,0.02575,0.02575,0.02575,0.02575,0.02575,403.4179,1
1790686680,0.02575,0.02575,0.02575,0.02575,0.02575,9879.8138,2
1790686740,0.02575,0.02575,0.02575,0.02575,0.00000,0.0,0
1790686800,0.02574,0.02574,0.02573,0.02573,0.02573,3367.3268,3
1790686860,0.02572,0.02572,0.02567,0.02567,0.02571,7361.8829,2
1790686920,0.02575,0.02576,0.02575,0.02576,0.02575,17911.20794,6
1790686980,0.02574,0.02575,0.02574,0.02575,0.02574,14009.23383,6
1790687040,0.02575,0.02575,0.02575,0.02575,0.00000,0.0,0
1790687100,0.02577,0.02577,0.02577,0.02577,0.02577,6981.71122,4
1790687160,0.02574,0.02574,0.02574,0.02574,0.02574,6000.0,3
1790687220,0.02574,0.02574,0.02574,0.02574,0.00000,0.0,0
1790687280,0.02568,0.02568,0.02568,0.02568,0.02568,10085.8073,3
1790687340,0.02568,0.02568,0.02568,0.02568,0.00000,0.0,0
1790687400,0.02574,0.02574,0.02569,0.02569,0.02569,7940.48133,3
1790687460,0.02563,0.02563,0.02563,0.02563,0.02563,262.5,1
1790687520,0.02557,0.02557,0.02556,0.02556,0.02556,8612.9504,4
1790687580,0.02548,0.02548,0.02548,0.02548,0.02548,2676.0986,1
1790687640,0.02553,0.02556,0.02553,0.02553,0.02555,27129.16613,4
1790687700,0.02545,0.02545,0.02545,0.02545,0.02545,403.4179,1
1790687760,0.02549,0.02551,0.02549,0.02551,0.02549,13117.35979,2
1790687820,0.02549,0.02552,0.02549,0.02552,0.02551,9974.47958,2
1790687880,0.02552,0.02552,0.02552,0.02552,0.00000,0.0,0
1790687940,0.02553,0.02553,0.02553,0.02553,0.02553,11187.84193,3
1790688000,0.02553,0.02553,0.02553,0.02553,0.00000,0.0,0
1790688060,0.02545,0.02545,0.02529,0.02538,0.02536,195222.1937,41
1790688120,0.02537,0.02538,0.02532,0.02533,0.02533,63666.16974,18
1790688180,0.02533,0.02533,0.02533,0.02533,0.00000,0.0,0
1790688240,0.02533,0.02533,0.02533,0.02533,0.00000,0.0,0
1790688300,0.02533,0.02533,0.02533,0.02533,0.00000,0.0,0
1790688360,0.02533,0.02533,0.02533,0.02533,0.00000,0.0,0
1790688420,0.02533,0.02533,0.02533,0.02533,0.00000,0.0,0
1790688480,0.02544,0.02544,0.02544,0.02544,0.02544,9454.53784,2
1790688540,0.02542,0.02542,0.02542,0.02542,0.02542,10358.43324,4
1790688600,0.02532,0.02532,0.02525,0.02525,0.02531,10117.95752,3
1790688660,0.02529,0.02529,0.02523,0.02523,0.02527,2678.8694,3
1790688720,0.02523,0.02523,0.02523,0.02523,0.00000,0.0,0
1790688780,0.02522,0.02522,0.02522,0.02522,0.02522,8981.9374,1
1790688840,0.0252,0.0252,0.0252,0.0252,0.02520,2971.1876,2
1790688900,0.02524,0.02524,0.02524,0.02524,0.02524,403.4179,1
1790688960,0.02519,0.0252,0.02519,0.0252,0.02519,22682.76716,4
1790689020,0.0252,0.0252,0.0252,0.0252,0.00000,0.0,0
1790689080,0.0252,0.0252,0.0252,0.0252,0.00000,0.0,0
1790689140,0.02533,0.02533,0.0253,0.0253,0.02530,2652.3504,2
1790689200,0.0253,0.0253,0.02529,0.02529,0.02529,18746.69887,7
1790689260,0.02529,0.02529,0.02529,0.02529,0.00000,0.0,0
1790689320,0.02528,0.02528,0.02528,0.02528,0.02528,403.4179,1
1790689380,0.02532,0.02533,0.02528,0.02528,0.02529,14607.39833,5
1790689440,0.02528,0.02528,0.02528,0.02528,0.00000,0.0,0
1790689500,0.02529,0.02529,0.02529,0.02529,0.02529,7444.2011,2
1790689560,0.02524,0.02524,0.02524,0.02524,0.02524,7444.2011,1
1790689620,0.02522,0.02522,0.02522,0.02522,0.02522,403.4179,1
1790689680,0.02527,0.02527,0.02527,0.02527,0.02527,7064.84506,1
1790689740,0.02527,0.02527,0.02527,0.02527,0.00000,0.0,0
1790689800,0.02526,0.02526,0.02526,0.02526,0.02526,7626.15237,1
1790689860,0.02529,0.02529,0.02528,0.02528,0.02528,34693.41065,5
1790689920,0.02532,0.02534,0.02532,0.02534,0.02533,18010.30148,5
1790689980,0.02534,0.02534,0.02534,0.02534,0.00000,0.0,0
1790690040,0.02534,0.02534,0.02534,0.02534,0.00000,0.0,0
1790690100,0.02537,0.02537,0.02537,0.02537,0.02537,9251.488,2
1790690160,0.02537,0.02537,0.02537,0.02537,0.00000,0.0,0
1790690220,0.02534,0.02534,0.02534,0.02534,0.02534,7892.65985,3
1790690280,0.02534,0.02534,0.02534,0.02534,0.00000,0.0,0
1790690340,0.02534,0.02534,0.02534,0.02534,0.00000,0.0,0
1790690400,0.02533,0.02533,0.02533,0.02533,0.02533,1709.9826,1
1790690460,0.02524,0.02524,0.0252,0.0252,0.02520,14731.95331,3
1790690520,0.02514,0.02514,0.0251,0.0251,0.02510,14780.94562,5
1790690580,0.02511,0.02511,0.02511,0.02511,0.02511,2390.625,1
1790690640,0.02512,0.02513,0.02512,0.02513,0.02512,7563.3398,2
1790690700,0.02513,0.02513,0.02512,0.02512,0.02512,12203.719,3
1790690760,0.02509,0.02509,0.02508,0.02508,0.02508,652.26015,2
1790690820,0.02502,0.02502,0.02501,0.02501,0.02501,806.8358,2
1790690880,0.02501,0.02501,0.02501,0.02501,0.00000,0.0,0
1790690940,0.025,0.025,0.02493,0.02497,0.02497,91526.46166,28
1790691000,0.02497,0.02498,0.02491,0.02497,0.02496,63938.60299,23
1790691060,0.02497,0.02497,0.02497,0.02497,0.00000,0.0,0
1790691120,0.02497,0.02497,0.02497,0.02497,0.00000,0.0,0
1790691180,0.02497,0.02499,0.02497,0.02499,0.02498,3434.4221,2
1790691240,0.02499,0.02499,0.02499,0.02499,0.00000,0.0,0
1790691300,0.02498,0.02498,0.02498,0.02498,0.02498,2390.625,1
1790691360,0.02493,0.02493,0.02493,0.02493,0.02493,403.4179,1
1790691420,0.02503,0.02503,0.02503,0.02503,0.02503,3721.331,2
1790691480,0.02503,0.02503,0.02503,0.02503,0.00000,0.0,0
1790691540,0.02515,0.02518,0.02515,0.02518,0.02515,13886.3591,7
1790691600,0.02517,0.02517,0.0251,0.02511,0.02512,28135.05195,11
1790691660,0.02511,0.02511,0.02511,0.02511,0.00000,0.0,0
1790691720,0.02511,0.02511,0.02511,0.02511,0.00000,0.0,0
1790691780,0.02511,0.02512,0.02509,0.02512,0.02510,18358.73465,9
1790691840,0.02512,0.02512,0.02512,0.02512,0.00000,0.0,0
1790691900,0.02529,0.02529,0.02524,0.02524,0.02524,9350.7082,3
1790691960,0.02534,0.02534,0.02534,0.02534,0.02534,665.14371,2
1790692020,0.02534,0.02534,0.02534,0.02534,0.00000,0.0,0
1790692080,0.02532,0.02535,0.02532,0.02534,0.02532,41741.97502,12
1790692140,0.02533,0.02533,0.02533,0.02533,0.02533,17408.60639,1
1790692200,0.02533,0.02533,0.02533,0.02533,0.00000,0.0,0
1790692260,0.0254,0.02541,0.0254,0.02541,0.02540,28912.87164,8
1790692320,0.02545,0.02545,0.02545,0.02545,0.02545,9999.9313,3
1790692380,0.02541,0.02545,0.02541,0.02545,0.02542,82398.35206,8
1790692440,0.02545,0.02545,0.02545,0.02545,0.02545,7171.875,1
1790692500,0.0254,0.02544,0.0254,0.02544,0.02541,49396.6657,7
1790692560,0.02534,0.02534,0.02534,0.02534,0.02534,421.2208,1
1790692620,0.02534,0.02534,0.02534,0.02534,0.00000,0.0,0
1790692680,0.02543,0.02543,0.02543,0.02543,0.02543,2390.625,1
1790692740,0.02544,0.02544,0.02542,0.02542,0.02543,25563.96727,4
1790692800,0.02545,0.02545,0.02545,0.02545,0.02545,1781.1214,1
1790692860,0.02543,0.02543,0.02543,0.02543,0.02543,9169.0178,1
1790692920,0.02543,0.02543,0.02543,0.02543,0.00000,0.0,0
1790692980,0.02543,0.02543,0.02543,0.02543,0.00000,0.0,0
1790693040,0.02541,0.02541,0.02539,0.02539,0.02540,7588.8707,3
1790693100,0.02539,0.02539,0.02539,0.02539,0.00000,0.0,0
1790693160,0.02549,0.02549,0.02549,0.02549,0.02549,4100.6492,1
1790693220,0.02549,0.02549,0.02549,0.02549,0.00000,0.0,0
1790693280,0.02544,0.02546,0.02544,0.02546,0.02545,19669.28877,5
1790693340,0.02542,0.02542,0.02541,0.02541,0.02541,9029.8462,2
1790693400,0.02529,0.02529,0.02519,0.02519,0.02523,1472.7537,4
1790693460,0.02523,0.0253,0.02519,0.0253,0.02522,108399.55973,23
1790693520,0.0253,0.0253,0.02522,0.02522,0.02526,21797.51252,3
1790693580,0.02524,0.02524,0.02522,0.02522,0.02523,8268.8173,3
1790693640,0.02523,0.02523,0.02521,0.02521,0.02522,10425.64433,3
1790693700,0.02526,0.02526,0.02524,0.02524,0.02524,32957.20287,7
1790693760,0.02525,0.02527,0.02525,0.02527,0.02525,1978.02034,2
1790693820,0.02527,0.02528,0.02527,0.02527,0.02527,19026.54234,7
1790693880,0.02526,0.02526,0.02526,0.02526,0.02526,8504.7964,2
1790693940,0.02526,0.02526,0.02526,0.02526,0.00000,0.0,0
1790694000,0.02526,0.02526,0.02526,0.02526,0.00000,0.0,0
1790694060,0.02511,0.02511,0.02511,0.02511,0.02511,9631.39938,4
1790694120,0.02518,0.02518,0.02518,0.02518,0.02518,9907.47057,3
1790694180,0.0251,0.0251,0.02508,0.02508,0.02509,806.8358,2
1790694240,0.02503,0.02503,0.02503,0.02503,0.02503,2390.625,1
1790694300,0.02498,0.02498,0.02498,0.02498,0.02498,403.4179,1
1790694360,0.02495,0.02495,0.02495,0.02495,0.02495,7495.0153,3
1790694420,0.02503,0.02503,0.02502,0.02502,0.02502,5507.8082,3
1790694480,0.02499,0.02499,0.02499,0.02499,0.02499,8620.21968,4
1790694540,0.02499,0.02499,0.02499,0.02499,0.00000,0.0,0
1790694600,0.02516,0.02516,0.02516,0.02516,0.02516,7147.9826,2
1790694660,0.0251,0.0251,0.02509,0.02509,0.02509,6259.8516,6
1790694720,0.02503,0.02503,0.02503,0.02503,0.02503,4781.25,2
1790694780,0.02483,0.02483,0.02477,0.02477,0.02480,18347.25568,5
1790694840,0.02476,0.02476,0.0247,0.02476,0.02472,129107.37245,33
1790694900,0.02482,0.02482,0.02482,0.02482,0.02482,5640.51756,1
1790694960,0.02483,0.02485,0.02483,0.02484,0.02483,10666.4813,3
1790695020,0.02484,0.02484,0.02484,0.02484,0.00000,0.0,0
1790695080,0.02483,0.02483,0.02483,0.02483,0.02483,4801.7865,3
1790695140,0.02469,0.02469,0.02469,0.02469,0.02469,10044.01834,4
1790695200,0.0247,0.0247,0.0247,0.0247,0.02470,9544.8835,2
1790695260,0.02471,0.02475,0.02471,0.02475,0.02473,22139.07477,4
1790695320,0.02473,0.02473,0.02473,0.02473,0.02473,4700.39257,1
1790695380,0.02471,0.02471,0.02471,0.02471,0.02471,9092.3296,1
1790695440,0.0247,0.0247,0.0247,0.0247,0.02470,403.4179,1
1790695500,0.02468,0.02472,0.02468,0.02472,0.02469,17743.16511,7
1790695560,0.0247,0.0247,0.02467,0.02469,0.02468,20126.46969,5
1790695620,0.02467,0.02467,0.02462,0.02465,0.02463,12498.628,6
1790695680,0.02462,0.02466,0.02462,0.02466,0.02465,10026.01877,2
1790695740,0.0247,0.02475,0.02467,0.02475,0.02470,41612.59812,8
1790695800,0.02477,0.02485,0.02477,0.02481,0.02477,10826.9171,3
1790695860,0.02479,0.02479,0.02479,0.02479,0.02479,403.4179,1
1790695920,0.02479,0.02479,0.02479,0.02479,0.02479,10841.91462,2
1790695980,0.0248,0.02482,0.0248,0.02481,0.02480,24216.28397,7
1790696040,0.02479,0.02479,0.02479,0.02479,0.02479,7553.77697,2
1790696100,0.02479,0.02479,0.02479,0.02479,0.00000,0.0,0
1790696160,0.02481,0.02482,0.02481,0.02482,0.02481,8659.7759,2
1790696220,0.02482,0.02482,0.02482,0.02482,0.00000,0.0,0
1790696280,0.02488,0.02488,0.0248,0.0248,0.02484,4781.25,2
1790696340,0.02486,0.02487,0.02485,0.02485,0.02486,5991.5037,4
1790696400,0.02488,0.02489,0.02488,0.02489,0.02488,16249.33132,4
1790696460,0.02489,0.02489,0.02489,0.02489,0.00000,0.0,0
1790696520,0.02489,0.02489,0.02489,0.02489,0.00000,0.0,0
1790696580,0.0247,0.0247,0.02468,0.02468,0.02469,8886.35086,2
1790696640,0.02468,0.02468,0.02468,0.02468,0.00000,0.0,0
1790696700,0.02471,0.02471,0.02471,0.02471,0.02471,403.4179,1
1790696760,0.02458,0.02458,0.02458,0.02458,0.02458,403.4179,1
1790696820,0.02454,0.02458,0.02454,0.02457,0.02455,10783.387,8
1790696880,0.0246,0.02468,0.0246,0.02468,0.02467,5170.5403,4
1790696940,0.02462,0.02462,0.02462,0.02462,0.02462,9485.9128,1
1790697000,0.02468,0.02468,0.02464,0.02464,0.02466,16752.24223,2
1790697060,0.0246,0.0246,0.02451,0.02452,0.02455,138291.71903,19
1790697120,0.02451,0.02451,0.02448,0.02448,0.02450,28672.08544,5
1790697180,0.02443,0.02444,0.02435,0.02435,0.02440,126811.16208,30
1790697240,0.02436,0.02436,0.02433,0.02433,0.02434,806.8358,2
1790697300,0.02441,0.02441,0.02441,0.02441,0.02441,12991.5188,7
1790697360,0.0244,0.0244,0.0244,0.0244,0.02440,9256.7708,2
1790697420,0.02442,0.02442,0.02424,0.02424,0.02433,52064.73211,7
1790697480,0.02418,0.02418,0.02417,0.02418,0.02417,20595.3269,4
1790697540,0.02415,0.02423,0.0241,0.02423,0.02416,36224.64103,9
1790697600,0.02425,0.02435,0.02424,0.02435,0.02429,251929.18553,11
1790697660,0.02439,0.02441,0.02436,0.02436,0.02437,25240.52632,16
1790697720,0.02437,0.02437,0.02435,0.02436,0.02436,23235.40481,11
1790697780,0.02441,0.02443,0.02436,0.02436,0.02441,9617.50934,6
1790697840,0.02429,0.02429,0.02414,0.02423,0.02420,420973.5126,35
1790697900,0.02423,0.02434,0.02421,0.0243,0.02426,145789.86876,27
1790697960,0.02426,0.02427,0.02425,0.02427,0.02426,55992.43867,9
1790698020,0.02421,0.02422,0.02421,0.02422,0.02421,12622.7596,2
1790698080,0.02427,0.02428,0.02427,0.02427,0.02427,40882.80587,8
1790698140,0.02427,0.02429,0.02427,0.02429,0.02427,41177.21616,7
1790698200,0.02431,0.02438,0.02431,0.02438,0.02434,30322.49509,7
1790698260,0.02434,0.02434,0.02429,0.02431,0.02432,44849.36927,6
1790698320,0.02434,0.02434,0.02428,0.0243,0.02429,52404.64336,13
1790698380,0.0243,0.0243,0.0243,0.0243,0.00000,0.0,0
1790698440,0.02427,0.02427,0.02426,0.02426,0.02426,19363.90666,2
1790698500,0.0243,0.0243,0.02427,0.02429,0.02428,44775.54894,10
1790698560,0.02428,0.02436,0.02428,0.02436,0.02428,4884.44264,3
1790698620,0.0244,0.0244,0.02438,0.02438,0.02438,286392.91419,18
1790698680,0.02438,0.02441,0.02438,0.02441,0.02438,445664.17575,27
1790698740,0.02439,0.02441,0.02438,0.02441,0.02439,313187.05584,27
1790698800,0.02441,0.02444,0.02441,0.02442,0.02442,39653.1208,9
1790698860,0.02441,0.02441,0.02432,0.02432,0.02436,200264.49592,26
1790698920,0.02433,0.02435,0.02427,0.02428,0.02432,27765.5852,14
1790698980,0.02428,0.02428,0.02428,0.02428,0.00000,0.0,0
1790699040,0.02428,0.02428,0.02428,0.02428,0.00000,0.0,0
1790699100,0.02428,0.02428,0.02428,0.02428,0.00000,0.0,0
1790699160,0.02428,0.02428,0.02428,0.02428,0.00000,0.0,0
1790699220,0.02416,0.02416,0.02416,0.02416,0.02416,6000.0,1
1790699280,0.02418,0.02418,0.02418,0.02418,0.02418,403.4179,1
1790699340,0.02418,0.02418,0.02418,0.02418,0.00000,0.0,0
1790699400,0.02425,0.02427,0.02425,0.02427,0.02426,16212.78129,4
1790699460,0.02421,0.02421,0.02421,0.02421,0.02421,806.8358,2
1790699520,0.02423,0.02423,0.02422,0.02423,0.02422,12784.6862,5
1790699580,0.02423,0.02423,0.02423,0.02423,0.02423,2823.9253,1
1790699640,0.02422,0.02422,0.02422,0.02422,0.02422,403.4179,1
1790699700,0.02428,0.02429,0.02428,0.02429,0.02428,26176.65707,3
1790699760,0.02429,0.02429,0.02429,0.02429,0.00000,0.0,0
1790699820,0.0243,0.0243,0.0243,0.0243,0.02430,1210.2537,1
1790699880,0.02429,0.02429,0.02429,0.02429,0.02429,10493.36576,1
1790699940,0.02426,0.02426,0.0242,0.0242,0.02425,11557.05644,2
1790700000,0.02415,0.02415,0.02414,0.02414,0.02414,806.8358,2
1790700060,0.02414,0.02414,0.02414,0.02414,0.00000,0.0,0
1790700120,0.02408,0.02408,0.02408,0.02408,0.02408,622.9235,1
1790700180,0.02404,0.02404,0.02404,0.02404,0.02404,403.4179,1
1790700240,0.02402,0.02402,0.02402,0.02402,0.02402,3949.1945,2
1790700300,0.02399,0.02399,0.02397,0.02397,0.02398,4806.8358,4
1790700360,0.02396,0.02396,0.02396,0.02396,0.02396,810.55197,3
1790700420,0.02399,0.024,0.02399,0.024,0.02399,46851.65969,5
1790700480,0.024,0.024,0.02394,0.024,0.02398,189040.00697,24
1790700540,0.02396,0.02396,0.02391,0.02394,0.02393,18098.59413,6
1790700600,0.02396,0.024,0.02396,0.02397,0.02397,11605.8781,4
1790700660,0.02405,0.02405,0.02405,0.02405,0.02405,403.4179,1
1790700720,0.02405,0.02405,0.02405,0.02405,0.00000,0.0,0
1790700780,0.02396,0.02397,0.02394,0.02396,0.02395,24961.5495,11
1790700840,0.02392,0.02392,0.02391,0.02392,0.02391,180907.93021,23
1790700900,0.0239,0.02392,0.0239,0.02391,0.02391,9959.72255,7
1790700960,0.0239,0.0239,0.0239,0.0239,0.02390,4169.09115,2
1790701020,0.0239,0.0239,0.0239,0.0239,0.00000,0.0,0
1790701080,0.02395,0.02395,0.02395,0.02395,0.02395,8694.72782,1
1790701140,0.02395,0.02395,0.02395,0.02395,0.00000,0.0,0
1790701200,0.02395,0.02395,0.02395,0.02395,0.00000,0.0,0
1790701260,0.02398,0.02398,0.02396,0.02396,0.02396,7356.7472,5
1790701320,0.02396,0.02396,0.02396,0.02396,0.00000,0.0,0
1790701380,0.02396,0.02396,0.02396,0.02396,0.00000,0.0,0
1790701440,0.02402,0.02402,0.024,0.024,0.02401,806.8358,2
1790701500,0.02398,0.02398,0.02379,0.02395,0.02392,145675.32194,30
1790701560,0.02395,0.02395,0.02395,0.02395,0.00000,0.0,0
1790701620,0.02398,0.02398,0.02398,0.02398,0.02398,3227.3432,1
1790701680,0.02398,0.02398,0.02398,0.02398,0.00000,0.0,0
1790701740,0.02398,0.02398,0.02398,0.02398,0.00000,0.0,0
1790701800,0.02398,0.02398,0.02398,0.02398,0.00000,0.0,0
1790701860,0.02393,0.02393,0.02393,0.02393,0.02393,6264.954,2
1790701920,0.02393,0.02393,0.02384,0.02384,0.02387,50128.31496,16
1790701980,0.02384,0.02384,0.02384,0.02384,0.00000,0.0,0
1790702040,0.02388,0.02388,0.02386,0.02388,0.02387,14288.4833,5
1790702100,0.02388,0.02388,0.02388,0.02388,0.00000,0.0,0
1790702160,0.02386,0.02386,0.02382,0.02382,0.02383,3235.4853,5
1790702220,0.02386,0.02386,0.02386,0.02386,0.02386,2390.625,1
1790702280,0.02386,0.02386,0.02386,0.02386,0.00000,0.0,0
1790702340,0.02386,0.02386,0.02386,0.02386,0.00000,0.0,0
1790702400,0.0239,0.0239,0.0239,0.0239,0.02390,403.4179,1
1790702460,0.0238,0.0238,0.0238,0.0238,0.02380,403.4179,1
1790702520,0.02381,0.02382,0.02381,0.02382,0.02381,806.8358,2
1790702580,0.02392,0.02392,0.02392,0.02392,0.02392,6593.9507,2
1790702640,0.02392,0.02392,0.02392,0.02392,0.00000,0.0,0
1790702700,0.02392,0.02392,0.02392,0.02392,0.00000,0.0,0
1790702760,0.0239,0.0239,0.0239,0.0239,0.02390,403.4179,1
1790702820,0.0239,0.0239,0.0239,0.0239,0.02390,390.6224,1
1790702880,0.0239,0.0239,0.0239,0.0239,0.00000,0.0,0
1790702940,0.0239,0.0239,0.0239,0.0239,0.02390,2149.5929,1
1790703000,0.02395,0.02395,0.02391,0.02391,0.02393,794.0403,2
1790703060,0.02392,0.02392,0.02392,0.02392,0.02392,403.4179,1
1790703120,0.02392,0.02392,0.02392,0.02392,0.00000,0.0,0
1790703180,0.02392,0.02392,0.02392,0.02392,0.00000,0.0,0
1790703240,0.02399,0.02399,0.02399,0.02399,0.02399,4002.3646,1
1790703300,0.02396,0.02396,0.02394,0.02394,0.02394,8361.5646,3
1790703360,0.02395,0.02395,0.02395,0.02395,0.02395,403.4179,1
1790703420,0.02395,0.02395,0.02395,0.02395,0.00000,0.0,0
1790703480,0.02395,0.02395,0.02395,0.02395,0.02395,8583.71608,1
1790703540,0.02395,0.02395,0.02395,0.02395,0.00000,0.0,0
1790703600,0.02399,0.02399,0.02399,0.02399,0.02399,403.4179,1
1790703660,0.02401,0.02401,0.02401,0.02401,0.02401,403.4179,1
1790703720,0.02401,0.02401,0.02401,0.02401,0.00000,0.0,0
1790703780,0.02401,0.02401,0.02401,0.02401,0.00000,0.0,0
1790703840,0.02403,0.02403,0.02402,0.02402,0.02402,10580.0587,3
1790703900,0.02402,0.02402,0.02402,0.02402,0.00000,0.0,0
1790703960,0.02401,0.02401,0.02401,0.02401,0.02401,9316.8892,2
1790704020,0.02396,0.02396,0.02396,0.02396,0.02396,403.4179,1
1790704080,0.02399,0.02399,0.02399,0.02399,0.02399,21407.20382,4
1790704140,0.02399,0.02399,0.02398,0.02398,0.02398,4806.8358,3
1790704200,0.02398,0.02398,0.02398,0.02398,0.00000,0.0,0
1790704260,0.0239,0.0239,0.02389,0.02389,0.02389,12403.4179,6
1790704320,0.02395,0.02395,0.02395,0.02395,0.02395,403.4179,1
1790704380,0.02395,0.02395,0.02395,0.02395,0.00000,0.0,0
1790704440,0.02395,0.02395,0.02395,0.02395,0.00000,0.0,0
1790704500,0.02395,0.02395,0.02395,0.02395,0.00000,0.0,0
1790704560,0.02395,0.02395,0.02395,0.02395,0.00000,0.0,0
1790704620,0.02395,0.02395,0.02395,0.02395,0.00000,0.0,0
1790704680,0.02396,0.02398,0.02386,0.02398,0.02393,64670.58137,24
1790704740,0.02399,0.02399,0.02399,0.02399,0.02399,2681.88684,1
1790704800,0.02405,0.02413,0.02405,0.02413,0.02408,23442.99236,10
1790704860,0.02413,0.02413,0.02413,0.02413,0.00000,0.0,0
1790704920,0.02413,0.02414,0.02413,0.02413,0.02413,8606.8358,4
1790704980,0.02418,0.02418,0.02418,0.02418,0.02418,403.4179,1
1790705040,0.02418,0.02418,0.02418,0.02418,0.02418,9638.2089,1
1790705100,0.02418,0.02418,0.02418,0.02418,0.00000,0.0,0
1790705160,0.02418,0.02418,0.02418,0.02418,0.00000,0.0,0
1790705220,0.02418,0.02418,0.02418,0.02418,0.00000,0.0,0
1790705280,0.02424,0.02424,0.02418,0.02418,0.02423,9400.9453,3
1790705340,0.02418,0.02418,0.02418,0.02418,0.00000,0.0,0
1790705400,0.02423,0.02423,0.02423,0.02423,0.02423,10453.50408,1
1790705460,0.02422,0.02422,0.02422,0.02422,0.02422,1080.8439,2
1790705520,0.02422,0.02422,0.02422,0.02422,0.00000,0.0,0
1790705580,0.02422,0.02422,0.02422,0.02422,0.00000,0.0,0
1790705640,0.02422,0.02422,0.02422,0.02422,0.00000,0.0,0
1790705700,0.02422,0.02422,0.02422,0.02422,0.00000,0.0,0
1790705760,0.02422,0.02422,0.02422,0.02422,0.00000,0.0,0
1790705820,0.02434,0.02436,0.02434,0.02434,0.02434,10468.7023,5
1790705880,0.02433,0.02433,0.02433,0.02433,0.02433,576.0775,1
1790705940,0.02433,0.02433,0.02433,0.02433,0.00000,0.0,0
1790706000,0.02433,0.02433,0.02433,0.02433,0.00000,0.0,0
1790706060,0.02433,0.02433,0.02433,0.02433,0.00000,0.0,0
1790706120,0.0244,0.0244,0.0244,0.0244,0.02440,257.26218,1
1790706180,0.02441,0.02441,0.02441,0.02441,0.02441,403.4179,1
1790706240,0.02442,0.02443,0.02442,0.02443,0.02442,19256.65792,6
1790706300,0.02443,0.02443,0.02443,0.02443,0.00000,0.0,0
1790706360,0.02438,0.02438,0.02438,0.02438,0.02438,403.4179,1
1790706420,0.02438,0.02438,0.02438,0.02438,0.00000,0.0,0
1790706480,0.02438,0.02438,0.02438,0.02438,0.00000,0.0,0
1790706540,0.02438,0.02438,0.02438,0.02438,0.02438,2174.3016,2
1790706600,0.02439,0.0244,0.02439,0.02439,0.02439,9416.6979,6
1790706660,0.02438,0.02438,0.02438,0.02438,0.02438,7188.00968,2
1790706720,0.02438,0.02438,0.02438,0.02438,0.00000,0.0,0
1790706780,0.02438,0.02438,0.02438,0.02438,0.00000,0.0,0
1790706840,0.02438,0.02438,0.02438,0.02438,0.00000,0.0,0
1790706900,0.02438,0.02438,0.02438,0.02438,0.00000,0.0,0
1790706960,0.02438,0.02438,0.02438,0.02438,0.00000,0.0,0
1790707020,0.02441,0.02441,0.0244,0.0244,0.02440,6642.9643,3
1790707080,0.0244,0.0244,0.0244,0.0244,0.00000,0.0,0
1790707140,0.02442,0.02443,0.02442,0.02443,0.02442,1335.7465,2
1790707200,0.02449,0.02449,0.02449,0.02449,0.02449,7171.875,1
1790707260,0.02451,0.02453,0.02451,0.02453,0.02451,5184.6679,2
1790707320,0.02453,0.02453,0.02453,0.02453,0.00000,0.0,0
1790707380,0.02453,0.02453,0.02453,0.02453,0.00000,0.0,0
1790707440,0.02453,0.02453,0.02453,0.02453,0.00000,0.0,0
1790707500,0.02453,0.02453,0.02453,0.02453,0.00000,0.0,0
1790707560,0.02453,0.02453,0.02453,0.02453,0.00000,0.0,0
1790707620,0.02453,0.02453,0.02453,0.02453,0.00000,0.0,0
1790707680,0.02448,0.02448,0.02429,0.02447,0.02436,203027.92367,34
1790707740,0.02447,0.02447,0.02442,0.02442,0.02444,24173.51593,7
1790707800,0.02442,0.02442,0.02442,0.02442,0.00000,0.0,0
1790707860,0.02447,0.02447,0.02447,0.02447,0.02447,395.50775,1
1790707920,0.02447,0.02447,0.02447,0.02447,0.00000,0.0,0
1790707980,0.02447,0.02447,0.02447,0.02447,0.00000,0.0,0
1790708040,0.02446,0.02446,0.02446,0.02446,0.02446,7240.99717,1
1790708100,0.02446,0.02446,0.02446,0.02446,0.00000,0.0,0
1790708160,0.02446,0.02446,0.02446,0.02446,0.00000,0.0,0
1790708220,0.02446,0.02446,0.02446,0.02446,0.00000,0.0,0
1790708280,0.02446,0.02446,0.02446,0.02446,0.00000,0.0,0
1790708340,0.02449,0.02449,0.02449,0.02449,0.02449,7887.63326,1
1790708400,0.02449,0.02449,0.02449,0.02449,0.00000,0.0,0
1790708460,0.02449,0.02449,0.02449,0.02449,0.00000,0.0,0
1790708520,0.02449,0.02449,0.02449,0.02449,0.00000,0.0,0
1790708580,0.02453,0.02453,0.02453,0.02453,0.02453,1173.2445,1
1790708640,0.02453,0.02453,0.02453,0.02453,0.00000,0.0,0
1790708700,0.02453,0.02453,0.02453,0.02453,0.00000,0.0,0
1790708760,0.02457,0.02457,0.02457,0.02457,0.02457,403.4179,1
1790708820,0.0246,0.0246,0.0246,0.0246,0.02460,403.4179,1
1790708880,0.02457,0.02457,0.02457,0.02457,0.02457,8410.21508,1
1790708940,0.02457,0.02457,0.02457,0.02457,0.00000,0.0,0
1790709000,0.02457,0.02457,0.02457,0.02457,0.00000,0.0,0
1790709060,0.02457,0.02457,0.02457,0.02457,0.00000,0.0,0
1790709120,0.02457,0.02457,0.02457,0.02457,0.00000,0.0,0
1790709180,0.02447,0.02447,0.02447,0.02447,0.02447,10452.38142,1
1790709240,0.02448,0.02448,0.02448,0.02448,0.02448,204.24837,1
1790709300,0.02448,0.02448,0.02448,0.02448,0.00000,0.0,0
1790709360,0.02448,0.02448,0.02448,0.02448,0.00000,0.0,0
1790709420,0.02448,0.02448,0.02448,0.02448,0.00000,0.0,0
1790709480,0.02452,0.02452,0.02452,0.02452,0.02452,27311.21445,2
1790709540,0.02452,0.02452,0.02452,0.02452,0.00000,0.0,0
1790709600,0.0245,0.0245,0.0245,0.0245,0.02450,1500.7436,1
1790709660,0.0245,0.0245,0.0245,0.0245,0.02450,4781.25,1
1790709720,0.0245,0.0245,0.0245,0.0245,0.00000,0.0,0
1790709780,0.02448,0.02448,0.02448,0.02448,0.02448,4781.25,2
1790709840,0.02448,0.02448,0.02448,0.02448,0.00000,0.0,0
1790709900,0.02452,0.02452,0.0245,0.0245,0.02450,4806.8358,3
1790709960,0.0245,0.0245,0.0245,0.0245,0.00000,0.0,0
1790710020,0.0245,0.0245,0.0245,0.0245,0.00000,0.0,0
1790710080,0.0245,0.0245,0.0245,0.0245,0.00000,0.0,0
1790710140,0.0245,0.0245,0.0245,0.0245,0.00000,0.0,0
1790710200,0.0245,0.0245,0.0245,0.0245,0.00000,0.0,0
1790710260,0.0245,0.0245,0.0245,0.0245,0.00000,0.0,0
1790710320,0.02447,0.0245,0.02447,0.0245,0.02448,19752.80526,5
1790710380,0.02447,0.02447,0.02447,0.02447,0.02447,8167.9653,3
1790710440,0.02447,0.02447,0.02447,0.02447,0.00000,0.0,0
1790710500,0.02447,0.02447,0.02447,0.02447,0.00000,0.0,0
1790710560,0.02447,0.02447,0.02447,0.02447,0.00000,0.0,0
1790710620,0.02447,0.02447,0.02447,0.02447,0.00000,0.0,0
1790710680,0.02441,0.02441,0.02441,0.02441,0.02441,7257.7636,2
1790710740,0.02441,0.02441,0.02441,0.02441,0.00000,0.0,0
1790710800,0.02439,0.02439,0.02438,0.02438,0.02438,15770.08343,5
1790710860,0.02438,0.02438,0.02438,0.02438,0.00000,0.0,0
1790710920,0.02434,0.02434,0.02434,0.02434,0.02434,9827.7572,2
1790710980,0.02427,0.02427,0.0242,0.02427,0.02424,108218.16661,25
1790711040,0.02422,0.02422,0.0239,0.0239,0.02404,58904.13103,24
1790711100,0.02379,0.02379,0.02379,0.02379,0.02379,263.33145,1
1790711160,0.02379,0.02379,0.02379,0.02379,0.00000,0.0,0
1790711220,0.02368,0.02374,0.02363,0.02374,0.02370,66014.88757,24
1790711280,0.02374,0.02374,0.02374,0.02374,0.00000,0.0,0
1790711340,0.0237,0.0237,0.02369,0.02369,0.02369,10372.90793,2
1790711400,0.02369,0.02369,0.02369,0.02369,0.00000,0.0,0
1790711460,0.02369,0.02369,0.02369,0.02369,0.00000,0.0,0
1790711520,0.02369,0.02369,0.02369,0.02369,0.00000,0.0,0
1790711580,0.02368,0.02368,0.02363,0.02365,0.02366,8739.61583,5
1790711640,0.02363,0.02366,0.02363,0.02366,0.02365,12848.9131,3
1790711700,0.02366,0.02366,0.02366,0.02366,0.00000,0.0,0
1790711760,0.02374,0.02374,0.02373,0.02373,0.02373,21390.36289,4
1790711820,0.02373,0.02373,0.02373,0.02373,0.00000,0.0,0
1790711880,0.02375,0.02375,0.02373,0.02373,0.02373,9777.7046,2
1790711940,0.02371,0.02379,0.02371,0.02377,0.02375,26025.76111,10
1790712000,0.02377,0.02377,0.02377,0.02377,0.02377,4781.25,1
1790712060,0.02377,0.02377,0.02377,0.02377,0.00000,0.0,0
1790712120,0.02371,0.02371,0.02368,0.02368,0.02369,18082.09186,4
1790712180,0.02372,0.02376,0.02371,0.02376,0.02374,9119.7323,4
1790712240,0.02379,0.0238,0.02378,0.02378,0.02379,32271.04846,8
1790712300,0.02379,0.02384,0.02379,0.02384,0.02381,15339.7463,6
1790712360,0.02384,0.02384,0.02384,0.02384,0.00000,0.0,0
1790712420,0.02384,0.02384,0.02384,0.02384,0.00000,0.0,0
1790712480,0.02396,0.02396,0.02395,0.02395,0.02395,18143.19602,2
1790712540,0.02395,0.02395,0.02395,0.02395,0.00000,0.0,0
1790712600,0.02385,0.02385,0.02383,0.02383,0.02384,20554.95611,3
1790712660,0.02383,0.02383,0.02383,0.02383,0.00000,0.0,0
1790712720,0.02383,0.02383,0.02383,0.02383,0.00000,0.0,0
1790712780,0.02383,0.02383,0.02383,0.02383,0.00000,0.0,0
1790712840,0.0239,0.0239,0.0239,0.0239,0.02390,403.4179,1
1790712900,0.02387,0.02387,0.02387,0.02387,0.02387,12698.1584,6
1790712960,0.02388,0.02388,0.02388,0.02388,0.02388,2390.625,1
1790713020,0.02395,0.02395,0.02395,0.02395,0.02395,11846.10007,2
1790713080,0.02395,0.02395,0.02395,0.02395,0.00000,0.0,0
1790713140,0.02395,0.02395,0.02395,0.02395,0.00000,0.0,0
1790713200,0.02395,0.02395,0.02395,0.02395,0.00000,0.0,0
1790713260,0.02406,0.02406,0.02404,0.02404,0.02404,11562.88205,3
1790713320,0.02404,0.02404,0.02404,0.02404,0.00000,0.0,0
1790713380,0.02404,0.02404,0.02404,0.02404,0.00000,0.0,0
1790713440,0.02398,0.02403,0.02398,0.02403,0.02400,9562.5,4
1790713500,0.02405,0.02405,0.02405,0.02405,0.02405,7171.875,1
1790713560,0.02405,0.02405,0.02405,0.02405,0.00000,0.0,0
1790713620,0.02413,0.02413,0.02413,0.02413,0.02413,8387.9902,3
1790713680,0.02413,0.02413,0.02413,0.02413,0.00000,0.0,0
1790713740,0.02406,0.02406,0.02406,0.02406,0.02406,403.4179,1
1790713800,0.02403,0.02403,0.02403,0.02403,0.02403,7995.1392,1
1790713860,0.02406,0.02406,0.02403,0.02403,0.02404,12685.28637,2
1790713920,0.02404,0.02404,0.02404,0.02404,0.02404,403.4179,1
1790713980,0.02405,0.02405,0.02405,0.02405,0.02405,7171.875,1
1790714040,0.02409,0.02409,0.02409,0.02409,0.02409,2390.625,1
1790714100,0.02409,0.02409,0.02409,0.02409,0.00000,0.0,0
1790714160,0.02401,0.02401,0.02401,0.02401,0.02401,7345.2079,3
1790714220,0.02401,0.02401,0.02401,0.02401,0.00000,0.0,0
1790714280,0.02401,0.02401,0.02401,0.02401,0.00000,0.0,0
1790714340,0.02401,0.02401,0.02401,0.02401,0.00000,0.0,0
1790714400,0.02401,0.02401,0.02401,0.02401,0.00000,0.0,0
1790714460,0.02405,0.02405,0.02405,0.02405,0.02405,403.4179,1
1790714520,0.02405,0.02405,0.02405,0.02405,0.00000,0.0,0
1790714580,0.02405,0.02405,0.02405,0.02405,0.02405,8928.9971,2
1790714640,0.02405,0.02405,0.02405,0.02405,0.00000,0.0,0
1790714700,0.02405,0.02405,0.02405,0.02405,0.00000,0.0,0
1790714760,0.02405,0.02405,0.02405,0.02405,0.00000,0.0,0
1790714820,0.02405,0.02405,0.02405,0.02405,0.00000,0.0,0
1790714880,0.02399,0.02399,0.02399,0.02399,0.02399,7171.875,3
1790714940,0.02407,0.02407,0.02407,0.02407,0.02407,2390.625,1
1790715000,0.02406,0.02406,0.02406,0.02406,0.02406,8298.99088,4
1790715060,0.02406,0.02406,0.02406,0.02406,0.00000,0.0,0
1790715120,0.0241,0.0241,0.0241,0.0241,0.02410,403.4179,1
1790715180,0.0241,0.0241,0.0241,0.0241,0.00000,0.0,0
1790715240,0.0241,0.0241,0.02406,0.02406,0.02407,60573.49417,8
1790715300,0.02406,0.02406,0.02406,0.02406,0.00000,0.0,0
1790715360,0.02406,0.02406,0.02406,0.02406,0.00000,0.0,0
1790715420,0.02403,0.02403,0.02403,0.02403,0.02403,10430.2962,1
1790715480,0.02403,0.02403,0.02403,0.02403,0.00000,0.0,0
1790715540,0.02407,0.02407,0.02407,0.02407,0.02407,10309.8625,5
1790715600,0.02407,0.02407,0.02407,0.02407,0.00000,0.0,0
1790715660,0.02407,0.02407,0.02407,0.02407,0.00000,0.0,0
1790715720,0.02399,0.02399,0.02399,0.02399,0.02399,331.26293,1
1790715780,0.02393,0.02393,0.02393,0.02393,0.02393,10374.19573,1
1790715840,0.02386,0.02387,0.02386,0.02387,0.02386,18998.89071,3
1790715900,0.02395,0.02395,0.02395,0.02395,0.02395,4624.8026,2
1790715960,0.02395,0.02408,0.02395,0.02408,0.02401,61761.48196,13
1790716020,0.02408,0.02408,0.02408,0.02408,0.00000,0.0,0
1790716080,0.02408,0.02408,0.02408,0.02408,0.00000,0.0,0
1790716140,0.02408,0.02408,0.02408,0.02408,0.00000,0.0,0
1790716200,0.02408,0.02408,0.02408,0.02408,0.00000,0.0,0
1790716260,0.02408,0.02408,0.02408,0.02408,0.00000,0.0,0
1790716320,0.02408,0.02408,0.02408,0.02408,0.00000,0.0,0
1790716380,0.02394,0.02395,0.02394,0.02395,0.02394,7871.5197,4
1790716440,0.02395,0.02395,0.02395,0.02395,0.00000,0.0,0
1790716500,0.02397,0.02397,0.02397,0.02397,0.02397,9331.0227,1
1790716560,0.02397,0.02397,0.02397,0.02397,0.00000,0.0,0
1790716620,0.0239,0.0239,0.0239,0.0239,0.02390,1138.0987,2
1790716680,0.0239,0.0239,0.0239,0.0239,0.00000,0.0,0
1790716740,0.02386,0.02386,0.02386,0.02386,0.02386,403.4179,1
1790716800,0.02385,0.02385,0.02385,0.02385,0.02385,3253.7005,1
1790716860,0.02385,0.02385,0.02385,0.02385,0.02385,403.4179,1
1790716920,0.02384,0.02385,0.02384,0.02385,0.02384,16775.97599,2
1790716980,0.02385,0.02385,0.02385,0.02385,0.00000,0.0,0
1790717040,0.02385,0.02385,0.02385,0.02385,0.00000,0.0,0
1790717100,0.02385,0.02385,0.02385,0.02385,0.00000,0.0,0
1790717160,0.02385,0.02385,0.02385,0.02385,0.00000,0.0,0
1790717220,0.02385,0.02385,0.02385,0.02385,0.00000,0.0,0
1790717280,0.02385,0.02385,0.02385,0.02385,0.00000,0.0,0
1790717340,0.02385,0.02385,0.02385,0.02385,0.00000,0.0,0
1790717400,0.02385,0.02385,0.02385,0.02385,0.00000,0.0,0
1790717460,0.02385,0.02385,0.02385,0.02385,0.00000,0.0,0
1790717520,0.02382,0.02385,0.02382,0.02385,0.02383,28145.91194,4
1790717580,0.02385,0.02385,0.02385,0.02385,0.00000,0.0,0
1790717640,0.02385,0.02385,0.02385,0.02385,0.00000,0.0,0
1790717700,0.02385,0.02385,0.02385,0.02385,0.00000,0.0,0
1790717760,0.02385,0.02385,0.02385,0.02385,0.00000,0.0,0
1790717820,0.02385,0.02385,0.02385,0.02385,0.00000,0.0,0
1790717880,0.02385,0.02385,0.02385,0.02385,0.00000,0.0,0
1790717940,0.02385,0.02385,0.02385,0.02385,0.00000,0.0,0
1790718000,0.02385,0.02385,0.02385,0.02385,0.00000,0.0,0
1790718060,0.02385,0.02385,0.02385,0.02385,0.00000,0.0,0
1790718120,0.02385,0.02385,0.02385,0.02385,0.00000,0.0,0
1790718180,0.02385,0.02385,0.02385,0.02385,0.00000,0.0,0
1790718240,0.02385,0.02385,0.02385,0.02385,0.00000,0.0,0
1790718300,0.02385,0.02385,0.02385,0.02385,0.00000,0.0,0
1790718360,0.02385,0.02385,0.02385,0.02385,0.00000,0.0,0
1790718420,0.02385,0.02385,0.02385,0.02385,0.00000,0.0,0
1790718480,0.02385,0.02385,0.02385,0.02385,0.00000,0.0,0
1790718540,0.02385,0.02385,0.02385,0.02385,0.00000,0.0,0
1790718600,0.02385,0.02385,0.02385,0.02385,0.00000,0.0,0
1790718660,0.02385,0.02385,0.02385,0.02385,0.00000,0.0,0
1790718720,0.02385,0.02385,0.02385,0.02385,0.00000,0.0,0
1790718780,0.02385,0.02385,0.02385,0.02385,0.00000,0.0,0
1790718840,0.02385,0.02385,0.02385,0.02385,0.00000,0.0,0
1790718900,0.02385,0.02385,0.02385,0.02385,0.00000,0.0,0
1790718960,0.02385,0.02385,0.02385,0.02385,0.00000,0.0,0
1790719020,0.02385,0.02385,0.02385,0.02385,0.00000,0.0,0
1790719080,0.02385,0.02385,0.02385,0.02385,0.00000,0.0,0
1790719140,0.02385,0.02385,0.02385,0.02385,0.00000,0.0,0
1790719200,0.02385,0.02385,0.02385,0.02385,0.00000,0.0,0
1790719260,0.02385,0.02385,0.02385,0.02385,0.00000,0.0,0
1790719320,0.02385,0.02385,0.02385,0.02385,0.00000,0.0,0
1790719380,0.02385,0.02385,0.02385,0.02385,0.00000,0.0,0
1790719440,0.02385,0.02385,0.02385,0.02385,0.00000,0.0,0
1790719500,0.02385,0.02385,0.02385,0.02385,0.00000,0.0,0
1790719560,0.02385,0.02385,0.02385,0.02385,0.00000,0.0,0
1790719620,0.02385,0.02385,0.02385,0.02385,0.00000,0.0,0
1790719680,0.02385,0.02385,0.02385,0.02385,0.00000,0.0,0
1790719740,0.02385,0.02385,0.02385,0.02385,0.00000,0.0,0
1790719800,0.02383,0.02383,0.02382,0.02382,0.02382,6668.1406,4
1790719860,0.02382,0.02382,0.02382,0.02382,0.00000,0.0,0
1790719920,0.02382,0.02382,0.02382,0.02382,0.00000,0.0,0
1790719980,0.02382,0.02382,0.02382,0.02382,0.00000,0.0,0
1790720040,0.02382,0.02382,0.02382,0.02382,0.00000,0.0,0
1790720100,0.02385,0.02385,0.02384,0.02384,0.02384,11730.6406,3
1790720160,0.02384,0.02384,0.02384,0.02384,0.00000,0.0,0
1790720220,0.02379,0.02379,0.02376,0.02377,0.02377,11133.1748,3
1790720280,0.02378,0.02378,0.02378,0.02378,0.02378,5062.5,2
1790720340,0.02379,0.02386,0.02379,0.02386,0.02383,8614.2679,3
1790720400,0.02386,0.02386,0.02386,0.02386,0.00000,0.0,0
1790720460,0.02386,0.02386,0.02386,0.02386,0.00000,0.0,0
1790720520,0.0238,0.0239,0.0238,0.0239,0.02387,263631.85301,9
1790720580,0.0239,0.0239,0.0239,0.0239,0.00000,0.0,0
1790720640,0.0239,0.0239,0.0239,0.0239,0.02390,10028.33,1
1790720700,0.02391,0.02391,0.02391,0.02391,0.02391,6074.7275,2
1790720760,0.02391,0.02391,0.02391,0.02391,0.00000,0.0,0
1790720820,0.02391,0.02391,0.02391,0.02391,0.00000,0.0,0
1790720880,0.02391,0.02391,0.02391,0.02391,0.00000,0.0,0
1790720940,0.02391,0.02391,0.02391,0.02391,0.00000,0.0,0
1790721000,0.02384,0.02384,0.02384,0.02384,0.02384,6629.3312,2
1790721060,0.02384,0.02384,0.02384,0.02384,0.00000,0.0,0
1790721120,0.02384,0.02384,0.02384,0.02384,0.00000,0.0,0
1790721180,0.02384,0.02384,0.02384,0.02384,0.00000,0.0,0
1790721240,0.02384,0.02384,0.02384,0.02384,0.00000,0.0,0
1790721300,0.02384,0.02384,0.02384,0.02384,0.00000,0.0,0
1790721360,0.02393,0.02393,0.02393,0.02393,0.02393,9473.7263,2
1790721420,0.02394,0.02397,0.02394,0.02397,0.02395,145367.7465,9
1790721480,0.024,0.024,0.024,0.024,0.02400,200.0,1
1790721540,0.02394,0.02394,0.02394,0.02394,0.02394,9877.91437,2
1790721600,0.02394,0.02394,0.02394,0.02394,0.00000,0.0,0
1790721660,0.02394,0.02394,0.02394,0.02394,0.00000,0.0,0
1790721720,0.02394,0.02394,0.02394,0.02394,0.00000,0.0,0
1790721780,0.02394,0.02394,0.02394,0.02394,0.00000,0.0,0
1790721840,0.02394,0.02394,0.02394,0.02394,0.00000,0.0,0
1790721900,0.02398,0.02398,0.02397,0.02397,0.02397,14407.9018,3
1790721960,0.02397,0.02397,0.02397,0.02397,0.00000,0.0,0
1790722020,0.02395,0.02395,0.02393,0.02394,0.02393,24689.0555,7
1790722080,0.02394,0.02394,0.02394,0.02394,0.00000,0.0,0
1790722140,0.02394,0.02394,0.02394,0.02394,0.00000,0.0,0
1790722200,0.02394,0.02394,0.02394,0.02394,0.00000,0.0,0
1790722260,0.02394,0.02394,0.02394,0.02394,0.00000,0.0,0
1790722320,0.02394,0.02394,0.02394,0.02394,0.00000,0.0,0
1790722380,0.02394,0.02394,0.02394,0.02394,0.00000,0.0,0
1790722440,0.02394,0.02394,0.02394,0.02394,0.00000,0.0,0
1790722500,0.02394,0.02394,0.02394,0.02394,0.00000,0.0,0
1790722560,0.02394,0.02394,0.02394,0.02394,0.00000,0.0,0
1790722620,0.02394,0.02394,0.02394,0.02394,0.00000,0.0,0
1790722680,0.02394,0.02394,0.02394,0.02394,0.00000,0.0,0
1790722740,0.02392,0.02392,0.02391,0.02391,0.02391,10831.4334,2
1790722800,0.02391,0.02391,0.02391,0.02391,0.00000,0.0,0
1790722860,0.02391,0.02391,0.02391,0.02391,0.00000,0.0,0
1790722920,0.02393,0.02393,0.02393,0.02393,0.02393,9317.6913,2
1790722980,0.02391,0.02391,0.02391,0.02391,0.02391,7463.0935,2
1790723040,0.02397,0.02397,0.02397,0.02397,0.02397,8129.3614,2
1790723100,0.02397,0.02397,0.02397,0.02397,0.00000,0.0,0
1790723160,0.02405,0.02405,0.02405,0.02405,0.02405,7991.6772,1
1790723220,0.02405,0.02405,0.02405,0.02405,0.00000,0.0,0
1790723280,0.02408,0.02408,0.02406,0.02406,0.02407,19246.5654,3
1790723340,0.02403,0.02403,0.02403,0.02403,0.02403,5062.5,2
1790723400,0.02403,0.02403,0.02403,0.02403,0.00000,0.0,0
1790723460,0.02403,0.02403,0.02403,0.02403,0.00000,0.0,0
1790723520,0.02403,0.02403,0.02403,0.02403,0.00000,0.0,0
1790723580,0.02401,0.02401,0.02401,0.02401,0.02401,7792.9603,1
1790723640,0.02401,0.02401,0.02401,0.02401,0.00000,0.0,0
1790723700,0.02401,0.02401,0.02401,0.02401,0.00000,0.0,0
1790723760,0.024,0.024,0.024,0.024,0.02400,7001.1837,2
1790723820,0.024,0.024,0.024,0.024,0.00000,0.0,0
1790723880,0.02396,0.02396,0.02396,0.02396,0.02396,5297.1996,2
1790723940,0.02396,0.02396,0.02396,0.02396,0.00000,0.0,0
1790724000,0.02396,0.02396,0.02396,0.02396,0.00000,0.0,0
1790724060,0.02396,0.02396,0.02396,0.02396,0.00000,0.0,0
1790724120,0.02396,0.02396,0.02396,0.02396,0.00000,0.0,0
1790724180,0.02396,0.02396,0.02396,0.02396,0.00000,0.0,0
1790724240,0.02396,0.02396,0.02396,0.02396,0.00000,0.0,0
1790724300,0.02396,0.02396,0.02396,0.02396,0.00000,0.0,0
1790724360,0.02396,0.02396,0.02396,0.02396,0.00000,0.0,0
1790724420,0.02396,0.02396,0.02396,0.02396,0.00000,0.0,0
1790724480,0.02396,0.02396,0.02396,0.02396,0.00000,0.0,0
1790724540,0.02396,0.02396,0.02396,0.02396,0.00000,0.0,0
1790724600,0.02381,0.02381,0.02381,0.02381,0.02381,10166.5683,3
1790724660,0.02381,0.02381,0.02381,0.02381,0.00000,0.0,0
1790724720,0.02381,0.02381,0.02381,0.02381,0.02381,6032.6858,2
1790724780,0.02382,0.02382,0.02382,0.02382,0.02382,7609.2333,2
1790724840,0.02381,0.02381,0.02381,0.02381,0.02381,12656.25,4
1790724900,0.02379,0.02379,0.02379,0.02379,0.02379,1640.9289,1
1790724960,0.02381,0.02381,0.02381,0.02381,0.02381,5062.5,1
1790725020,0.02375,0.02375,0.02375,0.02375,0.02375,8142.8813,2
1790725080,0.02376,0.02376,0.02376,0.02376,0.02376,8340.6833,2
1790725140,0.02376,0.02376,0.02376,0.02376,0.00000,0.0,0
1790725200,0.02379,0.02379,0.02379,0.02379,0.02379,4717.6357,2
1790725260,0.02376,0.02376,0.02375,0.02375,0.02375,21058.937,7
1790725320,0.02367,0.02367,0.0235,0.02363,0.02361,174290.36687,22
1790725380,0.02363,0.02363,0.0235,0.02351,0.02356,255002.3429,35
1790725440,0.02351,0.02353,0.02344,0.02348,0.02349,239140.14868,42
1790725500,0.02354,0.02362,0.02354,0.02362,0.02357,28770.7037,8
1790725560,0.02362,0.02362,0.02362,0.02362,0.00000,0.0,0
1790725620,0.02362,0.02362,0.02362,0.02362,0.02362,1507.1708,1
1790725680,0.02362,0.02362,0.02362,0.02362,0.00000,0.0,0
1790725740,0.02362,0.02362,0.02362,0.02362,0.00000,0.0,0
1790725800,0.02363,0.02363,0.02363,0.02363,0.02363,6242.1624,2
1790725860,0.02364,0.02364,0.02364,0.02364,0.02364,16321.489,2
1790725920,0.02364,0.02364,0.02364,0.02364,0.00000,0.0,0
1790725980,0.02363,0.02363,0.02363,0.02363,0.02363,7937.8989,2
1790726040,0.02363,0.02363,0.02363,0.02363,0.00000,0.0,0
1790726100,0.02364,0.02364,0.02364,0.02364,0.02364,19023.68148,3
1790726160,0.02364,0.02364,0.02364,0.02364,0.00000,0.0,0
1790726220,0.02364,0.02364,0.02364,0.02364,0.00000,0.0,0
1790726280,0.02364,0.02364,0.02364,0.02364,0.00000,0.0,0
1790726340,0.02364,0.02364,0.02364,0.02364,0.00000,0.0,0
1790726400,0.02373,0.02376,0.02373,0.02376,0.02373,21802.62,5
1790726460,0.02376,0.02376,0.02376,0.02376,0.00000,0.0,0
1790726520,0.02379,0.02379,0.02373,0.02373,0.02378,24197.76463,6
1790726580,0.02373,0.02373,0.02373,0.02373,0.00000,0.0,0
1790726640,0.0237,0.0237,0.0237,0.0237,0.02370,8697.9706,2
1790726700,0.0237,0.0237,0.0237,0.0237,0.02370,8955.0551,3
1790726760,0.0237,0.0237,0.0237,0.0237,0.02370,9282.9753,1
1790726820,0.0237,0.0237,0.0237,0.0237,0.00000,0.0,0
1790726880,0.02354,0.02354,0.02354,0.02354,0.02354,5904.5247,1
1790726940,0.02354,0.02354,0.02354,0.02354,0.00000,0.0,0
1790727000,0.02354,0.02354,0.02354,0.02354,0.00000,0.0,0
1790727060,0.02354,0.02354,0.02354,0.02354,0.00000,0.0,0
1790727120,0.02349,0.02349,0.02347,0.02347,0.02347,13645.4565,5
1790727180,0.02347,0.02347,0.02347,0.02347,0.00000,0.0,0
1790727240,0.02347,0.02347,0.02347,0.02347,0.00000,0.0,0
1790727300,0.0235,0.0235,0.0235,0.0235,0.02350,8391.0449,2
1790727360,0.02347,0.02347,0.02347,0.02347,0.02347,4540.2618,1
1790727420,0.02347,0.02347,0.02347,0.02347,0.00000,0.0,0
1790727480,0.02347,0.02347,0.02347,0.02347,0.00000,0.0,0
1790727540,0.02347,0.02347,0.02347,0.02347,0.00000,0.0,0
1790727600,0.02347,0.02347,0.02347,0.02347,0.00000,0.0,0
1790727660,0.02346,0.02346,0.02346,0.02346,0.02346,7861.5766,3
1790727720,0.02344,0.02344,0.02344,0.02344,0.02344,5062.5,1
1790727780,0.02344,0.02344,0.02344,0.02344,0.00000,0.0,0
1790727840,0.02344,0.02344,0.02344,0.02344,0.00000,0.0,0
1790727900,0.02344,0.02344,0.02344,0.02344,0.00000,0.0,0
1790727960,0.02343,0.02343,0.02343,0.02343,0.02343,392.65982,1
1790728020,0.02343,0.02343,0.02343,0.02343,0.00000,0.0,0
1790728080,0.02348,0.02348,0.02348,0.02348,0.02348,5000.0,1
1790728140,0.02348,0.02348,0.02348,0.02348,0.00000,0.0,0
1790728200,0.02348,0.02348,0.02348,0.02348,0.00000,0.0,0
1790728260,0.02357,0.02357,0.02357,0.02357,0.02357,3657.3663,1
1790728320,0.02357,0.02357,0.02357,0.02357,0.02357,2531.25,1
1790728380,0.0236,0.0236,0.0236,0.0236,0.02360,10628.1207,1
1790728440,0.0236,0.0236,0.0236,0.0236,0.00000,0.0,0
1790728500,0.02359,0.02359,0.02359,0.02359,0.02359,5000.0,1
1790728560,0.02353,0.02353,0.02353,0.02353,0.02353,7593.75,1
1790728620,0.0235,0.0235,0.0235,0.0235,0.02350,5000.0,2
1790728680,0.0235,0.0235,0.0235,0.0235,0.00000,0.0,0
1790728740,0.02357,0.0236,0.02357,0.0236,0.02359,13433.263,5
1790728800,0.02359,0.02359,0.02359,0.02359,0.02359,8884.2732,1
1790728860,0.02359,0.02359,0.02359,0.02359,0.00000,0.0,0
1790728920,0.02359,0.02359,0.02359,0.02359,0.00000,0.0,0
1790728980,0.02359,0.02359,0.02359,0.02359,0.00000,0.0,0
1790729040,0.02362,0.02362,0.02362,0.02362,0.02362,7593.75,1
1790729100,0.02364,0.02364,0.02364,0.02364,0.02364,7861.91318,2
1790729160,0.02363,0.02377,0.02363,0.02377,0.02372,49856.64991,10
1790729220,0.02381,0.02382,0.02377,0.02377,0.02380,45582.5837,8
1790729280,0.02375,0.02375,0.02373,0.02373,0.02374,18313.2859,5
1790729340,0.02373,0.02373,0.02373,0.02373,0.00000,0.0,0
1790729400,0.02373,0.02373,0.02373,0.02373,0.00000,0.0,0
1790729460,0.02373,0.02373,0.02373,0.02373,0.00000,0.0,0
1790729520,0.02375,0.02375,0.02375,0.02375,0.02375,4922.1208,1
1790729580,0.02374,0.02374,0.02374,0.02374,0.02374,5797.4151,1
1790729640,0.02374,0.02374,0.02374,0.02374,0.00000,0.0,0
1790729700,0.02374,0.02374,0.02374,0.02374,0.00000,0.0,0
1790729760,0.02374,0.02374,0.02374,0.02374,0.00000,0.0,0
1790729820,0.02374,0.02374,0.02374,0.02374,0.00000,0.0,0
1790729880,0.02374,0.02374,0.02374,0.02374,0.00000,0.0,0
1790729940,0.02374,0.02374,0.02374,0.02374,0.00000,0.0,0
1790730000,0.0239,0.0239,0.0239,0.0239,0.02390,2531.25,1
1790730060,0.02394,0.02394,0.02393,0.02393,0.02393,14023.0574,6
1790730120,0.02393,0.02393,0.02393,0.02393,0.00000,0.0,0
1790730180,0.02393,0.02393,0.02393,0.02393,0.00000,0.0,0
1790730240,0.02393,0.02393,0.02393,0.02393,0.00000,0.0,0
1790730300,0.02396,0.02396,0.02396,0.02396,0.02396,2531.25,1
1790730360,0.02396,0.02396,0.02394,0.02394,0.02394,11476.6803,2
1790730420,0.02394,0.02394,0.02394,0.02394,0.00000,0.0,0
1790730480,0.02394,0.02394,0.02394,0.02394,0.00000,0.0,0
1790730540,0.02393,0.02393,0.02393,0.02393,0.02393,2531.25,1
1790730600,0.02386,0.02386,0.02386,0.02386,0.02386,6822.777,2
1790730660,0.02386,0.02386,0.02386,0.02386,0.00000,0.0,0
1790730720,0.02394,0.02394,0.02394,0.02394,0.02394,7185.1533,1
1790730780,0.02394,0.02394,0.02394,0.02394,0.00000,0.0,0
1790730840,0.02394,0.02394,0.02394,0.02394,0.00000,0.0,0
1790730900,0.02394,0.02394,0.02394,0.02394,0.00000,0.0,0
1790730960,0.02394,0.02394,0.02394,0.02394,0.00000,0.0,0
1790731020,0.02394,0.02394,0.02394,0.02394,0.00000,0.0,0
1790731080,0.02394,0.02394,0.02394,0.02394,0.00000,0.0,0
1790731140,0.02394,0.02394,0.02394,0.02394,0.00000,0.0,0
1790731200,0.02394,0.02394,0.02394,0.02394,0.00000,0.0,0
1790731260,0.02394,0.02394,0.02394,0.02394,0.00000,0.0,0
1790731320,0.02386,0.02386,0.02386,0.02386,0.02386,5062.5,1
1790731380,0.02386,0.02386,0.02386,0.02386,0.00000,0.0,0
1790731440,0.02386,0.02386,0.02386,0.02386,0.00000,0.0,0
1790731500,0.02386,0.02386,0.02386,0.02386,0.00000,0.0,0
1790731560,0.02389,0.02389,0.02389,0.02389,0.02389,2531.25,1
1790731620,0.02389,0.02389,0.02389,0.02389,0.00000,0.0,0
1790731680,0.02389,0.02389,0.02389,0.02389,0.00000,0.0,0
1790731740,0.02389,0.02389,0.02389,0.02389,0.00000,0.0,0
1790731800,0.02385,0.02387,0.02385,0.02387,0.02386,14537.0926,5
1790731860,0.02389,0.02389,0.02389,0.02389,0.02389,8281.6313,1
1790731920,0.02389,0.02389,0.02389,0.02389,0.00000,0.0,0
1790731980,0.02389,0.02389,0.02389,0.02389,0.00000,0.0,0
1790732040,0.02389,0.02389,0.02389,0.02389,0.00000,0.0,0
1790732100,0.02389,0.02389,0.02389,0.02389,0.00000,0.0,0
1790732160,0.02389,0.02389,0.02389,0.02389,0.00000,0.0,0
1790732220,0.0238,0.0238,0.0238,0.0238,0.02380,5750.3813,2
1790732280,0.0238,0.0238,0.0238,0.0238,0.00000,0.0,0
1790732340,0.02381,0.02381,0.02381,0.02381,0.02381,6561.51862,1
1790732400,0.02381,0.02381,0.02381,0.02381,0.00000,0.0,0
1790732460,0.02381,0.02381,0.02381,0.02381,0.00000,0.0,0
1790732520,0.02385,0.02385,0.02385,0.02385,0.02385,2531.25,1
1790732580,0.02385,0.02385,0.02385,0.02385,0.00000,0.0,0
1790732640,0.02385,0.02385,0.02385,0.02385,0.00000,0.0,0
1790732700,0.02385,0.02385,0.02385,0.02385,0.00000,0.0,0
1790732760,0.02385,0.02385,0.02385,0.02385,0.00000,0.0,0
1790732820,0.02384,0.02384,0.02384,0.02384,0.02384,2531.25,1
1790732880,0.02384,0.02384,0.02384,0.02384,0.02384,9506.8635,1
1790732940,0.02384,0.02384,0.02384,0.02384,0.00000,0.0,0
1790733000,0.02384,0.02384,0.02384,0.02384,0.00000,0.0,0
1790733060,0.02384,0.02384,0.02384,0.02384,0.00000,0.0,0
1790733120,0.02384,0.02384,0.02384,0.02384,0.00000,0.0,0
1790733180,0.02384,0.02384,0.02384,0.02384,0.00000,0.0,0
1790733240,0.02384,0.02384,0.02384,0.02384,0.00000,0.0,0
1790733300,0.02379,0.02379,0.02379,0.02379,0.02379,1087.0623,1
1790733360,0.02379,0.02379,0.02379,0.02379,0.00000,0.0,0
1790733420,0.02379,0.02379,0.02379,0.02379,0.00000,0.0,0
1790733480,0.02379,0.02379,0.02379,0.02379,0.00000,0.0,0
1790733540,0.02379,0.02379,0.02379,0.02379,0.00000,0.0,0
1790733600,0.02376,0.02376,0.02376,0.02376,0.02376,10744.9084,1
1790733660,0.02376,0.02376,0.02376,0.02376,0.00000,0.0,0
1790733720,0.02383,0.02383,0.0238,0.0238,0.02381,12868.0254,3
1790733780,0.0238,0.0238,0.0238,0.0238,0.00000,0.0,0
1790733840,0.02384,0.02387,0.02384,0.02387,0.02384,14116.4014,3
1790733900,0.02389,0.02389,0.02389,0.02389,0.02389,5062.5,1
1790733960,0.02389,0.02389,0.02389,0.02389,0.00000,0.0,0
1790734020,0.02395,0.024,0.02395,0.02398,0.02398,21716.96852,3
1790734080,0.02396,0.02396,0.02396,0.02396,0.02396,8949.74,3
1790734140,0.02391,0.02391,0.02391,0.02391,0.02391,9626.7583,4
1790734200,0.02391,0.02391,0.02391,0.02391,0.00000,0.0,0
1790734260,0.02391,0.02391,0.02391,0.02391,0.00000,0.0,0
1790734320,0.02391,0.02391,0.02391,0.02391,0.00000,0.0,0
1790734380,0.02391,0.02391,0.02391,0.02391,0.00000,0.0,0
1790734440,0.02391,0.02391,0.02391,0.02391,0.00000,0.0,0
1790734500,0.02391,0.02391,0.02391,0.02391,0.00000,0.0,0
1790734560,0.02391,0.02391,0.02391,0.02391,0.00000,0.0,0
1790734620,0.02391,0.02391,0.02391,0.02391,0.00000,0.0,0
1790734680,0.02391,0.02391,0.02391,0.02391,0.00000,0.0,0
1790734740,0.02384,0.02384,0.02384,0.02384,0.02384,7728.9743,1
1790734800,0.02384,0.02384,0.02384,0.02384,0.00000,0.0,0
1790734860,0.0238,0.0238,0.0238,0.0238,0.02380,3253.774,2
1790734920,0.0238,0.0238,0.0238,0.0238,0.00000,0.0,0
1790734980,0.02394,0.02394,0.02392,0.02392,0.02392,19031.2939,6
1790735040,0.02392,0.02392,0.02392,0.02392,0.00000,0.0,0
1790735100,0.02392,0.02392,0.02392,0.02392,0.00000,0.0,0
1790735160,0.02392,0.02392,0.02392,0.02392,0.00000,0.0,0
1790735220,0.02392,0.02392,0.02392,0.02392,0.00000,0.0,0
1790735280,0.02392,0.02392,0.02392,0.02392,0.00000,0.0,0
1790735340,0.02379,0.02381,0.02379,0.0238,0.02379,26628.32438,8
1790735400,0.02378,0.02378,0.02378,0.02378,0.02378,25637.17675,2
1790735460,0.02374,0.02374,0.02374,0.02374,0.02374,7593.75,1
1790735520,0.02374,0.02374,0.02374,0.02374,0.00000,0.0,0
1790735580,0.02374,0.02374,0.02374,0.02374,0.00000,0.0,0
1790735640,0.02374,0.02374,0.02374,0.02374,0.00000,0.0,0
1790735700,0.02374,0.02374,0.02374,0.02374,0.00000,0.0,0
1790735760,0.02369,0.02369,0.02369,0.02369,0.02369,5062.5,2
1790735820,0.02374,0.02374,0.02374,0.02374,0.02374,5062.5,1
1790735880,0.02374,0.02374,0.02374,0.02374,0.00000,0.0,0
1790735940,0.02374,0.02374,0.02374,0.02374,0.00000,0.0,0
1790736000,0.0238,0.0238,0.0238,0.0238,0.02380,10931.11852,1
1790736060,0.0238,0.0238,0.0238,0.0238,0.00000,0.0,0
1790736120,0.02382,0.02382,0.02382,0.02382,0.02382,7593.75,3
1790736180,0.02382,0.02382,0.02382,0.02382,0.00000,0.0,0
1790736240,0.02382,0.02382,0.02382,0.02382,0.00000,0.0,0
1790736300,0.02382,0.02382,0.02382,0.02382,0.00000,0.0,0
1790736360,0.02382,0.02382,0.02382,0.02382,0.00000,0.0,0
1790736420,0.02382,0.02382,0.02382,0.02382,0.00000,0.0,0
1790736480,0.02387,0.02387,0.02384,0.02384,0.02384,11589.2249,3
1790736540,0.02384,0.02384,0.02384,0.02384,0.00000,0.0,0
1790736600,0.02384,0.02384,0.02384,0.02384,0.00000,0.0,0
1790736660,0.02384,0.02384,0.02384,0.02384,0.00000,0.0,0
1790736720,0.0238,0.02381,0.0238,0.02381,0.02380,7798.1911,2
1790736780,0.02381,0.02381,0.02381,0.02381,0.00000,0.0,0
1790736840,0.02382,0.02382,0.02382,0.02382,0.02382,7868.2397,1
1790736900,0.0238,0.0238,0.0238,0.0238,0.02380,9896.9388,3
1790736960,0.0238,0.0238,0.0238,0.0238,0.00000,0.0,0
1790737020,0.0238,0.0238,0.0238,0.0238,0.00000,0.0,0
1790737080,0.0238,0.0238,0.0238,0.0238,0.00000,0.0,0
1790737140,0.0238,0.0238,0.0238,0.0238,0.00000,0.0,0
1790737200,0.02378,0.02378,0.02378,0.02378,0.02378,1365.1349,1
1790737260,0.02378,0.02378,0.02378,0.02378,0.00000,0.0,0
1790737320,0.02378,0.02378,0.02378,0.02378,0.00000,0.0,0
1790737380,0.02378,0.02378,0.02378,0.02378,0.00000,0.0,0
1790737440,0.02378,0.02378,0.02378,0.02378,0.00000,0.0,0
1790737500,0.02378,0.02378,0.02378,0.02378,0.00000,0.0,0
1790737560,0.02378,0.02378,0.02378,0.02378,0.00000,0.0,0
1790737620,0.02367,0.02367,0.02367,0.02367,0.02367,3375.0,1
1790737680,0.02367,0.02367,0.02367,0.02367,0.00000,0.0,0
1790737740,0.02367,0.02367,0.02367,0.02367,0.00000,0.0,0
1790737800,0.02367,0.02367,0.02367,0.02367,0.00000,0.0,0
1790737860,0.02367,0.02367,0.02367,0.02367,0.00000,0.0,0
1790737920,0.02367,0.02367,0.02367,0.02367,0.00000,0.0,0
1790737980,0.02361,0.02361,0.02361,0.02361,0.02361,8138.4075,1
1790738040,0.02361,0.02361,0.02361,0.02361,0.00000,0.0,0
1790738100,0.02361,0.02361,0.02361,0.02361,0.00000,0.0,0
1790738160,0.02361,0.02361,0.02361,0.02361,0.00000,0.0,0
1790738220,0.02361,0.02361,0.02361,0.02361,0.00000,0.0,0
1790738280,0.02361,0.02361,0.02361,0.02361,0.00000,0.0,0
1790738340,0.02361,0.02361,0.02361,0.02361,0.00000,0.0,0
1790738400,0.02347,0.02347,0.02347,0.02347,0.02347,5776.8023,3
1790738460,0.02347,0.02347,0.02347,0.02347,0.00000,0.0,0
1790738520,0.02347,0.02347,0.02347,0.02347,0.00000,0.0,0
1790738580,0.02347,0.02347,0.02347,0.02347,0.00000,0.0,0
1790738640,0.02352,0.02352,0.02352,0.02352,0.02352,10645.0962,1
1790738700,0.02352,0.02352,0.02352,0.02352,0.00000,0.0,0
1790738760,0.0235,0.0235,0.0235,0.0235,0.02350,9087.0439,1
1790738820,0.0235,0.0235,0.0235,0.0235,0.00000,0.0,0
1790738880,0.0235,0.0235,0.0235,0.0235,0.00000,0.0,0
1790738940,0.0235,0.0235,0.0235,0.0235,0.00000,0.0,0
1790739000,0.0235,0.0235,0.0235,0.0235,0.00000,0.0,0
1790739060,0.0235,0.0235,0.0235,0.0235,0.00000,0.0,0
1790739120,0.0235,0.0235,0.0235,0.0235,0.00000,0.0,0
1790739180,0.0235,0.0235,0.0235,0.0235,0.00000,0.0,0
1790739240,0.0235,0.0235,0.0235,0.0235,0.00000,0.0,0
1790739300,0.0235,0.0235,0.0235,0.0235,0.00000,0.0,0
1790739360,0.0235,0.0235,0.0235,0.0235,0.00000,0.0,0
1790739420,0.02354,0.02354,0.02354,0.02354,0.02354,8907.2173,1
1790739480,0.02351,0.02351,0.02351,0.02351,0.02351,5577.9325,2
1790739540,0.02351,0.02351,0.02351,0.02351,0.00000,0.0,0
1790739600,0.02351,0.02351,0.02351,0.02351,0.00000,0.0,0
1790739660,0.02351,0.02351,0.02351,0.02351,0.00000,0.0,0
1790739720,0.02351,0.02351,0.02351,0.02351,0.00000,0.0,0
1790739780,0.02351,0.02351,0.02351,0.02351,0.00000,0.0,0
1790739840,0.02351,0.02351,0.02351,0.02351,0.00000,0.0,0
1790739900,0.02351,0.02351,0.02351,0.02351,0.00000,0.0,0
1790739960,0.02351,0.02351,0.02351,0.02351,0.00000,0.0,0
1790740020,0.02348,0.02348,0.02348,0.02348,0.02348,7561.5873,1
1790740080,0.02348,0.02348,0.02348,0.02348,0.00000,0.0,0
1790740140,0.02348,0.02348,0.02348,0.02348,0.00000,0.0,0
1790740200,0.0235,0.0235,0.0235,0.0235,0.02350,7927.3785,1
1790740260,0.0235,0.0235,0.0235,0.0235,0.00000,0.0,0
1790740320,0.0235,0.0235,0.0235,0.0235,0.00000,0.0,0
1790740380,0.02346,0.02346,0.02346,0.02346,0.02346,9202.3081,1
1790740440,0.02346,0.02346,0.02346,0.02346,0.00000,0.0,0
1790740500,0.02346,0.02346,0.02346,0.02346,0.02346,10679.0216,1
1790740560,0.02346,0.02346,0.02346,0.02346,0.00000,0.0,0
1790740620,0.02346,0.02346,0.02346,0.02346,0.00000,0.0,0
1790740680,0.02346,0.02346,0.02346,0.02346,0.00000,0.0,0
1790740740,0.02346,0.02346,0.02346,0.02346,0.00000,0.0,0
1790740800,0.02346,0.02346,0.02346,0.02346,0.00000,0.0,0
1790740860,0.02344,0.02344,0.02344,0.02344,0.02344,7561.5873,1
1790740920,0.02345,0.02345,0.02345,0.02345,0.02345,6325.31,2
1790740980,0.02345,0.02345,0.02345,0.02345,0.00000,0.0,0
1790741040,0.02351,0.02351,0.02347,0.02349,0.02349,20834.03871,5
1790741100,0.02349,0.02349,0.02349,0.02349,0.00000,0.0,0
1790741160,0.02352,0.02352,0.02352,0.02352,0.02352,10893.7091,1
1790741220,0.0234,0.0234,0.0234,0.0234,0.02340,7787.1629,3
1790741280,0.0234,0.0234,0.0234,0.0234,0.00000,0.0,0
1790741340,0.0234,0.0234,0.0234,0.0234,0.00000,0.0,0
1790741400,0.0234,0.0234,0.0234,0.0234,0.00000,0.0,0
1790741460,0.02343,0.02343,0.02343,0.02343,0.02343,812.0547,1
1790741520,0.02343,0.02343,0.02343,0.02343,0.00000,0.0,0
1790741580,0.02343,0.02343,0.02343,0.02343,0.00000,0.0,0
1790741640,0.02343,0.02343,0.02343,0.02343,0.00000,0.0,0
1790741700,0.02343,0.02343,0.02343,0.02343,0.00000,0.0,0
1790741760,0.02343,0.02343,0.02343,0.02343,0.00000,0.0,0
1790741820,0.02343,0.02343,0.02343,0.02343,0.00000,0.0,0
1790741880,0.02343,0.02343,0.02343,0.02343,0.00000,0.0,0
1790741940,0.02359,0.02359,0.02358,0.02358,0.02358,13500.0,2
1790742000,0.02358,0.02358,0.02358,0.02358,0.00000,0.0,0
1790742060,0.02358,0.02358,0.02358,0.02358,0.02358,8016.8218,1
1790742120,0.02358,0.02358,0.02358,0.02358,0.00000,0.0,0
1790742180,0.02358,0.02358,0.02358,0.02358,0.00000,0.0,0
1790742240,0.02358,0.02358,0.02358,0.02358,0.00000,0.0,0
1790742300,0.02363,0.02363,0.02363,0.02363,0.02363,10303.4215,3
1790742360,0.02363,0.02363,0.02363,0.02363,0.00000,0.0,0
1790742420,0.02363,0.02363,0.02363,0.02363,0.00000,0.0,0
1790742480,0.02363,0.02363,0.02363,0.02363,0.00000,0.0,0
1790742540,0.02363,0.02363,0.02363,0.02363,0.00000,0.0,0
1790742600,0.02363,0.02363,0.02363,0.02363,0.00000,0.0,0
1790742660,0.02363,0.02363,0.02363,0.02363,0.00000,0.0,0
1790742720,0.02363,0.02363,0.02363,0.02363,0.00000,0.0,0
1790742780,0.02363,0.02363,0.02363,0.02363,0.00000,0.0,0
1790742840,0.02363,0.02363,0.02363,0.02363,0.00000,0.0,0
1790742900,0.02353,0.02355,0.02352,0.02355,0.02354,23958.75092,3
1790742960,0.02357,0.02357,0.02357,0.02357,0.02357,7158.7773,1
1790743020,0.02357,0.02357,0.02357,0.02357,0.00000,0.0,0
1790743080,0.02357,0.02357,0.02357,0.02357,0.00000,0.0,0
1790743140,0.02357,0.02357,0.02357,0.02357,0.00000,0.0,0
1790743200,0.02359,0.02359,0.02359,0.02359,0.02359,8796.2206,1
1790743260,0.02359,0.02359,0.02359,0.02359,0.00000,0.0,0
1790743320,0.02359,0.02359,0.02359,0.02359,0.00000,0.0,0
1790743380,0.02359,0.02359,0.02359,0.02359,0.00000,0.0,0
1790743440,0.02359,0.02359,0.02359,0.02359,0.00000,0.0,0
1790743500,0.02359,0.02359,0.02359,0.02359,0.00000,0.0,0
1790743560,0.02359,0.02359,0.02359,0.02359,0.00000,0.0,0
1790743620,0.02359,0.02359,0.02359,0.02359,0.00000,0.0,0
1790743680,0.02359,0.02359,0.02359,0.02359,0.00000,0.0,0
1790743740,0.02359,0.02359,0.02359,0.02359,0.00000,0.0,0
1790743800,0.02356,0.02356,0.02356,0.02356,0.02356,10764.8898,1
1790743860,0.02356,0.02356,0.02356,0.02356,0.00000,0.0,0
1790743920,0.02356,0.02356,0.02356,0.02356,0.00000,0.0,0
1790743980,0.02356,0.02356,0.02356,0.02356,0.00000,0.0,0
1790744040,0.02356,0.02356,0.02356,0.02356,0.00000,0.0,0
1790744100,0.02356,0.02356,0.02356,0.02356,0.00000,0.0,0
1790744160,0.02356,0.02356,0.02356,0.02356,0.00000,0.0,0
1790744220,0.02356,0.02356,0.02356,0.02356,0.00000,0.0,0
1790744280,0.02356,0.02356,0.02356,0.02356,0.00000,0.0,0
1790744340,0.02353,0.02353,0.02353,0.02353,0.02353,12834.30776,2
1790744400,0.02355,0.02362,0.02355,0.02362,0.02361,7510.8389,3
1790744460,0.02363,0.02363,0.02363,0.02363,0.02363,261.65077,1
1790744520,0.02364,0.02364,0.02364,0.02364,0.02364,9143.311,1
1790744580,0.02364,0.02364,0.02364,0.02364,0.00000,0.0,0
1790744640,0.02364,0.02364,0.02364,0.02364,0.00000,0.0,0
1790744700,0.02364,0.02364,0.02364,0.02364,0.00000,0.0,0
1790744760,0.02364,0.02364,0.02364,0.02364,0.00000,0.0,0
1790744820,0.02364,0.02364,0.02364,0.02364,0.00000,0.0,0
1790744880,0.02364,0.02364,0.02364,0.02364,0.00000,0.0,0
1790744940,0.02351,0.02351,0.02351,0.02351,0.02351,11073.3981,1
1790745000,0.02351,0.02351,0.02351,0.02351,0.02351,3155.7739,2
1790745060,0.02351,0.02351,0.02351,0.02351,0.02351,2131.7615,3
1790745120,0.02351,0.02351,0.02351,0.02351,0.00000,0.0,0
1790745180,0.02351,0.02351,0.02351,0.02351,0.02351,14929.10206,3
1790745240,0.02351,0.02351,0.02351,0.02351,0.00000,0.0,0
1790745300,0.02347,0.02347,0.02347,0.02347,0.02347,9190.8898,1
1790745360,0.0235,0.0235,0.0235,0.0235,0.02350,9596.6456,3
1790745420,0.0235,0.0235,0.0235,0.0235,0.00000,0.0,0
1790745480,0.02352,0.02352,0.02352,0.02352,0.02352,4057.7469,2
1790745540,0.02352,0.02352,0.02352,0.02352,0.00000,0.0,0
1790745600,0.02352,0.02356,0.02352,0.02356,0.02354,19099.76875,3
1790745660,0.02356,0.02356,0.02356,0.02356,0.00000,0.0,0
1790745720,0.02356,0.02356,0.02356,0.02356,0.00000,0.0,0
1790745780,0.02356,0.02356,0.02356,0.02356,0.00000,0.0,0
1790745840,0.02356,0.02356,0.02356,0.02356,0.00000,0.0,0
1790745900,0.0236,0.0236,0.0236,0.0236,0.02360,7527.9586,1
1790745960,0.0236,0.0236,0.0236,0.0236,0.00000,0.0,0
1790746020,0.02364,0.02364,0.02364,0.02364,0.02364,10144.8902,2
1790746080,0.02364,0.02364,0.02364,0.02364,0.00000,0.0,0
1790746140,0.02364,0.02364,0.02364,0.02364,0.00000,0.0,0
1790746200,0.02364,0.02364,0.02363,0.02364,0.02363,9872.5245,4
1790746260,0.0237,0.0237,0.0237,0.0237,0.02370,8391.9742,2
1790746320,0.02375,0.02375,0.02375,0.02375,0.02375,7600.4196,1
1790746380,0.02375,0.02375,0.02375,0.02375,0.00000,0.0,0
1790746440,0.02375,0.02375,0.02375,0.02375,0.02375,2732.8867,1
1790746500,0.02375,0.02376,0.02375,0.02376,0.02375,26565.74734,6
1790746560,0.02377,0.02377,0.02377,0.02377,0.02377,8491.196,2
1790746620,0.02377,0.02377,0.02377,0.02377,0.00000,0.0,0
1790746680,0.02377,0.02377,0.02377,0.02377,0.00000,0.0,0
1790746740,0.02377,0.02377,0.02377,0.02377,0.00000,0.0,0
1790746800,0.02372,0.02372,0.02372,0.02372,0.02372,10721.1907,1
1790746860,0.02372,0.02372,0.02372,0.02372,0.00000,0.0,0
1790746920,0.02372,0.02372,0.02372,0.02372,0.00000,0.0,0
1790746980,0.02372,0.02372,0.02372,0.02372,0.00000,0.0,0
1790747040,0.02378,0.02378,0.02378,0.02378,0.02378,6146.6394,2
1790747100,0.02378,0.02378,0.02378,0.02378,0.00000,0.0,0
1790747160,0.02378,0.02378,0.02378,0.02378,0.00000,0.0,0
1790747220,0.02378,0.02378,0.02378,0.02378,0.00000,0.0,0
1790747280,0.02378,0.02378,0.02378,0.02378,0.00000,0.0,0
1790747340,0.02378,0.02378,0.02378,0.02378,0.00000,0.0,0
1790747400,0.02378,0.02378,0.02378,0.02378,0.00000,0.0,0
1790747460,0.02378,0.02378,0.02378,0.02378,0.00000,0.0,0
1790747520,0.02378,0.02378,0.02378,0.02378,0.00000,0.0,0
1790747580,0.02368,0.02368,0.02368,0.02368,0.02368,262.5,1
1790747640,0.02367,0.02367,0.02367,0.02367,0.02367,10125.0,2
1790747700,0.02367,0.02367,0.02367,0.02367,0.00000,0.0,0
1790747760,0.02367,0.02367,0.02367,0.02367,0.00000,0.0,0
1790747820,0.02367,0.02367,0.02367,0.02367,0.00000,0.0,0
1790747880,0.02357,0.02358,0.02357,0.02358,0.02357,13858.98149,6
1790747940,0.02358,0.02358,0.02358,0.02358,0.00000,0.0,0
1790748000,0.02358,0.02358,0.02358,0.02358,0.00000,0.0,0
1790748060,0.02358,0.02358,0.02358,0.02358,0.00000,0.0,0
1790748120,0.02358,0.02358,0.02358,0.02358,0.00000,0.0,0
1790748180,0.02358,0.02358,0.02358,0.02358,0.00000,0.0,0
1790748240,0.02358,0.02358,0.02358,0.02358,0.00000,0.0,0
1790748300,0.02358,0.02358,0.02358,0.02358,0.00000,0.0,0
1790748360,0.02358,0.02358,0.02358,0.02358,0.00000,0.0,0
1790748420,0.02358,0.02358,0.02358,0.02358,0.00000,0.0,0
1790748480,0.02358,0.02358,0.02358,0.02358,0.00000,0.0,0
1790748540,0.02359,0.02359,0.02359,0.02359,0.02359,8210.3209,1
1790748600,0.02359,0.02359,0.02359,0.02359,0.00000,0.0,0
1790748660,0.02355,0.02355,0.02355,0.02355,0.02355,9599.5536,1
1790748720,0.02355,0.02355,0.02355,0.02355,0.00000,0.0,0
1790748780,0.02347,0.02347,0.02347,0.02347,0.02347,13900.0055,2
1790748840,0.02349,0.02352,0.02349,0.02352,0.02350,13604.97926,3
1790748900,0.0236,0.0236,0.0236,0.0236,0.02360,2725.8986,1
1790748960,0.0236,0.0236,0.0236,0.0236,0.00000,0.0,0
1790749020,0.0236,0.0236,0.0236,0.0236,0.02360,8754.3141,3
1790749080,0.0236,0.0236,0.0236,0.0236,0.00000,0.0,0
1790749140,0.0236,0.0236,0.0236,0.0236,0.00000,0.0,0
1790749200,0.02359,0.02359,0.02359,0.02359,0.02359,5379.3141,1
1790749260,0.02359,0.02359,0.02359,0.02359,0.00000,0.0,0
1790749320,0.02359,0.02359,0.02359,0.02359,0.00000,0.0,0
1790749380,0.02356,0.02356,0.02356,0.02356,0.02356,3375.0,1
1790749440,0.02356,0.02356,0.02356,0.02356,0.00000,0.0,0
1790749500,0.02356,0.02356,0.02356,0.02356,0.00000,0.0,0
1790749560,0.02356,0.02356,0.02356,0.02356,0.00000,0.0,0
1790749620,0.02356,0.02356,0.02356,0.02356,0.00000,0.0,0
1790749680,0.02348,0.02348,0.02348,0.02348,0.02348,8767.5493,2
1790749740,0.02347,0.02347,0.02346,0.02346,0.02346,19639.2737,3
1790749800,0.02346,0.02346,0.02346,0.02346,0.00000,0.0,0
1790749860,0.02346,0.02346,0.02346,0.02346,0.00000,0.0,0
1790749920,0.02346,0.02346,0.02346,0.02346,0.02346,10998.54923,1
1790749980,0.02346,0.02346,0.02346,0.02346,0.00000,0.0,0
1790750040,0.02346,0.02346,0.02346,0.02346,0.00000,0.0,0
1790750100,0.02344,0.02344,0.02344,0.02344,0.02344,9355.1189,2
1790750160,0.02344,0.02344,0.02344,0.02344,0.00000,0.0,0
1790750220,0.02344,0.02344,0.02344,0.02344,0.00000,0.0,0
1790750280,0.02344,0.02344,0.02344,0.02344,0.00000,0.0,0
1790750340,0.02342,0.02342,0.02341,0.02341,0.02341,8608.3945,2
1790750400,0.02341,0.02341,0.02341,0.02341,0.00000,0.0,0
1790750460,0.02341,0.02341,0.02341,0.02341,0.00000,0.0,0
1790750520,0.02341,0.02341,0.02341,0.02341,0.02341,21909.8829,1
1790750580,0.02346,0.02346,0.02346,0.02346,0.02346,9320.99006,1
1790750640,0.02346,0.02346,0.02346,0.02346,0.00000,0.0,0
1790750700,0.02346,0.02346,0.02346,0.02346,0.00000,0.0,0
1790750760,0.02346,0.02346,0.02346,0.02346,0.00000,0.0,0
1790750820,0.02346,0.02346,0.02346,0.02346,0.00000,0.0,0
1790750880,0.02339,0.02339,0.02339,0.02339,0.02339,11406.69379,2
1790750940,0.0234,0.0234,0.0234,0.0234,0.02340,7327.1915,2
1790751000,0.0234,0.0234,0.0234,0.0234,0.02340,2136.75213,1
1790751060,0.02347,0.02347,0.02347,0.02347,0.02347,22326.2111,4
1790751120,0.02347,0.02347,0.02347,0.02347,0.00000,0.0,0
1790751180,0.02352,0.02352,0.02352,0.02352,0.02352,9496.7706,4
1790751240,0.02351,0.02352,0.02351,0.02352,0.02351,25814.0801,5
1790751300,0.02352,0.02352,0.02352,0.02352,0.00000,0.0,0
1790751360,0.02362,0.02362,0.02361,0.02361,0.02361,29396.91595,2
1790751420,0.02361,0.02361,0.02361,0.02361,0.00000,0.0,0
1790751480,0.02361,0.02361,0.02361,0.02361,0.00000,0.0,0
1790751540,0.02351,0.02351,0.02351,0.02351,0.02351,7941.1,1
1790751600,0.02351,0.02351,0.02351,0.02351,0.00000,0.0,0
1790751660,0.02351,0.02351,0.02351,0.02351,0.00000,0.0,0
1790751720,0.02356,0.02356,0.02356,0.02356,0.02356,3375.0,1
1790751780,0.02364,0.02364,0.02364,0.02364,0.02364,2821.2946,1
1790751840,0.02358,0.02358,0.02358,0.02358,0.02358,6984.2831,2
1790751900,0.02358,0.02358,0.02358,0.02358,0.00000,0.0,0
1790751960,0.02358,0.02358,0.02358,0.02358,0.00000,0.0,0
1790752020,0.02358,0.02358,0.02358,0.02358,0.00000,0.0,0
1790752080,0.02358,0.02358,0.02358,0.02358,0.00000,0.0,0
1790752140,0.02358,0.02358,0.02358,0.02358,0.00000,0.0,0
1790752200,0.0235,0.0235,0.0235,0.0235,0.02350,9844.0004,2
1790752260,0.0235,0.0235,0.0235,0.0235,0.00000,0.0,0
1790752320,0.0235,0.0235,0.0235,0.0235,0.00000,0.0,0
1790752380,0.02338,0.02338,0.02338,0.02338,0.02338,3421.7165,1
1790752440,0.02338,0.02338,0.02338,0.02338,0.00000,0.0,0
1790752500,0.02338,0.02338,0.02338,0.02338,0.00000,0.0,0
1790752560,0.02338,0.02338,0.02338,0.02338,0.00000,0.0,0
1790752620,0.02338,0.02338,0.02338,0.02338,0.02338,9271.92713,1
1790752680,0.02338,0.02338,0.02338,0.02338,0.00000,0.0,0
1790752740,0.02338,0.02338,0.02338,0.02338,0.00000,0.0,0
1790752800,0.02338,0.02338,0.02338,0.02338,0.00000,0.0,0
1790752860,0.02362,0.02362,0.02362,0.02362,0.02362,11000.4923,1
1790752920,0.02362,0.02362,0.02362,0.02362,0.00000,0.0,0
1790752980,0.02362,0.02362,0.02362,0.02362,0.00000,0.0,0
1790753040,0.02358,0.02358,0.02358,0.02358,0.02358,10555.5232,1
1790753100,0.02358,0.02358,0.02358,0.02358,0.00000,0.0,0
1790753160,0.02362,0.02362,0.02355,0.02355,0.02357,18056.0155,4
1790753220,0.02358,0.02358,0.02357,0.02357,0.02357,10125.0,2
1790753280,0.02357,0.02357,0.02357,0.02357,0.00000,0.0,0
1790753340,0.02357,0.02357,0.02357,0.02357,0.00000,0.0,0
1790753400,0.02355,0.02357,0.02355,0.02357,0.02356,120693.6526,6
1790753460,0.02373,0.02373,0.02373,0.02373,0.02373,4876.7688,3
1790753520,0.02374,0.02374,0.02374,0.02374,0.02374,8587.6631,1
1790753580,0.02374,0.02374,0.02374,0.02374,0.00000,0.0,0
1790753640,0.02375,0.02376,0.02375,0.02376,0.02375,15684.1365,5
1790753700,0.02376,0.02378,0.02376,0.02378,0.02376,9753.65528,3
1790753760,0.02381,0.02381,0.02381,0.02381,0.02381,9966.6795,1
1790753820,0.02381,0.02381,0.02381,0.02381,0.00000,0.0,0
1790753880,0.02383,0.02383,0.0238,0.0238,0.02381,14666.9007,3
1790753940,0.0238,0.0238,0.0238,0.0238,0.00000,0.0,0
1790754000,0.0238,0.0238,0.0238,0.0238,0.00000,0.0,0
1790754060,0.02382,0.02383,0.02382,0.02383,0.02382,28813.51033,3
1790754120,0.02382,0.02382,0.02382,0.02382,0.02382,210.08403,1
1790754180,0.02382,0.02382,0.02382,0.02382,0.00000,0.0,0
1790754240,0.02381,0.02382,0.02381,0.02382,0.02381,11846.54344,4
1790754300,0.02385,0.02385,0.02383,0.02383,0.02384,17833.90633,2
1790754360,0.02383,0.02383,0.02383,0.02383,0.00000,0.0,0
1790754420,0.0239,0.0239,0.0239,0.0239,0.02390,10617.6104,2
1790754480,0.02385,0.02385,0.02381,0.02381,0.02383,32909.31453,5
1790754540,0.02381,0.02381,0.02381,0.02381,0.00000,0.0,0
1790754600,0.02391,0.02392,0.02391,0.02392,0.02391,20264.9547,5
1790754660,0.02395,0.02395,0.0239,0.0239,0.02393,42099.02834,8
1790754720,0.02393,0.02405,0.02393,0.02404,0.02400,53594.2087,10
1790754780,0.02412,0.02413,0.02412,0.02412,0.02412,18655.47161,3
1790754840,0.02405,0.02405,0.02404,0.02404,0.02404,9562.68511,2
1790754900,0.02404,0.02404,0.02404,0.02404,0.02404,10734.98662,1
1790754960,0.02403,0.02403,0.02403,0.02403,0.02403,10139.45505,3
1790755020,0.02394,0.02396,0.02394,0.02396,0.02394,20856.12353,3
1790755080,0.02398,0.02398,0.02396,0.02396,0.02396,22161.85463,3
1790755140,0.02396,0.02396,0.02396,0.02396,0.00000,0.0,0
1790755200,0.02402,0.02402,0.02402,0.02402,0.02402,2970.4863,1
1790755260,0.02396,0.02396,0.02394,0.02394,0.02395,20179.5345,5
1790755320,0.02394,0.02394,0.02394,0.02394,0.00000,0.0,0
1790755380,0.02395,0.02395,0.02395,0.02395,0.02395,7943.6741,2
1790755440,0.02395,0.02395,0.02395,0.02395,0.00000,0.0,0
1790755500,0.024,0.024,0.024,0.024,0.02400,9563.4407,1
1790755560,0.024,0.024,0.024,0.024,0.00000,0.0,0
1790755620,0.02395,0.02395,0.02395,0.02395,0.02395,9146.8434,4
1790755680,0.0239,0.0239,0.0239,0.0239,0.02390,7041.0815,2
1790755740,0.02384,0.02384,0.02384,0.02384,0.02384,12429.7209,2
1790755800,0.02384,0.02384,0.02384,0.02384,0.00000,0.0,0
1790755860,0.0238,0.0238,0.0238,0.0238,0.02380,9278.22745,2
1790755920,0.02381,0.02381,0.02381,0.02381,0.02381,10699.035,3
1790755980,0.02381,0.02381,0.02381,0.02381,0.00000,0.0,0
1790756040,0.02381,0.02381,0.02381,0.02381,0.00000,0.0,0
1790756100,0.02381,0.02381,0.02381,0.02381,0.00000,0.0,0
1790756160,0.0238,0.02382,0.0238,0.02382,0.02380,18039.46647,3
1790756220,0.02382,0.02382,0.02382,0.02382,0.00000,0.0,0
1790756280,0.02382,0.02382,0.02382,0.02382,0.00000,0.0,0
1790756340,0.02382,0.02382,0.02382,0.02382,0.00000,0.0,0
1790756400,0.02379,0.02379,0.02379,0.02379,0.02379,17684.2375,1
1790756460,0.02379,0.02379,0.02379,0.02379,0.00000,0.0,0
1790756520,0.02379,0.02379,0.02379,0.02379,0.00000,0.0,0
1790756580,0.02379,0.02379,0.02379,0.02379,0.00000,0.0,0
1790756640,0.02385,0.02385,0.02383,0.02383,0.02384,38467.8187,4
1790756700,0.02382,0.02382,0.02382,0.02382,0.02382,10993.1149,1
1790756760,0.02382,0.02382,0.02382,0.02382,0.00000,0.0,0
1790756820,0.02382,0.02382,0.02382,0.02382,0.00000,0.0,0
1790756880,0.02382,0.02382,0.02382,0.02382,0.00000,0.0,0
1790756940,0.02382,0.02382,0.02382,0.02382,0.00000,0.0,0
1790757000,0.02382,0.02382,0.02382,0.02382,0.00000,0.0,0
1790757060,0.02382,0.02382,0.02382,0.02382,0.00000,0.0,0
1790757120,0.02382,0.02382,0.02382,0.02382,0.00000,0.0,0
1790757180,0.02375,0.02375,0.02375,0.02375,0.02375,10675.3911,2
1790757240,0.02372,0.02374,0.02372,0.02374,0.02372,9807.2762,2
1790757300,0.02374,0.02374,0.02374,0.02374,0.00000,0.0,0
1790757360,0.02376,0.02378,0.02376,0.02378,0.02377,19725.5091,3
1790757420,0.02375,0.02375,0.02375,0.02375,0.02375,10872.1727,3
1790757480,0.02375,0.02375,0.02375,0.02375,0.00000,0.0,0
1790757540,0.02384,0.02384,0.02384,0.02384,0.02384,10093.6774,2
1790757600,0.02385,0.02385,0.02383,0.02383,0.02384,19197.2832,3
1790757660,0.02378,0.02378,0.02378,0.02378,0.02378,9461.8712,4
1790757720,0.02378,0.02378,0.02378,0.02378,0.00000,0.0,0
1790757780,0.02378,0.02378,0.02378,0.02378,0.00000,0.0,0
1790757840,0.02378,0.02378,0.02378,0.02378,0.00000,0.0,0
1790757900,0.02372,0.02372,0.02372,0.02372,0.02372,4957.5958,2
1790757960,0.02377,0.02377,0.02377,0.02377,0.02377,3375.0,1
1790758020,0.02377,0.02377,0.02377,0.02377,0.00000,0.0,0
1790758080,0.02387,0.02388,0.02387,0.02388,0.02387,10125.0,2
1790758140,0.02388,0.02388,0.02388,0.02388,0.00000,0.0,0
1790758200,0.02395,0.02395,0.02395,0.02395,0.02395,10613.949,1
1790758260,0.02386,0.02387,0.02375,0.02375,0.02386,26452.80374,5
1790758320,0.02372,0.02374,0.02372,0.02374,0.02372,17955.00083,2
1790758380,0.02377,0.02377,0.02377,0.02377,0.02377,8813.9803,1
1790758440,0.02377,0.02377,0.02377,0.02377,0.00000,0.0,0
1790758500,0.02377,0.02377,0.02377,0.02377,0.00000,0.0,0
1790758560,0.02376,0.02376,0.02376,0.02376,0.02376,10842.3033,1
1790758620,0.02376,0.02376,0.02376,0.02376,0.00000,0.0,0
1790758680,0.02376,0.02376,0.02376,0.02376,0.00000,0.0,0
1790758740,0.02376,0.02376,0.02376,0.02376,0.00000,0.0,0
1790758800,0.02376,0.02376,0.02376,0.02376,0.00000,0.0,0
1790758860,0.02376,0.02376,0.02376,0.02376,0.00000,0.0,0
1790758920,0.02377,0.02377,0.02376,0.02376,0.02376,17457.7585,2
1790758980,0.0238,0.0238,0.0238,0.0238,0.02380,4778.1902,1
1790759040,0.0238,0.0238,0.0238,0.0238,0.00000,0.0,0
1790759100,0.0238,0.0238,0.0238,0.0238,0.00000,0.0,0
1790759160,0.02388,0.02388,0.02388,0.02388,0.02388,9697.3778,3
1790759220,0.02388,0.02388,0.02388,0.02388,0.00000,0.0,0
1790759280,0.02388,0.02388,0.02388,0.02388,0.00000,0.0,0
1790759340,0.02388,0.02388,0.02388,0.02388,0.00000,0.0,0
1790759400,0.02388,0.02388,0.02388,0.02388,0.00000,0.0,0
1790759460,0.02388,0.02388,0.02388,0.02388,0.00000,0.0,0
1790759520,0.02395,0.02396,0.02395,0.02396,0.02395,20677.6222,3
1790759580,0.02396,0.02396,0.02396,0.02396,0.00000,0.0,0
1790759640,0.02396,0.02396,0.02396,0.02396,0.00000,0.0,0
1790759700,0.02398,0.02398,0.02398,0.02398,0.02398,10464.5957,1
1790759760,0.02396,0.02396,0.02396,0.02396,0.02396,9064.9902,2
1790759820,0.02398,0.02398,0.02397,0.02397,0.02397,31215.1441,6
1790759880,0.02394,0.02395,0.02394,0.02395,0.02394,18286.7533,2
1790759940,0.02394,0.02394,0.02393,0.02393,0.02393,20165.0298,2
1790760000,0.02391,0.02393,0.02391,0.02393,0.02392,28998.0065,3
1790760060,0.02399,0.02399,0.02399,0.02399,0.02399,9317.2725,2
1790760120,0.02399,0.02399,0.02399,0.02399,0.00000,0.0,0
1790760180,0.02395,0.02399,0.02395,0.02399,0.02397,14370.8603,2
1790760240,0.02396,0.02396,0.02396,0.02396,0.02396,8556.4141,1
1790760300,0.02396,0.02396,0.02396,0.02396,0.00000,0.0,0
1790760360,0.02396,0.02396,0.02396,0.02396,0.00000,0.0,0
1790760420,0.02396,0.02396,0.02396,0.02396,0.00000,0.0,0
1790760480,0.02396,0.02396,0.02396,0.02396,0.00000,0.0,0
1790760540,0.02402,0.02402,0.02402,0.02402,0.02402,5187.9074,1
1790760600,0.02406,0.02406,0.02406,0.02406,0.02406,9889.5706,2
1790760660,0.02406,0.02406,0.02406,0.02406,0.00000,0.0,0
1790760720,0.02414,0.02417,0.02414,0.02417,0.02415,26481.71431,4
1790760780,0.02419,0.0242,0.02419,0.0242,0.02419,13696.6346,2
1790760840,0.0242,0.0242,0.0242,0.0242,0.00000,0.0,0
1790760900,0.0242,0.0242,0.0242,0.0242,0.00000,0.0,0
1790760960,0.0242,0.0242,0.0242,0.0242,0.00000,0.0,0
1790761020,0.02425,0.02425,0.02425,0.02425,0.02425,9320.3509,1
1790761080,0.02422,0.02423,0.02422,0.02423,0.02422,13000.0,2
1790761140,0.0242,0.0242,0.0242,0.0242,0.02420,10866.2599,1
1790761200,0.02416,0.02419,0.02416,0.02419,0.02416,11690.58184,2
1790761260,0.02419,0.02419,0.02419,0.02419,0.00000,0.0,0
1790761320,0.02415,0.02415,0.02415,0.02415,0.02415,10141.9046,1
1790761380,0.02415,0.02415,0.02415,0.02415,0.00000,0.0,0
1790761440,0.0241,0.0241,0.02407,0.02408,0.02407,34349.619,3
1790761500,0.02409,0.02409,0.02409,0.02409,0.02409,9281.74144,1
1790761560,0.02411,0.02425,0.0241,0.02425,0.02421,145273.80952,13
1790761620,0.02426,0.02432,0.02426,0.02432,0.02429,274379.74362,35
1790761680,0.02431,0.02431,0.02424,0.02424,0.02424,142754.24121,11
1790761740,0.02424,0.02424,0.02424,0.02424,0.00000,0.0,0
1790761800,0.0243,0.0243,0.02426,0.02426,0.02427,21062.3689,4
1790761860,0.02426,0.02426,0.02426,0.02426,0.00000,0.0,0
1790761920,0.02428,0.02428,0.02428,0.02428,0.02428,7412.4375,2
1790761980,0.02431,0.02433,0.02431,0.02433,0.02432,135998.33457,6
1790762040,0.02438,0.02438,0.02438,0.02438,0.02438,263.33145,1
1790762100,0.02438,0.02438,0.02438,0.02438,0.00000,0.0,0
1790762160,0.02437,0.02437,0.02437,0.02437,0.02437,9703.536,1
1790762220,0.02448,0.02448,0.02448,0.02448,0.02448,14752.252,2
1790762280,0.02458,0.02458,0.02456,0.02456,0.02457,26327.5441,4
1790762340,0.02445,0.02445,0.02439,0.02439,0.02442,17939.66449,2
1790762400,0.02444,0.02445,0.02444,0.02445,0.02444,19643.9075,4
1790762460,0.02445,0.02445,0.02445,0.02445,0.00000,0.0,0
1790762520,0.0244,0.0244,0.0244,0.0244,0.02440,8059.5469,1
1790762580,0.0244,0.0244,0.0244,0.0244,0.00000,0.0,0
1790762640,0.02439,0.02439,0.02438,0.02438,0.02438,13978.7828,2
1790762700,0.02436,0.0244,0.02436,0.0244,0.02438,15125.0,3
1790762760,0.02438,0.02438,0.02438,0.02438,0.02438,8917.22,1
1790762820,0.02438,0.02438,0.02438,0.02438,0.00000,0.0,0
1790762880,0.02438,0.02438,0.02438,0.02438,0.00000,0.0,0
1790762940,0.02438,0.02438,0.02438,0.02438,0.00000,0.0,0
1790727840,0.02344,0.02344,0.02344,0.02344,0.00000,0.0,0
1790727900,0.02344,0.02344,0.02344,0.02344,0.00000,0.0,0
1790727960,0.02343,0.02343,0.02343,0.02343,0.02343,392.65982,1
1790728020,0.02343,0.02343,0.02343,0.02343,0.00000,0.0,0
1790728080,0.02348,0.02348,0.02348,0.02348,0.02348,5000.0,1
1790728140,0.02348,0.02348,0.02348,0.02348,0.00000,0.0,0
1790728200,0.02348,0.02348,0.02348,0.02348,0.00000,0.0,0
1790728260,0.02357,0.02357,0.02357,0.02357,0.02357,3657.3663,1
1790728320,0.02357,0.02357,0.02357,0.02357,0.02357,2531.25,1
1790728380,0.0236,0.0236,0.0236,0.0236,0.02360,10628.1207,1
1790728440,0.0236,0.0236,0.0236,0.0236,0.00000,0.0,0
1790728500,0.02359,0.02359,0.02359,0.02359,0.02359,5000.0,1
1790728560,0.02353,0.02353,0.02353,0.02353,0.02353,7593.75,1
1790728620,0.0235,0.0235,0.0235,0.0235,0.02350,5000.0,2
1790728680,0.0235,0.0235,0.0235,0.0235,0.00000,0.0,0
1790728740,0.02357,0.0236,0.02357,0.0236,0.02359,13433.263,5
1790728800,0.02359,0.02359,0.02359,0.02359,0.02359,8884.2732,1
1790728860,0.02359,0.02359,0.02359,0.02359,0.00000,0.0,0
1790728920,0.02359,0.02359,0.02359,0.02359,0.00000,0.0,0
1790728980,0.02359,0.02359,0.02359,0.02359,0.00000,0.0,0
1790729040,0.02362,0.02362,0.02362,0.02362,0.02362,7593.75,1
1790729100,0.02364,0.02364,0.02364,0.02364,0.02364,7861.91318,2
1790729160,0.02363,0.02377,0.02363,0.02377,0.02372,49856.64991,10
1790729220,0.02381,0.02382,0.02377,0.02377,0.02380,45582.5837,8
1790729280,0.02375,0.02375,0.02373,0.02373,0.02374,18313.2859,5
1790729340,0.02373,0.02373,0.02373,0.02373,0.00000,0.0,0
1790729400,0.02373,0.02373,0.02373,0.02373,0.00000,0.0,0
1790729460,0.02373,0.02373,0.02373,0.02373,0.00000,0.0,0
1790729520,0.02375,0.02375,0.02375,0.02375,0.02375,4922.1208,1
1790729580,0.02374,0.02374,0.02374,0.02374,0.02374,5797.4151,1
1790729640,0.02374,0.02374,0.02374,0.02374,0.00000,0.0,0
1790729700,0.02374,0.02374,0.02374,0.02374,0.00000,0.0,0
1790729760,0.02374,0.02374,0.02374,0.02374,0.00000,0.0,0
1790729820,0.02374,0.02374,0.02374,0.02374,0.00000,0.0,0
1790729880,0.02374,0.02374,0.02374,0.02374,0.00000,0.0,0
1790729940,0.02374,0.02374,0.02374,0.02374,0.00000,0.0,0
1790730000,0.0239,0.0239,0.0239,0.0239,0.02390,2531.25,1
1790730060,0.02394,0.02394,0.02393,0.02393,0.02393,14023.0574,6
1790730120,0.02393,0.02393,0.02393,0.02393,0.00000,0.0,0
1790730180,0.02393,0.02393,0.02393,0.02393,0.00000,0.0,0
1790730240,0.02393,0.02393,0.02393,0.02393,0.00000,0.0,0
1790730300,0.02396,0.02396,0.02396,0.02396,0.02396,2531.25,1
1790730360,0.02396,0.02396,0.02394,0.02394,0.02394,11476.6803,2
1790730420,0.02394,0.02394,0.02394,0.02394,0.00000,0.0,0
1790730480,0.02394,0.02394,0.02394,0.02394,0.00000,0.0,0
1790730540,0.02393,0.02393,0.02393,0.02393,0.02393,2531.25,1
1790730600,0.02386,0.02386,0.02386,0.02386,0.02386,6822.777,2
1790730660,0.02386,0.02386,0.02386,0.02386,0.00000,0.0,0
1790730720,0.02394,0.02394,0.02394,0.02394,0.02394,7185.1533,1
1790730780,0.02394,0.02394,0.02394,0.02394,0.00000,0.0,0
1790730840,0.02394,0.02394,0.02394,0.02394,0.00000,0.0,0
1790730900,0.02394,0.02394,0.02394,0.02394,0.00000,0.0,0
1790730960,0.02394,0.02394,0.02394,0.02394,0.00000,0.0,0
1790731020,0.02394,0.02394,0.02394,0.02394,0.00000,0.0,0
1790731080,0.02394,0.02394,0.02394,0.02394,0.00000,0.0,0
1790731140,0.02394,0.02394,0.02394,0.02394,0.00000,0.0,0
1790731200,0.02394,0.02394,0.02394,0.02394,0.00000,0.0,0
1790731260,0.02394,0.02394,0.02394,0.02394,0.00000,0.0,0
1790731320,0.02386,0.02386,0.02386,0.02386,0.02386,5062.5,1
1790731380,0.02386,0.02386,0.02386,0.02386,0.00000,0.0,0
1790731440,0.02386,0.02386,0.02386,0.02386,0.00000,0.0,0
1790731500,0.02386,0.02386,0.02386,0.02386,0.00000,0.0,0
1790731560,0.02389,0.02389,0.02389,0.02389,0.02389,2531.25,1
1790731620,0.02389,0.02389,0.02389,0.02389,0.00000,0.0,0
1790731680,0.02389,0.02389,0.02389,0.02389,0.00000,0.0,0
1790731740,0.02389,0.02389,0.02389,0.02389,0.00000,0.0,0
1790731800,0.02385,0.02387,0.02385,0.02387,0.02386,14537.0926,5
1790731860,0.02389,0.02389,0.02389,0.02389,0.02389,8281.6313,1
1790731920,0.02389,0.02389,0.02389,0.02389,0.00000,0.0,0
1790731980,0.02389,0.02389,0.02389,0.02389,0.00000,0.0,0
1790732040,0.02389,0.02389,0.02389,0.02389,0.00000,0.0,0
1790732100,0.02389,0.02389,0.02389,0.02389,0.00000,0.0,0
1790732160,0.02389,0.02389,0.02389,0.02389,0.00000,0.0,0
1790732220,0.0238,0.0238,0.0238,0.0238,0.02380,5750.3813,2
1790732280,0.0238,0.0238,0.0238,0.0238,0.00000,0.0,0
1790732340,0.02381,0.02381,0.02381,0.02381,0.02381,6561.51862,1
1790732400,0.02381,0.02381,0.02381,0.02381,0.00000,0.0,0
1790732460,0.02381,0.02381,0.02381,0.02381,0.00000,0.0,0
1790732520,0.02385,0.02385,0.02385,0.02385,0.02385,2531.25,1
1790732580,0.02385,0.02385,0.02385,0.02385,0.00000,0.0,0
1790732640,0.02385,0.02385,0.02385,0.02385,0.00000,0.0,0
1790732700,0.02385,0.02385,0.02385,0.02385,0.00000,0.0,0
1790732760,0.02385,0.02385,0.02385,0.02385,0.00000,0.0,0
1790732820,0.02384,0.02384,0.02384,0.02384,0.02384,2531.25,1
1790732880,0.02384,0.02384,0.02384,0.02384,0.02384,9506.8635,1
1790732940,0.02384,0.02384,0.02384,0.02384,0.00000,0.0,0
1790733000,0.02384,0.02384,0.02384,0.02384,0.00000,0.0,0
1790733060,0.02384,0.02384,0.02384,0.02384,0.00000,0.0,0
1790733120,0.02384,0.02384,0.02384,0.02384,0.00000,0.0,0
1790733180,0.02384,0.02384,0.02384,0.02384,0.00000,0.0,0
1790733240,0.02384,0.02384,0.02384,0.02384,0.00000,0.0,0
1790733300,0.02379,0.02379,0.02379,0.02379,0.02379,1087.0623,1
1790733360,0.02379,0.02379,0.02379,0.02379,0.00000,0.0,0
1790733420,0.02379,0.02379,0.02379,0.02379,0.00000,0.0,0
1790733480,0.02379,0.02379,0.02379,0.02379,0.00000,0.0,0
1790733540,0.02379,0.02379,0.02379,0.02379,0.00000,0.0,0
1790733600,0.02376,0.02376,0.02376,0.02376,0.02376,10744.9084,1
1790733660,0.02376,0.02376,0.02376,0.02376,0.00000,0.0,0
1790733720,0.02383,0.02383,0.0238,0.0238,0.02381,12868.0254,3
1790733780,0.0238,0.0238,0.0238,0.0238,0.00000,0.0,0
1790733840,0.02384,0.02387,0.02384,0.02387,0.02384,14116.4014,3
1790733900,0.02389,0.02389,0.02389,0.02389,0.02389,5062.5,1
1790733960,0.02389,0.02389,0.02389,0.02389,0.00000,0.0,0
1790734020,0.02395,0.024,0.02395,0.02398,0.02398,21716.96852,3
1790734080,0.02396,0.02396,0.02396,0.02396,0.02396,8949.74,3
1790734140,0.02391,0.02391,0.02391,0.02391,0.02391,9626.7583,4
1790734200,0.02391,0.02391,0.02391,0.02391,0.00000,0.0,0
1790734260,0.02391,0.02391,0.02391,0.02391,0.00000,0.0,0
1790734320,0.02391,0.02391,0.02391,0.02391,0.00000,0.0,0
1790734380,0.02391,0.02391,0.02391,0.02391,0.00000,0.0,0
1790734440,0.02391,0.02391,0.02391,0.02391,0.00000,0.0,0
1790734500,0.02391,0.02391,0.02391,0.02391,0.00000,0.0,0
1790734560,0.02391,0.02391,0.02391,0.02391,0.00000,0.0,0
1790734620,0.02391,0.02391,0.02391,0.02391,0.00000,0.0,0
1790734680,0.02391,0.02391,0.02391,0.02391,0.00000,0.0,0
1790734740,0.02384,0.02384,0.02384,0.02384,0.02384,7728.9743,1
1790734800,0.02384,0.02384,0.02384,0.02384,0.00000,0.0,0
1790734860,0.0238,0.0238,0.0238,0.0238,0.02380,3253.774,2
1790734920,0.0238,0.0238,0.0238,0.0238,0.00000,0.0,0
1790734980,0.02394,0.02394,0.02392,0.02392,0.02392,19031.2939,6
1790735040,0.02392,0.02392,0.02392,0.02392,0.00000,0.0,0
1790735100,0.02392,0.02392,0.02392,0.02392,0.00000,0.0,0
1790735160,0.02392,0.02392,0.02392,0.02392,0.00000,0.0,0
1790735220,0.02392,0.02392,0.02392,0.02392,0.00000,0.0,0
1790735280,0.02392,0.02392,0.02392,0.02392,0.00000,0.0,0
1790735340,0.02379,0.02381,0.02379,0.0238,0.02379,26628.32438,8
1790735400,0.02378,0.02378,0.02378,0.02378,0.02378,25637.17675,2
1790735460,0.02374,0.02374,0.02374,0.02374,0.02374,7593.75,1
1790735520,0.02374,0.02374,0.02374,0.02374,0.00000,0.0,0
1790735580,0.02374,0.02374,0.02374,0.02374,0.00000,0.0,0
1790735640,0.02374,0.02374,0.02374,0.02374,0.00000,0.0,0
1790735700,0.02374,0.02374,0.02374,0.02374,0.00000,0.0,0
1790735760,0.02369,0.02369,0.02369,0.02369,0.02369,5062.5,2
1790735820,0.02374,0.02374,0.02374,0.02374,0.02374,5062.5,1
1790735880,0.02374,0.02374,0.02374,0.02374,0.00000,0.0,0
1790735940,0.02374,0.02374,0.02374,0.02374,0.00000,0.0,0
1790736000,0.0238,0.0238,0.0238,0.0238,0.02380,10931.11852,1
1790736060,0.0238,0.0238,0.0238,0.0238,0.00000,0.0,0
1790736120,0.02382,0.02382,0.02382,0.02382,0.02382,7593.75,3
1790736180,0.02382,0.02382,0.02382,0.02382,0.00000,0.0,0
1790736240,0.02382,0.02382,0.02382,0.02382,0.00000,0.0,0
1790736300,0.02382,0.02382,0.02382,0.02382,0.00000,0.0,0
1790736360,0.02382,0.02382,0.02382,0.02382,0.00000,0.0,0
1790736420,0.02382,0.02382,0.02382,0.02382,0.00000,0.0,0
1790736480,0.02387,0.02387,0.02384,0.02384,0.02384,11589.2249,3
1790736540,0.02384,0.02384,0.02384,0.02384,0.00000,0.0,0
1790736600,0.02384,0.02384,0.02384,0.02384,0.00000,0.0,0
1790736660,0.02384,0.02384,0.02384,0.02384,0.00000,0.0,0
1790736720,0.0238,0.02381,0.0238,0.02381,0.02380,7798.1911,2
1790736780,0.02381,0.02381,0.02381,0.02381,0.00000,0.0,0
1790736840,0.02382,0.02382,0.02382,0.02382,0.02382,7868.2397,1
1790736900,0.0238,0.0238,0.0238,0.0238,0.02380,9896.9388,3
1790736960,0.0238,0.0238,0.0238,0.0238,0.00000,0.0,0
1790737020,0.0238,0.0238,0.0238,0.0238,0.00000,0.0,0
1790737080,0.0238,0.0238,0.0238,0.0238,0.00000,0.0,0
1790737140,0.0238,0.0238,0.0238,0.0238,0.00000,0.0,0
1790737200,0.02378,0.02378,0.02378,0.02378,0.02378,1365.1349,1
1790737260,0.02378,0.02378,0.02378,0.02378,0.00000,0.0,0
1790737320,0.02378,0.02378,0.02378,0.02378,0.00000,0.0,0
1790737380,0.02378,0.02378,0.02378,0.02378,0.00000,0.0,0
1790737440,0.02378,0.02378,0.02378,0.02378,0.00000,0.0,0
1790737500,0.02378,0.02378,0.02378,0.02378,0.00000,0.0,0
1790737560,0.02378,0.02378,0.02378,0.02378,0.00000,0.0,0
1790737620,0.02367,0.02367,0.02367,0.02367,0.02367,3375.0,1
1790737680,0.02367,0.02367,0.02367,0.02367,0.00000,0.0,0
1790737740,0.02367,0.02367,0.02367,0.02367,0.00000,0.0,0
1790737800,0.02367,0.02367,0.02367,0.02367,0.00000,0.0,0
1790737860,0.02367,0.02367,0.02367,0.02367,0.00000,0.0,0
1790737920,0.02367,0.02367,0.02367,0.02367,0.00000,0.0,0
1790737980,0.02361,0.02361,0.02361,0.02361,0.02361,8138.4075,1
1790738040,0.02361,0.02361,0.02361,0.02361,0.00000,0.0,0
1790738100,0.02361,0.02361,0.02361,0.02361,0.00000,0.0,0
1790738160,0.02361,0.02361,0.02361,0.02361,0.00000,0.0,0
1790738220,0.02361,0.02361,0.02361,0.02361,0.00000,0.0,0
1790738280,0.02361,0.02361,0.02361,0.02361,0.00000,0.0,0
1790738340,0.02361,0.02361,0.02361,0.02361,0.00000,0.0,0
1790738400,0.02347,0.02347,0.02347,0.02347,0.02347,5776.8023,3
1790738460,0.02347,0.02347,0.02347,0.02347,0.00000,0.0,0
1790738520,0.02347,0.02347,0.02347,0.02347,0.00000,0.0,0
1790738580,0.02347,0.02347,0.02347,0.02347,0.00000,0.0,0
1790738640,0.02352,0.02352,0.02352,0.02352,0.02352,10645.0962,1
1790738700,0.02352,0.02352,0.02352,0.02352,0.00000,0.0,0
1790738760,0.0235,0.0235,0.0235,0.0235,0.02350,9087.0439,1
1790738820,0.0235,0.0235,0.0235,0.0235,0.00000,0.0,0
1790738880,0.0235,0.0235,0.0235,0.0235,0.00000,0.0,0
1790738940,0.0235,0.0235,0.0235,0.0235,0.00000,0.0,0
1790739000,0.0235,0.0235,0.0235,0.0235,0.00000,0.0,0
1790739060,0.0235,0.0235,0.0235,0.0235,0.00000,0.0,0
1790739120,0.0235,0.0235,0.0235,0.0235,0.00000,0.0,0
1790739180,0.0235,0.0235,0.0235,0.0235,0.00000,0.0,0
1790739240,0.0235,0.0235,0.0235,0.0235,0.00000,0.0,0
1790739300,0.0235,0.0235,0.0235,0.0235,0.00000,0.0,0
1790739360,0.0235,0.0235,0.0235,0.0235,0.00000,0.0,0
1790739420,0.02354,0.02354,0.02354,0.02354,0.02354,8907.2173,1
1790739480,0.02351,0.02351,0.02351,0.02351,0.02351,5577.9325,2
1790739540,0.02351,0.02351,0.02351,0.02351,0.00000,0.0,0
1790739600,0.02351,0.02351,0.02351,0.02351,0.00000,0.0,0
1790739660,0.02351,0.02351,0.02351,0.02351,0.00000,0.0,0
1790739720,0.02351,0.02351,0.02351,0.02351,0.00000,0.0,0
1790739780,0.02351,0.02351,0.02351,0.02351,0.00000,0.0,0
1790739840,0.02351,0.02351,0.02351,0.02351,0.00000,0.0,0
1790739900,0.02351,0.02351,0.02351,0.02351,0.00000,0.0,0
1790739960,0.02351,0.02351,0.02351,0.02351,0.00000,0.0,0
1790740020,0.02348,0.02348,0.02348,0.02348,0.02348,7561.5873,1
1790740080,0.02348,0.02348,0.02348,0.02348,0.00000,0.0,0
1790740140,0.02348,0.02348,0.02348,0.02348,0.00000,0.0,0
1790740200,0.0235,0.0235,0.0235,0.0235,0.02350,7927.3785,1
1790740260,0.0235,0.0235,0.0235,0.0235,0.00000,0.0,0
1790740320,0.0235,0.0235,0.0235,0.0235,0.00000,0.0,0
1790740380,0.02346,0.02346,0.02346,0.02346,0.02346,9202.3081,1
1790740440,0.02346,0.02346,0.02346,0.02346,0.00000,0.0,0
1790740500,0.02346,0.02346,0.02346,0.02346,0.02346,10679.0216,1
1790740560,0.02346,0.02346,0.02346,0.02346,0.00000,0.0,0
1790740620,0.02346,0.02346,0.02346,0.02346,0.00000,0.0,0
1790740680,0.02346,0.02346,0.02346,0.02346,0.00000,0.0,0
1790740740,0.02346,0.02346,0.02346,0.02346,0.00000,0.0,0
1790740800,0.02346,0.02346,0.02346,0.02346,0.00000,0.0,0
1790740860,0.02344,0.02344,0.02344,0.02344,0.02344,7561.5873,1
1790740920,0.02345,0.02345,0.02345,0.02345,0.02345,6325.31,2
1790740980,0.02345,0.02345,0.02345,0.02345,0.00000,0.0,0
1790741040,0.02351,0.02351,0.02347,0.02349,0.02349,20834.03871,5
1790741100,0.02349,0.02349,0.02349,0.02349,0.00000,0.0,0
1790741160,0.02352,0.02352,0.02352,0.02352,0.02352,10893.7091,1
1790741220,0.0234,0.0234,0.0234,0.0234,0.02340,7787.1629,3
1790741280,0.0234,0.0234,0.0234,0.0234,0.00000,0.0,0
1790741340,0.0234,0.0234,0.0234,0.0234,0.00000,0.0,0
1790741400,0.0234,0.0234,0.0234,0.0234,0.00000,0.0,0
1790741460,0.02343,0.02343,0.02343,0.02343,0.02343,812.0547,1
1790741520,0.02343,0.02343,0.02343,0.02343,0.00000,0.0,0
1790741580,0.02343,0.02343,0.02343,0.02343,0.00000,0.0,0
1790741640,0.02343,0.02343,0.02343,0.02343,0.00000,0.0,0
1790741700,0.02343,0.02343,0.02343,0.02343,0.00000,0.0,0
1790741760,0.02343,0.02343,0.02343,0.02343,0.00000,0.0,0
1790741820,0.02343,0.02343,0.02343,0.02343,0.00000,0.0,0
1790741880,0.02343,0.02343,0.02343,0.02343,0.00000,0.0,0
1790741940,0.02359,0.02359,0.02358,0.02358,0.02358,13500.0,2
1790742000,0.02358,0.02358,0.02358,0.02358,0.00000,0.0,0
1790742060,0.02358,0.02358,0.02358,0.02358,0.02358,8016.8218,1
1790742120,0.02358,0.02358,0.02358,0.02358,0.00000,0.0,0
1790742180,0.02358,0.02358,0.02358,0.02358,0.00000,0.0,0
1790742240,0.02358,0.02358,0.02358,0.02358,0.00000,0.0,0
1790742300,0.02363,0.02363,0.02363,0.02363,0.02363,10303.4215,3
1790742360,0.02363,0.02363,0.02363,0.02363,0.00000,0.0,0
1790742420,0.02363,0.02363,0.02363,0.02363,0.00000,0.0,0
1790742480,0.02363,0.02363,0.02363,0.02363,0.00000,0.0,0
1790742540,0.02363,0.02363,0.02363,0.02363,0.00000,0.0,0
1790742600,0.02363,0.02363,0.02363,0.02363,0.00000,0.0,0
1790742660,0.02363,0.02363,0.02363,0.02363,0.00000,0.0,0
1790742720,0.02363,0.02363,0.02363,0.02363,0.00000,0.0,0
1790742780,0.02363,0.02363,0.02363,0.02363,0.00000,0.0,0
1790742840,0.02363,0.02363,0.02363,0.02363,0.00000,0.0,0
1790742900,0.02353,0.02355,0.02352,0.02355,0.02354,23958.75092,3
1790742960,0.02357,0.02357,0.02357,0.02357,0.02357,7158.7773,1
1790743020,0.02357,0.02357,0.02357,0.02357,0.00000,0.0,0
1790743080,0.02357,0.02357,0.02357,0.02357,0.00000,0.0,0
1790743140,0.02357,0.02357,0.02357,0.02357,0.00000,0.0,0
1790743200,0.02359,0.02359,0.02359,0.02359,0.02359,8796.2206,1
1790743260,0.02359,0.02359,0.02359,0.02359,0.00000,0.0,0
1790743320,0.02359,0.02359,0.02359,0.02359,0.00000,0.0,0
1790743380,0.02359,0.02359,0.02359,0.02359,0.00000,0.0,0
1790743440,0.02359,0.02359,0.02359,0.02359,0.00000,0.0,0
1790743500,0.02359,0.02359,0.02359,0.02359,0.00000,0.0,0
1790743560,0.02359,0.02359,0.02359,0.02359,0.00000,0.0,0
1790743620,0.02359,0.02359,0.02359,0.02359,0.00000,0.0,0
1790743680,0.02359,0.02359,0.02359,0.02359,0.00000,0.0,0
1790743740,0.02359,0.02359,0.02359,0.02359,0.00000,0.0,0
1790743800,0.02356,0.02356,0.02356,0.02356,0.02356,10764.8898,1
1790743860,0.02356,0.02356,0.02356,0.02356,0.00000,0.0,0
1790743920,0.02356,0.02356,0.02356,0.02356,0.00000,0.0,0
1790743980,0.02356,0.02356,0.02356,0.02356,0.00000,0.0,0
1790744040,0.02356,0.02356,0.02356,0.02356,0.00000,0.0,0
1790744100,0.02356,0.02356,0.02356,0.02356,0.00000,0.0,0
1790744160,0.02356,0.02356,0.02356,0.02356,0.00000,0.0,0
1790744220,0.02356,0.02356,0.02356,0.02356,0.00000,0.0,0
1790744280,0.02356,0.02356,0.02356,0.02356,0.00000,0.0,0
1790744340,0.02353,0.02353,0.02353,0.02353,0.02353,12834.30776,2
1790744400,0.02355,0.02362,0.02355,0.02362,0.02361,7510.8389,3
1790744460,0.02363,0.02363,0.02363,0.02363,0.02363,261.65077,1
1790744520,0.02364,0.02364,0.02364,0.02364,0.02364,9143.311,1
1790744580,0.02364,0.02364,0.02364,0.02364,0.00000,0.0,0
1790744640,0.02364,0.02364,0.02364,0.02364,0.00000,0.0,0
1790744700,0.02364,0.02364,0.02364,0.02364,0.00000,0.0,0
1790744760,0.02364,0.02364,0.02364,0.02364,0.00000,0.0,0
1790744820,0.02364,0.02364,0.02364,0.02364,0.00000,0.0,0
1790744880,0.02364,0.02364,0.02364,0.02364,0.00000,0.0,0
1790744940,0.02351,0.02351,0.02351,0.02351,0.02351,11073.3981,1
1790745000,0.02351,0.02351,0.02351,0.02351,0.02351,3155.7739,2
1790745060,0.02351,0.02351,0.02351,0.02351,0.02351,2131.7615,3
1790745120,0.02351,0.02351,0.02351,0.02351,0.00000,0.0,0
1790745180,0.02351,0.02351,0.02351,0.02351,0.02351,14929.10206,3
1790745240,0.02351,0.02351,0.02351,0.02351,0.00000,0.0,0
1790745300,0.02347,0.02347,0.02347,0.02347,0.02347,9190.8898,1
1790745360,0.0235,0.0235,0.0235,0.0235,0.02350,9596.6456,3
1790745420,0.0235,0.0235,0.0235,0.0235,0.00000,0.0,0
1790745480,0.02352,0.02352,0.02352,0.02352,0.02352,4057.7469,2
1790745540,0.02352,0.02352,0.02352,0.02352,0.00000,0.0,0
1790745600,0.02352,0.02356,0.02352,0.02356,0.02354,19099.76875,3
1790745660,0.02356,0.02356,0.02356,0.02356,0.00000,0.0,0
1790745720,0.02356,0.02356,0.02356,0.02356,0.00000,0.0,0
1790745780,0.02356,0.02356,0.02356,0.02356,0.00000,0.0,0
1790745840,0.02356,0.02356,0.02356,0.02356,0.00000,0.0,0
1790745900,0.0236,0.0236,0.0236,0.0236,0.02360,7527.9586,1
1790745960,0.0236,0.0236,0.0236,0.0236,0.00000,0.0,0
1790746020,0.02364,0.02364,0.02364,0.02364,0.02364,10144.8902,2
1790746080,0.02364,0.02364,0.02364,0.02364,0.00000,0.0,0
1790746140,0.02364,0.02364,0.02364,0.02364,0.00000,0.0,0
1790746200,0.02364,0.02364,0.02363,0.02364,0.02363,9872.5245,4
1790746260,0.0237,0.0237,0.0237,0.0237,0.02370,8391.9742,2
1790746320,0.02375,0.02375,0.02375,0.02375,0.02375,7600.4196,1
1790746380,0.02375,0.02375,0.02375,0.02375,0.00000,0.0,0
1790746440,0.02375,0.02375,0.02375,0.02375,0.02375,2732.8867,1
1790746500,0.02375,0.02376,0.02375,0.02376,0.02375,26565.74734,6
1790746560,0.02377,0.02377,0.02377,0.02377,0.02377,8491.196,2
1790746620,0.02377,0.02377,0.02377,0.02377,0.00000,0.0,0
1790746680,0.02377,0.02377,0.02377,0.02377,0.00000,0.0,0
1790746740,0.02377,0.02377,0.02377,0.02377,0.00000,0.0,0
1790746800,0.02372,0.02372,0.02372,0.02372,0.02372,10721.1907,1
1790746860,0.02372,0.02372,0.02372,0.02372,0.00000,0.0,0
1790746920,0.02372,0.02372,0.02372,0.02372,0.00000,0.0,0
1790746980,0.02372,0.02372,0.02372,0.02372,0.00000,0.0,0
1790747040,0.02378,0.02378,0.02378,0.02378,0.02378,6146.6394,2
1790747100,0.02378,0.02378,0.02378,0.02378,0.00000,0.0,0
1790747160,0.02378,0.02378,0.02378,0.02378,0.00000,0.0,0
1790747220,0.02378,0.02378,0.02378,0.02378,0.00000,0.0,0
1790747280,0.02378,0.02378,0.02378,0.02378,0.00000,0.0,0
1790747340,0.02378,0.02378,0.02378,0.02378,0.00000,0.0,0
1790747400,0.02378,0.02378,0.02378,0.02378,0.00000,0.0,0
1790747460,0.02378,0.02378,0.02378,0.02378,0.00000,0.0,0
1790747520,0.02378,0.02378,0.02378,0.02378,0.00000,0.0,0
1790747580,0.02368,0.02368,0.02368,0.02368,0.02368,262.5,1
1790747640,0.02367,0.02367,0.02367,0.02367,0.02367,10125.0,2
1790747700,0.02367,0.02367,0.02367,0.02367,0.00000,0.0,0
1790747760,0.02367,0.02367,0.02367,0.02367,0.00000,0.0,0
1790747820,0.02367,0.02367,0.02367,0.02367,0.00000,0.0,0
1790747880,0.02357,0.02358,0.02357,0.02358,0.02357,13858.98149,6
1790747940,0.02358,0.02358,0.02358,0.02358,0.00000,0.0,0
1790748000,0.02358,0.02358,0.02358,0.02358,0.00000,0.0,0
1790748060,0.02358,0.02358,0.02358,0.02358,0.00000,0.0,0
1790748120,0.02358,0.02358,0.02358,0.02358,0.00000,0.0,0
1790748180,0.02358,0.02358,0.02358,0.02358,0.00000,0.0,0
1790748240,0.02358,0.02358,0.02358,0.02358,0.00000,0.0,0
1790748300,0.02358,0.02358,0.02358,0.02358,0.00000,0.0,0
1790748360,0.02358,0.02358,0.02358,0.02358,0.00000,0.0,0
1790748420,0.02358,0.02358,0.02358,0.02358,0.00000,0.0,0
1790748480,0.02358,0.02358,0.02358,0.02358,0.00000,0.0,0
1790748540,0.02359,0.02359,0.02359,0.02359,0.02359,8210.3209,1
1790748600,0.02359,0.02359,0.02359,0.02359,0.00000,0.0,0
1790748660,0.02355,0.02355,0.02355,0.02355,0.02355,9599.5536,1
1790748720,0.02355,0.02355,0.02355,0.02355,0.00000,0.0,0
1790748780,0.02347,0.02347,0.02347,0.02347,0.02347,13900.0055,2
1790748840,0.02349,0.02352,0.02349,0.02352,0.02350,13604.97926,3
1790748900,0.0236,0.0236,0.0236,0.0236,0.02360,2725.8986,1
1790748960,0.0236,0.0236,0.0236,0.0236,0.00000,0.0,0
1790749020,0.0236,0.0236,0.0236,0.0236,0.02360,8754.3141,3
1790749080,0.0236,0.0236,0.0236,0.0236,0.00000,0.0,0
1790749140,0.0236,0.0236,0.0236,0.0236,0.00000,0.0,0
1790749200,0.02359,0.02359,0.02359,0.02359,0.02359,5379.3141,1
1790749260,0.02359,0.02359,0.02359,0.02359,0.00000,0.0,0
1790749320,0.02359,0.02359,0.02359,0.02359,0.00000,0.0,0
1790749380,0.02356,0.02356,0.02356,0.02356,0.02356,3375.0,1
1790749440,0.02356,0.02356,0.02356,0.02356,0.00000,0.0,0
1790749500,0.02356,0.02356,0.02356,0.02356,0.00000,0.0,0
1790749560,0.02356,0.02356,0.02356,0.02356,0.00000,0.0,0
1790749620,0.02356,0.02356,0.02356,0.02356,0.00000,0.0,0
1790749680,0.02348,0.02348,0.02348,0.02348,0.02348,8767.5493,2
1790749740,0.02347,0.02347,0.02346,0.02346,0.02346,19639.2737,3
1790749800,0.02346,0.02346,0.02346,0.02346,0.00000,0.0,0
1790749860,0.02346,0.02346,0.02346,0.02346,0.00000,0.0,0
1790749920,0.02346,0.02346,0.02346,0.02346,0.02346,10998.54923,1
1790749980,0.02346,0.02346,0.02346,0.02346,0.00000,0.0,0
1790750040,0.02346,0.02346,0.02346,0.02346,0.00000,0.0,0
1790750100,0.02344,0.02344,0.02344,0.02344,0.02344,9355.1189,2
1790750160,0.02344,0.02344,0.02344,0.02344,0.00000,0.0,0
1790750220,0.02344,0.02344,0.02344,0.02344,0.00000,0.0,0
1790750280,0.02344,0.02344,0.02344,0.02344,0.00000,0.0,0
1790750340,0.02342,0.02342,0.02341,0.02341,0.02341,8608.3945,2
1790750400,0.02341,0.02341,0.02341,0.02341,0.00000,0.0,0
1790750460,0.02341,0.02341,0.02341,0.02341,0.00000,0.0,0
1790750520,0.02341,0.02341,0.02341,0.02341,0.02341,21909.8829,1
1790750580,0.02346,0.02346,0.02346,0.02346,0.02346,9320.99006,1
1790750640,0.02346,0.02346,0.02346,0.02346,0.00000,0.0,0
1790750700,0.02346,0.02346,0.02346,0.02346,0.00000,0.0,0
1790750760,0.02346,0.02346,0.02346,0.02346,0.00000,0.0,0
1790750820,0.02346,0.02346,0.02346,0.02346,0.00000,0.0,0
1790750880,0.02339,0.02339,0.02339,0.02339,0.02339,11406.69379,2
1790750940,0.0234,0.0234,0.0234,0.0234,0.02340,7327.1915,2
1790751000,0.0234,0.0234,0.0234,0.0234,0.02340,2136.75213,1
1790751060,0.02347,0.02347,0.02347,0.02347,0.02347,22326.2111,4
1790751120,0.02347,0.02347,0.02347,0.02347,0.00000,0.0,0
1790751180,0.02352,0.02352,0.02352,0.02352,0.02352,9496.7706,4
1790751240,0.02351,0.02352,0.02351,0.02352,0.02351,25814.0801,5
1790751300,0.02352,0.02352,0.02352,0.02352,0.00000,0.0,0
1790751360,0.02362,0.02362,0.02361,0.02361,0.02361,29396.91595,2
1790751420,0.02361,0.02361,0.02361,0.02361,0.00000,0.0,0
1790751480,0.02361,0.02361,0.02361,0.02361,0.00000,0.0,0
1790751540,0.02351,0.02351,0.02351,0.02351,0.02351,7941.1,1
1790751600,0.02351,0.02351,0.02351,0.02351,0.00000,0.0,0
1790751660,0.02351,0.02351,0.02351,0.02351,0.00000,0.0,0
1790751720,0.02356,0.02356,0.02356,0.02356,0.02356,3375.0,1
1790751780,0.02364,0.02364,0.02364,0.02364,0.02364,2821.2946,1
1790751840,0.02358,0.02358,0.02358,0.02358,0.02358,6984.2831,2
1790751900,0.02358,0.02358,0.02358,0.02358,0.00000,0.0,0
1790751960,0.02358,0.02358,0.02358,0.02358,0.00000,0.0,0
1790752020,0.02358,0.02358,0.02358,0.02358,0.00000,0.0,0
1790752080,0.02358,0.02358,0.02358,0.02358,0.00000,0.0,0
1790752140,0.02358,0.02358,0.02358,0.02358,0.00000,0.0,0
1790752200,0.0235,0.0235,0.0235,0.0235,0.02350,9844.0004,2
1790752260,0.0235,0.0235,0.0235,0.0235,0.00000,0.0,0
1790752320,0.0235,0.0235,0.0235,0.0235,0.00000,0.0,0
1790752380,0.02338,0.02338,0.02338,0.02338,0.02338,3421.7165,1
1790752440,0.02338,0.02338,0.02338,0.02338,0.00000,0.0,0
1790752500,0.02338,0.02338,0.02338,0.02338,0.00000,0.0,0
1790752560,0.02338,0.02338,0.02338,0.02338,0.00000,0.0,0
1790752620,0.02338,0.02338,0.02338,0.02338,0.02338,9271.92713,1
1790752680,0.02338,0.02338,0.02338,0.02338,0.00000,0.0,0
1790752740,0.02338,0.02338,0.02338,0.02338,0.00000,0.0,0
1790752800,0.02338,0.02338,0.02338,0.02338,0.00000,0.0,0
1790752860,0.02362,0.02362,0.02362,0.02362,0.02362,11000.4923,1
1790752920,0.02362,0.02362,0.02362,0.02362,0.00000,0.0,0
1790752980,0.02362,0.02362,0.02362,0.02362,0.00000,0.0,0
1790753040,0.02358,0.02358,0.02358,0.02358,0.02358,10555.5232,1
1790753100,0.02358,0.02358,0.02358,0.02358,0.00000,0.0,0
1790753160,0.02362,0.02362,0.02355,0.02355,0.02357,18056.0155,4
1790753220,0.02358,0.02358,0.02357,0.02357,0.02357,10125.0,2
1790753280,0.02357,0.02357,0.02357,0.02357,0.00000,0.0,0
1790753340,0.02357,0.02357,0.02357,0.02357,0.00000,0.0,0
1790753400,0.02355,0.02357,0.02355,0.02357,0.02356,120693.6526,6
1790753460,0.02373,0.02373,0.02373,0.02373,0.02373,4876.7688,3
1790753520,0.02374,0.02374,0.02374,0.02374,0.02374,8587.6631,1
1790753580,0.02374,0.02374,0.02374,0.02374,0.00000,0.0,0
1790753640,0.02375,0.02376,0.02375,0.02376,0.02375,15684.1365,5
1790753700,0.02376,0.02378,0.02376,0.02378,0.02376,9753.65528,3
1790753760,0.02381,0.02381,0.02381,0.02381,0.02381,9966.6795,1
1790753820,0.02381,0.02381,0.02381,0.02381,0.00000,0.0,0
1790753880,0.02383,0.02383,0.0238,0.0238,0.02381,14666.9007,3
1790753940,0.0238,0.0238,0.0238,0.0238,0.00000,0.0,0
1790754000,0.0238,0.0238,0.0238,0.0238,0.00000,0.0,0
1790754060,0.02382,0.02383,0.02382,0.02383,0.02382,28813.51033,3
1790754120,0.02382,0.02382,0.02382,0.02382,0.02382,210.08403,1
1790754180,0.02382,0.02382,0.02382,0.02382,0.00000,0.0,0
1790754240,0.02381,0.02382,0.02381,0.02382,0.02381,11846.54344,4
1790754300,0.02385,0.02385,0.02383,0.02383,0.02384,17833.90633,2
1790754360,0.02383,0.02383,0.02383,0.02383,0.00000,0.0,0
1790754420,0.0239,0.0239,0.0239,0.0239,0.02390,10617.6104,2
1790754480,0.02385,0.02385,0.02381,0.02381,0.02383,32909.31453,5
1790754540,0.02381,0.02381,0.02381,0.02381,0.00000,0.0,0
1790754600,0.02391,0.02392,0.02391,0.02392,0.02391,20264.9547,5
1790754660,0.02395,0.02395,0.0239,0.0239,0.02393,42099.02834,8
1790754720,0.02393,0.02405,0.02393,0.02404,0.02400,53594.2087,10
1790754780,0.02412,0.02413,0.02412,0.02412,0.02412,18655.47161,3
1790754840,0.02405,0.02405,0.02404,0.02404,0.02404,9562.68511,2
1790754900,0.02404,0.02404,0.02404,0.02404,0.02404,10734.98662,1
1790754960,0.02403,0.02403,0.02403,0.02403,0.02403,10139.45505,3
1790755020,0.02394,0.02396,0.02394,0.02396,0.02394,20856.12353,3
1790755080,0.02398,0.02398,0.02396,0.02396,0.02396,22161.85463,3
1790755140,0.02396,0.02396,0.02396,0.02396,0.00000,0.0,0
1790755200,0.02402,0.02402,0.02402,0.02402,0.02402,2970.4863,1
1790755260,0.02396,0.02396,0.02394,0.02394,0.02395,20179.5345,5
1790755320,0.02394,0.02394,0.02394,0.02394,0.00000,0.0,0
1790755380,0.02395,0.02395,0.02395,0.02395,0.02395,7943.6741,2
1790755440,0.02395,0.02395,0.02395,0.02395,0.00000,0.0,0
1790755500,0.024,0.024,0.024,0.024,0.02400,9563.4407,1
1790755560,0.024,0.024,0.024,0.024,0.00000,0.0,0
1790755620,0.02395,0.02395,0.02395,0.02395,0.02395,9146.8434,4
1790755680,0.0239,0.0239,0.0239,0.0239,0.02390,7041.0815,2
1790755740,0.02384,0.02384,0.02384,0.02384,0.02384,12429.7209,2
1790755800,0.02384,0.02384,0.02384,0.02384,0.00000,0.0,0
1790755860,0.0238,0.0238,0.0238,0.0238,0.02380,9278.22745,2
1790755920,0.02381,0.02381,0.02381,0.02381,0.02381,10699.035,3
1790755980,0.02381,0.02381,0.02381,0.02381,0.00000,0.0,0
1790756040,0.02381,0.02381,0.02381,0.02381,0.00000,0.0,0
1790756100,0.02381,0.02381,0.02381,0.02381,0.00000,0.0,0
1790756160,0.0238,0.02382,0.0238,0.02382,0.02380,18039.46647,3
1790756220,0.02382,0.02382,0.02382,0.02382,0.00000,0.0,0
1790756280,0.02382,0.02382,0.02382,0.02382,0.00000,0.0,0
1790756340,0.02382,0.02382,0.02382,0.02382,0.00000,0.0,0
1790756400,0.02379,0.02379,0.02379,0.02379,0.02379,17684.2375,1
1790756460,0.02379,0.02379,0.02379,0.02379,0.00000,0.0,0
1790756520,0.02379,0.02379,0.02379,0.02379,0.00000,0.0,0
1790756580,0.02379,0.02379,0.02379,0.02379,0.00000,0.0,0
1790756640,0.02385,0.02385,0.02383,0.02383,0.02384,38467.8187,4
1790756700,0.02382,0.02382,0.02382,0.02382,0.02382,10993.1149,1
1790756760,0.02382,0.02382,0.02382,0.02382,0.00000,0.0,0
1790756820,0.02382,0.02382,0.02382,0.02382,0.00000,0.0,0
1790756880,0.02382,0.02382,0.02382,0.02382,0.00000,0.0,0
1790756940,0.02382,0.02382,0.02382,0.02382,0.00000,0.0,0
1790757000,0.02382,0.02382,0.02382,0.02382,0.00000,0.0,0
1790757060,0.02382,0.02382,0.02382,0.02382,0.00000,0.0,0
1790757120,0.02382,0.02382,0.02382,0.02382,0.00000,0.0,0
1790757180,0.02375,0.02375,0.02375,0.02375,0.02375,10675.3911,2
1790757240,0.02372,0.02374,0.02372,0.02374,0.02372,9807.2762,2
1790757300,0.02374,0.02374,0.02374,0.02374,0.00000,0.0,0
1790757360,0.02376,0.02378,0.02376,0.02378,0.02377,19725.5091,3
1790757420,0.02375,0.02375,0.02375,0.02375,0.02375,10872.1727,3
1790757480,0.02375,0.02375,0.02375,0.02375,0.00000,0.0,0
1790757540,0.02384,0.02384,0.02384,0.02384,0.02384,10093.6774,2
1790757600,0.02385,0.02385,0.02383,0.02383,0.02384,19197.2832,3
1790757660,0.02378,0.02378,0.02378,0.02378,0.02378,9461.8712,4
1790757720,0.02378,0.02378,0.02378,0.02378,0.00000,0.0,0
1790757780,0.02378,0.02378,0.02378,0.02378,0.00000,0.0,0
1790757840,0.02378,0.02378,0.02378,0.02378,0.00000,0.0,0
1790757900,0.02372,0.02372,0.02372,0.02372,0.02372,4957.5958,2
1790757960,0.02377,0.02377,0.02377,0.02377,0.02377,3375.0,1
1790758020,0.02377,0.02377,0.02377,0.02377,0.00000,0.0,0
1790758080,0.02387,0.02388,0.02387,0.02388,0.02387,10125.0,2
1790758140,0.02388,0.02388,0.02388,0.02388,0.00000,0.0,0
1790758200,0.02395,0.02395,0.02395,0.02395,0.02395,10613.949,1
1790758260,0.02386,0.02387,0.02375,0.02375,0.02386,26452.80374,5
1790758320,0.02372,0.02374,0.02372,0.02374,0.02372,17955.00083,2
1790758380,0.02377,0.02377,0.02377,0.02377,0.02377,8813.9803,1
1790758440,0.02377,0.02377,0.02377,0.02377,0.00000,0.0,0
1790758500,0.02377,0.02377,0.02377,0.02377,0.00000,0.0,0
1790758560,0.02376,0.02376,0.02376,0.02376,0.02376,10842.3033,1
1790758620,0.02376,0.02376,0.02376,0.02376,0.00000,0.0,0
1790758680,0.02376,0.02376,0.02376,0.02376,0.00000,0.0,0
1790758740,0.02376,0.02376,0.02376,0.02376,0.00000,0.0,0
1790758800,0.02376,0.02376,0.02376,0.02376,0.00000,0.0,0
1790758860,0.02376,0.02376,0.02376,0.02376,0.00000,0.0,0
1790758920,0.02377,0.02377,0.02376,0.02376,0.02376,17457.7585,2
1790758980,0.0238,0.0238,0.0238,0.0238,0.02380,4778.1902,1
1790759040,0.0238,0.0238,0.0238,0.0238,0.00000,0.0,0
1790759100,0.0238,0.0238,0.0238,0.0238,0.00000,0.0,0
1790759160,0.02388,0.02388,0.02388,0.02388,0.02388,9697.3778,3
1790759220,0.02388,0.02388,0.02388,0.02388,0.00000,0.0,0
1790759280,0.02388,0.02388,0.02388,0.02388,0.00000,0.0,0
1790759340,0.02388,0.02388,0.02388,0.02388,0.00000,0.0,0
1790759400,0.02388,0.02388,0.02388,0.02388,0.00000,0.0,0
1790759460,0.02388,0.02388,0.02388,0.02388,0.00000,0.0,0
1790759520,0.02395,0.02396,0.02395,0.02396,0.02395,20677.6222,3
1790759580,0.02396,0.02396,0.02396,0.02396,0.00000,0.0,0
1790759640,0.02396,0.02396,0.02396,0.02396,0.00000,0.0,0
1790759700,0.02398,0.02398,0.02398,0.02398,0.02398,10464.5957,1
1790759760,0.02396,0.02396,0.02396,0.02396,0.02396,9064.9902,2
1790759820,0.02398,0.02398,0.02397,0.02397,0.02397,31215.1441,6
1790759880,0.02394,0.02395,0.02394,0.02395,0.02394,18286.7533,2
1790759940,0.02394,0.02394,0.02393,0.02393,0.02393,20165.0298,2
1790760000,0.02391,0.02393,0.02391,0.02393,0.02392,28998.0065,3
1790760060,0.02399,0.02399,0.02399,0.02399,0.02399,9317.2725,2
1790760120,0.02399,0.02399,0.02399,0.02399,0.00000,0.0,0
1790760180,0.02395,0.02399,0.02395,0.02399,0.02397,14370.8603,2
1790760240,0.02396,0.02396,0.02396,0.02396,0.02396,8556.4141,1
1790760300,0.02396,0.02396,0.02396,0.02396,0.00000,0.0,0
1790760360,0.02396,0.02396,0.02396,0.02396,0.00000,0.0,0
1790760420,0.02396,0.02396,0.02396,0.02396,0.00000,0.0,0
1790760480,0.02396,0.02396,0.02396,0.02396,0.00000,0.0,0
1790760540,0.02402,0.02402,0.02402,0.02402,0.02402,5187.9074,1
1790760600,0.02406,0.02406,0.02406,0.02406,0.02406,9889.5706,2
1790760660,0.02406,0.02406,0.02406,0.02406,0.00000,0.0,0
1790760720,0.02414,0.02417,0.02414,0.02417,0.02415,26481.71431,4
1790760780,0.02419,0.0242,0.02419,0.0242,0.02419,13696.6346,2
1790760840,0.0242,0.0242,0.0242,0.0242,0.00000,0.0,0
1790760900,0.0242,0.0242,0.0242,0.0242,0.00000,0.0,0
1790760960,0.0242,0.0242,0.0242,0.0242,0.00000,0.0,0
1790761020,0.02425,0.02425,0.02425,0.02425,0.02425,9320.3509,1
1790761080,0.02422,0.02423,0.02422,0.02423,0.02422,13000.0,2
1790761140,0.0242,0.0242,0.0242,0.0242,0.02420,10866.2599,1
1790761200,0.02416,0.02419,0.02416,0.02419,0.02416,11690.58184,2
1790761260,0.02419,0.02419,0.02419,0.02419,0.00000,0.0,0
1790761320,0.02415,0.02415,0.02415,0.02415,0.02415,10141.9046,1
1790761380,0.02415,0.02415,0.02415,0.02415,0.00000,0.0,0
1790761440,0.0241,0.0241,0.02407,0.02408,0.02407,34349.619,3
1790761500,0.02409,0.02409,0.02409,0.02409,0.02409,9281.74144,1
1790761560,0.02411,0.02425,0.0241,0.02425,0.02421,145273.80952,13
1790761620,0.02426,0.02432,0.02426,0.02432,0.02429,274379.74362,35
1790761680,0.02431,0.02431,0.02424,0.02424,0.02424,142754.24121,11
1790761740,0.02424,0.02424,0.02424,0.02424,0.00000,0.0,0
1790761800,0.0243,0.0243,0.02426,0.02426,0.02427,21062.3689,4
1790761860,0.02426,0.02426,0.02426,0.02426,0.00000,0.0,0
1790761920,0.02428,0.02428,0.02428,0.02428,0.02428,7412.4375,2
1790761980,0.02431,0.02433,0.02431,0.02433,0.02432,135998.33457,6
1790762040,0.02438,0.02438,0.02438,0.02438,0.02438,263.33145,1
1790762100,0.02438,0.02438,0.02438,0.02438,0.00000,0.0,0
1790762160,0.02437,0.02437,0.02437,0.02437,0.02437,9703.536,1
1790762220,0.02448,0.02448,0.02448,0.02448,0.02448,14752.252,2
1790762280,0.02458,0.02458,0.02456,0.02456,0.02457,26327.5441,4
1790762340,0.02445,0.02445,0.02439,0.02439,0.02442,17939.66449,2
1790762400,0.02444,0.02445,0.02444,0.02445,0.02444,19643.9075,4
1790762460,0.02445,0.02445,0.02445,0.02445,0.00000,0.0,0
1790762520,0.0244,0.0244,0.0244,0.0244,0.02440,8059.5469,1
1790762580,0.0244,0.0244,0.0244,0.0244,0.00000,0.0,0
1790762640,0.02439,0.02439,0.02438,0.02438,0.02438,13978.7828,2
1790762700,0.02436,0.0244,0.02436,0.0244,0.02438,15125.0,3
1790762760,0.02438,0.02438,0.02438,0.02438,0.02438,8917.22,1
1790762820,0.02438,0.02438,0.02438,0.02438,0.00000,0.0,0
1790762880,0.02438,0.02438,0.02438,0.02438,0.00000,0.0,0
1790762940,0.02438,0.02438,0.02438,0.02438,0.00000,0.0,0
1790763000,0.02432,0.02432,0.02432,0.02432,0.02432,36975.79349,4
1790763060,0.02432,0.02432,0.02432,0.02432,0.00000,0.0,0
1790763120,0.02434,0.02434,0.02434,0.02434,0.02434,17098.9867,2
1790763180,0.02431,0.02431,0.024,0.0242,0.02419,534510.1984,44
1790763240,0.02418,0.02421,0.02418,0.02418,0.02419,103940.82016,14
1790763300,0.02417,0.02419,0.02417,0.02419,0.02418,95117.03597,14
1790763360,0.0242,0.0242,0.02418,0.02418,0.02418,48264.8373,3
1790763420,0.02422,0.02422,0.02421,0.02421,0.02421,47387.21312,9
1790763480,0.02421,0.02421,0.02421,0.02421,0.00000,0.0,0
1790763540,0.02422,0.02422,0.02422,0.02422,0.02422,8797.2552,1
1790763600,0.0242,0.0242,0.0242,0.0242,0.02420,7293.1351,2
1790763660,0.02429,0.02429,0.02429,0.02429,0.02429,9788.1238,1
1790763720,0.02426,0.02426,0.02426,0.02426,0.02426,14302.5287,2
1790763780,0.02422,0.02425,0.02422,0.02425,0.02423,30080.2169,10
1790763840,0.02423,0.02425,0.02423,0.02425,0.02423,8763.9558,2
1790763900,0.02422,0.02428,0.02422,0.02428,0.02424,14106.39489,3
1790763960,0.02428,0.02428,0.02428,0.02428,0.00000,0.0,0
1790764020,0.02428,0.0243,0.02427,0.02427,0.02427,67111.94174,10
1790764080,0.02428,0.02431,0.02428,0.02431,0.02428,23500.0,4
1790764140,0.02431,0.02431,0.02429,0.02429,0.02430,29484.37223,4
1790764200,0.02429,0.02432,0.02429,0.02432,0.02430,24099.9422,4
1790764260,0.0243,0.0243,0.0243,0.0243,0.02430,10599.9422,1
1790764320,0.02434,0.02434,0.02434,0.02434,0.02434,11503.7823,4
1790764380,0.02438,0.0244,0.02438,0.0244,0.02438,28797.16045,3
1790764440,0.02436,0.02436,0.02436,0.02436,0.02436,11588.5104,5
1790764500,0.02436,0.02436,0.02436,0.02436,0.00000,0.0,0
1790764560,0.02438,0.02438,0.02437,0.02437,0.02437,19345.23365,5
1790764620,0.02437,0.02437,0.02437,0.02437,0.00000,0.0,0
1790764680,0.02437,0.02437,0.02437,0.02437,0.00000,0.0,0
1790764740,0.02437,0.02437,0.02437,0.02437,0.00000,0.0,0
1790764800,0.02437,0.02437,0.02437,0.02437,0.00000,0.0,0
1790764860,0.02433,0.02433,0.02433,0.02433,0.02433,8777.4654,3
1790764920,0.02433,0.02433,0.02433,0.02433,0.02433,9167.7753,2
1790764980,0.02433,0.02433,0.02433,0.02433,0.00000,0.0,0
1790765040,0.02433,0.02433,0.02433,0.02433,0.00000,0.0,0
1790765100,0.02433,0.02433,0.02433,0.02433,0.00000,0.0,0
1790765160,0.02435,0.02436,0.02434,0.02434,0.02434,34403.99739,6
1790765220,0.02434,0.02434,0.02434,0.02434,0.00000,0.0,0
1790765280,0.02434,0.02434,0.02434,0.02434,0.00000,0.0,0
1790765340,0.02434,0.02434,0.02434,0.02434,0.00000,0.0,0
1790765400,0.02434,0.02434,0.02434,0.02434,0.00000,0.0,0
1790765460,0.02434,0.02434,0.02434,0.02434,0.00000,0.0,0
1790765520,0.02434,0.02434,0.02434,0.02434,0.00000,0.0,0
1790765580,0.02431,0.02431,0.02431,0.02431,0.02431,14206.01376,1
1790765640,0.02431,0.02431,0.02431,0.02431,0.00000,0.0,0
1790765700,0.02428,0.02428,0.02426,0.02426,0.02426,45069.59828,5
1790765760,0.02426,0.02426,0.02426,0.02426,0.02426,7656.3637,1
1790765820,0.02426,0.02426,0.02426,0.02426,0.00000,0.0,0
1790765880,0.02425,0.02425,0.02424,0.02424,0.02424,20053.8646,5
1790765940,0.02422,0.02423,0.02422,0.02423,0.02422,31432.7909,4
1790766000,0.02417,0.02417,0.02417,0.02417,0.02417,7800.0,1
1790766060,0.02409,0.02409,0.02409,0.02409,0.02409,7800.0,1
1790766120,0.02409,0.02409,0.02409,0.02409,0.00000,0.0,0
1790766180,0.02409,0.02409,0.02409,0.02409,0.00000,0.0,0
1790766240,0.02409,0.02409,0.02409,0.02409,0.00000,0.0,0
1790766300,0.02409,0.02409,0.02409,0.02409,0.00000,0.0,0
1790766360,0.02409,0.02409,0.02409,0.02409,0.00000,0.0,0
1790766420,0.02409,0.02409,0.02409,0.02409,0.00000,0.0,0
1790766480,0.024,0.02404,0.024,0.02402,0.02402,29100.0,4
1790766540,0.02402,0.02402,0.02402,0.02402,0.00000,0.0,0
1790766600,0.02402,0.02402,0.02402,0.02402,0.00000,0.0,0
1790766660,0.02402,0.02402,0.02402,0.02402,0.00000,0.0,0
1790766720,0.02402,0.02402,0.02402,0.02402,0.00000,0.0,0
1790766780,0.02402,0.02402,0.02402,0.02402,0.00000,0.0,0
1790766840,0.02402,0.02402,0.02402,0.02402,0.00000,0.0,0
1790766900,0.02402,0.02402,0.02402,0.02402,0.00000,0.0,0
1790766960,0.02402,0.02402,0.02402,0.02402,0.00000,0.0,0
1790767020,0.02402,0.02402,0.02402,0.02402,0.00000,0.0,0
1790767080,0.02402,0.02402,0.02402,0.02402,0.00000,0.0,0
1790767140,0.02402,0.02402,0.02402,0.02402,0.00000,0.0,0
1790767200,0.02402,0.02402,0.02402,0.02402,0.00000,0.0,0
1790767260,0.02402,0.02402,0.02402,0.02402,0.00000,0.0,0
1790767320,0.02402,0.02402,0.02402,0.02402,0.00000,0.0,0
1790767380,0.02402,0.02402,0.02402,0.02402,0.00000,0.0,0
1790767440,0.02402,0.02402,0.02402,0.02402,0.00000,0.0,0
1790767500,0.02408,0.02412,0.02408,0.02412,0.02411,23771.1442,3
1790767560,0.02412,0.02412,0.02412,0.02412,0.00000,0.0,0
1790767620,0.02412,0.02412,0.02412,0.02412,0.00000,0.0,0
1790767680,0.02412,0.02412,0.02412,0.02412,0.00000,0.0,0
1790767740,0.02412,0.02412,0.02412,0.02412,0.00000,0.0,0
1790767800,0.02412,0.02412,0.02412,0.02412,0.00000,0.0,0
1790767860,0.02412,0.02412,0.02412,0.02412,0.00000,0.0,0
1790767920,0.02412,0.02412,0.02412,0.02412,0.00000,0.0,0
1790767980,0.02412,0.02412,0.02412,0.02412,0.00000,0.0,0
1790768040,0.02412,0.02412,0.02412,0.02412,0.00000,0.0,0
1790768100,0.02405,0.02405,0.02405,0.02405,0.02405,5000.0,1
1790768160,0.02405,0.02405,0.02405,0.02405,0.00000,0.0,0
1790768220,0.02405,0.02405,0.02405,0.02405,0.00000,0.0,0
1790768280,0.02405,0.02405,0.02405,0.02405,0.00000,0.0,0
1790768340,0.02405,0.02405,0.02405,0.02405,0.00000,0.0,0
1790768400,0.02405,0.02405,0.02405,0.02405,0.00000,0.0,0
1790768460,0.02405,0.02405,0.02405,0.02405,0.00000,0.0,0
1790768520,0.02405,0.02405,0.02405,0.02405,0.00000,0.0,0
1790768580,0.02405,0.02405,0.02405,0.02405,0.00000,0.0,0
1790768640,0.02405,0.02405,0.02405,0.02405,0.00000,0.0,0
1790768700,0.02405,0.02405,0.02405,0.02405,0.00000,0.0,0
1790768760,0.02405,0.02405,0.02405,0.02405,0.00000,0.0,0
1790768820,0.02405,0.02405,0.02405,0.02405,0.00000,0.0,0
1790768880,0.02405,0.02405,0.02405,0.02405,0.00000,0.0,0
1790768940,0.02405,0.02405,0.02405,0.02405,0.00000,0.0,0
1790769000,0.02405,0.02405,0.02405,0.02405,0.00000,0.0,0
1790769060,0.02405,0.02405,0.02405,0.02405,0.00000,0.0,0
1790769120,0.02405,0.02405,0.02405,0.02405,0.00000,0.0,0
1790769180,0.02405,0.02405,0.02405,0.02405,0.00000,0.0,0
1790769240,0.02405,0.02405,0.02405,0.02405,0.00000,0.0,0
1790769300,0.02405,0.02405,0.02405,0.02405,0.00000,0.0,0
1790769360,0.02405,0.02405,0.02405,0.02405,0.00000,0.0,0
1790769420,0.02405,0.02405,0.02405,0.02405,0.00000,0.0,0
1790769480,0.02405,0.02405,0.02405,0.02405,0.00000,0.0,0
1790769540,0.02405,0.02405,0.02405,0.02405,0.00000,0.0,0
1790769600,0.02405,0.02405,0.02405,0.02405,0.00000,0.0,0
1790769660,0.02405,0.02405,0.02405,0.02405,0.00000,0.0,0
1790769720,0.02405,0.02405,0.02405,0.02405,0.00000,0.0,0
1790769780,0.02405,0.02405,0.02405,0.02405,0.00000,0.0,0
1790769840,0.02405,0.02405,0.02405,0.02405,0.00000,0.0,0
1790769900,0.02405,0.02405,0.02405,0.02405,0.00000,0.0,0
1790769960,0.02409,0.02409,0.02408,0.02408,0.02408,10000.0,2
1790770020,0.02408,0.02408,0.02408,0.02408,0.00000,0.0,0
1790770080,0.02408,0.02408,0.02408,0.02408,0.00000,0.0,0
1790770140,0.02408,0.02408,0.02408,0.02408,0.00000,0.0,0
1790770200,0.02408,0.02408,0.02408,0.02408,0.00000,0.0,0
1790770260,0.02403,0.02403,0.02402,0.02403,0.02402,19757.29849,4
1790770320,0.02403,0.02403,0.02403,0.02403,0.00000,0.0,0
1790770380,0.02403,0.02403,0.02403,0.02403,0.00000,0.0,0
1790770440,0.02403,0.02403,0.02403,0.02403,0.00000,0.0,0
1790770500,0.02403,0.02403,0.02403,0.02403,0.00000,0.0,0
1790770560,0.02396,0.02396,0.02396,0.02396,0.02396,7800.0,2
1790770620,0.02392,0.02393,0.02392,0.02393,0.02392,23242.04185,2
1790770680,0.02393,0.02393,0.02393,0.02393,0.00000,0.0,0
1790770740,0.02392,0.02392,0.02392,0.02392,0.02392,6049.8768,3
1790770800,0.02392,0.02392,0.02392,0.02392,0.02392,8296.81767,1
1790770860,0.02391,0.02391,0.02391,0.02391,0.02391,9130.19437,1
1790770920,0.02391,0.02391,0.02391,0.02391,0.00000,0.0,0
1790770980,0.02391,0.02391,0.02391,0.02391,0.00000,0.0,0
1790771040,0.02391,0.02391,0.02391,0.02391,0.00000,0.0,0
1790771100,0.02391,0.02391,0.02391,0.02391,0.00000,0.0,0
1790771160,0.02397,0.02397,0.02397,0.02397,0.02397,4922.1208,1
1790771220,0.02393,0.02393,0.02393,0.02393,0.02393,3873.8209,1
1790771280,0.02393,0.02393,0.02393,0.02393,0.00000,0.0,0
1790771340,0.02393,0.02393,0.02393,0.02393,0.00000,0.0,0
1790771400,0.02401,0.02417,0.02401,0.02417,0.02410,19240.2445,5
1790771460,0.02417,0.02417,0.02417,0.02417,0.00000,0.0,0
1790771520,0.02437,0.02439,0.02437,0.02438,0.02437,23210.13326,7
1790771580,0.02436,0.02436,0.02423,0.02423,0.02429,54546.30228,10
1790771640,0.02423,0.02423,0.02423,0.02423,0.00000,0.0,0
1790771700,0.02434,0.0244,0.02434,0.0244,0.02436,16438.3532,4
1790771760,0.0244,0.0244,0.0244,0.0244,0.00000,0.0,0
1790771820,0.0244,0.0244,0.0244,0.0244,0.00000,0.0,0
1790771880,0.0244,0.0244,0.0244,0.0244,0.00000,0.0,0
1790771940,0.0244,0.0244,0.0244,0.0244,0.00000,0.0,0
1790772000,0.02447,0.02449,0.02447,0.02449,0.02447,32396.58684,5
1790772060,0.02449,0.02449,0.02449,0.02449,0.02449,4922.1208,1
1790772120,0.02444,0.02444,0.02444,0.02444,0.02444,7245.0897,1
1790772180,0.0244,0.02442,0.02439,0.02442,0.02440,64399.5239,6
1790772240,0.02442,0.02442,0.02442,0.02442,0.00000,0.0,0
1790772300,0.02442,0.02442,0.02442,0.02442,0.00000,0.0,0
1790772360,0.02451,0.02451,0.02447,0.02447,0.02449,28966.59794,4
1790772420,0.02441,0.02441,0.02441,0.02441,0.02441,9424.81862,1
1790772480,0.0246,0.0246,0.0246,0.0246,0.02460,10368.5758,2
1790772540,0.02466,0.02466,0.02466,0.02466,0.02466,4061.569,2
1790772600,0.02466,0.02466,0.02466,0.02466,0.00000,0.0,0
1790772660,0.02466,0.02466,0.02466,0.02466,0.00000,0.0,0
1790772720,0.02466,0.02466,0.02466,0.02466,0.00000,0.0,0
1790772780,0.02466,0.02466,0.02466,0.02466,0.00000,0.0,0
1790772840,0.02466,0.02466,0.02466,0.02466,0.00000,0.0,0
1790772900,0.02466,0.02466,0.02466,0.02466,0.00000,0.0,0
1790772960,0.02494,0.02494,0.02493,0.02493,0.02493,18934.71423,2
1790773020,0.02493,0.02493,0.02493,0.02493,0.00000,0.0,0
1790773080,0.02496,0.025,0.02496,0.025,0.02498,10636.78844,3
1790773140,0.02496,0.02496,0.02496,0.02496,0.02496,9306.43624,2
1790773200,0.02494,0.02494,0.02488,0.02488,0.02491,17977.3375,3
1790773260,0.02488,0.02488,0.02488,0.02488,0.00000,0.0,0
1790773320,0.02487,0.02487,0.02487,0.02487,0.02487,9472.34295,1
1790773380,0.02494,0.02494,0.02494,0.02494,0.02494,10585.446,2
1790773440,0.02495,0.02495,0.02495,0.02495,0.02495,4006.798,1
1790773500,0.02496,0.02497,0.02495,0.02497,0.02496,62175.70453,8
1790773560,0.02496,0.02498,0.02496,0.02498,0.02497,11279.21714,3
1790773620,0.02501,0.02501,0.02501,0.02501,0.02501,13726.54042,2
1790773680,0.02501,0.02501,0.02501,0.02501,0.00000,0.0,0
1790773740,0.02501,0.02501,0.02499,0.02499,0.02499,33316.56947,8
1790773800,0.0249,0.0249,0.0249,0.0249,0.02490,8546.7457,1
1790773860,0.02495,0.02495,0.02495,0.02495,0.02495,7503.3069,1
1790773920,0.02486,0.02486,0.02486,0.02486,0.02486,10270.4599,1
1790773980,0.02489,0.02489,0.02487,0.02487,0.02487,15296.37087,3
1790774040,0.0249,0.0249,0.0249,0.0249,0.02490,9101.7715,2
1790774100,0.02496,0.02497,0.02496,0.02497,0.02496,11703.1384,2
1790774160,0.02497,0.02497,0.02497,0.02497,0.00000,0.0,0
1790774220,0.02497,0.02497,0.02497,0.02497,0.00000,0.0,0
1790774280,0.02492,0.02496,0.02492,0.02495,0.02494,94222.16165,9
1790774340,0.02492,0.02492,0.02492,0.02492,0.02492,541.00301,1
1790774400,0.02492,0.02495,0.02492,0.02495,0.02493,38421.93011,6
1790774460,0.02496,0.02496,0.02496,0.02496,0.02496,9445.1725,1
1790774520,0.02496,0.02496,0.02496,0.02496,0.02496,8358.9346,1
1790774580,0.02496,0.02496,0.02496,0.02496,0.00000,0.0,0
1790774640,0.02496,0.02496,0.02496,0.02496,0.00000,0.0,0
1790774700,0.02496,0.02496,0.02496,0.02496,0.00000,0.0,0
1790774760,0.02493,0.02493,0.02493,0.02493,0.02493,7990.7801,1
1790774820,0.02493,0.02493,0.02493,0.02493,0.00000,0.0,0
1790774880,0.02489,0.02489,0.02489,0.02489,0.02489,7990.7801,1
1790774940,0.02489,0.02489,0.02489,0.02489,0.00000,0.0,0
1790775000,0.02491,0.02492,0.02491,0.02492,0.02491,4869.68134,2
1790775060,0.02501,0.02501,0.02501,0.02501,0.02501,551.0366,1
1790775120,0.02501,0.02501,0.02501,0.02501,0.00000,0.0,0
1790775180,0.02485,0.02485,0.02485,0.02485,0.02485,10431.3675,1
1790775240,0.02484,0.02493,0.02484,0.02493,0.02489,19237.33161,4
1790775300,0.02492,0.02492,0.02462,0.02462,0.02482,173179.50444,11
1790775360,0.02447,0.02447,0.02447,0.02447,0.02447,5073.25315,2
1790775420,0.02452,0.02452,0.02452,0.02452,0.02452,5000.0,1
1790775480,0.02441,0.02441,0.02441,0.02441,0.02441,243.51067,1
1790775540,0.02441,0.02441,0.02441,0.02441,0.00000,0.0,0
1790775600,0.02441,0.02441,0.02441,0.02441,0.00000,0.0,0
1790775660,0.02441,0.02441,0.02441,0.02441,0.00000,0.0,0
1790775720,0.02441,0.02441,0.02441,0.02441,0.00000,0.0,0
1790775780,0.02441,0.02441,0.02441,0.02441,0.00000,0.0,0
1790775840,0.0246,0.02462,0.0246,0.02462,0.02460,3816.8189,2
1790775900,0.02463,0.02463,0.02463,0.02463,0.02463,1017.3268,1
1790775960,0.02455,0.02461,0.02455,0.02461,0.02457,2903.486,3
1790776020,0.02471,0.02471,0.02468,0.02468,0.02469,1477.5558,2
1790776080,0.0247,0.0247,0.0247,0.0247,0.02470,1047.0095,1
1790776140,0.0247,0.0247,0.0247,0.0247,0.00000,0.0,0
1790776200,0.02469,0.02469,0.02469,0.02469,0.02469,809.3883,1
1790776260,0.02472,0.02472,0.02472,0.02472,0.02472,627.1791,1
1790776320,0.0247,0.0247,0.0247,0.0247,0.02470,9384.0227,2
1790776380,0.0247,0.0247,0.0247,0.0247,0.00000,0.0,0
1790776440,0.0247,0.0247,0.0247,0.0247,0.00000,0.0,0
1790776500,0.0247,0.0247,0.0247,0.0247,0.00000,0.0,0
1790776560,0.0247,0.0247,0.0247,0.0247,0.00000,0.0,0
1790776620,0.0247,0.0247,0.0247,0.0247,0.00000,0.0,0
1790776680,0.0247,0.0247,0.0247,0.0247,0.00000,0.0,0
1790776740,0.02467,0.02467,0.02467,0.02467,0.02467,12857.13561,2
1790776800,0.02458,0.02458,0.02458,0.02458,0.02458,24977.5831,2
1790776860,0.02459,0.02459,0.02456,0.02456,0.02457,17857.8295,3
1790776920,0.02455,0.02455,0.02455,0.02455,0.02455,7107.4221,4
1790776980,0.02455,0.02455,0.02455,0.02455,0.00000,0.0,0
1790777040,0.02469,0.02469,0.02469,0.02469,0.02469,9343.9851,1
1790777100,0.02466,0.02466,0.02466,0.02466,0.02466,3375.0,1
1790777160,0.02473,0.02476,0.02473,0.02476,0.02474,30323.08031,5
1790777220,0.02468,0.02468,0.02462,0.02462,0.02466,10785.0188,2
1790777280,0.02462,0.02462,0.02462,0.02462,0.00000,0.0,0
1790777340,0.02462,0.02462,0.02462,0.02462,0.00000,0.0,0
1790777400,0.02461,0.02461,0.02461,0.02461,0.02461,7324.6279,1
1790777460,0.02457,0.02463,0.02454,0.02463,0.02454,144403.3626,10
1790777520,0.02463,0.02463,0.02463,0.02463,0.00000,0.0,0
1790777580,0.02475,0.02475,0.02468,0.02468,0.02471,15055.974,4
1790777640,0.02471,0.02472,0.02471,0.02472,0.02471,13558.25796,3
1790777700,0.02466,0.02466,0.02466,0.02466,0.02466,5077.11,2
1790777760,0.02458,0.02458,0.02457,0.02457,0.02457,8746.1342,2
1790777820,0.02457,0.02457,0.02457,0.02457,0.00000,0.0,0
1790777880,0.02456,0.02456,0.02448,0.02448,0.02452,16979.735,2
1790777940,0.02446,0.02446,0.02446,0.02446,0.02446,9138.3165,1
1790778000,0.02455,0.02455,0.02455,0.02455,0.02455,8191.5217,1
1790778060,0.02459,0.02459,0.02459,0.02459,0.02459,8402.9302,1
1790778120,0.02452,0.02452,0.02438,0.02438,0.02446,23001.9068,6
1790778180,0.02434,0.02434,0.02425,0.02428,0.02428,40206.7842,5
1790778240,0.02442,0.02442,0.02442,0.02442,0.02442,9271.429,2
1790778300,0.02442,0.02442,0.02442,0.02442,0.00000,0.0,0
1790778360,0.02446,0.02446,0.02441,0.02441,0.02443,20274.7616,3
1790778420,0.02441,0.02441,0.02441,0.02441,0.00000,0.0,0
1790778480,0.0243,0.0243,0.0243,0.0243,0.02430,16827.9313,3
1790778540,0.0243,0.0243,0.0243,0.0243,0.00000,0.0,0
1790778600,0.02436,0.02436,0.02436,0.02436,0.02436,10228.9257,1
1790778660,0.0244,0.02442,0.02436,0.02436,0.02439,21577.53699,5
1790778720,0.02435,0.02435,0.02431,0.02431,0.02432,13594.5375,2
1790778780,0.02427,0.02427,0.02427,0.02427,0.02427,5000.0,1
1790778840,0.02433,0.02433,0.02432,0.02432,0.02432,10000.0,2
1790778900,0.02427,0.02427,0.02421,0.02421,0.02424,10000.0,2
1790778960,0.02421,0.02421,0.02421,0.02421,0.00000,0.0,0
1790779020,0.02419,0.02419,0.02419,0.02419,0.02419,5000.0,1
1790779080,0.02416,0.02416,0.02416,0.02416,0.02416,7537.2146,2
1790779140,0.02422,0.02422,0.02422,0.02422,0.02422,10703.3613,3
1790779200,0.02401,0.02402,0.02401,0.02402,0.02401,9612.3655,2
1790779260,0.02408,0.02408,0.02406,0.02406,0.02407,24538.4218,5
1790779320,0.02412,0.02415,0.02412,0.02415,0.02413,13303.9976,3
1790779380,0.02414,0.02414,0.02414,0.02414,0.02414,501.7481,1
1790779440,0.02408,0.0241,0.02408,0.0241,0.02409,19280.4281,3
1790779500,0.0241,0.02416,0.0241,0.02416,0.02414,14223.6397,4
1790779560,0.02416,0.02416,0.02416,0.02416,0.00000,0.0,0
1790779620,0.02425,0.02425,0.0242,0.02425,0.02421,172873.37863,7
1790779680,0.02436,0.02437,0.02436,0.02437,0.02436,23294.37557,4
1790779740,0.02437,0.02437,0.02437,0.02437,0.02437,17217.74038,4
1790779800,0.02445,0.02445,0.02445,0.02445,0.02445,5224.3786,2
1790779860,0.02445,0.02445,0.02445,0.02445,0.00000,0.0,0
1790779920,0.02451,0.02451,0.02451,0.02451,0.02451,10768.2911,1
1790779980,0.02451,0.02451,0.02451,0.02451,0.00000,0.0,0
1790780040,0.02444,0.02444,0.0244,0.02443,0.02441,38593.89517,8
1790780100,0.02445,0.02445,0.02445,0.02445,0.02445,7311.19646,1
1790780160,0.02446,0.02446,0.02446,0.02446,0.02446,6264.7176,1
1790780220,0.0244,0.0244,0.02439,0.02439,0.02439,19172.7018,4
1790780280,0.02434,0.02434,0.02434,0.02434,0.02434,7989.8453,1
1790780340,0.02434,0.02434,0.02434,0.02434,0.00000,0.0,0
1790780400,0.0244,0.0244,0.02439,0.02439,0.02439,67839.34443,5
1790780460,0.02435,0.02438,0.02431,0.02438,0.02435,10610.4899,3
1790780520,0.02439,0.02439,0.02439,0.02439,0.02439,7348.70317,2
1790780580,0.02432,0.02436,0.02432,0.02436,0.02434,20739.12797,5
1790780640,0.02443,0.02443,0.02443,0.02443,0.02443,1027.5777,1
1790780700,0.02443,0.02443,0.02443,0.02443,0.02443,972.6698,1
1790780760,0.02444,0.02444,0.02444,0.02444,0.02444,10064.1195,3
1790780820,0.02444,0.02444,0.02444,0.02444,0.00000,0.0,0
1790780880,0.02436,0.02436,0.02434,0.02434,0.02435,14101.5248,3
1790780940,0.02438,0.02438,0.02438,0.02438,0.02438,21363.3002,8
1790781000,0.02443,0.02443,0.02443,0.02443,0.02443,118498.55571,12
1790781060,0.02441,0.02441,0.02441,0.02441,0.02441,8173.0497,1
1790781120,0.02434,0.02434,0.02432,0.02433,0.02432,32429.0564,7
1790781180,0.02433,0.02433,0.02433,0.02433,0.00000,0.0,0
1790781240,0.02432,0.02434,0.02432,0.02434,0.02432,15303.0731,3
1790781300,0.0243,0.0243,0.0243,0.0243,0.02430,10725.0028,2
1790781360,0.0243,0.0243,0.02429,0.02429,0.02429,21497.44343,3
1790781420,0.02417,0.02431,0.02417,0.02431,0.02420,39052.63394,5
1790781480,0.02431,0.02431,0.02431,0.02431,0.00000,0.0,0
1790781540,0.02431,0.02431,0.02431,0.02431,0.00000,0.0,0
1790781600,0.02428,0.02428,0.02428,0.02428,0.02428,6703.8643,3
1790781660,0.02428,0.02428,0.02428,0.02428,0.00000,0.0,0
1790781720,0.02434,0.0244,0.02434,0.02436,0.02439,123101.69256,10
1790781780,0.02435,0.02435,0.02434,0.02434,0.02434,20291.098,2
1790781840,0.02434,0.02434,0.02434,0.02434,0.00000,0.0,0
1790781900,0.02422,0.02422,0.02382,0.02392,0.02404,283804.62227,32
1790781960,0.024,0.02405,0.024,0.02405,0.02402,53077.02944,7
1790782020,0.02402,0.02403,0.02402,0.02403,0.02402,19948.162,2
1790782080,0.02409,0.02414,0.02409,0.02414,0.02411,7526.1,2
1790782140,0.02412,0.02412,0.02412,0.02412,0.02412,9166.873,3
1790782200,0.0242,0.0242,0.0242,0.0242,0.02420,7397.448,1
1790782260,0.02435,0.02436,0.02435,0.02436,0.02435,10849.7278,3
1790782320,0.0244,0.0244,0.0244,0.0244,0.02440,812.01163,1
1790782380,0.02442,0.02442,0.02438,0.02438,0.02440,13508.6744,4
1790782440,0.02433,0.02433,0.02433,0.02433,0.02433,7984.9147,1
1790782500,0.0243,0.0243,0.0243,0.0243,0.02430,9452.4716,2
1790782560,0.0243,0.0243,0.0243,0.0243,0.00000,0.0,0
1790782620,0.02424,0.02424,0.02422,0.02422,0.02422,18185.8622,4
1790782680,0.02431,0.02431,0.02431,0.02431,0.02431,8083.0055,1
1790782740,0.02431,0.02431,0.02431,0.02431,0.00000,0.0,0
1790782800,0.02435,0.02435,0.02435,0.02435,0.02435,18210.36722,3
1790782860,0.02435,0.02435,0.02435,0.02435,0.00000,0.0,0
1790782920,0.02434,0.02434,0.02434,0.02434,0.02434,10337.2691,3
1790782980,0.02434,0.02434,0.02434,0.02434,0.00000,0.0,0
1790783040,0.02428,0.02428,0.02428,0.02428,0.02428,9260.3088,1
1790783100,0.02428,0.02428,0.02428,0.02428,0.00000,0.0,0
1790783160,0.02429,0.02429,0.02429,0.02429,0.02429,8669.89682,1
1790783220,0.02429,0.02429,0.02429,0.02429,0.00000,0.0,0
1790783280,0.02436,0.02443,0.02436,0.02443,0.02441,14338.7895,3
1790783340,0.02443,0.02443,0.02443,0.02443,0.00000,0.0,0
1790783400,0.02443,0.02443,0.02443,0.02443,0.00000,0.0,0
1790783460,0.02453,0.02453,0.02453,0.02453,0.02453,8796.0456,1
1790783520,0.02446,0.02446,0.02446,0.02446,0.02446,10254.5887,2
1790783580,0.02446,0.02446,0.02446,0.02446,0.00000,0.0,0
1790783640,0.02446,0.02446,0.02446,0.02446,0.00000,0.0,0
1790783700,0.02445,0.02446,0.02445,0.02446,0.02445,18293.7268,2
1790783760,0.02444,0.02444,0.02444,0.02444,0.02444,7591.458,1
1790783820,0.02444,0.02446,0.02444,0.02446,0.02445,3840.18028,2
1790783880,0.02444,0.02444,0.02444,0.02444,0.02444,3375.0,1
1790783940,0.02444,0.02444,0.02444,0.02444,0.00000,0.0,0
1790784000,0.02445,0.02449,0.02445,0.02449,0.02447,17556.5964,6
1790784060,0.02451,0.02451,0.02451,0.02451,0.02451,7592.1918,2
1790784120,0.02451,0.02451,0.02451,0.02451,0.00000,0.0,0
1790784180,0.02451,0.02451,0.02451,0.02451,0.00000,0.0,0
1790784240,0.02468,0.02474,0.02468,0.02473,0.02473,13588.91591,3
1790784300,0.02477,0.02481,0.02477,0.02481,0.02479,17356.4157,4
1790784360,0.02488,0.02496,0.02488,0.02495,0.02491,149357.50589,7
1790784420,0.02485,0.02485,0.02471,0.02482,0.02478,182064.32517,15
1790784480,0.02482,0.02508,0.02472,0.02508,0.02495,773406.33376,68
1790784540,0.02506,0.0252,0.02501,0.02506,0.02504,391407.14372,47
1790784600,0.0251,0.02512,0.02509,0.02512,0.02510,21598.59126,8
1790784660,0.02514,0.02517,0.02514,0.02517,0.02516,3677.99164,3
1790784720,0.02512,0.02512,0.02485,0.02485,0.02487,59679.16222,9
1790784780,0.02485,0.02485,0.02485,0.02485,0.00000,0.0,0
1790784840,0.02482,0.02482,0.02469,0.02469,0.02476,29012.77834,5
1790784900,0.02468,0.02473,0.02468,0.02472,0.02469,43652.85262,5
1790784960,0.02472,0.02474,0.02471,0.02474,0.02471,40418.28196,9
1790785020,0.02469,0.02469,0.02469,0.02469,0.02469,15110.75564,3
1790785080,0.02461,0.02461,0.0246,0.0246,0.02460,15025.6333,2
1790785140,0.02465,0.02465,0.02465,0.02465,0.02465,8558.04756,3
1790785200,0.02465,0.02466,0.02465,0.02466,0.02465,6017.0187,2
1790785260,0.02462,0.02466,0.02462,0.02466,0.02463,11015.78,3
1790785320,0.02466,0.02466,0.02466,0.02466,0.00000,0.0,0
1790785380,0.02466,0.02466,0.02466,0.02466,0.00000,0.0,0
1790785440,0.02464,0.02472,0.02464,0.02472,0.02468,20611.8845,5
1790785500,0.0247,0.02478,0.0247,0.02478,0.02473,24386.1452,7
1790785560,0.02478,0.02478,0.02475,0.02475,0.02476,18543.09838,2
1790785620,0.02476,0.02476,0.02476,0.02476,0.02476,7615.4581,1
1790785680,0.02476,0.02476,0.02476,0.02476,0.00000,0.0,0
1790785740,0.02471,0.02474,0.02471,0.02474,0.02472,16850.62551,2
1790785800,0.02477,0.02477,0.02477,0.02477,0.02477,17897.30751,2
1790785860,0.02477,0.02477,0.02477,0.02477,0.00000,0.0,0
1790785920,0.02477,0.02477,0.02477,0.02477,0.00000,0.0,0
1790785980,0.02469,0.02469,0.02469,0.02469,0.02469,6433.0629,2
1790786040,0.02469,0.02469,0.02469,0.02469,0.00000,0.0,0
1790786100,0.02464,0.02464,0.02464,0.02464,0.02464,21253.0825,2
1790786160,0.02462,0.02462,0.02454,0.02454,0.02458,19554.0582,4
1790786220,0.02464,0.0248,0.02464,0.02477,0.02477,237422.12516,21
1790786280,0.02486,0.02486,0.02486,0.02486,0.02486,10105.7507,1
1790786340,0.02482,0.02494,0.0248,0.02494,0.02486,69984.27133,12
1790786400,0.02493,0.02497,0.02493,0.02497,0.02495,15230.8673,4
1790786460,0.02495,0.02503,0.02495,0.02503,0.02497,34202.7316,5
1790786520,0.02505,0.02505,0.02501,0.02505,0.02503,35835.10355,7
1790786580,0.02505,0.02505,0.0249,0.02491,0.02497,70553.67458,9
1790786640,0.02498,0.02498,0.02498,0.02498,0.02498,10547.3344,3
1790786700,0.025,0.025,0.025,0.025,0.02500,9847.1749,1
1790786760,0.02504,0.02505,0.02503,0.02505,0.02503,44635.32975,9
1790786820,0.02508,0.0251,0.02508,0.0251,0.02509,9013.01842,4
1790786880,0.0251,0.0251,0.0251,0.0251,0.00000,0.0,0
1790786940,0.0251,0.0251,0.0251,0.0251,0.00000,0.0,0
1790787000,0.025,0.02506,0.025,0.02506,0.02504,33985.61854,3
1790787060,0.02516,0.02516,0.02512,0.02512,0.02514,19160.3553,4
1790787120,0.0251,0.0251,0.0251,0.0251,0.02510,8132.5252,1
1790787180,0.02507,0.02507,0.02507,0.02507,0.02507,7821.3274,1
1790787240,0.0251,0.0251,0.02509,0.02509,0.02509,21384.1333,4
1790787300,0.02506,0.02506,0.02506,0.02506,0.02506,5000.0,1
1790787360,0.02503,0.02504,0.02503,0.02504,0.02503,34425.1368,6
1790787420,0.02507,0.02507,0.02507,0.02507,0.02507,9864.6596,1
1790787480,0.02506,0.02506,0.02506,0.02506,0.02506,14710.4657,3
1790787540,0.02505,0.02505,0.02505,0.02505,0.02505,8905.9678,3
1790787600,0.02503,0.02507,0.02503,0.02507,0.02504,23623.1073,5
1790787660,0.02502,0.02506,0.02502,0.02505,0.02504,21685.2561,5
1790787720,0.02503,0.02503,0.02503,0.02503,0.02503,4922.1208,1
1790787780,0.02502,0.02505,0.02502,0.02504,0.02504,22099.5848,6
1790787840,0.0251,0.02519,0.02502,0.02502,0.02513,92234.486,13
1790787900,0.02504,0.02513,0.02504,0.02513,0.02508,16110.69263,2
1790787960,0.02509,0.0251,0.02509,0.0251,0.02509,19720.3626,2
1790788020,0.0251,0.0251,0.0251,0.0251,0.00000,0.0,0
1790788080,0.02516,0.02527,0.02516,0.02527,0.02519,14955.4868,2
1790788140,0.02529,0.02529,0.02527,0.02528,0.02528,40050.38051,4
1790788200,0.02529,0.02529,0.02529,0.02529,0.02529,9942.9115,1
1790788260,0.0253,0.0253,0.02529,0.02529,0.02529,14731.2285,5
1790788320,0.0252,0.0252,0.02517,0.02518,0.02518,27428.353,4
1790788380,0.02518,0.02518,0.02518,0.02518,0.00000,0.0,0
1790788440,0.02518,0.02518,0.02518,0.02518,0.00000,0.0,0
1790788500,0.02515,0.02515,0.02515,0.02515,0.02515,6980.0096,1
1790788560,0.02514,0.02526,0.02514,0.02519,0.02520,36215.10544,6
1790788620,0.02521,0.0255,0.02521,0.0255,0.02540,211277.73648,33
1790788680,0.02556,0.02557,0.02554,0.02554,0.02554,204839.28136,14
1790788740,0.02548,0.02561,0.02542,0.02542,0.02549,122602.94348,11
1790788800,0.02532,0.02535,0.02527,0.02535,0.02531,65829.11749,8
1790788860,0.02534,0.02539,0.02529,0.02539,0.02532,78978.34921,11
1790788920,0.02539,0.02539,0.02539,0.02539,0.02539,37489.24986,2
1790788980,0.02535,0.02535,0.02535,0.02535,0.02535,9684.1437,2
1790789040,0.02535,0.02536,0.02532,0.02536,0.02534,26068.5057,5
1790789100,0.0254,0.0254,0.0254,0.0254,0.02540,9593.61736,1
1790789160,0.02529,0.02529,0.02528,0.02528,0.02528,13736.54469,5
1790789220,0.02536,0.02549,0.02536,0.02549,0.02542,142363.37144,20
1790789280,0.02549,0.02549,0.02547,0.02548,0.02548,35881.9697,8
1790789340,0.02542,0.02545,0.02542,0.02545,0.02542,50465.70336,5
1790789400,0.02543,0.02543,0.02541,0.02541,0.02541,17513.5268,4
1790789460,0.02545,0.02545,0.0254,0.0254,0.02543,13934.728,2
1790789520,0.02541,0.02541,0.02532,0.02532,0.02534,26711.7117,3
1790789580,0.02529,0.02541,0.02529,0.0254,0.02536,83828.93469,17
1790789640,0.0253,0.0253,0.02529,0.02529,0.02529,9855.426,2
1790789700,0.02524,0.02524,0.0252,0.0252,0.02522,36028.33576,5
1790789760,0.02524,0.02524,0.02524,0.02524,0.02524,14636.41851,2
1790789820,0.02514,0.02516,0.02514,0.02516,0.02514,22298.22983,4
1790789880,0.0251,0.02513,0.0251,0.02513,0.02511,12704.55238,2
1790789940,0.02514,0.02514,0.02514,0.02514,0.02514,8399.0926,1
1790790000,0.02504,0.02504,0.02503,0.02503,0.02503,16550.0882,3
1790790060,0.02503,0.02503,0.02503,0.02503,0.00000,0.0,0
1790790120,0.02505,0.02505,0.02505,0.02505,0.02505,10029.7767,2
1790790180,0.02515,0.02515,0.02515,0.02515,0.02515,10193.3045,2
1790790240,0.02513,0.02513,0.02513,0.02513,0.02513,10287.2126,1
1790790300,0.02508,0.02508,0.02508,0.02508,0.02508,4922.1208,1
1790790360,0.0251,0.02513,0.0251,0.02513,0.02512,10440.1602,2
1790790420,0.02518,0.02527,0.02518,0.02524,0.02522,35008.58109,9
1790790480,0.02524,0.02524,0.02523,0.02523,0.02523,18424.8329,3
1790790540,0.02527,0.02537,0.02527,0.02537,0.02531,27411.3659,4
1790790600,0.02534,0.02542,0.02534,0.02539,0.02536,41368.55492,6
1790790660,0.02546,0.02546,0.02546,0.02546,0.02546,6750.0,2
1790790720,0.0254,0.0254,0.0254,0.0254,0.02540,10108.7002,1
1790790780,0.0254,0.0254,0.0254,0.0254,0.00000,0.0,0
1790790840,0.02539,0.02546,0.02539,0.02546,0.02542,27034.34788,5
