time,open,high,low,close,vwap,volume,count
1790639760,0.1178,0.1178,0.1178,0.1178,0.0000,0.0,0
1790639820,0.1178,0.1178,0.1178,0.1178,0.0000,0.0,0
1790639880,0.1178,0.1178,0.1178,0.1178,0.0000,0.0,0
1790639940,0.1178,0.1178,0.1178,0.1178,0.0000,0.0,0
1790640000,0.1178,0.1178,0.1178,0.1178,0.0000,0.0,0
1790640060,0.1178,0.1178,0.1178,0.1178,0.0000,0.0,0
1790640120,0.1182,0.1182,0.1182,0.1182,0.1182,948.5965,1
1790640180,0.1182,0.1182,0.1182,0.1182,0.0000,0.0,0
1790640240,0.1182,0.1182,0.1182,0.1182,0.0000,0.0,0
1790640300,0.1182,0.1182,0.1182,0.1182,0.0000,0.0,0
1790640360,0.1182,0.1182,0.1182,0.1182,0.0000,0.0,0
1790640420,0.1182,0.1182,0.1182,0.1182,0.0000,0.0,0
1790640480,0.1182,0.1182,0.1182,0.1182,0.0000,0.0,0
1790640540,0.1182,0.1182,0.1182,0.1182,0.0000,0.0,0
1790640600,0.1182,0.1182,0.1182,0.1182,0.0000,0.0,0
1790640660,0.1182,0.1182,0.1182,0.1182,0.0000,0.0,0
1790640720,0.1182,0.1182,0.1182,0.1182,0.0000,0.0,0
1790640780,0.1182,0.1182,0.1182,0.1182,0.1182,2812.5,2
1790640840,0.1182,0.1182,0.1182,0.1182,0.0000,0.0,0
1790640900,0.1182,0.1182,0.1182,0.1182,0.0000,0.0,0
1790640960,0.1182,0.1182,0.1182,0.1182,0.0000,0.0,0
1790641020,0.1182,0.1182,0.1182,0.1182,0.0000,0.0,0
1790641080,0.1182,0.1182,0.1182,0.1182,0.0000,0.0,0
1790641140,0.1182,0.1182,0.1182,0.1182,0.0000,0.0,0
1790641200,0.1175,0.1175,0.1175,0.1175,0.1175,4493.80935,1
1790641260,0.1175,0.1175,0.1175,0.1175,0.0000,0.0,0
1790641320,0.1175,0.1175,0.1175,0.1175,0.0000,0.0,0
1790641380,0.1175,0.1175,0.1175,0.1175,0.0000,0.0,0
1790641440,0.1175,0.1175,0.1175,0.1175,0.0000,0.0,0
1790641500,0.1175,0.1175,0.1175,0.1175,0.0000,0.0,0
1790641560,0.1175,0.1175,0.1175,0.1175,0.0000,0.0,0
1790641620,0.1175,0.1175,0.1175,0.1175,0.0000,0.0,0
1790641680,0.1175,0.1175,0.1175,0.1175,0.0000,0.0,0
1790641740,0.1175,0.1175,0.1175,0.1175,0.1175,1125.0,2
1790641800,0.1175,0.1175,0.1175,0.1175,0.0000,0.0,0
1790641860,0.1175,0.1175,0.1175,0.1175,0.0000,0.0,0
1790641920,0.1175,0.1175,0.1175,0.1175,0.0000,0.0,0
1790641980,0.1175,0.1175,0.1175,0.1175,0.0000,0.0,0
1790642040,0.1175,0.1175,0.1175,0.1175,0.0000,0.0,0
1790642100,0.1175,0.1175,0.1175,0.1175,0.0000,0.0,0
1790642160,0.1175,0.1175,0.1175,0.1175,0.0000,0.0,0
1790642220,0.1175,0.1175,0.1175,0.1175,0.0000,0.0,0
1790642280,0.1175,0.1175,0.1175,0.1175,0.0000,0.0,0
1790642340,0.1179,0.1179,0.1179,0.1179,0.1179,1959.78056,1
1790642400,0.1179,0.1179,0.1179,0.1179,0.1179,2329.13365,1
1790642460,0.1179,0.1179,0.1179,0.1179,0.0000,0.0,0
1790642520,0.1179,0.1179,0.1179,0.1179,0.0000,0.0,0
1790642580,0.1179,0.1179,0.1179,0.1179,0.0000,0.0,0
1790642640,0.1179,0.118,0.1179,0.118,0.1179,986.87012,4
1790642700,0.1178,0.1178,0.1178,0.1178,0.1178,227.98819,2
1790642760,0.1178,0.1178,0.1178,0.1178,0.0000,0.0,0
1790642820,0.1178,0.1178,0.1178,0.1178,0.0000,0.0,0
1790642880,0.1176,0.1176,0.1176,0.1176,0.1176,232.78029,1
1790642940,0.1175,0.1175,0.1174,0.1174,0.1174,985.76351,4
1790643000,0.1174,0.1174,0.1174,0.1174,0.0000,0.0,0
1790643060,0.1174,0.1174,0.1174,0.1174,0.0000,0.0,0
1790643120,0.1174,0.1174,0.1174,0.1174,0.0000,0.0,0
1790643180,0.117,0.117,0.117,0.117,0.1170,13537.35597,3
1790643240,0.117,0.117,0.117,0.117,0.0000,0.0,0
1790643300,0.1173,0.1173,0.1173,0.1173,0.1173,2250.0,1
1790643360,0.1172,0.1172,0.1171,0.1171,0.1171,1511.2704,3
1790643420,0.1171,0.1171,0.1171,0.1171,0.0000,0.0,0
1790643480,0.1171,0.1171,0.1171,0.1171,0.0000,0.0,0
1790643540,0.1171,0.1171,0.1171,0.1171,0.0000,0.0,0
1790643600,0.1168,0.1169,0.1168,0.1169,0.1168,2454.13365,2
1790643660,0.1169,0.1172,0.1169,0.1172,0.1170,3049.83211,3
1790643720,0.1174,0.1176,0.1174,0.1176,0.1175,2642.33051,2
1790643780,0.1174,0.1174,0.1174,0.1174,0.1174,562.5,1
1790643840,0.1172,0.1172,0.1172,0.1172,0.1172,356.67628,1
1790643900,0.1169,0.1169,0.1169,0.1169,0.1169,4515.28582,1
1790643960,0.1169,0.1169,0.1169,0.1169,0.0000,0.0,0
1790644020,0.1167,0.1167,0.1166,0.1166,0.1166,4746.03914,2
1790644080,0.1166,0.1166,0.1166,0.1166,0.0000,0.0,0
1790644140,0.1163,0.1163,0.1163,0.1163,0.1163,492.29913,2
1790644200,0.1162,0.1162,0.1162,0.1162,0.1162,161.00462,1
1790644260,0.1162,0.1162,0.1162,0.1162,0.1162,125.0,1
1790644320,0.1161,0.1161,0.1161,0.1161,0.1161,162.92848,1
1790644380,0.1161,0.1161,0.1161,0.1161,0.0000,0.0,0
1790644440,0.116,0.116,0.116,0.116,0.1160,4270.91415,1
1790644500,0.116,0.116,0.116,0.116,0.1160,4550.31552,1
1790644560,0.1159,0.1159,0.1153,0.1154,0.1155,12949.89152,6
1790644620,0.1156,0.1156,0.1156,0.1156,0.1156,159.72832,1
1790644680,0.1156,0.1156,0.1156,0.1156,0.0000,0.0,0
1790644740,0.1154,0.1154,0.1152,0.1152,0.1152,2187.15354,3
1790644800,0.115,0.1153,0.115,0.1153,0.1152,14001.43238,5
1790644860,0.1154,0.1154,0.1154,0.1154,0.1154,668.28652,2
1790644920,0.1154,0.1156,0.1154,0.1156,0.1155,3011.67435,5
1790644980,0.1156,0.1156,0.1156,0.1156,0.0000,0.0,0
1790645040,0.1155,0.1155,0.1155,0.1155,0.1155,125.0,1
1790645100,0.1155,0.1155,0.1155,0.1155,0.0000,0.0,0
1790645160,0.1155,0.1155,0.1155,0.1155,0.1155,4694.75247,2
1790645220,0.1155,0.1155,0.1155,0.1155,0.0000,0.0,0
1790645280,0.1148,0.1148,0.1147,0.1148,0.1147,24237.6396,15
1790645340,0.1147,0.1147,0.1147,0.1147,0.1147,4726.60637,2
1790645400,0.1147,0.1147,0.1147,0.1147,0.0000,0.0,0
1790645460,0.115,0.115,0.115,0.115,0.1150,4589.23923,1
1790645520,0.1143,0.1143,0.1142,0.1143,0.1142,5312.37549,6
1790645580,0.1147,0.1147,0.1147,0.1147,0.1147,125.0,1
1790645640,0.1147,0.1147,0.1147,0.1147,0.1147,4851.52557,4
1790645700,0.1147,0.1147,0.1147,0.1147,0.0000,0.0,0
1790645760,0.1139,0.1143,0.1139,0.1142,0.1142,937.5,3
1790645820,0.1141,0.1142,0.1141,0.1142,0.1141,9679.93224,3
1790645880,0.1142,0.1142,0.1142,0.1142,0.0000,0.0,0
1790645940,0.1142,0.1142,0.1142,0.1142,0.0000,0.0,0
1790646000,0.1142,0.1142,0.1142,0.1142,0.0000,0.0,0
1790646060,0.1139,0.1143,0.1139,0.1143,0.1142,7405.66694,4
1790646120,0.1145,0.1147,0.1145,0.1147,0.1145,11068.74715,4
1790646180,0.1147,0.1149,0.1143,0.1143,0.1148,22870.84007,4
1790646240,0.1143,0.1143,0.1143,0.1143,0.0000,0.0,0
1790646300,0.1147,0.1147,0.1147,0.1147,0.1147,125.0,1
1790646360,0.1152,0.1152,0.1152,0.1152,0.1152,4581.63366,1
1790646420,0.1149,0.1149,0.1149,0.1149,0.1149,245.67629,1
1790646480,0.1149,0.1149,0.1149,0.1149,0.0000,0.0,0
1790646540,0.1148,0.1148,0.1148,0.1148,0.1148,4597.45705,1
1790646600,0.1148,0.1148,0.1148,0.1148,0.0000,0.0,0
1790646660,0.1148,0.1148,0.1148,0.1148,0.0000,0.0,0
1790646720,0.1148,0.1148,0.1148,0.1148,0.0000,0.0,0
1790646780,0.1153,0.1153,0.1153,0.1153,0.1153,4578.48645,1
1790646840,0.115,0.115,0.115,0.115,0.1150,4715.57063,2
1790646900,0.115,0.115,0.115,0.115,0.0000,0.0,0
1790646960,0.115,0.115,0.115,0.115,0.0000,0.0,0
1790647020,0.115,0.115,0.115,0.115,0.0000,0.0,0
1790647080,0.115,0.115,0.1149,0.1149,0.1149,8137.40103,2
1790647140,0.1149,0.1149,0.1149,0.1149,0.0000,0.0,0
1790647200,0.1149,0.1149,0.1149,0.1149,0.0000,0.0,0
1790647260,0.1149,0.1149,0.1149,0.1149,0.0000,0.0,0
1790647320,0.1149,0.1149,0.1149,0.1149,0.0000,0.0,0
1790647380,0.1149,0.1149,0.1149,0.1149,0.0000,0.0,0
1790647440,0.1149,0.1149,0.1149,0.1149,0.0000,0.0,0
1790647500,0.1149,0.1149,0.1149,0.1149,0.0000,0.0,0
1790647560,0.1148,0.1148,0.1148,0.1148,0.1148,4597.75875,2
1790647620,0.1148,0.1148,0.1148,0.1148,0.1148,1375.0,4
1790647680,0.1148,0.1148,0.1148,0.1148,0.0000,0.0,0
1790647740,0.1145,0.1145,0.1144,0.1144,0.1144,5050.35228,2
1790647800,0.1141,0.1141,0.1141,0.1141,0.1141,4622.88743,2
1790647860,0.1141,0.1141,0.1141,0.1141,0.1141,4750.64143,2
1790647920,0.114,0.114,0.114,0.114,0.1140,5141.63365,5
1790647980,0.1145,0.1145,0.1145,0.1145,0.1145,443.45083,1
1790648040,0.1146,0.1146,0.1145,0.1145,0.1145,2139.90138,3
1790648100,0.1145,0.1145,0.1145,0.1145,0.0000,0.0,0
1790648160,0.1145,0.1145,0.1145,0.1145,0.1145,4608.89495,1
1790648220,0.1145,0.1145,0.1145,0.1145,0.0000,0.0,0
1790648280,0.1142,0.1142,0.1142,0.1142,0.1142,125.0,1
1790648340,0.1142,0.1142,0.1142,0.1142,0.0000,0.0,0
1790648400,0.1142,0.1142,0.1142,0.1142,0.0000,0.0,0
1790648460,0.1142,0.1142,0.1142,0.1142,0.0000,0.0,0
1790648520,0.114,0.114,0.1135,0.1135,0.1137,25911.57556,16
1790648580,0.1136,0.1136,0.1136,0.1136,0.1136,4645.0007,1
1790648640,0.1137,0.1137,0.1136,0.1136,0.1136,10171.48776,4
1790648700,0.1136,0.1136,0.1136,0.1136,0.1136,9857.77769,6
1790648760,0.1134,0.1134,0.1134,0.1134,0.1134,4653.47798,1
1790648820,0.1134,0.1134,0.1134,0.1134,0.0000,0.0,0
1790648880,0.1133,0.1133,0.1133,0.1133,0.1133,4723.07855,2
1790648940,0.1133,0.1133,0.1133,0.1133,0.0000,0.0,0
1790649000,0.1135,0.1135,0.1135,0.1135,0.1135,5096.67729,2
1790649060,0.1135,0.1135,0.1135,0.1135,0.0000,0.0,0
1790649120,0.1135,0.1135,0.1135,0.1135,0.0000,0.0,0
1790649180,0.1133,0.1133,0.1133,0.1133,0.1133,4658.32226,1
1790649240,0.1131,0.1131,0.1129,0.1129,0.1130,17796.41179,8
1790649300,0.1129,0.1129,0.1129,0.1129,0.0000,0.0,0
1790649360,0.1129,0.1129,0.1129,0.1129,0.0000,0.0,0
1790649420,0.1129,0.1129,0.1129,0.1129,0.0000,0.0,0
1790649480,0.1129,0.1129,0.1129,0.1129,0.0000,0.0,0
1790649540,0.1129,0.1129,0.1129,0.1129,0.0000,0.0,0
1790649600,0.1129,0.1129,0.1129,0.1129,0.0000,0.0,0
1790649660,0.1133,0.1133,0.1133,0.1133,0.1133,1687.5,2
1790649720,0.1133,0.1133,0.1133,0.1133,0.0000,0.0,0
1790649780,0.1133,0.1133,0.1133,0.1133,0.0000,0.0,0
1790649840,0.1133,0.1133,0.1133,0.1133,0.0000,0.0,0
1790649900,0.1133,0.1133,0.1133,0.1133,0.0000,0.0,0
1790649960,0.1133,0.1133,0.1133,0.1133,0.0000,0.0,0
1790650020,0.1133,0.1133,0.1133,0.1133,0.0000,0.0,0
1790650080,0.1133,0.1133,0.1133,0.1133,0.0000,0.0,0
1790650140,0.1139,0.1139,0.1139,0.1139,0.1139,1125.0,2
1790650200,0.1139,0.1139,0.1139,0.1139,0.0000,0.0,0
1790650260,0.1136,0.1136,0.1136,0.1136,0.1136,4643.21477,1
1790650320,0.1135,0.1135,0.1135,0.1135,0.1135,5122.14426,1
1790650380,0.1135,0.1135,0.1135,0.1135,0.0000,0.0,0
1790650440,0.1135,0.1135,0.1135,0.1135,0.0000,0.0,0
1790650500,0.1135,0.1135,0.1135,0.1135,0.0000,0.0,0
1790650560,0.1135,0.1135,0.1135,0.1135,0.0000,0.0,0
1790650620,0.1135,0.1135,0.1135,0.1135,0.0000,0.0,0
1790650680,0.1135,0.1135,0.1135,0.1135,0.0000,0.0,0
1790650740,0.1135,0.1135,0.1135,0.1135,0.0000,0.0,0
1790650800,0.1135,0.1135,0.1135,0.1135,0.0000,0.0,0
1790650860,0.1139,0.1139,0.1137,0.1137,0.1138,3698.76694,4
1790650920,0.1137,0.1137,0.1137,0.1137,0.0000,0.0,0
1790650980,0.1141,0.1141,0.1141,0.1141,0.1141,5045.83203,4
1790651040,0.1139,0.1139,0.1134,0.1134,0.1135,32683.81953,15
1790651100,0.1134,0.1134,0.1132,0.1132,0.1133,31796.08879,9
1790651160,0.1132,0.1132,0.1132,0.1132,0.1132,4788.13584,2
1790651220,0.1133,0.1133,0.1133,0.1133,0.1133,125.0,1
1790651280,0.1133,0.1133,0.1133,0.1133,0.0000,0.0,0
1790651340,0.1133,0.1133,0.1133,0.1133,0.1133,125.0,1
1790651400,0.1133,0.1133,0.1132,0.1133,0.1132,4908.99948,3
1790651460,0.1133,0.1133,0.1133,0.1133,0.0000,0.0,0
1790651520,0.1133,0.1133,0.1133,0.1133,0.0000,0.0,0
1790651580,0.1133,0.1133,0.1133,0.1133,0.0000,0.0,0
1790651640,0.1133,0.1133,0.1133,0.1133,0.1133,125.0,1
1790651700,0.1131,0.1133,0.1131,0.1133,0.1131,3615.80112,6
1790651760,0.1133,0.1133,0.1133,0.1133,0.0000,0.0,0
1790651820,0.1133,0.1133,0.1133,0.1133,0.0000,0.0,0
1790651880,0.1133,0.1133,0.1133,0.1133,0.0000,0.0,0
1790651940,0.1137,0.1141,0.1137,0.1141,0.1139,881.23789,3
1790652000,0.1141,0.1141,0.1141,0.1141,0.0000,0.0,0
1790652060,0.1145,0.1145,0.1145,0.1145,0.1145,562.5,1
1790652120,0.1145,0.1145,0.1145,0.1145,0.1145,184.76185,1
1790652180,0.1145,0.1145,0.1145,0.1145,0.0000,0.0,0
1790652240,0.1147,0.1147,0.1147,0.1147,0.1147,125.0,1
1790652300,0.1149,0.1149,0.1149,0.1149,0.1149,2082.7611,1
1790652360,0.1149,0.1149,0.1149,0.1149,0.0000,0.0,0
1790652420,0.1149,0.115,0.1149,0.115,0.1149,5715.08687,4
1790652480,0.115,0.115,0.115,0.115,0.0000,0.0,0
1790652540,0.115,0.115,0.115,0.115,0.0000,0.0,0
1790652600,0.115,0.115,0.115,0.115,0.0000,0.0,0
1790652660,0.115,0.115,0.115,0.115,0.0000,0.0,0
1790652720,0.1152,0.1152,0.1152,0.1152,0.1152,4582.8647,1
1790652780,0.1152,0.1152,0.1151,0.1151,0.1151,4711.94658,2
1790652840,0.1155,0.1155,0.1155,0.1155,0.1155,125.0,1
1790652900,0.1155,0.1155,0.1155,0.1155,0.0000,0.0,0
1790652960,0.1155,0.1155,0.1155,0.1155,0.0000,0.0,0
1790653020,0.1151,0.1151,0.1151,0.1151,0.1151,4709.23152,2
1790653080,0.1151,0.1151,0.1151,0.1151,0.0000,0.0,0
1790653140,0.1151,0.1151,0.1151,0.1151,0.0000,0.0,0
1790653200,0.1151,0.1151,0.1151,0.1151,0.0000,0.0,0
1790653260,0.1149,0.1149,0.1149,0.1149,0.1149,125.0,1
1790653320,0.1149,0.1149,0.1149,0.1149,0.0000,0.0,0
1790653380,0.1149,0.1149,0.1149,0.1149,0.0000,0.0,0
1790653440,0.1149,0.1149,0.1149,0.1149,0.0000,0.0,0
1790653500,0.1149,0.1149,0.1149,0.1149,0.0000,0.0,0
1790653560,0.1149,0.1149,0.1149,0.1149,0.0000,0.0,0
1790653620,0.1149,0.1149,0.1149,0.1149,0.0000,0.0,0
1790653680,0.1149,0.1149,0.1149,0.1149,0.0000,0.0,0
1790653740,0.1149,0.1149,0.1149,0.1149,0.0000,0.0,0
1790653800,0.1149,0.1149,0.1149,0.1149,0.0000,0.0,0
1790653860,0.1149,0.1149,0.1149,0.1149,0.0000,0.0,0
1790653920,0.1149,0.1149,0.1149,0.1149,0.0000,0.0,0
1790653980,0.1149,0.1149,0.1149,0.1149,0.0000,0.0,0
1790654040,0.1149,0.1149,0.1149,0.1149,0.0000,0.0,0
1790654100,0.1149,0.1149,0.1149,0.1149,0.0000,0.0,0
1790654160,0.1149,0.1149,0.1149,0.1149,0.0000,0.0,0
1790654220,0.1149,0.1149,0.1149,0.1149,0.0000,0.0,0
1790654280,0.1149,0.1149,0.1149,0.1149,0.0000,0.0,0
1790654340,0.1149,0.1149,0.1149,0.1149,0.0000,0.0,0
1790654400,0.1149,0.1149,0.1149,0.1149,0.0000,0.0,0
1790654460,0.1149,0.1149,0.1149,0.1149,0.0000,0.0,0
1790654520,0.1149,0.1149,0.1149,0.1149,0.0000,0.0,0
1790654580,0.114,0.114,0.114,0.114,0.1140,172.61792,1
1790654640,0.114,0.114,0.114,0.114,0.0000,0.0,0
1790654700,0.1137,0.1137,0.1136,0.1136,0.1136,728.38261,2
1790654760,0.1136,0.1136,0.1136,0.1136,0.0000,0.0,0
1790654820,0.1136,0.1136,0.1136,0.1136,0.0000,0.0,0
1790654880,0.1136,0.1136,0.1136,0.1136,0.0000,0.0,0
1790654940,0.1136,0.1136,0.1136,0.1136,0.0000,0.0,0
1790655000,0.1142,0.1142,0.1142,0.1142,0.1142,330.3134,1
1790655060,0.1142,0.1142,0.1142,0.1142,0.0000,0.0,0
1790655120,0.1142,0.1142,0.1142,0.1142,0.0000,0.0,0
1790655180,0.1142,0.1142,0.1142,0.1142,0.0000,0.0,0
1790655240,0.1142,0.1142,0.1142,0.1142,0.0000,0.0,0
1790655300,0.1142,0.1142,0.1142,0.1142,0.0000,0.0,0
1790655360,0.1142,0.1142,0.1142,0.1142,0.0000,0.0,0
1790655420,0.1142,0.1142,0.1142,0.1142,0.0000,0.0,0
1790655480,0.1142,0.1142,0.1142,0.1142,0.0000,0.0,0
1790655540,0.1142,0.1142,0.1142,0.1142,0.0000,0.0,0
1790655600,0.1142,0.1142,0.1142,0.1142,0.0000,0.0,0
1790655660,0.1142,0.1142,0.1142,0.1142,0.0000,0.0,0
1790655720,0.1142,0.1142,0.1142,0.1142,0.0000,0.0,0
1790655780,0.1142,0.1142,0.1142,0.1142,0.0000,0.0,0
1790655840,0.1142,0.1142,0.1142,0.1142,0.0000,0.0,0
1790655900,0.1142,0.1142,0.1142,0.1142,0.0000,0.0,0
1790655960,0.1142,0.1142,0.1142,0.1142,0.0000,0.0,0
1790656020,0.1142,0.1142,0.1142,0.1142,0.0000,0.0,0
1790656080,0.1142,0.1142,0.1142,0.1142,0.0000,0.0,0
1790656140,0.1142,0.1142,0.1142,0.1142,0.0000,0.0,0
1790656200,0.1142,0.1142,0.1142,0.1142,0.0000,0.0,0
1790656260,0.1142,0.1142,0.1142,0.1142,0.0000,0.0,0
1790656320,0.1142,0.1142,0.1142,0.1142,0.0000,0.0,0
1790656380,0.1141,0.1141,0.1141,0.1141,0.1141,256.92548,1
1790656440,0.1141,0.1141,0.1141,0.1141,0.0000,0.0,0
1790656500,0.1141,0.1141,0.1141,0.1141,0.0000,0.0,0
1790656560,0.1141,0.1141,0.1141,0.1141,0.0000,0.0,0
1790656620,0.1141,0.1141,0.1141,0.1141,0.0000,0.0,0
1790656680,0.1144,0.1144,0.1144,0.1144,0.1144,2648.86014,1
1790656740,0.1144,0.1144,0.1144,0.1144,0.0000,0.0,0
1790656800,0.1144,0.1144,0.1144,0.1144,0.0000,0.0,0
1790656860,0.1144,0.1144,0.1144,0.1144,0.0000,0.0,0
1790656920,0.1144,0.1144,0.1144,0.1144,0.0000,0.0,0
1790656980,0.1144,0.1144,0.1144,0.1144,0.0000,0.0,0
1790657040,0.1144,0.1144,0.1144,0.1144,0.0000,0.0,0
1790657100,0.1144,0.1144,0.1144,0.1144,0.0000,0.0,0
1790657160,0.1144,0.1144,0.1144,0.1144,0.0000,0.0,0
1790657220,0.1144,0.1144,0.1144,0.1144,0.0000,0.0,0
1790657280,0.1135,0.1135,0.1135,0.1135,0.1135,2700.1492,3
1790657340,0.1135,0.1135,0.1135,0.1135,0.0000,0.0,0
1790657400,0.1135,0.1135,0.1135,0.1135,0.0000,0.0,0
1790657460,0.1135,0.1135,0.1135,0.1135,0.0000,0.0,0
1790657520,0.1135,0.1135,0.1135,0.1135,0.0000,0.0,0
1790657580,0.1135,0.1135,0.1135,0.1135,0.0000,0.0,0
1790657640,0.1135,0.1135,0.1135,0.1135,0.0000,0.0,0
1790657700,0.1135,0.1135,0.1135,0.1135,0.0000,0.0,0
1790657760,0.1135,0.1135,0.1135,0.1135,0.0000,0.0,0
1790657820,0.1141,0.1141,0.1141,0.1141,0.1141,125.0,1
1790657880,0.1141,0.1141,0.1141,0.1141,0.0000,0.0,0
1790657940,0.1141,0.1141,0.1141,0.1141,0.0000,0.0,0
1790658000,0.1141,0.1141,0.1141,0.1141,0.0000,0.0,0
1790658060,0.1145,0.1145,0.1145,0.1145,0.1145,119.8358,1
1790658120,0.1145,0.1145,0.1145,0.1145,0.0000,0.0,0
1790658180,0.1145,0.1145,0.1145,0.1145,0.0000,0.0,0
1790658240,0.1145,0.1145,0.1145,0.1145,0.0000,0.0,0
1790658300,0.1145,0.1145,0.1145,0.1145,0.0000,0.0,0
1790658360,0.1145,0.1145,0.1145,0.1145,0.0000,0.0,0
1790658420,0.1145,0.1145,0.1145,0.1145,0.0000,0.0,0
1790658480,0.1145,0.1145,0.1145,0.1145,0.0000,0.0,0
1790658540,0.1145,0.1145,0.1145,0.1145,0.0000,0.0,0
1790658600,0.1145,0.1145,0.1145,0.1145,0.0000,0.0,0
1790658660,0.1145,0.1145,0.1145,0.1145,0.0000,0.0,0
1790658720,0.1145,0.1145,0.1145,0.1145,0.0000,0.0,0
1790658780,0.1145,0.1145,0.1145,0.1145,0.0000,0.0,0
1790658840,0.1145,0.1145,0.1145,0.1145,0.0000,0.0,0
1790658900,0.1145,0.1145,0.1145,0.1145,0.0000,0.0,0
1790658960,0.1144,0.1144,0.1144,0.1144,0.1144,125.0,1
1790659020,0.1144,0.1144,0.1144,0.1144,0.0000,0.0,0
1790659080,0.1144,0.1144,0.1144,0.1144,0.0000,0.0,0
1790659140,0.1144,0.1144,0.1144,0.1144,0.0000,0.0,0
1790659200,0.1144,0.1144,0.1144,0.1144,0.0000,0.0,0
1790659260,0.1144,0.1144,0.1144,0.1144,0.0000,0.0,0
1790659320,0.1144,0.1144,0.1144,0.1144,0.0000,0.0,0
1790659380,0.1144,0.1144,0.1144,0.1144,0.0000,0.0,0
1790659440,0.1144,0.1144,0.1144,0.1144,0.0000,0.0,0
1790659500,0.1144,0.1144,0.1144,0.1144,0.0000,0.0,0
1790659560,0.1144,0.1144,0.1144,0.1144,0.0000,0.0,0
1790659620,0.1144,0.1144,0.1144,0.1144,0.0000,0.0,0
1790659680,0.1144,0.1144,0.1144,0.1144,0.0000,0.0,0
1790659740,0.1144,0.1144,0.1144,0.1144,0.0000,0.0,0
1790659800,0.1144,0.1144,0.1144,0.1144,0.0000,0.0,0
1790659860,0.1139,0.1139,0.1139,0.1139,0.1139,50.0,1
1790659920,0.1139,0.1139,0.1139,0.1139,0.0000,0.0,0
1790659980,0.1135,0.1135,0.1135,0.1135,0.1135,3484.4612,1
1790660040,0.1134,0.1134,0.1133,0.1133,0.1133,301.4135,2
1790660100,0.1133,0.1133,0.1133,0.1133,0.0000,0.0,0
1790660160,0.1133,0.1133,0.1133,0.1133,0.0000,0.0,0
1790660220,0.1133,0.1133,0.1133,0.1133,0.0000,0.0,0
1790660280,0.1133,0.1133,0.1133,0.1133,0.0000,0.0,0
1790660340,0.1133,0.1133,0.1133,0.1133,0.0000,0.0,0
1790660400,0.1133,0.1133,0.1133,0.1133,0.0000,0.0,0
1790660460,0.1133,0.1133,0.1133,0.1133,0.0000,0.0,0
1790660520,0.1133,0.1133,0.1133,0.1133,0.0000,0.0,0
1790660580,0.1133,0.1133,0.1133,0.1133,0.0000,0.0,0
1790660640,0.1133,0.1133,0.1133,0.1133,0.0000,0.0,0
1790660700,0.1133,0.1133,0.1133,0.1133,0.0000,0.0,0
1790660760,0.1133,0.1133,0.1133,0.1133,0.0000,0.0,0
1790660820,0.1133,0.1133,0.1133,0.1133,0.0000,0.0,0
1790660880,0.1133,0.1133,0.1133,0.1133,0.0000,0.0,0
1790660940,0.1144,0.1144,0.1144,0.1144,0.1144,4618.71175,1
1790661000,0.1144,0.1144,0.1144,0.1144,0.0000,0.0,0
1790661060,0.1144,0.1144,0.1144,0.1144,0.0000,0.0,0
1790661120,0.1144,0.1144,0.1144,0.1144,0.0000,0.0,0
1790661180,0.1144,0.1144,0.1144,0.1144,0.0000,0.0,0
1790661240,0.1144,0.1144,0.1144,0.1144,0.0000,0.0,0
1790661300,0.1144,0.1144,0.1144,0.1144,0.0000,0.0,0
1790661360,0.1144,0.1144,0.1144,0.1144,0.0000,0.0,0
1790661420,0.1144,0.1144,0.1144,0.1144,0.1144,4625.0,4
1790661480,0.1144,0.1144,0.1144,0.1144,0.0000,0.0,0
1790661540,0.1144,0.1144,0.1144,0.1144,0.0000,0.0,0
1790661600,0.1144,0.1144,0.1144,0.1144,0.0000,0.0,0
1790661660,0.1144,0.1144,0.1144,0.1144,0.0000,0.0,0
1790661720,0.1144,0.1144,0.1144,0.1144,0.0000,0.0,0
1790661780,0.1144,0.1144,0.1144,0.1144,0.0000,0.0,0
1790661840,0.1144,0.1144,0.1144,0.1144,0.0000,0.0,0
1790661900,0.1144,0.1144,0.1144,0.1144,0.0000,0.0,0
1790661960,0.1144,0.1144,0.1144,0.1144,0.0000,0.0,0
1790662020,0.1144,0.1144,0.1144,0.1144,0.0000,0.0,0
1790662080,0.1144,0.1144,0.1144,0.1144,0.0000,0.0,0
1790662140,0.1145,0.1147,0.1145,0.1147,0.1146,3375.0,4
1790662200,0.1147,0.1147,0.1147,0.1147,0.0000,0.0,0
1790662260,0.1147,0.1147,0.1147,0.1147,0.0000,0.0,0
1790662320,0.1147,0.1147,0.1147,0.1147,0.0000,0.0,0
1790662380,0.1149,0.1149,0.1149,0.1149,0.1149,125.0,1
1790662440,0.1149,0.1149,0.1149,0.1149,0.0000,0.0,0
1790662500,0.1149,0.1149,0.1149,0.1149,0.0000,0.0,0
1790662560,0.1149,0.1149,0.1149,0.1149,0.0000,0.0,0
1790662620,0.1149,0.1149,0.1149,0.1149,0.0000,0.0,0
1790662680,0.1149,0.1149,0.1149,0.1149,0.0000,0.0,0
1790662740,0.1149,0.1149,0.1149,0.1149,0.0000,0.0,0
1790662800,0.1147,0.1147,0.1147,0.1147,0.1147,125.0,1
1790662860,0.1147,0.1147,0.1147,0.1147,0.0000,0.0,0
1790662920,0.1147,0.1147,0.1147,0.1147,0.0000,0.0,0
1790662980,0.1147,0.1147,0.1147,0.1147,0.0000,0.0,0
1790663040,0.1147,0.1147,0.1147,0.1147,0.0000,0.0,0
1790663100,0.1147,0.1147,0.1147,0.1147,0.0000,0.0,0
1790663160,0.1147,0.1147,0.1147,0.1147,0.0000,0.0,0
1790663220,0.1147,0.1147,0.1147,0.1147,0.0000,0.0,0
1790663280,0.1147,0.1147,0.1147,0.1147,0.0000,0.0,0
1790663340,0.1147,0.1147,0.1147,0.1147,0.0000,0.0,0
1790663400,0.1147,0.1147,0.1147,0.1147,0.0000,0.0,0
1790663460,0.1147,0.1147,0.1147,0.1147,0.0000,0.0,0
1790663520,0.1147,0.1147,0.1147,0.1147,0.0000,0.0,0
1790663580,0.1147,0.1147,0.1147,0.1147,0.0000,0.0,0
1790663640,0.1147,0.1147,0.1147,0.1147,0.0000,0.0,0
1790663700,0.1147,0.1147,0.1147,0.1147,0.0000,0.0,0
1790663760,0.1147,0.1147,0.1147,0.1147,0.0000,0.0,0
1790663820,0.1147,0.1147,0.1147,0.1147,0.0000,0.0,0
1790663880,0.1147,0.1147,0.1147,0.1147,0.0000,0.0,0
1790663940,0.1147,0.1147,0.1147,0.1147,0.0000,0.0,0
1790664000,0.1147,0.1147,0.1147,0.1147,0.0000,0.0,0
1790664060,0.1147,0.1147,0.1147,0.1147,0.0000,0.0,0
1790664120,0.1147,0.1147,0.1147,0.1147,0.0000,0.0,0
1790664180,0.1147,0.1147,0.1147,0.1147,0.0000,0.0,0
1790664240,0.1147,0.1147,0.1147,0.1147,0.0000,0.0,0
1790664300,0.1147,0.1147,0.1147,0.1147,0.0000,0.0,0
1790664360,0.1147,0.1147,0.1147,0.1147,0.0000,0.0,0
1790664420,0.1147,0.1147,0.1147,0.1147,0.0000,0.0,0
1790664480,0.1151,0.1151,0.1151,0.1151,0.1151,2812.5,3
1790664540,0.1151,0.1151,0.1151,0.1151,0.0000,0.0,0
1790664600,0.1151,0.1151,0.1151,0.1151,0.0000,0.0,0
1790664660,0.1151,0.1151,0.1151,0.1151,0.0000,0.0,0
1790664720,0.1151,0.1151,0.1151,0.1151,0.0000,0.0,0
1790664780,0.1151,0.1151,0.1151,0.1151,0.0000,0.0,0
1790664840,0.1153,0.1153,0.1153,0.1153,0.1153,2812.5,2
1790664900,0.1153,0.1153,0.1153,0.1153,0.0000,0.0,0
1790664960,0.1153,0.1153,0.1153,0.1153,0.0000,0.0,0
1790665020,0.1153,0.1153,0.1153,0.1153,0.0000,0.0,0
1790665080,0.1153,0.1153,0.1153,0.1153,0.0000,0.0,0
1790665140,0.1153,0.1153,0.1153,0.1153,0.0000,0.0,0
1790665200,0.1153,0.1153,0.1153,0.1153,0.0000,0.0,0
1790665260,0.1153,0.1153,0.1153,0.1153,0.0000,0.0,0
1790665320,0.1153,0.1153,0.1153,0.1153,0.0000,0.0,0
1790665380,0.1153,0.1153,0.1153,0.1153,0.0000,0.0,0
1790665440,0.1153,0.1153,0.1153,0.1153,0.0000,0.0,0
1790665500,0.1153,0.1153,0.1153,0.1153,0.0000,0.0,0
1790665560,0.1157,0.1157,0.1157,0.1157,0.1157,501.74413,1
1790665620,0.1157,0.1157,0.1157,0.1157,0.1157,242.35414,1
1790665680,0.1157,0.1157,0.1157,0.1157,0.0000,0.0,0
1790665740,0.1159,0.1159,0.1159,0.1159,0.1159,4681.26659,2
1790665800,0.1159,0.1159,0.1159,0.1159,0.0000,0.0,0
1790665860,0.1159,0.1159,0.1159,0.1159,0.1159,4557.14899,1
1790665920,0.1159,0.1159,0.1159,0.1159,0.0000,0.0,0
1790665980,0.1159,0.1159,0.1159,0.1159,0.0000,0.0,0
1790666040,0.1162,0.1162,0.1162,0.1162,0.1162,4671.10555,2
1790666100,0.1162,0.1162,0.1161,0.1161,0.1161,15366.72524,4
1790666160,0.116,0.116,0.116,0.116,0.1160,175.7615,1
1790666220,0.116,0.116,0.116,0.116,0.0000,0.0,0
1790666280,0.116,0.116,0.116,0.116,0.0000,0.0,0
1790666340,0.116,0.116,0.116,0.116,0.0000,0.0,0
1790666400,0.116,0.116,0.116,0.116,0.0000,0.0,0
1790666460,0.1159,0.1159,0.1159,0.1159,0.1159,125.0,1
1790666520,0.1159,0.1159,0.1159,0.1159,0.0000,0.0,0
1790666580,0.1159,0.1159,0.1159,0.1159,0.0000,0.0,0
1790666640,0.1159,0.1159,0.1159,0.1159,0.0000,0.0,0
1790666700,0.1159,0.1159,0.1159,0.1159,0.0000,0.0,0
1790666760,0.1159,0.1159,0.1159,0.1159,0.0000,0.0,0
1790666820,0.1158,0.1158,0.1158,0.1158,0.1158,4725.43705,2
1790666880,0.1158,0.1158,0.1158,0.1158,0.0000,0.0,0
1790666940,0.1158,0.1158,0.1158,0.1158,0.0000,0.0,0
1790667000,0.1158,0.1158,0.1158,0.1158,0.0000,0.0,0
1790667060,0.1158,0.1158,0.1158,0.1158,0.1158,1562.5,3
1790667120,0.1162,0.1162,0.1162,0.1162,0.1162,9102.10562,2
1790667180,0.1162,0.1162,0.1162,0.1162,0.0000,0.0,0
1790667240,0.1162,0.1162,0.1162,0.1162,0.0000,0.0,0
1790667300,0.1162,0.1162,0.1162,0.1162,0.0000,0.0,0
1790667360,0.1162,0.1162,0.1162,0.1162,0.1162,4549.96958,1
1790667420,0.1162,0.1162,0.1162,0.1162,0.0000,0.0,0
1790667480,0.1162,0.1162,0.1162,0.1162,0.0000,0.0,0
1790667540,0.1162,0.1162,0.1162,0.1162,0.0000,0.0,0
1790667600,0.1162,0.1162,0.1162,0.1162,0.0000,0.0,0
1790667660,0.1162,0.1162,0.1162,0.1162,0.0000,0.0,0
1790667720,0.1162,0.1162,0.1162,0.1162,0.0000,0.0,0
1790667780,0.1162,0.1162,0.1162,0.1162,0.0000,0.0,0
1790667840,0.1162,0.1162,0.1162,0.1162,0.0000,0.0,0
1790667900,0.1162,0.1162,0.1162,0.1162,0.0000,0.0,0
1790667960,0.1162,0.1162,0.1162,0.1162,0.0000,0.0,0
1790668020,0.1163,0.1163,0.1163,0.1163,0.1163,4548.5637,1
1790668080,0.1163,0.1163,0.1163,0.1163,0.0000,0.0,0
1790668140,0.1163,0.1163,0.1163,0.1163,0.0000,0.0,0
1790668200,0.1163,0.1163,0.1163,0.1163,0.0000,0.0,0
1790668260,0.1163,0.1163,0.1163,0.1163,0.0000,0.0,0
1790668320,0.1163,0.1163,0.1163,0.1163,0.0000,0.0,0
1790668380,0.1164,0.1164,0.1163,0.1163,0.1163,726.12008,3
1790668440,0.1163,0.1163,0.1163,0.1163,0.0000,0.0,0
1790668500,0.1163,0.1163,0.1163,0.1163,0.0000,0.0,0
1790668560,0.1163,0.1163,0.1163,0.1163,0.0000,0.0,0
1790668620,0.1163,0.1163,0.1163,0.1163,0.0000,0.0,0
1790668680,0.1162,0.1162,0.1162,0.1162,0.1162,125.0,1
1790668740,0.1162,0.1162,0.1162,0.1162,0.0000,0.0,0
1790668800,0.1162,0.1162,0.1162,0.1162,0.0000,0.0,0
1790668860,0.1162,0.1162,0.1162,0.1162,0.0000,0.0,0
1790668920,0.1162,0.1162,0.1162,0.1162,0.0000,0.0,0
1790668980,0.1162,0.1162,0.1162,0.1162,0.0000,0.0,0
1790669040,0.1162,0.1162,0.1162,0.1162,0.0000,0.0,0
1790669100,0.1162,0.1162,0.1162,0.1162,0.0000,0.0,0
1790669160,0.1157,0.1157,0.1157,0.1157,0.1157,4572.98892,1
1790669220,0.1155,0.1155,0.1155,0.1155,0.1155,399.26529,2
1790669280,0.1155,0.1155,0.1155,0.1155,0.0000,0.0,0
1790669340,0.1155,0.1155,0.1155,0.1155,0.0000,0.0,0
1790669400,0.1156,0.1156,0.1156,0.1156,0.1156,125.0,1
1790669460,0.1156,0.1156,0.1156,0.1156,0.0000,0.0,0
1790669520,0.1156,0.1156,0.1156,0.1156,0.0000,0.0,0
1790669580,0.1156,0.1156,0.1156,0.1156,0.0000,0.0,0
1790669640,0.1157,0.1157,0.1157,0.1157,0.1157,4570.05542,1
1790669700,0.1157,0.1157,0.1157,0.1157,0.0000,0.0,0
1790669760,0.1157,0.1157,0.1157,0.1157,0.0000,0.0,0
1790669820,0.1157,0.1157,0.1157,0.1157,0.0000,0.0,0
1790669880,0.1157,0.1157,0.1157,0.1157,0.0000,0.0,0
1790669940,0.1158,0.1158,0.1158,0.1158,0.1158,4563.79676,1
1790670000,0.1158,0.1158,0.1158,0.1158,0.0000,0.0,0
1790670060,0.1158,0.1158,0.1158,0.1158,0.0000,0.0,0
1790670120,0.1167,0.1167,0.1167,0.1167,0.1167,4529.85645,1
1790670180,0.116,0.1162,0.116,0.1162,0.1161,1687.5,5
1790670240,0.1162,0.1162,0.1162,0.1162,0.0000,0.0,0
1790670300,0.1164,0.1164,0.1164,0.1164,0.1164,125.0,1
1790670360,0.1164,0.1164,0.1164,0.1164,0.0000,0.0,0
1790670420,0.1164,0.1164,0.1164,0.1164,0.0000,0.0,0
1790670480,0.1164,0.1164,0.1164,0.1164,0.0000,0.0,0
1790670540,0.1164,0.1164,0.1164,0.1164,0.0000,0.0,0
1790670600,0.1161,0.1161,0.1161,0.1161,0.1161,562.5,1
1790670660,0.1161,0.1161,0.1161,0.1161,0.0000,0.0,0
1790670720,0.116,0.116,0.116,0.116,0.1160,344.82759,1
1790670780,0.116,0.116,0.116,0.116,0.0000,0.0,0
1790670840,0.1157,0.1157,0.1157,0.1157,0.1157,682.21872,2
1790670900,0.1158,0.1158,0.1158,0.1158,0.1158,180.71469,1
1790670960,0.1158,0.1158,0.1158,0.1158,0.0000,0.0,0
1790671020,0.1158,0.1158,0.1158,0.1158,0.0000,0.0,0
1790671080,0.1156,0.1158,0.1156,0.1158,0.1156,4699.97754,2
1790671140,0.116,0.116,0.116,0.116,0.1160,125.0,1
1790671200,0.116,0.116,0.116,0.116,0.0000,0.0,0
1790671260,0.116,0.116,0.116,0.116,0.0000,0.0,0
1790671320,0.116,0.116,0.116,0.116,0.0000,0.0,0
1790671380,0.116,0.116,0.116,0.116,0.0000,0.0,0
1790671440,0.116,0.116,0.116,0.116,0.0000,0.0,0
1790671500,0.1157,0.1157,0.1157,0.1157,0.1157,125.0,1
1790671560,0.1157,0.1157,0.1157,0.1157,0.1157,4569.49014,1
1790671620,0.1157,0.1157,0.1157,0.1157,0.0000,0.0,0
1790671680,0.1157,0.1157,0.1157,0.1157,0.0000,0.0,0
1790671740,0.1159,0.1159,0.1159,0.1159,0.1159,4563.11644,1
1790671800,0.1159,0.1159,0.1159,0.1159,0.0000,0.0,0
1790671860,0.1159,0.1159,0.1159,0.1159,0.0000,0.0,0
1790671920,0.1159,0.1159,0.1159,0.1159,0.0000,0.0,0
1790671980,0.1157,0.1157,0.1157,0.1157,0.1157,4321.52118,1
1790672040,0.1159,0.1159,0.1159,0.1159,0.1159,125.0,1
1790672100,0.1159,0.1159,0.1159,0.1159,0.0000,0.0,0
1790672160,0.116,0.116,0.116,0.116,0.1160,4684.08163,2
1790672220,0.1161,0.1161,0.1161,0.1161,0.1161,125.0,1
1790672280,0.1161,0.1161,0.1161,0.1161,0.0000,0.0,0
1790672340,0.1161,0.1161,0.1161,0.1161,0.0000,0.0,0
1790672400,0.1161,0.1161,0.1161,0.1161,0.0000,0.0,0
1790672460,0.1162,0.1162,0.1162,0.1162,0.1162,4550.22999,1
1790672520,0.1162,0.1162,0.1162,0.1162,0.0000,0.0,0
1790672580,0.116,0.116,0.116,0.116,0.1160,125.0,1
1790672640,0.116,0.116,0.116,0.116,0.0000,0.0,0
1790672700,0.116,0.116,0.116,0.116,0.0000,0.0,0
1790672760,0.116,0.116,0.116,0.116,0.1160,1463.22049,3
1790672820,0.116,0.116,0.116,0.116,0.0000,0.0,0
1790672880,0.116,0.116,0.116,0.116,0.0000,0.0,0
1790672940,0.116,0.116,0.116,0.116,0.0000,0.0,0
1790673000,0.116,0.116,0.116,0.116,0.1160,1042.77812,1
1790673060,0.116,0.116,0.116,0.116,0.0000,0.0,0
1790673120,0.116,0.116,0.116,0.116,0.0000,0.0,0
1790673180,0.1159,0.1159,0.1159,0.1159,0.1159,1125.0,2
1790673240,0.1159,0.1159,0.1159,0.1159,0.0000,0.0,0
1790673300,0.1159,0.1159,0.1159,0.1159,0.1159,125.0,1
1790673360,0.116,0.116,0.116,0.116,0.1160,4562.17516,1
1790673420,0.116,0.116,0.116,0.116,0.0000,0.0,0
1790673480,0.116,0.116,0.116,0.116,0.0000,0.0,0
1790673540,0.116,0.116,0.116,0.116,0.0000,0.0,0
1790673600,0.116,0.116,0.116,0.116,0.0000,0.0,0
1790673660,0.116,0.116,0.116,0.116,0.0000,0.0,0
1790673720,0.116,0.116,0.116,0.116,0.0000,0.0,0
1790673780,0.116,0.116,0.116,0.116,0.0000,0.0,0
1790673840,0.116,0.116,0.116,0.116,0.0000,0.0,0
1790673900,0.116,0.116,0.116,0.116,0.1160,8045.01096,6
1790673960,0.116,0.116,0.116,0.116,0.0000,0.0,0
1790674020,0.116,0.116,0.116,0.116,0.0000,0.0,0
1790674080,0.116,0.116,0.116,0.116,0.0000,0.0,0
1790674140,0.116,0.116,0.116,0.116,0.0000,0.0,0
1790674200,0.116,0.116,0.116,0.116,0.0000,0.0,0
1790674260,0.116,0.116,0.116,0.116,0.0000,0.0,0
1790674320,0.116,0.116,0.116,0.116,0.0000,0.0,0
1790674380,0.116,0.116,0.116,0.116,0.0000,0.0,0
1790674440,0.1164,0.1164,0.1164,0.1164,0.1164,4544.78319,2
1790674500,0.1164,0.1164,0.1164,0.1164,0.0000,0.0,0
1790674560,0.1164,0.1164,0.1164,0.1164,0.1164,9157.27953,1
1790674620,0.1164,0.1164,0.1164,0.1164,0.0000,0.0,0
1790674680,0.1164,0.1164,0.1164,0.1164,0.0000,0.0,0
1790674740,0.1164,0.1164,0.1164,0.1164,0.0000,0.0,0
1790674800,0.1166,0.1166,0.1166,0.1166,0.1166,4103.98203,1
1790674860,0.1165,0.1165,0.1165,0.1165,0.1165,125.0,1
1790674920,0.1165,0.1165,0.1165,0.1165,0.0000,0.0,0
1790674980,0.1165,0.1165,0.1165,0.1165,0.0000,0.0,0
1790675040,0.1165,0.1165,0.1165,0.1165,0.0000,0.0,0
1790675100,0.1168,0.1168,0.1168,0.1168,0.1168,25809.9315,5
1790675160,0.1168,0.1168,0.1168,0.1168,0.0000,0.0,0
1790675220,0.1168,0.117,0.1168,0.117,0.1169,10397.71171,10
1790675280,0.117,0.117,0.117,0.117,0.0000,0.0,0
1790675340,0.117,0.117,0.117,0.117,0.0000,0.0,0
1790675400,0.117,0.117,0.117,0.117,0.0000,0.0,0
1790675460,0.117,0.117,0.117,0.117,0.0000,0.0,0
1790675520,0.117,0.117,0.117,0.117,0.0000,0.0,0
1790675580,0.117,0.117,0.117,0.117,0.0000,0.0,0
1790675640,0.1174,0.1174,0.1174,0.1174,0.1174,2267.80092,1
1790675700,0.1174,0.1174,0.1174,0.1174,0.0000,0.0,0
1790675760,0.1174,0.1174,0.1174,0.1174,0.0000,0.0,0
1790675820,0.1174,0.1174,0.1174,0.1174,0.0000,0.0,0
1790675880,0.1174,0.1174,0.1174,0.1174,0.0000,0.0,0
1790675940,0.1171,0.1171,0.1171,0.1171,0.1171,4520.7763,1
1790676000,0.117,0.117,0.117,0.117,0.1170,253.44583,1
1790676060,0.1171,0.1171,0.1171,0.1171,0.1171,4645.75682,2
1790676120,0.1171,0.1171,0.1171,0.1171,0.0000,0.0,0
1790676180,0.1171,0.1171,0.1171,0.1171,0.0000,0.0,0
1790676240,0.1171,0.1171,0.1171,0.1171,0.0000,0.0,0
1790676300,0.1171,0.1171,0.1171,0.1171,0.0000,0.0,0
1790676360,0.117,0.117,0.117,0.117,0.1170,125.0,1
1790676420,0.117,0.117,0.117,0.117,0.0000,0.0,0
1790676480,0.117,0.117,0.117,0.117,0.0000,0.0,0
1790676540,0.117,0.117,0.117,0.117,0.0000,0.0,0
1790676600,0.117,0.117,0.117,0.117,0.0000,0.0,0
1790676660,0.1169,0.1169,0.1169,0.1169,0.1169,185.96772,1
1790676720,0.1169,0.1169,0.1169,0.1169,0.0000,0.0,0
1790676780,0.1169,0.1169,0.1169,0.1169,0.0000,0.0,0
1790676840,0.1169,0.1169,0.1169,0.1169,0.0000,0.0,0
1790676900,0.1169,0.1169,0.1169,0.1169,0.0000,0.0,0
1790676960,0.1169,0.1169,0.1169,0.1169,0.0000,0.0,0
1790677020,0.1167,0.1167,0.1167,0.1167,0.1167,4534.45104,1
1790677080,0.1167,0.1167,0.1167,0.1167,0.0000,0.0,0
1790677140,0.1164,0.1166,0.1164,0.1165,0.1165,101611.7852,20
1790677200,0.1166,0.1166,0.1166,0.1166,0.1166,125.0,1
1790677260,0.1166,0.1166,0.1166,0.1166,0.1166,125.0,1
1790677320,0.1166,0.1166,0.1166,0.1166,0.0000,0.0,0
1790677380,0.1166,0.1166,0.1166,0.1166,0.0000,0.0,0
1790677440,0.1166,0.1166,0.1166,0.1166,0.0000,0.0,0
1790677500,0.1166,0.1166,0.1166,0.1166,0.0000,0.0,0
1790677560,0.1166,0.1166,0.1166,0.1166,0.0000,0.0,0
1790677620,0.1166,0.1166,0.1166,0.1166,0.0000,0.0,0
1790677680,0.1166,0.1166,0.1166,0.1166,0.0000,0.0,0
1790677740,0.1166,0.1166,0.1166,0.1166,0.0000,0.0,0
1790677800,0.1165,0.1165,0.1165,0.1165,0.1165,858.33503,1
1790677860,0.1165,0.1165,0.1165,0.1165,0.0000,0.0,0
1790677920,0.1164,0.1164,0.1164,0.1164,0.1164,441.95853,1
1790677980,0.1164,0.1164,0.1164,0.1164,0.0000,0.0,0
1790678040,0.1164,0.1164,0.1164,0.1164,0.0000,0.0,0
1790678100,0.1164,0.1164,0.1164,0.1164,0.0000,0.0,0
1790678160,0.1164,0.1164,0.1164,0.1164,0.0000,0.0,0
1790678220,0.1164,0.1164,0.1164,0.1164,0.0000,0.0,0
1790678280,0.1164,0.1164,0.1164,0.1164,0.0000,0.0,0
1790678340,0.1164,0.1164,0.1164,0.1164,0.0000,0.0,0
1790678400,0.1164,0.1164,0.1164,0.1164,0.0000,0.0,0
1790678460,0.1164,0.1164,0.1164,0.1164,0.0000,0.0,0
1790678520,0.1164,0.1164,0.1164,0.1164,0.0000,0.0,0
1790678580,0.1164,0.1164,0.1164,0.1164,0.0000,0.0,0
1790678640,0.1164,0.1164,0.1164,0.1164,0.0000,0.0,0
1790678700,0.1164,0.1164,0.1164,0.1164,0.0000,0.0,0
1790678760,0.1164,0.1164,0.1164,0.1164,0.0000,0.0,0
1790678820,0.1164,0.1164,0.1164,0.1164,0.0000,0.0,0
1790678880,0.1164,0.1164,0.1164,0.1164,0.1164,441.95853,1
1790678940,0.1164,0.1164,0.1164,0.1164,0.0000,0.0,0
1790679000,0.1165,0.1165,0.1165,0.1165,0.1165,1287.46902,1
1790679060,0.1165,0.1165,0.1165,0.1165,0.0000,0.0,0
1790679120,0.1165,0.1165,0.1165,0.1165,0.0000,0.0,0
1790679180,0.1165,0.1165,0.1165,0.1165,0.0000,0.0,0
1790679240,0.1165,0.1165,0.1165,0.1165,0.0000,0.0,0
1790679300,0.1165,0.1166,0.1165,0.1166,0.1165,250.0,2
1790679360,0.1166,0.1166,0.1166,0.1166,0.0000,0.0,0
1790679420,0.1166,0.1166,0.1166,0.1166,0.0000,0.0,0
1790679480,0.1166,0.1166,0.1166,0.1166,0.0000,0.0,0
1790679540,0.1166,0.1166,0.1166,0.1166,0.0000,0.0,0
1790679600,0.1166,0.1166,0.1166,0.1166,0.0000,0.0,0
1790679660,0.1166,0.1166,0.1166,0.1166,0.0000,0.0,0
1790679720,0.1165,0.1165,0.1165,0.1165,0.1165,125.0,1
1790679780,0.1166,0.1166,0.1165,0.1165,0.1165,250.0,2
1790679840,0.1165,0.1165,0.1165,0.1165,0.0000,0.0,0
1790679900,0.1165,0.1165,0.1165,0.1165,0.0000,0.0,0
1790679960,0.1165,0.1165,0.1165,0.1165,0.0000,0.0,0
1790680020,0.1165,0.1165,0.1165,0.1165,0.0000,0.0,0
1790680080,0.1166,0.1166,0.1166,0.1166,0.1166,3333.8998,3
1790680140,0.1166,0.1166,0.1166,0.1166,0.1166,125.0,1
1790680200,0.1165,0.1165,0.1165,0.1165,0.1165,9079.0274,4
1790680260,0.1165,0.1165,0.1165,0.1165,0.0000,0.0,0
1790680320,0.1165,0.1165,0.1165,0.1165,0.0000,0.0,0
1790680380,0.1165,0.1165,0.1165,0.1165,0.0000,0.0,0
1790680440,0.1165,0.1165,0.1165,0.1165,0.0000,0.0,0
1790680500,0.1169,0.1169,0.1169,0.1169,0.1169,796.36616,1
1790680560,0.1169,0.1169,0.1169,0.1169,0.0000,0.0,0
1790680620,0.1169,0.1169,0.1169,0.1169,0.0000,0.0,0
1790680680,0.1169,0.1169,0.1169,0.1169,0.0000,0.0,0
1790680740,0.1169,0.1169,0.1169,0.1169,0.0000,0.0,0
1790680800,0.1169,0.1169,0.1169,0.1169,0.0000,0.0,0
1790680860,0.1169,0.1169,0.1169,0.1169,0.0000,0.0,0
1790680920,0.1169,0.1169,0.1169,0.1169,0.0000,0.0,0
1790680980,0.1169,0.1169,0.1169,0.1169,0.0000,0.0,0
1790681040,0.1169,0.1169,0.1169,0.1169,0.1169,125.0,1
1790681100,0.1169,0.1169,0.1169,0.1169,0.0000,0.0,0
1790681160,0.1169,0.1169,0.1169,0.1169,0.0000,0.0,0
1790681220,0.1169,0.1169,0.1169,0.1169,0.0000,0.0,0
1790681280,0.1169,0.1169,0.1169,0.1169,0.0000,0.0,0
1790681340,0.1169,0.1169,0.1169,0.1169,0.0000,0.0,0
1790681400,0.1169,0.1169,0.1169,0.1169,0.1169,125.0,1
1790681460,0.1169,0.1169,0.1169,0.1169,0.0000,0.0,0
1790681520,0.1169,0.1169,0.1169,0.1169,0.0000,0.0,0
1790681580,0.1169,0.1169,0.1169,0.1169,0.0000,0.0,0
1790681640,0.1176,0.1176,0.1176,0.1176,0.1176,64.90002,1
1790681700,0.1176,0.1176,0.1176,0.1176,0.0000,0.0,0
1790681760,0.1176,0.1176,0.1176,0.1176,0.0000,0.0,0
1790681820,0.1177,0.1177,0.1177,0.1177,0.1177,3414.5137,3
1790681880,0.1177,0.1177,0.1177,0.1177,0.0000,0.0,0
1790681940,0.1177,0.1177,0.1177,0.1177,0.0000,0.0,0
1790682000,0.1179,0.1179,0.1178,0.1179,0.1178,11959.24109,7
1790682060,0.1179,0.1181,0.1179,0.1181,0.1180,3182.37359,5
1790682120,0.1181,0.1181,0.1181,0.1181,0.0000,0.0,0
1790682180,0.1181,0.1181,0.1181,0.1181,0.0000,0.0,0
1790682240,0.1183,0.1183,0.1183,0.1183,0.1183,1555.41275,2
1790682300,0.1183,0.1183,0.1183,0.1183,0.0000,0.0,0
1790682360,0.1184,0.1186,0.1184,0.1186,0.1184,2634.37494,2
1790682420,0.1186,0.1186,0.1186,0.1186,0.1186,4582.91537,2
1790682480,0.1187,0.1187,0.1185,0.1186,0.1185,15994.86812,8
1790682540,0.1187,0.119,0.1187,0.119,0.1188,24239.18416,10
1790682600,0.1191,0.1191,0.1191,0.1191,0.1191,9629.03649,5
1790682660,0.1192,0.1192,0.1189,0.1189,0.1191,3057.58233,2
1790682720,0.1189,0.1191,0.1189,0.1191,0.1189,5561.29803,4
1790682780,0.119,0.119,0.119,0.119,0.1190,622.27901,1
1790682840,0.1191,0.1191,0.1191,0.1191,0.1191,1687.5,3
1790682900,0.1192,0.1192,0.1192,0.1192,0.1192,818.9992,1
1790682960,0.1191,0.1191,0.119,0.119,0.1190,15128.07109,5
1790683020,0.119,0.119,0.119,0.119,0.0000,0.0,0
1790683080,0.119,0.119,0.119,0.119,0.0000,0.0,0
1790683140,0.119,0.119,0.119,0.119,0.0000,0.0,0
1790683200,0.119,0.119,0.119,0.119,0.0000,0.0,0
1790683260,0.1186,0.1186,0.1186,0.1186,0.1186,9295.23603,6
1790683320,0.1185,0.1185,0.1185,0.1185,0.1185,1218.3118,4
1790683380,0.1184,0.1184,0.1184,0.1184,0.1184,1298.965,1
1790683440,0.1181,0.1181,0.1181,0.1181,0.1181,1354.53951,1
1790683500,0.118,0.118,0.118,0.118,0.1180,4476.83691,1
1790683560,0.118,0.118,0.118,0.118,0.1180,125.0,1
1790683620,0.1179,0.1179,0.1179,0.1179,0.1179,1012.20188,1
1790683680,0.1179,0.1179,0.1179,0.1179,0.0000,0.0,0
1790683740,0.1181,0.1181,0.1181,0.1181,0.1181,1549.52953,1
1790683800,0.1181,0.1181,0.1181,0.1181,0.1181,125.0,1
1790683860,0.118,0.118,0.118,0.118,0.1180,872.69471,1
1790683920,0.118,0.118,0.118,0.118,0.0000,0.0,0
1790683980,0.118,0.118,0.118,0.118,0.0000,0.0,0
1790684040,0.118,0.118,0.118,0.118,0.0000,0.0,0
1790684100,0.1186,0.1186,0.1186,0.1186,0.1186,4134.59751,1
1790684160,0.1187,0.1187,0.1187,0.1187,0.1187,5512.69968,1
1790684220,0.1187,0.1187,0.1187,0.1187,0.1187,1613.15402,1
1790684280,0.1187,0.1187,0.1187,0.1187,0.0000,0.0,0
1790684340,0.1187,0.1187,0.1187,0.1187,0.0000,0.0,0
1790684400,0.1183,0.1183,0.1183,0.1183,0.1183,3375.0,4
1790684460,0.1181,0.1181,0.1181,0.1181,0.1181,168.84148,1
1790684520,0.118,0.118,0.118,0.118,0.1180,7046.00845,2
1790684580,0.118,0.118,0.118,0.118,0.1180,1812.5,3
1790684640,0.118,0.118,0.118,0.118,0.0000,0.0,0
1790684700,0.1177,0.1177,0.1177,0.1177,0.1177,125.0,1
1790684760,0.1177,0.1177,0.1177,0.1177,0.1177,125.0,1
1790684820,0.1177,0.1177,0.1177,0.1177,0.0000,0.0,0
1790684880,0.1177,0.1177,0.1177,0.1177,0.1177,4488.43331,1
1790684940,0.1177,0.1177,0.1177,0.1177,0.1177,17108.77507,2
1790685000,0.1177,0.1177,0.1177,0.1177,0.1177,395.28602,1
1790685060,0.1177,0.1177,0.1177,0.1177,0.0000,0.0,0
1790685120,0.1177,0.1177,0.1177,0.1177,0.0000,0.0,0
1790685180,0.1179,0.1179,0.1179,0.1179,0.1179,5428.18635,3
1790685240,0.1179,0.1179,0.1179,0.1179,0.0000,0.0,0
1790685300,0.1179,0.1179,0.1179,0.1179,0.1179,4484.34551,2
1790685360,0.1178,0.1178,0.1178,0.1178,0.1178,1380.98787,1
1790685420,0.1178,0.1178,0.1178,0.1178,0.0000,0.0,0
1790685480,0.1178,0.1178,0.1178,0.1178,0.0000,0.0,0
1790685540,0.1179,0.1179,0.1179,0.1179,0.1179,1577.22634,1
1790685600,0.1177,0.1178,0.1177,0.1178,0.1177,2579.37552,3
1790685660,0.1176,0.1176,0.1176,0.1176,0.1176,1229.75036,1
1790685720,0.1176,0.1176,0.1176,0.1176,0.0000,0.0,0
1790685780,0.1176,0.1176,0.1176,0.1176,0.0000,0.0,0
1790685840,0.1174,0.1174,0.1174,0.1174,0.1174,3949.61501,1
1790685900,0.1174,0.1174,0.1174,0.1174,0.0000,0.0,0
1790685960,0.1172,0.1172,0.1172,0.1172,0.1172,125.0,1
1790686020,0.1172,0.1172,0.1171,0.1171,0.1171,4017.47935,5
1790686080,0.1171,0.1171,0.1171,0.1171,0.1171,4515.34171,1
1790686140,0.1171,0.1171,0.1171,0.1171,0.0000,0.0,0
1790686200,0.1171,0.1171,0.1171,0.1171,0.0000,0.0,0
1790686260,0.1171,0.1171,0.1171,0.1171,0.0000,0.0,0
1790686320,0.1173,0.1173,0.1173,0.1173,0.1173,562.08572,2
1790686380,0.1172,0.1172,0.1172,0.1172,0.1172,2966.9581,1
1790686440,0.1172,0.1172,0.1172,0.1172,0.1172,125.0,1
1790686500,0.1172,0.1172,0.1172,0.1172,0.0000,0.0,0
1790686560,0.1172,0.1172,0.1172,0.1172,0.1172,1426.09269,1
1790686620,0.1172,0.1172,0.1172,0.1172,0.0000,0.0,0
1790686680,0.1172,0.1172,0.1172,0.1172,0.0000,0.0,0
1790686740,0.1172,0.1172,0.1172,0.1172,0.0000,0.0,0
1790686800,0.1172,0.1172,0.1172,0.1172,0.1172,5722.42905,4
1790686860,0.1172,0.1172,0.1172,0.1172,0.1172,1617.7068,1
1790686920,0.1172,0.1172,0.1172,0.1172,0.0000,0.0,0
1790686980,0.1172,0.1172,0.1172,0.1172,0.0000,0.0,0
1790687040,0.1172,0.1172,0.1172,0.1172,0.0000,0.0,0
1790687100,0.1172,0.1172,0.1172,0.1172,0.0000,0.0,0
1790687160,0.1172,0.1172,0.1172,0.1172,0.0000,0.0,0
1790687220,0.1174,0.1174,0.1174,0.1174,0.1174,925.61776,1
1790687280,0.1174,0.1174,0.1174,0.1174,0.0000,0.0,0
1790687340,0.1177,0.1177,0.1177,0.1177,0.1177,4112.66852,1
1790687400,0.1177,0.1177,0.1177,0.1177,0.1177,4493.52905,1
1790687460,0.1175,0.1175,0.1175,0.1175,0.1175,4971.16611,3
1790687520,0.1175,0.1175,0.1175,0.1175,0.0000,0.0,0
1790687580,0.1174,0.1174,0.1174,0.1174,0.1174,1080.8174,1
1790687640,0.1174,0.1174,0.1174,0.1174,0.0000,0.0,0
1790687700,0.1174,0.1174,0.1174,0.1174,0.0000,0.0,0
1790687760,0.1174,0.1174,0.1174,0.1174,0.0000,0.0,0
1790687820,0.1174,0.1174,0.1174,0.1174,0.0000,0.0,0
1790687880,0.1174,0.1174,0.1174,0.1174,0.0000,0.0,0
1790687940,0.1174,0.1174,0.1174,0.1174,0.0000,0.0,0
1790688000,0.1174,0.1174,0.1174,0.1174,0.0000,0.0,0
1790688060,0.1174,0.1174,0.1174,0.1174,0.0000,0.0,0
1790688120,0.1176,0.1176,0.1176,0.1176,0.1176,3879.61562,2
1790688180,0.1176,0.1176,0.1176,0.1176,0.0000,0.0,0
1790688240,0.1176,0.1176,0.1176,0.1176,0.0000,0.0,0
1790688300,0.1178,0.1178,0.1178,0.1178,0.1178,4614.35704,3
1790688360,0.1177,0.1177,0.1177,0.1177,0.1177,3737.585,1
1790688420,0.1177,0.1177,0.1177,0.1177,0.0000,0.0,0
1790688480,0.1177,0.1177,0.1177,0.1177,0.0000,0.0,0
1790688540,0.1177,0.1177,0.1177,0.1177,0.0000,0.0,0
1790688600,0.1174,0.1174,0.1174,0.1174,0.1174,125.0,1
1790688660,0.1175,0.1175,0.1173,0.1173,0.1173,8143.27026,3
1790688720,0.1173,0.1173,0.1173,0.1173,0.0000,0.0,0
1790688780,0.1171,0.1171,0.1171,0.1171,0.1171,8018.33049,3
1790688840,0.117,0.117,0.117,0.117,0.1170,13815.58711,6
1790688900,0.117,0.117,0.117,0.117,0.0000,0.0,0
1790688960,0.117,0.117,0.117,0.117,0.0000,0.0,0
1790689020,0.117,0.117,0.117,0.117,0.0000,0.0,0
1790689080,0.117,0.117,0.117,0.117,0.0000,0.0,0
1790689140,0.1178,0.1178,0.1177,0.1177,0.1177,6573.29561,3
1790689200,0.1175,0.1175,0.1175,0.1175,0.1175,7091.48274,2
1790689260,0.1175,0.1175,0.1175,0.1175,0.0000,0.0,0
1790689320,0.1173,0.1173,0.1173,0.1173,0.1173,2687.5,3
1790689380,0.1174,0.1176,0.1173,0.1173,0.1173,2656.2771,3
1790689440,0.1174,0.1174,0.1174,0.1174,0.1174,4504.55157,1
1790689500,0.1174,0.1174,0.1174,0.1174,0.0000,0.0,0
1790689560,0.1174,0.1174,0.1174,0.1174,0.0000,0.0,0
1790689620,0.1174,0.1176,0.1174,0.1176,0.1174,2329.99359,2
1790689680,0.1176,0.1177,0.1176,0.1176,0.1176,8836.7673,7
1790689740,0.1176,0.1176,0.1176,0.1176,0.0000,0.0,0
1790689800,0.1178,0.1178,0.1178,0.1178,0.1178,4489.53436,1
1790689860,0.118,0.1182,0.118,0.1182,0.1180,9215.7512,4
1790689920,0.1182,0.1182,0.1182,0.1182,0.0000,0.0,0
1790689980,0.1182,0.1183,0.1182,0.1182,0.1182,6544.62765,7
1790690040,0.1183,0.1184,0.1183,0.1184,0.1183,8658.27635,7
1790690100,0.1184,0.1184,0.1184,0.1184,0.1184,1577.05157,1
1790690160,0.1185,0.1185,0.1183,0.1183,0.1184,8252.3433,6
1790690220,0.1183,0.1183,0.1183,0.1183,0.1183,1976.54269,1
1790690280,0.1183,0.1183,0.1183,0.1183,0.0000,0.0,0
1790690340,0.1181,0.1181,0.1181,0.1181,0.1181,969.40645,2
1790690400,0.1179,0.118,0.1179,0.118,0.1179,250.0,2
1790690460,0.118,0.118,0.118,0.118,0.0000,0.0,0
1790690520,0.1178,0.1178,0.1177,0.1177,0.1177,12345.7048,4
1790690580,0.1177,0.1178,0.1177,0.1178,0.1177,4329.66951,2
1790690640,0.1177,0.1177,0.1177,0.1177,0.1177,1997.54993,1
1790690700,0.1175,0.1175,0.1175,0.1175,0.1175,4626.29258,4
1790690760,0.1175,0.1175,0.1175,0.1175,0.0000,0.0,0
1790690820,0.1175,0.1175,0.1175,0.1175,0.0000,0.0,0
1790690880,0.1175,0.1175,0.1175,0.1175,0.0000,0.0,0
1790690940,0.1175,0.1175,0.1175,0.1175,0.0000,0.0,0
1790691000,0.1173,0.1173,0.1173,0.1173,0.1173,312.5,1
1790691060,0.1174,0.1174,0.1173,0.1173,0.1173,9015.47511,2
1790691120,0.1171,0.1171,0.1171,0.1171,0.1171,2265.16631,1
1790691180,0.1171,0.1171,0.1171,0.1171,0.0000,0.0,0
1790691240,0.1172,0.1172,0.1172,0.1172,0.1172,4300.85609,1
1790691300,0.1172,0.1172,0.1172,0.1172,0.1172,7212.11225,2
1790691360,0.117,0.117,0.117,0.117,0.1170,2472.58075,2
1790691420,0.117,0.117,0.117,0.117,0.0000,0.0,0
1790691480,0.117,0.117,0.117,0.117,0.0000,0.0,0
1790691540,0.1182,0.1182,0.1182,0.1182,0.1182,4476.33638,1
1790691600,0.1182,0.1183,0.1181,0.1181,0.1181,16033.22393,6
1790691660,0.1178,0.1182,0.1178,0.1182,0.1180,7444.80822,7
1790691720,0.1181,0.1181,0.118,0.118,0.1180,7695.60521,3
1790691780,0.1178,0.1178,0.1178,0.1178,0.1178,436.3604,1
1790691840,0.1181,0.1181,0.1181,0.1181,0.1181,6111.78123,2
1790691900,0.1181,0.1181,0.1181,0.1181,0.0000,0.0,0
1790691960,0.1181,0.1181,0.1181,0.1181,0.0000,0.0,0
1790692020,0.1187,0.1187,0.1187,0.1187,0.1187,1636.2104,2
1790692080,0.1187,0.1189,0.1187,0.1189,0.1187,2579.84187,2
1790692140,0.119,0.1191,0.119,0.1191,0.1190,19701.28139,9
1790692200,0.1191,0.1191,0.1191,0.1191,0.0000,0.0,0
1790692260,0.1191,0.1191,0.1191,0.1191,0.0000,0.0,0
1790692320,0.1195,0.1195,0.1195,0.1195,0.1195,4425.53073,2
1790692380,0.1192,0.1192,0.1191,0.1191,0.1191,1920.73616,2
1790692440,0.1191,0.1191,0.119,0.119,0.1190,4813.53083,6
1790692500,0.1189,0.119,0.1188,0.1188,0.1188,11687.29566,7
1790692560,0.1189,0.1189,0.1189,0.1189,0.1189,4448.1801,1
1790692620,0.1189,0.1189,0.1189,0.1189,0.1189,4448.47039,2
1790692680,0.1193,0.1195,0.1193,0.1195,0.1193,1654.68482,5
1790692740,0.1196,0.1196,0.1196,0.1196,0.1196,4422.26118,1
1790692800,0.1198,0.1199,0.1196,0.1199,0.1198,13786.60743,8
1790692860,0.1198,0.1198,0.1197,0.1197,0.1197,8146.42833,4
1790692920,0.1198,0.1198,0.1198,0.1198,0.1198,4412.3152,3
1790692980,0.1198,0.1198,0.1198,0.1198,0.0000,0.0,0
1790693040,0.1194,0.1194,0.1194,0.1194,0.1194,561.74452,2
1790693100,0.1196,0.1196,0.1196,0.1196,0.1196,7328.72325,2
1790693160,0.1196,0.1196,0.1196,0.1196,0.0000,0.0,0
1790693220,0.1196,0.1196,0.1196,0.1196,0.0000,0.0,0
1790693280,0.1196,0.1196,0.1196,0.1196,0.0000,0.0,0
1790693340,0.1196,0.1196,0.1195,0.1195,0.1195,9019.44715,5
1790693400,0.1195,0.1195,0.1195,0.1195,0.0000,0.0,0
1790693460,0.1197,0.1197,0.1197,0.1197,0.1197,436.74452,1
1790693520,0.1197,0.1197,0.1197,0.1197,0.0000,0.0,0
1790693580,0.1197,0.1197,0.1197,0.1197,0.0000,0.0,0
1790693640,0.1193,0.1193,0.1193,0.1193,0.1193,5797.29551,2
1790693700,0.1194,0.1194,0.1194,0.1194,0.1194,250.0,2
1790693760,0.1194,0.1194,0.1194,0.1194,0.0000,0.0,0
1790693820,0.1193,0.1194,0.1193,0.1194,0.1193,5823.77888,4
1790693880,0.1194,0.1194,0.1194,0.1194,0.0000,0.0,0
1790693940,0.1191,0.1191,0.1191,0.1191,0.1191,3463.03064,1
1790694000,0.1189,0.1189,0.1189,0.1189,0.1189,439.69123,1
1790694060,0.1187,0.1187,0.1187,0.1187,0.1187,4582.81495,2
1790694120,0.1188,0.1188,0.1188,0.1188,0.1188,125.0,1
1790694180,0.1186,0.1186,0.1186,0.1186,0.1186,5724.59394,3
1790694240,0.1186,0.1186,0.1186,0.1186,0.0000,0.0,0
1790694300,0.1182,0.1184,0.1182,0.1184,0.1182,8579.28638,6
1790694360,0.1181,0.1184,0.1181,0.1184,0.1183,1845.54504,2
1790694420,0.1183,0.1183,0.1182,0.1183,0.1182,7647.01329,3
1790694480,0.1183,0.1183,0.1183,0.1183,0.0000,0.0,0
1790694540,0.1183,0.1183,0.1183,0.1183,0.0000,0.0,0
1790694600,0.1183,0.1183,0.1183,0.1183,0.1183,4474.1092,2
1790694660,0.1182,0.1182,0.1182,0.1182,0.1182,4477.65766,1
1790694720,0.118,0.118,0.1179,0.1179,0.1179,4905.98664,6
1790694780,0.1175,0.1175,0.1175,0.1175,0.1175,125.0,1
1790694840,0.1175,0.1175,0.1175,0.1175,0.0000,0.0,0
1790694900,0.118,0.118,0.118,0.118,0.1180,3375.0,3
1790694960,0.118,0.118,0.118,0.118,0.1180,4485.32759,1
1790695020,0.1182,0.1182,0.1182,0.1182,0.1182,2274.54552,1
1790695080,0.1182,0.1182,0.1182,0.1182,0.0000,0.0,0
1790695140,0.1174,0.1174,0.1173,0.1173,0.1173,4638.00808,3
1790695200,0.1173,0.1173,0.1173,0.1173,0.0000,0.0,0
1790695260,0.1168,0.1169,0.1167,0.1169,0.1167,15027.32577,5
1790695320,0.1169,0.1169,0.1169,0.1169,0.0000,0.0,0
1790695380,0.1167,0.1167,0.1163,0.1163,0.1165,18769.2842,5
1790695440,0.1161,0.1161,0.1158,0.1158,0.1158,42619.63526,15
1790695500,0.1157,0.1158,0.1157,0.1158,0.1157,8113.26091,2
1790695560,0.1158,0.1158,0.1158,0.1158,0.0000,0.0,0
1790695620,0.1156,0.1156,0.1155,0.1155,0.1155,19844.4347,8
1790695680,0.1153,0.1155,0.1152,0.1155,0.1153,12758.23211,7
1790695740,0.1155,0.1155,0.1155,0.1155,0.1155,4092.06539,1
1790695800,0.1154,0.116,0.1154,0.116,0.1155,9193.39666,7
1790695860,0.1155,0.1157,0.1155,0.1157,0.1156,883.20692,2
1790695920,0.1157,0.1157,0.1157,0.1157,0.0000,0.0,0
1790695980,0.1161,0.1161,0.1161,0.1161,0.1161,861.32264,1
1790696040,0.1161,0.1161,0.1158,0.1158,0.1159,9460.70843,3
1790696100,0.1158,0.1158,0.1158,0.1158,0.0000,0.0,0
1790696160,0.1158,0.1158,0.1158,0.1158,0.0000,0.0,0
1790696220,0.1159,0.1159,0.1159,0.1159,0.1159,2066.07611,1
1790696280,0.1159,0.1159,0.1159,0.1159,0.0000,0.0,0
1790696340,0.1162,0.1162,0.1161,0.1161,0.1161,4684.87917,3
1790696400,0.1162,0.1162,0.1162,0.1162,0.1162,3158.0784,3
1790696460,0.1163,0.1163,0.1163,0.1163,0.1163,4552.67922,1
1790696520,0.1163,0.1163,0.1163,0.1163,0.0000,0.0,0
1790696580,0.1163,0.1163,0.1163,0.1163,0.0000,0.0,0
1790696640,0.1163,0.1163,0.1163,0.1163,0.0000,0.0,0
1790696700,0.1161,0.1161,0.1161,0.1161,0.1161,2003.50088,1
1790696760,0.1161,0.1161,0.116,0.116,0.1160,8994.26874,2
1790696820,0.1158,0.116,0.1158,0.116,0.1159,4820.08048,3
1790696880,0.116,0.116,0.116,0.116,0.0000,0.0,0
1790696940,0.1167,0.1167,0.1165,0.1165,0.1165,5755.08457,2
1790697000,0.1164,0.1165,0.1163,0.1163,0.1164,57845.59652,12
1790697060,0.1163,0.1163,0.1163,0.1163,0.0000,0.0,0
1790697120,0.1157,0.1157,0.1157,0.1157,0.1157,5825.92519,3
1790697180,0.1157,0.1158,0.1156,0.1156,0.1157,10841.12185,9
1790697240,0.1155,0.1155,0.1155,0.1155,0.1155,3259.2895,4
1790697300,0.1156,0.1161,0.1155,0.1161,0.1157,15766.45533,11
1790697360,0.1161,0.1161,0.1161,0.1161,0.0000,0.0,0
1790697420,0.1157,0.1157,0.1156,0.1156,0.1156,11104.91606,7
1790697480,0.1157,0.1157,0.1157,0.1157,0.1157,3380.09981,1
1790697540,0.1155,0.1158,0.1155,0.1158,0.1155,6008.31423,4
1790697600,0.1159,0.1161,0.1158,0.1158,0.1160,5071.37924,4
1790697660,0.1163,0.1163,0.1163,0.1163,0.1163,443.5292,1
1790697720,0.1163,0.1163,0.1163,0.1163,0.0000,0.0,0
1790697780,0.1163,0.1163,0.1163,0.1163,0.0000,0.0,0
1790697840,0.1163,0.1163,0.1163,0.1163,0.0000,0.0,0
1790697900,0.1159,0.1161,0.1159,0.1161,0.1159,4882.61595,5
1790697960,0.1158,0.1158,0.1158,0.1158,0.1158,4444.14824,1
1790698020,0.1156,0.1158,0.1156,0.1158,0.1157,5159.70809,2
1790698080,0.1158,0.1158,0.1158,0.1158,0.0000,0.0,0
1790698140,0.1158,0.1158,0.1158,0.1158,0.0000,0.0,0
1790698200,0.1158,0.1158,0.1158,0.1158,0.0000,0.0,0
1790698260,0.1158,0.1158,0.1158,0.1158,0.0000,0.0,0
1790698320,0.1158,0.1158,0.1158,0.1158,0.0000,0.0,0
1790698380,0.1158,0.1158,0.1158,0.1158,0.0000,0.0,0
1790698440,0.1158,0.1158,0.1158,0.1158,0.0000,0.0,0
1790698500,0.1161,0.1161,0.1161,0.1161,0.1161,3094.75622,2
1790698560,0.1161,0.1161,0.1161,0.1161,0.0000,0.0,0
1790698620,0.1161,0.1161,0.1161,0.1161,0.0000,0.0,0
1790698680,0.1161,0.1161,0.1161,0.1161,0.0000,0.0,0
1790698740,0.1161,0.1161,0.1161,0.1161,0.1161,4559.6496,3
1790698800,0.1164,0.1164,0.1164,0.1164,0.1164,34.36426,1
1790698860,0.1163,0.1163,0.1163,0.1163,0.1163,427.55379,1
1790698920,0.1163,0.1163,0.1163,0.1163,0.0000,0.0,0
1790698980,0.1163,0.1163,0.1163,0.1163,0.0000,0.0,0
1790699040,0.1163,0.1163,0.1163,0.1163,0.0000,0.0,0
1790699100,0.116,0.116,0.116,0.116,0.1160,444.68426,1
1790699160,0.116,0.116,0.116,0.116,0.0000,0.0,0
1790699220,0.116,0.116,0.116,0.116,0.0000,0.0,0
1790699280,0.1163,0.1163,0.1163,0.1163,0.1163,3163.12777,1
1790699340,0.1163,0.1163,0.1163,0.1163,0.0000,0.0,0
1790699400,0.1163,0.1163,0.1163,0.1163,0.0000,0.0,0
1790699460,0.1163,0.1163,0.1163,0.1163,0.0000,0.0,0
1790699520,0.1159,0.1159,0.1157,0.1157,0.1157,1110.83328,3
1790699580,0.1158,0.1158,0.1158,0.1158,0.1158,2632.46251,4
1790699640,0.1158,0.1158,0.1158,0.1158,0.0000,0.0,0
1790699700,0.1158,0.1158,0.1158,0.1158,0.0000,0.0,0
1790699760,0.1161,0.1161,0.116,0.116,0.1160,12937.5,4
1790699820,0.116,0.116,0.116,0.116,0.0000,0.0,0
1790699880,0.116,0.116,0.116,0.116,0.0000,0.0,0
1790699940,0.116,0.116,0.116,0.116,0.0000,0.0,0
1790700000,0.116,0.116,0.116,0.116,0.0000,0.0,0
1790700060,0.116,0.116,0.116,0.116,0.0000,0.0,0
1790700120,0.1154,0.1154,0.1154,0.1154,0.1154,125.0,1
1790700180,0.1151,0.1152,0.1151,0.1152,0.1151,4803.72376,3
1790700240,0.1152,0.1152,0.1152,0.1152,0.0000,0.0,0
1790700300,0.115,0.115,0.115,0.115,0.1150,4606.7249,4
1790700360,0.1149,0.1154,0.1149,0.1154,0.1151,1815.83449,4
1790700420,0.1153,0.1153,0.115,0.115,0.1151,438.1349,2
1790700480,0.1151,0.1151,0.115,0.115,0.1150,1416.37473,5
1790700540,0.1151,0.1151,0.1148,0.1148,0.1149,1286.0299,4
1790700600,0.1148,0.1148,0.1148,0.1148,0.0000,0.0,0
1790700660,0.1154,0.1154,0.1154,0.1154,0.1154,2607.4347,2
1790700720,0.1151,0.1152,0.1151,0.1152,0.1151,5163.42162,2
1790700780,0.1152,0.1152,0.1152,0.1152,0.0000,0.0,0
1790700840,0.1148,0.1148,0.1148,0.1148,0.1148,189.29253,1
1790700900,0.1148,0.1148,0.1148,0.1148,0.1148,409.09492,1
1790700960,0.1148,0.1148,0.1148,0.1148,0.1148,1735.9575,1
1790701020,0.1148,0.1148,0.1148,0.1148,0.0000,0.0,0
1790701080,0.1148,0.1148,0.1148,0.1148,0.0000,0.0,0
1790701140,0.1148,0.1148,0.1148,0.1148,0.0000,0.0,0
1790701200,0.1148,0.1148,0.1148,0.1148,0.0000,0.0,0
1790701260,0.1148,0.1148,0.1148,0.1148,0.0000,0.0,0
1790701320,0.1148,0.1148,0.1148,0.1148,0.0000,0.0,0
1790701380,0.1149,0.1149,0.1149,0.1149,0.1149,1687.31345,2
1790701440,0.1151,0.1151,0.1151,0.1151,0.1151,4606.6661,3
1790701500,0.1151,0.1151,0.1151,0.1151,0.0000,0.0,0
1790701560,0.1151,0.1151,0.1151,0.1151,0.1151,170.67333,1
1790701620,0.115,0.115,0.115,0.115,0.1150,598.63862,3
1790701680,0.115,0.115,0.115,0.115,0.0000,0.0,0
1790701740,0.115,0.115,0.115,0.115,0.0000,0.0,0
1790701800,0.115,0.115,0.115,0.115,0.0000,0.0,0
1790701860,0.1151,0.1151,0.1149,0.1149,0.1150,3338.53053,4
1790701920,0.1149,0.1149,0.1149,0.1149,0.0000,0.0,0
1790701980,0.1149,0.1149,0.1149,0.1149,0.0000,0.0,0
1790702040,0.1151,0.1151,0.1151,0.1151,0.1151,4500.0,3
1790702100,0.115,0.115,0.115,0.115,0.1150,939.33004,1
1790702160,0.115,0.115,0.115,0.115,0.0000,0.0,0
1790702220,0.1145,0.1145,0.1145,0.1145,0.1145,2380.6635,3
1790702280,0.1146,0.1146,0.1146,0.1146,0.1146,2943.1635,1
1790702340,0.1147,0.1147,0.1147,0.1147,0.1147,2904.98184,1
1790702400,0.1147,0.1147,0.1147,0.1147,0.1147,1250.0,3
1790702460,0.1147,0.1147,0.1147,0.1147,0.0000,0.0,0
1790702520,0.1147,0.1147,0.1147,0.1147,0.0000,0.0,0
1790702580,0.1145,0.1145,0.1145,0.1145,0.1145,200.0,1
1790702640,0.1145,0.1145,0.1145,0.1145,0.0000,0.0,0
1790702700,0.1145,0.1145,0.1145,0.1145,0.0000,0.0,0
1790702760,0.1145,0.1145,0.1145,0.1145,0.0000,0.0,0
1790702820,0.1146,0.1146,0.1146,0.1146,0.1146,506.47931,2
1790702880,0.1146,0.1146,0.1146,0.1146,0.0000,0.0,0
1790702940,0.1146,0.1146,0.1146,0.1146,0.0000,0.0,0
1790703000,0.1146,0.1146,0.1146,0.1146,0.0000,0.0,0
1790703060,0.115,0.115,0.115,0.115,0.1150,444.68433,1
1790703120,0.115,0.115,0.115,0.115,0.0000,0.0,0
1790703180,0.115,0.115,0.115,0.115,0.0000,0.0,0
1790703240,0.1151,0.1151,0.1148,0.1148,0.1150,5052.07486,8
1790703300,0.1148,0.1148,0.1148,0.1148,0.0000,0.0,0
1790703360,0.1148,0.1148,0.1148,0.1148,0.0000,0.0,0
1790703420,0.1148,0.1148,0.1148,0.1148,0.0000,0.0,0
1790703480,0.1148,0.1148,0.1148,0.1148,0.0000,0.0,0
1790703540,0.1147,0.1147,0.1147,0.1147,0.1147,427.54342,2
1790703600,0.1147,0.1147,0.1147,0.1147,0.0000,0.0,0
1790703660,0.1148,0.1148,0.1148,0.1148,0.1148,251.05474,1
1790703720,0.1148,0.1148,0.1148,0.1148,0.1148,1177.33077,2
1790703780,0.1148,0.1148,0.1148,0.1148,0.0000,0.0,0
1790703840,0.1148,0.1148,0.1148,0.1148,0.0000,0.0,0
1790703900,0.1149,0.1149,0.1149,0.1149,0.1149,316.0134,1
1790703960,0.1149,0.1149,0.1149,0.1149,0.0000,0.0,0
1790704020,0.1149,0.1149,0.1149,0.1149,0.0000,0.0,0
1790704080,0.1145,0.1145,0.1145,0.1145,0.1145,188.86977,1
1790704140,0.1145,0.1145,0.1145,0.1145,0.0000,0.0,0
1790704200,0.1141,0.1141,0.1139,0.1139,0.1140,443.23661,2
1790704260,0.114,0.114,0.114,0.114,0.1140,4651.05662,1
1790704320,0.1138,0.1139,0.1133,0.1139,0.1135,134113.57957,24
1790704380,0.1137,0.1137,0.1135,0.1135,0.1135,22269.79936,12
1790704440,0.1135,0.1135,0.1135,0.1135,0.0000,0.0,0
1790704500,0.1135,0.1135,0.1135,0.1135,0.0000,0.0,0
1790704560,0.114,0.114,0.114,0.114,0.1140,311.55348,1
1790704620,0.114,0.114,0.114,0.114,0.1140,1485.33959,1
1790704680,0.1139,0.114,0.1139,0.114,0.1139,13915.36975,5
1790704740,0.114,0.114,0.114,0.114,0.1140,1638.89306,3
1790704800,0.1142,0.1142,0.1142,0.1142,0.1142,10155.69114,8
1790704860,0.1147,0.1147,0.1147,0.1147,0.1147,125.0,1
1790704920,0.1147,0.1147,0.1147,0.1147,0.0000,0.0,0
1790704980,0.1146,0.1146,0.1144,0.1144,0.1144,449.6339,2
1790705040,0.1145,0.1145,0.1145,0.1145,0.1145,3549.59901,1
1790705100,0.1145,0.1145,0.1145,0.1145,0.0000,0.0,0
1790705160,0.1149,0.115,0.1149,0.115,0.1149,9338.16048,3
1790705220,0.115,0.115,0.115,0.115,0.0000,0.0,0
1790705280,0.115,0.115,0.115,0.115,0.0000,0.0,0
1790705340,0.115,0.115,0.115,0.115,0.0000,0.0,0
1790705400,0.115,0.115,0.115,0.115,0.0000,0.0,0
1790705460,0.115,0.115,0.115,0.115,0.0000,0.0,0
1790705520,0.1148,0.1149,0.1148,0.1149,0.1148,5912.46992,2
1790705580,0.1149,0.1149,0.1149,0.1149,0.0000,0.0,0
1790705640,0.1149,0.1149,0.1149,0.1149,0.0000,0.0,0
1790705700,0.1151,0.1151,0.1151,0.1151,0.1151,12922.81937,1
1790705760,0.1153,0.1153,0.1153,0.1153,0.1153,4589.62871,1
1790705820,0.1152,0.1152,0.1152,0.1152,0.1152,346.92108,1
1790705880,0.1151,0.1152,0.1151,0.1152,0.1151,5788.51228,3
1790705940,0.1152,0.1152,0.1152,0.1152,0.0000,0.0,0
1790706000,0.115,0.115,0.115,0.115,0.1150,4602.69962,2
1790706060,0.115,0.115,0.115,0.115,0.0000,0.0,0
1790706120,0.1152,0.1152,0.1152,0.1152,0.1152,4716.74333,2
1790706180,0.1156,0.1156,0.1156,0.1156,0.1156,3281.75482,1
1790706240,0.1156,0.1156,0.1156,0.1156,0.1156,76.17061,1
1790706300,0.1156,0.1156,0.1156,0.1156,0.0000,0.0,0
1790706360,0.1156,0.1156,0.1156,0.1156,0.0000,0.0,0
1790706420,0.1156,0.1156,0.1156,0.1156,0.0000,0.0,0
1790706480,0.1157,0.1157,0.1157,0.1157,0.1157,864.30423,1
1790706540,0.1156,0.1156,0.1155,0.1155,0.1155,12696.28389,7
1790706600,0.1156,0.1156,0.1156,0.1156,0.1156,11574.04461,2
1790706660,0.1154,0.1154,0.1154,0.1154,0.1154,1663.34709,1
1790706720,0.1154,0.1154,0.1154,0.1154,0.0000,0.0,0
1790706780,0.1154,0.1154,0.1154,0.1154,0.0000,0.0,0
1790706840,0.1153,0.1153,0.1153,0.1153,0.1153,70.3606,1
1790706900,0.1153,0.1153,0.1153,0.1153,0.0000,0.0,0
1790706960,0.1153,0.1153,0.1153,0.1153,0.0000,0.0,0
1790707020,0.1153,0.1153,0.1153,0.1153,0.0000,0.0,0
1790707080,0.1153,0.1153,0.1153,0.1153,0.0000,0.0,0
1790707140,0.1158,0.1158,0.1158,0.1158,0.1158,3937.5,7
1790707200,0.1158,0.1158,0.1158,0.1158,0.0000,0.0,0
1790707260,0.1158,0.1158,0.1158,0.1158,0.0000,0.0,0
1790707320,0.1161,0.1161,0.1161,0.1161,0.1161,125.0,1
1790707380,0.1162,0.1162,0.1161,0.1161,0.1161,6314.46336,3
1790707440,0.1161,0.1161,0.1161,0.1161,0.0000,0.0,0
1790707500,0.1161,0.1161,0.1161,0.1161,0.1161,441.50322,1
1790707560,0.1161,0.1161,0.1161,0.1161,0.0000,0.0,0
1790707620,0.1157,0.1157,0.1157,0.1157,0.1157,5512.69968,1
1790707680,0.1157,0.1157,0.1157,0.1157,0.0000,0.0,0
1790707740,0.1157,0.1157,0.1157,0.1157,0.0000,0.0,0
1790707800,0.1156,0.1156,0.1156,0.1156,0.1156,5512.69968,1
1790707860,0.1156,0.1156,0.1156,0.1156,0.0000,0.0,0
1790707920,0.1156,0.1156,0.1156,0.1156,0.0000,0.0,0
1790707980,0.1157,0.1157,0.1157,0.1157,0.1157,1737.3705,1
1790708040,0.1156,0.1156,0.1156,0.1156,0.1156,5512.69968,1
1790708100,0.1156,0.1156,0.1156,0.1156,0.0000,0.0,0
1790708160,0.1156,0.1156,0.1156,0.1156,0.0000,0.0,0
1790708220,0.1156,0.1156,0.1156,0.1156,0.0000,0.0,0
1790708280,0.1155,0.1155,0.1155,0.1155,0.1155,864.68123,1
1790708340,0.1155,0.1155,0.1155,0.1155,0.0000,0.0,0
1790708400,0.1155,0.1155,0.1155,0.1155,0.0000,0.0,0
1790708460,0.1155,0.1155,0.1155,0.1155,0.0000,0.0,0
1790708520,0.1156,0.1157,0.1156,0.1157,0.1156,7412.83916,2
1790708580,0.1156,0.1158,0.1156,0.1158,0.1157,5258.42132,3
1790708640,0.1158,0.1158,0.1158,0.1158,0.0000,0.0,0
1790708700,0.1158,0.1158,0.1158,0.1158,0.0000,0.0,0
1790708760,0.1158,0.1158,0.1158,0.1158,0.0000,0.0,0
1790708820,0.1158,0.1158,0.1158,0.1158,0.0000,0.0,0
1790708880,0.1158,0.1158,0.1158,0.1158,0.0000,0.0,0
1790708940,0.1161,0.1161,0.1161,0.1161,0.1161,9113.44298,3
1790709000,0.1161,0.1161,0.1161,0.1161,0.0000,0.0,0
1790709060,0.1161,0.1161,0.1161,0.1161,0.0000,0.0,0
1790709120,0.1161,0.1161,0.1161,0.1161,0.0000,0.0,0
1790709180,0.1161,0.1161,0.1161,0.1161,0.0000,0.0,0
1790709240,0.1161,0.1161,0.1161,0.1161,0.0000,0.0,0
1790709300,0.1161,0.1161,0.1161,0.1161,0.0000,0.0,0
1790709360,0.1161,0.1161,0.1161,0.1161,0.0000,0.0,0
1790709420,0.1161,0.1161,0.1161,0.1161,0.0000,0.0,0
1790709480,0.1158,0.1158,0.1158,0.1158,0.1158,426.0186,1
1790709540,0.1158,0.1158,0.1158,0.1158,0.0000,0.0,0
1790709600,0.1158,0.1158,0.1158,0.1158,0.0000,0.0,0
1790709660,0.1158,0.1158,0.1158,0.1158,0.0000,0.0,0
1790709720,0.1158,0.1158,0.1158,0.1158,0.0000,0.0,0
1790709780,0.1158,0.1158,0.1158,0.1158,0.0000,0.0,0
1790709840,0.1158,0.1158,0.1158,0.1158,0.0000,0.0,0
1790709900,0.1158,0.1158,0.1158,0.1158,0.0000,0.0,0
1790709960,0.1158,0.1158,0.1158,0.1158,0.0000,0.0,0
1790710020,0.1158,0.1158,0.1158,0.1158,0.0000,0.0,0
1790710080,0.1158,0.1158,0.1158,0.1158,0.0000,0.0,0
1790710140,0.1158,0.1158,0.1158,0.1158,0.0000,0.0,0
1790710200,0.1158,0.1158,0.1158,0.1158,0.0000,0.0,0
1790710260,0.1158,0.1158,0.1158,0.1158,0.0000,0.0,0
1790710320,0.1158,0.1158,0.1158,0.1158,0.1158,4568.54612,4
1790710380,0.1158,0.1158,0.1158,0.1158,0.1158,1301.51675,1
1790710440,0.1158,0.1158,0.1158,0.1158,0.1158,1720.9703,1
1790710500,0.1158,0.1158,0.1158,0.1158,0.0000,0.0,0
1790710560,0.1156,0.1156,0.1156,0.1156,0.1156,308.49691,2
1790710620,0.1156,0.1156,0.1156,0.1156,0.1156,14847.0,3
1790710680,0.1157,0.1158,0.1157,0.1158,0.1157,10319.36862,16
1790710740,0.1158,0.1158,0.1158,0.1158,0.0000,0.0,0
1790710800,0.1158,0.1158,0.1158,0.1158,0.0000,0.0,0
1790710860,0.1156,0.1156,0.1156,0.1156,0.1156,1905.46975,1
1790710920,0.1155,0.1155,0.1155,0.1155,0.1155,125.0,1
1790710980,0.1154,0.1154,0.1154,0.1154,0.1154,1519.59585,1
1790711040,0.1154,0.1154,0.1154,0.1154,0.0000,0.0,0
1790711100,0.1149,0.1149,0.1149,0.1149,0.1149,3937.5001,4
1790711160,0.1149,0.1149,0.1149,0.1149,0.0000,0.0,0
1790711220,0.1149,0.1151,0.1149,0.1151,0.1149,4731.4626,6
1790711280,0.115,0.115,0.115,0.115,0.1150,857.5777,1
1790711340,0.115,0.115,0.115,0.115,0.0000,0.0,0
1790711400,0.115,0.115,0.115,0.115,0.0000,0.0,0
1790711460,0.1146,0.1146,0.1146,0.1146,0.1146,4618.53954,1
1790711520,0.1146,0.1146,0.1146,0.1146,0.0000,0.0,0
1790711580,0.1146,0.1146,0.1146,0.1146,0.0000,0.0,0
1790711640,0.1146,0.1146,0.1146,0.1146,0.0000,0.0,0
1790711700,0.1146,0.1146,0.1146,0.1146,0.1146,125.0,1
1790711760,0.1146,0.1146,0.1146,0.1146,0.1146,125.0,1
1790711820,0.1146,0.1146,0.1146,0.1146,0.1146,357.03884,1
1790711880,0.1146,0.1146,0.1146,0.1146,0.0000,0.0,0
1790711940,0.1146,0.1146,0.1146,0.1146,0.0000,0.0,0
1790712000,0.1146,0.1146,0.1146,0.1146,0.0000,0.0,0
1790712060,0.1146,0.1146,0.1146,0.1146,0.0000,0.0,0
1790712120,0.1146,0.1146,0.1146,0.1146,0.0000,0.0,0
1790712180,0.1146,0.1146,0.1146,0.1146,0.0000,0.0,0
1790712240,0.1146,0.1146,0.1146,0.1146,0.0000,0.0,0
1790712300,0.1141,0.1142,0.1141,0.1142,0.1141,561.6799,3
1790712360,0.1143,0.1143,0.1143,0.1143,0.1143,386.98904,1
1790712420,0.1143,0.1143,0.1143,0.1143,0.0000,0.0,0
1790712480,0.115,0.115,0.115,0.115,0.1150,805.5212,3
1790712540,0.1146,0.1146,0.1146,0.1146,0.1146,3626.7227,3
1790712600,0.1146,0.1146,0.1146,0.1146,0.0000,0.0,0
1790712660,0.1146,0.1146,0.1146,0.1146,0.0000,0.0,0
1790712720,0.1144,0.1144,0.1144,0.1144,0.1144,1226.01779,2
1790712780,0.1144,0.1144,0.1144,0.1144,0.0000,0.0,0
1790712840,0.1144,0.1144,0.1144,0.1144,0.0000,0.0,0
1790712900,0.1144,0.1144,0.1144,0.1144,0.0000,0.0,0
1790712960,0.1147,0.1148,0.1147,0.1148,0.1147,8799.16263,3
1790713020,0.1148,0.1148,0.1148,0.1148,0.0000,0.0,0
1790713080,0.1148,0.1148,0.1148,0.1148,0.0000,0.0,0
1790713140,0.1148,0.1148,0.1148,0.1148,0.0000,0.0,0
1790713200,0.1148,0.1148,0.1148,0.1148,0.0000,0.0,0
1790713260,0.1148,0.1148,0.1148,0.1148,0.0000,0.0,0
1790713320,0.1148,0.1148,0.1148,0.1148,0.0000,0.0,0
1790713380,0.1148,0.1148,0.1148,0.1148,0.0000,0.0,0
1790713440,0.1148,0.1148,0.1148,0.1148,0.0000,0.0,0
1790713500,0.1152,0.1152,0.1152,0.1152,0.1152,125.0,1
1790713560,0.1152,0.1152,0.1152,0.1152,0.0000,0.0,0
1790713620,0.1155,0.1155,0.1155,0.1155,0.1155,5625.0,4
1790713680,0.1153,0.1153,0.1153,0.1153,0.1153,412.41876,1
1790713740,0.1153,0.1153,0.1153,0.1153,0.0000,0.0,0
1790713800,0.1153,0.1153,0.1153,0.1153,0.1153,125.0,1
1790713860,0.1153,0.1153,0.1151,0.1151,0.1152,3252.28102,4
1790713920,0.1151,0.1151,0.1151,0.1151,0.1151,125.0,1
1790713980,0.1152,0.1154,0.1152,0.1154,0.1152,375.0,3
1790714040,0.1153,0.1153,0.1153,0.1153,0.1153,207.81563,1
1790714100,0.1153,0.1153,0.1153,0.1153,0.0000,0.0,0
1790714160,0.1153,0.1153,0.1153,0.1153,0.1153,1205.6079,1
1790714220,0.1154,0.1154,0.1154,0.1154,0.1154,750.0,1
1790714280,0.1154,0.1154,0.1154,0.1154,0.0000,0.0,0
1790714340,0.1155,0.1155,0.1155,0.1155,0.1155,4581.46147,1
1790714400,0.1154,0.1154,0.1154,0.1154,0.1154,562.5,1
1790714460,0.1154,0.1154,0.1154,0.1154,0.0000,0.0,0
1790714520,0.1154,0.1154,0.1154,0.1154,0.0000,0.0,0
1790714580,0.1154,0.1154,0.1154,0.1154,0.0000,0.0,0
1790714640,0.1154,0.1154,0.1154,0.1154,0.0000,0.0,0
1790714700,0.1154,0.1154,0.1154,0.1154,0.0000,0.0,0
1790714760,0.1154,0.1154,0.1154,0.1154,0.0000,0.0,0
1790714820,0.1154,0.1154,0.1154,0.1154,0.0000,0.0,0
1790714880,0.1154,0.1154,0.1154,0.1154,0.0000,0.0,0
1790714940,0.1154,0.1154,0.1154,0.1154,0.0000,0.0,0
1790715000,0.1154,0.1154,0.1154,0.1154,0.1154,1687.5,2
1790715060,0.1154,0.1154,0.1154,0.1154,0.0000,0.0,0
1790715120,0.1153,0.1153,0.1153,0.1153,0.1153,125.0,1
1790715180,0.1154,0.1154,0.1154,0.1154,0.1154,376.04646,2
1790715240,0.1155,0.1155,0.1154,0.1155,0.1154,884.90027,4
1790715300,0.1155,0.1155,0.1155,0.1155,0.0000,0.0,0
1790715360,0.1155,0.1155,0.1155,0.1155,0.0000,0.0,0
1790715420,0.1153,0.1153,0.1153,0.1153,0.1153,4712.9321,7
1790715480,0.1154,0.1154,0.1154,0.1154,0.1154,125.0,1
1790715540,0.1154,0.1154,0.1154,0.1154,0.0000,0.0,0
1790715600,0.1152,0.1152,0.1152,0.1152,0.1152,4592.228,1
1790715660,0.1154,0.1154,0.1154,0.1154,0.1154,2000.0,1
1790715720,0.1154,0.1154,0.1154,0.1154,0.0000,0.0,0
1790715780,0.1148,0.1148,0.1148,0.1148,0.1148,2000.0,2
1790715840,0.1148,0.115,0.1148,0.115,0.1148,11719.55272,14
1790715900,0.115,0.115,0.115,0.115,0.0000,0.0,0
1790715960,0.1153,0.1153,0.1153,0.1153,0.1153,3057.4848,3
1790716020,0.1153,0.1153,0.1153,0.1153,0.0000,0.0,0
1790716080,0.1153,0.1153,0.1153,0.1153,0.0000,0.0,0
1790716140,0.1153,0.1153,0.1153,0.1153,0.0000,0.0,0
1790716200,0.1153,0.1153,0.1153,0.1153,0.0000,0.0,0
1790716260,0.1153,0.1153,0.1153,0.1153,0.0000,0.0,0
1790716320,0.1153,0.1153,0.1153,0.1153,0.0000,0.0,0
1790716380,0.1154,0.1154,0.1153,0.1153,0.1153,583.24113,2
1790716440,0.1153,0.1153,0.1153,0.1153,0.0000,0.0,0
1790716500,0.1153,0.1153,0.1153,0.1153,0.1153,4588.4175,2
1790716560,0.1153,0.1153,0.1153,0.1153,0.0000,0.0,0
1790716620,0.1153,0.1153,0.1153,0.1153,0.0000,0.0,0
1790716680,0.1153,0.1153,0.1153,0.1153,0.0000,0.0,0
1790716740,0.1153,0.1153,0.1153,0.1153,0.0000,0.0,0
1790716800,0.1153,0.1153,0.1153,0.1153,0.0000,0.0,0
1790716860,0.1148,0.1149,0.1148,0.1149,0.1148,250.0,2
1790716920,0.1149,0.1149,0.1149,0.1149,0.1149,276.12955,1
1790716980,0.1147,0.1147,0.1147,0.1147,0.1147,125.0,1
1790717040,0.1147,0.1147,0.1147,0.1147,0.0000,0.0,0
1790717100,0.1147,0.1147,0.1147,0.1147,0.1147,1036.5825,1
1790717160,0.1147,0.1147,0.1147,0.1147,0.0000,0.0,0
1790717220,0.1147,0.1147,0.1147,0.1147,0.0000,0.0,0
1790717280,0.1146,0.1146,0.1146,0.1146,0.1146,242.91527,1
1790717340,0.1146,0.1146,0.1146,0.1146,0.0000,0.0,0
1790717400,0.1148,0.1148,0.1148,0.1148,0.1148,322.83976,1
1790717460,0.1148,0.1148,0.1148,0.1148,0.0000,0.0,0
1790717520,0.1148,0.1148,0.1148,0.1148,0.0000,0.0,0
1790717580,0.1148,0.1148,0.1148,0.1148,0.0000,0.0,0
1790717640,0.1148,0.1148,0.1148,0.1148,0.0000,0.0,0
1790717700,0.1148,0.1148,0.1148,0.1148,0.0000,0.0,0
1790717760,0.1148,0.1148,0.1148,0.1148,0.0000,0.0,0
1790717820,0.1148,0.1148,0.1148,0.1148,0.0000,0.0,0
1790717880,0.1148,0.1148,0.1148,0.1148,0.0000,0.0,0
1790717940,0.1148,0.1148,0.1148,0.1148,0.0000,0.0,0
1790718000,0.1148,0.1148,0.1148,0.1148,0.0000,0.0,0
1790718060,0.1148,0.1148,0.1148,0.1148,0.0000,0.0,0
1790718120,0.1148,0.1148,0.1148,0.1148,0.0000,0.0,0
1790718180,0.1148,0.1148,0.1148,0.1148,0.0000,0.0,0
1790718240,0.1148,0.1148,0.1148,0.1148,0.0000,0.0,0
1790718300,0.1148,0.1148,0.1148,0.1148,0.0000,0.0,0
1790718360,0.1148,0.1148,0.1148,0.1148,0.0000,0.0,0
1790718420,0.1148,0.1148,0.1148,0.1148,0.0000,0.0,0
1790718480,0.1148,0.1148,0.1148,0.1148,0.0000,0.0,0
1790718540,0.1148,0.1148,0.1148,0.1148,0.0000,0.0,0
1790718600,0.1148,0.1148,0.1148,0.1148,0.0000,0.0,0
1790718660,0.1148,0.1148,0.1148,0.1148,0.0000,0.0,0
1790718720,0.1148,0.1148,0.1148,0.1148,0.0000,0.0,0
1790718780,0.1148,0.1148,0.1148,0.1148,0.0000,0.0,0
1790718840,0.1148,0.1148,0.1148,0.1148,0.0000,0.0,0
1790718900,0.1148,0.1148,0.1148,0.1148,0.0000,0.0,0
1790718960,0.1148,0.1148,0.1148,0.1148,0.0000,0.0,0
1790719020,0.1148,0.1148,0.1148,0.1148,0.0000,0.0,0
1790719080,0.1148,0.1148,0.1148,0.1148,0.0000,0.0,0
1790719140,0.1147,0.1147,0.1147,0.1147,0.1147,125.0,1
1790719200,0.1147,0.1147,0.1147,0.1147,0.0000,0.0,0
1790719260,0.1149,0.1149,0.1149,0.1149,0.1149,1613.50308,2
1790719320,0.1149,0.1149,0.1149,0.1149,0.0000,0.0,0
1790719380,0.1149,0.1149,0.1149,0.1149,0.0000,0.0,0
1790719440,0.1149,0.1149,0.1149,0.1149,0.0000,0.0,0
1790719500,0.1148,0.1148,0.1148,0.1148,0.1148,4439.25334,1
1790719560,0.1148,0.1148,0.1148,0.1148,0.0000,0.0,0
1790719620,0.1148,0.1148,0.1148,0.1148,0.0000,0.0,0
1790719680,0.1148,0.1148,0.1148,0.1148,0.0000,0.0,0
1790719740,0.1146,0.1146,0.1146,0.1146,0.1146,125.0,1
1790719800,0.1146,0.1146,0.1146,0.1146,0.0000,0.0,0
1790719860,0.1146,0.1146,0.1146,0.1146,0.0000,0.0,0
1790719920,0.1147,0.1147,0.1147,0.1147,0.1147,4736.91214,6
1790719980,0.1149,0.115,0.1149,0.115,0.1149,376.60568,4
1790720040,0.1148,0.1148,0.1148,0.1148,0.1148,231.7871,2
1790720100,0.1146,0.1146,0.1146,0.1146,0.1146,125.0,1
1790720160,0.1146,0.1146,0.1146,0.1146,0.0000,0.0,0
1790720220,0.1146,0.1146,0.1146,0.1146,0.0000,0.0,0
1790720280,0.1146,0.1146,0.1146,0.1146,0.0000,0.0,0
1790720340,0.1146,0.1147,0.1146,0.1147,0.1146,231.7871,2
1790720400,0.1147,0.1147,0.1147,0.1147,0.0000,0.0,0
1790720460,0.1144,0.1144,0.1144,0.1144,0.1144,4104.0996,3
1790720520,0.1144,0.1144,0.1144,0.1144,0.0000,0.0,0
1790720580,0.1144,0.1144,0.1144,0.1144,0.0000,0.0,0
1790720640,0.1144,0.1144,0.1144,0.1144,0.0000,0.0,0
1790720700,0.1144,0.1144,0.1144,0.1144,0.0000,0.0,0
1790720760,0.1144,0.1144,0.1144,0.1144,0.0000,0.0,0
1790720820,0.1144,0.1144,0.1144,0.1144,0.0000,0.0,0
1790720880,0.1142,0.1142,0.1142,0.1142,0.1142,338.5742,3
1790720940,0.1142,0.1142,0.1142,0.1142,0.1142,160.83509,2
1790721000,0.1142,0.1142,0.1142,0.1142,0.0000,0.0,0
1790721060,0.1142,0.1142,0.1142,0.1142,0.0000,0.0,0
1790721120,0.1142,0.1142,0.1142,0.1142,0.0000,0.0,0
1790721180,0.1142,0.1142,0.1142,0.1142,0.0000,0.0,0
1790721240,0.1139,0.1139,0.1139,0.1139,0.1139,3810.81098,1
1790721300,0.1139,0.1139,0.1139,0.1139,0.0000,0.0,0
1790721360,0.1139,0.1139,0.1139,0.1139,0.0000,0.0,0
1790721420,0.1139,0.1139,0.1139,0.1139,0.0000,0.0,0
1790721480,0.1139,0.1139,0.1139,0.1139,0.0000,0.0,0
1790721540,0.1139,0.1139,0.1139,0.1139,0.0000,0.0,0
1790721600,0.1142,0.1142,0.1142,0.1142,0.1142,2488.69889,23
1790721660,0.1142,0.1142,0.1142,0.1142,0.0000,0.0,0
1790721720,0.1142,0.1142,0.1142,0.1142,0.0000,0.0,0
1790721780,0.1142,0.1142,0.1142,0.1142,0.0000,0.0,0
1790721840,0.1142,0.1142,0.1142,0.1142,0.0000,0.0,0
1790721900,0.1143,0.1143,0.1143,0.1143,0.1143,4429.6875,3
1790721960,0.1143,0.1143,0.1143,0.1143,0.0000,0.0,0
1790722020,0.1143,0.1143,0.1143,0.1143,0.0000,0.0,0
1790722080,0.1143,0.1143,0.1143,0.1143,0.0000,0.0,0
1790722140,0.1143,0.1143,0.1143,0.1143,0.1143,431.38378,4
1790722200,0.1143,0.1143,0.1143,0.1143,0.0000,0.0,0
1790722260,0.1143,0.1143,0.1143,0.1143,0.0000,0.0,0
1790722320,0.1143,0.1143,0.1143,0.1143,0.0000,0.0,0
1790722380,0.1143,0.1143,0.1143,0.1143,0.0000,0.0,0
1790722440,0.1144,0.1144,0.1144,0.1144,0.1144,2371.82301,3
1790722500,0.1144,0.1144,0.1144,0.1144,0.0000,0.0,0
1790722560,0.1144,0.1144,0.1144,0.1144,0.0000,0.0,0
1790722620,0.1143,0.1143,0.1143,0.1143,0.1143,443.11529,4
1790722680,0.1143,0.1143,0.1143,0.1143,0.0000,0.0,0
1790722740,0.1142,0.1142,0.1142,0.1142,0.1142,166.99835,2
1790722800,0.1142,0.1142,0.1142,0.1142,0.0000,0.0,0
1790722860,0.1142,0.1142,0.1142,0.1142,0.1142,421.05762,4
1790722920,0.1142,0.1142,0.1142,0.1142,0.1142,213.5742,2
1790722980,0.1142,0.1142,0.1142,0.1142,0.0000,0.0,0
1790723040,0.1142,0.1142,0.1142,0.1142,0.0000,0.0,0
1790723100,0.1142,0.1142,0.1142,0.1142,0.0000,0.0,0
1790723160,0.1148,0.1148,0.1148,0.1148,0.1148,106.7871,1
1790723220,0.1148,0.1148,0.1148,0.1148,0.0000,0.0,0
1790723280,0.115,0.115,0.1149,0.1149,0.1149,966.6667,5
1790723340,0.1149,0.1149,0.1149,0.1149,0.0000,0.0,0
1790723400,0.1148,0.1148,0.1148,0.1148,0.1148,4716.06192,2
1790723460,0.1148,0.1148,0.1148,0.1148,0.0000,0.0,0
1790723520,0.1148,0.1148,0.1148,0.1148,0.0000,0.0,0
1790723580,0.1148,0.1148,0.1148,0.1148,0.0000,0.0,0
1790723640,0.1148,0.1148,0.1148,0.1148,0.1148,174.43295,2
1790723700,0.1148,0.1148,0.1148,0.1148,0.0000,0.0,0
1790723760,0.1147,0.1148,0.1147,0.1148,0.1147,4684.13492,11
1790723820,0.1148,0.1148,0.1148,0.1148,0.0000,0.0,0
1790723880,0.1148,0.1148,0.1148,0.1148,0.0000,0.0,0
1790723940,0.1148,0.1148,0.1148,0.1148,0.0000,0.0,0
1790724000,0.1148,0.1148,0.1148,0.1148,0.0000,0.0,0
1790724060,0.1148,0.1148,0.1148,0.1148,0.0000,0.0,0
1790724120,0.1148,0.1148,0.1148,0.1148,0.0000,0.0,0
1790724180,0.1148,0.1148,0.1148,0.1148,0.0000,0.0,0
1790724240,0.1142,0.1142,0.1142,0.1142,0.1142,340.79703,5
1790724300,0.1142,0.1142,0.1142,0.1142,0.0000,0.0,0
1790724360,0.1142,0.1142,0.1142,0.1142,0.0000,0.0,0
1790724420,0.1142,0.1142,0.1142,0.1142,0.1142,259.78283,1
1790724480,0.1141,0.1141,0.1141,0.1141,0.1141,222.01964,2
1790724540,0.1141,0.1141,0.1141,0.1141,0.0000,0.0,0
1790724600,0.1141,0.1141,0.1141,0.1141,0.0000,0.0,0
1790724660,0.1138,0.1138,0.1138,0.1138,0.1138,871.76714,2
1790724720,0.1138,0.1138,0.1138,0.1138,0.0000,0.0,0
1790724780,0.1138,0.1138,0.1138,0.1138,0.0000,0.0,0
1790724840,0.1138,0.1138,0.1138,0.1138,0.0000,0.0,0
1790724900,0.1135,0.1135,0.1135,0.1135,0.1135,207.41087,1
1790724960,0.1134,0.1134,0.1134,0.1134,0.1134,1386.15218,4
1790725020,0.1134,0.1134,0.1134,0.1134,0.0000,0.0,0
1790725080,0.1134,0.1134,0.1134,0.1134,0.0000,0.0,0
1790725140,0.1135,0.1135,0.1134,0.1134,0.1134,1500.0,3
1790725200,0.1134,0.1134,0.1134,0.1134,0.1134,106.7871,1
1790725260,0.1132,0.1132,0.1132,0.1132,0.1132,9455.26929,3
1790725320,0.113,0.113,0.1128,0.1128,0.1128,15079.65283,11
1790725380,0.1128,0.1128,0.1128,0.1128,0.1128,4797.35409,2
1790725440,0.1128,0.1128,0.1128,0.1128,0.1128,125.0,1
1790725500,0.113,0.1131,0.113,0.1131,0.1130,887.18411,3
1790725560,0.1131,0.1131,0.1131,0.1131,0.0000,0.0,0
1790725620,0.1131,0.1131,0.1131,0.1131,0.1131,231.7871,2
1790725680,0.113,0.113,0.113,0.113,0.1130,213.5742,2
1790725740,0.1134,0.1134,0.1134,0.1134,0.1134,231.7871,2
1790725800,0.1134,0.1134,0.1134,0.1134,0.1134,402.72937,4
1790725860,0.1135,0.1135,0.1135,0.1135,0.1135,189.61194,2
1790725920,0.1135,0.1135,0.1135,0.1135,0.0000,0.0,0
1790725980,0.1135,0.1135,0.1135,0.1135,0.0000,0.0,0
1790726040,0.1135,0.1135,0.1135,0.1135,0.0000,0.0,0
1790726100,0.1135,0.1135,0.1135,0.1135,0.0000,0.0,0
1790726160,0.1136,0.1136,0.1136,0.1136,0.1136,106.7871,1
1790726220,0.1136,0.1136,0.1136,0.1136,0.0000,0.0,0
1790726280,0.1136,0.1136,0.1136,0.1136,0.0000,0.0,0
1790726340,0.1135,0.1135,0.1135,0.1135,0.1135,1474.59549,2
1790726400,0.1135,0.1135,0.1135,0.1135,0.0000,0.0,0
1790726460,0.1135,0.1135,0.1135,0.1135,0.0000,0.0,0
1790726520,0.1135,0.1135,0.1135,0.1135,0.0000,0.0,0
1790726580,0.1135,0.1135,0.1135,0.1135,0.0000,0.0,0
1790726640,0.1135,0.1135,0.1135,0.1135,0.0000,0.0,0
1790726700,0.1135,0.1135,0.1135,0.1135,0.0000,0.0,0
1790726760,0.1135,0.1135,0.1135,0.1135,0.0000,0.0,0
1790726820,0.1135,0.1135,0.1135,0.1135,0.0000,0.0,0
1790726880,0.1135,0.1135,0.1135,0.1135,0.0000,0.0,0
1790726940,0.1135,0.1135,0.1135,0.1135,0.0000,0.0,0
1790727000,0.1135,0.1135,0.1135,0.1135,0.0000,0.0,0
1790727060,0.1135,0.1135,0.1135,0.1135,0.0000,0.0,0
1790727120,0.1135,0.1135,0.1135,0.1135,0.0000,0.0,0
1790727180,0.1133,0.1133,0.1133,0.1133,0.1133,4776.44561,2
1790727240,0.1132,0.1132,0.1132,0.1132,0.1132,231.7871,2
1790727300,0.1132,0.1132,0.1132,0.1132,0.0000,0.0,0
1790727360,0.1132,0.1132,0.1132,0.1132,0.0000,0.0,0
1790727420,0.1133,0.1133,0.1133,0.1133,0.1133,1062.63656,1
1790727480,0.1131,0.1131,0.1131,0.1131,0.1131,231.7871,2
1790727540,0.1131,0.1131,0.1131,0.1131,0.0000,0.0,0
1790727600,0.1131,0.1131,0.1131,0.1131,0.0000,0.0,0
1790727660,0.1131,0.1131,0.1131,0.1131,0.0000,0.0,0
1790727720,0.1131,0.1131,0.1131,0.1131,0.0000,0.0,0
1790727780,0.1131,0.1131,0.1131,0.1131,0.0000,0.0,0
1790727840,0.1131,0.1131,0.1131,0.1131,0.0000,0.0,0
1790727900,0.1131,0.1131,0.1131,0.1131,0.0000,0.0,0
1790727960,0.1131,0.1131,0.1131,0.1131,0.0000,0.0,0
1790728020,0.1131,0.1131,0.1131,0.1131,0.1131,1265.625,2
1790728080,0.1131,0.1131,0.1131,0.1131,0.0000,0.0,0
1790728140,0.1131,0.1131,0.1131,0.1131,0.0000,0.0,0
1790728200,0.1131,0.1131,0.1131,0.1131,0.0000,0.0,0
1790728260,0.1131,0.1131,0.1131,0.1131,0.0000,0.0,0
1790728320,0.1131,0.1131,0.1131,0.1131,0.0000,0.0,0
1790728380,0.1131,0.1131,0.1131,0.1131,0.0000,0.0,0
1790728440,0.1131,0.1131,0.1131,0.1131,0.0000,0.0,0
1790728500,0.1131,0.1131,0.1131,0.1131,0.0000,0.0,0
1790728560,0.1131,0.1131,0.1131,0.1131,0.0000,0.0,0
1790728620,0.1131,0.1131,0.1131,0.1131,0.0000,0.0,0
1790728680,0.1131,0.1131,0.1131,0.1131,0.0000,0.0,0
1790728740,0.1137,0.1137,0.1137,0.1137,0.1137,725.08096,3
1790728800,0.1137,0.1137,0.1137,0.1137,0.1137,648.97637,2
1790728860,0.1139,0.1139,0.1139,0.1139,0.1139,3403.36412,2
1790728920,0.1139,0.1139,0.1139,0.1139,0.0000,0.0,0
1790728980,0.1139,0.1139,0.1139,0.1139,0.1139,1149.80088,6
1790729040,0.1139,0.1139,0.1139,0.1139,0.0000,0.0,0
1790729100,0.1136,0.1136,0.1136,0.1136,0.1136,2434.37416,6
1790729160,0.1135,0.1135,0.1135,0.1135,0.1135,1033.9355,9
1790729220,0.1135,0.1135,0.1135,0.1135,0.0000,0.0,0
1790729280,0.1136,0.1136,0.1136,0.1136,0.1136,695.3613,6
1790729340,0.1138,0.1138,0.1138,0.1138,0.1138,231.7871,2
1790729400,0.1138,0.1138,0.1138,0.1138,0.0000,0.0,0
1790729460,0.1137,0.1137,0.1137,0.1137,0.1137,588.5742,5
1790729520,0.1138,0.1138,0.1138,0.1138,0.1138,231.7871,2
1790729580,0.1137,0.1137,0.1137,0.1137,0.1137,231.7871,2
1790729640,0.1137,0.1137,0.1137,0.1137,0.0000,0.0,0
1790729700,0.1139,0.1139,0.1139,0.1139,0.1139,106.7871,1
1790729760,0.1139,0.1139,0.1139,0.1139,0.1139,106.7871,1
1790729820,0.1139,0.1139,0.1139,0.1139,0.0000,0.0,0
1790729880,0.1139,0.1139,0.1139,0.1139,0.0000,0.0,0
1790729940,0.1139,0.1139,0.1139,0.1139,0.0000,0.0,0
1790730000,0.1139,0.1139,0.1139,0.1139,0.0000,0.0,0
1790730060,0.1139,0.1139,0.1139,0.1139,0.0000,0.0,0
1790730120,0.1146,0.1147,0.1146,0.1147,0.1146,10817.25598,2
1790730180,0.1147,0.1147,0.1147,0.1147,0.0000,0.0,0
1790730240,0.1149,0.1149,0.1149,0.1149,0.1149,2311.5288,4
1790730300,0.1148,0.1148,0.1148,0.1148,0.1148,2142.2898,2
1790730360,0.115,0.115,0.115,0.115,0.1150,231.7871,2
1790730420,0.115,0.115,0.115,0.115,0.0000,0.0,0
1790730480,0.115,0.115,0.115,0.115,0.0000,0.0,0
1790730540,0.115,0.1153,0.115,0.1153,0.1151,467.23159,4
1790730600,0.1153,0.1153,0.1153,0.1153,0.0000,0.0,0
1790730660,0.1153,0.1153,0.1153,0.1153,0.0000,0.0,0
1790730720,0.1154,0.1154,0.1154,0.1154,0.1154,4586.20053,1
1790730780,0.1151,0.1151,0.1151,0.1151,0.1151,588.5742,5
1790730840,0.1151,0.1151,0.1151,0.1151,0.0000,0.0,0
1790730900,0.1151,0.1151,0.1151,0.1151,0.0000,0.0,0
1790730960,0.1151,0.1151,0.1151,0.1151,0.1151,125.0,1
1790731020,0.1151,0.1151,0.1151,0.1151,0.1151,106.7871,1
1790731080,0.1151,0.1151,0.1151,0.1151,0.0000,0.0,0
1790731140,0.1151,0.1151,0.1151,0.1151,0.0000,0.0,0
1790731200,0.1151,0.1151,0.1151,0.1151,0.0000,0.0,0
1790731260,0.1151,0.1151,0.1151,0.1151,0.0000,0.0,0
1790731320,0.115,0.115,0.115,0.115,0.1150,106.7871,1
1790731380,0.115,0.115,0.115,0.115,0.0000,0.0,0
1790731440,0.1153,0.1153,0.1153,0.1153,0.1153,106.7871,1
1790731500,0.1157,0.1158,0.1157,0.1158,0.1157,463.5742,4
1790731560,0.1157,0.1157,0.1157,0.1157,0.1157,435.84662,4
1790731620,0.1157,0.1157,0.1157,0.1157,0.0000,0.0,0
1790731680,0.1157,0.1157,0.1157,0.1157,0.0000,0.0,0
1790731740,0.1157,0.1157,0.1157,0.1157,0.0000,0.0,0
1790731800,0.1157,0.1157,0.1157,0.1157,0.0000,0.0,0
1790731860,0.1157,0.1157,0.1157,0.1157,0.0000,0.0,0
1790731920,0.1157,0.1157,0.1157,0.1157,0.0000,0.0,0
1790731980,0.1157,0.1157,0.1157,0.1157,0.0000,0.0,0
1790732040,0.1152,0.1152,0.1152,0.1152,0.1152,106.7871,1
1790732100,0.1152,0.1152,0.1152,0.1152,0.0000,0.0,0
1790732160,0.1151,0.1151,0.1151,0.1151,0.1151,106.7871,1
1790732220,0.1151,0.1151,0.1151,0.1151,0.0000,0.0,0
1790732280,0.1151,0.1151,0.1151,0.1151,0.0000,0.0,0
1790732340,0.1151,0.1151,0.1151,0.1151,0.0000,0.0,0
1790732400,0.1151,0.1151,0.1151,0.1151,0.0000,0.0,0
1790732460,0.1151,0.1151,0.1151,0.1151,0.0000,0.0,0
1790732520,0.1151,0.1151,0.1151,0.1151,0.0000,0.0,0
1790732580,0.1151,0.1151,0.1151,0.1151,0.0000,0.0,0
1790732640,0.1151,0.1151,0.1151,0.1151,0.0000,0.0,0
1790732700,0.1151,0.1151,0.1151,0.1151,0.0000,0.0,0
1790732760,0.1151,0.1151,0.1151,0.1151,0.0000,0.0,0
1790732820,0.1158,0.1158,0.1158,0.1158,0.1158,463.5742,4
1790732880,0.1158,0.1158,0.1158,0.1158,0.0000,0.0,0
1790732940,0.1158,0.1158,0.1158,0.1158,0.0000,0.0,0
1790733000,0.1158,0.1158,0.1158,0.1158,0.0000,0.0,0
1790733060,0.1159,0.1159,0.1159,0.1159,0.1159,411.66386,4
1790733120,0.1159,0.1159,0.1159,0.1159,0.0000,0.0,0
1790733180,0.1159,0.1159,0.1159,0.1159,0.0000,0.0,0
1790733240,0.1154,0.1154,0.1154,0.1154,0.1154,231.7871,2
1790733300,0.1153,0.1153,0.1152,0.1152,0.1152,404.87893,3
1790733360,0.1153,0.1153,0.1153,0.1153,0.1153,463.5742,4
1790733420,0.1153,0.1153,0.1153,0.1153,0.0000,0.0,0
1790733480,0.1153,0.1153,0.1153,0.1153,0.0000,0.0,0
1790733540,0.1153,0.1153,0.1153,0.1153,0.0000,0.0,0
1790733600,0.1153,0.1153,0.1153,0.1153,0.1153,231.7871,2
1790733660,0.1153,0.1153,0.1153,0.1153,0.0000,0.0,0
1790733720,0.1153,0.1153,0.1153,0.1153,0.0000,0.0,0
1790733780,0.1153,0.1153,0.1153,0.1153,0.0000,0.0,0
1790733840,0.1153,0.1153,0.1153,0.1153,0.0000,0.0,0
1790733900,0.1153,0.1153,0.1153,0.1153,0.0000,0.0,0
1790733960,0.1153,0.1153,0.1153,0.1153,0.0000,0.0,0
1790734020,0.1153,0.1153,0.1153,0.1153,0.0000,0.0,0
1790734080,0.1153,0.1153,0.1153,0.1153,0.0000,0.0,0
1790734140,0.1153,0.1153,0.1153,0.1153,0.1153,231.7871,2
1790734200,0.1153,0.1153,0.1153,0.1153,0.0000,0.0,0
1790734260,0.1153,0.1153,0.1153,0.1153,0.0000,0.0,0
1790734320,0.1153,0.1153,0.1153,0.1153,0.0000,0.0,0
1790734380,0.115,0.115,0.115,0.115,0.1150,4602.35702,1
1790734440,0.1151,0.1151,0.1151,0.1151,0.1151,106.7871,1
1790734500,0.1151,0.1151,0.1151,0.1151,0.1151,106.7871,1
1790734560,0.1151,0.1151,0.1151,0.1151,0.0000,0.0,0
1790734620,0.115,0.115,0.115,0.115,0.1150,231.7871,2
1790734680,0.115,0.115,0.115,0.115,0.1150,125.0,1
1790734740,0.115,0.115,0.115,0.115,0.0000,0.0,0
1790734800,0.115,0.115,0.115,0.115,0.0000,0.0,0
1790734860,0.1149,0.1149,0.1149,0.1149,0.1149,227.38935,2
1790734920,0.1153,0.1153,0.1153,0.1153,0.1153,106.7871,1
1790734980,0.1153,0.1153,0.1153,0.1153,0.0000,0.0,0
1790735040,0.115,0.115,0.115,0.115,0.1150,125.0,1
1790735100,0.1148,0.1148,0.1148,0.1148,0.1148,4609.55919,1
1790735160,0.1148,0.1148,0.1148,0.1148,0.0000,0.0,0
1790735220,0.1148,0.1148,0.1148,0.1148,0.0000,0.0,0
1790735280,0.1145,0.1145,0.1145,0.1145,0.1145,106.7871,1
1790735340,0.1145,0.1145,0.1145,0.1145,0.0000,0.0,0
1790735400,0.1145,0.1145,0.1145,0.1145,0.1145,106.7871,1
1790735460,0.1145,0.1145,0.1145,0.1145,0.0000,0.0,0
1790735520,0.1145,0.1145,0.1145,0.1145,0.0000,0.0,0
1790735580,0.1145,0.1145,0.1145,0.1145,0.0000,0.0,0
1790735640,0.1145,0.1145,0.1145,0.1145,0.0000,0.0,0
1790735700,0.1145,0.1145,0.1145,0.1145,0.0000,0.0,0
1790735760,0.1147,0.1147,0.1147,0.1147,0.1147,106.7871,1
1790735820,0.1147,0.1147,0.1147,0.1147,0.0000,0.0,0
1790735880,0.1147,0.1147,0.1147,0.1147,0.0000,0.0,0
1790735940,0.1147,0.1148,0.1147,0.1148,0.1147,570.3613,5
1790736000,0.1148,0.1148,0.1148,0.1148,0.0000,0.0,0
1790736060,0.1148,0.1148,0.1148,0.1148,0.0000,0.0,0
1790736120,0.1148,0.1148,0.1148,0.1148,0.0000,0.0,0
1790736180,0.1148,0.1148,0.1148,0.1148,0.0000,0.0,0
1790736240,0.1148,0.1148,0.1148,0.1148,0.0000,0.0,0
1790736300,0.1148,0.1148,0.1148,0.1148,0.0000,0.0,0
1790736360,0.1153,0.1153,0.1152,0.1152,0.1152,320.3613,3
1790736420,0.1152,0.1152,0.1152,0.1152,0.0000,0.0,0
1790736480,0.1152,0.1152,0.1152,0.1152,0.0000,0.0,0
1790736540,0.1152,0.1152,0.1152,0.1152,0.0000,0.0,0
1790736600,0.1152,0.1152,0.1152,0.1152,0.0000,0.0,0
1790736660,0.1152,0.1152,0.1152,0.1152,0.0000,0.0,0
1790736720,0.1153,0.1155,0.1153,0.1155,0.1153,1543.175,7
1790736780,0.1155,0.1155,0.1155,0.1155,0.0000,0.0,0
1790736840,0.1155,0.1155,0.1155,0.1155,0.0000,0.0,0
1790736900,0.1155,0.1155,0.1155,0.1155,0.0000,0.0,0
1790736960,0.1155,0.1155,0.1155,0.1155,0.0000,0.0,0
1790737020,0.1155,0.1155,0.1155,0.1155,0.0000,0.0,0
1790737080,0.1155,0.1155,0.1155,0.1155,0.0000,0.0,0
1790737140,0.1155,0.1155,0.1155,0.1155,0.0000,0.0,0
1790737200,0.1153,0.1153,0.1153,0.1153,0.1153,106.7871,1
1790737260,0.1151,0.1151,0.1148,0.1148,0.1150,2783.0124,7
1790737320,0.1149,0.1149,0.1149,0.1149,0.1149,890.7226,8
1790737380,0.1149,0.1149,0.1149,0.1149,0.0000,0.0,0
1790737440,0.1149,0.1149,0.1149,0.1149,0.0000,0.0,0
1790737500,0.1149,0.1149,0.1149,0.1149,0.0000,0.0,0
1790737560,0.1149,0.1149,0.1149,0.1149,0.0000,0.0,0
1790737620,0.1147,0.1147,0.1147,0.1147,0.1147,142.3828,1
1790737680,0.1147,0.1147,0.1147,0.1147,0.1147,142.3828,1
1790737740,0.1148,0.1148,0.1148,0.1148,0.1148,458.70317,4
1790737800,0.1146,0.1146,0.1146,0.1146,0.1146,142.3828,1
1790737860,0.1146,0.1146,0.1146,0.1146,0.0000,0.0,0
1790737920,0.1148,0.1148,0.1148,0.1148,0.1148,220.30141,2
1790737980,0.1148,0.1148,0.1148,0.1148,0.0000,0.0,0
1790738040,0.1148,0.1148,0.1148,0.1148,0.0000,0.0,0
1790738100,0.1148,0.1148,0.1148,0.1148,0.0000,0.0,0
1790738160,0.1148,0.1148,0.1148,0.1148,0.0000,0.0,0
1790738220,0.1143,0.1143,0.1143,0.1143,0.1143,142.3828,1
1790738280,0.1143,0.1143,0.1143,0.1143,0.0000,0.0,0
1790738340,0.1143,0.1143,0.1143,0.1143,0.0000,0.0,0
1790738400,0.1143,0.1143,0.1143,0.1143,0.0000,0.0,0
1790738460,0.1144,0.1144,0.1144,0.1144,0.1144,142.3828,1
1790738520,0.1144,0.1144,0.1144,0.1144,0.0000,0.0,0
1790738580,0.1147,0.1147,0.1147,0.1147,0.1147,142.3828,1
1790738640,0.1147,0.1147,0.1147,0.1147,0.0000,0.0,0
1790738700,0.1147,0.1147,0.1147,0.1147,0.0000,0.0,0
1790738760,0.1147,0.1147,0.1147,0.1147,0.0000,0.0,0
1790738820,0.1147,0.1147,0.1147,0.1147,0.0000,0.0,0
1790738880,0.1147,0.1147,0.1147,0.1147,0.0000,0.0,0
1790738940,0.1147,0.1147,0.1147,0.1147,0.0000,0.0,0
1790739000,0.1147,0.1147,0.1147,0.1147,0.0000,0.0,0
1790739060,0.1147,0.1147,0.1147,0.1147,0.0000,0.0,0
1790739120,0.1141,0.1141,0.1141,0.1141,0.1141,142.3828,1
1790739180,0.1143,0.1143,0.1143,0.1143,0.1143,500.99456,4
1790739240,0.1143,0.1143,0.1143,0.1143,0.0000,0.0,0
1790739300,0.1144,0.1144,0.1144,0.1144,0.1144,409.7656,3
1790739360,0.1144,0.1144,0.1144,0.1144,0.0000,0.0,0
1790739420,0.1144,0.1144,0.1144,0.1144,0.1144,257.18425,2
1790739480,0.1144,0.1144,0.1144,0.1144,0.0000,0.0,0
1790739540,0.1144,0.1144,0.1144,0.1144,0.0000,0.0,0
1790739600,0.1144,0.1144,0.1144,0.1144,0.0000,0.0,0
1790739660,0.1146,0.1146,0.1146,0.1146,0.1146,142.3828,1
1790739720,0.1146,0.1146,0.1146,0.1146,0.0000,0.0,0
1790739780,0.1146,0.1146,0.1146,0.1146,0.0000,0.0,0
1790739840,0.1146,0.1146,0.1146,0.1146,0.0000,0.0,0
1790739900,0.1146,0.1146,0.1146,0.1146,0.0000,0.0,0
1790739960,0.1146,0.1146,0.1146,0.1146,0.0000,0.0,0
1790740020,0.1146,0.1146,0.1146,0.1146,0.0000,0.0,0
1790740080,0.1146,0.1146,0.1146,0.1146,0.0000,0.0,0
1790740140,0.1146,0.1146,0.1146,0.1146,0.0000,0.0,0
1790740200,0.1146,0.1146,0.1146,0.1146,0.0000,0.0,0
1790740260,0.1146,0.1146,0.1146,0.1146,0.0000,0.0,0
1790740320,0.1139,0.1139,0.1139,0.1139,0.1139,267.3828,2
1790740380,0.1139,0.1139,0.1139,0.1139,0.0000,0.0,0
1790740440,0.1139,0.1139,0.1139,0.1139,0.0000,0.0,0
1790740500,0.1139,0.1139,0.1139,0.1139,0.0000,0.0,0
1790740560,0.1139,0.1139,0.1139,0.1139,0.0000,0.0,0
1790740620,0.1139,0.1139,0.1139,0.1139,0.0000,0.0,0
1790740680,0.114,0.114,0.114,0.114,0.1140,239.53607,2
1790740740,0.114,0.114,0.114,0.114,0.0000,0.0,0
1790740800,0.114,0.114,0.114,0.114,0.0000,0.0,0
1790740860,0.114,0.114,0.114,0.114,0.0000,0.0,0
1790740920,0.114,0.114,0.114,0.114,0.0000,0.0,0
1790740980,0.1145,0.1145,0.1145,0.1145,0.1145,142.3828,1
1790741040,0.1146,0.1146,0.1146,0.1146,0.1146,5029.54791,4
1790741100,0.1146,0.1147,0.1146,0.1147,0.1146,4039.4916,6
1790741160,0.1147,0.1147,0.1147,0.1147,0.0000,0.0,0
1790741220,0.1146,0.1146,0.1146,0.1146,0.1146,267.3828,2
1790741280,0.1146,0.1146,0.1146,0.1146,0.0000,0.0,0
1790741340,0.1146,0.1146,0.1146,0.1146,0.0000,0.0,0
1790741400,0.1146,0.1146,0.1146,0.1146,0.0000,0.0,0
1790741460,0.1146,0.1146,0.1146,0.1146,0.0000,0.0,0
1790741520,0.1146,0.1146,0.1146,0.1146,0.0000,0.0,0
1790741580,0.1146,0.1146,0.1146,0.1146,0.0000,0.0,0
1790741640,0.1146,0.1146,0.1146,0.1146,0.0000,0.0,0
1790741700,0.1146,0.1146,0.1146,0.1146,0.0000,0.0,0
1790741760,0.1148,0.1148,0.1148,0.1148,0.1148,125.0,1
1790741820,0.1148,0.1148,0.1148,0.1148,0.0000,0.0,0
1790741880,0.1148,0.1148,0.1148,0.1148,0.0000,0.0,0
1790741940,0.1149,0.1149,0.1148,0.1148,0.1148,4748.56016,5
1790742000,0.1148,0.1148,0.1148,0.1148,0.0000,0.0,0
1790742060,0.1148,0.1148,0.1148,0.1148,0.0000,0.0,0
1790742120,0.1148,0.1148,0.1148,0.1148,0.0000,0.0,0
1790742180,0.1148,0.1148,0.1148,0.1148,0.0000,0.0,0
1790742240,0.1148,0.1148,0.1148,0.1148,0.0000,0.0,0
1790742300,0.1149,0.1152,0.1149,0.1152,0.1150,10500.41299,12
1790742360,0.1152,0.1152,0.1152,0.1152,0.0000,0.0,0
1790742420,0.1152,0.1152,0.1152,0.1152,0.0000,0.0,0
1790742480,0.1152,0.1152,0.1152,0.1152,0.0000,0.0,0
1790742540,0.1152,0.1152,0.1152,0.1152,0.0000,0.0,0
1790742600,0.1152,0.1152,0.1152,0.1152,0.0000,0.0,0
1790742660,0.1152,0.1152,0.1152,0.1152,0.0000,0.0,0
1790742720,0.1152,0.1152,0.1152,0.1152,0.0000,0.0,0
1790742780,0.1152,0.1152,0.1152,0.1152,0.0000,0.0,0
1790742840,0.1152,0.1152,0.1152,0.1152,0.0000,0.0,0
1790742900,0.1148,0.1148,0.1148,0.1148,0.1148,4737.46823,6
1790742960,0.1149,0.1149,0.1149,0.1149,0.1149,1012.70481,2
1790743020,0.1149,0.1149,0.1149,0.1149,0.0000,0.0,0
1790743080,0.1149,0.1149,0.1149,0.1149,0.0000,0.0,0
1790743140,0.1149,0.1149,0.1149,0.1149,0.1149,142.3828,1
1790743200,0.1149,0.1149,0.1149,0.1149,0.0000,0.0,0
1790743260,0.1149,0.1149,0.1149,0.1149,0.0000,0.0,0
1790743320,0.1149,0.1149,0.1149,0.1149,0.0000,0.0,0
1790743380,0.1149,0.1149,0.1149,0.1149,0.0000,0.0,0
1790743440,0.1152,0.1152,0.1152,0.1152,0.1152,4594.2926,1
1790743500,0.1152,0.1152,0.1152,0.1152,0.0000,0.0,0
1790743560,0.1152,0.1152,0.1152,0.1152,0.0000,0.0,0
1790743620,0.1152,0.1152,0.1152,0.1152,0.0000,0.0,0
1790743680,0.1153,0.1153,0.1153,0.1153,0.1153,142.3828,1
1790743740,0.1153,0.1153,0.1153,0.1153,0.0000,0.0,0
1790743800,0.1153,0.1153,0.1153,0.1153,0.0000,0.0,0
1790743860,0.1153,0.1153,0.1153,0.1153,0.0000,0.0,0
1790743920,0.1153,0.1153,0.1153,0.1153,0.0000,0.0,0
1790743980,0.1153,0.1153,0.1153,0.1153,0.0000,0.0,0
1790744040,0.1153,0.1153,0.1153,0.1153,0.0000,0.0,0
1790744100,0.1153,0.1153,0.1153,0.1153,0.0000,0.0,0
1790744160,0.1153,0.1153,0.1153,0.1153,0.0000,0.0,0
1790744220,0.1148,0.1148,0.1148,0.1148,0.1148,4877.46219,3
1790744280,0.1148,0.1148,0.1148,0.1148,0.0000,0.0,0
1790744340,0.1146,0.1146,0.1146,0.1146,0.1146,284.7656,2
1790744400,0.1147,0.1151,0.1147,0.1151,0.1147,6314.73899,4
1790744460,0.1152,0.1152,0.1152,0.1152,0.1152,284.7656,2
1790744520,0.1152,0.1152,0.1152,0.1152,0.0000,0.0,0
1790744580,0.1148,0.1148,0.1148,0.1148,0.1148,125.0,1
1790744640,0.1148,0.1148,0.1148,0.1148,0.1148,267.3828,2
1790744700,0.1148,0.1148,0.1148,0.1148,0.0000,0.0,0
1790744760,0.1148,0.1148,0.1148,0.1148,0.0000,0.0,0
1790744820,0.1148,0.1148,0.1148,0.1148,0.0000,0.0,0
1790744880,0.1148,0.1148,0.1148,0.1148,0.0000,0.0,0
1790744940,0.1148,0.1148,0.1148,0.1148,0.0000,0.0,0
1790745000,0.1148,0.1148,0.1148,0.1148,0.0000,0.0,0
1790745060,0.1148,0.1148,0.1148,0.1148,0.0000,0.0,0
1790745120,0.1147,0.1147,0.1147,0.1147,0.1147,267.3828,2
1790745180,0.1146,0.1146,0.1146,0.1146,0.1146,175.98093,2
1790745240,0.1146,0.1146,0.1146,0.1146,0.0000,0.0,0
1790745300,0.1146,0.1146,0.1146,0.1146,0.0000,0.0,0
1790745360,0.1146,0.1146,0.1146,0.1146,0.0000,0.0,0
1790745420,0.1146,0.1147,0.1146,0.1147,0.1146,638.90839,5
1790745480,0.1147,0.1147,0.1147,0.1147,0.0000,0.0,0
1790745540,0.1147,0.1147,0.1147,0.1147,0.0000,0.0,0
1790745600,0.1147,0.1147,0.1147,0.1147,0.0000,0.0,0
1790745660,0.1147,0.1147,0.1147,0.1147,0.0000,0.0,0
1790745720,0.1147,0.1147,0.1147,0.1147,0.0000,0.0,0
1790745780,0.1147,0.1147,0.1147,0.1147,0.0000,0.0,0
1790745840,0.1147,0.1147,0.1147,0.1147,0.0000,0.0,0
1790745900,0.1149,0.1149,0.1149,0.1149,0.1149,4732.03342,2
1790745960,0.1149,0.1149,0.1149,0.1149,0.0000,0.0,0
1790746020,0.1149,0.1149,0.1149,0.1149,0.0000,0.0,0
1790746080,0.1149,0.1149,0.1149,0.1149,0.0000,0.0,0
1790746140,0.1149,0.1149,0.1149,0.1149,0.1149,142.3828,1
1790746200,0.115,0.1151,0.115,0.1151,0.1150,1093.75,3
1790746260,0.1151,0.1151,0.1151,0.1151,0.0000,0.0,0
1790746320,0.1153,0.1154,0.1153,0.1154,0.1153,6273.70085,8
1790746380,0.1154,0.1154,0.1154,0.1154,0.0000,0.0,0
1790746440,0.1151,0.1151,0.115,0.1151,0.1150,1090.66631,3
1790746500,0.1151,0.1152,0.1151,0.1152,0.1151,4865.27149,5
1790746560,0.1152,0.1152,0.1152,0.1152,0.0000,0.0,0
1790746620,0.1152,0.1152,0.1152,0.1152,0.0000,0.0,0
1790746680,0.1152,0.1152,0.1152,0.1152,0.0000,0.0,0
1790746740,0.1152,0.1152,0.1152,0.1152,0.0000,0.0,0
1790746800,0.1152,0.1152,0.1152,0.1152,0.0000,0.0,0
1790746860,0.1152,0.1152,0.1152,0.1152,0.0000,0.0,0
1790746920,0.1152,0.1152,0.1152,0.1152,0.0000,0.0,0
1790746980,0.1152,0.1152,0.1152,0.1152,0.0000,0.0,0
1790747040,0.1152,0.1152,0.1152,0.1152,0.0000,0.0,0
1790747100,0.1152,0.1152,0.1152,0.1152,0.0000,0.0,0
1790747160,0.1152,0.1152,0.1152,0.1152,0.0000,0.0,0
1790747220,0.1152,0.1152,0.1152,0.1152,0.0000,0.0,0
1790747280,0.1152,0.1152,0.1152,0.1152,0.0000,0.0,0
1790747340,0.1152,0.1152,0.1152,0.1152,0.0000,0.0,0
1790747400,0.1152,0.1152,0.1152,0.1152,0.0000,0.0,0
1790747460,0.1148,0.1148,0.1148,0.1148,0.1148,2581.50278,3
1790747520,0.1147,0.1147,0.1147,0.1147,0.1147,3122.8186,2
1790747580,0.1147,0.1147,0.1147,0.1147,0.1147,4613.23257,1
1790747640,0.1147,0.1147,0.1147,0.1147,0.0000,0.0,0
1790747700,0.1147,0.1147,0.1147,0.1147,0.1147,142.3828,1
1790747760,0.1147,0.1147,0.1147,0.1147,0.0000,0.0,0
1790747820,0.1147,0.1147,0.1147,0.1147,0.0000,0.0,0
1790747880,0.1147,0.1147,0.1147,0.1147,0.1147,4611.3016,5
1790747940,0.1147,0.1147,0.1147,0.1147,0.0000,0.0,0
1790748000,0.1147,0.1147,0.1147,0.1147,0.0000,0.0,0
1790748060,0.1147,0.1147,0.1147,0.1147,0.0000,0.0,0
1790748120,0.1147,0.1147,0.1147,0.1147,0.0000,0.0,0
1790748180,0.1148,0.1148,0.1148,0.1148,0.1148,142.3828,1
1790748240,0.1148,0.1148,0.1148,0.1148,0.0000,0.0,0
1790748300,0.1148,0.1148,0.1148,0.1148,0.0000,0.0,0
1790748360,0.115,0.115,0.115,0.115,0.1150,142.3828,1
1790748420,0.115,0.115,0.115,0.115,0.0000,0.0,0
1790748480,0.1148,0.1148,0.1148,0.1148,0.1148,635.20363,6
1790748540,0.1148,0.1148,0.1148,0.1148,0.0000,0.0,0
1790748600,0.1148,0.1148,0.1148,0.1148,0.0000,0.0,0
1790748660,0.1148,0.1148,0.1148,0.1148,0.0000,0.0,0
1790748720,0.1144,0.1144,0.1144,0.1144,0.1144,142.3828,1
1790748780,0.1144,0.1144,0.1144,0.1144,0.0000,0.0,0
1790748840,0.1144,0.1144,0.1144,0.1144,0.0000,0.0,0
1790748900,0.1144,0.1144,0.1144,0.1144,0.1144,125.0,1
1790748960,0.1144,0.1144,0.1144,0.1144,0.0000,0.0,0
1790749020,0.1146,0.1146,0.1146,0.1146,0.1146,238.46671,2
1790749080,0.1144,0.1144,0.1144,0.1144,0.1144,4763.37184,2
1790749140,0.1144,0.1144,0.1144,0.1144,0.0000,0.0,0
1790749200,0.1144,0.1144,0.1144,0.1144,0.0000,0.0,0
1790749260,0.1144,0.1144,0.1144,0.1144,0.0000,0.0,0
1790749320,0.1144,0.1144,0.1144,0.1144,0.0000,0.0,0
1790749380,0.1144,0.1144,0.1144,0.1144,0.1144,289.3828,2
1790749440,0.1144,0.1144,0.1144,0.1144,0.0000,0.0,0
1790749500,0.1144,0.1144,0.1144,0.1144,0.0000,0.0,0
1790749560,0.1139,0.1139,0.1139,0.1139,0.1139,142.3828,1
1790749620,0.1139,0.1139,0.1139,0.1139,0.0000,0.0,0
1790749680,0.1139,0.1139,0.1139,0.1139,0.0000,0.0,0
1790749740,0.1139,0.1139,0.1139,0.1139,0.0000,0.0,0
1790749800,0.1139,0.1139,0.1139,0.1139,0.0000,0.0,0
1790749860,0.114,0.114,0.114,0.114,0.1140,142.3828,1
1790749920,0.1141,0.1141,0.1141,0.1141,0.1141,142.3828,1
1790749980,0.114,0.114,0.114,0.114,0.1140,456.82823,4
1790750040,0.114,0.114,0.114,0.114,0.0000,0.0,0
1790750100,0.114,0.114,0.114,0.114,0.0000,0.0,0
1790750160,0.1138,0.1138,0.1138,0.1138,0.1138,3539.0299,2
1790750220,0.1138,0.1138,0.1138,0.1138,0.0000,0.0,0
1790750280,0.1138,0.1139,0.1138,0.1139,0.1138,4789.06893,3
1790750340,0.1139,0.1139,0.1139,0.1139,0.0000,0.0,0
1790750400,0.1138,0.1138,0.1138,0.1138,0.1138,142.3828,1
1790750460,0.1138,0.1138,0.1138,0.1138,0.0000,0.0,0
1790750520,0.1138,0.1138,0.1138,0.1138,0.0000,0.0,0
1790750580,0.1139,0.1139,0.1139,0.1139,0.1139,142.3828,1
1790750640,0.1139,0.1139,0.1139,0.1139,0.0000,0.0,0
1790750700,0.1139,0.1139,0.1139,0.1139,0.0000,0.0,0
1790750760,0.1139,0.1139,0.1139,0.1139,0.0000,0.0,0
1790750820,0.1139,0.1139,0.1139,0.1139,0.0000,0.0,0
1790750880,0.1134,0.1134,0.1134,0.1134,0.1134,4804.98664,2
1790750940,0.1134,0.1134,0.1134,0.1134,0.1134,142.3828,1
1790751000,0.1134,0.1134,0.1134,0.1134,0.0000,0.0,0
1790751060,0.1134,0.1134,0.1134,0.1134,0.0000,0.0,0
1790751120,0.1135,0.1135,0.1135,0.1135,0.1135,954.7348,3
1790751180,0.1135,0.1135,0.1135,0.1135,0.0000,0.0,0
1790751240,0.1135,0.1135,0.1135,0.1135,0.0000,0.0,0
1790751300,0.1135,0.1135,0.1135,0.1135,0.0000,0.0,0
1790751360,0.1135,0.1135,0.1135,0.1135,0.0000,0.0,0
1790751420,0.1135,0.1135,0.1135,0.1135,0.0000,0.0,0
1790751480,0.1137,0.1137,0.1137,0.1137,0.1137,142.3828,1
1790751540,0.1137,0.1137,0.1137,0.1137,0.0000,0.0,0
1790751600,0.1137,0.1137,0.1137,0.1137,0.0000,0.0,0
1790751660,0.1133,0.1133,0.1133,0.1133,0.1133,226.61216,2
1790751720,0.1133,0.1133,0.1133,0.1133,0.0000,0.0,0
1790751780,0.1133,0.1133,0.1133,0.1133,0.0000,0.0,0
1790751840,0.1133,0.1133,0.1133,0.1133,0.0000,0.0,0
1790751900,0.1135,0.1135,0.1135,0.1135,0.1135,4652.9587,4
1790751960,0.1135,0.1135,0.1135,0.1135,0.0000,0.0,0
1790752020,0.1135,0.1135,0.1135,0.1135,0.0000,0.0,0
1790752080,0.1135,0.1135,0.1135,0.1135,0.0000,0.0,0
1790752140,0.1135,0.1135,0.1135,0.1135,0.0000,0.0,0
1790752200,0.1135,0.1135,0.1135,0.1135,0.0000,0.0,0
1790752260,0.1135,0.1135,0.1135,0.1135,0.0000,0.0,0
1790752320,0.1135,0.1135,0.1135,0.1135,0.0000,0.0,0
1790752380,0.1131,0.1131,0.1131,0.1131,0.1131,4673.13728,1
1790752440,0.1131,0.1131,0.1131,0.1131,0.0000,0.0,0
1790752500,0.1131,0.1131,0.1131,0.1131,0.0000,0.0,0
1790752560,0.1131,0.1131,0.1131,0.1131,0.0000,0.0,0
1790752620,0.1131,0.1131,0.1131,0.1131,0.0000,0.0,0
1790752680,0.1136,0.1136,0.1136,0.1136,0.1136,125.0,1
1790752740,0.114,0.114,0.114,0.114,0.1140,284.7656,2
1790752800,0.114,0.114,0.114,0.114,0.1140,4632.08498,1
1790752860,0.1139,0.1139,0.1139,0.1139,0.1139,142.3828,1
1790752920,0.1139,0.1139,0.1139,0.1139,0.0000,0.0,0
1790752980,0.1139,0.1139,0.1139,0.1139,0.1139,142.3828,1
1790753040,0.1141,0.1141,0.1141,0.1141,0.1141,125.0,1
1790753100,0.1141,0.1141,0.1141,0.1141,0.1141,142.3828,1
1790753160,0.1141,0.1141,0.1141,0.1141,0.0000,0.0,0
1790753220,0.1141,0.1141,0.1141,0.1141,0.1141,765.2089,1
1790753280,0.1141,0.1141,0.1141,0.1141,0.0000,0.0,0
1790753340,0.1137,0.1137,0.1137,0.1137,0.1137,362.01678,4
1790753400,0.1137,0.1138,0.1137,0.1138,0.1137,5099.29623,5
1790753460,0.1138,0.1138,0.1138,0.1138,0.0000,0.0,0
1790753520,0.1138,0.1138,0.1138,0.1138,0.0000,0.0,0
1790753580,0.1139,0.1139,0.1139,0.1139,0.1139,125.0,1
1790753640,0.1139,0.1139,0.1139,0.1139,0.0000,0.0,0
1790753700,0.1139,0.1139,0.1139,0.1139,0.0000,0.0,0
1790753760,0.1139,0.1139,0.1139,0.1139,0.0000,0.0,0
1790753820,0.1145,0.1145,0.1145,0.1145,0.1145,142.3828,1
1790753880,0.1145,0.1145,0.1145,0.1145,0.0000,0.0,0
1790753940,0.1145,0.1145,0.1145,0.1145,0.0000,0.0,0
1790754000,0.1145,0.1145,0.1145,0.1145,0.0000,0.0,0
1790754060,0.1145,0.1145,0.1145,0.1145,0.0000,0.0,0
1790754120,0.1142,0.1142,0.1142,0.1142,0.1142,267.3828,2
1790754180,0.1142,0.1142,0.1142,0.1142,0.0000,0.0,0
1790754240,0.1143,0.1143,0.1143,0.1143,0.1143,267.3828,2
1790754300,0.1143,0.1143,0.1143,0.1143,0.0000,0.0,0
1790754360,0.1143,0.1143,0.1143,0.1143,0.0000,0.0,0
1790754420,0.1143,0.1143,0.1142,0.1142,0.1142,6126.60844,5
1790754480,0.1142,0.1142,0.1142,0.1142,0.0000,0.0,0
1790754540,0.1142,0.1142,0.1142,0.1142,0.0000,0.0,0
1790754600,0.1142,0.1142,0.1142,0.1142,0.0000,0.0,0
1790754660,0.1147,0.1147,0.1147,0.1147,0.1147,2142.2898,2
1790754720,0.1147,0.1147,0.1147,0.1147,0.0000,0.0,0
1790754780,0.1147,0.1147,0.1147,0.1147,0.0000,0.0,0
1790754840,0.1147,0.1147,0.1147,0.1147,0.0000,0.0,0
1790754900,0.1147,0.1147,0.1147,0.1147,0.0000,0.0,0
1790754960,0.1148,0.1148,0.1147,0.1147,0.1147,5021.08665,4
1790755020,0.1148,0.1148,0.1148,0.1148,0.1148,1501.76272,3
1790755080,0.1148,0.1148,0.1148,0.1148,0.0000,0.0,0
1790755140,0.1148,0.1148,0.1148,0.1148,0.0000,0.0,0
1790755200,0.1151,0.1152,0.1151,0.1152,0.1151,2448.16969,4
1790755260,0.1152,0.1152,0.1151,0.1151,0.1151,986.1328,2
1790755320,0.1148,0.1148,0.1148,0.1148,0.1148,4744.44628,2
1790755380,0.1148,0.1148,0.1148,0.1148,0.0000,0.0,0
1790755440,0.1148,0.1148,0.1148,0.1148,0.0000,0.0,0
1790755500,0.1148,0.1148,0.1148,0.1148,0.0000,0.0,0
1790755560,0.1148,0.1148,0.1148,0.1148,0.0000,0.0,0
1790755620,0.1148,0.1148,0.1148,0.1148,0.0000,0.0,0
1790755680,0.1148,0.1148,0.1148,0.1148,0.0000,0.0,0
1790755740,0.1148,0.1148,0.1148,0.1148,0.0000,0.0,0
1790755800,0.1148,0.1148,0.1148,0.1148,0.0000,0.0,0
1790755860,0.1148,0.1148,0.1148,0.1148,0.0000,0.0,0
1790755920,0.1148,0.1148,0.1148,0.1148,0.0000,0.0,0
1790755980,0.1148,0.1148,0.1148,0.1148,0.0000,0.0,0
1790756040,0.1145,0.1145,0.1145,0.1145,0.1145,267.3828,2
1790756100,0.1145,0.1145,0.1145,0.1145,0.0000,0.0,0
1790756160,0.1145,0.1145,0.1145,0.1145,0.0000,0.0,0
1790756220,0.1145,0.1145,0.1145,0.1145,0.0000,0.0,0
1790756280,0.1145,0.1145,0.1145,0.1145,0.0000,0.0,0
1790756340,0.1157,0.1157,0.1157,0.1157,0.1157,2351.8996,3
1790756400,0.1155,0.1155,0.1155,0.1155,0.1155,6951.06616,5
1790756460,0.1155,0.1155,0.1155,0.1155,0.0000,0.0,0
1790756520,0.1159,0.1159,0.1159,0.1159,0.1159,3358.7169,1
1790756580,0.1158,0.1158,0.1158,0.1158,0.1158,12458.06856,5
1790756640,0.1158,0.1158,0.1157,0.1157,0.1157,11166.53703,8
1790756700,0.1157,0.1157,0.1157,0.1157,0.0000,0.0,0
1790756760,0.1157,0.1157,0.1157,0.1157,0.1157,4853.19286,3
1790756820,0.1157,0.1157,0.1157,0.1157,0.0000,0.0,0
1790756880,0.1159,0.1159,0.1159,0.1159,0.1159,4560.84238,1
1790756940,0.1159,0.1159,0.1159,0.1159,0.0000,0.0,0
1790757000,0.1156,0.1156,0.1156,0.1156,0.1156,125.0,1
1790757060,0.1156,0.1156,0.1156,0.1156,0.0000,0.0,0
1790757120,0.1153,0.1153,0.1153,0.1153,0.1153,717.24517,1
1790757180,0.1154,0.1154,0.1153,0.1153,0.1153,2558.1537,4
1790757240,0.1154,0.1154,0.1154,0.1154,0.1154,142.3828,1
1790757300,0.1154,0.1154,0.1154,0.1154,0.0000,0.0,0
1790757360,0.1154,0.1154,0.1154,0.1154,0.0000,0.0,0
1790757420,0.1154,0.1154,0.1154,0.1154,0.0000,0.0,0
1790757480,0.1154,0.1154,0.1154,0.1154,0.0000,0.0,0
1790757540,0.1154,0.1154,0.1154,0.1154,0.0000,0.0,0
1790757600,0.1154,0.1154,0.1154,0.1154,0.0000,0.0,0
1790757660,0.1157,0.1157,0.1157,0.1157,0.1157,142.3828,1
1790757720,0.116,0.116,0.1159,0.1159,0.1159,7140.25801,7
1790757780,0.1159,0.1159,0.1159,0.1159,0.0000,0.0,0
1790757840,0.1159,0.1159,0.1159,0.1159,0.0000,0.0,0
1790757900,0.1158,0.1158,0.1156,0.1156,0.1157,11273.94523,8
1790757960,0.1159,0.1159,0.1159,0.1159,0.1159,7702.01751,2
1790758020,0.1163,0.1165,0.1163,0.1165,0.1163,1306.93808,3
1790758080,0.1167,0.1168,0.1167,0.1168,0.1167,548.4622,4
1790758140,0.1168,0.1168,0.1168,0.1168,0.0000,0.0,0
1790758200,0.1171,0.1171,0.1171,0.1171,0.1171,4828.08932,3
1790758260,0.117,0.117,0.1168,0.1169,0.1168,5926.09092,13
1790758320,0.117,0.1171,0.117,0.1171,0.1170,4943.7808,4
1790758380,0.1168,0.1168,0.1168,0.1168,0.1168,125.0,1
1790758440,0.1168,0.1168,0.1168,0.1168,0.0000,0.0,0
1790758500,0.1168,0.1168,0.1168,0.1168,0.0000,0.0,0
1790758560,0.1168,0.1168,0.1168,0.1168,0.1168,4808.75266,3
1790758620,0.1168,0.1168,0.1168,0.1168,0.0000,0.0,0
1790758680,0.1169,0.1169,0.1169,0.1169,0.1169,125.0,1
1790758740,0.1168,0.1168,0.1168,0.1168,0.1168,691.92239,2
1790758800,0.1168,0.1168,0.1168,0.1168,0.0000,0.0,0
1790758860,0.1168,0.1168,0.1168,0.1168,0.0000,0.0,0
1790758920,0.1168,0.1168,0.1168,0.1168,0.0000,0.0,0
1790758980,0.1168,0.1168,0.1168,0.1168,0.0000,0.0,0
1790759040,0.1168,0.1168,0.1168,0.1168,0.0000,0.0,0
1790759100,0.1168,0.1168,0.1168,0.1168,0.0000,0.0,0
1790759160,0.1168,0.1168,0.1168,0.1168,0.0000,0.0,0
1790759220,0.1167,0.1167,0.1167,0.1167,0.1167,142.3828,1
1790759280,0.1168,0.1168,0.1168,0.1168,0.1168,267.3828,2
1790759340,0.1168,0.1169,0.1168,0.1169,0.1168,4810.31671,3
1790759400,0.1169,0.1169,0.1169,0.1169,0.0000,0.0,0
1790759460,0.1169,0.1169,0.1169,0.1169,0.0000,0.0,0
1790759520,0.1169,0.1169,0.1169,0.1169,0.0000,0.0,0
1790759580,0.1169,0.1169,0.1169,0.1169,0.0000,0.0,0
1790759640,0.1175,0.1175,0.1174,0.1174,0.1174,267.3828,2
1790759700,0.1173,0.1173,0.1173,0.1173,0.1173,4790.06294,3
1790759760,0.1173,0.1173,0.1173,0.1173,0.0000,0.0,0
1790759820,0.1173,0.1173,0.1173,0.1173,0.0000,0.0,0
1790759880,0.1173,0.1173,0.1173,0.1173,0.0000,0.0,0
1790759940,0.117,0.117,0.117,0.117,0.1170,1871.6796,14
1790760000,0.117,0.117,0.117,0.117,0.0000,0.0,0
1790760060,0.117,0.117,0.117,0.117,0.0000,0.0,0
1790760120,0.117,0.117,0.117,0.117,0.0000,0.0,0
1790760180,0.117,0.117,0.117,0.117,0.0000,0.0,0
1790760240,0.117,0.117,0.117,0.117,0.0000,0.0,0
1790760300,0.117,0.117,0.117,0.117,0.0000,0.0,0
1790760360,0.117,0.117,0.117,0.117,0.0000,0.0,0
1790760420,0.117,0.117,0.117,0.117,0.0000,0.0,0
1790760480,0.117,0.117,0.117,0.117,0.0000,0.0,0
1790760540,0.117,0.117,0.117,0.117,0.0000,0.0,0
1790760600,0.1179,0.1179,0.1177,0.1177,0.1178,6208.53057,7
1790760660,0.1176,0.1176,0.1176,0.1176,0.1176,1805.46139,1
1790760720,0.1181,0.1181,0.1181,0.1181,0.1181,156.0794,1
1790760780,0.1182,0.1184,0.1182,0.1184,0.1182,10384.98762,6
1790760840,0.1185,0.1185,0.1182,0.1182,0.1183,3467.71059,13
1790760900,0.1181,0.1181,0.1181,0.1181,0.1181,4615.55461,2
1790760960,0.1182,0.1182,0.1182,0.1182,0.1182,988.40648,2
1790761020,0.118,0.118,0.118,0.118,0.1180,142.3828,1
1790761080,0.118,0.118,0.118,0.118,0.0000,0.0,0
1790761140,0.1178,0.1178,0.1178,0.1178,0.1178,142.3828,1
1790761200,0.1177,0.118,0.1177,0.1179,0.1178,42357.99633,27
1790761260,0.118,0.1183,0.118,0.1183,0.1181,17388.82388,36
1790761320,0.1183,0.1185,0.1183,0.1185,0.1183,11530.91917,19
1790761380,0.1185,0.1185,0.1183,0.1185,0.1184,10488.62467,16
1790761440,0.1184,0.1185,0.1184,0.1185,0.1184,10509.55836,16
1790761500,0.1182,0.1182,0.118,0.118,0.1180,5029.97019,5
1790761560,0.1179,0.1184,0.1178,0.1184,0.1180,37563.78033,23
1790761620,0.1184,0.1184,0.1182,0.1182,0.1183,9445.99315,6
1790761680,0.1182,0.1182,0.1181,0.1181,0.1181,2673.828,20
1790761740,0.1181,0.1181,0.1181,0.1181,0.0000,0.0,0
1790761800,0.1179,0.1181,0.1179,0.1181,0.1180,41268.53027,25
1790761860,0.1181,0.1181,0.1181,0.1181,0.1181,179.9524,2
1790761920,0.1181,0.1182,0.1179,0.1182,0.1179,23409.5985,14
1790761980,0.118,0.1182,0.1179,0.118,0.1180,33552.94356,30
1790762040,0.118,0.1181,0.118,0.118,0.1180,16552.2922,9
1790762100,0.118,0.118,0.118,0.118,0.1180,4619.51533,2
1790762160,0.1177,0.118,0.1177,0.1179,0.1178,44551.60887,17
1790762220,0.1179,0.1179,0.1179,0.1179,0.0000,0.0,0
1790762280,0.1178,0.1179,0.1177,0.1178,0.1178,35559.02936,16
1790762340,0.1177,0.1178,0.1177,0.1177,0.1177,19165.07513,11
1790762400,0.1177,0.118,0.1177,0.1179,0.1178,20623.28207,16
1790762460,0.118,0.1183,0.118,0.1183,0.1181,9349.80213,5
1790762520,0.118,0.118,0.118,0.118,0.1180,12806.22497,4
1790762580,0.118,0.1181,0.1179,0.1179,0.1179,9219.4374,4
1790762640,0.1179,0.1179,0.1179,0.1179,0.1179,142.3828,1
1790762700,0.1178,0.1181,0.1178,0.1181,0.1179,4763.54481,4
1790762760,0.1183,0.1183,0.1183,0.1183,0.1183,444.887,3
1790762820,0.1182,0.1184,0.118,0.1181,0.1181,27821.20865,18
1790762880,0.118,0.118,0.1179,0.1179,0.1179,17902.76561,5
1790762940,0.1177,0.1177,0.1174,0.1174,0.1176,24078.53976,14
1790727840,0.1131,0.1131,0.1131,0.1131,0.0000,0.0,0
1790727900,0.1131,0.1131,0.1131,0.1131,0.0000,0.0,0
1790727960,0.1131,0.1131,0.1131,0.1131,0.0000,0.0,0
1790728020,0.1131,0.1131,0.1131,0.1131,0.1131,1265.625,2
1790728080,0.1131,0.1131,0.1131,0.1131,0.0000,0.0,0
1790728140,0.1131,0.1131,0.1131,0.1131,0.0000,0.0,0
1790728200,0.1131,0.1131,0.1131,0.1131,0.0000,0.0,0
1790728260,0.1131,0.1131,0.1131,0.1131,0.0000,0.0,0
1790728320,0.1131,0.1131,0.1131,0.1131,0.0000,0.0,0
1790728380,0.1131,0.1131,0.1131,0.1131,0.0000,0.0,0
1790728440,0.1131,0.1131,0.1131,0.1131,0.0000,0.0,0
1790728500,0.1131,0.1131,0.1131,0.1131,0.0000,0.0,0
1790728560,0.1131,0.1131,0.1131,0.1131,0.0000,0.0,0
1790728620,0.1131,0.1131,0.1131,0.1131,0.0000,0.0,0
1790728680,0.1131,0.1131,0.1131,0.1131,0.0000,0.0,0
1790728740,0.1137,0.1137,0.1137,0.1137,0.1137,725.08096,3
1790728800,0.1137,0.1137,0.1137,0.1137,0.1137,648.97637,2
1790728860,0.1139,0.1139,0.1139,0.1139,0.1139,3403.36412,2
1790728920,0.1139,0.1139,0.1139,0.1139,0.0000,0.0,0
1790728980,0.1139,0.1139,0.1139,0.1139,0.1139,1149.80088,6
1790729040,0.1139,0.1139,0.1139,0.1139,0.0000,0.0,0
1790729100,0.1136,0.1136,0.1136,0.1136,0.1136,2434.37416,6
1790729160,0.1135,0.1135,0.1135,0.1135,0.1135,1033.9355,9
1790729220,0.1135,0.1135,0.1135,0.1135,0.0000,0.0,0
1790729280,0.1136,0.1136,0.1136,0.1136,0.1136,695.3613,6
1790729340,0.1138,0.1138,0.1138,0.1138,0.1138,231.7871,2
1790729400,0.1138,0.1138,0.1138,0.1138,0.0000,0.0,0
1790729460,0.1137,0.1137,0.1137,0.1137,0.1137,588.5742,5
1790729520,0.1138,0.1138,0.1138,0.1138,0.1138,231.7871,2
1790729580,0.1137,0.1137,0.1137,0.1137,0.1137,231.7871,2
1790729640,0.1137,0.1137,0.1137,0.1137,0.0000,0.0,0
1790729700,0.1139,0.1139,0.1139,0.1139,0.1139,106.7871,1
1790729760,0.1139,0.1139,0.1139,0.1139,0.1139,106.7871,1
1790729820,0.1139,0.1139,0.1139,0.1139,0.0000,0.0,0
1790729880,0.1139,0.1139,0.1139,0.1139,0.0000,0.0,0
1790729940,0.1139,0.1139,0.1139,0.1139,0.0000,0.0,0
1790730000,0.1139,0.1139,0.1139,0.1139,0.0000,0.0,0
1790730060,0.1139,0.1139,0.1139,0.1139,0.0000,0.0,0
1790730120,0.1146,0.1147,0.1146,0.1147,0.1146,10817.25598,2
1790730180,0.1147,0.1147,0.1147,0.1147,0.0000,0.0,0
1790730240,0.1149,0.1149,0.1149,0.1149,0.1149,2311.5288,4
1790730300,0.1148,0.1148,0.1148,0.1148,0.1148,2142.2898,2
1790730360,0.115,0.115,0.115,0.115,0.1150,231.7871,2
1790730420,0.115,0.115,0.115,0.115,0.0000,0.0,0
1790730480,0.115,0.115,0.115,0.115,0.0000,0.0,0
1790730540,0.115,0.1153,0.115,0.1153,0.1151,467.23159,4
1790730600,0.1153,0.1153,0.1153,0.1153,0.0000,0.0,0
1790730660,0.1153,0.1153,0.1153,0.1153,0.0000,0.0,0
1790730720,0.1154,0.1154,0.1154,0.1154,0.1154,4586.20053,1
1790730780,0.1151,0.1151,0.1151,0.1151,0.1151,588.5742,5
1790730840,0.1151,0.1151,0.1151,0.1151,0.0000,0.0,0
1790730900,0.1151,0.1151,0.1151,0.1151,0.0000,0.0,0
1790730960,0.1151,0.1151,0.1151,0.1151,0.1151,125.0,1
1790731020,0.1151,0.1151,0.1151,0.1151,0.1151,106.7871,1
1790731080,0.1151,0.1151,0.1151,0.1151,0.0000,0.0,0
1790731140,0.1151,0.1151,0.1151,0.1151,0.0000,0.0,0
1790731200,0.1151,0.1151,0.1151,0.1151,0.0000,0.0,0
1790731260,0.1151,0.1151,0.1151,0.1151,0.0000,0.0,0
1790731320,0.115,0.115,0.115,0.115,0.1150,106.7871,1
1790731380,0.115,0.115,0.115,0.115,0.0000,0.0,0
1790731440,0.1153,0.1153,0.1153,0.1153,0.1153,106.7871,1
1790731500,0.1157,0.1158,0.1157,0.1158,0.1157,463.5742,4
1790731560,0.1157,0.1157,0.1157,0.1157,0.1157,435.84662,4
1790731620,0.1157,0.1157,0.1157,0.1157,0.0000,0.0,0
1790731680,0.1157,0.1157,0.1157,0.1157,0.0000,0.0,0
1790731740,0.1157,0.1157,0.1157,0.1157,0.0000,0.0,0
1790731800,0.1157,0.1157,0.1157,0.1157,0.0000,0.0,0
1790731860,0.1157,0.1157,0.1157,0.1157,0.0000,0.0,0
1790731920,0.1157,0.1157,0.1157,0.1157,0.0000,0.0,0
1790731980,0.1157,0.1157,0.1157,0.1157,0.0000,0.0,0
1790732040,0.1152,0.1152,0.1152,0.1152,0.1152,106.7871,1
1790732100,0.1152,0.1152,0.1152,0.1152,0.0000,0.0,0
1790732160,0.1151,0.1151,0.1151,0.1151,0.1151,106.7871,1
1790732220,0.1151,0.1151,0.1151,0.1151,0.0000,0.0,0
1790732280,0.1151,0.1151,0.1151,0.1151,0.0000,0.0,0
1790732340,0.1151,0.1151,0.1151,0.1151,0.0000,0.0,0
1790732400,0.1151,0.1151,0.1151,0.1151,0.0000,0.0,0
1790732460,0.1151,0.1151,0.1151,0.1151,0.0000,0.0,0
1790732520,0.1151,0.1151,0.1151,0.1151,0.0000,0.0,0
1790732580,0.1151,0.1151,0.1151,0.1151,0.0000,0.0,0
1790732640,0.1151,0.1151,0.1151,0.1151,0.0000,0.0,0
1790732700,0.1151,0.1151,0.1151,0.1151,0.0000,0.0,0
1790732760,0.1151,0.1151,0.1151,0.1151,0.0000,0.0,0
1790732820,0.1158,0.1158,0.1158,0.1158,0.1158,463.5742,4
1790732880,0.1158,0.1158,0.1158,0.1158,0.0000,0.0,0
1790732940,0.1158,0.1158,0.1158,0.1158,0.0000,0.0,0
1790733000,0.1158,0.1158,0.1158,0.1158,0.0000,0.0,0
1790733060,0.1159,0.1159,0.1159,0.1159,0.1159,411.66386,4
1790733120,0.1159,0.1159,0.1159,0.1159,0.0000,0.0,0
1790733180,0.1159,0.1159,0.1159,0.1159,0.0000,0.0,0
1790733240,0.1154,0.1154,0.1154,0.1154,0.1154,231.7871,2
1790733300,0.1153,0.1153,0.1152,0.1152,0.1152,404.87893,3
1790733360,0.1153,0.1153,0.1153,0.1153,0.1153,463.5742,4
1790733420,0.1153,0.1153,0.1153,0.1153,0.0000,0.0,0
1790733480,0.1153,0.1153,0.1153,0.1153,0.0000,0.0,0
1790733540,0.1153,0.1153,0.1153,0.1153,0.0000,0.0,0
1790733600,0.1153,0.1153,0.1153,0.1153,0.1153,231.7871,2
1790733660,0.1153,0.1153,0.1153,0.1153,0.0000,0.0,0
1790733720,0.1153,0.1153,0.1153,0.1153,0.0000,0.0,0
1790733780,0.1153,0.1153,0.1153,0.1153,0.0000,0.0,0
1790733840,0.1153,0.1153,0.1153,0.1153,0.0000,0.0,0
1790733900,0.1153,0.1153,0.1153,0.1153,0.0000,0.0,0
1790733960,0.1153,0.1153,0.1153,0.1153,0.0000,0.0,0
1790734020,0.1153,0.1153,0.1153,0.1153,0.0000,0.0,0
1790734080,0.1153,0.1153,0.1153,0.1153,0.0000,0.0,0
1790734140,0.1153,0.1153,0.1153,0.1153,0.1153,231.7871,2
1790734200,0.1153,0.1153,0.1153,0.1153,0.0000,0.0,0
1790734260,0.1153,0.1153,0.1153,0.1153,0.0000,0.0,0
1790734320,0.1153,0.1153,0.1153,0.1153,0.0000,0.0,0
1790734380,0.115,0.115,0.115,0.115,0.1150,4602.35702,1
1790734440,0.1151,0.1151,0.1151,0.1151,0.1151,106.7871,1
1790734500,0.1151,0.1151,0.1151,0.1151,0.1151,106.7871,1
1790734560,0.1151,0.1151,0.1151,0.1151,0.0000,0.0,0
1790734620,0.115,0.115,0.115,0.115,0.1150,231.7871,2
1790734680,0.115,0.115,0.115,0.115,0.1150,125.0,1
1790734740,0.115,0.115,0.115,0.115,0.0000,0.0,0
1790734800,0.115,0.115,0.115,0.115,0.0000,0.0,0
1790734860,0.1149,0.1149,0.1149,0.1149,0.1149,227.38935,2
1790734920,0.1153,0.1153,0.1153,0.1153,0.1153,106.7871,1
1790734980,0.1153,0.1153,0.1153,0.1153,0.0000,0.0,0
1790735040,0.115,0.115,0.115,0.115,0.1150,125.0,1
1790735100,0.1148,0.1148,0.1148,0.1148,0.1148,4609.55919,1
1790735160,0.1148,0.1148,0.1148,0.1148,0.0000,0.0,0
1790735220,0.1148,0.1148,0.1148,0.1148,0.0000,0.0,0
1790735280,0.1145,0.1145,0.1145,0.1145,0.1145,106.7871,1
1790735340,0.1145,0.1145,0.1145,0.1145,0.0000,0.0,0
1790735400,0.1145,0.1145,0.1145,0.1145,0.1145,106.7871,1
1790735460,0.1145,0.1145,0.1145,0.1145,0.0000,0.0,0
1790735520,0.1145,0.1145,0.1145,0.1145,0.0000,0.0,0
1790735580,0.1145,0.1145,0.1145,0.1145,0.0000,0.0,0
1790735640,0.1145,0.1145,0.1145,0.1145,0.0000,0.0,0
1790735700,0.1145,0.1145,0.1145,0.1145,0.0000,0.0,0
1790735760,0.1147,0.1147,0.1147,0.1147,0.1147,106.7871,1
1790735820,0.1147,0.1147,0.1147,0.1147,0.0000,0.0,0
1790735880,0.1147,0.1147,0.1147,0.1147,0.0000,0.0,0
1790735940,0.1147,0.1148,0.1147,0.1148,0.1147,570.3613,5
1790736000,0.1148,0.1148,0.1148,0.1148,0.0000,0.0,0
1790736060,0.1148,0.1148,0.1148,0.1148,0.0000,0.0,0
1790736120,0.1148,0.1148,0.1148,0.1148,0.0000,0.0,0
1790736180,0.1148,0.1148,0.1148,0.1148,0.0000,0.0,0
1790736240,0.1148,0.1148,0.1148,0.1148,0.0000,0.0,0
1790736300,0.1148,0.1148,0.1148,0.1148,0.0000,0.0,0
1790736360,0.1153,0.1153,0.1152,0.1152,0.1152,320.3613,3
1790736420,0.1152,0.1152,0.1152,0.1152,0.0000,0.0,0
1790736480,0.1152,0.1152,0.1152,0.1152,0.0000,0.0,0
1790736540,0.1152,0.1152,0.1152,0.1152,0.0000,0.0,0
1790736600,0.1152,0.1152,0.1152,0.1152,0.0000,0.0,0
1790736660,0.1152,0.1152,0.1152,0.1152,0.0000,0.0,0
1790736720,0.1153,0.1155,0.1153,0.1155,0.1153,1543.175,7
1790736780,0.1155,0.1155,0.1155,0.1155,0.0000,0.0,0
1790736840,0.1155,0.1155,0.1155,0.1155,0.0000,0.0,0
1790736900,0.1155,0.1155,0.1155,0.1155,0.0000,0.0,0
1790736960,0.1155,0.1155,0.1155,0.1155,0.0000,0.0,0
1790737020,0.1155,0.1155,0.1155,0.1155,0.0000,0.0,0
1790737080,0.1155,0.1155,0.1155,0.1155,0.0000,0.0,0
1790737140,0.1155,0.1155,0.1155,0.1155,0.0000,0.0,0
1790737200,0.1153,0.1153,0.1153,0.1153,0.1153,106.7871,1
1790737260,0.1151,0.1151,0.1148,0.1148,0.1150,2783.0124,7
1790737320,0.1149,0.1149,0.1149,0.1149,0.1149,890.7226,8
1790737380,0.1149,0.1149,0.1149,0.1149,0.0000,0.0,0
1790737440,0.1149,0.1149,0.1149,0.1149,0.0000,0.0,0
1790737500,0.1149,0.1149,0.1149,0.1149,0.0000,0.0,0
1790737560,0.1149,0.1149,0.1149,0.1149,0.0000,0.0,0
1790737620,0.1147,0.1147,0.1147,0.1147,0.1147,142.3828,1
1790737680,0.1147,0.1147,0.1147,0.1147,0.1147,142.3828,1
1790737740,0.1148,0.1148,0.1148,0.1148,0.1148,458.70317,4
1790737800,0.1146,0.1146,0.1146,0.1146,0.1146,142.3828,1
1790737860,0.1146,0.1146,0.1146,0.1146,0.0000,0.0,0
1790737920,0.1148,0.1148,0.1148,0.1148,0.1148,220.30141,2
1790737980,0.1148,0.1148,0.1148,0.1148,0.0000,0.0,0
1790738040,0.1148,0.1148,0.1148,0.1148,0.0000,0.0,0
1790738100,0.1148,0.1148,0.1148,0.1148,0.0000,0.0,0
1790738160,0.1148,0.1148,0.1148,0.1148,0.0000,0.0,0
1790738220,0.1143,0.1143,0.1143,0.1143,0.1143,142.3828,1
1790738280,0.1143,0.1143,0.1143,0.1143,0.0000,0.0,0
1790738340,0.1143,0.1143,0.1143,0.1143,0.0000,0.0,0
1790738400,0.1143,0.1143,0.1143,0.1143,0.0000,0.0,0
1790738460,0.1144,0.1144,0.1144,0.1144,0.1144,142.3828,1
1790738520,0.1144,0.1144,0.1144,0.1144,0.0000,0.0,0
1790738580,0.1147,0.1147,0.1147,0.1147,0.1147,142.3828,1
1790738640,0.1147,0.1147,0.1147,0.1147,0.0000,0.0,0
1790738700,0.1147,0.1147,0.1147,0.1147,0.0000,0.0,0
1790738760,0.1147,0.1147,0.1147,0.1147,0.0000,0.0,0
1790738820,0.1147,0.1147,0.1147,0.1147,0.0000,0.0,0
1790738880,0.1147,0.1147,0.1147,0.1147,0.0000,0.0,0
1790738940,0.1147,0.1147,0.1147,0.1147,0.0000,0.0,0
1790739000,0.1147,0.1147,0.1147,0.1147,0.0000,0.0,0
1790739060,0.1147,0.1147,0.1147,0.1147,0.0000,0.0,0
1790739120,0.1141,0.1141,0.1141,0.1141,0.1141,142.3828,1
1790739180,0.1143,0.1143,0.1143,0.1143,0.1143,500.99456,4
1790739240,0.1143,0.1143,0.1143,0.1143,0.0000,0.0,0
1790739300,0.1144,0.1144,0.1144,0.1144,0.1144,409.7656,3
1790739360,0.1144,0.1144,0.1144,0.1144,0.0000,0.0,0
1790739420,0.1144,0.1144,0.1144,0.1144,0.1144,257.18425,2
1790739480,0.1144,0.1144,0.1144,0.1144,0.0000,0.0,0
1790739540,0.1144,0.1144,0.1144,0.1144,0.0000,0.0,0
1790739600,0.1144,0.1144,0.1144,0.1144,0.0000,0.0,0
1790739660,0.1146,0.1146,0.1146,0.1146,0.1146,142.3828,1
1790739720,0.1146,0.1146,0.1146,0.1146,0.0000,0.0,0
1790739780,0.1146,0.1146,0.1146,0.1146,0.0000,0.0,0
1790739840,0.1146,0.1146,0.1146,0.1146,0.0000,0.0,0
1790739900,0.1146,0.1146,0.1146,0.1146,0.0000,0.0,0
1790739960,0.1146,0.1146,0.1146,0.1146,0.0000,0.0,0
1790740020,0.1146,0.1146,0.1146,0.1146,0.0000,0.0,0
1790740080,0.1146,0.1146,0.1146,0.1146,0.0000,0.0,0
1790740140,0.1146,0.1146,0.1146,0.1146,0.0000,0.0,0
1790740200,0.1146,0.1146,0.1146,0.1146,0.0000,0.0,0
1790740260,0.1146,0.1146,0.1146,0.1146,0.0000,0.0,0
1790740320,0.1139,0.1139,0.1139,0.1139,0.1139,267.3828,2
1790740380,0.1139,0.1139,0.1139,0.1139,0.0000,0.0,0
1790740440,0.1139,0.1139,0.1139,0.1139,0.0000,0.0,0
1790740500,0.1139,0.1139,0.1139,0.1139,0.0000,0.0,0
1790740560,0.1139,0.1139,0.1139,0.1139,0.0000,0.0,0
1790740620,0.1139,0.1139,0.1139,0.1139,0.0000,0.0,0
1790740680,0.114,0.114,0.114,0.114,0.1140,239.53607,2
1790740740,0.114,0.114,0.114,0.114,0.0000,0.0,0
1790740800,0.114,0.114,0.114,0.114,0.0000,0.0,0
1790740860,0.114,0.114,0.114,0.114,0.0000,0.0,0
1790740920,0.114,0.114,0.114,0.114,0.0000,0.0,0
1790740980,0.1145,0.1145,0.1145,0.1145,0.1145,142.3828,1
1790741040,0.1146,0.1146,0.1146,0.1146,0.1146,5029.54791,4
1790741100,0.1146,0.1147,0.1146,0.1147,0.1146,4039.4916,6
1790741160,0.1147,0.1147,0.1147,0.1147,0.0000,0.0,0
1790741220,0.1146,0.1146,0.1146,0.1146,0.1146,267.3828,2
1790741280,0.1146,0.1146,0.1146,0.1146,0.0000,0.0,0
1790741340,0.1146,0.1146,0.1146,0.1146,0.0000,0.0,0
1790741400,0.1146,0.1146,0.1146,0.1146,0.0000,0.0,0
1790741460,0.1146,0.1146,0.1146,0.1146,0.0000,0.0,0
1790741520,0.1146,0.1146,0.1146,0.1146,0.0000,0.0,0
1790741580,0.1146,0.1146,0.1146,0.1146,0.0000,0.0,0
1790741640,0.1146,0.1146,0.1146,0.1146,0.0000,0.0,0
1790741700,0.1146,0.1146,0.1146,0.1146,0.0000,0.0,0
1790741760,0.1148,0.1148,0.1148,0.1148,0.1148,125.0,1
1790741820,0.1148,0.1148,0.1148,0.1148,0.0000,0.0,0
1790741880,0.1148,0.1148,0.1148,0.1148,0.0000,0.0,0
1790741940,0.1149,0.1149,0.1148,0.1148,0.1148,4748.56016,5
1790742000,0.1148,0.1148,0.1148,0.1148,0.0000,0.0,0
1790742060,0.1148,0.1148,0.1148,0.1148,0.0000,0.0,0
1790742120,0.1148,0.1148,0.1148,0.1148,0.0000,0.0,0
1790742180,0.1148,0.1148,0.1148,0.1148,0.0000,0.0,0
1790742240,0.1148,0.1148,0.1148,0.1148,0.0000,0.0,0
1790742300,0.1149,0.1152,0.1149,0.1152,0.1150,10500.41299,12
1790742360,0.1152,0.1152,0.1152,0.1152,0.0000,0.0,0
1790742420,0.1152,0.1152,0.1152,0.1152,0.0000,0.0,0
1790742480,0.1152,0.1152,0.1152,0.1152,0.0000,0.0,0
1790742540,0.1152,0.1152,0.1152,0.1152,0.0000,0.0,0
1790742600,0.1152,0.1152,0.1152,0.1152,0.0000,0.0,0
1790742660,0.1152,0.1152,0.1152,0.1152,0.0000,0.0,0
1790742720,0.1152,0.1152,0.1152,0.1152,0.0000,0.0,0
1790742780,0.1152,0.1152,0.1152,0.1152,0.0000,0.0,0
1790742840,0.1152,0.1152,0.1152,0.1152,0.0000,0.0,0
1790742900,0.1148,0.1148,0.1148,0.1148,0.1148,4737.46823,6
1790742960,0.1149,0.1149,0.1149,0.1149,0.1149,1012.70481,2
1790743020,0.1149,0.1149,0.1149,0.1149,0.0000,0.0,0
1790743080,0.1149,0.1149,0.1149,0.1149,0.0000,0.0,0
1790743140,0.1149,0.1149,0.1149,0.1149,0.1149,142.3828,1
1790743200,0.1149,0.1149,0.1149,0.1149,0.0000,0.0,0
1790743260,0.1149,0.1149,0.1149,0.1149,0.0000,0.0,0
1790743320,0.1149,0.1149,0.1149,0.1149,0.0000,0.0,0
1790743380,0.1149,0.1149,0.1149,0.1149,0.0000,0.0,0
1790743440,0.1152,0.1152,0.1152,0.1152,0.1152,4594.2926,1
1790743500,0.1152,0.1152,0.1152,0.1152,0.0000,0.0,0
1790743560,0.1152,0.1152,0.1152,0.1152,0.0000,0.0,0
1790743620,0.1152,0.1152,0.1152,0.1152,0.0000,0.0,0
1790743680,0.1153,0.1153,0.1153,0.1153,0.1153,142.3828,1
1790743740,0.1153,0.1153,0.1153,0.1153,0.0000,0.0,0
1790743800,0.1153,0.1153,0.1153,0.1153,0.0000,0.0,0
1790743860,0.1153,0.1153,0.1153,0.1153,0.0000,0.0,0
1790743920,0.1153,0.1153,0.1153,0.1153,0.0000,0.0,0
1790743980,0.1153,0.1153,0.1153,0.1153,0.0000,0.0,0
1790744040,0.1153,0.1153,0.1153,0.1153,0.0000,0.0,0
1790744100,0.1153,0.1153,0.1153,0.1153,0.0000,0.0,0
1790744160,0.1153,0.1153,0.1153,0.1153,0.0000,0.0,0
1790744220,0.1148,0.1148,0.1148,0.1148,0.1148,4877.46219,3
1790744280,0.1148,0.1148,0.1148,0.1148,0.0000,0.0,0
1790744340,0.1146,0.1146,0.1146,0.1146,0.1146,284.7656,2
1790744400,0.1147,0.1151,0.1147,0.1151,0.1147,6314.73899,4
1790744460,0.1152,0.1152,0.1152,0.1152,0.1152,284.7656,2
1790744520,0.1152,0.1152,0.1152,0.1152,0.0000,0.0,0
1790744580,0.1148,0.1148,0.1148,0.1148,0.1148,125.0,1
1790744640,0.1148,0.1148,0.1148,0.1148,0.1148,267.3828,2
1790744700,0.1148,0.1148,0.1148,0.1148,0.0000,0.0,0
1790744760,0.1148,0.1148,0.1148,0.1148,0.0000,0.0,0
1790744820,0.1148,0.1148,0.1148,0.1148,0.0000,0.0,0
1790744880,0.1148,0.1148,0.1148,0.1148,0.0000,0.0,0
1790744940,0.1148,0.1148,0.1148,0.1148,0.0000,0.0,0
1790745000,0.1148,0.1148,0.1148,0.1148,0.0000,0.0,0
1790745060,0.1148,0.1148,0.1148,0.1148,0.0000,0.0,0
1790745120,0.1147,0.1147,0.1147,0.1147,0.1147,267.3828,2
1790745180,0.1146,0.1146,0.1146,0.1146,0.1146,175.98093,2
1790745240,0.1146,0.1146,0.1146,0.1146,0.0000,0.0,0
1790745300,0.1146,0.1146,0.1146,0.1146,0.0000,0.0,0
1790745360,0.1146,0.1146,0.1146,0.1146,0.0000,0.0,0
1790745420,0.1146,0.1147,0.1146,0.1147,0.1146,638.90839,5
1790745480,0.1147,0.1147,0.1147,0.1147,0.0000,0.0,0
1790745540,0.1147,0.1147,0.1147,0.1147,0.0000,0.0,0
1790745600,0.1147,0.1147,0.1147,0.1147,0.0000,0.0,0
1790745660,0.1147,0.1147,0.1147,0.1147,0.0000,0.0,0
1790745720,0.1147,0.1147,0.1147,0.1147,0.0000,0.0,0
1790745780,0.1147,0.1147,0.1147,0.1147,0.0000,0.0,0
1790745840,0.1147,0.1147,0.1147,0.1147,0.0000,0.0,0
1790745900,0.1149,0.1149,0.1149,0.1149,0.1149,4732.03342,2
1790745960,0.1149,0.1149,0.1149,0.1149,0.0000,0.0,0
1790746020,0.1149,0.1149,0.1149,0.1149,0.0000,0.0,0
1790746080,0.1149,0.1149,0.1149,0.1149,0.0000,0.0,0
1790746140,0.1149,0.1149,0.1149,0.1149,0.1149,142.3828,1
1790746200,0.115,0.1151,0.115,0.1151,0.1150,1093.75,3
1790746260,0.1151,0.1151,0.1151,0.1151,0.0000,0.0,0
1790746320,0.1153,0.1154,0.1153,0.1154,0.1153,6273.70085,8
1790746380,0.1154,0.1154,0.1154,0.1154,0.0000,0.0,0
1790746440,0.1151,0.1151,0.115,0.1151,0.1150,1090.66631,3
1790746500,0.1151,0.1152,0.1151,0.1152,0.1151,4865.27149,5
1790746560,0.1152,0.1152,0.1152,0.1152,0.0000,0.0,0
1790746620,0.1152,0.1152,0.1152,0.1152,0.0000,0.0,0
1790746680,0.1152,0.1152,0.1152,0.1152,0.0000,0.0,0
1790746740,0.1152,0.1152,0.1152,0.1152,0.0000,0.0,0
1790746800,0.1152,0.1152,0.1152,0.1152,0.0000,0.0,0
1790746860,0.1152,0.1152,0.1152,0.1152,0.0000,0.0,0
1790746920,0.1152,0.1152,0.1152,0.1152,0.0000,0.0,0
1790746980,0.1152,0.1152,0.1152,0.1152,0.0000,0.0,0
1790747040,0.1152,0.1152,0.1152,0.1152,0.0000,0.0,0
1790747100,0.1152,0.1152,0.1152,0.1152,0.0000,0.0,0
1790747160,0.1152,0.1152,0.1152,0.1152,0.0000,0.0,0
1790747220,0.1152,0.1152,0.1152,0.1152,0.0000,0.0,0
1790747280,0.1152,0.1152,0.1152,0.1152,0.0000,0.0,0
1790747340,0.1152,0.1152,0.1152,0.1152,0.0000,0.0,0
1790747400,0.1152,0.1152,0.1152,0.1152,0.0000,0.0,0
1790747460,0.1148,0.1148,0.1148,0.1148,0.1148,2581.50278,3
1790747520,0.1147,0.1147,0.1147,0.1147,0.1147,3122.8186,2
1790747580,0.1147,0.1147,0.1147,0.1147,0.1147,4613.23257,1
1790747640,0.1147,0.1147,0.1147,0.1147,0.0000,0.0,0
1790747700,0.1147,0.1147,0.1147,0.1147,0.1147,142.3828,1
1790747760,0.1147,0.1147,0.1147,0.1147,0.0000,0.0,0
1790747820,0.1147,0.1147,0.1147,0.1147,0.0000,0.0,0
1790747880,0.1147,0.1147,0.1147,0.1147,0.1147,4611.3016,5
1790747940,0.1147,0.1147,0.1147,0.1147,0.0000,0.0,0
1790748000,0.1147,0.1147,0.1147,0.1147,0.0000,0.0,0
1790748060,0.1147,0.1147,0.1147,0.1147,0.0000,0.0,0
1790748120,0.1147,0.1147,0.1147,0.1147,0.0000,0.0,0
1790748180,0.1148,0.1148,0.1148,0.1148,0.1148,142.3828,1
1790748240,0.1148,0.1148,0.1148,0.1148,0.0000,0.0,0
1790748300,0.1148,0.1148,0.1148,0.1148,0.0000,0.0,0
1790748360,0.115,0.115,0.115,0.115,0.1150,142.3828,1
1790748420,0.115,0.115,0.115,0.115,0.0000,0.0,0
1790748480,0.1148,0.1148,0.1148,0.1148,0.1148,635.20363,6
1790748540,0.1148,0.1148,0.1148,0.1148,0.0000,0.0,0
1790748600,0.1148,0.1148,0.1148,0.1148,0.0000,0.0,0
1790748660,0.1148,0.1148,0.1148,0.1148,0.0000,0.0,0
1790748720,0.1144,0.1144,0.1144,0.1144,0.1144,142.3828,1
1790748780,0.1144,0.1144,0.1144,0.1144,0.0000,0.0,0
1790748840,0.1144,0.1144,0.1144,0.1144,0.0000,0.0,0
1790748900,0.1144,0.1144,0.1144,0.1144,0.1144,125.0,1
1790748960,0.1144,0.1144,0.1144,0.1144,0.0000,0.0,0
1790749020,0.1146,0.1146,0.1146,0.1146,0.1146,238.46671,2
1790749080,0.1144,0.1144,0.1144,0.1144,0.1144,4763.37184,2
1790749140,0.1144,0.1144,0.1144,0.1144,0.0000,0.0,0
1790749200,0.1144,0.1144,0.1144,0.1144,0.0000,0.0,0
1790749260,0.1144,0.1144,0.1144,0.1144,0.0000,0.0,0
1790749320,0.1144,0.1144,0.1144,0.1144,0.0000,0.0,0
1790749380,0.1144,0.1144,0.1144,0.1144,0.1144,289.3828,2
1790749440,0.1144,0.1144,0.1144,0.1144,0.0000,0.0,0
1790749500,0.1144,0.1144,0.1144,0.1144,0.0000,0.0,0
1790749560,0.1139,0.1139,0.1139,0.1139,0.1139,142.3828,1
1790749620,0.1139,0.1139,0.1139,0.1139,0.0000,0.0,0
1790749680,0.1139,0.1139,0.1139,0.1139,0.0000,0.0,0
1790749740,0.1139,0.1139,0.1139,0.1139,0.0000,0.0,0
1790749800,0.1139,0.1139,0.1139,0.1139,0.0000,0.0,0
1790749860,0.114,0.114,0.114,0.114,0.1140,142.3828,1
1790749920,0.1141,0.1141,0.1141,0.1141,0.1141,142.3828,1
1790749980,0.114,0.114,0.114,0.114,0.1140,456.82823,4
1790750040,0.114,0.114,0.114,0.114,0.0000,0.0,0
1790750100,0.114,0.114,0.114,0.114,0.0000,0.0,0
1790750160,0.1138,0.1138,0.1138,0.1138,0.1138,3539.0299,2
1790750220,0.1138,0.1138,0.1138,0.1138,0.0000,0.0,0
1790750280,0.1138,0.1139,0.1138,0.1139,0.1138,4789.06893,3
1790750340,0.1139,0.1139,0.1139,0.1139,0.0000,0.0,0
1790750400,0.1138,0.1138,0.1138,0.1138,0.1138,142.3828,1
1790750460,0.1138,0.1138,0.1138,0.1138,0.0000,0.0,0
1790750520,0.1138,0.1138,0.1138,0.1138,0.0000,0.0,0
1790750580,0.1139,0.1139,0.1139,0.1139,0.1139,142.3828,1
1790750640,0.1139,0.1139,0.1139,0.1139,0.0000,0.0,0
1790750700,0.1139,0.1139,0.1139,0.1139,0.0000,0.0,0
1790750760,0.1139,0.1139,0.1139,0.1139,0.0000,0.0,0
1790750820,0.1139,0.1139,0.1139,0.1139,0.0000,0.0,0
1790750880,0.1134,0.1134,0.1134,0.1134,0.1134,4804.98664,2
1790750940,0.1134,0.1134,0.1134,0.1134,0.1134,142.3828,1
1790751000,0.1134,0.1134,0.1134,0.1134,0.0000,0.0,0
1790751060,0.1134,0.1134,0.1134,0.1134,0.0000,0.0,0
1790751120,0.1135,0.1135,0.1135,0.1135,0.1135,954.7348,3
1790751180,0.1135,0.1135,0.1135,0.1135,0.0000,0.0,0
1790751240,0.1135,0.1135,0.1135,0.1135,0.0000,0.0,0
1790751300,0.1135,0.1135,0.1135,0.1135,0.0000,0.0,0
1790751360,0.1135,0.1135,0.1135,0.1135,0.0000,0.0,0
1790751420,0.1135,0.1135,0.1135,0.1135,0.0000,0.0,0
1790751480,0.1137,0.1137,0.1137,0.1137,0.1137,142.3828,1
1790751540,0.1137,0.1137,0.1137,0.1137,0.0000,0.0,0
1790751600,0.1137,0.1137,0.1137,0.1137,0.0000,0.0,0
1790751660,0.1133,0.1133,0.1133,0.1133,0.1133,226.61216,2
1790751720,0.1133,0.1133,0.1133,0.1133,0.0000,0.0,0
1790751780,0.1133,0.1133,0.1133,0.1133,0.0000,0.0,0
1790751840,0.1133,0.1133,0.1133,0.1133,0.0000,0.0,0
1790751900,0.1135,0.1135,0.1135,0.1135,0.1135,4652.9587,4
1790751960,0.1135,0.1135,0.1135,0.1135,0.0000,0.0,0
1790752020,0.1135,0.1135,0.1135,0.1135,0.0000,0.0,0
1790752080,0.1135,0.1135,0.1135,0.1135,0.0000,0.0,0
1790752140,0.1135,0.1135,0.1135,0.1135,0.0000,0.0,0
1790752200,0.1135,0.1135,0.1135,0.1135,0.0000,0.0,0
1790752260,0.1135,0.1135,0.1135,0.1135,0.0000,0.0,0
1790752320,0.1135,0.1135,0.1135,0.1135,0.0000,0.0,0
1790752380,0.1131,0.1131,0.1131,0.1131,0.1131,4673.13728,1
1790752440,0.1131,0.1131,0.1131,0.1131,0.0000,0.0,0
1790752500,0.1131,0.1131,0.1131,0.1131,0.0000,0.0,0
1790752560,0.1131,0.1131,0.1131,0.1131,0.0000,0.0,0
1790752620,0.1131,0.1131,0.1131,0.1131,0.0000,0.0,0
1790752680,0.1136,0.1136,0.1136,0.1136,0.1136,125.0,1
1790752740,0.114,0.114,0.114,0.114,0.1140,284.7656,2
1790752800,0.114,0.114,0.114,0.114,0.1140,4632.08498,1
1790752860,0.1139,0.1139,0.1139,0.1139,0.1139,142.3828,1
1790752920,0.1139,0.1139,0.1139,0.1139,0.0000,0.0,0
1790752980,0.1139,0.1139,0.1139,0.1139,0.1139,142.3828,1
1790753040,0.1141,0.1141,0.1141,0.1141,0.1141,125.0,1
1790753100,0.1141,0.1141,0.1141,0.1141,0.1141,142.3828,1
1790753160,0.1141,0.1141,0.1141,0.1141,0.0000,0.0,0
1790753220,0.1141,0.1141,0.1141,0.1141,0.1141,765.2089,1
1790753280,0.1141,0.1141,0.1141,0.1141,0.0000,0.0,0
1790753340,0.1137,0.1137,0.1137,0.1137,0.1137,362.01678,4
1790753400,0.1137,0.1138,0.1137,0.1138,0.1137,5099.29623,5
1790753460,0.1138,0.1138,0.1138,0.1138,0.0000,0.0,0
1790753520,0.1138,0.1138,0.1138,0.1138,0.0000,0.0,0
1790753580,0.1139,0.1139,0.1139,0.1139,0.1139,125.0,1
1790753640,0.1139,0.1139,0.1139,0.1139,0.0000,0.0,0
1790753700,0.1139,0.1139,0.1139,0.1139,0.0000,0.0,0
1790753760,0.1139,0.1139,0.1139,0.1139,0.0000,0.0,0
1790753820,0.1145,0.1145,0.1145,0.1145,0.1145,142.3828,1
1790753880,0.1145,0.1145,0.1145,0.1145,0.0000,0.0,0
1790753940,0.1145,0.1145,0.1145,0.1145,0.0000,0.0,0
1790754000,0.1145,0.1145,0.1145,0.1145,0.0000,0.0,0
1790754060,0.1145,0.1145,0.1145,0.1145,0.0000,0.0,0
1790754120,0.1142,0.1142,0.1142,0.1142,0.1142,267.3828,2
1790754180,0.1142,0.1142,0.1142,0.1142,0.0000,0.0,0
1790754240,0.1143,0.1143,0.1143,0.1143,0.1143,267.3828,2
1790754300,0.1143,0.1143,0.1143,0.1143,0.0000,0.0,0
1790754360,0.1143,0.1143,0.1143,0.1143,0.0000,0.0,0
1790754420,0.1143,0.1143,0.1142,0.1142,0.1142,6126.60844,5
1790754480,0.1142,0.1142,0.1142,0.1142,0.0000,0.0,0
1790754540,0.1142,0.1142,0.1142,0.1142,0.0000,0.0,0
1790754600,0.1142,0.1142,0.1142,0.1142,0.0000,0.0,0
1790754660,0.1147,0.1147,0.1147,0.1147,0.1147,2142.2898,2
1790754720,0.1147,0.1147,0.1147,0.1147,0.0000,0.0,0
1790754780,0.1147,0.1147,0.1147,0.1147,0.0000,0.0,0
1790754840,0.1147,0.1147,0.1147,0.1147,0.0000,0.0,0
1790754900,0.1147,0.1147,0.1147,0.1147,0.0000,0.0,0
1790754960,0.1148,0.1148,0.1147,0.1147,0.1147,5021.08665,4
1790755020,0.1148,0.1148,0.1148,0.1148,0.1148,1501.76272,3
1790755080,0.1148,0.1148,0.1148,0.1148,0.0000,0.0,0
1790755140,0.1148,0.1148,0.1148,0.1148,0.0000,0.0,0
1790755200,0.1151,0.1152,0.1151,0.1152,0.1151,2448.16969,4
1790755260,0.1152,0.1152,0.1151,0.1151,0.1151,986.1328,2
1790755320,0.1148,0.1148,0.1148,0.1148,0.1148,4744.44628,2
1790755380,0.1148,0.1148,0.1148,0.1148,0.0000,0.0,0
1790755440,0.1148,0.1148,0.1148,0.1148,0.0000,0.0,0
1790755500,0.1148,0.1148,0.1148,0.1148,0.0000,0.0,0
1790755560,0.1148,0.1148,0.1148,0.1148,0.0000,0.0,0
1790755620,0.1148,0.1148,0.1148,0.1148,0.0000,0.0,0
1790755680,0.1148,0.1148,0.1148,0.1148,0.0000,0.0,0
1790755740,0.1148,0.1148,0.1148,0.1148,0.0000,0.0,0
1790755800,0.1148,0.1148,0.1148,0.1148,0.0000,0.0,0
1790755860,0.1148,0.1148,0.1148,0.1148,0.0000,0.0,0
1790755920,0.1148,0.1148,0.1148,0.1148,0.0000,0.0,0
1790755980,0.1148,0.1148,0.1148,0.1148,0.0000,0.0,0
1790756040,0.1145,0.1145,0.1145,0.1145,0.1145,267.3828,2
1790756100,0.1145,0.1145,0.1145,0.1145,0.0000,0.0,0
1790756160,0.1145,0.1145,0.1145,0.1145,0.0000,0.0,0
1790756220,0.1145,0.1145,0.1145,0.1145,0.0000,0.0,0
1790756280,0.1145,0.1145,0.1145,0.1145,0.0000,0.0,0
1790756340,0.1157,0.1157,0.1157,0.1157,0.1157,2351.8996,3
1790756400,0.1155,0.1155,0.1155,0.1155,0.1155,6951.06616,5
1790756460,0.1155,0.1155,0.1155,0.1155,0.0000,0.0,0
1790756520,0.1159,0.1159,0.1159,0.1159,0.1159,3358.7169,1
1790756580,0.1158,0.1158,0.1158,0.1158,0.1158,12458.06856,5
1790756640,0.1158,0.1158,0.1157,0.1157,0.1157,11166.53703,8
1790756700,0.1157,0.1157,0.1157,0.1157,0.0000,0.0,0
1790756760,0.1157,0.1157,0.1157,0.1157,0.1157,4853.19286,3
1790756820,0.1157,0.1157,0.1157,0.1157,0.0000,0.0,0
1790756880,0.1159,0.1159,0.1159,0.1159,0.1159,4560.84238,1
1790756940,0.1159,0.1159,0.1159,0.1159,0.0000,0.0,0
1790757000,0.1156,0.1156,0.1156,0.1156,0.1156,125.0,1
1790757060,0.1156,0.1156,0.1156,0.1156,0.0000,0.0,0
1790757120,0.1153,0.1153,0.1153,0.1153,0.1153,717.24517,1
1790757180,0.1154,0.1154,0.1153,0.1153,0.1153,2558.1537,4
1790757240,0.1154,0.1154,0.1154,0.1154,0.1154,142.3828,1
1790757300,0.1154,0.1154,0.1154,0.1154,0.0000,0.0,0
1790757360,0.1154,0.1154,0.1154,0.1154,0.0000,0.0,0
1790757420,0.1154,0.1154,0.1154,0.1154,0.0000,0.0,0
1790757480,0.1154,0.1154,0.1154,0.1154,0.0000,0.0,0
1790757540,0.1154,0.1154,0.1154,0.1154,0.0000,0.0,0
1790757600,0.1154,0.1154,0.1154,0.1154,0.0000,0.0,0
1790757660,0.1157,0.1157,0.1157,0.1157,0.1157,142.3828,1
1790757720,0.116,0.116,0.1159,0.1159,0.1159,7140.25801,7
1790757780,0.1159,0.1159,0.1159,0.1159,0.0000,0.0,0
1790757840,0.1159,0.1159,0.1159,0.1159,0.0000,0.0,0
1790757900,0.1158,0.1158,0.1156,0.1156,0.1157,11273.94523,8
1790757960,0.1159,0.1159,0.1159,0.1159,0.1159,7702.01751,2
1790758020,0.1163,0.1165,0.1163,0.1165,0.1163,1306.93808,3
1790758080,0.1167,0.1168,0.1167,0.1168,0.1167,548.4622,4
1790758140,0.1168,0.1168,0.1168,0.1168,0.0000,0.0,0
1790758200,0.1171,0.1171,0.1171,0.1171,0.1171,4828.08932,3
1790758260,0.117,0.117,0.1168,0.1169,0.1168,5926.09092,13
1790758320,0.117,0.1171,0.117,0.1171,0.1170,4943.7808,4
1790758380,0.1168,0.1168,0.1168,0.1168,0.1168,125.0,1
1790758440,0.1168,0.1168,0.1168,0.1168,0.0000,0.0,0
1790758500,0.1168,0.1168,0.1168,0.1168,0.0000,0.0,0
1790758560,0.1168,0.1168,0.1168,0.1168,0.1168,4808.75266,3
1790758620,0.1168,0.1168,0.1168,0.1168,0.0000,0.0,0
1790758680,0.1169,0.1169,0.1169,0.1169,0.1169,125.0,1
1790758740,0.1168,0.1168,0.1168,0.1168,0.1168,691.92239,2
1790758800,0.1168,0.1168,0.1168,0.1168,0.0000,0.0,0
1790758860,0.1168,0.1168,0.1168,0.1168,0.0000,0.0,0
1790758920,0.1168,0.1168,0.1168,0.1168,0.0000,0.0,0
1790758980,0.1168,0.1168,0.1168,0.1168,0.0000,0.0,0
1790759040,0.1168,0.1168,0.1168,0.1168,0.0000,0.0,0
1790759100,0.1168,0.1168,0.1168,0.1168,0.0000,0.0,0
1790759160,0.1168,0.1168,0.1168,0.1168,0.0000,0.0,0
1790759220,0.1167,0.1167,0.1167,0.1167,0.1167,142.3828,1
1790759280,0.1168,0.1168,0.1168,0.1168,0.1168,267.3828,2
1790759340,0.1168,0.1169,0.1168,0.1169,0.1168,4810.31671,3
1790759400,0.1169,0.1169,0.1169,0.1169,0.0000,0.0,0
1790759460,0.1169,0.1169,0.1169,0.1169,0.0000,0.0,0
1790759520,0.1169,0.1169,0.1169,0.1169,0.0000,0.0,0
1790759580,0.1169,0.1169,0.1169,0.1169,0.0000,0.0,0
1790759640,0.1175,0.1175,0.1174,0.1174,0.1174,267.3828,2
1790759700,0.1173,0.1173,0.1173,0.1173,0.1173,4790.06294,3
1790759760,0.1173,0.1173,0.1173,0.1173,0.0000,0.0,0
1790759820,0.1173,0.1173,0.1173,0.1173,0.0000,0.0,0
1790759880,0.1173,0.1173,0.1173,0.1173,0.0000,0.0,0
1790759940,0.117,0.117,0.117,0.117,0.1170,1871.6796,14
1790760000,0.117,0.117,0.117,0.117,0.0000,0.0,0
1790760060,0.117,0.117,0.117,0.117,0.0000,0.0,0
1790760120,0.117,0.117,0.117,0.117,0.0000,0.0,0
1790760180,0.117,0.117,0.117,0.117,0.0000,0.0,0
1790760240,0.117,0.117,0.117,0.117,0.0000,0.0,0
1790760300,0.117,0.117,0.117,0.117,0.0000,0.0,0
1790760360,0.117,0.117,0.117,0.117,0.0000,0.0,0
1790760420,0.117,0.117,0.117,0.117,0.0000,0.0,0
1790760480,0.117,0.117,0.117,0.117,0.0000,0.0,0
1790760540,0.117,0.117,0.117,0.117,0.0000,0.0,0
1790760600,0.1179,0.1179,0.1177,0.1177,0.1178,6208.53057,7
1790760660,0.1176,0.1176,0.1176,0.1176,0.1176,1805.46139,1
1790760720,0.1181,0.1181,0.1181,0.1181,0.1181,156.0794,1
1790760780,0.1182,0.1184,0.1182,0.1184,0.1182,10384.98762,6
1790760840,0.1185,0.1185,0.1182,0.1182,0.1183,3467.71059,13
1790760900,0.1181,0.1181,0.1181,0.1181,0.1181,4615.55461,2
1790760960,0.1182,0.1182,0.1182,0.1182,0.1182,988.40648,2
1790761020,0.118,0.118,0.118,0.118,0.1180,142.3828,1
1790761080,0.118,0.118,0.118,0.118,0.0000,0.0,0
1790761140,0.1178,0.1178,0.1178,0.1178,0.1178,142.3828,1
1790761200,0.1177,0.118,0.1177,0.1179,0.1178,42357.99633,27
1790761260,0.118,0.1183,0.118,0.1183,0.1181,17388.82388,36
1790761320,0.1183,0.1185,0.1183,0.1185,0.1183,11530.91917,19
1790761380,0.1185,0.1185,0.1183,0.1185,0.1184,10488.62467,16
1790761440,0.1184,0.1185,0.1184,0.1185,0.1184,10509.55836,16
1790761500,0.1182,0.1182,0.118,0.118,0.1180,5029.97019,5
1790761560,0.1179,0.1184,0.1178,0.1184,0.1180,37563.78033,23
1790761620,0.1184,0.1184,0.1182,0.1182,0.1183,9445.99315,6
1790761680,0.1182,0.1182,0.1181,0.1181,0.1181,2673.828,20
1790761740,0.1181,0.1181,0.1181,0.1181,0.0000,0.0,0
1790761800,0.1179,0.1181,0.1179,0.1181,0.1180,41268.53027,25
1790761860,0.1181,0.1181,0.1181,0.1181,0.1181,179.9524,2
1790761920,0.1181,0.1182,0.1179,0.1182,0.1179,23409.5985,14
1790761980,0.118,0.1182,0.1179,0.118,0.1180,33552.94356,30
1790762040,0.118,0.1181,0.118,0.118,0.1180,16552.2922,9
1790762100,0.118,0.118,0.118,0.118,0.1180,4619.51533,2
1790762160,0.1177,0.118,0.1177,0.1179,0.1178,44551.60887,17
1790762220,0.1179,0.1179,0.1179,0.1179,0.0000,0.0,0
1790762280,0.1178,0.1179,0.1177,0.1178,0.1178,35559.02936,16
1790762340,0.1177,0.1178,0.1177,0.1177,0.1177,19165.07513,11
1790762400,0.1177,0.118,0.1177,0.1179,0.1178,20623.28207,16
1790762460,0.118,0.1183,0.118,0.1183,0.1181,9349.80213,5
1790762520,0.118,0.118,0.118,0.118,0.1180,12806.22497,4
1790762580,0.118,0.1181,0.1179,0.1179,0.1179,9219.4374,4
1790762640,0.1179,0.1179,0.1179,0.1179,0.1179,142.3828,1
1790762700,0.1178,0.1181,0.1178,0.1181,0.1179,4763.54481,4
1790762760,0.1183,0.1183,0.1183,0.1183,0.1183,444.887,3
1790762820,0.1182,0.1184,0.118,0.1181,0.1181,27821.20865,18
1790762880,0.118,0.118,0.1179,0.1179,0.1179,17902.76561,5
1790762940,0.1177,0.1177,0.1174,0.1174,0.1176,24078.53976,14
1790763000,0.1171,0.1172,0.1171,0.1171,0.1171,5454.58321,8
1790763060,0.1171,0.1171,0.1171,0.1171,0.0000,0.0,0
1790763120,0.117,0.117,0.117,0.117,0.1170,284.7656,2
1790763180,0.1169,0.1169,0.1167,0.1167,0.1167,16059.72395,11
1790763240,0.1167,0.1168,0.1167,0.1168,0.1167,9461.02957,5
1790763300,0.1168,0.1168,0.1168,0.1168,0.0000,0.0,0
1790763360,0.1168,0.1168,0.1168,0.1168,0.0000,0.0,0
1790763420,0.1168,0.1168,0.1166,0.1166,0.1166,5079.25928,5
1790763480,0.1165,0.1165,0.1165,0.1165,0.1165,142.3828,1
1790763540,0.1167,0.1168,0.1166,0.1167,0.1167,19080.79747,9
1790763600,0.1169,0.117,0.1169,0.117,0.1169,20067.244,12
1790763660,0.1171,0.1172,0.1171,0.1172,0.1171,9654.12882,10
1790763720,0.1176,0.1177,0.1176,0.1177,0.1176,5375.878,6
1790763780,0.1177,0.1177,0.1177,0.1177,0.0000,0.0,0
1790763840,0.1177,0.1177,0.1177,0.1177,0.0000,0.0,0
1790763900,0.1177,0.1177,0.1177,0.1177,0.0000,0.0,0
1790763960,0.1177,0.1177,0.1177,0.1177,0.0000,0.0,0
1790764020,0.1172,0.1172,0.1172,0.1172,0.1172,458.42055,1
1790764080,0.1172,0.1172,0.1172,0.1172,0.0000,0.0,0
1790764140,0.1172,0.1172,0.1172,0.1172,0.0000,0.0,0
1790764200,0.1168,0.1168,0.1168,0.1168,0.1168,125.0,1
1790764260,0.117,0.117,0.117,0.117,0.1170,1965.07032,2
1790764320,0.1172,0.1173,0.1172,0.1173,0.1172,392.3828,3
1790764380,0.1173,0.1173,0.1173,0.1173,0.0000,0.0,0
1790764440,0.1171,0.1171,0.1171,0.1171,0.1171,142.3828,1
1790764500,0.1171,0.1171,0.1171,0.1171,0.0000,0.0,0
1790764560,0.1171,0.1172,0.1171,0.1172,0.1171,18017.7434,7
1790764620,0.1171,0.1172,0.1171,0.1171,0.1171,14342.96565,7
1790764680,0.1172,0.1173,0.1172,0.1173,0.1172,10043.11662,5
1790764740,0.1169,0.1169,0.1169,0.1169,0.1169,4518.80324,1
1790764800,0.117,0.1175,0.117,0.1175,0.1173,74955.88514,20
1790764860,0.1171,0.1172,0.1171,0.1172,0.1171,9429.03875,5
1790764920,0.1172,0.1172,0.1172,0.1172,0.0000,0.0,0
1790764980,0.1172,0.1172,0.1172,0.1172,0.0000,0.0,0
1790765040,0.1172,0.1172,0.1172,0.1172,0.0000,0.0,0
1790765100,0.117,0.117,0.117,0.117,0.1170,4800.84005,3
1790765160,0.1168,0.1168,0.1167,0.1167,0.1167,677.1484,5
1790765220,0.1167,0.1167,0.1165,0.1165,0.1165,2261.3657,2
1790765280,0.1165,0.1165,0.1165,0.1165,0.1165,4535.39553,1
1790765340,0.1165,0.1165,0.1165,0.1165,0.0000,0.0,0
1790765400,0.1164,0.1164,0.1164,0.1164,0.1164,125.0,1
1790765460,0.1166,0.1166,0.1163,0.1163,0.1163,5877.71486,3
1790765520,0.1164,0.1166,0.1164,0.1166,0.1164,3476.52002,3
1790765580,0.1166,0.1166,0.1165,0.1165,0.1165,534.7656,4
1790765640,0.1167,0.1167,0.1167,0.1167,0.1167,5061.91072,5
1790765700,0.1167,0.1167,0.1167,0.1167,0.1167,534.7656,4
1790765760,0.1167,0.1167,0.1167,0.1167,0.0000,0.0,0
1790765820,0.1166,0.1166,0.1166,0.1166,0.1166,4670.9364,2
1790765880,0.1166,0.1166,0.1166,0.1166,0.0000,0.0,0
1790765940,0.1166,0.1166,0.1166,0.1166,0.0000,0.0,0
1790766000,0.1165,0.1165,0.1161,0.1161,0.1162,1145.95949,5
1790766060,0.1161,0.1161,0.1161,0.1161,0.1161,125.0,1
1790766120,0.1161,0.1161,0.1161,0.1161,0.0000,0.0,0
1790766180,0.1161,0.1161,0.1161,0.1161,0.0000,0.0,0
1790766240,0.1161,0.1161,0.1161,0.1161,0.0000,0.0,0
1790766300,0.1161,0.1161,0.1161,0.1161,0.0000,0.0,0
1790766360,0.1163,0.1163,0.1163,0.1163,0.1163,267.3828,2
1790766420,0.1163,0.1163,0.1163,0.1163,0.0000,0.0,0
1790766480,0.1163,0.1163,0.1163,0.1163,0.0000,0.0,0
1790766540,0.1163,0.1163,0.1163,0.1163,0.0000,0.0,0
1790766600,0.1163,0.1163,0.1163,0.1163,0.0000,0.0,0
1790766660,0.1163,0.1163,0.1163,0.1163,0.0000,0.0,0
1790766720,0.1163,0.1163,0.1163,0.1163,0.0000,0.0,0
1790766780,0.1163,0.1163,0.1163,0.1163,0.0000,0.0,0
1790766840,0.1163,0.1163,0.1163,0.1163,0.0000,0.0,0
1790766900,0.1163,0.1163,0.1163,0.1163,0.0000,0.0,0
1790766960,0.1163,0.1163,0.1163,0.1163,0.0000,0.0,0
1790767020,0.1163,0.1163,0.1163,0.1163,0.0000,0.0,0
1790767080,0.1162,0.1162,0.1161,0.1161,0.1161,267.3828,2
1790767140,0.1161,0.1161,0.1161,0.1161,0.0000,0.0,0
1790767200,0.1161,0.1161,0.1161,0.1161,0.0000,0.0,0
1790767260,0.1161,0.1161,0.1161,0.1161,0.0000,0.0,0
1790767320,0.1162,0.1162,0.1162,0.1162,0.1162,247.71236,2
1790767380,0.1162,0.1162,0.1162,0.1162,0.0000,0.0,0
1790767440,0.1166,0.1166,0.1165,0.1165,0.1165,19184.35242,5
1790767500,0.1165,0.1165,0.1165,0.1165,0.0000,0.0,0
1790767560,0.1164,0.1164,0.1163,0.1163,0.1163,4728.95306,5
1790767620,0.1163,0.1163,0.1163,0.1163,0.0000,0.0,0
1790767680,0.1163,0.1163,0.1163,0.1163,0.0000,0.0,0
1790767740,0.1165,0.1165,0.1165,0.1165,0.1165,267.3828,2
1790767800,0.1165,0.1165,0.1164,0.1164,0.1164,392.3828,3
1790767860,0.1164,0.1164,0.1164,0.1164,0.0000,0.0,0
1790767920,0.1164,0.1164,0.1164,0.1164,0.0000,0.0,0
1790767980,0.1162,0.1162,0.1162,0.1162,0.1162,755.2077,4
1790768040,0.1163,0.1166,0.1163,0.1166,0.1165,21597.23384,8
1790768100,0.1166,0.1166,0.1166,0.1166,0.0000,0.0,0
1790768160,0.1166,0.1166,0.1166,0.1166,0.0000,0.0,0
1790768220,0.1165,0.1177,0.1165,0.1177,0.1167,21407.86377,14
1790768280,0.1166,0.1166,0.1166,0.1166,0.1166,857.6102,2
1790768340,0.1167,0.1175,0.1167,0.1175,0.1170,22218.91499,12
1790768400,0.1175,0.1175,0.1175,0.1175,0.0000,0.0,0
1790768460,0.1171,0.1171,0.1171,0.1171,0.1171,1138.7151,4
1790768520,0.1171,0.1171,0.1171,0.1171,0.0000,0.0,0
1790768580,0.1169,0.1173,0.1169,0.1173,0.1170,1090.49242,6
1790768640,0.1174,0.1174,0.1172,0.1172,0.1172,702.1591,3
1790768700,0.1172,0.1172,0.1172,0.1172,0.0000,0.0,0
1790768760,0.117,0.1171,0.1168,0.117,0.1169,802.1484,6
1790768820,0.1169,0.1169,0.1169,0.1169,0.1169,267.3828,2
1790768880,0.1169,0.1169,0.1169,0.1169,0.0000,0.0,0
1790768940,0.1169,0.1169,0.1169,0.1169,0.0000,0.0,0
1790769000,0.117,0.117,0.117,0.117,0.1170,457.323,2
1790769060,0.117,0.117,0.117,0.117,0.0000,0.0,0
1790769120,0.117,0.117,0.117,0.117,0.0000,0.0,0
1790769180,0.117,0.117,0.117,0.117,0.0000,0.0,0
1790769240,0.117,0.117,0.117,0.117,0.0000,0.0,0
1790769300,0.117,0.117,0.117,0.117,0.0000,0.0,0
1790769360,0.117,0.117,0.117,0.117,0.0000,0.0,0
1790769420,0.117,0.117,0.117,0.117,0.1170,21367.52137,9
1790769480,0.117,0.117,0.117,0.117,0.0000,0.0,0
1790769540,0.117,0.117,0.117,0.117,0.0000,0.0,0
1790769600,0.117,0.1173,0.117,0.1173,0.1171,534.7656,4
1790769660,0.117,0.117,0.117,0.117,0.1170,534.7656,4
1790769720,0.117,0.117,0.117,0.117,0.1170,267.3828,2
1790769780,0.1171,0.1171,0.1171,0.1171,0.1171,1954.8828,4
1790769840,0.117,0.117,0.1168,0.1168,0.1169,43494.57959,22
1790769900,0.1168,0.1168,0.1168,0.1168,0.0000,0.0,0
1790769960,0.1167,0.1167,0.1167,0.1167,0.1167,267.3828,2
1790770020,0.1165,0.1165,0.1165,0.1165,0.1165,250.0,2
1790770080,0.1166,0.1167,0.1164,0.1166,0.1166,7435.64368,9
1790770140,0.1168,0.1168,0.1167,0.1167,0.1167,534.7656,4
1790770200,0.1167,0.1167,0.1167,0.1167,0.0000,0.0,0
1790770260,0.1167,0.1167,0.1167,0.1167,0.0000,0.0,0
1790770320,0.1167,0.1167,0.1167,0.1167,0.0000,0.0,0
1790770380,0.1167,0.1167,0.1166,0.1166,0.1166,267.3828,2
1790770440,0.1166,0.1166,0.1166,0.1166,0.0000,0.0,0
1790770500,0.1166,0.1166,0.1166,0.1166,0.0000,0.0,0
1790770560,0.1164,0.1164,0.1164,0.1164,0.1164,267.3828,2
1790770620,0.1162,0.1162,0.1162,0.1162,0.1162,1240.56057,3
1790770680,0.1162,0.1162,0.1162,0.1162,0.0000,0.0,0
1790770740,0.1162,0.1162,0.1162,0.1162,0.0000,0.0,0
1790770800,0.1161,0.1161,0.116,0.116,0.1160,2792.3933,2
1790770860,0.116,0.116,0.116,0.116,0.0000,0.0,0
1790770920,0.116,0.116,0.116,0.116,0.1160,2142.2898,2
1790770980,0.1163,0.1163,0.1163,0.1163,0.1163,434.7763,1
1790771040,0.116,0.116,0.116,0.116,0.1160,142.3828,1
1790771100,0.1162,0.1162,0.116,0.116,0.1161,10473.63116,6
1790771160,0.116,0.116,0.116,0.116,0.1160,142.3828,1
1790771220,0.116,0.116,0.116,0.116,0.0000,0.0,0
1790771280,0.116,0.116,0.116,0.116,0.1160,125.0,1
1790771340,0.116,0.1163,0.116,0.1163,0.1162,392.3828,3
1790771400,0.1163,0.1171,0.1159,0.1169,0.1163,23096.25895,43
1790771460,0.1174,0.1181,0.1174,0.1181,0.1178,15271.70649,25
1790771520,0.118,0.118,0.1178,0.118,0.1179,10516.62536,14
1790771580,0.1179,0.1179,0.1173,0.1173,0.1174,23754.8641,6
1790771640,0.1172,0.1176,0.1171,0.1176,0.1174,8756.45714,9
1790771700,0.1178,0.1187,0.1178,0.1186,0.1184,19044.96307,17
1790771760,0.1182,0.1182,0.1179,0.118,0.1179,8107.37896,6
1790771820,0.1177,0.1179,0.1177,0.1178,0.1178,21718.51282,10
1790771880,0.1179,0.1184,0.1179,0.1184,0.1181,6353.7621,15
1790771940,0.1186,0.1189,0.1186,0.1188,0.1187,8535.46139,9
1790772000,0.1188,0.119,0.1187,0.1188,0.1187,7492.62628,7
1790772060,0.1186,0.1188,0.1186,0.1188,0.1187,6191.85308,6
1790772120,0.1187,0.1187,0.1185,0.1185,0.1185,7003.59484,6
1790772180,0.1184,0.1185,0.1184,0.1185,0.1184,9032.10634,5
1790772240,0.1185,0.1185,0.1185,0.1185,0.1185,4593.35304,2
1790772300,0.1187,0.1187,0.1187,0.1187,0.1187,125.0,1
1790772360,0.1188,0.1188,0.1187,0.1187,0.1187,480.91081,4
1790772420,0.1187,0.1187,0.1182,0.1182,0.1183,11675.59309,11
1790772480,0.1187,0.1187,0.1187,0.1187,0.1187,125.0,1
1790772540,0.1186,0.1188,0.1186,0.1188,0.1186,267.3828,2
1790772600,0.1187,0.1189,0.1187,0.1189,0.1188,9706.57934,8
1790772660,0.1187,0.1187,0.1187,0.1187,0.1187,2577.5384,1
1790772720,0.1187,0.1187,0.1187,0.1187,0.1187,284.7656,2
1790772780,0.1188,0.1189,0.1188,0.1188,0.1188,18607.43763,10
1790772840,0.1189,0.1189,0.1189,0.1189,0.1189,1687.5,3
1790772900,0.1189,0.1189,0.1189,0.1189,0.1189,125.0,1
1790772960,0.1193,0.1194,0.1193,0.1194,0.1193,951.91819,6
1790773020,0.1196,0.1196,0.1196,0.1196,0.1196,156.0794,1
1790773080,0.1195,0.1195,0.119,0.119,0.1192,7792.19907,5
1790773140,0.1188,0.1188,0.1188,0.1188,0.1188,12413.87717,2
1790773200,0.1186,0.1186,0.1186,0.1186,0.1186,274.7698,2
1790773260,0.1185,0.1185,0.1185,0.1185,0.1185,142.3828,1
1790773320,0.1185,0.1185,0.1185,0.1185,0.0000,0.0,0
1790773380,0.1185,0.1185,0.1185,0.1185,0.0000,0.0,0
1790773440,0.1185,0.1185,0.1185,0.1185,0.0000,0.0,0
1790773500,0.1185,0.1185,0.1185,0.1185,0.0000,0.0,0
1790773560,0.119,0.119,0.119,0.119,0.1190,645.5153,2
1790773620,0.119,0.119,0.119,0.119,0.0000,0.0,0
1790773680,0.1189,0.1189,0.1189,0.1189,0.1189,986.1328,2
1790773740,0.1191,0.1191,0.1191,0.1191,0.1191,267.3828,2
1790773800,0.1191,0.1191,0.1191,0.1191,0.1191,2531.25,3
1790773860,0.1192,0.1192,0.1192,0.1192,0.1192,4574.94739,4
1790773920,0.1192,0.1192,0.1192,0.1192,0.0000,0.0,0
1790773980,0.1191,0.1191,0.1191,0.1191,0.1191,4626.25113,3
1790774040,0.1191,0.1191,0.1191,0.1191,0.0000,0.0,0
1790774100,0.1191,0.1191,0.1191,0.1191,0.1191,125.0,1
1790774160,0.119,0.119,0.119,0.119,0.1190,4436.46063,1
1790774220,0.1188,0.1189,0.1188,0.1189,0.1188,5783.62105,4
1790774280,0.1189,0.1189,0.1189,0.1189,0.0000,0.0,0
1790774340,0.1187,0.1187,0.1187,0.1187,0.1187,125.0,1
1790774400,0.1187,0.1187,0.1187,0.1187,0.1187,22074.17024,7
1790774460,0.1187,0.1187,0.1187,0.1187,0.1187,142.3828,1
1790774520,0.1188,0.1188,0.1188,0.1188,0.1188,702.144,1
1790774580,0.1188,0.1188,0.1188,0.1188,0.0000,0.0,0
1790774640,0.1188,0.1188,0.1188,0.1188,0.0000,0.0,0
1790774700,0.1188,0.1188,0.1188,0.1188,0.0000,0.0,0
1790774760,0.1186,0.1186,0.1186,0.1186,0.1186,807.46632,2
1790774820,0.1187,0.1187,0.1187,0.1187,0.1187,300.78368,2
1790774880,0.1183,0.1183,0.1182,0.1182,0.1182,4519.92186,2
1790774940,0.1185,0.1185,0.1185,0.1185,0.1185,125.0,1
1790775000,0.1182,0.1182,0.1182,0.1182,0.1182,201.93668,2
1790775060,0.1186,0.1186,0.1186,0.1186,0.1186,142.3828,1
1790775120,0.1186,0.1186,0.1186,0.1186,0.0000,0.0,0
1790775180,0.1186,0.1186,0.1186,0.1186,0.0000,0.0,0
1790775240,0.1186,0.1186,0.1186,0.1186,0.0000,0.0,0
1790775300,0.118,0.118,0.1169,0.117,0.1175,18125.37723,13
1790775360,0.1168,0.1168,0.1164,0.1167,0.1165,11196.47816,19
1790775420,0.1168,0.1168,0.1163,0.1163,0.1163,5565.47164,2
1790775480,0.1162,0.1166,0.1161,0.1163,0.1162,3247.76098,11
1790775540,0.1165,0.1165,0.1164,0.1164,0.1164,11300.10859,2
1790775600,0.1166,0.1166,0.1156,0.1156,0.1161,10211.83076,10
1790775660,0.1157,0.1163,0.1157,0.1162,0.1160,10363.67126,6
1790775720,0.1163,0.1169,0.1163,0.1168,0.1167,15262.32915,9
1790775780,0.1169,0.1169,0.1167,0.1167,0.1167,35663.64965,8
1790775840,0.1167,0.1167,0.1167,0.1167,0.1167,4902.40424,4
1790775900,0.1168,0.1169,0.1168,0.1169,0.1168,5177.6552,9
1790775960,0.1169,0.1169,0.1169,0.1169,0.1169,125.0,1
1790776020,0.1172,0.1172,0.1172,0.1172,0.1172,4138.3604,3
1790776080,0.1171,0.1172,0.1169,0.1169,0.1171,8295.13625,5
1790776140,0.1171,0.1171,0.1171,0.1171,0.1171,185.09497,1
1790776200,0.117,0.117,0.117,0.117,0.1170,10356.25222,9
1790776260,0.117,0.117,0.117,0.117,0.0000,0.0,0
1790776320,0.1171,0.1171,0.1171,0.1171,0.1171,5544.12718,2
1790776380,0.117,0.117,0.117,0.117,0.1170,142.3828,1
1790776440,0.117,0.117,0.117,0.117,0.0000,0.0,0
1790776500,0.1172,0.1172,0.1171,0.1171,0.1171,718.37527,3
1790776560,0.1169,0.117,0.1169,0.117,0.1169,284.7656,2
1790776620,0.1168,0.1168,0.1168,0.1168,0.1168,2812.743,4
1790776680,0.1168,0.1168,0.1168,0.1168,0.0000,0.0,0
1790776740,0.117,0.1171,0.1169,0.1171,0.1169,902.42728,7
1790776800,0.1172,0.1172,0.1171,0.1171,0.1171,552.1484,4
1790776860,0.117,0.1171,0.117,0.117,0.1170,5092.80063,6
1790776920,0.1171,0.1171,0.1171,0.1171,0.1171,267.3828,2
1790776980,0.1172,0.1172,0.1172,0.1172,0.1172,142.3828,1
1790777040,0.1172,0.1172,0.1172,0.1172,0.1172,125.0,1
1790777100,0.1174,0.1175,0.1174,0.1175,0.1174,267.3828,2
1790777160,0.1176,0.1177,0.1176,0.1177,0.1176,9652.98493,10
1790777220,0.1175,0.1175,0.1172,0.1172,0.1172,29204.18921,6
1790777280,0.1171,0.1172,0.1171,0.1172,0.1171,327.2661,2
1790777340,0.1172,0.1172,0.1172,0.1172,0.0000,0.0,0
1790777400,0.1172,0.1172,0.1172,0.1172,0.0000,0.0,0
1790777460,0.117,0.117,0.1167,0.1167,0.1167,4668.85285,2
1790777520,0.1167,0.1167,0.1167,0.1167,0.0000,0.0,0
1790777580,0.1174,0.1174,0.1173,0.1173,0.1173,4641.62468,2
1790777640,0.1173,0.1173,0.1173,0.1173,0.0000,0.0,0
1790777700,0.1173,0.1173,0.1173,0.1173,0.0000,0.0,0
1790777760,0.1173,0.1173,0.1173,0.1173,0.0000,0.0,0
1790777820,0.117,0.117,0.1168,0.1169,0.1169,5024.75755,5
1790777880,0.1166,0.1166,0.1166,0.1166,0.1166,142.3828,1
1790777940,0.1166,0.1166,0.1166,0.1166,0.0000,0.0,0
1790778000,0.1166,0.1166,0.1166,0.1166,0.0000,0.0,0
1790778060,0.1164,0.1164,0.1164,0.1164,0.1164,4538.61305,4
1790778120,0.1163,0.1163,0.1157,0.1157,0.1159,7814.52575,8
1790778180,0.1158,0.1158,0.1149,0.1154,0.1153,41116.55616,28
1790778240,0.1155,0.1155,0.1153,0.1153,0.1154,18661.64905,11
1790778300,0.1154,0.1154,0.1154,0.1154,0.1154,142.3828,1
1790778360,0.1154,0.1154,0.1153,0.1153,0.1153,9084.50138,4
1790778420,0.1153,0.1153,0.1153,0.1153,0.0000,0.0,0
1790778480,0.1147,0.1147,0.1146,0.1146,0.1146,23735.49156,9
1790778540,0.1146,0.1149,0.1146,0.1149,0.1146,9769.85649,8
1790778600,0.1148,0.1152,0.1148,0.1152,0.1148,1991.2786,5
1790778660,0.115,0.1152,0.1149,0.115,0.1150,5144.27853,5
1790778720,0.115,0.115,0.1145,0.1146,0.1149,5396.4591,9
1790778780,0.1146,0.1146,0.1146,0.1146,0.1146,142.3828,1
1790778840,0.1149,0.115,0.1145,0.1145,0.1148,846.36872,4
1790778900,0.1145,0.1145,0.1145,0.1145,0.0000,0.0,0
1790778960,0.1145,0.1145,0.1145,0.1145,0.0000,0.0,0
1790779020,0.1145,0.1145,0.1145,0.1145,0.0000,0.0,0
1790779080,0.1149,0.1149,0.1148,0.1148,0.1148,17021.4139,5
1790779140,0.115,0.115,0.115,0.115,0.1150,3050.2842,3
1790779200,0.1147,0.1147,0.1144,0.1144,0.1144,5028.86318,4
1790779260,0.1144,0.1144,0.1144,0.1144,0.0000,0.0,0
1790779320,0.1147,0.1147,0.1147,0.1147,0.1147,142.3828,1
1790779380,0.1147,0.1147,0.1147,0.1147,0.0000,0.0,0
1790779440,0.1147,0.1147,0.1147,0.1147,0.0000,0.0,0
1790779500,0.1146,0.1146,0.1146,0.1146,0.1146,142.3828,1
1790779560,0.1146,0.1146,0.1146,0.1146,0.0000,0.0,0
1790779620,0.1148,0.1149,0.1148,0.1149,0.1148,421.1176,2
1790779680,0.1149,0.1149,0.1149,0.1149,0.0000,0.0,0
1790779740,0.1149,0.1149,0.1149,0.1149,0.0000,0.0,0
1790779800,0.1149,0.1149,0.1149,0.1149,0.1149,4599.03882,2
1790779860,0.115,0.115,0.115,0.115,0.1150,4740.11219,2
1790779920,0.1152,0.1152,0.1152,0.1152,0.1152,2376.9346,4
1790779980,0.1152,0.1152,0.1152,0.1152,0.0000,0.0,0
1790780040,0.1149,0.115,0.1149,0.115,0.1149,9470.3208,6
1790780100,0.115,0.115,0.115,0.115,0.1150,5364.07903,3
1790780160,0.115,0.115,0.115,0.115,0.0000,0.0,0
1790780220,0.115,0.115,0.115,0.115,0.0000,0.0,0
1790780280,0.1148,0.1148,0.1147,0.1147,0.1147,284.7656,2
1790780340,0.1147,0.1147,0.1147,0.1147,0.0000,0.0,0
1790780400,0.1149,0.1149,0.1149,0.1149,0.1149,9459.84103,8
1790780460,0.1147,0.1149,0.1147,0.1149,0.1148,875.50746,2
1790780520,0.1149,0.1149,0.1149,0.1149,0.0000,0.0,0
1790780580,0.1149,0.1149,0.1149,0.1149,0.0000,0.0,0
1790780640,0.1149,0.1149,0.1149,0.1149,0.0000,0.0,0
1790780700,0.1149,0.1149,0.1149,0.1149,0.0000,0.0,0
1790780760,0.1149,0.1149,0.1149,0.1149,0.1149,284.7656,2
1790780820,0.1148,0.1148,0.1148,0.1148,0.1148,3353.2534,4
1790780880,0.1147,0.1147,0.1147,0.1147,0.1147,142.3828,1
1790780940,0.1147,0.1147,0.1147,0.1147,0.0000,0.0,0
1790781000,0.1147,0.1147,0.1147,0.1147,0.0000,0.0,0
1790781060,0.1152,0.1152,0.1152,0.1152,0.1152,142.3828,1
1790781120,0.1148,0.1148,0.1148,0.1148,0.1148,4600.77038,3
1790781180,0.1149,0.1149,0.1147,0.1147,0.1148,284.7656,2
1790781240,0.1147,0.1147,0.1147,0.1147,0.1147,4606.28761,1
1790781300,0.1145,0.1145,0.1145,0.1145,0.1145,4613.98737,1
1790781360,0.1145,0.1145,0.1145,0.1145,0.1145,125.0,1
1790781420,0.1145,0.1145,0.1145,0.1145,0.0000,0.0,0
1790781480,0.1141,0.1141,0.114,0.114,0.1140,4897.91404,3
1790781540,0.1137,0.1137,0.1137,0.1137,0.1137,4647.2273,6
1790781600,0.1137,0.1138,0.1137,0.1138,0.1137,6773.04521,5
1790781660,0.1138,0.1138,0.1138,0.1138,0.0000,0.0,0
1790781720,0.114,0.1143,0.114,0.1143,0.1140,10490.89621,5
1790781780,0.114,0.114,0.114,0.114,0.1140,877.18525,1
1790781840,0.1141,0.1141,0.1141,0.1141,0.1141,876.40103,1
1790781900,0.1137,0.1137,0.1137,0.1137,0.1137,2985.7846,5
1790781960,0.1135,0.1135,0.1135,0.1135,0.1135,267.3828,2
1790782020,0.1135,0.1135,0.1135,0.1135,0.1135,142.3828,1
1790782080,0.1138,0.1138,0.1138,0.1138,0.1138,4642.982,2
1790782140,0.1139,0.1139,0.1139,0.1139,0.1139,427.1484,3
1790782200,0.1139,0.1139,0.1139,0.1139,0.1139,4217.754,2
1790782260,0.1139,0.1139,0.1139,0.1139,0.0000,0.0,0
1790782320,0.1151,0.1151,0.1151,0.1151,0.1151,142.3828,1
1790782380,0.1151,0.1151,0.1151,0.1151,0.0000,0.0,0
1790782440,0.1151,0.1151,0.1151,0.1151,0.0000,0.0,0
1790782500,0.1147,0.1147,0.1147,0.1147,0.1147,4605.29083,1
1790782560,0.1147,0.1147,0.1147,0.1147,0.0000,0.0,0
1790782620,0.1146,0.1146,0.1146,0.1146,0.1146,267.3828,2
1790782680,0.115,0.115,0.115,0.115,0.1150,8006.67369,5
1790782740,0.115,0.115,0.115,0.115,0.0000,0.0,0
1790782800,0.1152,0.1153,0.1152,0.1153,0.1152,4872.3508,3
1790782860,0.1152,0.1152,0.1152,0.1152,0.1152,4586.61342,1
1790782920,0.115,0.115,0.115,0.115,0.1150,4719.99631,3
1790782980,0.115,0.115,0.115,0.115,0.0000,0.0,0
1790783040,0.1148,0.1148,0.1148,0.1148,0.1148,2115.3929,3
1790783100,0.1148,0.1148,0.1148,0.1148,0.0000,0.0,0
1790783160,0.1148,0.1148,0.1148,0.1148,0.0000,0.0,0
1790783220,0.1155,0.1155,0.1155,0.1155,0.1155,3375.0,1
1790783280,0.1156,0.1156,0.1156,0.1156,0.1156,4714.79881,2
1790783340,0.1158,0.1158,0.1158,0.1158,0.1158,4957.18816,4
1790783400,0.1158,0.1158,0.1158,0.1158,0.1158,125.0,1
1790783460,0.1158,0.1158,0.1158,0.1158,0.0000,0.0,0
1790783520,0.1158,0.1158,0.1158,0.1158,0.0000,0.0,0
1790783580,0.1158,0.1158,0.1158,0.1158,0.0000,0.0,0
1790783640,0.1157,0.1157,0.1157,0.1157,0.1157,142.3828,1
1790783700,0.1157,0.1157,0.1157,0.1157,0.0000,0.0,0
1790783760,0.1158,0.1158,0.1158,0.1158,0.1158,142.3828,1
1790783820,0.116,0.116,0.116,0.116,0.1160,4559.62322,1
1790783880,0.116,0.116,0.116,0.116,0.1160,142.3828,1
1790783940,0.116,0.116,0.116,0.116,0.0000,0.0,0
1790784000,0.1161,0.1161,0.1161,0.1161,0.1161,142.3828,1
1790784060,0.1161,0.1161,0.1161,0.1161,0.0000,0.0,0
1790784120,0.1161,0.1161,0.1161,0.1161,0.0000,0.0,0
1790784180,0.1161,0.1161,0.1161,0.1161,0.0000,0.0,0
1790784240,0.1164,0.1164,0.1164,0.1164,0.1164,284.7656,2
1790784300,0.1166,0.1166,0.1165,0.1165,0.1165,284.7656,2
1790784360,0.1167,0.117,0.1167,0.117,0.1169,4935.54641,4
1790784420,0.1169,0.1169,0.1169,0.1169,0.1169,7183.82024,5
1790784480,0.1169,0.1169,0.1169,0.1169,0.1169,142.3828,1
1790784540,0.1169,0.1169,0.1169,0.1169,0.0000,0.0,0
1790784600,0.1169,0.1169,0.1169,0.1169,0.0000,0.0,0
1790784660,0.1167,0.1167,0.1167,0.1167,0.1167,843.75,1
1790784720,0.1167,0.1167,0.1167,0.1167,0.0000,0.0,0
1790784780,0.1166,0.1166,0.1166,0.1166,0.1166,4540.50232,1
1790784840,0.1166,0.1166,0.1166,0.1166,0.0000,0.0,0
1790784900,0.1166,0.1166,0.1166,0.1166,0.0000,0.0,0
1790784960,0.1166,0.1166,0.1166,0.1166,0.0000,0.0,0
1790785020,0.1166,0.1166,0.1166,0.1166,0.1166,4681.58231,2
1790785080,0.1166,0.1166,0.1166,0.1166,0.0000,0.0,0
1790785140,0.1167,0.1167,0.1167,0.1167,0.1167,125.0,1
1790785200,0.1166,0.1166,0.1163,0.1163,0.1165,10046.61331,7
1790785260,0.1163,0.1163,0.1163,0.1163,0.1163,17169.77283,7
1790785320,0.1163,0.1163,0.1163,0.1163,0.0000,0.0,0
1790785380,0.1165,0.1167,0.1165,0.1167,0.1166,699.50368,3
1790785440,0.1167,0.1167,0.1167,0.1167,0.0000,0.0,0
1790785500,0.1167,0.1167,0.1167,0.1167,0.0000,0.0,0
1790785560,0.1167,0.1167,0.1167,0.1167,0.0000,0.0,0
1790785620,0.1167,0.1167,0.1167,0.1167,0.0000,0.0,0
1790785680,0.1167,0.1167,0.1167,0.1167,0.0000,0.0,0
1790785740,0.1167,0.1167,0.1167,0.1167,0.0000,0.0,0
1790785800,0.1163,0.1163,0.1161,0.1161,0.1161,351.68512,2
1790785860,0.1161,0.1161,0.1161,0.1161,0.0000,0.0,0
1790785920,0.1161,0.1161,0.1161,0.1161,0.0000,0.0,0
1790785980,0.1159,0.1159,0.1159,0.1159,0.1159,4566.17371,1
1790786040,0.1159,0.1159,0.1159,0.1159,0.0000,0.0,0
1790786100,0.1159,0.1159,0.1159,0.1159,0.0000,0.0,0
1790786160,0.1159,0.1159,0.1159,0.1159,0.0000,0.0,0
1790786220,0.1158,0.1158,0.1158,0.1158,0.1158,4570.86348,1
1790786280,0.1158,0.1158,0.1158,0.1158,0.0000,0.0,0
1790786340,0.1161,0.1161,0.1161,0.1161,0.1161,4698.79752,2
1790786400,0.1161,0.1161,0.1161,0.1161,0.0000,0.0,0
1790786460,0.1161,0.1161,0.1161,0.1161,0.0000,0.0,0
1790786520,0.1161,0.1161,0.1161,0.1161,0.0000,0.0,0
1790786580,0.117,0.117,0.117,0.117,0.1170,125.0,1
1790786640,0.117,0.117,0.117,0.117,0.0000,0.0,0
1790786700,0.1168,0.1168,0.1168,0.1168,0.1168,1687.5,2
1790786760,0.1168,0.1169,0.1168,0.1169,0.1168,409.7656,3
1790786820,0.1169,0.1169,0.1169,0.1169,0.0000,0.0,0
1790786880,0.1169,0.1169,0.1169,0.1169,0.0000,0.0,0
1790786940,0.1169,0.1169,0.1169,0.1169,0.0000,0.0,0
1790787000,0.1169,0.1169,0.1169,0.1169,0.0000,0.0,0
1790787060,0.1169,0.1169,0.1169,0.1169,0.0000,0.0,0
1790787120,0.1169,0.1169,0.1169,0.1169,0.0000,0.0,0
1790787180,0.117,0.117,0.117,0.117,0.1170,2531.25,1
1790787240,0.117,0.117,0.117,0.117,0.0000,0.0,0
1790787300,0.117,0.117,0.117,0.117,0.0000,0.0,0
1790787360,0.1169,0.1169,0.1169,0.1169,0.1169,142.3828,1
1790787420,0.1169,0.1169,0.1169,0.1169,0.0000,0.0,0
1790787480,0.1169,0.1169,0.1169,0.1169,0.0000,0.0,0
1790787540,0.1169,0.1169,0.1169,0.1169,0.0000,0.0,0
1790787600,0.1169,0.1169,0.1169,0.1169,0.0000,0.0,0
1790787660,0.1169,0.1169,0.1169,0.1169,0.0000,0.0,0
1790787720,0.1169,0.1169,0.1169,0.1169,0.0000,0.0,0
1790787780,0.1169,0.1169,0.1169,0.1169,0.0000,0.0,0
1790787840,0.1167,0.1167,0.1165,0.1165,0.1165,5062.5,4
1790787900,0.1165,0.1165,0.1165,0.1165,0.0000,0.0,0
1790787960,0.1165,0.1165,0.1165,0.1165,0.0000,0.0,0
1790788020,0.1165,0.1165,0.1165,0.1165,0.0000,0.0,0
1790788080,0.1165,0.1165,0.1165,0.1165,0.0000,0.0,0
1790788140,0.1168,0.1168,0.1167,0.1167,0.1167,683.8086,4
1790788200,0.1167,0.1167,0.1167,0.1167,0.0000,0.0,0
1790788260,0.1167,0.1167,0.1167,0.1167,0.0000,0.0,0
1790788320,0.1167,0.1167,0.1167,0.1167,0.0000,0.0,0
1790788380,0.1167,0.1167,0.1167,0.1167,0.0000,0.0,0
1790788440,0.1167,0.1167,0.1167,0.1167,0.0000,0.0,0
1790788500,0.1167,0.1167,0.1167,0.1167,0.0000,0.0,0
1790788560,0.1167,0.1167,0.1167,0.1167,0.0000,0.0,0
1790788620,0.116,0.116,0.116,0.116,0.1160,3800.0,1
1790788680,0.116,0.116,0.116,0.116,0.0000,0.0,0
1790788740,0.116,0.116,0.116,0.116,0.0000,0.0,0
1790788800,0.116,0.116,0.116,0.116,0.0000,0.0,0
1790788860,0.116,0.116,0.116,0.116,0.0000,0.0,0
1790788920,0.116,0.116,0.116,0.116,0.0000,0.0,0
1790788980,0.116,0.116,0.116,0.116,0.0000,0.0,0
1790789040,0.116,0.116,0.116,0.116,0.0000,0.0,0
1790789100,0.116,0.116,0.116,0.116,0.0000,0.0,0
1790789160,0.1156,0.1156,0.1156,0.1156,0.1156,142.3828,1
1790789220,0.1156,0.1156,0.1156,0.1156,0.0000,0.0,0
1790789280,0.1156,0.1156,0.1156,0.1156,0.0000,0.0,0
1790789340,0.1156,0.1156,0.1156,0.1156,0.0000,0.0,0
1790789400,0.1156,0.1156,0.1156,0.1156,0.0000,0.0,0
1790789460,0.1156,0.1156,0.1156,0.1156,0.0000,0.0,0
1790789520,0.1156,0.1156,0.1156,0.1156,0.0000,0.0,0
1790789580,0.1156,0.1156,0.1156,0.1156,0.0000,0.0,0
1790789640,0.1155,0.1155,0.1155,0.1155,0.1155,4848.74432,3
1790789700,0.1155,0.1155,0.1155,0.1155,0.0000,0.0,0
1790789760,0.1155,0.1155,0.1155,0.1155,0.0000,0.0,0
1790789820,0.1152,0.1152,0.1151,0.1151,0.1151,284.7656,2
1790789880,0.1151,0.1151,0.1151,0.1151,0.1151,142.3828,1
1790789940,0.1151,0.1151,0.1151,0.1151,0.0000,0.0,0
1790790000,0.1151,0.1151,0.1151,0.1151,0.0000,0.0,0
1790790060,0.1151,0.1151,0.1151,0.1151,0.0000,0.0,0
1790790120,0.1151,0.1151,0.1151,0.1151,0.0000,0.0,0
1790790180,0.1153,0.1153,0.1153,0.1153,0.1153,142.3828,1
1790790240,0.1153,0.1153,0.1153,0.1153,0.0000,0.0,0
1790790300,0.1153,0.1153,0.1153,0.1153,0.0000,0.0,0
1790790360,0.1154,0.1154,0.1154,0.1154,0.1154,1812.5,3
1790790420,0.1158,0.1158,0.1158,0.1158,0.1158,142.3828,1
1790790480,0.1155,0.1157,0.1155,0.1157,0.1156,859.5742,4
1790790540,0.1157,0.1157,0.1157,0.1157,0.0000,0.0,0
1790790600,0.1157,0.1157,0.1157,0.1157,0.0000,0.0,0
1790790660,0.1157,0.1157,0.1157,0.1157,0.0000,0.0,0
1790790720,0.1155,0.1155,0.1155,0.1155,0.1155,142.3828,1
1790790780,0.1155,0.1155,0.1155,0.1155,0.0000,0.0,0
1790790840,0.1155,0.1155,0.1155,0.1155,0.0000,0.0,0
1790790900,0.1155,0.1155,0.1155,0.1155,0.0000,0.0,0
1790790960,0.1155,0.1155,0.1155,0.1155,0.0000,0.0,0
1790791020,0.1155,0.1155,0.1155,0.1155,0.0000,0.0,0
1790791080,0.1155,0.1155,0.1155,0.1155,0.0000,0.0,0
1790791140,0.1155,0.1155,0.1155,0.1155,0.0000,0.0,0
1790791200,0.1155,0.1155,0.1155,0.1155,0.0000,0.0,0
1790791260,0.1155,0.1155,0.1155,0.1155,0.0000,0.0,0
1790791320,0.1155,0.1155,0.1155,0.1155,0.0000,0.0,0
1790791380,0.1155,0.1155,0.1155,0.1155,0.0000,0.0,0
1790791440,0.1149,0.1151,0.1149,0.1151,0.1149,1668.1636,5
1790791500,0.1149,0.1149,0.1149,0.1149,0.1149,4606.07583,1
1790791560,0.1146,0.1146,0.1146,0.1146,0.1146,125.0,1
1790791620,0.1146,0.1146,0.1146,0.1146,0.0000,0.0,0
1790791680,0.1146,0.1146,0.1146,0.1146,0.0000,0.0,0
1790791740,0.1146,0.1146,0.1146,0.1146,0.0000,0.0,0
1790791800,0.1146,0.1146,0.1146,0.1146,0.0000,0.0,0
1790791860,0.1146,0.1146,0.1146,0.1146,0.0000,0.0,0
1790791920,0.1146,0.1146,0.1146,0.1146,0.0000,0.0,0
1790791980,0.1146,0.1146,0.1146,0.1146,0.0000,0.0,0
1790792040,0.1146,0.1146,0.1146,0.1146,0.0000,0.0,0
1790792100,0.1146,0.1146,0.1146,0.1146,0.0000,0.0,0
1790792160,0.1148,0.1148,0.1148,0.1148,0.1148,142.3828,1
1790792220,0.1148,0.1148,0.1148,0.1148,0.0000,0.0,0
1790792280,0.1148,0.1148,0.1148,0.1148,0.0000,0.0,0
1790792340,0.1148,0.1148,0.1148,0.1148,0.0000,0.0,0
1790792400,0.1148,0.1148,0.1148,0.1148,0.1148,4343.75,5
1790792460,0.1148,0.1148,0.1148,0.1148,0.0000,0.0,0
1790792520,0.1148,0.1148,0.1148,0.1148,0.0000,0.0,0
1790792580,0.1148,0.1148,0.1148,0.1148,0.0000,0.0,0
1790792640,0.1148,0.1148,0.1148,0.1148,0.0000,0.0,0
1790792700,0.1146,0.1146,0.1146,0.1146,0.1146,4619.5189,3
1790792760,0.1145,0.1145,0.1145,0.1145,0.1145,440.4321,1
1790792820,0.1145,0.1145,0.1145,0.1145,0.0000,0.0,0
1790792880,0.1145,0.1145,0.1145,0.1145,0.0000,0.0,0
1790792940,0.1145,0.1145,0.1145,0.1145,0.0000,0.0,0
1790793000,0.1147,0.1147,0.1147,0.1147,0.1147,4740.20638,4
1790793060,0.1148,0.1149,0.1148,0.1149,0.1148,3607.4037,5
1790793120,0.1149,0.1149,0.1149,0.1149,0.0000,0.0,0
1790793180,0.1145,0.1147,0.1145,0.1147,0.1145,4891.28382,5
1790793240,0.1147,0.1147,0.1147,0.1147,0.0000,0.0,0
1790793300,0.1147,0.1147,0.1147,0.1147,0.0000,0.0,0
1790793360,0.1143,0.1143,0.1143,0.1143,0.1143,4631.7452,5
1790793420,0.1143,0.1143,0.1143,0.1143,0.0000,0.0,0
1790793480,0.1143,0.1143,0.1143,0.1143,0.0000,0.0,0
1790793540,0.1143,0.1143,0.1143,0.1143,0.1143,142.3828,1
1790793600,0.1141,0.1142,0.1141,0.1142,0.1141,5049.8766,8
1790793660,0.1142,0.1142,0.1142,0.1142,0.0000,0.0,0
1790793720,0.1141,0.1141,0.1139,0.1139,0.1139,24843.8061,10
1790793780,0.1141,0.1141,0.114,0.114,0.1140,4782.6774,6
1790793840,0.1139,0.1139,0.1138,0.1138,0.1138,4777.48583,2
1790793900,0.1138,0.1138,0.1138,0.1138,0.0000,0.0,0
1790793960,0.1138,0.1138,0.1138,0.1138,0.0000,0.0,0
1790794020,0.1138,0.1138,0.1138,0.1138,0.0000,0.0,0
1790794080,0.1138,0.1138,0.1138,0.1138,0.0000,0.0,0
1790794140,0.1137,0.1137,0.1137,0.1137,0.1137,440.4321,2
1790794200,0.114,0.114,0.114,0.114,0.1140,275.0434,2
1790794260,0.114,0.114,0.114,0.114,0.0000,0.0,0
1790794320,0.114,0.114,0.114,0.114,0.0000,0.0,0
1790794380,0.114,0.114,0.114,0.114,0.0000,0.0,0
1790794440,0.114,0.114,0.114,0.114,0.0000,0.0,0
1790794500,0.114,0.114,0.114,0.114,0.0000,0.0,0
1790794560,0.114,0.114,0.114,0.114,0.0000,0.0,0
1790794620,0.114,0.114,0.114,0.114,0.0000,0.0,0
1790794680,0.114,0.114,0.114,0.114,0.0000,0.0,0
1790794740,0.114,0.114,0.114,0.114,0.0000,0.0,0
1790794800,0.1141,0.1141,0.1141,0.1141,0.1141,4780.34768,2
1790794860,0.1141,0.1141,0.1141,0.1141,0.0000,0.0,0
1790794920,0.114,0.114,0.114,0.114,0.1140,4787.15944,2
1790794980,0.1142,0.1142,0.1142,0.1142,0.1142,5089.63365,4
1790795040,0.1142,0.1142,0.1142,0.1142,0.0000,0.0,0
1790795100,0.1143,0.1143,0.1143,0.1143,0.1143,4755.50249,4
1790795160,0.1143,0.1143,0.1143,0.1143,0.0000,0.0,0
1790795220,0.1143,0.1143,0.1143,0.1143,0.0000,0.0,0
1790795280,0.1143,0.1143,0.1143,0.1143,0.0000,0.0,0
1790795340,0.1143,0.1143,0.1143,0.1143,0.0000,0.0,0
1790795400,0.1143,0.1143,0.1143,0.1143,0.0000,0.0,0
1790795460,0.1143,0.1143,0.1143,0.1143,0.0000,0.0,0
1790795520,0.1143,0.1143,0.1143,0.1143,0.0000,0.0,0
1790795580,0.1143,0.1143,0.1143,0.1143,0.0000,0.0,0
1790795640,0.1139,0.1139,0.1139,0.1139,0.1139,3627.1363,2
1790795700,0.1139,0.1139,0.1139,0.1139,0.0000,0.0,0
1790795760,0.1139,0.1139,0.1139,0.1139,0.0000,0.0,0
1790795820,0.1134,0.1135,0.1134,0.1135,0.1134,599.27842,2
1790795880,0.1136,0.1136,0.1136,0.1136,0.1136,383.09723,1
1790795940,0.1136,0.1136,0.1136,0.1136,0.0000,0.0,0
1790796000,0.1136,0.1136,0.1136,0.1136,0.0000,0.0,0
1790796060,0.114,0.114,0.114,0.114,0.1140,142.3828,1
1790796120,0.1139,0.1139,0.1139,0.1139,0.1139,4791.41912,3
1790796180,0.1139,0.1139,0.1139,0.1139,0.0000,0.0,0
1790796240,0.1139,0.1139,0.1139,0.1139,0.0000,0.0,0
1790796300,0.1139,0.1139,0.1139,0.1139,0.0000,0.0,0
1790796360,0.114,0.114,0.114,0.114,0.1140,125.0,1
1790796420,0.114,0.114,0.114,0.114,0.0000,0.0,0
1790796480,0.1138,0.1138,0.1138,0.1138,0.1138,2099.2524,2
1790796540,0.1138,0.1138,0.1138,0.1138,0.0000,0.0,0
1790796600,0.1138,0.1138,0.1138,0.1138,0.0000,0.0,0
1790796660,0.1138,0.1138,0.1138,0.1138,0.0000,0.0,0
1790796720,0.1138,0.1138,0.1138,0.1138,0.0000,0.0,0
1790796780,0.1138,0.1138,0.1138,0.1138,0.0000,0.0,0
1790796840,0.1138,0.1138,0.1138,0.1138,0.0000,0.0,0
1790796900,0.1138,0.1138,0.1138,0.1138,0.0000,0.0,0
1790796960,0.1138,0.1138,0.1138,0.1138,0.0000,0.0,0
1790797020,0.1138,0.1138,0.1138,0.1138,0.0000,0.0,0
1790797080,0.1138,0.1138,0.1138,0.1138,0.0000,0.0,0
1790797140,0.1138,0.1138,0.1138,0.1138,0.0000,0.0,0
1790797200,0.1144,0.1144,0.1144,0.1144,0.1144,142.3828,1
1790797260,0.1144,0.1144,0.1144,0.1144,0.0000,0.0,0
1790797320,0.1144,0.1144,0.1144,0.1144,0.0000,0.0,0
1790797380,0.1144,0.1144,0.1144,0.1144,0.0000,0.0,0
1790797440,0.1144,0.1144,0.1144,0.1144,0.0000,0.0,0
1790797500,0.1144,0.1144,0.1144,0.1144,0.0000,0.0,0
1790797560,0.1144,0.1144,0.1144,0.1144,0.0000,0.0,0
1790797620,0.1143,0.1143,0.1143,0.1143,0.1143,142.3828,1
1790797680,0.1143,0.1143,0.1143,0.1143,0.1143,284.7656,2
1790797740,0.1143,0.1143,0.1143,0.1143,0.0000,0.0,0
1790797800,0.1143,0.1143,0.1143,0.1143,0.0000,0.0,0
1790797860,0.1137,0.1137,0.1134,0.1135,0.1136,4069.5312,6
1790797920,0.1135,0.1135,0.1135,0.1135,0.0000,0.0,0
1790797980,0.1135,0.1135,0.1135,0.1135,0.0000,0.0,0
1790798040,0.1135,0.1135,0.1135,0.1135,0.0000,0.0,0
1790798100,0.1135,0.1135,0.1135,0.1135,0.0000,0.0,0
1790798160,0.1135,0.1135,0.1135,0.1135,0.0000,0.0,0
1790798220,0.1135,0.1135,0.1135,0.1135,0.0000,0.0,0
1790798280,0.1135,0.1135,0.1135,0.1135,0.0000,0.0,0
1790798340,0.1135,0.1135,0.1135,0.1135,0.0000,0.0,0
1790798400,0.114,0.114,0.114,0.114,0.1140,267.3828,2
1790798460,0.114,0.114,0.114,0.114,0.1140,4790.02857,2
1790798520,0.114,0.114,0.114,0.114,0.0000,0.0,0
1790798580,0.114,0.114,0.114,0.114,0.0000,0.0,0
1790798640,0.1138,0.1138,0.1138,0.1138,0.1138,142.3828,1
1790798700,0.1142,0.1142,0.114,0.114,0.1140,427.1484,3
1790798760,0.114,0.1141,0.1139,0.1141,0.1139,7064.88358,11
1790798820,0.1142,0.1142,0.1142,0.1142,0.1142,125.0,1
1790798880,0.1142,0.1142,0.1142,0.1142,0.0000,0.0,0
1790798940,0.1142,0.1142,0.1142,0.1142,0.0000,0.0,0
1790799000,0.1142,0.1142,0.1142,0.1142,0.0000,0.0,0
1790799060,0.1142,0.1142,0.1142,0.1142,0.0000,0.0,0
1790799120,0.1142,0.1142,0.1142,0.1142,0.0000,0.0,0
1790799180,0.1139,0.1139,0.1139,0.1139,0.1139,142.3828,1
1790799240,0.1139,0.1139,0.1139,0.1139,0.0000,0.0,0
1790799300,0.1139,0.1139,0.1139,0.1139,0.0000,0.0,0
1790799360,0.1139,0.1139,0.1139,0.1139,0.0000,0.0,0
1790799420,0.1141,0.1141,0.1141,0.1141,0.1141,142.3828,1
1790799480,0.1141,0.1141,0.1141,0.1141,0.0000,0.0,0
1790799540,0.1144,0.1144,0.1144,0.1144,0.1144,415.5278,1
1790799600,0.1144,0.1144,0.1144,0.1144,0.0000,0.0,0
1790799660,0.1146,0.1146,0.1146,0.1146,0.1146,766.92908,3
1790799720,0.1146,0.1146,0.1146,0.1146,0.0000,0.0,0
1790799780,0.1149,0.1149,0.1148,0.1148,0.1148,8396.9504,8
1790799840,0.1148,0.1148,0.1148,0.1148,0.0000,0.0,0
1790799900,0.1148,0.1148,0.1148,0.1148,0.0000,0.0,0
1790799960,0.1148,0.1148,0.1148,0.1148,0.1148,4756.19474,3
1790800020,0.1148,0.1148,0.1148,0.1148,0.0000,0.0,0
1790800080,0.1148,0.1148,0.1148,0.1148,0.0000,0.0,0
1790800140,0.1148,0.1148,0.1148,0.1148,0.0000,0.0,0
1790800200,0.1148,0.1148,0.1148,0.1148,0.0000,0.0,0
1790800260,0.1148,0.1148,0.1148,0.1148,0.0000,0.0,0
1790800320,0.1143,0.1143,0.1143,0.1143,0.1143,2105.65699,3
1790800380,0.1142,0.1142,0.1142,0.1142,0.1142,267.3828,2
1790800440,0.1143,0.1143,0.1143,0.1143,0.1143,2946.7206,3
1790800500,0.1145,0.1145,0.1145,0.1145,0.1145,4625.30909,1
1790800560,0.1145,0.1145,0.1145,0.1145,0.0000,0.0,0
1790800620,0.1145,0.1145,0.1145,0.1145,0.0000,0.0,0
1790800680,0.1145,0.1145,0.1145,0.1145,0.0000,0.0,0
1790800740,0.1146,0.1146,0.1146,0.1146,0.1146,4905.34534,4
1790800800,0.1146,0.1146,0.1146,0.1146,0.0000,0.0,0
1790800860,0.1146,0.1146,0.1146,0.1146,0.0000,0.0,0
1790800920,0.1143,0.1143,0.1143,0.1143,0.1143,437.4453,1
1790800980,0.1143,0.1143,0.1143,0.1143,0.0000,0.0,0
1790801040,0.1143,0.1143,0.1143,0.1143,0.0000,0.0,0
1790801100,0.1143,0.1143,0.1143,0.1143,0.0000,0.0,0
1790801160,0.1143,0.1143,0.1143,0.1143,0.1143,142.3828,1
1790801220,0.1143,0.1143,0.1143,0.1143,0.1143,284.7656,2
1790801280,0.1143,0.1143,0.1143,0.1143,0.0000,0.0,0
1790801340,0.1143,0.1143,0.1143,0.1143,0.0000,0.0,0
1790801400,0.1143,0.1143,0.1143,0.1143,0.0000,0.0,0
1790801460,0.1143,0.1143,0.1143,0.1143,0.0000,0.0,0
1790801520,0.1143,0.1143,0.1143,0.1143,0.0000,0.0,0
1790801580,0.1143,0.1143,0.1143,0.1143,0.0000,0.0,0
1790801640,0.1143,0.1143,0.1143,0.1143,0.0000,0.0,0
1790801700,0.1143,0.1143,0.1143,0.1143,0.0000,0.0,0
1790801760,0.1143,0.1143,0.1143,0.1143,0.0000,0.0,0
1790801820,0.1143,0.1143,0.1143,0.1143,0.0000,0.0,0
1790801880,0.1141,0.1141,0.1141,0.1141,0.1141,3365.8341,2
1790801940,0.1141,0.1141,0.1141,0.1141,0.0000,0.0,0
1790802000,0.1141,0.1141,0.1141,0.1141,0.0000,0.0,0
1790802060,0.1144,0.1144,0.1144,0.1144,0.1144,409.0435,1
1790802120,0.1143,0.1143,0.1143,0.1143,0.1143,5660.05559,2
1790802180,0.1143,0.1143,0.1143,0.1143,0.0000,0.0,0
1790802240,0.1146,0.1146,0.1146,0.1146,0.1146,142.3828,1
1790802300,0.1146,0.1146,0.1146,0.1146,0.0000,0.0,0
1790802360,0.1146,0.1146,0.1146,0.1146,0.0000,0.0,0
1790802420,0.1146,0.1146,0.1146,0.1146,0.0000,0.0,0
1790802480,0.1146,0.1146,0.1146,0.1146,0.0000,0.0,0
1790802540,0.1146,0.1146,0.1146,0.1146,0.0000,0.0,0
1790802600,0.1139,0.1139,0.1139,0.1139,0.1139,142.3828,1
1790802660,0.1139,0.1139,0.1139,0.1139,0.0000,0.0,0
1790802720,0.1139,0.1139,0.1139,0.1139,0.0000,0.0,0
1790802780,0.114,0.114,0.114,0.114,0.1140,843.75,1
1790802840,0.114,0.114,0.114,0.114,0.0000,0.0,0
1790802900,0.114,0.114,0.114,0.114,0.0000,0.0,0
1790802960,0.1138,0.1139,0.1138,0.1139,0.1138,5934.00065,5
1790803020,0.1139,0.1139,0.1139,0.1139,0.0000,0.0,0
1790803080,0.1139,0.1139,0.1139,0.1139,0.0000,0.0,0
1790803140,0.1139,0.1139,0.1139,0.1139,0.0000,0.0,0
1790803200,0.1139,0.1139,0.1139,0.1139,0.0000,0.0,0
1790803260,0.1142,0.1142,0.1142,0.1142,0.1142,732.444,1
1790803320,0.1141,0.1141,0.1141,0.1141,0.1141,2121.586,1
1790803380,0.1141,0.1141,0.1141,0.1141,0.0000,0.0,0
1790803440,0.1137,0.1137,0.1137,0.1137,0.1137,441.22327,1
1790803500,0.1137,0.1137,0.1137,0.1137,0.0000,0.0,0
1790803560,0.1137,0.1137,0.1137,0.1137,0.0000,0.0,0
1790803620,0.1137,0.1137,0.1137,0.1137,0.0000,0.0,0
1790803680,0.1137,0.1137,0.1137,0.1137,0.0000,0.0,0
1790803740,0.1139,0.1139,0.1139,0.1139,0.1139,9301.24694,2
1790803800,0.1139,0.1139,0.1139,0.1139,0.0000,0.0,0
1790803860,0.1139,0.1139,0.1139,0.1139,0.0000,0.0,0
1790803920,0.1137,0.1137,0.1137,0.1137,0.1137,417.95971,2
1790803980,0.1137,0.1137,0.1137,0.1137,0.0000,0.0,0
1790804040,0.1137,0.1137,0.1137,0.1137,0.0000,0.0,0
1790804100,0.1137,0.1137,0.1137,0.1137,0.0000,0.0,0
1790804160,0.1137,0.1137,0.1137,0.1137,0.0000,0.0,0
1790804220,0.1137,0.1137,0.1137,0.1137,0.0000,0.0,0
1790804280,0.1137,0.1137,0.1137,0.1137,0.0000,0.0,0
1790804340,0.1137,0.1137,0.1137,0.1137,0.0000,0.0,0
1790804400,0.1137,0.1137,0.1137,0.1137,0.0000,0.0,0
1790804460,0.1137,0.1137,0.1137,0.1137,0.0000,0.0,0
1790804520,0.1137,0.1137,0.1137,0.1137,0.0000,0.0,0
1790804580,0.1137,0.1137,0.1137,0.1137,0.0000,0.0,0
1790804640,0.1137,0.1137,0.1137,0.1137,0.0000,0.0,0
1790804700,0.1137,0.1137,0.1137,0.1137,0.0000,0.0,0
1790804760,0.1137,0.1137,0.1137,0.1137,0.0000,0.0,0
1790804820,0.1137,0.1137,0.1137,0.1137,0.0000,0.0,0
1790804880,0.1137,0.1137,0.1137,0.1137,0.0000,0.0,0
1790804940,0.1137,0.1137,0.1137,0.1137,0.0000,0.0,0
1790805000,0.1137,0.1137,0.1137,0.1137,0.0000,0.0,0
1790805060,0.1137,0.1137,0.1137,0.1137,0.0000,0.0,0
1790805120,0.1137,0.1137,0.1137,0.1137,0.0000,0.0,0
1790805180,0.1137,0.1137,0.1137,0.1137,0.0000,0.0,0
1790805240,0.1137,0.1137,0.1137,0.1137,0.0000,0.0,0
1790805300,0.1137,0.1137,0.1137,0.1137,0.0000,0.0,0
1790805360,0.1137,0.1137,0.1137,0.1137,0.0000,0.0,0
1790805420,0.1137,0.1137,0.1137,0.1137,0.0000,0.0,0
1790805480,0.1137,0.1137,0.1137,0.1137,0.0000,0.0,0
1790805540,0.1137,0.1137,0.1137,0.1137,0.0000,0.0,0
1790805600,0.1137,0.1137,0.1137,0.1137,0.0000,0.0,0
1790805660,0.1137,0.1137,0.1137,0.1137,0.0000,0.0,0
1790805720,0.1137,0.1137,0.1137,0.1137,0.0000,0.0,0
1790805780,0.1137,0.1137,0.1137,0.1137,0.0000,0.0,0
1790805840,0.1137,0.1137,0.1137,0.1137,0.0000,0.0,0
1790805900,0.1128,0.1129,0.1126,0.1129,0.1127,40419.61611,14
1790805960,0.1128,0.1128,0.1128,0.1128,0.1128,70.92199,1
1790806020,0.1127,0.1127,0.1127,0.1127,0.1127,4698.16776,1
1790806080,0.1127,0.1127,0.1127,0.1127,0.0000,0.0,0
1790806140,0.1129,0.1129,0.1129,0.1129,0.1129,1771.47919,1
1790806200,0.1129,0.1129,0.1129,0.1129,0.1129,298.48279,1
1790806260,0.1131,0.1131,0.1131,0.1131,0.1131,368.83659,1
1790806320,0.1131,0.1131,0.1131,0.1131,0.0000,0.0,0
1790806380,0.1132,0.1133,0.1132,0.1133,0.1132,852.50347,3
1790806440,0.1133,0.1133,0.1133,0.1133,0.1133,384.1016,1
1790806500,0.1133,0.1133,0.1133,0.1133,0.0000,0.0,0
1790806560,0.1133,0.1133,0.1133,0.1133,0.0000,0.0,0
1790806620,0.1133,0.1133,0.1133,0.1133,0.0000,0.0,0
1790806680,0.1136,0.1136,0.1136,0.1136,0.1136,464.2129,1
1790806740,0.1136,0.1136,0.1136,0.1136,0.0000,0.0,0
1790806800,0.1136,0.1136,0.1136,0.1136,0.0000,0.0,0
1790806860,0.1137,0.1138,0.1137,0.1138,0.1137,16344.77069,8
1790806920,0.1138,0.1138,0.1138,0.1138,0.0000,0.0,0
1790806980,0.1138,0.1138,0.1138,0.1138,0.0000,0.0,0
1790807040,0.1138,0.1138,0.1138,0.1138,0.1138,4652.71304,1
1790807100,0.1138,0.1138,0.1138,0.1138,0.0000,0.0,0
1790807160,0.1138,0.1138,0.1138,0.1138,0.0000,0.0,0
1790807220,0.1138,0.1138,0.1138,0.1138,0.0000,0.0,0
1790807280,0.1138,0.1138,0.1138,0.1138,0.0000,0.0,0
1790807340,0.1138,0.1138,0.1138,0.1138,0.0000,0.0,0
1790807400,0.1138,0.1138,0.1138,0.1138,0.0000,0.0,0
1790807460,0.1138,0.1138,0.1138,0.1138,0.0000,0.0,0
1790807520,0.1142,0.1142,0.1142,0.1142,0.1142,4779.1467,2
1790807580,0.1144,0.1144,0.1144,0.1144,0.1144,924.82869,2
1790807640,0.1144,0.1144,0.1144,0.1144,0.0000,0.0,0
1790807700,0.1145,0.1145,0.1145,0.1145,0.1145,70.9219,1
1790807760,0.1145,0.1145,0.1145,0.1145,0.0000,0.0,0
1790807820,0.1145,0.1145,0.1145,0.1145,0.0000,0.0,0
1790807880,0.1145,0.1145,0.1145,0.1145,0.0000,0.0,0
1790807940,0.1145,0.1145,0.1145,0.1145,0.0000,0.0,0
1790808000,0.1145,0.1146,0.1145,0.1146,0.1145,616.81286,3
1790808060,0.1146,0.1146,0.1146,0.1146,0.0000,0.0,0
1790808120,0.1146,0.1146,0.1146,0.1146,0.0000,0.0,0
1790808180,0.1146,0.1146,0.1146,0.1146,0.0000,0.0,0
1790808240,0.1148,0.1148,0.1148,0.1148,0.1148,142.3828,1
1790808300,0.1148,0.1148,0.1148,0.1148,0.0000,0.0,0
1790808360,0.115,0.115,0.115,0.115,0.1150,156.5806,1
1790808420,0.115,0.115,0.115,0.115,0.1150,142.3828,1
1790808480,0.115,0.115,0.115,0.115,0.0000,0.0,0
1790808540,0.115,0.115,0.115,0.115,0.0000,0.0,0
1790808600,0.1149,0.1149,0.1149,0.1149,0.1149,4608.45385,1
1790808660,0.1148,0.1148,0.1148,0.1148,0.1148,2656.25,1
1790808720,0.1147,0.1147,0.1147,0.1147,0.1147,4616.69485,1
1790808780,0.1147,0.1147,0.1147,0.1147,0.0000,0.0,0
1790808840,0.1147,0.1147,0.1147,0.1147,0.0000,0.0,0
1790808900,0.1147,0.1147,0.1147,0.1147,0.0000,0.0,0
1790808960,0.1147,0.1147,0.1147,0.1147,0.0000,0.0,0
1790809020,0.1147,0.1147,0.1147,0.1147,0.0000,0.0,0
1790809080,0.1147,0.1147,0.1147,0.1147,0.0000,0.0,0
1790809140,0.1147,0.1147,0.1147,0.1147,0.0000,0.0,0
1790809200,0.1145,0.1146,0.1145,0.1146,0.1145,959.617,2
1790809260,0.1146,0.1146,0.1146,0.1146,0.1146,142.3828,1
1790809320,0.1147,0.1147,0.1147,0.1147,0.1147,398.1048,1
1790809380,0.1147,0.1147,0.1147,0.1147,0.0000,0.0,0
1790809440,0.1147,0.1147,0.1147,0.1147,0.1147,445.6452,1
1790809500,0.1147,0.1147,0.1147,0.1147,0.0000,0.0,0
1790809560,0.1147,0.1147,0.1147,0.1147,0.0000,0.0,0
1790809620,0.1147,0.1147,0.1147,0.1147,0.0000,0.0,0
1790809680,0.1144,0.1144,0.1144,0.1144,0.1144,3375.0,4
1790809740,0.1144,0.1144,0.1144,0.1144,0.0000,0.0,0
1790809800,0.1144,0.1144,0.1144,0.1144,0.0000,0.0,0
1790809860,0.1144,0.1144,0.1144,0.1144,0.0000,0.0,0
1790809920,0.1144,0.1144,0.1144,0.1144,0.0000,0.0,0
1790809980,0.1144,0.1144,0.1144,0.1144,0.0000,0.0,0
1790810040,0.1142,0.1142,0.1142,0.1142,0.1142,442.00414,1
1790810100,0.1142,0.1142,0.1142,0.1142,0.0000,0.0,0
1790810160,0.1143,0.1143,0.1143,0.1143,0.1143,4632.9451,1
1790810220,0.1143,0.1143,0.1143,0.1143,0.0000,0.0,0
1790810280,0.1143,0.1143,0.1143,0.1143,0.0000,0.0,0
1790810340,0.1143,0.1143,0.1143,0.1143,0.0000,0.0,0
1790810400,0.1143,0.1143,0.1143,0.1143,0.0000,0.0,0
1790810460,0.1143,0.1143,0.1143,0.1143,0.0000,0.0,0
1790810520,0.1143,0.1143,0.1143,0.1143,0.0000,0.0,0
1790810580,0.1143,0.1143,0.1143,0.1143,0.0000,0.0,0
1790810640,0.1143,0.1143,0.1143,0.1143,0.0000,0.0,0
1790810700,0.1143,0.1143,0.1143,0.1143,0.0000,0.0,0
1790810760,0.1143,0.1143,0.1143,0.1143,0.0000,0.0,0
1790810820,0.1143,0.1143,0.1143,0.1143,0.0000,0.0,0
1790810880,0.1143,0.1143,0.1143,0.1143,0.0000,0.0,0
1790810940,0.1143,0.1143,0.1143,0.1143,0.0000,0.0,0
1790811000,0.1143,0.1143,0.1143,0.1143,0.0000,0.0,0
1790811060,0.1143,0.1143,0.1143,0.1143,0.0000,0.0,0
1790811120,0.1143,0.1143,0.1143,0.1143,0.0000,0.0,0
1790811180,0.1141,0.1142,0.114,0.1142,0.1141,692.00414,3
1790811240,0.1142,0.1142,0.1142,0.1142,0.0000,0.0,0
1790811300,0.1142,0.1142,0.1142,0.1142,0.0000,0.0,0
1790811360,0.1142,0.1142,0.1142,0.1142,0.0000,0.0,0
1790811420,0.1142,0.1142,0.1142,0.1142,0.0000,0.0,0
1790811480,0.1142,0.1142,0.1142,0.1142,0.0000,0.0,0
1790811540,0.1142,0.1142,0.1142,0.1142,0.0000,0.0,0
1790811600,0.1142,0.1142,0.1142,0.1142,0.0000,0.0,0
1790811660,0.1142,0.1142,0.1142,0.1142,0.0000,0.0,0
1790811720,0.1142,0.1142,0.1142,0.1142,0.0000,0.0,0
1790811780,0.1142,0.1142,0.1142,0.1142,0.0000,0.0,0
1790811840,0.1142,0.1142,0.1142,0.1142,0.0000,0.0,0
1790811900,0.1142,0.1142,0.1142,0.1142,0.0000,0.0,0
1790811960,0.1142,0.1142,0.1142,0.1142,0.0000,0.0,0
1790812020,0.1142,0.1142,0.1142,0.1142,0.0000,0.0,0
1790812080,0.1142,0.1142,0.1142,0.1142,0.0000,0.0,0
1790812140,0.1142,0.1142,0.1142,0.1142,0.0000,0.0,0
1790812200,0.1142,0.1142,0.1142,0.1142,0.0000,0.0,0
1790812260,0.1142,0.1142,0.1142,0.1142,0.0000,0.0,0
1790812320,0.1142,0.1142,0.1142,0.1142,0.0000,0.0,0
1790812380,0.1142,0.1142,0.1142,0.1142,0.0000,0.0,0
1790812440,0.1142,0.1142,0.1142,0.1142,0.0000,0.0,0
1790812500,0.1142,0.1142,0.1142,0.1142,0.0000,0.0,0
1790812560,0.1142,0.1142,0.1142,0.1142,0.0000,0.0,0
1790812620,0.1142,0.1142,0.1142,0.1142,0.0000,0.0,0
1790812680,0.1142,0.1142,0.1142,0.1142,0.0000,0.0,0
1790812740,0.1142,0.1142,0.1142,0.1142,0.0000,0.0,0
1790812800,0.1142,0.1142,0.1142,0.1142,0.0000,0.0,0
1790812860,0.1142,0.1142,0.1142,0.1142,0.0000,0.0,0
1790812920,0.1142,0.1142,0.1142,0.1142,0.0000,0.0,0
1790812980,0.1142,0.1142,0.1142,0.1142,0.0000,0.0,0
1790813040,0.1142,0.1142,0.1142,0.1142,0.0000,0.0,0
1790813100,0.1142,0.1142,0.1142,0.1142,0.0000,0.0,0
1790813160,0.1142,0.1142,0.1142,0.1142,0.0000,0.0,0
1790813220,0.1142,0.1142,0.1142,0.1142,0.0000,0.0,0
1790813280,0.1142,0.1142,0.1142,0.1142,0.0000,0.0,0
1790813340,0.1142,0.1142,0.1142,0.1142,0.0000,0.0,0
1790813400,0.1142,0.1142,0.1142,0.1142,0.0000,0.0,0
1790813460,0.1142,0.1142,0.1142,0.1142,0.0000,0.0,0
1790813520,0.1142,0.1142,0.1142,0.1142,0.0000,0.0,0
1790813580,0.1142,0.1142,0.1142,0.1142,0.0000,0.0,0
1790813640,0.1142,0.1142,0.1142,0.1142,0.0000,0.0,0
1790813700,0.1142,0.1142,0.1142,0.1142,0.0000,0.0,0
1790813760,0.1142,0.1142,0.1142,0.1142,0.0000,0.0,0
1790813820,0.1142,0.1142,0.1142,0.1142,0.0000,0.0,0
1790813880,0.1142,0.1142,0.1142,0.1142,0.0000,0.0,0
1790813940,0.1142,0.1142,0.1142,0.1142,0.0000,0.0,0
1790814000,0.1142,0.1142,0.1142,0.1142,0.0000,0.0,0
1790814060,0.1142,0.1142,0.1142,0.1142,0.0000,0.0,0
1790814120,0.1145,0.1145,0.1145,0.1145,0.1145,1132.9451,2
1790814180,0.1145,0.1145,0.1145,0.1145,0.0000,0.0,0
1790814240,0.1145,0.1145,0.1145,0.1145,0.0000,0.0,0
1790814300,0.1145,0.1145,0.1145,0.1145,0.0000,0.0,0
1790814360,0.1145,0.1145,0.1145,0.1145,0.0000,0.0,0
1790814420,0.1145,0.1145,0.1145,0.1145,0.0000,0.0,0
1790814480,0.1145,0.1145,0.1145,0.1145,0.0000,0.0,0
1790814540,0.1145,0.1145,0.1145,0.1145,0.0000,0.0,0
1790814600,0.1145,0.1145,0.1145,0.1145,0.0000,0.0,0
1790814660,0.1145,0.1145,0.1145,0.1145,0.0000,0.0,0
1790814720,0.1145,0.1145,0.1145,0.1145,0.0000,0.0,0
1790814780,0.1145,0.1145,0.1145,0.1145,0.1145,125.0,1
1790814840,0.1145,0.1145,0.1145,0.1145,0.0000,0.0,0
1790814900,0.1145,0.1145,0.1145,0.1145,0.0000,0.0,0
1790814960,0.1148,0.1148,0.1148,0.1148,0.1148,2531.25,2
1790815020,0.1148,0.1148,0.1148,0.1148,0.0000,0.0,0
1790815080,0.1149,0.1149,0.1149,0.1149,0.1149,9343.78912,4
1790815140,0.1149,0.1149,0.1149,0.1149,0.0000,0.0,0
1790815200,0.1149,0.1149,0.1149,0.1149,0.0000,0.0,0
1790815260,0.1149,0.1149,0.1149,0.1149,0.0000,0.0,0
1790815320,0.1149,0.1149,0.1149,0.1149,0.0000,0.0,0
1790815380,0.1149,0.1149,0.1149,0.1149,0.0000,0.0,0
1790815440,0.1149,0.1149,0.1149,0.1149,0.0000,0.0,0
1790815500,0.1152,0.1152,0.1152,0.1152,0.1152,4595.15367,2
1790815560,0.1152,0.1152,0.1152,0.1152,0.0000,0.0,0
1790815620,0.1152,0.1152,0.1152,0.1152,0.0000,0.0,0
1790815680,0.1152,0.1152,0.1152,0.1152,0.0000,0.0,0
1790815740,0.1152,0.1152,0.1152,0.1152,0.0000,0.0,0
1790815800,0.1152,0.1152,0.1152,0.1152,0.0000,0.0,0
1790815860,0.1152,0.1152,0.1152,0.1152,0.0000,0.0,0
1790815920,0.1152,0.1152,0.1152,0.1152,0.0000,0.0,0
1790815980,0.1152,0.1152,0.1152,0.1152,0.0000,0.0,0
1790816040,0.1152,0.1152,0.1152,0.1152,0.0000,0.0,0
1790816100,0.1152,0.1152,0.1152,0.1152,0.0000,0.0,0
1790816160,0.1149,0.1149,0.1149,0.1149,0.1149,125.0,1
1790816220,0.1149,0.1149,0.1149,0.1149,0.0000,0.0,0
1790816280,0.1149,0.1149,0.1149,0.1149,0.0000,0.0,0
1790816340,0.1149,0.1149,0.1149,0.1149,0.0000,0.0,0
1790816400,0.1149,0.1149,0.1149,0.1149,0.0000,0.0,0
1790816460,0.1149,0.1149,0.1149,0.1149,0.0000,0.0,0
1790816520,0.1149,0.1149,0.1149,0.1149,0.0000,0.0,0
1790816580,0.1149,0.1149,0.1149,0.1149,0.0000,0.0,0
1790816640,0.1149,0.1149,0.1149,0.1149,0.0000,0.0,0
1790816700,0.1149,0.1149,0.1149,0.1149,0.0000,0.0,0
1790816760,0.1149,0.1149,0.1149,0.1149,0.0000,0.0,0
1790816820,0.1149,0.1149,0.1149,0.1149,0.0000,0.0,0
1790816880,0.1149,0.1149,0.1149,0.1149,0.0000,0.0,0
1790816940,0.1149,0.1149,0.1149,0.1149,0.0000,0.0,0
1790817000,0.1157,0.1157,0.1157,0.1157,0.1157,3274.32132,2
1790817060,0.1157,0.1157,0.1157,0.1157,0.0000,0.0,0
1790817120,0.1157,0.1157,0.1157,0.1157,0.0000,0.0,0
1790817180,0.1156,0.1156,0.1156,0.1156,0.1156,4576.24919,1
1790817240,0.1156,0.1156,0.1156,0.1156,0.0000,0.0,0
1790817300,0.1154,0.1154,0.1154,0.1154,0.1154,4587.11172,1
1790817360,0.1154,0.1154,0.1154,0.1154,0.0000,0.0,0
1790817420,0.1153,0.1153,0.1153,0.1153,0.1153,125.0,1
1790817480,0.1153,0.1153,0.1153,0.1153,0.0000,0.0,0
1790817540,0.115,0.115,0.115,0.115,0.1150,125.0,1
1790817600,0.1149,0.1149,0.1147,0.1147,0.1147,9083.75382,4
1790817660,0.1148,0.1149,0.1148,0.1149,0.1148,9220.16478,4
1790817720,0.1149,0.1149,0.1149,0.1149,0.0000,0.0,0
1790817780,0.1149,0.1149,0.1149,0.1149,0.0000,0.0,0
1790817840,0.1149,0.1149,0.1149,0.1149,0.0000,0.0,0
1790817900,0.115,0.115,0.115,0.115,0.1150,4727.23391,2
1790817960,0.115,0.115,0.115,0.115,0.0000,0.0,0
1790818020,0.115,0.115,0.115,0.115,0.0000,0.0,0
1790818080,0.115,0.115,0.115,0.115,0.0000,0.0,0
1790818140,0.115,0.115,0.115,0.115,0.0000,0.0,0
1790818200,0.115,0.115,0.115,0.115,0.0000,0.0,0
1790818260,0.1141,0.1141,0.1141,0.1141,0.1141,4635.9717,2
1790818320,0.1141,0.1141,0.1141,0.1141,0.0000,0.0,0
1790818380,0.1141,0.1141,0.1141,0.1141,0.0000,0.0,0
1790818440,0.1141,0.1141,0.1141,0.1141,0.0000,0.0,0
1790818500,0.1141,0.1141,0.1141,0.1141,0.0000,0.0,0
1790818560,0.1141,0.1141,0.1141,0.1141,0.0000,0.0,0
1790818620,0.1137,0.1137,0.1136,0.1136,0.1136,12247.20742,6
1790818680,0.1134,0.1136,0.1134,0.1136,0.1134,5414.08486,7
1790818740,0.1135,0.1135,0.1135,0.1135,0.1135,125.0,1
1790818800,0.1135,0.1135,0.1135,0.1135,0.1135,250.0,2
1790818860,0.1135,0.1135,0.1135,0.1135,0.0000,0.0,0
1790818920,0.1135,0.1135,0.1135,0.1135,0.0000,0.0,0
1790818980,0.1135,0.1135,0.1135,0.1135,0.0000,0.0,0
1790819040,0.1135,0.1135,0.1135,0.1135,0.0000,0.0,0
1790819100,0.1135,0.1135,0.1135,0.1135,0.0000,0.0,0
1790819160,0.1135,0.1135,0.1135,0.1135,0.0000,0.0,0
1790819220,0.1135,0.1135,0.1135,0.1135,0.0000,0.0,0
1790819280,0.1135,0.1135,0.1135,0.1135,0.0000,0.0,0
1790819340,0.1135,0.1135,0.1135,0.1135,0.1135,5107.17873,2
1790819400,0.1135,0.1135,0.1135,0.1135,0.0000,0.0,0
1790819460,0.1137,0.1137,0.1137,0.1137,0.1137,4657.46169,1
1790819520,0.1138,0.1139,0.1138,0.1138,0.1138,14082.03348,5
1790819580,0.1138,0.1138,0.1138,0.1138,0.0000,0.0,0
1790819640,0.1138,0.1138,0.1138,0.1138,0.0000,0.0,0
1790819700,0.1138,0.1138,0.1138,0.1138,0.0000,0.0,0
1790819760,0.1138,0.1138,0.1138,0.1138,0.0000,0.0,0
1790819820,0.1138,0.1138,0.1138,0.1138,0.0000,0.0,0
1790819880,0.1138,0.1138,0.1138,0.1138,0.0000,0.0,0
1790819940,0.1138,0.1138,0.1138,0.1138,0.0000,0.0,0
1790820000,0.1138,0.1138,0.1138,0.1138,0.0000,0.0,0
1790820060,0.1138,0.1138,0.1138,0.1138,0.0000,0.0,0
1790820120,0.1138,0.1138,0.1138,0.1138,0.0000,0.0,0
1790820180,0.1138,0.1138,0.1138,0.1138,0.0000,0.0,0
1790820240,0.1138,0.1138,0.1138,0.1138,0.0000,0.0,0
1790820300,0.1133,0.1133,0.1133,0.1133,0.1133,125.0,1
1790820360,0.1133,0.1133,0.1133,0.1133,0.1133,70.609,1
1790820420,0.1133,0.1133,0.1133,0.1133,0.0000,0.0,0
1790820480,0.1133,0.1133,0.1133,0.1133,0.0000,0.0,0
1790820540,0.1133,0.1133,0.1133,0.1133,0.0000,0.0,0
1790820600,0.1133,0.1133,0.1133,0.1133,0.0000,0.0,0
1790820660,0.1137,0.1137,0.1137,0.1137,0.1137,444.5388,1
1790820720,0.1137,0.1138,0.1137,0.1137,0.1137,13594.34747,7
1790820780,0.1137,0.1137,0.1137,0.1137,0.0000,0.0,0
1790820840,0.1137,0.1137,0.1137,0.1137,0.0000,0.0,0
1790820900,0.1137,0.1137,0.1137,0.1137,0.0000,0.0,0
1790820960,0.1137,0.1137,0.1137,0.1137,0.0000,0.0,0
1790821020,0.1133,0.1133,0.1133,0.1133,0.1133,4676.25738,2
1790821080,0.1133,0.1133,0.1133,0.1133,0.0000,0.0,0
1790821140,0.1133,0.1133,0.1133,0.1133,0.0000,0.0,0
1790821200,0.1133,0.1133,0.1133,0.1133,0.0000,0.0,0
1790821260,0.1133,0.1133,0.1133,0.1133,0.0000,0.0,0
1790821320,0.113,0.113,0.113,0.113,0.1130,125.0,1
1790821380,0.113,0.113,0.113,0.113,0.0000,0.0,0
1790821440,0.113,0.113,0.113,0.113,0.0000,0.0,0
1790821500,0.113,0.113,0.113,0.113,0.0000,0.0,0
1790821560,0.113,0.113,0.113,0.113,0.0000,0.0,0
1790821620,0.113,0.113,0.113,0.113,0.0000,0.0,0
1790821680,0.1131,0.1133,0.1131,0.1133,0.1131,13701.3293,7
1790821740,0.1134,0.1134,0.1134,0.1134,0.1134,283.25337,1
1790821800,0.1134,0.1134,0.1134,0.1134,0.1134,9472.2194,3
1790821860,0.1134,0.1134,0.1134,0.1134,0.0000,0.0,0
1790821920,0.1134,0.1134,0.1134,0.1134,0.0000,0.0,0
1790821980,0.1134,0.1134,0.1134,0.1134,0.0000,0.0,0
1790822040,0.1134,0.1134,0.1134,0.1134,0.0000,0.0,0
1790822100,0.1134,0.1134,0.1134,0.1134,0.0000,0.0,0
1790822160,0.1134,0.1134,0.1134,0.1134,0.0000,0.0,0
1790822220,0.1132,0.1132,0.1132,0.1132,0.1132,4805.03639,2
1790822280,0.1132,0.1132,0.1132,0.1132,0.0000,0.0,0
1790822340,0.1133,0.1133,0.1133,0.1133,0.1133,4676.23813,1
1790822400,0.1133,0.1133,0.1133,0.1133,0.0000,0.0,0
1790822460,0.1133,0.1133,0.1133,0.1133,0.0000,0.0,0
1790822520,0.1134,0.1134,0.1134,0.1134,0.1134,4673.57511,1
1790822580,0.1135,0.1135,0.1135,0.1135,0.1135,4667.66843,1
1790822640,0.1135,0.1135,0.1135,0.1135,0.0000,0.0,0
1790822700,0.1135,0.1135,0.1135,0.1135,0.0000,0.0,0
1790822760,0.1135,0.1135,0.1135,0.1135,0.0000,0.0,0
1790822820,0.1135,0.1135,0.1135,0.1135,0.0000,0.0,0
1790822880,0.1135,0.1135,0.1135,0.1135,0.0000,0.0,0
1790822940,0.1135,0.1135,0.1135,0.1135,0.0000,0.0,0
1790823000,0.1135,0.1135,0.1135,0.1135,0.0000,0.0,0
1790823060,0.1135,0.1135,0.1135,0.1135,0.0000,0.0,0
1790823120,0.1135,0.1135,0.1135,0.1135,0.0000,0.0,0
1790823180,0.1135,0.1135,0.1135,0.1135,0.1135,125.0,1
1790823240,0.1138,0.1138,0.1138,0.1138,0.1138,4655.56822,1
1790823300,0.1138,0.1138,0.1138,0.1138,0.0000,0.0,0
1790823360,0.1138,0.1138,0.1138,0.1138,0.0000,0.0,0
1790823420,0.1138,0.1138,0.1138,0.1138,0.0000,0.0,0
1790823480,0.1138,0.1138,0.1138,0.1138,0.0000,0.0,0
1790823540,0.1138,0.1138,0.1138,0.1138,0.0000,0.0,0
1790823600,0.1138,0.1138,0.1138,0.1138,0.0000,0.0,0
1790823660,0.1145,0.1148,0.1145,0.1147,0.1146,60164.49353,15
1790823720,0.1149,0.1149,0.1147,0.1147,0.1148,9977.99234,8
1790823780,0.1147,0.1147,0.1147,0.1147,0.0000,0.0,0
1790823840,0.1147,0.1147,0.1147,0.1147,0.0000,0.0,0
1790823900,0.1142,0.1143,0.1142,0.1143,0.1142,4696.13623,2
1790823960,0.1143,0.1143,0.1143,0.1143,0.0000,0.0,0
1790824020,0.1142,0.1142,0.1142,0.1142,0.1142,4639.44464,1
1790824080,0.1142,0.1142,0.1142,0.1142,0.0000,0.0,0
1790824140,0.1142,0.1142,0.1142,0.1142,0.0000,0.0,0
1790824200,0.1142,0.1142,0.1142,0.1142,0.0000,0.0,0
1790824260,0.1142,0.1142,0.1142,0.1142,0.0000,0.0,0
1790824320,0.1142,0.1142,0.1142,0.1142,0.0000,0.0,0
1790824380,0.1142,0.1142,0.1142,0.1142,0.0000,0.0,0
1790824440,0.1142,0.1142,0.1142,0.1142,0.0000,0.0,0
1790824500,0.1142,0.1142,0.1142,0.1142,0.0000,0.0,0
1790824560,0.1142,0.1142,0.1142,0.1142,0.0000,0.0,0
1790824620,0.1142,0.1142,0.1142,0.1142,0.0000,0.0,0
1790824680,0.1145,0.1145,0.1145,0.1145,0.1145,9178.94092,4
1790824740,0.1145,0.1145,0.1145,0.1145,0.0000,0.0,0
1790824800,0.1143,0.1143,0.1143,0.1143,0.1143,2531.25,3
1790824860,0.1143,0.1143,0.1143,0.1143,0.0000,0.0,0
1790824920,0.1143,0.1143,0.1143,0.1143,0.0000,0.0,0
1790824980,0.1143,0.1143,0.1143,0.1143,0.0000,0.0,0
1790825040,0.1143,0.1143,0.1143,0.1143,0.0000,0.0,0
1790825100,0.1143,0.1143,0.1143,0.1143,0.0000,0.0,0
1790825160,0.1143,0.1143,0.1143,0.1143,0.0000,0.0,0
1790825220,0.1143,0.1143,0.1143,0.1143,0.0000,0.0,0
1790825280,0.1143,0.1143,0.1143,0.1143,0.0000,0.0,0
1790825340,0.114,0.114,0.114,0.114,0.1140,843.75,1
1790825400,0.114,0.114,0.114,0.114,0.0000,0.0,0
1790825460,0.114,0.114,0.114,0.114,0.0000,0.0,0
1790825520,0.114,0.114,0.114,0.114,0.0000,0.0,0
1790825580,0.114,0.114,0.114,0.114,0.0000,0.0,0
1790825640,0.1144,0.1144,0.1144,0.1144,0.1144,125.0,1
1790825700,0.1144,0.1144,0.1144,0.1144,0.0000,0.0,0
1790825760,0.1143,0.1143,0.1143,0.1143,0.1143,4636.0623,2
1790825820,0.1143,0.1143,0.1143,0.1143,0.0000,0.0,0
1790825880,0.1143,0.1143,0.1143,0.1143,0.0000,0.0,0
1790825940,0.1143,0.1143,0.1143,0.1143,0.0000,0.0,0
1790826000,0.1143,0.1143,0.1143,0.1143,0.0000,0.0,0
1790826060,0.1146,0.1146,0.1146,0.1146,0.1146,4750.603,3
1790826120,0.1146,0.1146,0.1146,0.1146,0.0000,0.0,0
1790826180,0.1146,0.1146,0.1146,0.1146,0.0000,0.0,0
1790826240,0.1146,0.1146,0.1146,0.1146,0.0000,0.0,0
1790826300,0.1146,0.1146,0.1146,0.1146,0.0000,0.0,0
1790826360,0.1146,0.1146,0.1146,0.1146,0.0000,0.0,0
1790826420,0.1151,0.1151,0.1151,0.1151,0.1151,4603.2499,4
1790826480,0.115,0.115,0.115,0.115,0.1150,3220.9154,2
1790826540,0.115,0.115,0.115,0.115,0.0000,0.0,0
1790826600,0.1152,0.1152,0.1152,0.1152,0.1152,70.609,1
1790826660,0.1152,0.1152,0.1152,0.1152,0.0000,0.0,0
1790826720,0.1152,0.1152,0.1152,0.1152,0.0000,0.0,0
1790826780,0.1152,0.1152,0.1152,0.1152,0.0000,0.0,0
1790826840,0.1152,0.1152,0.1152,0.1152,0.0000,0.0,0
1790826900,0.1152,0.1152,0.1152,0.1152,0.0000,0.0,0
1790826960,0.1152,0.1152,0.1152,0.1152,0.0000,0.0,0
1790827020,0.1152,0.1152,0.1152,0.1152,0.0000,0.0,0
1790827080,0.1151,0.1151,0.115,0.115,0.1150,9206.80336,2
1790827140,0.115,0.115,0.115,0.115,0.0000,0.0,0
1790827200,0.115,0.115,0.115,0.115,0.0000,0.0,0
1790827260,0.115,0.115,0.115,0.115,0.0000,0.0,0
1790827320,0.115,0.115,0.115,0.115,0.0000,0.0,0
1790827380,0.115,0.115,0.115,0.115,0.0000,0.0,0
1790827440,0.115,0.115,0.115,0.115,0.0000,0.0,0
1790827500,0.1148,0.1148,0.1148,0.1148,0.1148,4738.75287,2
1790827560,0.1148,0.1148,0.1148,0.1148,0.0000,0.0,0
1790827620,0.1148,0.1148,0.1148,0.1148,0.0000,0.0,0
1790827680,0.1148,0.1148,0.1148,0.1148,0.0000,0.0,0
1790827740,0.1148,0.1148,0.1148,0.1148,0.0000,0.0,0
1790827800,0.1148,0.1148,0.1148,0.1148,0.0000,0.0,0
1790827860,0.1148,0.1148,0.1148,0.1148,0.0000,0.0,0
1790827920,0.1145,0.1145,0.1144,0.1144,0.1144,2654.00202,4
1790827980,0.1144,0.1144,0.1144,0.1144,0.1144,2190.71451,5
1790828040,0.1144,0.1144,0.1144,0.1144,0.0000,0.0,0
1790828100,0.1144,0.1144,0.1144,0.1144,0.0000,0.0,0
1790828160,0.1144,0.1144,0.1144,0.1144,0.1144,296.64126,1
1790828220,0.1142,0.1142,0.1142,0.1142,0.1142,339.63921,1
1790828280,0.1142,0.1142,0.1142,0.1142,0.0000,0.0,0
1790828340,0.1142,0.1142,0.1142,0.1142,0.0000,0.0,0
1790828400,0.1142,0.1142,0.1142,0.1142,0.0000,0.0,0
1790828460,0.1143,0.1143,0.1143,0.1143,0.1143,308.18313,1
1790828520,0.1145,0.1145,0.1145,0.1145,0.1145,285.71538,1
1790828580,0.1146,0.1146,0.1146,0.1146,0.1146,447.84113,1
1790828640,0.1146,0.1146,0.1146,0.1146,0.0000,0.0,0
1790828700,0.1146,0.1146,0.1146,0.1146,0.0000,0.0,0
1790828760,0.1152,0.1152,0.1152,0.1152,0.1152,323.23183,1
1790828820,0.1152,0.1152,0.1152,0.1152,0.0000,0.0,0
1790828880,0.1152,0.1152,0.1152,0.1152,0.0000,0.0,0
1790828940,0.1154,0.1154,0.1154,0.1154,0.1154,1330.9721,7
1790829000,0.1154,0.1154,0.1154,0.1154,0.0000,0.0,0
1790829060,0.1155,0.1155,0.1155,0.1155,0.1155,2216.21735,2
1790829120,0.1155,0.1155,0.1155,0.1155,0.0000,0.0,0
1790829180,0.1155,0.1155,0.1155,0.1155,0.0000,0.0,0
1790829240,0.1153,0.1153,0.1153,0.1153,0.1153,4596.4035,1
1790829300,0.1153,0.1153,0.1153,0.1153,0.0000,0.0,0
1790829360,0.1154,0.1154,0.1154,0.1154,0.1154,125.0,1
1790829420,0.1154,0.1154,0.1154,0.1154,0.0000,0.0,0
1790829480,0.1154,0.1154,0.1154,0.1154,0.0000,0.0,0
1790829540,0.1154,0.1154,0.1154,0.1154,0.0000,0.0,0
1790829600,0.1152,0.1152,0.1152,0.1152,0.1152,125.0,1
1790829660,0.1152,0.1152,0.1152,0.1152,0.0000,0.0,0
1790829720,0.1152,0.1152,0.1152,0.1152,0.0000,0.0,0
1790829780,0.1152,0.1152,0.1152,0.1152,0.0000,0.0,0
1790829840,0.1152,0.1152,0.1152,0.1152,0.0000,0.0,0
1790829900,0.1152,0.1152,0.1152,0.1152,0.0000,0.0,0
1790829960,0.1152,0.1152,0.1152,0.1152,0.0000,0.0,0
1790830020,0.1161,0.1161,0.1161,0.1161,0.1161,125.0,1
1790830080,0.116,0.116,0.116,0.116,0.1160,125.0,1
1790830140,0.116,0.116,0.116,0.116,0.0000,0.0,0
1790830200,0.116,0.116,0.116,0.116,0.0000,0.0,0
1790830260,0.116,0.116,0.116,0.116,0.1160,875.24163,3
1790830320,0.116,0.116,0.116,0.116,0.0000,0.0,0
1790830380,0.116,0.116,0.116,0.116,0.0000,0.0,0
1790830440,0.116,0.116,0.116,0.116,0.0000,0.0,0
1790830500,0.116,0.116,0.116,0.116,0.0000,0.0,0
1790830560,0.1157,0.1157,0.1157,0.1157,0.1157,4579.7204,4
1790830620,0.1157,0.1157,0.1157,0.1157,0.1157,4581.36258,1
1790830680,0.1157,0.1157,0.1157,0.1157,0.0000,0.0,0
1790830740,0.1157,0.1157,0.1157,0.1157,0.0000,0.0,0
1790830800,0.1157,0.1157,0.1157,0.1157,0.1157,4581.58329,1
1790830860,0.1157,0.1157,0.1157,0.1157,0.0000,0.0,0
1790830920,0.1157,0.1157,0.1157,0.1157,0.0000,0.0,0
1790830980,0.1158,0.1158,0.1158,0.1158,0.1158,125.0,1
1790831040,0.1158,0.1158,0.1158,0.1158,0.0000,0.0,0
1790831100,0.1158,0.1158,0.1158,0.1158,0.0000,0.0,0
1790831160,0.1158,0.1158,0.1158,0.1158,0.0000,0.0,0
1790831220,0.116,0.116,0.116,0.116,0.1160,198.90796,1
1790831280,0.116,0.116,0.116,0.116,0.0000,0.0,0
1790831340,0.116,0.116,0.116,0.116,0.0000,0.0,0
1790831400,0.116,0.116,0.116,0.116,0.0000,0.0,0
1790831460,0.1161,0.1161,0.1161,0.1161,0.1161,211.42311,1
1790831520,0.1159,0.1159,0.1159,0.1159,0.1159,212.36943,1
1790831580,0.1159,0.1159,0.1159,0.1159,0.0000,0.0,0
1790831640,0.1159,0.1159,0.1159,0.1159,0.0000,0.0,0
1790831700,0.1159,0.1159,0.1159,0.1159,0.0000,0.0,0
1790831760,0.1159,0.1159,0.1159,0.1159,0.0000,0.0,0
1790831820,0.1159,0.1159,0.1159,0.1159,0.0000,0.0,0
1790831880,0.1159,0.1159,0.1159,0.1159,0.0000,0.0,0
1790831940,0.1158,0.1158,0.1158,0.1158,0.1158,4578.63818,1
1790832000,0.1158,0.1158,0.1158,0.1158,0.0000,0.0,0
1790832060,0.1158,0.1159,0.1158,0.1159,0.1158,9751.56345,6
1790832120,0.1164,0.1164,0.1164,0.1164,0.1164,156.58068,1
1790832180,0.1164,0.1164,0.1164,0.1164,0.0000,0.0,0
1790832240,0.1164,0.1164,0.1164,0.1164,0.0000,0.0,0
1790832300,0.1164,0.1164,0.1164,0.1164,0.0000,0.0,0
1790832360,0.1164,0.1164,0.1164,0.1164,0.0000,0.0,0
1790832420,0.1164,0.1164,0.1164,0.1164,0.0000,0.0,0
1790832480,0.1164,0.1164,0.1164,0.1164,0.0000,0.0,0
1790832540,0.1164,0.1164,0.1164,0.1164,0.0000,0.0,0
1790832600,0.1164,0.1164,0.1164,0.1164,0.0000,0.0,0
1790832660,0.1159,0.1159,0.1159,0.1159,0.1159,218.67558,1
1790832720,0.1159,0.1159,0.1159,0.1159,0.0000,0.0,0
1790832780,0.1159,0.1159,0.1159,0.1159,0.0000,0.0,0
1790832840,0.1163,0.1163,0.1163,0.1163,0.1163,8247.03274,1
1790832900,0.1163,0.1163,0.1163,0.1163,0.0000,0.0,0
1790832960,0.1163,0.1163,0.1163,0.1163,0.0000,0.0,0
1790833020,0.1163,0.1163,0.1163,0.1163,0.0000,0.0,0
1790833080,0.1163,0.1163,0.1163,0.1163,0.0000,0.0,0
1790833140,0.1163,0.1163,0.1163,0.1163,0.0000,0.0,0
1790833200,0.1163,0.1163,0.1163,0.1163,0.0000,0.0,0
1790833260,0.1163,0.1163,0.1163,0.1163,0.1163,181.67623,1
1790833320,0.1163,0.1163,0.1163,0.1163,0.0000,0.0,0
1790833380,0.1163,0.1163,0.1161,0.1161,0.1162,4682.14041,2
1790833440,0.1161,0.1161,0.1161,0.1161,0.0000,0.0,0
1790833500,0.1161,0.1161,0.1161,0.1161,0.1161,125.0,1
1790833560,0.1161,0.1161,0.1161,0.1161,0.0000,0.0,0
1790833620,0.1161,0.1161,0.1161,0.1161,0.0000,0.0,0
1790833680,0.1161,0.1161,0.1161,0.1161,0.0000,0.0,0
1790833740,0.1161,0.1161,0.1161,0.1161,0.0000,0.0,0
1790833800,0.1161,0.1161,0.1161,0.1161,0.0000,0.0,0
1790833860,0.1161,0.1161,0.1161,0.1161,0.1161,177.73565,1
1790833920,0.1161,0.1161,0.1161,0.1161,0.0000,0.0,0
1790833980,0.116,0.116,0.116,0.116,0.1160,4569.85456,1
1790834040,0.116,0.116,0.116,0.116,0.0000,0.0,0
1790834100,0.116,0.116,0.116,0.116,0.0000,0.0,0
1790834160,0.116,0.116,0.116,0.116,0.0000,0.0,0
1790834220,0.116,0.116,0.116,0.116,0.0000,0.0,0
1790834280,0.116,0.116,0.116,0.116,0.0000,0.0,0
1790834340,0.116,0.116,0.116,0.116,0.0000,0.0,0
1790834400,0.116,0.116,0.116,0.116,0.0000,0.0,0
1790834460,0.116,0.116,0.116,0.116,0.0000,0.0,0
1790834520,0.1161,0.1161,0.1161,0.1161,0.1161,4218.75,4
1790834580,0.1161,0.1161,0.1161,0.1161,0.0000,0.0,0
1790834640,0.1161,0.1161,0.1161,0.1161,0.1161,435.354,1
1790834700,0.1161,0.1161,0.1161,0.1161,0.0000,0.0,0
1790834760,0.1161,0.1161,0.1161,0.1161,0.0000,0.0,0
1790834820,0.1161,0.1161,0.1161,0.1161,0.0000,0.0,0
1790834880,0.1161,0.1161,0.1161,0.1161,0.0000,0.0,0
1790834940,0.1161,0.1161,0.1161,0.1161,0.0000,0.0,0
1790835000,0.1161,0.1161,0.1161,0.1161,0.0000,0.0,0
1790835060,0.1161,0.1161,0.1161,0.1161,0.0000,0.0,0
1790835120,0.1161,0.1161,0.1161,0.1161,0.0000,0.0,0
1790835180,0.1161,0.1161,0.1161,0.1161,0.0000,0.0,0
1790835240,0.116,0.116,0.116,0.116,0.1160,1687.5,1
1790835300,0.116,0.116,0.116,0.116,0.0000,0.0,0
1790835360,0.116,0.116,0.116,0.116,0.1160,4568.03793,1
1790835420,0.1163,0.1163,0.1163,0.1163,0.1163,4554.66013,1
1790835480,0.1162,0.1162,0.1162,0.1162,0.1162,344.11183,1
1790835540,0.1161,0.1163,0.1161,0.1162,0.1161,14462.99288,9
1790835600,0.1162,0.1162,0.1162,0.1162,0.0000,0.0,0
1790835660,0.1162,0.1162,0.1162,0.1162,0.0000,0.0,0
1790835720,0.1162,0.1162,0.1162,0.1162,0.0000,0.0,0
1790835780,0.1162,0.1162,0.1162,0.1162,0.0000,0.0,0
1790835840,0.1162,0.1162,0.1162,0.1162,0.0000,0.0,0
1790835900,0.1162,0.1162,0.1162,0.1162,0.0000,0.0,0
1790835960,0.1163,0.1163,0.1163,0.1163,0.1163,4681.85657,2
1790836020,0.1163,0.1163,0.1163,0.1163,0.0000,0.0,0
1790836080,0.1163,0.1163,0.1163,0.1163,0.0000,0.0,0
1790836140,0.1163,0.1163,0.1163,0.1163,0.0000,0.0,0
1790836200,0.1163,0.1163,0.1163,0.1163,0.0000,0.0,0
1790836260,0.1163,0.1164,0.1163,0.1164,0.1163,13662.52933,5
1790836320,0.1163,0.1163,0.1161,0.1161,0.1162,528.31622,2
1790836380,0.1161,0.1161,0.1161,0.1161,0.0000,0.0,0
1790836440,0.1161,0.1161,0.1161,0.1161,0.0000,0.0,0
1790836500,0.1163,0.1165,0.1163,0.1165,0.1163,4993.24281,2
1790836560,0.1165,0.1165,0.1165,0.1165,0.0000,0.0,0
1790836620,0.1165,0.1165,0.1165,0.1165,0.0000,0.0,0
1790836680,0.1165,0.1165,0.1165,0.1165,0.0000,0.0,0
1790836740,0.1165,0.1165,0.1165,0.1165,0.0000,0.0,0
1790836800,0.1159,0.1159,0.1158,0.1158,0.1158,5349.66045,8
1790836860,0.1158,0.1158,0.1158,0.1158,0.0000,0.0,0
1790836920,0.1158,0.1158,0.1158,0.1158,0.0000,0.0,0
1790836980,0.1158,0.1158,0.1158,0.1158,0.0000,0.0,0
1790837040,0.1158,0.1158,0.1158,0.1158,0.0000,0.0,0
1790837100,0.1158,0.1158,0.1158,0.1158,0.0000,0.0,0
1790837160,0.1158,0.1158,0.1158,0.1158,0.0000,0.0,0
1790837220,0.1158,0.1158,0.1158,0.1158,0.0000,0.0,0
1790837280,0.1158,0.1158,0.1158,0.1158,0.0000,0.0,0
1790837340,0.1163,0.1163,0.1163,0.1163,0.1163,341.61535,1
1790837400,0.1163,0.1163,0.1163,0.1163,0.0000,0.0,0
1790837460,0.1163,0.1163,0.1163,0.1163,0.0000,0.0,0
1790837520,0.1163,0.1163,0.1163,0.1163,0.0000,0.0,0
1790837580,0.1163,0.1163,0.1163,0.1163,0.0000,0.0,0
1790837640,0.1163,0.1163,0.1163,0.1163,0.1163,8611.95432,5
1790837700,0.1163,0.1163,0.1163,0.1163,0.0000,0.0,0
1790837760,0.1164,0.1164,0.1164,0.1164,0.1164,8591.06529,2
1790837820,0.1164,0.1164,0.1164,0.1164,0.0000,0.0,0
1790837880,0.1164,0.1164,0.1164,0.1164,0.1164,227.88415,1
1790837940,0.1164,0.1164,0.1164,0.1164,0.0000,0.0,0
1790838000,0.1163,0.1163,0.1163,0.1163,0.1163,436.29484,1
1790838060,0.1163,0.1163,0.1163,0.1163,0.0000,0.0,0
1790838120,0.1163,0.1163,0.1163,0.1163,0.0000,0.0,0
1790838180,0.1163,0.1163,0.1163,0.1163,0.0000,0.0,0
1790838240,0.1163,0.1163,0.1163,0.1163,0.0000,0.0,0
1790838300,0.1163,0.1163,0.1163,0.1163,0.0000,0.0,0
1790838360,0.1163,0.1163,0.1163,0.1163,0.0000,0.0,0
1790838420,0.1163,0.1163,0.1163,0.1163,0.0000,0.0,0
1790838480,0.1163,0.1163,0.1163,0.1163,0.0000,0.0,0
1790838540,0.1163,0.1163,0.1163,0.1163,0.0000,0.0,0
1790838600,0.1166,0.1166,0.1166,0.1166,0.1166,4858.00004,1
1790838660,0.1166,0.1166,0.1166,0.1166,0.0000,0.0,0
1790838720,0.1166,0.1166,0.1166,0.1166,0.0000,0.0,0
1790838780,0.1166,0.1166,0.1166,0.1166,0.0000,0.0,0
1790838840,0.1161,0.1161,0.1161,0.1161,0.1161,4567.12988,1
1790838900,0.1161,0.1161,0.1161,0.1161,0.0000,0.0,0
1790838960,0.1161,0.1161,0.1161,0.1161,0.0000,0.0,0
1790839020,0.1158,0.1158,0.1158,0.1158,0.1158,190.04205,1
1790839080,0.1158,0.1158,0.1158,0.1158,0.0000,0.0,0
1790839140,0.1158,0.1158,0.1158,0.1158,0.0000,0.0,0
1790839200,0.1154,0.1154,0.1154,0.1154,0.1154,2531.25,1
1790839260,0.1153,0.1153,0.1153,0.1153,0.1153,386.18739,1
1790839320,0.1151,0.1151,0.1151,0.1151,0.1151,125.0,1
1790839380,0.1152,0.1152,0.1152,0.1152,0.1152,3250.0,4
1790839440,0.1148,0.1148,0.1148,0.1148,0.1148,250.0,2
1790839500,0.1148,0.1148,0.1148,0.1148,0.0000,0.0,0
1790839560,0.1143,0.1143,0.114,0.1141,0.1140,10117.00276,6
1790839620,0.1138,0.1138,0.1138,0.1138,0.1138,3819.4577,4
1790839680,0.1138,0.1138,0.1138,0.1138,0.0000,0.0,0
1790839740,0.1138,0.1138,0.1138,0.1138,0.1138,444.4577,1
1790839800,0.1138,0.1138,0.1138,0.1138,0.0000,0.0,0
1790839860,0.1144,0.1144,0.1144,0.1144,0.1144,4218.75,4
1790839920,0.1144,0.1144,0.1144,0.1144,0.0000,0.0,0
1790839980,0.1144,0.1144,0.1144,0.1144,0.0000,0.0,0
1790840040,0.1144,0.1144,0.1144,0.1144,0.0000,0.0,0
1790840100,0.1144,0.1144,0.1144,0.1144,0.0000,0.0,0
1790840160,0.1144,0.1144,0.1144,0.1144,0.0000,0.0,0
1790840220,0.1144,0.1144,0.1144,0.1144,0.0000,0.0,0
1790840280,0.1144,0.1144,0.1144,0.1144,0.0000,0.0,0
1790840340,0.1144,0.1144,0.1144,0.1144,0.0000,0.0,0
1790840400,0.1144,0.1144,0.1144,0.1144,0.0000,0.0,0
1790840460,0.1142,0.1142,0.1142,0.1142,0.1142,436.29484,1
1790840520,0.1142,0.1142,0.1142,0.1142,0.0000,0.0,0
1790840580,0.1142,0.1142,0.1142,0.1142,0.0000,0.0,0
1790840640,0.1141,0.1141,0.1141,0.1141,0.1141,2656.25,3
1790840700,0.114,0.114,0.114,0.114,0.1140,177.83293,1
1790840760,0.114,0.114,0.114,0.114,0.0000,0.0,0
1790840820,0.114,0.114,0.114,0.114,0.0000,0.0,0
1790840880,0.114,0.114,0.114,0.114,0.0000,0.0,0
1790840940,0.114,0.114,0.114,0.114,0.1140,1075.49762,2
1790841000,0.114,0.114,0.114,0.114,0.0000,0.0,0
1790841060,0.114,0.114,0.114,0.114,0.0000,0.0,0
1790841120,0.1141,0.1141,0.1141,0.1141,0.1141,184.64109,1
1790841180,0.1141,0.1141,0.1141,0.1141,0.0000,0.0,0
1790841240,0.1141,0.1141,0.1141,0.1141,0.0000,0.0,0
1790841300,0.1141,0.1141,0.1141,0.1141,0.0000,0.0,0
1790841360,0.1141,0.1141,0.1141,0.1141,0.0000,0.0,0
1790841420,0.1141,0.1141,0.1141,0.1141,0.0000,0.0,0
1790841480,0.1141,0.1141,0.1141,0.1141,0.0000,0.0,0
1790841540,0.1141,0.1141,0.1141,0.1141,0.0000,0.0,0
1790841600,0.1141,0.1141,0.1141,0.1141,0.0000,0.0,0
1790841660,0.1141,0.1141,0.1141,0.1141,0.1141,4653.02048,1
1790841720,0.1141,0.1141,0.1141,0.1141,0.0000,0.0,0
1790841780,0.1141,0.1141,0.1141,0.1141,0.0000,0.0,0
1790841840,0.114,0.114,0.114,0.114,0.1140,843.75,1
1790841900,0.1139,0.1139,0.1139,0.1139,0.1139,698.69934,1
1790841960,0.1139,0.1139,0.1139,0.1139,0.0000,0.0,0
1790842020,0.1138,0.1139,0.1138,0.1139,0.1138,387.07443,2
1790842080,0.1139,0.1139,0.1139,0.1139,0.0000,0.0,0
1790842140,0.1139,0.1139,0.1139,0.1139,0.0000,0.0,0
1790842200,0.1139,0.1139,0.1139,0.1139,0.0000,0.0,0
1790842260,0.1136,0.1136,0.1136,0.1136,0.1136,2987.2016,4
1790842320,0.1136,0.1136,0.1136,0.1136,0.0000,0.0,0
1790842380,0.1136,0.1136,0.1136,0.1136,0.0000,0.0,0
1790842440,0.1134,0.1134,0.1134,0.1134,0.1134,125.0,1
1790842500,0.1134,0.1134,0.1134,0.1134,0.0000,0.0,0
1790842560,0.1135,0.1135,0.1135,0.1135,0.1135,125.0,1
1790842620,0.1135,0.1135,0.1135,0.1135,0.0000,0.0,0
1790842680,0.1135,0.1135,0.1135,0.1135,0.0000,0.0,0
1790842740,0.1135,0.1135,0.1135,0.1135,0.0000,0.0,0
1790842800,0.1135,0.1135,0.1135,0.1135,0.0000,0.0,0
1790842860,0.1135,0.1135,0.1135,0.1135,0.0000,0.0,0
1790842920,0.1135,0.1135,0.1135,0.1135,0.0000,0.0,0
1790842980,0.114,0.114,0.114,0.114,0.1140,183.54411,1
1790843040,0.114,0.114,0.114,0.114,0.0000,0.0,0
1790843100,0.1142,0.1143,0.1142,0.1143,0.1142,5055.20832,3
1790843160,0.1143,0.1143,0.1143,0.1143,0.0000,0.0,0
1790843220,0.1143,0.1143,0.1143,0.1143,0.0000,0.0,0
1790843280,0.1143,0.1143,0.1143,0.1143,0.0000,0.0,0
1790843340,0.1144,0.1144,0.1144,0.1144,0.1144,349.42517,1
1790843400,0.1144,0.1144,0.1144,0.1144,0.1144,4640.41184,1
1790843460,0.1143,0.1143,0.1143,0.1143,0.1143,125.0,1
1790843520,0.1143,0.1143,0.1143,0.1143,0.0000,0.0,0
1790843580,0.1143,0.1143,0.1143,0.1143,0.0000,0.0,0
1790843640,0.1139,0.1139,0.1139,0.1139,0.1139,2737.2016,2
1790843700,0.1139,0.1139,0.1139,0.1139,0.0000,0.0,0
1790843760,0.1139,0.1139,0.1139,0.1139,0.0000,0.0,0
1790843820,0.1139,0.1139,0.1139,0.1139,0.0000,0.0,0
1790843880,0.1139,0.1139,0.1139,0.1139,0.0000,0.0,0
1790843940,0.1139,0.1139,0.1139,0.1139,0.0000,0.0,0
1790844000,0.1139,0.1139,0.1139,0.1139,0.0000,0.0,0
1790844060,0.1139,0.1139,0.1139,0.1139,0.0000,0.0,0
1790844120,0.1139,0.1139,0.1139,0.1139,0.0000,0.0,0
1790844180,0.1139,0.1139,0.1139,0.1139,0.0000,0.0,0
1790844240,0.1146,0.1149,0.1146,0.1147,0.1147,28665.6588,11
1790844300,0.1148,0.1148,0.1148,0.1148,0.1148,580.58365,1
1790844360,0.1147,0.1147,0.1147,0.1147,0.1147,639.31501,1
1790844420,0.1147,0.1147,0.1147,0.1147,0.0000,0.0,0
1790844480,0.1147,0.1147,0.1147,0.1147,0.0000,0.0,0
1790844540,0.1147,0.1147,0.1147,0.1147,0.0000,0.0,0
1790844600,0.1147,0.1147,0.1147,0.1147,0.0000,0.0,0
1790844660,0.1147,0.1147,0.1147,0.1147,0.0000,0.0,0
1790844720,0.1147,0.1147,0.1147,0.1147,0.0000,0.0,0
1790844780,0.1147,0.1147,0.1147,0.1147,0.0000,0.0,0
1790844840,0.1147,0.1147,0.1147,0.1147,0.0000,0.0,0
1790844900,0.1147,0.1147,0.1147,0.1147,0.0000,0.0,0
1790844960,0.1147,0.1147,0.1147,0.1147,0.0000,0.0,0
1790845020,0.1154,0.1154,0.1154,0.1154,0.1154,434.40164,1
1790845080,0.1154,0.1154,0.1154,0.1154,0.0000,0.0,0
1790845140,0.1154,0.1154,0.1154,0.1154,0.0000,0.0,0
1790845200,0.1154,0.1154,0.1154,0.1154,0.0000,0.0,0
1790845260,0.1154,0.1154,0.1154,0.1154,0.0000,0.0,0
1790845320,0.1154,0.1154,0.1154,0.1154,0.0000,0.0,0
1790845380,0.1154,0.1154,0.1154,0.1154,0.0000,0.0,0
1790845440,0.1154,0.1154,0.1154,0.1154,0.0000,0.0,0
1790845500,0.1154,0.1154,0.1154,0.1154,0.0000,0.0,0
1790845560,0.1154,0.1154,0.1154,0.1154,0.0000,0.0,0
1790845620,0.1154,0.1154,0.1154,0.1154,0.0000,0.0,0
1790845680,0.1154,0.1154,0.1154,0.1154,0.0000,0.0,0
1790845740,0.1154,0.1154,0.1154,0.1154,0.1154,4727.4124,2
1790845800,0.1154,0.1154,0.1154,0.1154,0.0000,0.0,0
1790845860,0.1156,0.1156,0.1156,0.1156,0.1156,210.12862,1
1790845920,0.1156,0.1156,0.1156,0.1156,0.0000,0.0,0
1790845980,0.1156,0.1156,0.1156,0.1156,0.0000,0.0,0
1790846040,0.1156,0.1156,0.1156,0.1156,0.0000,0.0,0
1790846100,0.1153,0.1153,0.1153,0.1153,0.1153,779.7437,3
1790846160,0.1153,0.1153,0.1153,0.1153,0.0000,0.0,0
1790846220,0.115,0.115,0.115,0.115,0.1150,4617.56996,1
1790846280,0.115,0.115,0.115,0.115,0.0000,0.0,0
1790846340,0.115,0.115,0.115,0.115,0.1150,531.69498,2
1790846400,0.1149,0.1149,0.1149,0.1149,0.1149,2968.5195,4
1790846460,0.115,0.115,0.115,0.115,0.1150,9236.86026,3
1790846520,0.115,0.115,0.115,0.115,0.0000,0.0,0
1790846580,0.1149,0.1149,0.1149,0.1149,0.1149,217.04905,1
1790846640,0.1151,0.1153,0.1151,0.1153,0.1152,15643.09572,5
1790846700,0.1153,0.1153,0.1153,0.1153,0.0000,0.0,0
1790846760,0.1153,0.1153,0.1153,0.1153,0.0000,0.0,0
1790846820,0.1152,0.1152,0.1152,0.1152,0.1152,4611.2159,1
1790846880,0.1152,0.1152,0.1152,0.1152,0.0000,0.0,0
1790846940,0.1152,0.1152,0.1152,0.1152,0.0000,0.0,0
1790847000,0.1152,0.1152,0.1152,0.1152,0.0000,0.0,0
1790847060,0.1152,0.1152,0.1152,0.1152,0.0000,0.0,0
1790847120,0.1154,0.1154,0.1154,0.1154,0.1154,316.70413,1
1790847180,0.1154,0.1154,0.1154,0.1154,0.0000,0.0,0
1790847240,0.1154,0.1154,0.1154,0.1154,0.0000,0.0,0
1790847300,0.1154,0.1154,0.1154,0.1154,0.1154,434.40954,1
1790847360,0.1154,0.1154,0.1154,0.1154,0.1154,2138.7841,2
1790847420,0.1154,0.1154,0.1154,0.1154,0.0000,0.0,0
1790847480,0.1154,0.1154,0.1154,0.1154,0.0000,0.0,0
1790847540,0.1154,0.1154,0.1154,0.1154,0.0000,0.0,0
1790847600,0.1152,0.1152,0.1152,0.1152,0.1152,204.56192,1
1790847660,0.1152,0.1152,0.1152,0.1152,0.0000,0.0,0
1790847720,0.115,0.115,0.115,0.115,0.1150,4618.4941,4
1790847780,0.1149,0.1149,0.1149,0.1149,0.1149,4750.33323,2
1790847840,0.1149,0.1149,0.1149,0.1149,0.0000,0.0,0
1790847900,0.1148,0.1148,0.1148,0.1148,0.1148,9383.12898,3
1790847960,0.1148,0.1149,0.1148,0.1149,0.1148,4750.00574,2
1790848020,0.1149,0.1149,0.1149,0.1149,0.1149,125.0,1
1790848080,0.1149,0.115,0.1149,0.115,0.1149,1694.01689,4
1790848140,0.115,0.115,0.115,0.115,0.0000,0.0,0
1790848200,0.115,0.115,0.115,0.115,0.0000,0.0,0
1790848260,0.1149,0.1149,0.1149,0.1149,0.1149,853.43981,1
1790848320,0.1149,0.1149,0.1149,0.1149,0.0000,0.0,0
1790848380,0.1148,0.1148,0.1148,0.1148,0.1148,211.51384,1
1790848440,0.1148,0.1148,0.1148,0.1148,0.0000,0.0,0
1790848500,0.1148,0.1148,0.1148,0.1148,0.0000,0.0,0
1790848560,0.1148,0.1148,0.1148,0.1148,0.0000,0.0,0
1790848620,0.1148,0.1148,0.1148,0.1148,0.0000,0.0,0
1790848680,0.1147,0.1147,0.1147,0.1147,0.1147,240.15982,1
1790848740,0.1147,0.1148,0.1147,0.1148,0.1147,687.42647,2
1790848800,0.1149,0.1149,0.1149,0.1149,0.1149,257.78524,1
1790848860,0.1142,0.1142,0.1142,0.1142,0.1142,4919.03171,2
1790848920,0.1142,0.1142,0.1142,0.1142,0.0000,0.0,0
1790848980,0.1138,0.1139,0.1138,0.1138,0.1138,19088.52866,7
1790849040,0.1138,0.1138,0.1138,0.1138,0.0000,0.0,0
1790849100,0.1133,0.1133,0.1133,0.1133,0.1133,843.75,1
1790849160,0.1133,0.1133,0.1133,0.1133,0.0000,0.0,0
1790849220,0.1138,0.1138,0.1138,0.1138,0.1138,3837.198,4
1790849280,0.1138,0.1138,0.1138,0.1138,0.0000,0.0,0
1790849340,0.1141,0.1141,0.1141,0.1141,0.1141,435.99642,1
1790849400,0.1141,0.1141,0.114,0.114,0.1140,4790.22234,2
1790849460,0.114,0.114,0.114,0.114,0.0000,0.0,0
1790849520,0.114,0.114,0.114,0.114,0.1140,3656.2961,6
1790849580,0.114,0.114,0.114,0.114,0.0000,0.0,0
1790849640,0.114,0.114,0.114,0.114,0.0000,0.0,0
1790849700,0.114,0.114,0.114,0.114,0.0000,0.0,0
1790849760,0.114,0.114,0.114,0.114,0.0000,0.0,0
1790849820,0.114,0.114,0.114,0.114,0.0000,0.0,0
1790849880,0.114,0.114,0.114,0.114,0.0000,0.0,0
1790849940,0.114,0.114,0.114,0.114,0.0000,0.0,0
1790850000,0.114,0.114,0.114,0.114,0.0000,0.0,0
1790850060,0.1142,0.1142,0.1142,0.1142,0.1142,9439.62191,5
1790850120,0.114,0.114,0.114,0.114,0.1140,436.38582,1
1790850180,0.114,0.114,0.114,0.114,0.1140,125.0,1
1790850240,0.114,0.114,0.114,0.114,0.0000,0.0,0
1790850300,0.114,0.114,0.114,0.114,0.0000,0.0,0
1790850360,0.114,0.114,0.1139,0.1139,0.1139,1521.67125,2
1790850420,0.1139,0.1139,0.1139,0.1139,0.0000,0.0,0
1790850480,0.1139,0.1139,0.1139,0.1139,0.1139,436.38582,1
1790850540,0.1139,0.1139,0.1139,0.1139,0.0000,0.0,0
1790850600,0.1141,0.1141,0.1141,0.1141,0.1141,583.0873,1
1790850660,0.1144,0.1144,0.1144,0.1144,0.1144,523.5515,1
1790850720,0.1144,0.1144,0.1144,0.1144,0.0000,0.0,0
1790850780,0.1144,0.1144,0.1144,0.1144,0.0000,0.0,0
1790850840,0.1144,0.1144,0.1144,0.1144,0.0000,0.0,0
1790850900,0.1144,0.1144,0.1144,0.1144,0.0000,0.0,0
1790850960,0.1144,0.1144,0.1144,0.1144,0.0000,0.0,0
1790851020,0.1144,0.1144,0.1144,0.1144,0.0000,0.0,0
1790851080,0.1144,0.1144,0.1144,0.1144,0.0000,0.0,0
1790851140,0.1144,0.1144,0.1144,0.1144,0.0000,0.0,0
1790851200,0.1142,0.1142,0.1142,0.1142,0.1142,401.50343,2
1790851260,0.1142,0.1142,0.1142,0.1142,0.0000,0.0,0
1790851320,0.1142,0.1142,0.1142,0.1142,0.0000,0.0,0
1790851380,0.1142,0.1142,0.1142,0.1142,0.0000,0.0,0
1790851440,0.1145,0.1145,0.1145,0.1145,0.1145,266.49433,1
1790851500,0.1144,0.1144,0.1144,0.1144,0.1144,223.98181,1
1790851560,0.1144,0.1144,0.1144,0.1144,0.0000,0.0,0
1790851620,0.1144,0.1144,0.1144,0.1144,0.0000,0.0,0
1790851680,0.1149,0.1149,0.1149,0.1149,0.1149,868.33338,4
1790851740,0.1149,0.1149,0.1149,0.1149,0.0000,0.0,0
1790851800,0.1149,0.1149,0.1149,0.1149,0.0000,0.0,0
1790851860,0.1149,0.1149,0.1149,0.1149,0.0000,0.0,0
1790851920,0.1145,0.1145,0.1145,0.1145,0.1145,4639.70283,1
1790851980,0.1146,0.1146,0.1146,0.1146,0.1146,4635.98481,1
1790852040,0.1146,0.1146,0.1146,0.1146,0.0000,0.0,0
1790852100,0.1146,0.1146,0.1146,0.1146,0.0000,0.0,0
1790852160,0.1146,0.1146,0.1146,0.1146,0.0000,0.0,0
1790852220,0.1146,0.1146,0.1146,0.1146,0.1146,252.78503,1
1790852280,0.1146,0.1146,0.1146,0.1146,0.0000,0.0,0
1790852340,0.1147,0.1147,0.1147,0.1147,0.1147,4756.59327,2
1790852400,0.1146,0.1146,0.1144,0.1144,0.1145,1175.36995,3
1790852460,0.1141,0.1141,0.1141,0.1141,0.1141,464.48574,1
1790852520,0.1141,0.1141,0.1141,0.1141,0.0000,0.0,0
1790852580,0.1141,0.1141,0.1141,0.1141,0.0000,0.0,0
1790852640,0.1141,0.1142,0.1141,0.1142,0.1141,9432.01809,3
1790852700,0.1142,0.1142,0.1142,0.1142,0.0000,0.0,0
1790852760,0.1144,0.1144,0.1144,0.1144,0.1144,566.02256,2
1790852820,0.1144,0.1144,0.1144,0.1144,0.0000,0.0,0
1790852880,0.1144,0.1144,0.1144,0.1144,0.0000,0.0,0
1790852940,0.1143,0.1143,0.1143,0.1143,0.1143,1989.28681,1
1790853000,0.1143,0.1143,0.1142,0.1142,0.1142,464.30546,2
1790853060,0.1142,0.1142,0.1142,0.1142,0.0000,0.0,0
1790853120,0.1142,0.1142,0.1142,0.1142,0.0000,0.0,0
1790853180,0.1142,0.1142,0.1142,0.1142,0.0000,0.0,0
1790853240,0.1143,0.1143,0.1143,0.1143,0.1143,1349.2127,1
1790853300,0.1143,0.1143,0.1143,0.1143,0.0000,0.0,0
1790853360,0.1143,0.1143,0.1143,0.1143,0.0000,0.0,0
1790853420,0.1143,0.1143,0.1143,0.1143,0.0000,0.0,0
1790853480,0.1143,0.1143,0.1143,0.1143,0.0000,0.0,0
1790853540,0.1142,0.1142,0.1142,0.1142,0.1142,715.46605,1
1790853600,0.1142,0.1142,0.1142,0.1142,0.1142,4653.8099,1
1790853660,0.1142,0.1142,0.1142,0.1142,0.0000,0.0,0
1790853720,0.1142,0.1142,0.1142,0.1142,0.0000,0.0,0
1790853780,0.1142,0.1142,0.1142,0.1142,0.0000,0.0,0
1790853840,0.1142,0.1142,0.1142,0.1142,0.0000,0.0,0
1790853900,0.1142,0.1142,0.1142,0.1142,0.0000,0.0,0
1790853960,0.1142,0.1142,0.1142,0.1142,0.0000,0.0,0
1790854020,0.1142,0.1142,0.1142,0.1142,0.0000,0.0,0
1790854080,0.1142,0.1142,0.1142,0.1142,0.0000,0.0,0
1790854140,0.1142,0.1142,0.1142,0.1142,0.0000,0.0,0
1790854200,0.1142,0.1142,0.1142,0.1142,0.0000,0.0,0
1790854260,0.1142,0.1142,0.1142,0.1142,0.0000,0.0,0
1790854320,0.1142,0.1142,0.1142,0.1142,0.0000,0.0,0
1790854380,0.1142,0.1142,0.1142,0.1142,0.0000,0.0,0
1790854440,0.1142,0.1142,0.1142,0.1142,0.0000,0.0,0
1790854500,0.1142,0.1142,0.1142,0.1142,0.0000,0.0,0
1790854560,0.1142,0.1142,0.1142,0.1142,0.0000,0.0,0
1790854620,0.1146,0.1146,0.1146,0.1146,0.1146,5777.8966,3
1790854680,0.1146,0.1146,0.1146,0.1146,0.0000,0.0,0
1790854740,0.1148,0.1148,0.1148,0.1148,0.1148,4628.54427,1
1790854800,0.1145,0.1145,0.1144,0.1144,0.1144,1190.46883,3
1790854860,0.1145,0.1145,0.1145,0.1145,0.1145,374.74826,2
1790854920,0.1145,0.1148,0.1145,0.1148,0.1146,18506.44244,7
1790854980,0.1148,0.1148,0.1148,0.1148,0.0000,0.0,0
1790855040,0.1148,0.1148,0.1148,0.1148,0.1148,174.4556,1
1790855100,0.1148,0.1148,0.1148,0.1148,0.0000,0.0,0
1790855160,0.1148,0.1148,0.1148,0.1148,0.1148,4625.9617,1
1790855220,0.1148,0.1148,0.1148,0.1148,0.1148,4625.1641,1
1790855280,0.1149,0.1149,0.1148,0.1148,0.1148,5499.28349,5
1790855340,0.1148,0.1148,0.1148,0.1148,0.1148,668.02482,2
1790855400,0.1147,0.1147,0.1147,0.1147,0.1147,2591.18165,1
1790855460,0.115,0.115,0.115,0.115,0.1150,370.43781,2
1790855520,0.115,0.115,0.115,0.115,0.1150,9034.64114,3
1790855580,0.1151,0.1151,0.1151,0.1151,0.1151,173.03048,1
1790855640,0.1151,0.1151,0.1151,0.1151,0.1151,4694.23438,3
1790855700,0.1149,0.1149,0.1149,0.1149,0.1149,422.66711,1
1790855760,0.1149,0.1149,0.1149,0.1149,0.0000,0.0,0
1790855820,0.1149,0.1149,0.1149,0.1149,0.0000,0.0,0
1790855880,0.1149,0.1149,0.1149,0.1149,0.0000,0.0,0
1790855940,0.1149,0.1149,0.1149,0.1149,0.0000,0.0,0
1790856000,0.1149,0.1149,0.1149,0.1149,0.0000,0.0,0
1790856060,0.1149,0.1149,0.1149,0.1149,0.0000,0.0,0
1790856120,0.1149,0.1149,0.1149,0.1149,0.0000,0.0,0
1790856180,0.1149,0.1149,0.1149,0.1149,0.0000,0.0,0
1790856240,0.115,0.115,0.115,0.115,0.1150,432.5268,1
1790856300,0.115,0.115,0.115,0.115,0.0000,0.0,0
1790856360,0.115,0.115,0.115,0.115,0.0000,0.0,0
1790856420,0.115,0.115,0.115,0.115,0.0000,0.0,0
1790856480,0.115,0.115,0.115,0.115,0.0000,0.0,0
1790856540,0.115,0.115,0.115,0.115,0.0000,0.0,0
1790856600,0.115,0.115,0.115,0.115,0.0000,0.0,0
1790856660,0.1153,0.1153,0.1153,0.1153,0.1153,4606.18556,1
1790856720,0.1153,0.1153,0.1153,0.1153,0.0000,0.0,0
1790856780,0.1153,0.1153,0.1153,0.1153,0.0000,0.0,0
1790856840,0.1153,0.1153,0.1153,0.1153,0.0000,0.0,0
1790856900,0.1153,0.1153,0.1153,0.1153,0.0000,0.0,0
1790856960,0.1153,0.1153,0.1153,0.1153,0.0000,0.0,0
1790857020,0.1153,0.1153,0.1153,0.1153,0.0000,0.0,0
1790857080,0.1153,0.1153,0.1153,0.1153,0.0000,0.0,0
1790857140,0.1153,0.1153,0.1153,0.1153,0.0000,0.0,0
1790857200,0.1152,0.1152,0.1152,0.1152,0.1152,4610.7783,1
1790857260,0.1152,0.1152,0.1152,0.1152,0.0000,0.0,0
1790857320,0.1151,0.1151,0.1151,0.1151,0.1151,224.80682,1
1790857380,0.1149,0.1149,0.1149,0.1149,0.1149,1801.9147,3
1790857440,0.1148,0.1148,0.1148,0.1148,0.1148,1031.87796,1
1790857500,0.1149,0.1149,0.1149,0.1149,0.1149,4749.02367,2
1790857560,0.115,0.115,0.115,0.115,0.1150,432.5268,1
1790857620,0.1152,0.1152,0.1151,0.1151,0.1151,3375.0,4
1790857680,0.1151,0.1151,0.1151,0.1151,0.0000,0.0,0
1790857740,0.1151,0.1151,0.1151,0.1151,0.1151,4616.9261,5
1790857800,0.1151,0.1151,0.1151,0.1151,0.0000,0.0,0
1790857860,0.1151,0.1151,0.1151,0.1151,0.0000,0.0,0
1790857920,0.1149,0.1149,0.1149,0.1149,0.1149,432.91205,1
1790857980,0.1149,0.1149,0.1149,0.1149,0.0000,0.0,0
1790858040,0.1149,0.1149,0.1144,0.1145,0.1145,11616.9261,8
1790858100,0.1145,0.1145,0.1145,0.1145,0.0000,0.0,0
1790858160,0.1145,0.1145,0.1145,0.1145,0.0000,0.0,0
1790858220,0.1145,0.1145,0.1145,0.1145,0.0000,0.0,0
1790858280,0.1145,0.1145,0.1145,0.1145,0.0000,0.0,0
1790858340,0.1145,0.1145,0.1145,0.1145,0.0000,0.0,0
1790858400,0.1145,0.1145,0.1145,0.1145,0.0000,0.0,0
1790858460,0.1145,0.1145,0.1145,0.1145,0.0000,0.0,0
1790858520,0.1145,0.1145,0.1145,0.1145,0.0000,0.0,0
1790858580,0.1145,0.1145,0.1145,0.1145,0.0000,0.0,0
1790858640,0.1144,0.1144,0.1144,0.1144,0.1144,9904.51411,3
1790858700,0.1143,0.1143,0.1143,0.1143,0.1143,125.0,1
1790858760,0.1144,0.1144,0.1144,0.1144,0.1144,5046.789,2
1790858820,0.1144,0.1144,0.1143,0.1143,0.1143,683.90011,3
1790858880,0.1143,0.1143,0.1143,0.1143,0.1143,125.0,1
1790858940,0.1143,0.1143,0.1143,0.1143,0.0000,0.0,0
1790859000,0.1143,0.1143,0.1143,0.1143,0.0000,0.0,0
1790859060,0.1143,0.1143,0.1143,0.1143,0.0000,0.0,0
1790859120,0.1143,0.1143,0.1143,0.1143,0.0000,0.0,0
1790859180,0.1142,0.1142,0.1142,0.1142,0.1142,2393.86183,1
1790859240,0.1142,0.1142,0.1142,0.1142,0.0000,0.0,0
1790859300,0.1142,0.1142,0.1142,0.1142,0.0000,0.0,0
1790859360,0.1142,0.1142,0.1142,0.1142,0.0000,0.0,0
1790859420,0.1141,0.1141,0.1141,0.1141,0.1141,125.0,1
1790859480,0.1141,0.1141,0.1141,0.1141,0.0000,0.0,0
1790859540,0.1141,0.1141,0.1141,0.1141,0.0000,0.0,0
1790859600,0.1141,0.1141,0.1141,0.1141,0.0000,0.0,0
1790859660,0.1141,0.1141,0.1141,0.1141,0.0000,0.0,0
1790859720,0.1141,0.1141,0.1141,0.1141,0.0000,0.0,0
1790859780,0.1141,0.1141,0.1141,0.1141,0.0000,0.0,0
1790859840,0.1141,0.1141,0.1141,0.1141,0.0000,0.0,0
1790859900,0.1141,0.1141,0.1141,0.1141,0.0000,0.0,0
1790859960,0.1135,0.1135,0.1135,0.1135,0.1135,1591.62095,4
1790860020,0.1135,0.1135,0.1135,0.1135,0.0000,0.0,0
1790860080,0.1135,0.1135,0.1135,0.1135,0.1135,5749.40147,3
1790860140,0.1133,0.1133,0.1133,0.1133,0.1133,571.5996,2
1790860200,0.1132,0.1132,0.1132,0.1132,0.1132,187.96882,1
1790860260,0.1132,0.1132,0.1132,0.1132,0.0000,0.0,0
1790860320,0.1132,0.1132,0.1132,0.1132,0.0000,0.0,0
1790860380,0.1132,0.1132,0.1132,0.1132,0.0000,0.0,0
1790860440,0.1133,0.1133,0.1133,0.1133,0.1133,196.08209,1
1790860500,0.1133,0.1133,0.1133,0.1133,0.0000,0.0,0
1790860560,0.1131,0.1131,0.1131,0.1131,0.1131,3399.02101,4
1790860620,0.1134,0.1135,0.1134,0.1135,0.1134,6120.37011,3
1790860680,0.1135,0.1135,0.1135,0.1135,0.0000,0.0,0
1790860740,0.1133,0.1135,0.1133,0.1135,0.1134,705.28652,3
1790860800,0.1135,0.1135,0.1135,0.1135,0.0000,0.0,0
1790860860,0.1135,0.1135,0.1135,0.1135,0.0000,0.0,0
1790860920,0.1135,0.1135,0.1135,0.1135,0.0000,0.0,0
1790860980,0.1135,0.1135,0.1135,0.1135,0.1135,432.92069,1
1790861040,0.1135,0.1135,0.1135,0.1135,0.0000,0.0,0
1790861100,0.1135,0.1135,0.1135,0.1135,0.0000,0.0,0
1790861160,0.1135,0.1135,0.1135,0.1135,0.0000,0.0,0
1790861220,0.1135,0.1135,0.1135,0.1135,0.0000,0.0,0
1790861280,0.1136,0.1136,0.1136,0.1136,0.1136,5798.95907,6
1790861340,0.1136,0.1136,0.1136,0.1136,0.0000,0.0,0
1790861400,0.1136,0.1136,0.1136,0.1136,0.0000,0.0,0
1790861460,0.1136,0.1136,0.1136,0.1136,0.0000,0.0,0
1790861520,0.1144,0.1144,0.1144,0.1144,0.1144,432.9206,1
1790861580,0.1149,0.1149,0.1149,0.1149,0.1149,837.03574,1
1790861640,0.115,0.115,0.115,0.115,0.1150,4622.25394,1
1790861700,0.115,0.115,0.115,0.115,0.0000,0.0,0
1790861760,0.115,0.115,0.115,0.115,0.0000,0.0,0
1790861820,0.115,0.115,0.115,0.115,0.0000,0.0,0
1790861880,0.115,0.115,0.115,0.115,0.0000,0.0,0
1790861940,0.1148,0.1148,0.1146,0.1146,0.1146,9947.93979,5
1790862000,0.1146,0.1146,0.1146,0.1146,0.0000,0.0,0
1790862060,0.1149,0.1149,0.1149,0.1149,0.1149,2592.20513,3
1790862120,0.1149,0.1149,0.1149,0.1149,0.0000,0.0,0
1790862180,0.1149,0.1149,0.1149,0.1149,0.0000,0.0,0
1790862240,0.1147,0.1147,0.1147,0.1147,0.1147,360.40959,1
1790862300,0.1146,0.1146,0.1146,0.1146,0.1146,311.17281,1
1790862360,0.1146,0.1147,0.1146,0.1146,0.1146,2099.60494,4
1790862420,0.1147,0.1147,0.1147,0.1147,0.1147,443.11778,1
1790862480,0.115,0.115,0.1148,0.1148,0.1149,25365.50696,11
1790862540,0.1147,0.1147,0.1145,0.1145,0.1146,5238.36777,3
1790862600,0.1146,0.1146,0.1146,0.1146,0.1146,14037.08715,7
1790862660,0.1146,0.1146,0.1146,0.1146,0.1146,4636.1878,4
1790862720,0.1146,0.1146,0.1146,0.1146,0.0000,0.0,0
1790862780,0.1146,0.1146,0.1146,0.1146,0.0000,0.0,0
1790862840,0.1146,0.1146,0.1146,0.1146,0.0000,0.0,0
1790862900,0.1146,0.1146,0.1146,0.1146,0.0000,0.0,0
1790862960,0.1146,0.1146,0.1146,0.1146,0.0000,0.0,0
1790863020,0.1149,0.1149,0.1149,0.1149,0.1149,459.57614,1
1790863080,0.1148,0.1149,0.1148,0.1149,0.1148,3967.10859,6
1790863140,0.1149,0.1149,0.1149,0.1149,0.0000,0.0,0
1790863200,0.1149,0.1149,0.1149,0.1149,0.0000,0.0,0
1790863260,0.1143,0.1143,0.1143,0.1143,0.1143,2740.1509,2
1790863320,0.1142,0.1144,0.1142,0.1144,0.1142,4892.08059,2
1790863380,0.1144,0.1144,0.1144,0.1144,0.0000,0.0,0
1790863440,0.1142,0.1142,0.1142,0.1142,0.1142,4654.65759,1
1790863500,0.1141,0.1141,0.1141,0.1141,0.1141,3815.1886,3
1790863560,0.1142,0.1142,0.1142,0.1142,0.1142,4655.18973,1
1790863620,0.1142,0.1142,0.1142,0.1142,0.0000,0.0,0
1790863680,0.1145,0.1148,0.1145,0.1148,0.1146,15098.74505,11
1790863740,0.1148,0.1148,0.1148,0.1148,0.1148,433.6925,1
1790863800,0.1149,0.1149,0.1144,0.1144,0.1148,4822.04954,4
1790863860,0.1144,0.1144,0.1144,0.1144,0.1144,237.55419,1
1790863920,0.1142,0.1142,0.1142,0.1142,0.1142,5906.25,2
1790863980,0.1137,0.1138,0.1137,0.1138,0.1137,6488.34616,3
1790864040,0.1136,0.1136,0.1136,0.1136,0.1136,4680.29697,1
1790864100,0.1136,0.1136,0.1136,0.1136,0.0000,0.0,0
1790864160,0.1136,0.1136,0.1136,0.1136,0.0000,0.0,0
1790864220,0.1141,0.1141,0.114,0.1141,0.1140,11080.16373,4
1790864280,0.1141,0.1141,0.1141,0.1141,0.0000,0.0,0
1790864340,0.1138,0.1143,0.1138,0.1143,0.1140,11932.15501,10
1790864400,0.114,0.114,0.114,0.114,0.1140,3819.3985,2
1790864460,0.114,0.114,0.114,0.114,0.0000,0.0,0
1790864520,0.114,0.114,0.114,0.114,0.0000,0.0,0
1790864580,0.114,0.114,0.114,0.114,0.0000,0.0,0
1790864640,0.114,0.114,0.114,0.114,0.0000,0.0,0
1790864700,0.114,0.114,0.114,0.114,0.0000,0.0,0
1790864760,0.1141,0.1141,0.1141,0.1141,0.1141,214.04532,1
1790864820,0.1145,0.1145,0.1144,0.1144,0.1144,4766.92345,5
1790864880,0.1144,0.1144,0.1144,0.1144,0.0000,0.0,0
1790864940,0.1144,0.1144,0.1144,0.1144,0.0000,0.0,0
1790865000,0.1144,0.1144,0.1144,0.1144,0.0000,0.0,0
1790865060,0.1141,0.1141,0.1141,0.1141,0.1141,2545.4923,2
1790865120,0.1141,0.1142,0.1141,0.1142,0.1141,7187.68152,5
1790865180,0.1143,0.1143,0.1143,0.1143,0.1143,257.2832,1
1790865240,0.1143,0.1143,0.1143,0.1143,0.0000,0.0,0
1790865300,0.1143,0.1143,0.1143,0.1143,0.0000,0.0,0
1790865360,0.1143,0.1143,0.1143,0.1143,0.0000,0.0,0
1790865420,0.1147,0.1147,0.1145,0.1145,0.1145,804.34231,2
1790865480,0.1144,0.1144,0.1144,0.1144,0.1144,125.0,1
1790865540,0.1144,0.1144,0.1144,0.1144,0.0000,0.0,0
1790865600,0.1141,0.1141,0.1141,0.1141,0.1141,4660.67755,5
1790865660,0.1139,0.114,0.1139,0.114,0.1139,3733.39494,6
1790865720,0.114,0.114,0.114,0.114,0.0000,0.0,0
1790865780,0.1139,0.1139,0.1139,0.1139,0.1139,125.0,1
1790865840,0.1141,0.1141,0.1141,0.1141,0.1141,4789.82623,2
1790865900,0.1141,0.1141,0.1141,0.1141,0.0000,0.0,0
1790865960,0.1141,0.1141,0.1141,0.1141,0.0000,0.0,0
1790866020,0.1138,0.1138,0.1138,0.1138,0.1138,2361.7089,2
1790866080,0.1135,0.1135,0.1135,0.1135,0.1135,125.0,1
1790866140,0.1134,0.1134,0.1134,0.1134,0.1134,4694.4373,5
1790866200,0.1135,0.1135,0.1128,0.1128,0.1128,27144.10482,11
1790866260,0.1131,0.1131,0.113,0.113,0.1130,9422.90281,2
1790866320,0.1129,0.1129,0.1123,0.1126,0.1125,39939.2949,15
1790866380,0.1126,0.1127,0.1126,0.1127,0.1126,32844.88417,8
1790866440,0.1126,0.1126,0.1125,0.1125,0.1125,9588.44577,4
1790866500,0.1129,0.1129,0.1129,0.1129,0.1129,648.70943,1
1790866560,0.113,0.113,0.113,0.113,0.1130,1557.0341,3
1790866620,0.113,0.113,0.113,0.113,0.0000,0.0,0
1790866680,0.1132,0.1132,0.1131,0.1131,0.1131,7715.43099,8
1790866740,0.1131,0.1131,0.1131,0.1131,0.0000,0.0,0
1790866800,0.1131,0.1131,0.1131,0.1131,0.0000,0.0,0
1790866860,0.1131,0.1131,0.1131,0.1131,0.0000,0.0,0
1790866920,0.1135,0.1135,0.1135,0.1135,0.1135,4693.23592,1
1790866980,0.1135,0.1135,0.1135,0.1135,0.1135,4693.8016,3
1790867040,0.1135,0.1135,0.1135,0.1135,0.0000,0.0,0
1790867100,0.1139,0.1139,0.1139,0.1139,0.1139,9484.96693,3
1790867160,0.1139,0.1139,0.1139,0.1139,0.0000,0.0,0
1790867220,0.1133,0.1133,0.1133,0.1133,0.1133,5906.25,3
1790867280,0.1128,0.1128,0.1128,0.1128,0.1128,4724.52061,1
1790867340,0.1128,0.1128,0.1128,0.1128,0.0000,0.0,0
1790867400,0.1125,0.1127,0.1124,0.1127,0.1126,6000.55386,3
1790867460,0.1127,0.1127,0.1127,0.1127,0.0000,0.0,0
1790867520,0.1127,0.1127,0.1127,0.1127,0.0000,0.0,0
1790867580,0.1136,0.1136,0.1136,0.1136,0.1136,767.28342,1
1790867640,0.1137,0.1137,0.1137,0.1137,0.1137,843.75,1
1790867700,0.1139,0.1143,0.1139,0.1143,0.1139,10201.20355,6
1790867760,0.1145,0.1145,0.1145,0.1145,0.1145,4656.44318,1
1790867820,0.1145,0.1145,0.1145,0.1145,0.0000,0.0,0
1790867880,0.1145,0.1145,0.1145,0.1145,0.0000,0.0,0
1790867940,0.1145,0.1145,0.1145,0.1145,0.0000,0.0,0
1790868000,0.1148,0.1148,0.1147,0.1147,0.1147,4929.12056,6
1790868060,0.1147,0.1147,0.1147,0.1147,0.0000,0.0,0
1790868120,0.1147,0.1147,0.1147,0.1147,0.0000,0.0,0
1790868180,0.1147,0.1147,0.1147,0.1147,0.0000,0.0,0
1790868240,0.1147,0.1147,0.1147,0.1147,0.0000,0.0,0
1790868300,0.1147,0.1147,0.1147,0.1147,0.0000,0.0,0
1790868360,0.1143,0.1144,0.1143,0.1144,0.1143,18893.7476,6
1790868420,0.1144,0.1144,0.1144,0.1144,0.0000,0.0,0
1790868480,0.1144,0.1144,0.1144,0.1144,0.0000,0.0,0
1790868540,0.1144,0.1144,0.1144,0.1144,0.0000,0.0,0
1790868600,0.1142,0.1142,0.1141,0.1141,0.1141,2545.18035,3
1790868660,0.1141,0.1141,0.1141,0.1141,0.0000,0.0,0
1790868720,0.1141,0.1141,0.1141,0.1141,0.0000,0.0,0
1790868780,0.1141,0.1141,0.1141,0.1141,0.0000,0.0,0
1790868840,0.1139,0.1139,0.1138,0.1138,0.1138,6973.28681,5
1790868900,0.1138,0.1138,0.1138,0.1138,0.0000,0.0,0
1790868960,0.1138,0.1138,0.1138,0.1138,0.0000,0.0,0
1790869020,0.1138,0.1138,0.1138,0.1138,0.0000,0.0,0
1790869080,0.1138,0.1138,0.1138,0.1138,0.0000,0.0,0
1790869140,0.1138,0.1138,0.1138,0.1138,0.0000,0.0,0
1790869200,0.1138,0.1138,0.1138,0.1138,0.0000,0.0,0
1790869260,0.1138,0.1138,0.1138,0.1138,0.0000,0.0,0
1790869320,0.1137,0.1138,0.1137,0.1138,0.1137,9382.38027,2
1790869380,0.1138,0.1138,0.1138,0.1138,0.0000,0.0,0
1790869440,0.1136,0.1137,0.1136,0.1137,0.1136,9523.94224,4
1790869500,0.1135,0.1135,0.1133,0.1133,0.1133,778.89439,2
1790869560,0.1135,0.1135,0.1135,0.1135,0.1135,4702.96484,1
1790869620,0.1135,0.1135,0.1135,0.1135,0.0000,0.0,0
1790869680,0.1139,0.1139,0.1139,0.1139,0.1139,4686.8453,3
1790869740,0.1145,0.1145,0.1145,0.1145,0.1145,596.6936,1
1790869800,0.1145,0.1145,0.1145,0.1145,0.1145,4663.49758,1
1790869860,0.1142,0.1142,0.1142,0.1142,0.1142,125.0,1
1790869920,0.1142,0.1142,0.1142,0.1142,0.0000,0.0,0
1790869980,0.1141,0.1141,0.114,0.114,0.1140,375.0,3
1790870040,0.114,0.114,0.114,0.114,0.0000,0.0,0
1790870100,0.114,0.114,0.114,0.114,0.0000,0.0,0
1790870160,0.114,0.114,0.114,0.114,0.0000,0.0,0
1790870220,0.114,0.114,0.114,0.114,0.0000,0.0,0
1790870280,0.114,0.114,0.114,0.114,0.0000,0.0,0
1790870340,0.114,0.114,0.114,0.114,0.1140,2062.5,2
1790870400,0.114,0.114,0.114,0.114,0.0000,0.0,0
1790870460,0.114,0.114,0.114,0.114,0.0000,0.0,0
1790870520,0.114,0.114,0.114,0.114,0.0000,0.0,0
1790870580,0.114,0.114,0.114,0.114,0.0000,0.0,0
1790870640,0.114,0.114,0.114,0.114,0.0000,0.0,0
1790870700,0.114,0.114,0.114,0.114,0.0000,0.0,0
1790870760,0.114,0.114,0.114,0.114,0.0000,0.0,0
1790870820,0.114,0.114,0.114,0.114,0.0000,0.0,0
1790870880,0.114,0.114,0.114,0.114,0.0000,0.0,0
1790870940,0.114,0.114,0.114,0.114,0.0000,0.0,0
1790871000,0.114,0.114,0.114,0.114,0.0000,0.0,0
1790871060,0.114,0.114,0.114,0.114,0.0000,0.0,0
1790871120,0.1137,0.1137,0.1137,0.1137,0.1137,4696.27793,1
1790871180,0.1137,0.1137,0.1137,0.1137,0.0000,0.0,0
1790871240,0.1138,0.1138,0.1138,0.1138,0.1138,1049.8997,2
1790871300,0.114,0.114,0.114,0.114,0.1140,4683.50101,1
1790871360,0.114,0.114,0.114,0.114,0.0000,0.0,0
1790871420,0.114,0.114,0.114,0.114,0.0000,0.0,0
1790871480,0.1136,0.1136,0.1136,0.1136,0.1136,478.21318,1
1790871540,0.1135,0.1135,0.1135,0.1135,0.1135,986.34722,1
1790871600,0.1135,0.1135,0.1135,0.1135,0.1135,2166.8246,1
1790871660,0.1135,0.1135,0.1135,0.1135,0.0000,0.0,0
1790871720,0.1133,0.1133,0.1133,0.1133,0.1133,206.1497,1
1790871780,0.1131,0.1131,0.1131,0.1131,0.1131,125.0,1
1790871840,0.1133,0.1133,0.1133,0.1133,0.1133,289.70939,1
1790871900,0.1131,0.1131,0.1131,0.1131,0.1131,4147.31923,2
1790871960,0.1132,0.1132,0.1131,0.1131,0.1131,4327.97589,4
1790872020,0.113,0.1131,0.113,0.1131,0.1130,6243.80293,5
1790872080,0.113,0.1131,0.113,0.1131,0.1130,791.9843,3
1790872140,0.1131,0.1131,0.1131,0.1131,0.1131,534.84796,2
1790872200,0.1132,0.1134,0.1132,0.1134,0.1132,541.58176,2
1790872260,0.1134,0.1136,0.1134,0.1136,0.1134,4972.59111,4
1790872320,0.1136,0.1137,0.1136,0.1137,0.1136,456.09168,3
1790872380,0.1137,0.1139,0.1137,0.1139,0.1138,1340.98008,4
1790872440,0.114,0.114,0.1139,0.1139,0.1139,5812.89476,7
1790872500,0.1139,0.1139,0.1138,0.1139,0.1138,7921.09759,6
1790872560,0.1139,0.1139,0.1139,0.1139,0.0000,0.0,0
1790872620,0.1136,0.1136,0.1131,0.1131,0.1134,2826.43915,6
1790872680,0.113,0.113,0.1129,0.1129,0.1129,10123.87571,5
1790872740,0.1129,0.1129,0.1129,0.1129,0.1129,4731.7953,5
1790872800,0.1129,0.1129,0.1129,0.1129,0.0000,0.0,0
1790872860,0.113,0.113,0.113,0.113,0.1130,4730.12746,1
1790872920,0.1128,0.1128,0.1124,0.1124,0.1126,21609.7889,9
1790872980,0.1124,0.1124,0.1124,0.1124,0.0000,0.0,0
1790873040,0.1126,0.1126,0.1125,0.1125,0.1125,6068.94735,3
1790873100,0.1127,0.1127,0.1127,0.1127,0.1127,4742.804,3
1790873160,0.1129,0.1129,0.1126,0.1126,0.1127,11957.90704,7
1790873220,0.1128,0.1128,0.1128,0.1128,0.1128,3539.8386,2
1790873280,0.1129,0.1129,0.1127,0.1127,0.1127,9478.36935,2
1790873340,0.1125,0.1126,0.1125,0.1126,0.1125,4877.86635,2
1790873400,0.1125,0.1127,0.1125,0.1127,0.1126,1271.18129,2
1790873460,0.1126,0.1126,0.1126,0.1126,0.1126,4999.68634,3
1790873520,0.1127,0.1127,0.1127,0.1127,0.1127,2447.35594,1
1790873580,0.1127,0.1127,0.1127,0.1127,0.0000,0.0,0
1790873640,0.1125,0.1125,0.1124,0.1124,0.1124,5854.9297,3
1790873700,0.1124,0.1124,0.1124,0.1124,0.0000,0.0,0
1790873760,0.1124,0.1124,0.1121,0.1121,0.1121,7647.61501,5
1790873820,0.1121,0.1121,0.1121,0.1121,0.0000,0.0,0
1790873880,0.1123,0.1123,0.1123,0.1123,0.1123,3122.11393,3
1790873940,0.1123,0.1123,0.1123,0.1123,0.0000,0.0,0
1790874000,0.1122,0.1125,0.1122,0.1125,0.1122,9909.48081,3
1790874060,0.1125,0.1125,0.1125,0.1125,0.1125,2149.36264,3
1790874120,0.1128,0.113,0.1128,0.113,0.1129,6031.25,2
1790874180,0.1131,0.1131,0.1131,0.1131,0.1131,9573.84574,3
1790874240,0.1131,0.1131,0.1131,0.1131,0.1131,204.75504,2
1790874300,0.1131,0.1131,0.1131,0.1131,0.1131,1687.5,1
1790874360,0.1132,0.1132,0.1132,0.1132,0.1132,868.89602,2
1790874420,0.1132,0.1132,0.1132,0.1132,0.0000,0.0,0
1790874480,0.1131,0.1131,0.1131,0.1131,0.1131,296.34945,1
1790874540,0.1129,0.1131,0.1129,0.1131,0.1129,767.5616,2
1790874600,0.1132,0.1132,0.1132,0.1132,0.1132,1799.23725,2
1790874660,0.1133,0.1133,0.1133,0.1133,0.1133,1371.80932,2
1790874720,0.1133,0.1133,0.1133,0.1133,0.0000,0.0,0
1790874780,0.1132,0.1134,0.1132,0.1134,0.1132,3513.20086,3
1790874840,0.1135,0.1135,0.1135,0.1135,0.1135,697.39764,1
1790874900,0.1137,0.1137,0.1137,0.1137,0.1137,4706.51659,1
1790874960,0.1138,0.1138,0.1137,0.1137,0.1137,9529.02105,3
1790875020,0.1139,0.1141,0.1139,0.114,0.1139,6783.32062,5
1790875080,0.114,0.114,0.114,0.114,0.0000,0.0,0
1790875140,0.1141,0.1143,0.1141,0.1143,0.1141,1560.22047,3
1790875200,0.1144,0.1144,0.1144,0.1144,0.1144,283.7211,2
1790875260,0.1144,0.1144,0.1144,0.1144,0.1144,2452.16007,2
1790875320,0.1144,0.1144,0.1144,0.1144,0.0000,0.0,0
1790875380,0.1144,0.1144,0.1144,0.1144,0.0000,0.0,0
1790875440,0.1141,0.1141,0.1141,0.1141,0.1141,571.51506,1
1790875500,0.1143,0.1143,0.1143,0.1143,0.1143,4675.16361,1
1790875560,0.1144,0.1144,0.1144,0.1144,0.1144,1880.41022,1
1790875620,0.1144,0.1144,0.1144,0.1144,0.0000,0.0,0
1790875680,0.1144,0.1144,0.1144,0.1144,0.1144,235.02252,1
1790875740,0.1146,0.1147,0.1146,0.1147,0.1146,791.04324,2
1790875800,0.115,0.115,0.115,0.115,0.1150,1324.934,1
1790875860,0.115,0.115,0.115,0.115,0.1150,125.0,1
1790875920,0.115,0.115,0.115,0.115,0.0000,0.0,0
1790875980,0.1146,0.1146,0.1146,0.1146,0.1146,176.29827,1
1790876040,0.1146,0.1146,0.1146,0.1146,0.0000,0.0,0
1790876100,0.1145,0.1145,0.1145,0.1145,0.1145,208.06519,1
1790876160,0.1145,0.1145,0.1145,0.1145,0.0000,0.0,0
1790876220,0.1145,0.1145,0.1145,0.1145,0.0000,0.0,0
1790876280,0.1145,0.1145,0.1145,0.1145,0.0000,0.0,0
1790876340,0.1145,0.1145,0.1145,0.1145,0.0000,0.0,0
1790876400,0.1149,0.1149,0.1147,0.1147,0.1148,9759.62768,5
1790876460,0.1147,0.1147,0.1147,0.1147,0.0000,0.0,0
1790876520,0.1147,0.1147,0.1147,0.1147,0.0000,0.0,0
1790876580,0.115,0.115,0.115,0.115,0.1150,125.0,1
1790876640,0.115,0.115,0.115,0.115,0.0000,0.0,0
1790876700,0.1152,0.1152,0.1152,0.1152,0.1152,125.0,1
1790876760,0.1152,0.1152,0.1152,0.1152,0.0000,0.0,0
1790876820,0.1152,0.1152,0.1152,0.1152,0.0000,0.0,0
1790876880,0.1152,0.1152,0.1152,0.1152,0.0000,0.0,0
1790876940,0.1153,0.1153,0.1153,0.1153,0.1153,4632.34773,1
1790877000,0.1153,0.1153,0.1153,0.1153,0.0000,0.0,0
1790877060,0.1153,0.1153,0.1153,0.1153,0.0000,0.0,0
1790877120,0.1153,0.1153,0.1153,0.1153,0.0000,0.0,0
1790877180,0.1153,0.1153,0.1153,0.1153,0.0000,0.0,0
1790877240,0.1153,0.1153,0.1153,0.1153,0.0000,0.0,0
1790877300,0.1153,0.1153,0.1153,0.1153,0.0000,0.0,0
1790877360,0.1149,0.1149,0.1149,0.1149,0.1149,530.90844,2
1790877420,0.1149,0.1149,0.1149,0.1149,0.1149,4650.99882,1
1790877480,0.1147,0.1147,0.1147,0.1147,0.1147,125.0,1
1790877540,0.1148,0.1148,0.1148,0.1148,0.1148,4656.73112,1
1790877600,0.115,0.115,0.115,0.115,0.1150,5575.81727,1
1790877660,0.1151,0.1151,0.1151,0.1151,0.1151,4771.23421,4
1790877720,0.1148,0.1148,0.1148,0.1148,0.1148,5577.88733,1
1790877780,0.1148,0.1148,0.1148,0.1148,0.0000,0.0,0
1790877840,0.1147,0.1147,0.1147,0.1147,0.1147,250.05723,1
1790877900,0.1147,0.1147,0.1147,0.1147,0.0000,0.0,0
1790877960,0.1147,0.1147,0.1147,0.1147,0.0000,0.0,0
1790878020,0.1147,0.1147,0.1147,0.1147,0.1147,5595.81528,1
1790878080,0.1147,0.1147,0.1147,0.1147,0.0000,0.0,0
1790878140,0.1147,0.1147,0.1147,0.1147,0.0000,0.0,0
1790878200,0.1147,0.1147,0.1147,0.1147,0.0000,0.0,0
1790878260,0.1147,0.1147,0.1147,0.1147,0.0000,0.0,0
1790878320,0.1147,0.1147,0.1147,0.1147,0.0000,0.0,0
1790878380,0.1147,0.1147,0.1147,0.1147,0.0000,0.0,0
1790878440,0.1147,0.1147,0.1147,0.1147,0.0000,0.0,0
1790878500,0.1147,0.1147,0.1147,0.1147,0.0000,0.0,0
1790878560,0.1149,0.1149,0.1149,0.1149,0.1149,4218.75,2
1790878620,0.1149,0.1149,0.1149,0.1149,0.0000,0.0,0
1790878680,0.1153,0.1153,0.1153,0.1153,0.1153,4355.2217,2
1790878740,0.1151,0.1151,0.1151,0.1151,0.1151,4643.20559,2
1790878800,0.1151,0.1151,0.1151,0.1151,0.0000,0.0,0
1790878860,0.1151,0.1151,0.1151,0.1151,0.0000,0.0,0
1790878920,0.1148,0.1148,0.1148,0.1148,0.1148,1687.5,3
1790878980,0.1148,0.1148,0.1148,0.1148,0.0000,0.0,0
1790879040,0.1148,0.1148,0.1148,0.1148,0.0000,0.0,0
1790879100,0.1148,0.1148,0.1148,0.1148,0.0000,0.0,0
1790879160,0.1148,0.1148,0.1148,0.1148,0.0000,0.0,0
1790879220,0.1148,0.1148,0.1148,0.1148,0.1148,4654.32771,5
1790879280,0.1148,0.1148,0.1148,0.1148,0.0000,0.0,0
1790879340,0.1148,0.1148,0.1148,0.1148,0.0000,0.0,0
1790879400,0.1148,0.1148,0.1148,0.1148,0.0000,0.0,0
1790879460,0.1144,0.1144,0.1144,0.1144,0.1144,1019.83268,3
1790879520,0.1144,0.1144,0.1144,0.1144,0.0000,0.0,0
1790879580,0.1144,0.1144,0.1144,0.1144,0.0000,0.0,0
1790879640,0.1144,0.1144,0.1144,0.1144,0.0000,0.0,0
1790879700,0.1144,0.1144,0.1144,0.1144,0.0000,0.0,0
1790879760,0.1149,0.1149,0.1148,0.1148,0.1148,10087.24951,3
1790879820,0.1148,0.1148,0.1148,0.1148,0.0000,0.0,0
1790879880,0.1148,0.1148,0.1148,0.1148,0.0000,0.0,0
1790879940,0.1155,0.1155,0.1155,0.1155,0.1155,125.0,1
1790880000,0.1155,0.1155,0.1155,0.1155,0.0000,0.0,0
1790880060,0.1155,0.1155,0.1155,0.1155,0.0000,0.0,0
1790880120,0.1155,0.1155,0.1155,0.1155,0.0000,0.0,0
1790880180,0.1155,0.1155,0.1155,0.1155,0.0000,0.0,0
1790880240,0.1155,0.1155,0.1155,0.1155,0.0000,0.0,0
1790880300,0.1155,0.1155,0.1155,0.1155,0.0000,0.0,0
1790880360,0.1155,0.1155,0.1155,0.1155,0.0000,0.0,0
1790880420,0.1155,0.1155,0.1155,0.1155,0.0000,0.0,0
1790880480,0.1148,0.1148,0.1148,0.1148,0.1148,305.79125,1
1790880540,0.1145,0.1145,0.1145,0.1145,0.1145,439.81327,1
1790880600,0.1145,0.1145,0.1145,0.1145,0.0000,0.0,0
1790880660,0.1145,0.1145,0.1145,0.1145,0.0000,0.0,0
1790880720,0.1145,0.1145,0.1145,0.1145,0.1145,4664.23567,2
1790880780,0.1145,0.1145,0.1145,0.1145,0.0000,0.0,0
1790880840,0.1145,0.1145,0.1145,0.1145,0.0000,0.0,0
1790880900,0.1145,0.1145,0.1145,0.1145,0.0000,0.0,0
1790880960,0.1145,0.1145,0.1145,0.1145,0.0000,0.0,0
1790881020,0.1145,0.1145,0.1145,0.1145,0.0000,0.0,0
1790881080,0.1145,0.1145,0.1145,0.1145,0.0000,0.0,0
1790881140,0.1146,0.1146,0.1146,0.1146,0.1146,206.96024,1
1790881200,0.1146,0.1146,0.1146,0.1146,0.0000,0.0,0
1790881260,0.1146,0.1146,0.1146,0.1146,0.0000,0.0,0
1790881320,0.1146,0.1146,0.1146,0.1146,0.0000,0.0,0
1790881380,0.1141,0.1141,0.1141,0.1141,0.1141,4680.81609,1
1790881440,0.1141,0.1141,0.1141,0.1141,0.0000,0.0,0
1790881500,0.1142,0.1142,0.1142,0.1142,0.1142,6238.65152,3
1790881560,0.1142,0.1142,0.1142,0.1142,0.0000,0.0,0
1790881620,0.1142,0.1142,0.1142,0.1142,0.0000,0.0,0
1790881680,0.1142,0.1142,0.1142,0.1142,0.0000,0.0,0
1790881740,0.1142,0.1142,0.1142,0.1142,0.0000,0.0,0
1790881800,0.1142,0.1142,0.1142,0.1142,0.0000,0.0,0
1790881860,0.1145,0.1145,0.1143,0.1143,0.1144,4348.39496,6
1790881920,0.1142,0.1142,0.1142,0.1142,0.1142,4674.38662,1
1790881980,0.1142,0.1142,0.1142,0.1142,0.0000,0.0,0
1790882040,0.1142,0.1142,0.1142,0.1142,0.0000,0.0,0
1790882100,0.1142,0.1142,0.1142,0.1142,0.0000,0.0,0
1790882160,0.1142,0.1142,0.1142,0.1142,0.0000,0.0,0
1790882220,0.1141,0.1141,0.1141,0.1141,0.1141,368.24204,1
1790882280,0.114,0.114,0.114,0.114,0.1140,513.03406,1
1790882340,0.114,0.114,0.114,0.114,0.0000,0.0,0
1790882400,0.1139,0.1139,0.1139,0.1139,0.1139,4687.36812,1
1790882460,0.1139,0.1139,0.1139,0.1139,0.1139,4687.34561,1
1790882520,0.1139,0.1139,0.1139,0.1139,0.0000,0.0,0
1790882580,0.1139,0.1139,0.1139,0.1139,0.0000,0.0,0
1790882640,0.1135,0.1135,0.1135,0.1135,0.1135,337.79897,1
1790882700,0.1134,0.1134,0.1134,0.1134,0.1134,834.51795,2
1790882760,0.1134,0.1134,0.1134,0.1134,0.1134,269.58119,2
1790882820,0.1134,0.1134,0.1134,0.1134,0.0000,0.0,0
1790882880,0.1134,0.1134,0.1134,0.1134,0.0000,0.0,0
1790882940,0.1134,0.1134,0.1134,0.1134,0.0000,0.0,0
1790883000,0.1134,0.1134,0.1134,0.1134,0.0000,0.0,0
1790883060,0.1134,0.1134,0.1134,0.1134,0.0000,0.0,0
1790883120,0.1134,0.1134,0.1134,0.1134,0.0000,0.0,0
1790883180,0.1133,0.1133,0.1133,0.1133,0.1133,4835.30237,2
1790883240,0.1133,0.1133,0.1133,0.1133,0.0000,0.0,0
1790883300,0.113,0.113,0.113,0.113,0.1130,125.0,1
1790883360,0.113,0.113,0.113,0.113,0.1130,529.27045,2
1790883420,0.113,0.113,0.113,0.113,0.0000,0.0,0
1790883480,0.113,0.113,0.113,0.113,0.0000,0.0,0
1790883540,0.113,0.113,0.113,0.113,0.0000,0.0,0
1790883600,0.113,0.113,0.113,0.113,0.0000,0.0,0
1790883660,0.1129,0.1131,0.1129,0.1131,0.1130,939.38137,2
1790883720,0.1131,0.1131,0.1131,0.1131,0.0000,0.0,0
1790883780,0.1131,0.1131,0.1131,0.1131,0.0000,0.0,0
1790883840,0.1132,0.1132,0.1132,0.1132,0.1132,4968.92379,2
1790883900,0.1133,0.1133,0.1133,0.1133,0.1133,957.81609,1
1790883960,0.1133,0.1133,0.1133,0.1133,0.0000,0.0,0
1790884020,0.1135,0.1135,0.1135,0.1135,0.1135,4700.91731,1
1790884080,0.1135,0.1135,0.1135,0.1135,0.0000,0.0,0
1790884140,0.1135,0.1136,0.1135,0.1136,0.1135,4156.41007,3
1790884200,0.1138,0.1141,0.1138,0.1141,0.1140,620.08199,3
1790884260,0.1142,0.1142,0.1142,0.1142,0.1142,4672.97214,1
1790884320,0.1142,0.1142,0.1142,0.1142,0.0000,0.0,0
1790884380,0.1142,0.1142,0.1142,0.1142,0.0000,0.0,0
1790884440,0.1142,0.1142,0.1142,0.1142,0.0000,0.0,0
1790884500,0.1136,0.1136,0.1136,0.1136,0.1136,4823.2997,2
1790884560,0.1136,0.1136,0.1136,0.1136,0.0000,0.0,0
1790884620,0.1136,0.1136,0.1136,0.1136,0.0000,0.0,0
1790884680,0.1139,0.114,0.1139,0.114,0.1139,250.0,2
1790884740,0.114,0.114,0.114,0.114,0.0000,0.0,0
1790884800,0.114,0.114,0.114,0.114,0.0000,0.0,0
1790884860,0.114,0.114,0.114,0.114,0.0000,0.0,0
1790884920,0.114,0.114,0.114,0.114,0.0000,0.0,0
1790884980,0.114,0.114,0.114,0.114,0.0000,0.0,0
1790885040,0.114,0.114,0.114,0.114,0.0000,0.0,0
1790885100,0.114,0.114,0.114,0.114,0.0000,0.0,0
1790885160,0.114,0.114,0.114,0.114,0.0000,0.0,0
1790885220,0.114,0.114,0.114,0.114,0.0000,0.0,0
1790885280,0.114,0.114,0.114,0.114,0.0000,0.0,0
1790885340,0.114,0.114,0.114,0.114,0.0000,0.0,0
1790885400,0.114,0.114,0.114,0.114,0.0000,0.0,0
1790885460,0.114,0.114,0.114,0.114,0.0000,0.0,0
1790885520,0.114,0.114,0.114,0.114,0.0000,0.0,0
1790885580,0.114,0.114,0.114,0.114,0.0000,0.0,0
1790885640,0.1141,0.1141,0.1141,0.1141,0.1141,201.21196,1
1790885700,0.1141,0.1141,0.1141,0.1141,0.0000,0.0,0
1790885760,0.1142,0.1142,0.1142,0.1142,0.1142,4671.91365,1
1790885820,0.1142,0.1142,0.1142,0.1142,0.0000,0.0,0
1790885880,0.1142,0.1142,0.1142,0.1142,0.0000,0.0,0
1790885940,0.1142,0.1142,0.1142,0.1142,0.0000,0.0,0
1790886000,0.1141,0.1142,0.1141,0.1142,0.1141,807.44893,3
1790886060,0.1142,0.1142,0.1142,0.1142,0.0000,0.0,0
1790886120,0.1142,0.1142,0.1142,0.1142,0.0000,0.0,0
1790886180,0.1142,0.1142,0.1142,0.1142,0.0000,0.0,0
1790886240,0.1142,0.1142,0.1142,0.1142,0.0000,0.0,0
1790886300,0.1142,0.1142,0.1142,0.1142,0.0000,0.0,0
1790886360,0.1142,0.1142,0.1142,0.1142,0.0000,0.0,0
1790886420,0.1142,0.1142,0.1142,0.1142,0.0000,0.0,0
1790886480,0.1142,0.1142,0.1142,0.1142,0.0000,0.0,0
1790886540,0.1142,0.1142,0.1142,0.1142,0.0000,0.0,0
1790886600,0.1142,0.1142,0.1142,0.1142,0.0000,0.0,0
1790886660,0.1142,0.1142,0.1142,0.1142,0.0000,0.0,0
1790886720,0.1142,0.1142,0.1142,0.1142,0.0000,0.0,0
1790886780,0.1142,0.1142,0.1142,0.1142,0.0000,0.0,0
1790886840,0.1142,0.1142,0.1142,0.1142,0.0000,0.0,0
1790886900,0.1142,0.1142,0.1142,0.1142,0.0000,0.0,0
1790886960,0.1142,0.1142,0.1142,0.1142,0.0000,0.0,0
1790887020,0.1142,0.1142,0.1142,0.1142,0.0000,0.0,0
1790887080,0.1141,0.1141,0.1141,0.1141,0.1141,401.24178,1
1790887140,0.1141,0.1141,0.1141,0.1141,0.0000,0.0,0
1790887200,0.1141,0.1141,0.1141,0.1141,0.0000,0.0,0
1790887260,0.1141,0.1141,0.1141,0.1141,0.0000,0.0,0
1790887320,0.1141,0.1141,0.1141,0.1141,0.0000,0.0,0
1790887380,0.1141,0.1141,0.1141,0.1141,0.0000,0.0,0
1790887440,0.1141,0.1141,0.1141,0.1141,0.0000,0.0,0
1790887500,0.1137,0.1137,0.1136,0.1136,0.1136,18686.96559,3
1790887560,0.1136,0.1136,0.1136,0.1136,0.0000,0.0,0
1790887620,0.1136,0.1136,0.1136,0.1136,0.0000,0.0,0
1790887680,0.1136,0.1136,0.1136,0.1136,0.0000,0.0,0
1790887740,0.1136,0.1136,0.1136,0.1136,0.0000,0.0,0
1790887800,0.1136,0.1136,0.1136,0.1136,0.0000,0.0,0
1790887860,0.1136,0.1136,0.1136,0.1136,0.0000,0.0,0
1790887920,0.1136,0.1136,0.1136,0.1136,0.0000,0.0,0
1790887980,0.1136,0.1136,0.1136,0.1136,0.0000,0.0,0
1790888040,0.1136,0.1136,0.1136,0.1136,0.0000,0.0,0
1790888100,0.1136,0.1136,0.1136,0.1136,0.0000,0.0,0
1790888160,0.1136,0.1136,0.1136,0.1136,0.0000,0.0,0
1790888220,0.1136,0.1136,0.1136,0.1136,0.0000,0.0,0
1790888280,0.1137,0.1137,0.1137,0.1137,0.1137,3488.1236,3
1790888340,0.1137,0.1137,0.1137,0.1137,0.0000,0.0,0
1790888400,0.1137,0.1137,0.1137,0.1137,0.0000,0.0,0
1790888460,0.1137,0.1137,0.1137,0.1137,0.0000,0.0,0
1790888520,0.1137,0.1137,0.1137,0.1137,0.0000,0.0,0
1790888580,0.1137,0.1137,0.1137,0.1137,0.0000,0.0,0
1790888640,0.1137,0.1137,0.1137,0.1137,0.0000,0.0,0
1790888700,0.1137,0.1137,0.1137,0.1137,0.0000,0.0,0
1790888760,0.1137,0.1137,0.1137,0.1137,0.0000,0.0,0
1790888820,0.1137,0.1137,0.1137,0.1137,0.0000,0.0,0
1790888880,0.1137,0.1137,0.1137,0.1137,0.0000,0.0,0
1790888940,0.1137,0.1137,0.1137,0.1137,0.0000,0.0,0
1790889000,0.1137,0.1137,0.1137,0.1137,0.0000,0.0,0
1790889060,0.1137,0.1137,0.1137,0.1137,0.0000,0.0,0
1790889120,0.1137,0.1137,0.1137,0.1137,0.0000,0.0,0
1790889180,0.1133,0.1133,0.1132,0.1132,0.1132,1148.01867,4
1790889240,0.1132,0.1132,0.1132,0.1132,0.1132,401.76955,1
1790889300,0.1131,0.1131,0.1131,0.1131,0.1131,195.13646,1
1790889360,0.1132,0.1132,0.1132,0.1132,0.1132,961.37733,1
1790889420,0.1133,0.1133,0.1133,0.1133,0.1133,4708.9002,2
1790889480,0.1133,0.1133,0.1133,0.1133,0.0000,0.0,0
1790889540,0.1133,0.1133,0.1133,0.1133,0.0000,0.0,0
1790889600,0.1135,0.1135,0.1135,0.1135,0.1135,441.4154,1
1790889660,0.1135,0.1135,0.1135,0.1135,0.0000,0.0,0
1790889720,0.1132,0.1132,0.1132,0.1132,0.1132,728.07057,1
1790889780,0.1132,0.1132,0.1132,0.1132,0.0000,0.0,0
1790889840,0.1132,0.1132,0.1132,0.1132,0.0000,0.0,0
1790889900,0.1132,0.1132,0.1132,0.1132,0.0000,0.0,0
1790889960,0.1132,0.1132,0.1132,0.1132,0.0000,0.0,0
1790890020,0.1132,0.1132,0.1132,0.1132,0.0000,0.0,0
1790890080,0.1132,0.1132,0.1132,0.1132,0.0000,0.0,0
1790890140,0.1132,0.1132,0.1132,0.1132,0.0000,0.0,0
1790890200,0.1132,0.1132,0.1132,0.1132,0.0000,0.0,0
1790890260,0.1127,0.1127,0.1127,0.1127,0.1127,1518.55004,2
1790890320,0.1127,0.1127,0.1127,0.1127,0.0000,0.0,0
1790890380,0.1127,0.1127,0.1127,0.1127,0.0000,0.0,0
1790890440,0.1127,0.1127,0.1127,0.1127,0.0000,0.0,0
1790890500,0.1127,0.1127,0.1127,0.1127,0.0000,0.0,0
1790890560,0.1127,0.1127,0.1127,0.1127,0.1127,2249.15604,3
1790890620,0.1127,0.1127,0.1127,0.1127,0.0000,0.0,0
1790890680,0.1127,0.1127,0.1127,0.1127,0.0000,0.0,0
1790890740,0.1127,0.1127,0.1127,0.1127,0.0000,0.0,0
1790890800,0.1124,0.1124,0.1124,0.1124,0.1124,125.0,1
1790890860,0.1123,0.1124,0.1123,0.1124,0.1123,1096.80318,2
1790890920,0.1124,0.1124,0.1124,0.1124,0.1124,453.21602,1
1790890980,0.1124,0.1124,0.1124,0.1124,0.1124,1544.92558,1
1790891040,0.1124,0.1124,0.1124,0.1124,0.0000,0.0,0
1790891100,0.1124,0.1124,0.1124,0.1124,0.0000,0.0,0
1790891160,0.1124,0.1125,0.1124,0.1125,0.1124,5851.824,4
1790891220,0.1125,0.1125,0.1125,0.1125,0.0000,0.0,0
1790891280,0.1125,0.1125,0.1125,0.1125,0.0000,0.0,0
1790891340,0.1125,0.1125,0.1125,0.1125,0.0000,0.0,0
1790891400,0.1127,0.1127,0.1127,0.1127,0.1127,100.0,1
1790891460,0.1127,0.1127,0.1127,0.1127,0.0000,0.0,0
1790891520,0.1127,0.1127,0.1127,0.1127,0.0000,0.0,0
1790891580,0.1127,0.1127,0.1127,0.1127,0.0000,0.0,0
1790891640,0.1127,0.1127,0.1127,0.1127,0.0000,0.0,0
1790891700,0.1127,0.1127,0.1127,0.1127,0.0000,0.0,0
1790891760,0.1127,0.1127,0.1127,0.1127,0.0000,0.0,0
1790891820,0.1126,0.1126,0.1126,0.1126,0.1126,125.0,1
1790891880,0.1126,0.1126,0.1126,0.1126,0.0000,0.0,0
1790891940,0.1126,0.1126,0.1126,0.1126,0.0000,0.0,0
1790892000,0.1126,0.1126,0.1126,0.1126,0.0000,0.0,0
1790892060,0.1126,0.1126,0.1126,0.1126,0.0000,0.0,0
1790892120,0.1132,0.1132,0.1132,0.1132,0.1132,4714.98768,1
1790892180,0.1132,0.1132,0.1132,0.1132,0.0000,0.0,0
1790892240,0.1132,0.1132,0.1132,0.1132,0.0000,0.0,0
1790892300,0.1132,0.1132,0.1132,0.1132,0.0000,0.0,0
1790892360,0.1134,0.1135,0.1134,0.1135,0.1134,6819.10279,3
1790892420,0.1135,0.1135,0.1135,0.1135,0.0000,0.0,0
1790892480,0.1135,0.1135,0.1135,0.1135,0.0000,0.0,0
1790892540,0.1135,0.1135,0.1135,0.1135,0.0000,0.0,0
1790892600,0.1135,0.1135,0.1135,0.1135,0.0000,0.0,0
1790892660,0.1135,0.1135,0.1135,0.1135,0.0000,0.0,0
1790892720,0.1135,0.1135,0.1135,0.1135,0.0000,0.0,0
1790892780,0.1135,0.1135,0.1135,0.1135,0.0000,0.0,0
1790892840,0.1135,0.1135,0.1135,0.1135,0.0000,0.0,0
1790892900,0.1131,0.1131,0.1131,0.1131,0.1131,4886.55882,2
1790892960,0.1131,0.1131,0.1131,0.1131,0.0000,0.0,0
1790893020,0.1132,0.1132,0.1132,0.1132,0.1132,1043.95601,1
1790893080,0.1133,0.1133,0.1133,0.1133,0.1133,882.61254,1
1790893140,0.1133,0.1133,0.1133,0.1133,0.0000,0.0,0
1790893200,0.1133,0.1133,0.1133,0.1133,0.1133,4835.15632,2
1790893260,0.1133,0.1133,0.1133,0.1133,0.1133,470.67058,3
1790893320,0.1133,0.1133,0.1133,0.1133,0.0000,0.0,0
1790893380,0.1133,0.1133,0.1133,0.1133,0.0000,0.0,0
1790893440,0.1133,0.1133,0.1133,0.1133,0.0000,0.0,0
1790893500,0.1133,0.1133,0.1133,0.1133,0.0000,0.0,0
1790893560,0.1134,0.1134,0.1134,0.1134,0.1134,1169.23851,5
1790893620,0.1134,0.1134,0.1134,0.1134,0.0000,0.0,0
1790893680,0.1134,0.1134,0.1134,0.1134,0.0000,0.0,0
1790893740,0.1134,0.1134,0.1134,0.1134,0.0000,0.0,0
1790893800,0.1135,0.1135,0.1135,0.1135,0.1135,4898.90186,6
1790893860,0.1135,0.1135,0.1135,0.1135,0.0000,0.0,0
1790893920,0.1136,0.1136,0.1136,0.1136,0.1136,207.95481,1
1790893980,0.1136,0.1136,0.1136,0.1136,0.0000,0.0,0
1790894040,0.1136,0.1136,0.1136,0.1136,0.0000,0.0,0
1790894100,0.1136,0.1136,0.1136,0.1136,0.0000,0.0,0
1790894160,0.1136,0.1136,0.1136,0.1136,0.0000,0.0,0
1790894220,0.1136,0.1136,0.1136,0.1136,0.0000,0.0,0
1790894280,0.1136,0.1136,0.1136,0.1136,0.0000,0.0,0
1790894340,0.1136,0.1136,0.1136,0.1136,0.0000,0.0,0
1790894400,0.1136,0.1136,0.1136,0.1136,0.0000,0.0,0
1790894460,0.1136,0.1136,0.1136,0.1136,0.0000,0.0,0
1790894520,0.1136,0.1136,0.1136,0.1136,0.0000,0.0,0
1790894580,0.1136,0.1136,0.1136,0.1136,0.0000,0.0,0
1790894640,0.1132,0.1132,0.1132,0.1132,0.1132,1720.8155,1
1790894700,0.1132,0.1132,0.1132,0.1132,0.0000,0.0,0
1790894760,0.1132,0.1132,0.1132,0.1132,0.0000,0.0,0
1790894820,0.1132,0.1132,0.1132,0.1132,0.0000,0.0,0
1790894880,0.1132,0.1132,0.1132,0.1132,0.0000,0.0,0
1790894940,0.1132,0.1132,0.1132,0.1132,0.0000,0.0,0
1790895000,0.1132,0.1132,0.1132,0.1132,0.0000,0.0,0
1790895060,0.1129,0.1129,0.1129,0.1129,0.1129,8726.55301,5
1790895120,0.113,0.113,0.113,0.113,0.1130,261.03919,2
1790895180,0.1133,0.1133,0.1133,0.1133,0.1133,167.6953,1
1790895240,0.1133,0.1133,0.1133,0.1133,0.0000,0.0,0
1790895300,0.1133,0.1133,0.1133,0.1133,0.0000,0.0,0
1790895360,0.1136,0.1136,0.1136,0.1136,0.1136,1557.54544,8
1790895420,0.1135,0.1135,0.1135,0.1135,0.1135,585.3906,4
1790895480,0.1135,0.1135,0.1135,0.1135,0.0000,0.0,0
1790895540,0.1135,0.1135,0.1135,0.1135,0.0000,0.0,0
1790895600,0.1135,0.1135,0.1135,0.1135,0.1135,292.6953,2
1790895660,0.1135,0.1135,0.1135,0.1135,0.0000,0.0,0
1790895720,0.1135,0.1135,0.1135,0.1135,0.0000,0.0,0
1790895780,0.1135,0.1135,0.1135,0.1135,0.0000,0.0,0
1790895840,0.1135,0.1135,0.1135,0.1135,0.0000,0.0,0
