time,open,high,low,close,vwap,volume,count
1790639820,1.765,1.765,1.765,1.765,0.000,0.0,0
1790639880,1.765,1.765,1.765,1.765,0.000,0.0,0
1790639940,1.765,1.765,1.765,1.765,0.000,0.0,0
1790640000,1.765,1.765,1.765,1.765,0.000,0.0,0
1790640060,1.765,1.765,1.765,1.765,0.000,0.0,0
1790640120,1.765,1.765,1.765,1.765,0.000,0.0,0
1790640180,1.766,1.766,1.766,1.766,1.766,5.0,1
1790640240,1.766,1.766,1.766,1.766,0.000,0.0,0
1790640300,1.766,1.766,1.766,1.766,0.000,0.0,0
1790640360,1.766,1.766,1.766,1.766,0.000,0.0,0
1790640420,1.766,1.766,1.766,1.766,0.000,0.0,0
1790640480,1.766,1.766,1.766,1.766,0.000,0.0,0
1790640540,1.77,1.77,1.77,1.77,1.770,6.5,1
1790640600,1.77,1.77,1.77,1.77,0.000,0.0,0
1790640660,1.77,1.77,1.77,1.77,0.000,0.0,0
1790640720,1.77,1.77,1.77,1.77,0.000,0.0,0
1790640780,1.77,1.77,1.77,1.77,0.000,0.0,0
1790640840,1.77,1.77,1.77,1.77,0.000,0.0,0
1790640900,1.77,1.77,1.77,1.77,0.000,0.0,0
1790640960,1.77,1.77,1.77,1.77,0.000,0.0,0
1790641020,1.77,1.77,1.77,1.77,0.000,0.0,0
1790641080,1.77,1.77,1.77,1.77,0.000,0.0,0
1790641140,1.764,1.764,1.764,1.764,1.764,5.0,1
1790641200,1.764,1.764,1.764,1.764,0.000,0.0,0
1790641260,1.766,1.766,1.766,1.766,1.766,230.03518,1
1790641320,1.763,1.763,1.763,1.763,1.763,285.26982,1
1790641380,1.763,1.763,1.763,1.763,0.000,0.0,0
1790641440,1.759,1.759,1.759,1.759,1.759,256.99829,1
1790641500,1.76,1.76,1.76,1.76,1.760,223.5598,2
1790641560,1.76,1.76,1.76,1.76,0.000,0.0,0
1790641620,1.76,1.76,1.76,1.76,0.000,0.0,0
1790641680,1.76,1.76,1.76,1.76,0.000,0.0,0
1790641740,1.766,1.766,1.766,1.766,1.766,251.61906,1
1790641800,1.766,1.766,1.766,1.766,0.000,0.0,0
1790641860,1.766,1.766,1.766,1.766,0.000,0.0,0
1790641920,1.766,1.766,1.766,1.766,0.000,0.0,0
1790641980,1.766,1.766,1.766,1.766,0.000,0.0,0
1790642040,1.77,1.77,1.77,1.77,1.770,243.05664,1
1790642100,1.77,1.77,1.77,1.77,0.000,0.0,0
1790642160,1.77,1.77,1.77,1.77,0.000,0.0,0
1790642220,1.769,1.769,1.768,1.768,1.768,235.43856,3
1790642280,1.768,1.768,1.768,1.768,0.000,0.0,0
1790642340,1.767,1.768,1.767,1.768,1.767,405.9147,2
1790642400,1.767,1.767,1.767,1.767,1.767,211.44494,1
1790642460,1.768,1.768,1.768,1.768,1.768,211.70332,1
1790642520,1.768,1.768,1.768,1.768,0.000,0.0,0
1790642580,1.768,1.768,1.768,1.768,0.000,0.0,0
1790642640,1.768,1.768,1.768,1.768,0.000,0.0,0
1790642700,1.764,1.764,1.764,1.764,1.764,218.77753,1
1790642760,1.764,1.764,1.764,1.764,1.764,294.42349,1
1790642820,1.764,1.764,1.764,1.764,1.764,436.63692,3
1790642880,1.766,1.766,1.766,1.766,1.766,268.09414,1
1790642940,1.766,1.766,1.766,1.766,0.000,0.0,0
1790643000,1.766,1.766,1.766,1.766,0.000,0.0,0
1790643060,1.762,1.762,1.762,1.762,1.762,200.60279,1
1790643120,1.762,1.762,1.762,1.762,0.000,0.0,0
1790643180,1.762,1.762,1.762,1.762,0.000,0.0,0
1790643240,1.762,1.762,1.762,1.762,0.000,0.0,0
1790643300,1.762,1.762,1.762,1.762,0.000,0.0,0
1790643360,1.762,1.762,1.762,1.762,0.000,0.0,0
1790643420,1.758,1.758,1.757,1.757,1.757,516.03785,3
1790643480,1.757,1.757,1.757,1.757,0.000,0.0,0
1790643540,1.757,1.757,1.757,1.757,0.000,0.0,0
1790643600,1.753,1.753,1.753,1.753,1.753,259.43825,1
1790643660,1.753,1.753,1.753,1.753,0.000,0.0,0
1790643720,1.759,1.759,1.759,1.759,1.759,295.66046,1
1790643780,1.759,1.759,1.759,1.759,0.000,0.0,0
1790643840,1.759,1.759,1.759,1.759,0.000,0.0,0
1790643900,1.759,1.759,1.759,1.759,0.000,0.0,0
1790643960,1.759,1.759,1.759,1.759,0.000,0.0,0
1790644020,1.746,1.746,1.741,1.741,1.744,300.80993,5
1790644080,1.741,1.741,1.741,1.741,0.000,0.0,0
1790644140,1.742,1.742,1.742,1.742,1.742,209.88313,1
1790644200,1.742,1.742,1.742,1.742,0.000,0.0,0
1790644260,1.736,1.736,1.736,1.736,1.736,2.25256,1
1790644320,1.736,1.736,1.736,1.736,0.000,0.0,0
1790644380,1.736,1.736,1.736,1.736,0.000,0.0,0
1790644440,1.733,1.733,1.733,1.733,1.733,123.0549,1
1790644500,1.733,1.733,1.733,1.733,0.000,0.0,0
1790644560,1.731,1.731,1.731,1.731,1.731,303.9942,4
1790644620,1.731,1.731,1.731,1.731,0.000,0.0,0
1790644680,1.729,1.729,1.727,1.727,1.727,359.11007,2
1790644740,1.727,1.727,1.727,1.727,0.000,0.0,0
1790644800,1.727,1.727,1.727,1.727,0.000,0.0,0
1790644860,1.727,1.727,1.727,1.727,0.000,0.0,0
1790644920,1.727,1.727,1.727,1.727,0.000,0.0,0
1790644980,1.727,1.727,1.727,1.727,0.000,0.0,0
1790645040,1.727,1.727,1.727,1.727,0.000,0.0,0
1790645100,1.728,1.728,1.728,1.728,1.728,296.94223,1
1790645160,1.728,1.728,1.728,1.728,0.000,0.0,0
1790645220,1.724,1.724,1.721,1.721,1.721,14.01422,3
1790645280,1.72,1.72,1.718,1.718,1.718,296.65339,2
1790645340,1.714,1.714,1.709,1.711,1.712,1744.11153,8
1790645400,1.711,1.711,1.711,1.711,0.000,0.0,0
1790645460,1.711,1.711,1.711,1.711,0.000,0.0,0
1790645520,1.708,1.708,1.705,1.706,1.705,523.9336,4
1790645580,1.71,1.71,1.71,1.71,1.710,367.2938,4
1790645640,1.71,1.71,1.71,1.71,0.000,0.0,0
1790645700,1.712,1.712,1.712,1.712,1.712,31.24234,1
1790645760,1.712,1.712,1.712,1.712,0.000,0.0,0
1790645820,1.712,1.712,1.712,1.712,0.000,0.0,0
1790645880,1.71,1.71,1.71,1.71,1.710,274.03514,4
1790645940,1.707,1.707,1.707,1.707,1.707,221.9274,1
1790646000,1.707,1.707,1.707,1.707,0.000,0.0,0
1790646060,1.707,1.707,1.707,1.707,0.000,0.0,0
1790646120,1.707,1.707,1.707,1.707,0.000,0.0,0
1790646180,1.707,1.707,1.707,1.707,0.000,0.0,0
1790646240,1.707,1.707,1.707,1.707,0.000,0.0,0
1790646300,1.722,1.722,1.722,1.722,1.722,263.27888,1
1790646360,1.722,1.722,1.722,1.722,0.000,0.0,0
1790646420,1.722,1.722,1.722,1.722,0.000,0.0,0
1790646480,1.722,1.722,1.722,1.722,0.000,0.0,0
1790646540,1.722,1.722,1.722,1.722,0.000,0.0,0
1790646600,1.722,1.722,1.722,1.722,0.000,0.0,0
1790646660,1.722,1.722,1.722,1.722,0.000,0.0,0
1790646720,1.722,1.722,1.722,1.722,0.000,0.0,0
1790646780,1.727,1.727,1.727,1.727,1.727,223.24039,1
1790646840,1.727,1.727,1.727,1.727,0.000,0.0,0
1790646900,1.727,1.727,1.727,1.727,0.000,0.0,0
1790646960,1.727,1.727,1.727,1.727,0.000,0.0,0
1790647020,1.727,1.727,1.727,1.727,0.000,0.0,0
1790647080,1.722,1.722,1.722,1.722,1.722,239.77922,1
1790647140,1.722,1.722,1.722,1.722,0.000,0.0,0
1790647200,1.722,1.722,1.722,1.722,0.000,0.0,0
1790647260,1.722,1.722,1.722,1.722,0.000,0.0,0
1790647320,1.722,1.722,1.722,1.722,0.000,0.0,0
1790647380,1.722,1.722,1.722,1.722,0.000,0.0,0
1790647440,1.722,1.722,1.722,1.722,0.000,0.0,0
1790647500,1.722,1.722,1.722,1.722,0.000,0.0,0
1790647560,1.722,1.722,1.722,1.722,0.000,0.0,0
1790647620,1.722,1.722,1.722,1.722,0.000,0.0,0
1790647680,1.717,1.717,1.717,1.717,1.717,224.02954,1
1790647740,1.717,1.717,1.717,1.717,0.000,0.0,0
1790647800,1.717,1.717,1.717,1.717,0.000,0.0,0
1790647860,1.717,1.717,1.717,1.717,0.000,0.0,0
1790647920,1.717,1.717,1.717,1.717,0.000,0.0,0
1790647980,1.717,1.717,1.717,1.717,0.000,0.0,0
1790648040,1.717,1.717,1.717,1.717,0.000,0.0,0
1790648100,1.717,1.717,1.717,1.717,0.000,0.0,0
1790648160,1.717,1.717,1.717,1.717,0.000,0.0,0
1790648220,1.717,1.717,1.717,1.717,0.000,0.0,0
1790648280,1.717,1.717,1.717,1.717,0.000,0.0,0
1790648340,1.717,1.717,1.717,1.717,0.000,0.0,0
1790648400,1.717,1.717,1.717,1.717,0.000,0.0,0
1790648460,1.717,1.717,1.717,1.717,0.000,0.0,0
1790648520,1.706,1.706,1.706,1.706,1.706,200.0,1
1790648580,1.706,1.706,1.706,1.706,0.000,0.0,0
1790648640,1.706,1.706,1.706,1.706,0.000,0.0,0
1790648700,1.706,1.706,1.706,1.706,0.000,0.0,0
1790648760,1.706,1.706,1.706,1.706,0.000,0.0,0
1790648820,1.706,1.706,1.706,1.706,0.000,0.0,0
1790648880,1.704,1.704,1.704,1.704,1.704,43.5937,1
1790648940,1.704,1.704,1.704,1.704,0.000,0.0,0
1790649000,1.704,1.704,1.704,1.704,0.000,0.0,0
1790649060,1.704,1.704,1.704,1.704,0.000,0.0,0
1790649120,1.704,1.704,1.704,1.704,0.000,0.0,0
1790649180,1.704,1.704,1.704,1.704,0.000,0.0,0
1790649240,1.701,1.701,1.699,1.699,1.699,474.03193,6
1790649300,1.699,1.699,1.699,1.699,0.000,0.0,0
1790649360,1.701,1.701,1.701,1.701,1.701,274.80464,2
1790649420,1.701,1.701,1.701,1.701,0.000,0.0,0
1790649480,1.701,1.701,1.701,1.701,0.000,0.0,0
1790649540,1.701,1.701,1.701,1.701,0.000,0.0,0
1790649600,1.701,1.701,1.701,1.701,0.000,0.0,0
1790649660,1.701,1.701,1.701,1.701,0.000,0.0,0
1790649720,1.701,1.701,1.701,1.701,0.000,0.0,0
1790649780,1.701,1.701,1.701,1.701,0.000,0.0,0
1790649840,1.701,1.701,1.701,1.701,0.000,0.0,0
1790649900,1.701,1.701,1.701,1.701,0.000,0.0,0
1790649960,1.701,1.701,1.701,1.701,0.000,0.0,0
1790650020,1.719,1.719,1.719,1.719,1.719,279.37724,1
1790650080,1.719,1.719,1.719,1.719,0.000,0.0,0
1790650140,1.719,1.719,1.719,1.719,0.000,0.0,0
1790650200,1.719,1.719,1.719,1.719,0.000,0.0,0
1790650260,1.719,1.719,1.719,1.719,0.000,0.0,0
1790650320,1.719,1.719,1.719,1.719,0.000,0.0,0
1790650380,1.719,1.719,1.719,1.719,0.000,0.0,0
1790650440,1.719,1.719,1.719,1.719,0.000,0.0,0
1790650500,1.719,1.719,1.719,1.719,0.000,0.0,0
1790650560,1.719,1.719,1.719,1.719,0.000,0.0,0
1790650620,1.719,1.719,1.719,1.719,0.000,0.0,0
1790650680,1.719,1.719,1.719,1.719,0.000,0.0,0
1790650740,1.719,1.719,1.719,1.719,0.000,0.0,0
1790650800,1.719,1.719,1.719,1.719,0.000,0.0,0
1790650860,1.719,1.719,1.719,1.719,0.000,0.0,0
1790650920,1.719,1.719,1.719,1.719,0.000,0.0,0
1790650980,1.719,1.719,1.719,1.719,0.000,0.0,0
1790651040,1.719,1.719,1.719,1.719,0.000,0.0,0
1790651100,1.719,1.719,1.719,1.719,0.000,0.0,0
1790651160,1.719,1.719,1.719,1.719,0.000,0.0,0
1790651220,1.716,1.717,1.716,1.717,1.716,544.17624,2
1790651280,1.717,1.717,1.717,1.717,0.000,0.0,0
1790651340,1.717,1.717,1.717,1.717,0.000,0.0,0
1790651400,1.717,1.717,1.717,1.717,0.000,0.0,0
1790651460,1.715,1.715,1.715,1.715,1.715,239.42491,1
1790651520,1.715,1.715,1.715,1.715,0.000,0.0,0
1790651580,1.715,1.715,1.715,1.715,0.000,0.0,0
1790651640,1.712,1.712,1.712,1.712,1.712,270.35849,1
1790651700,1.71,1.71,1.71,1.71,1.710,213.4952,4
1790651760,1.718,1.718,1.718,1.718,1.718,265.15526,1
1790651820,1.718,1.718,1.718,1.718,0.000,0.0,0
1790651880,1.718,1.718,1.718,1.718,0.000,0.0,0
1790651940,1.718,1.718,1.718,1.718,0.000,0.0,0
1790652000,1.718,1.718,1.718,1.718,0.000,0.0,0
1790652060,1.73,1.73,1.73,1.73,1.730,247.88048,1
1790652120,1.73,1.73,1.73,1.73,0.000,0.0,0
1790652180,1.73,1.73,1.73,1.73,0.000,0.0,0
1790652240,1.73,1.73,1.73,1.73,0.000,0.0,0
1790652300,1.73,1.73,1.73,1.73,0.000,0.0,0
1790652360,1.73,1.73,1.73,1.73,0.000,0.0,0
1790652420,1.73,1.73,1.73,1.73,0.000,0.0,0
1790652480,1.73,1.73,1.73,1.73,0.000,0.0,0
1790652540,1.73,1.73,1.73,1.73,0.000,0.0,0
1790652600,1.729,1.729,1.729,1.729,1.729,264.9154,3
1790652660,1.729,1.729,1.729,1.729,0.000,0.0,0
1790652720,1.729,1.729,1.729,1.729,0.000,0.0,0
1790652780,1.729,1.729,1.729,1.729,0.000,0.0,0
1790652840,1.734,1.734,1.734,1.734,1.734,12.63323,1
1790652900,1.734,1.734,1.734,1.734,0.000,0.0,0
1790652960,1.734,1.734,1.734,1.734,0.000,0.0,0
1790653020,1.734,1.734,1.734,1.734,0.000,0.0,0
1790653080,1.734,1.734,1.734,1.734,0.000,0.0,0
1790653140,1.734,1.734,1.734,1.734,0.000,0.0,0
1790653200,1.734,1.734,1.734,1.734,0.000,0.0,0
1790653260,1.734,1.734,1.734,1.734,0.000,0.0,0
1790653320,1.734,1.734,1.734,1.734,0.000,0.0,0
1790653380,1.734,1.734,1.734,1.734,0.000,0.0,0
1790653440,1.734,1.734,1.734,1.734,0.000,0.0,0
1790653500,1.734,1.734,1.734,1.734,0.000,0.0,0
1790653560,1.734,1.734,1.734,1.734,0.000,0.0,0
1790653620,1.734,1.734,1.734,1.734,0.000,0.0,0
1790653680,1.734,1.734,1.734,1.734,0.000,0.0,0
1790653740,1.734,1.734,1.734,1.734,0.000,0.0,0
1790653800,1.734,1.734,1.734,1.734,0.000,0.0,0
1790653860,1.734,1.734,1.734,1.734,0.000,0.0,0
1790653920,1.734,1.734,1.734,1.734,0.000,0.0,0
1790653980,1.734,1.734,1.734,1.734,0.000,0.0,0
1790654040,1.734,1.734,1.734,1.734,0.000,0.0,0
1790654100,1.734,1.734,1.734,1.734,0.000,0.0,0
1790654160,1.734,1.734,1.734,1.734,0.000,0.0,0
1790654220,1.734,1.734,1.734,1.734,0.000,0.0,0
1790654280,1.734,1.734,1.734,1.734,0.000,0.0,0
1790654340,1.734,1.734,1.734,1.734,0.000,0.0,0
1790654400,1.734,1.734,1.734,1.734,0.000,0.0,0
1790654460,1.734,1.734,1.734,1.734,0.000,0.0,0
1790654520,1.73,1.73,1.73,1.73,1.730,15.64334,1
1790654580,1.724,1.724,1.724,1.724,1.724,11.08656,1
1790654640,1.724,1.724,1.724,1.724,0.000,0.0,0
1790654700,1.724,1.724,1.724,1.724,0.000,0.0,0
1790654760,1.717,1.717,1.717,1.717,1.717,254.2945,1
1790654820,1.72,1.72,1.72,1.72,1.720,302.70664,1
1790654880,1.72,1.72,1.72,1.72,0.000,0.0,0
1790654940,1.715,1.715,1.715,1.715,1.715,6.55637,1
1790655000,1.715,1.715,1.715,1.715,0.000,0.0,0
1790655060,1.715,1.715,1.715,1.715,0.000,0.0,0
1790655120,1.715,1.715,1.715,1.715,0.000,0.0,0
1790655180,1.715,1.715,1.715,1.715,0.000,0.0,0
1790655240,1.715,1.715,1.715,1.715,0.000,0.0,0
1790655300,1.715,1.715,1.715,1.715,0.000,0.0,0
1790655360,1.715,1.715,1.715,1.715,0.000,0.0,0
1790655420,1.715,1.715,1.715,1.715,0.000,0.0,0
1790655480,1.715,1.715,1.715,1.715,0.000,0.0,0
1790655540,1.715,1.715,1.715,1.715,0.000,0.0,0
1790655600,1.715,1.715,1.715,1.715,0.000,0.0,0
1790655660,1.715,1.715,1.715,1.715,0.000,0.0,0
1790655720,1.715,1.715,1.715,1.715,0.000,0.0,0
1790655780,1.73,1.73,1.73,1.73,1.730,257.90569,1
1790655840,1.73,1.73,1.73,1.73,0.000,0.0,0
1790655900,1.73,1.73,1.73,1.73,0.000,0.0,0
1790655960,1.73,1.73,1.73,1.73,0.000,0.0,0
1790656020,1.728,1.728,1.728,1.728,1.728,205.1457,1
1790656080,1.728,1.728,1.728,1.728,0.000,0.0,0
1790656140,1.727,1.727,1.727,1.727,1.727,6.5,1
1790656200,1.727,1.727,1.727,1.727,0.000,0.0,0
1790656260,1.727,1.727,1.727,1.727,0.000,0.0,0
1790656320,1.727,1.727,1.727,1.727,0.000,0.0,0
1790656380,1.727,1.727,1.727,1.727,0.000,0.0,0
1790656440,1.727,1.727,1.727,1.727,0.000,0.0,0
1790656500,1.722,1.722,1.722,1.722,1.722,296.19882,1
1790656560,1.722,1.722,1.722,1.722,0.000,0.0,0
1790656620,1.722,1.722,1.722,1.722,0.000,0.0,0
1790656680,1.728,1.728,1.728,1.728,1.728,86.0673,1
1790656740,1.728,1.728,1.728,1.728,0.000,0.0,0
1790656800,1.728,1.728,1.728,1.728,0.000,0.0,0
1790656860,1.728,1.728,1.728,1.728,0.000,0.0,0
1790656920,1.728,1.728,1.728,1.728,0.000,0.0,0
1790656980,1.728,1.728,1.728,1.728,0.000,0.0,0
1790657040,1.728,1.728,1.728,1.728,0.000,0.0,0
1790657100,1.728,1.728,1.728,1.728,0.000,0.0,0
1790657160,1.728,1.728,1.728,1.728,0.000,0.0,0
1790657220,1.728,1.728,1.728,1.728,0.000,0.0,0
1790657280,1.728,1.728,1.728,1.728,0.000,0.0,0
1790657340,1.728,1.728,1.728,1.728,0.000,0.0,0
1790657400,1.728,1.728,1.728,1.728,0.000,0.0,0
1790657460,1.722,1.722,1.722,1.722,1.722,8.8399,1
1790657520,1.722,1.722,1.722,1.722,0.000,0.0,0
1790657580,1.722,1.722,1.722,1.722,0.000,0.0,0
1790657640,1.722,1.722,1.722,1.722,0.000,0.0,0
1790657700,1.722,1.722,1.722,1.722,0.000,0.0,0
1790657760,1.722,1.722,1.722,1.722,0.000,0.0,0
1790657820,1.722,1.722,1.722,1.722,0.000,0.0,0
1790657880,1.722,1.722,1.722,1.722,0.000,0.0,0
1790657940,1.722,1.722,1.722,1.722,0.000,0.0,0
1790658000,1.722,1.722,1.722,1.722,0.000,0.0,0
1790658060,1.722,1.722,1.722,1.722,0.000,0.0,0
1790658120,1.722,1.722,1.722,1.722,0.000,0.0,0
1790658180,1.722,1.722,1.722,1.722,0.000,0.0,0
1790658240,1.722,1.722,1.722,1.722,0.000,0.0,0
1790658300,1.722,1.722,1.722,1.722,0.000,0.0,0
1790658360,1.731,1.731,1.731,1.731,1.731,242.82606,1
1790658420,1.731,1.731,1.731,1.731,0.000,0.0,0
1790658480,1.731,1.731,1.731,1.731,0.000,0.0,0
1790658540,1.731,1.731,1.731,1.731,0.000,0.0,0
1790658600,1.731,1.731,1.731,1.731,0.000,0.0,0
1790658660,1.731,1.731,1.731,1.731,0.000,0.0,0
1790658720,1.731,1.731,1.731,1.731,0.000,0.0,0
1790658780,1.731,1.731,1.731,1.731,0.000,0.0,0
1790658840,1.731,1.731,1.731,1.731,0.000,0.0,0
1790658900,1.731,1.731,1.731,1.731,0.000,0.0,0
1790658960,1.731,1.731,1.731,1.731,0.000,0.0,0
1790659020,1.731,1.731,1.731,1.731,0.000,0.0,0
1790659080,1.731,1.731,1.731,1.731,0.000,0.0,0
1790659140,1.731,1.731,1.731,1.731,0.000,0.0,0
1790659200,1.731,1.731,1.731,1.731,0.000,0.0,0
1790659260,1.731,1.731,1.731,1.731,0.000,0.0,0
1790659320,1.731,1.731,1.731,1.731,0.000,0.0,0
1790659380,1.731,1.731,1.731,1.731,0.000,0.0,0
1790659440,1.731,1.731,1.731,1.731,0.000,0.0,0
1790659500,1.731,1.731,1.731,1.731,0.000,0.0,0
1790659560,1.731,1.731,1.731,1.731,0.000,0.0,0
1790659620,1.731,1.731,1.731,1.731,0.000,0.0,0
1790659680,1.731,1.731,1.731,1.731,0.000,0.0,0
1790659740,1.731,1.731,1.731,1.731,0.000,0.0,0
1790659800,1.731,1.731,1.731,1.731,0.000,0.0,0
1790659860,1.731,1.731,1.731,1.731,0.000,0.0,0
1790659920,1.731,1.731,1.731,1.731,0.000,0.0,0
1790659980,1.731,1.731,1.731,1.731,0.000,0.0,0
1790660040,1.731,1.731,1.731,1.731,0.000,0.0,0
1790660100,1.723,1.723,1.723,1.723,1.723,252.96404,1
1790660160,1.723,1.723,1.723,1.723,1.723,295.82357,1
1790660220,1.719,1.721,1.719,1.721,1.719,429.44551,4
1790660280,1.721,1.721,1.721,1.721,0.000,0.0,0
1790660340,1.721,1.721,1.721,1.721,0.000,0.0,0
1790660400,1.728,1.728,1.728,1.728,1.728,295.52686,1
1790660460,1.728,1.728,1.728,1.728,0.000,0.0,0
1790660520,1.728,1.728,1.728,1.728,0.000,0.0,0
1790660580,1.728,1.728,1.728,1.728,0.000,0.0,0
1790660640,1.728,1.728,1.728,1.728,0.000,0.0,0
1790660700,1.733,1.733,1.733,1.733,1.733,10.79221,1
1790660760,1.733,1.733,1.733,1.733,0.000,0.0,0
1790660820,1.733,1.733,1.733,1.733,0.000,0.0,0
1790660880,1.733,1.733,1.733,1.733,0.000,0.0,0
1790660940,1.733,1.733,1.733,1.733,0.000,0.0,0
1790661000,1.733,1.733,1.733,1.733,0.000,0.0,0
1790661060,1.733,1.733,1.733,1.733,0.000,0.0,0
1790661120,1.733,1.733,1.733,1.733,0.000,0.0,0
1790661180,1.733,1.733,1.733,1.733,0.000,0.0,0
1790661240,1.733,1.733,1.733,1.733,0.000,0.0,0
1790661300,1.733,1.733,1.733,1.733,0.000,0.0,0
1790661360,1.733,1.733,1.733,1.733,0.000,0.0,0
1790661420,1.733,1.733,1.733,1.733,0.000,0.0,0
1790661480,1.733,1.733,1.733,1.733,0.000,0.0,0
1790661540,1.733,1.733,1.733,1.733,0.000,0.0,0
1790661600,1.733,1.733,1.733,1.733,0.000,0.0,0
1790661660,1.74,1.74,1.74,1.74,1.740,2.0,1
1790661720,1.74,1.74,1.74,1.74,0.000,0.0,0
1790661780,1.74,1.74,1.74,1.74,0.000,0.0,0
1790661840,1.74,1.74,1.74,1.74,0.000,0.0,0
1790661900,1.74,1.74,1.74,1.74,0.000,0.0,0
1790661960,1.74,1.74,1.74,1.74,0.000,0.0,0
1790662020,1.74,1.74,1.74,1.74,0.000,0.0,0
1790662080,1.74,1.74,1.74,1.74,0.000,0.0,0
1790662140,1.74,1.74,1.74,1.74,0.000,0.0,0
1790662200,1.74,1.74,1.74,1.74,0.000,0.0,0
1790662260,1.74,1.74,1.74,1.74,0.000,0.0,0
1790662320,1.749,1.749,1.749,1.749,1.749,43.5937,1
1790662380,1.749,1.749,1.749,1.749,0.000,0.0,0
1790662440,1.751,1.751,1.751,1.751,1.751,269.15253,1
1790662500,1.751,1.751,1.751,1.751,0.000,0.0,0
1790662560,1.751,1.751,1.751,1.751,0.000,0.0,0
1790662620,1.751,1.751,1.751,1.751,0.000,0.0,0
1790662680,1.751,1.751,1.751,1.751,0.000,0.0,0
1790662740,1.751,1.751,1.751,1.751,0.000,0.0,0
1790662800,1.751,1.751,1.751,1.751,0.000,0.0,0
1790662860,1.748,1.748,1.748,1.748,1.748,284.70118,1
1790662920,1.748,1.748,1.748,1.748,0.000,0.0,0
1790662980,1.748,1.748,1.748,1.748,0.000,0.0,0
1790663040,1.748,1.748,1.748,1.748,0.000,0.0,0
1790663100,1.745,1.745,1.745,1.745,1.745,240.79282,1
1790663160,1.745,1.745,1.745,1.745,0.000,0.0,0
1790663220,1.745,1.745,1.745,1.745,0.000,0.0,0
1790663280,1.745,1.745,1.745,1.745,0.000,0.0,0
1790663340,1.744,1.744,1.744,1.744,1.744,29.47709,1
1790663400,1.744,1.744,1.744,1.744,0.000,0.0,0
1790663460,1.744,1.744,1.744,1.744,0.000,0.0,0
1790663520,1.75,1.75,1.75,1.75,1.750,5.9384,1
1790663580,1.75,1.75,1.75,1.75,0.000,0.0,0
1790663640,1.75,1.75,1.75,1.75,0.000,0.0,0
1790663700,1.75,1.75,1.75,1.75,0.000,0.0,0
1790663760,1.75,1.75,1.75,1.75,0.000,0.0,0
1790663820,1.75,1.75,1.75,1.75,0.000,0.0,0
1790663880,1.75,1.75,1.75,1.75,0.000,0.0,0
1790663940,1.75,1.75,1.75,1.75,1.750,235.06473,1
1790664000,1.75,1.75,1.75,1.75,1.750,270.20685,1
1790664060,1.75,1.75,1.75,1.75,0.000,0.0,0
1790664120,1.75,1.75,1.75,1.75,0.000,0.0,0
1790664180,1.75,1.75,1.75,1.75,0.000,0.0,0
1790664240,1.75,1.75,1.75,1.75,0.000,0.0,0
1790664300,1.75,1.75,1.75,1.75,1.750,10.0,1
1790664360,1.75,1.75,1.75,1.75,0.000,0.0,0
1790664420,1.75,1.75,1.75,1.75,0.000,0.0,0
1790664480,1.75,1.75,1.75,1.75,0.000,0.0,0
1790664540,1.75,1.75,1.75,1.75,0.000,0.0,0
1790664600,1.75,1.75,1.75,1.75,0.000,0.0,0
1790664660,1.75,1.75,1.75,1.75,0.000,0.0,0
1790664720,1.75,1.75,1.75,1.75,0.000,0.0,0
1790664780,1.755,1.755,1.755,1.755,1.755,6.5,1
1790664840,1.755,1.755,1.755,1.755,0.000,0.0,0
1790664900,1.755,1.755,1.755,1.755,0.000,0.0,0
1790664960,1.755,1.755,1.755,1.755,0.000,0.0,0
1790665020,1.755,1.755,1.755,1.755,0.000,0.0,0
1790665080,1.755,1.755,1.755,1.755,0.000,0.0,0
1790665140,1.755,1.755,1.755,1.755,0.000,0.0,0
1790665200,1.755,1.755,1.755,1.755,0.000,0.0,0
1790665260,1.755,1.755,1.755,1.755,0.000,0.0,0
1790665320,1.755,1.755,1.755,1.755,0.000,0.0,0
1790665380,1.755,1.755,1.755,1.755,0.000,0.0,0
1790665440,1.755,1.755,1.755,1.755,0.000,0.0,0
1790665500,1.755,1.755,1.755,1.755,0.000,0.0,0
1790665560,1.755,1.755,1.755,1.755,0.000,0.0,0
1790665620,1.765,1.765,1.765,1.765,1.765,283.41948,1
1790665680,1.765,1.765,1.765,1.765,1.765,201.68808,1
1790665740,1.766,1.766,1.766,1.766,1.766,216.27356,1
1790665800,1.767,1.767,1.767,1.767,1.767,212.1326,1
1790665860,1.767,1.767,1.767,1.767,0.000,0.0,0
1790665920,1.767,1.767,1.767,1.767,0.000,0.0,0
1790665980,1.767,1.767,1.767,1.767,0.000,0.0,0
1790666040,1.767,1.767,1.767,1.767,0.000,0.0,0
1790666100,1.767,1.767,1.767,1.767,0.000,0.0,0
1790666160,1.767,1.767,1.767,1.767,0.000,0.0,0
1790666220,1.767,1.767,1.767,1.767,0.000,0.0,0
1790666280,1.767,1.767,1.767,1.767,0.000,0.0,0
1790666340,1.767,1.767,1.767,1.767,0.000,0.0,0
1790666400,1.767,1.767,1.767,1.767,0.000,0.0,0
1790666460,1.767,1.767,1.767,1.767,0.000,0.0,0
1790666520,1.767,1.767,1.767,1.767,0.000,0.0,0
1790666580,1.767,1.767,1.767,1.767,0.000,0.0,0
1790666640,1.767,1.767,1.767,1.767,0.000,0.0,0
1790666700,1.767,1.767,1.767,1.767,0.000,0.0,0
1790666760,1.767,1.767,1.767,1.767,0.000,0.0,0
1790666820,1.767,1.767,1.767,1.767,0.000,0.0,0
1790666880,1.767,1.767,1.767,1.767,0.000,0.0,0
1790666940,1.767,1.767,1.767,1.767,0.000,0.0,0
1790667000,1.767,1.767,1.767,1.767,0.000,0.0,0
1790667060,1.767,1.767,1.767,1.767,0.000,0.0,0
1790667120,1.767,1.767,1.767,1.767,0.000,0.0,0
1790667180,1.767,1.767,1.767,1.767,0.000,0.0,0
1790667240,1.767,1.767,1.767,1.767,0.000,0.0,0
1790667300,1.767,1.767,1.767,1.767,0.000,0.0,0
1790667360,1.773,1.773,1.773,1.773,1.773,34.0635,1
1790667420,1.773,1.773,1.773,1.773,0.000,0.0,0
1790667480,1.773,1.773,1.773,1.773,0.000,0.0,0
1790667540,1.777,1.777,1.777,1.777,1.777,261.5622,3
1790667600,1.774,1.774,1.774,1.774,1.774,10.15228,1
1790667660,1.774,1.774,1.774,1.774,1.774,12.40135,1
1790667720,1.773,1.773,1.773,1.773,1.773,273.39882,1
1790667780,1.773,1.773,1.773,1.773,0.000,0.0,0
1790667840,1.773,1.773,1.773,1.773,0.000,0.0,0
1790667900,1.773,1.773,1.773,1.773,0.000,0.0,0
1790667960,1.773,1.773,1.773,1.773,0.000,0.0,0
1790668020,1.773,1.773,1.773,1.773,1.773,13.44729,1
1790668080,1.773,1.773,1.773,1.773,1.773,11.02219,1
1790668140,1.773,1.773,1.773,1.773,0.000,0.0,0
1790668200,1.773,1.773,1.773,1.773,0.000,0.0,0
1790668260,1.773,1.773,1.773,1.773,0.000,0.0,0
1790668320,1.778,1.778,1.778,1.778,1.778,270.97685,1
1790668380,1.778,1.778,1.778,1.778,1.778,278.57751,1
1790668440,1.778,1.778,1.778,1.778,0.000,0.0,0
1790668500,1.78,1.78,1.78,1.78,1.780,515.95799,2
1790668560,1.78,1.78,1.78,1.78,0.000,0.0,0
1790668620,1.781,1.781,1.781,1.781,1.781,270.34501,1
1790668680,1.781,1.781,1.781,1.781,0.000,0.0,0
1790668740,1.781,1.781,1.781,1.781,0.000,0.0,0
1790668800,1.781,1.781,1.781,1.781,0.000,0.0,0
1790668860,1.781,1.781,1.781,1.781,0.000,0.0,0
1790668920,1.78,1.78,1.78,1.78,1.780,9.4146,1
1790668980,1.776,1.776,1.776,1.776,1.776,4.9545,1
1790669040,1.776,1.776,1.776,1.776,0.000,0.0,0
1790669100,1.776,1.776,1.776,1.776,0.000,0.0,0
1790669160,1.776,1.776,1.776,1.776,0.000,0.0,0
1790669220,1.776,1.776,1.776,1.776,0.000,0.0,0
1790669280,1.771,1.771,1.771,1.771,1.771,999.8,4
1790669340,1.771,1.771,1.771,1.771,0.000,0.0,0
1790669400,1.771,1.771,1.771,1.771,0.000,0.0,0
1790669460,1.771,1.771,1.771,1.771,0.000,0.0,0
1790669520,1.771,1.771,1.771,1.771,0.000,0.0,0
1790669580,1.774,1.774,1.774,1.774,1.774,161.8043,4
1790669640,1.774,1.774,1.774,1.774,0.000,0.0,0
1790669700,1.778,1.778,1.778,1.778,1.778,221.47976,1
1790669760,1.778,1.778,1.778,1.778,0.000,0.0,0
1790669820,1.778,1.778,1.778,1.778,0.000,0.0,0
1790669880,1.779,1.779,1.778,1.778,1.778,556.8054,2
1790669940,1.782,1.782,1.782,1.782,1.782,4.48934,1
1790670000,1.782,1.782,1.782,1.782,0.000,0.0,0
1790670060,1.784,1.784,1.784,1.784,1.784,100.0,1
1790670120,1.784,1.784,1.784,1.784,0.000,0.0,0
1790670180,1.784,1.784,1.784,1.784,0.000,0.0,0
1790670240,1.784,1.784,1.784,1.784,0.000,0.0,0
1790670300,1.784,1.784,1.784,1.784,0.000,0.0,0
1790670360,1.784,1.784,1.784,1.784,0.000,0.0,0
1790670420,1.784,1.784,1.784,1.784,0.000,0.0,0
1790670480,1.784,1.784,1.784,1.784,0.000,0.0,0
1790670540,1.784,1.784,1.784,1.784,0.000,0.0,0
1790670600,1.779,1.779,1.779,1.779,1.779,285.73338,1
1790670660,1.779,1.779,1.779,1.779,0.000,0.0,0
1790670720,1.779,1.779,1.779,1.779,0.000,0.0,0
1790670780,1.779,1.779,1.779,1.779,0.000,0.0,0
1790670840,1.774,1.774,1.774,1.774,1.774,18.29319,1
1790670900,1.774,1.774,1.774,1.774,0.000,0.0,0
1790670960,1.774,1.774,1.774,1.774,0.000,0.0,0
1790671020,1.77,1.77,1.77,1.77,1.770,257.79821,1
1790671080,1.77,1.77,1.77,1.77,0.000,0.0,0
1790671140,1.77,1.77,1.77,1.77,0.000,0.0,0
1790671200,1.776,1.776,1.774,1.774,1.775,18.38688,2
1790671260,1.774,1.774,1.774,1.774,0.000,0.0,0
1790671320,1.774,1.774,1.774,1.774,0.000,0.0,0
1790671380,1.774,1.774,1.774,1.774,0.000,0.0,0
1790671440,1.774,1.774,1.774,1.774,0.000,0.0,0
1790671500,1.774,1.774,1.774,1.774,0.000,0.0,0
1790671560,1.774,1.774,1.774,1.774,0.000,0.0,0
1790671620,1.774,1.774,1.774,1.774,0.000,0.0,0
1790671680,1.774,1.774,1.774,1.774,0.000,0.0,0
1790671740,1.774,1.774,1.774,1.774,0.000,0.0,0
1790671800,1.775,1.775,1.775,1.775,1.775,114.16324,1
1790671860,1.775,1.775,1.775,1.775,0.000,0.0,0
1790671920,1.775,1.775,1.775,1.775,0.000,0.0,0
1790671980,1.775,1.775,1.775,1.775,0.000,0.0,0
1790672040,1.775,1.775,1.775,1.775,0.000,0.0,0
1790672100,1.775,1.775,1.775,1.775,0.000,0.0,0
1790672160,1.775,1.775,1.775,1.775,0.000,0.0,0
1790672220,1.775,1.775,1.775,1.775,0.000,0.0,0
1790672280,1.775,1.775,1.775,1.775,0.000,0.0,0
1790672340,1.775,1.775,1.775,1.775,0.000,0.0,0
1790672400,1.775,1.775,1.775,1.775,0.000,0.0,0
1790672460,1.775,1.775,1.775,1.775,0.000,0.0,0
1790672520,1.775,1.775,1.775,1.775,0.000,0.0,0
1790672580,1.775,1.775,1.775,1.775,0.000,0.0,0
1790672640,1.775,1.775,1.775,1.775,1.775,215.91577,1
1790672700,1.775,1.775,1.775,1.775,0.000,0.0,0
1790672760,1.775,1.775,1.775,1.775,0.000,0.0,0
1790672820,1.775,1.775,1.775,1.775,0.000,0.0,0
1790672880,1.775,1.775,1.775,1.775,0.000,0.0,0
1790672940,1.775,1.775,1.775,1.775,0.000,0.0,0
1790673000,1.776,1.776,1.776,1.776,1.776,259.2159,4
1790673060,1.776,1.776,1.776,1.776,0.000,0.0,0
1790673120,1.776,1.776,1.776,1.776,0.000,0.0,0
1790673180,1.776,1.776,1.776,1.776,0.000,0.0,0
1790673240,1.776,1.776,1.776,1.776,0.000,0.0,0
1790673300,1.776,1.776,1.776,1.776,0.000,0.0,0
1790673360,1.776,1.776,1.776,1.776,0.000,0.0,0
1790673420,1.776,1.776,1.776,1.776,0.000,0.0,0
1790673480,1.776,1.776,1.776,1.776,0.000,0.0,0
1790673540,1.776,1.776,1.776,1.776,0.000,0.0,0
1790673600,1.776,1.776,1.776,1.776,0.000,0.0,0
1790673660,1.776,1.776,1.776,1.776,0.000,0.0,0
1790673720,1.776,1.776,1.776,1.776,0.000,0.0,0
1790673780,1.776,1.776,1.776,1.776,0.000,0.0,0
1790673840,1.776,1.776,1.776,1.776,0.000,0.0,0
1790673900,1.776,1.776,1.776,1.776,0.000,0.0,0
1790673960,1.776,1.776,1.776,1.776,0.000,0.0,0
1790674020,1.781,1.781,1.781,1.781,1.781,282.5088,3
1790674080,1.781,1.781,1.781,1.781,0.000,0.0,0
1790674140,1.781,1.781,1.781,1.781,0.000,0.0,0
1790674200,1.781,1.781,1.781,1.781,0.000,0.0,0
1790674260,1.781,1.781,1.781,1.781,0.000,0.0,0
1790674320,1.781,1.781,1.781,1.781,0.000,0.0,0
1790674380,1.781,1.781,1.781,1.781,0.000,0.0,0
1790674440,1.785,1.785,1.785,1.785,1.785,265.91253,1
1790674500,1.785,1.785,1.785,1.785,1.785,220.7443,3
1790674560,1.787,1.787,1.787,1.787,1.787,216.44513,1
1790674620,1.787,1.787,1.787,1.787,0.000,0.0,0
1790674680,1.787,1.787,1.787,1.787,0.000,0.0,0
1790674740,1.787,1.787,1.787,1.787,0.000,0.0,0
1790674800,1.787,1.787,1.787,1.787,0.000,0.0,0
1790674860,1.789,1.789,1.787,1.787,1.788,312.79632,2
1790674920,1.787,1.787,1.787,1.787,0.000,0.0,0
1790674980,1.787,1.787,1.787,1.787,0.000,0.0,0
1790675040,1.787,1.787,1.787,1.787,0.000,0.0,0
1790675100,1.787,1.787,1.787,1.787,0.000,0.0,0
1790675160,1.787,1.787,1.787,1.787,0.000,0.0,0
1790675220,1.792,1.795,1.792,1.795,1.794,565.18572,4
1790675280,1.795,1.795,1.795,1.795,0.000,0.0,0
1790675340,1.795,1.795,1.795,1.795,0.000,0.0,0
1790675400,1.795,1.795,1.795,1.795,0.000,0.0,0
1790675460,1.795,1.795,1.795,1.795,0.000,0.0,0
1790675520,1.795,1.795,1.795,1.795,0.000,0.0,0
1790675580,1.795,1.795,1.795,1.795,0.000,0.0,0
1790675640,1.799,1.802,1.799,1.802,1.799,548.24632,7
1790675700,1.802,1.802,1.802,1.802,0.000,0.0,0
1790675760,1.802,1.802,1.802,1.802,0.000,0.0,0
1790675820,1.802,1.802,1.802,1.802,0.000,0.0,0
1790675880,1.802,1.802,1.802,1.802,0.000,0.0,0
1790675940,1.802,1.802,1.802,1.802,0.000,0.0,0
1790676000,1.802,1.802,1.802,1.802,0.000,0.0,0
1790676060,1.802,1.802,1.802,1.802,0.000,0.0,0
1790676120,1.802,1.802,1.802,1.802,0.000,0.0,0
1790676180,1.802,1.802,1.802,1.802,0.000,0.0,0
1790676240,1.802,1.802,1.802,1.802,0.000,0.0,0
1790676300,1.802,1.802,1.802,1.802,0.000,0.0,0
1790676360,1.802,1.802,1.802,1.802,0.000,0.0,0
1790676420,1.802,1.802,1.802,1.802,0.000,0.0,0
1790676480,1.802,1.802,1.802,1.802,0.000,0.0,0
1790676540,1.802,1.802,1.802,1.802,0.000,0.0,0
1790676600,1.802,1.802,1.802,1.802,0.000,0.0,0
1790676660,1.802,1.802,1.802,1.802,0.000,0.0,0
1790676720,1.802,1.802,1.802,1.802,0.000,0.0,0
1790676780,1.802,1.802,1.802,1.802,0.000,0.0,0
1790676840,1.802,1.802,1.802,1.802,0.000,0.0,0
1790676900,1.802,1.802,1.802,1.802,0.000,0.0,0
1790676960,1.802,1.802,1.802,1.802,0.000,0.0,0
1790677020,1.802,1.802,1.802,1.802,0.000,0.0,0
1790677080,1.802,1.802,1.802,1.802,0.000,0.0,0
1790677140,1.802,1.802,1.802,1.802,0.000,0.0,0
1790677200,1.802,1.802,1.802,1.802,0.000,0.0,0
1790677260,1.802,1.802,1.802,1.802,0.000,0.0,0
1790677320,1.802,1.802,1.802,1.802,0.000,0.0,0
1790677380,1.802,1.802,1.802,1.802,0.000,0.0,0
1790677440,1.802,1.802,1.802,1.802,0.000,0.0,0
1790677500,1.802,1.802,1.802,1.802,0.000,0.0,0
1790677560,1.788,1.788,1.788,1.788,1.788,6.5,1
1790677620,1.788,1.788,1.788,1.788,0.000,0.0,0
1790677680,1.788,1.788,1.788,1.788,0.000,0.0,0
1790677740,1.788,1.788,1.788,1.788,0.000,0.0,0
1790677800,1.788,1.788,1.788,1.788,0.000,0.0,0
1790677860,1.788,1.788,1.788,1.788,0.000,0.0,0
1790677920,1.788,1.788,1.788,1.788,0.000,0.0,0
1790677980,1.788,1.788,1.788,1.788,0.000,0.0,0
1790678040,1.788,1.788,1.788,1.788,0.000,0.0,0
1790678100,1.788,1.788,1.788,1.788,0.000,0.0,0
1790678160,1.788,1.788,1.788,1.788,0.000,0.0,0
1790678220,1.788,1.788,1.788,1.788,0.000,0.0,0
1790678280,1.788,1.788,1.788,1.788,0.000,0.0,0
1790678340,1.788,1.788,1.788,1.788,0.000,0.0,0
1790678400,1.788,1.788,1.788,1.788,0.000,0.0,0
1790678460,1.782,1.782,1.782,1.782,1.782,15.10157,1
1790678520,1.782,1.782,1.782,1.782,0.000,0.0,0
1790678580,1.782,1.782,1.782,1.782,0.000,0.0,0
1790678640,1.782,1.782,1.782,1.782,0.000,0.0,0
1790678700,1.782,1.782,1.782,1.782,0.000,0.0,0
1790678760,1.782,1.782,1.782,1.782,0.000,0.0,0
1790678820,1.782,1.782,1.782,1.782,0.000,0.0,0
1790678880,1.782,1.782,1.782,1.782,0.000,0.0,0
1790678940,1.782,1.782,1.782,1.782,0.000,0.0,0
1790679000,1.786,1.786,1.786,1.786,1.786,10.1,1
1790679060,1.786,1.786,1.786,1.786,0.000,0.0,0
1790679120,1.786,1.786,1.786,1.786,0.000,0.0,0
1790679180,1.786,1.786,1.786,1.786,0.000,0.0,0
1790679240,1.786,1.786,1.786,1.786,0.000,0.0,0
1790679300,1.784,1.784,1.784,1.784,1.784,40.0,1
1790679360,1.784,1.784,1.784,1.784,0.000,0.0,0
1790679420,1.784,1.784,1.784,1.784,0.000,0.0,0
1790679480,1.784,1.784,1.784,1.784,0.000,0.0,0
1790679540,1.782,1.782,1.782,1.782,1.782,40.0,1
1790679600,1.782,1.782,1.782,1.782,0.000,0.0,0
1790679660,1.782,1.782,1.782,1.782,0.000,0.0,0
1790679720,1.782,1.782,1.782,1.782,0.000,0.0,0
1790679780,1.782,1.782,1.782,1.782,0.000,0.0,0
1790679840,1.782,1.782,1.782,1.782,0.000,0.0,0
1790679900,1.782,1.782,1.782,1.782,0.000,0.0,0
1790679960,1.782,1.782,1.782,1.782,0.000,0.0,0
1790680020,1.782,1.782,1.782,1.782,0.000,0.0,0
1790680080,1.782,1.782,1.782,1.782,0.000,0.0,0
1790680140,1.782,1.782,1.782,1.782,0.000,0.0,0
1790680200,1.782,1.782,1.782,1.782,0.000,0.0,0
1790680260,1.782,1.782,1.782,1.782,0.000,0.0,0
1790680320,1.782,1.782,1.782,1.782,0.000,0.0,0
1790680380,1.782,1.782,1.782,1.782,0.000,0.0,0
1790680440,1.782,1.782,1.782,1.782,0.000,0.0,0
1790680500,1.782,1.782,1.782,1.782,0.000,0.0,0
1790680560,1.782,1.782,1.782,1.782,0.000,0.0,0
1790680620,1.782,1.782,1.782,1.782,0.000,0.0,0
1790680680,1.782,1.782,1.782,1.782,0.000,0.0,0
1790680740,1.782,1.782,1.782,1.782,0.000,0.0,0
1790680800,1.782,1.782,1.782,1.782,0.000,0.0,0
1790680860,1.782,1.782,1.782,1.782,0.000,0.0,0
1790680920,1.782,1.782,1.782,1.782,0.000,0.0,0
1790680980,1.782,1.782,1.782,1.782,0.000,0.0,0
1790681040,1.782,1.782,1.782,1.782,0.000,0.0,0
1790681100,1.782,1.782,1.782,1.782,0.000,0.0,0
1790681160,1.782,1.782,1.782,1.782,0.000,0.0,0
1790681220,1.783,1.783,1.783,1.783,1.783,261.51062,2
1790681280,1.783,1.783,1.783,1.783,0.000,0.0,0
1790681340,1.783,1.783,1.783,1.783,0.000,0.0,0
1790681400,1.783,1.783,1.783,1.783,1.783,270.44439,1
1790681460,1.783,1.783,1.783,1.783,0.000,0.0,0
1790681520,1.783,1.783,1.783,1.783,0.000,0.0,0
1790681580,1.783,1.783,1.783,1.783,0.000,0.0,0
1790681640,1.783,1.783,1.783,1.783,0.000,0.0,0
1790681700,1.793,1.793,1.793,1.793,1.793,239.6651,4
1790681760,1.793,1.793,1.793,1.793,0.000,0.0,0
1790681820,1.793,1.793,1.793,1.793,0.000,0.0,0
1790681880,1.793,1.793,1.793,1.793,0.000,0.0,0
1790681940,1.793,1.793,1.793,1.793,0.000,0.0,0
1790682000,1.793,1.793,1.793,1.793,0.000,0.0,0
1790682060,1.793,1.793,1.793,1.793,0.000,0.0,0
1790682120,1.793,1.793,1.793,1.793,0.000,0.0,0
1790682180,1.786,1.786,1.786,1.786,1.786,247.19088,1
1790682240,1.786,1.786,1.786,1.786,0.000,0.0,0
1790682300,1.786,1.786,1.786,1.786,0.000,0.0,0
1790682360,1.786,1.786,1.786,1.786,0.000,0.0,0
1790682420,1.786,1.786,1.786,1.786,0.000,0.0,0
1790682480,1.786,1.786,1.786,1.786,0.000,0.0,0
1790682540,1.797,1.797,1.797,1.797,1.797,236.59436,2
1790682600,1.798,1.798,1.798,1.798,1.798,263.9152,3
1790682660,1.798,1.798,1.798,1.798,1.798,12.70406,1
1790682720,1.798,1.798,1.798,1.798,0.000,0.0,0
1790682780,1.798,1.798,1.798,1.798,1.798,14.50367,1
1790682840,1.796,1.796,1.796,1.796,1.796,293.8663,5
1790682900,1.796,1.796,1.796,1.796,0.000,0.0,0
1790682960,1.797,1.797,1.797,1.797,1.797,16.06479,1
1790683020,1.795,1.795,1.795,1.795,1.795,256.51419,2
1790683080,1.795,1.795,1.795,1.795,1.795,11.44369,1
1790683140,1.795,1.795,1.795,1.795,0.000,0.0,0
1790683200,1.794,1.794,1.792,1.793,1.792,294.59329,3
1790683260,1.796,1.796,1.796,1.796,1.796,11.15135,1
1790683320,1.796,1.796,1.796,1.796,0.000,0.0,0
1790683380,1.796,1.796,1.796,1.796,0.000,0.0,0
1790683440,1.796,1.796,1.796,1.796,0.000,0.0,0
1790683500,1.796,1.796,1.796,1.796,0.000,0.0,0
1790683560,1.796,1.796,1.796,1.796,1.796,28.5015,1
1790683620,1.795,1.795,1.795,1.795,1.795,13.57784,1
1790683680,1.795,1.795,1.795,1.795,0.000,0.0,0
1790683740,1.795,1.795,1.795,1.795,0.000,0.0,0
1790683800,1.795,1.795,1.795,1.795,0.000,0.0,0
1790683860,1.797,1.797,1.797,1.797,1.797,26.35852,1
1790683920,1.797,1.797,1.797,1.797,1.797,15.08259,1
1790683980,1.797,1.797,1.797,1.797,0.000,0.0,0
1790684040,1.797,1.797,1.797,1.797,0.000,0.0,0
1790684100,1.8,1.8,1.8,1.8,1.800,5.0,1
1790684160,1.8,1.8,1.8,1.8,0.000,0.0,0
1790684220,1.802,1.802,1.802,1.802,1.802,228.30321,2
1790684280,1.799,1.799,1.799,1.799,1.799,11.4953,1
1790684340,1.799,1.799,1.799,1.799,0.000,0.0,0
1790684400,1.799,1.799,1.799,1.799,0.000,0.0,0
1790684460,1.799,1.799,1.799,1.799,0.000,0.0,0
1790684520,1.799,1.799,1.799,1.799,0.000,0.0,0
1790684580,1.799,1.799,1.799,1.799,0.000,0.0,0
1790684640,1.799,1.799,1.799,1.799,0.000,0.0,0
1790684700,1.799,1.799,1.799,1.799,0.000,0.0,0
1790684760,1.799,1.799,1.799,1.799,0.000,0.0,0
1790684820,1.799,1.799,1.799,1.799,0.000,0.0,0
1790684880,1.799,1.799,1.799,1.799,0.000,0.0,0
1790684940,1.799,1.799,1.799,1.799,0.000,0.0,0
1790685000,1.796,1.796,1.796,1.796,1.796,13.63274,1
1790685060,1.796,1.796,1.796,1.796,0.000,0.0,0
1790685120,1.796,1.796,1.796,1.796,1.796,1076.18751,3
1790685180,1.796,1.796,1.796,1.796,0.000,0.0,0
1790685240,1.796,1.796,1.796,1.796,0.000,0.0,0
1790685300,1.803,1.803,1.803,1.803,1.803,73.8428,1
1790685360,1.803,1.803,1.803,1.803,0.000,0.0,0
1790685420,1.806,1.806,1.806,1.806,1.806,11.96204,1
1790685480,1.81,1.81,1.809,1.809,1.809,54.3292,2
1790685540,1.809,1.809,1.809,1.809,0.000,0.0,0
1790685600,1.809,1.809,1.809,1.809,0.000,0.0,0
1790685660,1.809,1.809,1.809,1.809,0.000,0.0,0
1790685720,1.807,1.807,1.807,1.807,1.807,287.96489,1
1790685780,1.807,1.807,1.807,1.807,0.000,0.0,0
1790685840,1.807,1.807,1.807,1.807,0.000,0.0,0
1790685900,1.804,1.804,1.804,1.804,1.804,11.17361,1
1790685960,1.804,1.804,1.804,1.804,0.000,0.0,0
1790686020,1.804,1.804,1.804,1.804,0.000,0.0,0
1790686080,1.8,1.8,1.8,1.8,1.800,248.95108,1
1790686140,1.8,1.8,1.8,1.8,0.000,0.0,0
1790686200,1.8,1.8,1.8,1.8,0.000,0.0,0
1790686260,1.8,1.8,1.8,1.8,0.000,0.0,0
1790686320,1.8,1.8,1.8,1.8,0.000,0.0,0
1790686380,1.808,1.808,1.808,1.808,1.808,6.5,1
1790686440,1.811,1.818,1.811,1.818,1.814,952.95824,8
1790686500,1.819,1.819,1.819,1.819,1.819,399.5718,4
1790686560,1.819,1.819,1.819,1.819,0.000,0.0,0
1790686620,1.819,1.819,1.819,1.819,0.000,0.0,0
1790686680,1.819,1.819,1.819,1.819,0.000,0.0,0
1790686740,1.819,1.819,1.819,1.819,0.000,0.0,0
1790686800,1.819,1.819,1.819,1.819,0.000,0.0,0
1790686860,1.819,1.819,1.819,1.819,0.000,0.0,0
1790686920,1.815,1.818,1.815,1.818,1.815,45.38432,2
1790686980,1.818,1.818,1.818,1.818,0.000,0.0,0
1790687040,1.818,1.818,1.818,1.818,0.000,0.0,0
1790687100,1.817,1.817,1.817,1.817,1.817,256.825,2
1790687160,1.82,1.82,1.818,1.818,1.818,900.81681,2
1790687220,1.818,1.818,1.818,1.818,0.000,0.0,0
1790687280,1.824,1.824,1.824,1.824,1.824,198.3534,1
1790687340,1.824,1.824,1.824,1.824,0.000,0.0,0
1790687400,1.828,1.828,1.828,1.828,1.828,32.98515,1
1790687460,1.826,1.826,1.826,1.826,1.826,43.83562,1
1790687520,1.827,1.827,1.827,1.827,1.827,221.4026,5
1790687580,1.826,1.826,1.826,1.826,1.826,6.5,1
1790687640,1.826,1.827,1.826,1.827,1.826,700.77659,3
1790687700,1.827,1.827,1.827,1.827,0.000,0.0,0
1790687760,1.83,1.83,1.827,1.827,1.829,492.95788,9
1790687820,1.827,1.827,1.827,1.827,0.000,0.0,0
1790687880,1.832,1.832,1.832,1.832,1.832,305.55537,2
1790687940,1.833,1.833,1.833,1.833,1.833,205.8774,1
1790688000,1.834,1.834,1.834,1.834,1.834,224.98525,1
1790688060,1.837,1.837,1.837,1.837,1.837,5.0,1
1790688120,1.84,1.84,1.837,1.837,1.838,405.97735,3
1790688180,1.837,1.837,1.837,1.837,0.000,0.0,0
1790688240,1.834,1.835,1.834,1.835,1.834,237.5199,3
1790688300,1.835,1.835,1.835,1.835,0.000,0.0,0
1790688360,1.832,1.832,1.831,1.831,1.831,289.30352,4
1790688420,1.831,1.832,1.831,1.832,1.831,506.82443,2
1790688480,1.836,1.836,1.835,1.835,1.835,87.1874,2
1790688540,1.835,1.835,1.835,1.835,0.000,0.0,0
1790688600,1.835,1.835,1.835,1.835,1.835,28.47317,1
1790688660,1.832,1.832,1.832,1.832,1.832,48.5937,2
1790688720,1.832,1.832,1.832,1.832,0.000,0.0,0
1790688780,1.832,1.832,1.832,1.832,0.000,0.0,0
1790688840,1.83,1.83,1.83,1.83,1.830,208.20479,1
1790688900,1.826,1.826,1.822,1.822,1.823,709.28966,5
1790688960,1.826,1.826,1.826,1.826,1.826,212.9685,1
1790689020,1.833,1.833,1.833,1.833,1.833,212.75749,3
1790689080,1.833,1.833,1.833,1.833,0.000,0.0,0
1790689140,1.836,1.836,1.836,1.836,1.836,250.20133,2
1790689200,1.838,1.838,1.838,1.838,1.838,286.00811,4
1790689260,1.836,1.836,1.836,1.836,1.836,207.7813,1
1790689320,1.838,1.838,1.838,1.838,1.838,179.44536,2
1790689380,1.838,1.838,1.838,1.838,1.838,203.4395,1
1790689440,1.838,1.838,1.838,1.838,1.838,5.0,1
1790689500,1.838,1.838,1.838,1.838,0.000,0.0,0
1790689560,1.835,1.835,1.835,1.835,1.835,224.1265,1
1790689620,1.835,1.835,1.835,1.835,0.000,0.0,0
1790689680,1.837,1.837,1.834,1.834,1.835,665.93638,3
1790689740,1.834,1.834,1.834,1.834,0.000,0.0,0
1790689800,1.834,1.834,1.834,1.834,1.834,5.0,1
1790689860,1.834,1.834,1.834,1.834,0.000,0.0,0
1790689920,1.836,1.839,1.836,1.839,1.838,761.71943,3
1790689980,1.839,1.839,1.839,1.839,0.000,0.0,0
1790690040,1.839,1.839,1.839,1.839,1.839,269.23276,3
1790690100,1.839,1.839,1.839,1.839,0.000,0.0,0
1790690160,1.839,1.839,1.839,1.839,1.839,234.2747,3
1790690220,1.839,1.839,1.839,1.839,0.000,0.0,0
1790690280,1.832,1.832,1.831,1.831,1.831,436.07908,2
1790690340,1.834,1.834,1.833,1.833,1.833,285.18552,4
1790690400,1.833,1.833,1.833,1.833,0.000,0.0,0
1790690460,1.839,1.841,1.839,1.841,1.839,369.72357,3
1790690520,1.841,1.841,1.841,1.841,0.000,0.0,0
1790690580,1.841,1.841,1.841,1.841,0.000,0.0,0
1790690640,1.837,1.837,1.832,1.832,1.834,131.35993,8
1790690700,1.834,1.834,1.834,1.834,1.834,210.6528,1
1790690760,1.834,1.834,1.834,1.834,0.000,0.0,0
1790690820,1.826,1.826,1.826,1.826,1.826,238.41126,1
1790690880,1.829,1.829,1.829,1.829,1.829,206.5504,1
1790690940,1.829,1.829,1.829,1.829,0.000,0.0,0
1790691000,1.825,1.825,1.825,1.825,1.825,274.49557,1
1790691060,1.825,1.825,1.825,1.825,0.000,0.0,0
1790691120,1.823,1.823,1.823,1.823,1.823,247.80389,4
1790691180,1.822,1.829,1.822,1.829,1.824,409.2307,3
1790691240,1.829,1.829,1.829,1.829,0.000,0.0,0
1790691300,1.829,1.829,1.829,1.829,0.000,0.0,0
1790691360,1.829,1.829,1.829,1.829,0.000,0.0,0
1790691420,1.829,1.829,1.829,1.829,0.000,0.0,0
1790691480,1.829,1.829,1.829,1.829,0.000,0.0,0
1790691540,1.829,1.829,1.829,1.829,0.000,0.0,0
1790691600,1.842,1.842,1.839,1.839,1.840,541.23076,3
1790691660,1.838,1.838,1.838,1.838,1.838,234.8023,5
1790691720,1.841,1.841,1.841,1.841,1.841,6.5,1
1790691780,1.839,1.839,1.838,1.838,1.838,255.95408,2
1790691840,1.838,1.838,1.838,1.838,0.000,0.0,0
1790691900,1.838,1.838,1.838,1.838,0.000,0.0,0
1790691960,1.838,1.839,1.838,1.839,1.838,8.39836,2
1790692020,1.839,1.839,1.837,1.837,1.837,135.4473,4
1790692080,1.837,1.837,1.837,1.837,0.000,0.0,0
1790692140,1.837,1.837,1.837,1.837,0.000,0.0,0
1790692200,1.835,1.835,1.835,1.835,1.835,200.01738,1
1790692260,1.835,1.835,1.835,1.835,0.000,0.0,0
1790692320,1.835,1.835,1.835,1.835,0.000,0.0,0
1790692380,1.835,1.835,1.835,1.835,0.000,0.0,0
1790692440,1.835,1.835,1.835,1.835,0.000,0.0,0
1790692500,1.833,1.833,1.833,1.833,1.833,227.6663,1
1790692560,1.833,1.833,1.833,1.833,0.000,0.0,0
1790692620,1.829,1.829,1.829,1.829,1.829,464.6244,2
1790692680,1.84,1.84,1.84,1.84,1.840,240.25024,2
1790692740,1.84,1.84,1.84,1.84,0.000,0.0,0
1790692800,1.84,1.84,1.837,1.837,1.839,2641.46231,4
1790692860,1.839,1.839,1.839,1.839,1.839,245.41502,1
1790692920,1.843,1.843,1.843,1.843,1.843,430.96619,2
1790692980,1.843,1.843,1.843,1.843,0.000,0.0,0
1790693040,1.839,1.839,1.839,1.839,1.839,16.76924,1
1790693100,1.845,1.845,1.845,1.845,1.845,151.46274,3
1790693160,1.854,1.854,1.853,1.853,1.853,139.9527,2
1790693220,1.849,1.849,1.849,1.849,1.849,153.7631,2
1790693280,1.85,1.85,1.847,1.847,1.848,1012.88266,4
1790693340,1.849,1.849,1.849,1.849,1.849,459.42093,3
1790693400,1.842,1.844,1.842,1.844,1.843,760.91866,2
1790693460,1.842,1.842,1.842,1.842,1.842,64.89994,1
1790693520,1.846,1.846,1.846,1.846,1.846,477.31022,4
1790693580,1.842,1.842,1.842,1.842,1.842,11.46429,1
1790693640,1.847,1.847,1.843,1.843,1.843,197.7444,2
1790693700,1.843,1.843,1.843,1.843,0.000,0.0,0
1790693760,1.843,1.843,1.843,1.843,1.843,6.24175,1
1790693820,1.843,1.843,1.843,1.843,0.000,0.0,0
1790693880,1.841,1.841,1.841,1.841,1.841,260.3173,2
1790693940,1.841,1.841,1.841,1.841,1.841,5.0,1
1790694000,1.839,1.84,1.839,1.84,1.839,249.84963,2
1790694060,1.828,1.829,1.828,1.829,1.828,783.52173,7
1790694120,1.833,1.833,1.833,1.833,1.833,23.7684,1
1790694180,1.833,1.833,1.833,1.833,0.000,0.0,0
1790694240,1.833,1.833,1.833,1.833,0.000,0.0,0
1790694300,1.824,1.824,1.824,1.824,1.824,6.5,1
1790694360,1.822,1.829,1.822,1.829,1.825,15.0,3
1790694420,1.829,1.829,1.829,1.829,0.000,0.0,0
1790694480,1.829,1.829,1.829,1.829,0.000,0.0,0
1790694540,1.827,1.827,1.827,1.827,1.827,220.92813,7
1790694600,1.835,1.835,1.835,1.835,1.835,106.01445,1
1790694660,1.833,1.833,1.833,1.833,1.833,166.6905,4
1790694720,1.833,1.833,1.833,1.833,0.000,0.0,0
1790694780,1.821,1.823,1.821,1.823,1.821,92.8906,3
1790694840,1.821,1.823,1.821,1.823,1.821,52.71903,4
1790694900,1.823,1.823,1.823,1.823,0.000,0.0,0
1790694960,1.823,1.823,1.823,1.823,0.000,0.0,0
1790695020,1.823,1.823,1.823,1.823,0.000,0.0,0
1790695080,1.827,1.827,1.827,1.827,1.827,282.57732,1
1790695140,1.827,1.827,1.827,1.827,0.000,0.0,0
1790695200,1.827,1.827,1.827,1.827,0.000,0.0,0
1790695260,1.821,1.821,1.821,1.821,1.821,234.54434,1
1790695320,1.818,1.818,1.818,1.818,1.818,87.1874,2
1790695380,1.816,1.816,1.814,1.815,1.814,622.08449,4
1790695440,1.808,1.808,1.808,1.808,1.808,288.78333,2
1790695500,1.806,1.806,1.806,1.806,1.806,230.1208,1
1790695560,1.806,1.806,1.806,1.806,0.000,0.0,0
1790695620,1.799,1.801,1.799,1.801,1.800,428.65911,4
1790695680,1.8,1.8,1.8,1.8,1.800,184.9015,1
1790695740,1.8,1.8,1.8,1.8,0.000,0.0,0
1790695800,1.8,1.8,1.8,1.8,0.000,0.0,0
1790695860,1.812,1.812,1.812,1.812,1.812,6.3991,1
1790695920,1.815,1.815,1.815,1.815,1.815,43.5937,1
1790695980,1.815,1.815,1.815,1.815,0.000,0.0,0
1790696040,1.815,1.815,1.815,1.815,1.815,87.1874,2
1790696100,1.809,1.809,1.809,1.809,1.809,226.35952,1
1790696160,1.809,1.809,1.809,1.809,0.000,0.0,0
1790696220,1.807,1.807,1.807,1.807,1.807,286.40823,1
1790696280,1.81,1.812,1.81,1.812,1.810,508.7787,4
1790696340,1.812,1.812,1.812,1.812,0.000,0.0,0
1790696400,1.812,1.812,1.812,1.812,0.000,0.0,0
1790696460,1.822,1.822,1.822,1.822,1.822,14.3457,1
1790696520,1.817,1.817,1.816,1.816,1.816,266.60597,3
1790696580,1.816,1.816,1.816,1.816,0.000,0.0,0
1790696640,1.816,1.816,1.816,1.816,0.000,0.0,0
1790696700,1.818,1.818,1.817,1.817,1.817,331.0596,2
1790696760,1.817,1.817,1.817,1.817,0.000,0.0,0
1790696820,1.809,1.812,1.809,1.812,1.809,694.47008,3
1790696880,1.812,1.812,1.812,1.812,0.000,0.0,0
1790696940,1.812,1.812,1.812,1.812,0.000,0.0,0
1790697000,1.815,1.815,1.814,1.814,1.814,774.51274,4
1790697060,1.814,1.814,1.814,1.814,0.000,0.0,0
1790697120,1.805,1.805,1.805,1.805,1.805,40.06448,1
1790697180,1.807,1.807,1.805,1.805,1.806,498.6712,2
1790697240,1.805,1.805,1.805,1.805,0.000,0.0,0
1790697300,1.812,1.812,1.812,1.812,1.812,237.83861,2
1790697360,1.811,1.811,1.811,1.811,1.811,11.36948,1
1790697420,1.81,1.81,1.807,1.807,1.809,254.25015,2
1790697480,1.807,1.807,1.807,1.807,0.000,0.0,0
1790697540,1.802,1.805,1.802,1.805,1.804,26.3,3
1790697600,1.809,1.809,1.808,1.808,1.808,231.43017,3
1790697660,1.812,1.812,1.812,1.812,1.812,5.0,1
1790697720,1.809,1.809,1.809,1.809,1.809,294.54514,2
1790697780,1.809,1.809,1.809,1.809,0.000,0.0,0
1790697840,1.809,1.809,1.809,1.809,0.000,0.0,0
1790697900,1.804,1.809,1.804,1.809,1.804,517.74611,5
1790697960,1.808,1.808,1.806,1.806,1.806,462.98898,5
1790698020,1.804,1.804,1.804,1.804,1.804,6.07182,1
1790698080,1.804,1.804,1.804,1.804,0.000,0.0,0
1790698140,1.805,1.805,1.804,1.804,1.804,491.63601,2
1790698200,1.809,1.809,1.809,1.809,1.809,5.0,1
1790698260,1.812,1.812,1.812,1.812,1.812,231.44874,1
1790698320,1.812,1.812,1.812,1.812,0.000,0.0,0
1790698380,1.812,1.812,1.812,1.812,0.000,0.0,0
1790698440,1.812,1.812,1.812,1.812,0.000,0.0,0
1790698500,1.808,1.808,1.808,1.808,1.808,227.89552,1
1790698560,1.808,1.808,1.808,1.808,0.000,0.0,0
1790698620,1.808,1.808,1.808,1.808,1.808,216.862,1
1790698680,1.806,1.806,1.806,1.806,1.806,230.77441,1
1790698740,1.808,1.808,1.808,1.808,1.808,218.768,4
1790698800,1.81,1.81,1.805,1.805,1.805,1835.78741,4
1790698860,1.805,1.805,1.805,1.805,0.000,0.0,0
1790698920,1.805,1.805,1.805,1.805,0.000,0.0,0
1790698980,1.805,1.805,1.805,1.805,0.000,0.0,0
1790699040,1.805,1.805,1.805,1.805,0.000,0.0,0
1790699100,1.805,1.805,1.805,1.805,0.000,0.0,0
1790699160,1.805,1.805,1.805,1.805,0.000,0.0,0
1790699220,1.801,1.801,1.801,1.801,1.801,4.43951,1
1790699280,1.801,1.803,1.801,1.803,1.801,514.05123,2
1790699340,1.802,1.802,1.802,1.802,1.802,285.92705,4
1790699400,1.802,1.802,1.802,1.802,0.000,0.0,0
1790699460,1.802,1.802,1.802,1.802,0.000,0.0,0
1790699520,1.802,1.802,1.802,1.802,0.000,0.0,0
1790699580,1.796,1.796,1.796,1.796,1.796,81.49477,2
1790699640,1.795,1.795,1.794,1.794,1.794,417.56379,3
1790699700,1.794,1.794,1.794,1.794,0.000,0.0,0
1790699760,1.803,1.803,1.803,1.803,1.803,4.8936,1
1790699820,1.803,1.803,1.803,1.803,0.000,0.0,0
1790699880,1.803,1.803,1.803,1.803,0.000,0.0,0
1790699940,1.803,1.803,1.803,1.803,0.000,0.0,0
1790700000,1.803,1.803,1.803,1.803,0.000,0.0,0
1790700060,1.803,1.803,1.803,1.803,0.000,0.0,0
1790700120,1.803,1.803,1.803,1.803,0.000,0.0,0
1790700180,1.79,1.79,1.79,1.79,1.790,200.0,1
1790700240,1.788,1.788,1.788,1.788,1.788,241.16973,1
1790700300,1.789,1.789,1.789,1.789,1.789,715.99719,4
1790700360,1.786,1.786,1.786,1.786,1.786,178.048,3
1790700420,1.786,1.786,1.786,1.786,0.000,0.0,0
1790700480,1.784,1.784,1.784,1.784,1.784,226.88588,1
1790700540,1.785,1.785,1.785,1.785,1.785,202.09766,2
1790700600,1.785,1.785,1.785,1.785,0.000,0.0,0
1790700660,1.79,1.79,1.79,1.79,1.790,254.46577,1
1790700720,1.79,1.79,1.79,1.79,0.000,0.0,0
1790700780,1.79,1.79,1.79,1.79,0.000,0.0,0
1790700840,1.778,1.778,1.778,1.778,1.778,470.7841,5
1790700900,1.778,1.778,1.778,1.778,0.000,0.0,0
1790700960,1.776,1.777,1.776,1.777,1.776,209.93861,4
1790701020,1.779,1.779,1.779,1.779,1.779,249.27157,2
1790701080,1.782,1.782,1.782,1.782,1.782,200.0,1
1790701140,1.787,1.787,1.787,1.787,1.787,12.58032,1
1790701200,1.787,1.787,1.785,1.785,1.786,288.33844,3
1790701260,1.784,1.785,1.784,1.785,1.784,289.23601,2
1790701320,1.783,1.783,1.782,1.782,1.782,457.60719,3
1790701380,1.782,1.782,1.782,1.782,0.000,0.0,0
1790701440,1.788,1.788,1.788,1.788,1.788,252.2763,1
1790701500,1.789,1.789,1.789,1.789,1.789,269.6755,1
1790701560,1.789,1.789,1.789,1.789,0.000,0.0,0
1790701620,1.787,1.787,1.787,1.787,1.787,252.26982,1
1790701680,1.787,1.787,1.787,1.787,0.000,0.0,0
1790701740,1.787,1.787,1.787,1.787,0.000,0.0,0
1790701800,1.787,1.787,1.787,1.787,0.000,0.0,0
1790701860,1.787,1.787,1.787,1.787,0.000,0.0,0
1790701920,1.787,1.787,1.787,1.787,0.000,0.0,0
1790701980,1.787,1.787,1.787,1.787,0.000,0.0,0
1790702040,1.786,1.786,1.786,1.786,1.786,237.721,3
1790702100,1.786,1.786,1.786,1.786,0.000,0.0,0
1790702160,1.779,1.779,1.779,1.779,1.779,1752.13603,3
1790702220,1.778,1.778,1.778,1.778,1.778,243.08361,1
1790702280,1.778,1.778,1.778,1.778,0.000,0.0,0
1790702340,1.778,1.778,1.778,1.778,0.000,0.0,0
1790702400,1.781,1.781,1.781,1.781,1.781,93.4637,1
1790702460,1.781,1.781,1.781,1.781,0.000,0.0,0
1790702520,1.781,1.781,1.781,1.781,0.000,0.0,0
1790702580,1.781,1.781,1.781,1.781,0.000,0.0,0
1790702640,1.781,1.781,1.781,1.781,0.000,0.0,0
1790702700,1.781,1.781,1.781,1.781,0.000,0.0,0
1790702760,1.781,1.781,1.781,1.781,0.000,0.0,0
1790702820,1.781,1.781,1.781,1.781,0.000,0.0,0
1790702880,1.781,1.781,1.781,1.781,0.000,0.0,0
1790702940,1.784,1.784,1.784,1.784,1.784,11.29979,1
1790703000,1.784,1.784,1.784,1.784,0.000,0.0,0
1790703060,1.786,1.786,1.786,1.786,1.786,266.9059,1
1790703120,1.786,1.786,1.786,1.786,0.000,0.0,0
1790703180,1.786,1.786,1.786,1.786,1.786,448.2406,8
1790703240,1.786,1.786,1.786,1.786,0.000,0.0,0
1790703300,1.786,1.786,1.786,1.786,0.000,0.0,0
1790703360,1.786,1.786,1.786,1.786,0.000,0.0,0
1790703420,1.786,1.786,1.786,1.786,0.000,0.0,0
1790703480,1.786,1.786,1.786,1.786,0.000,0.0,0
1790703540,1.786,1.786,1.786,1.786,0.000,0.0,0
1790703600,1.786,1.786,1.786,1.786,0.000,0.0,0
1790703660,1.786,1.786,1.786,1.786,0.000,0.0,0
1790703720,1.786,1.786,1.786,1.786,0.000,0.0,0
1790703780,1.786,1.786,1.786,1.786,0.000,0.0,0
1790703840,1.786,1.786,1.786,1.786,0.000,0.0,0
1790703900,1.786,1.786,1.786,1.786,0.000,0.0,0
1790703960,1.786,1.786,1.786,1.786,0.000,0.0,0
1790704020,1.786,1.786,1.786,1.786,0.000,0.0,0
1790704080,1.786,1.786,1.786,1.786,0.000,0.0,0
1790704140,1.786,1.786,1.786,1.786,0.000,0.0,0
1790704200,1.786,1.786,1.786,1.786,0.000,0.0,0
1790704260,1.786,1.786,1.786,1.786,0.000,0.0,0
1790704320,1.786,1.786,1.786,1.786,0.000,0.0,0
1790704380,1.786,1.786,1.786,1.786,0.000,0.0,0
1790704440,1.786,1.786,1.786,1.786,0.000,0.0,0
1790704500,1.777,1.777,1.777,1.777,1.777,253.22739,2
1790704560,1.777,1.777,1.777,1.777,0.000,0.0,0
1790704620,1.778,1.778,1.778,1.778,1.778,87.1874,1
1790704680,1.778,1.778,1.778,1.778,0.000,0.0,0
1790704740,1.778,1.778,1.778,1.778,0.000,0.0,0
1790704800,1.782,1.789,1.782,1.787,1.784,377.29662,6
1790704860,1.787,1.787,1.787,1.787,0.000,0.0,0
1790704920,1.787,1.787,1.787,1.787,0.000,0.0,0
1790704980,1.787,1.787,1.787,1.787,0.000,0.0,0
1790705040,1.787,1.787,1.787,1.787,0.000,0.0,0
1790705100,1.787,1.787,1.787,1.787,0.000,0.0,0
1790705160,1.787,1.787,1.787,1.787,0.000,0.0,0
1790705220,1.787,1.787,1.787,1.787,0.000,0.0,0
1790705280,1.787,1.787,1.787,1.787,0.000,0.0,0
1790705340,1.787,1.787,1.787,1.787,0.000,0.0,0
1790705400,1.787,1.787,1.787,1.787,0.000,0.0,0
1790705460,1.787,1.787,1.787,1.787,0.000,0.0,0
1790705520,1.787,1.787,1.787,1.787,0.000,0.0,0
1790705580,1.787,1.787,1.787,1.787,0.000,0.0,0
1790705640,1.787,1.787,1.787,1.787,0.000,0.0,0
1790705700,1.787,1.787,1.787,1.787,0.000,0.0,0
1790705760,1.787,1.787,1.787,1.787,0.000,0.0,0
1790705820,1.787,1.787,1.787,1.787,0.000,0.0,0
1790705880,1.792,1.792,1.792,1.792,1.792,111.02902,2
1790705940,1.792,1.792,1.792,1.792,0.000,0.0,0
1790706000,1.793,1.793,1.793,1.793,1.793,5.0,1
1790706060,1.793,1.793,1.793,1.793,0.000,0.0,0
1790706120,1.793,1.793,1.793,1.793,0.000,0.0,0
1790706180,1.793,1.793,1.793,1.793,0.000,0.0,0
1790706240,1.793,1.793,1.793,1.793,0.000,0.0,0
1790706300,1.797,1.797,1.797,1.797,1.797,6.5,1
1790706360,1.797,1.797,1.797,1.797,0.000,0.0,0
1790706420,1.797,1.797,1.797,1.797,0.000,0.0,0
1790706480,1.797,1.797,1.797,1.797,0.000,0.0,0
1790706540,1.797,1.797,1.797,1.797,0.000,0.0,0
1790706600,1.794,1.794,1.794,1.794,1.794,207.2369,1
1790706660,1.794,1.794,1.794,1.794,0.000,0.0,0
1790706720,1.794,1.794,1.794,1.794,0.000,0.0,0
1790706780,1.794,1.794,1.794,1.794,0.000,0.0,0
1790706840,1.794,1.794,1.794,1.794,0.000,0.0,0
1790706900,1.794,1.794,1.794,1.794,0.000,0.0,0
1790706960,1.794,1.794,1.794,1.794,0.000,0.0,0
1790707020,1.797,1.797,1.797,1.797,1.797,548.6742,4
1790707080,1.797,1.797,1.797,1.797,1.797,205.66281,2
1790707140,1.797,1.797,1.797,1.797,0.000,0.0,0
1790707200,1.8,1.8,1.8,1.8,1.800,126.13866,1
1790707260,1.8,1.8,1.8,1.8,0.000,0.0,0
1790707320,1.8,1.8,1.8,1.8,0.000,0.0,0
1790707380,1.8,1.8,1.8,1.8,0.000,0.0,0
1790707440,1.8,1.8,1.8,1.8,0.000,0.0,0
1790707500,1.8,1.8,1.8,1.8,0.000,0.0,0
1790707560,1.805,1.805,1.805,1.805,1.805,100.0,1
1790707620,1.805,1.805,1.805,1.805,0.000,0.0,0
1790707680,1.802,1.802,1.802,1.802,1.802,6.74033,1
1790707740,1.802,1.802,1.802,1.802,0.000,0.0,0
1790707800,1.802,1.802,1.802,1.802,0.000,0.0,0
1790707860,1.8,1.8,1.8,1.8,1.800,217.72044,1
1790707920,1.805,1.805,1.805,1.805,1.805,45.7271,1
1790707980,1.805,1.805,1.805,1.805,1.805,150.0919,2
1790708040,1.805,1.805,1.805,1.805,0.000,0.0,0
1790708100,1.805,1.805,1.805,1.805,0.000,0.0,0
1790708160,1.805,1.805,1.805,1.805,0.000,0.0,0
1790708220,1.805,1.805,1.805,1.805,0.000,0.0,0
1790708280,1.805,1.805,1.805,1.805,0.000,0.0,0
1790708340,1.804,1.804,1.803,1.803,1.803,473.86793,4
1790708400,1.803,1.803,1.803,1.803,1.803,274.78248,1
1790708460,1.803,1.803,1.803,1.803,1.803,216.61134,2
1790708520,1.803,1.803,1.803,1.803,0.000,0.0,0
1790708580,1.803,1.803,1.803,1.803,0.000,0.0,0
1790708640,1.803,1.803,1.803,1.803,0.000,0.0,0
1790708700,1.803,1.803,1.803,1.803,0.000,0.0,0
1790708760,1.803,1.803,1.803,1.803,0.000,0.0,0
1790708820,1.803,1.803,1.803,1.803,0.000,0.0,0
1790708880,1.803,1.803,1.803,1.803,0.000,0.0,0
1790708940,1.803,1.803,1.803,1.803,0.000,0.0,0
1790709000,1.803,1.803,1.803,1.803,0.000,0.0,0
1790709060,1.803,1.803,1.803,1.803,0.000,0.0,0
1790709120,1.803,1.803,1.803,1.803,0.000,0.0,0
1790709180,1.805,1.805,1.805,1.805,1.805,225.26275,1
1790709240,1.805,1.805,1.805,1.805,0.000,0.0,0
1790709300,1.805,1.805,1.805,1.805,0.000,0.0,0
1790709360,1.805,1.805,1.805,1.805,0.000,0.0,0
1790709420,1.805,1.805,1.805,1.805,0.000,0.0,0
1790709480,1.805,1.805,1.805,1.805,0.000,0.0,0
1790709540,1.805,1.805,1.805,1.805,0.000,0.0,0
1790709600,1.805,1.805,1.805,1.805,0.000,0.0,0
1790709660,1.802,1.802,1.802,1.802,1.802,290.2874,1
1790709720,1.802,1.802,1.802,1.802,1.802,198.87227,1
1790709780,1.802,1.802,1.802,1.802,0.000,0.0,0
1790709840,1.803,1.803,1.803,1.803,1.803,227.57723,2
1790709900,1.803,1.803,1.803,1.803,0.000,0.0,0
1790709960,1.803,1.803,1.803,1.803,0.000,0.0,0
1790710020,1.803,1.803,1.803,1.803,0.000,0.0,0
1790710080,1.803,1.803,1.803,1.803,0.000,0.0,0
1790710140,1.803,1.803,1.803,1.803,0.000,0.0,0
1790710200,1.803,1.803,1.803,1.803,0.000,0.0,0
1790710260,1.803,1.803,1.803,1.803,0.000,0.0,0
1790710320,1.805,1.805,1.805,1.805,1.805,280.72042,2
1790710380,1.805,1.805,1.805,1.805,0.000,0.0,0
1790710440,1.805,1.805,1.805,1.805,0.000,0.0,0
1790710500,1.805,1.805,1.805,1.805,0.000,0.0,0
1790710560,1.805,1.805,1.805,1.805,0.000,0.0,0
1790710620,1.805,1.805,1.805,1.805,0.000,0.0,0
1790710680,1.803,1.806,1.803,1.806,1.803,237.81336,2
1790710740,1.806,1.806,1.806,1.806,0.000,0.0,0
1790710800,1.804,1.804,1.804,1.804,1.804,292.0289,1
1790710860,1.804,1.804,1.804,1.804,0.000,0.0,0
1790710920,1.804,1.804,1.804,1.804,0.000,0.0,0
1790710980,1.801,1.801,1.801,1.801,1.801,531.3567,2
1790711040,1.801,1.801,1.801,1.801,0.000,0.0,0
1790711100,1.801,1.801,1.801,1.801,0.000,0.0,0
1790711160,1.801,1.801,1.801,1.801,0.000,0.0,0
1790711220,1.795,1.796,1.795,1.796,1.795,19.5041,3
1790711280,1.799,1.799,1.799,1.799,1.799,229.7326,1
1790711340,1.799,1.799,1.799,1.799,0.000,0.0,0
1790711400,1.792,1.792,1.792,1.792,1.792,280.93301,4
1790711460,1.792,1.792,1.792,1.792,0.000,0.0,0
1790711520,1.792,1.792,1.792,1.792,0.000,0.0,0
1790711580,1.792,1.792,1.792,1.792,0.000,0.0,0
1790711640,1.792,1.792,1.792,1.792,0.000,0.0,0
1790711700,1.792,1.792,1.792,1.792,0.000,0.0,0
1790711760,1.792,1.792,1.792,1.792,0.000,0.0,0
1790711820,1.789,1.789,1.789,1.789,1.789,242.108,2
1790711880,1.789,1.789,1.789,1.789,0.000,0.0,0
1790711940,1.789,1.789,1.789,1.789,0.000,0.0,0
1790712000,1.789,1.789,1.789,1.789,0.000,0.0,0
1790712060,1.785,1.785,1.785,1.785,1.785,230.68394,1
1790712120,1.782,1.782,1.782,1.782,1.782,429.04751,3
1790712180,1.782,1.782,1.782,1.782,0.000,0.0,0
1790712240,1.782,1.782,1.782,1.782,0.000,0.0,0
1790712300,1.782,1.782,1.782,1.782,0.000,0.0,0
1790712360,1.782,1.782,1.782,1.782,0.000,0.0,0
1790712420,1.782,1.782,1.782,1.782,0.000,0.0,0
1790712480,1.794,1.794,1.794,1.794,1.794,228.89518,1
1790712540,1.794,1.794,1.794,1.794,0.000,0.0,0
1790712600,1.794,1.794,1.794,1.794,0.000,0.0,0
1790712660,1.794,1.794,1.794,1.794,0.000,0.0,0
1790712720,1.794,1.794,1.794,1.794,0.000,0.0,0
1790712780,1.794,1.794,1.794,1.794,0.000,0.0,0
1790712840,1.794,1.794,1.794,1.794,0.000,0.0,0
1790712900,1.794,1.794,1.794,1.794,0.000,0.0,0
1790712960,1.794,1.794,1.794,1.794,0.000,0.0,0
1790713020,1.794,1.794,1.794,1.794,0.000,0.0,0
1790713080,1.794,1.794,1.794,1.794,0.000,0.0,0
1790713140,1.794,1.794,1.794,1.794,0.000,0.0,0
1790713200,1.794,1.794,1.794,1.794,0.000,0.0,0
1790713260,1.794,1.794,1.794,1.794,0.000,0.0,0
1790713320,1.798,1.798,1.798,1.798,1.798,94.8775,1
1790713380,1.798,1.798,1.798,1.798,0.000,0.0,0
1790713440,1.801,1.801,1.801,1.801,1.801,213.56522,1
1790713500,1.801,1.801,1.801,1.801,0.000,0.0,0
1790713560,1.801,1.801,1.801,1.801,0.000,0.0,0
1790713620,1.801,1.801,1.801,1.801,0.000,0.0,0
1790713680,1.801,1.801,1.801,1.801,0.000,0.0,0
1790713740,1.801,1.801,1.801,1.801,0.000,0.0,0
1790713800,1.804,1.804,1.804,1.804,1.804,6.5,1
1790713860,1.804,1.804,1.804,1.804,0.000,0.0,0
1790713920,1.804,1.804,1.804,1.804,0.000,0.0,0
1790713980,1.804,1.804,1.804,1.804,0.000,0.0,0
1790714040,1.804,1.804,1.804,1.804,0.000,0.0,0
1790714100,1.804,1.804,1.804,1.804,0.000,0.0,0
1790714160,1.802,1.802,1.802,1.802,1.802,272.67318,1
1790714220,1.803,1.803,1.803,1.803,1.803,278.01772,1
1790714280,1.803,1.803,1.803,1.803,0.000,0.0,0
1790714340,1.803,1.803,1.803,1.803,0.000,0.0,0
1790714400,1.803,1.803,1.803,1.803,0.000,0.0,0
1790714460,1.803,1.803,1.803,1.803,0.000,0.0,0
1790714520,1.803,1.803,1.803,1.803,0.000,0.0,0
1790714580,1.803,1.803,1.803,1.803,0.000,0.0,0
1790714640,1.803,1.803,1.803,1.803,0.000,0.0,0
1790714700,1.803,1.803,1.803,1.803,0.000,0.0,0
1790714760,1.803,1.803,1.803,1.803,0.000,0.0,0
1790714820,1.799,1.801,1.799,1.801,1.800,228.88775,2
1790714880,1.801,1.801,1.801,1.801,0.000,0.0,0
1790714940,1.801,1.801,1.801,1.801,0.000,0.0,0
1790715000,1.803,1.803,1.803,1.803,1.803,199.1831,2
1790715060,1.803,1.803,1.803,1.803,0.000,0.0,0
1790715120,1.803,1.803,1.803,1.803,0.000,0.0,0
1790715180,1.803,1.803,1.803,1.803,0.000,0.0,0
1790715240,1.803,1.803,1.803,1.803,0.000,0.0,0
1790715300,1.803,1.803,1.803,1.803,0.000,0.0,0
1790715360,1.803,1.803,1.803,1.803,0.000,0.0,0
1790715420,1.802,1.802,1.802,1.802,1.802,224.0106,2
1790715480,1.802,1.802,1.802,1.802,0.000,0.0,0
1790715540,1.802,1.802,1.802,1.802,1.802,6.5,1
1790715600,1.802,1.802,1.802,1.802,0.000,0.0,0
1790715660,1.803,1.803,1.803,1.803,1.803,247.20045,1
1790715720,1.803,1.803,1.803,1.803,0.000,0.0,0
1790715780,1.803,1.803,1.803,1.803,0.000,0.0,0
1790715840,1.796,1.796,1.796,1.796,1.796,270.62884,1
1790715900,1.796,1.796,1.796,1.796,0.000,0.0,0
1790715960,1.804,1.804,1.804,1.804,1.804,633.552,3
1790716020,1.804,1.804,1.804,1.804,0.000,0.0,0
1790716080,1.804,1.804,1.804,1.804,0.000,0.0,0
1790716140,1.804,1.804,1.804,1.804,0.000,0.0,0
1790716200,1.804,1.804,1.804,1.804,0.000,0.0,0
1790716260,1.804,1.804,1.804,1.804,0.000,0.0,0
1790716320,1.804,1.804,1.804,1.804,0.000,0.0,0
1790716380,1.804,1.804,1.804,1.804,0.000,0.0,0
1790716440,1.804,1.804,1.804,1.804,0.000,0.0,0
1790716500,1.805,1.805,1.805,1.805,1.805,215.6014,1
1790716560,1.805,1.805,1.805,1.805,0.000,0.0,0
1790716620,1.805,1.805,1.805,1.805,0.000,0.0,0
1790716680,1.805,1.805,1.805,1.805,0.000,0.0,0
1790716740,1.805,1.805,1.805,1.805,0.000,0.0,0
1790716800,1.805,1.805,1.805,1.805,0.000,0.0,0
1790716860,1.805,1.805,1.805,1.805,0.000,0.0,0
1790716920,1.794,1.794,1.794,1.794,1.794,6.5,1
1790716980,1.794,1.794,1.794,1.794,1.794,277.54486,1
1790717040,1.794,1.794,1.794,1.794,0.000,0.0,0
1790717100,1.792,1.792,1.792,1.792,1.792,209.75705,3
1790717160,1.791,1.791,1.791,1.791,1.791,6.5,1
1790717220,1.791,1.791,1.791,1.791,1.791,275.63491,2
1790717280,1.791,1.791,1.791,1.791,0.000,0.0,0
1790717340,1.795,1.795,1.795,1.795,1.795,278.81723,2
1790717400,1.795,1.795,1.795,1.795,0.000,0.0,0
1790717460,1.795,1.795,1.795,1.795,0.000,0.0,0
1790717520,1.791,1.791,1.79,1.79,1.790,740.26297,2
1790717580,1.795,1.795,1.795,1.795,1.795,241.93745,1
1790717640,1.795,1.795,1.795,1.795,0.000,0.0,0
1790717700,1.795,1.795,1.795,1.795,0.000,0.0,0
1790717760,1.795,1.795,1.795,1.795,0.000,0.0,0
1790717820,1.795,1.795,1.795,1.795,0.000,0.0,0
1790717880,1.795,1.795,1.795,1.795,0.000,0.0,0
1790717940,1.795,1.795,1.795,1.795,0.000,0.0,0
1790718000,1.799,1.799,1.799,1.799,1.799,253.24778,1
1790718060,1.798,1.798,1.795,1.795,1.796,776.90449,6
1790718120,1.795,1.795,1.795,1.795,1.795,275.75307,1
1790718180,1.795,1.795,1.795,1.795,0.000,0.0,0
1790718240,1.795,1.795,1.795,1.795,0.000,0.0,0
1790718300,1.795,1.795,1.795,1.795,0.000,0.0,0
1790718360,1.795,1.795,1.795,1.795,0.000,0.0,0
1790718420,1.793,1.793,1.793,1.793,1.793,273.58183,1
1790718480,1.793,1.793,1.793,1.793,0.000,0.0,0
1790718540,1.793,1.793,1.793,1.793,0.000,0.0,0
1790718600,1.793,1.793,1.793,1.793,0.000,0.0,0
1790718660,1.793,1.793,1.793,1.793,0.000,0.0,0
1790718720,1.793,1.793,1.793,1.793,0.000,0.0,0
1790718780,1.793,1.793,1.793,1.793,0.000,0.0,0
1790718840,1.793,1.793,1.793,1.793,0.000,0.0,0
1790718900,1.793,1.793,1.793,1.793,0.000,0.0,0
1790718960,1.793,1.793,1.793,1.793,0.000,0.0,0
1790719020,1.793,1.793,1.793,1.793,0.000,0.0,0
1790719080,1.793,1.793,1.793,1.793,0.000,0.0,0
1790719140,1.793,1.793,1.793,1.793,0.000,0.0,0
1790719200,1.799,1.799,1.798,1.798,1.798,7.07717,2
1790719260,1.798,1.798,1.798,1.798,0.000,0.0,0
1790719320,1.798,1.798,1.798,1.798,0.000,0.0,0
1790719380,1.798,1.798,1.798,1.798,0.000,0.0,0
1790719440,1.798,1.798,1.798,1.798,0.000,0.0,0
1790719500,1.798,1.798,1.798,1.798,0.000,0.0,0
1790719560,1.798,1.798,1.798,1.798,0.000,0.0,0
1790719620,1.798,1.798,1.798,1.798,0.000,0.0,0
1790719680,1.799,1.799,1.798,1.798,1.798,737.02916,4
1790719740,1.798,1.798,1.798,1.798,1.798,506.50512,2
1790719800,1.798,1.798,1.798,1.798,0.000,0.0,0
1790719860,1.798,1.798,1.798,1.798,0.000,0.0,0
1790719920,1.798,1.798,1.798,1.798,0.000,0.0,0
1790719980,1.798,1.798,1.798,1.798,0.000,0.0,0
1790720040,1.798,1.798,1.798,1.798,0.000,0.0,0
1790720100,1.797,1.797,1.793,1.793,1.796,329.0025,5
1790720160,1.795,1.795,1.795,1.795,1.795,79.831,1
1790720220,1.795,1.795,1.795,1.795,0.000,0.0,0
1790720280,1.792,1.792,1.792,1.792,1.792,266.97992,1
1790720340,1.792,1.792,1.792,1.792,1.792,256.35695,1
1790720400,1.792,1.792,1.792,1.792,0.000,0.0,0
1790720460,1.792,1.792,1.792,1.792,0.000,0.0,0
1790720520,1.792,1.792,1.792,1.792,0.000,0.0,0
1790720580,1.792,1.792,1.792,1.792,0.000,0.0,0
1790720640,1.792,1.792,1.792,1.792,0.000,0.0,0
1790720700,1.792,1.792,1.792,1.792,0.000,0.0,0
1790720760,1.792,1.792,1.792,1.792,0.000,0.0,0
1790720820,1.792,1.792,1.792,1.792,0.000,0.0,0
1790720880,1.792,1.792,1.792,1.792,0.000,0.0,0
1790720940,1.792,1.792,1.792,1.792,0.000,0.0,0
1790721000,1.792,1.792,1.792,1.792,0.000,0.0,0
1790721060,1.788,1.788,1.788,1.788,1.788,281.96619,4
1790721120,1.788,1.788,1.788,1.788,0.000,0.0,0
1790721180,1.786,1.786,1.786,1.786,1.786,273.24672,1
1790721240,1.787,1.787,1.787,1.787,1.787,763.4606,5
1790721300,1.787,1.787,1.787,1.787,0.000,0.0,0
1790721360,1.787,1.787,1.787,1.787,0.000,0.0,0
1790721420,1.787,1.787,1.787,1.787,0.000,0.0,0
1790721480,1.787,1.787,1.787,1.787,0.000,0.0,0
1790721540,1.787,1.787,1.787,1.787,0.000,0.0,0
1790721600,1.787,1.787,1.787,1.787,0.000,0.0,0
1790721660,1.787,1.787,1.787,1.787,0.000,0.0,0
1790721720,1.787,1.787,1.787,1.787,0.000,0.0,0
1790721780,1.787,1.787,1.787,1.787,0.000,0.0,0
1790721840,1.787,1.787,1.787,1.787,0.000,0.0,0
1790721900,1.787,1.787,1.787,1.787,0.000,0.0,0
1790721960,1.787,1.787,1.787,1.787,0.000,0.0,0
1790722020,1.79,1.79,1.79,1.79,1.790,397.99826,5
1790722080,1.79,1.79,1.79,1.79,1.790,6.5,1
1790722140,1.79,1.79,1.79,1.79,0.000,0.0,0
1790722200,1.79,1.79,1.79,1.79,0.000,0.0,0
1790722260,1.79,1.79,1.79,1.79,0.000,0.0,0
1790722320,1.79,1.79,1.79,1.79,0.000,0.0,0
1790722380,1.79,1.79,1.79,1.79,0.000,0.0,0
1790722440,1.79,1.79,1.79,1.79,0.000,0.0,0
1790722500,1.79,1.79,1.79,1.79,0.000,0.0,0
1790722560,1.79,1.79,1.79,1.79,0.000,0.0,0
1790722620,1.79,1.79,1.79,1.79,0.000,0.0,0
1790722680,1.787,1.787,1.786,1.786,1.786,1205.60956,5
1790722740,1.786,1.786,1.786,1.786,0.000,0.0,0
1790722800,1.786,1.786,1.786,1.786,0.000,0.0,0
1790722860,1.786,1.786,1.786,1.786,0.000,0.0,0
1790722920,1.786,1.786,1.786,1.786,1.786,12.3564,2
1790722980,1.786,1.786,1.786,1.786,0.000,0.0,0
1790723040,1.786,1.786,1.786,1.786,0.000,0.0,0
1790723100,1.795,1.795,1.795,1.795,1.795,279.12933,1
1790723160,1.796,1.796,1.796,1.796,1.796,87.1874,2
1790723220,1.802,1.802,1.802,1.802,1.802,245.16088,2
1790723280,1.803,1.804,1.803,1.804,1.803,468.43193,5
1790723340,1.804,1.804,1.804,1.804,0.000,0.0,0
1790723400,1.804,1.804,1.804,1.804,0.000,0.0,0
1790723460,1.804,1.804,1.804,1.804,0.000,0.0,0
1790723520,1.804,1.804,1.804,1.804,0.000,0.0,0
1790723580,1.804,1.804,1.804,1.804,0.000,0.0,0
1790723640,1.804,1.804,1.804,1.804,0.000,0.0,0
1790723700,1.804,1.804,1.804,1.804,0.000,0.0,0
1790723760,1.804,1.804,1.804,1.804,0.000,0.0,0
1790723820,1.804,1.804,1.804,1.804,0.000,0.0,0
1790723880,1.804,1.804,1.804,1.804,0.000,0.0,0
1790723940,1.804,1.804,1.804,1.804,0.000,0.0,0
1790724000,1.804,1.804,1.804,1.804,0.000,0.0,0
1790724060,1.804,1.804,1.804,1.804,0.000,0.0,0
1790724120,1.793,1.793,1.793,1.793,1.793,538.36248,2
1790724180,1.793,1.793,1.793,1.793,0.000,0.0,0
1790724240,1.793,1.793,1.793,1.793,0.000,0.0,0
1790724300,1.793,1.793,1.793,1.793,0.000,0.0,0
1790724360,1.793,1.793,1.793,1.793,0.000,0.0,0
1790724420,1.793,1.793,1.793,1.793,0.000,0.0,0
1790724480,1.793,1.793,1.793,1.793,0.000,0.0,0
1790724540,1.793,1.793,1.793,1.793,0.000,0.0,0
1790724600,1.792,1.792,1.791,1.791,1.791,19.7128,3
1790724660,1.791,1.791,1.791,1.791,0.000,0.0,0
1790724720,1.789,1.789,1.789,1.789,1.789,248.9397,3
1790724780,1.789,1.789,1.789,1.789,0.000,0.0,0
1790724840,1.789,1.789,1.789,1.789,1.789,12.3564,2
1790724900,1.789,1.789,1.789,1.789,0.000,0.0,0
1790724960,1.789,1.789,1.789,1.789,0.000,0.0,0
1790725020,1.785,1.785,1.785,1.785,1.785,467.80579,4
1790725080,1.785,1.785,1.785,1.785,0.000,0.0,0
1790725140,1.785,1.785,1.785,1.785,0.000,0.0,0
1790725200,1.785,1.785,1.785,1.785,0.000,0.0,0
1790725260,1.785,1.785,1.785,1.785,0.000,0.0,0
1790725320,1.785,1.785,1.785,1.785,0.000,0.0,0
1790725380,1.785,1.785,1.785,1.785,0.000,0.0,0
1790725440,1.785,1.785,1.785,1.785,0.000,0.0,0
1790725500,1.785,1.785,1.785,1.785,0.000,0.0,0
1790725560,1.785,1.785,1.785,1.785,0.000,0.0,0
1790725620,1.785,1.785,1.785,1.785,0.000,0.0,0
1790725680,1.785,1.785,1.785,1.785,0.000,0.0,0
1790725740,1.785,1.785,1.785,1.785,0.000,0.0,0
1790725800,1.785,1.785,1.785,1.785,0.000,0.0,0
1790725860,1.785,1.785,1.785,1.785,0.000,0.0,0
1790725920,1.785,1.785,1.785,1.785,0.000,0.0,0
1790725980,1.785,1.785,1.785,1.785,0.000,0.0,0
1790726040,1.785,1.785,1.785,1.785,0.000,0.0,0
1790726100,1.785,1.785,1.785,1.785,0.000,0.0,0
1790726160,1.785,1.785,1.785,1.785,0.000,0.0,0
1790726220,1.785,1.785,1.785,1.785,0.000,0.0,0
1790726280,1.785,1.785,1.785,1.785,0.000,0.0,0
1790726340,1.786,1.786,1.786,1.786,1.786,471.47411,3
1790726400,1.786,1.786,1.786,1.786,0.000,0.0,0
1790726460,1.786,1.786,1.786,1.786,0.000,0.0,0
1790726520,1.786,1.786,1.786,1.786,0.000,0.0,0
1790726580,1.786,1.786,1.786,1.786,0.000,0.0,0
1790726640,1.79,1.791,1.79,1.791,1.790,12.3564,2
1790726700,1.791,1.791,1.791,1.791,0.000,0.0,0
1790726760,1.791,1.791,1.791,1.791,0.000,0.0,0
1790726820,1.791,1.791,1.791,1.791,0.000,0.0,0
1790726880,1.791,1.791,1.791,1.791,0.000,0.0,0
1790726940,1.791,1.791,1.791,1.791,0.000,0.0,0
1790727000,1.791,1.791,1.791,1.791,0.000,0.0,0
1790727060,1.791,1.791,1.791,1.791,0.000,0.0,0
1790727120,1.791,1.791,1.791,1.791,0.000,0.0,0
1790727180,1.791,1.791,1.791,1.791,0.000,0.0,0
1790727240,1.791,1.791,1.791,1.791,0.000,0.0,0
1790727300,1.791,1.791,1.791,1.791,0.000,0.0,0
1790727360,1.791,1.791,1.791,1.791,0.000,0.0,0
1790727420,1.791,1.791,1.791,1.791,0.000,0.0,0
1790727480,1.791,1.791,1.791,1.791,0.000,0.0,0
1790727540,1.787,1.787,1.787,1.787,1.787,12.3564,2
1790727600,1.787,1.787,1.787,1.787,0.000,0.0,0
1790727660,1.787,1.787,1.787,1.787,0.000,0.0,0
1790727720,1.787,1.787,1.787,1.787,0.000,0.0,0
1790727780,1.787,1.787,1.787,1.787,0.000,0.0,0
1790727840,1.785,1.786,1.785,1.786,1.785,260.51095,5
1790727900,1.786,1.786,1.786,1.786,0.000,0.0,0
1790727960,1.786,1.786,1.786,1.786,0.000,0.0,0
1790728020,1.79,1.79,1.79,1.79,1.790,221.28009,1
1790728080,1.79,1.79,1.79,1.79,0.000,0.0,0
1790728140,1.79,1.79,1.79,1.79,0.000,0.0,0
1790728200,1.79,1.79,1.79,1.79,0.000,0.0,0
1790728260,1.79,1.79,1.79,1.79,0.000,0.0,0
1790728320,1.79,1.79,1.79,1.79,0.000,0.0,0
1790728380,1.79,1.79,1.79,1.79,0.000,0.0,0
1790728440,1.79,1.79,1.79,1.79,0.000,0.0,0
1790728500,1.79,1.79,1.79,1.79,0.000,0.0,0
1790728560,1.79,1.79,1.79,1.79,0.000,0.0,0
1790728620,1.79,1.79,1.79,1.79,0.000,0.0,0
1790728680,1.79,1.79,1.79,1.79,0.000,0.0,0
1790728740,1.79,1.79,1.79,1.79,0.000,0.0,0
1790728800,1.79,1.79,1.79,1.79,0.000,0.0,0
1790728860,1.79,1.79,1.79,1.79,0.000,0.0,0
1790728920,1.79,1.79,1.79,1.79,0.000,0.0,0
1790728980,1.79,1.79,1.79,1.79,0.000,0.0,0
1790729040,1.79,1.79,1.79,1.79,0.000,0.0,0
1790729100,1.79,1.79,1.79,1.79,0.000,0.0,0
1790729160,1.79,1.79,1.79,1.79,0.000,0.0,0
1790729220,1.79,1.79,1.79,1.79,0.000,0.0,0
1790729280,1.79,1.79,1.79,1.79,0.000,0.0,0
1790729340,1.79,1.79,1.79,1.79,0.000,0.0,0
1790729400,1.79,1.79,1.79,1.79,0.000,0.0,0
1790729460,1.79,1.79,1.79,1.79,0.000,0.0,0
1790729520,1.79,1.79,1.79,1.79,0.000,0.0,0
1790729580,1.79,1.79,1.79,1.79,0.000,0.0,0
1790729640,1.79,1.79,1.79,1.79,0.000,0.0,0
1790729700,1.79,1.79,1.79,1.79,0.000,0.0,0
1790729760,1.79,1.79,1.79,1.79,0.000,0.0,0
1790729820,1.79,1.79,1.79,1.79,0.000,0.0,0
1790729880,1.79,1.79,1.79,1.79,0.000,0.0,0
1790729940,1.79,1.79,1.79,1.79,0.000,0.0,0
1790730000,1.803,1.803,1.803,1.803,1.803,19.02101,3
1790730060,1.809,1.81,1.809,1.81,1.809,36.98837,3
1790730120,1.81,1.81,1.81,1.81,0.000,0.0,0
1790730180,1.81,1.81,1.81,1.81,0.000,0.0,0
1790730240,1.815,1.815,1.815,1.815,1.815,59.946,2
1790730300,1.815,1.815,1.815,1.815,0.000,0.0,0
1790730360,1.815,1.815,1.815,1.815,0.000,0.0,0
1790730420,1.813,1.813,1.813,1.813,1.813,312.8909,5
1790730480,1.813,1.813,1.813,1.813,0.000,0.0,0
1790730540,1.822,1.822,1.822,1.822,1.822,25.57868,1
1790730600,1.822,1.822,1.822,1.822,0.000,0.0,0
1790730660,1.82,1.825,1.82,1.825,1.820,123.5555,2
1790730720,1.825,1.825,1.825,1.825,0.000,0.0,0
1790730780,1.825,1.825,1.825,1.825,0.000,0.0,0
1790730840,1.821,1.821,1.821,1.821,1.821,181.6004,1
1790730900,1.822,1.826,1.822,1.826,1.822,185.51837,6
1790730960,1.827,1.827,1.827,1.827,1.827,5.0,1
1790731020,1.827,1.827,1.827,1.827,1.827,5.0,1
1790731080,1.827,1.827,1.827,1.827,0.000,0.0,0
1790731140,1.824,1.824,1.824,1.824,1.824,261.1708,1
1790731200,1.824,1.824,1.824,1.824,0.000,0.0,0
1790731260,1.827,1.827,1.827,1.827,1.827,8.9006,1
1790731320,1.827,1.827,1.827,1.827,0.000,0.0,0
1790731380,1.833,1.833,1.833,1.833,1.833,7.3564,1
1790731440,1.833,1.833,1.833,1.833,0.000,0.0,0
1790731500,1.833,1.833,1.833,1.833,0.000,0.0,0
1790731560,1.833,1.833,1.833,1.833,0.000,0.0,0
1790731620,1.833,1.833,1.833,1.833,0.000,0.0,0
1790731680,1.833,1.833,1.833,1.833,0.000,0.0,0
1790731740,1.829,1.829,1.829,1.829,1.829,770.69,1
1790731800,1.829,1.829,1.829,1.829,0.000,0.0,0
1790731860,1.829,1.829,1.829,1.829,0.000,0.0,0
1790731920,1.829,1.829,1.829,1.829,0.000,0.0,0
1790731980,1.829,1.829,1.829,1.829,0.000,0.0,0
1790732040,1.829,1.829,1.829,1.829,0.000,0.0,0
1790732100,1.829,1.829,1.829,1.829,0.000,0.0,0
1790732160,1.829,1.829,1.829,1.829,0.000,0.0,0
1790732220,1.829,1.829,1.829,1.829,0.000,0.0,0
1790732280,1.829,1.829,1.829,1.829,0.000,0.0,0
1790732340,1.829,1.829,1.829,1.829,0.000,0.0,0
1790732400,1.829,1.829,1.829,1.829,0.000,0.0,0
1790732460,1.829,1.829,1.829,1.829,0.000,0.0,0
1790732520,1.829,1.829,1.829,1.829,0.000,0.0,0
1790732580,1.829,1.829,1.829,1.829,0.000,0.0,0
1790732640,1.829,1.829,1.829,1.829,0.000,0.0,0
1790732700,1.829,1.829,1.829,1.829,0.000,0.0,0
1790732760,1.829,1.829,1.829,1.829,0.000,0.0,0
1790732820,1.829,1.829,1.829,1.829,0.000,0.0,0
1790732880,1.829,1.829,1.829,1.829,0.000,0.0,0
1790732940,1.829,1.829,1.829,1.829,0.000,0.0,0
1790733000,1.829,1.829,1.829,1.829,0.000,0.0,0
1790733060,1.829,1.829,1.829,1.829,0.000,0.0,0
1790733120,1.829,1.829,1.829,1.829,0.000,0.0,0
1790733180,1.829,1.829,1.829,1.829,0.000,0.0,0
1790733240,1.83,1.83,1.83,1.83,1.830,216.47904,3
1790733300,1.83,1.83,1.83,1.83,0.000,0.0,0
1790733360,1.83,1.83,1.83,1.83,0.000,0.0,0
1790733420,1.83,1.83,1.83,1.83,0.000,0.0,0
1790733480,1.83,1.83,1.83,1.83,0.000,0.0,0
1790733540,1.83,1.83,1.83,1.83,0.000,0.0,0
1790733600,1.83,1.83,1.83,1.83,0.000,0.0,0
1790733660,1.83,1.83,1.83,1.83,0.000,0.0,0
1790733720,1.83,1.83,1.83,1.83,0.000,0.0,0
1790733780,1.83,1.83,1.83,1.83,0.000,0.0,0
1790733840,1.832,1.832,1.832,1.832,1.832,50.9501,2
1790733900,1.832,1.832,1.832,1.832,0.000,0.0,0
1790733960,1.832,1.832,1.832,1.832,0.000,0.0,0
1790734020,1.832,1.832,1.832,1.832,0.000,0.0,0
1790734080,1.844,1.844,1.844,1.844,1.844,13.5693,1
1790734140,1.843,1.843,1.843,1.843,1.843,158.2245,3
1790734200,1.847,1.847,1.847,1.847,1.847,250.5965,2
1790734260,1.847,1.847,1.847,1.847,0.000,0.0,0
1790734320,1.847,1.847,1.847,1.847,0.000,0.0,0
1790734380,1.847,1.847,1.847,1.847,0.000,0.0,0
1790734440,1.843,1.843,1.843,1.843,1.843,214.7076,1
1790734500,1.838,1.838,1.838,1.838,1.838,6.5,1
1790734560,1.838,1.838,1.838,1.838,0.000,0.0,0
1790734620,1.838,1.838,1.838,1.838,0.000,0.0,0
1790734680,1.838,1.838,1.838,1.838,0.000,0.0,0
1790734740,1.838,1.838,1.838,1.838,0.000,0.0,0
1790734800,1.838,1.838,1.838,1.838,0.000,0.0,0
1790734860,1.838,1.838,1.838,1.838,0.000,0.0,0
1790734920,1.842,1.842,1.841,1.841,1.841,275.61497,2
1790734980,1.836,1.836,1.836,1.836,1.836,282.26953,2
1790735040,1.836,1.836,1.836,1.836,0.000,0.0,0
1790735100,1.832,1.832,1.832,1.832,1.832,236.69658,1
1790735160,1.832,1.832,1.832,1.832,0.000,0.0,0
1790735220,1.832,1.832,1.832,1.832,0.000,0.0,0
1790735280,1.832,1.832,1.832,1.832,0.000,0.0,0
1790735340,1.832,1.832,1.832,1.832,0.000,0.0,0
1790735400,1.831,1.831,1.829,1.829,1.830,305.08323,4
1790735460,1.829,1.829,1.829,1.829,0.000,0.0,0
1790735520,1.833,1.833,1.833,1.833,1.833,306.5573,3
1790735580,1.833,1.833,1.833,1.833,0.000,0.0,0
1790735640,1.829,1.829,1.829,1.829,1.829,12.42018,1
1790735700,1.829,1.829,1.829,1.829,0.000,0.0,0
1790735760,1.829,1.829,1.829,1.829,0.000,0.0,0
1790735820,1.829,1.829,1.829,1.829,0.000,0.0,0
1790735880,1.829,1.829,1.829,1.829,0.000,0.0,0
1790735940,1.829,1.829,1.829,1.829,0.000,0.0,0
1790736000,1.829,1.829,1.829,1.829,0.000,0.0,0
1790736060,1.833,1.833,1.833,1.833,1.833,17.99661,2
1790736120,1.833,1.833,1.833,1.833,0.000,0.0,0
1790736180,1.832,1.832,1.832,1.832,1.832,228.1616,1
1790736240,1.832,1.832,1.832,1.832,0.000,0.0,0
1790736300,1.836,1.836,1.836,1.836,1.836,217.1519,1
1790736360,1.834,1.834,1.834,1.834,1.834,5.0,1
1790736420,1.835,1.835,1.835,1.835,1.835,225.6368,6
1790736480,1.835,1.835,1.835,1.835,0.000,0.0,0
1790736540,1.835,1.835,1.835,1.835,0.000,0.0,0
1790736600,1.835,1.835,1.835,1.835,0.000,0.0,0
1790736660,1.835,1.835,1.835,1.835,1.835,200.0,1
1790736720,1.835,1.835,1.835,1.835,0.000,0.0,0
1790736780,1.835,1.835,1.835,1.835,0.000,0.0,0
1790736840,1.835,1.835,1.835,1.835,0.000,0.0,0
1790736900,1.835,1.835,1.835,1.835,0.000,0.0,0
1790736960,1.835,1.835,1.835,1.835,0.000,0.0,0
1790737020,1.835,1.835,1.835,1.835,0.000,0.0,0
1790737080,1.835,1.835,1.835,1.835,0.000,0.0,0
1790737140,1.835,1.835,1.835,1.835,0.000,0.0,0
1790737200,1.835,1.835,1.835,1.835,0.000,0.0,0
1790737260,1.835,1.835,1.835,1.835,0.000,0.0,0
1790737320,1.817,1.817,1.817,1.817,1.817,7.3564,1
1790737380,1.817,1.817,1.817,1.817,0.000,0.0,0
1790737440,1.817,1.817,1.817,1.817,0.000,0.0,0
1790737500,1.817,1.817,1.817,1.817,0.000,0.0,0
1790737560,1.817,1.817,1.817,1.817,0.000,0.0,0
1790737620,1.817,1.817,1.817,1.817,0.000,0.0,0
1790737680,1.817,1.817,1.817,1.817,0.000,0.0,0
1790737740,1.817,1.817,1.817,1.817,0.000,0.0,0
1790737800,1.817,1.817,1.817,1.817,0.000,0.0,0
1790737860,1.817,1.817,1.817,1.817,0.000,0.0,0
1790737920,1.817,1.817,1.817,1.817,0.000,0.0,0
1790737980,1.817,1.817,1.817,1.817,0.000,0.0,0
1790738040,1.814,1.814,1.814,1.814,1.814,253.8244,5
1790738100,1.814,1.814,1.814,1.814,0.000,0.0,0
1790738160,1.814,1.814,1.814,1.814,0.000,0.0,0
1790738220,1.814,1.814,1.814,1.814,0.000,0.0,0
1790738280,1.814,1.814,1.814,1.814,0.000,0.0,0
1790738340,1.814,1.814,1.814,1.814,0.000,0.0,0
1790738400,1.814,1.814,1.814,1.814,0.000,0.0,0
1790738460,1.814,1.814,1.814,1.814,0.000,0.0,0
1790738520,1.814,1.814,1.814,1.814,0.000,0.0,0
1790738580,1.814,1.814,1.814,1.814,0.000,0.0,0
1790738640,1.81,1.81,1.81,1.81,1.810,210.55752,2
1790738700,1.81,1.81,1.81,1.81,0.000,0.0,0
1790738760,1.81,1.81,1.81,1.81,0.000,0.0,0
1790738820,1.81,1.81,1.81,1.81,0.000,0.0,0
1790738880,1.81,1.81,1.81,1.81,0.000,0.0,0
1790738940,1.81,1.81,1.81,1.81,0.000,0.0,0
1790739000,1.81,1.81,1.81,1.81,0.000,0.0,0
1790739060,1.81,1.81,1.81,1.81,0.000,0.0,0
1790739120,1.81,1.81,1.81,1.81,0.000,0.0,0
1790739180,1.81,1.81,1.81,1.81,0.000,0.0,0
1790739240,1.81,1.81,1.81,1.81,0.000,0.0,0
1790739300,1.81,1.81,1.81,1.81,0.000,0.0,0
1790739360,1.808,1.808,1.808,1.808,1.808,292.48573,1
1790739420,1.816,1.816,1.816,1.816,1.816,9.8085,1
1790739480,1.816,1.816,1.816,1.816,0.000,0.0,0
1790739540,1.816,1.816,1.816,1.816,0.000,0.0,0
1790739600,1.816,1.816,1.816,1.816,0.000,0.0,0
1790739660,1.816,1.816,1.816,1.816,0.000,0.0,0
1790739720,1.821,1.821,1.821,1.821,1.821,235.2469,1
1790739780,1.821,1.821,1.821,1.821,0.000,0.0,0
1790739840,1.821,1.821,1.821,1.821,0.000,0.0,0
1790739900,1.819,1.819,1.819,1.819,1.819,23.77049,2
1790739960,1.819,1.819,1.819,1.819,0.000,0.0,0
1790740020,1.818,1.818,1.818,1.818,1.818,185.8451,2
1790740080,1.818,1.818,1.818,1.818,0.000,0.0,0
1790740140,1.818,1.818,1.818,1.818,0.000,0.0,0
1790740200,1.818,1.818,1.818,1.818,0.000,0.0,0
1790740260,1.821,1.821,1.82,1.82,1.820,545.05631,4
1790740320,1.82,1.82,1.82,1.82,0.000,0.0,0
1790740380,1.818,1.819,1.818,1.819,1.818,121.25,2
1790740440,1.819,1.819,1.819,1.819,0.000,0.0,0
1790740500,1.819,1.819,1.819,1.819,0.000,0.0,0
1790740560,1.818,1.818,1.818,1.818,1.818,290.2688,1
1790740620,1.818,1.818,1.818,1.818,0.000,0.0,0
1790740680,1.818,1.818,1.818,1.818,0.000,0.0,0
1790740740,1.815,1.815,1.815,1.815,1.815,158.3936,1
1790740800,1.816,1.816,1.816,1.816,1.816,132.0269,4
1790740860,1.816,1.816,1.816,1.816,0.000,0.0,0
1790740920,1.816,1.816,1.816,1.816,0.000,0.0,0
1790740980,1.819,1.819,1.816,1.816,1.818,17.80532,3
1790741040,1.816,1.816,1.816,1.816,0.000,0.0,0
1790741100,1.816,1.816,1.816,1.816,0.000,0.0,0
1790741160,1.816,1.816,1.816,1.816,0.000,0.0,0
1790741220,1.816,1.816,1.816,1.816,1.816,269.60166,1
1790741280,1.816,1.816,1.816,1.816,0.000,0.0,0
1790741340,1.813,1.813,1.813,1.813,1.813,200.6997,1
1790741400,1.813,1.813,1.813,1.813,0.000,0.0,0
1790741460,1.813,1.813,1.813,1.813,0.000,0.0,0
1790741520,1.813,1.813,1.813,1.813,0.000,0.0,0
1790741580,1.813,1.813,1.813,1.813,0.000,0.0,0
1790741640,1.813,1.813,1.813,1.813,0.000,0.0,0
1790741700,1.813,1.813,1.813,1.813,0.000,0.0,0
1790741760,1.819,1.819,1.819,1.819,1.819,9.8085,1
1790741820,1.819,1.819,1.819,1.819,1.819,26.38812,2
1790741880,1.819,1.819,1.819,1.819,0.000,0.0,0
1790741940,1.822,1.822,1.822,1.822,1.822,120.1474,2
1790742000,1.822,1.822,1.822,1.822,0.000,0.0,0
1790742060,1.822,1.822,1.822,1.822,0.000,0.0,0
1790742120,1.822,1.822,1.822,1.822,0.000,0.0,0
1790742180,1.822,1.822,1.822,1.822,0.000,0.0,0
1790742240,1.822,1.822,1.822,1.822,0.000,0.0,0
1790742300,1.825,1.825,1.825,1.825,1.825,213.43047,3
1790742360,1.825,1.825,1.825,1.825,0.000,0.0,0
1790742420,1.825,1.825,1.825,1.825,0.000,0.0,0
1790742480,1.825,1.825,1.825,1.825,0.000,0.0,0
1790742540,1.825,1.825,1.825,1.825,1.825,249.62731,4
1790742600,1.825,1.825,1.825,1.825,0.000,0.0,0
1790742660,1.825,1.825,1.825,1.825,0.000,0.0,0
1790742720,1.825,1.825,1.825,1.825,0.000,0.0,0
1790742780,1.825,1.825,1.825,1.825,0.000,0.0,0
1790742840,1.825,1.825,1.825,1.825,0.000,0.0,0
1790742900,1.825,1.825,1.825,1.825,1.825,211.04125,6
1790742960,1.827,1.828,1.827,1.828,1.827,19.617,2
1790743020,1.827,1.827,1.827,1.827,1.827,270.82491,1
1790743080,1.827,1.827,1.827,1.827,0.000,0.0,0
1790743140,1.827,1.827,1.827,1.827,0.000,0.0,0
1790743200,1.824,1.824,1.824,1.824,1.824,11.22663,2
1790743260,1.824,1.824,1.824,1.824,0.000,0.0,0
1790743320,1.824,1.824,1.824,1.824,1.824,33.85315,1
1790743380,1.824,1.824,1.824,1.824,0.000,0.0,0
1790743440,1.824,1.824,1.824,1.824,0.000,0.0,0
1790743500,1.824,1.824,1.824,1.824,0.000,0.0,0
1790743560,1.824,1.824,1.824,1.824,0.000,0.0,0
1790743620,1.824,1.824,1.824,1.824,0.000,0.0,0
1790743680,1.824,1.824,1.824,1.824,0.000,0.0,0
1790743740,1.821,1.821,1.821,1.821,1.821,241.90517,2
1790743800,1.821,1.821,1.821,1.821,0.000,0.0,0
1790743860,1.818,1.818,1.818,1.818,1.818,256.4033,1
1790743920,1.818,1.818,1.818,1.818,0.000,0.0,0
1790743980,1.818,1.818,1.818,1.818,0.000,0.0,0
1790744040,1.818,1.818,1.818,1.818,0.000,0.0,0
1790744100,1.818,1.818,1.818,1.818,0.000,0.0,0
1790744160,1.818,1.818,1.818,1.818,0.000,0.0,0
1790744220,1.818,1.818,1.818,1.818,0.000,0.0,0
1790744280,1.818,1.818,1.818,1.818,0.000,0.0,0
1790744340,1.809,1.81,1.809,1.81,1.809,608.18769,6
1790744400,1.815,1.815,1.815,1.815,1.815,201.61775,3
1790744460,1.815,1.815,1.815,1.815,0.000,0.0,0
1790744520,1.815,1.815,1.815,1.815,0.000,0.0,0
1790744580,1.815,1.815,1.815,1.815,0.000,0.0,0
1790744640,1.815,1.815,1.815,1.815,0.000,0.0,0
1790744700,1.815,1.815,1.815,1.815,0.000,0.0,0
1790744760,1.815,1.815,1.815,1.815,0.000,0.0,0
1790744820,1.815,1.815,1.815,1.815,0.000,0.0,0
1790744880,1.808,1.808,1.808,1.808,1.808,252.40966,3
1790744940,1.808,1.808,1.808,1.808,0.000,0.0,0
1790745000,1.808,1.808,1.808,1.808,0.000,0.0,0
1790745060,1.808,1.808,1.808,1.808,0.000,0.0,0
1790745120,1.808,1.808,1.808,1.808,0.000,0.0,0
1790745180,1.808,1.808,1.808,1.808,0.000,0.0,0
1790745240,1.808,1.808,1.808,1.808,0.000,0.0,0
1790745300,1.808,1.808,1.808,1.808,0.000,0.0,0
1790745360,1.808,1.808,1.808,1.808,0.000,0.0,0
1790745420,1.808,1.808,1.808,1.808,0.000,0.0,0
1790745480,1.808,1.808,1.808,1.808,0.000,0.0,0
1790745540,1.811,1.811,1.811,1.811,1.811,225.80242,2
1790745600,1.811,1.811,1.811,1.811,0.000,0.0,0
1790745660,1.811,1.811,1.811,1.811,0.000,0.0,0
1790745720,1.811,1.811,1.811,1.811,0.000,0.0,0
1790745780,1.811,1.811,1.811,1.811,0.000,0.0,0
1790745840,1.811,1.811,1.811,1.811,0.000,0.0,0
1790745900,1.811,1.811,1.811,1.811,1.811,217.36615,2
1790745960,1.811,1.811,1.811,1.811,0.000,0.0,0
1790746020,1.807,1.81,1.807,1.81,1.808,359.75358,4
1790746080,1.81,1.81,1.81,1.81,0.000,0.0,0
1790746140,1.81,1.81,1.81,1.81,0.000,0.0,0
1790746200,1.813,1.817,1.813,1.817,1.815,19.617,2
1790746260,1.819,1.819,1.819,1.819,1.819,30.1025,2
1790746320,1.818,1.818,1.818,1.818,1.818,289.2427,3
1790746380,1.814,1.814,1.814,1.814,1.814,254.2675,1
1790746440,1.814,1.814,1.814,1.814,0.000,0.0,0
1790746500,1.818,1.818,1.818,1.818,1.818,247.35159,3
1790746560,1.818,1.818,1.818,1.818,0.000,0.0,0
1790746620,1.818,1.818,1.818,1.818,0.000,0.0,0
1790746680,1.818,1.818,1.818,1.818,0.000,0.0,0
1790746740,1.816,1.816,1.816,1.816,1.816,285.29907,3
1790746800,1.816,1.816,1.816,1.816,0.000,0.0,0
1790746860,1.817,1.817,1.817,1.817,1.817,9.8085,1
1790746920,1.817,1.817,1.817,1.817,0.000,0.0,0
1790746980,1.817,1.817,1.817,1.817,0.000,0.0,0
1790747040,1.817,1.817,1.817,1.817,0.000,0.0,0
1790747100,1.817,1.817,1.817,1.817,0.000,0.0,0
1790747160,1.817,1.817,1.817,1.817,0.000,0.0,0
1790747220,1.821,1.821,1.821,1.821,1.821,228.72789,3
1790747280,1.821,1.821,1.821,1.821,0.000,0.0,0
1790747340,1.821,1.821,1.821,1.821,0.000,0.0,0
1790747400,1.821,1.821,1.821,1.821,0.000,0.0,0
1790747460,1.821,1.821,1.821,1.821,0.000,0.0,0
1790747520,1.821,1.821,1.821,1.821,0.000,0.0,0
1790747580,1.821,1.821,1.821,1.821,0.000,0.0,0
1790747640,1.821,1.821,1.821,1.821,0.000,0.0,0
1790747700,1.821,1.821,1.821,1.821,0.000,0.0,0
1790747760,1.821,1.821,1.821,1.821,0.000,0.0,0
1790747820,1.821,1.821,1.821,1.821,0.000,0.0,0
1790747880,1.821,1.821,1.821,1.821,0.000,0.0,0
1790747940,1.821,1.821,1.821,1.821,0.000,0.0,0
1790748000,1.821,1.821,1.821,1.821,0.000,0.0,0
1790748060,1.821,1.821,1.821,1.821,0.000,0.0,0
1790748120,1.821,1.821,1.821,1.821,0.000,0.0,0
1790748180,1.821,1.821,1.821,1.821,0.000,0.0,0
1790748240,1.821,1.821,1.821,1.821,0.000,0.0,0
1790748300,1.821,1.821,1.821,1.821,0.000,0.0,0
1790748360,1.821,1.821,1.821,1.821,0.000,0.0,0
1790748420,1.821,1.821,1.821,1.821,0.000,0.0,0
1790748480,1.809,1.809,1.807,1.807,1.807,301.31298,3
1790748540,1.807,1.807,1.807,1.807,0.000,0.0,0
1790748600,1.807,1.807,1.807,1.807,0.000,0.0,0
1790748660,1.807,1.807,1.807,1.807,0.000,0.0,0
1790748720,1.807,1.807,1.807,1.807,0.000,0.0,0
1790748780,1.8,1.8,1.8,1.8,1.800,238.47071,1
1790748840,1.8,1.8,1.8,1.8,0.000,0.0,0
1790748900,1.8,1.8,1.8,1.8,0.000,0.0,0
1790748960,1.8,1.8,1.8,1.8,0.000,0.0,0
1790749020,1.8,1.8,1.8,1.8,0.000,0.0,0
1790749080,1.8,1.8,1.8,1.8,0.000,0.0,0
1790749140,1.8,1.8,1.8,1.8,0.000,0.0,0
1790749200,1.8,1.8,1.8,1.8,0.000,0.0,0
1790749260,1.8,1.8,1.8,1.8,0.000,0.0,0
1790749320,1.8,1.8,1.8,1.8,0.000,0.0,0
1790749380,1.8,1.8,1.8,1.8,0.000,0.0,0
1790749440,1.8,1.8,1.8,1.8,0.000,0.0,0
1790749500,1.8,1.8,1.8,1.8,0.000,0.0,0
1790749560,1.8,1.8,1.8,1.8,0.000,0.0,0
1790749620,1.8,1.8,1.8,1.8,0.000,0.0,0
1790749680,1.8,1.8,1.8,1.8,0.000,0.0,0
1790749740,1.795,1.795,1.795,1.795,1.795,9.8085,1
1790749800,1.795,1.795,1.795,1.795,0.000,0.0,0
1790749860,1.795,1.795,1.795,1.795,0.000,0.0,0
1790749920,1.795,1.795,1.795,1.795,1.795,12.37986,1
1790749980,1.795,1.795,1.795,1.795,1.795,13.61055,2
1790750040,1.795,1.795,1.795,1.795,0.000,0.0,0
1790750100,1.795,1.795,1.795,1.795,0.000,0.0,0
1790750160,1.795,1.795,1.795,1.795,0.000,0.0,0
1790750220,1.795,1.795,1.795,1.795,0.000,0.0,0
1790750280,1.795,1.795,1.795,1.795,0.000,0.0,0
1790750340,1.79,1.79,1.79,1.79,1.790,229.34004,2
1790750400,1.79,1.79,1.79,1.79,0.000,0.0,0
1790750460,1.79,1.79,1.79,1.79,0.000,0.0,0
1790750520,1.788,1.788,1.787,1.787,1.787,240.8288,3
1790750580,1.787,1.787,1.787,1.787,0.000,0.0,0
1790750640,1.787,1.787,1.787,1.787,0.000,0.0,0
1790750700,1.79,1.79,1.79,1.79,1.790,9.8085,1
1790750760,1.79,1.79,1.79,1.79,0.000,0.0,0
1790750820,1.78,1.78,1.78,1.78,1.780,9.8085,1
1790750880,1.777,1.777,1.775,1.775,1.776,353.30034,5
1790750940,1.774,1.774,1.774,1.774,1.774,305.28364,3
1790751000,1.777,1.777,1.777,1.777,1.777,241.3014,2
1790751060,1.777,1.777,1.777,1.777,0.000,0.0,0
1790751120,1.777,1.777,1.777,1.777,0.000,0.0,0
1790751180,1.777,1.777,1.777,1.777,0.000,0.0,0
1790751240,1.777,1.777,1.777,1.777,0.000,0.0,0
1790751300,1.785,1.785,1.784,1.784,1.784,100.0,2
1790751360,1.783,1.783,1.78,1.78,1.780,222.5041,2
1790751420,1.78,1.78,1.78,1.78,0.000,0.0,0
1790751480,1.78,1.78,1.78,1.78,0.000,0.0,0
1790751540,1.777,1.778,1.777,1.778,1.777,296.74278,3
1790751600,1.778,1.778,1.778,1.778,0.000,0.0,0
1790751660,1.775,1.775,1.775,1.775,1.775,11.3893,1
1790751720,1.775,1.775,1.775,1.775,0.000,0.0,0
1790751780,1.775,1.775,1.775,1.775,0.000,0.0,0
1790751840,1.775,1.775,1.775,1.775,0.000,0.0,0
1790751900,1.775,1.775,1.775,1.775,0.000,0.0,0
1790751960,1.774,1.774,1.774,1.774,1.774,162.3712,3
1790752020,1.774,1.774,1.774,1.774,0.000,0.0,0
1790752080,1.774,1.774,1.774,1.774,0.000,0.0,0
1790752140,1.774,1.774,1.774,1.774,0.000,0.0,0
1790752200,1.774,1.774,1.774,1.774,0.000,0.0,0
1790752260,1.774,1.774,1.774,1.774,0.000,0.0,0
1790752320,1.774,1.774,1.774,1.774,0.000,0.0,0
1790752380,1.774,1.774,1.774,1.774,0.000,0.0,0
1790752440,1.774,1.774,1.774,1.774,0.000,0.0,0
1790752500,1.774,1.774,1.774,1.774,0.000,0.0,0
1790752560,1.774,1.774,1.774,1.774,0.000,0.0,0
1790752620,1.774,1.774,1.774,1.774,0.000,0.0,0
1790752680,1.774,1.774,1.774,1.774,0.000,0.0,0
1790752740,1.774,1.774,1.774,1.774,0.000,0.0,0
1790752800,1.795,1.795,1.795,1.795,1.795,286.33682,2
1790752860,1.795,1.795,1.795,1.795,0.000,0.0,0
1790752920,1.795,1.795,1.795,1.795,0.000,0.0,0
1790752980,1.795,1.795,1.795,1.795,0.000,0.0,0
1790753040,1.796,1.796,1.796,1.796,1.796,63.125,2
1790753100,1.798,1.798,1.798,1.798,1.798,236.0588,3
1790753160,1.798,1.798,1.798,1.798,0.000,0.0,0
1790753220,1.795,1.795,1.795,1.795,1.795,251.37867,1
1790753280,1.795,1.795,1.795,1.795,0.000,0.0,0
1790753340,1.795,1.795,1.795,1.795,0.000,0.0,0
1790753400,1.795,1.795,1.795,1.795,0.000,0.0,0
1790753460,1.795,1.795,1.795,1.795,1.795,4.39015,1
1790753520,1.795,1.795,1.795,1.795,0.000,0.0,0
1790753580,1.795,1.795,1.795,1.795,0.000,0.0,0
1790753640,1.795,1.795,1.795,1.795,0.000,0.0,0
1790753700,1.795,1.795,1.795,1.795,0.000,0.0,0
1790753760,1.803,1.803,1.803,1.803,1.803,272.14314,1
1790753820,1.803,1.803,1.803,1.803,0.000,0.0,0
1790753880,1.803,1.803,1.803,1.803,0.000,0.0,0
1790753940,1.803,1.803,1.803,1.803,0.000,0.0,0
1790754000,1.801,1.801,1.801,1.801,1.801,26.18314,2
1790754060,1.801,1.801,1.801,1.801,0.000,0.0,0
1790754120,1.801,1.801,1.801,1.801,0.000,0.0,0
1790754180,1.801,1.801,1.801,1.801,0.000,0.0,0
1790754240,1.802,1.802,1.802,1.802,1.802,5.12565,1
1790754300,1.803,1.803,1.803,1.803,1.803,4.8869,1
1790754360,1.803,1.803,1.803,1.803,0.000,0.0,0
1790754420,1.803,1.803,1.803,1.803,0.000,0.0,0
1790754480,1.803,1.803,1.803,1.803,0.000,0.0,0
1790754540,1.803,1.803,1.803,1.803,0.000,0.0,0
1790754600,1.803,1.803,1.803,1.803,0.000,0.0,0
1790754660,1.804,1.804,1.804,1.804,1.804,481.93321,2
1790754720,1.805,1.805,1.805,1.805,1.805,11.46547,1
1790754780,1.805,1.805,1.805,1.805,0.000,0.0,0
1790754840,1.805,1.805,1.805,1.805,0.000,0.0,0
1790754900,1.805,1.805,1.805,1.805,0.000,0.0,0
1790754960,1.805,1.805,1.805,1.805,0.000,0.0,0
1790755020,1.797,1.797,1.796,1.796,1.796,534.3628,5
1790755080,1.796,1.796,1.796,1.796,0.000,0.0,0
1790755140,1.796,1.796,1.796,1.796,0.000,0.0,0
1790755200,1.796,1.796,1.796,1.796,0.000,0.0,0
1790755260,1.797,1.797,1.797,1.797,1.797,213.66482,4
1790755320,1.797,1.797,1.797,1.797,0.000,0.0,0
1790755380,1.795,1.795,1.795,1.795,1.795,218.5654,1
1790755440,1.795,1.795,1.795,1.795,1.795,9.8085,1
1790755500,1.795,1.795,1.795,1.795,0.000,0.0,0
1790755560,1.795,1.795,1.795,1.795,0.000,0.0,0
1790755620,1.788,1.789,1.788,1.789,1.788,269.09102,5
1790755680,1.789,1.789,1.789,1.789,0.000,0.0,0
1790755740,1.791,1.791,1.791,1.791,1.791,15.91331,2
1790755800,1.791,1.791,1.791,1.791,1.791,5.0,1
1790755860,1.791,1.791,1.791,1.791,0.000,0.0,0
1790755920,1.792,1.792,1.792,1.792,1.792,11.32028,1
1790755980,1.792,1.792,1.792,1.792,0.000,0.0,0
1790756040,1.792,1.792,1.792,1.792,0.000,0.0,0
1790756100,1.792,1.792,1.792,1.792,1.792,13.79728,2
1790756160,1.792,1.792,1.792,1.792,0.000,0.0,0
1790756220,1.801,1.801,1.801,1.801,1.801,457.89065,8
1790756280,1.801,1.801,1.801,1.801,0.000,0.0,0
1790756340,1.804,1.804,1.796,1.796,1.797,142.29625,6
1790756400,1.795,1.797,1.795,1.797,1.796,354.34134,5
1790756460,1.801,1.801,1.801,1.801,1.801,227.99602,2
1790756520,1.799,1.799,1.799,1.799,1.799,284.13076,2
1790756580,1.799,1.799,1.799,1.799,0.000,0.0,0
1790756640,1.796,1.796,1.795,1.795,1.795,1297.20365,4
1790756700,1.795,1.795,1.795,1.795,0.000,0.0,0
1790756760,1.795,1.795,1.794,1.794,1.794,50.84089,3
1790756820,1.794,1.794,1.794,1.794,0.000,0.0,0
1790756880,1.8,1.8,1.8,1.8,1.800,58.37776,1
1790756940,1.8,1.8,1.8,1.8,0.000,0.0,0
1790757000,1.8,1.8,1.8,1.8,0.000,0.0,0
1790757060,1.793,1.793,1.793,1.793,1.793,36.1205,1
1790757120,1.793,1.793,1.792,1.792,1.792,477.11937,3
1790757180,1.79,1.79,1.788,1.788,1.789,708.94745,6
1790757240,1.788,1.788,1.788,1.788,0.000,0.0,0
1790757300,1.788,1.788,1.788,1.788,0.000,0.0,0
1790757360,1.788,1.788,1.788,1.788,0.000,0.0,0
1790757420,1.788,1.788,1.788,1.788,0.000,0.0,0
1790757480,1.788,1.788,1.788,1.788,0.000,0.0,0
1790757540,1.788,1.788,1.788,1.788,0.000,0.0,0
1790757600,1.788,1.788,1.788,1.788,0.000,0.0,0
1790757660,1.789,1.789,1.789,1.789,1.789,127.60622,2
1790757720,1.789,1.789,1.789,1.789,0.000,0.0,0
1790757780,1.789,1.789,1.789,1.789,0.000,0.0,0
1790757840,1.788,1.788,1.788,1.788,1.788,33.23089,2
1790757900,1.788,1.788,1.788,1.788,0.000,0.0,0
1790757960,1.792,1.792,1.792,1.792,1.792,26.63675,4
1790758020,1.792,1.792,1.792,1.792,0.000,0.0,0
1790758080,1.799,1.799,1.799,1.799,1.799,239.23265,2
1790758140,1.799,1.799,1.799,1.799,0.000,0.0,0
1790758200,1.799,1.799,1.799,1.799,0.000,0.0,0
1790758260,1.798,1.798,1.798,1.798,1.798,17.77135,2
1790758320,1.798,1.798,1.798,1.798,0.000,0.0,0
1790758380,1.798,1.798,1.798,1.798,0.000,0.0,0
1790758440,1.797,1.797,1.797,1.797,1.797,248.17822,1
1790758500,1.797,1.797,1.794,1.796,1.795,1252.97513,11
1790758560,1.796,1.796,1.796,1.796,0.000,0.0,0
1790758620,1.797,1.797,1.797,1.797,1.797,13.3854,2
1790758680,1.796,1.796,1.796,1.796,1.796,214.5867,5
1790758740,1.796,1.796,1.796,1.796,0.000,0.0,0
1790758800,1.796,1.796,1.796,1.796,0.000,0.0,0
1790758860,1.796,1.796,1.796,1.796,0.000,0.0,0
1790758920,1.797,1.798,1.797,1.798,1.797,324.28157,4
1790758980,1.798,1.798,1.798,1.798,0.000,0.0,0
1790759040,1.798,1.798,1.798,1.798,0.000,0.0,0
1790759100,1.801,1.801,1.801,1.801,1.801,29.56238,2
1790759160,1.804,1.804,1.804,1.804,1.804,205.76153,2
1790759220,1.804,1.804,1.804,1.804,0.000,0.0,0
1790759280,1.804,1.804,1.804,1.804,1.804,14.82592,2
1790759340,1.804,1.804,1.804,1.804,0.000,0.0,0
1790759400,1.804,1.804,1.804,1.804,0.000,0.0,0
1790759460,1.804,1.804,1.804,1.804,0.000,0.0,0
1790759520,1.804,1.804,1.804,1.804,0.000,0.0,0
1790759580,1.804,1.804,1.804,1.804,0.000,0.0,0
1790759640,1.804,1.804,1.804,1.804,0.000,0.0,0
1790759700,1.804,1.804,1.804,1.804,0.000,0.0,0
1790759760,1.804,1.804,1.804,1.804,0.000,0.0,0
1790759820,1.808,1.808,1.808,1.808,1.808,250.23314,2
1790759880,1.808,1.808,1.808,1.808,0.000,0.0,0
1790759940,1.806,1.806,1.805,1.805,1.805,253.00057,2
1790760000,1.805,1.805,1.805,1.805,0.000,0.0,0
1790760060,1.805,1.805,1.805,1.805,0.000,0.0,0
1790760120,1.807,1.807,1.807,1.807,1.807,1589.94006,3
1790760180,1.807,1.807,1.807,1.807,1.807,238.4342,2
1790760240,1.807,1.807,1.807,1.807,0.000,0.0,0
1790760300,1.807,1.807,1.807,1.807,0.000,0.0,0
1790760360,1.808,1.808,1.808,1.808,1.808,45.82314,2
1790760420,1.808,1.808,1.808,1.808,0.000,0.0,0
1790760480,1.808,1.808,1.808,1.808,0.000,0.0,0
1790760540,1.808,1.808,1.808,1.808,0.000,0.0,0
1790760600,1.814,1.814,1.812,1.812,1.813,389.81401,5
1790760660,1.812,1.812,1.812,1.812,0.000,0.0,0
1790760720,1.823,1.824,1.823,1.824,1.823,323.72746,6
1790760780,1.824,1.824,1.824,1.824,0.000,0.0,0
1790760840,1.824,1.824,1.824,1.824,0.000,0.0,0
1790760900,1.824,1.824,1.824,1.824,0.000,0.0,0
1790760960,1.824,1.824,1.824,1.824,0.000,0.0,0
1790761020,1.816,1.816,1.816,1.816,1.816,12.08201,2
1790761080,1.817,1.817,1.816,1.816,1.816,334.0458,6
1790761140,1.816,1.816,1.816,1.816,0.000,0.0,0
1790761200,1.816,1.816,1.816,1.816,0.000,0.0,0
1790761260,1.814,1.814,1.814,1.814,1.814,255.78049,2
1790761320,1.814,1.814,1.814,1.814,0.000,0.0,0
1790761380,1.814,1.814,1.814,1.814,0.000,0.0,0
1790761440,1.814,1.814,1.814,1.814,0.000,0.0,0
1790761500,1.814,1.814,1.814,1.814,0.000,0.0,0
1790761560,1.814,1.814,1.814,1.814,0.000,0.0,0
1790761620,1.817,1.817,1.817,1.817,1.817,14.064,1
1790761680,1.817,1.817,1.817,1.817,0.000,0.0,0
1790761740,1.817,1.817,1.817,1.817,0.000,0.0,0
1790761800,1.816,1.816,1.816,1.816,1.816,9.8085,1
1790761860,1.816,1.816,1.816,1.816,1.816,199.0135,1
1790761920,1.816,1.816,1.816,1.816,0.000,0.0,0
1790761980,1.812,1.812,1.812,1.812,1.812,9.8085,1
1790762040,1.811,1.812,1.811,1.812,1.811,285.4894,3
1790762100,1.812,1.812,1.812,1.812,0.000,0.0,0
1790762160,1.811,1.811,1.811,1.811,1.811,43.19104,1
1790762220,1.811,1.811,1.811,1.811,1.811,16.06746,3
1790762280,1.81,1.81,1.81,1.81,1.810,12.82927,2
1790762340,1.81,1.81,1.81,1.81,0.000,0.0,0
1790762400,1.813,1.813,1.813,1.813,1.813,277.426,4
1790762460,1.813,1.813,1.813,1.813,0.000,0.0,0
1790762520,1.81,1.81,1.808,1.808,1.808,550.07885,2
1790762580,1.808,1.808,1.808,1.808,0.000,0.0,0
1790762640,1.809,1.809,1.809,1.809,1.809,13.199,2
1790762700,1.809,1.809,1.809,1.809,0.000,0.0,0
1790762760,1.809,1.809,1.809,1.809,0.000,0.0,0
1790762820,1.809,1.809,1.809,1.809,0.000,0.0,0
1790762880,1.809,1.809,1.809,1.809,0.000,0.0,0
1790762940,1.809,1.809,1.809,1.809,0.000,0.0,0
1790727840,1.785,1.786,1.785,1.786,1.785,260.51095,5
1790727900,1.786,1.786,1.786,1.786,0.000,0.0,0
1790727960,1.786,1.786,1.786,1.786,0.000,0.0,0
1790728020,1.79,1.79,1.79,1.79,1.790,221.28009,1
1790728080,1.79,1.79,1.79,1.79,0.000,0.0,0
1790728140,1.79,1.79,1.79,1.79,0.000,0.0,0
1790728200,1.79,1.79,1.79,1.79,0.000,0.0,0
1790728260,1.79,1.79,1.79,1.79,0.000,0.0,0
1790728320,1.79,1.79,1.79,1.79,0.000,0.0,0
1790728380,1.79,1.79,1.79,1.79,0.000,0.0,0
1790728440,1.79,1.79,1.79,1.79,0.000,0.0,0
1790728500,1.79,1.79,1.79,1.79,0.000,0.0,0
1790728560,1.79,1.79,1.79,1.79,0.000,0.0,0
1790728620,1.79,1.79,1.79,1.79,0.000,0.0,0
1790728680,1.79,1.79,1.79,1.79,0.000,0.0,0
1790728740,1.79,1.79,1.79,1.79,0.000,0.0,0
1790728800,1.79,1.79,1.79,1.79,0.000,0.0,0
1790728860,1.79,1.79,1.79,1.79,0.000,0.0,0
1790728920,1.79,1.79,1.79,1.79,0.000,0.0,0
1790728980,1.79,1.79,1.79,1.79,0.000,0.0,0
1790729040,1.79,1.79,1.79,1.79,0.000,0.0,0
1790729100,1.79,1.79,1.79,1.79,0.000,0.0,0
1790729160,1.79,1.79,1.79,1.79,0.000,0.0,0
1790729220,1.79,1.79,1.79,1.79,0.000,0.0,0
1790729280,1.79,1.79,1.79,1.79,0.000,0.0,0
1790729340,1.79,1.79,1.79,1.79,0.000,0.0,0
1790729400,1.79,1.79,1.79,1.79,0.000,0.0,0
1790729460,1.79,1.79,1.79,1.79,0.000,0.0,0
1790729520,1.79,1.79,1.79,1.79,0.000,0.0,0
1790729580,1.79,1.79,1.79,1.79,0.000,0.0,0
1790729640,1.79,1.79,1.79,1.79,0.000,0.0,0
1790729700,1.79,1.79,1.79,1.79,0.000,0.0,0
1790729760,1.79,1.79,1.79,1.79,0.000,0.0,0
1790729820,1.79,1.79,1.79,1.79,0.000,0.0,0
1790729880,1.79,1.79,1.79,1.79,0.000,0.0,0
1790729940,1.79,1.79,1.79,1.79,0.000,0.0,0
1790730000,1.803,1.803,1.803,1.803,1.803,19.02101,3
1790730060,1.809,1.81,1.809,1.81,1.809,36.98837,3
1790730120,1.81,1.81,1.81,1.81,0.000,0.0,0
1790730180,1.81,1.81,1.81,1.81,0.000,0.0,0
1790730240,1.815,1.815,1.815,1.815,1.815,59.946,2
1790730300,1.815,1.815,1.815,1.815,0.000,0.0,0
1790730360,1.815,1.815,1.815,1.815,0.000,0.0,0
1790730420,1.813,1.813,1.813,1.813,1.813,312.8909,5
1790730480,1.813,1.813,1.813,1.813,0.000,0.0,0
1790730540,1.822,1.822,1.822,1.822,1.822,25.57868,1
1790730600,1.822,1.822,1.822,1.822,0.000,0.0,0
1790730660,1.82,1.825,1.82,1.825,1.820,123.5555,2
1790730720,1.825,1.825,1.825,1.825,0.000,0.0,0
1790730780,1.825,1.825,1.825,1.825,0.000,0.0,0
1790730840,1.821,1.821,1.821,1.821,1.821,181.6004,1
1790730900,1.822,1.826,1.822,1.826,1.822,185.51837,6
1790730960,1.827,1.827,1.827,1.827,1.827,5.0,1
1790731020,1.827,1.827,1.827,1.827,1.827,5.0,1
1790731080,1.827,1.827,1.827,1.827,0.000,0.0,0
1790731140,1.824,1.824,1.824,1.824,1.824,261.1708,1
1790731200,1.824,1.824,1.824,1.824,0.000,0.0,0
1790731260,1.827,1.827,1.827,1.827,1.827,8.9006,1
1790731320,1.827,1.827,1.827,1.827,0.000,0.0,0
1790731380,1.833,1.833,1.833,1.833,1.833,7.3564,1
1790731440,1.833,1.833,1.833,1.833,0.000,0.0,0
1790731500,1.833,1.833,1.833,1.833,0.000,0.0,0
1790731560,1.833,1.833,1.833,1.833,0.000,0.0,0
1790731620,1.833,1.833,1.833,1.833,0.000,0.0,0
1790731680,1.833,1.833,1.833,1.833,0.000,0.0,0
1790731740,1.829,1.829,1.829,1.829,1.829,770.69,1
1790731800,1.829,1.829,1.829,1.829,0.000,0.0,0
1790731860,1.829,1.829,1.829,1.829,0.000,0.0,0
1790731920,1.829,1.829,1.829,1.829,0.000,0.0,0
1790731980,1.829,1.829,1.829,1.829,0.000,0.0,0
1790732040,1.829,1.829,1.829,1.829,0.000,0.0,0
1790732100,1.829,1.829,1.829,1.829,0.000,0.0,0
1790732160,1.829,1.829,1.829,1.829,0.000,0.0,0
1790732220,1.829,1.829,1.829,1.829,0.000,0.0,0
1790732280,1.829,1.829,1.829,1.829,0.000,0.0,0
1790732340,1.829,1.829,1.829,1.829,0.000,0.0,0
1790732400,1.829,1.829,1.829,1.829,0.000,0.0,0
1790732460,1.829,1.829,1.829,1.829,0.000,0.0,0
1790732520,1.829,1.829,1.829,1.829,0.000,0.0,0
1790732580,1.829,1.829,1.829,1.829,0.000,0.0,0
1790732640,1.829,1.829,1.829,1.829,0.000,0.0,0
1790732700,1.829,1.829,1.829,1.829,0.000,0.0,0
1790732760,1.829,1.829,1.829,1.829,0.000,0.0,0
1790732820,1.829,1.829,1.829,1.829,0.000,0.0,0
1790732880,1.829,1.829,1.829,1.829,0.000,0.0,0
1790732940,1.829,1.829,1.829,1.829,0.000,0.0,0
1790733000,1.829,1.829,1.829,1.829,0.000,0.0,0
1790733060,1.829,1.829,1.829,1.829,0.000,0.0,0
1790733120,1.829,1.829,1.829,1.829,0.000,0.0,0
1790733180,1.829,1.829,1.829,1.829,0.000,0.0,0
1790733240,1.83,1.83,1.83,1.83,1.830,216.47904,3
1790733300,1.83,1.83,1.83,1.83,0.000,0.0,0
1790733360,1.83,1.83,1.83,1.83,0.000,0.0,0
1790733420,1.83,1.83,1.83,1.83,0.000,0.0,0
1790733480,1.83,1.83,1.83,1.83,0.000,0.0,0
1790733540,1.83,1.83,1.83,1.83,0.000,0.0,0
1790733600,1.83,1.83,1.83,1.83,0.000,0.0,0
1790733660,1.83,1.83,1.83,1.83,0.000,0.0,0
1790733720,1.83,1.83,1.83,1.83,0.000,0.0,0
1790733780,1.83,1.83,1.83,1.83,0.000,0.0,0
1790733840,1.832,1.832,1.832,1.832,1.832,50.9501,2
1790733900,1.832,1.832,1.832,1.832,0.000,0.0,0
1790733960,1.832,1.832,1.832,1.832,0.000,0.0,0
1790734020,1.832,1.832,1.832,1.832,0.000,0.0,0
1790734080,1.844,1.844,1.844,1.844,1.844,13.5693,1
1790734140,1.843,1.843,1.843,1.843,1.843,158.2245,3
1790734200,1.847,1.847,1.847,1.847,1.847,250.5965,2
1790734260,1.847,1.847,1.847,1.847,0.000,0.0,0
1790734320,1.847,1.847,1.847,1.847,0.000,0.0,0
1790734380,1.847,1.847,1.847,1.847,0.000,0.0,0
1790734440,1.843,1.843,1.843,1.843,1.843,214.7076,1
1790734500,1.838,1.838,1.838,1.838,1.838,6.5,1
1790734560,1.838,1.838,1.838,1.838,0.000,0.0,0
1790734620,1.838,1.838,1.838,1.838,0.000,0.0,0
1790734680,1.838,1.838,1.838,1.838,0.000,0.0,0
1790734740,1.838,1.838,1.838,1.838,0.000,0.0,0
1790734800,1.838,1.838,1.838,1.838,0.000,0.0,0
1790734860,1.838,1.838,1.838,1.838,0.000,0.0,0
1790734920,1.842,1.842,1.841,1.841,1.841,275.61497,2
1790734980,1.836,1.836,1.836,1.836,1.836,282.26953,2
1790735040,1.836,1.836,1.836,1.836,0.000,0.0,0
1790735100,1.832,1.832,1.832,1.832,1.832,236.69658,1
1790735160,1.832,1.832,1.832,1.832,0.000,0.0,0
1790735220,1.832,1.832,1.832,1.832,0.000,0.0,0
1790735280,1.832,1.832,1.832,1.832,0.000,0.0,0
1790735340,1.832,1.832,1.832,1.832,0.000,0.0,0
1790735400,1.831,1.831,1.829,1.829,1.830,305.08323,4
1790735460,1.829,1.829,1.829,1.829,0.000,0.0,0
1790735520,1.833,1.833,1.833,1.833,1.833,306.5573,3
1790735580,1.833,1.833,1.833,1.833,0.000,0.0,0
1790735640,1.829,1.829,1.829,1.829,1.829,12.42018,1
1790735700,1.829,1.829,1.829,1.829,0.000,0.0,0
1790735760,1.829,1.829,1.829,1.829,0.000,0.0,0
1790735820,1.829,1.829,1.829,1.829,0.000,0.0,0
1790735880,1.829,1.829,1.829,1.829,0.000,0.0,0
1790735940,1.829,1.829,1.829,1.829,0.000,0.0,0
1790736000,1.829,1.829,1.829,1.829,0.000,0.0,0
1790736060,1.833,1.833,1.833,1.833,1.833,17.99661,2
1790736120,1.833,1.833,1.833,1.833,0.000,0.0,0
1790736180,1.832,1.832,1.832,1.832,1.832,228.1616,1
1790736240,1.832,1.832,1.832,1.832,0.000,0.0,0
1790736300,1.836,1.836,1.836,1.836,1.836,217.1519,1
1790736360,1.834,1.834,1.834,1.834,1.834,5.0,1
1790736420,1.835,1.835,1.835,1.835,1.835,225.6368,6
1790736480,1.835,1.835,1.835,1.835,0.000,0.0,0
1790736540,1.835,1.835,1.835,1.835,0.000,0.0,0
1790736600,1.835,1.835,1.835,1.835,0.000,0.0,0
1790736660,1.835,1.835,1.835,1.835,1.835,200.0,1
1790736720,1.835,1.835,1.835,1.835,0.000,0.0,0
1790736780,1.835,1.835,1.835,1.835,0.000,0.0,0
1790736840,1.835,1.835,1.835,1.835,0.000,0.0,0
1790736900,1.835,1.835,1.835,1.835,0.000,0.0,0
1790736960,1.835,1.835,1.835,1.835,0.000,0.0,0
1790737020,1.835,1.835,1.835,1.835,0.000,0.0,0
1790737080,1.835,1.835,1.835,1.835,0.000,0.0,0
1790737140,1.835,1.835,1.835,1.835,0.000,0.0,0
1790737200,1.835,1.835,1.835,1.835,0.000,0.0,0
1790737260,1.835,1.835,1.835,1.835,0.000,0.0,0
1790737320,1.817,1.817,1.817,1.817,1.817,7.3564,1
1790737380,1.817,1.817,1.817,1.817,0.000,0.0,0
1790737440,1.817,1.817,1.817,1.817,0.000,0.0,0
1790737500,1.817,1.817,1.817,1.817,0.000,0.0,0
1790737560,1.817,1.817,1.817,1.817,0.000,0.0,0
1790737620,1.817,1.817,1.817,1.817,0.000,0.0,0
1790737680,1.817,1.817,1.817,1.817,0.000,0.0,0
1790737740,1.817,1.817,1.817,1.817,0.000,0.0,0
1790737800,1.817,1.817,1.817,1.817,0.000,0.0,0
1790737860,1.817,1.817,1.817,1.817,0.000,0.0,0
1790737920,1.817,1.817,1.817,1.817,0.000,0.0,0
1790737980,1.817,1.817,1.817,1.817,0.000,0.0,0
1790738040,1.814,1.814,1.814,1.814,1.814,253.8244,5
1790738100,1.814,1.814,1.814,1.814,0.000,0.0,0
1790738160,1.814,1.814,1.814,1.814,0.000,0.0,0
1790738220,1.814,1.814,1.814,1.814,0.000,0.0,0
1790738280,1.814,1.814,1.814,1.814,0.000,0.0,0
1790738340,1.814,1.814,1.814,1.814,0.000,0.0,0
1790738400,1.814,1.814,1.814,1.814,0.000,0.0,0
1790738460,1.814,1.814,1.814,1.814,0.000,0.0,0
1790738520,1.814,1.814,1.814,1.814,0.000,0.0,0
1790738580,1.814,1.814,1.814,1.814,0.000,0.0,0
1790738640,1.81,1.81,1.81,1.81,1.810,210.55752,2
1790738700,1.81,1.81,1.81,1.81,0.000,0.0,0
1790738760,1.81,1.81,1.81,1.81,0.000,0.0,0
1790738820,1.81,1.81,1.81,1.81,0.000,0.0,0
1790738880,1.81,1.81,1.81,1.81,0.000,0.0,0
1790738940,1.81,1.81,1.81,1.81,0.000,0.0,0
1790739000,1.81,1.81,1.81,1.81,0.000,0.0,0
1790739060,1.81,1.81,1.81,1.81,0.000,0.0,0
1790739120,1.81,1.81,1.81,1.81,0.000,0.0,0
1790739180,1.81,1.81,1.81,1.81,0.000,0.0,0
1790739240,1.81,1.81,1.81,1.81,0.000,0.0,0
1790739300,1.81,1.81,1.81,1.81,0.000,0.0,0
1790739360,1.808,1.808,1.808,1.808,1.808,292.48573,1
1790739420,1.816,1.816,1.816,1.816,1.816,9.8085,1
1790739480,1.816,1.816,1.816,1.816,0.000,0.0,0
1790739540,1.816,1.816,1.816,1.816,0.000,0.0,0
1790739600,1.816,1.816,1.816,1.816,0.000,0.0,0
1790739660,1.816,1.816,1.816,1.816,0.000,0.0,0
1790739720,1.821,1.821,1.821,1.821,1.821,235.2469,1
1790739780,1.821,1.821,1.821,1.821,0.000,0.0,0
1790739840,1.821,1.821,1.821,1.821,0.000,0.0,0
1790739900,1.819,1.819,1.819,1.819,1.819,23.77049,2
1790739960,1.819,1.819,1.819,1.819,0.000,0.0,0
1790740020,1.818,1.818,1.818,1.818,1.818,185.8451,2
1790740080,1.818,1.818,1.818,1.818,0.000,0.0,0
1790740140,1.818,1.818,1.818,1.818,0.000,0.0,0
1790740200,1.818,1.818,1.818,1.818,0.000,0.0,0
1790740260,1.821,1.821,1.82,1.82,1.820,545.05631,4
1790740320,1.82,1.82,1.82,1.82,0.000,0.0,0
1790740380,1.818,1.819,1.818,1.819,1.818,121.25,2
1790740440,1.819,1.819,1.819,1.819,0.000,0.0,0
1790740500,1.819,1.819,1.819,1.819,0.000,0.0,0
1790740560,1.818,1.818,1.818,1.818,1.818,290.2688,1
1790740620,1.818,1.818,1.818,1.818,0.000,0.0,0
1790740680,1.818,1.818,1.818,1.818,0.000,0.0,0
1790740740,1.815,1.815,1.815,1.815,1.815,158.3936,1
1790740800,1.816,1.816,1.816,1.816,1.816,132.0269,4
1790740860,1.816,1.816,1.816,1.816,0.000,0.0,0
1790740920,1.816,1.816,1.816,1.816,0.000,0.0,0
1790740980,1.819,1.819,1.816,1.816,1.818,17.80532,3
1790741040,1.816,1.816,1.816,1.816,0.000,0.0,0
1790741100,1.816,1.816,1.816,1.816,0.000,0.0,0
1790741160,1.816,1.816,1.816,1.816,0.000,0.0,0
1790741220,1.816,1.816,1.816,1.816,1.816,269.60166,1
1790741280,1.816,1.816,1.816,1.816,0.000,0.0,0
1790741340,1.813,1.813,1.813,1.813,1.813,200.6997,1
1790741400,1.813,1.813,1.813,1.813,0.000,0.0,0
1790741460,1.813,1.813,1.813,1.813,0.000,0.0,0
1790741520,1.813,1.813,1.813,1.813,0.000,0.0,0
1790741580,1.813,1.813,1.813,1.813,0.000,0.0,0
1790741640,1.813,1.813,1.813,1.813,0.000,0.0,0
1790741700,1.813,1.813,1.813,1.813,0.000,0.0,0
1790741760,1.819,1.819,1.819,1.819,1.819,9.8085,1
1790741820,1.819,1.819,1.819,1.819,1.819,26.38812,2
1790741880,1.819,1.819,1.819,1.819,0.000,0.0,0
1790741940,1.822,1.822,1.822,1.822,1.822,120.1474,2
1790742000,1.822,1.822,1.822,1.822,0.000,0.0,0
1790742060,1.822,1.822,1.822,1.822,0.000,0.0,0
1790742120,1.822,1.822,1.822,1.822,0.000,0.0,0
1790742180,1.822,1.822,1.822,1.822,0.000,0.0,0
1790742240,1.822,1.822,1.822,1.822,0.000,0.0,0
1790742300,1.825,1.825,1.825,1.825,1.825,213.43047,3
1790742360,1.825,1.825,1.825,1.825,0.000,0.0,0
1790742420,1.825,1.825,1.825,1.825,0.000,0.0,0
1790742480,1.825,1.825,1.825,1.825,0.000,0.0,0
1790742540,1.825,1.825,1.825,1.825,1.825,249.62731,4
1790742600,1.825,1.825,1.825,1.825,0.000,0.0,0
1790742660,1.825,1.825,1.825,1.825,0.000,0.0,0
1790742720,1.825,1.825,1.825,1.825,0.000,0.0,0
1790742780,1.825,1.825,1.825,1.825,0.000,0.0,0
1790742840,1.825,1.825,1.825,1.825,0.000,0.0,0
1790742900,1.825,1.825,1.825,1.825,1.825,211.04125,6
1790742960,1.827,1.828,1.827,1.828,1.827,19.617,2
1790743020,1.827,1.827,1.827,1.827,1.827,270.82491,1
1790743080,1.827,1.827,1.827,1.827,0.000,0.0,0
1790743140,1.827,1.827,1.827,1.827,0.000,0.0,0
1790743200,1.824,1.824,1.824,1.824,1.824,11.22663,2
1790743260,1.824,1.824,1.824,1.824,0.000,0.0,0
1790743320,1.824,1.824,1.824,1.824,1.824,33.85315,1
1790743380,1.824,1.824,1.824,1.824,0.000,0.0,0
1790743440,1.824,1.824,1.824,1.824,0.000,0.0,0
1790743500,1.824,1.824,1.824,1.824,0.000,0.0,0
1790743560,1.824,1.824,1.824,1.824,0.000,0.0,0
1790743620,1.824,1.824,1.824,1.824,0.000,0.0,0
1790743680,1.824,1.824,1.824,1.824,0.000,0.0,0
1790743740,1.821,1.821,1.821,1.821,1.821,241.90517,2
1790743800,1.821,1.821,1.821,1.821,0.000,0.0,0
1790743860,1.818,1.818,1.818,1.818,1.818,256.4033,1
1790743920,1.818,1.818,1.818,1.818,0.000,0.0,0
1790743980,1.818,1.818,1.818,1.818,0.000,0.0,0
1790744040,1.818,1.818,1.818,1.818,0.000,0.0,0
1790744100,1.818,1.818,1.818,1.818,0.000,0.0,0
1790744160,1.818,1.818,1.818,1.818,0.000,0.0,0
1790744220,1.818,1.818,1.818,1.818,0.000,0.0,0
1790744280,1.818,1.818,1.818,1.818,0.000,0.0,0
1790744340,1.809,1.81,1.809,1.81,1.809,608.18769,6
1790744400,1.815,1.815,1.815,1.815,1.815,201.61775,3
1790744460,1.815,1.815,1.815,1.815,0.000,0.0,0
1790744520,1.815,1.815,1.815,1.815,0.000,0.0,0
1790744580,1.815,1.815,1.815,1.815,0.000,0.0,0
1790744640,1.815,1.815,1.815,1.815,0.000,0.0,0
1790744700,1.815,1.815,1.815,1.815,0.000,0.0,0
1790744760,1.815,1.815,1.815,1.815,0.000,0.0,0
1790744820,1.815,1.815,1.815,1.815,0.000,0.0,0
1790744880,1.808,1.808,1.808,1.808,1.808,252.40966,3
1790744940,1.808,1.808,1.808,1.808,0.000,0.0,0
1790745000,1.808,1.808,1.808,1.808,0.000,0.0,0
1790745060,1.808,1.808,1.808,1.808,0.000,0.0,0
1790745120,1.808,1.808,1.808,1.808,0.000,0.0,0
1790745180,1.808,1.808,1.808,1.808,0.000,0.0,0
1790745240,1.808,1.808,1.808,1.808,0.000,0.0,0
1790745300,1.808,1.808,1.808,1.808,0.000,0.0,0
1790745360,1.808,1.808,1.808,1.808,0.000,0.0,0
1790745420,1.808,1.808,1.808,1.808,0.000,0.0,0
1790745480,1.808,1.808,1.808,1.808,0.000,0.0,0
1790745540,1.811,1.811,1.811,1.811,1.811,225.80242,2
1790745600,1.811,1.811,1.811,1.811,0.000,0.0,0
1790745660,1.811,1.811,1.811,1.811,0.000,0.0,0
1790745720,1.811,1.811,1.811,1.811,0.000,0.0,0
1790745780,1.811,1.811,1.811,1.811,0.000,0.0,0
1790745840,1.811,1.811,1.811,1.811,0.000,0.0,0
1790745900,1.811,1.811,1.811,1.811,1.811,217.36615,2
1790745960,1.811,1.811,1.811,1.811,0.000,0.0,0
1790746020,1.807,1.81,1.807,1.81,1.808,359.75358,4
1790746080,1.81,1.81,1.81,1.81,0.000,0.0,0
1790746140,1.81,1.81,1.81,1.81,0.000,0.0,0
1790746200,1.813,1.817,1.813,1.817,1.815,19.617,2
1790746260,1.819,1.819,1.819,1.819,1.819,30.1025,2
1790746320,1.818,1.818,1.818,1.818,1.818,289.2427,3
1790746380,1.814,1.814,1.814,1.814,1.814,254.2675,1
1790746440,1.814,1.814,1.814,1.814,0.000,0.0,0
1790746500,1.818,1.818,1.818,1.818,1.818,247.35159,3
1790746560,1.818,1.818,1.818,1.818,0.000,0.0,0
1790746620,1.818,1.818,1.818,1.818,0.000,0.0,0
1790746680,1.818,1.818,1.818,1.818,0.000,0.0,0
1790746740,1.816,1.816,1.816,1.816,1.816,285.29907,3
1790746800,1.816,1.816,1.816,1.816,0.000,0.0,0
1790746860,1.817,1.817,1.817,1.817,1.817,9.8085,1
1790746920,1.817,1.817,1.817,1.817,0.000,0.0,0
1790746980,1.817,1.817,1.817,1.817,0.000,0.0,0
1790747040,1.817,1.817,1.817,1.817,0.000,0.0,0
1790747100,1.817,1.817,1.817,1.817,0.000,0.0,0
1790747160,1.817,1.817,1.817,1.817,0.000,0.0,0
1790747220,1.821,1.821,1.821,1.821,1.821,228.72789,3
1790747280,1.821,1.821,1.821,1.821,0.000,0.0,0
1790747340,1.821,1.821,1.821,1.821,0.000,0.0,0
1790747400,1.821,1.821,1.821,1.821,0.000,0.0,0
1790747460,1.821,1.821,1.821,1.821,0.000,0.0,0
1790747520,1.821,1.821,1.821,1.821,0.000,0.0,0
1790747580,1.821,1.821,1.821,1.821,0.000,0.0,0
1790747640,1.821,1.821,1.821,1.821,0.000,0.0,0
1790747700,1.821,1.821,1.821,1.821,0.000,0.0,0
1790747760,1.821,1.821,1.821,1.821,0.000,0.0,0
1790747820,1.821,1.821,1.821,1.821,0.000,0.0,0
1790747880,1.821,1.821,1.821,1.821,0.000,0.0,0
1790747940,1.821,1.821,1.821,1.821,0.000,0.0,0
1790748000,1.821,1.821,1.821,1.821,0.000,0.0,0
1790748060,1.821,1.821,1.821,1.821,0.000,0.0,0
1790748120,1.821,1.821,1.821,1.821,0.000,0.0,0
1790748180,1.821,1.821,1.821,1.821,0.000,0.0,0
1790748240,1.821,1.821,1.821,1.821,0.000,0.0,0
1790748300,1.821,1.821,1.821,1.821,0.000,0.0,0
1790748360,1.821,1.821,1.821,1.821,0.000,0.0,0
1790748420,1.821,1.821,1.821,1.821,0.000,0.0,0
1790748480,1.809,1.809,1.807,1.807,1.807,301.31298,3
1790748540,1.807,1.807,1.807,1.807,0.000,0.0,0
1790748600,1.807,1.807,1.807,1.807,0.000,0.0,0
1790748660,1.807,1.807,1.807,1.807,0.000,0.0,0
1790748720,1.807,1.807,1.807,1.807,0.000,0.0,0
1790748780,1.8,1.8,1.8,1.8,1.800,238.47071,1
1790748840,1.8,1.8,1.8,1.8,0.000,0.0,0
1790748900,1.8,1.8,1.8,1.8,0.000,0.0,0
1790748960,1.8,1.8,1.8,1.8,0.000,0.0,0
1790749020,1.8,1.8,1.8,1.8,0.000,0.0,0
1790749080,1.8,1.8,1.8,1.8,0.000,0.0,0
1790749140,1.8,1.8,1.8,1.8,0.000,0.0,0
1790749200,1.8,1.8,1.8,1.8,0.000,0.0,0
1790749260,1.8,1.8,1.8,1.8,0.000,0.0,0
1790749320,1.8,1.8,1.8,1.8,0.000,0.0,0
1790749380,1.8,1.8,1.8,1.8,0.000,0.0,0
1790749440,1.8,1.8,1.8,1.8,0.000,0.0,0
1790749500,1.8,1.8,1.8,1.8,0.000,0.0,0
1790749560,1.8,1.8,1.8,1.8,0.000,0.0,0
1790749620,1.8,1.8,1.8,1.8,0.000,0.0,0
1790749680,1.8,1.8,1.8,1.8,0.000,0.0,0
1790749740,1.795,1.795,1.795,1.795,1.795,9.8085,1
1790749800,1.795,1.795,1.795,1.795,0.000,0.0,0
1790749860,1.795,1.795,1.795,1.795,0.000,0.0,0
1790749920,1.795,1.795,1.795,1.795,1.795,12.37986,1
1790749980,1.795,1.795,1.795,1.795,1.795,13.61055,2
1790750040,1.795,1.795,1.795,1.795,0.000,0.0,0
1790750100,1.795,1.795,1.795,1.795,0.000,0.0,0
1790750160,1.795,1.795,1.795,1.795,0.000,0.0,0
1790750220,1.795,1.795,1.795,1.795,0.000,0.0,0
1790750280,1.795,1.795,1.795,1.795,0.000,0.0,0
1790750340,1.79,1.79,1.79,1.79,1.790,229.34004,2
1790750400,1.79,1.79,1.79,1.79,0.000,0.0,0
1790750460,1.79,1.79,1.79,1.79,0.000,0.0,0
1790750520,1.788,1.788,1.787,1.787,1.787,240.8288,3
1790750580,1.787,1.787,1.787,1.787,0.000,0.0,0
1790750640,1.787,1.787,1.787,1.787,0.000,0.0,0
1790750700,1.79,1.79,1.79,1.79,1.790,9.8085,1
1790750760,1.79,1.79,1.79,1.79,0.000,0.0,0
1790750820,1.78,1.78,1.78,1.78,1.780,9.8085,1
1790750880,1.777,1.777,1.775,1.775,1.776,353.30034,5
1790750940,1.774,1.774,1.774,1.774,1.774,305.28364,3
1790751000,1.777,1.777,1.777,1.777,1.777,241.3014,2
1790751060,1.777,1.777,1.777,1.777,0.000,0.0,0
1790751120,1.777,1.777,1.777,1.777,0.000,0.0,0
1790751180,1.777,1.777,1.777,1.777,0.000,0.0,0
1790751240,1.777,1.777,1.777,1.777,0.000,0.0,0
1790751300,1.785,1.785,1.784,1.784,1.784,100.0,2
1790751360,1.783,1.783,1.78,1.78,1.780,222.5041,2
1790751420,1.78,1.78,1.78,1.78,0.000,0.0,0
1790751480,1.78,1.78,1.78,1.78,0.000,0.0,0
1790751540,1.777,1.778,1.777,1.778,1.777,296.74278,3
1790751600,1.778,1.778,1.778,1.778,0.000,0.0,0
1790751660,1.775,1.775,1.775,1.775,1.775,11.3893,1
1790751720,1.775,1.775,1.775,1.775,0.000,0.0,0
1790751780,1.775,1.775,1.775,1.775,0.000,0.0,0
1790751840,1.775,1.775,1.775,1.775,0.000,0.0,0
1790751900,1.775,1.775,1.775,1.775,0.000,0.0,0
1790751960,1.774,1.774,1.774,1.774,1.774,162.3712,3
1790752020,1.774,1.774,1.774,1.774,0.000,0.0,0
1790752080,1.774,1.774,1.774,1.774,0.000,0.0,0
1790752140,1.774,1.774,1.774,1.774,0.000,0.0,0
1790752200,1.774,1.774,1.774,1.774,0.000,0.0,0
1790752260,1.774,1.774,1.774,1.774,0.000,0.0,0
1790752320,1.774,1.774,1.774,1.774,0.000,0.0,0
1790752380,1.774,1.774,1.774,1.774,0.000,0.0,0
1790752440,1.774,1.774,1.774,1.774,0.000,0.0,0
1790752500,1.774,1.774,1.774,1.774,0.000,0.0,0
1790752560,1.774,1.774,1.774,1.774,0.000,0.0,0
1790752620,1.774,1.774,1.774,1.774,0.000,0.0,0
1790752680,1.774,1.774,1.774,1.774,0.000,0.0,0
1790752740,1.774,1.774,1.774,1.774,0.000,0.0,0
1790752800,1.795,1.795,1.795,1.795,1.795,286.33682,2
1790752860,1.795,1.795,1.795,1.795,0.000,0.0,0
1790752920,1.795,1.795,1.795,1.795,0.000,0.0,0
1790752980,1.795,1.795,1.795,1.795,0.000,0.0,0
1790753040,1.796,1.796,1.796,1.796,1.796,63.125,2
1790753100,1.798,1.798,1.798,1.798,1.798,236.0588,3
1790753160,1.798,1.798,1.798,1.798,0.000,0.0,0
1790753220,1.795,1.795,1.795,1.795,1.795,251.37867,1
1790753280,1.795,1.795,1.795,1.795,0.000,0.0,0
1790753340,1.795,1.795,1.795,1.795,0.000,0.0,0
1790753400,1.795,1.795,1.795,1.795,0.000,0.0,0
1790753460,1.795,1.795,1.795,1.795,1.795,4.39015,1
1790753520,1.795,1.795,1.795,1.795,0.000,0.0,0
1790753580,1.795,1.795,1.795,1.795,0.000,0.0,0
1790753640,1.795,1.795,1.795,1.795,0.000,0.0,0
1790753700,1.795,1.795,1.795,1.795,0.000,0.0,0
1790753760,1.803,1.803,1.803,1.803,1.803,272.14314,1
1790753820,1.803,1.803,1.803,1.803,0.000,0.0,0
1790753880,1.803,1.803,1.803,1.803,0.000,0.0,0
1790753940,1.803,1.803,1.803,1.803,0.000,0.0,0
1790754000,1.801,1.801,1.801,1.801,1.801,26.18314,2
1790754060,1.801,1.801,1.801,1.801,0.000,0.0,0
1790754120,1.801,1.801,1.801,1.801,0.000,0.0,0
1790754180,1.801,1.801,1.801,1.801,0.000,0.0,0
1790754240,1.802,1.802,1.802,1.802,1.802,5.12565,1
1790754300,1.803,1.803,1.803,1.803,1.803,4.8869,1
1790754360,1.803,1.803,1.803,1.803,0.000,0.0,0
1790754420,1.803,1.803,1.803,1.803,0.000,0.0,0
1790754480,1.803,1.803,1.803,1.803,0.000,0.0,0
1790754540,1.803,1.803,1.803,1.803,0.000,0.0,0
1790754600,1.803,1.803,1.803,1.803,0.000,0.0,0
1790754660,1.804,1.804,1.804,1.804,1.804,481.93321,2
1790754720,1.805,1.805,1.805,1.805,1.805,11.46547,1
1790754780,1.805,1.805,1.805,1.805,0.000,0.0,0
1790754840,1.805,1.805,1.805,1.805,0.000,0.0,0
1790754900,1.805,1.805,1.805,1.805,0.000,0.0,0
1790754960,1.805,1.805,1.805,1.805,0.000,0.0,0
1790755020,1.797,1.797,1.796,1.796,1.796,534.3628,5
1790755080,1.796,1.796,1.796,1.796,0.000,0.0,0
1790755140,1.796,1.796,1.796,1.796,0.000,0.0,0
1790755200,1.796,1.796,1.796,1.796,0.000,0.0,0
1790755260,1.797,1.797,1.797,1.797,1.797,213.66482,4
1790755320,1.797,1.797,1.797,1.797,0.000,0.0,0
1790755380,1.795,1.795,1.795,1.795,1.795,218.5654,1
1790755440,1.795,1.795,1.795,1.795,1.795,9.8085,1
1790755500,1.795,1.795,1.795,1.795,0.000,0.0,0
1790755560,1.795,1.795,1.795,1.795,0.000,0.0,0
1790755620,1.788,1.789,1.788,1.789,1.788,269.09102,5
1790755680,1.789,1.789,1.789,1.789,0.000,0.0,0
1790755740,1.791,1.791,1.791,1.791,1.791,15.91331,2
1790755800,1.791,1.791,1.791,1.791,1.791,5.0,1
1790755860,1.791,1.791,1.791,1.791,0.000,0.0,0
1790755920,1.792,1.792,1.792,1.792,1.792,11.32028,1
1790755980,1.792,1.792,1.792,1.792,0.000,0.0,0
1790756040,1.792,1.792,1.792,1.792,0.000,0.0,0
1790756100,1.792,1.792,1.792,1.792,1.792,13.79728,2
1790756160,1.792,1.792,1.792,1.792,0.000,0.0,0
1790756220,1.801,1.801,1.801,1.801,1.801,457.89065,8
1790756280,1.801,1.801,1.801,1.801,0.000,0.0,0
1790756340,1.804,1.804,1.796,1.796,1.797,142.29625,6
1790756400,1.795,1.797,1.795,1.797,1.796,354.34134,5
1790756460,1.801,1.801,1.801,1.801,1.801,227.99602,2
1790756520,1.799,1.799,1.799,1.799,1.799,284.13076,2
1790756580,1.799,1.799,1.799,1.799,0.000,0.0,0
1790756640,1.796,1.796,1.795,1.795,1.795,1297.20365,4
1790756700,1.795,1.795,1.795,1.795,0.000,0.0,0
1790756760,1.795,1.795,1.794,1.794,1.794,50.84089,3
1790756820,1.794,1.794,1.794,1.794,0.000,0.0,0
1790756880,1.8,1.8,1.8,1.8,1.800,58.37776,1
1790756940,1.8,1.8,1.8,1.8,0.000,0.0,0
1790757000,1.8,1.8,1.8,1.8,0.000,0.0,0
1790757060,1.793,1.793,1.793,1.793,1.793,36.1205,1
1790757120,1.793,1.793,1.792,1.792,1.792,477.11937,3
1790757180,1.79,1.79,1.788,1.788,1.789,708.94745,6
1790757240,1.788,1.788,1.788,1.788,0.000,0.0,0
1790757300,1.788,1.788,1.788,1.788,0.000,0.0,0
1790757360,1.788,1.788,1.788,1.788,0.000,0.0,0
1790757420,1.788,1.788,1.788,1.788,0.000,0.0,0
1790757480,1.788,1.788,1.788,1.788,0.000,0.0,0
1790757540,1.788,1.788,1.788,1.788,0.000,0.0,0
1790757600,1.788,1.788,1.788,1.788,0.000,0.0,0
1790757660,1.789,1.789,1.789,1.789,1.789,127.60622,2
1790757720,1.789,1.789,1.789,1.789,0.000,0.0,0
1790757780,1.789,1.789,1.789,1.789,0.000,0.0,0
1790757840,1.788,1.788,1.788,1.788,1.788,33.23089,2
1790757900,1.788,1.788,1.788,1.788,0.000,0.0,0
1790757960,1.792,1.792,1.792,1.792,1.792,26.63675,4
1790758020,1.792,1.792,1.792,1.792,0.000,0.0,0
1790758080,1.799,1.799,1.799,1.799,1.799,239.23265,2
1790758140,1.799,1.799,1.799,1.799,0.000,0.0,0
1790758200,1.799,1.799,1.799,1.799,0.000,0.0,0
1790758260,1.798,1.798,1.798,1.798,1.798,17.77135,2
1790758320,1.798,1.798,1.798,1.798,0.000,0.0,0
1790758380,1.798,1.798,1.798,1.798,0.000,0.0,0
1790758440,1.797,1.797,1.797,1.797,1.797,248.17822,1
1790758500,1.797,1.797,1.794,1.796,1.795,1252.97513,11
1790758560,1.796,1.796,1.796,1.796,0.000,0.0,0
1790758620,1.797,1.797,1.797,1.797,1.797,13.3854,2
1790758680,1.796,1.796,1.796,1.796,1.796,214.5867,5
1790758740,1.796,1.796,1.796,1.796,0.000,0.0,0
1790758800,1.796,1.796,1.796,1.796,0.000,0.0,0
1790758860,1.796,1.796,1.796,1.796,0.000,0.0,0
1790758920,1.797,1.798,1.797,1.798,1.797,324.28157,4
1790758980,1.798,1.798,1.798,1.798,0.000,0.0,0
1790759040,1.798,1.798,1.798,1.798,0.000,0.0,0
1790759100,1.801,1.801,1.801,1.801,1.801,29.56238,2
1790759160,1.804,1.804,1.804,1.804,1.804,205.76153,2
1790759220,1.804,1.804,1.804,1.804,0.000,0.0,0
1790759280,1.804,1.804,1.804,1.804,1.804,14.82592,2
1790759340,1.804,1.804,1.804,1.804,0.000,0.0,0
1790759400,1.804,1.804,1.804,1.804,0.000,0.0,0
1790759460,1.804,1.804,1.804,1.804,0.000,0.0,0
1790759520,1.804,1.804,1.804,1.804,0.000,0.0,0
1790759580,1.804,1.804,1.804,1.804,0.000,0.0,0
1790759640,1.804,1.804,1.804,1.804,0.000,0.0,0
1790759700,1.804,1.804,1.804,1.804,0.000,0.0,0
1790759760,1.804,1.804,1.804,1.804,0.000,0.0,0
1790759820,1.808,1.808,1.808,1.808,1.808,250.23314,2
1790759880,1.808,1.808,1.808,1.808,0.000,0.0,0
1790759940,1.806,1.806,1.805,1.805,1.805,253.00057,2
1790760000,1.805,1.805,1.805,1.805,0.000,0.0,0
1790760060,1.805,1.805,1.805,1.805,0.000,0.0,0
1790760120,1.807,1.807,1.807,1.807,1.807,1589.94006,3
1790760180,1.807,1.807,1.807,1.807,1.807,238.4342,2
1790760240,1.807,1.807,1.807,1.807,0.000,0.0,0
1790760300,1.807,1.807,1.807,1.807,0.000,0.0,0
1790760360,1.808,1.808,1.808,1.808,1.808,45.82314,2
1790760420,1.808,1.808,1.808,1.808,0.000,0.0,0
1790760480,1.808,1.808,1.808,1.808,0.000,0.0,0
1790760540,1.808,1.808,1.808,1.808,0.000,0.0,0
1790760600,1.814,1.814,1.812,1.812,1.813,389.81401,5
1790760660,1.812,1.812,1.812,1.812,0.000,0.0,0
1790760720,1.823,1.824,1.823,1.824,1.823,323.72746,6
1790760780,1.824,1.824,1.824,1.824,0.000,0.0,0
1790760840,1.824,1.824,1.824,1.824,0.000,0.0,0
1790760900,1.824,1.824,1.824,1.824,0.000,0.0,0
1790760960,1.824,1.824,1.824,1.824,0.000,0.0,0
1790761020,1.816,1.816,1.816,1.816,1.816,12.08201,2
1790761080,1.817,1.817,1.816,1.816,1.816,334.0458,6
1790761140,1.816,1.816,1.816,1.816,0.000,0.0,0
1790761200,1.816,1.816,1.816,1.816,0.000,0.0,0
1790761260,1.814,1.814,1.814,1.814,1.814,255.78049,2
1790761320,1.814,1.814,1.814,1.814,0.000,0.0,0
1790761380,1.814,1.814,1.814,1.814,0.000,0.0,0
1790761440,1.814,1.814,1.814,1.814,0.000,0.0,0
1790761500,1.814,1.814,1.814,1.814,0.000,0.0,0
1790761560,1.814,1.814,1.814,1.814,0.000,0.0,0
1790761620,1.817,1.817,1.817,1.817,1.817,14.064,1
1790761680,1.817,1.817,1.817,1.817,0.000,0.0,0
1790761740,1.817,1.817,1.817,1.817,0.000,0.0,0
1790761800,1.816,1.816,1.816,1.816,1.816,9.8085,1
1790761860,1.816,1.816,1.816,1.816,1.816,199.0135,1
1790761920,1.816,1.816,1.816,1.816,0.000,0.0,0
1790761980,1.812,1.812,1.812,1.812,1.812,9.8085,1
1790762040,1.811,1.812,1.811,1.812,1.811,285.4894,3
1790762100,1.812,1.812,1.812,1.812,0.000,0.0,0
1790762160,1.811,1.811,1.811,1.811,1.811,43.19104,1
1790762220,1.811,1.811,1.811,1.811,1.811,16.06746,3
1790762280,1.81,1.81,1.81,1.81,1.810,12.82927,2
1790762340,1.81,1.81,1.81,1.81,0.000,0.0,0
1790762400,1.813,1.813,1.813,1.813,1.813,277.426,4
1790762460,1.813,1.813,1.813,1.813,0.000,0.0,0
1790762520,1.81,1.81,1.808,1.808,1.808,550.07885,2
1790762580,1.808,1.808,1.808,1.808,0.000,0.0,0
1790762640,1.809,1.809,1.809,1.809,1.809,13.199,2
1790762700,1.809,1.809,1.809,1.809,0.000,0.0,0
1790762760,1.809,1.809,1.809,1.809,0.000,0.0,0
1790762820,1.809,1.809,1.809,1.809,0.000,0.0,0
1790762880,1.809,1.809,1.809,1.809,0.000,0.0,0
1790762940,1.809,1.809,1.809,1.809,0.000,0.0,0
1790763000,1.809,1.809,1.809,1.809,0.000,0.0,0
1790763060,1.809,1.809,1.809,1.809,0.000,0.0,0
1790763120,1.809,1.809,1.809,1.809,0.000,0.0,0
1790763180,1.809,1.809,1.809,1.809,0.000,0.0,0
1790763240,1.807,1.807,1.807,1.807,1.807,174.375,3
1790763300,1.807,1.807,1.807,1.807,0.000,0.0,0
1790763360,1.807,1.807,1.807,1.807,0.000,0.0,0
1790763420,1.807,1.807,1.807,1.807,0.000,0.0,0
1790763480,1.807,1.807,1.807,1.807,0.000,0.0,0
1790763540,1.807,1.807,1.807,1.807,0.000,0.0,0
1790763600,1.807,1.807,1.807,1.807,0.000,0.0,0
1790763660,1.814,1.814,1.814,1.814,1.814,644.98347,1
1790763720,1.814,1.814,1.814,1.814,0.000,0.0,0
1790763780,1.813,1.813,1.813,1.813,1.813,211.32153,2
1790763840,1.811,1.811,1.811,1.811,1.811,6.19879,1
1790763900,1.811,1.811,1.811,1.811,0.000,0.0,0
1790763960,1.811,1.811,1.811,1.811,0.000,0.0,0
1790764020,1.814,1.814,1.813,1.813,1.813,200.0,2
1790764080,1.81,1.811,1.81,1.81,1.810,1002.0479,12
1790764140,1.81,1.81,1.81,1.81,0.000,0.0,0
1790764200,1.81,1.81,1.81,1.81,0.000,0.0,0
1790764260,1.814,1.814,1.814,1.814,1.814,214.09659,1
1790764320,1.814,1.814,1.814,1.814,0.000,0.0,0
1790764380,1.814,1.814,1.814,1.814,0.000,0.0,0
1790764440,1.817,1.817,1.817,1.817,1.817,9.8085,1
1790764500,1.817,1.817,1.817,1.817,0.000,0.0,0
1790764560,1.817,1.817,1.817,1.817,0.000,0.0,0
1790764620,1.817,1.817,1.817,1.817,0.000,0.0,0
1790764680,1.817,1.817,1.817,1.817,1.817,137.58944,1
1790764740,1.814,1.814,1.814,1.814,1.814,196.02011,1
1790764800,1.814,1.814,1.814,1.814,0.000,0.0,0
1790764860,1.814,1.814,1.814,1.814,0.000,0.0,0
1790764920,1.814,1.814,1.814,1.814,0.000,0.0,0
1790764980,1.814,1.814,1.814,1.814,0.000,0.0,0
1790765040,1.814,1.814,1.814,1.814,0.000,0.0,0
1790765100,1.814,1.814,1.814,1.814,0.000,0.0,0
1790765160,1.814,1.814,1.814,1.814,0.000,0.0,0
1790765220,1.814,1.814,1.814,1.814,0.000,0.0,0
1790765280,1.814,1.814,1.814,1.814,0.000,0.0,0
1790765340,1.814,1.814,1.814,1.814,0.000,0.0,0
1790765400,1.814,1.814,1.814,1.814,0.000,0.0,0
1790765460,1.814,1.814,1.814,1.814,0.000,0.0,0
1790765520,1.814,1.814,1.814,1.814,0.000,0.0,0
1790765580,1.814,1.814,1.814,1.814,0.000,0.0,0
1790765640,1.814,1.814,1.814,1.814,0.000,0.0,0
1790765700,1.814,1.814,1.814,1.814,0.000,0.0,0
1790765760,1.815,1.815,1.815,1.815,1.815,272.61154,1
1790765820,1.815,1.815,1.815,1.815,0.000,0.0,0
1790765880,1.818,1.818,1.818,1.818,1.818,282.86879,1
1790765940,1.818,1.818,1.818,1.818,0.000,0.0,0
1790766000,1.818,1.818,1.815,1.815,1.815,644.90595,6
1790766060,1.811,1.811,1.811,1.811,1.811,2.78668,1
1790766120,1.812,1.814,1.812,1.814,1.813,827.49122,5
1790766180,1.814,1.814,1.814,1.814,0.000,0.0,0
1790766240,1.814,1.814,1.814,1.814,0.000,0.0,0
1790766300,1.814,1.814,1.814,1.814,0.000,0.0,0
1790766360,1.814,1.814,1.814,1.814,0.000,0.0,0
1790766420,1.814,1.814,1.814,1.814,0.000,0.0,0
1790766480,1.809,1.809,1.809,1.809,1.809,16.3085,2
1790766540,1.809,1.809,1.809,1.809,1.809,109.8085,2
1790766600,1.809,1.809,1.809,1.809,0.000,0.0,0
1790766660,1.809,1.809,1.809,1.809,0.000,0.0,0
1790766720,1.811,1.811,1.811,1.811,1.811,6.5,1
1790766780,1.811,1.811,1.811,1.811,0.000,0.0,0
1790766840,1.811,1.811,1.811,1.811,0.000,0.0,0
1790766900,1.817,1.817,1.815,1.815,1.816,19.8085,3
1790766960,1.814,1.814,1.814,1.814,1.814,5.0,1
1790767020,1.814,1.814,1.814,1.814,0.000,0.0,0
1790767080,1.814,1.814,1.814,1.814,0.000,0.0,0
1790767140,1.814,1.814,1.814,1.814,0.000,0.0,0
1790767200,1.814,1.814,1.814,1.814,0.000,0.0,0
1790767260,1.814,1.814,1.814,1.814,1.814,14.8085,2
1790767320,1.814,1.814,1.814,1.814,0.000,0.0,0
1790767380,1.814,1.814,1.814,1.814,0.000,0.0,0
1790767440,1.82,1.82,1.82,1.82,1.820,109.8085,2
1790767500,1.82,1.82,1.82,1.82,0.000,0.0,0
1790767560,1.82,1.82,1.82,1.82,0.000,0.0,0
1790767620,1.819,1.819,1.819,1.819,1.819,116.3085,5
1790767680,1.819,1.819,1.819,1.819,0.000,0.0,0
1790767740,1.819,1.819,1.819,1.819,0.000,0.0,0
1790767800,1.819,1.819,1.819,1.819,0.000,0.0,0
1790767860,1.819,1.819,1.819,1.819,0.000,0.0,0
1790767920,1.815,1.815,1.815,1.815,1.815,38.76584,3
1790767980,1.815,1.815,1.815,1.815,0.000,0.0,0
1790768040,1.814,1.814,1.814,1.814,1.814,6.5,1
1790768100,1.814,1.814,1.814,1.814,0.000,0.0,0
1790768160,1.814,1.814,1.814,1.814,0.000,0.0,0
1790768220,1.814,1.814,1.814,1.814,1.814,9.8085,1
1790768280,1.814,1.814,1.814,1.814,0.000,0.0,0
1790768340,1.815,1.815,1.815,1.815,1.815,109.8085,2
1790768400,1.817,1.817,1.817,1.817,1.817,109.8085,2
1790768460,1.818,1.818,1.818,1.818,1.818,5.0,1
1790768520,1.818,1.818,1.818,1.818,0.000,0.0,0
1790768580,1.818,1.818,1.818,1.818,1.818,5.0,1
1790768640,1.818,1.818,1.818,1.818,0.000,0.0,0
1790768700,1.818,1.818,1.818,1.818,0.000,0.0,0
1790768760,1.82,1.82,1.82,1.82,1.820,109.8085,2
1790768820,1.817,1.817,1.816,1.816,1.816,2441.617,6
1790768880,1.816,1.816,1.816,1.816,0.000,0.0,0
1790768940,1.82,1.82,1.82,1.82,1.820,14.8085,2
1790769000,1.82,1.82,1.82,1.82,0.000,0.0,0
1790769060,1.821,1.822,1.821,1.822,1.821,14.8085,2
1790769120,1.822,1.822,1.822,1.822,0.000,0.0,0
1790769180,1.822,1.822,1.822,1.822,0.000,0.0,0
1790769240,1.822,1.822,1.822,1.822,0.000,0.0,0
1790769300,1.819,1.82,1.817,1.82,1.817,1373.76202,8
1790769360,1.82,1.82,1.82,1.82,0.000,0.0,0
1790769420,1.82,1.82,1.82,1.82,0.000,0.0,0
1790769480,1.82,1.82,1.82,1.82,0.000,0.0,0
1790769540,1.822,1.822,1.822,1.822,1.822,14.8085,2
1790769600,1.824,1.824,1.824,1.824,1.824,19.8085,3
1790769660,1.823,1.823,1.823,1.823,1.823,28.05763,4
1790769720,1.823,1.823,1.823,1.823,0.000,0.0,0
1790769780,1.823,1.823,1.823,1.823,0.000,0.0,0
1790769840,1.823,1.823,1.823,1.823,0.000,0.0,0
1790769900,1.823,1.823,1.823,1.823,0.000,0.0,0
1790769960,1.823,1.823,1.823,1.823,0.000,0.0,0
1790770020,1.817,1.817,1.817,1.817,1.817,12.24597,2
1790770080,1.817,1.817,1.817,1.817,1.817,6.5,1
1790770140,1.817,1.817,1.817,1.817,0.000,0.0,0
1790770200,1.817,1.817,1.817,1.817,0.000,0.0,0
1790770260,1.817,1.817,1.817,1.817,0.000,0.0,0
1790770320,1.817,1.817,1.817,1.817,0.000,0.0,0
1790770380,1.817,1.817,1.817,1.817,0.000,0.0,0
1790770440,1.817,1.817,1.817,1.817,0.000,0.0,0
1790770500,1.812,1.813,1.812,1.813,1.812,1268.3816,4
1790770560,1.813,1.813,1.813,1.813,0.000,0.0,0
1790770620,1.813,1.813,1.813,1.813,0.000,0.0,0
1790770680,1.813,1.813,1.813,1.813,0.000,0.0,0
1790770740,1.813,1.813,1.813,1.813,0.000,0.0,0
1790770800,1.813,1.813,1.813,1.813,0.000,0.0,0
1790770860,1.813,1.813,1.813,1.813,0.000,0.0,0
1790770920,1.813,1.813,1.813,1.813,0.000,0.0,0
1790770980,1.812,1.812,1.81,1.81,1.811,498.74855,4
1790771040,1.81,1.81,1.81,1.81,1.810,242.42814,2
1790771100,1.811,1.811,1.811,1.811,1.811,12.53988,1
1790771160,1.811,1.811,1.811,1.811,0.000,0.0,0
1790771220,1.81,1.81,1.81,1.81,1.810,14.38456,1
1790771280,1.81,1.81,1.81,1.81,0.000,0.0,0
1790771340,1.81,1.81,1.81,1.81,0.000,0.0,0
1790771400,1.811,1.827,1.811,1.827,1.817,67.52759,6
1790771460,1.83,1.83,1.828,1.828,1.829,334.97724,3
1790771520,1.828,1.828,1.828,1.828,0.000,0.0,0
1790771580,1.829,1.83,1.829,1.83,1.829,285.8165,5
1790771640,1.83,1.83,1.83,1.83,0.000,0.0,0
1790771700,1.839,1.839,1.839,1.839,1.839,11.76908,2
1790771760,1.837,1.837,1.837,1.837,1.837,18.02585,1
1790771820,1.837,1.837,1.837,1.837,0.000,0.0,0
1790771880,1.837,1.837,1.836,1.836,1.836,1830.06536,6
1790771940,1.839,1.839,1.839,1.839,1.839,26.46565,2
1790772000,1.841,1.847,1.841,1.847,1.845,514.59506,10
1790772060,1.843,1.843,1.842,1.842,1.842,365.32402,4
1790772120,1.84,1.84,1.839,1.839,1.839,223.63426,3
1790772180,1.839,1.839,1.839,1.839,0.000,0.0,0
1790772240,1.841,1.841,1.839,1.839,1.839,90.85412,3
1790772300,1.839,1.839,1.839,1.839,0.000,0.0,0
1790772360,1.843,1.843,1.837,1.837,1.840,554.06212,8
1790772420,1.835,1.835,1.835,1.835,1.835,249.4515,4
1790772480,1.84,1.84,1.84,1.84,1.840,15.51791,1
1790772540,1.84,1.84,1.84,1.84,0.000,0.0,0
1790772600,1.84,1.84,1.84,1.84,0.000,0.0,0
1790772660,1.843,1.845,1.843,1.845,1.843,523.75017,5
1790772720,1.846,1.846,1.846,1.846,1.846,297.9415,3
1790772780,1.846,1.846,1.846,1.846,0.000,0.0,0
1790772840,1.851,1.851,1.851,1.851,1.851,12.0185,2
1790772900,1.85,1.852,1.849,1.852,1.849,334.93448,7
1790772960,1.853,1.853,1.853,1.853,1.853,18.57505,1
1790773020,1.85,1.85,1.85,1.85,1.850,21.04507,3
1790773080,1.85,1.85,1.85,1.85,0.000,0.0,0
1790773140,1.85,1.85,1.85,1.85,0.000,0.0,0
1790773200,1.845,1.845,1.845,1.845,1.845,193.20088,1
1790773260,1.845,1.845,1.845,1.845,1.845,213.01011,2
1790773320,1.843,1.848,1.843,1.847,1.847,1861.43668,9
1790773380,1.847,1.847,1.847,1.847,1.847,11.31152,1
1790773440,1.847,1.847,1.847,1.847,0.000,0.0,0
1790773500,1.847,1.847,1.847,1.847,0.000,0.0,0
1790773560,1.85,1.853,1.85,1.853,1.851,394.0561,7
1790773620,1.853,1.853,1.853,1.853,1.853,15.77584,1
1790773680,1.853,1.853,1.853,1.853,0.000,0.0,0
1790773740,1.853,1.853,1.853,1.853,0.000,0.0,0
1790773800,1.853,1.853,1.853,1.853,0.000,0.0,0
1790773860,1.854,1.854,1.854,1.854,1.854,12.17357,2
1790773920,1.854,1.854,1.854,1.854,0.000,0.0,0
1790773980,1.854,1.854,1.854,1.854,0.000,0.0,0
1790774040,1.854,1.854,1.854,1.854,0.000,0.0,0
1790774100,1.853,1.853,1.853,1.853,1.853,5.0,1
1790774160,1.853,1.853,1.853,1.853,0.000,0.0,0
1790774220,1.855,1.855,1.851,1.851,1.851,1899.84882,7
1790774280,1.854,1.855,1.854,1.855,1.854,287.56623,5
1790774340,1.855,1.855,1.855,1.855,0.000,0.0,0
1790774400,1.855,1.855,1.855,1.855,0.000,0.0,0
1790774460,1.854,1.854,1.854,1.854,1.854,267.61857,1
1790774520,1.854,1.854,1.854,1.854,0.000,0.0,0
1790774580,1.854,1.854,1.854,1.854,0.000,0.0,0
1790774640,1.86,1.86,1.86,1.86,1.860,9.8085,1
1790774700,1.86,1.861,1.857,1.857,1.858,516.36578,6
1790774760,1.856,1.86,1.856,1.86,1.858,777.36681,5
1790774820,1.86,1.86,1.86,1.86,0.000,0.0,0
1790774880,1.854,1.854,1.854,1.854,1.854,271.71761,2
1790774940,1.854,1.854,1.854,1.854,0.000,0.0,0
1790775000,1.855,1.86,1.855,1.86,1.855,143.21247,4
1790775060,1.863,1.863,1.863,1.863,1.863,206.75076,1
1790775120,1.867,1.869,1.865,1.865,1.865,222.70046,5
1790775180,1.865,1.865,1.865,1.865,0.000,0.0,0
1790775240,1.858,1.858,1.858,1.858,1.858,912.8032,7
1790775300,1.855,1.855,1.836,1.836,1.850,159.74408,6
1790775360,1.832,1.834,1.83,1.834,1.833,407.97893,6
1790775420,1.834,1.834,1.833,1.833,1.833,14.83375,3
1790775480,1.829,1.831,1.825,1.828,1.828,524.37126,14
1790775540,1.827,1.827,1.827,1.827,1.827,3.37587,1
1790775600,1.831,1.831,1.822,1.822,1.827,1168.19118,17
1790775660,1.823,1.827,1.823,1.827,1.826,319.68814,4
1790775720,1.834,1.834,1.834,1.834,1.834,268.27313,1
1790775780,1.839,1.839,1.837,1.837,1.838,25.03417,3
1790775840,1.835,1.835,1.835,1.835,1.835,221.8878,2
1790775900,1.837,1.837,1.837,1.837,1.837,10.6122,1
1790775960,1.835,1.838,1.835,1.838,1.836,465.5937,3
1790776020,1.842,1.842,1.842,1.842,1.842,28.8246,1
1790776080,1.837,1.837,1.837,1.837,1.837,9.8085,1
1790776140,1.842,1.842,1.842,1.842,1.842,3.37587,1
1790776200,1.839,1.839,1.839,1.839,1.839,516.43943,3
1790776260,1.842,1.842,1.842,1.842,1.842,174.375,2
1790776320,1.842,1.842,1.842,1.842,0.000,0.0,0
1790776380,1.842,1.842,1.842,1.842,0.000,0.0,0
1790776440,1.842,1.842,1.842,1.842,0.000,0.0,0
1790776500,1.837,1.837,1.834,1.834,1.836,1142.20119,42
1790776560,1.834,1.834,1.834,1.834,0.000,0.0,0
1790776620,1.834,1.834,1.834,1.834,0.000,0.0,0
1790776680,1.834,1.834,1.834,1.834,0.000,0.0,0
1790776740,1.834,1.834,1.834,1.834,0.000,0.0,0
1790776800,1.841,1.841,1.837,1.837,1.838,20.69581,3
1790776860,1.837,1.837,1.837,1.837,0.000,0.0,0
1790776920,1.837,1.837,1.837,1.837,0.000,0.0,0
1790776980,1.837,1.837,1.837,1.837,0.000,0.0,0
1790777040,1.837,1.837,1.837,1.837,0.000,0.0,0
1790777100,1.837,1.837,1.837,1.837,0.000,0.0,0
1790777160,1.837,1.837,1.837,1.837,0.000,0.0,0
1790777220,1.846,1.846,1.843,1.845,1.845,1962.78127,10
1790777280,1.847,1.847,1.844,1.846,1.845,1969.85815,9
1790777340,1.845,1.845,1.843,1.843,1.843,545.73903,3
1790777400,1.848,1.848,1.845,1.845,1.847,521.13668,4
1790777460,1.837,1.837,1.837,1.837,1.837,4.16517,1
1790777520,1.837,1.837,1.837,1.837,0.000,0.0,0
1790777580,1.839,1.839,1.839,1.839,1.839,224.00508,4
1790777640,1.841,1.845,1.841,1.845,1.844,1452.72831,14
1790777700,1.843,1.843,1.843,1.843,1.843,16.3085,2
1790777760,1.837,1.838,1.837,1.838,1.837,263.89934,3
1790777820,1.84,1.843,1.834,1.843,1.839,2432.93243,19
1790777880,1.834,1.839,1.834,1.839,1.837,779.64786,8
1790777940,1.838,1.84,1.835,1.837,1.836,1332.2613,12
1790778000,1.84,1.84,1.839,1.84,1.839,644.6231,4
1790778060,1.839,1.839,1.839,1.839,1.839,253.36562,1
1790778120,1.834,1.834,1.826,1.826,1.831,989.11843,26
1790778180,1.82,1.82,1.82,1.82,1.820,4.70914,1
1790778240,1.825,1.825,1.823,1.824,1.823,883.21303,4
1790778300,1.824,1.824,1.824,1.824,0.000,0.0,0
1790778360,1.83,1.83,1.83,1.83,1.830,4.33688,1
1790778420,1.83,1.83,1.83,1.83,0.000,0.0,0
1790778480,1.82,1.82,1.819,1.819,1.819,403.21519,15
1790778540,1.819,1.819,1.819,1.819,0.000,0.0,0
1790778600,1.819,1.821,1.819,1.821,1.820,496.70925,6
1790778660,1.824,1.827,1.824,1.826,1.824,1152.43118,13
1790778720,1.824,1.824,1.814,1.816,1.822,2498.2253,8
1790778780,1.813,1.813,1.813,1.813,1.813,9.8085,1
1790778840,1.819,1.819,1.819,1.819,1.819,220.88808,1
1790778900,1.817,1.817,1.817,1.817,1.817,283.50968,1
1790778960,1.817,1.817,1.817,1.817,0.000,0.0,0
1790779020,1.82,1.82,1.82,1.82,1.820,241.55404,3
1790779080,1.82,1.82,1.82,1.82,1.820,302.68655,5
1790779140,1.824,1.824,1.821,1.821,1.823,248.4855,6
1790779200,1.821,1.821,1.821,1.821,0.000,0.0,0
1790779260,1.813,1.818,1.813,1.818,1.815,21.7902,4
1790779320,1.821,1.821,1.821,1.821,1.821,6.5,1
1790779380,1.821,1.821,1.821,1.821,0.000,0.0,0
1790779440,1.821,1.821,1.821,1.821,0.000,0.0,0
1790779500,1.818,1.819,1.818,1.818,1.818,257.73341,4
1790779560,1.818,1.818,1.818,1.818,0.000,0.0,0
1790779620,1.823,1.823,1.823,1.823,1.823,276.2348,1
1790779680,1.828,1.828,1.828,1.828,1.828,236.4016,2
1790779740,1.828,1.828,1.828,1.828,0.000,0.0,0
1790779800,1.828,1.828,1.828,1.828,0.000,0.0,0
1790779860,1.832,1.832,1.832,1.832,1.832,10.20341,2
1790779920,1.836,1.836,1.836,1.836,1.836,24.32614,2
1790779980,1.836,1.836,1.836,1.836,0.000,0.0,0
1790780040,1.833,1.833,1.831,1.832,1.832,290.8207,4
1790780100,1.833,1.833,1.832,1.832,1.832,424.23293,6
1790780160,1.832,1.832,1.832,1.832,0.000,0.0,0
1790780220,1.833,1.833,1.833,1.833,1.833,4.26,1
1790780280,1.833,1.833,1.833,1.833,0.000,0.0,0
1790780340,1.83,1.83,1.829,1.829,1.829,334.51551,5
1790780400,1.828,1.828,1.828,1.828,1.828,76.8344,1
1790780460,1.831,1.831,1.83,1.83,1.830,356.09844,4
1790780520,1.83,1.83,1.83,1.83,0.000,0.0,0
1790780580,1.83,1.83,1.83,1.83,0.000,0.0,0
1790780640,1.83,1.83,1.83,1.83,0.000,0.0,0
1790780700,1.83,1.83,1.83,1.83,0.000,0.0,0
1790780760,1.83,1.83,1.83,1.83,1.830,199.23275,1
1790780820,1.83,1.83,1.83,1.83,0.000,0.0,0
1790780880,1.83,1.83,1.83,1.83,0.000,0.0,0
1790780940,1.83,1.83,1.83,1.83,0.000,0.0,0
1790781000,1.83,1.83,1.83,1.83,0.000,0.0,0
1790781060,1.83,1.83,1.83,1.83,0.000,0.0,0
1790781120,1.829,1.829,1.826,1.826,1.826,228.551,7
1790781180,1.826,1.826,1.826,1.826,0.000,0.0,0
1790781240,1.826,1.826,1.826,1.826,0.000,0.0,0
1790781300,1.826,1.826,1.826,1.826,0.000,0.0,0
1790781360,1.826,1.826,1.826,1.826,0.000,0.0,0
1790781420,1.826,1.826,1.826,1.826,0.000,0.0,0
1790781480,1.826,1.826,1.826,1.826,0.000,0.0,0
1790781540,1.826,1.826,1.826,1.826,0.000,0.0,0
1790781600,1.819,1.819,1.819,1.819,1.819,216.0333,3
1790781660,1.819,1.819,1.819,1.819,0.000,0.0,0
1790781720,1.819,1.819,1.819,1.819,0.000,0.0,0
1790781780,1.826,1.826,1.824,1.824,1.824,259.39958,8
1790781840,1.824,1.824,1.824,1.824,0.000,0.0,0
1790781900,1.824,1.824,1.824,1.824,0.000,0.0,0
1790781960,1.824,1.824,1.824,1.824,0.000,0.0,0
1790782020,1.824,1.824,1.824,1.824,0.000,0.0,0
1790782080,1.824,1.824,1.824,1.824,0.000,0.0,0
1790782140,1.824,1.824,1.824,1.824,0.000,0.0,0
1790782200,1.824,1.824,1.824,1.824,0.000,0.0,0
1790782260,1.833,1.833,1.833,1.833,1.833,238.74236,2
1790782320,1.833,1.833,1.833,1.833,0.000,0.0,0
1790782380,1.833,1.833,1.833,1.833,0.000,0.0,0
1790782440,1.839,1.839,1.839,1.839,1.839,58.125,1
1790782500,1.836,1.836,1.836,1.836,1.836,226.8133,3
1790782560,1.836,1.836,1.836,1.836,0.000,0.0,0
1790782620,1.836,1.836,1.836,1.836,0.000,0.0,0
1790782680,1.842,1.842,1.842,1.842,1.842,201.55786,1
1790782740,1.842,1.842,1.842,1.842,0.000,0.0,0
1790782800,1.84,1.84,1.84,1.84,1.840,127.2451,2
1790782860,1.84,1.84,1.84,1.84,0.000,0.0,0
1790782920,1.838,1.838,1.838,1.838,1.838,207.08349,1
1790782980,1.834,1.834,1.834,1.834,1.834,280.81673,1
1790783040,1.834,1.834,1.834,1.834,0.000,0.0,0
1790783100,1.834,1.834,1.834,1.834,0.000,0.0,0
1790783160,1.834,1.834,1.834,1.834,0.000,0.0,0
1790783220,1.84,1.84,1.84,1.84,1.840,9.8085,1
1790783280,1.84,1.84,1.84,1.84,0.000,0.0,0
1790783340,1.84,1.84,1.84,1.84,0.000,0.0,0
1790783400,1.84,1.84,1.84,1.84,0.000,0.0,0
1790783460,1.849,1.849,1.849,1.849,1.849,9.8085,1
1790783520,1.849,1.849,1.849,1.849,0.000,0.0,0
1790783580,1.849,1.849,1.849,1.849,0.000,0.0,0
1790783640,1.849,1.849,1.849,1.849,0.000,0.0,0
1790783700,1.849,1.849,1.849,1.849,0.000,0.0,0
1790783760,1.843,1.843,1.843,1.843,1.843,109.8085,2
1790783820,1.843,1.843,1.843,1.843,1.843,76.04562,2
1790783880,1.843,1.843,1.843,1.843,0.000,0.0,0
1790783940,1.843,1.843,1.843,1.843,0.000,0.0,0
1790784000,1.842,1.842,1.842,1.842,1.842,6.4887,1
1790784060,1.842,1.842,1.842,1.842,0.000,0.0,0
1790784120,1.842,1.842,1.842,1.842,0.000,0.0,0
1790784180,1.847,1.847,1.847,1.847,1.847,515.1451,2
1790784240,1.847,1.847,1.847,1.847,0.000,0.0,0
1790784300,1.847,1.847,1.847,1.847,0.000,0.0,0
1790784360,1.847,1.847,1.847,1.847,0.000,0.0,0
1790784420,1.854,1.854,1.854,1.854,1.854,43.2074,2
1790784480,1.854,1.854,1.854,1.854,0.000,0.0,0
1790784540,1.854,1.854,1.854,1.854,0.000,0.0,0
1790784600,1.854,1.854,1.854,1.854,0.000,0.0,0
1790784660,1.859,1.859,1.859,1.859,1.859,252.62317,2
1790784720,1.858,1.858,1.856,1.856,1.857,578.31796,4
1790784780,1.857,1.858,1.857,1.858,1.857,196.15115,3
1790784840,1.858,1.858,1.858,1.858,0.000,0.0,0
1790784900,1.858,1.858,1.858,1.858,0.000,0.0,0
1790784960,1.853,1.853,1.853,1.853,1.853,17.49301,2
1790785020,1.853,1.853,1.852,1.852,1.852,337.68413,4
1790785080,1.846,1.847,1.846,1.847,1.846,4.7071,2
1790785140,1.847,1.847,1.847,1.847,0.000,0.0,0
1790785200,1.849,1.849,1.848,1.848,1.848,14.5156,3
1790785260,1.846,1.846,1.843,1.843,1.843,1687.18121,7
1790785320,1.843,1.843,1.843,1.843,0.000,0.0,0
1790785380,1.843,1.843,1.843,1.843,1.843,70.28451,2
1790785440,1.842,1.843,1.842,1.843,1.842,421.38805,2
1790785500,1.843,1.843,1.843,1.843,0.000,0.0,0
1790785560,1.843,1.843,1.843,1.843,0.000,0.0,0
1790785620,1.843,1.843,1.843,1.843,0.000,0.0,0
1790785680,1.843,1.843,1.843,1.843,0.000,0.0,0
1790785740,1.843,1.843,1.843,1.843,0.000,0.0,0
1790785800,1.843,1.843,1.843,1.843,0.000,0.0,0
1790785860,1.843,1.843,1.843,1.843,0.000,0.0,0
1790785920,1.843,1.843,1.843,1.843,0.000,0.0,0
1790785980,1.843,1.843,1.843,1.843,0.000,0.0,0
1790786040,1.829,1.829,1.829,1.829,1.829,265.95892,2
1790786100,1.829,1.829,1.829,1.829,0.000,0.0,0
1790786160,1.829,1.829,1.829,1.829,0.000,0.0,0
1790786220,1.829,1.829,1.829,1.829,0.000,0.0,0
1790786280,1.827,1.827,1.827,1.827,1.827,236.19328,1
1790786340,1.827,1.827,1.827,1.827,0.000,0.0,0
1790786400,1.827,1.827,1.827,1.827,0.000,0.0,0
1790786460,1.829,1.833,1.829,1.833,1.831,504.02721,5
1790786520,1.833,1.833,1.833,1.833,0.000,0.0,0
1790786580,1.833,1.833,1.833,1.833,0.000,0.0,0
1790786640,1.833,1.833,1.833,1.833,0.000,0.0,0
1790786700,1.833,1.833,1.833,1.833,0.000,0.0,0
1790786760,1.829,1.829,1.829,1.829,1.829,228.81686,1
1790786820,1.836,1.836,1.836,1.836,1.836,178.0582,1
1790786880,1.834,1.834,1.834,1.834,1.834,285.59127,2
1790786940,1.834,1.834,1.834,1.834,0.000,0.0,0
1790787000,1.834,1.834,1.834,1.834,0.000,0.0,0
1790787060,1.836,1.836,1.836,1.836,1.836,278.45792,1
1790787120,1.836,1.836,1.836,1.836,0.000,0.0,0
1790787180,1.836,1.836,1.836,1.836,0.000,0.0,0
1790787240,1.834,1.834,1.834,1.834,1.834,498.74961,4
1790787300,1.834,1.834,1.834,1.834,0.000,0.0,0
1790787360,1.834,1.834,1.834,1.834,0.000,0.0,0
1790787420,1.834,1.834,1.834,1.834,0.000,0.0,0
1790787480,1.834,1.834,1.834,1.834,0.000,0.0,0
1790787540,1.834,1.834,1.834,1.834,0.000,0.0,0
1790787600,1.834,1.834,1.834,1.834,0.000,0.0,0
1790787660,1.834,1.834,1.834,1.834,0.000,0.0,0
1790787720,1.834,1.834,1.834,1.834,0.000,0.0,0
1790787780,1.834,1.834,1.834,1.834,0.000,0.0,0
1790787840,1.834,1.834,1.834,1.834,0.000,0.0,0
1790787900,1.829,1.829,1.829,1.829,1.829,210.52347,1
1790787960,1.831,1.831,1.831,1.831,1.831,255.40316,2
1790788020,1.831,1.831,1.831,1.831,0.000,0.0,0
1790788080,1.831,1.831,1.831,1.831,0.000,0.0,0
1790788140,1.833,1.833,1.833,1.833,1.833,214.32285,1
1790788200,1.833,1.833,1.833,1.833,0.000,0.0,0
1790788260,1.833,1.833,1.833,1.833,0.000,0.0,0
1790788320,1.833,1.833,1.833,1.833,0.000,0.0,0
1790788380,1.833,1.833,1.833,1.833,0.000,0.0,0
1790788440,1.829,1.829,1.829,1.829,1.829,237.4973,1
1790788500,1.829,1.829,1.829,1.829,0.000,0.0,0
1790788560,1.829,1.829,1.829,1.829,0.000,0.0,0
1790788620,1.829,1.829,1.829,1.829,0.000,0.0,0
1790788680,1.829,1.829,1.829,1.829,0.000,0.0,0
1790788740,1.818,1.818,1.818,1.818,1.818,523.31423,4
1790788800,1.818,1.818,1.818,1.818,0.000,0.0,0
1790788860,1.818,1.818,1.818,1.818,0.000,0.0,0
1790788920,1.818,1.818,1.818,1.818,0.000,0.0,0
1790788980,1.818,1.818,1.818,1.818,0.000,0.0,0
1790789040,1.815,1.815,1.815,1.815,1.815,227.4519,2
1790789100,1.815,1.815,1.815,1.815,0.000,0.0,0
1790789160,1.813,1.813,1.803,1.803,1.807,1554.61298,12
1790789220,1.803,1.803,1.803,1.803,0.000,0.0,0
1790789280,1.803,1.803,1.803,1.803,0.000,0.0,0
1790789340,1.803,1.803,1.803,1.803,0.000,0.0,0
1790789400,1.803,1.803,1.803,1.803,0.000,0.0,0
1790789460,1.803,1.803,1.803,1.803,0.000,0.0,0
1790789520,1.803,1.803,1.803,1.803,0.000,0.0,0
1790789580,1.803,1.803,1.803,1.803,0.000,0.0,0
1790789640,1.808,1.808,1.806,1.806,1.807,299.61763,2
1790789700,1.806,1.806,1.806,1.806,0.000,0.0,0
1790789760,1.806,1.806,1.806,1.806,0.000,0.0,0
1790789820,1.806,1.806,1.806,1.806,0.000,0.0,0
1790789880,1.806,1.806,1.806,1.806,0.000,0.0,0
1790789940,1.806,1.806,1.806,1.806,0.000,0.0,0
1790790000,1.802,1.802,1.802,1.802,1.802,100.0,1
1790790060,1.802,1.802,1.802,1.802,0.000,0.0,0
1790790120,1.801,1.801,1.801,1.801,1.801,100.0,1
1790790180,1.801,1.801,1.801,1.801,0.000,0.0,0
1790790240,1.803,1.804,1.803,1.804,1.803,100.0,3
1790790300,1.804,1.804,1.804,1.804,0.000,0.0,0
1790790360,1.803,1.803,1.803,1.803,1.803,100.0,2
1790790420,1.803,1.803,1.803,1.803,0.000,0.0,0
1790790480,1.802,1.803,1.802,1.803,1.802,100.0,2
1790790540,1.803,1.803,1.803,1.803,0.000,0.0,0
1790790600,1.808,1.812,1.808,1.809,1.808,109.48052,3
1790790660,1.809,1.809,1.809,1.809,0.000,0.0,0
1790790720,1.807,1.808,1.807,1.808,1.807,100.0,2
1790790780,1.808,1.808,1.808,1.808,0.000,0.0,0
1790790840,1.801,1.801,1.801,1.801,1.801,100.0,1
1790790900,1.796,1.796,1.796,1.796,1.796,255.80745,1
1790790960,1.797,1.798,1.796,1.796,1.796,1100.0,8
1790791020,1.796,1.796,1.796,1.796,0.000,0.0,0
1790791080,1.794,1.795,1.794,1.795,1.794,355.56979,3
1790791140,1.795,1.798,1.795,1.798,1.797,254.44126,3
1790791200,1.799,1.8,1.797,1.797,1.797,2012.77024,12
1790791260,1.791,1.791,1.791,1.791,1.791,4.58805,1
1790791320,1.791,1.791,1.791,1.791,0.000,0.0,0
1790791380,1.791,1.791,1.791,1.791,0.000,0.0,0
1790791440,1.791,1.795,1.791,1.794,1.793,744.67337,5
1790791500,1.793,1.793,1.791,1.791,1.792,289.92823,2
1790791560,1.791,1.791,1.791,1.791,0.000,0.0,0
1790791620,1.791,1.791,1.791,1.791,0.000,0.0,0
1790791680,1.791,1.791,1.791,1.791,0.000,0.0,0
1790791740,1.796,1.796,1.796,1.796,1.796,283.39682,2
1790791800,1.796,1.796,1.796,1.796,0.000,0.0,0
1790791860,1.795,1.795,1.795,1.795,1.795,235.7669,1
1790791920,1.795,1.795,1.795,1.795,0.000,0.0,0
1790791980,1.795,1.795,1.795,1.795,0.000,0.0,0
1790792040,1.795,1.795,1.795,1.795,0.000,0.0,0
1790792100,1.795,1.795,1.795,1.795,0.000,0.0,0
1790792160,1.795,1.795,1.795,1.795,0.000,0.0,0
1790792220,1.795,1.795,1.795,1.795,0.000,0.0,0
1790792280,1.789,1.789,1.788,1.788,1.788,259.21517,3
1790792340,1.788,1.788,1.788,1.788,0.000,0.0,0
1790792400,1.788,1.788,1.788,1.788,0.000,0.0,0
1790792460,1.791,1.791,1.791,1.791,1.791,531.33401,6
1790792520,1.791,1.791,1.791,1.791,0.000,0.0,0
1790792580,1.791,1.791,1.791,1.791,0.000,0.0,0
1790792640,1.791,1.791,1.791,1.791,0.000,0.0,0
1790792700,1.785,1.785,1.785,1.785,1.785,5.0,1
1790792760,1.785,1.785,1.785,1.785,0.000,0.0,0
1790792820,1.785,1.785,1.785,1.785,0.000,0.0,0
1790792880,1.786,1.786,1.786,1.786,1.786,9.8085,1
1790792940,1.786,1.786,1.786,1.786,0.000,0.0,0
1790793000,1.786,1.786,1.786,1.786,0.000,0.0,0
1790793060,1.792,1.792,1.792,1.792,1.792,265.58413,2
1790793120,1.792,1.792,1.792,1.792,0.000,0.0,0
1790793180,1.789,1.789,1.786,1.786,1.787,516.48269,3
1790793240,1.786,1.786,1.786,1.786,0.000,0.0,0
1790793300,1.786,1.786,1.786,1.786,0.000,0.0,0
1790793360,1.786,1.786,1.786,1.786,0.000,0.0,0
1790793420,1.783,1.783,1.782,1.782,1.782,721.41348,4
1790793480,1.782,1.782,1.782,1.782,0.000,0.0,0
1790793540,1.782,1.782,1.782,1.782,0.000,0.0,0
1790793600,1.781,1.783,1.781,1.783,1.782,425.19155,5
1790793660,1.782,1.782,1.782,1.782,1.782,205.03753,1
1790793720,1.781,1.781,1.781,1.781,1.781,3.31312,1
1790793780,1.781,1.781,1.781,1.781,0.000,0.0,0
1790793840,1.781,1.781,1.781,1.781,0.000,0.0,0
1790793900,1.782,1.782,1.782,1.782,1.782,227.37036,2
1790793960,1.782,1.782,1.782,1.782,0.000,0.0,0
1790794020,1.782,1.782,1.782,1.782,0.000,0.0,0
1790794080,1.78,1.78,1.78,1.78,1.780,67.6137,2
1790794140,1.78,1.782,1.78,1.782,1.781,210.65232,2
1790794200,1.783,1.783,1.783,1.783,1.783,3.87912,1
1790794260,1.783,1.783,1.783,1.783,0.000,0.0,0
1790794320,1.788,1.788,1.788,1.788,1.788,221.75779,2
1790794380,1.788,1.788,1.788,1.788,1.788,21.2227,1
1790794440,1.788,1.788,1.788,1.788,0.000,0.0,0
1790794500,1.788,1.788,1.788,1.788,0.000,0.0,0
1790794560,1.789,1.789,1.788,1.788,1.788,330.91773,5
1790794620,1.788,1.788,1.788,1.788,0.000,0.0,0
1790794680,1.788,1.788,1.788,1.788,0.000,0.0,0
1790794740,1.788,1.788,1.788,1.788,0.000,0.0,0
1790794800,1.787,1.787,1.787,1.787,1.787,6.4887,1
1790794860,1.788,1.788,1.788,1.788,1.788,2.52628,1
1790794920,1.792,1.792,1.792,1.792,1.792,2.52628,1
1790794980,1.792,1.792,1.792,1.792,0.000,0.0,0
1790795040,1.792,1.792,1.792,1.792,0.000,0.0,0
1790795100,1.792,1.792,1.792,1.792,0.000,0.0,0
1790795160,1.792,1.792,1.792,1.792,0.000,0.0,0
1790795220,1.792,1.793,1.791,1.791,1.791,262.36903,4
1790795280,1.791,1.791,1.791,1.791,0.000,0.0,0
1790795340,1.791,1.791,1.791,1.791,0.000,0.0,0
1790795400,1.791,1.791,1.791,1.791,0.000,0.0,0
1790795460,1.788,1.788,1.788,1.788,1.788,2.23546,1
1790795520,1.788,1.788,1.788,1.788,0.000,0.0,0
1790795580,1.788,1.788,1.788,1.788,0.000,0.0,0
1790795640,1.789,1.789,1.789,1.789,1.789,231.5069,1
1790795700,1.789,1.789,1.789,1.789,0.000,0.0,0
1790795760,1.789,1.789,1.789,1.789,0.000,0.0,0
1790795820,1.784,1.784,1.784,1.784,1.784,277.6337,2
1790795880,1.784,1.784,1.784,1.784,0.000,0.0,0
1790795940,1.784,1.784,1.784,1.784,0.000,0.0,0
1790796000,1.784,1.784,1.784,1.784,0.000,0.0,0
1790796060,1.784,1.784,1.784,1.784,0.000,0.0,0
1790796120,1.784,1.784,1.784,1.784,0.000,0.0,0
1790796180,1.784,1.784,1.784,1.784,0.000,0.0,0
1790796240,1.784,1.784,1.784,1.784,0.000,0.0,0
1790796300,1.784,1.784,1.784,1.784,0.000,0.0,0
1790796360,1.793,1.793,1.793,1.793,1.793,275.3455,1
1790796420,1.793,1.793,1.793,1.793,0.000,0.0,0
1790796480,1.793,1.793,1.793,1.793,0.000,0.0,0
1790796540,1.793,1.793,1.793,1.793,0.000,0.0,0
1790796600,1.793,1.793,1.793,1.793,0.000,0.0,0
1790796660,1.793,1.793,1.793,1.793,0.000,0.0,0
1790796720,1.793,1.793,1.793,1.793,0.000,0.0,0
1790796780,1.793,1.793,1.793,1.793,0.000,0.0,0
1790796840,1.793,1.793,1.793,1.793,1.793,101.9636,2
1790796900,1.793,1.793,1.793,1.793,1.793,266.9594,2
1790796960,1.796,1.796,1.796,1.796,1.796,225.84334,1
1790797020,1.796,1.796,1.796,1.796,1.796,280.20754,3
1790797080,1.796,1.796,1.796,1.796,0.000,0.0,0
1790797140,1.796,1.796,1.796,1.796,0.000,0.0,0
1790797200,1.796,1.796,1.796,1.796,0.000,0.0,0
1790797260,1.796,1.796,1.796,1.796,0.000,0.0,0
1790797320,1.796,1.796,1.796,1.796,0.000,0.0,0
1790797380,1.796,1.796,1.796,1.796,0.000,0.0,0
1790797440,1.796,1.796,1.796,1.796,0.000,0.0,0
1790797500,1.796,1.796,1.796,1.796,0.000,0.0,0
1790797560,1.796,1.796,1.796,1.796,0.000,0.0,0
1790797620,1.798,1.798,1.798,1.798,1.798,249.8795,2
1790797680,1.795,1.797,1.795,1.797,1.796,805.9169,3
1790797740,1.797,1.797,1.797,1.797,0.000,0.0,0
1790797800,1.793,1.793,1.793,1.793,1.793,18.7596,1
1790797860,1.788,1.788,1.786,1.786,1.787,243.0604,4
1790797920,1.786,1.786,1.786,1.786,0.000,0.0,0
1790797980,1.789,1.789,1.789,1.789,1.789,261.69541,2
1790798040,1.789,1.789,1.789,1.789,0.000,0.0,0
1790798100,1.782,1.782,1.782,1.782,1.782,270.78902,1
1790798160,1.782,1.782,1.782,1.782,0.000,0.0,0
1790798220,1.782,1.782,1.782,1.782,0.000,0.0,0
1790798280,1.787,1.787,1.787,1.787,1.787,5.05256,2
1790798340,1.787,1.787,1.787,1.787,0.000,0.0,0
1790798400,1.789,1.792,1.789,1.789,1.791,361.25599,7
1790798460,1.792,1.792,1.791,1.791,1.791,234.58566,5
1790798520,1.791,1.791,1.791,1.791,0.000,0.0,0
1790798580,1.791,1.791,1.791,1.791,0.000,0.0,0
1790798640,1.791,1.791,1.791,1.791,0.000,0.0,0
1790798700,1.791,1.791,1.791,1.791,0.000,0.0,0
1790798760,1.792,1.792,1.792,1.792,1.792,187.3526,2
1790798820,1.792,1.792,1.792,1.792,0.000,0.0,0
1790798880,1.792,1.792,1.792,1.792,0.000,0.0,0
1790798940,1.796,1.796,1.796,1.796,1.796,2.52628,1
1790799000,1.796,1.796,1.796,1.796,0.000,0.0,0
1790799060,1.797,1.797,1.797,1.797,1.797,254.60349,1
1790799120,1.797,1.797,1.797,1.797,0.000,0.0,0
1790799180,1.797,1.797,1.797,1.797,0.000,0.0,0
1790799240,1.797,1.797,1.797,1.797,0.000,0.0,0
1790799300,1.797,1.797,1.797,1.797,0.000,0.0,0
1790799360,1.797,1.797,1.797,1.797,0.000,0.0,0
1790799420,1.797,1.797,1.797,1.797,0.000,0.0,0
1790799480,1.797,1.797,1.797,1.797,0.000,0.0,0
1790799540,1.797,1.797,1.797,1.797,0.000,0.0,0
1790799600,1.797,1.797,1.797,1.797,0.000,0.0,0
1790799660,1.804,1.804,1.804,1.804,1.804,296.88421,2
1790799720,1.808,1.808,1.808,1.808,1.808,273.6653,3
1790799780,1.808,1.808,1.808,1.808,0.000,0.0,0
1790799840,1.807,1.807,1.807,1.807,1.807,57.6794,1
1790799900,1.807,1.807,1.807,1.807,0.000,0.0,0
1790799960,1.807,1.807,1.807,1.807,0.000,0.0,0
1790800020,1.807,1.807,1.807,1.807,0.000,0.0,0
1790800080,1.807,1.807,1.807,1.807,0.000,0.0,0
1790800140,1.81,1.81,1.81,1.81,1.810,174.375,1
1790800200,1.81,1.81,1.81,1.81,0.000,0.0,0
1790800260,1.81,1.81,1.81,1.81,0.000,0.0,0
1790800320,1.81,1.81,1.81,1.81,0.000,0.0,0
1790800380,1.805,1.805,1.805,1.805,1.805,252.03853,4
1790800440,1.805,1.805,1.805,1.805,0.000,0.0,0
1790800500,1.805,1.805,1.805,1.805,0.000,0.0,0
1790800560,1.805,1.805,1.805,1.805,0.000,0.0,0
1790800620,1.805,1.805,1.805,1.805,0.000,0.0,0
1790800680,1.805,1.805,1.805,1.805,0.000,0.0,0
1790800740,1.809,1.809,1.809,1.809,1.809,127.6282,1
1790800800,1.809,1.809,1.809,1.809,1.809,234.8681,2
1790800860,1.809,1.809,1.809,1.809,0.000,0.0,0
1790800920,1.809,1.809,1.809,1.809,0.000,0.0,0
1790800980,1.809,1.809,1.809,1.809,0.000,0.0,0
1790801040,1.809,1.809,1.809,1.809,0.000,0.0,0
1790801100,1.809,1.809,1.809,1.809,0.000,0.0,0
1790801160,1.809,1.809,1.809,1.809,0.000,0.0,0
1790801220,1.809,1.809,1.809,1.809,0.000,0.0,0
1790801280,1.806,1.806,1.806,1.806,1.806,244.47541,1
1790801340,1.803,1.803,1.803,1.803,1.803,249.83954,1
1790801400,1.803,1.803,1.803,1.803,0.000,0.0,0
1790801460,1.803,1.803,1.803,1.803,0.000,0.0,0
1790801520,1.803,1.803,1.803,1.803,0.000,0.0,0
1790801580,1.803,1.803,1.803,1.803,0.000,0.0,0
1790801640,1.803,1.803,1.803,1.803,0.000,0.0,0
1790801700,1.803,1.803,1.803,1.803,1.803,271.07875,1
1790801760,1.803,1.803,1.803,1.803,0.000,0.0,0
1790801820,1.803,1.803,1.803,1.803,0.000,0.0,0
1790801880,1.802,1.802,1.802,1.802,1.802,243.03163,1
1790801940,1.804,1.804,1.804,1.804,1.804,291.31772,1
1790802000,1.804,1.804,1.804,1.804,0.000,0.0,0
1790802060,1.804,1.804,1.804,1.804,0.000,0.0,0
1790802120,1.806,1.807,1.806,1.807,1.806,279.66916,3
1790802180,1.807,1.807,1.807,1.807,0.000,0.0,0
1790802240,1.807,1.807,1.807,1.807,0.000,0.0,0
1790802300,1.807,1.807,1.807,1.807,0.000,0.0,0
1790802360,1.807,1.807,1.807,1.807,0.000,0.0,0
1790802420,1.806,1.807,1.806,1.807,1.806,270.85015,3
1790802480,1.806,1.806,1.806,1.806,1.806,2.52628,1
1790802540,1.806,1.806,1.806,1.806,0.000,0.0,0
1790802600,1.806,1.806,1.806,1.806,0.000,0.0,0
1790802660,1.806,1.806,1.806,1.806,0.000,0.0,0
1790802720,1.804,1.804,1.804,1.804,1.804,201.5833,2
1790802780,1.804,1.804,1.804,1.804,0.000,0.0,0
1790802840,1.804,1.804,1.804,1.804,0.000,0.0,0
1790802900,1.804,1.804,1.804,1.804,0.000,0.0,0
1790802960,1.8,1.8,1.8,1.8,1.800,229.01547,1
1790803020,1.8,1.8,1.8,1.8,0.000,0.0,0
1790803080,1.8,1.8,1.8,1.8,0.000,0.0,0
1790803140,1.8,1.8,1.8,1.8,0.000,0.0,0
1790803200,1.8,1.8,1.8,1.8,0.000,0.0,0
1790803260,1.8,1.8,1.8,1.8,0.000,0.0,0
1790803320,1.8,1.8,1.8,1.8,0.000,0.0,0
1790803380,1.8,1.8,1.8,1.8,0.000,0.0,0
1790803440,1.8,1.8,1.8,1.8,0.000,0.0,0
1790803500,1.8,1.8,1.799,1.799,1.799,213.66241,2
1790803560,1.798,1.798,1.798,1.798,1.798,272.79057,1
1790803620,1.799,1.799,1.799,1.799,1.799,303.55432,3
1790803680,1.799,1.799,1.799,1.799,0.000,0.0,0
1790803740,1.799,1.799,1.799,1.799,0.000,0.0,0
1790803800,1.799,1.799,1.799,1.799,0.000,0.0,0
1790803860,1.799,1.799,1.799,1.799,0.000,0.0,0
1790803920,1.799,1.799,1.799,1.799,0.000,0.0,0
1790803980,1.799,1.799,1.799,1.799,0.000,0.0,0
1790804040,1.799,1.799,1.799,1.799,0.000,0.0,0
1790804100,1.799,1.799,1.799,1.799,0.000,0.0,0
1790804160,1.799,1.799,1.799,1.799,0.000,0.0,0
1790804220,1.799,1.799,1.799,1.799,0.000,0.0,0
1790804280,1.799,1.799,1.799,1.799,0.000,0.0,0
1790804340,1.808,1.808,1.808,1.808,1.808,2.65243,1
1790804400,1.808,1.808,1.808,1.808,0.000,0.0,0
1790804460,1.808,1.808,1.808,1.808,0.000,0.0,0
1790804520,1.808,1.808,1.808,1.808,0.000,0.0,0
1790804580,1.808,1.808,1.808,1.808,0.000,0.0,0
1790804640,1.808,1.808,1.808,1.808,0.000,0.0,0
1790804700,1.808,1.808,1.808,1.808,0.000,0.0,0
1790804760,1.808,1.808,1.808,1.808,0.000,0.0,0
1790804820,1.808,1.808,1.808,1.808,0.000,0.0,0
1790804880,1.808,1.808,1.808,1.808,0.000,0.0,0
1790804940,1.808,1.808,1.808,1.808,0.000,0.0,0
1790805000,1.808,1.808,1.808,1.808,0.000,0.0,0
1790805060,1.808,1.808,1.808,1.808,0.000,0.0,0
1790805120,1.808,1.808,1.808,1.808,0.000,0.0,0
1790805180,1.797,1.797,1.797,1.797,1.797,290.99101,1
1790805240,1.797,1.797,1.797,1.797,0.000,0.0,0
1790805300,1.797,1.797,1.797,1.797,0.000,0.0,0
1790805360,1.798,1.798,1.798,1.798,1.798,267.71259,1
1790805420,1.798,1.798,1.798,1.798,0.000,0.0,0
1790805480,1.798,1.798,1.798,1.798,0.000,0.0,0
1790805540,1.798,1.798,1.798,1.798,0.000,0.0,0
1790805600,1.798,1.798,1.798,1.798,0.000,0.0,0
1790805660,1.798,1.798,1.798,1.798,0.000,0.0,0
1790805720,1.798,1.798,1.798,1.798,0.000,0.0,0
1790805780,1.795,1.795,1.791,1.791,1.793,528.15164,3
1790805840,1.791,1.791,1.791,1.791,0.000,0.0,0
1790805900,1.791,1.791,1.791,1.791,0.000,0.0,0
1790805960,1.789,1.789,1.789,1.789,1.789,217.63131,1
1790806020,1.789,1.789,1.789,1.789,0.000,0.0,0
1790806080,1.789,1.789,1.789,1.789,0.000,0.0,0
1790806140,1.789,1.79,1.789,1.79,1.789,670.39106,2
1790806200,1.79,1.79,1.79,1.79,0.000,0.0,0
1790806260,1.79,1.79,1.79,1.79,0.000,0.0,0
1790806320,1.795,1.796,1.795,1.796,1.795,431.02431,2
1790806380,1.793,1.793,1.793,1.793,1.793,244.0905,1
1790806440,1.793,1.793,1.793,1.793,0.000,0.0,0
1790806500,1.793,1.793,1.793,1.793,0.000,0.0,0
1790806560,1.793,1.793,1.793,1.793,0.000,0.0,0
1790806620,1.793,1.793,1.793,1.793,0.000,0.0,0
1790806680,1.793,1.793,1.793,1.793,0.000,0.0,0
1790806740,1.802,1.802,1.802,1.802,1.802,256.5481,1
1790806800,1.802,1.802,1.802,1.802,0.000,0.0,0
1790806860,1.802,1.802,1.802,1.802,0.000,0.0,0
1790806920,1.802,1.802,1.802,1.802,0.000,0.0,0
1790806980,1.802,1.802,1.802,1.802,0.000,0.0,0
1790807040,1.802,1.802,1.802,1.802,0.000,0.0,0
1790807100,1.802,1.802,1.802,1.802,0.000,0.0,0
1790807160,1.802,1.802,1.802,1.802,0.000,0.0,0
1790807220,1.802,1.802,1.802,1.802,0.000,0.0,0
1790807280,1.802,1.802,1.802,1.802,0.000,0.0,0
1790807340,1.802,1.802,1.802,1.802,0.000,0.0,0
1790807400,1.802,1.802,1.802,1.802,0.000,0.0,0
1790807460,1.802,1.802,1.802,1.802,0.000,0.0,0
1790807520,1.81,1.81,1.81,1.81,1.810,261.464,1
1790807580,1.81,1.81,1.81,1.81,0.000,0.0,0
1790807640,1.81,1.81,1.81,1.81,0.000,0.0,0
1790807700,1.81,1.81,1.81,1.81,0.000,0.0,0
1790807760,1.81,1.81,1.81,1.81,0.000,0.0,0
1790807820,1.814,1.814,1.814,1.814,1.814,205.76822,1
1790807880,1.814,1.814,1.814,1.814,0.000,0.0,0
1790807940,1.814,1.814,1.814,1.814,0.000,0.0,0
1790808000,1.814,1.814,1.814,1.814,0.000,0.0,0
1790808060,1.814,1.814,1.814,1.814,0.000,0.0,0
1790808120,1.814,1.814,1.814,1.814,0.000,0.0,0
1790808180,1.814,1.814,1.814,1.814,0.000,0.0,0
1790808240,1.814,1.814,1.814,1.814,0.000,0.0,0
1790808300,1.814,1.814,1.814,1.814,0.000,0.0,0
1790808360,1.814,1.814,1.814,1.814,0.000,0.0,0
1790808420,1.814,1.814,1.814,1.814,0.000,0.0,0
1790808480,1.814,1.814,1.814,1.814,0.000,0.0,0
1790808540,1.814,1.814,1.814,1.814,0.000,0.0,0
1790808600,1.814,1.814,1.814,1.814,0.000,0.0,0
1790808660,1.814,1.814,1.814,1.814,0.000,0.0,0
1790808720,1.814,1.814,1.814,1.814,0.000,0.0,0
1790808780,1.814,1.814,1.814,1.814,0.000,0.0,0
1790808840,1.814,1.814,1.814,1.814,0.000,0.0,0
1790808900,1.817,1.817,1.817,1.817,1.817,241.7639,2
1790808960,1.817,1.817,1.817,1.817,0.000,0.0,0
1790809020,1.817,1.817,1.817,1.817,0.000,0.0,0
1790809080,1.817,1.817,1.817,1.817,0.000,0.0,0
1790809140,1.817,1.817,1.817,1.817,0.000,0.0,0
1790809200,1.817,1.817,1.817,1.817,1.817,9.86697,1
1790809260,1.817,1.817,1.817,1.817,1.817,279.97624,1
1790809320,1.817,1.817,1.817,1.817,0.000,0.0,0
1790809380,1.823,1.823,1.823,1.823,1.823,241.7639,1
1790809440,1.822,1.822,1.822,1.822,1.822,269.2491,1
1790809500,1.822,1.822,1.822,1.822,0.000,0.0,0
1790809560,1.822,1.822,1.822,1.822,0.000,0.0,0
1790809620,1.822,1.822,1.822,1.822,0.000,0.0,0
1790809680,1.818,1.818,1.818,1.818,1.818,252.3301,3
1790809740,1.818,1.818,1.818,1.818,0.000,0.0,0
1790809800,1.818,1.818,1.818,1.818,0.000,0.0,0
1790809860,1.815,1.815,1.815,1.815,1.815,3.45113,1
1790809920,1.815,1.815,1.815,1.815,0.000,0.0,0
1790809980,1.818,1.818,1.818,1.818,1.818,232.43332,1
1790810040,1.817,1.817,1.817,1.817,1.817,217.32356,1
1790810100,1.817,1.817,1.817,1.817,0.000,0.0,0
1790810160,1.819,1.819,1.819,1.819,1.819,289.43715,1
1790810220,1.819,1.819,1.819,1.819,0.000,0.0,0
1790810280,1.819,1.819,1.819,1.819,0.000,0.0,0
1790810340,1.819,1.819,1.819,1.819,0.000,0.0,0
1790810400,1.819,1.819,1.819,1.819,0.000,0.0,0
1790810460,1.824,1.824,1.823,1.823,1.823,972.91271,2
1790810520,1.82,1.82,1.82,1.82,1.820,279.2955,1
1790810580,1.82,1.82,1.82,1.82,0.000,0.0,0
1790810640,1.82,1.82,1.82,1.82,0.000,0.0,0
1790810700,1.82,1.82,1.82,1.82,0.000,0.0,0
1790810760,1.816,1.816,1.816,1.816,1.816,278.63152,1
1790810820,1.816,1.816,1.816,1.816,0.000,0.0,0
1790810880,1.815,1.815,1.815,1.815,1.815,227.87267,1
1790810940,1.815,1.815,1.815,1.815,0.000,0.0,0
1790811000,1.815,1.815,1.815,1.815,0.000,0.0,0
1790811060,1.815,1.815,1.815,1.815,0.000,0.0,0
1790811120,1.815,1.815,1.815,1.815,0.000,0.0,0
1790811180,1.815,1.815,1.815,1.815,0.000,0.0,0
1790811240,1.811,1.811,1.811,1.811,1.811,205.40709,1
1790811300,1.811,1.811,1.811,1.811,0.000,0.0,0
1790811360,1.811,1.811,1.811,1.811,0.000,0.0,0
1790811420,1.811,1.811,1.811,1.811,0.000,0.0,0
1790811480,1.811,1.811,1.811,1.811,0.000,0.0,0
1790811540,1.811,1.811,1.811,1.811,0.000,0.0,0
1790811600,1.811,1.811,1.811,1.811,0.000,0.0,0
1790811660,1.811,1.811,1.811,1.811,0.000,0.0,0
1790811720,1.811,1.811,1.811,1.811,0.000,0.0,0
1790811780,1.811,1.811,1.811,1.811,0.000,0.0,0
1790811840,1.811,1.811,1.811,1.811,0.000,0.0,0
1790811900,1.811,1.811,1.811,1.811,0.000,0.0,0
1790811960,1.811,1.811,1.811,1.811,0.000,0.0,0
1790812020,1.811,1.811,1.811,1.811,0.000,0.0,0
1790812080,1.812,1.812,1.812,1.812,1.812,219.88961,1
1790812140,1.812,1.812,1.812,1.812,0.000,0.0,0
1790812200,1.812,1.812,1.812,1.812,0.000,0.0,0
1790812260,1.812,1.812,1.812,1.812,0.000,0.0,0
1790812320,1.811,1.811,1.811,1.811,1.811,218.696,1
1790812380,1.811,1.811,1.811,1.811,0.000,0.0,0
1790812440,1.811,1.811,1.811,1.811,0.000,0.0,0
1790812500,1.811,1.811,1.811,1.811,0.000,0.0,0
1790812560,1.811,1.811,1.811,1.811,0.000,0.0,0
1790812620,1.811,1.811,1.811,1.811,0.000,0.0,0
1790812680,1.811,1.811,1.811,1.811,0.000,0.0,0
1790812740,1.811,1.811,1.811,1.811,0.000,0.0,0
1790812800,1.811,1.811,1.811,1.811,0.000,0.0,0
1790812860,1.811,1.811,1.811,1.811,0.000,0.0,0
1790812920,1.811,1.811,1.811,1.811,0.000,0.0,0
1790812980,1.811,1.811,1.811,1.811,0.000,0.0,0
1790813040,1.811,1.811,1.811,1.811,0.000,0.0,0
1790813100,1.806,1.806,1.806,1.806,1.806,270.4435,2
1790813160,1.806,1.806,1.806,1.806,1.806,244.05637,1
1790813220,1.806,1.806,1.806,1.806,0.000,0.0,0
1790813280,1.806,1.806,1.806,1.806,0.000,0.0,0
1790813340,1.806,1.806,1.806,1.806,0.000,0.0,0
1790813400,1.806,1.806,1.806,1.806,0.000,0.0,0
1790813460,1.806,1.806,1.806,1.806,1.806,95.6586,1
1790813520,1.811,1.811,1.811,1.811,1.811,281.99111,1
1790813580,1.811,1.811,1.811,1.811,1.811,24.98067,1
1790813640,1.81,1.81,1.81,1.81,1.810,197.58963,1
1790813700,1.81,1.81,1.81,1.81,0.000,0.0,0
1790813760,1.808,1.808,1.808,1.808,1.808,283.97865,1
1790813820,1.808,1.808,1.808,1.808,0.000,0.0,0
1790813880,1.808,1.808,1.808,1.808,0.000,0.0,0
1790813940,1.81,1.81,1.81,1.81,1.810,220.908,1
1790814000,1.81,1.81,1.81,1.81,0.000,0.0,0
1790814060,1.814,1.814,1.814,1.814,1.814,204.78281,1
1790814120,1.814,1.814,1.814,1.814,0.000,0.0,0
1790814180,1.814,1.814,1.814,1.814,0.000,0.0,0
1790814240,1.814,1.814,1.814,1.814,0.000,0.0,0
1790814300,1.814,1.814,1.814,1.814,0.000,0.0,0
1790814360,1.814,1.814,1.814,1.814,0.000,0.0,0
1790814420,1.814,1.814,1.814,1.814,0.000,0.0,0
1790814480,1.814,1.814,1.814,1.814,0.000,0.0,0
1790814540,1.814,1.814,1.814,1.814,0.000,0.0,0
1790814600,1.812,1.812,1.812,1.812,1.812,56.25,1
1790814660,1.816,1.816,1.816,1.816,1.816,75.74277,1
1790814720,1.815,1.815,1.815,1.815,1.815,174.1928,4
1790814780,1.815,1.82,1.815,1.82,1.817,1722.28967,10
1790814840,1.82,1.82,1.82,1.82,0.000,0.0,0
1790814900,1.82,1.82,1.82,1.82,0.000,0.0,0
1790814960,1.82,1.82,1.82,1.82,0.000,0.0,0
1790815020,1.82,1.82,1.82,1.82,0.000,0.0,0
1790815080,1.82,1.82,1.82,1.82,0.000,0.0,0
1790815140,1.82,1.82,1.82,1.82,0.000,0.0,0
1790815200,1.827,1.827,1.827,1.827,1.827,195.69746,1
1790815260,1.827,1.827,1.827,1.827,0.000,0.0,0
1790815320,1.827,1.827,1.827,1.827,0.000,0.0,0
1790815380,1.827,1.827,1.827,1.827,0.000,0.0,0
1790815440,1.827,1.827,1.826,1.826,1.826,1013.41275,3
1790815500,1.824,1.824,1.824,1.824,1.824,269.6545,2
1790815560,1.824,1.824,1.824,1.824,0.000,0.0,0
1790815620,1.824,1.824,1.824,1.824,0.000,0.0,0
1790815680,1.823,1.823,1.823,1.823,1.823,211.06877,1
1790815740,1.823,1.823,1.823,1.823,0.000,0.0,0
1790815800,1.823,1.823,1.823,1.823,0.000,0.0,0
1790815860,1.82,1.82,1.818,1.818,1.819,253.05748,2
1790815920,1.82,1.82,1.82,1.82,1.820,214.88533,1
1790815980,1.82,1.82,1.82,1.82,1.820,196.41509,1
1790816040,1.82,1.82,1.82,1.82,0.000,0.0,0
1790816100,1.82,1.82,1.82,1.82,1.820,218.97732,1
1790816160,1.82,1.82,1.82,1.82,0.000,0.0,0
1790816220,1.82,1.82,1.82,1.82,0.000,0.0,0
1790816280,1.82,1.82,1.82,1.82,1.820,280.41305,1
1790816340,1.82,1.82,1.82,1.82,0.000,0.0,0
1790816400,1.82,1.82,1.818,1.818,1.818,626.89033,4
1790816460,1.817,1.817,1.817,1.817,1.817,490.7891,2
1790816520,1.817,1.818,1.817,1.818,1.817,401.43914,2
1790816580,1.816,1.816,1.816,1.816,1.816,216.94255,1
1790816640,1.818,1.818,1.818,1.818,1.818,238.29195,1
1790816700,1.818,1.818,1.818,1.818,0.000,0.0,0
1790816760,1.821,1.822,1.82,1.82,1.820,530.46097,4
1790816820,1.82,1.82,1.82,1.82,0.000,0.0,0
1790816880,1.818,1.818,1.818,1.818,1.818,435.05848,2
1790816940,1.818,1.818,1.818,1.818,0.000,0.0,0
1790817000,1.818,1.818,1.818,1.818,0.000,0.0,0
1790817060,1.818,1.818,1.818,1.818,0.000,0.0,0
1790817120,1.818,1.818,1.818,1.818,0.000,0.0,0
1790817180,1.818,1.818,1.818,1.818,0.000,0.0,0
1790817240,1.818,1.818,1.818,1.818,0.000,0.0,0
1790817300,1.824,1.825,1.824,1.825,1.824,450.154,2
1790817360,1.825,1.825,1.825,1.825,0.000,0.0,0
1790817420,1.827,1.827,1.827,1.827,1.827,225.67288,1
1790817480,1.827,1.827,1.827,1.827,0.000,0.0,0
1790817540,1.83,1.83,1.83,1.83,1.830,211.65258,1
1790817600,1.83,1.83,1.83,1.83,0.000,0.0,0
1790817660,1.83,1.83,1.83,1.83,0.000,0.0,0
1790817720,1.83,1.83,1.83,1.83,0.000,0.0,0
1790817780,1.825,1.825,1.825,1.825,1.825,999.8,1
1790817840,1.825,1.825,1.825,1.825,0.000,0.0,0
1790817900,1.825,1.825,1.825,1.825,0.000,0.0,0
1790817960,1.825,1.825,1.825,1.825,0.000,0.0,0
1790818020,1.828,1.828,1.828,1.828,1.828,220.12973,1
1790818080,1.828,1.828,1.828,1.828,0.000,0.0,0
1790818140,1.828,1.828,1.828,1.828,0.000,0.0,0
1790818200,1.828,1.828,1.828,1.828,0.000,0.0,0
1790818260,1.828,1.828,1.828,1.828,0.000,0.0,0
1790818320,1.828,1.828,1.828,1.828,0.000,0.0,0
1790818380,1.828,1.828,1.828,1.828,0.000,0.0,0
1790818440,1.82,1.82,1.818,1.818,1.818,662.75284,4
1790818500,1.818,1.818,1.818,1.818,0.000,0.0,0
1790818560,1.818,1.818,1.818,1.818,0.000,0.0,0
1790818620,1.818,1.818,1.818,1.818,0.000,0.0,0
1790818680,1.818,1.818,1.818,1.818,0.000,0.0,0
1790818740,1.818,1.818,1.818,1.818,0.000,0.0,0
1790818800,1.819,1.819,1.819,1.819,1.819,112.5,2
1790818860,1.819,1.819,1.819,1.819,0.000,0.0,0
1790818920,1.819,1.819,1.819,1.819,0.000,0.0,0
1790818980,1.819,1.819,1.819,1.819,0.000,0.0,0
1790819040,1.819,1.819,1.819,1.819,0.000,0.0,0
1790819100,1.819,1.819,1.819,1.819,0.000,0.0,0
1790819160,1.819,1.819,1.819,1.819,0.000,0.0,0
1790819220,1.819,1.819,1.819,1.819,0.000,0.0,0
1790819280,1.819,1.819,1.819,1.819,0.000,0.0,0
1790819340,1.819,1.819,1.819,1.819,0.000,0.0,0
1790819400,1.819,1.819,1.819,1.819,0.000,0.0,0
1790819460,1.819,1.819,1.819,1.819,0.000,0.0,0
1790819520,1.819,1.819,1.819,1.819,0.000,0.0,0
1790819580,1.819,1.819,1.819,1.819,0.000,0.0,0
1790819640,1.819,1.819,1.819,1.819,0.000,0.0,0
1790819700,1.819,1.819,1.819,1.819,0.000,0.0,0
1790819760,1.819,1.819,1.819,1.819,0.000,0.0,0
1790819820,1.819,1.819,1.819,1.819,0.000,0.0,0
1790819880,1.819,1.819,1.819,1.819,0.000,0.0,0
1790819940,1.813,1.813,1.813,1.813,1.813,251.52347,2
1790820000,1.813,1.813,1.813,1.813,0.000,0.0,0
1790820060,1.813,1.813,1.813,1.813,0.000,0.0,0
1790820120,1.813,1.813,1.813,1.813,0.000,0.0,0
1790820180,1.813,1.813,1.813,1.813,0.000,0.0,0
1790820240,1.813,1.813,1.813,1.813,0.000,0.0,0
1790820300,1.813,1.813,1.813,1.813,0.000,0.0,0
1790820360,1.813,1.813,1.813,1.813,0.000,0.0,0
1790820420,1.813,1.813,1.813,1.813,0.000,0.0,0
1790820480,1.813,1.813,1.813,1.813,0.000,0.0,0
1790820540,1.813,1.813,1.813,1.813,0.000,0.0,0
1790820600,1.813,1.813,1.813,1.813,0.000,0.0,0
1790820660,1.813,1.813,1.813,1.813,0.000,0.0,0
1790820720,1.824,1.824,1.824,1.824,1.824,56.25,1
1790820780,1.824,1.824,1.824,1.824,0.000,0.0,0
1790820840,1.82,1.82,1.82,1.82,1.820,56.25,1
1790820900,1.82,1.82,1.82,1.82,0.000,0.0,0
1790820960,1.82,1.82,1.82,1.82,0.000,0.0,0
1790821020,1.817,1.817,1.817,1.817,1.817,112.5,1
1790821080,1.817,1.817,1.817,1.817,0.000,0.0,0
1790821140,1.817,1.817,1.817,1.817,0.000,0.0,0
1790821200,1.814,1.814,1.814,1.814,1.814,280.418,1
1790821260,1.814,1.814,1.814,1.814,0.000,0.0,0
1790821320,1.815,1.815,1.815,1.815,1.815,4.8661,1
1790821380,1.815,1.815,1.815,1.815,0.000,0.0,0
1790821440,1.815,1.815,1.815,1.815,0.000,0.0,0
1790821500,1.815,1.815,1.815,1.815,0.000,0.0,0
1790821560,1.815,1.815,1.815,1.815,0.000,0.0,0
1790821620,1.812,1.812,1.812,1.812,1.812,288.79718,1
1790821680,1.812,1.812,1.812,1.812,0.000,0.0,0
1790821740,1.817,1.826,1.817,1.826,1.820,444.40964,3
1790821800,1.834,1.853,1.834,1.845,1.843,5287.47342,27
1790821860,1.846,1.863,1.844,1.86,1.852,2040.37468,14
1790821920,1.86,1.878,1.86,1.878,1.866,1174.44077,6
1790821980,1.884,1.896,1.879,1.896,1.889,2082.50179,15
1790822040,1.893,1.893,1.876,1.876,1.884,704.84863,7
1790822100,1.876,1.876,1.873,1.873,1.875,304.6018,3
1790822160,1.873,1.881,1.872,1.872,1.876,1090.85729,9
1790822220,1.881,1.884,1.881,1.884,1.881,267.9017,2
1790822280,1.884,1.901,1.881,1.901,1.888,1197.63064,7
1790822340,1.89,1.89,1.887,1.887,1.889,1199.76227,6
1790822400,1.887,1.889,1.887,1.889,1.887,612.4895,3
1790822460,1.889,1.889,1.889,1.889,0.000,0.0,0
1790822520,1.89,1.891,1.888,1.89,1.890,797.98115,10
1790822580,1.891,1.901,1.891,1.901,1.895,720.17839,5
1790822640,1.903,1.909,1.901,1.909,1.904,850.11552,4
1790822700,1.906,1.906,1.905,1.906,1.905,794.9867,5
1790822760,1.905,1.905,1.903,1.903,1.904,593.103,5
1790822820,1.9,1.906,1.9,1.9,1.900,568.41268,4
1790822880,1.898,1.928,1.898,1.928,1.914,1579.33127,11
1790822940,1.938,1.938,1.938,1.938,1.938,238.22114,1
1790823000,1.939,1.948,1.939,1.948,1.943,680.1008,10
1790823060,1.944,1.944,1.939,1.939,1.941,494.15449,2
1790823120,1.936,1.941,1.932,1.941,1.938,959.42256,8
1790823180,1.947,1.948,1.941,1.945,1.944,1018.48169,5
1790823240,1.947,1.956,1.947,1.951,1.951,1088.25829,8
1790823300,1.953,1.961,1.953,1.958,1.956,1894.08061,10
1790823360,1.96,1.968,1.959,1.968,1.960,536.4694,5
1790823420,1.972,1.972,1.969,1.97,1.969,886.6112,4
1790823480,1.972,1.972,1.969,1.972,1.970,1309.91779,6
1790823540,1.975,1.982,1.975,1.982,1.977,648.66705,5
1790823600,1.982,1.982,1.981,1.981,1.981,222.5546,3
1790823660,1.969,1.975,1.968,1.975,1.970,1144.87932,12
1790823720,1.985,1.985,1.975,1.976,1.978,2167.90075,14
1790823780,1.966,1.966,1.946,1.946,1.952,1472.3412,17
1790823840,1.94,1.94,1.921,1.921,1.926,1439.26507,7
1790823900,1.933,1.939,1.933,1.936,1.935,1020.52824,7
1790823960,1.932,1.936,1.927,1.936,1.932,1374.91973,7
1790824020,1.937,1.937,1.931,1.935,1.935,1339.3992,8
1790824080,1.925,1.925,1.922,1.922,1.923,378.56218,4
1790824140,1.917,1.917,1.913,1.913,1.914,676.89507,4
1790824200,1.916,1.917,1.911,1.912,1.914,1427.7685,15
1790824260,1.916,1.92,1.916,1.92,1.916,965.20343,10
1790824320,1.917,1.918,1.917,1.918,1.917,263.41402,3
1790824380,1.919,1.921,1.919,1.919,1.919,1080.02252,3
1790824440,1.925,1.932,1.925,1.932,1.927,143.54342,3
1790824500,1.93,1.938,1.93,1.938,1.933,887.91639,4
1790824560,1.936,1.936,1.926,1.932,1.932,2176.02851,6
1790824620,1.929,1.934,1.929,1.934,1.932,881.6174,5
1790824680,1.932,1.932,1.932,1.932,1.932,191.4526,1
1790824740,1.929,1.934,1.929,1.934,1.929,465.18409,3
1790824800,1.926,1.928,1.926,1.928,1.926,439.6802,2
1790824860,1.925,1.925,1.925,1.925,1.925,235.2259,1
1790824920,1.918,1.918,1.918,1.918,1.918,229.01254,1
1790824980,1.918,1.918,1.918,1.918,1.918,222.52832,1
1790825040,1.915,1.915,1.914,1.914,1.914,295.53668,3
1790825100,1.912,1.919,1.912,1.919,1.915,728.80762,5
1790825160,1.918,1.918,1.918,1.918,1.918,240.4785,1
1790825220,1.917,1.917,1.917,1.917,1.917,221.3164,1
1790825280,1.913,1.914,1.913,1.914,1.913,474.10959,2
1790825340,1.922,1.923,1.922,1.923,1.922,266.08686,2
1790825400,1.921,1.921,1.92,1.92,1.920,495.72701,2
1790825460,1.918,1.919,1.918,1.919,1.918,535.89418,2
1790825520,1.926,1.927,1.924,1.924,1.925,1188.0734,8
1790825580,1.924,1.925,1.924,1.925,1.924,1221.23189,9
1790825640,1.925,1.925,1.925,1.925,0.000,0.0,0
1790825700,1.92,1.92,1.92,1.92,1.920,229.6808,1
1790825760,1.922,1.922,1.919,1.919,1.920,455.76734,4
1790825820,1.922,1.922,1.922,1.922,1.922,409.178,2
1790825880,1.922,1.922,1.922,1.922,0.000,0.0,0
1790825940,1.922,1.922,1.922,1.922,0.000,0.0,0
1790826000,1.917,1.917,1.917,1.917,1.917,36.5726,1
1790826060,1.917,1.917,1.917,1.917,0.000,0.0,0
1790826120,1.917,1.92,1.917,1.92,1.917,768.19051,3
1790826180,1.924,1.924,1.924,1.924,1.924,41.5321,2
1790826240,1.924,1.924,1.924,1.924,0.000,0.0,0
1790826300,1.92,1.922,1.92,1.922,1.920,536.6159,3
1790826360,1.922,1.922,1.922,1.922,0.000,0.0,0
1790826420,1.923,1.923,1.923,1.923,1.923,274.2827,1
1790826480,1.923,1.923,1.923,1.923,0.000,0.0,0
1790826540,1.918,1.918,1.918,1.918,1.918,41.95779,1
1790826600,1.915,1.918,1.915,1.918,1.916,409.8507,5
1790826660,1.918,1.918,1.916,1.916,1.917,465.42233,2
1790826720,1.916,1.916,1.916,1.916,1.916,240.31817,1
1790826780,1.914,1.914,1.914,1.914,1.914,424.3641,2
1790826840,1.914,1.914,1.914,1.914,0.000,0.0,0
1790826900,1.917,1.917,1.916,1.916,1.916,271.9418,2
1790826960,1.916,1.916,1.916,1.916,1.916,254.8368,3
1790827020,1.915,1.915,1.915,1.915,1.915,247.962,1
1790827080,1.92,1.926,1.92,1.923,1.923,1524.76446,10
1790827140,1.922,1.922,1.922,1.922,1.922,207.9992,1
1790827200,1.922,1.922,1.922,1.922,0.000,0.0,0
1790827260,1.922,1.922,1.922,1.922,0.000,0.0,0
1790827320,1.915,1.915,1.91,1.91,1.912,442.67228,2
1790827380,1.915,1.915,1.914,1.914,1.914,251.84902,2
1790827440,1.914,1.914,1.914,1.914,0.000,0.0,0
1790827500,1.912,1.912,1.908,1.908,1.911,226.3929,2
1790827560,1.909,1.914,1.909,1.914,1.911,520.1962,6
1790827620,1.914,1.914,1.914,1.914,0.000,0.0,0
1790827680,1.909,1.909,1.906,1.906,1.906,627.7024,3
1790827740,1.907,1.907,1.906,1.906,1.906,303.6785,4
1790827800,1.9,1.9,1.892,1.892,1.893,993.82102,6
1790827860,1.894,1.895,1.894,1.895,1.894,417.98043,3
1790827920,1.895,1.895,1.895,1.895,0.000,0.0,0
1790827980,1.894,1.894,1.892,1.892,1.892,263.39159,3
1790828040,1.896,1.896,1.896,1.896,1.896,199.4952,1
1790828100,1.893,1.893,1.893,1.893,1.893,200.6258,4
1790828160,1.899,1.899,1.899,1.899,1.899,237.0361,1
1790828220,1.899,1.899,1.899,1.899,0.000,0.0,0
1790828280,1.889,1.889,1.889,1.889,1.889,54.71774,1
1790828340,1.89,1.89,1.889,1.889,1.889,325.32633,6
1790828400,1.887,1.887,1.887,1.887,1.887,361.95502,6
1790828460,1.888,1.889,1.888,1.889,1.888,105.96027,2
1790828520,1.889,1.889,1.889,1.889,0.000,0.0,0
1790828580,1.889,1.889,1.889,1.889,0.000,0.0,0
1790828640,1.908,1.908,1.908,1.908,1.908,27.50555,1
1790828700,1.908,1.908,1.908,1.908,0.000,0.0,0
1790828760,1.908,1.908,1.908,1.908,0.000,0.0,0
1790828820,1.911,1.911,1.911,1.911,1.911,238.514,1
1790828880,1.911,1.911,1.911,1.911,0.000,0.0,0
1790828940,1.91,1.91,1.91,1.91,1.910,225.55425,1
1790829000,1.913,1.913,1.913,1.913,1.913,211.7875,1
1790829060,1.913,1.913,1.913,1.913,0.000,0.0,0
1790829120,1.913,1.913,1.913,1.913,0.000,0.0,0
1790829180,1.912,1.912,1.912,1.912,1.912,234.20145,1
1790829240,1.912,1.912,1.912,1.912,0.000,0.0,0
1790829300,1.911,1.911,1.911,1.911,1.911,198.8927,1
1790829360,1.911,1.911,1.911,1.911,0.000,0.0,0
1790829420,1.907,1.907,1.907,1.907,1.907,216.3669,1
1790829480,1.907,1.907,1.907,1.907,0.000,0.0,0
1790829540,1.907,1.907,1.907,1.907,0.000,0.0,0
1790829600,1.901,1.902,1.901,1.902,1.901,191.05387,2
1790829660,1.9,1.9,1.9,1.9,1.900,49.99997,3
1790829720,1.898,1.898,1.898,1.898,1.898,221.30947,1
1790829780,1.898,1.898,1.898,1.898,0.000,0.0,0
1790829840,1.898,1.898,1.898,1.898,0.000,0.0,0
1790829900,1.897,1.897,1.897,1.897,1.897,221.6157,1
1790829960,1.899,1.899,1.899,1.899,1.899,250.18357,1
1790830020,1.898,1.898,1.895,1.895,1.896,497.03856,2
1790830080,1.896,1.896,1.896,1.896,1.896,190.4246,1
1790830140,1.896,1.896,1.896,1.896,0.000,0.0,0
1790830200,1.896,1.896,1.896,1.896,0.000,0.0,0
1790830260,1.9,1.9,1.9,1.9,1.900,198.56872,1
1790830320,1.9,1.9,1.9,1.9,1.900,223.26456,1
1790830380,1.9,1.9,1.9,1.9,0.000,0.0,0
1790830440,1.9,1.9,1.9,1.9,0.000,0.0,0
1790830500,1.898,1.898,1.898,1.898,1.898,228.1232,1
1790830560,1.89,1.89,1.89,1.89,1.890,5.80804,1
1790830620,1.89,1.891,1.89,1.891,1.890,292.66833,2
1790830680,1.891,1.891,1.891,1.891,0.000,0.0,0
1790830740,1.892,1.893,1.892,1.893,1.892,490.06864,2
1790830800,1.894,1.894,1.894,1.894,1.894,6.12618,1
1790830860,1.894,1.894,1.893,1.893,1.893,239.8245,3
1790830920,1.893,1.893,1.893,1.893,0.000,0.0,0
1790830980,1.896,1.896,1.896,1.896,1.896,219.98042,1
1790831040,1.896,1.896,1.896,1.896,0.000,0.0,0
1790831100,1.896,1.896,1.896,1.896,0.000,0.0,0
1790831160,1.896,1.896,1.896,1.896,1.896,221.8252,1
1790831220,1.896,1.896,1.896,1.896,0.000,0.0,0
1790831280,1.896,1.896,1.896,1.896,0.000,0.0,0
1790831340,1.894,1.894,1.894,1.894,1.894,224.3259,1
1790831400,1.891,1.891,1.89,1.89,1.890,1947.08995,4
1790831460,1.892,1.892,1.892,1.892,1.892,279.49329,1
1790831520,1.892,1.892,1.892,1.892,0.000,0.0,0
1790831580,1.892,1.892,1.892,1.892,0.000,0.0,0
1790831640,1.892,1.892,1.892,1.892,1.892,270.55613,1
1790831700,1.89,1.89,1.89,1.89,1.890,293.4122,2
1790831760,1.89,1.89,1.89,1.89,0.000,0.0,0
1790831820,1.89,1.89,1.89,1.89,0.000,0.0,0
1790831880,1.89,1.89,1.89,1.89,0.000,0.0,0
1790831940,1.89,1.89,1.89,1.89,0.000,0.0,0
1790832000,1.89,1.89,1.89,1.89,0.000,0.0,0
1790832060,1.889,1.891,1.889,1.891,1.889,382.3302,3
1790832120,1.891,1.891,1.891,1.891,1.891,14.31128,1
1790832180,1.89,1.89,1.89,1.89,1.890,251.89551,1
1790832240,1.89,1.89,1.89,1.89,0.000,0.0,0
1790832300,1.887,1.887,1.887,1.887,1.887,225.6306,1
1790832360,1.885,1.889,1.885,1.889,1.886,609.92089,6
1790832420,1.889,1.889,1.889,1.889,0.000,0.0,0
1790832480,1.889,1.889,1.889,1.889,0.000,0.0,0
1790832540,1.89,1.89,1.89,1.89,1.890,276.77275,1
1790832600,1.893,1.893,1.893,1.893,1.893,278.27712,1
1790832660,1.895,1.897,1.895,1.895,1.895,830.47222,7
1790832720,1.9,1.9,1.9,1.9,1.900,202.1013,1
1790832780,1.898,1.898,1.897,1.897,1.897,880.45593,4
1790832840,1.899,1.9,1.899,1.9,1.899,205.74869,2
1790832900,1.899,1.899,1.899,1.899,1.899,201.76603,1
1790832960,1.899,1.899,1.899,1.899,0.000,0.0,0
1790833020,1.899,1.899,1.899,1.899,0.000,0.0,0
1790833080,1.899,1.899,1.899,1.899,0.000,0.0,0
1790833140,1.894,1.894,1.894,1.894,1.894,241.4016,2
1790833200,1.894,1.894,1.894,1.894,0.000,0.0,0
1790833260,1.89,1.89,1.89,1.89,1.890,50.0,1
1790833320,1.889,1.889,1.889,1.889,1.889,217.54774,1
1790833380,1.892,1.892,1.892,1.892,1.892,211.21691,1
1790833440,1.892,1.892,1.892,1.892,0.000,0.0,0
1790833500,1.892,1.892,1.892,1.892,0.000,0.0,0
1790833560,1.892,1.892,1.892,1.892,1.892,218.6124,1
1790833620,1.892,1.892,1.892,1.892,0.000,0.0,0
1790833680,1.892,1.892,1.892,1.892,0.000,0.0,0
1790833740,1.892,1.892,1.892,1.892,0.000,0.0,0
1790833800,1.895,1.895,1.894,1.894,1.894,42.54131,2
1790833860,1.894,1.894,1.894,1.894,0.000,0.0,0
1790833920,1.896,1.896,1.896,1.896,1.896,66.8136,1
1790833980,1.896,1.896,1.896,1.896,1.896,138.68176,1
1790834040,1.896,1.896,1.896,1.896,0.000,0.0,0
1790834100,1.896,1.896,1.896,1.896,0.000,0.0,0
1790834160,1.901,1.901,1.9,1.9,1.900,247.13888,2
1790834220,1.9,1.9,1.9,1.9,0.000,0.0,0
1790834280,1.9,1.9,1.9,1.9,0.000,0.0,0
1790834340,1.9,1.9,1.9,1.9,0.000,0.0,0
1790834400,1.9,1.9,1.9,1.9,0.000,0.0,0
1790834460,1.903,1.907,1.903,1.907,1.905,573.7758,4
1790834520,1.908,1.908,1.908,1.908,1.908,187.7884,1
1790834580,1.909,1.909,1.909,1.909,1.909,249.79624,1
1790834640,1.909,1.909,1.906,1.906,1.907,824.6525,3
1790834700,1.906,1.909,1.906,1.909,1.906,222.50995,3
1790834760,1.909,1.909,1.909,1.909,0.000,0.0,0
1790834820,1.909,1.909,1.909,1.909,0.000,0.0,0
1790834880,1.909,1.909,1.909,1.909,0.000,0.0,0
1790834940,1.902,1.902,1.902,1.902,1.902,230.05733,1
1790835000,1.902,1.902,1.902,1.902,1.902,234.0474,1
1790835060,1.903,1.903,1.903,1.903,1.903,233.86645,1
1790835120,1.903,1.903,1.903,1.903,0.000,0.0,0
1790835180,1.903,1.903,1.903,1.903,0.000,0.0,0
1790835240,1.903,1.903,1.903,1.903,0.000,0.0,0
1790835300,1.903,1.903,1.903,1.903,0.000,0.0,0
1790835360,1.903,1.903,1.903,1.903,0.000,0.0,0
1790835420,1.901,1.901,1.901,1.901,1.901,204.29898,1
1790835480,1.901,1.901,1.901,1.901,0.000,0.0,0
1790835540,1.901,1.902,1.901,1.902,1.901,392.70812,3
1790835600,1.902,1.902,1.902,1.902,0.000,0.0,0
1790835660,1.906,1.906,1.906,1.906,1.906,273.50582,1
1790835720,1.906,1.906,1.906,1.906,0.000,0.0,0
1790835780,1.91,1.91,1.907,1.907,1.907,256.23819,3
1790835840,1.916,1.916,1.916,1.916,1.916,21.06351,1
1790835900,1.917,1.917,1.917,1.917,1.917,241.76329,2
1790835960,1.917,1.917,1.917,1.917,0.000,0.0,0
1790836020,1.917,1.917,1.917,1.917,0.000,0.0,0
1790836080,1.917,1.917,1.917,1.917,0.000,0.0,0
1790836140,1.917,1.917,1.917,1.917,0.000,0.0,0
1790836200,1.917,1.917,1.917,1.917,0.000,0.0,0
1790836260,1.917,1.917,1.917,1.917,0.000,0.0,0
1790836320,1.911,1.913,1.909,1.909,1.911,1327.38617,4
1790836380,1.909,1.909,1.909,1.909,0.000,0.0,0
1790836440,1.91,1.91,1.91,1.91,1.910,41.16887,2
1790836500,1.91,1.91,1.91,1.91,1.910,32.96516,1
1790836560,1.91,1.91,1.91,1.91,0.000,0.0,0
1790836620,1.908,1.908,1.908,1.908,1.908,205.20194,1
1790836680,1.906,1.906,1.906,1.906,1.906,18.22209,1
1790836740,1.906,1.906,1.906,1.906,0.000,0.0,0
1790836800,1.906,1.906,1.906,1.906,0.000,0.0,0
1790836860,1.904,1.906,1.904,1.906,1.905,1061.66539,5
1790836920,1.906,1.906,1.906,1.906,0.000,0.0,0
1790836980,1.899,1.899,1.899,1.899,1.899,25.95306,1
1790837040,1.897,1.897,1.897,1.897,1.897,279.45773,1
1790837100,1.898,1.9,1.898,1.9,1.898,621.64901,3
1790837160,1.9,1.9,1.9,1.9,0.000,0.0,0
1790837220,1.9,1.9,1.9,1.9,0.000,0.0,0
1790837280,1.9,1.9,1.9,1.9,0.000,0.0,0
1790837340,1.9,1.9,1.9,1.9,0.000,0.0,0
1790837400,1.896,1.896,1.893,1.893,1.894,472.71916,2
1790837460,1.893,1.893,1.893,1.893,0.000,0.0,0
1790837520,1.893,1.893,1.893,1.893,0.000,0.0,0
1790837580,1.898,1.898,1.898,1.898,1.898,33.59836,1
1790837640,1.898,1.898,1.898,1.898,0.000,0.0,0
1790837700,1.897,1.897,1.897,1.897,1.897,13.16482,1
1790837760,1.897,1.897,1.897,1.897,0.000,0.0,0
1790837820,1.897,1.897,1.897,1.897,0.000,0.0,0
1790837880,1.893,1.893,1.893,1.893,1.893,239.0689,1
1790837940,1.893,1.893,1.893,1.893,0.000,0.0,0
1790838000,1.893,1.893,1.893,1.893,0.000,0.0,0
1790838060,1.893,1.893,1.893,1.893,0.000,0.0,0
1790838120,1.893,1.893,1.893,1.893,0.000,0.0,0
1790838180,1.893,1.893,1.893,1.893,0.000,0.0,0
1790838240,1.893,1.893,1.893,1.893,0.000,0.0,0
1790838300,1.893,1.893,1.893,1.893,0.000,0.0,0
1790838360,1.895,1.895,1.895,1.895,1.895,5.40135,1
1790838420,1.895,1.895,1.895,1.895,0.000,0.0,0
1790838480,1.895,1.895,1.895,1.895,0.000,0.0,0
1790838540,1.895,1.895,1.895,1.895,0.000,0.0,0
1790838600,1.895,1.895,1.895,1.895,0.000,0.0,0
1790838660,1.895,1.895,1.895,1.895,0.000,0.0,0
1790838720,1.896,1.896,1.896,1.896,1.896,206.71995,1
1790838780,1.893,1.893,1.893,1.893,1.893,112.5,1
1790838840,1.893,1.893,1.893,1.893,0.000,0.0,0
1790838900,1.89,1.89,1.89,1.89,1.890,195.91616,1
1790838960,1.89,1.89,1.89,1.89,0.000,0.0,0
1790839020,1.887,1.887,1.887,1.887,1.887,234.9421,1
1790839080,1.887,1.887,1.887,1.887,0.000,0.0,0
1790839140,1.887,1.887,1.887,1.887,0.000,0.0,0
1790839200,1.887,1.888,1.887,1.888,1.887,168.75,3
1790839260,1.883,1.883,1.883,1.883,1.883,56.25,1
1790839320,1.883,1.883,1.883,1.883,0.000,0.0,0
1790839380,1.883,1.883,1.883,1.883,0.000,0.0,0
1790839440,1.878,1.878,1.875,1.875,1.876,597.47705,3
1790839500,1.87,1.87,1.868,1.868,1.868,507.17354,2
1790839560,1.856,1.859,1.851,1.851,1.855,413.10183,4
1790839620,1.851,1.851,1.85,1.851,1.850,1038.36615,4
1790839680,1.851,1.851,1.851,1.851,0.000,0.0,0
1790839740,1.853,1.853,1.853,1.853,1.853,204.4284,1
1790839800,1.853,1.853,1.853,1.853,0.000,0.0,0
1790839860,1.853,1.853,1.853,1.853,0.000,0.0,0
1790839920,1.853,1.853,1.853,1.853,0.000,0.0,0
1790839980,1.868,1.868,1.868,1.868,1.868,268.3845,1
1790840040,1.868,1.868,1.868,1.868,0.000,0.0,0
1790840100,1.864,1.864,1.864,1.864,1.864,17.76755,1
1790840160,1.857,1.857,1.848,1.848,1.856,273.54486,2
1790840220,1.845,1.847,1.845,1.847,1.846,911.03759,4
1790840280,1.843,1.843,1.832,1.84,1.838,1791.48369,12
1790840340,1.84,1.84,1.84,1.84,0.000,0.0,0
1790840400,1.829,1.829,1.826,1.826,1.827,627.27541,4
1790840460,1.823,1.825,1.817,1.823,1.822,1210.62835,9
1790840520,1.821,1.821,1.82,1.821,1.820,364.06544,3
1790840580,1.822,1.822,1.822,1.822,1.822,210.7762,2
1790840640,1.812,1.812,1.796,1.796,1.806,2114.20153,8
1790840700,1.807,1.808,1.807,1.808,1.807,452.40931,2
1790840760,1.812,1.817,1.812,1.817,1.816,488.61521,3
1790840820,1.817,1.817,1.817,1.817,0.000,0.0,0
1790840880,1.817,1.818,1.817,1.818,1.817,474.86196,2
1790840940,1.818,1.818,1.818,1.818,0.000,0.0,0
1790841000,1.818,1.818,1.818,1.818,0.000,0.0,0
1790841060,1.818,1.818,1.818,1.818,0.000,0.0,0
1790841120,1.818,1.818,1.818,1.818,0.000,0.0,0
1790841180,1.818,1.818,1.818,1.818,1.818,368.5879,2
1790841240,1.819,1.819,1.819,1.819,1.819,235.19132,1
1790841300,1.819,1.819,1.819,1.819,0.000,0.0,0
1790841360,1.819,1.819,1.819,1.819,0.000,0.0,0
1790841420,1.814,1.814,1.813,1.813,1.813,267.97811,2
1790841480,1.813,1.813,1.813,1.813,0.000,0.0,0
1790841540,1.813,1.813,1.813,1.813,1.813,229.7247,3
1790841600,1.816,1.816,1.816,1.816,1.816,9.59588,1
1790841660,1.817,1.817,1.817,1.817,1.817,124.9855,1
1790841720,1.817,1.817,1.817,1.817,0.000,0.0,0
1790841780,1.817,1.817,1.817,1.817,0.000,0.0,0
1790841840,1.817,1.817,1.817,1.817,0.000,0.0,0
1790841900,1.817,1.817,1.817,1.817,0.000,0.0,0
1790841960,1.814,1.816,1.814,1.816,1.815,321.46851,2
1790842020,1.817,1.817,1.817,1.817,1.817,120.849,1
1790842080,1.817,1.817,1.817,1.817,0.000,0.0,0
1790842140,1.817,1.817,1.817,1.817,0.000,0.0,0
1790842200,1.817,1.817,1.817,1.817,0.000,0.0,0
1790842260,1.807,1.807,1.807,1.807,1.807,224.14585,1
1790842320,1.807,1.807,1.807,1.807,0.000,0.0,0
1790842380,1.807,1.807,1.807,1.807,0.000,0.0,0
1790842440,1.807,1.807,1.807,1.807,0.000,0.0,0
1790842500,1.809,1.809,1.809,1.809,1.809,215.03001,1
1790842560,1.811,1.811,1.81,1.81,1.810,427.91942,4
1790842620,1.81,1.81,1.81,1.81,0.000,0.0,0
1790842680,1.815,1.815,1.815,1.815,1.815,291.13844,1
1790842740,1.815,1.815,1.815,1.815,0.000,0.0,0
1790842800,1.815,1.815,1.815,1.815,0.000,0.0,0
1790842860,1.809,1.811,1.809,1.811,1.809,501.88416,2
1790842920,1.811,1.811,1.811,1.811,0.000,0.0,0
1790842980,1.811,1.811,1.811,1.811,0.000,0.0,0
1790843040,1.811,1.811,1.811,1.811,0.000,0.0,0
1790843100,1.812,1.812,1.812,1.812,1.812,583.15787,6
1790843160,1.816,1.817,1.816,1.817,1.816,661.361,7
1790843220,1.817,1.817,1.817,1.817,0.000,0.0,0
1790843280,1.817,1.817,1.817,1.817,0.000,0.0,0
1790843340,1.817,1.817,1.817,1.817,0.000,0.0,0
1790843400,1.817,1.817,1.817,1.817,0.000,0.0,0
1790843460,1.817,1.817,1.817,1.817,0.000,0.0,0
1790843520,1.817,1.817,1.817,1.817,0.000,0.0,0
1790843580,1.808,1.812,1.808,1.812,1.808,282.48917,3
1790843640,1.805,1.805,1.805,1.805,1.805,232.91438,1
1790843700,1.804,1.804,1.801,1.801,1.801,304.91626,3
1790843760,1.801,1.801,1.801,1.801,0.000,0.0,0
1790843820,1.807,1.807,1.807,1.807,1.807,69.5798,1
1790843880,1.807,1.807,1.807,1.807,0.000,0.0,0
1790843940,1.807,1.807,1.807,1.807,0.000,0.0,0
1790844000,1.813,1.813,1.813,1.813,1.813,228.82543,1
1790844060,1.813,1.813,1.813,1.813,0.000,0.0,0
1790844120,1.813,1.813,1.813,1.813,0.000,0.0,0
1790844180,1.813,1.813,1.813,1.813,0.000,0.0,0
1790844240,1.813,1.813,1.813,1.813,0.000,0.0,0
1790844300,1.813,1.813,1.813,1.813,0.000,0.0,0
1790844360,1.813,1.813,1.813,1.813,0.000,0.0,0
1790844420,1.813,1.813,1.813,1.813,0.000,0.0,0
1790844480,1.813,1.813,1.813,1.813,0.000,0.0,0
1790844540,1.813,1.813,1.813,1.813,0.000,0.0,0
1790844600,1.813,1.813,1.813,1.813,0.000,0.0,0
1790844660,1.813,1.813,1.813,1.813,0.000,0.0,0
1790844720,1.813,1.813,1.813,1.813,0.000,0.0,0
1790844780,1.821,1.821,1.821,1.821,1.821,11.42802,1
1790844840,1.821,1.821,1.821,1.821,0.000,0.0,0
1790844900,1.821,1.821,1.821,1.821,0.000,0.0,0
1790844960,1.828,1.828,1.828,1.828,1.828,205.101,1
1790845020,1.828,1.828,1.828,1.828,0.000,0.0,0
1790845080,1.828,1.828,1.828,1.828,0.000,0.0,0
1790845140,1.828,1.828,1.828,1.828,0.000,0.0,0
1790845200,1.828,1.828,1.828,1.828,0.000,0.0,0
1790845260,1.828,1.828,1.828,1.828,0.000,0.0,0
1790845320,1.828,1.828,1.828,1.828,0.000,0.0,0
1790845380,1.828,1.828,1.828,1.828,0.000,0.0,0
1790845440,1.828,1.828,1.828,1.828,0.000,0.0,0
1790845500,1.828,1.828,1.828,1.828,0.000,0.0,0
1790845560,1.829,1.829,1.829,1.829,1.829,251.7567,3
1790845620,1.829,1.829,1.829,1.829,0.000,0.0,0
1790845680,1.829,1.829,1.829,1.829,0.000,0.0,0
1790845740,1.829,1.829,1.829,1.829,0.000,0.0,0
1790845800,1.829,1.829,1.829,1.829,0.000,0.0,0
1790845860,1.829,1.829,1.829,1.829,0.000,0.0,0
1790845920,1.832,1.832,1.832,1.832,1.832,29.95703,1
1790845980,1.832,1.832,1.832,1.832,1.832,13.79015,1
1790846040,1.833,1.833,1.833,1.833,1.833,210.4695,1
1790846100,1.833,1.833,1.833,1.833,0.000,0.0,0
1790846160,1.833,1.833,1.833,1.833,0.000,0.0,0
1790846220,1.83,1.83,1.83,1.83,1.830,234.34457,1
1790846280,1.83,1.83,1.83,1.83,1.830,285.51694,1
1790846340,1.83,1.83,1.83,1.83,0.000,0.0,0
1790846400,1.831,1.831,1.831,1.831,1.831,4.03002,1
1790846460,1.832,1.832,1.832,1.832,1.832,232.41504,2
1790846520,1.832,1.832,1.832,1.832,0.000,0.0,0
1790846580,1.832,1.832,1.832,1.832,0.000,0.0,0
1790846640,1.832,1.832,1.832,1.832,0.000,0.0,0
1790846700,1.832,1.832,1.832,1.832,0.000,0.0,0
1790846760,1.832,1.832,1.832,1.832,0.000,0.0,0
1790846820,1.834,1.834,1.834,1.834,1.834,196.7892,1
1790846880,1.834,1.834,1.834,1.834,0.000,0.0,0
1790846940,1.834,1.834,1.834,1.834,0.000,0.0,0
1790847000,1.834,1.834,1.834,1.834,0.000,0.0,0
1790847060,1.834,1.834,1.834,1.834,0.000,0.0,0
1790847120,1.836,1.836,1.836,1.836,1.836,230.93726,1
1790847180,1.836,1.836,1.836,1.836,0.000,0.0,0
1790847240,1.833,1.833,1.833,1.833,1.833,44.0058,1
1790847300,1.833,1.833,1.833,1.833,0.000,0.0,0
1790847360,1.834,1.834,1.834,1.834,1.834,4.82618,1
1790847420,1.834,1.834,1.834,1.834,0.000,0.0,0
1790847480,1.834,1.834,1.834,1.834,0.000,0.0,0
1790847540,1.834,1.834,1.834,1.834,0.000,0.0,0
1790847600,1.834,1.834,1.834,1.834,0.000,0.0,0
1790847660,1.834,1.834,1.834,1.834,0.000,0.0,0
1790847720,1.829,1.829,1.829,1.829,1.829,237.50163,1
1790847780,1.829,1.829,1.829,1.829,0.000,0.0,0
1790847840,1.83,1.83,1.83,1.83,1.830,53.02806,3
1790847900,1.829,1.829,1.829,1.829,1.829,96.54158,3
1790847960,1.828,1.828,1.827,1.827,1.827,304.21612,4
1790848020,1.827,1.827,1.827,1.827,0.000,0.0,0
1790848080,1.827,1.827,1.827,1.827,0.000,0.0,0
1790848140,1.827,1.827,1.827,1.827,0.000,0.0,0
1790848200,1.822,1.822,1.822,1.822,1.822,15.23595,1
1790848260,1.822,1.822,1.822,1.822,0.000,0.0,0
1790848320,1.822,1.822,1.822,1.822,0.000,0.0,0
1790848380,1.822,1.822,1.822,1.822,0.000,0.0,0
1790848440,1.819,1.819,1.819,1.819,1.819,13.71195,1
1790848500,1.819,1.819,1.819,1.819,0.000,0.0,0
1790848560,1.816,1.816,1.816,1.816,1.816,211.1442,3
1790848620,1.816,1.816,1.816,1.816,0.000,0.0,0
1790848680,1.819,1.819,1.819,1.819,1.819,207.35841,1
1790848740,1.819,1.819,1.819,1.819,0.000,0.0,0
1790848800,1.821,1.821,1.821,1.821,1.821,238.4581,1
1790848860,1.815,1.815,1.81,1.81,1.810,256.57197,2
1790848920,1.804,1.809,1.804,1.809,1.807,78.7216,2
1790848980,1.809,1.809,1.809,1.809,0.000,0.0,0
1790849040,1.807,1.807,1.807,1.807,1.807,56.25,1
1790849100,1.804,1.804,1.802,1.802,1.802,539.23986,5
1790849160,1.8,1.8,1.794,1.794,1.797,550.89241,5
1790849220,1.803,1.803,1.803,1.803,1.803,242.11963,2
1790849280,1.815,1.815,1.815,1.815,1.815,4.05768,1
1790849340,1.816,1.816,1.816,1.816,1.816,12.11448,1
1790849400,1.816,1.816,1.816,1.816,0.000,0.0,0
1790849460,1.808,1.81,1.808,1.81,1.809,451.44845,4
1790849520,1.81,1.81,1.81,1.81,0.000,0.0,0
1790849580,1.812,1.812,1.812,1.812,1.812,252.5871,1
1790849640,1.812,1.812,1.812,1.812,0.000,0.0,0
1790849700,1.813,1.813,1.813,1.813,1.813,845.95036,7
1790849760,1.813,1.813,1.813,1.813,1.813,4.62911,1
1790849820,1.811,1.813,1.811,1.813,1.811,576.59083,2
1790849880,1.811,1.811,1.811,1.811,1.811,280.9338,3
1790849940,1.815,1.816,1.815,1.816,1.815,18.17569,2
1790850000,1.816,1.816,1.816,1.816,0.000,0.0,0
1790850060,1.816,1.818,1.816,1.818,1.817,489.37149,6
1790850120,1.818,1.818,1.818,1.818,0.000,0.0,0
1790850180,1.814,1.814,1.814,1.814,1.814,101.3002,1
1790850240,1.814,1.814,1.814,1.814,0.000,0.0,0
1790850300,1.814,1.814,1.814,1.814,0.000,0.0,0
1790850360,1.813,1.813,1.813,1.813,1.813,480.8599,2
1790850420,1.812,1.812,1.812,1.812,1.812,199.6588,1
1790850480,1.811,1.811,1.811,1.811,1.811,99.9081,1
1790850540,1.813,1.813,1.813,1.813,1.813,30.37092,1
1790850600,1.813,1.813,1.813,1.813,0.000,0.0,0
1790850660,1.816,1.816,1.816,1.816,1.816,288.06743,1
1790850720,1.816,1.816,1.816,1.816,0.000,0.0,0
1790850780,1.816,1.816,1.816,1.816,0.000,0.0,0
1790850840,1.816,1.816,1.816,1.816,0.000,0.0,0
1790850900,1.821,1.822,1.821,1.822,1.821,248.50162,2
1790850960,1.822,1.822,1.822,1.822,0.000,0.0,0
1790851020,1.822,1.822,1.822,1.822,0.000,0.0,0
1790851080,1.822,1.822,1.822,1.822,0.000,0.0,0
1790851140,1.82,1.82,1.82,1.82,1.820,62.33115,1
1790851200,1.82,1.82,1.82,1.82,1.820,288.68396,3
1790851260,1.822,1.822,1.821,1.821,1.821,279.40352,2
1790851320,1.821,1.821,1.821,1.821,0.000,0.0,0
1790851380,1.821,1.821,1.821,1.821,0.000,0.0,0
1790851440,1.827,1.827,1.827,1.827,1.827,194.60938,1
1790851500,1.827,1.827,1.827,1.827,0.000,0.0,0
1790851560,1.827,1.827,1.827,1.827,0.000,0.0,0
1790851620,1.827,1.827,1.827,1.827,0.000,0.0,0
1790851680,1.827,1.827,1.827,1.827,0.000,0.0,0
1790851740,1.83,1.83,1.83,1.83,1.830,279.92253,1
1790851800,1.83,1.83,1.83,1.83,0.000,0.0,0
1790851860,1.83,1.83,1.83,1.83,0.000,0.0,0
1790851920,1.83,1.83,1.83,1.83,0.000,0.0,0
1790851980,1.828,1.828,1.828,1.828,1.828,229.3859,1
1790852040,1.828,1.828,1.828,1.828,0.000,0.0,0
1790852100,1.83,1.83,1.83,1.83,1.830,25.13595,1
1790852160,1.83,1.83,1.83,1.83,0.000,0.0,0
1790852220,1.826,1.826,1.826,1.826,1.826,207.01473,1
1790852280,1.826,1.826,1.826,1.826,0.000,0.0,0
1790852340,1.827,1.827,1.827,1.827,1.827,258.03899,1
1790852400,1.825,1.825,1.824,1.824,1.824,346.05453,3
1790852460,1.824,1.824,1.824,1.824,0.000,0.0,0
1790852520,1.824,1.824,1.824,1.824,0.000,0.0,0
1790852580,1.824,1.824,1.824,1.824,0.000,0.0,0
1790852640,1.822,1.822,1.822,1.822,1.822,268.0306,3
1790852700,1.821,1.821,1.821,1.821,1.821,3.74706,1
1790852760,1.825,1.825,1.825,1.825,1.825,252.6998,3
1790852820,1.825,1.825,1.825,1.825,0.000,0.0,0
1790852880,1.825,1.825,1.825,1.825,0.000,0.0,0
1790852940,1.825,1.825,1.825,1.825,0.000,0.0,0
1790853000,1.825,1.825,1.825,1.825,0.000,0.0,0
1790853060,1.825,1.825,1.825,1.825,0.000,0.0,0
1790853120,1.824,1.824,1.824,1.824,1.824,236.14268,1
1790853180,1.824,1.824,1.824,1.824,0.000,0.0,0
1790853240,1.824,1.824,1.824,1.824,0.000,0.0,0
1790853300,1.824,1.824,1.824,1.824,1.824,227.6942,1
1790853360,1.824,1.824,1.824,1.824,0.000,0.0,0
1790853420,1.824,1.824,1.824,1.824,1.824,236.15091,2
1790853480,1.824,1.824,1.824,1.824,0.000,0.0,0
1790853540,1.824,1.824,1.824,1.824,0.000,0.0,0
1790853600,1.825,1.825,1.825,1.825,1.825,216.47408,1
1790853660,1.825,1.825,1.825,1.825,0.000,0.0,0
1790853720,1.829,1.829,1.829,1.829,1.829,13.0,2
1790853780,1.828,1.828,1.828,1.828,1.828,6.5,1
1790853840,1.828,1.828,1.828,1.828,0.000,0.0,0
1790853900,1.826,1.826,1.826,1.826,1.826,274.44051,1
1790853960,1.826,1.826,1.826,1.826,0.000,0.0,0
1790854020,1.829,1.83,1.829,1.83,1.829,150.75,2
1790854080,1.83,1.83,1.83,1.83,0.000,0.0,0
1790854140,1.83,1.83,1.83,1.83,1.830,5.0,1
1790854200,1.83,1.83,1.83,1.83,0.000,0.0,0
1790854260,1.83,1.83,1.83,1.83,0.000,0.0,0
1790854320,1.83,1.83,1.83,1.83,0.000,0.0,0
1790854380,1.828,1.828,1.828,1.828,1.828,72.37705,2
1790854440,1.828,1.828,1.828,1.828,0.000,0.0,0
1790854500,1.829,1.829,1.829,1.829,1.829,233.54955,2
1790854560,1.828,1.828,1.828,1.828,1.828,5.0,1
1790854620,1.83,1.832,1.83,1.832,1.831,327.5,4
1790854680,1.834,1.834,1.834,1.834,1.834,250.56614,2
1790854740,1.834,1.834,1.834,1.834,0.000,0.0,0
1790854800,1.833,1.833,1.833,1.833,1.833,16.39823,1
1790854860,1.833,1.833,1.833,1.833,0.000,0.0,0
1790854920,1.833,1.833,1.833,1.833,1.833,265.02274,1
1790854980,1.833,1.833,1.833,1.833,0.000,0.0,0
1790855040,1.834,1.834,1.834,1.834,1.834,96.25113,2
1790855100,1.834,1.834,1.834,1.834,0.000,0.0,0
1790855160,1.834,1.834,1.834,1.834,1.834,455.199,3
1790855220,1.834,1.834,1.834,1.834,1.834,241.4694,4
1790855280,1.833,1.833,1.833,1.833,1.833,13.63868,1
1790855340,1.833,1.833,1.833,1.833,0.000,0.0,0
1790855400,1.832,1.832,1.832,1.832,1.832,254.0094,2
1790855460,1.835,1.835,1.835,1.835,1.835,263.45665,3
1790855520,1.836,1.836,1.834,1.834,1.834,200.68673,7
1790855580,1.834,1.834,1.834,1.834,0.000,0.0,0
1790855640,1.835,1.835,1.834,1.834,1.834,29.34172,2
1790855700,1.834,1.834,1.834,1.834,0.000,0.0,0
1790855760,1.834,1.834,1.834,1.834,1.834,6.16151,2
1790855820,1.834,1.834,1.834,1.834,0.000,0.0,0
1790855880,1.834,1.834,1.834,1.834,0.000,0.0,0
1790855940,1.834,1.834,1.834,1.834,0.000,0.0,0
1790856000,1.838,1.838,1.838,1.838,1.838,168.5618,2
1790856060,1.838,1.838,1.838,1.838,0.000,0.0,0
1790856120,1.838,1.838,1.838,1.838,0.000,0.0,0
1790856180,1.838,1.838,1.838,1.838,0.000,0.0,0
1790856240,1.838,1.838,1.838,1.838,0.000,0.0,0
1790856300,1.838,1.838,1.838,1.838,0.000,0.0,0
1790856360,1.838,1.838,1.838,1.838,0.000,0.0,0
1790856420,1.838,1.838,1.838,1.838,0.000,0.0,0
1790856480,1.834,1.834,1.834,1.834,1.834,2.51508,1
1790856540,1.834,1.834,1.834,1.834,0.000,0.0,0
1790856600,1.834,1.834,1.834,1.834,0.000,0.0,0
1790856660,1.834,1.834,1.834,1.834,0.000,0.0,0
1790856720,1.834,1.834,1.834,1.834,0.000,0.0,0
1790856780,1.834,1.834,1.834,1.834,0.000,0.0,0
1790856840,1.834,1.834,1.834,1.834,0.000,0.0,0
1790856900,1.84,1.84,1.84,1.84,1.840,227.6243,1
1790856960,1.84,1.84,1.84,1.84,0.000,0.0,0
1790857020,1.84,1.84,1.84,1.84,0.000,0.0,0
1790857080,1.84,1.84,1.84,1.84,0.000,0.0,0
1790857140,1.84,1.84,1.84,1.84,0.000,0.0,0
1790857200,1.835,1.835,1.835,1.835,1.835,6.5,1
1790857260,1.835,1.835,1.835,1.835,0.000,0.0,0
1790857320,1.832,1.832,1.832,1.832,1.832,282.22998,1
1790857380,1.83,1.83,1.83,1.83,1.830,5.0,1
1790857440,1.83,1.83,1.83,1.83,0.000,0.0,0
1790857500,1.83,1.83,1.83,1.83,0.000,0.0,0
1790857560,1.826,1.828,1.826,1.828,1.826,299.62743,2
1790857620,1.827,1.827,1.825,1.825,1.825,2367.7461,3
1790857680,1.825,1.825,1.825,1.825,0.000,0.0,0
1790857740,1.83,1.83,1.83,1.83,1.830,220.2819,1
1790857800,1.829,1.829,1.829,1.829,1.829,60.9681,1
1790857860,1.829,1.829,1.829,1.829,1.829,269.03227,1
1790857920,1.829,1.829,1.829,1.829,0.000,0.0,0
1790857980,1.829,1.829,1.829,1.829,0.000,0.0,0
1790858040,1.834,1.834,1.834,1.834,1.834,216.0665,2
1790858100,1.834,1.834,1.834,1.834,0.000,0.0,0
1790858160,1.834,1.834,1.834,1.834,0.000,0.0,0
1790858220,1.834,1.834,1.834,1.834,0.000,0.0,0
1790858280,1.834,1.834,1.834,1.834,0.000,0.0,0
1790858340,1.834,1.834,1.834,1.834,0.000,0.0,0
1790858400,1.834,1.834,1.834,1.834,0.000,0.0,0
1790858460,1.834,1.834,1.834,1.834,0.000,0.0,0
1790858520,1.834,1.834,1.834,1.834,0.000,0.0,0
1790858580,1.834,1.834,1.834,1.834,0.000,0.0,0
1790858640,1.834,1.834,1.834,1.834,0.000,0.0,0
1790858700,1.834,1.834,1.834,1.834,0.000,0.0,0
1790858760,1.834,1.834,1.834,1.834,0.000,0.0,0
1790858820,1.834,1.834,1.834,1.834,0.000,0.0,0
1790858880,1.834,1.834,1.834,1.834,0.000,0.0,0
1790858940,1.834,1.834,1.834,1.834,0.000,0.0,0
1790859000,1.826,1.826,1.826,1.826,1.826,796.4335,4
1790859060,1.826,1.826,1.826,1.826,0.000,0.0,0
1790859120,1.827,1.828,1.827,1.828,1.827,15.0,3
1790859180,1.828,1.828,1.828,1.828,0.000,0.0,0
1790859240,1.828,1.828,1.828,1.828,0.000,0.0,0
1790859300,1.824,1.824,1.824,1.824,1.824,5.0,1
1790859360,1.824,1.824,1.824,1.824,0.000,0.0,0
1790859420,1.824,1.824,1.824,1.824,0.000,0.0,0
1790859480,1.824,1.824,1.824,1.824,0.000,0.0,0
1790859540,1.824,1.824,1.824,1.824,0.000,0.0,0
