time,open,high,low,close,vwap,volume,count
1790639760,1305.744,1305.744,1305.744,1305.744,0.000,0.0,0
1790639820,1305.744,1305.744,1305.744,1305.744,0.000,0.0,0
1790639880,1305.744,1305.744,1305.744,1305.744,0.000,0.0,0
1790639940,1305.744,1305.744,1305.744,1305.744,0.000,0.0,0
1790640000,1304.725,1304.725,1304.725,1304.725,1304.725,0.0244445,1
1790640060,1303.38,1303.4,1303.38,1303.4,1303.390,0.26,2
1790640120,1303.4,1303.4,1303.4,1303.4,0.000,0.0,0
1790640180,1303.4,1303.4,1303.4,1303.4,0.000,0.0,0
1790640240,1307.0,1307.0,1307.0,1307.0,1307.000,0.0765111,1
1790640300,1306.544,1306.544,1306.544,1306.544,1306.544,0.4214641,2
1790640360,1306.912,1306.912,1306.912,1306.912,1306.912,0.5652613,2
1790640420,1306.912,1306.912,1306.912,1306.912,0.000,0.0,0
1790640480,1306.174,1306.174,1306.165,1306.165,1306.169,0.2181,3
1790640540,1306.165,1306.165,1306.165,1306.165,0.000,0.0,0
1790640600,1306.165,1306.165,1306.165,1306.165,0.000,0.0,0
1790640660,1304.955,1305.976,1304.826,1305.976,1305.361,1.34007045,7
1790640720,1303.602,1303.602,1303.602,1303.602,1303.602,0.01,1
1790640780,1304.562,1304.562,1304.562,1304.562,1304.562,0.09592,1
1790640840,1304.562,1304.562,1304.562,1304.562,0.000,0.0,0
1790640900,1307.0,1307.0,1307.0,1307.0,1307.000,3.56000062,1
1790640960,1307.0,1307.0,1307.0,1307.0,0.000,0.0,0
1790641020,1307.0,1307.0,1307.0,1307.0,0.000,0.0,0
1790641080,1307.0,1307.0,1307.0,1307.0,0.000,0.0,0
1790641140,1307.0,1307.0,1307.0,1307.0,0.000,0.0,0
1790641200,1307.0,1307.0,1307.0,1307.0,0.000,0.0,0
1790641260,1307.0,1307.0,1307.0,1307.0,0.000,0.0,0
1790641320,1300.63,1302.625,1300.63,1301.795,1301.567,4.00417672,15
1790641380,1300.0,1300.0,1300.0,1300.0,1300.000,0.3380923,3
1790641440,1300.0,1300.0,1300.0,1300.0,0.000,0.0,0
1790641500,1300.0,1300.0,1300.0,1300.0,0.000,0.0,0
1790641560,1302.767,1302.767,1302.767,1302.767,1302.767,0.13205348,1
1790641620,1302.767,1302.767,1302.767,1302.767,0.000,0.0,0
1790641680,1303.28,1303.28,1303.28,1303.28,1303.280,0.42955139,1
1790641740,1303.28,1303.28,1303.28,1303.28,0.000,0.0,0
1790641800,1303.28,1303.28,1303.28,1303.28,0.000,0.0,0
1790641860,1303.28,1303.28,1303.28,1303.28,0.000,0.0,0
1790641920,1303.28,1303.28,1303.28,1303.28,0.000,0.0,0
1790641980,1306.86,1307.0,1306.86,1307.0,1306.999,6.46367231,17
1790642040,1307.0,1307.0,1307.0,1307.0,0.000,0.0,0
1790642100,1307.0,1307.0,1307.0,1307.0,0.000,0.0,0
1790642160,1309.152,1309.152,1309.152,1309.152,1309.152,0.1412464,1
1790642220,1308.321,1308.461,1308.321,1308.461,1308.353,1.2026164,9
1790642280,1308.863,1308.863,1308.436,1308.436,1308.664,2.00898559,3
1790642340,1308.436,1308.436,1308.436,1308.436,0.000,0.0,0
1790642400,1308.436,1308.436,1308.436,1308.436,0.000,0.0,0
1790642460,1308.436,1308.436,1308.436,1308.436,0.000,0.0,0
1790642520,1308.436,1308.436,1308.436,1308.436,0.000,0.0,0
1790642580,1308.263,1308.795,1308.263,1308.795,1308.733,1.12939264,3
1790642640,1308.795,1308.795,1308.795,1308.795,0.000,0.0,0
1790642700,1307.098,1307.098,1307.098,1307.098,1307.098,0.13,1
1790642760,1307.098,1307.098,1307.098,1307.098,0.000,0.0,0
1790642820,1305.447,1305.447,1305.447,1305.447,1305.447,0.13,1
1790642880,1305.447,1305.447,1305.447,1305.447,0.000,0.0,0
1790642940,1305.447,1305.447,1305.447,1305.447,0.000,0.0,0
1790643000,1305.447,1305.447,1305.447,1305.447,0.000,0.0,0
1790643060,1299.614,1299.614,1291.203,1291.203,1298.126,1.10673703,8
1790643120,1292.071,1292.072,1286.279,1290.512,1289.156,2.90686785,21
1790643180,1290.512,1290.512,1290.512,1290.512,0.000,0.0,0
1790643240,1290.907,1290.908,1290.907,1290.908,1290.907,0.95554068,2
1790643300,1289.86,1289.86,1289.859,1289.859,1289.859,0.2362,2
1790643360,1285.0,1285.0,1284.537,1284.537,1284.748,0.17214926,2
1790643420,1284.537,1284.537,1284.537,1284.537,0.000,0.0,0
1790643480,1277.728,1277.728,1276.536,1277.153,1277.233,3.8685137,18
1790643540,1277.778,1277.778,1275.18,1275.18,1276.085,0.45091,12
1790643600,1275.814,1277.751,1275.235,1277.751,1275.588,1.80189354,8
1790643660,1277.751,1277.751,1277.751,1277.751,0.000,0.0,0
1790643720,1279.492,1279.492,1279.492,1279.492,1279.492,0.1181,1
1790643780,1281.854,1281.854,1278.573,1280.778,1279.986,8.4037695,13
1790643840,1276.402,1278.134,1276.401,1278.134,1276.632,0.76201872,5
1790643900,1276.026,1276.026,1272.925,1272.925,1274.322,0.88190158,8
1790643960,1274.756,1274.874,1271.448,1271.838,1272.922,3.85219675,36
1790644020,1271.895,1275.309,1271.895,1275.309,1274.436,3.32085768,49
1790644080,1275.517,1275.517,1273.185,1273.567,1275.118,1.32239624,22
1790644140,1273.372,1273.997,1272.267,1272.782,1273.234,8.69682856,62
1790644200,1273.182,1273.182,1245.891,1258.297,1257.942,75.16035667,129
1790644260,1258.837,1260.06,1257.01,1259.414,1259.787,33.18966467,29
1790644320,1258.487,1258.487,1255.269,1257.152,1257.432,1.31593954,35
1790644380,1256.847,1256.865,1244.127,1244.127,1250.563,18.73434907,46
1790644440,1243.0,1252.1,1243.0,1245.718,1245.572,15.26133521,24
1790644500,1247.826,1247.828,1236.995,1239.742,1241.013,7.60792177,36
1790644560,1237.557,1237.61,1232.04,1234.188,1234.807,6.06090308,34
1790644620,1233.084,1238.525,1233.083,1238.045,1235.345,6.2886058,28
1790644680,1238.81,1242.805,1238.81,1242.644,1241.057,2.68853693,13
1790644740,1240.798,1240.798,1220.0,1220.502,1224.814,26.06265969,66
1790644800,1222.833,1228.353,1215.9,1228.353,1222.756,18.74746084,30
1790644860,1224.942,1225.797,1222.848,1225.797,1225.390,2.55524147,7
1790644920,1224.859,1225.338,1224.608,1225.338,1224.897,3.8426111,13
1790644980,1227.075,1227.933,1225.987,1226.194,1226.888,2.67826445,9
1790645040,1225.157,1226.762,1225.157,1226.762,1225.777,2.13251928,3
1790645100,1226.997,1227.838,1226.997,1227.58,1227.564,1.56022269,8
1790645160,1225.477,1225.478,1223.426,1223.426,1223.769,1.10206632,19
1790645220,1223.815,1223.815,1222.937,1223.765,1223.610,0.72067711,4
1790645280,1221.038,1222.932,1221.038,1222.932,1222.033,1.97077331,8
1790645340,1220.48,1224.537,1217.55,1224.537,1219.273,2.61748496,11
1790645400,1223.183,1223.184,1220.844,1221.158,1221.589,2.01366733,10
1790645460,1222.523,1223.189,1222.523,1223.189,1222.762,0.71459659,4
1790645520,1223.189,1223.189,1223.189,1223.189,0.000,0.0,0
1790645580,1226.499,1226.499,1226.499,1226.499,1226.499,0.01759401,1
1790645640,1226.499,1226.499,1226.499,1226.499,0.000,0.0,0
1790645700,1226.499,1226.499,1226.499,1226.499,0.000,0.0,0
1790645760,1221.348,1221.348,1220.0,1220.0,1221.158,0.11639344,2
1790645820,1219.297,1220.0,1219.297,1220.0,1219.999,195.4780754,99
1790645880,1222.924,1222.924,1222.824,1222.824,1222.883,1.698,3
1790645940,1221.768,1221.768,1221.143,1221.152,1221.376,2.33568469,4
1790646000,1221.152,1221.152,1221.152,1221.152,0.000,0.0,0
1790646060,1220.08,1221.766,1220.08,1221.766,1220.993,1.88692691,3
1790646120,1224.232,1225.425,1224.232,1225.124,1225.213,5.24903423,9
1790646180,1228.621,1228.663,1228.621,1228.663,1228.622,1.04318593,3
1790646240,1224.558,1224.56,1224.558,1224.56,1224.559,0.22316543,2
1790646300,1226.392,1230.224,1226.392,1230.224,1228.228,0.32100784,4
1790646360,1232.882,1235.483,1232.882,1233.517,1233.204,2.15835298,12
1790646420,1231.976,1231.976,1230.169,1230.837,1231.245,1.03075937,14
1790646480,1231.092,1232.967,1230.208,1232.796,1232.065,2.67707922,27
1790646540,1232.771,1234.932,1232.632,1234.0,1233.999,199.99774956,127
1790646600,1234.543,1235.048,1232.586,1232.586,1234.349,5.82134993,8
1790646660,1232.586,1232.586,1232.586,1232.586,0.000,0.0,0
1790646720,1230.321,1231.49,1230.321,1231.49,1230.459,1.22819451,3
1790646780,1231.62,1231.62,1231.62,1231.62,1231.620,0.03350696,1
1790646840,1234.033,1235.0,1233.879,1235.0,1234.864,12.92781611,25
1790646900,1235.0,1235.0,1235.0,1235.0,1235.000,4.98278265,8
1790646960,1235.0,1235.0,1235.0,1235.0,0.000,0.0,0
1790647020,1231.493,1231.493,1231.493,1231.493,1231.493,0.11637554,1
1790647080,1232.722,1232.722,1232.722,1232.722,1232.722,0.07625245,1
1790647140,1234.0,1234.0,1233.999,1233.999,1233.999,6.79178192,7
1790647200,1232.713,1232.714,1232.713,1232.714,1232.713,0.7277,3
1790647260,1233.999,1233.999,1232.889,1233.76,1233.814,0.37263088,5
1790647320,1233.0,1233.0,1232.999,1233.0,1232.999,50.93924118,10
1790647380,1229.069,1229.069,1229.069,1229.069,1229.069,0.13,1
1790647440,1231.84,1233.0,1231.84,1233.0,1232.891,5.24690572,4
1790647500,1232.105,1232.105,1231.311,1231.311,1231.996,25.1405101,9
1790647560,1231.311,1231.311,1231.311,1231.311,0.000,0.0,0
1790647620,1229.726,1230.354,1229.726,1230.354,1230.009,0.2878719,3
1790647680,1231.142,1231.142,1230.801,1230.801,1230.804,0.41030078,2
1790647740,1228.273,1228.273,1228.273,1228.273,1228.273,0.07636306,1
1790647800,1227.728,1227.728,1222.353,1223.04,1222.664,12.69136293,7
1790647860,1220.0,1221.0,1217.888,1217.917,1220.918,126.82706473,68
1790647920,1217.903,1224.861,1217.903,1224.861,1219.809,0.57889612,2
1790647980,1226.337,1228.308,1226.337,1228.308,1226.949,1.48583989,4
1790648040,1228.308,1228.308,1228.308,1228.308,0.000,0.0,0
1790648100,1229.96,1230.718,1229.96,1230.718,1230.647,1.69436349,7
1790648160,1230.947,1230.947,1230.947,1230.947,1230.947,0.13,1
1790648220,1230.947,1230.947,1230.947,1230.947,0.000,0.0,0
1790648280,1225.883,1225.883,1225.883,1225.883,1225.883,0.08157385,1
1790648340,1225.883,1225.883,1225.883,1225.883,0.000,0.0,0
1790648400,1225.0,1225.0,1225.0,1225.0,1225.000,25.0,11
1790648460,1223.1,1223.1,1223.1,1223.1,1223.100,0.13,1
1790648520,1215.437,1215.437,1204.001,1208.381,1211.610,118.80552023,83
1790648580,1208.685,1212.212,1208.685,1212.212,1211.015,11.72479669,19
1790648640,1213.659,1214.052,1210.896,1210.897,1213.147,16.285287,27
1790648700,1210.001,1210.446,1210.0,1210.446,1210.011,35.70957143,23
1790648760,1210.446,1210.446,1210.446,1210.446,0.000,0.0,0
1790648820,1212.164,1212.164,1211.901,1211.901,1212.130,1.03410563,2
1790648880,1212.67,1212.67,1212.67,1212.67,1212.670,0.88578256,1
1790648940,1211.988,1211.988,1211.988,1211.988,1211.988,0.08250907,1
1790649000,1211.108,1211.108,1210.0,1210.0,1210.050,26.43480495,25
1790649060,1210.0,1210.0,1210.0,1210.0,0.000,0.0,0
1790649120,1210.0,1210.0,1210.0,1210.0,0.000,0.0,0
1790649180,1209.568,1209.568,1209.568,1209.568,1209.568,0.86806691,1
1790649240,1208.903,1208.903,1208.903,1208.903,1208.903,0.1611076,1
1790649300,1208.903,1208.903,1208.903,1208.903,0.000,0.0,0
1790649360,1210.594,1210.594,1210.594,1210.594,1210.594,0.05092526,1
1790649420,1210.594,1210.594,1210.594,1210.594,0.000,0.0,0
1790649480,1212.943,1214.218,1212.417,1214.218,1212.515,1.07790986,4
1790649540,1217.669,1217.669,1217.669,1217.669,1217.669,0.01075017,1
1790649600,1215.758,1219.657,1215.758,1219.657,1217.812,0.22801607,3
1790649660,1218.454,1218.809,1218.454,1218.809,1218.501,1.11778779,3
1790649720,1218.809,1218.809,1218.809,1218.809,0.000,0.0,0
1790649780,1218.809,1218.809,1218.809,1218.809,0.000,0.0,0
1790649840,1218.809,1218.809,1218.809,1218.809,0.000,0.0,0
1790649900,1218.809,1218.809,1218.809,1218.809,0.000,0.0,0
1790649960,1218.053,1218.055,1218.053,1218.055,1218.054,0.9155,4
1790650020,1217.021,1217.021,1217.021,1217.021,1217.021,0.12038083,1
1790650080,1217.28,1217.281,1217.28,1217.281,1217.280,1.8362138,3
1790650140,1214.815,1214.815,1213.015,1213.015,1213.918,0.91317341,3
1790650200,1210.563,1210.779,1210.563,1210.779,1210.596,0.12661402,2
1790650260,1209.54,1209.54,1204.0,1204.0,1207.459,2.82371514,7
1790650320,1203.153,1204.48,1202.055,1204.48,1202.835,4.47117071,7
1790650380,1204.246,1204.936,1204.246,1204.936,1204.693,1.07337599,5
1790650440,1208.236,1208.236,1208.236,1208.236,1208.236,0.04988959,1
1790650500,1208.308,1209.995,1208.308,1209.995,1209.810,0.18505834,2
1790650560,1209.995,1209.995,1209.995,1209.995,0.000,0.0,0
1790650620,1207.737,1207.737,1207.737,1207.737,1207.737,0.08279948,1
1790650680,1210.247,1211.737,1210.247,1211.737,1211.620,1.51857362,4
1790650740,1210.255,1210.255,1209.377,1209.377,1209.766,0.56015554,5
1790650800,1207.143,1209.997,1207.143,1209.997,1208.899,5.84557548,16
1790650860,1210.761,1210.761,1207.693,1207.693,1210.667,1.23588031,6
1790650920,1207.714,1207.714,1205.554,1205.554,1207.350,2.18943928,8
1790650980,1207.203,1207.823,1207.203,1207.823,1207.577,0.252228,2
1790651040,1206.123,1206.123,1206.123,1206.123,1206.123,0.04061126,1
1790651100,1208.131,1208.131,1208.131,1208.131,1208.131,0.77703333,1
1790651160,1208.131,1208.131,1208.131,1208.131,0.000,0.0,0
1790651220,1208.333,1209.194,1208.097,1209.194,1208.643,3.59292706,5
1790651280,1207.433,1208.119,1207.433,1208.119,1207.911,0.43,3
1790651340,1207.65,1207.65,1207.65,1207.65,1207.650,3.0,5
1790651400,1207.65,1207.65,1207.65,1207.65,0.000,0.0,0
1790651460,1206.724,1206.724,1206.41,1206.41,1206.437,14.99236948,7
1790651520,1206.41,1206.41,1206.41,1206.41,0.000,0.0,0
1790651580,1206.41,1206.41,1206.41,1206.41,0.000,0.0,0
1790651640,1208.951,1208.951,1208.951,1208.951,1208.951,0.74927435,1
1790651700,1208.951,1208.951,1208.951,1208.951,0.000,0.0,0
1790651760,1210.479,1210.479,1209.385,1209.385,1209.713,0.1429,2
1790651820,1209.897,1209.898,1209.897,1209.898,1209.897,0.33615858,3
1790651880,1209.898,1209.898,1209.898,1209.898,0.000,0.0,0
1790651940,1211.936,1213.695,1211.936,1213.695,1212.790,0.31272548,2
1790652000,1213.695,1213.695,1213.695,1213.695,0.000,0.0,0
1790652060,1211.947,1217.368,1211.947,1217.368,1216.749,4.047614,13
1790652120,1215.183,1216.23,1213.59,1213.73,1214.798,5.24839374,13
1790652180,1213.73,1213.73,1213.73,1213.73,0.000,0.0,0
1790652240,1216.782,1216.802,1216.782,1216.802,1216.799,1.0725513,4
1790652300,1216.988,1216.989,1214.284,1214.371,1215.038,2.88364473,16
1790652360,1214.537,1214.537,1213.576,1213.576,1214.216,14.99,10
1790652420,1214.721,1214.721,1214.721,1214.721,1214.721,0.1,1
1790652480,1214.558,1214.558,1214.558,1214.558,1214.558,0.39133367,1
1790652540,1214.983,1214.983,1213.516,1213.516,1213.990,5.03,11
1790652600,1212.221,1213.126,1211.578,1213.126,1212.070,3.29264223,8
1790652660,1213.126,1213.126,1213.126,1213.126,0.000,0.0,0
1790652720,1212.204,1212.204,1212.203,1212.203,1212.203,0.2723081,2
1790652780,1212.866,1212.867,1212.866,1212.867,1212.866,0.53853403,2
1790652840,1211.843,1212.983,1211.843,1212.983,1212.530,0.24439703,3
1790652900,1212.4,1212.4,1212.4,1212.4,1212.400,0.2,3
1790652960,1214.906,1214.906,1214.905,1214.905,1214.905,0.23,2
1790653020,1214.125,1214.125,1214.125,1214.125,1214.125,0.15145466,1
1790653080,1214.125,1214.125,1214.125,1214.125,0.000,0.0,0
1790653140,1210.81,1210.81,1209.168,1209.168,1209.674,5.1176576,10
1790653200,1209.168,1209.168,1209.168,1209.168,0.000,0.0,0
1790653260,1210.196,1212.347,1210.196,1212.347,1210.824,0.14124232,2
1790653320,1212.148,1212.299,1212.148,1212.299,1212.223,0.2597298,2
1790653380,1212.299,1212.299,1212.299,1212.299,0.000,0.0,0
1790653440,1213.862,1213.862,1213.567,1213.567,1213.594,1.08335883,4
1790653500,1213.204,1213.204,1211.892,1211.892,1212.737,0.2017,4
1790653560,1213.084,1213.97,1212.147,1213.97,1212.305,1.57394148,6
1790653620,1213.97,1213.97,1213.97,1213.97,0.000,0.0,0
1790653680,1213.97,1213.97,1213.97,1213.97,0.000,0.0,0
1790653740,1213.97,1213.97,1213.97,1213.97,0.000,0.0,0
1790653800,1214.169,1214.169,1213.88,1213.88,1213.888,0.86989848,4
1790653860,1213.479,1213.479,1213.479,1213.479,1213.479,0.5,1
1790653920,1210.827,1210.827,1210.825,1210.825,1210.825,1.1456397,3
1790653980,1214.661,1214.661,1214.661,1214.661,1214.661,0.11919008,1
1790654040,1211.549,1211.549,1210.0,1210.127,1210.164,5.75946674,14
1790654100,1210.127,1210.127,1210.127,1210.127,0.000,0.0,0
1790654160,1210.127,1210.127,1210.127,1210.127,0.000,0.0,0
1790654220,1210.127,1210.127,1210.127,1210.127,0.000,0.0,0
1790654280,1210.127,1210.127,1210.127,1210.127,0.000,0.0,0
1790654340,1210.127,1210.127,1210.127,1210.127,0.000,0.0,0
1790654400,1213.583,1213.583,1211.023,1211.023,1211.217,1.08691606,6
1790654460,1210.001,1211.241,1210.001,1211.241,1211.175,0.18792587,2
1790654520,1213.307,1213.308,1213.307,1213.308,1213.307,0.30935551,2
1790654580,1211.547,1211.547,1211.547,1211.547,1211.547,0.01742606,1
1790654640,1211.547,1211.547,1211.547,1211.547,0.000,0.0,0
1790654700,1211.547,1211.547,1211.547,1211.547,0.000,0.0,0
1790654760,1211.547,1211.547,1211.547,1211.547,0.000,0.0,0
1790654820,1212.645,1212.645,1212.645,1212.645,1212.645,0.71960309,1
1790654880,1210.0,1210.452,1209.486,1210.441,1210.312,4.69926837,8
1790654940,1210.441,1210.441,1210.441,1210.441,0.000,0.0,0
1790655000,1214.54,1215.786,1214.54,1215.786,1214.824,0.59735849,5
1790655060,1215.786,1215.786,1215.786,1215.786,0.000,0.0,0
1790655120,1217.92,1217.92,1217.92,1217.92,1217.920,0.020527,1
1790655180,1216.882,1216.882,1216.882,1216.882,1216.882,0.08217723,1
1790655240,1216.882,1216.882,1216.882,1216.882,0.000,0.0,0
1790655300,1216.882,1216.882,1216.882,1216.882,0.000,0.0,0
1790655360,1216.754,1216.755,1216.754,1216.755,1216.754,0.4109292,2
1790655420,1216.002,1217.92,1216.002,1217.92,1217.291,0.030527,2
1790655480,1216.891,1216.891,1216.0,1216.0,1216.100,1.5469189,4
1790655540,1218.459,1218.746,1218.459,1218.746,1218.461,0.54410258,2
1790655600,1219.82,1220.457,1219.672,1219.829,1219.971,5.37579644,8
1790655660,1218.936,1218.936,1218.936,1218.936,1218.936,0.00410194,1
1790655720,1220.628,1220.969,1220.628,1220.969,1220.753,4.95650536,6
1790655780,1220.736,1220.736,1220.37,1220.371,1220.455,1.94926176,3
1790655840,1219.0,1219.715,1218.57,1219.715,1219.168,9.56544661,11
1790655900,1219.715,1219.715,1219.715,1219.715,0.000,0.0,0
1790655960,1218.088,1218.088,1217.861,1217.861,1218.050,1.03980179,2
1790656020,1217.861,1217.861,1217.861,1217.861,0.000,0.0,0
1790656080,1217.861,1217.861,1217.861,1217.861,0.000,0.0,0
1790656140,1218.494,1219.9,1218.494,1219.9,1219.600,50.96475911,22
1790656200,1217.063,1217.063,1216.564,1216.564,1217.009,1.24956959,4
1790656260,1216.806,1216.806,1216.806,1216.806,1216.806,0.13,1
1790656320,1215.647,1215.647,1215.0,1215.0,1215.074,1.13,2
1790656380,1215.0,1215.0,1215.0,1215.0,0.000,0.0,0
1790656440,1215.0,1215.0,1215.0,1215.0,0.000,0.0,0
1790656500,1215.0,1215.0,1215.0,1215.0,0.000,0.0,0
1790656560,1211.804,1211.804,1211.804,1211.804,1211.804,0.018,1
1790656620,1211.804,1211.804,1211.804,1211.804,0.000,0.0,0
1790656680,1211.804,1211.804,1211.804,1211.804,0.000,0.0,0
1790656740,1211.804,1211.804,1211.804,1211.804,0.000,0.0,0
1790656800,1211.804,1211.804,1211.804,1211.804,0.000,0.0,0
1790656860,1211.804,1211.804,1211.804,1211.804,0.000,0.0,0
1790656920,1213.247,1213.247,1211.167,1211.167,1212.316,0.23491911,3
1790656980,1210.0,1210.0,1210.0,1210.0,1210.000,2.90512231,2
1790657040,1209.982,1209.982,1209.982,1209.982,1209.982,0.11251831,1
1790657100,1209.982,1209.982,1209.982,1209.982,0.000,0.0,0
1790657160,1208.097,1208.097,1208.097,1208.097,1208.097,0.13,1
1790657220,1206.164,1206.164,1192.116,1200.217,1200.361,105.09871849,130
1790657280,1200.815,1201.432,1198.291,1199.358,1200.234,15.48539158,30
1790657340,1198.098,1199.87,1197.987,1198.657,1198.965,28.708868,40
1790657400,1198.558,1200.039,1197.721,1198.419,1198.176,6.08410519,12
1790657460,1199.622,1199.622,1199.622,1199.622,1199.622,0.08335959,1
1790657520,1203.783,1206.811,1203.686,1205.78,1205.762,3.0426681,10
1790657580,1204.46,1205.265,1204.46,1205.004,1204.932,2.88611422,6
1790657640,1203.67,1203.67,1203.67,1203.67,1203.670,0.63605084,1
1790657700,1203.182,1203.182,1203.182,1203.182,1203.182,0.87787763,1
1790657760,1202.032,1202.032,1202.03,1202.03,1202.030,0.83111481,3
1790657820,1201.74,1202.492,1201.74,1202.074,1201.841,1.07845044,3
1790657880,1201.119,1202.01,1201.119,1202.008,1201.511,2.2801814,6
1790657940,1202.008,1202.008,1202.008,1202.008,0.000,0.0,0
1790658000,1202.008,1202.008,1202.008,1202.008,0.000,0.0,0
1790658060,1201.897,1201.897,1201.896,1201.896,1201.896,0.47302629,2
1790658120,1199.831,1199.831,1199.831,1199.831,1199.831,0.08334507,1
1790658180,1201.547,1201.558,1201.547,1201.558,1201.553,1.3181113,2
1790658240,1198.587,1199.872,1198.587,1199.872,1199.066,3.71938705,13
1790658300,1198.0,1200.932,1197.971,1200.932,1198.586,1.03103157,7
1790658360,1199.883,1200.0,1197.738,1197.777,1198.235,7.11764528,10
1790658420,1198.226,1198.229,1198.226,1198.229,1198.228,0.68868342,2
1790658480,1200.321,1200.997,1199.991,1200.997,1200.553,5.47404989,10
1790658540,1199.557,1200.785,1199.556,1200.747,1200.165,4.0,6
1790658600,1200.747,1200.747,1200.747,1200.747,0.000,0.0,0
1790658660,1200.747,1200.747,1200.747,1200.747,0.000,0.0,0
1790658720,1200.747,1200.747,1200.747,1200.747,0.000,0.0,0
1790658780,1205.319,1205.319,1204.008,1204.009,1204.116,0.1811118,3
1790658840,1205.083,1206.959,1205.083,1206.959,1206.100,0.28405318,2
1790658900,1207.0,1207.0,1206.037,1206.037,1206.256,1.45420308,7
1790658960,1206.037,1206.037,1206.037,1206.037,0.000,0.0,0
1790659020,1207.234,1207.235,1204.678,1204.678,1205.155,9.24884717,6
1790659080,1210.669,1210.669,1210.669,1210.669,1210.669,0.04113306,1
1790659140,1209.727,1213.805,1209.727,1213.805,1211.988,15.12807222,26
1790659200,1212.256,1214.117,1212.256,1213.946,1212.949,1.65154263,10
1790659260,1213.85,1216.013,1213.85,1216.013,1214.325,1.32196087,8
1790659320,1216.964,1216.964,1216.951,1216.951,1216.959,1.05272583,4
1790659380,1216.951,1218.188,1216.951,1218.188,1217.282,10.6667285,7
1790659440,1217.245,1221.83,1217.245,1220.32,1219.074,26.33702416,26
1790659500,1220.182,1220.182,1219.775,1219.775,1220.157,1.0,2
1790659560,1224.401,1224.401,1220.53,1221.502,1221.240,0.65059333,8
1790659620,1220.96,1220.961,1220.96,1220.96,1220.960,1.15091879,3
1790659680,1221.827,1221.827,1221.827,1221.827,1221.827,0.1,1
1790659740,1220.792,1220.792,1220.02,1220.02,1220.077,0.91451443,2
1790659800,1218.118,1219.23,1217.843,1219.23,1218.345,3.2268519,3
1790659860,1216.74,1216.74,1216.74,1216.74,1216.740,0.1560681,1
1790659920,1216.74,1216.74,1216.74,1216.74,0.000,0.0,0
1790659980,1216.74,1216.74,1216.74,1216.74,0.000,0.0,0
1790660040,1212.0,1212.0,1209.182,1209.182,1210.873,0.68299003,6
1790660100,1209.025,1211.666,1209.025,1211.666,1210.786,0.21223712,3
1790660160,1211.666,1211.666,1211.666,1211.666,0.000,0.0,0
1790660220,1211.765,1211.765,1211.765,1211.765,1211.765,0.06838552,1
1790660280,1211.594,1211.594,1211.594,1211.594,1211.594,0.01,1
1790660340,1212.291,1212.291,1212.291,1212.291,1212.291,3.67342356,1
1790660400,1214.978,1215.419,1214.978,1215.419,1215.381,2.36387972,3
1790660460,1214.51,1214.51,1214.265,1214.265,1214.325,2.29717921,3
1790660520,1215.19,1215.19,1215.19,1215.19,1215.190,0.08229165,1
1790660580,1217.13,1217.678,1216.874,1217.558,1217.358,10.76142391,13
1790660640,1217.558,1217.558,1217.558,1217.558,0.000,0.0,0
1790660700,1217.95,1217.95,1217.934,1217.934,1217.935,0.83427318,2
1790660760,1215.789,1215.789,1215.789,1215.789,1215.789,0.02467533,1
1790660820,1215.601,1215.602,1215.601,1215.602,1215.601,0.41131897,2
1790660880,1215.602,1215.602,1215.602,1215.602,0.000,0.0,0
1790660940,1215.602,1215.602,1215.602,1215.602,0.000,0.0,0
1790661000,1220.267,1220.267,1220.266,1220.266,1220.266,0.07960999,2
1790661060,1219.0,1219.0,1219.0,1219.0,1219.000,1.23355263,2
1790661120,1219.0,1219.0,1219.0,1219.0,0.000,0.0,0
1790661180,1221.016,1221.017,1220.844,1220.844,1220.987,0.60900365,3
1790661240,1222.994,1223.822,1222.994,1223.822,1223.258,0.26108892,3
1790661300,1222.069,1222.069,1221.518,1221.518,1221.861,0.3543,4
1790661360,1221.518,1221.518,1221.518,1221.518,0.000,0.0,0
1790661420,1221.482,1221.862,1221.482,1221.862,1221.540,0.42238323,4
1790661480,1221.862,1221.862,1221.862,1221.862,0.000,0.0,0
1790661540,1220.001,1220.001,1220.001,1220.001,1220.001,0.01023182,1
1790661600,1220.001,1220.001,1220.001,1220.001,0.000,0.0,0
1790661660,1221.494,1221.741,1221.494,1221.741,1221.522,0.09249441,2
1790661720,1222.598,1222.598,1222.598,1222.598,1222.598,0.5,1
1790661780,1223.109,1223.109,1223.109,1223.109,1223.109,0.08163266,1
1790661840,1222.01,1222.01,1221.69,1221.69,1221.864,0.18005269,2
1790661900,1221.416,1221.416,1221.405,1221.405,1221.414,0.66426945,2
1790661960,1222.634,1222.634,1221.45,1221.45,1222.244,34.79819342,21
1790662020,1223.295,1223.298,1223.295,1223.298,1223.296,0.77,3
1790662080,1225.26,1225.914,1225.26,1225.914,1225.486,0.56567438,4
1790662140,1229.833,1231.943,1229.833,1231.943,1231.860,14.54385683,13
1790662200,1231.9,1235.0,1231.9,1235.0,1232.137,11.75940781,10
1790662260,1235.1,1237.047,1235.1,1236.132,1235.173,26.95833535,23
1790662320,1236.13,1236.2,1234.754,1234.754,1236.105,24.31027732,21
1790662380,1235.178,1235.179,1234.545,1234.874,1234.786,2.40097104,5
1790662440,1234.874,1234.874,1234.874,1234.874,0.000,0.0,0
1790662500,1233.967,1233.967,1233.967,1233.967,1233.967,0.13,1
1790662560,1233.967,1233.967,1233.967,1233.967,0.000,0.0,0
1790662620,1231.5,1231.845,1231.5,1231.845,1231.734,2.43182221,4
1790662680,1228.267,1228.267,1227.014,1227.014,1227.806,0.34795265,4
1790662740,1227.937,1231.174,1227.937,1231.174,1228.821,1.38027941,6
1790662800,1230.751,1232.016,1230.652,1232.016,1231.139,1.96470985,8
1790662860,1232.663,1232.663,1232.663,1232.663,1232.663,0.49745867,2
1790662920,1232.663,1232.663,1232.663,1232.663,0.000,0.0,0
1790662980,1232.93,1232.991,1231.978,1232.991,1232.890,0.87658087,4
1790663040,1231.041,1231.697,1231.041,1231.697,1231.642,0.66795576,3
1790663100,1231.697,1231.697,1231.697,1231.697,0.000,0.0,0
1790663160,1233.654,1233.9,1233.654,1233.9,1233.836,1.77219917,4
1790663220,1233.767,1233.767,1233.767,1233.767,1233.767,0.13,1
1790663280,1234.405,1234.405,1233.91,1233.91,1234.404,15.8084949,8
1790663340,1233.197,1234.969,1233.197,1234.969,1234.264,2.3327069,12
1790663400,1233.862,1233.862,1233.635,1233.635,1233.801,0.25522711,2
1790663460,1233.635,1233.635,1233.635,1233.635,0.000,0.0,0
1790663520,1236.016,1236.373,1234.982,1236.373,1235.964,18.02848693,9
1790663580,1236.373,1236.373,1236.373,1236.373,0.000,0.0,0
1790663640,1236.373,1236.373,1236.373,1236.373,0.000,0.0,0
1790663700,1234.018,1234.018,1234.018,1234.018,1234.018,0.09073906,1
1790663760,1232.0,1232.0,1232.0,1232.0,1232.000,1.20888669,1
1790663820,1232.447,1233.039,1230.107,1231.833,1231.966,8.4,12
1790663880,1230.746,1231.281,1230.746,1231.281,1230.747,0.76170524,3
1790663940,1230.656,1230.656,1230.348,1230.348,1230.394,0.1176576,3
1790664000,1229.868,1231.136,1229.868,1231.136,1230.572,1.49038458,6
1790664060,1231.104,1231.601,1231.068,1231.601,1231.319,0.37285277,5
1790664120,1230.685,1230.685,1230.685,1230.685,1230.685,0.07841376,1
1790664180,1230.685,1230.685,1230.685,1230.685,0.000,0.0,0
1790664240,1230.685,1230.685,1230.685,1230.685,0.000,0.0,0
1790664300,1231.413,1231.684,1231.413,1231.684,1231.548,0.11948843,2
1790664360,1231.282,1231.663,1231.067,1231.663,1231.339,3.26605562,6
1790664420,1230.616,1230.616,1229.868,1229.868,1230.272,0.1150716,2
1790664480,1229.69,1229.938,1228.265,1229.938,1228.677,2.34353759,14
1790664540,1228.53,1230.272,1228.53,1230.272,1228.965,0.80413854,7
1790664600,1230.272,1230.272,1230.272,1230.272,0.000,0.0,0
1790664660,1230.272,1230.272,1230.272,1230.272,0.000,0.0,0
1790664720,1230.272,1230.272,1230.272,1230.272,0.000,0.0,0
1790664780,1233.341,1235.575,1233.341,1235.575,1234.845,4.67160812,7
1790664840,1235.07,1236.9,1234.923,1236.9,1235.300,2.07966801,4
1790664900,1236.231,1236.696,1236.231,1236.696,1236.373,0.47082561,3
1790664960,1237.082,1238.0,1236.862,1236.881,1237.609,4.45207698,13
1790665020,1237.014,1237.014,1237.014,1237.014,1237.014,0.04041991,1
1790665080,1237.95,1241.966,1237.95,1241.79,1239.991,5.60406745,8
1790665140,1240.59,1240.59,1240.59,1240.59,1240.590,12.407803,5
1790665200,1240.572,1240.572,1237.876,1238.09,1238.322,2.32988454,5
1790665260,1237.43,1239.3,1237.43,1238.622,1239.069,1.05864252,7
1790665320,1238.622,1238.622,1238.622,1238.622,0.000,0.0,0
1790665380,1238.622,1238.622,1238.622,1238.622,0.000,0.0,0
1790665440,1247.958,1248.229,1247.958,1248.229,1248.174,0.5905,3
1790665500,1248.44,1251.744,1248.44,1251.744,1249.477,8.72872554,37
1790665560,1252.625,1254.995,1252.565,1253.137,1253.840,9.01483142,19
1790665620,1253.341,1255.419,1253.341,1254.395,1253.933,4.61287571,6
1790665680,1253.07,1254.109,1252.324,1252.471,1252.927,15.3246554,18
1790665740,1251.993,1254.234,1251.993,1253.488,1253.014,3.27420794,5
1790665800,1254.626,1254.626,1253.05,1253.05,1253.912,0.23178286,3
1790665860,1253.87,1254.465,1253.87,1254.465,1253.899,2.04422774,2
1790665920,1254.262,1256.667,1254.262,1255.0,1255.883,6.80231673,14
1790665980,1254.356,1254.91,1251.0,1251.355,1252.761,11.25021212,20
1790666040,1249.297,1250.572,1249.297,1250.521,1249.891,1.09595308,5
1790666100,1250.831,1250.831,1250.831,1250.831,1250.831,0.84514714,1
1790666160,1250.223,1250.868,1250.222,1250.868,1250.495,1.77208727,4
1790666220,1251.006,1252.053,1251.006,1251.501,1251.630,10.34021548,8
1790666280,1251.673,1252.233,1251.673,1252.233,1252.104,2.47450993,4
1790666340,1250.0,1250.0,1249.966,1249.966,1249.999,2.02,2
1790666400,1248.333,1248.333,1248.009,1248.009,1248.133,4.04782213,6
1790666460,1250.158,1250.408,1249.999,1249.999,1250.007,65.57513692,78
1790666520,1249.926,1250.0,1249.926,1250.0,1249.983,4.55788671,6
1790666580,1250.0,1250.819,1249.999,1250.819,1250.012,58.6879372,87
1790666640,1250.882,1250.882,1250.882,1250.882,1250.882,0.05736999,1
1790666700,1253.872,1254.472,1253.872,1254.472,1254.239,4.14646759,5
1790666760,1250.916,1250.916,1250.888,1250.888,1250.901,0.20918343,2
1790666820,1250.956,1252.627,1250.956,1252.627,1251.131,0.36158391,4
1790666880,1251.792,1251.792,1250.488,1250.488,1250.930,9.0549675,9
1790666940,1248.594,1248.594,1246.69,1247.884,1247.872,8.18313545,8
1790667000,1248.906,1249.544,1248.906,1249.0,1248.989,0.86988534,4
1790667060,1249.284,1249.527,1247.753,1247.753,1249.373,1.76376454,5
1790667120,1247.753,1247.753,1247.753,1247.753,0.000,0.0,0
1790667180,1247.753,1247.753,1247.753,1247.753,0.000,0.0,0
1790667240,1251.798,1252.492,1251.698,1252.492,1252.117,1.55508766,6
1790667300,1252.137,1252.137,1252.137,1252.137,1252.137,1.2890983,1
1790667360,1251.614,1252.099,1251.614,1252.099,1252.069,0.65723358,2
1790667420,1251.96,1252.362,1251.433,1251.433,1252.022,5.54383424,7
1790667480,1251.946,1252.124,1251.946,1252.124,1252.118,0.70602496,2
1790667540,1251.761,1253.565,1249.939,1252.139,1251.129,12.75931802,28
1790667600,1250.633,1250.633,1250.633,1250.633,1250.633,0.11322179,1
1790667660,1250.654,1251.287,1250.654,1251.287,1250.970,0.2,2
1790667720,1250.477,1250.477,1250.477,1250.477,1250.477,0.39451798,1
1790667780,1250.391,1250.588,1250.39,1250.588,1250.533,1.91247222,4
1790667840,1250.588,1250.588,1250.588,1250.588,0.000,0.0,0
1790667900,1250.42,1250.42,1250.108,1250.108,1250.373,16.9280207,8
1790667960,1249.75,1249.75,1249.75,1249.75,1249.750,11.22914982,2
1790668020,1251.574,1251.574,1251.574,1251.574,1251.574,0.01,1
1790668080,1251.47,1251.47,1251.47,1251.47,1251.470,0.01,1
1790668140,1252.181,1252.488,1252.181,1252.488,1252.467,0.15142251,2
1790668200,1250.685,1251.858,1250.684,1251.858,1251.034,0.43598009,4
1790668260,1251.613,1251.613,1251.613,1251.613,1251.613,0.06127224,1
1790668320,1250.952,1250.952,1250.952,1250.952,1250.952,0.15330883,1
1790668380,1251.733,1252.406,1251.733,1252.406,1252.143,6.09865485,8
1790668440,1252.934,1252.934,1252.311,1252.311,1252.686,3.84503273,7
1790668500,1252.311,1252.311,1252.311,1252.311,0.000,0.0,0
1790668560,1252.311,1252.311,1252.311,1252.311,0.000,0.0,0
1790668620,1254.45,1255.259,1254.45,1254.782,1254.768,2.42996162,7
1790668680,1253.969,1254.068,1253.969,1254.068,1253.969,0.07973416,2
1790668740,1253.93,1254.265,1253.93,1254.265,1254.020,0.77132359,4
1790668800,1254.265,1254.265,1254.265,1254.265,0.000,0.0,0
1790668860,1255.0,1255.0,1253.164,1253.564,1254.804,2.72154262,3
1790668920,1253.763,1253.763,1253.753,1253.753,1253.761,1.19088128,4
1790668980,1253.753,1253.753,1253.753,1253.753,0.000,0.0,0
1790669040,1253.188,1253.188,1253.188,1253.188,1253.188,0.02093816,1
1790669100,1250.039,1250.434,1249.889,1250.433,1250.320,1.06667027,6
1790669160,1252.379,1252.896,1250.931,1250.931,1252.310,4.64640609,17
1790669220,1249.202,1249.202,1249.192,1249.192,1249.200,1.0,2
1790669280,1250.874,1250.874,1250.24,1250.855,1250.415,0.93,4
1790669340,1251.972,1253.433,1251.817,1251.817,1252.516,6.43747672,10
1790669400,1252.52,1252.71,1252.52,1252.71,1252.680,0.97942003,6
1790669460,1252.71,1252.71,1252.71,1252.71,0.000,0.0,0
1790669520,1252.71,1252.71,1252.71,1252.71,0.000,0.0,0
1790669580,1252.71,1252.71,1252.71,1252.71,0.000,0.0,0
1790669640,1252.71,1252.71,1252.71,1252.71,0.000,0.0,0
1790669700,1252.71,1252.71,1252.71,1252.71,0.000,0.0,0
1790669760,1252.71,1252.71,1252.71,1252.71,0.000,0.0,0
1790669820,1252.71,1252.71,1252.71,1252.71,0.000,0.0,0
1790669880,1254.185,1254.784,1254.185,1254.488,1254.258,0.90502514,4
1790669940,1254.131,1254.551,1254.131,1254.551,1254.519,1.07609191,6
1790670000,1254.551,1254.551,1254.551,1254.551,0.000,0.0,0
1790670060,1257.273,1260.329,1257.273,1259.563,1259.766,1.96179256,7
1790670120,1259.563,1259.563,1259.563,1259.563,0.000,0.0,0
1790670180,1258.0,1258.0,1253.897,1253.897,1254.030,4.18784416,6
1790670240,1254.0,1254.0,1251.945,1252.885,1253.228,0.37673037,6
1790670300,1252.885,1252.885,1252.885,1252.885,0.000,0.0,0
1790670360,1252.885,1252.885,1252.885,1252.885,0.000,0.0,0
1790670420,1252.885,1252.885,1252.885,1252.885,0.000,0.0,0
1790670480,1252.0,1252.0,1252.0,1252.0,1252.000,0.0399361,1
1790670540,1252.64,1252.641,1252.64,1252.641,1252.640,0.1826781,2
1790670600,1252.641,1252.641,1252.641,1252.641,0.000,0.0,0
1790670660,1251.0,1251.0,1249.325,1249.325,1250.343,2.91278713,19
1790670720,1249.325,1249.325,1249.325,1249.325,0.000,0.0,0
1790670780,1249.325,1249.325,1249.325,1249.325,0.000,0.0,0
1790670840,1249.325,1249.325,1249.325,1249.325,0.000,0.0,0
1790670900,1247.392,1247.735,1247.392,1247.735,1247.563,0.2,2
1790670960,1246.176,1246.176,1244.127,1244.127,1244.864,3.63925885,5
1790671020,1243.416,1243.417,1243.416,1243.417,1243.416,0.30741598,2
1790671080,1244.214,1244.214,1241.864,1243.569,1242.922,0.91961315,4
1790671140,1243.568,1243.568,1243.568,1243.568,1243.568,0.03586947,1
1790671200,1242.526,1242.526,1242.526,1242.526,1242.526,9.0,1
1790671260,1240.001,1240.001,1238.317,1238.317,1239.082,14.34091699,12
1790671320,1239.65,1240.928,1239.65,1240.928,1239.700,6.37109849,10
1790671380,1240.928,1240.928,1240.928,1240.928,0.000,0.0,0
1790671440,1240.928,1240.928,1240.928,1240.928,0.000,0.0,0
1790671500,1241.444,1241.444,1240.767,1240.767,1241.211,0.23681335,2
1790671560,1242.448,1242.448,1240.8,1240.8,1241.021,1.60826973,4
1790671620,1237.832,1237.832,1236.987,1236.987,1237.319,0.34880549,3
1790671680,1237.32,1240.59,1237.32,1240.59,1239.229,2.52350376,5
1790671740,1240.412,1240.412,1239.838,1240.033,1239.914,1.75746881,4
1790671800,1240.033,1240.033,1240.033,1240.033,0.000,0.0,0
1790671860,1240.033,1240.033,1240.033,1240.033,0.000,0.0,0
1790671920,1238.487,1238.753,1238.487,1238.753,1238.604,4.03710259,6
1790671980,1238.753,1238.753,1238.753,1238.753,0.000,0.0,0
1790672040,1238.914,1239.004,1238.914,1239.004,1238.960,0.50132025,2
1790672100,1239.004,1239.004,1239.004,1239.004,0.000,0.0,0
1790672160,1239.004,1239.004,1239.004,1239.004,0.000,0.0,0
1790672220,1239.004,1239.004,1239.004,1239.004,0.000,0.0,0
1790672280,1239.446,1239.446,1239.446,1239.446,1239.446,0.1,1
1790672340,1239.273,1240.16,1239.273,1239.839,1239.923,1.4532706,5
1790672400,1239.876,1239.877,1239.61,1239.61,1239.714,0.98881704,3
1790672460,1237.974,1237.974,1237.881,1237.881,1237.940,0.28080484,3
1790672520,1237.881,1237.881,1237.881,1237.881,0.000,0.0,0
1790672580,1237.881,1237.881,1237.881,1237.881,0.000,0.0,0
1790672640,1239.633,1239.633,1239.632,1239.632,1239.632,0.36385,2
1790672700,1239.632,1239.632,1239.632,1239.632,0.000,0.0,0
1790672760,1239.632,1239.632,1239.632,1239.632,0.000,0.0,0
1790672820,1241.371,1241.372,1241.371,1241.372,1241.371,0.2,2
1790672880,1240.98,1242.0,1240.98,1242.0,1241.388,0.25078968,3
1790672940,1242.0,1242.0,1242.0,1242.0,0.000,0.0,0
1790673000,1240.983,1240.983,1240.982,1240.982,1240.982,0.6995,3
1790673060,1240.982,1240.982,1240.982,1240.982,0.000,0.0,0
1790673120,1241.09,1243.143,1241.09,1243.143,1242.876,0.1848043,3
1790673180,1243.143,1243.143,1243.143,1243.143,0.000,0.0,0
1790673240,1242.556,1244.091,1242.556,1244.091,1243.796,10.13,13
1790673300,1244.091,1244.091,1244.091,1244.091,0.000,0.0,0
1790673360,1242.104,1242.104,1242.104,1242.104,1242.104,0.1,2
1790673420,1242.104,1242.104,1242.104,1242.104,0.000,0.0,0
1790673480,1245.369,1247.686,1245.369,1247.686,1246.662,3.20276346,9
1790673540,1247.686,1247.686,1247.686,1247.686,0.000,0.0,0
1790673600,1247.273,1247.274,1247.273,1247.274,1247.273,0.62598533,2
1790673660,1247.274,1247.274,1247.274,1247.274,0.000,0.0,0
1790673720,1246.136,1246.136,1246.136,1246.136,1246.136,0.1,1
1790673780,1246.136,1246.136,1246.136,1246.136,0.000,0.0,0
1790673840,1244.827,1247.517,1244.827,1247.517,1245.526,1.40613621,8
1790673900,1245.837,1245.837,1245.837,1245.837,1245.837,0.942504,2
1790673960,1246.265,1246.265,1246.265,1246.265,1246.265,0.13,1
1790674020,1248.085,1248.394,1248.085,1248.319,1248.118,1.28754497,6
1790674080,1248.3,1248.432,1248.3,1248.431,1248.395,0.4753,3
1790674140,1248.431,1248.431,1248.431,1248.431,0.000,0.0,0
1790674200,1246.456,1247.32,1246.456,1247.32,1247.111,3.03878014,7
1790674260,1247.32,1247.32,1247.32,1247.32,0.000,0.0,0
1790674320,1248.92,1252.505,1248.92,1252.505,1249.701,0.47780864,3
1790674380,1251.17,1251.17,1251.17,1251.17,1251.170,0.03862077,1
1790674440,1251.17,1251.17,1251.17,1251.17,0.000,0.0,0
1790674500,1251.069,1251.07,1251.069,1251.07,1251.069,1.00605694,2
1790674560,1250.612,1252.205,1250.612,1252.205,1251.834,2.65104928,7
1790674620,1252.208,1252.208,1252.208,1252.208,1252.208,0.11911447,1
1790674680,1254.129,1254.336,1254.129,1254.336,1254.241,1.59458929,4
1790674740,1253.57,1253.571,1252.971,1252.971,1253.275,0.3147717,4
1790674800,1252.821,1253.279,1252.724,1252.837,1252.963,0.552751,6
1790674860,1252.085,1252.487,1251.771,1251.771,1252.350,3.07877974,7
1790674920,1251.023,1251.244,1250.97,1251.013,1251.057,0.95334,5
1790674980,1252.142,1253.622,1251.977,1252.242,1253.174,6.57194251,17
1790675040,1251.415,1251.992,1250.589,1251.992,1251.634,1.75872342,13
1790675100,1252.094,1252.919,1251.298,1251.298,1252.380,2.6067013,23
1790675160,1251.078,1251.716,1251.054,1251.363,1251.439,1.651683,11
1790675220,1251.778,1254.329,1251.778,1253.855,1253.157,2.76748414,13
1790675280,1254.352,1254.538,1253.033,1253.696,1253.911,1.028954,19
1790675340,1253.399,1255.575,1253.399,1255.513,1254.087,1.65746101,9
1790675400,1255.575,1258.159,1255.243,1258.159,1256.678,2.70522052,24
1790675460,1257.447,1257.9,1254.481,1254.914,1254.909,2.34222523,7
1790675520,1254.329,1254.33,1252.957,1253.253,1253.580,2.89012554,9
1790675580,1253.262,1255.592,1253.262,1255.592,1254.730,2.17912145,6
1790675640,1255.873,1255.873,1254.511,1255.0,1254.678,5.40622192,12
1790675700,1255.228,1255.97,1254.9,1254.901,1255.391,2.79247099,8
1790675760,1255.873,1256.157,1255.602,1255.602,1255.723,0.903107,5
1790675820,1253.63,1253.63,1253.199,1253.503,1253.261,1.88627709,5
1790675880,1253.106,1255.27,1253.002,1254.882,1254.338,2.11443031,28
1790675940,1255.387,1256.008,1255.359,1256.008,1255.531,1.69798372,9
1790676000,1255.526,1257.324,1255.494,1255.745,1256.763,10.058846,14
1790676060,1255.0,1255.0,1255.0,1255.0,1255.000,0.37691633,3
1790676120,1255.939,1256.028,1255.392,1256.028,1255.722,4.7670125,7
1790676180,1255.602,1257.0,1255.602,1257.0,1256.879,3.57086632,14
1790676240,1256.086,1256.086,1256.086,1256.086,1256.086,0.13,1
1790676300,1256.086,1256.086,1256.086,1256.086,0.000,0.0,0
1790676360,1256.368,1256.368,1256.368,1256.368,1256.368,0.13,1
1790676420,1255.692,1255.692,1255.692,1255.692,1255.692,0.13,2
1790676480,1256.337,1256.518,1256.223,1256.311,1256.287,1.54229512,8
1790676540,1256.38,1257.974,1256.38,1257.974,1257.076,0.61120337,5
1790676600,1257.974,1257.974,1257.974,1257.974,0.000,0.0,0
1790676660,1259.8,1259.803,1259.8,1259.803,1259.801,1.58755139,4
1790676720,1257.696,1257.696,1257.696,1257.696,1257.696,0.058523,1
1790676780,1258.416,1258.417,1258.416,1258.417,1258.416,0.7,2
1790676840,1258.417,1258.417,1258.417,1258.417,0.000,0.0,0
1790676900,1258.417,1258.417,1258.417,1258.417,0.000,0.0,0
1790676960,1259.757,1259.758,1259.757,1259.758,1259.757,0.78480958,2
1790677020,1258.349,1258.349,1258.349,1258.349,1258.349,0.13,1
1790677080,1255.738,1255.738,1254.367,1254.367,1254.592,1.279489,3
1790677140,1252.001,1252.001,1251.426,1251.426,1251.757,1.83362093,5
1790677200,1252.541,1252.541,1252.238,1252.239,1252.283,0.87414054,3
1790677260,1251.761,1251.761,1251.269,1251.715,1251.576,0.37486163,3
1790677320,1251.715,1251.715,1251.715,1251.715,0.000,0.0,0
1790677380,1251.717,1251.717,1251.717,1251.717,1251.717,0.02253408,1
1790677440,1251.717,1251.717,1251.717,1251.717,0.000,0.0,0
1790677500,1252.594,1252.594,1252.594,1252.594,1252.594,0.13,2
1790677560,1252.723,1252.723,1252.723,1252.723,1252.723,0.13,1
1790677620,1252.723,1252.723,1252.723,1252.723,0.000,0.0,0
1790677680,1252.723,1252.723,1252.723,1252.723,0.000,0.0,0
1790677740,1253.079,1253.079,1253.079,1253.079,1253.079,0.13,1
1790677800,1253.079,1253.079,1253.079,1253.079,0.000,0.0,0
1790677860,1253.079,1253.079,1253.079,1253.079,0.000,0.0,0
1790677920,1250.0,1250.569,1250.0,1250.544,1250.479,0.13452862,3
1790677980,1249.935,1249.935,1248.823,1248.823,1249.231,0.50300334,4
1790678040,1248.832,1248.833,1248.832,1248.833,1248.832,0.97711176,3
1790678100,1248.833,1248.833,1248.833,1248.833,0.000,0.0,0
1790678160,1250.997,1250.997,1250.997,1250.997,1250.997,0.01,1
1790678220,1251.244,1251.244,1250.388,1250.388,1250.521,0.21986264,3
1790678280,1250.388,1250.388,1250.388,1250.388,0.000,0.0,0
1790678340,1249.924,1249.924,1249.924,1249.924,1249.924,0.13,1
1790678400,1250.926,1250.926,1250.926,1250.926,1250.926,0.02233004,1
1790678460,1250.926,1250.926,1250.926,1250.926,0.000,0.0,0
1790678520,1250.926,1250.926,1250.926,1250.926,0.000,0.0,0
1790678580,1252.036,1252.036,1251.543,1251.543,1251.821,0.27135181,2
1790678640,1251.154,1251.154,1251.154,1251.154,1251.154,0.13,1
1790678700,1251.154,1251.154,1251.154,1251.154,0.000,0.0,0
1790678760,1252.764,1252.764,1252.764,1252.764,1252.764,0.13,1
1790678820,1252.843,1252.843,1251.697,1251.697,1252.129,0.406497,3
1790678880,1251.697,1251.697,1251.697,1251.697,0.000,0.0,0
1790678940,1251.181,1251.181,1251.0,1251.0,1251.037,0.63,2
1790679000,1251.0,1251.0,1251.0,1251.0,0.000,0.0,0
1790679060,1251.0,1251.0,1251.0,1251.0,0.000,0.0,0
1790679120,1251.323,1251.986,1251.001,1251.986,1251.421,2.88168607,7
1790679180,1252.856,1252.856,1252.292,1252.292,1252.332,0.14,2
1790679240,1252.046,1252.046,1251.0,1251.445,1251.539,3.13206229,10
1790679300,1251.445,1251.445,1250.825,1250.825,1251.135,0.0202,2
1790679360,1251.258,1252.139,1251.191,1252.139,1251.342,0.35089959,6
1790679420,1251.156,1251.594,1250.908,1250.908,1250.943,22.16972433,11
1790679480,1250.908,1250.908,1250.908,1250.908,0.000,0.0,0
1790679540,1250.858,1250.858,1250.486,1250.486,1250.492,7.30418391,4
1790679600,1250.486,1250.486,1250.486,1250.486,1250.486,12.9537856,2
1790679660,1250.486,1250.486,1250.486,1250.486,0.000,0.0,0
1790679720,1250.486,1250.486,1250.486,1250.486,0.000,0.0,0
1790679780,1249.81,1249.81,1249.81,1249.81,1249.810,0.39769764,1
1790679840,1250.127,1250.127,1250.0,1250.0,1250.026,10.0,7
1790679900,1250.0,1250.0,1250.0,1250.0,0.000,0.0,0
1790679960,1250.0,1250.0,1250.0,1250.0,0.000,0.0,0
1790680020,1251.838,1251.838,1250.0,1250.0,1250.054,10.23467192,5
1790680080,1250.0,1250.0,1250.0,1250.0,0.000,0.0,0
1790680140,1250.0,1250.0,1250.0,1250.0,0.000,0.0,0
1790680200,1250.71,1250.71,1250.71,1250.71,1250.710,0.15435534,2
1790680260,1250.71,1250.71,1250.71,1250.71,0.000,0.0,0
1790680320,1252.204,1252.714,1251.628,1251.628,1252.368,4.08550579,6
1790680380,1251.628,1251.628,1251.628,1251.628,0.000,0.0,0
1790680440,1249.667,1249.667,1249.667,1249.667,1249.667,0.1,1
1790680500,1249.141,1249.142,1249.141,1249.142,1249.141,0.72607008,2
1790680560,1249.119,1250.043,1249.119,1250.043,1249.518,0.18663476,2
1790680620,1250.043,1250.043,1250.043,1250.043,0.000,0.0,0
1790680680,1249.627,1249.627,1249.627,1249.627,1249.627,0.13,1
1790680740,1249.627,1249.627,1249.627,1249.627,1249.627,0.0101,1
1790680800,1248.0,1248.0,1247.898,1247.898,1247.906,0.8617905,2
1790680860,1247.898,1247.898,1247.898,1247.898,0.000,0.0,0
1790680920,1247.898,1247.898,1247.898,1247.898,0.000,0.0,0
1790680980,1247.898,1247.898,1247.898,1247.898,0.000,0.0,0
1790681040,1247.164,1247.164,1247.163,1247.163,1247.163,0.12019404,2
1790681100,1247.163,1247.163,1247.163,1247.163,0.000,0.0,0
1790681160,1247.163,1247.163,1247.163,1247.163,0.000,0.0,0
1790681220,1249.175,1249.175,1249.175,1249.175,1249.175,0.15469128,1
1790681280,1250.168,1250.728,1250.168,1250.728,1250.499,0.31586803,4
1790681340,1250.728,1250.728,1250.728,1250.728,0.000,0.0,0
1790681400,1251.0,1251.0,1251.0,1251.0,1251.000,1.27425231,1
1790681460,1251.0,1251.0,1251.0,1251.0,0.000,0.0,0
1790681520,1252.938,1252.938,1252.938,1252.938,1252.938,0.1,1
1790681580,1256.95,1256.95,1255.815,1256.099,1256.099,0.43213894,4
1790681640,1257.999,1258.0,1257.999,1258.0,1257.999,2.61453856,2
1790681700,1260.327,1260.329,1260.327,1260.329,1260.328,0.14941764,2
1790681760,1259.418,1259.418,1259.418,1259.418,1259.418,0.13551727,3
1790681820,1259.093,1259.093,1259.092,1259.092,1259.092,0.2,2
1790681880,1260.974,1260.974,1260.974,1260.974,1260.974,0.4905,2
1790681940,1260.974,1260.974,1260.974,1260.974,0.000,0.0,0
1790682000,1260.974,1260.974,1260.974,1260.974,0.000,0.0,0
1790682060,1260.285,1260.285,1260.075,1260.075,1260.190,1.03603918,2
1790682120,1256.862,1256.862,1256.862,1256.862,1256.862,0.16,1
1790682180,1259.652,1259.652,1259.652,1259.652,1259.652,0.19343076,1
1790682240,1261.816,1264.923,1261.43,1264.923,1261.959,3.22238158,5
1790682300,1265.0,1265.0,1265.0,1265.0,1265.000,0.15773123,1
1790682360,1265.186,1272.65,1265.186,1272.65,1267.780,4.37383493,19
1790682420,1273.254,1275.436,1272.981,1275.436,1274.687,20.5145794,27
1790682480,1273.246,1273.399,1273.246,1273.399,1273.272,1.0,2
1790682540,1271.68,1280.633,1271.68,1280.633,1276.327,4.26019772,13
1790682600,1278.955,1281.953,1278.955,1280.236,1281.283,1.94679004,7
1790682660,1281.67,1281.94,1274.41,1274.648,1277.198,2.70033845,12
1790682720,1275.672,1276.913,1275.672,1275.817,1275.799,0.68396169,5
1790682780,1275.849,1276.884,1274.812,1274.812,1275.699,0.91806795,8
1790682840,1274.429,1275.41,1271.918,1273.949,1273.888,10.22972883,15
1790682900,1274.227,1277.867,1274.028,1275.061,1276.682,26.00644233,31
1790682960,1274.982,1278.995,1274.982,1278.995,1276.036,2.97950229,8
1790683020,1278.217,1278.217,1277.083,1277.083,1277.800,1.738508,6
1790683080,1277.083,1277.083,1277.083,1277.083,0.000,0.0,0
1790683140,1276.822,1276.822,1276.822,1276.822,1276.822,0.56170747,1
1790683200,1279.0,1279.0,1279.0,1279.0,1279.000,0.15637217,1
1790683260,1285.0,1287.358,1284.537,1285.32,1285.765,0.21490537,4
1790683320,1282.008,1282.008,1282.0,1282.0,1282.002,0.51066255,3
1790683380,1283.67,1283.67,1280.58,1280.58,1282.760,1.06290378,4
1790683440,1281.102,1281.853,1281.102,1281.853,1281.774,1.22833789,3
1790683500,1278.004,1278.004,1278.0,1278.0,1278.000,7.40019977,5
1790683560,1277.461,1277.759,1277.0,1277.0,1277.002,135.23479036,36
1790683620,1276.075,1276.075,1274.001,1274.046,1275.198,91.82443396,120
1790683680,1274.104,1274.104,1274.0,1274.001,1274.000,96.78006403,80
1790683740,1274.0,1275.89,1270.279,1275.89,1272.642,74.19999263,28
1790683800,1275.18,1275.383,1275.18,1275.363,1275.363,1.18915329,5
1790683860,1274.952,1274.952,1273.247,1274.053,1274.006,1.457521,4
1790683920,1273.761,1273.761,1273.761,1273.761,1273.761,0.1,1
1790683980,1273.999,1274.022,1273.848,1273.848,1273.934,1.38193565,12
1790684040,1274.476,1274.476,1273.44,1273.44,1273.502,3.84003459,3
1790684100,1273.44,1273.44,1273.44,1273.44,0.000,0.0,0
1790684160,1273.44,1273.44,1273.44,1273.44,0.000,0.0,0
1790684220,1276.957,1276.957,1276.957,1276.957,1276.957,0.88622303,1
1790684280,1278.999,1279.0,1278.76,1278.999,1278.992,41.7590345,59
1790684340,1273.441,1274.042,1270.0,1270.129,1271.749,5.02321947,14
1790684400,1270.665,1270.932,1269.745,1270.675,1270.370,10.99042299,17
1790684460,1270.832,1270.832,1268.854,1268.854,1269.089,1.04761502,4
1790684520,1268.684,1268.763,1267.924,1268.763,1268.321,0.22277784,3
1790684580,1269.973,1269.973,1269.618,1269.618,1269.795,0.30832534,2
1790684640,1268.761,1268.761,1268.761,1268.761,1268.761,0.10995111,1
1790684700,1267.777,1267.987,1267.442,1267.485,1267.556,2.67275225,8
1790684760,1267.485,1267.485,1267.485,1267.485,0.000,0.0,0
1790684820,1270.79,1270.79,1269.895,1269.895,1270.584,0.99850948,6
1790684880,1270.794,1270.794,1269.72,1270.161,1270.154,1.88097478,12
1790684940,1269.544,1269.755,1269.543,1269.755,1269.602,0.57436931,3
1790685000,1270.372,1270.372,1269.613,1269.613,1270.009,0.2722689,2
1790685060,1270.467,1270.569,1270.467,1270.568,1270.556,1.10199578,3
1790685120,1270.568,1270.568,1270.568,1270.568,0.000,0.0,0
1790685180,1270.568,1270.568,1270.568,1270.568,0.000,0.0,0
1790685240,1268.458,1268.458,1266.452,1266.452,1267.326,0.2289898,3
1790685300,1267.0,1267.0,1267.0,1267.0,1267.000,0.1578532,1
1790685360,1267.959,1268.186,1267.397,1267.681,1267.730,3.96792078,28
1790685420,1267.505,1269.274,1267.505,1269.274,1267.690,0.95553541,3
1790685480,1270.344,1273.296,1270.073,1273.296,1271.411,0.51430151,11
1790685540,1271.754,1271.754,1268.18,1268.26,1270.558,1.42294174,14
1790685600,1267.94,1268.736,1267.155,1267.155,1267.755,2.93808039,29
1790685660,1267.081,1268.344,1267.081,1267.612,1267.688,1.49100604,14
1790685720,1267.57,1267.57,1267.57,1267.57,1267.570,0.07100199,1
1790685780,1266.98,1266.98,1266.98,1266.98,1266.980,0.03307148,1
1790685840,1267.605,1269.416,1267.605,1269.416,1268.102,0.19284025,4
1790685900,1266.98,1266.98,1266.98,1266.98,1266.980,0.01,1
1790685960,1267.95,1268.338,1267.95,1268.338,1268.145,3.1247801,5
1790686020,1268.338,1268.338,1268.338,1268.338,0.000,0.0,0
1790686080,1272.0,1272.25,1272.0,1272.25,1272.125,0.30013333,2
1790686140,1272.786,1272.786,1272.786,1272.786,1272.786,0.03928346,1
1790686200,1271.579,1271.579,1270.481,1270.534,1271.522,4.12181329,5
1790686260,1270.99,1270.99,1270.99,1270.99,1270.990,0.01886639,1
1790686320,1270.99,1270.99,1270.99,1270.99,0.000,0.0,0
1790686380,1272.257,1272.257,1272.257,1272.257,1272.257,0.02829334,1
1790686440,1272.984,1272.984,1272.966,1272.966,1272.975,1.2671529,3
1790686500,1272.395,1272.395,1268.625,1268.625,1271.183,10.70691233,12
1790686560,1270.646,1271.162,1270.211,1270.435,1270.282,1.16824425,9
1790686620,1270.531,1271.215,1270.16,1271.215,1270.826,3.07406048,10
1790686680,1271.368,1271.556,1270.36,1270.36,1271.086,2.39378453,3
1790686740,1270.95,1271.201,1270.95,1271.2,1271.185,1.31163561,3
1790686800,1270.624,1273.002,1270.624,1273.002,1272.512,12.15914087,28
1790686860,1271.37,1272.339,1271.37,1272.339,1271.835,10.0,8
1790686920,1272.339,1272.339,1272.339,1272.339,0.000,0.0,0
1790686980,1275.382,1275.382,1274.841,1274.841,1275.333,1.49529454,2
1790687040,1273.056,1273.173,1273.056,1273.127,1273.112,1.56231533,3
1790687100,1276.273,1276.5,1276.273,1276.5,1276.497,11.18197645,4
1790687160,1276.5,1276.5,1276.5,1276.5,0.000,0.0,0
1790687220,1276.5,1276.5,1276.5,1276.5,0.000,0.0,0
1790687280,1276.5,1276.5,1276.5,1276.5,0.000,0.0,0
1790687340,1276.498,1276.5,1275.708,1276.5,1276.498,143.24384626,163
1790687400,1276.5,1276.5,1275.989,1276.5,1276.486,25.17128778,32
1790687460,1276.5,1276.5,1275.706,1275.706,1276.460,3.00193832,5
1790687520,1274.315,1274.316,1274.315,1274.316,1274.315,0.2,2
1790687580,1274.316,1274.316,1274.316,1274.316,0.000,0.0,0
1790687640,1273.5,1274.166,1273.5,1273.776,1273.643,0.55553126,5
1790687700,1270.429,1272.27,1270.429,1272.27,1271.202,1.08532141,6
1790687760,1272.27,1272.27,1272.27,1272.27,0.000,0.0,0
1790687820,1275.393,1275.393,1275.393,1275.393,1275.393,0.14118495,1
1790687880,1275.393,1275.393,1275.393,1275.393,0.000,0.0,0
1790687940,1275.19,1275.19,1275.19,1275.19,1275.190,0.1,1
1790688000,1275.368,1275.369,1275.368,1275.369,1275.368,0.15686852,2
1790688060,1275.945,1275.946,1275.945,1275.946,1275.945,0.196739,2
1790688120,1275.92,1275.92,1275.92,1275.92,1275.920,0.22415198,2
1790688180,1276.474,1276.474,1276.474,1276.474,1276.474,0.11735913,1
1790688240,1276.5,1276.5,1276.499,1276.499,1276.499,12.95324979,7
1790688300,1276.5,1276.5,1275.825,1275.825,1276.495,15.10766508,9
1790688360,1273.041,1273.316,1270.885,1270.885,1271.518,6.25136181,12
1790688420,1272.703,1274.428,1272.703,1274.053,1273.399,1.113389,10
1790688480,1273.93,1273.947,1273.93,1273.947,1273.938,0.135359,2
1790688540,1272.073,1272.63,1271.874,1272.63,1272.188,0.31740556,3
1790688600,1271.42,1271.42,1268.234,1268.234,1269.602,0.4169054,5
1790688660,1264.595,1266.776,1264.17,1264.246,1265.092,2.04698571,18
1790688720,1267.43,1267.485,1265.903,1265.903,1266.799,1.68695089,3
1790688780,1264.174,1266.78,1264.174,1264.198,1265.331,0.37928,7
1790688840,1265.31,1265.31,1265.102,1265.102,1265.206,0.039516,2
1790688900,1268.6,1268.797,1265.056,1265.056,1267.606,0.85212062,13
1790688960,1266.628,1267.779,1266.628,1267.779,1266.928,0.376503,5
1790689020,1269.583,1269.936,1268.93,1269.936,1269.160,2.45325433,8
1790689080,1269.936,1269.936,1269.936,1269.936,0.000,0.0,0
1790689140,1272.884,1274.787,1272.884,1274.787,1273.529,1.30824825,4
1790689200,1272.021,1272.021,1272.021,1272.021,1272.021,0.150559,1
1790689260,1275.592,1276.4,1275.592,1276.4,1276.396,99.42146959,60
1790689320,1277.039,1277.039,1277.039,1277.039,1277.039,0.54282332,1
1790689380,1277.039,1277.039,1277.039,1277.039,0.000,0.0,0
1790689440,1274.821,1274.821,1274.821,1274.821,1274.821,0.012,1
1790689500,1273.715,1273.855,1273.714,1273.855,1273.734,0.70553627,3
1790689560,1274.013,1274.013,1272.907,1272.907,1273.203,0.88071585,4
1790689620,1272.907,1272.907,1272.907,1272.907,0.000,0.0,0
1790689680,1272.907,1272.907,1272.907,1272.907,0.000,0.0,0
1790689740,1273.313,1274.578,1273.313,1274.343,1274.319,1.00928871,7
1790689800,1273.851,1274.019,1273.851,1274.018,1273.937,1.14874048,3
1790689860,1274.402,1277.184,1274.402,1277.183,1275.417,2.60433986,6
1790689920,1280.633,1280.654,1280.44,1280.654,1280.598,0.2528056,4
1790689980,1280.654,1280.654,1280.654,1280.654,0.000,0.0,0
1790690040,1280.654,1280.654,1280.654,1280.654,0.000,0.0,0
1790690100,1281.84,1283.311,1281.84,1283.311,1282.657,7.82693259,10
1790690160,1283.269,1283.58,1283.269,1283.579,1283.575,0.78895573,3
1790690220,1283.188,1283.188,1283.188,1283.188,1283.188,0.055672,1
1790690280,1280.061,1280.061,1280.061,1280.061,1280.061,0.0558121,2
1790690340,1283.212,1283.212,1283.212,1283.212,1283.212,0.0556731,1
1790690400,1284.038,1284.4,1283.45,1284.399,1283.899,2.99869879,6
1790690460,1283.843,1283.843,1280.341,1280.64,1280.503,0.8936619,7
1790690520,1278.254,1278.255,1273.84,1274.614,1276.658,2.03021101,14
1790690580,1275.602,1275.602,1274.458,1274.458,1274.829,0.312045,4
1790690640,1275.002,1275.002,1271.569,1271.569,1273.238,2.6640964,18
1790690700,1273.76,1275.301,1273.425,1274.383,1274.548,2.61988666,14
1790690760,1271.272,1271.272,1271.272,1271.272,1271.272,0.053976,1
1790690820,1271.79,1271.79,1270.252,1270.252,1271.647,0.48006998,3
1790690880,1272.557,1272.557,1272.549,1272.549,1272.549,0.87312406,2
1790690940,1270.251,1270.251,1270.25,1270.25,1270.250,0.16817336,3
1790691000,1268.899,1268.899,1268.899,1268.899,1268.899,0.03928255,1
1790691060,1268.899,1268.899,1268.899,1268.899,0.000,0.0,0
1790691120,1268.723,1268.723,1268.722,1268.722,1268.722,0.4499,2
1790691180,1268.819,1268.819,1267.8,1267.8,1268.130,1.77250581,3
1790691240,1266.581,1267.736,1266.58,1267.736,1267.158,1.72050329,5
1790691300,1267.736,1267.736,1267.736,1267.736,0.000,0.0,0
1790691360,1264.827,1264.827,1262.104,1263.127,1263.962,1.41663733,6
1790691420,1268.621,1268.621,1267.77,1267.77,1267.937,25.0,11
1790691480,1267.77,1267.77,1267.77,1267.77,0.000,0.0,0
1790691540,1267.77,1267.77,1267.77,1267.77,0.000,0.0,0
1790691600,1272.414,1272.414,1270.443,1270.443,1271.386,0.90624325,6
1790691660,1270.443,1270.443,1270.443,1270.443,0.000,0.0,0
1790691720,1269.983,1269.983,1269.791,1269.791,1269.887,0.2,2
1790691780,1270.928,1270.928,1270.787,1270.787,1270.835,0.15219918,2
1790691840,1270.35,1270.35,1270.349,1270.349,1270.349,0.41669279,2
1790691900,1271.217,1272.136,1270.854,1272.136,1271.944,2.1235008,3
1790691960,1272.136,1272.136,1272.136,1272.136,0.000,0.0,0
1790692020,1272.136,1272.136,1272.136,1272.136,0.000,0.0,0
1790692080,1272.136,1272.136,1272.136,1272.136,0.000,0.0,0
1790692140,1271.318,1271.318,1271.243,1271.243,1271.285,0.23,2
1790692200,1270.751,1270.752,1270.751,1270.752,1270.751,1.23227887,2
1790692260,1270.154,1272.58,1270.154,1272.58,1272.385,2.42491628,7
1790692320,1271.907,1271.907,1271.907,1271.907,1271.907,0.0561,1
1790692380,1271.907,1271.907,1271.907,1271.907,0.000,0.0,0
1790692440,1271.907,1271.907,1271.907,1271.907,0.000,0.0,0
1790692500,1271.907,1271.907,1271.907,1271.907,0.000,0.0,0
1790692560,1266.693,1266.693,1265.0,1265.0,1266.234,0.64772806,6
1790692620,1265.0,1265.0,1265.0,1265.0,0.000,0.0,0
1790692680,1269.139,1270.093,1269.139,1270.093,1269.707,0.39633218,3
1790692740,1270.566,1270.566,1270.459,1270.459,1270.512,0.2,2
1790692800,1272.72,1272.72,1272.72,1272.72,1272.720,0.12215469,1
1790692860,1272.72,1272.72,1272.72,1272.72,0.000,0.0,0
1790692920,1273.25,1273.25,1272.951,1272.951,1273.231,1.52753075,5
1790692980,1272.951,1272.951,1272.951,1272.951,0.000,0.0,0
1790693040,1269.158,1269.158,1269.158,1269.158,1269.158,1.07966384,1
1790693100,1270.162,1270.162,1270.162,1270.162,1270.162,0.1,1
1790693160,1270.222,1270.222,1270.222,1270.222,1270.222,0.26958549,1
1790693220,1270.222,1270.222,1270.222,1270.222,0.000,0.0,0
1790693280,1267.957,1267.957,1267.957,1267.957,1267.957,0.03689937,1
1790693340,1266.71,1266.71,1266.272,1266.272,1266.566,0.7202,3
1790693400,1266.272,1266.272,1266.272,1266.272,0.000,0.0,0
1790693460,1264.093,1264.095,1264.093,1264.095,1264.094,0.52779035,3
1790693520,1268.079,1268.079,1268.079,1268.079,1268.079,0.1,1
1790693580,1268.079,1268.079,1268.079,1268.079,0.000,0.0,0
1790693640,1268.079,1268.079,1268.079,1268.079,0.000,0.0,0
1790693700,1268.079,1268.079,1268.079,1268.079,0.000,0.0,0
1790693760,1268.079,1268.079,1268.079,1268.079,0.000,0.0,0
1790693820,1268.0,1268.0,1268.0,1268.0,1268.000,0.73477917,1
1790693880,1268.0,1268.0,1268.0,1268.0,0.000,0.0,0
1790693940,1267.951,1267.951,1267.951,1267.951,1267.951,0.08325699,1
1790694000,1267.951,1267.951,1267.951,1267.951,0.000,0.0,0
1790694060,1259.573,1259.573,1258.092,1258.092,1258.831,1.01821371,4
1790694120,1261.703,1261.703,1260.727,1260.727,1261.387,0.75646305,2
1790694180,1259.66,1259.66,1256.642,1256.642,1257.541,6.0933958,5
1790694240,1256.721,1258.443,1256.617,1258.043,1257.635,4.25806455,4
1790694300,1256.864,1256.864,1253.816,1253.816,1254.618,6.90419223,8
1790694360,1254.904,1254.904,1254.904,1254.904,1254.904,0.07838514,1
1790694420,1254.904,1254.904,1254.904,1254.904,0.000,0.0,0
1790694480,1256.743,1257.379,1256.743,1257.379,1257.086,4.49333332,2
1790694540,1257.066,1258.095,1257.066,1258.095,1257.580,1.6846078,2
1790694600,1260.919,1260.92,1260.653,1260.751,1260.778,2.0857383,4
1790694660,1257.781,1258.291,1257.781,1258.291,1258.035,1.68063829,2
1790694720,1255.794,1255.794,1255.794,1255.794,1255.794,0.84189352,1
1790694780,1253.605,1253.618,1250.0,1253.051,1253.076,4.16094552,13
1790694840,1253.85,1253.85,1253.85,1253.85,1253.850,0.84462352,1
1790694900,1255.727,1255.728,1254.573,1254.573,1255.267,2.11889814,3
1790694960,1254.573,1254.573,1254.573,1254.573,0.000,0.0,0
1790695020,1254.921,1258.665,1254.921,1258.665,1256.454,2.47516309,7
1790695080,1255.48,1255.48,1252.829,1252.829,1253.913,1.13372667,2
1790695140,1252.183,1252.183,1251.787,1251.787,1252.178,0.85534773,2
1790695200,1252.237,1252.237,1252.237,1252.237,1252.237,0.01,1
1790695260,1252.237,1252.237,1252.237,1252.237,0.000,0.0,0
1790695320,1252.237,1252.237,1252.237,1252.237,0.000,0.0,0
1790695380,1250.114,1251.008,1235.0,1235.0,1243.219,15.34311708,25
1790695440,1236.407,1236.407,1211.859,1211.859,1224.571,47.59893499,82
1790695500,1217.643,1220.833,1217.643,1220.619,1219.922,2.66088548,9
1790695560,1227.772,1227.772,1227.232,1227.232,1227.727,0.99688418,4
1790695620,1227.119,1227.119,1225.392,1225.392,1226.171,1.80819318,3
1790695680,1224.776,1227.011,1223.678,1223.678,1226.061,1.0770367,4
1790695740,1226.747,1227.0,1226.747,1227.0,1226.959,10.04915002,4
1790695800,1234.12,1234.12,1228.78,1228.78,1231.793,0.96888119,5
1790695860,1227.499,1228.749,1227.499,1228.749,1227.907,1.51521903,4
1790695920,1226.961,1229.325,1226.961,1229.325,1227.279,1.21291627,4
1790695980,1229.148,1231.412,1229.148,1230.862,1230.361,1.5819007,7
1790696040,1231.304,1231.55,1230.17,1230.17,1230.681,0.4314691,3
1790696100,1230.569,1233.592,1230.569,1233.592,1231.617,1.06047687,3
1790696160,1231.54,1231.772,1231.54,1231.772,1231.580,0.58919569,3
1790696220,1231.655,1231.69,1231.655,1231.69,1231.672,0.4024772,2
1790696280,1234.687,1236.536,1234.351,1236.536,1235.001,0.40841218,4
1790696340,1236.805,1240.0,1236.805,1240.0,1239.570,1.15515071,2
1790696400,1239.811,1240.346,1239.811,1240.346,1239.974,0.56122865,3
1790696460,1240.18,1240.18,1237.172,1237.172,1237.525,3.26269988,5
1790696520,1237.554,1237.554,1236.792,1236.792,1237.439,0.08453887,2
1790696580,1234.18,1234.18,1234.18,1234.18,1234.180,0.01,1
1790696640,1236.032,1236.032,1236.032,1236.032,1236.032,0.15387376,1
1790696700,1239.18,1239.347,1237.236,1237.236,1238.806,1.61743464,3
1790696760,1233.95,1233.95,1233.95,1233.95,1233.950,0.401399,1
1790696820,1233.282,1236.055,1233.282,1235.86,1235.725,1.85725403,8
1790696880,1235.236,1235.236,1234.697,1234.697,1235.035,0.32281552,2
1790696940,1237.865,1238.811,1236.362,1236.43,1237.679,9.56509171,14
1790697000,1236.454,1236.454,1233.729,1234.538,1235.258,8.5502493,11
1790697060,1232.876,1232.969,1232.761,1232.761,1232.873,0.86205606,3
1790697120,1230.062,1230.062,1228.363,1228.363,1228.960,0.15428831,2
1790697180,1231.564,1231.564,1226.575,1227.953,1228.107,3.53570179,14
1790697240,1227.742,1227.742,1227.742,1227.742,1227.742,0.05526595,1
1790697300,1229.03,1230.615,1227.612,1230.611,1229.379,3.42754413,5
1790697360,1230.066,1230.066,1229.47,1229.48,1229.626,2.89941365,5
1790697420,1229.646,1229.647,1228.638,1228.904,1229.048,1.17665013,6
1790697480,1228.023,1228.023,1226.0,1226.0,1227.184,2.95892217,4
1790697540,1226.0,1226.0,1226.0,1226.0,0.000,0.0,0
1790697600,1224.401,1225.873,1224.401,1225.873,1224.747,0.12836356,2
1790697660,1225.873,1225.873,1225.873,1225.873,0.000,0.0,0
1790697720,1226.289,1227.337,1226.237,1226.237,1226.988,4.89098907,9
1790697780,1226.171,1227.018,1225.456,1226.045,1226.414,8.97871653,17
1790697840,1225.852,1225.852,1222.629,1222.629,1223.934,7.35468417,14
1790697900,1223.877,1226.447,1223.877,1226.447,1225.336,5.4610291,8
1790697960,1226.687,1226.945,1223.882,1223.882,1224.813,19.57237565,19
1790698020,1223.882,1223.882,1223.882,1223.882,0.000,0.0,0
1790698080,1223.882,1223.882,1223.882,1223.882,0.000,0.0,0
1790698140,1222.545,1222.58,1221.984,1222.58,1222.164,1.47634399,4
1790698200,1227.999,1228.22,1227.999,1228.22,1228.132,2.1880071,2
1790698260,1227.181,1228.434,1227.181,1228.434,1227.286,0.15695962,2
1790698320,1230.119,1230.119,1230.119,1230.119,1230.119,0.24081913,1
1790698380,1230.119,1230.119,1230.119,1230.119,0.000,0.0,0
1790698440,1227.824,1227.824,1226.171,1226.171,1227.199,1.00749755,4
1790698500,1225.486,1225.486,1225.0,1225.0,1225.448,0.46427629,2
1790698560,1229.041,1229.041,1229.041,1229.041,1229.041,0.8753,2
1790698620,1228.032,1229.034,1228.032,1229.034,1228.816,0.984911,2
1790698680,1228.84,1228.84,1228.84,1228.84,1228.840,0.01,1
1790698740,1229.654,1229.654,1229.496,1229.496,1229.577,0.23581237,2
1790698800,1228.405,1228.405,1228.405,1228.405,1228.405,0.10284455,1
1790698860,1228.177,1228.177,1228.177,1228.177,1228.177,0.14093326,1
1790698920,1228.177,1228.177,1228.177,1228.177,0.000,0.0,0
1790698980,1229.65,1230.346,1229.65,1230.346,1229.749,0.9892402,2
1790699040,1229.974,1229.974,1229.974,1229.974,1229.974,0.07283974,1
1790699100,1231.122,1232.185,1231.122,1232.185,1232.165,0.55,2
1790699160,1232.185,1232.185,1232.185,1232.185,0.000,0.0,0
1790699220,1232.611,1232.611,1232.61,1232.61,1232.610,0.14738797,2
1790699280,1233.14,1233.14,1232.789,1232.789,1233.094,0.95753646,3
1790699340,1232.789,1232.789,1232.789,1232.789,0.000,0.0,0
1790699400,1232.032,1232.033,1230.0,1230.0,1231.950,0.24795107,3
1790699460,1228.858,1228.858,1228.817,1228.817,1228.826,0.5945973,2
1790699520,1228.817,1228.817,1228.817,1228.817,0.000,0.0,0
1790699580,1228.966,1228.966,1228.966,1228.966,1228.966,0.14064604,1
1790699640,1230.178,1230.178,1230.178,1230.178,1230.178,0.09738797,1
1790699700,1229.949,1230.751,1229.949,1230.751,1230.670,1.11316124,3
1790699760,1230.751,1230.751,1230.751,1230.751,0.000,0.0,0
1790699820,1233.229,1233.229,1233.229,1233.229,1233.229,0.1,1
1790699880,1232.464,1232.464,1232.464,1232.464,1232.464,0.1,1
1790699940,1232.464,1232.464,1232.464,1232.464,0.000,0.0,0
1790700000,1228.266,1228.266,1228.266,1228.266,1228.266,0.04070779,1
1790700060,1228.536,1228.973,1228.536,1228.973,1228.752,1.74073558,3
1790700120,1228.727,1228.727,1228.641,1228.641,1228.684,1.72402479,2
1790700180,1228.289,1228.289,1228.289,1228.289,1228.289,0.1,1
1790700240,1228.866,1228.866,1228.866,1228.866,1228.866,0.13,1
1790700300,1228.023,1228.023,1227.797,1227.892,1227.895,1.67603211,3
1790700360,1230.137,1230.137,1230.137,1230.137,1230.137,0.86292051,1
1790700420,1232.562,1232.562,1230.304,1230.304,1231.523,0.89094835,2
1790700480,1229.453,1229.453,1229.453,1229.453,1229.453,0.04126615,1
1790700540,1229.409,1229.409,1229.122,1229.122,1229.207,2.00966484,2
1790700600,1229.122,1229.122,1229.122,1229.122,0.000,0.0,0
1790700660,1229.122,1229.122,1229.122,1229.122,0.000,0.0,0
1790700720,1230.113,1231.441,1230.113,1231.441,1231.390,2.15187788,3
1790700780,1230.37,1230.37,1228.88,1228.88,1229.759,0.33315189,4
1790700840,1227.0,1227.0,1227.0,1227.0,1227.000,0.02037489,1
1790700900,1227.0,1227.0,1227.0,1227.0,0.000,0.0,0
1790700960,1227.625,1227.625,1227.625,1227.625,1227.625,0.86316904,1
1790701020,1228.19,1228.966,1228.18,1228.966,1228.313,2.1819408,4
1790701080,1229.314,1229.315,1229.314,1229.315,1229.314,0.3362,2
1790701140,1229.315,1229.315,1229.315,1229.315,0.000,0.0,0
1790701200,1229.315,1229.315,1229.315,1229.315,0.000,0.0,0
1790701260,1229.315,1229.315,1229.315,1229.315,1229.315,0.02604391,1
1790701320,1229.315,1229.315,1229.315,1229.315,0.000,0.0,0
1790701380,1228.536,1228.536,1228.536,1228.536,1228.536,0.12838551,1
1790701440,1230.875,1230.875,1230.875,1230.875,1230.875,0.12408457,1
1790701500,1230.915,1231.649,1230.915,1231.616,1231.115,2.02,7
1790701560,1231.616,1231.616,1231.616,1231.616,0.000,0.0,0
1790701620,1231.616,1231.616,1231.616,1231.616,0.000,0.0,0
1790701680,1232.118,1233.511,1232.044,1233.511,1232.779,5.10198705,10
1790701740,1233.511,1233.511,1233.511,1233.511,0.000,0.0,0
1790701800,1232.448,1232.448,1230.991,1230.991,1232.144,1.11601318,8
1790701860,1231.013,1232.534,1231.013,1232.534,1231.516,0.14560566,3
1790701920,1232.534,1232.534,1232.534,1232.534,0.000,0.0,0
1790701980,1232.534,1232.534,1232.534,1232.534,0.000,0.0,0
1790702040,1232.534,1232.534,1232.534,1232.534,0.000,0.0,0
1790702100,1232.534,1232.534,1232.534,1232.534,0.000,0.0,0
1790702160,1232.534,1232.534,1232.534,1232.534,0.000,0.0,0
1790702220,1229.63,1229.63,1229.63,1229.63,1229.630,0.14071748,1
1790702280,1229.63,1229.63,1229.63,1229.63,0.000,0.0,0
1790702340,1230.804,1230.804,1230.804,1230.804,1230.804,0.01,1
1790702400,1230.804,1230.804,1230.804,1230.804,0.000,0.0,0
1790702460,1228.372,1228.372,1228.371,1228.371,1228.371,0.4724,3
1790702520,1226.964,1228.779,1226.964,1228.779,1227.188,2.81494809,4
1790702580,1228.779,1228.779,1228.779,1228.779,0.000,0.0,0
1790702640,1228.94,1229.12,1228.937,1229.119,1229.077,0.46010587,6
1790702700,1229.119,1229.119,1229.119,1229.119,0.000,0.0,0
1790702760,1229.119,1229.119,1229.119,1229.119,0.000,0.0,0
1790702820,1229.326,1229.326,1229.326,1229.326,1229.326,0.14061905,1
1790702880,1229.326,1229.326,1229.326,1229.326,0.000,0.0,0
1790702940,1229.326,1229.326,1229.326,1229.326,0.000,0.0,0
1790703000,1234.406,1234.406,1234.406,1234.406,1234.406,0.13985345,1
1790703060,1233.05,1233.051,1233.05,1233.051,1233.050,0.16219941,2
1790703120,1233.891,1233.893,1233.891,1233.893,1233.892,0.53165935,2
1790703180,1234.134,1234.136,1234.134,1234.136,1234.135,0.99866044,2
1790703240,1235.122,1235.122,1235.059,1235.059,1235.113,0.87239948,3
1790703300,1235.059,1235.059,1235.059,1235.059,0.000,0.0,0
1790703360,1235.059,1235.059,1235.059,1235.059,0.000,0.0,0
1790703420,1233.164,1233.164,1233.164,1233.164,1233.164,0.11040106,1
1790703480,1233.725,1233.725,1233.725,1233.725,1233.725,0.1,1
1790703540,1233.725,1233.725,1233.725,1233.725,0.000,0.0,0
1790703600,1233.725,1233.725,1233.725,1233.725,0.000,0.0,0
1790703660,1236.011,1236.011,1236.011,1236.011,1236.011,0.16181086,1
1790703720,1236.011,1236.011,1236.011,1236.011,0.000,0.0,0
1790703780,1235.087,1237.446,1235.087,1237.446,1235.933,1.33790395,4
1790703840,1237.446,1237.446,1237.446,1237.446,0.000,0.0,0
1790703900,1235.69,1235.69,1235.69,1235.69,1235.690,1.64174671,1
1790703960,1236.39,1236.39,1236.272,1236.272,1236.273,10.1,5
1790704020,1234.14,1234.14,1234.14,1234.14,1234.140,0.09,1
1790704080,1234.14,1234.14,1234.14,1234.14,0.000,0.0,0
1790704140,1234.14,1234.14,1234.14,1234.14,0.000,0.0,0
1790704200,1234.14,1234.14,1234.14,1234.14,0.000,0.0,0
1790704260,1230.001,1231.146,1230.0,1231.146,1230.202,0.76647777,3
1790704320,1231.146,1231.146,1231.146,1231.146,0.000,0.0,0
1790704380,1233.072,1233.091,1233.071,1233.091,1233.074,0.80172471,3
1790704440,1233.091,1233.091,1233.091,1233.091,0.000,0.0,0
1790704500,1233.091,1233.091,1233.091,1233.091,0.000,0.0,0
1790704560,1233.091,1233.091,1233.091,1233.091,0.000,0.0,0
1790704620,1233.091,1233.091,1233.091,1233.091,0.000,0.0,0
1790704680,1233.091,1233.091,1233.091,1233.091,0.000,0.0,0
1790704740,1234.795,1234.795,1234.795,1234.795,1234.795,0.02024628,1
1790704800,1235.745,1240.346,1235.745,1240.346,1237.501,0.86082239,8
1790704860,1242.0,1244.291,1242.0,1244.291,1243.975,0.08211551,3
1790704920,1239.146,1239.146,1239.146,1239.146,1239.146,0.07076647,2
1790704980,1239.146,1239.146,1239.146,1239.146,0.000,0.0,0
1790705040,1239.146,1239.146,1239.146,1239.146,0.000,0.0,0
1790705100,1240.234,1240.234,1240.234,1240.234,1240.234,0.12106329,1
1790705160,1242.803,1245.369,1242.803,1243.726,1243.723,0.52394727,5
1790705220,1243.726,1243.726,1243.726,1243.726,0.000,0.0,0
1790705280,1243.0,1243.0,1243.0,1243.0,1243.000,0.6,1
1790705340,1244.935,1244.935,1244.501,1244.502,1244.667,0.16186004,3
1790705400,1245.977,1246.131,1245.977,1246.131,1245.985,0.70294922,3
1790705460,1246.844,1246.844,1246.843,1246.843,1246.843,0.94659407,2
1790705520,1245.294,1250.297,1245.25,1250.297,1246.412,2.17123516,15
1790705580,1248.985,1248.985,1248.335,1248.335,1248.746,5.0,12
1790705640,1248.335,1248.335,1248.335,1248.335,0.000,0.0,0
1790705700,1248.335,1248.335,1248.335,1248.335,0.000,0.0,0
1790705760,1248.325,1248.325,1247.003,1247.003,1247.633,19.21635349,15
1790705820,1247.418,1247.645,1245.958,1245.958,1247.329,3.01042172,17
1790705880,1246.39,1247.191,1246.39,1247.191,1246.628,0.68171465,6
1790705940,1246.803,1247.769,1246.803,1247.769,1247.752,0.69204147,2
1790706000,1246.247,1247.767,1245.607,1246.342,1247.531,0.28207186,4
1790706060,1247.774,1247.774,1247.774,1247.774,1247.774,0.16028544,1
1790706120,1248.335,1248.335,1248.335,1248.335,1248.335,0.03486276,1
1790706180,1249.29,1249.29,1249.29,1249.29,1249.290,1.89614132,1
1790706240,1250.957,1251.099,1249.199,1249.199,1250.498,6.06941814,6
1790706300,1250.119,1250.119,1250.119,1250.119,1250.119,0.32658655,1
1790706360,1250.119,1250.119,1250.119,1250.119,0.000,0.0,0
1790706420,1250.218,1250.218,1249.853,1249.853,1250.067,2.28385383,4
1790706480,1249.319,1249.319,1247.191,1247.191,1248.407,1.86852664,7
1790706540,1247.191,1247.191,1247.191,1247.191,0.000,0.0,0
1790706600,1247.133,1247.967,1247.133,1247.702,1247.413,0.93679761,5
1790706660,1247.42,1247.42,1247.419,1247.419,1247.419,1.01926549,2
1790706720,1248.467,1248.467,1248.467,1248.467,1248.467,0.03819259,1
1790706780,1252.916,1252.916,1252.916,1252.916,1252.916,0.0791251,2
1790706840,1251.739,1251.739,1251.739,1251.739,1251.739,0.1,1
1790706900,1251.739,1251.739,1251.739,1251.739,0.000,0.0,0
1790706960,1251.739,1251.739,1251.739,1251.739,0.000,0.0,0
1790707020,1251.739,1251.739,1251.739,1251.739,0.000,0.0,0
1790707080,1254.298,1254.299,1254.298,1254.299,1254.298,1.0,2
1790707140,1253.021,1255.17,1253.021,1255.17,1255.080,1.54628395,2
1790707200,1253.612,1256.604,1253.612,1256.604,1254.541,0.37308367,3
1790707260,1259.883,1263.212,1259.883,1263.212,1262.316,0.75246046,4
1790707320,1262.608,1262.609,1262.608,1262.609,1262.608,0.6220612,2
1790707380,1261.596,1261.598,1261.596,1261.598,1261.597,1.86904487,4
1790707440,1262.311,1262.311,1262.311,1262.311,1262.311,0.13611422,1
1790707500,1261.982,1261.982,1260.027,1260.027,1260.430,0.52163508,3
1790707560,1260.027,1260.027,1260.027,1260.027,0.000,0.0,0
1790707620,1259.025,1259.025,1256.1,1256.1,1256.728,2.21368196,11
1790707680,1255.442,1255.71,1255.442,1255.71,1255.673,0.23178346,2
1790707740,1255.143,1255.143,1255.143,1255.143,1255.143,0.79650557,1
1790707800,1255.311,1255.311,1255.311,1255.311,1255.311,0.84315335,1
1790707860,1255.7,1256.836,1255.7,1256.836,1256.007,0.10909206,2
1790707920,1257.594,1257.594,1257.593,1257.593,1257.593,0.2,2
1790707980,1259.896,1259.896,1259.191,1259.191,1259.231,0.39258062,2
1790708040,1259.191,1259.191,1259.191,1259.191,0.000,0.0,0
1790708100,1258.295,1258.295,1258.295,1258.295,1258.295,0.09873837,1
1790708160,1258.295,1258.295,1258.295,1258.295,0.000,0.0,0
1790708220,1258.295,1258.295,1258.295,1258.295,0.000,0.0,0
1790708280,1258.295,1258.295,1258.295,1258.295,0.000,0.0,0
1790708340,1258.738,1258.738,1258.738,1258.738,1258.738,0.54,1
1790708400,1258.738,1258.738,1258.738,1258.738,0.000,0.0,0
1790708460,1259.01,1259.196,1256.97,1259.196,1257.337,8.72578646,14
1790708520,1260.0,1260.0,1260.0,1260.0,1260.000,0.08064516,1
1790708580,1260.0,1260.0,1260.0,1260.0,0.000,0.0,0
1790708640,1260.61,1260.61,1260.61,1260.61,1260.610,0.30992932,1
1790708700,1260.61,1260.61,1260.61,1260.61,0.000,0.0,0
1790708760,1260.115,1261.281,1260.115,1261.281,1260.710,0.20447736,2
1790708820,1261.275,1261.275,1261.275,1261.275,1261.275,0.05,1
1790708880,1261.275,1261.275,1261.275,1261.275,0.000,0.0,0
1790708940,1262.782,1262.783,1262.782,1262.783,1262.782,0.79190174,2
1790709000,1261.16,1261.53,1261.16,1261.53,1261.355,0.14170896,2
1790709060,1259.564,1259.564,1258.69,1258.69,1259.066,0.18971579,3
1790709120,1257.222,1257.222,1257.222,1257.222,1257.222,0.13662853,1
1790709180,1256.137,1256.172,1255.904,1256.172,1256.077,0.3747598,3
1790709240,1255.002,1255.002,1255.0,1255.0,1255.001,0.13984063,2
1790709300,1253.999,1253.999,1253.999,1253.999,1253.999,0.055,1
1790709360,1252.663,1252.663,1252.436,1252.436,1252.634,1.60086062,4
1790709420,1254.098,1255.11,1254.098,1255.11,1254.603,1.96230673,4
1790709480,1255.47,1255.47,1255.47,1255.47,1255.470,0.13715917,1
1790709540,1255.405,1255.834,1255.405,1255.834,1255.591,3.42286482,5
1790709600,1254.576,1254.576,1254.576,1254.576,1254.576,0.13,1
1790709660,1255.535,1255.535,1255.535,1255.535,1255.535,0.13713267,1
1790709720,1255.511,1255.512,1255.511,1255.512,1255.511,0.25471691,2
1790709780,1255.322,1255.322,1255.322,1255.322,1255.322,0.54,1
1790709840,1255.322,1255.322,1255.322,1255.322,0.000,0.0,0
1790709900,1256.679,1256.679,1256.678,1256.678,1256.678,0.88007577,2
1790709960,1255.751,1256.233,1255.751,1256.233,1255.957,3.31699056,5
1790710020,1254.766,1254.766,1253.218,1253.218,1253.675,1.02487452,5
1790710080,1253.218,1253.218,1253.218,1253.218,0.000,0.0,0
1790710140,1253.218,1253.218,1253.218,1253.218,0.000,0.0,0
1790710200,1253.218,1253.218,1253.218,1253.218,0.000,0.0,0
1790710260,1253.218,1253.218,1253.218,1253.218,0.000,0.0,0
1790710320,1254.397,1255.147,1254.397,1255.146,1254.651,2.34216749,7
1790710380,1255.146,1255.146,1255.146,1255.146,0.000,0.0,0
1790710440,1253.522,1253.522,1253.253,1253.253,1253.327,3.19026078,4
1790710500,1254.833,1254.833,1254.833,1254.833,1254.833,0.61621677,1
1790710560,1250.002,1250.002,1248.067,1248.067,1249.856,1.29475359,8
1790710620,1248.067,1248.067,1248.067,1248.067,0.000,0.0,0
1790710680,1246.388,1249.861,1246.388,1249.861,1248.074,1.58274487,7
1790710740,1248.021,1248.021,1248.02,1248.02,1248.020,0.1,2
1790710800,1247.34,1248.203,1247.338,1248.203,1247.371,1.26045885,5
1790710860,1245.545,1245.545,1245.545,1245.545,1245.545,0.80294455,1
1790710920,1245.179,1245.179,1237.832,1237.832,1243.699,34.11187772,21
1790710980,1237.543,1237.856,1237.543,1237.856,1237.620,0.17261095,3
1790711040,1237.256,1237.256,1237.182,1237.182,1237.247,1.12060132,3
1790711100,1238.153,1239.81,1238.153,1239.81,1239.491,0.86570246,4
1790711160,1239.81,1239.81,1239.81,1239.81,0.000,0.0,0
1790711220,1235.0,1236.696,1228.865,1228.865,1230.790,14.27431147,15
1790711280,1232.92,1232.92,1232.87,1232.87,1232.916,1.17881286,4
1790711340,1234.896,1234.896,1234.896,1234.896,1234.896,0.08602206,1
1790711400,1234.896,1234.896,1234.896,1234.896,0.000,0.0,0
1790711460,1234.854,1234.854,1234.0,1234.0,1234.115,2.79280615,7
1790711520,1234.671,1234.672,1234.671,1234.672,1234.671,0.32453974,2
1790711580,1234.001,1234.001,1234.0,1234.0,1234.000,2.07302147,2
1790711640,1234.0,1234.0,1234.0,1234.0,0.000,0.0,0
1790711700,1233.327,1233.327,1233.327,1233.327,1233.327,0.2,1
1790711760,1231.858,1231.859,1231.858,1231.859,1231.858,0.81178133,2
1790711820,1227.584,1227.584,1226.345,1227.309,1227.036,2.17707701,7
1790711880,1226.532,1226.532,1226.266,1226.266,1226.414,1.64174671,2
1790711940,1226.266,1226.266,1226.266,1226.266,0.000,0.0,0
1790712000,1228.166,1228.166,1228.035,1228.035,1228.117,0.15821469,2
1790712060,1230.489,1230.489,1230.489,1230.489,1230.489,0.01281354,1
1790712120,1227.674,1227.674,1225.421,1225.421,1227.217,1.37234222,7
1790712180,1226.789,1226.79,1225.421,1225.421,1226.762,0.68104126,3
1790712240,1227.645,1227.714,1227.645,1227.714,1227.700,0.05072636,2
1790712300,1227.714,1227.714,1227.714,1227.714,0.000,0.0,0
1790712360,1227.714,1227.714,1227.714,1227.714,0.000,0.0,0
1790712420,1227.714,1227.714,1227.714,1227.714,0.000,0.0,0
1790712480,1231.504,1231.504,1230.783,1230.783,1231.028,0.03032347,2
1790712540,1230.191,1230.269,1226.291,1226.291,1229.820,0.9546314,5
1790712600,1225.952,1225.952,1223.072,1223.072,1224.982,26.22695979,22
1790712660,1223.974,1223.975,1219.606,1219.66,1221.437,3.24924327,15
1790712720,1221.172,1221.172,1221.172,1221.172,1221.172,0.01,1
1790712780,1223.471,1223.717,1223.345,1223.717,1223.593,0.33397,4
1790712840,1224.231,1224.231,1224.231,1224.231,1224.231,0.14039799,1
1790712900,1224.231,1224.231,1224.231,1224.231,0.000,0.0,0
1790712960,1224.231,1224.231,1224.231,1224.231,0.000,0.0,0
1790713020,1228.25,1228.251,1228.25,1228.251,1228.250,0.97622342,2
1790713080,1229.709,1229.71,1229.709,1229.71,1229.709,0.4724,3
1790713140,1229.71,1229.71,1229.71,1229.71,0.000,0.0,0
1790713200,1230.652,1230.652,1230.652,1230.652,1230.652,0.72963857,1
1790713260,1230.356,1230.356,1227.816,1227.816,1229.133,0.46273394,4
1790713320,1227.816,1227.816,1227.816,1227.816,0.000,0.0,0
1790713380,1227.816,1227.816,1227.816,1227.816,0.000,0.0,0
1790713440,1229.715,1229.715,1229.471,1229.471,1229.614,0.34060911,2
1790713500,1232.344,1232.344,1232.344,1232.344,1232.344,0.01867355,1
1790713560,1232.239,1234.965,1232.239,1234.965,1232.864,0.61248661,5
1790713620,1234.965,1234.965,1234.965,1234.965,0.000,0.0,0
1790713680,1234.965,1234.965,1234.965,1234.965,0.000,0.0,0
1790713740,1234.965,1234.965,1234.965,1234.965,0.000,0.0,0
1790713800,1233.693,1233.693,1233.693,1233.693,1233.693,0.13,1
1790713860,1233.693,1233.693,1233.693,1233.693,0.000,0.0,0
1790713920,1235.996,1236.892,1235.996,1236.892,1236.664,1.47631422,8
1790713980,1236.892,1236.892,1236.892,1236.892,0.000,0.0,0
1790714040,1236.895,1236.895,1236.894,1236.894,1236.894,0.22530966,3
1790714100,1235.211,1235.363,1234.71,1234.71,1235.054,7.65360371,8
1790714160,1238.789,1238.789,1238.789,1238.789,1238.789,0.12632086,1
1790714220,1239.177,1239.177,1239.177,1239.177,1239.177,0.06743769,1
1790714280,1239.177,1239.177,1239.177,1239.177,0.000,0.0,0
1790714340,1239.177,1239.177,1239.177,1239.177,0.000,0.0,0
1790714400,1238.042,1238.505,1238.042,1238.503,1238.443,0.61055505,5
1790714460,1238.444,1238.444,1238.442,1238.442,1238.442,2.1,2
1790714520,1238.442,1238.442,1238.442,1238.442,0.000,0.0,0
1790714580,1238.442,1238.442,1238.442,1238.442,0.000,0.0,0
1790714640,1238.442,1238.442,1238.442,1238.442,0.000,0.0,0
1790714700,1238.442,1238.442,1238.442,1238.442,0.000,0.0,0
1790714760,1238.1,1238.1,1238.1,1238.1,1238.100,0.15,1
1790714820,1238.706,1239.645,1238.706,1239.645,1239.493,0.62038578,3
1790714880,1239.645,1239.645,1239.645,1239.645,0.000,0.0,0
1790714940,1240.068,1241.635,1240.068,1241.635,1241.110,7.47104064,7
1790715000,1241.635,1241.635,1241.635,1241.635,0.000,0.0,0
1790715060,1239.81,1239.81,1238.636,1238.636,1239.481,0.47931475,3
1790715120,1238.636,1238.636,1238.636,1238.636,0.000,0.0,0
1790715180,1238.636,1238.636,1238.636,1238.636,0.000,0.0,0
1790715240,1238.636,1238.636,1238.636,1238.636,0.000,0.0,0
1790715300,1238.734,1238.735,1238.73,1238.73,1238.733,1.00656216,4
1790715360,1238.73,1238.73,1238.73,1238.73,0.000,0.0,0
1790715420,1238.814,1238.814,1238.799,1238.8,1238.804,0.90653811,8
1790715480,1239.81,1239.81,1239.81,1239.81,1239.810,0.0919173,1
1790715540,1238.875,1238.875,1238.583,1238.583,1238.831,0.9008475,3
1790715600,1238.583,1238.583,1238.583,1238.583,0.000,0.0,0
1790715660,1238.583,1238.583,1238.583,1238.583,0.000,0.0,0
1790715720,1238.583,1238.583,1238.583,1238.583,0.000,0.0,0
1790715780,1235.747,1235.747,1232.509,1232.509,1234.110,7.45686556,14
1790715840,1233.915,1234.713,1233.915,1234.713,1234.610,1.19478358,3
1790715900,1234.026,1234.026,1234.024,1234.024,1234.024,0.67108651,3
1790715960,1236.285,1236.285,1236.285,1236.285,1236.285,0.10740403,1
1790716020,1236.285,1236.285,1236.285,1236.285,0.000,0.0,0
1790716080,1235.688,1236.254,1235.688,1236.254,1236.175,0.94,2
1790716140,1236.077,1236.077,1236.077,1236.077,1236.077,0.13888633,1
1790716200,1236.077,1236.077,1236.077,1236.077,0.000,0.0,0
1790716260,1236.077,1236.077,1236.077,1236.077,0.000,0.0,0
1790716320,1236.077,1236.077,1236.077,1236.077,0.000,0.0,0
1790716380,1236.077,1236.077,1236.077,1236.077,0.000,0.0,0
1790716440,1236.077,1236.077,1236.077,1236.077,0.000,0.0,0
1790716500,1236.077,1236.077,1236.077,1236.077,0.000,0.0,0
1790716560,1235.552,1235.552,1235.551,1235.551,1235.551,0.2,2
1790716620,1235.551,1235.551,1235.551,1235.551,0.000,0.0,0
1790716680,1235.91,1235.91,1235.909,1235.909,1235.909,0.2362,3
1790716740,1235.144,1235.144,1235.144,1235.144,1235.144,0.13,1
1790716800,1235.144,1235.144,1235.144,1235.144,0.000,0.0,0
1790716860,1235.11,1235.11,1235.11,1235.11,1235.110,0.13864408,1
1790716920,1234.552,1234.552,1234.552,1234.552,1234.552,0.04362797,1
1790716980,1234.473,1234.473,1234.473,1234.473,1234.473,0.13890163,1
1790717040,1234.473,1234.473,1234.473,1234.473,0.000,0.0,0
1790717100,1233.928,1233.928,1229.942,1229.942,1232.941,7.54376722,10
1790717160,1230.758,1230.758,1230.307,1230.307,1230.608,4.62301451,7
1790717220,1230.013,1230.013,1230.013,1230.013,1230.013,0.67267419,1
1790717280,1230.013,1230.013,1230.013,1230.013,0.000,0.0,0
1790717340,1232.83,1234.172,1232.83,1234.172,1233.951,10.07867534,12
1790717400,1234.404,1234.404,1234.379,1234.379,1234.380,0.39745278,2
1790717460,1234.379,1234.379,1234.379,1234.379,0.000,0.0,0
1790717520,1233.983,1233.983,1233.595,1233.595,1233.646,0.89817793,3
1790717580,1234.565,1235.148,1234.565,1235.147,1234.900,3.77350887,7
1790717640,1235.147,1235.147,1235.147,1235.147,0.000,0.0,0
1790717700,1235.147,1235.147,1235.147,1235.147,0.000,0.0,0
1790717760,1235.147,1235.147,1235.147,1235.147,0.000,0.0,0
1790717820,1235.262,1235.266,1235.262,1235.266,1235.263,0.15499369,2
1790717880,1235.266,1235.266,1235.266,1235.266,0.000,0.0,0
1790717940,1235.266,1235.266,1235.266,1235.266,0.000,0.0,0
1790718000,1234.329,1234.329,1234.328,1234.328,1234.328,0.2,2
1790718060,1234.328,1234.328,1234.328,1234.328,0.000,0.0,0
1790718120,1234.332,1234.332,1234.332,1234.332,1234.332,0.13,1
1790718180,1234.332,1234.332,1234.332,1234.332,0.000,0.0,0
1790718240,1233.323,1233.661,1233.041,1233.661,1233.276,1.39643422,3
1790718300,1233.661,1233.661,1233.661,1233.661,0.000,0.0,0
1790718360,1233.661,1233.661,1233.661,1233.661,0.000,0.0,0
1790718420,1234.462,1243.012,1234.462,1243.012,1237.641,17.32783651,17
1790718480,1246.13,1250.297,1246.13,1250.297,1246.598,2.42905239,3
1790718540,1250.297,1250.297,1250.297,1250.297,0.000,0.0,0
1790718600,1245.809,1245.809,1244.803,1244.803,1245.183,0.3,3
1790718660,1244.545,1246.915,1244.545,1246.915,1244.741,1.21683198,4
1790718720,1247.309,1249.364,1247.309,1249.364,1248.972,5.75973639,10
1790718780,1244.692,1244.693,1244.692,1244.693,1244.692,0.23945877,2
1790718840,1244.675,1244.675,1244.675,1244.675,1244.675,0.84976601,1
1790718900,1244.675,1244.675,1244.675,1244.675,0.000,0.0,0
1790718960,1244.675,1244.675,1244.675,1244.675,0.000,0.0,0
1790719020,1244.675,1244.675,1244.675,1244.675,0.000,0.0,0
1790719080,1242.76,1242.88,1242.76,1242.88,1242.868,1.08812298,3
1790719140,1243.229,1243.229,1243.229,1243.229,1243.229,0.85043469,1
1790719200,1243.229,1243.229,1243.229,1243.229,0.000,0.0,0
1790719260,1243.229,1243.229,1243.229,1243.229,0.000,0.0,0
1790719320,1244.507,1244.754,1244.507,1244.754,1244.699,1.79997216,3
1790719380,1246.719,1246.719,1246.719,1246.719,1246.719,0.08021054,1
1790719440,1247.668,1248.441,1247.668,1248.441,1247.931,2.60857132,3
1790719500,1248.441,1248.441,1248.441,1248.441,0.000,0.0,0
1790719560,1248.441,1248.441,1248.441,1248.441,0.000,0.0,0
1790719620,1244.662,1245.336,1244.662,1245.059,1244.752,0.28,4
1790719680,1245.059,1245.059,1244.482,1245.0,1244.989,25.74478989,39
1790719740,1245.763,1246.307,1245.025,1246.307,1245.380,0.3917333,7
1790719800,1246.326,1247.834,1244.964,1247.834,1245.960,0.34374735,9
1790719860,1247.14,1247.462,1247.057,1247.462,1247.364,4.13863537,7
1790719920,1249.562,1249.562,1249.343,1249.343,1249.447,0.09794987,3
1790719980,1249.42,1249.42,1249.42,1249.42,1249.420,0.0208,1
1790720040,1248.721,1248.721,1248.62,1248.62,1248.636,0.12941455,2
1790720100,1247.827,1247.827,1246.578,1246.578,1247.189,0.35375334,4
1790720160,1246.316,1246.481,1244.941,1244.941,1245.847,0.08343331,3
1790720220,1244.941,1244.941,1244.941,1244.941,0.000,0.0,0
1790720280,1244.997,1244.997,1244.997,1244.997,1244.997,0.03205201,1
1790720340,1245.53,1246.901,1245.53,1245.864,1246.066,0.39529474,5
1790720400,1247.06,1247.06,1247.06,1247.06,1247.060,0.0208,1
1790720460,1247.06,1247.06,1247.06,1247.06,0.000,0.0,0
1790720520,1247.06,1247.06,1247.06,1247.06,0.000,0.0,0
1790720580,1247.06,1247.06,1247.06,1247.06,0.000,0.0,0
1790720640,1247.06,1247.06,1247.06,1247.06,0.000,0.0,0
1790720700,1247.06,1247.06,1247.06,1247.06,0.000,0.0,0
1790720760,1246.681,1246.681,1245.396,1245.396,1246.122,0.23,2
1790720820,1244.171,1244.171,1244.171,1244.171,1244.171,0.0208,1
1790720880,1243.0,1243.0,1243.0,1243.0,1243.000,0.02065164,1
1790720940,1243.0,1243.0,1243.0,1243.0,0.000,0.0,0
1790721000,1240.365,1240.365,1240.365,1240.365,1240.365,0.01,1
1790721060,1239.842,1239.892,1239.834,1239.892,1239.843,0.1416,3
1790721120,1239.892,1239.892,1239.892,1239.892,0.000,0.0,0
1790721180,1239.892,1239.892,1239.892,1239.892,0.000,0.0,0
1790721240,1239.892,1239.892,1239.892,1239.892,0.000,0.0,0
1790721300,1241.217,1241.217,1241.217,1241.217,1241.217,0.0208,1
1790721360,1241.534,1244.508,1241.534,1244.508,1242.684,1.88902743,14
1790721420,1243.37,1243.37,1243.37,1243.37,1243.370,0.0208,1
1790721480,1243.37,1243.37,1243.37,1243.37,0.000,0.0,0
1790721540,1243.26,1243.26,1243.26,1243.26,1243.260,0.20108424,1
1790721600,1243.26,1243.26,1243.26,1243.26,0.000,0.0,0
1790721660,1246.199,1247.422,1246.199,1247.422,1247.092,18.31135197,14
1790721720,1247.422,1247.422,1247.422,1247.422,0.000,0.0,0
1790721780,1247.422,1247.422,1247.422,1247.422,0.000,0.0,0
1790721840,1248.197,1248.197,1247.643,1247.643,1247.920,0.0416,2
1790721900,1246.761,1246.761,1246.761,1246.761,1246.761,0.0208,1
1790721960,1247.264,1248.385,1247.264,1247.965,1247.824,0.56680339,4
1790722020,1247.786,1247.786,1247.165,1247.165,1247.372,0.0624,3
1790722080,1247.442,1247.635,1247.442,1247.635,1247.608,0.1508,2
1790722140,1247.635,1247.635,1247.635,1247.635,0.000,0.0,0
1790722200,1247.718,1249.064,1247.718,1249.064,1248.876,4.11028602,8
1790722260,1250.596,1253.4,1250.596,1252.574,1251.345,4.34901737,12
1790722320,1252.824,1252.824,1251.535,1251.536,1251.947,3.78464799,11
1790722380,1250.692,1251.39,1250.692,1251.39,1251.372,0.88708878,3
1790722440,1251.884,1252.905,1251.884,1252.044,1252.387,0.304,7
1790722500,1252.044,1252.044,1252.044,1252.044,0.000,0.0,0
1790722560,1251.716,1253.491,1251.716,1251.754,1252.962,5.40702916,12
1790722620,1254.134,1254.134,1254.134,1254.134,1254.134,0.8437706,1
1790722680,1254.794,1254.794,1254.567,1254.567,1254.708,1.36422128,3
1790722740,1255.148,1255.148,1254.692,1254.692,1254.893,1.44980999,3
1790722800,1255.661,1255.662,1255.376,1255.376,1255.587,1.30672687,5
1790722860,1257.0,1257.0,1257.0,1257.0,1257.000,0.15910899,1
1790722920,1257.384,1257.872,1257.384,1257.698,1257.674,0.86381006,5
1790722980,1258.451,1259.086,1258.2,1259.086,1258.399,1.34555915,6
1790723040,1260.0,1260.329,1258.993,1258.993,1260.054,0.19795812,3
1790723100,1257.721,1258.632,1257.721,1258.632,1258.054,0.31973557,4
1790723160,1258.632,1258.632,1258.632,1258.632,0.000,0.0,0
1790723220,1261.608,1261.608,1261.59,1261.59,1261.590,0.38813618,2
1790723280,1260.742,1260.742,1259.903,1259.903,1260.496,0.29920775,4
1790723340,1259.903,1259.903,1259.903,1259.903,0.000,0.0,0
1790723400,1259.903,1259.903,1259.903,1259.903,0.000,0.0,0
1790723460,1256.765,1257.409,1256.414,1257.409,1256.653,1.9148821,7
1790723520,1256.666,1256.735,1256.584,1256.735,1256.657,1.58738462,11
1790723580,1256.582,1256.582,1256.582,1256.582,1256.582,0.0208,1
1790723640,1256.966,1256.966,1256.965,1256.965,1256.965,0.58191019,2
1790723700,1256.336,1256.989,1256.336,1256.989,1256.359,0.57068798,2
1790723760,1256.895,1257.405,1256.513,1257.405,1256.898,2.89290264,17
1790723820,1257.001,1257.319,1256.875,1256.875,1257.033,0.89816814,7
1790723880,1254.839,1254.881,1254.517,1254.517,1254.681,0.71592411,5
1790723940,1253.591,1254.608,1253.591,1254.608,1254.500,0.22000318,3
1790724000,1253.971,1253.971,1251.805,1251.805,1252.927,0.59039917,5
1790724060,1251.46,1251.46,1251.334,1251.46,1251.354,0.91035109,4
1790724120,1251.46,1251.46,1251.46,1251.46,0.000,0.0,0
1790724180,1252.326,1253.351,1252.326,1252.587,1252.542,1.04795727,7
1790724240,1252.163,1252.163,1252.163,1252.163,1252.163,0.13,1
1790724300,1252.121,1252.355,1252.121,1252.355,1252.130,0.4981718,2
1790724360,1252.498,1252.498,1252.265,1252.265,1252.341,0.03103099,2
1790724420,1252.265,1252.265,1252.265,1252.265,0.000,0.0,0
1790724480,1252.265,1252.265,1252.265,1252.265,0.000,0.0,0
1790724540,1252.265,1252.265,1252.265,1252.265,0.000,0.0,0
1790724600,1252.767,1252.891,1252.767,1252.891,1252.869,0.11848815,2
1790724660,1252.998,1252.998,1252.998,1252.998,1252.998,0.8444488,1
1790724720,1253.872,1253.872,1253.872,1253.872,1253.872,0.0208,1
1790724780,1252.41,1252.41,1252.41,1252.41,1252.410,0.1237,1
1790724840,1251.589,1251.589,1251.541,1251.541,1251.565,0.0416,2
1790724900,1249.213,1249.213,1248.424,1248.424,1248.820,0.96299372,5
1790724960,1248.274,1248.274,1248.15,1248.15,1248.155,0.46772249,2
1790725020,1248.569,1248.672,1248.569,1248.672,1248.669,0.81,2
1790725080,1248.938,1248.938,1248.379,1248.379,1248.454,0.9088084,7
1790725140,1249.183,1249.183,1249.183,1249.183,1249.183,0.2,1
1790725200,1249.183,1249.183,1248.817,1248.817,1248.853,0.7227439,5
1790725260,1248.606,1248.608,1248.352,1248.483,1248.517,1.54970461,9
1790725320,1247.407,1247.407,1247.407,1247.407,1247.407,0.13,1
1790725380,1247.718,1247.718,1247.229,1247.229,1247.462,0.0624,3
1790725440,1247.229,1247.229,1247.229,1247.229,0.000,0.0,0
1790725500,1249.173,1249.173,1249.173,1249.173,1249.173,0.0208,1
1790725560,1249.238,1249.238,1249.238,1249.238,1249.238,0.0208,1
1790725620,1248.693,1249.225,1247.965,1249.101,1248.914,0.82103553,7
1790725680,1246.825,1246.825,1246.81,1246.81,1246.812,0.1208,2
1790725740,1245.966,1245.966,1245.201,1245.201,1245.692,0.85980939,7
1790725800,1245.201,1245.201,1245.201,1245.201,0.000,0.0,0
1790725860,1245.201,1245.201,1245.201,1245.201,0.000,0.0,0
1790725920,1245.201,1245.201,1245.201,1245.201,0.000,0.0,0
1790725980,1245.201,1245.201,1245.201,1245.201,0.000,0.0,0
1790726040,1245.201,1245.201,1245.201,1245.201,0.000,0.0,0
1790726100,1246.139,1246.943,1246.139,1246.943,1246.464,0.56335622,6
1790726160,1246.943,1246.943,1246.943,1246.943,0.000,0.0,0
1790726220,1248.691,1250.006,1248.691,1250.006,1249.815,0.59770817,7
1790726280,1250.006,1250.006,1250.006,1250.006,0.000,0.0,0
1790726340,1250.457,1250.582,1250.457,1250.582,1250.549,0.08,2
1790726400,1249.887,1250.102,1249.887,1250.102,1249.892,0.97451845,4
1790726460,1250.102,1250.102,1250.102,1250.102,0.000,0.0,0
1790726520,1252.195,1253.867,1252.195,1253.867,1253.031,0.0416,2
1790726580,1253.67,1255.182,1253.67,1255.182,1254.819,0.63700185,4
1790726640,1257.256,1257.256,1254.234,1255.386,1255.400,2.20614301,10
1790726700,1256.371,1257.227,1256.371,1257.227,1256.949,0.0308,2
1790726760,1257.227,1257.227,1257.227,1257.227,0.000,0.0,0
1790726820,1254.74,1254.74,1254.74,1254.74,1254.740,0.13,1
1790726880,1254.74,1254.74,1254.74,1254.74,0.000,0.0,0
1790726940,1253.02,1253.02,1252.048,1252.048,1252.415,0.0624,3
1790727000,1250.224,1250.224,1250.089,1250.089,1250.156,0.0416,2
1790727060,1250.089,1250.089,1250.089,1250.089,0.000,0.0,0
1790727120,1250.089,1250.089,1250.089,1250.089,0.000,0.0,0
1790727180,1250.089,1250.089,1250.089,1250.089,0.000,0.0,0
1790727240,1248.217,1248.217,1248.217,1248.217,1248.217,0.1,1
1790727300,1248.217,1248.217,1248.217,1248.217,0.000,0.0,0
1790727360,1248.217,1248.217,1248.217,1248.217,0.000,0.0,0
1790727420,1251.742,1251.742,1251.742,1251.742,1251.742,0.0208,1
1790727480,1248.955,1249.276,1248.273,1249.276,1248.516,10.01,14
1790727540,1248.019,1248.019,1248.019,1248.019,1248.019,0.0208,1
1790727600,1247.891,1247.891,1246.753,1246.753,1247.850,0.5812,5
1790727660,1249.775,1249.775,1249.775,1249.775,1249.775,0.0208,1
1790727720,1249.783,1249.784,1249.783,1249.784,1249.783,0.97701885,2
1790727780,1249.784,1249.784,1249.784,1249.784,0.000,0.0,0
1790727840,1250.391,1251.093,1250.334,1250.789,1250.740,1.43134164,6
1790727900,1250.789,1250.789,1250.789,1250.789,0.000,0.0,0
1790727960,1250.789,1250.789,1250.789,1250.789,0.000,0.0,0
1790728020,1250.789,1250.789,1250.789,1250.789,0.000,0.0,0
1790728080,1254.926,1256.89,1254.926,1256.89,1255.701,0.0624,3
1790728140,1256.89,1256.89,1256.89,1256.89,0.000,0.0,0
1790728200,1256.89,1256.89,1256.89,1256.89,0.000,0.0,0
1790728260,1256.89,1256.89,1256.89,1256.89,0.000,0.0,0
1790728320,1258.655,1259.185,1258.655,1259.185,1259.147,0.36200818,3
1790728380,1259.32,1259.32,1259.32,1259.32,1259.320,0.13,1
1790728440,1259.32,1259.32,1259.32,1259.32,0.000,0.0,0
1790728500,1261.086,1261.086,1261.086,1261.086,1261.086,0.0208,1
1790728560,1261.086,1261.086,1261.086,1261.086,0.000,0.0,0
1790728620,1261.086,1261.086,1261.086,1261.086,0.000,0.0,0
1790728680,1256.843,1256.961,1256.843,1256.961,1256.941,0.79558183,3
1790728740,1256.21,1256.21,1256.21,1256.21,1256.210,0.13,1
1790728800,1256.21,1256.21,1256.21,1256.21,0.000,0.0,0
1790728860,1256.21,1256.21,1256.21,1256.21,0.000,0.0,0
1790728920,1256.21,1256.21,1256.21,1256.21,0.000,0.0,0
1790728980,1256.039,1256.039,1256.039,1256.039,1256.039,0.02945768,1
1790729040,1256.202,1256.202,1256.202,1256.202,1256.202,0.11855205,1
1790729100,1253.864,1253.864,1252.463,1252.463,1253.431,3.66014743,9
1790729160,1252.297,1252.298,1252.206,1252.22,1252.266,3.3324366,7
1790729220,1252.22,1252.22,1252.22,1252.22,0.000,0.0,0
1790729280,1253.868,1254.041,1253.804,1253.805,1253.885,3.30740245,5
1790729340,1253.805,1253.805,1253.805,1253.805,0.000,0.0,0
1790729400,1253.805,1253.805,1253.805,1253.805,0.000,0.0,0
1790729460,1250.503,1250.503,1250.184,1250.184,1250.367,0.0545352,3
1790729520,1250.184,1250.184,1250.184,1250.184,0.000,0.0,0
1790729580,1250.184,1250.184,1250.184,1250.184,0.000,0.0,0
1790729640,1254.056,1254.057,1253.551,1253.551,1254.009,1.0740022,3
1790729700,1253.551,1253.551,1253.551,1253.551,0.000,0.0,0
1790729760,1253.551,1253.551,1253.551,1253.551,0.000,0.0,0
1790729820,1253.551,1253.551,1253.551,1253.551,0.000,0.0,0
1790729880,1255.123,1255.123,1254.536,1254.536,1254.813,2.70568283,7
1790729940,1255.582,1255.582,1255.582,1255.582,1255.582,0.13,1
1790730000,1255.582,1255.582,1255.582,1255.582,0.000,0.0,0
1790730060,1255.582,1255.582,1255.582,1255.582,0.000,0.0,0
1790730120,1256.86,1256.86,1256.763,1256.763,1256.764,2.35663786,3
1790730180,1256.763,1256.763,1256.763,1256.763,0.000,0.0,0
1790730240,1257.285,1257.285,1257.285,1257.285,1257.285,0.1,1
1790730300,1257.285,1257.285,1257.285,1257.285,0.000,0.0,0
1790730360,1257.285,1257.285,1257.285,1257.285,0.000,0.0,0
1790730420,1257.285,1257.285,1257.285,1257.285,0.000,0.0,0
1790730480,1254.908,1254.908,1254.908,1254.908,1254.908,0.01588975,1
1790730540,1254.908,1254.908,1254.908,1254.908,0.000,0.0,0
1790730600,1254.908,1254.908,1254.908,1254.908,0.000,0.0,0
1790730660,1254.908,1254.908,1254.908,1254.908,0.000,0.0,0
1790730720,1256.705,1256.705,1256.705,1256.705,1256.705,0.5948,3
1790730780,1256.705,1256.705,1256.705,1256.705,0.000,0.0,0
1790730840,1256.705,1256.705,1256.705,1256.705,0.000,0.0,0
1790730900,1255.887,1255.887,1255.887,1255.887,1255.887,0.01,1
1790730960,1255.887,1255.887,1255.887,1255.887,0.000,0.0,0
1790731020,1255.887,1255.887,1255.887,1255.887,0.000,0.0,0
1790731080,1254.23,1254.23,1254.229,1254.229,1254.229,0.8451,4
1790731140,1254.229,1254.229,1254.229,1254.229,0.000,0.0,0
1790731200,1254.229,1254.229,1254.229,1254.229,0.000,0.0,0
1790731260,1254.229,1254.229,1254.229,1254.229,0.000,0.0,0
1790731320,1254.229,1254.229,1254.229,1254.229,0.000,0.0,0
1790731380,1254.229,1254.229,1254.229,1254.229,0.000,0.0,0
1790731440,1256.174,1256.174,1256.174,1256.174,1256.174,0.40465849,1
1790731500,1256.999,1256.999,1256.999,1256.999,1256.999,0.01,1
1790731560,1256.999,1256.999,1256.999,1256.999,0.000,0.0,0
1790731620,1255.08,1255.08,1255.08,1255.08,1255.080,0.01,1
1790731680,1255.08,1255.08,1255.08,1255.08,0.000,0.0,0
1790731740,1255.08,1255.08,1255.08,1255.08,0.000,0.0,0
1790731800,1252.834,1254.593,1251.664,1253.681,1254.025,0.74318267,6
1790731860,1253.681,1253.681,1253.681,1253.681,0.000,0.0,0
1790731920,1251.979,1251.979,1251.979,1251.979,1251.979,0.0208,1
1790731980,1252.36,1252.36,1252.36,1252.36,1252.360,0.02332648,1
1790732040,1251.413,1251.413,1250.781,1250.781,1251.078,10.30985348,6
1790732100,1250.781,1250.781,1250.781,1250.781,0.000,0.0,0
1790732160,1251.193,1251.193,1251.193,1251.193,1251.193,0.4848,2
1790732220,1251.193,1251.193,1251.193,1251.193,0.000,0.0,0
1790732280,1251.193,1251.193,1251.193,1251.193,0.000,0.0,0
1790732340,1252.076,1252.076,1252.076,1252.076,1252.076,0.0049997,1
1790732400,1252.076,1252.076,1252.076,1252.076,0.000,0.0,0
1790732460,1253.413,1255.596,1253.413,1255.596,1255.294,0.1508,2
1790732520,1255.596,1255.596,1255.596,1255.596,0.000,0.0,0
1790732580,1255.596,1255.596,1255.596,1255.596,0.000,0.0,0
1790732640,1255.596,1255.596,1255.596,1255.596,0.000,0.0,0
1790732700,1257.0,1257.0,1257.0,1257.0,1257.000,0.30898977,1
1790732760,1257.319,1257.319,1257.319,1257.319,1257.319,0.0208,1
1790732820,1257.319,1257.319,1257.319,1257.319,0.000,0.0,0
1790732880,1257.319,1257.319,1257.319,1257.319,0.000,0.0,0
1790732940,1256.322,1256.335,1256.322,1256.335,1256.323,0.97222286,2
1790733000,1256.014,1256.42,1256.014,1256.107,1256.349,1.20222286,4
1790733060,1256.107,1256.107,1256.107,1256.107,0.000,0.0,0
1790733120,1256.107,1256.107,1256.107,1256.107,0.000,0.0,0
1790733180,1256.107,1256.107,1256.107,1256.107,0.000,0.0,0
1790733240,1256.107,1256.107,1256.107,1256.107,0.000,0.0,0
1790733300,1256.107,1256.107,1256.107,1256.107,0.000,0.0,0
1790733360,1256.107,1256.107,1256.107,1256.107,0.000,0.0,0
1790733420,1256.107,1256.107,1256.107,1256.107,0.000,0.0,0
1790733480,1256.107,1256.107,1256.107,1256.107,0.000,0.0,0
1790733540,1256.107,1256.107,1256.107,1256.107,0.000,0.0,0
1790733600,1256.107,1256.107,1256.107,1256.107,0.000,0.0,0
1790733660,1255.276,1255.276,1255.276,1255.276,1255.276,0.0208,1
1790733720,1255.276,1255.276,1255.276,1255.276,0.000,0.0,0
1790733780,1254.641,1254.641,1254.641,1254.641,1254.641,0.0034751,1
1790733840,1254.641,1254.641,1254.641,1254.641,0.000,0.0,0
1790733900,1254.641,1254.641,1254.641,1254.641,0.000,0.0,0
1790733960,1254.641,1254.641,1254.641,1254.641,0.000,0.0,0
1790734020,1254.641,1254.641,1254.641,1254.641,0.000,0.0,0
1790734080,1254.641,1254.641,1254.641,1254.641,0.000,0.0,0
1790734140,1252.289,1252.289,1252.289,1252.289,1252.289,0.13,1
1790734200,1252.289,1252.289,1252.289,1252.289,0.000,0.0,0
1790734260,1252.289,1252.289,1252.289,1252.289,0.000,0.0,0
1790734320,1252.289,1252.289,1252.289,1252.289,0.000,0.0,0
1790734380,1251.671,1251.71,1251.671,1251.71,1251.674,0.6024,4
1790734440,1251.71,1251.71,1251.71,1251.71,0.000,0.0,0
1790734500,1251.71,1251.71,1251.71,1251.71,0.000,0.0,0
1790734560,1250.805,1250.805,1250.805,1250.805,1250.805,0.84565868,1
1790734620,1248.501,1248.501,1248.501,1248.501,1248.501,0.13,1
1790734680,1248.501,1248.501,1248.501,1248.501,0.000,0.0,0
1790734740,1248.571,1248.571,1248.571,1248.571,1248.571,0.01,1
1790734800,1247.962,1247.962,1247.962,1247.962,1247.962,0.0208,1
1790734860,1247.962,1247.962,1247.962,1247.962,0.000,0.0,0
1790734920,1247.962,1247.962,1247.962,1247.962,0.000,0.0,0
1790734980,1250.782,1250.782,1250.782,1250.782,1250.782,0.84555321,1
1790735040,1250.782,1250.782,1250.782,1250.782,0.000,0.0,0
1790735100,1250.782,1250.782,1250.782,1250.782,0.000,0.0,0
1790735160,1250.782,1250.782,1250.782,1250.782,0.000,0.0,0
1790735220,1250.782,1250.782,1250.782,1250.782,0.000,0.0,0
1790735280,1250.782,1250.782,1250.782,1250.782,0.000,0.0,0
1790735340,1250.782,1250.782,1250.782,1250.782,0.000,0.0,0
1790735400,1250.782,1250.782,1250.782,1250.782,0.000,0.0,0
1790735460,1247.729,1248.69,1247.729,1248.69,1248.625,1.53100265,6
1790735520,1248.69,1248.69,1248.69,1248.69,0.000,0.0,0
1790735580,1248.69,1248.69,1248.69,1248.69,0.000,0.0,0
1790735640,1248.69,1248.69,1248.69,1248.69,0.000,0.0,0
1790735700,1248.69,1248.69,1248.69,1248.69,0.000,0.0,0
1790735760,1246.423,1246.693,1246.423,1246.693,1246.688,0.99261379,3
1790735820,1246.693,1246.693,1246.693,1246.693,0.000,0.0,0
1790735880,1246.693,1246.693,1246.693,1246.693,0.000,0.0,0
1790735940,1246.693,1246.693,1246.693,1246.693,0.000,0.0,0
1790736000,1247.598,1249.678,1247.598,1249.678,1247.884,0.1508,2
1790736060,1249.678,1249.678,1249.678,1249.678,0.000,0.0,0
1790736120,1250.77,1251.079,1249.615,1249.615,1250.422,0.05618845,3
1790736180,1248.97,1249.711,1247.939,1249.711,1248.269,2.96409339,8
1790736240,1249.711,1249.711,1249.711,1249.711,0.000,0.0,0
1790736300,1248.769,1248.769,1248.769,1248.769,1248.769,0.13,1
1790736360,1248.769,1248.769,1248.769,1248.769,0.000,0.0,0
1790736420,1248.769,1248.769,1248.769,1248.769,0.000,0.0,0
1790736480,1248.769,1248.769,1248.769,1248.769,0.000,0.0,0
1790736540,1249.7,1249.7,1249.392,1249.392,1249.456,0.80656216,5
1790736600,1249.392,1249.392,1249.392,1249.392,0.000,0.0,0
1790736660,1249.392,1249.392,1249.392,1249.392,0.000,0.0,0
1790736720,1249.392,1249.392,1249.392,1249.392,0.000,0.0,0
1790736780,1249.392,1249.392,1249.392,1249.392,0.000,0.0,0
1790736840,1249.392,1249.392,1249.392,1249.392,0.000,0.0,0
1790736900,1249.392,1249.392,1249.392,1249.392,0.000,0.0,0
1790736960,1249.392,1249.392,1249.392,1249.392,0.000,0.0,0
1790737020,1249.392,1249.392,1249.392,1249.392,0.000,0.0,0
1790737080,1249.392,1249.392,1249.392,1249.392,0.000,0.0,0
1790737140,1249.392,1249.392,1249.392,1249.392,0.000,0.0,0
1790737200,1249.392,1249.392,1249.392,1249.392,0.000,0.0,0
1790737260,1249.392,1249.392,1249.392,1249.392,0.000,0.0,0
1790737320,1244.137,1244.137,1244.012,1244.012,1244.111,0.13817091,3
1790737380,1244.012,1244.012,1244.012,1244.012,0.000,0.0,0
1790737440,1244.012,1244.012,1244.012,1244.012,0.000,0.0,0
1790737500,1244.012,1244.012,1244.012,1244.012,0.000,0.0,0
1790737560,1244.012,1244.012,1244.012,1244.012,0.000,0.0,0
1790737620,1244.012,1244.012,1244.012,1244.012,0.000,0.0,0
1790737680,1244.114,1244.637,1244.114,1244.38,1244.525,1.37335915,4
1790737740,1244.38,1244.38,1244.38,1244.38,0.000,0.0,0
1790737800,1246.047,1246.047,1246.047,1246.047,1246.047,0.0278,1
1790737860,1246.047,1246.047,1246.047,1246.047,0.000,0.0,0
1790737920,1246.047,1246.047,1246.047,1246.047,0.000,0.0,0
1790737980,1245.671,1245.671,1245.671,1245.671,1245.671,0.13,1
1790738040,1245.671,1245.671,1245.671,1245.671,0.000,0.0,0
1790738100,1244.663,1244.663,1244.663,1244.663,1244.663,0.13,1
1790738160,1242.129,1242.129,1241.915,1241.915,1242.022,4.03788602,2
1790738220,1241.915,1241.915,1241.915,1241.915,0.000,0.0,0
1790738280,1241.915,1241.915,1241.915,1241.915,0.000,0.0,0
1790738340,1240.675,1241.341,1240.675,1241.341,1241.008,0.26,2
1790738400,1241.341,1241.341,1241.341,1241.341,0.000,0.0,0
1790738460,1241.341,1241.341,1241.341,1241.341,0.000,0.0,0
1790738520,1243.108,1243.108,1243.108,1243.108,1243.108,0.0278,1
1790738580,1243.108,1243.108,1243.108,1243.108,0.000,0.0,0
1790738640,1243.108,1243.108,1243.108,1243.108,0.000,0.0,0
1790738700,1240.458,1240.458,1239.994,1240.417,1240.276,7.96191982,7
1790738760,1240.602,1240.602,1240.602,1240.602,1240.602,0.0278,1
1790738820,1240.602,1240.602,1240.602,1240.602,0.000,0.0,0
1790738880,1241.386,1241.386,1241.386,1241.386,1241.386,2.01894301,1
1790738940,1241.386,1241.386,1241.386,1241.386,0.000,0.0,0
1790739000,1241.071,1241.154,1238.0,1238.0,1238.632,0.40590177,3
1790739060,1237.82,1238.492,1237.82,1238.492,1237.872,2.68747788,5
1790739120,1238.492,1238.492,1238.492,1238.492,0.000,0.0,0
1790739180,1238.492,1238.492,1238.492,1238.492,0.000,0.0,0
1790739240,1241.681,1241.687,1241.681,1241.687,1241.686,0.87994188,2
1790739300,1241.687,1241.687,1241.687,1241.687,0.000,0.0,0
1790739360,1241.687,1241.687,1241.687,1241.687,0.000,0.0,0
1790739420,1241.687,1241.687,1241.687,1241.687,0.000,0.0,0
1790739480,1241.687,1241.687,1241.687,1241.687,0.000,0.0,0
1790739540,1241.687,1241.687,1241.687,1241.687,0.000,0.0,0
1790739600,1244.538,1244.538,1244.538,1244.538,1244.538,0.0278,1
1790739660,1244.538,1244.538,1244.538,1244.538,0.000,0.0,0
1790739720,1242.996,1242.996,1242.453,1242.453,1242.832,3.05675762,15
1790739780,1242.453,1242.453,1242.453,1242.453,0.000,0.0,0
1790739840,1242.453,1242.453,1242.453,1242.453,0.000,0.0,0
1790739900,1242.453,1242.453,1242.453,1242.453,0.000,0.0,0
1790739960,1242.453,1242.453,1242.453,1242.453,0.000,0.0,0
1790740020,1242.453,1242.453,1242.453,1242.453,0.000,0.0,0
1790740080,1242.453,1242.453,1242.453,1242.453,0.000,0.0,0
1790740140,1242.453,1242.453,1242.453,1242.453,0.000,0.0,0
1790740200,1242.453,1242.453,1242.453,1242.453,0.000,0.0,0
1790740260,1236.987,1236.987,1236.987,1236.987,1236.987,0.10210051,1
1790740320,1236.987,1236.987,1236.987,1236.987,0.000,0.0,0
1790740380,1236.518,1236.846,1236.518,1236.846,1236.834,0.886,6
1790740440,1236.846,1236.846,1236.846,1236.846,0.000,0.0,0
1790740500,1236.0,1236.0,1236.0,1236.0,1236.000,0.04045307,2
1790740560,1236.0,1236.0,1236.0,1236.0,0.000,0.0,0
1790740620,1235.055,1235.209,1235.001,1235.193,1235.118,0.23,23
1790740680,1235.069,1236.995,1235.069,1236.871,1236.072,0.53395259,52
1790740740,1236.871,1237.153,1236.53,1237.031,1237.048,1.19724396,19
1790740800,1237.624,1237.624,1237.624,1237.624,1237.624,0.02,2
1790740860,1238.119,1238.249,1237.775,1237.775,1238.213,0.30273982,5
1790740920,1237.357,1239.487,1237.357,1239.487,1238.303,0.08,8
1790740980,1239.588,1239.588,1238.903,1238.903,1239.228,0.04,4
1790741040,1239.699,1239.838,1238.48,1239.838,1239.274,0.1156,8
1790741100,1239.842,1241.384,1239.842,1239.893,1240.939,0.22089513,16
1790741160,1240.261,1241.297,1240.113,1240.113,1240.563,0.087035,8
1790741220,1240.701,1240.701,1240.03,1240.584,1240.368,0.05,5
1790741280,1240.243,1240.697,1240.243,1240.584,1240.517,0.04,4
1790741340,1240.051,1240.107,1239.137,1239.751,1239.550,0.22,22
1790741400,1240.102,1240.159,1239.589,1240.005,1239.979,0.22417411,13
1790741460,1240.005,1241.211,1240.005,1241.211,1240.174,0.1678,6
1790741520,1241.211,1241.211,1241.211,1241.211,0.000,0.0,0
1790741580,1243.833,1243.833,1242.737,1242.737,1243.403,0.0778,6
1790741640,1243.022,1243.053,1243.022,1243.053,1243.037,0.02,2
1790741700,1242.596,1242.596,1242.596,1242.596,1242.596,0.01,1
1790741760,1242.596,1242.596,1242.596,1242.596,0.000,0.0,0
1790741820,1242.596,1242.596,1242.596,1242.596,0.000,0.0,0
1790741880,1246.028,1247.533,1246.005,1247.533,1247.498,1.5537,9
1790741940,1247.533,1247.533,1247.533,1247.533,0.000,0.0,0
1790742000,1247.533,1247.533,1247.533,1247.533,0.000,0.0,0
1790742060,1247.533,1247.533,1247.533,1247.533,0.000,0.0,0
1790742120,1247.533,1247.533,1247.533,1247.533,0.000,0.0,0
1790742180,1247.533,1247.533,1247.533,1247.533,0.000,0.0,0
1790742240,1247.533,1247.533,1247.533,1247.533,0.000,0.0,0
1790742300,1246.165,1246.165,1246.165,1246.165,1246.165,0.0278,1
1790742360,1246.738,1246.738,1246.217,1246.217,1246.440,0.22755177,2
1790742420,1245.652,1245.652,1245.538,1245.538,1245.643,0.14,2
1790742480,1245.538,1245.538,1245.538,1245.538,0.000,0.0,0
1790742540,1245.538,1245.538,1245.538,1245.538,0.000,0.0,0
1790742600,1245.538,1245.538,1245.538,1245.538,0.000,0.0,0
1790742660,1245.538,1245.538,1245.538,1245.538,0.000,0.0,0
1790742720,1245.538,1245.538,1245.538,1245.538,0.000,0.0,0
1790742780,1245.538,1245.538,1245.538,1245.538,0.000,0.0,0
1790742840,1242.445,1242.475,1242.218,1242.342,1242.470,1.01148829,5
1790742900,1242.342,1242.342,1242.342,1242.342,0.000,0.0,0
1790742960,1244.011,1244.207,1243.547,1243.669,1243.662,0.3278,7
1790743020,1243.573,1243.573,1242.161,1242.161,1242.643,0.03,3
1790743080,1243.293,1243.293,1243.293,1243.293,1243.293,0.01,1
1790743140,1243.266,1243.266,1242.466,1242.466,1243.193,0.11,2
1790743200,1242.466,1242.466,1242.466,1242.466,0.000,0.0,0
1790743260,1241.923,1241.923,1241.923,1241.923,1241.923,0.01,1
1790743320,1241.923,1241.923,1241.923,1241.923,0.000,0.0,0
1790743380,1241.502,1241.502,1241.502,1241.502,1241.502,0.01588975,1
1790743440,1241.303,1241.95,1241.303,1241.95,1241.949,15.01,2
1790743500,1242.293,1242.293,1242.293,1242.293,1242.293,0.13,1
1790743560,1242.293,1242.293,1242.293,1242.293,0.000,0.0,0
1790743620,1242.293,1242.293,1242.293,1242.293,0.000,0.0,0
1790743680,1242.293,1242.293,1242.293,1242.293,0.000,0.0,0
1790743740,1242.293,1242.293,1242.293,1242.293,0.000,0.0,0
1790743800,1242.396,1243.055,1242.396,1243.055,1242.698,0.34841453,5
1790743860,1243.055,1243.055,1243.055,1243.055,0.000,0.0,0
1790743920,1242.89,1243.851,1242.89,1243.851,1243.535,0.24448898,3
1790743980,1244.433,1244.433,1244.433,1244.433,1244.433,0.13,1
1790744040,1244.433,1244.433,1244.433,1244.433,0.000,0.0,0
1790744100,1243.244,1243.442,1243.244,1243.442,1243.414,0.2,2
1790744160,1243.442,1243.442,1243.442,1243.442,0.000,0.0,0
1790744220,1242.148,1242.25,1241.856,1241.856,1242.030,0.23987724,3
1790744280,1241.096,1241.464,1241.096,1241.34,1241.247,0.19251437,5
1790744340,1240.489,1241.098,1240.489,1241.098,1240.588,0.16975087,4
1790744400,1240.953,1244.969,1240.953,1244.969,1241.882,0.120011,3
1790744460,1244.872,1245.562,1244.243,1244.888,1244.880,0.22714443,9
1790744520,1244.888,1244.888,1244.888,1244.888,0.000,0.0,0
1790744580,1244.888,1244.888,1244.888,1244.888,0.000,0.0,0
1790744640,1241.764,1241.764,1241.406,1241.406,1241.583,0.02515007,2
1790744700,1242.048,1242.051,1242.048,1242.051,1242.050,0.03508171,3
1790744760,1242.054,1242.054,1241.763,1241.763,1242.046,2.05160044,4
1790744820,1241.763,1241.763,1241.763,1241.763,0.000,0.0,0
1790744880,1239.721,1239.721,1238.303,1239.317,1238.582,0.3834,6
1790744940,1238.544,1239.627,1238.544,1239.562,1239.227,0.32889467,5
1790745000,1239.562,1239.562,1239.562,1239.562,0.000,0.0,0
1790745060,1237.181,1237.271,1237.181,1237.271,1237.269,0.67866226,8
1790745120,1238.53,1238.53,1238.12,1238.12,1238.135,2.60741467,4
1790745180,1238.12,1238.12,1238.12,1238.12,0.000,0.0,0
1790745240,1236.901,1236.901,1236.901,1236.901,1236.901,0.13,1
1790745300,1236.358,1236.358,1236.177,1236.177,1236.334,0.98576014,3
1790745360,1236.319,1236.799,1236.197,1236.799,1236.519,1.50759903,4
1790745420,1236.799,1236.799,1236.799,1236.799,0.000,0.0,0
1790745480,1236.799,1236.799,1236.799,1236.799,0.000,0.0,0
1790745540,1237.316,1237.316,1237.194,1237.194,1237.199,0.66815543,2
1790745600,1237.194,1237.194,1237.194,1237.194,0.000,0.0,0
1790745660,1237.194,1237.194,1237.194,1237.194,0.000,0.0,0
1790745720,1238.967,1239.107,1238.967,1239.107,1239.082,0.16069952,2
1790745780,1239.107,1239.107,1239.107,1239.107,0.000,0.0,0
1790745840,1239.107,1239.107,1239.107,1239.107,0.000,0.0,0
1790745900,1239.821,1239.821,1239.699,1239.699,1239.703,0.70785367,2
1790745960,1237.854,1238.256,1237.854,1238.256,1237.981,1.61420501,5
1790746020,1238.256,1238.256,1238.256,1238.256,0.000,0.0,0
1790746080,1239.812,1240.209,1239.812,1240.209,1240.090,1.61278603,3
1790746140,1240.209,1240.209,1240.209,1240.209,0.000,0.0,0
1790746200,1240.992,1242.212,1240.992,1242.209,1241.992,0.1556,3
1790746260,1242.209,1242.209,1242.209,1242.209,0.000,0.0,0
1790746320,1242.209,1242.209,1242.209,1242.209,0.000,0.0,0
1790746380,1242.209,1242.209,1242.209,1242.209,0.000,0.0,0
1790746440,1242.209,1242.209,1242.209,1242.209,0.000,0.0,0
1790746500,1241.85,1242.272,1241.85,1242.272,1242.026,1.7635,5
1790746560,1242.272,1242.272,1242.272,1242.272,0.000,0.0,0
1790746620,1242.272,1242.272,1242.272,1242.272,0.000,0.0,0
1790746680,1242.272,1242.272,1242.272,1242.272,0.000,0.0,0
1790746740,1242.272,1242.272,1242.272,1242.272,0.000,0.0,0
1790746800,1242.272,1242.272,1242.272,1242.272,0.000,0.0,0
1790746860,1242.272,1242.272,1242.272,1242.272,0.000,0.0,0
1790746920,1242.272,1242.272,1242.272,1242.272,0.000,0.0,0
1790746980,1242.272,1242.272,1242.272,1242.272,0.000,0.0,0
1790747040,1242.272,1242.272,1242.272,1242.272,0.000,0.0,0
1790747100,1242.272,1242.272,1242.272,1242.272,0.000,0.0,0
1790747160,1244.975,1244.975,1244.975,1244.975,1244.975,0.13,1
1790747220,1243.339,1243.339,1243.339,1243.339,1243.339,0.0278,1
1790747280,1243.339,1243.339,1243.339,1243.339,0.000,0.0,0
1790747340,1243.339,1243.339,1243.339,1243.339,0.000,0.0,0
1790747400,1243.339,1243.339,1243.339,1243.339,0.000,0.0,0
1790747460,1243.339,1243.339,1243.339,1243.339,0.000,0.0,0
1790747520,1240.0,1240.34,1240.0,1240.0,1240.002,51.03720142,35
1790747580,1240.0,1240.0,1240.0,1240.0,0.000,0.0,0
1790747640,1240.0,1240.0,1240.0,1240.0,0.000,0.0,0
1790747700,1240.0,1240.0,1240.0,1240.0,0.000,0.0,0
1790747760,1240.0,1240.0,1240.0,1240.0,0.000,0.0,0
1790747820,1238.155,1238.155,1238.155,1238.155,1238.155,0.54,1
1790747880,1237.168,1237.593,1237.168,1237.593,1237.376,1.67639431,6
1790747940,1237.593,1237.593,1237.593,1237.593,0.000,0.0,0
1790748000,1239.379,1239.379,1239.379,1239.379,1239.379,0.1,1
1790748060,1239.379,1239.379,1239.379,1239.379,0.000,0.0,0
1790748120,1239.379,1239.379,1239.379,1239.379,0.000,0.0,0
1790748180,1239.379,1239.379,1239.379,1239.379,0.000,0.0,0
1790748240,1239.379,1239.379,1239.379,1239.379,0.000,0.0,0
1790748300,1239.379,1239.379,1239.379,1239.379,0.000,0.0,0
1790748360,1239.379,1239.379,1239.379,1239.379,0.000,0.0,0
1790748420,1239.379,1239.379,1239.379,1239.379,0.000,0.0,0
1790748480,1236.76,1236.76,1236.723,1236.723,1236.733,0.03831133,2
1790748540,1235.202,1235.202,1230.775,1230.775,1232.862,24.10605434,34
1790748600,1232.274,1232.397,1232.151,1232.151,1232.391,1.92082545,4
1790748660,1232.151,1232.151,1232.151,1232.151,0.000,0.0,0
1790748720,1232.151,1232.151,1232.151,1232.151,0.000,0.0,0
1790748780,1230.27,1230.27,1230.27,1230.27,1230.270,0.0278,1
1790748840,1230.27,1230.27,1230.27,1230.27,0.000,0.0,0
1790748900,1230.27,1230.27,1230.27,1230.27,0.000,0.0,0
1790748960,1228.245,1229.37,1227.64,1229.228,1228.445,0.63645163,7
1790749020,1229.228,1229.228,1229.228,1229.228,0.000,0.0,0
1790749080,1229.228,1229.228,1229.228,1229.228,0.000,0.0,0
1790749140,1229.228,1229.228,1229.228,1229.228,0.000,0.0,0
1790749200,1229.228,1229.228,1229.228,1229.228,0.000,0.0,0
1790749260,1231.365,1231.365,1229.807,1229.821,1230.480,0.3434,6
1790749320,1230.389,1230.389,1230.389,1230.389,1230.389,0.01219127,1
1790749380,1230.177,1230.342,1230.177,1230.342,1230.259,0.0556,2
1790749440,1230.342,1230.342,1230.342,1230.342,0.000,0.0,0
1790749500,1226.42,1226.525,1225.807,1225.821,1226.165,0.08379727,4
1790749560,1226.185,1226.368,1225.703,1225.792,1226.340,0.84509592,4
1790749620,1226.363,1226.551,1226.363,1226.551,1226.486,0.08153369,2
1790749680,1228.918,1228.918,1228.918,1228.918,1228.918,0.0278,1
1790749740,1227.931,1228.454,1227.931,1228.454,1228.297,0.03968596,2
1790749800,1228.454,1228.454,1228.454,1228.454,0.000,0.0,0
1790749860,1227.665,1227.665,1226.456,1227.092,1226.603,8.03793351,12
1790749920,1226.772,1226.772,1226.772,1226.772,1226.772,0.0278,1
1790749980,1226.737,1226.737,1226.145,1226.147,1226.172,2.980291,7
1790750040,1226.147,1226.147,1226.147,1226.147,0.000,0.0,0
1790750100,1227.039,1227.039,1227.039,1227.039,1227.039,0.01,1
1790750160,1226.853,1226.853,1226.848,1226.848,1226.849,0.1278,2
1790750220,1226.848,1226.848,1226.848,1226.848,0.000,0.0,0
1790750280,1228.158,1228.158,1227.531,1227.663,1227.674,1.02902973,4
1790750340,1226.867,1227.372,1226.867,1227.372,1227.238,0.0378,2
1790750400,1227.22,1227.22,1227.22,1227.22,1227.220,0.01,1
1790750460,1227.238,1227.274,1227.151,1227.274,1227.236,0.91596088,3
1790750520,1227.274,1227.274,1227.274,1227.274,0.000,0.0,0
1790750580,1227.274,1227.274,1227.274,1227.274,0.000,0.0,0
1790750640,1230.23,1230.742,1230.23,1230.527,1230.530,0.9684951,4
1790750700,1229.01,1229.01,1228.846,1228.846,1228.891,0.72716849,3
1790750760,1227.674,1228.189,1226.96,1228.13,1227.385,10.4556,35
1790750820,1228.41,1228.631,1227.755,1227.984,1228.324,0.17,5
1790750880,1227.498,1227.498,1227.498,1227.498,1227.498,0.13,1
1790750940,1227.921,1229.025,1227.921,1229.025,1228.473,0.02,2
1790751000,1229.894,1229.894,1229.894,1229.894,1229.894,0.01,1
1790751060,1228.787,1229.601,1228.787,1229.601,1229.078,0.06263638,6
1790751120,1229.786,1229.786,1229.779,1229.779,1229.782,0.02230937,3
1790751180,1230.26,1230.775,1230.26,1230.775,1230.443,0.13547942,11
1790751240,1230.969,1230.969,1230.047,1230.603,1230.474,0.06424101,5
1790751300,1230.94,1233.267,1230.94,1233.267,1232.278,0.03543249,3
1790751360,1233.11,1233.11,1232.145,1232.145,1233.013,1.02229146,6
1790751420,1231.295,1231.414,1231.292,1231.292,1231.300,0.56865454,5
1790751480,1231.665,1233.288,1231.665,1233.288,1232.563,1.11219663,8
1790751540,1231.032,1231.032,1230.91,1230.91,1230.974,0.1886,2
1790751600,1228.403,1228.403,1228.157,1228.157,1228.398,1.53409721,3
1790751660,1229.77,1229.991,1229.69,1229.69,1229.823,1.72862955,6
1790751720,1229.69,1229.69,1229.69,1229.69,0.000,0.0,0
1790751780,1231.224,1231.224,1230.997,1230.997,1231.109,0.1,3
1790751840,1230.997,1230.997,1230.997,1230.997,0.000,0.0,0
1790751900,1230.997,1230.997,1230.997,1230.997,0.000,0.0,0
1790751960,1230.997,1230.997,1230.997,1230.997,0.000,0.0,0
1790752020,1230.997,1230.997,1230.997,1230.997,0.000,0.0,0
1790752080,1230.997,1230.997,1230.997,1230.997,0.000,0.0,0
1790752140,1230.997,1230.997,1230.997,1230.997,0.000,0.0,0
1790752200,1230.997,1230.997,1230.997,1230.997,0.000,0.0,0
1790752260,1230.997,1230.997,1230.997,1230.997,0.000,0.0,0
1790752320,1225.842,1225.842,1225.842,1225.842,1225.842,0.0278,1
1790752380,1225.0,1225.001,1225.0,1225.001,1225.000,17.69812266,12
1790752440,1225.001,1225.001,1225.001,1225.001,0.000,0.0,0
1790752500,1226.303,1226.303,1226.303,1226.303,1226.303,0.1,1
1790752560,1226.303,1226.303,1226.303,1226.303,0.000,0.0,0
1790752620,1226.303,1226.303,1226.303,1226.303,0.000,0.0,0
1790752680,1226.303,1226.303,1226.303,1226.303,0.000,0.0,0
1790752740,1230.871,1230.966,1230.473,1230.966,1230.529,2.22723713,7
1790752800,1230.966,1230.966,1230.966,1230.966,0.000,0.0,0
1790752860,1230.966,1230.966,1230.966,1230.966,0.000,0.0,0
1790752920,1231.096,1231.096,1230.201,1230.201,1230.493,0.08498424,2
1790752980,1230.111,1230.111,1229.282,1229.282,1229.992,2.29744039,10
1790753040,1231.391,1231.391,1230.304,1230.705,1230.653,2.71825659,10
1790753100,1232.926,1232.926,1232.689,1232.689,1232.803,0.58294392,4
1790753160,1232.689,1232.689,1232.689,1232.689,0.000,0.0,0
1790753220,1233.47,1233.47,1233.348,1233.348,1233.354,0.5522456,4
1790753280,1231.162,1231.587,1231.162,1231.587,1231.322,1.66943265,5
1790753340,1231.587,1231.587,1231.587,1231.587,0.000,0.0,0
1790753400,1231.587,1231.587,1231.587,1231.587,0.000,0.0,0
1790753460,1231.587,1231.587,1231.587,1231.587,0.000,0.0,0
1790753520,1231.587,1231.587,1231.587,1231.587,0.000,0.0,0
1790753580,1231.522,1231.522,1231.522,1231.522,1231.522,0.0278,1
1790753640,1231.522,1231.522,1231.522,1231.522,0.000,0.0,0
1790753700,1231.522,1231.522,1231.522,1231.522,0.000,0.0,0
1790753760,1237.604,1238.297,1237.604,1238.297,1238.121,8.0,14
1790753820,1238.433,1238.433,1238.433,1238.433,1238.433,0.42137343,5
1790753880,1238.181,1238.555,1237.677,1237.677,1238.543,1.82260102,3
1790753940,1239.931,1239.931,1239.931,1239.931,1239.931,0.0278,1
1790754000,1238.223,1238.223,1238.223,1238.223,1238.223,0.01,1
1790754060,1238.35,1238.35,1238.35,1238.35,1238.350,0.0932,2
1790754120,1238.35,1238.35,1238.35,1238.35,0.000,0.0,0
1790754180,1238.641,1239.356,1238.641,1239.356,1238.998,0.0556,2
1790754240,1240.713,1241.014,1240.669,1241.014,1240.973,2.31042903,5
1790754300,1241.135,1241.366,1241.043,1241.366,1241.085,0.27464943,4
1790754360,1242.486,1242.486,1242.486,1242.486,1242.486,0.13,1
1790754420,1240.264,1240.684,1240.139,1240.684,1240.158,0.96423356,5
1790754480,1240.657,1241.652,1240.657,1241.652,1240.819,0.24081504,3
1790754540,1241.529,1241.529,1241.406,1241.406,1241.443,0.09222098,2
1790754600,1242.582,1245.368,1242.427,1245.353,1245.150,2.73264666,12
1790754660,1245.578,1245.578,1244.452,1244.452,1244.959,1.99520406,7
1790754720,1246.155,1246.721,1245.716,1245.716,1246.418,8.82818947,21
1790754780,1245.611,1245.611,1245.611,1245.611,1245.611,0.0278,1
1790754840,1246.0,1246.0,1246.0,1246.0,1246.000,17.34079363,18
1790754900,1246.0,1246.0,1246.0,1246.0,0.000,0.0,0
1790754960,1245.0,1245.0,1244.518,1244.518,1244.808,2.0978447,8
1790755020,1244.082,1244.082,1243.782,1243.782,1243.819,0.26965761,5
1790755080,1245.238,1245.282,1245.198,1245.198,1245.239,0.11055922,3
1790755140,1245.222,1245.522,1245.222,1245.522,1245.372,0.0782084,2
1790755200,1245.413,1245.413,1245.413,1245.413,1245.413,0.04365737,1
1790755260,1243.781,1243.781,1243.781,1243.781,1243.781,0.09889201,1
1790755320,1242.6,1242.862,1242.6,1242.862,1242.800,0.22217347,3
1790755380,1245.325,1245.325,1245.325,1245.325,1245.325,0.03485526,1
1790755440,1245.325,1245.325,1245.325,1245.325,0.000,0.0,0
1790755500,1243.099,1243.099,1243.099,1243.099,1243.099,0.0278,1
1790755560,1241.974,1241.974,1241.974,1241.974,1241.974,0.13,1
1790755620,1241.287,1241.287,1239.851,1240.056,1240.087,0.3282288,7
1790755680,1240.056,1240.056,1240.056,1240.056,0.000,0.0,0
1790755740,1238.585,1238.585,1236.882,1236.882,1238.359,4.19977533,8
1790755800,1236.882,1236.882,1236.882,1236.882,0.000,0.0,0
1790755860,1234.401,1234.875,1234.401,1234.875,1234.552,0.22055181,5
1790755920,1234.875,1234.875,1234.875,1234.875,0.000,0.0,0
1790755980,1234.875,1234.875,1234.875,1234.875,0.000,0.0,0
1790756040,1234.923,1235.393,1234.923,1235.393,1235.130,1.03676246,7
1790756100,1234.043,1234.043,1232.957,1232.957,1233.857,0.22795593,4
1790756160,1233.972,1233.972,1233.851,1233.851,1233.855,0.73989,3
1790756220,1236.274,1236.675,1236.274,1236.553,1236.510,0.10223545,3
1790756280,1236.528,1236.528,1236.528,1236.528,1236.528,0.01,1
1790756340,1236.528,1236.528,1236.528,1236.528,0.000,0.0,0
1790756400,1234.718,1235.498,1234.718,1235.4,1234.910,1.38044482,6
1790756460,1235.4,1235.4,1235.4,1235.4,0.000,0.0,0
1790756520,1235.4,1235.4,1235.4,1235.4,0.000,0.0,0
1790756580,1235.4,1235.4,1235.4,1235.4,0.000,0.0,0
1790756640,1236.054,1236.054,1234.385,1234.385,1235.171,5.44732207,10
1790756700,1234.89,1234.961,1234.89,1234.961,1234.925,0.30646589,5
1790756760,1234.338,1234.338,1234.338,1234.338,1234.338,0.01,1
1790756820,1235.218,1235.218,1234.803,1234.803,1235.010,0.02,2
1790756880,1235.445,1235.597,1235.445,1235.597,1235.472,0.12196989,2
1790756940,1233.656,1233.673,1233.656,1233.673,1233.659,0.03378518,2
1790757000,1230.566,1230.831,1230.566,1230.831,1230.739,1.15194716,5
1790757060,1229.134,1229.238,1229.031,1229.238,1229.122,0.60212572,8
1790757120,1229.238,1229.238,1229.238,1229.238,0.000,0.0,0
1790757180,1229.238,1229.238,1229.238,1229.238,0.000,0.0,0
1790757240,1229.238,1229.238,1229.238,1229.238,0.000,0.0,0
1790757300,1229.238,1229.238,1229.238,1229.238,0.000,0.0,0
1790757360,1229.796,1229.796,1229.603,1229.603,1229.630,0.19380697,3
1790757420,1229.603,1229.603,1229.603,1229.603,0.000,0.0,0
1790757480,1229.603,1229.603,1229.603,1229.603,0.000,0.0,0
1790757540,1233.851,1233.851,1233.439,1233.439,1233.583,3.73769034,9
1790757600,1233.439,1233.439,1233.439,1233.439,0.000,0.0,0
1790757660,1233.439,1233.439,1233.439,1233.439,0.000,0.0,0
1790757720,1231.645,1231.645,1231.645,1231.645,1231.645,0.85694208,1
1790757780,1231.645,1231.645,1231.645,1231.645,0.000,0.0,0
1790757840,1231.645,1231.645,1231.645,1231.645,0.000,0.0,0
1790757900,1231.645,1231.645,1231.645,1231.645,0.000,0.0,0
1790757960,1235.029,1235.029,1235.029,1235.029,1235.029,0.0278,1
1790758020,1235.509,1235.509,1235.305,1235.305,1235.312,0.8,3
1790758080,1237.185,1237.307,1237.185,1237.307,1237.301,0.58076014,3
1790758140,1237.307,1237.307,1237.307,1237.307,0.000,0.0,0
1790758200,1239.233,1239.233,1239.2,1239.2,1239.202,1.00000492,4
1790758260,1238.418,1238.418,1236.39,1236.915,1236.991,2.17857813,11
1790758320,1237.087,1237.087,1237.087,1237.087,1237.087,0.01611865,1
1790758380,1237.087,1237.087,1237.087,1237.087,0.000,0.0,0
1790758440,1237.087,1237.087,1237.087,1237.087,0.000,0.0,0
1790758500,1237.087,1237.087,1237.087,1237.087,0.000,0.0,0
1790758560,1237.087,1237.087,1237.087,1237.087,0.000,0.0,0
1790758620,1237.883,1238.235,1237.883,1238.235,1238.128,0.03991915,2
1790758680,1238.235,1238.235,1238.235,1238.235,0.000,0.0,0
1790758740,1236.12,1236.12,1234.722,1236.12,1235.759,4.91708108,22
1790758800,1233.579,1233.579,1233.579,1233.579,1233.579,0.20266233,1
1790758860,1233.579,1233.579,1233.579,1233.579,0.000,0.0,0
1790758920,1236.959,1236.959,1236.892,1236.892,1236.925,0.0556,2
1790758980,1239.321,1239.321,1238.82,1238.82,1239.070,0.0556,2
1790759040,1239.359,1240.623,1239.359,1240.623,1240.369,2.18857925,8
1790759100,1240.746,1243.061,1240.602,1241.97,1242.083,6.23764705,20
1790759160,1240.313,1240.712,1240.313,1240.712,1240.600,6.54526234,9
1790759220,1240.712,1240.712,1240.712,1240.712,0.000,0.0,0
1790759280,1238.324,1239.474,1238.324,1239.474,1238.791,0.2878,3
1790759340,1237.594,1237.594,1237.358,1237.358,1237.585,0.78418796,5
1790759400,1238.947,1239.059,1238.947,1239.059,1239.023,0.08877956,2
1790759460,1239.059,1239.059,1239.059,1239.059,0.000,0.0,0
1790759520,1238.883,1238.883,1238.883,1238.883,1238.883,0.02398936,1
1790759580,1238.473,1238.473,1238.473,1238.473,1238.473,0.01614892,1
1790759640,1239.522,1239.97,1239.522,1239.877,1239.781,0.07979413,3
1790759700,1239.522,1240.78,1239.522,1240.78,1240.732,2.51968055,6
1790759760,1240.78,1240.78,1240.78,1240.78,0.000,0.0,0
1790759820,1240.71,1240.71,1240.617,1240.619,1240.620,0.97488578,6
1790759880,1240.619,1240.619,1240.619,1240.619,0.000,0.0,0
1790759940,1240.619,1240.619,1240.619,1240.619,0.000,0.0,0
1790760000,1240.619,1240.619,1240.619,1240.619,0.000,0.0,0
1790760060,1240.619,1240.619,1240.619,1240.619,0.000,0.0,0
1790760120,1237.643,1237.643,1237.643,1237.643,1237.643,0.33,1
1790760180,1237.299,1238.086,1237.299,1238.086,1237.814,6.12778963,9
1790760240,1236.584,1240.448,1236.584,1240.448,1238.878,0.99436236,9
1790760300,1240.448,1240.448,1240.448,1240.448,0.000,0.0,0
1790760360,1240.448,1240.448,1240.448,1240.448,0.000,0.0,0
1790760420,1240.236,1240.236,1240.076,1240.076,1240.090,0.9794688,6
1790760480,1239.869,1240.007,1239.869,1240.007,1239.982,0.25395053,4
1790760540,1238.871,1238.871,1238.871,1238.871,1238.871,0.13718289,1
1790760600,1240.38,1241.93,1239.38,1239.38,1240.456,2.04046806,12
1790760660,1238.133,1238.503,1238.133,1238.503,1238.437,0.1578,2
1790760720,1242.072,1247.386,1242.072,1246.945,1246.147,1.61234041,15
1790760780,1248.739,1248.74,1246.314,1246.314,1248.398,1.10077753,5
1790760840,1247.109,1247.359,1246.498,1246.894,1246.800,0.41312009,7
1790760900,1246.811,1247.746,1245.185,1245.185,1247.216,9.11762369,14
1790760960,1245.185,1245.185,1245.185,1245.185,0.000,0.0,0
1790761020,1243.796,1243.796,1241.99,1241.99,1243.629,0.10877142,2
1790761080,1241.99,1241.99,1241.99,1241.99,0.000,0.0,0
1790761140,1240.822,1240.862,1240.285,1240.285,1240.618,0.04,4
1790761200,1239.589,1239.589,1239.589,1239.589,1239.589,0.78805153,1
1790761260,1239.589,1239.589,1239.589,1239.589,0.000,0.0,0
1790761320,1239.415,1240.144,1239.369,1239.369,1240.117,0.56,3
1790761380,1238.171,1238.397,1237.676,1237.676,1238.355,0.95534516,5
1790761440,1237.388,1238.021,1237.123,1238.021,1237.613,0.90515883,11
1790761500,1237.736,1238.435,1237.072,1237.869,1237.798,1.1252697,7
1790761560,1239.277,1239.277,1239.277,1239.277,1239.277,0.01,1
1790761620,1237.768,1238.184,1237.758,1238.184,1238.114,0.77437136,3
1790761680,1238.077,1238.077,1238.077,1238.077,1238.077,0.02918036,1
1790761740,1239.207,1239.207,1239.207,1239.207,1239.207,0.01,1
1790761800,1239.207,1239.207,1239.207,1239.207,0.000,0.0,0
1790761860,1240.343,1240.886,1240.343,1240.886,1240.476,0.18404665,3
1790761920,1240.886,1240.886,1240.886,1240.886,0.000,0.0,0
1790761980,1241.374,1241.374,1241.231,1241.231,1241.295,0.152137,4
1790762040,1240.061,1240.349,1240.061,1240.349,1240.272,7.24065633,10
1790762100,1241.721,1241.721,1241.721,1241.721,1241.721,0.0278,1
1790762160,1240.749,1241.0,1240.749,1241.0,1240.969,4.99634971,6
1790762220,1241.201,1241.201,1241.154,1241.154,1241.158,0.11,2
1790762280,1241.265,1241.265,1239.956,1239.956,1240.615,0.2278,3
1790762340,1239.956,1239.956,1239.956,1239.956,0.000,0.0,0
1790762400,1241.37,1241.37,1241.37,1241.37,1241.370,0.0278,1
1790762460,1241.508,1241.508,1241.508,1241.508,1241.508,0.0278,1
1790762520,1241.102,1241.102,1241.102,1241.102,1241.102,0.1,1
1790762580,1239.142,1239.142,1239.142,1239.142,1239.142,0.161402,1
1790762640,1239.142,1239.142,1239.142,1239.142,0.000,0.0,0
1790762700,1239.142,1239.142,1239.142,1239.142,0.000,0.0,0
1790762760,1240.507,1240.507,1240.507,1240.507,1240.507,0.02017525,1
1790762820,1240.507,1240.507,1240.507,1240.507,0.000,0.0,0
1790762880,1241.712,1242.673,1241.712,1242.51,1242.298,0.03,3
1790762940,1242.047,1242.047,1240.787,1240.948,1241.414,0.09490407,4
1790727840,1250.391,1251.093,1250.334,1250.789,1250.740,1.43134164,6
1790727900,1250.789,1250.789,1250.789,1250.789,0.000,0.0,0
1790727960,1250.789,1250.789,1250.789,1250.789,0.000,0.0,0
1790728020,1250.789,1250.789,1250.789,1250.789,0.000,0.0,0
1790728080,1254.926,1256.89,1254.926,1256.89,1255.701,0.0624,3
1790728140,1256.89,1256.89,1256.89,1256.89,0.000,0.0,0
1790728200,1256.89,1256.89,1256.89,1256.89,0.000,0.0,0
1790728260,1256.89,1256.89,1256.89,1256.89,0.000,0.0,0
1790728320,1258.655,1259.185,1258.655,1259.185,1259.147,0.36200818,3
1790728380,1259.32,1259.32,1259.32,1259.32,1259.320,0.13,1
1790728440,1259.32,1259.32,1259.32,1259.32,0.000,0.0,0
1790728500,1261.086,1261.086,1261.086,1261.086,1261.086,0.0208,1
1790728560,1261.086,1261.086,1261.086,1261.086,0.000,0.0,0
1790728620,1261.086,1261.086,1261.086,1261.086,0.000,0.0,0
1790728680,1256.843,1256.961,1256.843,1256.961,1256.941,0.79558183,3
1790728740,1256.21,1256.21,1256.21,1256.21,1256.210,0.13,1
1790728800,1256.21,1256.21,1256.21,1256.21,0.000,0.0,0
1790728860,1256.21,1256.21,1256.21,1256.21,0.000,0.0,0
1790728920,1256.21,1256.21,1256.21,1256.21,0.000,0.0,0
1790728980,1256.039,1256.039,1256.039,1256.039,1256.039,0.02945768,1
1790729040,1256.202,1256.202,1256.202,1256.202,1256.202,0.11855205,1
1790729100,1253.864,1253.864,1252.463,1252.463,1253.431,3.66014743,9
1790729160,1252.297,1252.298,1252.206,1252.22,1252.266,3.3324366,7
1790729220,1252.22,1252.22,1252.22,1252.22,0.000,0.0,0
1790729280,1253.868,1254.041,1253.804,1253.805,1253.885,3.30740245,5
1790729340,1253.805,1253.805,1253.805,1253.805,0.000,0.0,0
1790729400,1253.805,1253.805,1253.805,1253.805,0.000,0.0,0
1790729460,1250.503,1250.503,1250.184,1250.184,1250.367,0.0545352,3
1790729520,1250.184,1250.184,1250.184,1250.184,0.000,0.0,0
1790729580,1250.184,1250.184,1250.184,1250.184,0.000,0.0,0
1790729640,1254.056,1254.057,1253.551,1253.551,1254.009,1.0740022,3
1790729700,1253.551,1253.551,1253.551,1253.551,0.000,0.0,0
1790729760,1253.551,1253.551,1253.551,1253.551,0.000,0.0,0
1790729820,1253.551,1253.551,1253.551,1253.551,0.000,0.0,0
1790729880,1255.123,1255.123,1254.536,1254.536,1254.813,2.70568283,7
1790729940,1255.582,1255.582,1255.582,1255.582,1255.582,0.13,1
1790730000,1255.582,1255.582,1255.582,1255.582,0.000,0.0,0
1790730060,1255.582,1255.582,1255.582,1255.582,0.000,0.0,0
1790730120,1256.86,1256.86,1256.763,1256.763,1256.764,2.35663786,3
1790730180,1256.763,1256.763,1256.763,1256.763,0.000,0.0,0
1790730240,1257.285,1257.285,1257.285,1257.285,1257.285,0.1,1
1790730300,1257.285,1257.285,1257.285,1257.285,0.000,0.0,0
1790730360,1257.285,1257.285,1257.285,1257.285,0.000,0.0,0
1790730420,1257.285,1257.285,1257.285,1257.285,0.000,0.0,0
1790730480,1254.908,1254.908,1254.908,1254.908,1254.908,0.01588975,1
1790730540,1254.908,1254.908,1254.908,1254.908,0.000,0.0,0
1790730600,1254.908,1254.908,1254.908,1254.908,0.000,0.0,0
1790730660,1254.908,1254.908,1254.908,1254.908,0.000,0.0,0
1790730720,1256.705,1256.705,1256.705,1256.705,1256.705,0.5948,3
1790730780,1256.705,1256.705,1256.705,1256.705,0.000,0.0,0
1790730840,1256.705,1256.705,1256.705,1256.705,0.000,0.0,0
1790730900,1255.887,1255.887,1255.887,1255.887,1255.887,0.01,1
1790730960,1255.887,1255.887,1255.887,1255.887,0.000,0.0,0
1790731020,1255.887,1255.887,1255.887,1255.887,0.000,0.0,0
1790731080,1254.23,1254.23,1254.229,1254.229,1254.229,0.8451,4
1790731140,1254.229,1254.229,1254.229,1254.229,0.000,0.0,0
1790731200,1254.229,1254.229,1254.229,1254.229,0.000,0.0,0
1790731260,1254.229,1254.229,1254.229,1254.229,0.000,0.0,0
1790731320,1254.229,1254.229,1254.229,1254.229,0.000,0.0,0
1790731380,1254.229,1254.229,1254.229,1254.229,0.000,0.0,0
1790731440,1256.174,1256.174,1256.174,1256.174,1256.174,0.40465849,1
1790731500,1256.999,1256.999,1256.999,1256.999,1256.999,0.01,1
1790731560,1256.999,1256.999,1256.999,1256.999,0.000,0.0,0
1790731620,1255.08,1255.08,1255.08,1255.08,1255.080,0.01,1
1790731680,1255.08,1255.08,1255.08,1255.08,0.000,0.0,0
1790731740,1255.08,1255.08,1255.08,1255.08,0.000,0.0,0
1790731800,1252.834,1254.593,1251.664,1253.681,1254.025,0.74318267,6
1790731860,1253.681,1253.681,1253.681,1253.681,0.000,0.0,0
1790731920,1251.979,1251.979,1251.979,1251.979,1251.979,0.0208,1
1790731980,1252.36,1252.36,1252.36,1252.36,1252.360,0.02332648,1
1790732040,1251.413,1251.413,1250.781,1250.781,1251.078,10.30985348,6
1790732100,1250.781,1250.781,1250.781,1250.781,0.000,0.0,0
1790732160,1251.193,1251.193,1251.193,1251.193,1251.193,0.4848,2
1790732220,1251.193,1251.193,1251.193,1251.193,0.000,0.0,0
1790732280,1251.193,1251.193,1251.193,1251.193,0.000,0.0,0
1790732340,1252.076,1252.076,1252.076,1252.076,1252.076,0.0049997,1
1790732400,1252.076,1252.076,1252.076,1252.076,0.000,0.0,0
1790732460,1253.413,1255.596,1253.413,1255.596,1255.294,0.1508,2
1790732520,1255.596,1255.596,1255.596,1255.596,0.000,0.0,0
1790732580,1255.596,1255.596,1255.596,1255.596,0.000,0.0,0
1790732640,1255.596,1255.596,1255.596,1255.596,0.000,0.0,0
1790732700,1257.0,1257.0,1257.0,1257.0,1257.000,0.30898977,1
1790732760,1257.319,1257.319,1257.319,1257.319,1257.319,0.0208,1
1790732820,1257.319,1257.319,1257.319,1257.319,0.000,0.0,0
1790732880,1257.319,1257.319,1257.319,1257.319,0.000,0.0,0
1790732940,1256.322,1256.335,1256.322,1256.335,1256.323,0.97222286,2
1790733000,1256.014,1256.42,1256.014,1256.107,1256.349,1.20222286,4
1790733060,1256.107,1256.107,1256.107,1256.107,0.000,0.0,0
1790733120,1256.107,1256.107,1256.107,1256.107,0.000,0.0,0
1790733180,1256.107,1256.107,1256.107,1256.107,0.000,0.0,0
1790733240,1256.107,1256.107,1256.107,1256.107,0.000,0.0,0
1790733300,1256.107,1256.107,1256.107,1256.107,0.000,0.0,0
1790733360,1256.107,1256.107,1256.107,1256.107,0.000,0.0,0
1790733420,1256.107,1256.107,1256.107,1256.107,0.000,0.0,0
1790733480,1256.107,1256.107,1256.107,1256.107,0.000,0.0,0
1790733540,1256.107,1256.107,1256.107,1256.107,0.000,0.0,0
1790733600,1256.107,1256.107,1256.107,1256.107,0.000,0.0,0
1790733660,1255.276,1255.276,1255.276,1255.276,1255.276,0.0208,1
1790733720,1255.276,1255.276,1255.276,1255.276,0.000,0.0,0
1790733780,1254.641,1254.641,1254.641,1254.641,1254.641,0.0034751,1
1790733840,1254.641,1254.641,1254.641,1254.641,0.000,0.0,0
1790733900,1254.641,1254.641,1254.641,1254.641,0.000,0.0,0
1790733960,1254.641,1254.641,1254.641,1254.641,0.000,0.0,0
1790734020,1254.641,1254.641,1254.641,1254.641,0.000,0.0,0
1790734080,1254.641,1254.641,1254.641,1254.641,0.000,0.0,0
1790734140,1252.289,1252.289,1252.289,1252.289,1252.289,0.13,1
1790734200,1252.289,1252.289,1252.289,1252.289,0.000,0.0,0
1790734260,1252.289,1252.289,1252.289,1252.289,0.000,0.0,0
1790734320,1252.289,1252.289,1252.289,1252.289,0.000,0.0,0
1790734380,1251.671,1251.71,1251.671,1251.71,1251.674,0.6024,4
1790734440,1251.71,1251.71,1251.71,1251.71,0.000,0.0,0
1790734500,1251.71,1251.71,1251.71,1251.71,0.000,0.0,0
1790734560,1250.805,1250.805,1250.805,1250.805,1250.805,0.84565868,1
1790734620,1248.501,1248.501,1248.501,1248.501,1248.501,0.13,1
1790734680,1248.501,1248.501,1248.501,1248.501,0.000,0.0,0
1790734740,1248.571,1248.571,1248.571,1248.571,1248.571,0.01,1
1790734800,1247.962,1247.962,1247.962,1247.962,1247.962,0.0208,1
1790734860,1247.962,1247.962,1247.962,1247.962,0.000,0.0,0
1790734920,1247.962,1247.962,1247.962,1247.962,0.000,0.0,0
1790734980,1250.782,1250.782,1250.782,1250.782,1250.782,0.84555321,1
1790735040,1250.782,1250.782,1250.782,1250.782,0.000,0.0,0
1790735100,1250.782,1250.782,1250.782,1250.782,0.000,0.0,0
1790735160,1250.782,1250.782,1250.782,1250.782,0.000,0.0,0
1790735220,1250.782,1250.782,1250.782,1250.782,0.000,0.0,0
1790735280,1250.782,1250.782,1250.782,1250.782,0.000,0.0,0
1790735340,1250.782,1250.782,1250.782,1250.782,0.000,0.0,0
1790735400,1250.782,1250.782,1250.782,1250.782,0.000,0.0,0
1790735460,1247.729,1248.69,1247.729,1248.69,1248.625,1.53100265,6
1790735520,1248.69,1248.69,1248.69,1248.69,0.000,0.0,0
1790735580,1248.69,1248.69,1248.69,1248.69,0.000,0.0,0
1790735640,1248.69,1248.69,1248.69,1248.69,0.000,0.0,0
1790735700,1248.69,1248.69,1248.69,1248.69,0.000,0.0,0
1790735760,1246.423,1246.693,1246.423,1246.693,1246.688,0.99261379,3
1790735820,1246.693,1246.693,1246.693,1246.693,0.000,0.0,0
1790735880,1246.693,1246.693,1246.693,1246.693,0.000,0.0,0
1790735940,1246.693,1246.693,1246.693,1246.693,0.000,0.0,0
1790736000,1247.598,1249.678,1247.598,1249.678,1247.884,0.1508,2
1790736060,1249.678,1249.678,1249.678,1249.678,0.000,0.0,0
1790736120,1250.77,1251.079,1249.615,1249.615,1250.422,0.05618845,3
1790736180,1248.97,1249.711,1247.939,1249.711,1248.269,2.96409339,8
1790736240,1249.711,1249.711,1249.711,1249.711,0.000,0.0,0
1790736300,1248.769,1248.769,1248.769,1248.769,1248.769,0.13,1
1790736360,1248.769,1248.769,1248.769,1248.769,0.000,0.0,0
1790736420,1248.769,1248.769,1248.769,1248.769,0.000,0.0,0
1790736480,1248.769,1248.769,1248.769,1248.769,0.000,0.0,0
1790736540,1249.7,1249.7,1249.392,1249.392,1249.456,0.80656216,5
1790736600,1249.392,1249.392,1249.392,1249.392,0.000,0.0,0
1790736660,1249.392,1249.392,1249.392,1249.392,0.000,0.0,0
1790736720,1249.392,1249.392,1249.392,1249.392,0.000,0.0,0
1790736780,1249.392,1249.392,1249.392,1249.392,0.000,0.0,0
1790736840,1249.392,1249.392,1249.392,1249.392,0.000,0.0,0
1790736900,1249.392,1249.392,1249.392,1249.392,0.000,0.0,0
1790736960,1249.392,1249.392,1249.392,1249.392,0.000,0.0,0
1790737020,1249.392,1249.392,1249.392,1249.392,0.000,0.0,0
1790737080,1249.392,1249.392,1249.392,1249.392,0.000,0.0,0
1790737140,1249.392,1249.392,1249.392,1249.392,0.000,0.0,0
1790737200,1249.392,1249.392,1249.392,1249.392,0.000,0.0,0
1790737260,1249.392,1249.392,1249.392,1249.392,0.000,0.0,0
1790737320,1244.137,1244.137,1244.012,1244.012,1244.111,0.13817091,3
1790737380,1244.012,1244.012,1244.012,1244.012,0.000,0.0,0
1790737440,1244.012,1244.012,1244.012,1244.012,0.000,0.0,0
1790737500,1244.012,1244.012,1244.012,1244.012,0.000,0.0,0
1790737560,1244.012,1244.012,1244.012,1244.012,0.000,0.0,0
1790737620,1244.012,1244.012,1244.012,1244.012,0.000,0.0,0
1790737680,1244.114,1244.637,1244.114,1244.38,1244.525,1.37335915,4
1790737740,1244.38,1244.38,1244.38,1244.38,0.000,0.0,0
1790737800,1246.047,1246.047,1246.047,1246.047,1246.047,0.0278,1
1790737860,1246.047,1246.047,1246.047,1246.047,0.000,0.0,0
1790737920,1246.047,1246.047,1246.047,1246.047,0.000,0.0,0
1790737980,1245.671,1245.671,1245.671,1245.671,1245.671,0.13,1
1790738040,1245.671,1245.671,1245.671,1245.671,0.000,0.0,0
1790738100,1244.663,1244.663,1244.663,1244.663,1244.663,0.13,1
1790738160,1242.129,1242.129,1241.915,1241.915,1242.022,4.03788602,2
1790738220,1241.915,1241.915,1241.915,1241.915,0.000,0.0,0
1790738280,1241.915,1241.915,1241.915,1241.915,0.000,0.0,0
1790738340,1240.675,1241.341,1240.675,1241.341,1241.008,0.26,2
1790738400,1241.341,1241.341,1241.341,1241.341,0.000,0.0,0
1790738460,1241.341,1241.341,1241.341,1241.341,0.000,0.0,0
1790738520,1243.108,1243.108,1243.108,1243.108,1243.108,0.0278,1
1790738580,1243.108,1243.108,1243.108,1243.108,0.000,0.0,0
1790738640,1243.108,1243.108,1243.108,1243.108,0.000,0.0,0
1790738700,1240.458,1240.458,1239.994,1240.417,1240.276,7.96191982,7
1790738760,1240.602,1240.602,1240.602,1240.602,1240.602,0.0278,1
1790738820,1240.602,1240.602,1240.602,1240.602,0.000,0.0,0
1790738880,1241.386,1241.386,1241.386,1241.386,1241.386,2.01894301,1
1790738940,1241.386,1241.386,1241.386,1241.386,0.000,0.0,0
1790739000,1241.071,1241.154,1238.0,1238.0,1238.632,0.40590177,3
1790739060,1237.82,1238.492,1237.82,1238.492,1237.872,2.68747788,5
1790739120,1238.492,1238.492,1238.492,1238.492,0.000,0.0,0
1790739180,1238.492,1238.492,1238.492,1238.492,0.000,0.0,0
1790739240,1241.681,1241.687,1241.681,1241.687,1241.686,0.87994188,2
1790739300,1241.687,1241.687,1241.687,1241.687,0.000,0.0,0
1790739360,1241.687,1241.687,1241.687,1241.687,0.000,0.0,0
1790739420,1241.687,1241.687,1241.687,1241.687,0.000,0.0,0
1790739480,1241.687,1241.687,1241.687,1241.687,0.000,0.0,0
1790739540,1241.687,1241.687,1241.687,1241.687,0.000,0.0,0
1790739600,1244.538,1244.538,1244.538,1244.538,1244.538,0.0278,1
1790739660,1244.538,1244.538,1244.538,1244.538,0.000,0.0,0
1790739720,1242.996,1242.996,1242.453,1242.453,1242.832,3.05675762,15
1790739780,1242.453,1242.453,1242.453,1242.453,0.000,0.0,0
1790739840,1242.453,1242.453,1242.453,1242.453,0.000,0.0,0
1790739900,1242.453,1242.453,1242.453,1242.453,0.000,0.0,0
1790739960,1242.453,1242.453,1242.453,1242.453,0.000,0.0,0
1790740020,1242.453,1242.453,1242.453,1242.453,0.000,0.0,0
1790740080,1242.453,1242.453,1242.453,1242.453,0.000,0.0,0
1790740140,1242.453,1242.453,1242.453,1242.453,0.000,0.0,0
1790740200,1242.453,1242.453,1242.453,1242.453,0.000,0.0,0
1790740260,1236.987,1236.987,1236.987,1236.987,1236.987,0.10210051,1
1790740320,1236.987,1236.987,1236.987,1236.987,0.000,0.0,0
1790740380,1236.518,1236.846,1236.518,1236.846,1236.834,0.886,6
1790740440,1236.846,1236.846,1236.846,1236.846,0.000,0.0,0
1790740500,1236.0,1236.0,1236.0,1236.0,1236.000,0.04045307,2
1790740560,1236.0,1236.0,1236.0,1236.0,0.000,0.0,0
1790740620,1235.055,1235.209,1235.001,1235.193,1235.118,0.23,23
1790740680,1235.069,1236.995,1235.069,1236.871,1236.072,0.53395259,52
1790740740,1236.871,1237.153,1236.53,1237.031,1237.048,1.19724396,19
1790740800,1237.624,1237.624,1237.624,1237.624,1237.624,0.02,2
1790740860,1238.119,1238.249,1237.775,1237.775,1238.213,0.30273982,5
1790740920,1237.357,1239.487,1237.357,1239.487,1238.303,0.08,8
1790740980,1239.588,1239.588,1238.903,1238.903,1239.228,0.04,4
1790741040,1239.699,1239.838,1238.48,1239.838,1239.274,0.1156,8
1790741100,1239.842,1241.384,1239.842,1239.893,1240.939,0.22089513,16
1790741160,1240.261,1241.297,1240.113,1240.113,1240.563,0.087035,8
1790741220,1240.701,1240.701,1240.03,1240.584,1240.368,0.05,5
1790741280,1240.243,1240.697,1240.243,1240.584,1240.517,0.04,4
1790741340,1240.051,1240.107,1239.137,1239.751,1239.550,0.22,22
1790741400,1240.102,1240.159,1239.589,1240.005,1239.979,0.22417411,13
1790741460,1240.005,1241.211,1240.005,1241.211,1240.174,0.1678,6
1790741520,1241.211,1241.211,1241.211,1241.211,0.000,0.0,0
1790741580,1243.833,1243.833,1242.737,1242.737,1243.403,0.0778,6
1790741640,1243.022,1243.053,1243.022,1243.053,1243.037,0.02,2
1790741700,1242.596,1242.596,1242.596,1242.596,1242.596,0.01,1
1790741760,1242.596,1242.596,1242.596,1242.596,0.000,0.0,0
1790741820,1242.596,1242.596,1242.596,1242.596,0.000,0.0,0
1790741880,1246.028,1247.533,1246.005,1247.533,1247.498,1.5537,9
1790741940,1247.533,1247.533,1247.533,1247.533,0.000,0.0,0
1790742000,1247.533,1247.533,1247.533,1247.533,0.000,0.0,0
1790742060,1247.533,1247.533,1247.533,1247.533,0.000,0.0,0
1790742120,1247.533,1247.533,1247.533,1247.533,0.000,0.0,0
1790742180,1247.533,1247.533,1247.533,1247.533,0.000,0.0,0
1790742240,1247.533,1247.533,1247.533,1247.533,0.000,0.0,0
1790742300,1246.165,1246.165,1246.165,1246.165,1246.165,0.0278,1
1790742360,1246.738,1246.738,1246.217,1246.217,1246.440,0.22755177,2
1790742420,1245.652,1245.652,1245.538,1245.538,1245.643,0.14,2
1790742480,1245.538,1245.538,1245.538,1245.538,0.000,0.0,0
1790742540,1245.538,1245.538,1245.538,1245.538,0.000,0.0,0
1790742600,1245.538,1245.538,1245.538,1245.538,0.000,0.0,0
1790742660,1245.538,1245.538,1245.538,1245.538,0.000,0.0,0
1790742720,1245.538,1245.538,1245.538,1245.538,0.000,0.0,0
1790742780,1245.538,1245.538,1245.538,1245.538,0.000,0.0,0
1790742840,1242.445,1242.475,1242.218,1242.342,1242.470,1.01148829,5
1790742900,1242.342,1242.342,1242.342,1242.342,0.000,0.0,0
1790742960,1244.011,1244.207,1243.547,1243.669,1243.662,0.3278,7
1790743020,1243.573,1243.573,1242.161,1242.161,1242.643,0.03,3
1790743080,1243.293,1243.293,1243.293,1243.293,1243.293,0.01,1
1790743140,1243.266,1243.266,1242.466,1242.466,1243.193,0.11,2
1790743200,1242.466,1242.466,1242.466,1242.466,0.000,0.0,0
1790743260,1241.923,1241.923,1241.923,1241.923,1241.923,0.01,1
1790743320,1241.923,1241.923,1241.923,1241.923,0.000,0.0,0
1790743380,1241.502,1241.502,1241.502,1241.502,1241.502,0.01588975,1
1790743440,1241.303,1241.95,1241.303,1241.95,1241.949,15.01,2
1790743500,1242.293,1242.293,1242.293,1242.293,1242.293,0.13,1
1790743560,1242.293,1242.293,1242.293,1242.293,0.000,0.0,0
1790743620,1242.293,1242.293,1242.293,1242.293,0.000,0.0,0
1790743680,1242.293,1242.293,1242.293,1242.293,0.000,0.0,0
1790743740,1242.293,1242.293,1242.293,1242.293,0.000,0.0,0
1790743800,1242.396,1243.055,1242.396,1243.055,1242.698,0.34841453,5
1790743860,1243.055,1243.055,1243.055,1243.055,0.000,0.0,0
1790743920,1242.89,1243.851,1242.89,1243.851,1243.535,0.24448898,3
1790743980,1244.433,1244.433,1244.433,1244.433,1244.433,0.13,1
1790744040,1244.433,1244.433,1244.433,1244.433,0.000,0.0,0
1790744100,1243.244,1243.442,1243.244,1243.442,1243.414,0.2,2
1790744160,1243.442,1243.442,1243.442,1243.442,0.000,0.0,0
1790744220,1242.148,1242.25,1241.856,1241.856,1242.030,0.23987724,3
1790744280,1241.096,1241.464,1241.096,1241.34,1241.247,0.19251437,5
1790744340,1240.489,1241.098,1240.489,1241.098,1240.588,0.16975087,4
1790744400,1240.953,1244.969,1240.953,1244.969,1241.882,0.120011,3
1790744460,1244.872,1245.562,1244.243,1244.888,1244.880,0.22714443,9
1790744520,1244.888,1244.888,1244.888,1244.888,0.000,0.0,0
1790744580,1244.888,1244.888,1244.888,1244.888,0.000,0.0,0
1790744640,1241.764,1241.764,1241.406,1241.406,1241.583,0.02515007,2
1790744700,1242.048,1242.051,1242.048,1242.051,1242.050,0.03508171,3
1790744760,1242.054,1242.054,1241.763,1241.763,1242.046,2.05160044,4
1790744820,1241.763,1241.763,1241.763,1241.763,0.000,0.0,0
1790744880,1239.721,1239.721,1238.303,1239.317,1238.582,0.3834,6
1790744940,1238.544,1239.627,1238.544,1239.562,1239.227,0.32889467,5
1790745000,1239.562,1239.562,1239.562,1239.562,0.000,0.0,0
1790745060,1237.181,1237.271,1237.181,1237.271,1237.269,0.67866226,8
1790745120,1238.53,1238.53,1238.12,1238.12,1238.135,2.60741467,4
1790745180,1238.12,1238.12,1238.12,1238.12,0.000,0.0,0
1790745240,1236.901,1236.901,1236.901,1236.901,1236.901,0.13,1
1790745300,1236.358,1236.358,1236.177,1236.177,1236.334,0.98576014,3
1790745360,1236.319,1236.799,1236.197,1236.799,1236.519,1.50759903,4
1790745420,1236.799,1236.799,1236.799,1236.799,0.000,0.0,0
1790745480,1236.799,1236.799,1236.799,1236.799,0.000,0.0,0
1790745540,1237.316,1237.316,1237.194,1237.194,1237.199,0.66815543,2
1790745600,1237.194,1237.194,1237.194,1237.194,0.000,0.0,0
1790745660,1237.194,1237.194,1237.194,1237.194,0.000,0.0,0
1790745720,1238.967,1239.107,1238.967,1239.107,1239.082,0.16069952,2
1790745780,1239.107,1239.107,1239.107,1239.107,0.000,0.0,0
1790745840,1239.107,1239.107,1239.107,1239.107,0.000,0.0,0
1790745900,1239.821,1239.821,1239.699,1239.699,1239.703,0.70785367,2
1790745960,1237.854,1238.256,1237.854,1238.256,1237.981,1.61420501,5
1790746020,1238.256,1238.256,1238.256,1238.256,0.000,0.0,0
1790746080,1239.812,1240.209,1239.812,1240.209,1240.090,1.61278603,3
1790746140,1240.209,1240.209,1240.209,1240.209,0.000,0.0,0
1790746200,1240.992,1242.212,1240.992,1242.209,1241.992,0.1556,3
1790746260,1242.209,1242.209,1242.209,1242.209,0.000,0.0,0
1790746320,1242.209,1242.209,1242.209,1242.209,0.000,0.0,0
1790746380,1242.209,1242.209,1242.209,1242.209,0.000,0.0,0
1790746440,1242.209,1242.209,1242.209,1242.209,0.000,0.0,0
1790746500,1241.85,1242.272,1241.85,1242.272,1242.026,1.7635,5
1790746560,1242.272,1242.272,1242.272,1242.272,0.000,0.0,0
1790746620,1242.272,1242.272,1242.272,1242.272,0.000,0.0,0
1790746680,1242.272,1242.272,1242.272,1242.272,0.000,0.0,0
1790746740,1242.272,1242.272,1242.272,1242.272,0.000,0.0,0
1790746800,1242.272,1242.272,1242.272,1242.272,0.000,0.0,0
1790746860,1242.272,1242.272,1242.272,1242.272,0.000,0.0,0
1790746920,1242.272,1242.272,1242.272,1242.272,0.000,0.0,0
1790746980,1242.272,1242.272,1242.272,1242.272,0.000,0.0,0
1790747040,1242.272,1242.272,1242.272,1242.272,0.000,0.0,0
1790747100,1242.272,1242.272,1242.272,1242.272,0.000,0.0,0
1790747160,1244.975,1244.975,1244.975,1244.975,1244.975,0.13,1
1790747220,1243.339,1243.339,1243.339,1243.339,1243.339,0.0278,1
1790747280,1243.339,1243.339,1243.339,1243.339,0.000,0.0,0
1790747340,1243.339,1243.339,1243.339,1243.339,0.000,0.0,0
1790747400,1243.339,1243.339,1243.339,1243.339,0.000,0.0,0
1790747460,1243.339,1243.339,1243.339,1243.339,0.000,0.0,0
1790747520,1240.0,1240.34,1240.0,1240.0,1240.002,51.03720142,35
1790747580,1240.0,1240.0,1240.0,1240.0,0.000,0.0,0
1790747640,1240.0,1240.0,1240.0,1240.0,0.000,0.0,0
1790747700,1240.0,1240.0,1240.0,1240.0,0.000,0.0,0
1790747760,1240.0,1240.0,1240.0,1240.0,0.000,0.0,0
1790747820,1238.155,1238.155,1238.155,1238.155,1238.155,0.54,1
1790747880,1237.168,1237.593,1237.168,1237.593,1237.376,1.67639431,6
1790747940,1237.593,1237.593,1237.593,1237.593,0.000,0.0,0
1790748000,1239.379,1239.379,1239.379,1239.379,1239.379,0.1,1
1790748060,1239.379,1239.379,1239.379,1239.379,0.000,0.0,0
1790748120,1239.379,1239.379,1239.379,1239.379,0.000,0.0,0
1790748180,1239.379,1239.379,1239.379,1239.379,0.000,0.0,0
1790748240,1239.379,1239.379,1239.379,1239.379,0.000,0.0,0
1790748300,1239.379,1239.379,1239.379,1239.379,0.000,0.0,0
1790748360,1239.379,1239.379,1239.379,1239.379,0.000,0.0,0
1790748420,1239.379,1239.379,1239.379,1239.379,0.000,0.0,0
1790748480,1236.76,1236.76,1236.723,1236.723,1236.733,0.03831133,2
1790748540,1235.202,1235.202,1230.775,1230.775,1232.862,24.10605434,34
1790748600,1232.274,1232.397,1232.151,1232.151,1232.391,1.92082545,4
1790748660,1232.151,1232.151,1232.151,1232.151,0.000,0.0,0
1790748720,1232.151,1232.151,1232.151,1232.151,0.000,0.0,0
1790748780,1230.27,1230.27,1230.27,1230.27,1230.270,0.0278,1
1790748840,1230.27,1230.27,1230.27,1230.27,0.000,0.0,0
1790748900,1230.27,1230.27,1230.27,1230.27,0.000,0.0,0
1790748960,1228.245,1229.37,1227.64,1229.228,1228.445,0.63645163,7
1790749020,1229.228,1229.228,1229.228,1229.228,0.000,0.0,0
1790749080,1229.228,1229.228,1229.228,1229.228,0.000,0.0,0
1790749140,1229.228,1229.228,1229.228,1229.228,0.000,0.0,0
1790749200,1229.228,1229.228,1229.228,1229.228,0.000,0.0,0
1790749260,1231.365,1231.365,1229.807,1229.821,1230.480,0.3434,6
1790749320,1230.389,1230.389,1230.389,1230.389,1230.389,0.01219127,1
1790749380,1230.177,1230.342,1230.177,1230.342,1230.259,0.0556,2
1790749440,1230.342,1230.342,1230.342,1230.342,0.000,0.0,0
1790749500,1226.42,1226.525,1225.807,1225.821,1226.165,0.08379727,4
1790749560,1226.185,1226.368,1225.703,1225.792,1226.340,0.84509592,4
1790749620,1226.363,1226.551,1226.363,1226.551,1226.486,0.08153369,2
1790749680,1228.918,1228.918,1228.918,1228.918,1228.918,0.0278,1
1790749740,1227.931,1228.454,1227.931,1228.454,1228.297,0.03968596,2
1790749800,1228.454,1228.454,1228.454,1228.454,0.000,0.0,0
1790749860,1227.665,1227.665,1226.456,1227.092,1226.603,8.03793351,12
1790749920,1226.772,1226.772,1226.772,1226.772,1226.772,0.0278,1
1790749980,1226.737,1226.737,1226.145,1226.147,1226.172,2.980291,7
1790750040,1226.147,1226.147,1226.147,1226.147,0.000,0.0,0
1790750100,1227.039,1227.039,1227.039,1227.039,1227.039,0.01,1
1790750160,1226.853,1226.853,1226.848,1226.848,1226.849,0.1278,2
1790750220,1226.848,1226.848,1226.848,1226.848,0.000,0.0,0
1790750280,1228.158,1228.158,1227.531,1227.663,1227.674,1.02902973,4
1790750340,1226.867,1227.372,1226.867,1227.372,1227.238,0.0378,2
1790750400,1227.22,1227.22,1227.22,1227.22,1227.220,0.01,1
1790750460,1227.238,1227.274,1227.151,1227.274,1227.236,0.91596088,3
1790750520,1227.274,1227.274,1227.274,1227.274,0.000,0.0,0
1790750580,1227.274,1227.274,1227.274,1227.274,0.000,0.0,0
1790750640,1230.23,1230.742,1230.23,1230.527,1230.530,0.9684951,4
1790750700,1229.01,1229.01,1228.846,1228.846,1228.891,0.72716849,3
1790750760,1227.674,1228.189,1226.96,1228.13,1227.385,10.4556,35
1790750820,1228.41,1228.631,1227.755,1227.984,1228.324,0.17,5
1790750880,1227.498,1227.498,1227.498,1227.498,1227.498,0.13,1
1790750940,1227.921,1229.025,1227.921,1229.025,1228.473,0.02,2
1790751000,1229.894,1229.894,1229.894,1229.894,1229.894,0.01,1
1790751060,1228.787,1229.601,1228.787,1229.601,1229.078,0.06263638,6
1790751120,1229.786,1229.786,1229.779,1229.779,1229.782,0.02230937,3
1790751180,1230.26,1230.775,1230.26,1230.775,1230.443,0.13547942,11
1790751240,1230.969,1230.969,1230.047,1230.603,1230.474,0.06424101,5
1790751300,1230.94,1233.267,1230.94,1233.267,1232.278,0.03543249,3
1790751360,1233.11,1233.11,1232.145,1232.145,1233.013,1.02229146,6
1790751420,1231.295,1231.414,1231.292,1231.292,1231.300,0.56865454,5
1790751480,1231.665,1233.288,1231.665,1233.288,1232.563,1.11219663,8
1790751540,1231.032,1231.032,1230.91,1230.91,1230.974,0.1886,2
1790751600,1228.403,1228.403,1228.157,1228.157,1228.398,1.53409721,3
1790751660,1229.77,1229.991,1229.69,1229.69,1229.823,1.72862955,6
1790751720,1229.69,1229.69,1229.69,1229.69,0.000,0.0,0
1790751780,1231.224,1231.224,1230.997,1230.997,1231.109,0.1,3
1790751840,1230.997,1230.997,1230.997,1230.997,0.000,0.0,0
1790751900,1230.997,1230.997,1230.997,1230.997,0.000,0.0,0
1790751960,1230.997,1230.997,1230.997,1230.997,0.000,0.0,0
1790752020,1230.997,1230.997,1230.997,1230.997,0.000,0.0,0
1790752080,1230.997,1230.997,1230.997,1230.997,0.000,0.0,0
1790752140,1230.997,1230.997,1230.997,1230.997,0.000,0.0,0
1790752200,1230.997,1230.997,1230.997,1230.997,0.000,0.0,0
1790752260,1230.997,1230.997,1230.997,1230.997,0.000,0.0,0
1790752320,1225.842,1225.842,1225.842,1225.842,1225.842,0.0278,1
1790752380,1225.0,1225.001,1225.0,1225.001,1225.000,17.69812266,12
1790752440,1225.001,1225.001,1225.001,1225.001,0.000,0.0,0
1790752500,1226.303,1226.303,1226.303,1226.303,1226.303,0.1,1
1790752560,1226.303,1226.303,1226.303,1226.303,0.000,0.0,0
1790752620,1226.303,1226.303,1226.303,1226.303,0.000,0.0,0
1790752680,1226.303,1226.303,1226.303,1226.303,0.000,0.0,0
1790752740,1230.871,1230.966,1230.473,1230.966,1230.529,2.22723713,7
1790752800,1230.966,1230.966,1230.966,1230.966,0.000,0.0,0
1790752860,1230.966,1230.966,1230.966,1230.966,0.000,0.0,0
1790752920,1231.096,1231.096,1230.201,1230.201,1230.493,0.08498424,2
1790752980,1230.111,1230.111,1229.282,1229.282,1229.992,2.29744039,10
1790753040,1231.391,1231.391,1230.304,1230.705,1230.653,2.71825659,10
1790753100,1232.926,1232.926,1232.689,1232.689,1232.803,0.58294392,4
1790753160,1232.689,1232.689,1232.689,1232.689,0.000,0.0,0
1790753220,1233.47,1233.47,1233.348,1233.348,1233.354,0.5522456,4
1790753280,1231.162,1231.587,1231.162,1231.587,1231.322,1.66943265,5
1790753340,1231.587,1231.587,1231.587,1231.587,0.000,0.0,0
1790753400,1231.587,1231.587,1231.587,1231.587,0.000,0.0,0
1790753460,1231.587,1231.587,1231.587,1231.587,0.000,0.0,0
1790753520,1231.587,1231.587,1231.587,1231.587,0.000,0.0,0
1790753580,1231.522,1231.522,1231.522,1231.522,1231.522,0.0278,1
1790753640,1231.522,1231.522,1231.522,1231.522,0.000,0.0,0
1790753700,1231.522,1231.522,1231.522,1231.522,0.000,0.0,0
1790753760,1237.604,1238.297,1237.604,1238.297,1238.121,8.0,14
1790753820,1238.433,1238.433,1238.433,1238.433,1238.433,0.42137343,5
1790753880,1238.181,1238.555,1237.677,1237.677,1238.543,1.82260102,3
1790753940,1239.931,1239.931,1239.931,1239.931,1239.931,0.0278,1
1790754000,1238.223,1238.223,1238.223,1238.223,1238.223,0.01,1
1790754060,1238.35,1238.35,1238.35,1238.35,1238.350,0.0932,2
1790754120,1238.35,1238.35,1238.35,1238.35,0.000,0.0,0
1790754180,1238.641,1239.356,1238.641,1239.356,1238.998,0.0556,2
1790754240,1240.713,1241.014,1240.669,1241.014,1240.973,2.31042903,5
1790754300,1241.135,1241.366,1241.043,1241.366,1241.085,0.27464943,4
1790754360,1242.486,1242.486,1242.486,1242.486,1242.486,0.13,1
1790754420,1240.264,1240.684,1240.139,1240.684,1240.158,0.96423356,5
1790754480,1240.657,1241.652,1240.657,1241.652,1240.819,0.24081504,3
1790754540,1241.529,1241.529,1241.406,1241.406,1241.443,0.09222098,2
1790754600,1242.582,1245.368,1242.427,1245.353,1245.150,2.73264666,12
1790754660,1245.578,1245.578,1244.452,1244.452,1244.959,1.99520406,7
1790754720,1246.155,1246.721,1245.716,1245.716,1246.418,8.82818947,21
1790754780,1245.611,1245.611,1245.611,1245.611,1245.611,0.0278,1
1790754840,1246.0,1246.0,1246.0,1246.0,1246.000,17.34079363,18
1790754900,1246.0,1246.0,1246.0,1246.0,0.000,0.0,0
1790754960,1245.0,1245.0,1244.518,1244.518,1244.808,2.0978447,8
1790755020,1244.082,1244.082,1243.782,1243.782,1243.819,0.26965761,5
1790755080,1245.238,1245.282,1245.198,1245.198,1245.239,0.11055922,3
1790755140,1245.222,1245.522,1245.222,1245.522,1245.372,0.0782084,2
1790755200,1245.413,1245.413,1245.413,1245.413,1245.413,0.04365737,1
1790755260,1243.781,1243.781,1243.781,1243.781,1243.781,0.09889201,1
1790755320,1242.6,1242.862,1242.6,1242.862,1242.800,0.22217347,3
1790755380,1245.325,1245.325,1245.325,1245.325,1245.325,0.03485526,1
1790755440,1245.325,1245.325,1245.325,1245.325,0.000,0.0,0
1790755500,1243.099,1243.099,1243.099,1243.099,1243.099,0.0278,1
1790755560,1241.974,1241.974,1241.974,1241.974,1241.974,0.13,1
1790755620,1241.287,1241.287,1239.851,1240.056,1240.087,0.3282288,7
1790755680,1240.056,1240.056,1240.056,1240.056,0.000,0.0,0
1790755740,1238.585,1238.585,1236.882,1236.882,1238.359,4.19977533,8
1790755800,1236.882,1236.882,1236.882,1236.882,0.000,0.0,0
1790755860,1234.401,1234.875,1234.401,1234.875,1234.552,0.22055181,5
1790755920,1234.875,1234.875,1234.875,1234.875,0.000,0.0,0
1790755980,1234.875,1234.875,1234.875,1234.875,0.000,0.0,0
1790756040,1234.923,1235.393,1234.923,1235.393,1235.130,1.03676246,7
1790756100,1234.043,1234.043,1232.957,1232.957,1233.857,0.22795593,4
1790756160,1233.972,1233.972,1233.851,1233.851,1233.855,0.73989,3
1790756220,1236.274,1236.675,1236.274,1236.553,1236.510,0.10223545,3
1790756280,1236.528,1236.528,1236.528,1236.528,1236.528,0.01,1
1790756340,1236.528,1236.528,1236.528,1236.528,0.000,0.0,0
1790756400,1234.718,1235.498,1234.718,1235.4,1234.910,1.38044482,6
1790756460,1235.4,1235.4,1235.4,1235.4,0.000,0.0,0
1790756520,1235.4,1235.4,1235.4,1235.4,0.000,0.0,0
1790756580,1235.4,1235.4,1235.4,1235.4,0.000,0.0,0
1790756640,1236.054,1236.054,1234.385,1234.385,1235.171,5.44732207,10
1790756700,1234.89,1234.961,1234.89,1234.961,1234.925,0.30646589,5
1790756760,1234.338,1234.338,1234.338,1234.338,1234.338,0.01,1
1790756820,1235.218,1235.218,1234.803,1234.803,1235.010,0.02,2
1790756880,1235.445,1235.597,1235.445,1235.597,1235.472,0.12196989,2
1790756940,1233.656,1233.673,1233.656,1233.673,1233.659,0.03378518,2
1790757000,1230.566,1230.831,1230.566,1230.831,1230.739,1.15194716,5
1790757060,1229.134,1229.238,1229.031,1229.238,1229.122,0.60212572,8
1790757120,1229.238,1229.238,1229.238,1229.238,0.000,0.0,0
1790757180,1229.238,1229.238,1229.238,1229.238,0.000,0.0,0
1790757240,1229.238,1229.238,1229.238,1229.238,0.000,0.0,0
1790757300,1229.238,1229.238,1229.238,1229.238,0.000,0.0,0
1790757360,1229.796,1229.796,1229.603,1229.603,1229.630,0.19380697,3
1790757420,1229.603,1229.603,1229.603,1229.603,0.000,0.0,0
1790757480,1229.603,1229.603,1229.603,1229.603,0.000,0.0,0
1790757540,1233.851,1233.851,1233.439,1233.439,1233.583,3.73769034,9
1790757600,1233.439,1233.439,1233.439,1233.439,0.000,0.0,0
1790757660,1233.439,1233.439,1233.439,1233.439,0.000,0.0,0
1790757720,1231.645,1231.645,1231.645,1231.645,1231.645,0.85694208,1
1790757780,1231.645,1231.645,1231.645,1231.645,0.000,0.0,0
1790757840,1231.645,1231.645,1231.645,1231.645,0.000,0.0,0
1790757900,1231.645,1231.645,1231.645,1231.645,0.000,0.0,0
1790757960,1235.029,1235.029,1235.029,1235.029,1235.029,0.0278,1
1790758020,1235.509,1235.509,1235.305,1235.305,1235.312,0.8,3
1790758080,1237.185,1237.307,1237.185,1237.307,1237.301,0.58076014,3
1790758140,1237.307,1237.307,1237.307,1237.307,0.000,0.0,0
1790758200,1239.233,1239.233,1239.2,1239.2,1239.202,1.00000492,4
1790758260,1238.418,1238.418,1236.39,1236.915,1236.991,2.17857813,11
1790758320,1237.087,1237.087,1237.087,1237.087,1237.087,0.01611865,1
1790758380,1237.087,1237.087,1237.087,1237.087,0.000,0.0,0
1790758440,1237.087,1237.087,1237.087,1237.087,0.000,0.0,0
1790758500,1237.087,1237.087,1237.087,1237.087,0.000,0.0,0
1790758560,1237.087,1237.087,1237.087,1237.087,0.000,0.0,0
1790758620,1237.883,1238.235,1237.883,1238.235,1238.128,0.03991915,2
1790758680,1238.235,1238.235,1238.235,1238.235,0.000,0.0,0
1790758740,1236.12,1236.12,1234.722,1236.12,1235.759,4.91708108,22
1790758800,1233.579,1233.579,1233.579,1233.579,1233.579,0.20266233,1
1790758860,1233.579,1233.579,1233.579,1233.579,0.000,0.0,0
1790758920,1236.959,1236.959,1236.892,1236.892,1236.925,0.0556,2
1790758980,1239.321,1239.321,1238.82,1238.82,1239.070,0.0556,2
1790759040,1239.359,1240.623,1239.359,1240.623,1240.369,2.18857925,8
1790759100,1240.746,1243.061,1240.602,1241.97,1242.083,6.23764705,20
1790759160,1240.313,1240.712,1240.313,1240.712,1240.600,6.54526234,9
1790759220,1240.712,1240.712,1240.712,1240.712,0.000,0.0,0
1790759280,1238.324,1239.474,1238.324,1239.474,1238.791,0.2878,3
1790759340,1237.594,1237.594,1237.358,1237.358,1237.585,0.78418796,5
1790759400,1238.947,1239.059,1238.947,1239.059,1239.023,0.08877956,2
1790759460,1239.059,1239.059,1239.059,1239.059,0.000,0.0,0
1790759520,1238.883,1238.883,1238.883,1238.883,1238.883,0.02398936,1
1790759580,1238.473,1238.473,1238.473,1238.473,1238.473,0.01614892,1
1790759640,1239.522,1239.97,1239.522,1239.877,1239.781,0.07979413,3
1790759700,1239.522,1240.78,1239.522,1240.78,1240.732,2.51968055,6
1790759760,1240.78,1240.78,1240.78,1240.78,0.000,0.0,0
1790759820,1240.71,1240.71,1240.617,1240.619,1240.620,0.97488578,6
1790759880,1240.619,1240.619,1240.619,1240.619,0.000,0.0,0
1790759940,1240.619,1240.619,1240.619,1240.619,0.000,0.0,0
1790760000,1240.619,1240.619,1240.619,1240.619,0.000,0.0,0
1790760060,1240.619,1240.619,1240.619,1240.619,0.000,0.0,0
1790760120,1237.643,1237.643,1237.643,1237.643,1237.643,0.33,1
1790760180,1237.299,1238.086,1237.299,1238.086,1237.814,6.12778963,9
1790760240,1236.584,1240.448,1236.584,1240.448,1238.878,0.99436236,9
1790760300,1240.448,1240.448,1240.448,1240.448,0.000,0.0,0
1790760360,1240.448,1240.448,1240.448,1240.448,0.000,0.0,0
1790760420,1240.236,1240.236,1240.076,1240.076,1240.090,0.9794688,6
1790760480,1239.869,1240.007,1239.869,1240.007,1239.982,0.25395053,4
1790760540,1238.871,1238.871,1238.871,1238.871,1238.871,0.13718289,1
1790760600,1240.38,1241.93,1239.38,1239.38,1240.456,2.04046806,12
1790760660,1238.133,1238.503,1238.133,1238.503,1238.437,0.1578,2
1790760720,1242.072,1247.386,1242.072,1246.945,1246.147,1.61234041,15
1790760780,1248.739,1248.74,1246.314,1246.314,1248.398,1.10077753,5
1790760840,1247.109,1247.359,1246.498,1246.894,1246.800,0.41312009,7
1790760900,1246.811,1247.746,1245.185,1245.185,1247.216,9.11762369,14
1790760960,1245.185,1245.185,1245.185,1245.185,0.000,0.0,0
1790761020,1243.796,1243.796,1241.99,1241.99,1243.629,0.10877142,2
1790761080,1241.99,1241.99,1241.99,1241.99,0.000,0.0,0
1790761140,1240.822,1240.862,1240.285,1240.285,1240.618,0.04,4
1790761200,1239.589,1239.589,1239.589,1239.589,1239.589,0.78805153,1
1790761260,1239.589,1239.589,1239.589,1239.589,0.000,0.0,0
1790761320,1239.415,1240.144,1239.369,1239.369,1240.117,0.56,3
1790761380,1238.171,1238.397,1237.676,1237.676,1238.355,0.95534516,5
1790761440,1237.388,1238.021,1237.123,1238.021,1237.613,0.90515883,11
1790761500,1237.736,1238.435,1237.072,1237.869,1237.798,1.1252697,7
1790761560,1239.277,1239.277,1239.277,1239.277,1239.277,0.01,1
1790761620,1237.768,1238.184,1237.758,1238.184,1238.114,0.77437136,3
1790761680,1238.077,1238.077,1238.077,1238.077,1238.077,0.02918036,1
1790761740,1239.207,1239.207,1239.207,1239.207,1239.207,0.01,1
1790761800,1239.207,1239.207,1239.207,1239.207,0.000,0.0,0
1790761860,1240.343,1240.886,1240.343,1240.886,1240.476,0.18404665,3
1790761920,1240.886,1240.886,1240.886,1240.886,0.000,0.0,0
1790761980,1241.374,1241.374,1241.231,1241.231,1241.295,0.152137,4
1790762040,1240.061,1240.349,1240.061,1240.349,1240.272,7.24065633,10
1790762100,1241.721,1241.721,1241.721,1241.721,1241.721,0.0278,1
1790762160,1240.749,1241.0,1240.749,1241.0,1240.969,4.99634971,6
1790762220,1241.201,1241.201,1241.154,1241.154,1241.158,0.11,2
1790762280,1241.265,1241.265,1239.956,1239.956,1240.615,0.2278,3
1790762340,1239.956,1239.956,1239.956,1239.956,0.000,0.0,0
1790762400,1241.37,1241.37,1241.37,1241.37,1241.370,0.0278,1
1790762460,1241.508,1241.508,1241.508,1241.508,1241.508,0.0278,1
1790762520,1241.102,1241.102,1241.102,1241.102,1241.102,0.1,1
1790762580,1239.142,1239.142,1239.142,1239.142,1239.142,0.161402,1
1790762640,1239.142,1239.142,1239.142,1239.142,0.000,0.0,0
1790762700,1239.142,1239.142,1239.142,1239.142,0.000,0.0,0
1790762760,1240.507,1240.507,1240.507,1240.507,1240.507,0.02017525,1
1790762820,1240.507,1240.507,1240.507,1240.507,0.000,0.0,0
1790762880,1241.712,1242.673,1241.712,1242.51,1242.298,0.03,3
1790762940,1242.047,1242.047,1240.787,1240.948,1241.414,0.09490407,4
1790763000,1240.631,1240.631,1239.927,1239.927,1240.567,0.11,2
1790763060,1239.455,1239.455,1239.455,1239.455,1239.455,0.01,1
1790763120,1239.455,1239.455,1239.455,1239.455,0.000,0.0,0
1790763180,1241.261,1241.301,1240.018,1240.018,1240.934,0.04,4
1790763240,1239.757,1240.452,1239.418,1239.418,1239.735,0.0878,7
1790763300,1239.011,1239.371,1239.011,1239.371,1239.162,0.06765133,3
1790763360,1238.189,1238.863,1237.878,1238.863,1238.476,0.0956,6
1790763420,1240.549,1240.549,1240.549,1240.549,1240.549,0.01,1
1790763480,1240.598,1241.703,1240.412,1241.703,1241.135,0.0778,6
1790763540,1242.473,1243.919,1242.473,1242.936,1242.529,2.17396368,6
1790763600,1242.073,1244.577,1242.073,1244.577,1243.287,0.0678,5
1790763660,1245.179,1246.527,1245.179,1246.527,1246.132,0.0756,4
1790763720,1245.542,1245.845,1244.735,1244.735,1245.229,0.04,4
1790763780,1246.719,1246.719,1245.898,1246.553,1246.047,5.43854695,13
1790763840,1245.697,1246.254,1245.087,1245.777,1245.562,1.77905254,25
1790763900,1245.591,1246.827,1244.76,1246.564,1245.941,2.5971211,39
1790763960,1246.14,1246.484,1245.81,1246.484,1246.041,0.1856,15
1790764020,1246.197,1246.197,1244.015,1244.695,1244.596,32.47803251,47
1790764080,1243.93,1244.536,1243.93,1244.536,1244.247,5.52596141,6
1790764140,1243.773,1243.773,1243.74,1243.74,1243.755,0.20827751,3
1790764200,1243.97,1244.632,1243.97,1244.632,1244.498,0.50408959,5
1790764260,1246.129,1250.504,1245.998,1250.504,1249.984,20.10498279,30
1790764320,1249.561,1249.561,1249.561,1249.561,1249.561,0.0278,1
1790764380,1249.315,1249.315,1249.315,1249.315,1249.315,0.0278,1
1790764440,1249.778,1250.213,1248.855,1250.213,1249.879,6.8332267,12
1790764500,1253.576,1254.86,1252.574,1252.703,1253.497,2.4272807,21
1790764560,1252.478,1253.036,1251.573,1251.573,1252.077,2.33417234,68
1790764620,1251.412,1251.715,1250.084,1250.181,1250.560,2.77489572,78
1790764680,1250.181,1252.218,1250.181,1251.878,1250.944,8.93762943,79
1790764740,1251.874,1252.713,1251.06,1251.122,1251.857,3.3431367,64
1790764800,1250.652,1252.002,1250.652,1250.876,1251.171,0.50371423,27
1790764860,1250.872,1251.051,1250.05,1250.978,1250.713,3.41380572,20
1790764920,1250.787,1251.247,1250.787,1251.014,1250.942,0.20575242,7
1790764980,1250.291,1252.349,1249.456,1252.349,1250.289,0.56813364,10
1790765040,1254.165,1254.78,1253.555,1254.78,1254.456,1.39437813,16
1790765100,1255.41,1255.41,1253.685,1253.685,1255.104,0.21159149,4
1790765160,1252.361,1252.361,1252.361,1252.361,1252.361,0.1,1
1790765220,1252.23,1252.23,1252.224,1252.224,1252.227,0.06353962,2
1790765280,1252.224,1252.224,1252.224,1252.224,0.000,0.0,0
1790765340,1252.908,1252.908,1252.908,1252.908,1252.908,0.0278,1
1790765400,1254.609,1254.609,1254.574,1254.574,1254.591,0.0556,2
1790765460,1253.524,1253.655,1252.698,1252.698,1253.253,0.1361902,7
1790765520,1252.579,1254.852,1252.579,1254.831,1254.066,0.22015128,7
1790765580,1253.854,1255.113,1253.527,1255.113,1254.781,0.84579052,7
1790765640,1257.237,1257.533,1257.237,1257.533,1257.378,0.06320921,4
1790765700,1257.458,1258.708,1256.602,1258.708,1257.920,0.97591305,15
1790765760,1258.702,1259.592,1258.199,1259.003,1259.065,7.37487011,29
1790765820,1260.329,1260.882,1260.03,1260.03,1260.076,1.13398733,3
1790765880,1260.03,1260.03,1260.03,1260.03,0.000,0.0,0
1790765940,1259.401,1259.401,1259.401,1259.401,1259.401,0.1,1
1790766000,1260.254,1260.254,1260.254,1260.254,1260.254,0.10481943,1
1790766060,1260.254,1260.254,1260.254,1260.254,0.000,0.0,0
1790766120,1260.254,1260.254,1260.254,1260.254,0.000,0.0,0
1790766180,1260.254,1260.254,1260.254,1260.254,0.000,0.0,0
1790766240,1255.935,1255.935,1255.935,1255.935,1255.935,0.01121561,1
1790766300,1255.602,1255.955,1255.602,1255.955,1255.809,0.02714219,2
1790766360,1253.128,1253.128,1253.128,1253.128,1253.128,0.01121805,1
1790766420,1253.115,1253.28,1253.115,1253.28,1253.256,0.19900053,2
1790766480,1253.585,1253.979,1253.585,1253.979,1253.802,0.11596586,3
1790766540,1253.979,1253.979,1253.979,1253.979,0.000,0.0,0
1790766600,1253.037,1254.237,1253.037,1254.237,1254.009,0.08858243,3
1790766660,1253.0,1253.0,1253.0,1253.0,1253.000,1.01533918,1
1790766720,1254.677,1255.151,1254.677,1255.151,1254.858,0.42853251,5
1790766780,1255.955,1255.955,1255.955,1255.955,1255.955,6.12778963,7
1790766840,1255.955,1255.955,1255.955,1255.955,0.000,0.0,0
1790766900,1254.043,1254.043,1254.043,1254.043,1254.043,0.01123531,1
1790766960,1255.59,1255.814,1254.382,1254.382,1255.513,1.48586473,7
1790767020,1255.324,1256.221,1253.161,1253.161,1255.879,8.47308764,14
1790767080,1254.561,1255.051,1254.179,1254.964,1254.397,1.01754471,8
1790767140,1252.657,1252.657,1252.533,1252.589,1252.556,0.17034057,3
1790767200,1252.132,1252.132,1251.813,1251.813,1252.126,1.29511567,5
1790767260,1251.697,1251.919,1251.697,1251.919,1251.753,0.04386193,3
1790767320,1251.919,1251.919,1251.919,1251.919,0.000,0.0,0
1790767380,1253.86,1255.9,1253.86,1255.9,1254.317,0.07317177,3
1790767440,1254.899,1254.899,1254.899,1254.899,1254.899,0.01122509,1
1790767500,1254.37,1254.643,1254.37,1254.643,1254.623,0.39843844,2
1790767560,1254.643,1254.643,1254.643,1254.643,0.000,0.0,0
1790767620,1254.098,1254.413,1254.098,1254.413,1254.252,0.39,3
1790767680,1255.092,1256.319,1255.092,1256.319,1255.749,1.09890147,7
1790767740,1254.791,1255.805,1254.791,1255.805,1255.251,0.49956048,9
1790767800,1255.805,1255.805,1255.805,1255.805,0.000,0.0,0
1790767860,1252.964,1253.408,1252.964,1253.408,1253.182,0.51609548,8
1790767920,1252.192,1252.307,1251.65,1251.65,1251.956,0.90282774,6
1790767980,1251.65,1252.483,1251.65,1252.483,1251.901,0.45083149,8
1790768040,1252.483,1252.483,1252.483,1252.483,0.000,0.0,0
1790768100,1252.483,1252.483,1252.483,1252.483,0.000,0.0,0
1790768160,1252.483,1252.483,1252.483,1252.483,0.000,0.0,0
1790768220,1256.103,1256.103,1255.855,1255.855,1255.904,1.15208051,7
1790768280,1256.413,1256.656,1256.413,1256.656,1256.534,0.26,2
1790768340,1258.326,1260.25,1258.326,1260.25,1259.319,2.63177073,15
1790768400,1260.25,1260.25,1260.25,1260.25,0.000,0.0,0
1790768460,1257.107,1257.969,1257.107,1257.6,1257.353,0.33081876,4
1790768520,1257.354,1257.354,1257.354,1257.354,1257.354,0.13,1
1790768580,1260.674,1260.674,1259.779,1260.105,1260.009,4.21568602,18
1790768640,1260.547,1262.379,1259.73,1262.349,1261.845,7.34362903,26
1790768700,1259.963,1259.963,1258.883,1259.383,1259.372,0.52708407,5
1790768760,1258.882,1258.882,1258.736,1258.736,1258.873,0.26584143,2
1790768820,1256.676,1256.676,1255.53,1255.53,1256.438,0.5265381,6
1790768880,1255.81,1256.506,1254.705,1256.506,1255.171,3.31416515,10
1790768940,1256.506,1256.506,1256.506,1256.506,0.000,0.0,0
1790769000,1258.378,1258.431,1256.289,1256.289,1257.938,0.54618442,3
1790769060,1256.108,1256.108,1254.748,1255.373,1255.412,0.36,3
1790769120,1255.366,1255.366,1254.991,1254.991,1255.173,0.25377641,2
1790769180,1254.433,1255.856,1254.433,1255.769,1255.481,0.62,8
1790769240,1255.369,1255.369,1255.24,1255.369,1255.309,0.52,4
1790769300,1255.369,1255.369,1255.369,1255.369,0.000,0.0,0
1790769360,1255.369,1255.369,1255.369,1255.369,0.000,0.0,0
1790769420,1255.369,1255.369,1255.369,1255.369,0.000,0.0,0
1790769480,1254.273,1254.273,1253.471,1253.471,1254.108,1.06116511,8
1790769540,1254.863,1254.863,1254.863,1254.863,1254.863,0.13,2
1790769600,1254.196,1254.196,1254.196,1254.196,1254.196,0.13,6
1790769660,1254.196,1254.196,1254.196,1254.196,0.000,0.0,0
1790769720,1258.144,1258.268,1258.144,1258.268,1258.233,0.1,2
1790769780,1258.268,1258.268,1258.268,1258.268,0.000,0.0,0
1790769840,1258.268,1258.268,1258.268,1258.268,0.000,0.0,0
1790769900,1258.752,1258.752,1255.198,1255.198,1256.391,1.64983288,14
1790769960,1255.198,1255.198,1255.198,1255.198,0.000,0.0,0
1790770020,1256.8,1256.8,1256.8,1256.8,1256.800,0.0278,1
1790770080,1256.8,1256.8,1256.8,1256.8,0.000,0.0,0
1790770140,1257.686,1257.686,1256.979,1256.979,1257.129,0.25,4
1790770200,1256.979,1256.979,1256.979,1256.979,0.000,0.0,0
1790770260,1256.979,1256.979,1256.979,1256.979,0.000,0.0,0
1790770320,1259.422,1260.08,1259.422,1260.08,1260.006,0.08935444,2
1790770380,1261.168,1261.168,1260.757,1260.757,1260.931,0.24263615,5
1790770440,1259.856,1260.312,1259.856,1260.312,1260.009,0.16328721,3
1790770500,1259.705,1259.705,1258.842,1258.842,1259.099,0.09330303,2
1790770560,1258.842,1258.842,1258.842,1258.842,0.000,0.0,0
1790770620,1257.842,1257.842,1257.842,1257.842,1257.842,0.1,1
1790770680,1256.817,1256.817,1256.435,1256.435,1256.626,0.26,2
1790770740,1257.087,1258.245,1256.963,1257.054,1257.156,0.52895048,18
1790770800,1257.475,1257.519,1254.523,1255.027,1255.507,0.54,45
1790770860,1256.125,1256.544,1255.205,1256.317,1255.825,0.2778,26
1790770920,1256.979,1259.092,1256.364,1259.092,1257.347,0.4478,25
1790770980,1259.063,1259.063,1256.704,1256.704,1257.343,1.26018437,25
1790771040,1257.122,1258.665,1256.953,1258.531,1257.655,0.4756,35
1790771100,1260.343,1260.914,1258.607,1258.607,1259.808,0.3678,26
1790771160,1259.1,1259.335,1257.458,1257.697,1258.948,2.09854688,26
1790771220,1257.691,1257.826,1256.854,1256.854,1257.465,0.23,14
1790771280,1257.461,1257.625,1256.424,1257.278,1257.244,0.42,24
1790771340,1258.688,1259.408,1256.56,1259.408,1257.712,0.35543149,17
1790771400,1258.594,1277.509,1256.888,1276.684,1271.851,13.58270606,98
1790771460,1276.668,1278.354,1275.544,1278.0,1277.901,10.67538868,24
1790771520,1276.169,1276.169,1270.702,1272.947,1273.251,12.83811436,18
1790771580,1272.693,1273.773,1268.2,1268.2,1271.510,21.93054176,18
1790771640,1268.983,1276.791,1268.983,1276.791,1275.882,1.01249486,6
1790771700,1275.681,1284.112,1275.199,1281.939,1280.812,6.75183965,20
1790771760,1277.648,1277.776,1276.65,1276.65,1276.839,18.58770687,11
1790771820,1272.883,1274.181,1272.883,1274.181,1273.388,1.30419738,7
1790771880,1274.767,1279.661,1274.605,1279.593,1276.336,7.03233273,17
1790771940,1278.043,1282.888,1278.043,1282.282,1281.442,102.18098111,89
1790772000,1283.45,1285.757,1281.556,1281.741,1283.657,20.59415955,58
1790772060,1283.356,1284.434,1280.041,1280.804,1281.415,22.50588874,47
1790772120,1280.804,1282.178,1280.0,1282.178,1280.456,41.75828681,91
1790772180,1281.678,1281.678,1281.491,1281.491,1281.500,0.88149345,4
1790772240,1280.13,1284.761,1280.001,1284.761,1281.733,2.40077164,14
1790772300,1285.665,1288.7,1285.665,1288.7,1287.379,3.54680675,19
1790772360,1286.761,1289.721,1286.761,1289.721,1289.605,4.50380424,8
1790772420,1285.0,1285.0,1280.547,1280.547,1282.986,1.92139284,9
1790772480,1284.997,1288.179,1283.695,1288.165,1286.021,13.76950683,13
1790772540,1287.621,1289.0,1287.618,1287.903,1288.410,2.07208484,14
1790772600,1287.971,1290.908,1287.971,1290.908,1290.360,4.09879512,8
1790772660,1291.771,1291.771,1291.441,1291.441,1291.548,0.97231442,3
1790772720,1293.79,1293.79,1291.569,1291.569,1292.679,0.0556,2
1790772780,1291.569,1291.569,1291.569,1291.569,0.000,0.0,0
1790772840,1291.569,1291.569,1291.569,1291.569,0.000,0.0,0
1790772900,1292.436,1295.764,1290.323,1295.764,1293.857,1.43379641,23
1790772960,1295.562,1300.0,1288.345,1288.345,1299.340,74.5675166,76
1790773020,1293.062,1293.191,1285.674,1285.674,1286.453,10.01000838,27
1790773080,1287.746,1287.746,1286.605,1286.605,1287.404,1.34322452,5
1790773140,1288.172,1288.173,1288.043,1288.043,1288.170,1.44215341,5
1790773200,1286.802,1290.754,1285.589,1290.754,1285.794,6.09429607,8
1790773260,1290.754,1290.754,1290.754,1290.754,0.000,0.0,0
1790773320,1290.754,1290.754,1290.754,1290.754,0.000,0.0,0
1790773380,1290.754,1290.754,1290.754,1290.754,0.000,0.0,0
1790773440,1290.754,1290.754,1290.754,1290.754,0.000,0.0,0
1790773500,1295.939,1300.0,1295.939,1299.201,1297.297,9.43447887,14
1790773560,1298.351,1298.351,1298.351,1298.351,1298.351,0.68394448,2
1790773620,1298.351,1298.351,1298.351,1298.351,0.000,0.0,0
1790773680,1298.351,1298.351,1298.351,1298.351,0.000,0.0,0
1790773740,1297.988,1297.988,1296.611,1296.611,1297.468,1.69125054,8
1790773800,1298.906,1300.0,1296.613,1299.766,1299.778,17.30991899,63
1790773860,1298.998,1303.318,1298.869,1303.318,1301.370,2.71522536,13
1790773920,1299.225,1299.225,1299.225,1299.225,1299.225,0.01007947,1
1790773980,1299.225,1299.225,1299.225,1299.225,0.000,0.0,0
1790774040,1302.195,1302.195,1302.195,1302.195,1302.195,0.0278,1
1790774100,1302.195,1302.195,1302.195,1302.195,0.000,0.0,0
1790774160,1302.975,1302.975,1302.975,1302.975,1302.975,0.02155121,1
1790774220,1304.177,1304.177,1301.85,1301.85,1302.645,6.18467035,7
1790774280,1304.338,1304.338,1302.971,1303.277,1303.444,0.06824264,3
1790774340,1304.47,1305.0,1300.861,1300.861,1303.042,4.27547414,17
1790774400,1301.078,1301.078,1295.902,1300.0,1298.028,13.45731191,37
1790774460,1300.0,1300.0,1300.0,1300.0,0.000,0.0,0
1790774520,1300.0,1300.0,1300.0,1300.0,0.000,0.0,0
1790774580,1300.0,1300.0,1299.976,1299.976,1299.985,0.66923077,2
1790774640,1299.976,1299.976,1299.976,1299.976,0.000,0.0,0
1790774700,1303.33,1304.86,1302.622,1302.622,1303.393,0.19559291,4
1790774760,1304.992,1305.586,1304.992,1305.586,1305.057,0.82837434,12
1790774820,1308.078,1313.764,1308.078,1311.964,1312.287,3.24101651,31
1790774880,1306.87,1306.871,1306.741,1306.743,1306.752,0.63184885,6
1790774940,1307.657,1309.564,1307.657,1309.564,1308.669,1.95024704,9
1790775000,1309.152,1310.874,1309.152,1310.874,1309.720,0.46876057,4
1790775060,1310.866,1314.0,1310.866,1311.0,1312.034,3.59264505,17
1790775120,1314.022,1314.901,1311.419,1311.419,1313.060,0.69163411,10
1790775180,1310.057,1310.057,1308.769,1308.769,1309.971,2.1634229,4
1790775240,1312.135,1312.262,1312.135,1312.262,1312.238,0.15251423,2
1790775300,1303.361,1310.21,1294.446,1299.249,1296.451,91.4578559,154
1790775360,1297.804,1300.526,1293.783,1298.57,1295.008,84.15172632,76
1790775420,1298.266,1305.289,1298.266,1300.739,1300.263,2.23422315,12
1790775480,1298.299,1301.0,1285.994,1287.672,1294.663,25.74737597,96
1790775540,1287.672,1289.265,1287.0,1287.0,1287.367,7.63405698,8
1790775600,1288.231,1288.231,1278.0,1278.704,1280.379,10.75061661,45
1790775660,1278.998,1283.579,1278.0,1283.579,1278.417,0.52326264,7
1790775720,1283.333,1285.266,1283.333,1284.961,1284.475,1.45755269,15
1790775780,1284.961,1284.961,1284.961,1284.961,0.000,0.0,0
1790775840,1284.961,1284.961,1284.961,1284.961,0.000,0.0,0
1790775900,1286.366,1286.366,1284.779,1284.792,1285.450,0.42251367,6
1790775960,1284.792,1284.792,1284.792,1284.792,0.000,0.0,0
1790776020,1292.007,1292.135,1292.007,1292.135,1292.117,0.2,2
1790776080,1291.208,1291.208,1285.407,1285.407,1287.449,7.84879847,31
1790776140,1291.68,1291.68,1291.68,1291.68,1291.680,0.0103677,1
1790776200,1289.268,1289.793,1289.268,1289.65,1289.321,0.34822439,4
1790776260,1294.937,1294.937,1294.937,1294.937,1294.937,0.01155581,1
1790776320,1294.937,1294.937,1294.937,1294.937,0.000,0.0,0
1790776380,1292.152,1292.28,1292.152,1292.28,1292.223,0.06258948,2
1790776440,1292.28,1292.28,1292.28,1292.28,0.000,0.0,0
1790776500,1292.28,1292.28,1292.28,1292.28,0.000,0.0,0
1790776560,1292.28,1292.28,1292.28,1292.28,0.000,0.0,0
1790776620,1289.268,1289.486,1284.74,1284.74,1286.159,6.66154528,35
1790776680,1284.74,1284.74,1284.74,1284.74,0.000,0.0,0
1790776740,1284.74,1284.74,1284.74,1284.74,0.000,0.0,0
1790776800,1293.02,1293.02,1293.02,1293.02,1293.020,0.31043237,3
1790776860,1289.919,1289.919,1289.838,1289.838,1289.901,0.03563598,2
1790776920,1289.838,1289.838,1289.838,1289.838,0.000,0.0,0
1790776980,1294.41,1295.0,1294.41,1295.0,1294.992,2.08927913,8
1790777040,1300.0,1300.0,1299.494,1300.0,1299.984,5.16959949,7
1790777100,1301.265,1305.161,1301.265,1305.161,1302.158,0.12127679,2
1790777160,1311.147,1311.277,1309.456,1309.456,1310.691,0.23166405,3
1790777220,1309.456,1309.456,1309.456,1309.456,0.000,0.0,0
1790777280,1300.0,1300.0,1299.245,1299.245,1299.996,2.06225676,6
1790777340,1298.035,1298.035,1298.035,1298.035,1298.035,0.3027964,1
1790777400,1298.035,1298.035,1298.035,1298.035,0.000,0.0,0
1790777460,1291.3,1291.3,1290.0,1290.0,1290.208,0.19937231,3
1790777520,1296.381,1299.109,1296.381,1298.972,1297.731,1.89702587,10
1790777580,1298.91,1299.713,1298.35,1298.35,1299.482,0.2897102,4
1790777640,1298.35,1298.35,1298.35,1298.35,0.000,0.0,0
1790777700,1298.35,1298.35,1298.35,1298.35,0.000,0.0,0
1790777760,1298.35,1298.35,1298.35,1298.35,0.000,0.0,0
1790777820,1298.35,1298.35,1298.35,1298.35,0.000,0.0,0
1790777880,1285.0,1285.522,1284.42,1284.42,1284.919,2.07321131,12
1790777940,1288.852,1290.355,1283.631,1283.631,1288.359,4.22580532,17
1790778000,1283.414,1283.414,1281.647,1281.647,1282.709,0.54059847,10
1790778060,1281.689,1281.838,1281.689,1281.838,1281.805,0.12894144,3
1790778120,1280.0,1281.302,1267.417,1267.631,1275.455,46.32411893,78
1790778180,1265.827,1268.826,1261.101,1268.577,1265.051,4.07252831,31
1790778240,1269.321,1269.321,1264.354,1267.945,1267.174,4.64518187,13
1790778300,1273.458,1274.545,1271.969,1271.969,1273.991,5.4,14
1790778360,1269.663,1270.155,1268.813,1270.155,1269.799,4.14753717,17
1790778420,1269.719,1269.863,1269.719,1269.863,1269.838,0.65549133,3
1790778480,1262.811,1262.811,1261.3,1261.3,1261.955,2.56882999,13
1790778540,1261.3,1261.3,1261.3,1261.3,0.000,0.0,0
1790778600,1263.541,1265.6,1263.541,1265.6,1265.594,11.11631927,17
1790778660,1268.56,1268.56,1268.385,1268.385,1268.475,0.27068183,2
1790778720,1268.385,1268.385,1268.385,1268.385,0.000,0.0,0
1790778780,1260.122,1260.122,1257.35,1258.97,1259.075,0.7886946,13
1790778840,1263.0,1263.0,1263.0,1263.0,1263.000,1.26682502,1
1790778900,1262.0,1262.0,1262.0,1262.0,1262.000,0.029,1
1790778960,1261.312,1262.0,1261.197,1262.0,1261.229,0.10008874,3
1790779020,1260.0,1263.887,1260.0,1263.535,1263.479,1.93786596,17
1790779080,1262.129,1262.429,1260.154,1260.154,1260.737,6.23400058,10
1790779140,1261.531,1262.239,1261.531,1262.239,1261.592,0.17235896,2
1790779200,1261.692,1261.692,1261.692,1261.692,1261.692,0.0278,1
1790779260,1261.692,1261.692,1261.692,1261.692,0.000,0.0,0
1790779320,1261.692,1261.692,1261.692,1261.692,0.000,0.0,0
1790779380,1267.184,1267.184,1265.249,1265.249,1265.383,0.16998882,2
1790779440,1265.249,1265.249,1265.249,1265.249,0.000,0.0,0
1790779500,1265.249,1265.249,1265.249,1265.249,0.000,0.0,0
1790779560,1265.249,1265.249,1265.249,1265.249,0.000,0.0,0
1790779620,1259.959,1261.23,1259.466,1261.23,1259.679,3.34705644,6
1790779680,1262.872,1262.872,1262.872,1262.872,1262.872,0.01108584,1
1790779740,1261.486,1261.486,1260.367,1260.367,1261.353,1.19806746,5
1790779800,1260.367,1260.367,1260.367,1260.367,0.000,0.0,0
1790779860,1264.311,1264.311,1263.869,1263.994,1264.233,0.17146942,3
1790779920,1264.002,1264.002,1264.002,1264.002,1264.002,0.13369061,1
1790779980,1262.06,1262.06,1262.06,1262.06,1262.060,0.0111,1
1790780040,1262.06,1262.06,1260.196,1261.273,1260.358,2.15780089,8
1790780100,1261.273,1261.273,1261.273,1261.273,0.000,0.0,0
1790780160,1261.273,1261.273,1261.273,1261.273,0.000,0.0,0
1790780220,1261.273,1261.273,1261.273,1261.273,0.000,0.0,0
1790780280,1261.493,1261.493,1261.493,1261.493,1261.493,0.13,1
1790780340,1261.493,1261.493,1261.493,1261.493,0.000,0.0,0
1790780400,1261.493,1261.493,1261.493,1261.493,0.000,0.0,0
1790780460,1263.911,1264.036,1263.911,1264.036,1264.026,0.37382912,2
1790780520,1264.036,1264.036,1264.036,1264.036,0.000,0.0,0
1790780580,1260.531,1260.531,1260.531,1260.531,1260.531,0.02604391,1
1790780640,1260.531,1260.531,1260.531,1260.531,0.000,0.0,0
1790780700,1260.531,1260.531,1260.531,1260.531,0.000,0.0,0
1790780760,1258.001,1258.001,1258.0,1258.0,1258.000,3.0739186,6
1790780820,1255.1,1255.1,1254.0,1254.0,1254.954,5.53378919,6
1790780880,1256.483,1256.483,1256.478,1256.478,1256.480,1.52721332,3
1790780940,1256.954,1258.896,1256.857,1258.896,1257.459,0.42367615,5
1790781000,1258.896,1258.896,1258.896,1258.896,0.000,0.0,0
1790781060,1258.896,1258.896,1258.896,1258.896,0.000,0.0,0
1790781120,1258.798,1259.0,1256.595,1257.843,1257.533,2.93863916,17
1790781180,1258.493,1258.493,1258.493,1258.493,1258.493,0.02723409,1
1790781240,1258.229,1258.954,1258.229,1258.953,1258.519,0.11793549,4
1790781300,1258.953,1258.953,1258.953,1258.953,0.000,0.0,0
1790781360,1258.953,1258.953,1258.953,1258.953,0.000,0.0,0
1790781420,1258.953,1258.953,1258.953,1258.953,0.000,0.0,0
1790781480,1255.164,1255.497,1254.72,1255.497,1255.188,1.71631676,7
1790781540,1255.497,1255.497,1255.497,1255.497,0.000,0.0,0
1790781600,1251.0,1251.0,1242.869,1249.597,1247.212,32.30900343,38
1790781660,1249.597,1249.597,1249.597,1249.597,0.000,0.0,0
1790781720,1252.744,1252.744,1252.744,1252.744,1252.744,0.05,5
1790781780,1250.613,1254.625,1250.613,1251.128,1253.134,11.69098613,13
1790781840,1251.254,1251.254,1245.517,1245.517,1247.422,0.52297408,4
1790781900,1244.058,1244.058,1243.469,1243.469,1243.901,0.2808617,3
1790781960,1244.221,1244.284,1244.221,1244.284,1244.252,0.0556,2
1790782020,1244.284,1244.284,1244.284,1244.284,0.000,0.0,0
1790782080,1244.09,1245.27,1243.037,1245.27,1244.279,0.53989458,6
1790782140,1248.649,1248.649,1248.649,1248.649,1248.649,0.45062786,3
1790782200,1249.707,1249.707,1249.707,1249.707,1249.707,0.0278,1
1790782260,1255.03,1258.606,1255.03,1258.606,1255.830,1.34334989,8
1790782320,1260.329,1262.069,1257.531,1257.531,1258.970,0.77076746,10
1790782380,1257.012,1259.488,1257.012,1259.488,1258.250,0.0556,2
1790782440,1257.894,1257.894,1257.894,1257.894,1257.894,1.04779385,1
1790782500,1257.056,1257.056,1257.056,1257.056,1257.056,0.01,1
1790782560,1257.056,1257.056,1257.056,1257.056,0.000,0.0,0
1790782620,1257.69,1258.89,1257.439,1258.89,1257.830,0.139,5
1790782680,1262.997,1263.124,1262.116,1262.227,1263.034,0.3553686,6
1790782740,1262.227,1262.227,1262.227,1262.227,0.000,0.0,0
1790782800,1263.799,1263.799,1263.799,1263.799,1263.799,0.0278,1
1790782860,1265.0,1265.0,1264.002,1264.002,1264.559,1.79655783,3
1790782920,1262.766,1266.445,1262.766,1266.445,1265.802,0.32105785,7
1790782980,1263.576,1263.576,1263.576,1263.576,1263.576,0.02,2
1790783040,1265.401,1265.401,1265.401,1265.401,1265.401,0.01068436,1
1790783100,1265.401,1265.401,1265.401,1265.401,0.000,0.0,0
1790783160,1267.452,1267.452,1267.452,1267.452,1267.452,0.47332717,2
1790783220,1267.452,1268.489,1266.929,1266.929,1267.742,6.67093973,19
1790783280,1270.44,1274.606,1270.44,1274.606,1271.184,0.11656697,4
1790783340,1273.37,1273.37,1273.37,1273.37,1273.370,0.84827979,7
1790783400,1274.781,1276.0,1274.781,1276.0,1275.515,1.28510921,11
1790783460,1276.0,1276.0,1276.0,1276.0,0.000,0.0,0
1790783520,1273.83,1273.83,1273.83,1273.83,1273.830,4.60019782,29
1790783580,1272.731,1272.731,1272.731,1272.731,1272.731,0.0278,1
1790783640,1272.731,1272.731,1272.731,1272.731,0.000,0.0,0
1790783700,1272.731,1272.731,1272.731,1272.731,0.000,0.0,0
1790783760,1271.796,1274.502,1271.796,1274.502,1274.048,0.16602654,2
1790783820,1274.502,1274.502,1274.502,1274.502,0.000,0.0,0
1790783880,1273.378,1273.597,1273.378,1273.597,1273.581,0.4,2
1790783940,1271.922,1271.922,1270.247,1270.247,1271.381,1.6999,9
1790784000,1270.247,1270.247,1270.247,1270.247,0.000,0.0,0
1790784060,1270.233,1270.233,1270.116,1270.116,1270.132,1.14906729,4
1790784120,1271.648,1271.648,1271.647,1271.647,1271.647,0.1,2
1790784180,1271.647,1271.647,1271.647,1271.647,0.000,0.0,0
1790784240,1271.647,1271.647,1271.647,1271.647,0.000,0.0,0
1790784300,1271.647,1271.647,1271.647,1271.647,0.000,0.0,0
1790784360,1276.946,1278.555,1276.946,1278.555,1278.349,0.2181,2
1790784420,1279.682,1279.809,1279.682,1279.809,1279.792,0.21485029,3
1790784480,1280.352,1283.194,1280.352,1282.271,1280.516,2.6397204,7
1790784540,1283.514,1283.833,1283.514,1283.833,1283.797,0.25,2
1790784600,1283.732,1283.732,1283.46,1283.46,1283.467,1.08015846,4
1790784660,1283.46,1283.46,1283.46,1283.46,0.000,0.0,0
1790784720,1281.377,1281.377,1281.298,1281.298,1281.307,0.25,3
1790784780,1278.6,1278.6,1278.6,1278.6,1278.600,0.01,1
1790784840,1278.396,1279.302,1278.396,1279.302,1279.177,1.15818877,6
1790784900,1278.056,1278.056,1278.056,1278.056,1278.056,11.51893915,9
1790784960,1278.056,1278.056,1278.056,1278.056,0.000,0.0,0
1790785020,1276.81,1276.936,1276.81,1276.936,1276.900,0.09784265,2
1790785080,1275.614,1275.614,1274.335,1274.335,1275.455,0.96407253,6
1790785140,1278.078,1278.078,1278.078,1278.078,1278.078,0.0278,1
1790785200,1278.626,1281.087,1278.626,1281.087,1280.688,0.81474369,14
1790785260,1282.0,1282.0,1282.0,1282.0,1282.000,14.82059282,39
1790785320,1282.0,1282.0,1282.0,1282.0,0.000,0.0,0
1790785380,1282.0,1282.0,1282.0,1282.0,0.000,0.0,0
1790785440,1279.355,1279.355,1279.355,1279.355,1279.355,0.0278,1
1790785500,1279.355,1279.355,1279.355,1279.355,0.000,0.0,0
1790785560,1279.355,1279.355,1279.355,1279.355,0.000,0.0,0
1790785620,1280.172,1280.172,1278.615,1278.615,1279.125,9.7662089,17
1790785680,1280.456,1280.456,1280.456,1280.456,1280.456,0.72137818,1
1790785740,1278.967,1278.967,1278.84,1278.84,1278.844,0.80714,3
1790785800,1277.17,1278.19,1276.399,1278.19,1277.500,1.8808094,10
1790785860,1278.19,1278.19,1278.19,1278.19,0.000,0.0,0
1790785920,1277.168,1277.168,1276.054,1276.054,1276.259,1.36478127,7
1790785980,1277.796,1277.796,1277.796,1277.796,1277.796,0.0278,1
1790786040,1278.632,1278.632,1278.632,1278.632,1278.632,0.10413558,1
1790786100,1278.632,1278.632,1278.632,1278.632,0.000,0.0,0
1790786160,1276.424,1278.078,1276.424,1278.078,1277.226,2.32013641,7
1790786220,1278.0,1278.0,1278.0,1278.0,1278.000,0.6355,2
1790786280,1277.912,1278.0,1277.912,1278.0,1277.999,15.48343809,13
1790786340,1280.815,1283.0,1280.815,1283.0,1282.924,0.80722323,2
1790786400,1283.441,1283.441,1282.615,1282.615,1283.170,0.2921424,11
1790786460,1282.615,1282.615,1282.615,1282.615,0.000,0.0,0
1790786520,1286.011,1286.011,1286.01,1286.01,1286.010,1.90759145,4
1790786580,1286.01,1286.01,1286.01,1286.01,0.000,0.0,0
1790786640,1290.908,1290.908,1289.45,1290.154,1290.277,0.48388797,4
1790786700,1292.926,1295.0,1291.59,1295.0,1294.218,6.565,11
1790786760,1295.899,1298.0,1295.899,1298.0,1296.917,1.1049858,4
1790786820,1300.706,1307.715,1300.669,1307.715,1306.168,28.33286575,31
1790786880,1297.822,1301.071,1297.078,1301.071,1300.280,11.01,15
1790786940,1298.32,1299.269,1298.32,1299.269,1298.633,0.29042358,4
1790787000,1301.746,1301.746,1301.746,1301.746,1301.746,0.28281441,1
1790787060,1300.863,1303.623,1300.121,1300.121,1303.273,12.52787848,15
1790787120,1300.0,1301.953,1300.0,1300.575,1300.670,3.79798837,8
1790787180,1300.0,1300.0,1297.067,1297.067,1299.994,50.34273274,17
1790787240,1296.996,1296.996,1296.56,1296.56,1296.817,1.52255943,6
1790787300,1296.838,1296.838,1296.838,1296.838,1296.838,0.29786878,1
1790787360,1294.064,1294.064,1294.064,1294.064,1294.064,0.0278,1
1790787420,1294.207,1294.207,1294.207,1294.207,1294.207,0.32332429,1
1790787480,1295.582,1295.71,1295.582,1295.71,1295.701,0.4397,2
1790787540,1296.403,1296.406,1296.403,1296.406,1296.405,0.77136336,2
1790787600,1295.87,1295.87,1295.87,1295.87,1295.870,0.02054839,1
1790787660,1294.826,1295.927,1294.583,1295.927,1294.694,0.62008265,7
1790787720,1295.927,1295.927,1295.927,1295.927,0.000,0.0,0
1790787780,1296.997,1296.997,1296.919,1296.919,1296.926,0.29825139,2
1790787840,1299.315,1299.357,1298.472,1298.472,1299.025,0.36578707,10
1790787900,1294.509,1294.509,1294.381,1294.381,1294.403,0.16535433,3
1790787960,1294.519,1294.519,1294.519,1294.519,1294.519,0.10056507,1
1790788020,1294.519,1294.519,1294.519,1294.519,0.000,0.0,0
1790788080,1294.519,1294.519,1294.519,1294.519,0.000,0.0,0
1790788140,1297.063,1297.063,1295.327,1296.808,1296.318,6.43940287,18
1790788200,1296.34,1296.34,1296.34,1296.34,1296.340,0.0278,1
1790788260,1295.752,1295.752,1292.265,1292.265,1293.651,0.72026602,7
1790788320,1292.658,1292.658,1292.523,1292.523,1292.648,0.58993975,9
1790788380,1292.338,1292.338,1291.485,1292.281,1291.585,1.50655384,7
1790788440,1294.047,1294.047,1292.551,1293.866,1293.185,0.10970642,4
1790788500,1290.053,1290.053,1286.452,1286.452,1288.212,1.48985744,11
1790788560,1285.957,1285.957,1284.812,1285.437,1284.884,1.22136597,6
1790788620,1286.968,1286.968,1285.71,1285.71,1286.151,13.32474835,24
1790788680,1287.742,1289.93,1287.742,1289.93,1288.302,2.08204024,7
1790788740,1289.93,1289.93,1289.93,1289.93,0.000,0.0,0
1790788800,1289.93,1289.93,1289.93,1289.93,0.000,0.0,0
1790788860,1289.93,1289.93,1289.93,1289.93,0.000,0.0,0
1790788920,1288.887,1290.042,1288.887,1290.042,1289.262,0.72987965,3
1790788980,1290.042,1290.042,1290.042,1290.042,0.000,0.0,0
1790789040,1290.042,1290.042,1290.042,1290.042,0.000,0.0,0
1790789100,1286.106,1286.182,1284.537,1284.537,1285.550,3.68593884,8
1790789160,1283.949,1284.029,1278.757,1278.757,1282.472,1.74150839,9
1790789220,1284.817,1285.219,1284.798,1285.219,1285.084,0.88218486,7
1790789280,1285.31,1285.31,1282.683,1282.683,1284.393,1.91297695,7
1790789340,1286.353,1286.353,1286.352,1286.352,1286.352,1.31500482,2
1790789400,1286.14,1286.14,1283.921,1283.921,1284.921,3.05571364,8
1790789460,1283.921,1283.921,1283.921,1283.921,0.000,0.0,0
1790789520,1283.0,1283.0,1283.0,1283.0,1283.000,0.38971161,1
1790789580,1283.0,1283.0,1283.0,1283.0,0.000,0.0,0
1790789640,1281.074,1281.465,1281.073,1281.465,1281.082,1.13072189,4
1790789700,1281.465,1281.465,1281.465,1281.465,0.000,0.0,0
1790789760,1281.465,1281.465,1281.465,1281.465,0.000,0.0,0
1790789820,1279.429,1279.429,1276.916,1276.916,1278.574,3.49990323,9
1790789880,1277.126,1277.252,1275.531,1276.053,1277.083,0.5028,4
1790789940,1277.654,1280.983,1277.401,1278.441,1279.395,1.22132999,20
1790790000,1277.578,1277.578,1274.635,1274.635,1275.761,2.37052929,10
1790790060,1274.315,1274.315,1274.315,1274.315,1274.315,0.01,1
1790790120,1275.973,1275.973,1275.973,1275.973,1275.973,0.0278,1
1790790180,1276.279,1276.279,1276.279,1276.279,1276.279,0.01,1
1790790240,1275.766,1275.766,1275.0,1275.0,1275.155,0.67788039,5
1790790300,1274.313,1274.313,1272.455,1272.455,1273.565,0.16208333,6
1790790360,1275.357,1276.509,1275.357,1276.125,1275.636,0.11,11
1790790420,1280.14,1280.142,1280.14,1280.142,1280.141,0.27370412,2
1790790480,1280.142,1280.142,1280.142,1280.142,0.000,0.0,0
1790790540,1280.142,1280.142,1280.142,1280.142,0.000,0.0,0
1790790600,1281.065,1281.329,1280.824,1280.824,1281.061,0.33269549,4
1790790660,1280.824,1280.824,1280.824,1280.824,0.000,0.0,0
1790790720,1277.205,1277.205,1277.205,1277.205,1277.205,0.27417708,1
1790790780,1277.205,1277.205,1277.205,1277.205,0.000,0.0,0
1790790840,1277.205,1277.205,1277.205,1277.205,0.000,0.0,0
1790790900,1272.0,1272.0,1272.0,1272.0,1272.000,0.07861636,1
1790790960,1272.351,1273.245,1272.351,1272.351,1272.767,0.1378,12
1790791020,1272.351,1272.351,1272.351,1272.351,0.000,0.0,0
1790791080,1276.394,1276.394,1275.636,1275.636,1275.948,5.0,12
1790791140,1275.636,1275.636,1275.636,1275.636,0.000,0.0,0
1790791200,1277.422,1278.61,1277.422,1278.312,1278.566,7.19480674,16
1790791260,1278.312,1278.312,1278.312,1278.312,0.000,0.0,0
1790791320,1278.312,1278.312,1278.312,1278.312,0.000,0.0,0
1790791380,1278.312,1278.312,1278.312,1278.312,0.000,0.0,0
1790791440,1278.396,1278.396,1276.921,1276.921,1276.972,1.64652825,11
1790791500,1274.673,1274.928,1274.673,1274.928,1274.885,0.16600778,3
1790791560,1271.4,1271.541,1270.0,1270.0,1271.037,1.14591023,9
1790791620,1271.143,1272.129,1269.0,1269.127,1271.702,5.13440221,17
1790791680,1267.535,1267.535,1267.152,1267.152,1267.470,0.39682882,3
1790791740,1267.152,1267.152,1267.152,1267.152,0.000,0.0,0
1790791800,1270.676,1270.801,1270.676,1270.801,1270.780,0.17238245,2
1790791860,1268.544,1268.544,1268.418,1268.418,1268.442,0.27433101,4
1790791920,1267.137,1267.137,1267.137,1267.137,1267.137,0.0278,1
1790791980,1268.001,1268.001,1268.001,1268.001,1268.001,0.02717272,1
1790792040,1267.699,1268.311,1266.0,1266.0,1268.127,1.10678895,5
1790792100,1264.17,1265.171,1264.17,1265.171,1264.516,0.15063981,3
1790792160,1265.171,1265.171,1265.171,1265.171,0.000,0.0,0
1790792220,1265.171,1265.171,1265.171,1265.171,0.000,0.0,0
1790792280,1265.171,1265.171,1265.171,1265.171,0.000,0.0,0
1790792340,1267.215,1267.215,1267.215,1267.215,1267.215,0.02,2
1790792400,1267.215,1267.215,1267.215,1267.215,0.000,0.0,0
1790792460,1265.922,1265.922,1265.922,1265.922,1265.922,0.0278,1
1790792520,1265.922,1265.922,1265.922,1265.922,0.000,0.0,0
1790792580,1265.922,1265.922,1265.922,1265.922,0.000,0.0,0
1790792640,1266.619,1266.619,1266.619,1266.619,1266.619,0.01,1
1790792700,1265.442,1265.442,1263.257,1263.257,1264.536,0.13,13
1790792760,1263.13,1263.13,1262.714,1262.993,1262.895,0.0656,3
1790792820,1262.453,1263.053,1262.105,1263.053,1262.580,0.1556,12
1790792880,1264.462,1264.587,1263.866,1263.866,1264.372,1.41823023,16
1790792940,1263.866,1263.866,1263.866,1263.866,0.000,0.0,0
1790793000,1266.411,1266.821,1266.341,1266.821,1266.443,0.0656,3
1790793060,1270.197,1270.197,1270.196,1270.196,1270.196,0.0378,2
1790793120,1266.718,1266.718,1266.209,1266.209,1266.343,0.0378,2
1790793180,1264.705,1264.705,1262.695,1262.798,1263.319,0.3878,37
1790793240,1262.798,1262.798,1261.832,1262.001,1262.230,0.21483931,12
1790793300,1262.106,1262.106,1261.138,1261.138,1261.709,0.12,12
1790793360,1260.741,1261.115,1260.254,1260.254,1260.498,0.17552901,7
1790793420,1258.716,1258.716,1258.293,1258.293,1258.570,1.95532495,3
1790793480,1257.978,1258.873,1256.544,1257.057,1257.525,2.73115009,43
1790793540,1256.782,1256.782,1256.171,1256.507,1256.562,1.93078444,10
1790793600,1256.212,1256.379,1256.211,1256.379,1256.325,0.27247744,6
1790793660,1254.247,1254.247,1254.0,1254.0,1254.082,0.25894716,5
1790793720,1254.0,1254.0,1254.0,1254.0,0.000,0.0,0
1790793780,1254.0,1254.0,1254.0,1254.0,0.000,0.0,0
1790793840,1254.0,1254.0,1254.0,1254.0,0.000,0.0,0
1790793900,1251.286,1253.722,1250.6,1253.722,1252.921,15.81873018,62
1790793960,1250.0,1250.172,1249.039,1249.5,1249.776,0.4212,9
1790794020,1248.83,1249.275,1248.58,1248.58,1248.704,0.963904,10
1790794080,1247.001,1247.001,1247.0,1247.0,1247.000,0.09019247,2
1790794140,1247.986,1248.0,1245.697,1245.92,1247.992,5.9478,14
1790794200,1246.206,1250.29,1246.206,1248.826,1248.763,0.90150592,11
1790794260,1249.922,1249.922,1247.752,1247.752,1249.347,0.0378,2
1790794320,1247.52,1247.52,1247.52,1247.52,1247.520,0.01,1
1790794380,1249.782,1249.782,1247.741,1247.741,1247.953,1.70571632,5
1790794440,1248.047,1248.047,1248.047,1248.047,1248.047,0.01,1
1790794500,1249.653,1249.735,1248.885,1249.023,1249.201,0.16363315,15
1790794560,1250.688,1251.225,1250.688,1251.225,1250.956,0.02,2
1790794620,1252.957,1254.315,1250.812,1252.018,1253.849,13.58515158,42
1790794680,1252.018,1254.212,1251.945,1253.668,1252.860,0.11,11
1790794740,1253.692,1255.418,1253.001,1253.001,1254.947,3.3678,16
1790794800,1253.005,1253.005,1253.0,1253.0,1253.000,16.88746987,6
1790794860,1249.788,1254.11,1249.021,1253.929,1249.844,9.40154226,21
1790794920,1253.929,1253.929,1253.929,1253.929,0.000,0.0,0
1790794980,1254.187,1254.187,1253.935,1253.935,1254.061,0.20701605,5
1790795040,1253.935,1253.935,1253.935,1253.935,0.000,0.0,0
1790795100,1253.044,1253.096,1252.844,1252.844,1253.021,0.18550461,3
1790795160,1252.844,1252.844,1252.844,1252.844,0.000,0.0,0
1790795220,1252.173,1252.706,1251.686,1252.706,1252.105,0.0878,7
1790795280,1252.507,1252.507,1252.507,1252.507,1252.507,0.0278,1
1790795340,1250.769,1252.051,1250.502,1250.628,1251.548,0.25308772,8
1790795400,1250.0,1250.226,1248.797,1249.039,1249.697,0.31708286,13
1790795460,1248.663,1248.663,1247.692,1247.692,1248.028,1.31548713,6
1790795520,1246.802,1247.797,1246.339,1247.797,1246.743,1.23746189,9
1790795580,1248.175,1250.253,1247.84,1250.253,1248.918,0.1078,9
1790795640,1249.612,1249.612,1248.649,1248.649,1249.413,1.84866352,4
1790795700,1248.197,1249.287,1248.197,1249.287,1248.741,0.16010616,2
1790795760,1250.09,1250.091,1250.09,1250.091,1250.090,0.23998255,2
1790795820,1248.42,1249.309,1248.394,1248.395,1249.205,0.7384,5
1790795880,1248.395,1248.395,1248.395,1248.395,0.000,0.0,0
1790795940,1248.395,1248.395,1248.395,1248.395,0.000,0.0,0
1790796000,1248.395,1248.395,1248.395,1248.395,0.000,0.0,0
1790796060,1253.595,1253.776,1253.595,1253.776,1253.676,0.06586729,3
1790796120,1253.581,1253.581,1253.581,1253.581,1253.581,0.0278,1
1790796180,1253.581,1253.581,1253.581,1253.581,0.000,0.0,0
1790796240,1253.581,1253.581,1253.581,1253.581,0.000,0.0,0
1790796300,1253.581,1253.581,1253.581,1253.581,0.000,0.0,0
1790796360,1252.613,1252.614,1250.694,1250.694,1252.056,0.88586575,6
1790796420,1250.694,1250.694,1250.694,1250.694,0.000,0.0,0
1790796480,1251.847,1251.971,1251.847,1251.971,1251.956,0.23157361,2
1790796540,1251.971,1251.971,1251.971,1251.971,0.000,0.0,0
1790796600,1251.971,1251.971,1251.971,1251.971,0.000,0.0,0
1790796660,1251.971,1251.971,1251.971,1251.971,0.000,0.0,0
1790796720,1251.971,1251.971,1251.971,1251.971,0.000,0.0,0
1790796780,1257.748,1257.886,1257.748,1257.886,1257.817,0.0556,2
1790796840,1257.122,1257.122,1257.122,1257.122,1257.122,0.13904219,1
1790796900,1258.651,1260.0,1258.651,1259.523,1259.956,9.86458865,13
1790796960,1259.523,1259.523,1259.523,1259.523,0.000,0.0,0
1790797020,1258.975,1258.975,1258.975,1258.975,1258.975,0.10143724,1
1790797080,1259.541,1260.113,1259.416,1260.113,1259.461,0.81765036,4
1790797140,1260.201,1260.325,1258.275,1260.036,1259.581,0.68614288,8
1790797200,1259.951,1263.15,1259.951,1263.15,1262.726,8.42817512,15
1790797260,1260.693,1260.819,1260.566,1260.566,1260.670,0.14242768,4
1790797320,1260.752,1260.752,1260.752,1260.752,1260.752,0.0278,1
1790797380,1260.752,1260.752,1260.752,1260.752,0.000,0.0,0
1790797440,1261.613,1261.742,1261.613,1261.742,1261.731,0.51631102,6
1790797500,1261.742,1261.742,1261.742,1261.742,0.000,0.0,0
1790797560,1261.203,1261.203,1260.586,1260.586,1260.721,0.10316459,2
1790797620,1262.149,1262.149,1259.495,1259.495,1260.266,0.21329004,4
1790797680,1258.85,1258.85,1258.85,1258.85,1258.850,0.07285474,1
1790797740,1255.761,1255.761,1255.761,1255.761,1255.761,0.0278,1
1790797800,1254.888,1254.888,1254.888,1254.888,1254.888,0.05450429,1
1790797860,1249.596,1249.596,1247.853,1247.853,1248.226,0.35749089,4
1790797920,1247.853,1247.853,1247.853,1247.853,0.000,0.0,0
1790797980,1249.918,1249.918,1249.917,1249.917,1249.917,0.99207944,2
1790798040,1250.748,1250.748,1249.489,1249.563,1250.243,2.69855782,6
1790798100,1247.496,1252.743,1247.495,1252.743,1249.432,1.10087972,6
1790798160,1252.542,1252.542,1252.542,1252.542,1252.542,0.11794534,1
1790798220,1251.567,1251.852,1249.868,1251.401,1250.409,25.02739804,35
1790798280,1251.022,1251.433,1251.022,1251.433,1251.096,0.15385163,2
1790798340,1252.597,1252.722,1252.572,1252.573,1252.579,0.6234,4
1790798400,1252.726,1255.841,1252.726,1253.583,1254.229,1.77034964,10
1790798460,1253.964,1253.964,1250.955,1253.418,1252.986,0.4261322,10
1790798520,1253.418,1253.418,1253.418,1253.418,0.000,0.0,0
1790798580,1253.415,1253.415,1252.514,1252.514,1252.752,0.0378,2
1790798640,1252.62,1253.852,1252.155,1253.852,1252.800,0.40831525,8
1790798700,1253.509,1253.509,1251.878,1252.002,1252.322,0.17234894,6
1790798760,1252.426,1252.459,1249.771,1250.17,1250.306,4.42886618,15
1790798820,1252.568,1252.568,1250.873,1251.498,1252.050,0.77533072,11
1790798880,1251.974,1252.137,1251.802,1251.802,1251.933,0.71218011,6
1790798940,1253.1,1253.1,1252.716,1252.716,1252.757,0.70791825,2
1790799000,1252.719,1252.73,1251.317,1251.888,1252.006,6.68558256,18
1790799060,1252.648,1252.65,1251.683,1251.683,1252.541,0.65631493,8
1790799120,1250.852,1250.852,1250.839,1250.839,1250.845,0.1112,4
1790799180,1250.839,1250.839,1250.839,1250.839,0.000,0.0,0
1790799240,1253.867,1254.04,1253.742,1254.038,1253.920,0.10994581,4
1790799300,1254.038,1254.038,1254.038,1254.038,0.000,0.0,0
1790799360,1254.038,1254.038,1254.038,1254.038,0.000,0.0,0
1790799420,1253.825,1253.896,1252.703,1253.762,1253.747,0.98517634,6
1790799480,1253.762,1253.762,1253.762,1253.762,0.000,0.0,0
1790799540,1253.762,1253.762,1253.762,1253.762,0.000,0.0,0
1790799600,1258.0,1258.0,1258.0,1258.0,1258.000,0.0317965,1
1790799660,1257.734,1258.427,1257.39,1257.91,1257.617,0.67082381,12
1790799720,1258.638,1259.498,1257.987,1259.498,1258.725,1.93584043,12
1790799780,1261.321,1261.321,1259.635,1259.635,1260.662,0.29133881,5
1790799840,1259.635,1259.635,1259.635,1259.635,0.000,0.0,0
1790799900,1259.161,1259.502,1259.161,1259.502,1259.331,0.02,2
1790799960,1259.502,1259.502,1259.502,1259.502,0.000,0.0,0
1790800020,1260.039,1260.039,1260.039,1260.039,1260.039,0.0665,1
1790800080,1259.044,1259.044,1258.74,1258.74,1258.811,0.26590211,5
1790800140,1257.086,1257.086,1257.086,1257.086,1257.086,0.0278,1
1790800200,1257.086,1257.086,1257.086,1257.086,0.000,0.0,0
1790800260,1257.086,1257.086,1257.086,1257.086,0.000,0.0,0
1790800320,1253.946,1253.946,1253.946,1253.946,1253.946,0.0278,1
1790800380,1253.629,1253.629,1253.344,1253.466,1253.475,0.70980569,4
1790800440,1256.099,1256.242,1255.228,1256.242,1256.052,0.92088704,7
1790800500,1256.082,1256.517,1255.783,1255.783,1256.498,0.90153011,6
1790800560,1256.31,1256.31,1256.31,1256.31,1256.310,0.07960553,1
1790800620,1256.69,1256.69,1256.69,1256.69,1256.690,0.0278,1
1790800680,1256.686,1256.686,1256.095,1256.095,1256.100,1.37786771,3
1790800740,1256.178,1257.985,1255.95,1257.985,1256.225,0.95177844,10
1790800800,1257.803,1257.803,1257.122,1257.564,1257.135,1.41456056,6
1790800860,1256.544,1256.544,1256.544,1256.544,1256.544,0.84200096,1
1790800920,1256.544,1256.544,1256.544,1256.544,0.000,0.0,0
1790800980,1256.544,1256.544,1256.544,1256.544,0.000,0.0,0
1790801040,1256.544,1256.544,1256.544,1256.544,0.000,0.0,0
1790801100,1256.544,1256.544,1256.544,1256.544,0.000,0.0,0
1790801160,1257.357,1257.481,1257.357,1257.481,1257.466,0.23888508,2
1790801220,1257.481,1257.481,1257.481,1257.481,0.000,0.0,0
1790801280,1257.001,1257.126,1254.011,1254.011,1256.430,1.69855629,11
1790801340,1253.203,1253.203,1252.632,1252.632,1252.739,0.14811905,2
1790801400,1253.689,1253.845,1252.446,1253.018,1252.665,0.28674664,7
1790801460,1252.311,1253.918,1252.31,1253.918,1252.581,0.165,3
1790801520,1255.227,1255.796,1255.227,1255.796,1255.478,0.51109646,3
1790801580,1255.796,1255.796,1255.796,1255.796,0.000,0.0,0
1790801640,1255.796,1255.796,1255.796,1255.796,0.000,0.0,0
1790801700,1253.86,1253.86,1253.52,1253.52,1253.690,0.0556,2
1790801760,1253.52,1253.52,1253.52,1253.52,0.000,0.0,0
1790801820,1253.52,1253.52,1253.52,1253.52,0.000,0.0,0
1790801880,1253.52,1253.52,1253.52,1253.52,0.000,0.0,0
1790801940,1255.515,1256.402,1255.515,1255.705,1255.961,0.1456,11
1790802000,1256.027,1257.437,1255.968,1255.968,1256.788,0.51074936,26
1790802060,1256.594,1256.604,1256.221,1256.221,1256.406,0.22010192,3
1790802120,1256.346,1256.763,1256.346,1256.702,1256.670,0.35005492,4
1790802180,1256.702,1256.702,1256.702,1256.702,0.000,0.0,0
1790802240,1258.665,1258.665,1258.582,1258.582,1258.623,0.02,2
1790802300,1258.317,1258.317,1257.033,1257.321,1257.507,0.0978,8
1790802360,1256.242,1256.242,1256.242,1256.242,1256.242,0.01,1
1790802420,1256.235,1256.235,1254.565,1254.565,1255.275,0.05,5
1790802480,1253.907,1253.907,1252.816,1252.816,1252.907,0.18216779,4
1790802540,1251.733,1251.733,1251.733,1251.733,1251.733,0.0278,1
1790802600,1252.43,1252.43,1252.392,1252.392,1252.395,0.65037634,4
1790802660,1252.392,1252.392,1252.392,1252.392,0.000,0.0,0
1790802720,1254.126,1255.63,1254.126,1255.63,1254.752,8.97681111,13
1790802780,1255.111,1255.111,1254.955,1254.955,1254.978,0.62510082,3
1790802840,1253.294,1253.372,1252.961,1253.113,1253.154,0.09549412,4
1790802900,1253.113,1253.113,1253.113,1253.113,0.000,0.0,0
1790802960,1250.989,1252.673,1250.989,1252.673,1251.399,3.80204633,10
1790803020,1252.673,1252.673,1252.673,1252.673,0.000,0.0,0
1790803080,1253.846,1253.846,1253.296,1253.296,1253.571,0.0556,2
1790803140,1253.498,1253.498,1253.498,1253.498,1253.498,0.01709778,1
1790803200,1251.344,1251.816,1251.344,1251.816,1251.627,0.0492052,3
1790803260,1253.658,1253.658,1252.418,1252.418,1252.877,0.06948437,5
1790803320,1252.104,1252.104,1251.532,1252.053,1251.695,0.18430609,6
1790803380,1252.054,1253.309,1252.054,1253.309,1252.083,0.53898206,2
1790803440,1253.309,1253.309,1253.309,1253.309,0.000,0.0,0
1790803500,1253.309,1253.309,1253.309,1253.309,0.000,0.0,0
1790803560,1251.749,1251.749,1251.749,1251.749,1251.749,0.01048852,1
1790803620,1251.749,1251.749,1251.749,1251.749,0.000,0.0,0
1790803680,1251.749,1251.749,1251.749,1251.749,0.000,0.0,0
1790803740,1250.0,1251.93,1250.0,1251.93,1250.131,0.146544,2
1790803800,1251.93,1251.93,1251.93,1251.93,0.000,0.0,0
1790803860,1248.426,1248.426,1247.649,1247.649,1247.692,8.1723026,6
1790803920,1247.347,1247.347,1247.347,1247.347,1247.347,0.07353998,1
1790803980,1247.926,1247.926,1247.925,1247.925,1247.925,1.0248758,2
1790804040,1249.155,1249.317,1249.155,1249.317,1249.300,0.80044774,2
1790804100,1249.317,1249.317,1249.317,1249.317,0.000,0.0,0
1790804160,1249.317,1249.317,1249.317,1249.317,0.000,0.0,0
1790804220,1249.317,1249.317,1249.317,1249.317,0.000,0.0,0
1790804280,1249.317,1249.317,1249.317,1249.317,0.000,0.0,0
1790804340,1249.317,1249.317,1249.317,1249.317,0.000,0.0,0
1790804400,1251.388,1251.388,1251.388,1251.388,1251.388,0.31536554,1
1790804460,1251.388,1251.388,1251.388,1251.388,0.000,0.0,0
1790804520,1251.388,1251.388,1251.388,1251.388,0.000,0.0,0
1790804580,1251.388,1251.388,1251.388,1251.388,0.000,0.0,0
1790804640,1254.09,1254.09,1252.942,1252.942,1253.669,2.39197126,3
1790804700,1252.942,1252.942,1252.942,1252.942,0.000,0.0,0
1790804760,1252.942,1252.942,1252.942,1252.942,0.000,0.0,0
1790804820,1252.942,1252.942,1252.942,1252.942,0.000,0.0,0
1790804880,1252.942,1252.942,1252.942,1252.942,0.000,0.0,0
1790804940,1252.942,1252.942,1252.942,1252.942,0.000,0.0,0
1790805000,1252.942,1252.942,1252.942,1252.942,0.000,0.0,0
1790805060,1251.329,1251.329,1251.328,1251.328,1251.328,0.15228292,2
1790805120,1250.977,1250.977,1250.977,1250.977,1250.977,0.02509808,1
1790805180,1252.409,1252.409,1252.408,1252.408,1252.408,0.72798998,2
1790805240,1252.408,1252.408,1252.408,1252.408,0.000,0.0,0
1790805300,1252.408,1252.408,1252.408,1252.408,0.000,0.0,0
1790805360,1252.408,1252.408,1252.408,1252.408,0.000,0.0,0
1790805420,1252.408,1252.408,1252.408,1252.408,0.000,0.0,0
1790805480,1250.765,1250.765,1250.764,1250.764,1250.764,8.27260975,3
1790805540,1250.764,1250.764,1250.764,1250.764,0.000,0.0,0
1790805600,1250.764,1250.764,1250.764,1250.764,0.000,0.0,0
1790805660,1250.764,1250.764,1250.764,1250.764,0.000,0.0,0
1790805720,1250.764,1250.764,1250.764,1250.764,0.000,0.0,0
1790805780,1248.585,1248.585,1248.091,1248.091,1248.286,0.23324398,2
1790805840,1245.876,1245.876,1239.2,1239.2,1239.636,8.41567025,19
1790805900,1239.2,1239.2,1239.2,1239.2,0.000,0.0,0
1790805960,1238.001,1238.001,1232.625,1232.625,1236.182,8.61594614,19
1790806020,1232.625,1232.625,1232.625,1232.625,0.000,0.0,0
1790806080,1239.388,1239.388,1239.388,1239.388,1239.388,0.4649,1
1790806140,1239.388,1239.388,1239.388,1239.388,0.000,0.0,0
1790806200,1242.15,1242.935,1242.15,1242.935,1242.891,0.2117,2
1790806260,1242.935,1242.935,1242.935,1242.935,0.000,0.0,0
1790806320,1242.935,1242.935,1242.935,1242.935,0.000,0.0,0
1790806380,1242.935,1242.935,1242.935,1242.935,0.000,0.0,0
1790806440,1242.935,1242.935,1242.935,1242.935,0.000,0.0,0
1790806500,1242.935,1242.935,1242.935,1242.935,0.000,0.0,0
1790806560,1248.368,1248.368,1248.368,1248.368,1248.368,0.11852442,1
1790806620,1250.297,1250.297,1250.297,1250.297,1250.297,0.09728736,1
1790806680,1250.297,1250.297,1250.297,1250.297,0.000,0.0,0
1790806740,1251.033,1251.033,1251.028,1251.028,1251.031,1.19308587,3
1790806800,1251.967,1251.967,1251.967,1251.967,1251.967,0.0798,1
1790806860,1252.104,1252.104,1252.102,1252.102,1252.102,1.96039349,3
1790806920,1253.0,1253.0,1253.0,1253.0,1253.000,2.0,1
1790806980,1256.811,1256.811,1256.811,1256.811,1256.811,0.01,1
1790807040,1254.897,1254.897,1254.891,1254.891,1254.891,1.16704828,2
1790807100,1255.426,1257.172,1255.426,1257.172,1257.028,1.94222399,2
1790807160,1257.172,1257.172,1257.172,1257.172,0.000,0.0,0
1790807220,1257.172,1257.172,1257.172,1257.172,0.000,0.0,0
1790807280,1257.172,1257.172,1257.172,1257.172,0.000,0.0,0
1790807340,1259.299,1259.299,1259.298,1259.298,1259.298,0.2,2
1790807400,1260.0,1260.329,1260.0,1260.329,1260.096,0.58947923,3
1790807460,1260.329,1260.329,1260.329,1260.329,0.000,0.0,0
1790807520,1260.329,1260.329,1260.329,1260.329,0.000,0.0,0
1790807580,1260.329,1260.329,1260.329,1260.329,0.000,0.0,0
1790807640,1260.968,1260.968,1260.968,1260.968,1260.968,0.9206216,1
1790807700,1261.662,1261.662,1261.661,1261.661,1261.661,5.0986192,3
1790807760,1261.661,1261.661,1261.661,1261.661,0.000,0.0,0
1790807820,1261.661,1261.661,1261.661,1261.661,0.000,0.0,0
1790807880,1261.661,1261.661,1261.661,1261.661,0.000,0.0,0
1790807940,1262.026,1262.026,1262.025,1262.025,1262.025,0.94942802,2
1790808000,1263.922,1264.522,1263.922,1264.522,1264.176,0.15665141,2
1790808060,1265.513,1265.513,1263.509,1264.297,1263.977,6.34859663,8
1790808120,1265.001,1265.001,1265.0,1265.0,1265.000,1.83725184,2
1790808180,1265.0,1265.0,1265.0,1265.0,0.000,0.0,0
1790808240,1265.0,1265.0,1265.0,1265.0,0.000,0.0,0
1790808300,1265.0,1265.0,1265.0,1265.0,0.000,0.0,0
1790808360,1265.0,1265.0,1265.0,1265.0,0.000,0.0,0
1790808420,1264.625,1264.625,1264.625,1264.625,1264.625,0.10951736,1
1790808480,1262.838,1263.447,1262.408,1262.408,1263.320,1.09583618,4
1790808540,1264.036,1264.036,1263.607,1263.607,1263.621,2.8409672,2
1790808600,1263.565,1263.77,1263.565,1263.77,1263.761,2.10440287,4
1790808660,1264.501,1264.501,1264.501,1264.501,1264.501,0.01339536,1
1790808720,1264.064,1264.064,1264.064,1264.064,1264.064,0.80290861,1
1790808780,1264.064,1264.064,1264.064,1264.064,0.000,0.0,0
1790808840,1264.064,1264.064,1264.064,1264.064,0.000,0.0,0
1790808900,1265.225,1265.225,1265.225,1265.225,1265.225,0.15807466,1
1790808960,1265.225,1265.225,1265.225,1265.225,0.000,0.0,0
1790809020,1265.225,1265.225,1265.225,1265.225,0.000,0.0,0
1790809080,1263.202,1263.202,1263.202,1263.202,1263.202,0.09716743,1
1790809140,1263.202,1263.202,1263.202,1263.202,0.000,0.0,0
1790809200,1263.202,1263.202,1263.202,1263.202,0.000,0.0,0
1790809260,1264.85,1264.85,1264.85,1264.85,1264.850,0.0802396,1
1790809320,1264.85,1264.85,1264.85,1264.85,0.000,0.0,0
1790809380,1268.193,1272.816,1267.88,1272.816,1271.099,6.41345245,15
1790809440,1271.097,1271.097,1271.097,1271.097,1271.097,0.0786722,1
1790809500,1271.097,1271.097,1271.097,1271.097,0.000,0.0,0
1790809560,1270.502,1270.502,1269.742,1269.742,1270.166,0.17641236,2
1790809620,1266.652,1266.652,1266.263,1266.263,1266.291,0.90049941,2
1790809680,1266.34,1266.34,1265.103,1265.103,1265.704,1.49076692,4
1790809740,1265.104,1265.104,1265.104,1265.104,1265.104,0.01,1
1790809800,1265.104,1265.104,1265.104,1265.104,0.000,0.0,0
1790809860,1265.104,1265.104,1265.104,1265.104,0.000,0.0,0
1790809920,1265.104,1265.104,1265.104,1265.104,0.000,0.0,0
1790809980,1265.104,1265.104,1265.104,1265.104,0.000,0.0,0
1790810040,1270.371,1270.371,1270.371,1270.371,1270.371,0.06736433,1
1790810100,1270.371,1270.371,1270.371,1270.371,0.000,0.0,0
1790810160,1270.165,1270.293,1270.165,1270.293,1270.186,0.22075293,2
1790810220,1270.293,1270.293,1270.293,1270.293,0.000,0.0,0
1790810280,1270.293,1270.293,1270.293,1270.293,0.000,0.0,0
1790810340,1270.207,1270.207,1270.207,1270.207,1270.207,0.08219408,1
1790810400,1270.207,1270.207,1270.207,1270.207,0.000,0.0,0
1790810460,1272.931,1275.0,1272.931,1273.842,1274.116,1.46693812,8
1790810520,1273.842,1273.842,1273.842,1273.842,0.000,0.0,0
1790810580,1273.204,1273.204,1273.204,1273.204,1273.204,0.0682974,1
1790810640,1273.204,1273.204,1273.204,1273.204,0.000,0.0,0
1790810700,1273.204,1273.204,1273.204,1273.204,0.000,0.0,0
1790810760,1272.826,1272.826,1272.826,1272.826,1272.826,0.09222539,1
1790810820,1272.826,1272.826,1272.826,1272.826,0.000,0.0,0
1790810880,1272.826,1272.826,1272.826,1272.826,0.000,0.0,0
1790810940,1272.826,1272.826,1272.826,1272.826,0.000,0.0,0
1790811000,1272.826,1272.826,1272.826,1272.826,0.000,0.0,0
1790811060,1270.495,1270.495,1270.495,1270.495,1270.495,0.01967737,1
1790811120,1268.369,1268.369,1268.369,1268.369,1268.369,0.0682974,1
1790811180,1268.369,1268.369,1268.369,1268.369,0.000,0.0,0
1790811240,1268.369,1268.369,1268.369,1268.369,0.000,0.0,0
1790811300,1268.369,1268.369,1268.369,1268.369,0.000,0.0,0
1790811360,1268.369,1268.369,1268.369,1268.369,0.000,0.0,0
1790811420,1268.369,1268.369,1268.369,1268.369,0.000,0.0,0
1790811480,1268.369,1268.369,1268.369,1268.369,0.000,0.0,0
1790811540,1268.369,1268.369,1268.369,1268.369,0.000,0.0,0
1790811600,1268.369,1268.369,1268.369,1268.369,0.000,0.0,0
1790811660,1268.369,1268.369,1268.369,1268.369,0.000,0.0,0
1790811720,1268.369,1268.369,1268.369,1268.369,0.000,0.0,0
1790811780,1268.369,1268.369,1268.369,1268.369,0.000,0.0,0
1790811840,1268.369,1268.369,1268.369,1268.369,0.000,0.0,0
1790811900,1268.369,1268.369,1268.369,1268.369,0.000,0.0,0
1790811960,1268.369,1268.369,1268.369,1268.369,0.000,0.0,0
1790812020,1268.369,1268.369,1268.369,1268.369,0.000,0.0,0
1790812080,1268.369,1268.369,1268.369,1268.369,0.000,0.0,0
1790812140,1268.369,1268.369,1268.369,1268.369,0.000,0.0,0
1790812200,1268.369,1268.369,1268.369,1268.369,0.000,0.0,0
1790812260,1267.783,1267.783,1267.781,1267.781,1267.781,0.36901612,2
1790812320,1267.781,1267.781,1267.781,1267.781,0.000,0.0,0
1790812380,1267.781,1267.781,1267.781,1267.781,0.000,0.0,0
1790812440,1267.781,1267.781,1267.781,1267.781,0.000,0.0,0
1790812500,1267.781,1267.781,1267.781,1267.781,0.000,0.0,0
1790812560,1267.781,1267.781,1267.781,1267.781,0.000,0.0,0
1790812620,1268.176,1268.176,1268.176,1268.176,1268.176,0.16398692,4
1790812680,1268.813,1268.813,1268.813,1268.813,1268.813,0.70663,1
1790812740,1268.813,1268.813,1268.813,1268.813,0.000,0.0,0
1790812800,1269.954,1269.954,1269.954,1269.954,1269.954,2.01894301,1
1790812860,1268.668,1268.668,1268.668,1268.668,1268.668,0.83508342,1
1790812920,1268.668,1268.668,1268.668,1268.668,0.000,0.0,0
1790812980,1268.668,1268.668,1268.668,1268.668,0.000,0.0,0
1790813040,1268.668,1268.668,1268.668,1268.668,0.000,0.0,0
1790813100,1268.668,1268.668,1268.668,1268.668,0.000,0.0,0
1790813160,1268.668,1268.668,1268.668,1268.668,0.000,0.0,0
1790813220,1268.668,1268.668,1268.668,1268.668,0.000,0.0,0
1790813280,1266.76,1266.76,1266.76,1266.76,1266.760,0.0789405,1
1790813340,1265.873,1265.873,1265.676,1265.676,1265.772,0.15552747,2
1790813400,1265.231,1265.231,1264.067,1264.067,1264.908,0.18529926,3
1790813460,1265.338,1265.338,1265.338,1265.338,1265.338,0.05477074,1
1790813520,1267.421,1267.421,1267.421,1267.421,1267.421,0.54948586,2
1790813580,1267.421,1267.421,1267.421,1267.421,0.000,0.0,0
1790813640,1266.723,1266.723,1266.62,1266.62,1266.671,0.15789412,2
1790813700,1266.62,1266.62,1266.62,1266.62,0.000,0.0,0
1790813760,1267.143,1267.143,1256.436,1256.436,1262.195,132.50261867,48
1790813820,1256.668,1257.954,1256.334,1256.669,1257.072,68.14027933,77
1790813880,1256.71,1256.99,1255.603,1256.745,1256.341,20.01519827,33
1790813940,1254.843,1255.309,1254.109,1254.714,1255.139,21.08811117,28
1790814000,1254.814,1257.0,1253.594,1257.0,1254.759,4.69281392,9
1790814060,1257.729,1259.226,1257.729,1259.226,1258.672,2.08523637,3
1790814120,1255.775,1255.775,1255.775,1255.775,1255.775,0.29404063,1
1790814180,1254.82,1254.82,1254.598,1254.598,1254.710,1.342893,2
1790814240,1256.041,1256.041,1256.041,1256.041,1256.041,0.65137093,1
1790814300,1256.041,1256.041,1256.041,1256.041,0.000,0.0,0
1790814360,1256.041,1256.041,1256.041,1256.041,0.000,0.0,0
1790814420,1256.041,1256.041,1256.041,1256.041,0.000,0.0,0
1790814480,1256.041,1256.041,1256.041,1256.041,0.000,0.0,0
1790814540,1256.041,1256.041,1256.041,1256.041,0.000,0.0,0
1790814600,1256.041,1256.041,1256.041,1256.041,0.000,0.0,0
1790814660,1256.041,1256.041,1256.041,1256.041,0.000,0.0,0
1790814720,1256.041,1256.041,1256.041,1256.041,0.000,0.0,0
1790814780,1255.229,1255.229,1255.229,1255.229,1255.229,0.80044774,1
1790814840,1255.229,1255.229,1255.229,1255.229,0.000,0.0,0
1790814900,1255.229,1255.229,1255.229,1255.229,0.000,0.0,0
1790814960,1255.229,1255.229,1255.229,1255.229,0.000,0.0,0
1790815020,1255.229,1255.229,1255.229,1255.229,0.000,0.0,0
1790815080,1255.229,1255.229,1255.229,1255.229,0.000,0.0,0
1790815140,1255.229,1255.229,1255.229,1255.229,0.000,0.0,0
1790815200,1255.229,1255.229,1255.229,1255.229,0.000,0.0,0
1790815260,1255.229,1255.229,1255.229,1255.229,0.000,0.0,0
1790815320,1255.229,1255.229,1255.229,1255.229,0.000,0.0,0
1790815380,1255.229,1255.229,1255.229,1255.229,0.000,0.0,0
1790815440,1255.229,1255.229,1255.229,1255.229,0.000,0.0,0
1790815500,1255.229,1255.229,1255.229,1255.229,0.000,0.0,0
1790815560,1255.229,1255.229,1255.229,1255.229,0.000,0.0,0
1790815620,1255.229,1255.229,1255.229,1255.229,0.000,0.0,0
1790815680,1255.229,1255.229,1255.229,1255.229,0.000,0.0,0
1790815740,1257.836,1257.836,1256.942,1256.942,1257.700,2.10215797,2
1790815800,1256.942,1256.942,1256.942,1256.942,0.000,0.0,0
1790815860,1256.942,1256.942,1256.942,1256.942,0.000,0.0,0
1790815920,1256.942,1256.942,1256.942,1256.942,0.000,0.0,0
1790815980,1256.942,1256.942,1256.942,1256.942,0.000,0.0,0
1790816040,1256.942,1256.942,1256.942,1256.942,0.000,0.0,0
1790816100,1256.942,1256.942,1256.942,1256.942,0.000,0.0,0
1790816160,1256.942,1256.942,1256.942,1256.942,0.000,0.0,0
1790816220,1256.942,1256.942,1256.942,1256.942,0.000,0.0,0
1790816280,1256.942,1256.942,1256.942,1256.942,0.000,0.0,0
1790816340,1256.942,1256.942,1256.942,1256.942,0.000,0.0,0
1790816400,1256.942,1256.942,1256.942,1256.942,0.000,0.0,0
1790816460,1254.677,1254.677,1254.677,1254.677,1254.677,0.20184231,2
1790816520,1256.677,1257.109,1256.677,1257.109,1256.922,1.39966453,2
1790816580,1257.68,1257.68,1257.68,1257.68,1257.680,0.88010629,2
1790816640,1255.321,1255.321,1255.321,1255.321,1255.321,0.59063149,1
1790816700,1255.321,1255.321,1255.321,1255.321,0.000,0.0,0
1790816760,1255.321,1255.321,1255.321,1255.321,0.000,0.0,0
1790816820,1256.748,1256.748,1256.748,1256.748,1256.748,0.01591146,1
1790816880,1255.0,1255.0,1254.351,1254.351,1254.360,1.18913038,7
1790816940,1254.351,1254.351,1254.351,1254.351,0.000,0.0,0
1790817000,1254.351,1254.351,1254.351,1254.351,0.000,0.0,0
1790817060,1254.351,1254.351,1254.351,1254.351,0.000,0.0,0
1790817120,1254.351,1254.351,1254.351,1254.351,0.000,0.0,0
1790817180,1254.351,1254.351,1254.351,1254.351,0.000,0.0,0
1790817240,1254.351,1254.351,1254.351,1254.351,0.000,0.0,0
1790817300,1253.389,1253.396,1253.389,1253.396,1253.393,0.25075273,2
1790817360,1253.396,1253.396,1253.396,1253.396,0.000,0.0,0
1790817420,1253.396,1253.396,1253.396,1253.396,0.000,0.0,0
1790817480,1255.004,1255.004,1254.334,1254.334,1254.453,7.99535939,5
1790817540,1254.334,1254.334,1254.334,1254.334,0.000,0.0,0
1790817600,1254.334,1254.334,1254.334,1254.334,0.000,0.0,0
1790817660,1254.334,1254.334,1254.334,1254.334,0.000,0.0,0
1790817720,1254.334,1254.334,1254.334,1254.334,0.000,0.0,0
1790817780,1254.334,1254.334,1254.334,1254.334,0.000,0.0,0
1790817840,1254.334,1254.334,1254.334,1254.334,0.000,0.0,0
1790817900,1254.334,1254.334,1254.334,1254.334,0.000,0.0,0
1790817960,1258.344,1258.344,1258.343,1258.343,1258.343,0.58393733,2
1790818020,1258.343,1258.343,1258.343,1258.343,0.000,0.0,0
1790818080,1258.343,1258.343,1258.343,1258.343,0.000,0.0,0
1790818140,1258.343,1258.343,1258.343,1258.343,0.000,0.0,0
1790818200,1258.343,1258.343,1258.343,1258.343,0.000,0.0,0
1790818260,1249.225,1251.1,1249.225,1250.464,1251.071,2.8672469,4
1790818320,1250.464,1250.464,1250.464,1250.464,0.000,0.0,0
1790818380,1253.239,1253.239,1253.239,1253.239,1253.239,0.08495594,1
1790818440,1253.782,1253.782,1253.782,1253.782,1253.782,0.03987241,1
1790818500,1252.48,1252.901,1252.384,1252.901,1252.720,6.89025109,7
1790818560,1252.901,1252.901,1252.901,1252.901,0.000,0.0,0
1790818620,1252.072,1252.072,1252.072,1252.072,1252.072,0.78163611,1
1790818680,1252.072,1252.072,1252.072,1252.072,0.000,0.0,0
1790818740,1252.072,1252.072,1252.072,1252.072,0.000,0.0,0
1790818800,1253.563,1253.563,1253.085,1253.085,1253.252,0.20111794,8
1790818860,1253.215,1253.215,1252.647,1252.697,1252.731,0.92245866,9
1790818920,1252.697,1252.697,1252.697,1252.697,0.000,0.0,0
1790818980,1252.697,1252.697,1252.697,1252.697,0.000,0.0,0
1790819040,1252.801,1252.801,1252.801,1252.801,1252.801,0.03082526,1
1790819100,1252.801,1252.801,1252.801,1252.801,0.000,0.0,0
1790819160,1252.801,1252.801,1252.801,1252.801,0.000,0.0,0
1790819220,1252.801,1252.801,1252.801,1252.801,0.000,0.0,0
1790819280,1251.214,1251.214,1251.213,1251.213,1251.213,0.47231103,2
1790819340,1251.304,1251.304,1251.303,1251.303,1251.303,0.81301904,2
1790819400,1251.303,1251.303,1251.303,1251.303,0.000,0.0,0
1790819460,1251.303,1251.303,1251.303,1251.303,0.000,0.0,0
1790819520,1253.157,1253.157,1252.341,1252.342,1252.401,1.1035329,3
1790819580,1253.204,1253.204,1253.204,1253.204,1253.204,0.56724249,1
1790819640,1253.036,1253.036,1253.036,1253.036,1253.036,0.08834566,1
1790819700,1253.36,1254.506,1253.36,1254.506,1253.921,1.14060231,7
1790819760,1254.506,1254.506,1254.506,1254.506,0.000,0.0,0
1790819820,1254.506,1254.506,1254.506,1254.506,0.000,0.0,0
1790819880,1254.506,1254.506,1254.506,1254.506,0.000,0.0,0
1790819940,1251.955,1251.955,1251.954,1251.954,1251.954,0.9745985,2
1790820000,1253.379,1254.093,1253.379,1254.093,1253.384,1.39691612,3
1790820060,1253.8,1253.8,1253.8,1253.8,1253.800,0.01,1
1790820120,1253.8,1253.8,1253.8,1253.8,0.000,0.0,0
1790820180,1253.8,1253.8,1253.8,1253.8,0.000,0.0,0
1790820240,1253.8,1253.8,1253.8,1253.8,0.000,0.0,0
1790820300,1253.8,1253.8,1253.8,1253.8,0.000,0.0,0
1790820360,1252.374,1253.336,1252.374,1253.336,1252.815,0.18599469,2
1790820420,1253.336,1253.336,1253.336,1253.336,0.000,0.0,0
1790820480,1253.336,1253.336,1253.336,1253.336,0.000,0.0,0
1790820540,1253.336,1253.336,1253.336,1253.336,0.000,0.0,0
1790820600,1253.336,1253.336,1253.336,1253.336,0.000,0.0,0
1790820660,1253.336,1253.336,1253.336,1253.336,0.000,0.0,0
1790820720,1253.336,1253.336,1253.336,1253.336,0.000,0.0,0
1790820780,1253.336,1253.336,1253.336,1253.336,0.000,0.0,0
1790820840,1253.336,1253.336,1253.336,1253.336,0.000,0.0,0
1790820900,1253.336,1253.336,1253.336,1253.336,0.000,0.0,0
1790820960,1253.336,1253.336,1253.336,1253.336,0.000,0.0,0
1790821020,1253.336,1253.336,1253.336,1253.336,0.000,0.0,0
1790821080,1253.336,1253.336,1253.336,1253.336,0.000,0.0,0
1790821140,1253.336,1253.336,1253.336,1253.336,0.000,0.0,0
1790821200,1253.336,1253.336,1253.336,1253.336,0.000,0.0,0
1790821260,1248.603,1248.603,1246.714,1246.714,1246.923,9.70553797,8
1790821320,1249.627,1249.627,1248.127,1248.127,1248.402,0.49192854,3
1790821380,1246.726,1246.726,1246.726,1246.726,1246.726,0.06063457,1
1790821440,1246.726,1246.726,1246.726,1246.726,0.000,0.0,0
1790821500,1246.726,1246.726,1246.726,1246.726,0.000,0.0,0
1790821560,1246.726,1246.726,1246.726,1246.726,0.000,0.0,0
1790821620,1246.726,1246.726,1246.726,1246.726,0.000,0.0,0
1790821680,1246.726,1246.726,1246.726,1246.726,0.000,0.0,0
1790821740,1249.955,1249.955,1249.955,1249.955,1249.955,0.10074474,1
1790821800,1250.592,1252.973,1250.388,1252.973,1251.397,1.60542581,5
1790821860,1252.973,1252.973,1252.973,1252.973,0.000,0.0,0
1790821920,1252.973,1252.973,1252.973,1252.973,0.000,0.0,0
1790821980,1252.973,1252.973,1252.973,1252.973,0.000,0.0,0
1790822040,1249.812,1249.812,1248.553,1248.553,1248.981,13.34515158,12
1790822100,1248.553,1248.553,1248.553,1248.553,0.000,0.0,0
1790822160,1249.157,1249.157,1249.156,1249.156,1249.156,0.59440003,5
1790822220,1249.352,1249.352,1248.209,1248.209,1249.054,0.10968853,3
1790822280,1248.209,1248.209,1248.017,1248.026,1248.090,0.11598785,8
1790822340,1245.823,1245.823,1245.279,1245.279,1245.775,0.96160055,3
1790822400,1244.97,1245.419,1244.97,1245.419,1245.066,0.1078128,3
1790822460,1245.004,1245.176,1244.923,1244.923,1244.960,2.66680025,4
1790822520,1244.894,1247.117,1244.892,1247.117,1246.658,1.11038748,3
1790822580,1246.708,1246.708,1246.235,1246.235,1246.627,1.10077913,3
1790822640,1245.98,1245.98,1245.641,1245.641,1245.784,0.04273168,3
1790822700,1244.127,1244.127,1243.371,1243.372,1243.869,0.47956043,5
1790822760,1243.372,1243.372,1243.372,1243.372,0.000,0.0,0
1790822820,1243.372,1243.372,1243.372,1243.372,0.000,0.0,0
1790822880,1245.154,1245.16,1242.57,1242.57,1243.392,1.453122,4
1790822940,1242.57,1242.57,1242.57,1242.57,0.000,0.0,0
1790823000,1242.57,1242.57,1242.57,1242.57,0.000,0.0,0
1790823060,1242.57,1242.57,1242.57,1242.57,0.000,0.0,0
1790823120,1242.57,1242.57,1242.57,1242.57,0.000,0.0,0
1790823180,1246.799,1247.755,1246.799,1247.755,1247.268,0.36323544,30
1790823240,1247.758,1247.834,1247.442,1247.442,1247.596,0.11516827,9
1790823300,1248.368,1248.368,1248.05,1248.05,1248.210,0.43213696,3
1790823360,1248.178,1248.178,1247.825,1247.825,1248.082,1.20291111,3
1790823420,1248.756,1248.756,1248.756,1248.756,1248.756,0.07721059,1
1790823480,1248.753,1248.753,1248.753,1248.753,1248.753,0.07203546,1
1790823540,1248.658,1248.658,1248.657,1248.657,1248.657,0.9160223,2
1790823600,1248.657,1248.657,1248.657,1248.657,0.000,0.0,0
1790823660,1249.435,1249.568,1248.517,1249.568,1248.867,4.0700034,80
1790823720,1249.568,1250.753,1248.882,1249.512,1249.932,13.12377179,115
1790823780,1249.512,1249.82,1248.644,1248.644,1249.287,3.3913499,70
1790823840,1248.0,1248.35,1246.378,1246.378,1247.446,5.79596475,67
1790823900,1246.378,1247.66,1246.378,1247.234,1247.273,2.49772299,25
1790823960,1245.251,1245.828,1245.251,1245.828,1245.412,0.11787444,4
1790824020,1246.006,1247.912,1246.006,1247.12,1247.299,3.58678744,67
1790824080,1247.108,1248.365,1246.502,1247.946,1247.187,1.14510674,45
1790824140,1248.306,1248.336,1248.26,1248.26,1248.300,0.24332521,8
1790824200,1248.536,1248.536,1248.536,1248.536,1248.536,0.05395496,2
1790824260,1250.189,1250.374,1249.761,1249.953,1250.070,0.50731491,18
1790824320,1249.822,1249.858,1249.549,1249.549,1249.786,0.14793399,5
1790824380,1249.549,1249.549,1249.549,1249.549,0.000,0.0,0
1790824440,1249.549,1249.549,1249.549,1249.549,0.000,0.0,0
1790824500,1251.34,1251.34,1251.34,1251.34,1251.340,0.84656208,1
1790824560,1252.222,1252.402,1252.222,1252.402,1252.321,4.72030739,5
1790824620,1252.786,1253.147,1252.714,1253.147,1253.013,3.14983077,5
1790824680,1253.147,1253.147,1253.147,1253.147,0.000,0.0,0
1790824740,1253.147,1253.147,1253.147,1253.147,0.000,0.0,0
1790824800,1253.147,1253.147,1253.147,1253.147,0.000,0.0,0
1790824860,1248.705,1248.705,1248.705,1248.705,1248.705,0.02619364,1
1790824920,1248.705,1248.705,1248.705,1248.705,0.000,0.0,0
1790824980,1248.705,1248.705,1248.705,1248.705,0.000,0.0,0
1790825040,1248.705,1248.705,1248.705,1248.705,0.000,0.0,0
1790825100,1248.705,1248.705,1248.705,1248.705,0.000,0.0,0
1790825160,1250.538,1250.538,1250.281,1250.304,1250.401,1.80898623,4
1790825220,1251.532,1251.532,1251.532,1251.532,1251.532,0.04831286,1
1790825280,1251.532,1251.532,1251.532,1251.532,0.000,0.0,0
1790825340,1251.696,1251.696,1251.696,1251.696,1251.696,0.84646703,1
1790825400,1251.696,1251.696,1251.696,1251.696,0.000,0.0,0
1790825460,1251.696,1251.696,1251.696,1251.696,0.000,0.0,0
1790825520,1251.696,1251.696,1251.696,1251.696,0.000,0.0,0
1790825580,1251.696,1251.696,1251.696,1251.696,0.000,0.0,0
1790825640,1251.798,1251.798,1251.798,1251.798,1251.798,0.020646,1
1790825700,1251.798,1251.798,1251.798,1251.798,0.000,0.0,0
1790825760,1251.811,1252.743,1251.811,1252.743,1252.263,5.0,6
1790825820,1252.174,1252.451,1252.064,1252.064,1252.297,1.29183887,3
1790825880,1252.064,1252.064,1252.064,1252.064,0.000,0.0,0
1790825940,1254.153,1254.153,1253.884,1253.884,1253.960,3.29569695,4
1790826000,1253.884,1253.884,1253.884,1253.884,0.000,0.0,0
1790826060,1253.884,1253.884,1253.884,1253.884,0.000,0.0,0
1790826120,1253.884,1253.884,1253.884,1253.884,0.000,0.0,0
1790826180,1253.884,1253.884,1253.884,1253.884,0.000,0.0,0
1790826240,1253.884,1253.884,1253.884,1253.884,0.000,0.0,0
1790826300,1257.296,1257.296,1257.296,1257.296,1257.296,0.08508736,1
1790826360,1257.296,1257.296,1257.296,1257.296,0.000,0.0,0
1790826420,1257.296,1257.296,1257.296,1257.296,0.000,0.0,0
1790826480,1257.296,1257.296,1257.296,1257.296,0.000,0.0,0
1790826540,1255.924,1255.924,1255.924,1255.924,1255.924,0.0503923,1
1790826600,1255.877,1255.906,1255.877,1255.906,1255.883,4.90401117,5
1790826660,1257.241,1257.241,1257.241,1257.241,1257.241,0.06256469,1
1790826720,1257.139,1257.139,1257.139,1257.139,1257.139,0.17175469,1
1790826780,1257.139,1257.139,1257.139,1257.139,0.000,0.0,0
1790826840,1257.069,1257.44,1257.068,1257.368,1257.329,2.73357833,5
1790826900,1257.368,1257.368,1257.368,1257.368,0.000,0.0,0
1790826960,1257.368,1257.368,1257.368,1257.368,0.000,0.0,0
1790827020,1257.368,1257.368,1257.368,1257.368,0.000,0.0,0
1790827080,1257.368,1257.368,1257.368,1257.368,0.000,0.0,0
1790827140,1257.368,1257.368,1257.368,1257.368,0.000,0.0,0
1790827200,1257.368,1257.368,1257.368,1257.368,0.000,0.0,0
1790827260,1258.789,1258.789,1258.789,1258.789,1258.789,0.17352287,1
1790827320,1259.542,1260.329,1259.542,1260.329,1260.033,0.57690607,3
1790827380,1260.59,1260.59,1260.578,1260.578,1260.584,0.02,2
1790827440,1260.578,1260.578,1260.578,1260.578,0.000,0.0,0
1790827500,1260.578,1260.578,1260.578,1260.578,0.000,0.0,0
1790827560,1260.578,1260.578,1260.578,1260.578,0.000,0.0,0
1790827620,1260.578,1260.578,1260.578,1260.578,0.000,0.0,0
1790827680,1258.402,1258.403,1258.402,1258.403,1258.402,1.00407242,2
1790827740,1258.403,1258.403,1258.403,1258.403,0.000,0.0,0
1790827800,1258.403,1258.403,1258.403,1258.403,0.000,0.0,0
1790827860,1258.403,1258.403,1258.403,1258.403,0.000,0.0,0
1790827920,1259.716,1259.716,1258.992,1259.257,1259.384,2.378715,6
1790827980,1259.731,1260.919,1259.304,1260.151,1260.612,5.03789599,11
1790828040,1260.197,1260.66,1259.855,1260.66,1260.331,1.187334,8
1790828100,1260.66,1260.66,1260.66,1260.66,0.000,0.0,0
1790828160,1259.29,1259.29,1258.413,1258.413,1259.013,0.116021,2
1790828220,1258.251,1258.251,1258.251,1258.251,1258.251,0.036564,1
1790828280,1258.251,1258.251,1258.251,1258.251,0.000,0.0,0
1790828340,1255.808,1256.374,1255.808,1256.374,1256.121,1.8006088,6
1790828400,1255.938,1255.938,1255.938,1255.938,1255.938,0.07934,1
1790828460,1255.573,1257.027,1254.331,1254.854,1254.773,3.43343238,7
1790828520,1256.163,1256.163,1254.926,1255.681,1255.629,0.228332,5
1790828580,1255.681,1255.681,1255.681,1255.681,0.000,0.0,0
1790828640,1258.463,1258.672,1258.233,1258.233,1258.506,0.426971,3
1790828700,1258.152,1258.152,1258.152,1258.152,1258.152,0.079481,1
1790828760,1258.01,1258.01,1258.01,1258.01,1258.010,0.079488,1
1790828820,1260.577,1261.141,1260.577,1261.141,1260.821,12.94322905,12
1790828880,1261.55,1261.55,1261.55,1261.55,1261.550,0.16156,1
1790828940,1261.931,1262.289,1261.931,1262.289,1262.062,0.44927096,3
1790829000,1264.362,1264.362,1264.099,1264.099,1264.230,0.158196,2
1790829060,1263.77,1263.77,1263.77,1263.77,1263.770,0.048287,1
1790829120,1260.725,1260.726,1260.015,1260.015,1260.694,0.84814891,3
1790829180,1259.637,1259.754,1259.105,1259.105,1259.637,0.893552,4
1790829240,1259.009,1260.614,1259.009,1260.138,1260.041,0.751194,3
1790829300,1260.034,1260.034,1259.37,1259.409,1259.450,0.804586,4
1790829360,1261.741,1264.159,1261.741,1264.159,1263.525,1.33641215,6
1790829420,1263.457,1263.457,1263.457,1263.457,1263.457,0.16156,1
1790829480,1262.707,1262.81,1262.474,1262.524,1262.508,0.801885,5
1790829540,1261.19,1262.974,1261.19,1261.634,1261.880,0.362447,7
1790829600,1261.635,1262.259,1261.191,1261.191,1262.007,0.73065107,14
1790829660,1261.503,1262.261,1261.101,1261.101,1261.993,0.108889,5
1790829720,1261.101,1261.101,1261.101,1261.101,0.000,0.0,0
1790829780,1262.955,1262.955,1262.955,1262.955,1262.955,0.04227529,1
1790829840,1263.176,1263.176,1263.176,1263.176,1263.176,0.21689335,5
1790829900,1262.227,1262.227,1262.226,1262.226,1262.226,0.13865933,2
1790829960,1264.511,1266.259,1264.511,1266.259,1265.433,1.66924769,4
1790830020,1269.625,1271.19,1269.625,1271.19,1270.415,1.30453404,5
1790830080,1268.269,1271.093,1268.269,1269.814,1269.474,4.74705105,9
1790830140,1271.611,1271.611,1271.609,1271.609,1271.609,0.47313057,3
1790830200,1271.477,1271.477,1270.593,1270.835,1270.842,2.09281601,3
1790830260,1271.552,1271.552,1269.797,1270.472,1271.470,1.89561351,4
1790830320,1271.021,1271.021,1271.021,1271.021,1271.021,0.995,2
1790830380,1270.342,1270.342,1268.976,1268.976,1269.562,0.055134,2
1790830440,1268.175,1268.356,1268.085,1268.085,1268.205,0.110885,3
1790830500,1268.085,1268.085,1268.085,1268.085,0.000,0.0,0
1790830560,1267.923,1268.225,1267.923,1268.225,1268.109,0.0947552,2
1790830620,1268.129,1268.811,1268.129,1268.811,1268.685,2.17289301,4
1790830680,1268.582,1268.582,1268.582,1268.582,1268.582,0.07885,1
1790830740,1268.513,1269.639,1268.513,1269.639,1269.531,4.02715652,10
1790830800,1269.298,1269.805,1268.913,1268.913,1269.303,0.184279,5
1790830860,1268.233,1268.233,1268.233,1268.233,1268.233,0.031918,1
1790830920,1268.233,1268.233,1268.233,1268.233,0.000,0.0,0
1790830980,1269.805,1269.805,1269.805,1269.805,1269.805,0.45801629,2
1790831040,1270.717,1270.717,1270.717,1270.717,1270.717,0.078694,1
1790831100,1271.155,1271.376,1267.995,1267.995,1268.347,3.55357105,6
1790831160,1267.057,1268.888,1266.785,1267.927,1267.968,0.378078,8
1790831220,1268.052,1268.384,1267.482,1267.482,1268.134,0.217866,6
1790831280,1267.482,1267.482,1267.482,1267.482,0.000,0.0,0
1790831340,1268.865,1268.865,1268.865,1268.865,1268.865,0.07881,1
1790831400,1269.462,1270.612,1269.462,1270.304,1269.749,0.402604,4
1790831460,1270.304,1270.304,1270.304,1270.304,0.000,0.0,0
1790831520,1272.014,1272.428,1272.014,1272.428,1272.228,0.075219,2
1790831580,1272.428,1272.428,1272.428,1272.428,0.000,0.0,0
1790831640,1272.428,1272.428,1272.428,1272.428,0.000,0.0,0
1790831700,1272.428,1272.428,1272.428,1272.428,0.000,0.0,0
1790831760,1272.428,1272.428,1272.428,1272.428,0.000,0.0,0
1790831820,1268.911,1268.911,1268.911,1268.911,1268.911,0.038277,1
1790831880,1269.632,1269.996,1269.227,1269.227,1269.626,0.25540486,4
1790831940,1269.999,1270.0,1269.999,1270.0,1269.999,0.38254222,2
1790832000,1270.0,1270.0,1270.0,1270.0,0.000,0.0,0
1790832060,1270.0,1270.0,1270.0,1270.0,0.000,0.0,0
1790832120,1270.227,1270.243,1270.227,1270.243,1270.233,1.0,2
1790832180,1270.243,1270.243,1270.243,1270.243,0.000,0.0,0
1790832240,1266.569,1266.569,1266.421,1266.457,1266.468,0.4044435,6
1790832300,1265.711,1266.37,1265.711,1266.272,1266.099,0.19561347,4
1790832360,1266.272,1266.272,1266.272,1266.272,0.000,0.0,0
1790832420,1267.254,1267.813,1267.143,1267.813,1267.236,0.77667911,6
1790832480,1267.813,1267.813,1267.813,1267.813,0.000,0.0,0
1790832540,1270.009,1270.009,1270.009,1270.009,1270.009,0.0119123,1
1790832600,1270.009,1270.009,1270.009,1270.009,0.000,0.0,0
1790832660,1270.009,1270.009,1270.009,1270.009,0.000,0.0,0
1790832720,1270.009,1270.009,1270.009,1270.009,0.000,0.0,0
1790832780,1269.068,1269.114,1268.355,1268.489,1268.722,0.275571,7
1790832840,1270.009,1270.009,1270.009,1270.009,1270.009,0.23205726,1
1790832900,1270.009,1270.009,1270.009,1270.009,0.000,0.0,0
1790832960,1270.009,1270.009,1270.009,1270.009,0.000,0.0,0
1790833020,1270.009,1270.009,1270.009,1270.009,0.000,0.0,0
1790833080,1271.656,1280.632,1271.505,1271.505,1275.593,139.85765938,52
1790833140,1272.175,1274.382,1272.175,1273.483,1273.529,2.97950924,18
1790833200,1271.605,1271.781,1271.605,1271.781,1271.740,0.04307514,2
1790833260,1270.335,1270.335,1270.335,1270.335,1270.335,0.07871556,1
1790833320,1269.737,1269.737,1269.737,1269.737,1269.737,0.078756,1
1790833380,1269.434,1269.434,1269.433,1269.433,1269.433,0.13778243,2
1790833440,1269.837,1269.837,1269.248,1269.248,1269.542,0.157532,2
1790833500,1268.588,1268.588,1266.682,1266.682,1268.507,0.71505698,6
1790833560,1266.587,1266.588,1266.586,1266.587,1266.586,0.162488,5
1790833620,1266.671,1266.671,1265.783,1266.423,1266.154,1.24044681,9
1790833680,1266.423,1266.423,1266.423,1266.423,0.000,0.0,0
1790833740,1266.423,1266.423,1266.423,1266.423,0.000,0.0,0
1790833800,1270.289,1270.289,1270.289,1270.289,1270.289,0.050113,1
1790833860,1270.289,1270.289,1270.289,1270.289,0.000,0.0,0
1790833920,1270.289,1270.289,1270.289,1270.289,0.000,0.0,0
1790833980,1270.289,1270.289,1270.289,1270.289,0.000,0.0,0
1790834040,1270.289,1270.289,1270.289,1270.289,0.000,0.0,0
1790834100,1269.725,1269.725,1269.725,1269.725,1269.725,0.02362716,1
1790834160,1269.725,1269.725,1269.725,1269.725,0.000,0.0,0
1790834220,1269.725,1269.725,1269.725,1269.725,0.000,0.0,0
1790834280,1269.725,1269.725,1269.725,1269.725,0.000,0.0,0
1790834340,1269.725,1269.725,1269.725,1269.725,0.000,0.0,0
1790834400,1269.317,1269.317,1269.317,1269.317,1269.317,0.75429248,1
1790834460,1267.562,1267.562,1267.561,1267.561,1267.561,0.8,2
1790834520,1267.868,1267.868,1267.868,1267.868,1267.868,0.81758787,1
1790834580,1267.868,1267.868,1267.868,1267.868,0.000,0.0,0
1790834640,1267.138,1267.28,1267.138,1267.28,1267.213,1.63210555,2
1790834700,1266.87,1266.87,1266.87,1266.87,1266.870,0.68009528,1
1790834760,1265.166,1265.859,1264.827,1264.827,1265.038,3.14897394,7
1790834820,1264.46,1264.608,1264.46,1264.545,1264.551,3.89997763,5
1790834880,1264.545,1264.545,1264.545,1264.545,0.000,0.0,0
1790834940,1264.545,1264.545,1264.545,1264.545,0.000,0.0,0
1790835000,1264.545,1264.545,1264.545,1264.545,0.000,0.0,0
1790835060,1265.713,1265.713,1265.706,1265.706,1265.706,0.90265351,4
1790835120,1265.706,1265.706,1265.706,1265.706,0.000,0.0,0
1790835180,1265.706,1265.706,1265.706,1265.706,0.000,0.0,0
1790835240,1265.663,1265.663,1265.4,1265.4,1265.531,0.52154638,6
1790835300,1265.4,1265.4,1265.4,1265.4,0.000,0.0,0
1790835360,1265.8,1265.8,1265.8,1265.8,1265.800,0.94801706,1
1790835420,1265.8,1265.8,1265.8,1265.8,0.000,0.0,0
1790835480,1267.5,1267.5,1267.5,1267.5,1267.500,7.88954635,7
1790835540,1267.5,1267.5,1267.5,1267.5,0.000,0.0,0
1790835600,1271.111,1271.313,1271.111,1271.313,1271.200,1.36299283,4
1790835660,1271.313,1271.313,1271.313,1271.313,0.000,0.0,0
1790835720,1274.393,1274.393,1274.392,1274.392,1274.392,0.30137521,2
1790835780,1274.392,1274.392,1274.392,1274.392,0.000,0.0,0
1790835840,1274.392,1274.392,1274.392,1274.392,0.000,0.0,0
1790835900,1273.727,1273.727,1273.163,1273.163,1273.241,0.1014557,2
1790835960,1273.163,1273.163,1273.163,1273.163,0.000,0.0,0
1790836020,1273.163,1273.163,1273.163,1273.163,0.000,0.0,0
1790836080,1273.163,1273.163,1273.163,1273.163,0.000,0.0,0
1790836140,1276.027,1276.638,1276.027,1276.638,1276.429,9.902501,17
1790836200,1276.749,1276.79,1276.749,1276.79,1276.782,2.19259439,4
1790836260,1278.227,1278.53,1278.227,1278.53,1278.357,6.3,7
1790836320,1274.364,1274.364,1273.424,1273.424,1273.431,1.41894125,4
1790836380,1275.705,1275.705,1275.705,1275.705,1275.705,0.09,1
1790836440,1275.705,1275.705,1275.705,1275.705,0.000,0.0,0
1790836500,1275.705,1275.705,1275.705,1275.705,0.000,0.0,0
1790836560,1275.705,1275.705,1275.705,1275.705,0.000,0.0,0
1790836620,1275.097,1275.097,1273.753,1273.753,1274.212,12.41989605,9
1790836680,1275.695,1275.695,1275.695,1275.695,1275.695,0.08263411,1
1790836740,1274.809,1274.818,1274.809,1274.818,1274.810,2.73938571,5
1790836800,1274.818,1274.818,1274.818,1274.818,0.000,0.0,0
1790836860,1272.274,1273.0,1272.274,1273.0,1272.936,30.0,17
1790836920,1274.763,1274.821,1274.763,1274.821,1274.766,0.08268132,2
1790836980,1274.0,1274.0,1273.0,1273.0,1273.638,30.0,14
1790837040,1272.161,1272.161,1272.161,1272.161,1272.161,0.08412032,1
1790837100,1273.0,1273.0,1273.0,1273.0,1273.000,10.0,2
1790837160,1272.443,1273.0,1271.836,1273.0,1272.769,30.0,19
1790837220,1273.0,1273.0,1273.0,1273.0,0.000,0.0,0
1790837280,1273.055,1273.055,1273.055,1273.055,1273.055,0.08026668,1
1790837340,1273.055,1273.055,1273.055,1273.055,0.000,0.0,0
1790837400,1273.055,1273.055,1273.055,1273.055,0.000,0.0,0
1790837460,1273.055,1273.055,1273.055,1273.055,0.000,0.0,0
1790837520,1273.002,1273.002,1272.079,1272.079,1272.694,1.17860207,2
1790837580,1272.079,1272.079,1272.079,1272.079,0.000,0.0,0
1790837640,1272.079,1272.079,1272.079,1272.079,0.000,0.0,0
1790837700,1272.079,1272.079,1272.079,1272.079,0.000,0.0,0
1790837760,1272.079,1272.079,1272.079,1272.079,0.000,0.0,0
1790837820,1270.696,1270.696,1270.696,1270.696,1270.696,0.81218267,1
1790837880,1272.178,1272.246,1272.178,1272.246,1272.209,0.73856548,5
1790837940,1272.246,1272.246,1272.246,1272.246,0.000,0.0,0
1790838000,1271.146,1271.146,1271.146,1271.146,1271.146,0.0301343,1
1790838060,1271.146,1271.146,1271.146,1271.146,0.000,0.0,0
1790838120,1271.146,1271.146,1271.146,1271.146,0.000,0.0,0
1790838180,1271.146,1271.146,1271.146,1271.146,0.000,0.0,0
1790838240,1271.146,1271.146,1271.146,1271.146,0.000,0.0,0
1790838300,1271.146,1271.146,1271.146,1271.146,0.000,0.0,0
1790838360,1271.146,1271.146,1271.146,1271.146,0.000,0.0,0
1790838420,1271.146,1271.146,1271.146,1271.146,0.000,0.0,0
1790838480,1271.146,1271.146,1271.146,1271.146,0.000,0.0,0
1790838540,1271.146,1271.146,1271.146,1271.146,0.000,0.0,0
1790838600,1271.146,1271.146,1271.146,1271.146,0.000,0.0,0
1790838660,1271.146,1271.146,1271.146,1271.146,0.000,0.0,0
1790838720,1271.146,1271.146,1271.146,1271.146,0.000,0.0,0
1790838780,1269.921,1269.921,1269.921,1269.921,1269.921,0.10088,1
1790838840,1269.921,1269.921,1269.921,1269.921,0.000,0.0,0
1790838900,1269.921,1269.921,1269.921,1269.921,0.000,0.0,0
1790838960,1269.517,1269.517,1269.517,1269.517,1269.517,0.28762831,1
1790839020,1267.382,1267.382,1264.7,1264.7,1266.897,31.41765169,17
1790839080,1264.7,1264.7,1264.7,1264.7,0.000,0.0,0
1790839140,1265.183,1265.183,1263.359,1263.359,1265.113,1.0311153,3
1790839200,1260.837,1260.837,1260.837,1260.837,1260.837,0.010582,1
1790839260,1258.265,1258.794,1256.929,1256.963,1257.956,8.50519875,9
1790839320,1255.0,1255.0,1254.108,1254.108,1254.691,0.27733695,2
1790839380,1254.108,1254.108,1254.108,1254.108,0.000,0.0,0
1790839440,1253.325,1253.325,1248.86,1248.86,1251.748,0.13074161,4
1790839500,1249.788,1249.788,1248.237,1248.702,1248.659,3.08477962,5
1790839560,1245.567,1245.567,1242.816,1242.816,1244.217,120.9569028,27
1790839620,1244.042,1244.042,1244.042,1244.042,1244.042,0.78676524,2
1790839680,1242.297,1242.297,1238.0,1238.0,1238.764,8.19145716,8
1790839740,1238.0,1238.0,1238.0,1238.0,0.000,0.0,0
1790839800,1246.15,1246.15,1246.15,1246.15,1246.150,0.33203904,1
1790839860,1246.643,1249.725,1246.643,1249.725,1249.004,15.00409559,11
1790839920,1248.321,1248.979,1248.321,1248.848,1248.662,3.23882764,4
1790839980,1248.863,1251.289,1248.863,1251.289,1249.906,1.68953182,3
1790840040,1250.804,1250.804,1250.17,1250.17,1250.428,2.53697316,4
1790840100,1252.32,1252.32,1252.32,1252.32,1252.320,7.0,4
1790840160,1249.248,1249.248,1249.248,1249.248,1249.248,0.7455096,1
1790840220,1249.248,1249.248,1249.248,1249.248,0.000,0.0,0
1790840280,1249.248,1249.248,1249.248,1249.248,0.000,0.0,0
1790840340,1249.248,1249.248,1249.248,1249.248,0.000,0.0,0
1790840400,1243.238,1243.238,1243.237,1243.237,1243.237,0.70682935,2
1790840460,1243.237,1243.237,1243.237,1243.237,0.000,0.0,0
1790840520,1246.889,1247.14,1246.889,1247.14,1247.119,0.26060543,3
1790840580,1247.14,1247.14,1247.14,1247.14,0.000,0.0,0
1790840640,1247.14,1247.14,1247.14,1247.14,0.000,0.0,0
1790840700,1246.408,1246.408,1246.408,1246.408,1246.408,0.72581435,3
1790840760,1246.408,1246.408,1246.408,1246.408,0.000,0.0,0
1790840820,1246.408,1246.408,1246.408,1246.408,0.000,0.0,0
1790840880,1246.408,1246.408,1246.408,1246.408,0.000,0.0,0
1790840940,1246.408,1246.408,1246.408,1246.408,0.000,0.0,0
1790841000,1244.862,1244.862,1244.862,1244.862,1244.862,0.31570888,1
1790841060,1244.862,1244.862,1244.862,1244.862,0.000,0.0,0
1790841120,1244.862,1244.862,1244.862,1244.862,0.000,0.0,0
1790841180,1244.862,1244.862,1244.862,1244.862,0.000,0.0,0
1790841240,1244.862,1244.862,1244.862,1244.862,0.000,0.0,0
1790841300,1244.862,1244.862,1244.862,1244.862,0.000,0.0,0
1790841360,1246.588,1246.588,1246.588,1246.588,1246.588,0.47531342,1
1790841420,1246.0,1246.0,1245.627,1245.627,1245.679,0.1122359,2
1790841480,1244.209,1244.819,1244.209,1244.819,1244.449,1.17356498,11
1790841540,1244.819,1244.819,1244.819,1244.819,0.000,0.0,0
1790841600,1244.819,1244.819,1244.819,1244.819,0.000,0.0,0
1790841660,1244.819,1244.819,1244.819,1244.819,0.000,0.0,0
1790841720,1244.819,1244.819,1244.819,1244.819,0.000,0.0,0
1790841780,1244.126,1244.126,1242.263,1242.263,1243.002,50.0,28
1790841840,1245.081,1245.081,1244.518,1244.518,1244.926,0.70697088,2
1790841900,1244.518,1244.518,1244.518,1244.518,0.000,0.0,0
1790841960,1244.518,1244.518,1244.518,1244.518,0.000,0.0,0
1790842020,1243.954,1244.416,1243.484,1243.484,1243.952,5.37484485,10
1790842080,1241.949,1241.949,1241.524,1241.524,1241.750,1.66557929,4
1790842140,1241.524,1241.524,1241.524,1241.524,0.000,0.0,0
1790842200,1242.524,1242.524,1242.149,1242.149,1242.333,1.89967,2
1790842260,1243.722,1243.722,1243.722,1243.722,1243.722,0.76838872,1
1790842320,1243.576,1243.576,1243.576,1243.576,1243.576,0.75302094,1
1790842380,1245.183,1245.183,1245.183,1245.183,1245.183,0.73796052,1
1790842440,1243.915,1243.915,1243.471,1243.722,1243.761,0.690043,3
1790842500,1243.722,1243.722,1243.722,1243.722,0.000,0.0,0
1790842560,1243.722,1243.722,1243.722,1243.722,0.000,0.0,0
1790842620,1244.191,1244.191,1244.191,1244.191,1244.191,0.27735096,1
1790842680,1246.093,1246.093,1246.093,1246.093,1246.093,0.01018247,1
1790842740,1245.09,1245.09,1245.09,1245.09,1245.090,0.314604,1
1790842800,1245.09,1245.09,1245.09,1245.09,0.000,0.0,0
1790842860,1245.843,1245.843,1245.409,1245.409,1245.693,0.06441,2
1790842920,1244.967,1244.967,1244.967,1244.967,1244.967,0.21092155,1
1790842980,1246.973,1247.333,1246.973,1247.333,1247.277,0.08736112,2
1790843040,1247.333,1247.333,1247.333,1247.333,0.000,0.0,0
1790843100,1247.032,1247.33,1247.032,1247.33,1247.328,5.7966141,4
1790843160,1247.33,1247.33,1247.33,1247.33,0.000,0.0,0
1790843220,1247.33,1247.33,1247.33,1247.33,0.000,0.0,0
1790843280,1247.5,1247.5,1247.5,1247.5,1247.500,0.01915831,1
1790843340,1247.5,1247.5,1247.5,1247.5,0.000,0.0,0
1790843400,1247.5,1247.5,1247.5,1247.5,0.000,0.0,0
1790843460,1244.991,1244.991,1244.991,1244.991,1244.991,0.021379,1
1790843520,1244.991,1244.991,1244.991,1244.991,0.000,0.0,0
1790843580,1241.661,1243.621,1241.661,1243.621,1243.302,0.11051946,3
1790843640,1244.532,1244.532,1242.361,1242.361,1243.547,1.72498501,7
1790843700,1242.911,1242.911,1242.911,1242.911,1242.911,0.31828951,1
1790843760,1246.487,1246.487,1243.416,1245.305,1243.958,153.41965272,48
1790843820,1245.383,1246.795,1245.383,1246.424,1246.166,4.14254931,7
1790843880,1246.424,1246.424,1246.424,1246.424,0.000,0.0,0
1790843940,1249.417,1251.413,1249.417,1251.413,1250.704,1.73052798,3
1790844000,1252.105,1252.105,1251.775,1251.775,1251.974,0.90703589,2
1790844060,1251.775,1251.775,1251.775,1251.775,0.000,0.0,0
1790844120,1251.576,1251.576,1251.576,1251.576,1251.576,0.72113941,1
1790844180,1250.68,1250.681,1247.351,1247.351,1247.972,10.55397011,13
1790844240,1247.351,1247.351,1247.351,1247.351,0.000,0.0,0
1790844300,1246.522,1246.522,1246.522,1246.522,1246.522,2.00969578,2
1790844360,1246.522,1246.522,1246.522,1246.522,0.000,0.0,0
1790844420,1246.522,1246.522,1246.522,1246.522,0.000,0.0,0
1790844480,1246.522,1246.522,1246.522,1246.522,0.000,0.0,0
1790844540,1246.522,1246.522,1246.522,1246.522,0.000,0.0,0
1790844600,1246.522,1246.522,1246.522,1246.522,0.000,0.0,0
1790844660,1246.522,1246.522,1246.522,1246.522,0.000,0.0,0
1790844720,1246.522,1246.522,1246.522,1246.522,0.000,0.0,0
1790844780,1246.522,1246.522,1246.522,1246.522,0.000,0.0,0
1790844840,1246.816,1247.8,1246.816,1247.732,1247.627,1.09771209,5
1790844900,1247.732,1247.732,1247.732,1247.732,0.000,0.0,0
1790844960,1250.613,1250.613,1250.613,1250.613,1250.613,0.020161,1
1790845020,1250.299,1250.589,1248.987,1248.987,1249.425,1.24775472,5
1790845080,1248.987,1248.987,1248.987,1248.987,0.000,0.0,0
1790845140,1248.987,1248.987,1248.987,1248.987,0.000,0.0,0
1790845200,1248.987,1248.987,1248.987,1248.987,0.000,0.0,0
1790845260,1248.852,1248.852,1248.852,1248.852,1248.852,0.057959,1
1790845320,1248.852,1248.852,1248.852,1248.852,0.000,0.0,0
1790845380,1248.0,1248.562,1248.0,1248.562,1248.281,2.001951,2
1790845440,1248.562,1248.562,1248.562,1248.562,0.000,0.0,0
1790845500,1250.479,1250.479,1250.478,1250.478,1250.478,0.37980365,3
1790845560,1251.254,1251.254,1251.254,1251.254,1251.254,0.01,1
1790845620,1251.254,1251.254,1251.254,1251.254,0.000,0.0,0
1790845680,1251.254,1251.254,1251.254,1251.254,0.000,0.0,0
1790845740,1252.453,1252.453,1252.453,1252.453,1252.453,0.079843,1
1790845800,1252.453,1252.453,1252.453,1252.453,0.000,0.0,0
1790845860,1252.899,1252.899,1252.899,1252.899,1252.899,0.060668,1
1790845920,1252.34,1252.34,1251.76,1252.036,1251.797,0.54908773,3
1790845980,1251.001,1251.301,1251.0,1251.0,1251.027,3.318285,3
1790846040,1251.0,1251.0,1251.0,1251.0,0.000,0.0,0
1790846100,1251.0,1251.0,1251.0,1251.0,0.000,0.0,0
1790846160,1251.0,1251.0,1251.0,1251.0,0.000,0.0,0
1790846220,1251.0,1251.0,1251.0,1251.0,0.000,0.0,0
1790846280,1251.0,1251.0,1251.0,1251.0,0.000,0.0,0
1790846340,1251.0,1251.0,1251.0,1251.0,0.000,0.0,0
1790846400,1250.213,1250.213,1249.57,1249.57,1250.064,0.10191991,2
1790846460,1249.57,1249.57,1249.57,1249.57,0.000,0.0,0
1790846520,1249.57,1249.57,1249.57,1249.57,0.000,0.0,0
1790846580,1249.57,1249.57,1249.57,1249.57,0.000,0.0,0
1790846640,1249.57,1249.57,1249.57,1249.57,0.000,0.0,0
1790846700,1251.489,1251.489,1251.489,1251.489,1251.489,1.46099822,2
1790846760,1250.987,1250.997,1250.987,1250.997,1250.991,1.43177825,2
1790846820,1250.55,1250.55,1250.55,1250.55,1250.550,0.1004362,1
1790846880,1250.55,1250.55,1250.55,1250.55,0.000,0.0,0
1790846940,1250.55,1250.55,1250.55,1250.55,0.000,0.0,0
1790847000,1249.284,1249.284,1249.284,1249.284,1249.284,0.23912319,5
1790847060,1249.284,1249.284,1249.284,1249.284,0.000,0.0,0
1790847120,1249.284,1249.284,1249.284,1249.284,0.000,0.0,0
1790847180,1249.284,1249.284,1249.284,1249.284,0.000,0.0,0
1790847240,1249.284,1249.284,1249.284,1249.284,0.000,0.0,0
1790847300,1249.284,1249.284,1249.284,1249.284,0.000,0.0,0
1790847360,1249.284,1249.284,1249.284,1249.284,0.000,0.0,0
1790847420,1249.284,1249.284,1249.284,1249.284,0.000,0.0,0
1790847480,1247.123,1247.123,1247.123,1247.123,1247.123,0.40092277,2
1790847540,1247.123,1247.123,1247.123,1247.123,0.000,0.0,0
1790847600,1247.123,1247.123,1247.123,1247.123,0.000,0.0,0
1790847660,1247.858,1247.858,1246.735,1246.735,1247.161,3.52089247,7
1790847720,1246.735,1246.735,1246.735,1246.735,0.000,0.0,0
1790847780,1245.995,1245.995,1245.995,1245.995,1245.995,0.234219,2
1790847840,1245.995,1245.995,1245.995,1245.995,0.000,0.0,0
1790847900,1245.972,1245.972,1245.183,1245.183,1245.863,0.27160527,3
1790847960,1245.381,1245.381,1245.381,1245.381,1245.381,0.12264383,1
1790848020,1245.381,1245.381,1245.381,1245.381,0.000,0.0,0
1790848080,1245.229,1245.23,1245.229,1245.23,1245.229,0.31283,2
1790848140,1244.0,1244.0,1244.0,1244.0,1244.000,0.93,1
